exp_time,od_measured,Van,OC6 ,IPTG,FP1_emit1,FP3_emit1
0.19,-0.001776801,0,0,0,0.057919622,0.03031032
60.25,0.002830109,0,0,0,0.057788945,0.030728285
120.29,0.007104642,0,0,0,0.057692308,0.031796117
180.36,-0.000565618,0,0,0,0.057880677,0.030104394
240.4,0.003298865,0,0,0,0.057481481,0.030478955
300.46,-0.00303198,0,0,0,0.057743559,0.030347172
360.51,-0.003136472,0,0,0,0.05799466,0.030510129
420.57,0.002038817,0,0,0,0.058519285,0.030478955
480.61,-0.001768113,0,0,0,0.058204976,0.030895486
540.65,-0.002950544,0,0,0,0.057627119,0.030295744
600.7,-0.001850643,0,0,0,0.058005327,0.03048633
660.74,-0.000418648,0,0,0,0.058216654,0.030376085
720.81,0.004320997,0,0,0,0.058075957,0.03097024
780.86,0.004343183,0,0,0,0.058422301,0.030384054
840.91,4.17E-06,0,0,0,0.057934509,0.030214425
900.96,0.005365482,0,0,0,0.05837037,0.0306868
961.03,0.006936786,0,0,0,0.058431953,0.030810286
1021.1,0.003986118,0,0,0,0.058230849,0.030480371
1081.13,0.003266461,0,0,0,0.058449245,0.029995162
1141.19,-0.002321716,0,0,0,0.058058797,0.031219748
1201.27,-0.003675112,0,0,0,0.058457896,0.030493708
1261.31,0.000934062,0,0,0,0.057488208,0.030649477
1321.35,-0.004253743,0,0,0,0.058510638,0.030694275
1381.43,0.00269273,0,0,0,0.058588549,0.030221789
1441.5,0.00175983,0,0,0,0.058335801,0.030656934
1501.54,0.004346744,0,0,0,0.058232338,0.030237059
1561.61,0.003986727,0,0,0,0.058397398,0.030495243
1621.67,0.003322407,0,0,0,0.058274021,0.030691155
1681.71,-0.003214036,0,0,0,0.058710441,0.030361914
1741.78,-0.004430449,0,0,0,0.057712177,0.030273674
1801.84,0.001540899,0,0,0,0.058432935,0.030758053
1861.89,0.001783444,0,0,0,0.058110306,0.030855199
1921.95,0.004948585,0,0,0,0.058449245,0.030523256
1982.03,0.001457333,0,0,0,0.058380136,0.030932818
2042.08,0.005396601,0,0,0,0.058354262,0.030772959
2102.13,0.003184075,0,0,0,0.058189337,0.029958927
2162.16,0.005279247,0,0,0,0.058327165,0.030716724
2222.2,0.009209183,0,0,0,0.058562555,0.030560272
2282.28,0.005347573,0,0,0,0.058067376,0.029261156
2342.34,0.002641292,0,0,0,0.058161906,0.030347172
2402.39,0.007386017,0,0,0,0.058389855,0.030627127
2462.43,0.002919768,0,0,0,0.057919622,0.030111705
2522.47,0.008389684,0,0,0,0.057806032,0.030902945
2582.54,-0.00021653,0,0,0,0.058136095,0.030925344
2642.58,0.000806877,0,0,0,0.058492522,0.030739205
2702.65,0.001125626,0,0,0,0.058024509,0.031173892
2762.71,0.007711292,0,0,0,0.057788945,0.030369291
2822.77,0.007572144,0,0,0,0.058216654,0.030435841
2882.83,0.005491795,0,0,0,0.057433929,0.03020783
2942.89,0.00644257,0,0,0,0.058397398,0.030634573
3002.96,0.006466262,0,0,0,0.058293979,0.030627127
3062.99,0.001949776,0,0,0,0.058366329,0.030664395
3123.06,0.000997583,0,0,0,0.058110306,0.03030303
3183.11,0.005198864,0,0,0,0.05770366,0.030229157
3243.17,0.001763339,0,0,0,0.058075957,0.030694275
3303.23,0.032970976,0,0,0,0.057279236,0.031058939
3363.3,0.034999499,0,0,0,0.057651845,0.03107275
3423.36,0.023827673,0,0,0,0.057182901,0.030114485
3483.44,0.027572374,0,0,0,0.057255122,0.031678723
3543.49,0.024657993,0,0,0,0.057363254,0.030325628
3603.53,0.022818781,0,0,0,0.057418273,0.030700668
3663.6,0.021320097,0,0,0,0.056907159,0.030891878
3723.68,0.023582642,0,0,0,0.056846473,0.030784508
3783.75,0.028580372,0,0,0,0.057531962,0.03013834
3843.82,0.025533815,0,0,0,0.057138885,0.030830433
3903.89,0.027249503,0,0,0,0.057447107,0.031195841
3963.95,0.02897684,0,0,0,0.057317752,0.03034789
4024.01,0.032693992,0,0,0,0.057341684,0.031040477
4084.08,0.031462044,0,0,0,0.057027328,0.030416355
4144.15,0.035512872,0,0,0,0.057222222,0.030899576
4204.21,0.040097398,0,0,0,0.057541899,0.031172687
4264.28,0.034383704,0,0,0,0.057178458,0.030677882
4324.35,0.03380219,0,0,0,0.057250313,0.03042394
4384.41,0.039931202,0,0,0,0.057107128,0.029426434
4444.47,0.034990134,0,0,0,0.057506221,0.030994297
4504.51,0.041417573,0,0,0,0.056807187,0.029764882
4564.56,0.033956813,0,0,0,0.057444152,0.031552795
4624.63,0.03821409,0,0,0,0.056980452,0.028855721
4684.7,0.039875908,0,0,0,0.057356608,0.030318091
4744.77,0.038707823,0,0,0,0.057268119,0.030250434
4804.84,0.032177512,0,0,0,0.057344203,0.030167041
4864.91,0.036685252,0,0,0,0.056956763,0.030386052
4924.97,0.03778774,0,0,0,0.057032649,0.030280467
4985.04,0.036753043,0,0,0,0.057134971,0.029426434
5045.08,0.037773653,0,0,0,0.056357388,0.029485257
5105.16,0.037704436,0,0,0,0.057198121,0.030295443
5165.24,0.043841217,0,0,0,0.057330057,0.031203195
5225.31,0.036349252,0,0,0,0.057244591,0.030439122
5285.37,0.039375944,0,0,0,0.056774547,0.030422953
5345.45,0.041689996,0,0,0,0.056782334,0.029798858
5405.5,0.039235785,0,0,0,0.057205721,0.029463171
5465.55,0.037960734,0,0,0,0.056830601,0.03125
5525.63,0.050372571,0,0,0,0.056846133,0.030689909
5585.67,0.044841694,0,0,0,0.057288089,0.030543829
5645.72,0.040827912,0,0,0,0.056916131,0.031350284
5705.79,0.048688295,0,0,0,0.057170146,0.030597015
5765.86,0.052003475,0,0,0,0.056328423,0.030589406
5825.91,0.04576724,0,0,0,0.056897257,0.030830433
5885.95,0.050124284,0,0,0,0.056585894,0.031007752
5946,0.042241742,0,0,0,0.056527591,0.030408774
6006.06,0.047172707,0,0,0,0.056824361,0.030680968
6066.11,0.045011252,0,0,0,0.056790458,0.03072274
6126.18,0.047665287,0,0,0,0.05680425,0.030757689
6186.21,0.049157686,0,0,0,0.056453786,0.030561122
6246.29,0.051492112,0,0,0,0.056204181,0.030431529
6306.36,0.051253204,0,0,0,0.056988521,0.029404436
6366.4,0.051217969,0,0,0,0.057042444,0.030341023
6426.47,0.052403183,0,0,0,0.056902859,0.030105369
6486.55,0.056228237,0,0,0,0.056809025,0.030475719
6546.61,0.059083075,0,0,0,0.056845476,0.030265443
6606.64,0.063996798,0,0,0,0.056750941,0.031108881
6666.71,0.061496445,0,0,0,0.056601255,0.031132312
6726.78,0.061263589,0,0,0,0.056729997,0.030530531
6786.85,0.057982572,0,0,0,0.056860651,0.031358885
6846.92,0.060297512,0,0,0,0.056608812,0.030196276
6907,0.055891003,0,0,0,0.056633663,0.03072274
6967.05,0.056936657,0,0,0,0.056586271,0.030645566
7027.09,0.063071877,0,0,0,0.056416369,0.031054345
7087.14,0.06756264,0,0,0,0.056273063,0.029828109
7147.2,0.065100566,0,0,0,0.056300973,0.03021148
7207.27,0.061441787,0,0,0,0.056541749,0.030834796
7267.34,0.067293403,0,0,0,0.056197479,0.031
7327.38,0.069914909,0,0,0,0.056306892,0.030295443
7387.44,0.072151825,0,0,0,0.05613851,0.029932652
7447.49,0.068624648,0,0,0,0.056319581,0.031367629
7507.57,0.078844414,0,0,0,0.056283936,0.030463243
7567.65,0.076581437,0,0,0,0.05640284,0.030310685
7627.72,0.07451228,0,0,0,0.056680162,0.029967263
7687.78,0.078005658,0,0,0,0.056023146,0.03028786
7747.84,0.076955988,0,0,0,0.056251631,0.030295443
7807.87,0.077903497,0,0,0,0.055806743,0.031531532
7867.91,0.086841009,0,0,0,0.056056701,0.02938222
7927.95,0.082086838,0,0,0,0.05597305,0.030651341
7988.03,0.078302297,0,0,0,0.055880855,0.030487805
8048.09,0.081069524,0,0,0,0.055960437,0.030280091
8108.13,0.086870129,0,0,0,0.056151097,0.030699547
8168.19,0.083477278,0,0,0,0.055746468,0.030726955
8228.22,0.087819494,0,0,0,0.055421073,0.031116688
8288.26,0.094106589,0,0,0,0.05585883,0.03071066
8348.33,0.095694754,0,0,0,0.055856083,0.030990174
8408.41,0.102046157,0,0,0,0.055943169,0.03043368
8468.44,0.096991476,0,0,0,0.056196879,0.030218385
8528.5,0.092314027,0,0,0,0.055646895,0.03006569
8588.53,0.098131603,0,0,0,0.055583438,0.031939163
8648.57,0.106936348,0,0,0,0.055786425,0.030188679
8708.61,0.105271664,0,0,0,0.055562524,0.030140485
8768.69,0.099946934,0,0,0,0.05541061,0.030761473
8828.74,0.104434516,0,0,0,0.055618048,0.030493952
8888.81,0.106936397,0,0,0,0.055430712,0.031242062
8948.85,0.110197102,0,0,0,0.055075729,0.030495553
9008.91,0.109530496,0,0,0,0.055930087,0.030769231
9068.98,0.112025588,0,0,0,0.055693376,0.031558185
9129.03,0.11837795,0,0,0,0.055678195,0.030656195
9189.13,0.121902455,0,0,0,0.055066876,0.030702867
9249.19,0.11940717,0,0,0,0.054889741,0.031273269
9309.25,0.125501948,0,0,0,0.054972875,0.03092006
9369.33,0.128946937,0,0,0,0.055172414,0.029885057
9429.37,0.124594044,0,0,0,0.055222969,0.031005798
9489.44,0.130429759,0,0,0,0.054619338,0.031438632
9549.47,0.136773622,0,0,0,0.054799427,0.030410542
9609.54,0.130535731,0,0,0,0.054736345,0.031490015
9669.64,0.135145863,0,0,0,0.054674556,0.031329598
9729.69,0.141863371,0,0,0,0.05501885,0.031051158
9789.73,0.148392327,0,0,0,0.055048077,0.03161857
9849.77,0.143544212,0,0,0,0.054329969,0.031421446
9909.82,0.145938012,0,0,0,0.054632663,0.03129771
9969.89,0.157848053,0,0,0,0.055163336,0.031973817
10029.94,0.151175329,0,0,0,0.054673926,0.031952965
10089.99,0.157961322,0,0,0,0.054139409,0.031670823
10150.07,0.157327902,0,0,0,0.054339104,0.031123482
10210.15,0.166064195,0,0,0,0.054103413,0.031147953
10270.21,0.172654655,0,0,0,0.053466445,0.031761787
10330.25,0.173188908,0,0,0,0.05413041,0.031714569
10390.29,0.180178949,0,0,0,0.054589428,0.031161473
10450.36,0.182731537,0,0,0,0.054227205,0.031336174
10510.43,0.195965421,0,0,0,0.054379644,0.031076301
10570.47,0.189189039,0,0,0,0.054414089,0.031635802
10630.51,0.197992836,0,0,0,0.054898841,0.031615634
10690.57,0.190823017,0,0,0,0.053561689,0.031547321
10750.64,0.20139292,0,0,0,0.053579129,0.030858003
10810.68,0.20099396,0,0,0,0.053482855,0.031202818
10870.75,0.20906755,0,0,0,0.053485125,0.031888391
10930.82,0.211361396,0,0,0,0.053579129,0.031715052
10990.9,0.216876835,0,0,0,0.054138354,0.031318816
11050.94,0.216236029,0,0,0,0.053418803,0.030682376
11111.01,0.226000262,0,0,0,0.053161372,0.031374502
11171.08,0.224263433,0,0,0,0.052653486,0.032312515
11231.11,0.231728574,0,0,0,0.053310768,0.031273269
11291.18,0.235214192,0,0,0,0.052718627,0.031029263
11351.22,0.234365328,0,0,0,0.054122021,0.031451213
11411.27,0.24174632,0,0,0,0.053300021,0.031734133
11471.33,0.239762807,0,0,0,0.053899946,0.031715976
11531.39,0.240865183,0,0,0,0.052857581,0.031392284
11591.44,0.25311734,0,0,0,0.05338703,0.030691155
11651.48,0.254717153,0,0,0,0.053428779,0.031584062
11711.53,0.263216193,0,0,0,0.052909516,0.030817763
11771.57,0.258123767,0,0,0,0.053619581,0.031120836
11831.62,0.27267784,0,0,0,0.053067826,0.032250415
11891.68,0.290182862,0,0,0,0.052531137,0.031486742
11951.77,0.284426658,0,0,0,0.052438541,0.031363088
12011.84,0.276367056,0,0,0,0.052579365,0.031119824
12071.89,0.286930576,0,0,0,0.052564729,0.031355523
12131.95,0.294561086,0,0,0,0.052961391,0.031061883
12192,0.29298565,0,0,0,0.052424897,0.031949627
12252.07,0.297576869,0,0,0,0.052007213,0.031528279
12312.14,0.298469918,0,0,0,0.052081353,0.031919962
12372.2,0.304315513,0,0,0,0.052253999,0.031670084
12432.24,0.309114975,0,0,0,0.052098001,0.032119914
12492.3,0.324452816,0,0,0,0.0507266,0.031353135
12552.37,0.316472129,0,0,0,0.052146951,0.031293143
12612.43,0.329618203,0,0,0,0.051628423,0.031156243
12672.46,0.333462212,0,0,0,0.052449568,0.030952961
12732.54,0.343895515,0,0,0,0.051703554,0.032102729
12792.58,0.337177541,0,0,0,0.051302785,0.031994704
12852.65,0.3491134,0,0,0,0.050959338,0.031710079
12912.7,0.347205906,0,0,0,0.052114243,0.031802912
12972.78,0.357739239,0,0,0,0.051551957,0.032103825
13032.81,0.354802785,0,0,0,0.051664544,0.03197478
13092.89,0.365307275,0,0,0,0.051201672,0.03130713
13152.95,0.376317849,0,0,0,0.051079659,0.031478608
13212.99,0.376274136,0,0,0,0.050704965,0.032307692
13273.04,0.373931661,0,0,0,0.051038213,0.032416723
13333.08,0.377152257,0,0,0,0.050785251,0.03214671
13393.15,0.385493798,0,0,0,0.050058207,0.032606438
13453.19,0.395569918,0,0,0,0.051167964,0.031759843
13513.23,0.403651812,0,0,0,0.050510925,0.031243172
13573.3,0.392557194,0,0,0,0.050736913,0.032210526
13633.37,0.400002677,0,0,0,0.051264167,0.032368703
13693.45,0.418393982,0,0,0,0.050257518,0.032501076
13753.51,0.430098106,0,0,0,0.050834403,0.032380527
13813.55,0.429916692,0,0,0,0.050248797,0.03171521
13873.63,0.424692827,0,0,0,0.050378449,0.032176656
13933.67,0.436975722,0,0,0,0.050642416,0.032922685
13993.71,0.442290317,0,0,0,0.05051172,0.032712133
14053.77,0.446956562,0,0,0,0.050258039,0.032765957
14113.86,0.449447862,0,0,0,0.050890377,0.032773284
14173.9,0.457337607,0,0,0,0.050523072,0.032683847
14233.95,0.476317062,0,0,0,0.049886798,0.032399666
14293.99,0.491871694,0,0,0,0.050230488,0.030856679
14354.03,0.485104311,0,0,0,0.049559301,0.032660903
14414.08,0.494969426,0,0,0,0.050366009,0.032580452
14474.14,0.499096479,0,0,0,0.049329035,0.032327167
14534.21,0.487160482,0,0,0,0.049864078,0.03235807
14594.28,0.514010966,0,0,0,0.049980952,0.032359905
14654.35,0.527471623,0,0,0,0.048997773,0.032770801
14714.4,0.516676645,0,0,0,0.048929884,0.032060162
14774.46,0.532103953,0,0,0,0.049603175,0.032415215
14834.51,0.543624236,0,0,0,0.048549724,0.032206406
14894.57,0.562319138,0,0,0,0.049981096,0.032486388
14954.64,0.542363512,0,0,0,0.049604338,0.032713755
15014.68,0.480655834,0,0,0,0.049381774,0.032182563
15074.73,0.457695207,0,0,0,0.050024166,0.031652247
15134.77,0.457661794,0,0,0,0.049948871,0.03196347
15194.81,0.462760377,0,0,0,0.049995987,0.032931554
15254.89,0.472118421,0,0,0,0.050007925,0.032443532
15314.92,0.476326395,0,0,0,0.049507202,0.032563891
15374.95,0.484927839,0,0,0,0.050180053,0.031894934
15435.02,0.502021117,0,0,0,0.05,0.03266129
15495.09,0.49354132,0,0,0,0.048865874,0.032052558
15555.15,0.519900757,0,0,0,0.050003841,0.032264372
15615.22,0.515936626,0,0,0,0.049562027,0.032026398
15675.28,0.541177583,0,0,0,0.048984381,0.032086614
15735.35,0.531893256,0,0,0,0.04961321,0.032122905
15795.4,0.540128827,0,0,0,0.048878377,0.032669631
15855.46,0.546635641,0,0,0,0.049309665,0.032313907
15915.53,0.53455675,0,0,0,0.049728406,0.031947652
15975.58,0.483889148,0,0,0,0.049915329,0.032359905
16035.63,0.448934221,0,0,0,0.049903877,0.032182935
16095.66,0.451979627,0,0,0,0.049452269,0.031939483
16155.7,0.452221854,0,0,0,0.04992375,0.032044656
16215.74,0.470936109,0,0,0,0.049536568,0.032048682
16275.79,0.47948595,0,0,0,0.049379898,0.031953376
16335.84,0.487722319,0,0,0,0.050691999,0.032747604
16395.88,0.488808392,0,0,0,0.049356708,0.03165183
16455.98,0.510058194,0,0,0,0.049098121,0.032493751
16516.03,0.506072747,0,0,0,0.049018876,0.032304232
16576.09,0.509300908,0,0,0,0.048922117,0.032264489
16636.13,0.517072276,0,0,0,0.049229125,0.032391863
16696.19,0.518132442,0,0,0,0.048372355,0.032107414
16756.27,0.542094228,0,0,0,0.049346331,0.032579009
16816.33,0.537433873,0,0,0,0.049017443,0.032759266
16876.4,0.550080705,0,0,0,0.049201647,0.032103956
16936.47,0.567345573,0,0,0,0.049087943,0.032395409
16996.52,0.507115373,0,0,0,0.048698029,0.032124742
17056.59,0.476120008,0,0,0,0.049436119,0.032947284
17116.63,0.452267807,0,0,0,0.049813002,0.031746032
17176.69,0.444556455,0,0,0,0.049042504,0.032310178
17236.73,0.461531161,0,0,0,0.049305664,0.032337796
17296.78,0.46922893,0,0,0,0.049140813,0.031940538
17356.86,0.477117087,0,0,0,0.048982668,0.031944151
17416.93,0.494669207,0,0,0,0.049227202,0.03250591
17476.97,0.499419072,0,0,0,0.049563145,0.032116497
17537.04,0.507122341,0,0,0,0.049585508,0.032439782
17597.09,0.510016764,0,0,0,0.048582695,0.032283465
17657.13,0.517665128,0,0,0,0.048818202,0.032281867
17717.17,0.519303123,0,0,0,0.048024402,0.0327677
17777.21,0.513615459,0,0,0,0.049366044,0.032232858
17837.29,0.543248015,0,0,0,0.048946001,0.032320872
17897.36,0.542664612,0,0,0,0.049229165,0.032276438
17957.39,0.506394486,0,0,0,0.048132959,0.032088572
18017.43,0.462999508,0,0,0,0.049433902,0.032819296
18077.48,0.444924958,0,0,0,0.049826934,0.031102926
18137.53,0.441433943,0,0,0,0.049311382,0.031723581
18197.58,0.460061104,0,0,0,0.049708549,0.031301483
18257.63,0.450986847,0,0,0,0.048366113,0.031628104
18317.67,0.459073925,0,0,0,0.049317269,0.03256666
18377.71,0.47529817,0,0,0,0.04885663,0.032803586
18437.78,0.492991247,0,0,0,0.049471064,0.032133676
18497.83,0.504653596,0,0,0,0.049170205,0.031703274
18557.89,0.499572565,0,0,0,0.048728328,0.03199839
18617.97,0.513436207,0,0,0,0.049229125,0.032360532
18678.05,0.515473056,0,0,0,0.048152296,0.032612967
18738.09,0.517333727,0,0,0,0.048310258,0.03187251
18798.16,0.518916572,0,0,0,0.049128842,0.031860226
18858.21,0.544150009,0,0,0,0.048280328,0.031806134
18918.29,0.536311601,0,0,0,0.0483766,0.032796429
18978.36,0.548233905,0,0,0,0.049116209,0.03226426
19038.42,0.543376307,0,0,0,0.048060826,0.032324751
19098.49,0.527850466,0,0,0,0.048832596,0.032647004
19158.55,0.478159606,0,0,0,0.049630581,0.032374867
19218.61,0.4255274,0,0,0,0.048723354,0.031654982
19278.66,0.433924286,0,0,0,0.049167136,0.032217309
19338.71,0.442074106,0,0,0,0.048713524,0.032711218
19398.77,0.463347676,0,0,0,0.049329889,0.031863262
19458.82,0.462922743,0,0,0,0.049090629,0.031732232
19518.86,0.475986858,0,0,0,0.048677249,0.032063294
19578.93,0.501374144,0,0,0,0.048761788,0.032349949
19638.99,0.474991993,0,0,0,0.048431358,0.032634972
19699.05,0.494218267,0,0,0,0.048069231,0.03252359
19759.1,0.501808006,0,0,0,0.048826935,0.033052761
19819.16,0.495826694,0,0,0,0.047943715,0.032283311
19879.23,0.512618168,0,0,0,0.048694889,0.032187125
19939.27,0.510839005,0,0,0,0.048321759,0.031746032
19999.35,0.514800256,0,0,0,0.048613182,0.03307393
20059.39,0.526363979,0,0,0,0.047496791,0.032381682
20119.47,0.535031528,0,0,0,0.048591858,0.032485323
20179.51,0.535356904,0,0,0,0.04787828,0.032774811
20239.59,0.529245033,0,0,0,0.048475144,0.032167571
20299.64,0.534368007,0,0,0,0.047755688,0.032739701
20359.68,0.543062033,0,0,0,0.048252228,0.03237618
20419.75,0.560955851,0,0,0,0.047136038,0.032724643
20479.79,0.505399457,0,0,0,0.048702777,0.032283938
20539.84,0.484509546,0,0,0,0.048581774,0.032942603
20599.9,0.457692707,0,0,0,0.049185538,0.032479322
20659.94,0.455545066,0,0,0,0.049176433,0.032139202
20720.01,0.46807719,0,0,0,0.048479374,0.032271497
20780.05,0.493957124,0,0,0,0.048773145,0.031547017
20840.15,0.507573504,0,0,0,0.048541527,0.031787811
20900.2,0.485715945,0,0,0,0.048241133,0.031912745
20960.25,0.497929085,0,0,0,0.048338145,0.032208881
21020.28,0.506407022,0,0,0,0.048503305,0.032692689
21080.34,0.506277911,0,0,0,0.048395351,0.032640373
21140.38,0.515153182,0,0,0,0.048137536,0.032172092
21200.45,0.531209259,0,0,0,0.048275862,0.032439782
21260.49,0.535135748,0,0,0,0.048002259,0.032855778
21320.55,0.546908155,0,0,0,0.048439822,0.032553789
21380.59,0.547186672,0,0,0,0.04756114,0.0321955
21440.64,0.508324059,0,0,0,0.048728345,0.032821907
21500.68,0.461510286,0,0,0,0.049141185,0.031628671
21560.73,0.438557795,0,0,0,0.0496228,0.032927852
21620.76,0.427195149,0,0,0,0.04912501,0.031686471
21680.81,0.445156268,0,0,0,0.049222589,0.031686471
21740.89,0.447895985,0,0,0,0.048306333,0.032136106
21800.96,0.462662577,0,0,0,0.048579285,0.032114724
21861.03,0.465438353,0,0,0,0.048824879,0.032394366
21921.11,0.467144076,0,0,0,0.048847715,0.032173209
21981.17,0.473714838,0,0,0,0.048365327,0.032205128
22041.24,0.484238349,0,0,0,0.04807196,0.032044863
22101.29,0.482561929,0,0,0,0.049143125,0.032012805
22161.35,0.485531207,0,0,0,0.047761407,0.032197366
22221.39,0.507078923,0,0,0,0.04797075,0.031906615
22281.44,0.511603276,0,0,0,0.048237342,0.032691536
22341.48,0.515123266,0,0,0,0.047929809,0.032153032
22401.52,0.522530607,0,0,0,0.048339483,0.032574568
22461.59,0.519853215,0,0,0,0.047997708,0.03294347
22521.66,0.540816397,0,0,0,0.047635976,0.032722513
22581.72,0.539607767,0,0,0,0.047658921,0.032038835
22641.77,0.556878868,0,0,0,0.04771713,0.03246151
22701.83,0.540185544,0,0,0,0.047225581,0.032281867
22761.89,0.495549046,0,0,0,0.048944701,0.031833778
22821.96,0.472401729,0,0,0,0.049498544,0.031965272
22882.01,0.44418576,0,0,0,0.049210547,0.031762726
22942.11,0.43669032,0,0,0,0.048219303,0.032038032
23002.18,0.448369814,0,0,0,0.04923882,0.032651374
23062.26,0.467902519,0,0,0,0.048489604,0.031893419
23122.32,0.456437404,0,0,0,0.048417842,0.032540167
23182.36,0.465189952,0,0,0,0.049006413,0.032231742
23242.43,0.479387032,0,0,0,0.048210699,0.032873377
23302.47,0.490116252,0,0,0,0.048372581,0.032661842
23362.53,0.489238907,0,0,0,0.048595699,0.03188929
23422.6,0.502557126,0,0,0,0.048581797,0.032465008
23482.65,0.486823557,0,0,0,0.048601663,0.032906065
23542.71,0.512355721,0,0,0,0.048342246,0.032568177
23602.77,0.517961997,0,0,0,0.047801285,0.032215274
23662.82,0.515122175,0,0,0,0.049167574,0.032614808
23722.9,0.532200954,0,0,0,0.047972305,0.031763827
23782.96,0.529591565,0,0,0,0.04822462,0.032623297
23843.03,0.54909814,0,0,0,0.047656084,0.032188841
23903.11,0.553895019,0,0,0,0.047812818,0.033004552
23963.18,0.50031046,0,0,0,0.048116071,0.031877214
24023.24,0.457558972,0,0,0,0.047885305,0.032409295
24083.29,0.440501226,0,0,0,0.04876161,0.031906461
24143.35,0.444922625,0,0,0,0.049447401,0.032722782
24203.42,0.467709043,0,0,0,0.04785113,0.032072368
24263.49,0.4894001,0,0,0,0.048572516,0.032382109
24323.52,0.479569337,0,0,0,0.048471751,0.032565226
24383.57,0.500665392,0,0,0,0.049040842,0.0328125
24443.63,0.487453543,0,0,0,0.048716767,0.031849735
24503.67,0.51258717,0,0,0,0.048911353,0.032506251
24563.72,0.527241565,0,0,0,0.049021119,0.032475248
24623.75,0.508424415,0,0,0,0.048381038,0.032592025
24683.81,0.525929503,0,0,0,0.048230345,0.032419915
24743.88,0.52998916,0,0,0,0.048238013,0.031360947
24803.92,0.522868819,0,0,0,0.04779023,0.032517286
24863.95,0.53886762,0,0,0,0.047853373,0.03222819
24924.04,0.536518268,0,0,0,0.047472678,0.032170543
24984.09,0.555793716,0,0,0,0.047852933,0.03257329
25044.16,0.565500662,0,0,0,0.04726471,0.032858708
25104.2,0.526778383,0,0,0,0.04810506,0.032608696
25164.26,0.488239614,0,0,0,0.047297767,0.032526936
25224.36,0.46745675,0,0,0,0.048693495,0.032350532
25284.41,0.425463145,0,0,0,0.049631287,0.032595326
25344.44,0.425163478,0,0,0,0.049462718,0.032114724
25404.49,0.421185221,0,0,0,0.048528612,0.031951641
25464.53,0.437132725,0,0,0,0.048359375,0.032091918
25524.59,0.443406467,0,0,0,0.048480243,0.031910569
25584.65,0.455139825,0,0,0,0.048886776,0.031191124
25644.7,0.45316439,0,0,0,0.04838222,0.031946827
25704.76,0.466581965,0,0,0,0.048483916,0.031609797
25764.83,0.477001619,0,0,0,0.048474372,0.032508975
25824.9,0.489082005,0,0,0,0.048377358,0.03178387
25884.96,0.486642765,0,0,0,0.048955362,0.032579009
25945,0.492892445,0,0,0,0.048416722,0.03199839
26005.04,0.506518532,0,0,0,0.047692421,0.031510107
26065.12,0.517469161,0,0,0,0.047556143,0.032494759
26125.17,0.522086737,0,0,0,0.04857908,0.032276547
26185.21,0.539684163,0,0,0,0.048299729,0.032598274
26245.27,0.524294935,0,0,0,0.048276371,0.031885651
26305.34,0.555589825,0,0,0,0.047751636,0.03213466
26365.41,0.545244644,0,0,0,0.048283339,0.03236246
26425.46,0.530058734,0,0,0,0.049015794,0.032169478
26485.52,0.476387174,0,0,0,0.048361341,0.03271862
26545.59,0.4293641,0,0,0,0.049283298,0.032311516
26605.65,0.440817796,0,0,0,0.049031526,0.03161157
26665.69,0.443968475,0,0,0,0.049053959,0.031445231
26725.77,0.462315279,0,0,0,0.048531873,0.032776618
26785.82,0.460946767,0,0,0,0.048218839,0.031990029
26845.88,0.470603266,0,0,0,0.048737022,0.032148562
26905.94,0.475903834,0,0,0,0.048043365,0.032277346
26965.99,0.483809311,0,0,0,0.048276388,0.032182104
27026.03,0.499434893,0,0,0,0.048654709,0.032655456
27086.08,0.503420942,0,0,0,0.047666978,0.032999411
27146.12,0.501481386,0,0,0,0.048132658,0.031632059
27206.19,0.521875973,0,0,0,0.048033004,0.032361167
27266.25,0.537314348,0,0,0,0.047548605,0.031908607
27326.32,0.536863982,0,0,0,0.047945705,0.032277111
27386.39,0.539293725,0,0,0,0.048813559,0.032509753
27446.43,0.561630835,0,0,0,0.047672305,0.032402018
27506.5,0.555924959,0,0,0,0.048243353,0.032479584
27566.56,0.547479903,0,0,0,0.048564285,0.03229618
27626.6,0.487220725,0,0,0,0.048745247,0.03173039
27686.66,0.445260208,0,0,0,0.048631265,0.032154341
27746.76,0.439149826,0,0,0,0.04848162,0.032292106
27806.84,0.45276087,0,0,0,0.048334223,0.031638895
27866.91,0.456575576,0,0,0,0.04789097,0.032657201
27926.98,0.47540999,0,0,0,0.048354143,0.032085561
27987.04,0.480941474,0,0,0,0.048410241,0.032639739
28047.1,0.488484901,0,0,0,0.049014385,0.031996916
28107.17,0.503580092,0,0,0,0.0480253,0.031897927
28167.24,0.499522221,0,0,0,0.048296079,0.031968032
28227.31,0.512936761,0,0,0,0.048572744,0.031640625
28287.36,0.518950335,0,0,0,0.048123266,0.032270531
28347.44,0.521667329,0,0,0,0.047889726,0.032860344
28407.51,0.532139483,0,0,0,0.048205793,0.031941032
28467.56,0.537010941,0,0,0,0.048383533,0.032565226
28527.62,0.556134651,5.5,0,0,0.04852737,0.032330827
28587.7,0.563816829,5.5,0,0,0.048323327,0.032564198
28647.74,0.496223788,5.5,0,0,0.048149241,0.032840407
28707.8,0.462848072,5.5,0,0,0.049012776,0.032783505
28767.86,0.423813783,5.5,0,0,0.048875777,0.032236842
28827.93,0.438467638,5.5,0,0,0.049164289,0.031980591
28887.99,0.439022102,5.5,0,0,0.048963044,0.032479322
28948.06,0.460023611,5.5,0,0,0.048888889,0.031762088
29008.11,0.461632526,5.5,0,0,0.048834713,0.032137958
29068.17,0.46069662,5.5,0,0,0.04855784,0.032344458
29128.22,0.469966058,5.5,0,0,0.048577377,0.032982598
29188.28,0.479033653,5.5,0,0,0.048226206,0.031771894
29248.33,0.485995696,5.5,0,0,0.04853779,0.033246545
29308.38,0.495138914,5.5,0,0,0.048808345,0.032121212
29368.42,0.495451229,5.5,0,0,0.048168151,0.032163169
29428.47,0.50835552,5.5,0,0,0.048417954,0.032410136
29488.51,0.508591195,5.5,0,0,0.048214675,0.031831832
29548.55,0.518999272,5.5,0,0,0.048036883,0.032125367
29608.63,0.520873646,5.5,0,0,0.048122494,0.032041443
29668.68,0.525216737,5.5,0,0,0.047543253,0.031878173
29728.76,0.556135839,5.5,0,0,0.048012897,0.032115172
29788.83,0.553600231,5.5,0,0,0.048081627,0.032520325
29848.89,0.506248856,5.5,0,0,0.048425608,0.032422587
29908.94,0.466921373,5.5,0,0,0.049043342,0.031930641
29968.98,0.428665783,5.5,0,0,0.049378783,0.032442748
30029.04,0.430729342,5.5,0,0,0.049109638,0.032251352
30089.07,0.441048193,5.5,0,0,0.04911859,0.032374101
30149.14,0.451068694,5.5,0,0,0.049007347,0.031295946
30209.18,0.454766662,5.5,0,0,0.048881397,0.031565657
30269.23,0.464272243,5.5,0,0,0.04843958,0.031962541
30329.29,0.461426013,5.5,0,0,0.049859719,0.032218845
30389.35,0.490084078,5.5,0,0,0.049129594,0.032429125
30449.4,0.498502539,5.5,0,0,0.049115177,0.032035685
30509.44,0.493022596,5.5,0,0,0.049103781,0.031819091
30569.49,0.502426985,5.5,0,0,0.049057444,0.031809946
30629.53,0.508880638,5.5,0,0,0.048678015,0.032924962
30689.57,0.517081265,5.5,0,0,0.048446851,0.032380952
30749.65,0.528258694,5.5,0,0,0.049244125,0.032337368
30809.73,0.533054441,5.5,0,0,0.048331256,0.032284264
30869.82,0.538565715,5.5,0,0,0.048605691,0.03230682
30929.89,0.544840571,5.5,0,0,0.049280576,0.032825967
30989.97,0.55970996,5.5,0,0,0.048679695,0.032163169
31050.02,0.515130135,5.5,0,0,0.049582502,0.032587736
31110.09,0.457353515,5.5,0,0,0.050205074,0.032128514
31170.13,0.445393645,5.5,0,0,0.050464494,0.032414229
31230.16,0.447511273,5.5,0,0,0.050928509,0.032094595
31290.2,0.456355574,5.5,0,0,0.051167964,0.032230523
31350.24,0.457607376,5.5,0,0,0.050576135,0.031217043
31410.29,0.465746773,5.5,0,0,0.050330339,0.0325929
31470.35,0.48128174,5.5,0,0,0.051049218,0.031574574
31530.42,0.480506164,5.5,0,0,0.051076084,0.032317826
31590.48,0.487432779,5.5,0,0,0.05067008,0.033450341
31650.53,0.490106064,5.5,0,0,0.05154874,0.032004831
31710.63,0.500019434,5.5,0,0,0.050793651,0.03201772
31770.67,0.518697777,5.5,0,0,0.051574657,0.033013205
31830.75,0.51903084,5.5,0,0,0.050598241,0.031715336
31890.8,0.524687854,5.5,0,0,0.050964584,0.032468818
31950.88,0.523481331,5.5,0,0,0.051212144,0.0315618
32010.95,0.550049982,5.5,0,0,0.050997297,0.032354109
32071.02,0.542524669,5.5,0,0,0.050843806,0.032759578
32131.08,0.488783769,5.5,0,0,0.050904074,0.032238806
32191.12,0.461534938,5.5,0,0,0.052702703,0.032169891
32251.16,0.437313017,5.5,0,0,0.052880448,0.031426776
32311.21,0.445614432,5.5,0,0,0.053837615,0.031155344
32371.25,0.453965508,5.5,0,0,0.053415864,0.032312211
32431.3,0.446669993,5.5,0,0,0.053297339,0.031798472
32491.34,0.454918003,5.5,0,0,0.053136086,0.031450445
32551.38,0.46111746,5.5,0,0,0.05436177,0.031733116
32611.44,0.469776701,5.5,0,0,0.052504216,0.031333197
32671.48,0.489936995,5.5,0,0,0.053339276,0.032172674
32731.53,0.501211198,5.5,0,0,0.053558164,0.031192661
32791.59,0.498862158,5.5,0,0,0.053198554,0.032602368
32851.63,0.522110831,5.5,0,0,0.054230594,0.03241201
32911.7,0.51164661,5.5,0,0,0.0544,0.032097289
32971.76,0.51012347,5.5,0,0,0.053390322,0.032433482
33031.83,0.516879472,5.5,0,0,0.053952321,0.032568896
33091.89,0.527013712,5.5,0,0,0.053926138,0.032060162
33151.95,0.550457076,5.5,0,0,0.05489171,0.032125367
33212.02,0.545550547,5.5,0,0,0.053230877,0.032651529
33272.08,0.48148614,5.5,0,0,0.053446156,0.032218092
33332.15,0.468506896,5.5,0,0,0.055958031,0.032365838
33392.19,0.423410613,5.5,0,0,0.054982539,0.032665505
33452.23,0.421022322,5.5,0,0,0.055518891,0.032487948
33512.3,0.436718042,5.5,0,0,0.05388713,0.032237937
33572.37,0.456034012,5.5,0,0,0.055321562,0.032331137
33632.43,0.469914047,5.5,0,0,0.054230914,0.031475968
33692.47,0.469466516,5.5,0,0,0.054317763,0.031968241
33752.51,0.469977838,5.5,0,0,0.054648526,0.031547619
33812.56,0.481753,5.5,0,0,0.055003467,0.032800498
33872.64,0.480779202,5.5,0,0,0.055238829,0.032283621
33932.73,0.486740083,5.5,0,0,0.055288088,0.03199676
33992.77,0.489501166,5.5,0,0,0.054849798,0.031793641
34052.81,0.504662861,5.5,0,0,0.054554663,0.032162589
34112.89,0.50524793,5.5,0,0,0.054893122,0.031637966
34172.97,0.520931898,5.5,0,0,0.055485027,0.032122064
34233.05,0.522727829,5.5,0,0,0.055225653,0.032625483
34293.12,0.524706546,5.5,0,0,0.055233853,0.031692246
34353.18,0.546389334,5.5,0,0,0.054821758,0.03149456
34413.24,0.544019683,5.5,0,0,0.054581448,0.031635495
34473.31,0.521332277,5.5,0,0,0.05460455,0.032410136
34533.37,0.475531974,5.5,0,0,0.055874715,0.032159577
34593.43,0.431361995,5.5,0,0,0.056875266,0.032244981
34653.49,0.431173663,5.5,0,0,0.055222468,0.032642168
34713.52,0.444468176,5.5,0,0,0.055564263,0.032210835
34773.59,0.458023524,5.5,0,0,0.05556419,0.032462057
34833.66,0.466853169,5.5,0,0,0.055352277,0.032951289
34893.71,0.47566793,5.5,0,0,0.055390022,0.031598513
34953.76,0.479089491,5.5,0,0,0.055759574,0.031365314
35013.8,0.497986976,5.5,0,0,0.056231705,0.032080098
35073.88,0.49463298,5.5,0,0,0.055856515,0.0317825
35133.95,0.512929982,5.5,0,0,0.057216967,0.032158951
35194.02,0.513475517,5.5,0,0,0.056640921,0.031670462
35254.09,0.531001748,5.5,0,0,0.056526893,0.032264489
35314.14,0.526913483,5.5,0,0,0.05646164,0.032402889
35374.19,0.532652826,5.5,0,0,0.055894021,0.031754979
35434.23,0.555125298,5.5,0,0,0.055824207,0.03170638
35494.28,0.556477124,5.5,0,0,0.056199945,0.031749162
35554.35,0.513627233,5.5,0,0,0.057935627,0.032374824
35614.39,0.472427922,5.5,0,0,0.058560296,0.031554426
35674.43,0.426976306,5.5,0,0,0.059970263,0.031722689
35734.47,0.438986973,5.5,0,0,0.059933855,0.032570604
35794.52,0.435365808,5.5,0,0,0.060563612,0.032483104
35854.59,0.442458535,5.5,0,0,0.060015962,0.031454507
35914.63,0.465979131,5.5,0,0,0.06015873,0.031620553
35974.67,0.45968736,5.5,0,0,0.060368664,0.03161157
36034.71,0.45680458,5.5,0,0,0.059355988,0.032077503
36094.76,0.472800886,5.5,0,0,0.060442941,0.032186235
36154.87,0.483250343,5.5,0,0,0.059582627,0.031300813
36214.95,0.493074856,5.5,0,0,0.061180625,0.033037374
36275.01,0.490599661,5.5,0,0,0.061813618,0.031153291
36335.09,0.504217334,5.5,0,0,0.060076662,0.032892098
36395.14,0.509555821,5.5,0,0,0.061589712,0.032714055
36455.21,0.514744916,5.5,0,0,0.061540732,0.032214244
36515.25,0.52238661,5.5,0,0,0.060413813,0.032738679
36575.31,0.522789993,5.5,0,0,0.062533283,0.032264489
36635.36,0.537067537,5.5,0,0,0.060415175,0.032621359
36695.42,0.535665087,5.5,0,0,0.06131017,0.03248446
36755.47,0.548137606,5.5,0,0,0.060912628,0.032826862
36815.55,0.558266094,5.5,0,0,0.0592888,0.032764371
36875.62,0.502588074,5.5,0,0,0.061700356,0.033071184
36935.66,0.471680034,5.5,0,0,0.06228428,0.031275386
36995.7,0.413444675,5.5,0,0,0.062649018,0.032450897
37055.74,0.431367658,5.5,0,0,0.061252749,0.031953678
37115.81,0.439357128,5.5,0,0,0.060362653,0.032264867
37175.89,0.434234994,5.5,0,0,0.059640646,0.03173913
37235.95,0.442332115,5.5,0,0,0.060800752,0.031458737
37296.01,0.449666512,5.5,0,0,0.060421798,0.031713763
37356.08,0.452925315,5.5,0,0,0.059446733,0.031461149
37416.16,0.46098357,5.5,0,0,0.061694436,0.032278217
37476.24,0.473345281,5.5,0,0,0.060837688,0.032217573
37536.28,0.484761046,5.5,0,0,0.060186237,0.032461145
37596.35,0.500735515,5.5,0,0,0.060841827,0.031359604
37656.42,0.490481994,5.5,0,0,0.060882218,0.031635168
37716.48,0.51031388,5.5,0,0,0.060292786,0.032245379
37776.52,0.529286215,5.5,0,0,0.061063642,0.031901585
37836.56,0.524137601,5.5,0,0,0.061103905,0.032459677
37896.64,0.511616161,5.5,0,0,0.06166716,0.032758621
37956.69,0.534915682,5.5,0,0,0.061940299,0.032094251
38016.77,0.536072582,5.5,0,0,0.061583578,0.032164309
38076.84,0.558153679,5.5,0,0,0.060578849,0.031641791
38136.94,0.562435575,5.5,0,0,0.061188189,0.032184778
38197,0.498932036,5.5,0,0,0.061807363,0.032128514
38257.07,0.467490301,5.5,0,0,0.062811486,0.031536331
38317.14,0.430245557,5.5,0,0,0.062273715,0.032319796
38377.18,0.428140299,5.5,0,0,0.061336081,0.031976744
38437.25,0.441156563,5.5,0,0,0.062580128,0.032804012
38497.29,0.439847527,5.5,0,0,0.061874855,0.032445923
38557.33,0.448309014,5.5,0,0,0.062126924,0.032285837
38617.4,0.451070676,5.5,0,0,0.062825965,0.032930388
38677.44,0.456345001,5.5,0,0,0.062221197,0.031953376
38737.49,0.468852313,5.5,0,0,0.06111444,0.031237643
38797.53,0.470343324,5.5,0,0,0.062817805,0.031414674
38857.61,0.482377013,5.5,0,0,0.06169169,0.032141422
38917.67,0.491037832,5.5,0,0,0.063358901,0.031839383
38977.73,0.496309878,5.5,0,0,0.061619849,0.031469232
39037.81,0.498815235,5.5,0,0,0.061879354,0.0320539
39097.88,0.502396856,5.5,0,0,0.060721746,0.032055064
39157.96,0.506803398,5.5,0,0,0.060859615,0.032405642
39218.01,0.518407247,5.5,0,0,0.061867761,0.032763819
39278.04,0.522184111,5.5,0,0,0.060762538,0.032416503
39338.07,0.536629588,5.5,0,0,0.061549761,0.031979083
39398.11,0.562126248,5.5,0,0,0.06068917,0.032477635
39458.16,0.56100426,5.5,0,0,0.061428369,0.031919275
39518.21,0.511036658,5.5,0,0,0.061300718,0.032067677
39578.27,0.452909106,5.5,0,0,0.063336726,0.032264912
39638.33,0.42232531,5.5,0,0,0.063963312,0.031525851
39698.39,0.435764991,5.5,0,0,0.062728972,0.032015066
39758.46,0.440319733,5.5,0,0,0.064196365,0.032169312
39818.51,0.453906005,5.5,0,0,0.064157399,0.033119229
39878.57,0.465192508,5.5,0,0,0.06391407,0.031511254
39938.64,0.455077405,5.5,0,0,0.065169074,0.031592249
39998.7,0.476521431,5.5,0,0,0.064114047,0.031481853
40058.76,0.487132078,5.5,0,0,0.06448737,0.032224315
40118.83,0.489470315,5.5,0,0,0.066302592,0.031696706
40178.9,0.510080436,5.5,0,0,0.064987632,0.031888798
40239.07,0.497201284,5.5,0,0,0.064070261,0.032128514
40299.12,0.528159953,5.5,0,0,0.06548833,0.032081377
40359.19,0.510396318,5.5,0,0,0.064586995,0.03189854
40419.26,0.527122643,5.5,0,0,0.064626345,0.032748077
40479.31,0.532410754,5.5,0,0,0.065421251,0.032076205
40539.38,0.536778707,5.5,0,0,0.063912922,0.032188841
40599.45,0.536675353,5.5,0,0,0.065919057,0.032315271
40659.53,0.54266915,5.5,0,0,0.064608308,0.032834101
40719.57,0.551461915,5.5,0,0,0.064384791,0.032941176
40779.61,0.506652196,5.5,0,0,0.064560539,0.032060445
40839.65,0.464024134,5.5,0,0,0.066507558,0.031732949
40899.68,0.413418607,5.5,0,0,0.066254125,0.032347308
40959.73,0.420866599,5.5,0,0,0.065229631,0.032107166
41019.79,0.426838777,5.5,0,0,0.06431068,0.032094595
41079.83,0.446062932,5.5,0,0,0.064279651,0.032330673
41139.9,0.450171161,5.5,0,0,0.064829314,0.031458737
41199.94,0.438686842,5.5,0,0,0.066117666,0.031889679
41260.02,0.456397249,5.5,0,0,0.066165414,0.031865828
41320.09,0.46299884,5.5,0,0,0.065982747,0.031952175
41380.15,0.469664639,5.5,0,0,0.066410453,0.032318599
41440.23,0.474184383,5.5,0,0,0.067093138,0.031897603
41500.29,0.483983325,5.5,0,0,0.065395294,0.033104562
41560.37,0.498013178,5.5,0,0,0.067634319,0.031746032
41620.41,0.507566828,5.5,0,0,0.066822359,0.032162589
41680.47,0.528521314,5.5,0,0,0.067994245,0.032418457
41740.53,0.525408704,5.5,0,0,0.067246248,0.032245607
41800.59,0.525317294,5.5,0,0,0.066546633,0.032431316
41860.66,0.5396895,5.5,0,0,0.066476258,0.032547262
41920.73,0.537494305,5.5,0,0,0.06734203,0.032663317
41980.8,0.554436519,5.5,0,0,0.068483893,0.032113663
42040.88,0.551181996,5.5,0,0,0.065409146,0.032420889
42100.91,0.500677016,5.5,0,0,0.068617788,0.031870861
42160.94,0.467892378,5.5,0,0,0.06977492,0.03187251
42220.99,0.418607242,5.5,0,0,0.069936347,0.032244196
42281.17,0.42928937,5.5,0,0,0.070130698,0.031128405
42341.24,0.437398073,5.5,0,0,0.071111111,0.031351351
42401.31,0.456980883,5.5,0,0,0.068815729,0.032530629
42461.36,0.448027712,5.5,0,0,0.070592793,0.032094595
42521.44,0.459826875,5.5,0,0,0.071411681,0.032019212
42581.48,0.463958221,5.5,0,0,0.071037408,0.032158318
42641.55,0.475028666,5.5,0,0,0.07133642,0.031794872
42701.61,0.479324317,5.5,0,0,0.06910337,0.031870114
42761.65,0.495225444,5.5,0,0,0.071385176,0.031028189
42821.7,0.499684831,5.5,0,0,0.06982326,0.03255627
42881.76,0.508646809,5.5,0,0,0.071656535,0.03280943
42941.83,0.511814467,5.5,0,0,0.069594939,0.032172674
43001.89,0.511761339,5.5,0,0,0.071629107,0.03203125
43061.93,0.510640068,5.5,0,0,0.069141039,0.032148562
43121.97,0.52147108,5.5,0,0,0.071361298,0.031893819
43182.05,0.526599121,5.5,0,0,0.070677445,0.03210153
43242.12,0.538489125,5.5,0,0,0.071459727,0.032664305
43302.16,0.558375572,5.5,0,0,0.070369848,0.031832737
43362.21,0.552949628,5.5,0,0,0.069687133,0.031992687
43422.28,0.491679065,5.5,0,0,0.070329029,0.032539683
43482.34,0.457365127,5.5,0,0,0.071057327,0.032077815
43542.41,0.448707229,5.5,0,0,0.070016283,0.031755915
43602.46,0.467706382,5.5,0,0,0.070100143,0.032414911
43662.54,0.47312836,5.5,0,0,0.070230051,0.032108239
43722.6,0.491251377,5.5,0,0,0.070968719,0.032328441
43782.65,0.492875608,5.5,0,0,0.071033822,0.032551557
43842.69,0.502241441,5.5,0,0,0.071277719,0.032363118
43902.73,0.498169606,5.5,0,0,0.069126378,0.032483061
43962.78,0.515435476,5.5,0,0,0.068643181,0.032115616
44022.84,0.537971219,5.5,0,0,0.071985868,0.031821798
44082.89,0.565136048,5.5,0,0,0.071346869,0.031864148
44142.94,0.54506545,5.5,0,0,0.070785162,0.032682194
44203,0.500375463,5.5,0,0,0.070814365,0.032168388
44263.07,0.452492776,5.5,0,0,0.071149874,0.031849821
44323.26,0.426301663,5.5,0,0,0.071841851,0.032224315
44383.33,0.432901947,5.5,0,0,0.070516911,0.032155701
44443.37,0.442720795,5.5,0,0,0.069890796,0.032540676
44503.41,0.435950771,5.5,0,0,0.070898147,0.032196569
44563.47,0.449397003,5.5,0,0,0.070315528,0.03149775
44623.55,0.459215041,5.5,0,0,0.072226182,0.031749369
44683.59,0.486430423,5.5,0,0,0.072670321,0.032218092
44743.63,0.479530405,5.5,0,0,0.070189803,0.032152365
44803.68,0.486063615,5.5,0,0,0.072329755,0.032251438
44863.72,0.478542389,5.5,0,0,0.070831765,0.032467532
44923.79,0.482367856,5.5,0,0,0.070183215,0.032369707
44983.86,0.498263057,5.5,0,0,0.070816889,0.032505552
45043.91,0.5040076,5.5,0,0,0.070174149,0.033088235
45103.95,0.502566824,5.5,0,0,0.070484581,0.032490975
45164.02,0.523346083,5.5,0,0,0.071055919,0.033047979
45224.09,0.525787227,5.5,0,0,0.069582077,0.031378702
45284.17,0.549292476,5.5,0,0,0.070214605,0.032258065
45344.25,0.539654018,5.5,0,0,0.071175428,0.032339762
45404.32,0.547675967,5.5,0,0,0.068896689,0.032506576
45464.4,0.549174328,5.5,0,0,0.070983811,0.03160972
45524.46,0.512258157,5.5,0,0,0.068151941,0.03212317
45584.51,0.48002707,5.5,0,0,0.069424703,0.031917056
45644.57,0.439267969,5.5,0,0,0.069905956,0.031987978
45704.6,0.430132246,5.5,0,0,0.068356196,0.032526936
45764.65,0.44856125,5.5,0,0,0.068808753,0.031901319
45824.72,0.456830852,5.5,0,0,0.068220015,0.032264867
45884.76,0.462396973,5.5,0,0,0.068343944,0.031729131
45944.82,0.474768502,5.5,0,0,0.069437957,0.031020408
46004.86,0.481603427,5.5,0,0,0.068727491,0.03181445
46064.93,0.47701801,5.5,0,0,0.068012124,0.032258065
46124.98,0.497663322,5.5,0,0,0.067725022,0.032886724
46185.06,0.495680231,5.5,0,0,0.068406573,0.032310178
46245.12,0.496848408,5.5,0,0,0.068083229,0.032187562
46305.19,0.511280134,5.5,0,0,0.06683641,0.032422873
46365.3,0.523522316,5.5,0,0,0.067620286,0.032783705
46425.35,0.525182282,5.5,0,0,0.066704473,0.031947573
46485.42,0.536320958,5.5,0,0,0.068632587,0.032004712
46545.45,0.525756692,5.5,0,0,0.068170281,0.032608696
46605.49,0.558485907,5.5,0,0,0.067853809,0.032550398
46665.55,0.554890594,5.5,0,0,0.066814374,0.031749123
46725.61,0.495947642,5.5,0,0,0.068913632,0.031312726
46785.65,0.488296624,5.5,0,0,0.067405564,0.032670455
46845.7,0.437943572,5.5,0,0,0.068434424,0.03192389
46905.76,0.432126428,5.5,0,0,0.067833347,0.03219107
46965.82,0.449133212,5.5,0,0,0.068539057,0.032138443
47025.89,0.464483439,5.5,0,0,0.067178652,0.031729355
47085.96,0.480287938,5.5,0,0,0.067491736,0.032016211
47146.03,0.473876098,5.5,0,0,0.067581261,0.032172131
47206.06,0.479418932,5.5,0,0,0.067585495,0.032091097
47266.09,0.491239238,5.5,0,0,0.07054846,0.032205463
47326.14,0.497241809,5.5,0,0,0.068907929,0.031672382
47386.2,0.513934844,5.5,0,0,0.069610125,0.031705894
47446.25,0.523768533,5.5,0,0,0.070222222,0.031891123
47506.29,0.523810967,5.5,0,0,0.069978904,0.031780074
47566.33,0.538026338,5.5,0,0,0.070411449,0.031293602
47626.4,0.54774317,5.5,0,0,0.069926616,0.031243898
47686.47,0.552087379,5.5,0,0,0.071398978,0.031755196
47746.52,0.502365743,5.5,0,0,0.0730775,0.031862745
47806.57,0.451104418,5.5,0,0,0.073609597,0.032258065
47866.63,0.421600238,5.5,0,0,0.073088905,0.031821114
47926.67,0.433144632,5.5,0,0,0.075452716,0.032433564
47986.75,0.430252917,5.5,0,0,0.074044586,0.032613299
48046.79,0.435798583,5.5,0,0,0.075243314,0.03210034
48106.84,0.432959339,5.5,0,0,0.074071127,0.032430126
48166.92,0.446163102,5.5,0,0,0.075017805,0.031802864
48226.99,0.446584992,5.5,0,0,0.0753905,0.032135307
48287.06,0.450835839,5.5,0,0,0.075361403,0.03203075
48347.11,0.468861848,5.5,0,0,0.073927546,0.031473534
48407.17,0.450935223,5.5,0,0,0.074835207,0.032344458
48467.22,0.46697985,5.5,0,0,0.073994638,0.032284941
48527.28,0.484509453,5.5,0,0,0.071977942,0.03233729
48587.37,0.483180147,5.5,0,0,0.071880846,0.031794249
48647.44,0.493542872,5.5,0,0,0.075374212,0.031826475
48707.51,0.496344103,5.5,0,0,0.075342991,0.032348243
48767.58,0.511484671,5.5,0,0,0.075383793,0.032271326
48827.63,0.515313981,5.5,0,0,0.073907597,0.032283778
48887.67,0.514716237,5.5,0,0,0.074642431,0.031793049
48947.71,0.540144422,5.5,0,0,0.072323542,0.031793049
49007.76,0.537377914,5.5,0,0,0.070998715,0.032371984
49067.8,0.547581418,5.5,0,0,0.073733392,0.032483061
49127.85,0.550715998,5.5,0,0,0.074445808,0.032825786
49187.92,0.495980591,5.5,0,0,0.074809837,0.032173738
49247.98,0.458763538,5.5,0,0,0.074727315,0.032667499
49308.03,0.448123316,5.5,0,0,0.073619632,0.032496915
49368.08,0.464752107,5.5,0,0,0.074218451,0.032162505
49428.13,0.469997362,5.5,0,0,0.072965247,0.032061688
49488.19,0.487179431,5.5,0,0,0.074568768,0.032225579
49548.25,0.505037359,5.5,0,0,0.07204611,0.032098276
49608.31,0.495745199,5.5,0,0,0.072199585,0.032421053
49668.37,0.501149182,5.5,0,0,0.073634736,0.032659996
49728.41,0.519229484,5.5,0,0,0.075788365,0.032678428
49788.46,0.513543825,5.5,0,0,0.073790614,0.031688728
49848.49,0.530381212,5.5,0,0,0.073674365,0.032102729
49908.57,0.545252222,5.5,0,0,0.074052854,0.032848782
49968.61,0.551092294,5.5,0,0,0.073813341,0.032040147
50028.67,0.510327178,5.5,0,0,0.072767922,0.032921811
50088.74,0.461236073,5.5,0,0,0.072609953,0.031736282
50148.81,0.439915711,5.5,0,0,0.072820185,0.032024793
50208.85,0.442121224,5.5,0,0,0.072116131,0.032587443
50268.91,0.450394199,5.5,0,0,0.074074074,0.031870861
50328.97,0.462602337,5.5,0,0,0.071977262,0.032205793
50389.04,0.490031657,5.5,0,0,0.071873854,0.032528856
50449.1,0.486973343,5.5,0,0,0.073973018,0.032238193
50509.16,0.497795055,5.5,0,0,0.072570356,0.03117207
50569.21,0.496596606,5.5,0,0,0.072637257,0.032134196
50629.28,0.505605983,5.5,0,0,0.071941423,0.032094595
50689.33,0.517320918,5.5,0,0,0.074873193,0.032141422
50749.38,0.514922622,5.5,0,0,0.072872148,0.031950127
50809.49,0.538459375,5.5,0,0,0.074223449,0.03253292
50869.53,0.532117761,5.5,0,0,0.076585014,0.032387045
50929.6,0.543872651,5.5,0,0,0.076188409,0.032482599
50989.72,0.552943714,5.5,0,0,0.073732719,0.031717888
51049.78,0.529548403,5.5,0,0,0.074402683,0.032296891
51109.83,0.488603726,5.5,0,0,0.075883188,0.032044863
51169.89,0.444421773,5.5,0,0,0.076043228,0.031236897
51229.93,0.448508175,5.5,0,0,0.073625074,0.031046461
51289.99,0.467295982,5.5,0,0,0.074835207,0.031990029
51350.06,0.456129574,5.5,0,0,0.075412109,0.031576746
51410.12,0.469041733,5.5,0,0,0.076332325,0.032434709
51470.17,0.475015518,5.5,0,0,0.074901348,0.031594263
51530.22,0.474622865,5.5,0,0,0.076702119,0.032622334
51590.26,0.488705375,5.5,0,0,0.074691915,0.03227771
51650.29,0.495445137,5.5,0,0,0.074660799,0.032898579
51710.35,0.492237319,5.5,0,0,0.075408117,0.031970862
51770.42,0.513820759,5.5,0,0,0.073339024,0.032482599
51830.5,0.502225387,5.5,0,0,0.073458369,0.031383738
51890.58,0.529559015,5.5,0,0,0.075892207,0.031977333
51950.65,0.520020207,5.5,0,0,0.078454681,0.032093933
52010.69,0.526312031,5.5,0,0,0.075453071,0.032423883
52070.73,0.537233383,5.5,0,0,0.07523246,0.031864673
52130.81,0.555124437,5.5,0,0,0.07554007,0.032334385
52190.88,0.547350509,5.5,0,0,0.074765082,0.032938076
52250.94,0.530877125,5.5,0,0,0.073210858,0.032556348
52310.98,0.484033497,5.5,0,0,0.075842487,0.031919275
52371.02,0.439547356,5.5,0,0,0.075104421,0.031706815
52431.08,0.437686469,5.5,0,0,0.073502018,0.03237643
52491.13,0.453195347,5.5,0,0,0.071318512,0.031828583
52551.17,0.446731836,5.5,0,0,0.07292303,0.032181425
52611.21,0.460425645,5.5,0,0,0.074587825,0.032106339
52671.27,0.470719022,5.5,0,0,0.073800738,0.031733116
52731.32,0.476767898,5.5,0,0,0.075882853,0.032120825
52791.37,0.487341498,5.5,0,0,0.075066189,0.032369707
52851.4,0.492418846,5.5,0,0,0.075492005,0.031198003
52911.45,0.489228995,5.5,0,0,0.073860272,0.032224959
52971.64,0.497555534,5.5,0,0,0.072390452,0.032468818
53031.69,0.506196551,5.5,0,0,0.075093773,0.032190476
53091.75,0.536212854,5.5,0,0,0.074487226,0.03234127
53151.79,0.517856348,5.5,0,0,0.073017442,0.032303371
53211.86,0.528365318,5.5,0,0,0.074819514,0.031422925
53271.93,0.534584012,5.5,0,0,0.074967311,0.031943903
53331.99,0.544631455,5.5,0,0,0.073566085,0.032328011
53392.05,0.564265198,5.5,0,0,0.07388571,0.032167571
53452.11,0.530339957,5.5,0,0,0.075988287,0.032201405
53512.17,0.493590394,5.5,0,0,0.075450946,0.032161406
53572.23,0.451532565,5.5,0,0,0.074324838,0.032163743
53632.27,0.453626321,5.5,0,0,0.074434673,0.032441542
53692.33,0.474127901,5.5,0,0,0.072399198,0.031472933
53752.37,0.471738882,5.5,0,0,0.075336668,0.031884058
53812.42,0.502213941,5.5,0,0,0.073790022,0.032329764
53872.49,0.492872164,5.5,0,0,0.073347643,0.032541425
53932.57,0.508442837,5.5,0,0,0.074101685,0.032219332
53992.62,0.500033839,5.5,0,0,0.075321449,0.032606521
54052.68,0.535541884,5.5,0,0,0.076449651,0.032381335
54112.73,0.538762337,5.5,0,0,0.07407935,0.032096289
54172.8,0.520014367,5.5,0,0,0.074498567,0.032432432
54232.89,0.528639086,5.5,0,0,0.073693833,0.032041139
54292.93,0.547350281,5.5,0,0,0.074750357,0.032102108
54352.98,0.569542706,5.5,0,0,0.072578445,0.032112676
54413.04,0.497054167,5.5,0,0,0.073767516,0.03199843
54473.09,0.46475366,5.5,0,0,0.074552529,0.032062916
54533.15,0.42603938,5.5,0,0,0.073104979,0.031933508
54593.19,0.432611238,5.5,0,0,0.07180237,0.032368703
54653.27,0.436386829,5.5,0,0,0.072501173,0.032635468
54713.32,0.438477898,5.5,0,0,0.07381138,0.032298658
54773.4,0.445877035,5.5,0,0,0.073496138,0.032548618
54833.44,0.45441301,5.5,0,0,0.07515239,0.031786395
54893.5,0.462799974,5.5,0,0,0.073376072,0.032129357
54953.58,0.462398786,5.5,0,0,0.072960725,0.032420459
55013.67,0.476755699,5.5,0,0,0.074143302,0.03276933
55073.74,0.483974898,5.5,0,0,0.074641509,0.032367632
55133.79,0.479803794,5.5,0,0,0.073391098,0.032389449
55193.87,0.503417434,5.5,0,0,0.0733031,0.032195122
55253.91,0.514131721,5.5,0,0,0.07442348,0.031406281
55313.99,0.499592217,5.5,0,0,0.072320091,0.032208293
55374.07,0.51764634,5.5,0,0,0.072722047,0.031799328
55434.11,0.518171148,5.5,0,0,0.071309771,0.031895687
55494.15,0.524811534,5.5,0,0,0.073004239,0.032083417
55554.23,0.541676531,5.5,0,0,0.073892337,0.032767926
55614.27,0.554493202,5.5,0,0,0.07195673,0.032347688
55674.33,0.50336964,5.5,0,0,0.07482103,0.031476496
55734.4,0.451361555,5.5,0,0,0.071476385,0.031871658
55794.46,0.436845586,5.5,0,0,0.071691765,0.031042603
55854.52,0.435231673,5.5,0,0,0.074498105,0.031951641
55914.57,0.439514188,5.5,0,0,0.072080505,0.032428995
55974.63,0.440529585,5.5,0,0,0.072581909,0.032700422
56034.68,0.463302972,5.5,0,0,0.074647998,0.032204446
56094.72,0.454903519,5.5,0,0,0.07408532,0.032642812
56154.79,0.466368204,5.5,0,0,0.072813379,0.031952175
56214.84,0.479334264,5.5,0,0,0.075134587,0.032284768
56274.88,0.492959471,5.5,0,0,0.075737423,0.031832461
56334.92,0.495166686,5.5,0,0,0.074813336,0.032172674
56394.96,0.510742228,5.5,0,0,0.073369565,0.03152789
56455.02,0.509324565,5.5,0,0,0.073181109,0.032451923
56515.09,0.519310934,5.5,0,0,0.076217256,0.032123736
56575.16,0.517526158,5.5,0,0,0.075978568,0.032453568
56635.21,0.522971841,5.5,0,0,0.075492421,0.032418953
56695.29,0.541696139,5.5,0,0,0.074568966,0.03199839
56755.36,0.536799284,5.5,0,0,0.071514343,0.03256262
56815.41,0.55096713,5.5,0,0,0.074172556,0.031847134
56875.48,0.549067975,5.5,0,0,0.07593364,0.032094595
56935.52,0.497971301,5.5,0,0,0.076562866,0.032303371
56995.6,0.451183518,5.5,0,0,0.075879038,0.032442748
57055.68,0.473199282,5.5,0,0,0.075234098,0.03244898
57115.76,0.475494513,5.5,0,0,0.071449574,0.032593196
57175.8,0.474968575,5.5,0,0,0.073675306,0.032115616
57235.87,0.483334283,5.5,0,0,0.072946968,0.032763239
57295.94,0.488305263,5.5,0,0,0.072480762,0.032194351
57355.99,0.493974443,5.5,0,0,0.072922636,0.032168388
57416.05,0.509157371,5.5,0,0,0.072944585,0.032333921
57476.12,0.512892897,5.5,0,0,0.073743264,0.032665331
57536.19,0.513763761,5.5,0,0,0.072494822,0.033090408
57596.27,0.532430059,5.5,0,0,0.072082219,0.032195122
57656.33,0.530821396,5.5,0,0,0.07128521,0.032
57716.41,0.539726309,5.5,0,0,0.071090373,0.032391714
57776.49,0.547150552,5.5,0,0,0.073663337,0.032529884
57836.55,0.56827679,5.5,0,0,0.075144509,0.032047592
57896.61,0.509430974,5.5,0,0,0.07196047,0.032096289
57956.67,0.452352794,5.5,0,0,0.073669533,0.031307176
58016.72,0.444090776,5.5,0,0,0.071500426,0.032687651
58076.8,0.462094607,5.5,0,0,0.073064771,0.032797428
58136.85,0.460139536,5.5,0,0,0.072034222,0.031441405
58196.89,0.465148321,5.5,0,0,0.072799625,0.032419452
58256.95,0.461184934,5.5,0,0,0.071993912,0.031790185
58317.01,0.473068302,5.5,0,0,0.073251525,0.032156368
58377.08,0.479061257,5.5,0,0,0.07230519,0.032141422
58437.15,0.49831752,5.5,0,0,0.071693719,0.0324412
58497.18,0.500368667,5.5,0,0,0.071594035,0.032368315
58557.26,0.522835653,5.5,0,0,0.071659367,0.032615261
58617.32,0.510908463,5.5,0,0,0.071756931,0.0321667
58677.4,0.529906677,5.5,0,0,0.074253786,0.032219806
58737.48,0.52506773,5.5,0,0,0.072461703,0.032690035
58797.53,0.537553115,5.5,0,0,0.071751026,0.032486146
58857.6,0.549557137,5.5,0,0,0.075586711,0.031640773
58917.64,0.564791545,5.5,0,0,0.073309707,0.032455136
58977.69,0.504127899,5.5,0,0,0.074979745,0.03157687
59037.73,0.494234973,5.5,0,0,0.076037564,0.031993601
59097.77,0.457130892,5.5,0,0,0.07770711,0.031389183
59157.86,0.448455661,5.5,0,0,0.074837395,0.032271242
59217.93,0.455183963,5.5,0,0,0.073488651,0.03197556
59277.97,0.457825439,5.5,0,0,0.074104913,0.032137674
59338.01,0.467964999,5.5,0,0,0.074303175,0.032056452
59398.09,0.493754964,5.5,0,0,0.075061764,0.032567433
59458.16,0.481166573,5.5,0,0,0.072752516,0.031936534
59518.22,0.496020918,5.5,0,0,0.074322397,0.032513547
59578.27,0.501857731,5.5,0,0,0.076829361,0.032686212
59638.33,0.499682789,5.5,0,0,0.075792273,0.03226461
59698.4,0.523838165,5.5,0,0,0.07694613,0.031919035
59758.44,0.519406462,5.5,0,0,0.074659671,0.032007952
59818.47,0.52918457,5.5,0,0,0.076154529,0.032732907
59878.53,0.526763756,5.5,0,0,0.0765,0.032848151
59938.57,0.537938067,5.5,0,0,0.07491606,0.032299742
59998.62,0.553746168,5.5,0,0,0.075359865,0.031845954
60058.68,0.555663589,5.5,0,0,0.073837678,0.03228925
60118.74,0.504971515,5.5,0,0,0.075049812,0.032391048
60178.79,0.470987917,5.5,0,0,0.075344564,0.031987205
60238.84,0.460260245,5.5,0,0,0.075751629,0.032537503
60298.91,0.424085421,5.5,0,0,0.076646217,0.031663414
60358.96,0.425799746,5.5,0,0,0.076904493,0.032040816
60419,0.423921151,5.5,0,0,0.07546124,0.031559015
60479.08,0.429281358,5.5,0,0,0.075642023,0.031585733
60539.15,0.433942547,5.5,0,0,0.076435644,0.032377227
60599.2,0.443657674,5.5,0,0,0.074909747,0.031188659
60659.25,0.45956202,5.5,0,0,0.077147463,0.032211439
60719.29,0.455446936,5.5,0,0,0.077652406,0.032352327
60779.36,0.463987792,5.5,0,0,0.074545588,0.032042182
60839.42,0.479515802,5.5,0,0,0.0772441,0.032204099
60899.46,0.484375048,5.5,0,0,0.076359285,0.032345013
60959.53,0.490331616,5.5,0,0,0.075087311,0.031746032
61019.59,0.494106944,5.5,0,0,0.075640174,0.0326322
61079.67,0.506541842,5.5,0,0,0.076537858,0.032459426
61139.71,0.509486954,5.5,0,0,0.078081771,0.032457188
61199.78,0.518473505,5.5,0,0,0.077479716,0.032137224
61259.85,0.519931257,5.5,0,0,0.076065055,0.032424185
61319.97,0.520160694,5.5,0,0,0.076294475,0.031720538
61380.04,0.531474615,5.5,0,0,0.077416501,0.032640408
61440.13,0.548187954,5.5,0,0,0.075562365,0.032465008
61500.19,0.556871765,5.5,0,0,0.07704171,0.031833778
61560.23,0.498703742,5.5,0,0,0.077689542,0.032144338
61620.27,0.462863698,5.5,0,0,0.07594556,0.03165439
61680.32,0.462043352,5.5,0,0,0.075821466,0.031308314
61740.38,0.420237932,5.5,0,0,0.074726658,0.032236842
61800.45,0.437210721,5.5,0,0,0.076251123,0.032021766
61860.52,0.436753469,5.5,0,0,0.075818357,0.031844317
61920.58,0.436633142,5.5,0,0,0.075373671,0.032091097
61980.65,0.449783121,5.5,0,0,0.075169932,0.031972652
62040.73,0.452504324,5.5,0,0,0.075242718,0.032580452
62100.78,0.463344745,5.5,0,0,0.074074074,0.031587874
62160.83,0.469642128,5.5,0,0,0.074576788,0.032421053
62220.88,0.477243908,5.5,0,0,0.075511432,0.03237858
62280.92,0.463873285,5.5,0,0,0.07522825,0.032057704
62340.99,0.493284442,5.5,0,0,0.075051017,0.032428209
62401.06,0.483228932,5.5,0,0,0.074701493,0.031802823
62461.15,0.500673895,5.5,0,0,0.073719344,0.032381335
62521.18,0.50664693,5.5,0,0,0.073430573,0.032962588
62581.25,0.506746512,5.5,0,0,0.075506446,0.031589339
62641.32,0.524286117,5.5,0,0,0.075479775,0.03245476
62701.39,0.522341112,5.5,0,0,0.073776128,0.032721323
62761.47,0.540357909,5.5,0,0,0.076574343,0.03182917
62821.54,0.551066907,5.5,0,0,0.077406153,0.032677241
62881.61,0.500282994,5.5,0,0,0.076370039,0.03203372
62941.67,0.468254344,5.5,0,0,0.076964478,0.032186235
63001.74,0.427297342,5.5,0,0,0.07753268,0.0321452
63061.8,0.435950182,5.5,0,0,0.07593348,0.031763417
63121.86,0.435962507,5.5,0,0,0.076508013,0.031884058
63181.91,0.440425889,5.5,0,0,0.075558982,0.032284768
63241.95,0.448315678,5.5,0,0,0.076283158,0.032134967
63301.99,0.438341265,5.5,0,0,0.075830116,0.031610423
63362.04,0.447833917,5.5,0,0,0.074615617,0.031641791
63422.08,0.460805106,5.5,0,0,0.075894246,0.032496915
63482.15,0.470114099,5.5,0,0,0.075842053,0.031921424
63542.22,0.474999323,5.5,0,0,0.076156911,0.031785346
63602.3,0.488254002,5.5,0,0,0.075779196,0.032303091
63662.37,0.49195512,5.5,0,0,0.075659646,0.032135307
63722.42,0.493594359,5.5,0,0,0.07440258,0.03258826
63782.49,0.502950474,5.5,0,0,0.075559561,0.032924216
63842.55,0.503271425,5.5,0,0,0.074020841,0.031803543
63902.59,0.52023094,5.5,0,0,0.074907185,0.032777116
63962.67,0.518105275,5.5,0,0,0.072854641,0.032313576
64022.7,0.52709391,5.5,0,0,0.07375071,0.032162589
64082.75,0.530801737,5.5,0,0,0.073568125,0.032325537
64142.79,0.535740945,5.5,0,0,0.072684963,0.03254092
64202.83,0.567014684,5.5,0,0,0.071419054,0.031776787
64262.86,0.564553841,5.5,0,0,0.074836037,0.032387923
64322.91,0.535817904,5.5,0,0,0.07417237,0.03237618
64382.95,0.513719259,5.5,0,0,0.073569482,0.031589339
64442.99,0.475569608,5.5,0,0,0.075061275,0.031281331
64503.06,0.427320228,5.5,0,0,0.075396825,0.032264957
64563.11,0.424075459,5.5,0,0,0.073153685,0.031721724
64623.15,0.439997518,5.5,0,0,0.075306344,0.031618887
64683.23,0.445349099,5.5,0,0,0.073859359,0.031794249
64743.3,0.458010081,5.5,0,0,0.075623053,0.031587697
64803.39,0.457678984,5.5,0,0,0.07770751,0.032352327
64863.44,0.46519921,5.5,0,0,0.076197107,0.032502044
64923.5,0.475476103,5.5,0,0,0.078589935,0.031771894
64983.55,0.483650178,5.5,0,0,0.077315661,0.032231742
65043.6,0.495149274,5.5,0,0,0.075804094,0.031648089
65103.64,0.497932511,5.5,0,0,0.076025538,0.032091691
65163.71,0.516066271,5.5,0,0,0.075166918,0.031977333
65223.77,0.504809194,5.5,0,0,0.076275529,0.032568896
65283.83,0.519420986,5.5,0,0,0.075580557,0.032735161
65343.88,0.529779903,5.5,0,0,0.077728496,0.032239382
65403.92,0.534496617,5.5,0,0,0.076514053,0.031897927
65463.99,0.5371041,5.5,0,0,0.078497296,0.032503326
65524.04,0.557289094,5.5,0,0,0.077569627,0.032860198
65584.1,0.558274118,5.5,0,0,0.078837567,0.032399466
65644.16,0.503749451,5.5,0,0,0.077773655,0.032122064
65704.23,0.464413746,5.5,0,0,0.077767398,0.031585467
65764.3,0.422764267,5.5,0,0,0.075957413,0.032463399
65824.35,0.429948073,5.5,0,0,0.075627607,0.031783784
65884.42,0.430967062,5.5,0,0,0.075392087,0.031581178
65944.46,0.435105669,5.5,0,0,0.076935217,0.031718817
66004.53,0.445506773,5.5,0,0,0.077143084,0.032358432
66064.59,0.4532224,5.5,0,0,0.07540478,0.031948215
66124.63,0.457614564,5.5,0,0,0.077435858,0.032615513
66184.68,0.454251498,5.5,0,0,0.077198444,0.03185654
66244.72,0.485996979,5.5,0,0,0.07610687,0.031810767
66304.77,0.491458131,5.5,0,0,0.075079283,0.032389489
66364.83,0.479241815,5.5,0,0,0.075553237,0.031867058
66424.9,0.489249183,5.5,0,0,0.075998798,0.032495402
66484.97,0.497313629,5.5,0,0,0.075842487,0.032742681
66545.02,0.501458491,5.5,0,0,0.074633336,0.031502423
66605.09,0.510111963,5.5,0,0,0.075250836,0.031854602
66665.13,0.52405165,5.5,0,0,0.074935215,0.032295494
66725.2,0.516988137,5.5,0,0,0.073893712,0.032330827
66785.28,0.530799046,5.5,0,0,0.07535448,0.032366698
66845.35,0.532612574,5.5,0,0,0.074356261,0.032378336
66905.41,0.546441232,5.5,0,0,0.072290764,0.032719436
66965.45,0.548525741,5.5,0,0,0.073155611,0.032905745
67025.5,0.495364873,5.5,0,0,0.076194058,0.032213164
67085.54,0.484273921,5.5,0,0,0.075865266,0.031512605
67145.59,0.424917645,5.5,0,0,0.075121416,0.031775701
67205.63,0.429009182,5.5,0,0,0.073998107,0.032043279
67265.68,0.426201496,5.5,0,0,0.074952411,0.032085561
67325.72,0.429398115,5.5,0,0,0.076425678,0.032510027
67385.76,0.439367275,5.5,0,0,0.074085161,0.031805039
67445.83,0.454715879,5.5,0,0,0.076112052,0.031596568
67505.89,0.461378519,5.5,0,0,0.076875674,0.032694711
67565.96,0.45491284,5.5,0,0,0.075532553,0.032384488
67626.01,0.470224389,5.5,0,0,0.075746213,0.032648126
67686.07,0.472304267,5.5,0,0,0.076629813,0.032190196
67746.13,0.49120957,5.5,0,0,0.076665653,0.031899859
67806.17,0.495687416,5.5,0,0,0.076377723,0.032009977
67866.22,0.49277362,5.5,0,0,0.074897352,0.03253626
67926.26,0.503735558,5.5,0,0,0.076215699,0.031893004
67986.31,0.511372195,5.5,0,0,0.075866532,0.031976167
68046.38,0.513951034,5.5,0,0,0.07487151,0.032428209
68106.45,0.530684243,5.5,0,0,0.077943496,0.031804878
68166.5,0.543821765,5.5,0,0,0.077845982,0.03230799
68226.55,0.532986697,5.5,0,0,0.07691778,0.032206759
68286.6,0.555536233,5.5,0,0,0.077542869,0.032668232
68346.66,0.561900715,5.5,0,0,0.076281923,0.032275811
68406.73,0.507409539,5.5,0,0,0.077130874,0.032121212
68466.8,0.475201402,5.5,0,0,0.077136017,0.031313958
68526.84,0.447818344,5.5,0,0,0.075597554,0.032380952
68586.88,0.441256614,5.5,0,0,0.075823493,0.032191498
68646.93,0.443552511,5.5,0,0,0.073929669,0.031866162
68706.97,0.463388656,5.5,0,0,0.076095311,0.0319063
68767,0.458245532,5.5,0,0,0.07521018,0.03234714
68827.05,0.465304996,5.5,0,0,0.075461701,0.032843038
68887.11,0.479522813,5.5,0,0,0.075842697,0.03223316
68947.18,0.489974875,5.5,0,0,0.074799382,0.032562814
69007.22,0.481119605,5.5,0,0,0.074448462,0.032349373
69067.26,0.491398589,5.5,0,0,0.073386006,0.032496595
69127.32,0.494361083,5.5,0,0,0.075232083,0.031538771
69187.35,0.511615137,5.5,0,0,0.074634578,0.0320539
69247.42,0.523769963,5.5,0,0,0.077779449,0.032509506
69307.5,0.53689167,5.5,0,0,0.075822802,0.031938108
69367.58,0.546550369,5.5,0,0,0.0768803,0.031755424
69427.65,0.539390644,5.5,0,0,0.075407144,0.033077485
69487.72,0.541223867,5.5,0,0,0.075242083,0.032466262
69547.78,0.565122876,5.5,0,0,0.075032092,0.032123961
69607.82,0.55917173,5.5,0,0,0.077447505,0.03207331
69667.87,0.529490829,5.5,0,0,0.077188443,0.032493108
69727.93,0.509568113,5.5,0,0,0.077064625,0.032435741
69787.97,0.458961821,5.5,0,0,0.077815594,0.032098765
69848.02,0.42772763,5.5,0,0,0.078192663,0.032347901
69908.07,0.440015015,5.5,0,0,0.077949212,0.032291451
69968.14,0.4445605,5.5,0,0,0.07801974,0.031125131
70028.21,0.46083102,5.5,0,0,0.07947654,0.031616415
70088.28,0.455381894,5.5,0,0,0.076018986,0.031800689
70148.35,0.463246401,5.5,0,0,0.079471751,0.031794872
70208.41,0.47370227,5.5,0,0,0.07875969,0.031834052
70268.48,0.480314813,5.5,0,0,0.078978979,0.032051282
70328.54,0.468200228,5.5,0,0,0.078835335,0.032027054
70388.6,0.487247809,5.5,0,0,0.076506239,0.032211736
70448.67,0.506276584,5.5,0,0,0.079613814,0.032219806
70508.71,0.514602445,5.5,0,0,0.079228183,0.032136481
70568.75,0.517429442,5.5,0,0,0.079587875,0.03222598
70628.79,0.52286752,5.5,0,0,0.07882644,0.032085561
70688.82,0.516360353,5.5,0,0,0.079312096,0.031816351
70748.86,0.541166192,5.5,0,0,0.077146212,0.03180561
70808.91,0.553815508,5.5,0,0,0.077733305,0.031880161
70868.94,0.490026153,5.5,0,0,0.078958944,0.032446594
70928.97,0.456829201,5.5,0,0,0.080022474,0.0320277
70989.05,0.451597896,5.5,0,0,0.078962121,0.032107166
71049.08,0.454374371,5.5,0,0,0.075136411,0.031313958
71109.16,0.455676697,5.5,0,0,0.077772519,0.03151047
71169.23,0.468835682,5.5,0,0,0.078414443,0.031380753
71229.29,0.470739642,5.5,0,0,0.078983941,0.031981605
71289.36,0.470370339,5.5,0,0,0.076511662,0.031979802
71349.41,0.474022133,5.5,0,0,0.075088022,0.032041139
71409.48,0.495664701,5.5,0,0,0.077884688,0.032071177
71469.53,0.491149122,5.5,0,0,0.08031108,0.031998348
71529.58,0.513319726,5.5,0,0,0.076769912,0.032756489
71589.64,0.513660556,5.5,0,0,0.077565192,0.03255627
71649.71,0.534116274,5.5,0,0,0.07607458,0.033301618
71709.77,0.520812381,5.5,0,0,0.079376586,0.032136481
71769.83,0.522759594,5.5,0,0,0.076154636,0.032531546
71829.89,0.54621806,5.5,0,0,0.078180275,0.032477947
71889.96,0.538748693,5.5,0,0,0.076833845,0.032598274
71950.04,0.553444525,5.5,0,0,0.079433712,0.032566303
72010.1,0.560759932,5.5,0,0,0.078389539,0.032486146
72070.13,0.508135522,5.5,0,0,0.078556716,0.032645034
72130.19,0.455728258,5.5,0,0,0.077680854,0.03256785
72190.26,0.432561151,5.5,0,0,0.077636524,0.032224959
72250.34,0.42296307,5.5,0,0,0.077236435,0.031476496
72310.52,0.437530297,5.5,0,0,0.076081825,0.031964437
72370.59,0.439408643,5.5,0,0,0.076382861,0.032797292
72430.66,0.443917641,5.5,139,0,0.076515881,0.032820513
73163.85,0.502434104,5.5,139,0,0.073995462,0.032416503
73223.89,0.469528182,5.5,139,0,0.074443873,0.032713899
73283.93,0.491464977,5.5,139,0,0.076986507,0.032019212
73343.98,0.488588346,5.5,139,0,0.074998181,0.03254614
73404.04,0.512883686,5.5,139,0,0.076008619,0.032069971
73464.11,0.508046063,5.5,139,0,0.076958002,0.03180212
73524.15,0.498127877,5.5,139,0,0.075229889,0.031829721
73584.19,0.524377157,5.5,139,0,0.075694292,0.032802986
73644.27,0.532032422,5.5,139,0,0.076502732,0.03272101
73704.33,0.537343555,5.5,139,0,0.075945712,0.032425422
73764.4,0.544671928,5.5,139,0,0.073601504,0.032753135
73824.44,0.558484784,5.5,139,0,0.077103301,0.033320712
73884.51,0.497308563,5.5,139,0,0.074595355,0.031912785
73944.56,0.464283405,5.5,139,0,0.076586601,0.032873377
74004.63,0.438761112,5.5,139,0,0.076506705,0.032067511
74064.69,0.430855683,5.5,139,0,0.077937057,0.031712474
74124.74,0.44990723,5.5,139,0,0.075479139,0.032271762
74184.8,0.448623746,5.5,139,0,0.076614521,0.03111566
74244.86,0.456936563,5.5,139,0,0.075073223,0.032667877
74304.93,0.470223047,5.5,139,0,0.074762808,0.03243587
74364.99,0.477110508,5.5,139,0,0.074939209,0.032278481
74425.05,0.486816154,5.5,139,0,0.075519243,0.031998348
74485.12,0.476211117,5.5,139,0,0.075845076,0.032695867
74545.17,0.480517818,5.5,139,0,0.075923921,0.032200711
74605.23,0.497677664,5.5,139,0,0.073748903,0.032244814
74665.29,0.503740547,5.5,139,0,0.073927971,0.032882792
74725.34,0.515941481,5.5,139,0,0.072727273,0.032084496
74785.42,0.523690955,5.5,139,0,0.073039285,0.032681018
74845.49,0.525948459,5.5,139,0,0.074560459,0.032916266
74905.56,0.537883873,5.5,139,0,0.073539963,0.032898579
74965.64,0.537949028,5.5,139,0,0.07362669,0.032777674
75025.71,0.564122709,5.5,139,0,0.073085278,0.032118708
75085.74,0.545908984,5.5,139,0,0.074293561,0.032199049
75145.77,0.48952298,5.5,139,0,0.074054855,0.032206759
75205.81,0.442456809,5.5,139,0,0.072122053,0.032553408
75265.88,0.466240269,5.5,139,0,0.071213263,0.031923715
75325.92,0.468330801,5.5,139,0,0.069948187,0.032550474
75385.99,0.468086182,5.5,139,0,0.070884146,0.032195122
75446.03,0.476026476,5.5,139,0,0.071683476,0.032417474
75506.09,0.484028168,5.5,139,0,0.070365359,0.032455136
75566.15,0.498369185,5.5,139,0,0.069079896,0.032356532
75626.21,0.500866758,5.5,139,0,0.069819152,0.032490232
75686.27,0.515538318,5.5,139,0,0.069544189,0.032409215
75746.31,0.511702885,5.5,139,0,0.070024299,0.032054951
75806.39,0.531851492,5.5,139,0,0.068552084,0.032020684
75866.46,0.533945153,5.5,139,0,0.068114926,0.031352816
75926.53,0.560318635,5.5,139,0,0.068829615,0.032324365
75986.59,0.54608655,5.5,139,0,0.06811645,0.032628847
76046.62,0.522843496,5.5,139,0,0.069013007,0.031674208
76106.67,0.442668867,5.5,139,0,0.06731494,0.031910485
76166.74,0.449351598,5.5,139,0,0.067714442,0.03243587
76226.8,0.459307963,5.5,139,0,0.066764433,0.032610939
76286.87,0.472747113,5.5,139,0,0.065746569,0.03255627
76346.93,0.482942307,5.5,139,0,0.065487642,0.031542056
76407.08,0.483441749,5.5,139,0,0.067074114,0.031646887
76467.14,0.494131396,5.5,139,0,0.064981434,0.032251721
76527.19,0.502305,5.5,139,0,0.066712517,0.031342988
76587.23,0.499472328,5.5,139,0,0.066886807,0.031908832
76647.29,0.505647392,5.5,139,0,0.06498482,0.032424906
76707.34,0.505793667,5.5,139,0,0.065811902,0.032845271
76767.41,0.524106114,5.5,139,0,0.064187539,0.032691609
76827.49,0.534617125,5.5,139,0,0.064548304,0.032159265
76887.56,0.542739352,5.5,139,0,0.064753287,0.032945031
76947.64,0.542852621,5.5,139,0,0.065267561,0.032526621
77007.68,0.507294045,5.5,139,0,0.065474843,0.032741066
77067.72,0.453407108,5.5,139,0,0.063322368,0.0324
77127.78,0.437130753,5.5,139,0,0.063686073,0.031477516
77187.84,0.428288318,5.5,139,0,0.063356164,0.031572165
77247.91,0.435099376,5.5,139,0,0.063536801,0.031656548
77307.95,0.441748656,5.5,139,0,0.06345681,0.031742739
77368.01,0.461734495,5.5,139,0,0.062676056,0.031742863
77428.07,0.463680793,5.5,139,0,0.062134278,0.032258065
77488.14,0.459120943,5.5,139,0,0.062430074,0.031720211
77548.21,0.476126934,5.5,139,0,0.061097257,0.031837916
77608.28,0.494236769,5.5,139,0,0.063246008,0.033081834
77668.35,0.486218528,5.5,139,0,0.061576898,0.032408345
77728.39,0.496515547,5.5,139,0,0.061952162,0.032155617
77788.43,0.504718356,5.5,139,0,0.061902661,0.032483553
77848.5,0.513742585,5.5,139,0,0.062463214,0.032095277
77908.54,0.528960765,5.5,139,0,0.060708263,0.032602479
77968.59,0.524691055,5.5,139,0,0.060562674,0.032134196
78028.63,0.537095964,5.5,139,0,0.06119403,0.032487505
78088.67,0.550926588,5.5,139,0,0.061143847,0.032226939
78148.73,0.562349738,5.5,139,0,0.060333422,0.03235807
78208.8,0.517743376,5.5,139,0,0.060394559,0.03250478
78268.84,0.459544885,5.5,139,0,0.061215097,0.032251352
78328.91,0.422037877,5.5,139,0,0.060539003,0.031660564
78388.94,0.412105419,5.5,139,0,0.060173502,0.031019862
78448.99,0.449633903,5.5,139,0,0.060776139,0.032879581
78509.04,0.457644779,5.5,139,0,0.060060298,0.032456513
78569.12,0.454148091,5.5,139,0,0.060033779,0.032432432
78629.18,0.462605896,5.5,139,0,0.05978138,0.032185781
78689.22,0.46317598,5.5,139,0,0.061297394,0.032198523
78749.26,0.476714937,5.5,139,0,0.060415209,0.032171025
78809.31,0.4790889,5.5,139,0,0.060194632,0.032322426
78869.35,0.477505437,5.5,139,0,0.060660194,0.032355305
78929.4,0.482480282,5.5,139,0,0.059874821,0.03269191
78989.47,0.492027704,5.5,139,0,0.059340016,0.031570144
79049.54,0.506031176,5.5,139,0,0.060019803,0.032780563
79109.58,0.533561883,5.5,139,0,0.060251175,0.031534146
79169.65,0.532057421,5.5,139,0,0.059601676,0.032638616
79229.7,0.537234206,5.5,139,0,0.059140547,0.031787811
79289.77,0.543877567,5.5,139,0,0.058261766,0.032246244
79349.85,0.554175527,5.5,139,0,0.059114006,0.031923384
79409.92,0.506798253,5.5,139,0,0.057579402,0.0321989
79469.99,0.459108434,5.5,139,0,0.059351385,0.032790224
79530.04,0.439159567,5.5,139,0,0.059162942,0.031759657
79590.08,0.454246114,5.5,139,0,0.058912028,0.032009977
79650.15,0.451633783,5.5,139,0,0.058894327,0.032060747
79710.21,0.466892826,5.5,139,0,0.059030555,0.031660071
79770.25,0.468505533,5.5,139,0,0.057482581,0.032969297
79830.3,0.477814979,5.5,139,0,0.058146532,0.03138732
79890.37,0.496259423,5.5,139,0,0.059574806,0.031914894
79950.41,0.491479155,5.5,139,0,0.058266296,0.032541425
80010.48,0.497792544,5.5,139,0,0.058988984,0.032724353
80070.54,0.51592732,5.5,139,0,0.057605561,0.032683599
80130.58,0.49967173,5.5,139,0,0.057549328,0.032381682
80190.64,0.517612078,5.5,139,0,0.057011657,0.03247121
80250.7,0.540478439,5.5,139,0,0.058060798,0.031695721
80310.73,0.552925908,5.5,139,0,0.056542476,0.032162112
80370.8,0.494355231,5.5,139,0,0.058346095,0.032396965
80430.84,0.458109042,5.5,139,0,0.05861703,0.032331137
80490.92,0.462040823,5.5,139,0,0.057449643,0.032245223
80550.97,0.48555876,5.5,139,0,0.056867691,0.032457826
80611.03,0.478064638,5.5,139,0,0.055516266,0.031949532
80671.1,0.489330421,5.5,139,0,0.056647485,0.032004831
80731.14,0.506869913,5.5,139,0,0.055778319,0.031777557
80791.19,0.534574636,5.5,139,0,0.057123555,0.032511907
80851.23,0.498594321,5.5,139,0,0.056411005,0.032619375
80911.3,0.52326752,5.5,139,0,0.056456941,0.03257591
80971.37,0.516798801,5.5,139,0,0.056417172,0.032277587
81031.43,0.512786944,5.5,139,0,0.057408379,0.032644781
81091.49,0.528434061,5.5,139,0,0.056839657,0.032588454
81151.56,0.564458003,5.5,139,0,0.055567293,0.032700848
81211.6,0.561874686,5.5,139,0,0.056848639,0.032608696
81271.67,0.504479404,5.5,139,0,0.057935094,0.032043767
81331.71,0.449874752,5.5,139,0,0.058029909,0.032177704
81391.77,0.448236177,5.5,139,0,0.056001222,0.03125
81451.84,0.471197312,5.5,139,0,0.057111304,0.031906461
81511.92,0.4684566,5.5,139,0,0.057322784,0.032606394
81571.96,0.477047298,5.5,139,0,0.057343663,0.032100772
81632.01,0.483128256,5.5,139,0,0.056678316,0.031782302
81692.08,0.491075688,5.5,139,0,0.056016598,0.032264489
81752.15,0.520260574,5.5,139,0,0.056301268,0.032213439
81812.21,0.503206874,5.5,139,0,0.055014124,0.032615385
81872.28,0.505390561,5.5,139,0,0.056488665,0.031813167
81932.31,0.519526236,5.5,139,0,0.05596215,0.031832928
81992.39,0.530667349,5.5,139,0,0.054845246,0.032301223
82052.46,0.531156061,5.5,139,0,0.054291553,0.032657658
82112.53,0.545072221,5.5,139,0,0.05476025,0.032537543
82172.6,0.555795106,5.5,139,0,0.054736403,0.032659996
82232.63,0.516309076,5.5,139,0,0.053698962,0.032251603
82292.7,0.470595835,5.5,139,0,0.054634291,0.032149236
82352.76,0.435849729,5.5,139,0,0.056541204,0.032664875
82412.8,0.438804129,5.5,139,0,0.055507712,0.031665611
82472.87,0.431703019,5.5,139,0,0.055630828,0.032010243
82532.93,0.44877804,5.5,139,0,0.056807631,0.031974922
82592.99,0.452552464,5.5,139,0,0.056473715,0.032244468
82653.03,0.453718767,5.5,139,0,0.055707395,0.032490232
82713.07,0.456094251,5.5,139,0,0.055599809,0.031755663
82773.15,0.471165016,5.5,139,0,0.05483822,0.031987205
82833.19,0.489221451,5.5,139,0,0.055205885,0.032316339
82893.26,0.473281086,5.5,139,0,0.054323888,0.032621828
82953.33,0.48550542,5.5,139,0,0.055105594,0.032076533
83013.39,0.499243925,5.5,139,0,0.054633062,0.032342834
83073.43,0.502768684,5.5,139,0,0.05544805,0.031626804
83133.47,0.511221333,5.5,139,0,0.054166962,0.032334385
83193.51,0.514326993,5.5,139,0,0.054685234,0.032660903
83253.59,0.532185628,5.5,139,0,0.054379562,0.03304705
83313.67,0.536923852,5.5,139,0,0.054900834,0.032233308
83373.71,0.554451018,5.5,139,0,0.054813517,0.032258065
83433.77,0.557526339,5.5,139,0,0.054300885,0.032354035
83493.84,0.500689112,5.5,139,0,0.053418954,0.032333921
83553.87,0.471014665,5.5,139,0,0.055986788,0.032238443
83613.94,0.418809575,5.5,139,0,0.05480754,0.032683847
83674,0.419596268,5.5,139,0,0.055156469,0.032061069
83734.05,0.421793252,5.5,139,0,0.055123731,0.032065326
83794.12,0.435204762,5.5,139,0,0.054279262,0.032044863
83854.16,0.446624463,5.5,139,0,0.055111111,0.031980812
83914.23,0.446878427,5.5,139,0,0.053221083,0.031710311
83974.31,0.456687415,5.5,139,0,0.053734471,0.031825796
84034.34,0.477957583,5.5,139,0,0.054478948,0.03250478
84094.38,0.462824746,5.5,139,0,0.053603203,0.031845799
84154.43,0.468876899,5.5,139,0,0.054175215,0.031616415
84214.46,0.488481725,5.5,139,0,0.052739484,0.031824471
84274.49,0.477404338,5.5,139,0,0.054360136,0.032485323
84334.56,0.494955879,5.5,139,0,0.05372467,0.032368315
84394.64,0.511965678,5.5,139,0,0.053398407,0.03216554
84454.72,0.492764381,5.5,139,0,0.053734974,0.032477947
84514.79,0.506857576,5.5,139,0,0.053828273,0.032180949
84574.87,0.53717749,5.5,139,0,0.053453662,0.031795269
84634.92,0.522049596,5.5,139,0,0.053901217,0.03268098
84694.98,0.523278225,5.5,139,0,0.053427631,0.032726569
84755.04,0.551157669,5.5,139,0,0.052745323,0.031829721
84815.07,0.573667167,5.5,139,0,0.053023065,0.032967033
84875.12,0.501618543,5.5,139,0,0.05392522,0.032192752
84935.16,0.452115306,5.5,139,0,0.054475642,0.032258065
84995.21,0.420125108,5.5,139,0,0.053274835,0.031904085
85055.27,0.434601092,5.5,139,0,0.054312047,0.031822972
85115.34,0.428972951,5.5,139,0,0.053355079,0.032401525
85175.38,0.439852822,5.5,139,0,0.053698075,0.032013134
85235.42,0.446786396,5.5,139,0,0.053031454,0.032397408
85295.47,0.452852596,5.5,139,0,0.053941589,0.032244196
85355.49,0.458249947,5.5,139,0,0.053657799,0.032453936
85415.57,0.457123337,5.5,139,0,0.054267815,0.031622096
85475.68,0.482650279,5.5,139,0,0.052922941,0.0316253
85535.74,0.483395587,5.5,139,0,0.054087372,0.031262525
85595.81,0.485551607,5.5,139,0,0.052243567,0.032872982
85655.88,0.485654214,5.5,139,0,0.052589757,0.032377049
85715.96,0.499026213,5.5,139,0,0.052354131,0.032269761
85776,0.525606819,5.5,139,0,0.053234501,0.031948882
85836.05,0.506032852,5.5,139,0,0.052092892,0.032518832
85896.12,0.514408154,5.5,139,0,0.052852288,0.032563216
85956.2,0.518428456,5.5,139,0,0.05329429,0.032415215
86016.27,0.554376627,5.5,139,0,0.051821587,0.032149236
86076.34,0.546622302,5.5,139,0,0.051991076,0.031933093
86136.39,0.504296481,5.5,139,0,0.052761011,0.032218346
86196.46,0.470930268,5.5,139,0,0.052993966,0.032188841
86256.53,0.411203296,5.5,139,0,0.053116147,0.031372549
86316.59,0.42453018,5.5,139,0,0.052028747,0.032169312
86376.64,0.427611465,5.5,139,0,0.053163339,0.031657754
86436.69,0.4270937,5.5,139,0,0.051742031,0.031596225
86496.74,0.445378571,5.5,139,0,0.053259581,0.032005087
86556.8,0.447052712,5.5,139,0,0.053262732,0.032115616
86616.84,0.46819,5.5,139,0,0.051813472,0.032494759
86676.91,0.469626465,5.5,139,0,0.052357191,0.032461145
87344.1,0.546403211,5.5,139,0,0.0514594,0.03325372
87404.14,0.52989401,5.5,139,0,0.051176793,0.032494365
87464.2,0.519471599,5.5,139,0,0.052255033,0.03291714
87524.26,0.492962249,5.5,139,0,0.052324723,0.032186683
87584.33,0.451980885,5.5,139,0,0.052324241,0.032181639
87644.4,0.466108737,5.5,139,0,0.052086461,0.032462391
87704.46,0.489126273,5.5,139,0,0.052839057,0.032408345
87764.53,0.487320305,5.5,139,0,0.052723147,0.031663907
87824.6,0.491302664,5.5,139,0,0.050876828,0.031508786
87884.66,0.50395249,5.5,139,0,0.052249314,0.032626766
87944.7,0.505053509,5.5,139,0,0.052002305,0.032270837
88004.76,0.504682368,5.5,139,0,0.052186696,0.031712474
88064.81,0.526302034,5.5,139,0,0.051361386,0.032178218
88124.85,0.530685882,5.5,139,0,0.052010302,0.032141567
88184.9,0.52235729,5.5,139,0,0.052558984,0.03290469
88244.96,0.555113989,5.5,139,0,0.051386072,0.032158951
88305.02,0.536477755,5.5,139,0,0.050640394,0.032612613
88365.07,0.558903168,5.5,139,0,0.052109358,0.032269894
88425.14,0.564966046,5.5,139,0,0.050989244,0.031778864
88485.21,0.501981815,5.5,139,0,0.051853454,0.031954519
88545.28,0.486538231,5.5,139,0,0.051924207,0.032225781
88605.34,0.456167764,5.5,139,0,0.052343457,0.0325
88665.41,0.453671177,5.5,139,0,0.052113406,0.031623758
88725.46,0.465063264,5.5,139,0,0.051507358,0.032381682
88785.51,0.476487769,5.5,139,0,0.050671759,0.032308596
88845.58,0.481654437,5.5,139,0,0.051540496,0.032567771
88905.63,0.492605879,5.5,139,0,0.052982184,0.032134967
88965.67,0.486440983,5.5,139,0,0.051969288,0.032700215
89025.74,0.500678275,5.5,139,0,0.052881406,0.032949893
89085.82,0.539975843,5.5,139,0,0.052157115,0.031767687
89145.86,0.511396371,5.5,139,0,0.052635427,0.032958801
89205.91,0.530519203,5.5,139,0,0.051551379,0.032098313
89265.98,0.543285431,5.5,139,0,0.051063549,0.032634494
89326.03,0.565887708,5.5,139,0,0.05214019,0.033005106
89386.07,0.51660166,5.5,139,0,0.052317543,0.032547699
89446.14,0.474891899,5.5,139,0,0.05159633,0.032628399
89506.2,0.444297854,5.5,139,0,0.052974347,0.032633548
89566.27,0.450260439,5.5,139,0,0.052540913,0.031574574
89626.34,0.443643561,5.5,139,0,0.052766354,0.032185781
89686.41,0.462663713,5.5,139,0,0.051840607,0.031971947
89746.45,0.452679341,5.5,139,0,0.051756816,0.032072857
89806.49,0.473197187,5.5,139,0,0.051334254,0.031902324
89866.56,0.489756156,5.5,139,0,0.052266667,0.031669866
89926.62,0.470872485,5.5,139,0,0.051732798,0.03234127
89986.66,0.490731753,5.5,139,0,0.052785472,0.031765935
90046.71,0.492934011,5.5,139,0,0.050985582,0.032023011
90106.75,0.521550026,5.5,139,0,0.051571603,0.032164309
90166.82,0.512806339,5.5,139,0,0.05085883,0.032381682
90226.86,0.498037035,5.5,139,0,0.051519435,0.031529699
90286.92,0.519898859,5.5,139,0,0.052481631,0.033202026
90346.98,0.535177644,5.5,139,0,0.05094108,0.032450077
90407.04,0.528321402,5.5,139,0,0.051892903,0.032768362
90467.11,0.541834801,5.5,139,0,0.050085112,0.032923368
90527.16,0.549319352,5.5,139,0,0.05091623,0.032725322
90587.2,0.506725645,5.5,139,0,0.051613821,0.032685842
90647.26,0.472276193,5.5,139,0,0.05148733,0.032881217
90707.3,0.428809522,5.5,139,0,0.051863857,0.032629934
90767.34,0.436212771,5.5,139,0,0.052090473,0.0319063
90827.41,0.429991069,5.5,139,0,0.051764352,0.032398262
90887.48,0.442976683,5.5,139,0,0.05297798,0.032592025
90947.51,0.471012165,5.5,139,0,0.05195599,0.031859149
91007.56,0.466379225,5.5,139,0,0.051265318,0.031986877
91067.6,0.473777564,5.5,139,0,0.051671048,0.033139535
91127.64,0.49011082,5.5,139,0,0.052183735,0.033096017
91187.71,0.488652733,5.5,139,0,0.050923023,0.032323232
91247.78,0.511000548,5.5,139,0,0.051836794,0.032606521
91307.84,0.493207811,5.5,139,0,0.051594411,0.032699058
91367.9,0.518455188,5.5,139,0,0.050761081,0.033017993
91427.94,0.509057777,5.5,139,0,0.050526034,0.032387121
91488.04,0.521318067,5.5,139,1000,0.051452399,0.032626427
91548.1,0.550196917,5.5,139,1000,0.050999931,0.032323232
91608.16,0.560675683,5.5,139,1000,0.050349556,0.032912781
91668.21,0.49206254,5.5,139,1000,0.051868746,0.032391863
91728.28,0.45326757,5.5,139,1000,0.052922591,0.032251835
91788.31,0.455116885,5.5,139,1000,0.053709492,0.031488363
91848.36,0.469381756,5.5,139,1000,0.051531104,0.032264736
91908.4,0.463163019,5.5,139,1000,0.052533849,0.032350532
91968.47,0.471880554,5.5,139,1000,0.051278389,0.031452535
92028.5,0.476839082,5.5,139,1000,0.052336011,0.032053743
92088.58,0.501016581,5.5,139,1000,0.051872771,0.032207384
92148.62,0.500078174,5.5,139,1000,0.050486368,0.032835234
92208.68,0.520230515,5.5,139,1000,0.051748149,0.032328876
92268.75,0.511923484,5.5,139,1000,0.052044884,0.033092431
92328.82,0.505583939,5.5,139,1000,0.05065794,0.031566641
92388.86,0.537324077,5.5,139,1000,0.051933783,0.032308905
92448.92,0.523081814,5.5,139,1000,0.050998875,0.03228852
92508.96,0.534888595,5.5,139,1000,0.051253247,0.03246878
92569.01,0.582079894,5.5,139,1000,0.051665243,0.032163743
92629.07,0.55973605,5.5,139,1000,0.050146532,0.032673637
92689.12,0.495512925,5.5,139,1000,0.051189465,0.0324663
92749.16,0.449250831,5.5,139,1000,0.052155072,0.032181168
92809.22,0.484710299,5.5,139,1000,0.05110952,0.031610338
92869.27,0.466481425,5.5,139,1000,0.052204176,0.032543266
92929.31,0.482455318,5.5,139,1000,0.051413131,0.0324
92989.36,0.479205979,5.5,139,1000,0.052338616,0.032043531
93049.43,0.486009462,5.5,139,1000,0.051810332,0.032224959
93109.48,0.48916021,5.5,139,1000,0.051491298,0.032510536
93169.54,0.503001234,5.5,139,1000,0.052119475,0.032556419
93229.6,0.515930008,5.5,139,1000,0.051884015,0.031891085
93289.67,0.529100214,5.5,139,1000,0.05121917,0.032941176
93349.74,0.515897732,5.5,139,1000,0.050429185,0.03287876
93409.79,0.531947139,5.5,139,1000,0.051485858,0.032921028
93469.83,0.525462148,5.5,139,1000,0.050079072,0.032270384
93529.88,0.53977611,5.5,139,1000,0.050618291,0.032398981
93589.92,0.571758364,5.5,139,1000,0.050814825,0.031238022
93649.96,0.559864359,5.5,139,1000,0.05064648,0.032360052
93710.01,0.509146189,5.5,139,1000,0.051479035,0.032180692
93770.07,0.452627143,5.5,139,1000,0.051224275,0.032040816
93830.16,0.457320477,5.5,139,1000,0.052423263,0.03212035
93890.2,0.441665449,5.5,139,1000,0.051197358,0.032147613
93950.27,0.443831502,5.5,139,1000,0.051340996,0.032352368
94010.34,0.453438944,5.5,139,1000,0.052757424,0.033267327
94070.39,0.459202552,5.5,139,1000,0.052210366,0.032757235
94130.45,0.478419246,5.5,139,1000,0.052177964,0.031966224
94190.49,0.479118784,5.5,139,1000,0.052080981,0.03326074
94250.56,0.481844475,5.5,139,1000,0.051520023,0.032294833
94310.59,0.490225427,5.5,139,1000,0.050646249,0.032309217
94370.64,0.497346379,5.5,139,1000,0.051513388,0.03231458
94430.68,0.518031208,5.5,139,1000,0.051564696,0.032561641
94490.76,0.519467196,5.5,139,1000,0.050721592,0.032500918
94550.81,0.530047629,5.5,139,1000,0.051381177,0.032074397
94610.87,0.52434157,5.5,139,1000,0.051517136,0.0330033
94670.92,0.537025824,5.5,139,1000,0.050816574,0.032149533
94730.95,0.539234255,5.5,139,1000,0.050516648,0.032300969
94790.98,0.565909151,5.5,139,1000,0.050371371,0.032057153
94851.06,0.571742802,5.5,139,1000,0.050394125,0.032117892
94911.1,0.524720039,5.5,139,1000,0.051495867,0.032728633
94971.15,0.457081319,5.5,139,1000,0.051448626,0.032608696
95031.2,0.428001731,5.5,139,1000,0.052696787,0.032277587
95091.27,0.411691089,5.5,139,1000,0.052195007,0.031666667
95151.34,0.429794317,5.5,139,1000,0.051563565,0.032291238
95211.4,0.436117285,5.5,139,1000,0.05229481,0.032914423
95271.46,0.455883063,5.5,139,1000,0.052328746,0.032171025
95331.52,0.456114174,5.5,139,1000,0.051430244,0.03192848
95391.56,0.46417934,5.5,139,1000,0.051609076,0.032837039
95451.59,0.468103957,5.5,139,1000,0.051756139,0.031675127
95511.65,0.487291058,5.5,139,1000,0.051753415,0.03198859
95571.71,0.498795934,5.5,139,1000,0.051402902,0.031739573
95631.78,0.496980728,5.5,139,1000,0.051832761,0.032055064
95691.83,0.505171476,5.5,139,1000,0.05145996,0.031989645
95751.87,0.495498841,5.5,139,1000,0.050574559,0.032786885
95811.94,0.517489257,5.5,139,1000,0.051123054,0.032294195
95872.01,0.515309011,5.5,139,1000,0.051375767,0.031207334
95932.04,0.535682283,5.5,139,1000,0.051988657,0.032420347
95992.11,0.531601402,5.5,139,1000,0.051854945,0.032552827
96052.18,0.542676108,5.5,139,1000,0.052153716,0.032484802
96112.26,0.568056965,5.5,139,1000,0.050186934,0.03199843
96172.33,0.495145024,5.5,139,1000,0.052501867,0.032289438
96232.37,0.460356523,5.5,139,1000,0.052795267,0.031854839
96292.4,0.410355123,5.5,139,1000,0.053632934,0.032635468
96352.44,0.423433818,5.5,139,1000,0.052890334,0.032515337
96412.48,0.428969634,5.5,139,1000,0.05312085,0.031661184
96472.52,0.435562476,5.5,139,1000,0.053392212,0.0316403
96532.59,0.437085428,5.5,139,1000,0.052512959,0.032042182
96592.65,0.453508101,5.5,139,1000,0.052793863,0.031601273
96652.72,0.464576983,5.5,139,1000,0.052557968,0.032388664
96712.77,0.459044693,5.5,139,1000,0.051958151,0.032012493
96772.84,0.456327053,5.5,139,1000,0.053332325,0.032140691
96832.89,0.480227018,5.5,139,1000,0.053153359,0.032910875
96892.97,0.47116969,5.5,139,1000,0.053786708,0.032347688
96953.04,0.498103187,5.5,139,1000,0.053575465,0.032316339
97013.09,0.492915293,5.5,139,1000,0.052230457,0.03213466
97073.17,0.497525259,5.5,139,1000,0.052642965,0.032091691
97133.21,0.517399995,5.5,139,1000,0.052875561,0.032025176
97193.25,0.505454009,5.5,139,1000,0.052416563,0.033010814
97253.3,0.536030132,5.5,139,1000,0.054155135,0.031794675
97313.37,0.536825461,5.5,139,1000,0.052748627,0.03275069
97373.43,0.549341712,5.5,139,1000,0.05241661,0.032299742
97433.47,0.539178136,5.5,139,1000,0.052727656,0.032644781
97493.55,0.554416947,5.5,139,1000,0.052524843,0.032653798
97553.61,0.562859631,5.5,139,1000,0.052824196,0.032429559
97613.67,0.507619373,5.5,139,1000,0.051988401,0.032330827
97673.73,0.477757841,5.5,139,1000,0.053787879,0.032671629
97733.79,0.437846281,5.5,139,1000,0.053576983,0.031570316
97793.86,0.445649439,5.5,139,1000,0.053967007,0.032109171
97853.93,0.445886565,5.5,139,1000,0.053608565,0.032363785
97913.97,0.446608647,5.5,139,1000,0.054151061,0.032743543
97974.01,0.451215358,5.5,139,1000,0.052730561,0.031916939
98034.08,0.478217722,5.5,139,1000,0.053290152,0.032935364
98094.14,0.47970448,5.5,139,1000,0.053213292,0.031705894
98154.2,0.465429011,5.5,139,1000,0.054317763,0.031873289
98214.25,0.483029705,5.5,139,1000,0.05335954,0.031773879
98274.36,0.501594232,5.5,139,1000,0.053210485,0.032016211
98334.4,0.490216922,5.5,139,1000,0.052945351,0.032
98394.46,0.522986788,5.5,139,1000,0.053290855,0.032252085
98454.54,0.511180653,5.5,139,1000,0.051995484,0.032276547
98514.61,0.508867876,5.5,139,1000,0.053713868,0.032531546
98574.64,0.516519464,5.5,139,1000,0.052557296,0.032029191
98634.69,0.521546021,5.5,139,1000,0.052938353,0.032220944
98694.77,0.546561774,5.5,139,1000,0.053855123,0.032694476
98754.81,0.532485996,5.5,139,1000,0.053009576,0.033344972
98814.89,0.544776059,5.5,139,1000,0.052806377,0.032059646
98874.96,0.558226061,5.5,139,1000,0.05284102,0.032988109
98935,0.507119264,5.5,139,1000,0.054553519,0.031969553
98995.04,0.499494201,5.5,139,1000,0.053954675,0.031288344
99055.09,0.438645147,5.5,139,1000,0.053889914,0.032309533
99115.13,0.437410355,5.5,139,1000,0.053602879,0.031780931
99175.18,0.462734425,5.5,139,1000,0.054617519,0.03285124
99235.24,0.442298177,5.5,139,1000,0.053227717,0.031860421
99295.31,0.464689793,5.5,139,1000,0.053081192,0.031972652
99355.37,0.477367624,5.5,139,1000,0.054072553,0.032346599
99415.42,0.472994118,5.5,139,1000,0.054434573,0.031801435
99475.49,0.492308663,5.5,139,1000,0.053308156,0.031862745
99535.55,0.503243048,5.5,139,1000,0.054964137,0.032144944
99595.61,0.511472758,5.5,139,1000,0.054199108,0.033111323
99655.69,0.50585873,5.5,139,1000,0.052702521,0.032010734
99715.74,0.505405496,5.5,139,1000,0.053328662,0.032234023
99775.78,0.503550583,5.5,139,1000,0.054247327,0.032361242
99835.82,0.517538784,5.5,139,1000,0.053321377,0.031749014
99895.87,0.522313216,5.5,139,1000,0.052885596,0.032375479
99955.91,0.537318279,5.5,139,1000,0.053115424,0.032074397
100015.96,0.537744929,5.5,139,1000,0.051840201,0.03268338
100076.03,0.543076669,5.5,139,1000,0.052853844,0.032375979
100136.08,0.562490578,5.5,139,1000,0.053391053,0.032862126
100196.15,0.495430559,5.5,139,1000,0.054207352,0.03250189
100256.2,0.466153563,5.5,139,1000,0.053272233,0.031843468
100316.26,0.440110496,5.5,139,1000,0.053735456,0.032650448
100376.33,0.456464383,5.5,139,1000,0.054527147,0.032204099
100436.44,0.43992861,5.5,139,1000,0.054222082,0.032654707
100496.5,0.447598522,5.5,139,1000,0.05468259,0.032171065
100556.58,0.452949211,5.5,139,1000,0.053258328,0.032226752
100616.62,0.457811909,5.5,139,1000,0.054242629,0.031823506
100676.66,0.461616878,5.5,139,1000,0.054978288,0.032850997
100736.73,0.475628506,5.5,139,1000,0.054789272,0.031886285
100796.79,0.473366796,5.5,139,1000,0.054489639,0.032500991
100856.86,0.486544964,5.5,139,1000,0.054927786,0.031427413
100916.9,0.487597465,5.5,139,1000,0.053955257,0.03187886
100976.96,0.503674904,5.5,139,1000,0.053445851,0.032090891
101037.04,0.528166214,5.5,139,1000,0.052431459,0.031881372
101097.07,0.512373973,5.5,139,1000,0.053374105,0.032359467
101157.12,0.536213039,5.5,139,1000,0.053958613,0.032396202
101217.19,0.549824078,5.5,139,1000,0.052505649,0.032783814
101277.27,0.537302995,5.5,139,1000,0.053537949,0.031924883
101337.31,0.549568451,5.5,139,1000,0.054415954,0.032369278
101397.36,0.540893621,5.5,139,1000,0.053531749,0.033208955
101457.42,0.522453391,5.5,139,1000,0.053320203,0.032289628
101517.46,0.460901726,5.5,139,1000,0.05471268,0.032082324
101577.51,0.408756225,5.5,139,1000,0.053601213,0.032508389
101637.58,0.423932042,5.5,139,1000,0.054457793,0.031910306
101697.64,0.421881222,5.5,139,1000,0.05440637,0.032024169
101757.68,0.42983524,5.5,139,1000,0.052461836,0.03240269
101817.72,0.427439347,5.5,139,1000,0.052466047,0.032619988
101877.77,0.447079119,5.5,139,1000,0.054856963,0.032593756
101937.83,0.444514372,5.5,139,1000,0.054217334,0.03240269
101997.9,0.454027839,5.5,139,1000,0.054293798,0.03243037
102057.95,0.45449067,5.5,139,1000,0.054027205,0.032821907
102118.01,0.459812118,5.5,139,1000,0.052928723,0.032898469
102178.08,0.461567795,5.5,139,1000,0.053071253,0.032947284
102238.15,0.485424698,5.5,139,1000,0.053689348,0.032130107
102298.22,0.496205473,5.5,139,1000,0.052960157,0.032003012
102358.3,0.492348963,5.5,139,1000,0.053570165,0.032097822
102418.33,0.5050462,5.5,139,1000,0.054689232,0.032342986
102478.39,0.505932366,5.5,139,1000,0.054794521,0.032862126
102538.46,0.514421749,5.5,139,1000,0.05301583,0.031910728
102598.55,0.51345949,5.5,139,1000,0.05292172,0.032403919
102658.6,0.522175078,5.5,139,1000,0.052705131,0.031969309
102718.67,0.528800792,5.5,139,1000,0.053483114,0.032325937
102778.71,0.544505673,5.5,139,1000,0.053341508,0.032329577
102838.76,0.556763953,5.5,139,1000,0.05408886,0.03261071
102898.8,0.513407977,5.5,139,1000,0.05393163,0.032724505
102958.86,0.477924419,5.5,139,1000,0.053052692,0.032364341
103018.9,0.438435514,5.5,139,1000,0.053133314,0.032161874
103078.94,0.437692969,5.5,139,1000,0.054694836,0.032535684
103138.97,0.452192718,5.5,139,1000,0.053633743,0.032001552
103199.04,0.45793503,5.5,139,1000,0.053618907,0.031723291
103259.11,0.450617901,5.5,139,1000,0.053833605,0.032715806
103319.17,0.458870752,5.5,139,1000,0.053287651,0.032083417
103379.22,0.472726431,5.5,139,1000,0.05326337,0.032950192
103439.26,0.484434556,5.5,139,1000,0.052720728,0.032132425
103499.31,0.486934585,5.5,139,1000,0.053101135,0.032433521
103559.37,0.487388987,5.5,139,1000,0.053395954,0.03207221
103619.42,0.490232021,5.5,139,1000,0.053472828,0.032123961
103679.48,0.497979879,5.5,139,1000,0.052848601,0.032251797
103739.52,0.49677208,5.5,139,1000,0.052563403,0.032418457
103799.58,0.502224066,5.5,139,1000,0.053399786,0.032360643
103859.63,0.536362411,5.5,139,1000,0.052677966,0.031884608
103919.67,0.535994029,5.5,139,1000,0.052752774,0.032920217
103979.71,0.536097424,5.5,139,1000,0.053259807,0.032472465
104039.77,0.565440724,5.5,139,1000,0.051600424,0.032234698
104099.8,0.559866499,5.5,139,1000,0.051493049,0.032494584
104159.85,0.531594065,5.5,139,1000,0.052945614,0.032140807
104219.9,0.492126764,5.5,139,1000,0.05274786,0.031880777
104279.96,0.452938679,5.5,139,1000,0.053292701,0.032427184
104340,0.44870544,5.5,139,1000,0.05326222,0.032091097
104400.05,0.470198768,5.5,139,1000,0.053295421,0.032868336
104460.11,0.472280747,5.5,139,1000,0.054089506,0.032505552
104520.17,0.47079154,5.5,139,1000,0.052238294,0.032818533
104580.22,0.479193698,5.5,139,1000,0.053673142,0.032846715
104640.26,0.508764465,5.5,139,1000,0.052768045,0.032264372
104700.31,0.501523676,5.5,139,1000,0.052783854,0.032075852
104760.39,0.51702003,5.5,139,1000,0.052672293,0.032856094
104820.42,0.515803276,5.5,139,1000,0.052492191,0.032132425
104880.5,0.527932237,5.5,139,1000,0.052466184,0.032322863
104940.57,0.517955146,5.5,139,1000,0.053089706,0.032246039
105000.66,0.529497513,5.5,139,1000,0.052553763,0.032732007
105060.73,0.553698499,5.5,139,1000,0.052848272,0.033053421
105120.77,0.560352847,5.5,139,1000,0.053191489,0.032819583
105180.82,0.500050888,5.5,139,1000,0.054326396,0.031754979
105240.87,0.45958975,5.5,139,1000,0.053440868,0.032595812
105300.93,0.450327824,5.5,139,1000,0.053652181,0.032141422
105360.98,0.458326503,5.5,139,1000,0.053270398,0.032634972
105421.02,0.450749155,5.5,139,1000,0.053981107,0.032979749
105481.06,0.469189667,5.5,139,1000,0.052650328,0.032251872
105541.11,0.481576006,5.5,139,1000,0.053490414,0.033141496
105601.17,0.484732269,5.5,139,1000,0.054131484,0.031714957
105661.22,0.50960787,5.5,139,1000,0.052296868,0.031832737
105721.27,0.487337382,5.5,139,1000,0.053467789,0.032016871
105781.34,0.508628201,5.5,139,1000,0.051961895,0.032320872
105841.41,0.516618593,5.5,139,1000,0.053823744,0.032283008
105901.48,0.526554937,5.5,139,1000,0.053234075,0.032351802
105961.54,0.531875755,5.5,139,1000,0.05171521,0.03223301
106021.59,0.535003667,5.5,139,1000,0.053239785,0.032035296
106081.67,0.546263761,5.5,139,1000,0.052366766,0.032474601
106141.73,0.545840589,5.5,139,1000,0.052276337,0.032166341
106201.78,0.523172129,5.5,139,1000,0.054281567,0.032840407
106261.82,0.467759918,5.5,139,1000,0.055367143,0.032713147
106321.86,0.426781559,5.5,139,1000,0.05436984,0.032113821
106381.91,0.444741416,5.5,139,1000,0.054160661,0.032193561
106441.96,0.432746234,5.5,139,1000,0.054572502,0.03187251
106502,0.447147542,5.5,139,1000,0.054078482,0.031634092
106562.06,0.442756127,5.5,139,1000,0.054656489,0.0320539
106622.1,0.463789884,5.5,139,1000,0.054949278,0.032409215
106682.17,0.459249825,5.5,139,1000,0.054113668,0.031476496
106742.24,0.481344203,5.5,139,1000,0.054339735,0.03187174
106802.31,0.473283818,5.5,139,1000,0.0557023,0.031312325
106862.38,0.481916389,5.5,139,1000,0.054834162,0.032090891
106922.43,0.464603488,5.5,139,1000,0.054493933,0.0328585
106982.5,0.501510502,5.5,139,1000,0.054681268,0.031224819
107042.54,0.509387648,5.5,139,1000,0.054245113,0.032796544
107102.6,0.50944248,5.5,139,1000,0.053392509,0.032919488
107162.68,0.512207538,5.5,139,1000,0.054868016,0.033026834
107222.76,0.525940702,5.5,139,1000,0.055599511,0.032654559
107282.84,0.546606377,5.5,139,1000,0.054375175,0.031858729
107342.92,0.559159945,5.5,139,1000,0.054998949,0.032180507
107402.96,0.504391759,5.5,139,1000,0.055985706,0.032604599
107463.02,0.439332944,5.5,139,1000,0.055213803,0.032493907
107523.07,0.474255346,5.5,139,1000,0.055178721,0.032369942
107583.13,0.426194217,5.5,139,1000,0.055909525,0.031801395
107643.2,0.452734818,5.5,139,1000,0.055499022,0.032076651
107703.26,0.436154079,5.5,139,1000,0.055620291,0.032927852
107763.32,0.45024831,5.5,139,1000,0.05555131,0.031442663
107823.38,0.450040629,5.5,139,1000,0.055715585,0.033039196
107883.42,0.470676399,5.5,139,1000,0.055943531,0.031908607
107943.45,0.462476473,5.5,139,1000,0.054815975,0.031818182
108003.48,0.483754148,5.5,139,1000,0.055119795,0.031795878
108063.55,0.484606796,5.5,139,1000,0.05551476,0.032398636
108123.6,0.478212161,5.5,139,1000,0.056184832,0.032271077
108183.64,0.494124502,5.5,139,1000,0.055076594,0.032897268
108243.7,0.523139769,5.5,139,1000,0.054855863,0.032954545
108303.74,0.528555271,5.5,139,1000,0.054564387,0.032213439
108363.79,0.510736566,5.5,139,1000,0.054491099,0.032783705
108423.83,0.530197476,5.5,139,1000,0.054655595,0.032649071
108483.89,0.535164219,5.5,139,1000,0.054281861,0.032462687
108543.96,0.537970264,5.5,139,1000,0.055708092,0.032389413
108604.04,0.551946068,5.5,139,1000,0.05532033,0.032499544
108664.1,0.545239779,5.5,139,1000,0.055069342,0.032372754
108724.15,0.49881743,5.5,139,1000,0.054887648,0.031608617
108784.22,0.447113903,5.5,139,1000,0.055098498,0.032157474
108844.26,0.446263931,5.5,139,1000,0.055141243,0.032579923
108904.33,0.454074021,5.5,139,1000,0.055542787,0.032688588
108964.37,0.459894972,5.5,139,1000,0.054766734,0.032056619
109024.41,0.464602866,5.5,139,1000,0.054115475,0.031698565
109084.46,0.467399577,5.5,139,1000,0.054934549,0.032220039
109144.53,0.477351122,5.5,139,1000,0.055580127,0.032033426
109204.56,0.480097337,5.5,139,1000,0.054451539,0.032095901
109264.62,0.494219682,5.5,139,1000,0.055722665,0.031992149
109324.68,0.508757596,5.5,139,1000,0.055856515,0.032634494
109384.72,0.514055294,5.5,139,1000,0.055135898,0.032585777
109444.76,0.531009807,5.5,139,1000,0.055419606,0.032696547
109504.87,0.521843927,5.5,139,1000,0.053805334,0.032914201
109564.92,0.527505376,5.5,139,1000,0.054348566,0.033060992
109624.98,0.529999979,5.5,139,1000,0.05417988,0.031813167
109685.04,0.545396021,5.5,139,1000,0.053673242,0.032491645
109745.09,0.556059895,5.5,139,1000,0.054502846,0.032498668
109805.15,0.507996879,5.5,139,1000,0.055162763,0.032094595
109865.2,0.44893522,5.5,139,1000,0.056143826,0.032115385
109925.24,0.452236197,5.5,139,1000,0.054919566,0.031833366
109985.3,0.450897406,5.5,139,1000,0.054036552,0.032189668
110045.37,0.477068111,5.5,139,1000,0.05462393,0.03155491
110105.41,0.479417869,5.5,139,1000,0.055810231,0.0328125
110165.48,0.482040364,5.5,139,1000,0.055226543,0.031842305
110225.52,0.500845963,5.5,139,1000,0.05579368,0.032802986
110285.57,0.506241702,5.5,139,1000,0.055860203,0.031835938
110345.64,0.503313394,5.5,139,1000,0.055369725,0.032258065
110405.7,0.517320547,5.5,139,1000,0.055370907,0.032656161
110465.76,0.518748031,5.5,139,1000,0.055430342,0.032252119
110525.8,0.525104541,5.5,139,1000,0.055872374,0.032042724
110585.84,0.53693392,5.5,139,1000,0.055979105,0.032428493
110645.9,0.54987028,5.5,139,1000,0.055037057,0.033106319
110705.96,0.539304241,5.5,139,1000,0.054701987,0.032826862
110766.02,0.556260471,5.5,139,1000,0.054261548,0.032246039
110826.08,0.554122271,5.5,139,1000,0.055281274,0.032722746
110886.13,0.516606624,5.5,139,1000,0.053837494,0.032183499
110946.17,0.462494424,5.5,139,1000,0.055317871,0.032679739
111006.24,0.445564374,5.5,139,1000,0.05568554,0.03202995
111066.3,0.435963932,5.5,139,1000,0.055699285,0.032377609
111126.34,0.460319145,5.5,139,1000,0.055414454,0.03243762
111186.4,0.454354045,5.5,139,1000,0.054684625,0.031790744
111246.43,0.471655339,5.5,139,1000,0.055685358,0.031365673
111306.49,0.468041359,5.5,139,1000,0.054926594,0.031780497
111366.52,0.496630814,5.5,139,1000,0.055864221,0.032212603
111426.56,0.465475219,5.5,139,1000,0.055600029,0.032727273
111486.62,0.489075524,5.5,139,1000,0.054854439,0.031783085
111546.65,0.507038152,5.5,139,1000,0.05414658,0.032018743
111606.7,0.520620911,5.5,139,1000,0.054447588,0.032973503
111666.74,0.509241736,5.5,139,1000,0.055161153,0.032930233
111726.81,0.524384076,5.5,139,1000,0.055112045,0.033219609
111786.88,0.527522783,5.5,139,1000,0.052998066,0.031279621
111846.96,0.531301607,5.5,139,1000,0.053994232,0.03246871
111907.03,0.559757213,5.5,139,1000,0.053633788,0.032063027
111967.1,0.545549502,5.5,139,1000,0.054574964,0.032415791
112027.15,0.501357235,5.5,139,1000,0.055257944,0.032160993
112087.22,0.49865096,5.5,139,1000,0.055287407,0.03157687
112147.28,0.466324502,5.5,139,1000,0.055978504,0.032010998
112207.35,0.439993011,5.5,139,1000,0.055251177,0.032331606
112267.41,0.42693933,5.5,139,1000,0.055661166,0.03264095
112327.46,0.433037554,5.5,139,1000,0.056360202,0.031670462
112387.49,0.433247875,5.5,139,1000,0.055568242,0.031700288
112447.56,0.456943992,5.5,139,1000,0.055597752,0.032481261
112507.63,0.453478868,5.5,139,1000,0.055115274,0.033029613
112567.69,0.469227584,5.5,139,1000,0.05553515,0.032327167
112627.73,0.48873003,5.5,139,1000,0.056400602,0.032270996
112687.77,0.488681355,5.5,139,1000,0.057279781,0.032168936
112747.8,0.512845644,5.5,139,1000,0.055823179,0.031524342
112807.84,0.49801349,5.5,139,1000,0.055607849,0.032117367
112867.89,0.510295653,5.5,139,1000,0.0563024,0.031764939
112927.93,0.521402981,5.5,139,1000,0.055997685,0.032046477
112987.98,0.519092858,5.5,139,1000,0.054644086,0.032369942
113048.05,0.527424798,5.5,139,1000,0.056215134,0.032582387
113108.13,0.531929452,5.5,139,1000,0.056297778,0.032677312
113168.21,0.519588112,5.5,139,1000,0.055360463,0.032287654
113228.32,0.546454246,5.5,139,1000,0.055865537,0.032446227
113288.4,0.553850165,5.5,139,1000,0.056411324,0.033026898
113348.45,0.488375514,5.5,139,1000,0.056536088,0.032110963
113408.49,0.48461851,5.5,139,1000,0.057017211,0.031652989
113468.55,0.425137699,5.5,139,1000,0.057838913,0.031996676
113528.6,0.434623466,5.5,139,1000,0.057041286,0.032826748
113588.67,0.442894048,5.5,139,1000,0.05700415,0.031780931
113648.74,0.447384061,5.5,139,1000,0.056490749,0.032527106
113708.81,0.456178359,5.5,139,1000,0.055780055,0.032066993
113768.88,0.445624729,5.5,139,1000,0.057622289,0.03221371
113828.93,0.448337519,5.5,139,1000,0.05645762,0.031710311
113889.05,0.465113052,5.5,139,1000,0.055901988,0.032504406
113949.12,0.461177964,5.5,139,1000,0.05667835,0.032825786
114009.16,0.470161155,5.5,139,1000,0.055859487,0.031955263
114069.24,0.477634869,5.5,139,1000,0.055773706,0.031802823
114129.32,0.482705373,5.5,139,1000,0.056326883,0.032115616
114189.39,0.496637609,5.5,139,1000,0.056665935,0.031827112
114249.43,0.486793154,5.5,139,1000,0.056084198,0.032082198
114309.5,0.510632523,5.5,139,1000,0.057080132,0.032152484
114369.79,0.512716135,5.5,139,1000,0.056694038,0.032421663
114429.84,0.521375486,5.5,139,1000,0.05558572,0.032482599
114489.9,0.537362249,5.5,139,1000,0.055417977,0.032860478
114549.98,0.526523427,5.5,139,1000,0.055682891,0.033105434
114610.01,0.546184025,5.5,139,1000,0.055424063,0.031788315
114670.08,0.549135236,5.5,139,1000,0.055828556,0.032471106
114730.14,0.49527205,5.5,139,1000,0.056422657,0.032693814
114790.21,0.445605715,5.5,139,1000,0.055705706,0.03199843
114850.28,0.470478509,5.5,139,1000,0.055412086,0.032406481
114910.32,0.462986525,5.5,139,1000,0.055279994,0.031755087
114970.4,0.466368688,5.5,139,1000,0.055159635,0.032327586
115030.44,0.472323901,5.5,139,1000,0.055290546,0.03252359
115090.49,0.498296968,5.5,139,1000,0.054221376,0.032381335
115150.55,0.517313969,5.5,139,1000,0.055908151,0.032351242
115210.6,0.493394985,5.5,139,1000,0.054769104,0.032363785
115270.66,0.504125992,5.5,139,1000,0.05594306,0.031399579
115330.71,0.527581944,5.5,139,1000,0.055926663,0.032204941
115390.75,0.526024783,5.5,139,1000,0.054893414,0.03253208
115450.79,0.536843156,5.5,139,1000,0.053845655,0.032193887
115510.84,0.550351506,5.5,139,1000,0.054369316,0.03309563
115570.91,0.535559815,5.5,139,1000,0.055202432,0.032509753
115630.95,0.542362405,5.5,139,1000,0.056154165,0.032333815
115691.02,0.574002764,5.5,139,1000,0.053649015,0.03271028
115751.13,0.526569394,5.5,139,1000,0.056160878,0.032536765
115811.17,0.481797579,5.5,139,1000,0.056469878,0.0324
115871.23,0.457081189,5.5,139,1000,0.055410791,0.032303091
115931.29,0.435792771,5.5,139,1000,0.054978941,0.032346599
115991.38,0.449878905,5.5,139,1000,0.055785591,0.032379072
116051.49,0.457437194,5.5,139,1000,0.056435336,0.032490975
116111.54,0.47405417,5.5,139,1000,0.055784042,0.033138045
116171.61,0.478006713,5.5,139,1000,0.054775981,0.032110092
116231.67,0.481469022,5.5,139,1000,0.05527892,0.033027523
116291.73,0.483202798,5.5,139,1000,0.054603929,0.032480866
116351.78,0.490914545,5.5,139,1000,0.05527283,0.03180561
116411.81,0.517049485,5.5,139,1000,0.055108665,0.03235807
116471.88,0.521535299,5.5,139,1000,0.055673308,0.031891085
116531.96,0.526051836,5.5,139,1000,0.054859256,0.032153729
116592.01,0.549045819,5.5,139,1000,0.055585573,0.032385042
116652.05,0.559693047,5.5,139,1000,0.056284114,0.031863653
116712.12,0.515470298,5.5,139,1000,0.056383903,0.033073207
116772.19,0.468589682,5.5,139,1000,0.05646711,0.032638616
116832.23,0.427757818,5.5,139,1000,0.055664357,0.032101757
116892.3,0.434114765,5.5,139,1000,0.055866779,0.031809946
116952.36,0.442891728,5.5,139,1000,0.056615385,0.031543222
117012.43,0.44990526,5.5,139,1000,0.055677175,0.032296414
117072.47,0.459465105,5.5,139,1000,0.057098884,0.03204999
117132.51,0.462891541,5.5,139,1000,0.057033931,0.032394909
117192.56,0.471226253,5.5,139,1000,0.057097721,0.032485323
117252.6,0.475494247,5.5,139,1000,0.055726687,0.032213164
117312.67,0.49864496,5.5,139,1000,0.055875162,0.032720232
117372.74,0.491234734,5.5,139,1000,0.056259682,0.031610827
117432.79,0.501984049,5.5,139,1000,0.056144817,0.033192632
117492.86,0.499429098,5.5,139,1000,0.055559433,0.03277439
117552.94,0.509515506,5.5,139,1000,0.054726701,0.032009256
117612.98,0.531042272,5.5,139,1000,0.056341061,0.03190319
117673.05,0.528937702,5.5,139,1000,0.053590773,0.032454361
117733.12,0.528567018,5.5,139,1000,0.054776129,0.031442901
117793.21,0.535902803,5.5,139,1000,0.055586018,0.032307692
117853.24,0.54204636,5.5,139,1000,0.05565371,0.032384342
117913.29,0.570818256,5.5,139,1000,0.056372378,0.03237472
117973.33,0.494638762,5.5,139,1000,0.055908238,0.031812955
118033.4,0.442617845,5.5,139,1000,0.057020887,0.03198859
118093.46,0.457119274,5.5,139,1000,0.05651087,0.032521947
118153.52,0.459316891,5.5,139,1000,0.056423022,0.031263202
118213.58,0.491164558,5.5,139,1000,0.056222789,0.03240269
118273.65,0.472753012,5.5,139,1000,0.056731773,0.032525253
118333.7,0.478857193,5.5,139,1000,0.056357951,0.032629934
118393.75,0.491129038,5.5,139,1000,0.056269022,0.031992516
118453.82,0.495064233,5.5,139,1000,0.055607713,0.033150218
118513.89,0.501477207,5.5,139,1000,0.056080837,0.032168608
118573.94,0.506815439,5.5,139,1000,0.056473631,0.031937683
118633.99,0.519096044,5.5,139,1000,0.054882538,0.032101167
118694.02,0.536352571,5.5,139,1000,0.056532754,0.032612747
118754.06,0.529937455,5.5,139,1000,0.055046485,0.032836384
118814.13,0.535076015,5.5,139,1000,0.055114907,0.032509753
118874.18,0.555583148,5.5,139,1000,0.055133578,0.033114867
118934.24,0.55763511,5.5,139,1000,0.055705059,0.033106657
118994.28,0.492847123,5.5,139,1000,0.054628633,0.032030505
119054.31,0.467742296,5.5,139,1000,0.056527385,0.032103689
119114.35,0.415147875,5.5,139,1000,0.055600739,0.032644628
119174.4,0.420795915,5.5,139,1000,0.056814555,0.03193658
119234.46,0.431690306,5.5,139,1000,0.057013433,0.031853679
119294.53,0.426832087,5.5,139,1000,0.056528418,0.031669673
119354.6,0.438572717,5.5,139,1000,0.057430811,0.032133415
119414.67,0.440347757,5.5,139,1000,0.055938296,0.032400589
119474.74,0.456459003,5.5,139,1000,0.056447359,0.032251759
119534.78,0.461294667,5.5,139,1000,0.056309666,0.032143561
119594.81,0.45945957,5.5,139,1000,0.055941602,0.032052599
119654.84,0.475602193,5.5,139,1000,0.055503361,0.033043478
119714.88,0.47852756,5.5,139,1000,0.055775459,0.032898579
119774.92,0.493530702,5.5,139,1000,0.055615126,0.032292331
119834.98,0.506545157,5.5,139,1000,0.055571388,0.032462543
119895.03,0.49579566,5.5,139,1000,0.055822839,0.032428209
119955.09,0.515906776,5.5,139,1000,0.054602081,0.032245456
120015.14,0.524847569,5.5,139,1000,0.055563103,0.032436558
120075.18,0.52669837,5.5,139,1000,0.057151063,0.032184346
120135.31,0.538081096,5.5,139,1000,0.055969139,0.032341051
120195.38,0.557315258,5.5,139,1000,0.055906528,0.032908116
120255.46,0.546683267,5.5,139,1000,0.055410861,0.031725656
120315.52,0.533328786,5.5,139,1000,0.055940258,0.032847389
120375.6,0.514191923,5.5,139,1000,0.056231966,0.033257748
120435.65,0.477912054,5.5,139,1000,0.057217069,0.031780931
120495.69,0.44560953,5.5,139,1000,0.055310215,0.033054479
120555.74,0.480141178,5.5,139,1000,0.055425282,0.031476998
120615.8,0.460996398,5.5,139,1000,0.056971847,0.03160806
120675.84,0.467090769,5.5,139,1000,0.056551724,0.032319032
120735.89,0.492328458,5.5,139,1000,0.057646425,0.032226371
120795.93,0.485615772,5.5,139,1000,0.056119912,0.032566303
120856,0.490008392,5.5,139,1000,0.05663561,0.031837058
120916.06,0.50451288,5.5,139,1000,0.056052856,0.032625786
120976.13,0.50504482,5.5,139,1000,0.056951793,0.032258065
121036.16,0.507574058,5.5,139,1000,0.055829228,0.033016228
121096.21,0.531015505,5.5,139,1000,0.055620408,0.032294405
121156.26,0.52964655,5.5,139,1000,0.056043956,0.032477064
121216.34,0.557482209,5.5,139,1000,0.055046481,0.032451698
121276.38,0.530326833,5.5,139,1000,0.054981018,0.032543266
121336.46,0.563463109,5.5,139,1000,0.055383996,0.032354035
121396.54,0.556319793,5.5,139,1000,0.056287998,0.032347505
121456.58,0.498502002,5.5,139,1000,0.055640882,0.032931266
121516.62,0.483924115,5.5,139,1000,0.056972288,0.031614305
121576.67,0.41769328,5.5,139,1000,0.055911869,0.032867397
121636.71,0.444831197,5.5,139,1000,0.055191768,0.033326912
121696.76,0.446427617,5.5,139,1000,0.055847326,0.032399466
121756.8,0.442015774,5.5,139,1000,0.056728333,0.032597692
121816.84,0.454446046,5.5,139,1000,0.055454347,0.032136106
121876.88,0.475050489,5.5,139,1000,0.055039364,0.032103689
121936.94,0.466185818,5.5,139,1000,0.056785444,0.032046015
121996.98,0.488432011,5.5,139,1000,0.055535904,0.03255814
122057.06,0.475461263,5.5,139,1000,0.056068183,0.03228925
122117.11,0.495302129,5.5,139,1000,0.057065625,0.032933562
122177.18,0.505406921,5.5,139,1000,0.05665186,0.032270311
122237.24,0.504362381,5.5,139,1000,0.056599634,0.032491612
122297.32,0.516306867,5.5,139,1000,0.054923865,0.032062561
122357.41,0.529410681,5.5,139,1000,0.054503435,0.032409075
122417.45,0.541715701,5.5,139,1000,0.055765142,0.032397815
122477.49,0.540971758,5.5,139,1000,0.056072818,0.032197326
122537.55,0.476546469,5.5,139,1000,0.056065386,0.032523364
122597.6,0.448951583,5.5,139,1000,0.056518405,0.031623758
122657.66,0.453941049,5.5,139,1000,0.05659797,0.032008368
122717.71,0.473087689,5.5,139,1000,0.055079909,0.032467532
122777.75,0.460039847,5.5,139,1000,0.057082612,0.032518723
122837.79,0.47482065,5.5,139,1000,0.055187949,0.0325
122897.85,0.501442814,5.5,139,1000,0.056521423,0.032389449
122957.93,0.488385776,5.5,139,1000,0.055103053,0.032543266
123018,0.506382668,5.5,139,1000,0.054761098,0.031797142
123078.07,0.509594618,5.5,139,1000,0.056787298,0.03209554
123138.12,0.517192175,5.5,139,1000,0.055112926,0.032282567
123198.16,0.531749861,5.5,139,1000,0.057197264,0.032059646
123258.23,0.53407276,5.5,139,1000,0.056065992,0.032127809
123318.27,0.541997757,5.5,139,1000,0.056299186,0.031946639
123378.38,0.555905647,5.5,139,1000,0.056919097,0.032583841
123438.45,0.499390972,5.5,139,1000,0.05748222,0.032342007
123498.51,0.463913518,5.5,139,1000,0.056610718,0.031366075
123558.57,0.422640137,5.5,139,1000,0.058270976,0.032637076
123618.61,0.463439057,5.5,139,1000,0.056876704,0.031736154
123678.68,0.440543851,5.5,139,1000,0.057051086,0.032207384
123738.75,0.448686725,5.5,139,1000,0.056669237,0.031755915
123798.81,0.444763742,5.5,139,1000,0.056757769,0.032327167
123858.87,0.459384416,5.5,139,1000,0.056743483,0.033059468
123918.93,0.469466193,5.5,139,1000,0.055489386,0.032277587
123978.99,0.464234461,5.5,139,1000,0.056289948,0.032640373
124039.05,0.46370392,5.5,139,1000,0.056570805,0.031755424
124099.09,0.495702198,5.5,139,1000,0.057966616,0.032381682
124159.13,0.495004371,5.5,139,1000,0.057136788,0.032315623
124219.2,0.51475437,5.5,139,1000,0.056949596,0.031970548
124279.27,0.516521278,5.5,139,1000,0.057571685,0.033379148
124339.32,0.516055416,5.5,139,1000,0.056303972,0.032633588
124399.37,0.511892159,5.5,139,1000,0.05719225,0.032177264
124459.44,0.523464407,5.5,139,1000,0.056606427,0.032334673
124519.53,0.541078261,5.5,139,1000,0.056721057,0.03246151
124579.64,0.533355789,5.5,139,1000,0.056338028,0.032674623
124639.69,0.553763763,5.5,139,1000,0.056072265,0.032804421
124699.76,0.543766779,5.5,139,1000,0.056332151,0.032883798
124759.83,0.496423257,5.5,139,1000,0.05568622,0.032077295
124819.89,0.465354838,5.5,139,1000,0.057570978,0.031994981
124879.96,0.434039756,5.5,139,1000,0.058950336,0.03189018
124940.01,0.430145554,5.5,139,1000,0.05637822,0.032184857
125000.05,0.42041579,5.5,139,1000,0.056538727,0.032329317
125060.1,0.433535926,5.5,139,1000,0.056530363,0.032599668
125120.16,0.444544174,5.5,139,1000,0.056234173,0.030884134
125180.2,0.444619919,5.5,139,1000,0.056232912,0.032020223
125240.25,0.467669424,5.5,139,1000,0.057392103,0.032350689
125300.29,0.477646932,5.5,139,1000,0.05623078,0.031580974
125360.34,0.467601769,5.5,139,1000,0.056433904,0.032922642
125420.4,0.465260124,5.5,139,1000,0.057175056,0.033043478
125480.45,0.487087391,5.5,139,1000,0.056247285,0.033208955
125540.49,0.481811224,5.5,139,1000,0.055222089,0.032539221
125600.57,0.516671792,5.5,139,1000,0.056811422,0.03236484
125660.64,0.500496981,5.5,139,1000,0.055241769,0.032621828
125720.67,0.525389811,5.5,139,1000,0.056300268,0.032556419
125780.73,0.535075835,5.5,139,1000,0.055771905,0.032922603
125840.76,0.532938917,5.5,139,1000,0.056045559,0.032251759
125900.82,0.540075531,5.5,139,1000,0.057441253,0.032881293
125960.88,0.538568675,5.5,139,1000,0.05457758,0.032751485
126020.92,0.558210099,5.5,139,1000,0.055614128,0.032365452
126080.98,0.563336877,5.5,139,1000,0.055588962,0.032041069
126141.03,0.551107723,5.5,139,1000,0.055035517,0.032366698
126201.07,0.493888153,5.5,139,1000,0.054874203,0.032881293
126261.12,0.458586003,5.5,139,1000,0.055863827,0.031675127
126321.18,0.443395451,5.5,139,1000,0.05658225,0.032608696
126381.26,0.467446376,5.5,139,1000,0.056344445,0.032108239
126441.3,0.48094996,5.5,139,1000,0.054544201,0.031691485
126501.36,0.491717014,5.5,139,1000,0.055958929,0.032734531
126561.43,0.501560051,5.5,139,1000,0.057130038,0.032843231
126621.48,0.498444527,5.5,139,1000,0.055015957,0.031188701
126681.53,0.515645781,5.5,139,1000,0.056211553,0.033339577
126741.63,0.524304012,5.5,139,1000,0.056165629,0.03189022
126801.71,0.528641575,5.5,139,1000,0.05510744,0.032062561
126861.74,0.561206934,5.5,139,1000,0.054864865,0.032378117
126921.81,0.554753121,5.5,139,1000,0.055037817,0.032127031
126981.85,0.496620744,5.5,139,1000,0.056748355,0.03248168
127041.91,0.460122736,5.5,139,1000,0.055881288,0.031786772
127101.96,0.424522545,5.5,139,1000,0.057017886,0.032136895
127162.02,0.422373807,5.5,139,1000,0.05615666,0.032581454
127222.07,0.434176197,5.5,139,1000,0.056864593,0.032207384
127282.14,0.439068267,5.5,139,1000,0.056589266,0.032132624
127342.2,0.444812555,5.5,139,1000,0.057439392,0.031849735
127402.25,0.45688875,5.5,139,1000,0.056848329,0.032049948
127462.32,0.462613358,5.5,139,1000,0.056646871,0.032191921
127522.39,0.466431321,5.5,139,1000,0.056052651,0.032462391
127582.46,0.468566937,5.5,139,1000,0.055965197,0.032295948
127642.52,0.470888867,5.5,139,1000,0.056304461,0.0326322
127702.56,0.483431234,5.5,139,1000,0.056750299,0.032012805
127762.61,0.485287713,5.5,139,1000,0.058301454,0.032856591
127822.65,0.503083051,5.5,139,1000,0.057596239,0.031803543
127882.72,0.509647826,5.5,139,1000,0.055613055,0.031894205
127942.76,0.52282298,5.5,139,1000,0.056386249,0.032192414
128002.8,0.535472332,5.5,139,1000,0.058207218,0.032389449
128062.85,0.536467437,5.5,139,1000,0.056756946,0.032474804
128122.92,0.53591015,5.5,139,1000,0.056902219,0.033083531
128182.98,0.548515457,5.5,139,1000,0.055792329,0.032529044
128243.05,0.552593658,5.5,139,1000,0.056629834,0.032874355
128303.12,0.501822953,5.5,139,1000,0.057321597,0.031736872
128363.2,0.459940124,5.5,139,1000,0.057656724,0.032141499
128423.26,0.425708207,5.5,139,1000,0.05921806,0.031709845
128483.34,0.435151516,5.5,139,1000,0.056253696,0.032303654
128543.38,0.445246601,5.5,139,1000,0.058019678,0.032342834
128603.43,0.46424206,5.5,139,1000,0.057704019,0.03233581
128663.49,0.447761532,5.5,139,1000,0.057513071,0.032042182
128723.56,0.464557301,5.5,139,1000,0.056670773,0.032783667
128783.63,0.474980132,5.5,139,1000,0.05705301,0.032104391
128843.71,0.461190322,5.5,139,1000,0.057610994,0.032382109
128903.77,0.462219572,5.5,139,1000,0.058326878,0.032044863
128963.83,0.510384941,5.5,139,1000,0.057054172,0.032112786
129023.89,0.496007486,5.5,139,1000,0.056308063,0.032544379
129083.95,0.495894497,5.5,139,1000,0.057503301,0.031899859
129144.01,0.520004295,5.5,139,1000,0.057109642,0.032407407
129204.09,0.502758823,5.5,139,1000,0.055929204,0.032642089
129264.14,0.50910481,5.5,139,1000,0.056523853,0.032824427
129324.2,0.562356285,5.5,139,1000,0.05734767,0.032183017
129384.25,0.526265918,5.5,139,1000,0.056703835,0.032431431
129444.29,0.531812487,5.5,139,1000,0.057154662,0.032598274
129504.33,0.545766267,5.5,139,1000,0.055619413,0.032578875
129564.4,0.564864175,5.5,139,1000,0.057292745,0.032614704
129624.44,0.503793897,5.5,139,1000,0.057407542,0.032169118
129684.5,0.43842365,5.5,139,1000,0.059039725,0.032443847
129744.56,0.451635952,5.5,139,1000,0.056939502,0.033046265
129804.59,0.457812793,5.5,139,1000,0.057330966,0.032615026
129864.66,0.474728994,5.5,139,1000,0.056751891,0.032320123
129924.72,0.472364739,5.5,139,1000,0.058090663,0.032320123
129984.77,0.485051009,5.5,139,1000,0.057444653,0.032835234
130044.83,0.486629763,5.5,139,1000,0.057585001,0.032882375
130104.9,0.492715942,5.5,139,1000,0.057496521,0.032883798
130164.97,0.501793842,5.5,139,1000,0.057907262,0.032688334
130225.05,0.50752335,5.5,139,1000,0.057128872,0.033201283
130285.1,0.518618455,5.5,139,1000,0.057924889,0.03231663
130345.13,0.527362524,5.5,139,1000,0.05712083,0.03286119
130405.18,0.525789601,5.5,139,1000,0.056284671,0.032817453
130465.22,0.561442623,5.5,139,1000,0.057206486,0.03255899
130525.28,0.551524448,5.5,139,1000,0.056269032,0.031989879
130585.35,0.560639379,5.5,139,1000,0.056971204,0.031982149
130645.38,0.48415611,5.5,139,1000,0.058074604,0.032572655
130705.44,0.446049522,5.5,139,1000,0.056541508,0.032608696
130765.5,0.463334004,5.5,139,1000,0.058382307,0.032502044
130825.54,0.474315211,5.5,139,1000,0.05756191,0.031941032
130885.6,0.462017726,5.5,139,1000,0.056667143,0.032546631
130945.65,0.468128755,5.5,139,1000,0.055773656,0.032207994
131005.73,0.478831179,5.5,139,1000,0.057261768,0.032869785
131065.89,0.492796499,5.5,139,1000,0.056975582,0.031823506
131125.96,0.492642634,5.5,139,1000,0.057560763,0.032220269
131186.04,0.493178754,5.5,139,1000,0.056534458,0.03279939
131246.08,0.52046042,5.5,139,1000,0.057076007,0.032347505
131306.12,0.508253557,5.5,139,1000,0.056976414,0.032467532
131366.16,0.530420893,5.5,139,1000,0.056426549,0.032089697
131426.21,0.535143316,5.5,139,1000,0.056621558,0.032400307
131486.25,0.537671105,5.5,139,1000,0.058157971,0.032418953
131546.33,0.554899078,5.5,139,1000,0.057331023,0.032149533
131606.4,0.551006854,5.5,139,1000,0.055555556,0.032465216
131666.46,0.495806926,5.5,139,1000,0.057918216,0.032698057
131726.53,0.464647777,5.5,139,1000,0.056612086,0.031779661
131786.59,0.43372679,5.5,139,1000,0.056685289,0.032995428
131846.65,0.457267848,5.5,139,1000,0.056734387,0.032154983
131906.71,0.456956081,5.5,139,1000,0.057164347,0.03270936
131966.8,0.462903954,5.5,139,1000,0.057461667,0.033033033
132026.87,0.489693398,5.5,139,1000,0.056850155,0.032309533
132086.94,0.4868288,5.5,139,1000,0.056840761,0.032029152
132146.97,0.47796339,5.5,139,1000,0.057209067,0.032276995
132207.02,0.514821569,5.5,139,1000,0.057898187,0.032447818
132267.07,0.520576197,5.5,139,1000,0.057210368,0.03313139
132327.11,0.516270302,5.5,139,1000,0.056434344,0.031838734
132387.16,0.525308404,5.5,139,1000,0.057685494,0.032936508
132447.2,0.520173896,5.5,139,1000,0.056522335,0.032450578
132507.24,0.536006149,5.5,139,1000,0.055753732,0.032499508
132567.31,0.539310259,5.5,139,1000,0.055587912,0.032592593
132627.38,0.552833558,5.5,139,1000,0.056331652,0.032536765
132687.45,0.558923406,5.5,139,1000,0.057335814,0.031812157
132747.51,0.511675115,5.5,139,1000,0.057841889,0.03276131
132807.55,0.485678235,5.5,139,1000,0.057620953,0.03212035
132867.63,0.449983009,5.5,139,1000,0.058174757,0.031559782
132927.7,0.452087908,5.5,139,1000,0.057978805,0.031152648
132987.76,0.458622406,5.5,139,1000,0.058143983,0.032807309
133047.8,0.467063412,5.5,139,1000,0.056777494,0.032722255
133107.9,0.475948028,5.5,139,1000,0.056657628,0.032129316
133167.96,0.479622865,5.5,139,1000,0.056510381,0.032868336
133228.02,0.492906846,5.5,139,1000,0.057619187,0.032780251
133288.08,0.505646495,5.5,139,1000,0.056962025,0.032429245
133348.12,0.487871613,5.5,139,1000,0.05589934,0.031928214
133408.15,0.501701396,5.5,139,1000,0.058473811,0.032346491
133468.21,0.503527954,5.5,139,1000,0.056861521,0.032588795
133528.29,0.515938029,5.5,139,1000,0.055835544,0.032111825
133588.36,0.542501548,5.5,139,1000,0.056966417,0.0323049
133648.43,0.563009691,5.5,139,1000,0.056732787,0.032634897
133708.47,0.480979267,5.5,139,1000,0.057316351,0.032226939
133768.54,0.445334666,5.5,139,1000,0.057796416,0.03257465
133828.6,0.454382934,5.5,139,1000,0.057291667,0.032112786
133888.66,0.46145282,5.5,139,1000,0.057602808,0.031891998
133948.71,0.459519647,5.5,139,1000,0.057824934,0.032914423
134008.78,0.475116753,5.5,139,1000,0.056405772,0.031993757
134068.85,0.485322049,5.5,139,1000,0.056346168,0.032246039
134128.9,0.47747615,5.5,139,1000,0.056230032,0.032323232
134188.94,0.485580169,5.5,139,1000,0.056385678,0.032227488
134248.99,0.489579216,5.5,139,1000,0.056464812,0.03250047
134309.06,0.50259637,5.5,139,1000,0.057371818,0.032036164
134369.1,0.521766336,5.5,139,1000,0.057553957,0.032191265
134429.17,0.531228104,5.5,139,1000,0.055971146,0.032431464
134489.23,0.523567782,5.5,139,1000,0.057624489,0.032798205
134549.3,0.547241982,5.5,139,1000,0.057547838,0.032657005
134609.38,0.547748779,5.5,139,1000,0.05650651,0.032524807
134669.44,0.539824828,5.5,139,1000,0.056279936,0.0327654
134729.51,0.497740954,5.5,139,1000,0.05813605,0.032264372
134789.56,0.459939723,5.5,139,1000,0.05679675,0.032573941
134849.59,0.469766862,5.5,139,1000,0.058573118,0.031765179
134909.67,0.485929413,5.5,139,1000,0.056397603,0.032826862
134969.72,0.476022824,5.5,139,1000,0.057161774,0.032457188
135029.76,0.485229937,5.5,139,1000,0.056797495,0.032686212
135089.84,0.484909587,5.5,139,1000,0.056275532,0.03189022
135149.89,0.497596081,5.5,139,1000,0.057394495,0.032700037
135210,0.500060826,5.5,139,1000,0.055989493,0.032275321
135270.04,0.519755304,5.5,139,1000,0.057202325,0.033051189
135330.1,0.519381155,5.5,139,1000,0.056862057,0.032475019
135390.14,0.542016546,5.5,139,1000,0.056267409,0.032394625
135450.18,0.549822862,5.5,139,1000,0.055678689,0.032188455
135510.22,0.501454419,5.5,139,1000,0.057000877,0.032937049
135570.29,0.451765652,5.5,139,1000,0.056085208,0.032550474
135630.35,0.405049804,5.5,139,1000,0.057216745,0.031700288
135690.39,0.427310567,5.5,139,1000,0.05629266,0.031982074
135750.44,0.437140728,5.5,139,1000,0.056289356,0.031677019
135810.5,0.441883763,5.5,139,1000,0.055767077,0.032093933
135870.55,0.434755495,5.5,139,1000,0.057307459,0.032719836
135930.61,0.45792644,5.5,139,1000,0.057651191,0.031318572
135990.65,0.465842322,5.5,139,1000,0.057628684,0.03238785
136050.7,0.469529152,5.5,139,1000,0.056647906,0.033387622
136110.74,0.48182645,5.5,139,1000,0.057585415,0.032295948
136170.8,0.492173523,5.5,139,1000,0.057695113,0.031406281
136230.88,0.513446309,5.5,139,1000,0.057216352,0.033004552
136290.95,0.512742838,5.5,139,1000,0.056381238,0.032144944
136351.03,0.518919906,5.5,139,1000,0.056423377,0.032223027
136411.11,0.51834194,5.5,139,1000,0.057460932,0.032234297
136471.18,0.531885752,5.5,139,1000,0.058041552,0.032090699
136531.21,0.543822445,5.5,139,1000,0.058079032,0.032653798
136591.26,0.558854507,5.5,139,1000,0.056424877,0.032979318
136651.3,0.508546616,5.5,139,1000,0.058024868,0.032374101
136711.36,0.470550792,5.5,139,1000,0.058859548,0.032610818
136771.43,0.423060681,5.5,139,1000,0.058674479,0.032935364
136831.5,0.436547657,5.5,139,1000,0.058694288,0.032104391
136891.56,0.438278357,5.5,139,1000,0.058287104,0.031655844
136951.6,0.440219681,5.5,139,1000,0.058239829,0.031962541
137011.63,0.443047721,5.5,139,1000,0.058924396,0.031352459
137071.7,0.454532549,5.5,139,1000,0.058545149,0.032932891
137131.78,0.465431438,5.5,139,1000,0.05821111,0.0320539
137191.82,0.45998121,5.5,139,1000,0.05922153,0.0321667
137251.89,0.464311449,5.5,139,1000,0.058070721,0.031921068
137311.96,0.483244363,5.5,139,1000,0.058268877,0.031946508
137372.16,0.489337537,5.5,139,1000,0.059937888,0.032477947
137432.21,0.488127189,5.5,139,1000,0.05913272,0.032540438
137492.26,0.484842854,5.5,139,1000,0.05908625,0.031831832
137552.34,0.507341971,5.5,139,1000,0.059382065,0.032468818
137612.39,0.509135267,5.5,139,1000,0.058514902,0.032835821
137672.47,0.515948042,5.5,139,1000,0.058728527,0.03220917
137732.52,0.506853127,5.5,139,1000,0.057956709,0.031739734
137792.56,0.524808394,5.5,139,1000,0.057405361,0.03222853
137852.6,0.549670325,5.5,139,1000,0.058124735,0.032567771
137912.67,0.530669051,5.5,139,1000,0.058115371,0.032127031
137972.74,0.54026444,5.5,139,1000,0.057541709,0.032757052
138032.81,0.549153489,5.5,139,1000,0.057654346,0.03213438
138092.86,0.516613743,5.5,139,1000,0.057369436,0.032909931
138152.91,0.455316419,5.5,139,1000,0.057785654,0.032258065
138212.95,0.420541608,5.5,139,1000,0.058191867,0.031685678
138273.02,0.415421669,5.5,139,1000,0.056903766,0.032284941
138333.09,0.424837026,5.5,139,1000,0.057680251,0.032613211
138393.14,0.429556105,5.5,139,1000,0.05834057,0.031675127
138453.18,0.437967374,5.5,139,1000,0.0579878,0.031664964
138513.23,0.449989249,5.5,139,1000,0.057667204,0.031956838
138573.28,0.437471019,5.5,139,1000,0.057149178,0.032231059
138633.31,0.472579974,5.5,139,1000,0.05859097,0.032118227
138693.34,0.46964993,5.5,139,1000,0.057183756,0.032132624
138753.39,0.473561137,5.5,139,1000,0.056321276,0.031657713
138813.43,0.478464269,5.5,139,1000,0.056247377,0.032604293
138873.48,0.489114995,5.5,139,1000,0.056892303,0.031742863
138933.55,0.503683912,5.5,139,1000,0.058524735,0.032174261
138993.59,0.509874404,5.5,139,1000,0.057861999,0.032495749
139053.66,0.509430436,5.5,139,1000,0.058088025,0.031384857
139113.73,0.519200369,5.5,139,1000,0.056453222,0.033005618
139173.81,0.538388313,5.5,139,1000,0.059093225,0.032457496
139233.88,0.550426953,5.5,139,1000,0.057084608,0.032582387
139293.95,0.555848439,5.5,139,1000,0.056772908,0.032578686
139354.01,0.510365531,5.5,139,1000,0.058405683,0.031583103
139414.07,0.493185692,5.5,139,1000,0.058762962,0.032258065
139474.18,0.455231813,5.5,139,1000,0.058655866,0.032099775
139534.23,0.449024976,5.5,139,1000,0.058344539,0.031171548
139594.27,0.471116542,5.5,139,1000,0.058103751,0.032505176
139654.31,0.47202578,5.5,139,1000,0.058415696,0.032226176
139714.36,0.483771662,5.5,139,1000,0.05764393,0.031863727
139774.39,0.485093218,5.5,139,1000,0.05717102,0.032434545
139834.47,0.487575615,5.5,139,1000,0.058880597,0.032009038
139894.52,0.494638199,5.5,139,1000,0.056773315,0.03177458
139954.58,0.506802235,5.5,139,1000,0.058190428,0.032245379
140014.65,0.51136043,5.5,139,1000,0.059054826,0.032445424
140074.7,0.517098342,5.5,139,1000,0.057527369,0.032012493
140134.76,0.521470396,5.5,139,1000,0.058224868,0.032517355
140194.83,0.551782952,5.5,139,1000,0.057806953,0.032061069
140254.91,0.547595281,5.5,139,1000,0.057144736,0.032246758
140314.98,0.491051322,5.5,139,1000,0.058046381,0.032608696
140375.05,0.468713806,5.5,139,1000,0.059362148,0.031710766
140435.11,0.433036318,5.5,139,1000,0.058435583,0.032237127
140495.17,0.426541667,5.5,139,1000,0.059039725,0.032907147
140555.22,0.442070084,5.5,139,1000,0.059028327,0.032220039
140615.26,0.438146057,5.5,139,1000,0.057943643,0.031943382
140675.3,0.447965819,5.5,139,1000,0.058924828,0.032472613
140735.34,0.463151184,5.5,139,1000,0.058859642,0.031353135
140795.39,0.475674184,5.5,139,1000,0.059511971,0.032379072
140855.45,0.477108648,5.5,139,1000,0.057500351,0.032626427
140915.49,0.485212946,5.5,139,1000,0.057763533,0.032098765
140975.54,0.50609463,5.5,139,1000,0.059389313,0.032814551
141035.59,0.4969324,5.5,139,1000,0.059116227,0.032893479
141095.66,0.503564739,5.5,139,1000,0.058874272,0.03253128
141155.7,0.520314981,5.5,139,1000,0.060659781,0.032836961
141215.77,0.524180796,5.5,139,1000,0.058083117,0.032027054
141275.85,0.539404678,5.5,139,1000,0.058737763,0.033039648
141335.93,0.518208316,5.5,139,1000,0.058056144,0.032537961
141396.01,0.538415149,5.5,139,1000,0.058331606,0.032669921
141456.06,0.548541647,5.5,139,1000,0.057355459,0.031960096
141516.13,0.550981614,5.5,139,1000,0.058860276,0.032661441
141576.2,0.503963401,5.5,139,1000,0.05813208,0.031813773
141636.28,0.463199558,5.5,139,1000,0.05939997,0.032061369
141696.35,0.400006796,5.5,139,1000,0.05870382,0.031768805
141756.39,0.399321546,5.5,139,1000,0.058342507,0.032305433
141816.45,0.429161627,5.5,139,1000,0.058476353,0.032532118
141876.52,0.434337055,5.5,139,1000,0.057667696,0.032402473
141936.57,0.431579072,5.5,139,1000,0.058152881,0.032786885
141996.6,0.438720563,5.5,139,1000,0.058906803,0.032206441
142056.64,0.438581736,5.5,139,1000,0.058001345,0.03212035
142116.71,0.461104475,5.5,139,1000,0.058152707,0.031843233
142176.77,0.456038881,5.5,139,1000,0.057153179,0.03184846
142236.82,0.473555314,5.5,139,1000,0.058637206,0.03257465
142296.86,0.480704524,5.5,139,1000,0.058100147,0.03116039
142356.9,0.493861013,5.5,139,1000,0.057565908,0.032226371
142416.94,0.488611545,5.5,139,1000,0.057710501,0.032979749
142477.02,0.482224336,5.5,139,1000,0.057591241,0.033825453
142537.1,0.502650136,5.5,139,1000,0.058452169,0.032337368
142597.18,0.496450549,5.5,139,1000,0.057652515,0.032301223
142657.23,0.501230909,5.5,139,1000,0.056338028,0.033137255
142717.3,0.517095205,5.5,139,1000,0.057283603,0.031860421
142777.35,0.526014535,5.5,139,1000,0.058258689,0.03195739
142837.42,0.514533685,5.5,139,1000,0.056783851,0.032759266
142897.46,0.532776401,5.5,139,1000,0.056118171,0.032173095
142957.53,0.555285046,5.5,139,1000,0.057407155,0.031954887
143017.57,0.548001911,5.5,139,1000,0.056812169,0.032227307
143077.64,0.496720563,5.5,139,1000,0.057816606,0.033067729
143137.7,0.468262677,5.5,139,1000,0.058067909,0.031797411
143197.74,0.415469527,5.5,139,1000,0.058090001,0.032889427
143257.8,0.435561001,5.5,139,1000,0.059011787,0.03246353
143317.87,0.439531682,5.5,139,1000,0.059107171,0.032173738
143377.93,0.460392199,5.5,139,1000,0.059945077,0.033051189
143437.96,0.468238352,5.5,139,1000,0.058949625,0.032531546
143498.03,0.478538058,5.5,139,1000,0.06002792,0.031535916
143558.09,0.469002205,5.5,139,1000,0.05826163,0.032119476
143618.14,0.483101051,5.5,139,1000,0.059594025,0.031479967
143678.21,0.483933159,5.5,139,1000,0.05904959,0.032764897
143738.26,0.485797992,5.5,139,1000,0.057530435,0.031643157
143798.35,0.519828159,5.5,139,1000,0.058645239,0.032338308
143858.39,0.516938846,5.5,139,1000,0.058472892,0.031938108
143918.46,0.513867479,5.5,139,1000,0.058296592,0.03196347
143978.52,0.529719029,5.5,139,1000,0.057689697,0.032548344
144038.56,0.528096371,5.5,139,1000,0.058269896,0.031624435
144098.61,0.535459796,5.5,139,1000,0.058909344,0.032100619
144158.65,0.565170063,5.5,139,1000,0.057474348,0.032853451
144218.72,0.555100444,5.5,139,1000,0.057670587,0.032233742
144278.79,0.532861251,5.5,139,1000,0.059522064,0.032749562
144338.86,0.490707971,5.5,139,1000,0.058093094,0.032
144398.92,0.439738947,5.5,139,1000,0.058923469,0.031868361
144458.98,0.43730494,5.5,139,1000,0.05822572,0.031990281
144519.06,0.445872915,5.5,139,1000,0.057377651,0.03177223
144579.1,0.458380317,5.5,139,1000,0.058279866,0.032845271
144639.15,0.481667155,5.5,139,1000,0.058567502,0.032621828
144699.19,0.463873571,5.5,139,1000,0.057928361,0.032427184
144759.22,0.482593293,5.5,139,1000,0.058436706,0.032722255
144819.3,0.497498955,5.5,139,1000,0.058190744,0.032887402
144879.36,0.508109351,5.5,139,1000,0.05789397,0.032177744
144939.41,0.509728285,5.5,139,1000,0.058373206,0.032457496
144999.47,0.526910817,5.5,139,1000,0.05752394,0.03230148
145059.54,0.519885849,5.5,139,1000,0.058819315,0.0326322
145119.61,0.517798818,5.5,139,1000,0.058514788,0.032186047
145179.68,0.53007947,5.5,139,1000,0.057939026,0.032587358
145239.72,0.536116872,5.5,139,1000,0.056763995,0.032985464
145299.79,0.563818485,5.5,139,1000,0.058495433,0.031453362
145359.87,0.568307009,5.5,139,1000,0.056220323,0.032370954
145419.94,0.505539879,5.5,139,1000,0.058861578,0.032765152
145480.01,0.474979361,5.5,139,1000,0.058562168,0.032441998
145540.05,0.433025105,5.5,139,1000,0.057411799,0.032687414
145600.12,0.443547184,5.5,139,1000,0.058533917,0.032142857
145660.16,0.462215153,5.5,139,1000,0.059392486,0.032405567
145720.22,0.475106839,5.5,139,1000,0.059288835,0.032415902
145780.27,0.472247335,5.5,139,1000,0.059476487,0.031993437
145840.31,0.483206007,5.5,139,1000,0.057626878,0.032841042
145900.38,0.501101456,5.5,139,1000,0.060568507,0.032849503
145960.47,0.500072267,5.5,139,1000,0.06011257,0.032815534
146020.54,0.508096575,5.5,139,1000,0.058101186,0.032386364
146080.61,0.523529575,5.5,139,1000,0.057223329,0.03253355
146140.68,0.534347117,5.5,139,1000,0.058016656,0.032892319
146200.73,0.53864418,5.5,139,1000,0.059655998,0.032739248
146260.78,0.526690977,5.5,139,1000,0.059337824,0.03315112
146320.85,0.548184069,5.5,139,1000,0.057920351,0.032689734
146380.93,0.542474492,5.5,139,1000,0.058889277,0.032282282
146440.98,0.481863976,5.5,139,1000,0.058306372,0.033120279
146501.04,0.461706872,5.5,139,1000,0.058972074,0.032105574
146561.1,0.463715762,5.5,139,1000,0.058025951,0.031566641
146621.13,0.473687747,5.5,139,1000,0.05969133,0.03247012
146681.17,0.43646665,5.5,139,1000,0.059489867,0.031986532
146741.24,0.44383472,5.5,139,1000,0.059238364,0.03218975
146801.31,0.445820873,5.5,139,1000,0.059542463,0.032659726
146861.34,0.45045479,5.5,139,1000,0.059805174,0.032238924
146921.41,0.460195891,5.5,139,1000,0.060070389,0.03247132
146981.48,0.471553286,5.5,139,1000,0.057923257,0.031236809
147041.55,0.474796536,5.5,139,1000,0.057992132,0.032271077
147101.61,0.476330252,5.5,139,1000,0.058664869,0.032123488
147161.67,0.4823452,5.5,139,1000,0.059073976,0.032342986
147221.71,0.500216605,5.5,139,1000,0.058284643,0.031906461
147281.78,0.492609163,5.5,139,1000,0.057506616,0.032907472
147341.84,0.49905901,5.5,139,1000,0.058995942,0.031461569
147401.95,0.489662583,5.5,139,1000,0.059784684,0.032466262
147462.02,0.506427686,5.5,139,1000,0.058106374,0.032200711
147522.07,0.507203251,5.5,139,1000,0.05849382,0.032344498
147582.12,0.541576174,5.5,139,1000,0.057412791,0.032303371
147642.18,0.525361891,5.5,139,1000,0.057702889,0.032467532
147702.28,0.550816941,5.5,139,1000,0.057266667,0.032877724
147762.31,0.55816758,5.5,139,1000,0.058025774,0.031932465
147822.37,0.490714803,5.5,139,1000,0.058689584,0.031936534
147882.43,0.451927537,5.5,139,1000,0.059288841,0.032090891
147942.54,0.446107456,5.5,139,1000,0.056307104,0.0325929
148002.6,0.453811499,5.5,139,1000,0.059966419,0.032657879
148062.65,0.465978037,5.5,139,1000,0.058300615,0.031857343
148122.71,0.483660137,5.5,139,1000,0.057944739,0.031951312
148182.76,0.494192916,5.5,139,1000,0.058650379,0.032705838
148242.8,0.503492825,5.5,139,1000,0.058964491,0.032061069
148302.87,0.518921426,5.5,139,1000,0.058955928,0.032693814
148362.91,0.505324533,5.5,139,1000,0.058433219,0.032783705
148422.96,0.505600141,5.5,139,1000,0.057109952,0.032817109
148483.02,0.53331246,5.5,139,1000,0.058359621,0.032612679
148543.08,0.541290347,5.5,139,1000,0.056320564,0.032360532
148603.13,0.527789749,5.5,139,1000,0.056716023,0.03296897
148663.17,0.545187936,5.5,139,1000,0.058050532,0.0327051
148723.2,0.54015837,5.5,139,1000,0.056431643,0.032446708
148783.27,0.526125726,5.5,139,1000,0.057117986,0.032877724
148843.31,0.47235475,5.5,139,1000,0.057491164,0.032765642
148903.35,0.430818514,5.5,139,1000,0.058805105,0.030990017
148963.41,0.437742925,5.5,139,1000,0.056908184,0.031845842
149023.47,0.458859853,5.5,139,1000,0.05922843,0.032576713
149083.52,0.475922057,5.5,139,1000,0.05732342,0.032406481
149143.59,0.471467516,5.5,139,1000,0.058168598,0.032110092
149203.65,0.482120603,5.5,139,1000,0.058741041,0.032665759
149263.71,0.491508577,5.5,139,1000,0.056643802,0.031602254
149323.76,0.486526498,5.5,139,1000,0.057501848,0.032082654
149383.83,0.482851332,5.5,139,1000,0.056505998,0.032384875
149443.91,0.507326111,5.5,139,1000,0.056755641,0.032068902
149503.95,0.515140443,5.5,139,1000,0.057138885,0.031758479
149564,0.521747009,5.5,139,1000,0.056674279,0.033204917
149624.06,0.529889655,5.5,139,1000,0.058354683,0.032744592
149684.13,0.546921637,5.5,139,1000,0.057411273,0.032323983
149744.19,0.555298761,5.5,139,1000,0.058304135,0.03235397
149804.26,0.49968668,5.5,139,1000,0.058112073,0.032623044
149864.31,0.484617932,5.5,139,1000,0.059373324,0.031733595
149924.34,0.422696015,5.5,139,1000,0.058219703,0.032024793
149984.42,0.44796671,5.5,139,1000,0.058225929,0.032559104
150044.47,0.459177161,5.5,139,1000,0.058335801,0.03216554
150104.52,0.461212241,5.5,139,1000,0.058683827,0.032312566
150164.56,0.478131669,5.5,139,1000,0.05845045,0.032264411
150224.65,0.474578673,5.5,139,1000,0.05826737,0.032570075
150284.71,0.506835406,5.5,139,1000,0.058269441,0.032352368
150344.77,0.490624265,5.5,139,1000,0.057319039,0.032337835
150404.82,0.492632633,5.5,139,1000,0.057739818,0.032087654
150464.87,0.50888031,5.5,139,1000,0.057662701,0.032946106
150524.95,0.513684045,5.5,139,1000,0.057934684,0.032610818
150584.99,0.52632175,5.5,139,1000,0.058119056,0.032657005
150645.04,0.526953817,5.5,139,1000,0.05721885,0.03257207
150705.13,0.529247925,5.5,139,1000,0.058610401,0.03246151
150765.16,0.522829037,5.5,139,1000,0.058124445,0.032088572
150825.24,0.535225789,5.5,139,1000,0.058496801,0.032987747
150885.29,0.541613656,5.5,139,1000,0.059250387,0.033284024
150945.34,0.571354102,5.5,139,1000,0.058601782,0.033181404
151005.43,0.554568414,5.5,139,1000,0.057744199,0.032364983
151065.46,0.490841391,5.5,139,1000,0.057841256,0.032610781
151125.52,0.443478202,5.5,139,1000,0.060161174,0.03203062
151185.57,0.469558411,5.5,139,1000,0.060286479,0.032251352
151245.64,0.467214626,5.5,139,1000,0.057666829,0.032805646
151305.71,0.488865983,5.5,139,1000,0.05927496,0.032072368
151365.75,0.46708268,5.5,139,1000,0.058453623,0.031931464
151425.8,0.520042709,5.5,139,1000,0.059302326,0.032476319
151485.87,0.48702745,5.5,139,1000,0.059177605,0.03232164
151545.94,0.498704694,5.5,139,1000,0.058317986,0.032040147
151606,0.503318329,5.5,139,1000,0.058740964,0.032629934
151666.04,0.503574126,5.5,139,1000,0.05957784,0.032324751
151726.12,0.511213258,5.5,139,1000,0.059280169,0.032258065
151786.16,0.525836033,5.5,139,1000,0.059918391,0.032837551
151846.23,0.53571325,5.5,139,1000,0.0602436,0.032587358
151906.31,0.539645209,5.5,139,1000,0.059954591,0.032063027
151966.37,0.565416488,5.5,139,1000,0.058928205,0.032647669
152026.43,0.56765772,5.5,139,1000,0.06056518,0.032360052
152086.48,0.506255529,5.5,139,1000,0.059406662,0.032602368
152146.52,0.509691696,5.5,139,1000,0.058130566,0.031470532
152206.57,0.464206541,5.5,139,1000,0.058096683,0.032196609
152266.61,0.433700332,5.5,139,1000,0.058725087,0.032062028
152326.67,0.437919919,5.5,139,1000,0.05959503,0.031739403
152386.76,0.431692543,5.5,139,1000,0.058603957,0.031908366
152446.81,0.463781075,5.5,139,1000,0.058488729,0.032733886
152506.86,0.469947185,5.5,139,1000,0.059611621,0.032034803
152566.92,0.462038673,5.5,139,1000,0.059790288,0.031206241
152626.99,0.468801624,5.5,139,1000,0.058550051,0.031660804
152687.04,0.489394754,5.5,139,1000,0.058376006,0.033106493
152747.08,0.494376991,5.5,139,1000,0.05829948,0.031629202
152807.13,0.492764895,5.5,139,1000,0.057102785,0.03304251
152867.19,0.501600873,5.5,139,1000,0.057805878,0.032163743
152927.26,0.517193708,5.5,139,1000,0.058545198,0.031746032
152987.33,0.518014703,5.5,139,1000,0.058835861,0.03253292
153047.36,0.556234124,5.5,139,1000,0.059743554,0.031776054
153107.45,0.554930703,5.5,139,1000,0.0607606,0.031490015
153167.49,0.497735097,5.5,139,1000,0.059719815,0.032717475
153227.52,0.434660402,5.5,139,1000,0.060100548,0.032174777
153287.57,0.447380636,5.5,139,1000,0.059956368,0.032009484
153347.6,0.465612229,5.5,139,1000,0.060715382,0.03250591
153407.69,0.48239987,5.5,139,1000,0.060357389,0.032392687
153467.75,0.476147788,5.5,139,1000,0.057980137,0.032932972
153527.82,0.47936503,5.5,139,1000,0.059211943,0.03227771
153587.86,0.492103486,5.5,139,1000,0.058979314,0.032583398
153647.91,0.505043321,5.5,139,1000,0.058046786,0.032500508
153707.97,0.493915696,5.5,139,1000,0.058226134,0.032755299
153768.03,0.508143183,5.5,139,1000,0.059232715,0.031976744
153828.06,0.534672566,5.5,139,1000,0.06028317,0.031323132
153888.13,0.511163579,5.5,139,1000,0.05880744,0.033333333
153948.19,0.539847193,5.5,139,1000,0.058571137,0.032951855
154008.27,0.540065742,5.5,139,1000,0.060222206,0.032486931
154068.32,0.546944009,5.5,139,1000,0.060461473,0.032371439
154128.39,0.506023702,5.5,139,1000,0.059257159,0.031361651
154188.45,0.47090816,5.5,139,1000,0.059560194,0.03263734
154248.52,0.430163143,5.5,139,1000,0.060148008,0.032006401
154308.61,0.435109733,5.5,139,1000,0.059364613,0.03248888
154368.65,0.450056661,5.5,139,1000,0.059781773,0.032043279
154428.7,0.462551696,5.5,139,1000,0.058739578,0.03242805
154488.76,0.456110926,5.5,139,1000,0.058827932,0.032525133
154548.86,0.475763885,5.5,139,1000,0.059865608,0.03228852
154608.95,0.480294955,5.5,139,1000,0.060482037,0.031844582
154669,0.48175578,5.5,139,1000,0.057845466,0.033089005
154729.04,0.478053063,5.5,139,1000,0.060862215,0.032579186
154789.09,0.493473521,5.5,139,1000,0.058400719,0.031548757
154849.13,0.512996128,5.5,139,1000,0.058043463,0.032191653
154909.17,0.516284505,5.5,139,1000,0.057869742,0.032487505
154969.22,0.536574613,5.5,139,1000,0.057857912,0.032644781
155029.26,0.548991632,5.5,139,1000,0.060169673,0.032456309
155089.34,0.538983924,5.5,139,1000,0.058747972,0.032195122
155149.38,0.553068966,5.5,139,1000,0.059590449,0.031828275
155209.42,0.551283845,5.5,139,1000,0.060004211,0.032883798
155269.48,0.505425199,5.5,139,1000,0.058692163,0.032302271
155329.55,0.457698703,5.5,139,1000,0.057766277,0.032225168
155389.59,0.455932954,5.5,139,1000,0.059491825,0.03223754
155449.63,0.449925514,5.5,139,1000,0.058993552,0.032560033
155509.71,0.469224296,5.5,139,1000,0.059425923,0.032428209
155569.75,0.465190391,5.5,139,1000,0.059573499,0.032119914
155629.82,0.474931583,5.5,139,1000,0.05939412,0.031927473
155689.85,0.480805023,5.5,139,1000,0.058840707,0.031762088
155749.92,0.477368124,5.5,139,1000,0.058892989,0.031821798
155809.98,0.492058715,5.5,139,1000,0.058113261,0.032251682
155870.04,0.514817659,5.5,139,1000,0.058947983,0.031721167
155930.11,0.52294645,5.5,139,1000,0.059432853,0.032075103
155990.15,0.515019529,5.5,139,1000,0.058768657,0.032730733
156050.23,0.537021509,5.5,139,1000,0.057875609,0.032693404
156110.29,0.531104111,5.5,139,1000,0.058005427,0.033011125
156170.35,0.538398592,5.5,139,1000,0.058131535,0.031891496
156230.42,0.545120166,5.5,139,1000,0.057727365,0.031879489
156290.47,0.554858668,5.5,139,1000,0.058488364,0.032765642
156350.5,0.497992064,5.5,139,1000,0.057927257,0.032154983
156410.56,0.454028531,5.5,139,1000,0.058937921,0.031854839
156470.61,0.459984775,5.5,139,1000,0.058232338,0.031417941
156530.65,0.478825423,5.5,139,1000,0.059350668,0.031194119
156590.7,0.499475863,5.5,139,1000,0.058165705,0.033065749
156650.76,0.500849479,5.5,139,1000,0.058424105,0.032198712
156710.83,0.507487602,5.5,139,1000,0.056642432,0.033070274
156770.91,0.522556846,5.5,139,1000,0.058965102,0.03173039
156830.98,0.522582641,5.5,139,1000,0.059322034,0.033129743
156891.05,0.528871671,5.5,139,1000,0.058072708,0.032082654
156951.12,0.562335897,5.5,139,1000,0.060398372,0.031447747
157011.16,0.559205282,5.5,139,1000,0.059590187,0.032335109
157071.21,0.499511722,5.5,139,1000,0.058923754,0.032073987
157131.27,0.477442677,5.5,139,1000,0.059260945,0.03214719
157191.32,0.440249953,5.5,139,1000,0.058084418,0.032757944
157251.38,0.428971067,5.5,139,1000,0.058469737,0.032041885
157311.46,0.438690832,5.5,139,1000,0.060036053,0.032251265
157371.49,0.462635926,5.5,139,1000,0.057709447,0.031460674
157431.54,0.455505136,5.5,139,1000,0.060258694,0.032310838
157491.6,0.46951233,5.5,139,1000,0.058028906,0.032780488
157551.67,0.467752936,5.5,139,1000,0.058635239,0.031461569
157611.73,0.479448149,5.5,139,1000,0.057536582,0.03245476
157671.77,0.482530141,5.5,139,1000,0.058618688,0.032055184
157731.83,0.495716083,5.5,139,1000,0.059931114,0.031127603
157791.91,0.493775564,5.5,139,1000,0.057105463,0.032451923
157851.98,0.499880227,5.5,139,1000,0.058615068,0.032598087
157912.04,0.505328844,5.5,139,1000,0.057302681,0.032745592
157972.1,0.515896624,5.5,139,1000,0.058970039,0.032283311
158032.16,0.52966769,5.5,139,1000,0.05814197,0.032735161
158092.2,0.515678033,5.5,139,1000,0.058652276,0.032391578
158152.27,0.546200498,5.5,139,1000,0.05757474,0.032688588
158212.31,0.538246111,5.5,139,1000,0.05839118,0.032854209
158272.39,0.561869527,5.5,139,1000,0.058158765,0.032107523
158332.42,0.55640083,5.5,139,1000,0.057353136,0.032544379
158392.46,0.514416362,5.5,139,1000,0.058764077,0.032350143
158452.53,0.495011643,5.5,139,1000,0.057220519,0.032667179
158512.6,0.469970882,5.5,139,1000,0.058513442,0.032359905
158572.66,0.449060149,5.5,139,1000,0.058009378,0.032132425
158632.73,0.461608977,5.5,139,1000,0.057930425,0.032790104
158692.77,0.48090116,5.5,139,1000,0.058132575,0.032684981
158752.84,0.469086053,5.5,139,1000,0.058525346,0.032075472
158812.89,0.486259875,5.5,139,1000,0.057787843,0.031755309
158872.95,0.48925039,5.5,139,1000,0.056916777,0.033129276
158933.05,0.507125109,5.5,139,1000,0.057097882,0.03268945
158993.09,0.536393894,5.5,139,1000,0.058050542,0.031007752
159053.15,0.513248214,5.5,139,1000,0.057343148,0.032409215
159113.24,0.524695084,5.5,139,1000,0.057081277,0.03230148
159173.3,0.534072507,5.5,139,1000,0.057337221,0.032870709
159233.36,0.532630064,5.5,139,1000,0.056560935,0.032488987
159293.41,0.538313736,5.5,139,1000,0.056424246,0.032382286
159353.49,0.542408972,5.5,139,1000,0.056592573,0.032576867
159413.58,0.575184896,5.5,139,1000,0.057135028,0.032025772
159473.61,0.539925527,5.5,139,1000,0.057501342,0.031950673
159533.67,0.552236934,5.5,139,1000,0.058517463,0.031734452
159593.73,0.53079898,5.5,139,1000,0.057127567,0.032154341
159653.77,0.555613369,5.5,139,1000,0.057954077,0.033086876