exp_time,od_measured,od_setpoint,od_zero_setpoint,thermostat_setpoint,heating_rate,internal_air_temp,external_air_temp,media_temp,opt_gen_act_int,pump_1_rate,pump_2_rate,pump_3_rate,pump_4_rate,media_vol,stirring_rate,LED_395nm_setpoint,Van,OC6,IPTG,LED_457nm_setpoint,LED_500nm_setpoint,LED_523nm_setpoint,LED_595nm_setpoint,LED_623nm_setpoint,LED_6500K_setpoint,laser_setpoint,LED_UV_int,FP1_base,FP1_emit1,FP1_emit2,FP2_base,FP2_emit1,FP2_emit2,FP3_base,FP3_emit1,FP3_emit2,custom_prog_param1,custom_prog_param2,custom_prog_param3,custom_prog_status,zigzag_target,growth_rate
0.19,0.007493865,0.5,6306,37,0.0391,32,34.5625,37.11,0,0,0.25,0,0,20,0.5,0.1,0,0,0,0.1,0.1,0.1,0.1,0.1,0.1,0.5,0,10020,0.038622754,0.016067864,0,0,0,0,0,0,0,0,0,0,5,2
60.24,0.004891256,0.5,6306,37,0.08515,32.0625,34.5625,36.71,0,0,0.07,0,0,20,0.5,0.1,0,0,0,0.1,0.1,0.1,0.1,0.1,0.1,0.5,0,10092,0.038248117,0.016052319,0,0,0,0,0,0,0,0,0,0,5,2
120.3,0.008993736,0.5,6306,37,0.12645,32.125,34.625,36.47,0,0,0.07,0,0,20,0.5,0.1,0,0,0,0.1,0.1,0.1,0.1,0.1,0.1,0.5,0,10131,0.038791827,0.01579311,0,0,0,0,0,0,0,0,0,0,5,2
180.37,0.003559379,0.5,6306,37,0.20285,32.0625,34.625,36.65,0,0,0.07,0,0,20,0.5,0.1,0,0,0,0.1,0.1,0.1,0.1,0.1,0.1,0.5,0,10048,0.038316083,0.016023089,0,0,0,0,0,0,0,0,0,0,5,2
240.44,0.000992279,0.5,6306,37,0.18365,32.3125,34.625,36.57,0,0,0.07,0,0,20,0.5,0.1,0,0,0,0.1,0.1,0.1,0.1,0.1,0.1,0.5,0,10096,0.038530111,0.01594691,0,0,0,0,0,0,0,0,0,0,5,2
300.51,0.008001525,0.5,6306,37,0.15375,32.125,34.625,36.65,0,0,0.25,0,0,20,0.5,0.1,0,0,0,0.1,0.1,0.1,0.1,0.1,0.1,0.5,0,10109,0.038480562,0.015728559,0,0,0,0,0,0,0,0,0,0,5,2
360.57,0.007268577,0.5,6306,37,0.18655,32.3125,34.6875,36.93,0,0,0.07,0,0,20,0.5,0.1,0,0,0,0.1,0.1,0.1,0.1,0.1,0.1,0.5,0,10090,0.038949455,0.016154609,0,0,0,0,0,0,0,0,0,0,5,1.611785095
420.64,0.008193667,0.5,6306,37,0.12105,32.375,34.75,37.01,0,0,0.07,0,0,20,0.5,0.1,0,0,0,0.1,0.1,0.1,0.1,0.1,0.1,0.5,0,10166,0.038363171,0.015935471,0,0,0,0,0,0,0,0,0,0,5,1.890598946
480.69,0.010767235,0.5,6306,37,0.15025,32.375,34.625,36.71,0,0,0.07,0,0,20,0.5,0.1,0,0,0,0.1,0.1,0.1,0.1,0.1,0.1,0.5,0,10169,0.038253516,0.01593077,0,0,0,0,0,0,0,0,0,0,5,2.615507648
540.73,0.010557586,0.5,6306,37,0.13565,32.375,34.6875,36.85,0,0,0.07,0,0,20,0.5,0.1,0,0,0,0.1,0.1,0.1,0.1,0.1,0.1,0.5,0,10213,0.038480368,0.01615588,0,0,0,0,0,0,0,0,0,0,5,2.425742949
600.78,0.009608712,0.5,6306,37,0.21695,32.4375,34.6875,37.03,0,0,0.25,0,0,20,0.5,0.1,0,0,0,0.1,0.1,0.1,0.1,0.1,0.1,0.5,0,10185,0.038389789,0.015513009,0,0,0,0,0,0,0,0,0,0,5,2.021932359
660.81,0.010409419,0.5,6306,37,0.11695,32.4375,34.6875,36.71,0,0,0.07,0,0,20,0.5,0.1,0,0,0,0.1,0.1,0.1,0.1,0.1,0.1,0.5,0,10236,0.038393904,0.015631106,0,0,0,0,0,0,0,0,0,0,5,2.16095848
720.84,0.013219689,0.5,6306,37,0.20825,32.5,34.6875,36.81,0,0,0.07,0,0,20,0.5,0.1,0,0,0,0.1,0.1,0.1,0.1,0.1,0.1,0.5,0,10138,0.038469126,0.016078122,0,0,0,0,0,0,0,0,0,0,5,2.769899289
780.89,0.005998593,0.5,6306,37,0.13265,32.5,34.6875,36.89,0,0,0.07,0,0,20,0.5,0.1,0,0,0,0.1,0.1,0.1,0.1,0.1,0.1,0.5,0,10183,0.038495532,0.016007071,0,0,0,0,0,0,0,0,0,0,5,0.260857103
840.93,0.007183455,0.5,6306,37,0.17595,32.4375,34.6875,36.85,0,0,0.07,0,0,20,0.5,0.1,0,0,0,0.1,0.1,0.1,0.1,0.1,0.1,0.5,0,10216,0.038469068,0.015955364,0,0,0,0,0,0,0,0,0,0,5,0.788580839
900.98,0.006575416,0.5,6306,37,0.15155,32.4375,34.75,36.89,0,0,0,0,0,20,0.5,0.1,0,0,0,0.1,0.1,0.1,0.1,0.1,0.1,0.5,0,10233,0.038698329,0.015831135,0,0,0,0,0,0,0,0,0,0,5,0.483823982
961.06,0.005367279,0.5,6306,37,0.15305,32.5,34.75,36.85,0,0,0,0,0,20,0.5,0.1,0,0,0,0.1,0.1,0.1,0.1,0.1,0.1,0.5,0,10234,0.038303694,0.015927301,0,0,0,0,0,0,0,0,0,0,5,-0.149417635
1021.13,0.005935517,0.5,6306,37,0.14925,32.5625,34.75,36.97,0,0,0,0,0,20,0.5,0.1,0,0,0,0.1,0.1,0.1,0.1,0.1,0.1,0.5,0,10151,0.038715397,0.015959019,0,0,0,0,0,0,0,0,0,0,5,0.159952312
1081.18,0.006218183,0.5,6306,37,0.15575,32.625,34.8125,36.73,0,0,0,0,0,20,0.5,0.1,0,0,0,0.1,0.1,0.1,0.1,0.1,0.1,0.5,0,10260,0.038596491,0.015984405,0,0,0,0,0,0,0,0,0,0,5,0.291525838
1141.26,0.002409121,0.5,6306,37,0.14925,32.625,34.8125,36.79,0,0,0,0,0,20,0.5,0.1,0,0,0,0.1,0.1,0.1,0.1,0.1,0.1,0.5,0,10310,0.038409311,0.01600388,0,0,0,0,0,0,0,0,0,0,5,-2.567698406
1201.33,0.004502638,0.5,6306,37,0.14955,32.6875,34.875,36.85,0,0,0,0,0,20,0.5,0.1,0,0,0,0.1,0.1,0.1,0.1,0.1,0.1,0.5,0,10223,0.03893182,0.01584662,0,0,0,0,0,0,0,0,0,0,5,-0.563108824
1261.36,0.007758276,0.5,6306,37,0.23465,32.625,34.8125,37.01,0,0,0,0,0,20,0.5,0.1,0,0,0,0.1,0.1,0.1,0.1,0.1,0.1,0.5,0,10244,0.038559157,0.015911753,0,0,0,0,0,0,0,0,0,0,5,1.097336947
1321.44,0.005204192,0.5,6306,37,0.15965,32.5,34.75,37.03,0,0,0,0,0,20,0.5,0.1,0,0,0,0.1,0.1,0.1,0.1,0.1,0.1,0.5,0,10251,0.038337723,0.015998439,0,0,0,0,0,0,0,0,0,0,5,-0.155416802
1381.51,-0.005665588,0.5,6223,37,0.15875,32.5625,34.8125,37.03,0,0,0,0,0,20,0.5,0.1,0,0,0,0.1,0.1,0.1,0.1,0.1,0.1,0.5,0,10286,0.038790589,0.015749563,0,0,0,0,0,0,0,0,0,0,5,-0.155416802
1441.59,-0.002985238,0.5,6236,37,0.16585,32.625,34.8125,36.93,0,0,0,0,0,20,0.5,0.1,0,0,0,0.1,0.1,0.1,0.1,0.1,0.1,0.5,0,10248,0.038446526,0.016003123,0,0,0,0,0,0,0,0,0,0,5,-0.155416802
1501.64,-0.001766212,0.5,6236,37,0.15705,32.625,34.8125,36.95,0,0,0,0,0,20,0.5,0.1,0,0,0,0.1,0.1,0.1,0.1,0.1,0.1,0.5,0,10208,0.038597179,0.016163793,0,0,0,0,0,0,0,0,0,0,5,-0.155416802
1561.68,-0.003719196,0.5,6236,37,0.11995,32.625,34.8125,37.01,0,0,0,0,0,20,0.5,0.1,0,0,0,0.1,0.1,0.1,0.1,0.1,0.1,0.5,0,10254,0.03842403,0.016188804,0,0,0,0,0,0,0,0,0,0,5,-0.155416802
1621.75,-0.004735983,0.5,6236,37,0.12435,32.75,34.875,36.95,0,0,0,0,0,20,0.5,0.1,0,0,0,0.1,0.1,0.1,0.1,0.1,0.1,0.5,0,10383,0.038235577,0.016180295,0,0,0,0,0,0,0,0,0,0,5,-0.155416802
1681.79,-0.005466152,0.5,6236,37,0.12405,32.6875,34.8125,36.87,0,0,0,0,0,20,0.5,0.1,0,0,0,0.1,0.1,0.1,0.1,0.1,0.1,0.5,0,10419,0.038199443,0.015740474,0,0,0,0,0,0,0,0,0,0,5,-0.155416802
1741.84,-0.002060448,0.5,6236,37,0.15495,32.6875,34.875,36.93,0,0,0,0,0,20,0.5,0.1,0,0,0,0.1,0.1,0.1,0.1,0.1,0.1,0.5,0,10185,0.038487973,0.016200295,0,0,0,0,0,0,0,0,0,0,5,-0.155416802
1801.88,-0.001195977,0.5,6236,37,0.14555,32.75,34.8125,36.93,0,0,0,0,0,20,0.5,0.1,0,0,0,0.1,0.1,0.1,0.1,0.1,0.1,0.5,0,10328,0.03834237,0.015879163,0,0,0,0,0,0,0,0,0,0,5,-0.155416802
1861.95,0.001906697,0.5,6236,37,0.16175,32.8125,34.8125,36.81,0,0,0,0,0,20,0.5,0.1,0,0,0,0.1,0.1,0.1,0.1,0.1,0.1,0.5,0,10288,0.038491446,0.016329705,0,0,0,0,0,0,0,0,0,0,5,-0.155416802
1922.03,0.002895251,0.5,6236,37,0.17915,32.75,34.9375,37.03,0,0,0,0,0,20,0.5,0.1,0,0,0,0.1,0.1,0.1,0.1,0.1,0.1,0.5,0,10318,0.038476449,0.016088389,0,0,0,0,0,0,0,0,0,0,5,1.105451804
1982.1,0.011525387,0.5,6236,37,0.10705,32.8125,34.9375,36.93,0,0,0,0,0,20,0.5,0.101,0,0,0,0.1,0.1,0.1,0.1,0.1,0.1,0.5,0,10384,0.038520801,0.015986133,0,0,0,0,0,0,0,0,0,0,5,5.194620022
2042.17,0.007591043,0.5,6236,37,0.13435,32.8125,34.875,37.11,0,0,0,0,0,20,0.5,0.101,0,0,0,0.1,0.1,0.1,0.1,0.1,0.1,0.5,0,10348,0.038558175,0.01594511,0,0,0,0,0,0,0,0,0,0,5,3.682139575
2102.25,0.005976637,0.5,6236,37,0.16585,32.75,34.875,36.95,0,0,0,0,0,20,0.5,0.101,0,0,0,0.1,0.1,0.1,0.1,0.1,0.1,0.5,0,10439,0.038317847,0.015997701,0,0,0,0,0,0,0,0,0,0,5,2.780699766
2162.33,0.006764617,0.5,6236,37,0.11345,32.6875,34.8125,37.03,0,0,0,0,0,20,0.5,0.101,0,0,0,0.1,0.1,0.1,0.1,0.1,0.1,0.5,0,10360,0.038416988,0.016216216,0,0,0,0,0,0,0,0,0,0,5,3.013207607
2222.4,0.003615457,0.5,6236,37,0.16375,32.8125,34.875,36.95,0,0,0,0,0,20,0.5,0.101,0,0,0,0.1,0.1,0.1,0.1,0.1,0.1,0.5,0,10411,0.038324849,0.015944674,0,0,0,0,0,0,0,0,0,0,5,0.983085092
2282.48,0.004644793,0.5,6236,37,0.13135,32.8125,34.875,36.79,0,0,0,0,0,20,0.5,0.101,0,0,0,0.1,0.1,0.1,0.1,0.1,0.1,0.5,0,10430,0.038446788,0.016107383,0,0,0,0,0,0,0,0,0,0,5,1.685516135
2342.52,0.003031147,0.5,6236,37,0.12985,32.6875,34.875,36.89,0,0,0,0,0,20,0.5,0.101,0,0,0,0.1,0.1,0.1,0.1,0.1,0.1,0.5,0,10447,0.038479946,0.01598545,0,0,0,0,0,0,0,0,0,0,5,0.320823718
2402.56,0.008227809,0.5,6236,37,0.17755,32.8125,34.875,36.93,0,0,0,0,0,20,0.5,0.101,0,0,0,0.1,0.1,0.1,0.1,0.1,0.1,0.5,0,10429,0.038450475,0.016013041,0,0,0,0,0,0,0,0,0,0,5,3.300518044
2462.61,0.006222254,0.5,6236,37,0.16345,32.75,34.8125,36.85,0,0,0,0,0,20,0.5,0.101,0,0,0,0.1,0.1,0.1,0.1,0.1,0.1,0.5,0,10374,0.038943513,0.016001542,0,0,0,0,0,0,0,0,0,0,5,2.297329631
2522.65,0.012637825,0.5,6236,37,0.14085,32.8125,34.875,37.01,0,0,0,0,0,20,0.5,0.101,0,0,0,0.1,0.1,0.1,0.1,0.1,0.1,0.5,0,10475,0.038377088,0.015942721,0,0,0,0,0,0,0,0,0,0,5,4.308149532
2582.7,0.005741657,0.5,6236,37,0.10435,32.8125,34.875,37.17,0,0,0,0,0,20,0.5,0.101,0,0,0,0.1,0.1,0.1,0.1,0.1,0.1,0.5,0,10571,0.038123167,0.015703339,0,0,0,0,0,0,0,0,0,0,5,1.725902377
2642.74,0.003039368,0.5,6236,37,0.11695,32.8125,34.875,36.81,0,0,0,0,0,20,0.5,0.101,0,0,0,0.1,0.1,0.1,0.1,0.1,0.1,0.5,0,10477,0.038751551,0.015748783,0,0,0,0,0,0,0,0,0,0,5,-0.268686966
2702.78,0.011414219,0.5,6236,37,0.17645,32.6875,34.875,36.93,0,0,0,0,0,20,0.5,0.101,0,0,0,0.1,0.1,0.1,0.1,0.1,0.1,0.5,0,10458,0.038439472,0.015968636,0,0,0,0,0,0,0,0,0,0,5,3.714378023
2762.83,0.00385266,0.5,6236,37,0.13965,32.8125,34.875,37.03,0,0,0,0,0,20,0.5,0.101,0,0,0,0.1,0.1,0.1,0.1,0.1,0.1,0.5,0,10638,0.038165069,0.015322429,0,0,0,0,0,0,0,0,0,0,5,0.270370962
2822.9,0.003629538,0.5,6236,37,0.15375,32.8125,34.875,36.85,0,0,0,0,0,20,0.5,0.101,0,0,0,0.1,0.1,0.1,0.1,0.1,0.1,0.5,0,10420,0.038867562,0.016122841,0,0,0,0,0,0,0,0,0,0,5,0.077877347
2882.97,0.003553887,0.5,6236,37,0.10105,32.75,34.875,36.87,0,0,0,0,0,20,0.5,0.101,0,0,0,0.1,0.1,0.1,0.1,0.1,0.1,0.5,0,10483,0.038443194,0.016121339,0,0,0,0,0,0,0,0,0,0,5,0.010792655
2943.05,0.004640662,0.5,6236,37,0.13925,32.6875,34.875,36.71,0,0,0,0,0,20,0.5,0.101,0,0,0,0.1,0.1,0.1,0.1,0.1,0.1,0.5,0,10424,0.03856485,0.016116654,0,0,0,0,0,0,0,0,0,0,5,0.810698236
3003.11,0.012609213,0.5,6236,37,0.15725,32.75,34.875,36.93,0,0,0,0,0,20,0.5,0.101,0,0,0,0.1,0.1,0.1,0.1,0.1,0.1,0.5,0,10534,0.038257072,0.016043288,0,0,0,0,0,0,0,0,0,0,5,3.768875569
3063.16,0.013939541,0.5,6236,37,0.11785,32.8125,34.9375,36.93,0,0,0,0,0,20,0.5,0.101,0,0,0,0.1,0.1,0.1,0.1,0.1,0.1,0.5,0,10562,0.038723727,0.01571672,0,0,0,0,0,0,0,0,0,0,5,3.881337203
3123.23,0.012545212,0.5,6236,37,0.14375,32.875,34.8125,37.01,0,0,0,0,0,20,0.5,0.101,0,0,0,0.1,0.1,0.1,0.1,0.1,0.1,0.5,0,10515,0.038421303,0.016072278,0,0,0,0,0,0,0,0,0,0,5,3.371099096
3183.27,0.014201722,0.5,6236,37,0.12285,32.75,34.8125,37.01,0,0,0,0,0,20,0.5,0.101,0,0,0,0.1,0.1,0.1,0.1,0.1,0.1,0.5,0,10510,0.038439581,0.016079924,0,0,0,0,0,0,0,0,0,0,5,3.574616503
3243.32,0.012001185,0.5,6236,37,0.13165,32.75,34.75,36.85,0,0,0,0,0,20,0.5,0.101,0,0,0,0.1,0.1,0.1,0.1,0.1,0.1,0.5,0,10664,0.037978245,0.015941485,0,0,0,0,0,0,0,0,0,0,5,2.890812221
3303.4,0.012052155,0.5,6236,37,0.19255,32.8125,34.875,36.97,0,0,0,0,0,20,0.5,0.101,0,0,0,0.1,0.1,0.1,0.1,0.1,0.1,0.5,0,10644,0.038519354,0.015971439,0,0,0,0,0,0,0,0,0,0,5,2.758985901
3363.43,0.015845556,0.5,6236,37,0.13165,32.8125,34.8125,36.95,0,0,0,0,0,20,0.5,0.101,0,0,0,0.1,0.1,0.1,0.1,0.1,0.1,0.5,0,10623,0.038124823,0.015814742,0,0,0,0,0,0,0,0,0,0,5,3.441973343
3423.48,0.014419332,0.5,6236,37,0.15165,32.8125,34.75,36.87,0,0,0,0,0,20,0.5,0.101,0,0,0,0.1,0.1,0.1,0.1,0.1,0.1,0.5,0,10538,0.038242551,0.016037199,0,0,0,0,0,0,0,0,0,0,5,2.986916818
3483.55,0.014840031,0.5,6236,37,0.17375,32.8125,34.75,37.03,0,0,0,0,0,20,0.5,0.101,0,0,0,0.1,0.1,0.1,0.1,0.1,0.1,0.5,0,10533,0.038545524,0.015949872,0,0,0,0,0,0,0,0,0,0,5,2.923846524
3543.58,0.015376061,0.5,6236,37,0.14285,32.875,34.6875,36.89,0,0,0,0,0,20,0.5,0.101,0,0,0,0.1,0.1,0.1,0.1,0.1,0.1,0.5,0,10645,0.038703617,0.015969939,0,0,0,0,0,0,0,0,0,0,5,2.884104695
3603.63,0.013971396,0.5,6236,37,0.08955,32.8125,34.6875,36.87,0,0,0,0,0,20,0.5,0.101,0,0,0,0.1,0.1,0.1,0.1,0.1,0.1,0.5,0,10534,0.038257072,0.015853427,0,0,0,0,0,0,0,0,0,0,5,2.452500384
3663.69,0.010426518,0.5,6236,37,0.13865,32.75,34.75,36.85,0,0,0,0,0,20,0.5,0.101,0,0,0,0.1,0.1,0.1,0.1,0.1,0.1,0.5,0,10468,0.038880397,0.01614444,0,0,0,0,0,0,0,0,0,0,5,1.451896206
3723.74,0.015007026,0.5,6236,37,0.22435,32.75,34.6875,36.93,0,0,0,0,0,20,0.5,0.101,0,0,0,0.1,0.1,0.1,0.1,0.1,0.1,0.5,0,10559,0.038545317,0.016100009,0,0,0,0,0,0,0,0,0,0,5,2.471799776
3783.78,0.017092832,0.5,6236,37,0.12345,32.75,34.75,36.93,0,0,0,0,0,20,0.5,0.101,0,0,0,0.1,0.1,0.1,0.1,0.1,0.1,0.5,0,10648,0.038317055,0.016153268,0,0,0,0,0,0,0,0,0,0,5,2.738631824
3843.85,0.012377928,0.5,6236,37,0.15905,32.6875,34.75,37.09,0,0,0,0,0,20,0.5,0.101,0,0,0,0.1,0.1,0.1,0.1,0.1,0.1,0.5,0,10610,0.038265787,0.016116871,0,0,0,0,0,0,0,0,0,0,5,1.633467398
3903.93,0.0168955,0.5,6236,37,0.14555,32.875,34.75,36.73,0,0,0,0,0,20,0.5,0.101,0,0,0,0.1,0.1,0.1,0.1,0.1,0.1,0.5,0,10640,0.03825188,0.016071429,0,0,0,0,0,0,0,0,0,0,5,2.485191156
3963.98,0.009611512,0.5,6236,37,0.14345,32.625,34.75,36.73,0,0,0,0,0,20,0.5,0.101,0,0,0,0.1,0.1,0.1,0.1,0.1,0.1,0.5,0,10515,0.038896814,0.015596767,0,0,0,0,0,0,0,0,0,0,5,0.668674337
4024.05,0.014238521,0.5,6236,37,0.20205,32.75,34.75,36.95,0,0,0,0,0,20,0.5,0.101,0,0,0,0.1,0.1,0.1,0.1,0.1,0.1,0.5,0,10662,0.038548115,0.015850685,0,0,0,0,0,0,0,0,0,0,5,1.81420903
4084.08,0.015706954,0.5,6236,37,0.12525,32.75,34.8125,36.93,0,0,0,0,0,20,0.5,0.101,0,0,0,0.1,0.1,0.1,0.1,0.1,0.1,0.5,0,10617,0.038240558,0.016200433,0,0,0,0,0,0,0,0,0,0,5,2.01795628
4144.15,0.011949846,0.5,6236,37,0.15435,32.6875,34.75,36.95,0,0,0,0,0,20,0.5,0.101,0,0,0,0.1,0.1,0.1,0.1,0.1,0.1,0.5,0,10637,0.038638714,0.015887938,0,0,0,0,0,0,0,0,0,0,5,1.09690283
4204.2,0.018171951,0.5,6236,37,0.16055,32.75,34.8125,37.03,0,0,0,0,0,20,0.5,0.101,0,0,0,0.1,0.1,0.1,0.1,0.1,0.1,0.5,0,10607,0.03827661,0.016027152,0,0,0,0,0,0,0,0,0,0,5,2.299540428
4264.24,0.018163734,0.5,6236,37,0.09845,32.75,34.75,36.95,0,0,0,0,0,20,0.5,0.101,0,0,0,0.1,0.1,0.1,0.1,0.1,0.1,0.5,0,10657,0.038284696,0.016045791,0,0,0,0,0,0,0,0,0,0,5,2.183206517
4324.31,0.018215393,0.5,6236,37,0.17435,32.8125,34.75,36.97,0,0,0,0,0,20,0.5,0.101,0,0,0,0.1,0.1,0.1,0.1,0.1,0.1,0.5,0,10594,0.038417972,0.016046819,0,0,0,0,0,0,0,0,0,0,5,2.082566297
4384.36,0.018757482,0.5,6236,37,0.16465,32.8125,34.6875,36.93,0,0,0,0,0,20,0.5,0.101,0,0,0,0.1,0.1,0.1,0.1,0.1,0.1,0.5,0,10660,0.038273921,0.015853659,0,0,0,0,0,0,0,0,0,0,5,2.066415033
4444.41,0.018921114,0.5,6236,37,0.16525,32.75,34.6875,37.09,0,0,0,0,0,20,0.5,0.101,0,0,0,0.1,0.1,0.1,0.1,0.1,0.1,0.5,0,10684,0.038655934,0.015911644,0,0,0,0,0,0,0,0,0,0,5,1.989151445
4504.47,0.010599542,0.5,6236,37,0.12175,32.75,34.6875,37.03,0,0,0,0,0,20,0.5,0.101,0,0,0,0.1,0.1,0.1,0.1,0.1,0.1,0.5,0,10653,0.038580681,0.015676335,0,0,0,0,0,0,0,0,0,0,5,0.151291043
4564.52,0.018543898,0.5,6236,37,0.14525,32.8125,34.75,37.09,0,0,0,0,0,20,0.5,0.101,0,0,0,0.1,0.1,0.1,0.1,0.1,0.1,0.5,0,10644,0.038613303,0.01587749,0,0,0,0,0,0,0,0,0,0,5,1.821716456
4624.56,0.021062484,0.5,6236,37,0.13935,32.75,34.75,37.01,0,0,0,0,0,20,0.5,0.101,0,0,0,0.1,0.1,0.1,0.1,0.1,0.1,0.5,0,10698,0.038418396,0.015984296,0,0,0,0,0,0,0,0,0,0,5,2.112688546
4684.61,0.019136903,0.5,6236,37,0.13225,32.75,34.6875,36.77,0,0,0,0,0,20,0.5,0.101,0,0,0,0.1,0.1,0.1,0.1,0.1,0.1,0.5,0,10698,0.038324921,0.016077772,0,0,0,0,0,0,0,0,0,0,5,1.71942948
4744.69,0.019345289,0.5,6236,37,0.15135,32.625,34.8125,37.01,0,0,0,0,0,20,0.5,0.101,0,0,0,0.1,0.1,0.1,0.1,0.1,0.1,0.5,0,10667,0.038155058,0.016030749,0,0,0,0,0,0,0,0,0,0,5,1.665949137
4804.77,0.01680341,0.5,6236,37,0.20225,32.875,34.75,36.93,0,0,0,0,0,20,0.5,0.101,0,0,0,0.1,0.1,0.1,0.1,0.1,0.1,0.5,0,10763,0.038650934,0.016073585,0,0,0,0,0,0,0,0,0,0,5,1.160050411
4864.82,0.019480009,0.5,6236,37,0.19495,32.6875,34.75,37.05,0,0,0,0,0,20,0.5,0.101,0,0,0,0.1,0.1,0.1,0.1,0.1,0.1,0.5,0,10840,0.038191882,0.01595941,0,0,0,0,0,0,0,0,0,0,5,1.545468717
4924.9,0.023492315,0.5,6236,37,0.13285,32.8125,34.75,37.05,0,0,0,0,0,20,0.5,0.101,0,0,0,0.1,0.1,0.1,0.1,0.1,0.1,0.5,0,10751,0.038415031,0.015998512,0,0,0,0,0,0,0,0,0,0,5,2.030049012
4984.98,0.016621761,0.5,6236,37,0.17615,32.8125,34.75,36.97,0,0,0,0,0,20,0.5,0.101,0,0,0,0.1,0.1,0.1,0.1,0.1,0.1,0.5,0,10784,0.038297478,0.016042285,0,0,0,0,0,0,0,0,0,0,5,0.890664671
5045.03,0.015735843,0.5,6236,37,0.12585,32.75,34.6875,37.01,0,0,0,0,0,20,0.5,0.101,0,0,0,0.1,0.1,0.1,0.1,0.1,0.1,0.5,0,10760,0.03866171,0.015892193,0,0,0,0,0,0,0,0,0,0,5,0.681816615
5105.1,0.022869802,0.5,6236,37,0.14375,32.8125,34.6875,37.09,0,0,0,0,0,20,0.5,0.101,0,0,0,0.1,0.1,0.1,0.1,0.1,0.1,0.5,0,10820,0.038262477,0.016173752,0,0,0,0,0,0,0,0,0,0,5,1.769354509
5165.14,0.02522924,0.5,6236,37,0.16405,32.875,34.75,36.85,0,0,0,0,0,20,0.5,0.101,0,0,0,0.1,0.1,0.1,0.1,0.1,0.1,0.5,0,10656,0.038382132,0.016047297,0,0,0,0,0,0,0,0,0,0,5,1.975445652
5225.18,0.022154087,0.5,6236,37,0.12015,32.75,34.6875,36.73,0,0,0,0,0,20,0.5,0.101,0,0,0,0.1,0.1,0.1,0.1,0.1,0.1,0.5,0,10650,0.038309859,0.016056338,0,0,0,0,0,0,0,0,0,0,5,1.486728437
5285.25,0.021121465,0.5,6236,37,0.15665,32.75,34.6875,36.77,0,0,0,0,0,20,0.5,0.101,0,0,0,0.1,0.1,0.1,0.1,0.1,0.1,0.5,0,10707,0.038292706,0.01569067,0,0,0,0,0,0,0,0,0,0,5,1.269195419
5345.29,0.023860598,0.5,6236,37,0.13485,32.6875,34.6875,36.87,0,0,0,0,0,20,0.5,0.101,0,0,0,0.1,0.1,0.1,0.1,0.1,0.1,0.5,0,10703,0.038307017,0.015976829,0,0,0,0,0,0,0,0,0,0,5,1.571551621
5405.38,0.024841159,0.5,6236,37,0.19255,32.6875,34.6875,36.69,0,0,0,0,0,20,0.5,0.101,0,0,0,0.1,0.1,0.1,0.1,0.1,0.1,0.5,0,10676,0.038591233,0.016017235,0,0,0,0,0,0,0,0,0,0,5,1.613794367
5465.44,0.021946539,0.5,6236,37,0.15785,32.75,34.75,36.97,0,0,0,0,0,20,0.5,0.101,0,0,0,0.1,0.1,0.1,0.1,0.1,0.1,0.5,0,10790,0.037998146,0.015940686,0,0,0,0,0,0,0,0,0,0,5,1.161427283
5525.48,0.025016102,0.5,6236,37,0.19435,32.75,34.75,37.05,0,0,0,0,0,20,0.5,0.101,0,0,0,0.1,0.1,0.1,0.1,0.1,0.1,0.5,0,10857,0.038039974,0.015842314,0,0,0,0,0,0,0,0,0,0,5,1.496086642
5585.55,0.018723313,0.5,6236,37,0.15555,32.625,34.6875,37.09,0,0,0,0,0,20,0.5,0.101,0,0,0,0.1,0.1,0.1,0.1,0.1,0.1,0.5,0,10776,0.038140312,0.015961396,0,0,0,0,0,0,0,0,0,0,5,0.552031517
5645.63,0.02639556,0.5,6236,37,0.16085,32.75,34.75,37.11,0,0,0,0,0,20,0.5,0.101,0,0,0,0.1,0.1,0.1,0.1,0.1,0.1,0.5,0,10856,0.038504053,0.016028003,0,0,0,0,0,0,0,0,0,0,5,1.554709048
5705.69,0.028067724,0.5,6236,37,0.09195,32.75,34.75,37.17,0,0,0,0,0,20,0.5,0.101,0,0,0,0.1,0.1,0.1,0.1,0.1,0.1,0.5,0,10739,0.038364838,0.016109507,0,0,0,0,0,0,0,0,0,0,5,1.661247062
5765.73,0.026076787,0.5,6236,37,0.17815,32.625,34.8125,36.89,0,0,0,0,0,20,0.5,0.101,0,0,0,0.1,0.1,0.1,0.1,0.1,0.1,0.5,0,10821,0.038166528,0.015895019,0,0,0,0,0,0,0,0,0,0,5,1.357460445
5825.78,0.01884808,0.5,6236,37,0.16055,32.6875,34.75,36.95,0,0,0,0,0,20,0.5,0.101,0,0,0,0.1,0.1,0.1,0.1,0.1,0.1,0.5,0,10812,0.038383278,0.01609323,0,0,0,0,0,0,0,0,0,0,5,0.315683929
5885.84,0.027984353,0.5,6236,37,0.10135,32.6875,34.75,36.89,0,0,0,0,0,20,0.5,0.101,0,0,0,0.1,0.1,0.1,0.1,0.1,0.1,0.5,0,10745,0.038715682,0.016007445,0,0,0,0,0,0,0,0,0,0,5,1.485603228
5945.9,0.028723382,0.5,6236,37,0.13455,32.8125,34.75,36.79,0,0,0,0,0,20,0.5,0.101,0,0,0,0.1,0.1,0.1,0.1,0.1,0.1,0.5,0,10905,0.038147639,0.015864282,0,0,0,0,0,0,0,0,0,0,5,1.489520907
6005.94,0.021594389,0.5,6236,37,0.13455,32.75,34.75,36.77,0,0,0,0,0,20,0.5,0.101,0,0,0,0.1,0.1,0.1,0.1,0.1,0.1,0.5,0,10817,0.038180642,0.016085791,0,0,0,0,0,0,0,0,0,0,5,0.559210885
6066.01,0.024420241,0.5,6236,37,0.13725,32.6875,34.75,36.93,0,0,0,0,0,20,0.5,0.101,0,0,0,0.1,0.1,0.1,0.1,0.1,0.1,0.5,0,10783,0.038671984,0.016043773,0,0,0,0,0,0,0,0,0,0,5,0.900186899
6126.05,0.024075591,0.5,6236,37,0.19315,32.8125,34.75,36.89,0,0,0,0,0,20,0.5,0.101,0,0,0,0.1,0.1,0.1,0.1,0.1,0.1,0.5,0,10729,0.038493802,0.015938112,0,0,0,0,0,0,0,0,0,0,5,0.812535979
6186.09,0.027712194,0.5,6236,37,0.16085,32.75,34.75,36.81,0,0,0,0,0,20,0.5,0.101,0,0,0,0.1,0.1,0.1,0.1,0.1,0.1,0.5,0,10820,0.038262477,0.016266174,0,0,0,0,0,0,0,0,0,0,5,1.193931313
6246.16,0.022812625,0.5,6236,37,0.13345,32.75,34.75,37.01,0,0,0,0,0,20,0.5,0.101,0,0,0,0.1,0.1,0.1,0.1,0.1,0.1,0.5,0,10989,0.038129038,0.015925016,0,0,0,0,0,0,0,0,0,0,5,0.55055944
6306.2,0.023939042,0.5,6236,37,0.06865,32.75,34.6875,37.01,0,0,0,0,0,20,0.5,0.101,0,0,0,0.1,0.1,0.1,0.1,0.1,0.1,0.5,0,10730,0.038303821,0.01612302,0,0,0,0,0,0,0,0,0,0,5,0.667621285
6366.24,0.02565407,0.5,6236,37,0.21315,32.6875,34.6875,36.73,0,0,0,0,0,20,0.5,0.101,0,0,0,0.1,0.1,0.1,0.1,0.1,0.1,0.5,0,10888,0.038115356,0.015980896,0,0,0,0,0,0,0,0,0,0,5,0.841814833
6426.31,0.022052313,0.5,6236,37,0.13755,32.6875,34.6875,36.89,0,0,0,0,0,20,0.5,0.101,0,0,0,0.1,0.1,0.1,0.1,0.1,0.1,0.5,0,10940,0.038482633,0.016087751,0,0,0,0,0,0,0,0,0,0,5,0.345869924
6486.39,0.024670238,0.5,6236,37,0.18345,32.75,34.75,36.87,0,0,0,0,0,20,0.5,0.101,0,0,0,0.1,0.1,0.1,0.1,0.1,0.1,0.5,0,10890,0.038108356,0.016069789,0,0,0,0,0,0,0,0,0,0,5,0.66511663
6546.47,0.024217033,0.5,6236,37,0.12285,32.75,34.6875,36.97,0,0,0,0,0,20,0.5,0.101,0,0,0,0.1,0.1,0.1,0.1,0.1,0.1,0.5,0,11021,0.038018329,0.015969513,0,0,0,0,0,0,0,0,0,0,5,0.576236725
6606.55,0.026068901,0.5,6236,37,0.15195,32.75,34.75,37.01,0,0,0,0,0,20,0.5,0.101,0,0,0,0.1,0.1,0.1,0.1,0.1,0.1,0.5,0,11043,0.037942588,0.016028253,0,0,0,0,0,0,0,0,0,0,5,0.768485386
6666.62,0.034629291,0.5,6236,37,0.18045,32.6875,34.75,36.93,0,0,0,0,0,20,0.5,0.101,0,0,0,0.1,0.1,0.1,0.1,0.1,0.1,0.5,0,10887,0.03821071,0.01616607,0,0,0,0,0,0,0,0,0,0,5,1.581931601
6726.7,0.027456726,0.5,6236,37,0.17905,32.8125,34.75,36.85,0,0,0,0,0,20,0.5,0.101,0,0,0,0.1,0.1,0.1,0.1,0.1,0.1,0.5,0,11049,0.038555525,0.016019549,0,0,0,0,0,0,0,0,0,0,5,0.806568851
6786.76,0.026043221,0.5,6236,37,0.12345,32.75,34.75,36.95,0,0,0,0,0,20,0.5,0.101,0,0,0,0.1,0.1,0.1,0.1,0.1,0.1,0.5,0,10927,0.038436899,0.016106891,0,0,0,0,0,0,0,0,0,0,5,0.607679473
6846.82,0.027744828,0.5,6236,37,0.13905,32.75,34.75,37.03,0,0,0,0,0,20,0.5,0.101,0,0,0,0.1,0.1,0.1,0.1,0.1,0.1,0.5,0,11036,0.03851033,0.015947807,0,0,0,0,0,0,0,0,0,0,5,0.767171308
6906.86,0.030050708,0.5,6236,37,0.16435,32.75,34.8125,37.01,0,0,0,0,0,20,0.5,0.101,0,0,0,0.1,0.1,0.1,0.1,0.1,0.1,0.5,0,10985,0.038507055,0.016021848,0,0,0,0,0,0,0,0,0,0,5,0.96832306
6966.93,0.0329217,0.5,6236,37,0.14055,32.8125,34.75,36.89,0,0,0,0,0,20,0.5,0.101,0,0,0,0.1,0.1,0.1,0.1,0.1,0.1,0.5,0,10940,0.038299817,0.016179159,0,0,0,0,0,0,0,0,0,0,5,1.193644248
7026.97,0.035262609,0.5,6236,37,0.17435,32.8125,34.8125,36.85,0,0,0,0,0,20,0.5,0.101,0,0,0,0.1,0.1,0.1,0.1,0.1,0.1,0.5,0,11072,0.038385116,0.015715318,0,0,0,0,0,0,0,0,0,0,5,1.340035507
7087.04,0.029253769,0.5,6236,37,0.15995,32.75,34.75,36.85,0,0,0,0,0,20,0.5,0.101,0,0,0,0.1,0.1,0.1,0.1,0.1,0.1,0.5,0,10990,0.038489536,0.015741583,0,0,0,0,0,0,0,0,0,0,5,0.712589467
7147.1,0.031270961,0.5,6236,37,0.15375,32.75,34.6875,36.93,0,0,0,0,0,20,0.5,0.101,0,0,0,0.1,0.1,0.1,0.1,0.1,0.1,0.5,0,11163,0.03789304,0.016124698,0,0,0,0,0,0,0,0,0,0,5,0.877004455
7207.14,0.031012097,0.5,6236,37,0.15525,32.75,34.6875,37.05,0,0,0,0,0,20,0.5,0.101,0,0,0,0.1,0.1,0.1,0.1,0.1,0.1,0.5,0,11041,0.038040033,0.015668871,0,0,0,0,0,0,0,0,0,0,5,0.808216646
7267.21,0.03220737,0.5,6236,37,0.14375,32.75,34.625,36.89,0,0,0,0,0,20,0.5,0.101,0,0,0,0.1,0.1,0.1,0.1,0.1,0.1,0.5,0,11050,0.038371041,0.015927602,0,0,0,0,0,0,0,0,0,0,5,0.881259651
7327.25,0.032727142,0.5,6236,37,0.16525,32.6875,34.625,36.81,0,0,0,0,0,20,0.5,0.101,0,0,0,0.1,0.1,0.1,0.1,0.1,0.1,0.5,0,11059,0.03824939,0.016185912,0,0,0,0,0,0,0,0,0,0,5,0.885224988
7387.28,0.038307124,0.5,6236,37,0.13615,32.6875,34.6875,37.09,0,0,0,0,0,20,0.5,0.101,0,0,0,0.1,0.1,0.1,0.1,0.1,0.1,0.5,0,11079,0.03809008,0.01588591,0,0,0,0,0,0,0,0,0,0,5,1.313257165
7447.31,0.035276057,0.5,6236,37,0.13935,32.6875,34.6875,36.95,0,0,0,0,0,20,0.5,0.101,0,0,0,0.1,0.1,0.1,0.1,0.1,0.1,0.5,0,11023,0.03810215,0.015875896,0,0,0,0,0,0,0,0,0,0,5,1.0003
7507.34,0.037757594,0.5,6236,37,0.13225,32.6875,34.6875,37.11,0,0,0,0,0,20,0.5,0.101,0,0,0,0.1,0.1,0.1,0.1,0.1,0.1,0.5,0,11125,0.038382022,0.016,0,0,0,0,0,0,0,0,0,0,5,1.154231517
7567.42,0.042203273,0.5,6236,37,0.15665,32.6875,34.6875,37.09,0,0,0,0,0,20,0.5,0.101,0,0,0,0.1,0.1,0.1,0.1,0.1,0.1,0.5,0,11060,0.038336347,0.016184448,0,0,0,0,0,0,0,0,0,0,5,1.430453386
7627.48,0.037291204,0.5,6236,37,0.16135,32.6875,34.6875,36.85,0,0,0,0,0,20,0.5,0.101,0,0,0,0.1,0.1,0.1,0.1,0.1,0.1,0.5,0,11180,0.038372093,0.015921288,0,0,0,0,0,0,0,0,0,0,5,0.987709835
7687.55,0.037145581,0.5,6236,37,0.15755,32.75,34.75,36.93,0,0,0,0,0,20,0.5,0.101,0,0,0,0.1,0.1,0.1,0.1,0.1,0.1,0.5,0,11177,0.038024515,0.015746623,0,0,0,0,0,0,0,0,0,0,5,0.926586338
7747.63,0.038750553,0.5,6236,37,0.20145,32.75,34.75,36.87,0,0,0,0,0,20,0.5,0.101,0,0,0,0.1,0.1,0.1,0.1,0.1,0.1,0.5,0,11263,0.038000533,0.015892746,0,0,0,0,0,0,0,0,0,0,5,1.007157617
7807.67,0.039678672,0.5,6236,37,0.12345,32.6875,34.75,36.77,0,0,0,0,0,20,0.5,0.101,0,0,0,0.1,0.1,0.1,0.1,0.1,0.1,0.5,0,11124,0.038205681,0.016091334,0,0,0,0,0,0,0,0,0,0,5,1.027806163
7867.74,0.038666162,0.5,6236,37,0.12165,32.75,34.6875,37.03,0,0,0,0,0,20,0.5,0.101,0,0,0,0.1,0.1,0.1,0.1,0.1,0.1,0.5,0,11159,0.038265078,0.01595125,0,0,0,0,0,0,0,0,0,0,5,0.898868906
7927.78,0.040253453,0.5,6236,37,0.18375,32.625,34.6875,36.81,0,0,0,0,0,20,0.5,0.101,0,0,0,0.1,0.1,0.1,0.1,0.1,0.1,0.5,0,11131,0.038181655,0.016081215,0,0,0,0,0,0,0,0,0,0,5,0.974618331
7987.82,0.041211061,0.5,6236,37,0.13905,32.75,34.75,36.85,0,0,0,0,0,20,0.5,0.101,0,0,0,0.1,0.1,0.1,0.1,0.1,0.1,0.5,0,11222,0.037961148,0.015683479,0,0,0,0,0,0,0,0,0,0,5,0.996420093
8047.88,0.042943859,0.5,6236,37,0.10135,32.75,34.6875,37.01,0,0,0,0,0,20,0.5,0.101,0,0,0,0.1,0.1,0.1,0.1,0.1,0.1,0.5,0,11209,0.038094388,0.016058524,0,0,0,0,0,0,0,0,0,0,5,1.070159954
8107.93,0.043345384,0.5,6236,37,0.14195,32.75,34.6875,36.85,0,0,0,0,0,20,0.5,0.101,0,0,0,0.1,0.1,0.1,0.1,0.1,0.1,0.5,0,11161,0.038168623,0.015858794,0,0,0,0,0,0,0,0,0,0,5,1.044571652
8167.97,0.044024596,0.5,6236,37,0.21645,32.8125,34.625,36.85,0,0,0,0,0,20,0.5,0.101,0,0,0,0.1,0.1,0.1,0.1,0.1,0.1,0.5,0,11140,0.038330341,0.015978456,0,0,0,0,0,0,0,0,0,0,5,1.038987844
8228.04,0.051562223,0.5,6236,37,0.14145,32.6875,34.5625,37.01,0,0,0,0,0,20,0.5,0.101,0,0,0,0.1,0.1,0.1,0.1,0.1,0.1,0.5,0,11198,0.038042508,0.015895696,0,0,0,0,0,0,0,0,0,0,5,1.461160899
8288.1,0.049196441,0.5,6236,37,0.15765,32.5625,34.625,36.93,0,0,0,0,0,20,0.5,0.101,0,0,0,0.1,0.1,0.1,0.1,0.1,0.1,0.5,0,11218,0.038063826,0.016045641,0,0,0,0,0,0,0,0,0,0,5,1.247198851
8348.18,0.054798428,0.5,6236,37,0.11845,32.6875,34.625,37.01,0,0,0,0,0,20,0.5,0.101,0,0,0,0.1,0.1,0.1,0.1,0.1,0.1,0.5,0,11180,0.038193202,0.016010733,0,0,0,0,0,0,0,0,0,0,5,1.50835958
8408.23,0.051136861,0.5,6236,37,0.13135,32.6875,34.6875,36.89,0,0,0,0,0,20,0.5,0.101,0,0,0,0.1,0.1,0.1,0.1,0.1,0.1,0.5,0,11264,0.037819602,0.015625,0,0,0,0,0,0,0,0,0,0,5,1.225473821
8468.26,0.050441744,0.5,6236,37,0.18285,32.625,34.625,36.81,0,0,0,0,0,20,0.5,0.101,0,0,0,0.1,0.1,0.1,0.1,0.1,0.1,0.5,0,11296,0.038155099,0.015669263,0,0,0,0,0,0,0,0,0,0,5,1.123140664
8528.32,0.052383923,0.5,6236,37,0.18675,32.8125,34.6875,36.95,0,0,0,0,0,20,0.5,0.101,0,0,0,0.1,0.1,0.1,0.1,0.1,0.1,0.5,0,11297,0.038594317,0.016110472,0,0,0,0,0,0,0,0,0,0,5,1.180325523
8588.36,0.052895545,0.5,6236,37,0.17915,32.625,34.6875,36.85,0,0,0,0,0,20,0.5,0.101,0,0,0,0.1,0.1,0.1,0.1,0.1,0.1,0.5,0,11363,0.038018129,0.016104902,0,0,0,0,0,0,0,0,0,0,5,1.150467461
8648.44,0.054946511,0.5,6236,37,0.14325,32.6875,34.75,37.13,0,0,0,0,0,20,0.5,0.101,0,0,0,0.1,0.1,0.1,0.1,0.1,0.1,0.5,0,11292,0.038080057,0.015851931,0,0,0,0,0,0,0,0,0,0,5,1.207067237
8708.51,0.062682389,0.5,6236,37,0.17675,32.75,34.75,37.03,0,0,0,0,0,20,0.5,0.101,0,0,0,0.1,0.1,0.1,0.1,0.1,0.1,0.5,0,11355,0.037956847,0.016116248,0,0,0,0,0,0,0,0,0,0,5,1.541874956
8768.56,0.052259641,0.5,6236,37,0.11995,32.8125,34.75,37.11,0,0,0,0,0,20,0.5,0.101,0,0,0,0.1,0.1,0.1,0.1,0.1,0.1,0.5,0,11394,0.038002457,0.016061085,0,0,0,0,0,0,0,0,0,0,5,0.919212774
8828.6,0.061674649,0.5,6236,37,0.17525,32.75,34.75,37.09,0,0,0,0,0,20,0.5,0.101,0,0,0,0.1,0.1,0.1,0.1,0.1,0.1,0.5,0,11418,0.03809774,0.01558942,0,0,0,0,0,0,0,0,0,0,5,1.370197849
8888.67,0.062396676,0.5,6236,37,0.16495,32.75,34.75,36.89,0,0,0,0,0,20,0.5,0.101,0,0,0,0.1,0.1,0.1,0.1,0.1,0.1,0.5,0,11310,0.038461538,0.015826702,0,0,0,0,0,0,0,0,0,0,5,1.33660507
8948.77,0.059522354,0.5,6236,37,0.15375,32.8125,34.6875,37.01,0,0,0,0,0,20,0.5,0.101,0,0,0,0.1,0.1,0.1,0.1,0.1,0.1,0.5,0,11395,0.03808688,0.016147433,0,0,0,0,0,0,0,0,0,0,5,1.128294637
9008.79,0.061888243,0.5,6236,37,0.17935,32.8125,34.6875,36.93,0,0,0,0,0,20,0.5,0.101,0,0,0,0.1,0.1,0.1,0.1,0.1,0.1,0.5,0,11446,0.038179277,0.015638651,0,0,0,0,0,0,0,0,0,0,5,1.188814763
9068.84,0.061058621,0.5,6236,37,0.13405,32.75,34.75,36.95,0,0,0,0,0,20,0.5,0.101,0,0,0,0.1,0.1,0.1,0.1,0.1,0.1,0.5,0,11350,0.038237885,0.015947137,0,0,0,0,0,0,0,0,0,0,5,1.08888654
9128.88,0.063652965,0.5,6236,37,0.13435,32.75,34.625,36.89,0,0,0,0,0,20,0.5,0.101,0,0,0,0.1,0.1,0.1,0.1,0.1,0.1,0.5,0,11472,0.03791841,0.015864714,0,0,0,0,0,0,0,0,0,0,5,1.159276751
9188.93,0.069355995,0.5,6236,37,0.17315,32.8125,34.75,36.97,0,0,0,0,0,20,0.5,0.101,0,0,0,0.1,0.1,0.1,0.1,0.1,0.1,0.5,0,11394,0.038265754,0.015797788,0,0,0,0,0,0,0,0,0,0,5,1.358732952
9249.01,0.065224412,0.5,6236,37,0.20205,32.6875,34.6875,36.79,0,0,0,0,0,20,0.5,0.101,0,0,0,0.1,0.1,0.1,0.1,0.1,0.1,0.5,0,11549,0.038098537,0.015932115,0,0,0,0,0,0,0,0,0,0,5,1.106539957
9309.05,0.070786494,0.5,6236,37,0.13375,32.75,34.6875,37.03,0,0,0,0,0,20,0.5,0.101,0,0,0,0.1,0.1,0.1,0.1,0.1,0.1,0.5,0,11419,0.038181977,0.015938348,0,0,0,0,0,0,0,0,0,0,5,1.296716201
9369.12,0.078368924,0.5,6236,37,0.16225,32.6875,34.6875,36.85,0,0,0,0,0,20,0.5,0.101,0,0,0,0.1,0.1,0.1,0.1,0.1,0.1,0.5,0,11726,0.037779294,0.015862187,0,0,0,0,0,0,0,0,0,0,5,1.537158116
9429.2,0.077012008,0.5,6236,37,0.17725,32.625,34.6875,36.81,0,0,0,0,0,20,0.5,0.101,0,0,0,0.1,0.1,0.1,0.1,0.1,0.1,0.5,0,11551,0.038178513,0.015929357,0,0,0,0,0,0,0,0,0,0,5,1.407901889
9489.24,0.072015182,0.5,6236,37,0.13725,32.625,34.6875,37.05,0,0,0,0,0,20,0.5,0.101,0,0,0,0.1,0.1,0.1,0.1,0.1,0.1,0.5,0,11806,0.037777401,0.016093512,0,0,0,0,0,0,0,0,0,0,5,1.136253611
9549.32,0.074302347,0.5,6236,37,0.12255,32.625,34.75,37.01,0,0,0,0,0,20,0.5,0.101,0,0,0,0.1,0.1,0.1,0.1,0.1,0.1,0.5,0,11424,0.038427871,0.015931373,0,0,0,0,0,0,0,0,0,0,5,1.173237658
9609.4,0.074591534,0.5,6236,37,0.16345,32.6875,34.75,36.93,0,0,0,0,0,20,0.5,0.101,0,0,0,0.1,0.1,0.1,0.1,0.1,0.1,0.5,0,11652,0.038019224,0.015619636,0,0,0,0,0,0,0,0,0,0,5,1.126229193
9669.46,0.082584244,0.5,6236,37,0.17725,32.6875,34.75,36.97,0,0,0,0,0,20,0.5,0.101,0,0,0,0.1,0.1,0.1,0.1,0.1,0.1,0.5,0,11683,0.037832748,0.016091757,0,0,0,0,0,0,0,0,0,0,5,1.375293433
9729.5,0.076886006,0.5,6236,37,0.17465,32.75,34.8125,36.95,0,0,0,0,0,20,0.5,0.101,0,0,0,0.1,0.1,0.1,0.1,0.1,0.1,0.5,0,11560,0.038235294,0.01600346,0,0,0,0,0,0,0,0,0,0,5,1.092043684
9789.59,0.079261652,0.5,6236,37,0.12315,32.75,34.75,37.13,0,0,0,0,0,20,0.5,0.101,0,0,0,0.1,0.1,0.1,0.1,0.1,0.1,0.5,0,11647,0.038035546,0.01579806,0,0,0,0,0,0,0,0,0,0,5,1.128733131
9849.67,0.085771492,0.5,6236,37,0.18225,32.625,34.8125,36.85,0,0,0,0,0,20,0.5,0.101,0,0,0,0.1,0.1,0.1,0.1,0.1,0.1,0.5,0,11827,0.037710324,0.015895832,0,0,0,0,0,0,0,0,0,0,5,1.309093251
9909.72,0.079740746,0.5,6236,37,0.19905,32.75,34.8125,36.81,0,0,0,0,0,20,0.5,0.101,0,0,0,0.1,0.1,0.1,0.1,0.1,0.1,0.5,0,11659,0.038511022,0.016039111,0,0,0,0,0,0,0,0,0,0,5,1.024920628
9969.8,0.094916401,0.5,6236,37,0.12375,32.75,34.875,37.09,0,0,0,0,0,20,0.5,0.101,0,0,0,0.1,0.1,0.1,0.1,0.1,0.1,0.5,0,11739,0.038248573,0.015929807,0,0,0,0,0,0,0,0,0,0,5,1.496322017
10029.87,0.086570811,0.5,6236,37,0.13635,32.75,34.75,36.97,0,0,0,0,0,20,0.5,0.101,0,0,0,0.1,0.1,0.1,0.1,0.1,0.1,0.5,0,11652,0.038105046,0.016048747,0,0,0,0,0,0,0,0,0,0,5,1.145404513
10089.97,0.085238731,0.5,6236,37,0.15635,32.75,34.8125,36.85,0,0,0,0,0,20,0.5,0.101,0,0,0,0.1,0.1,0.1,0.1,0.1,0.1,0.5,0,11721,0.038221995,0.01595427,0,0,0,0,0,0,0,0,0,0,5,1.041613904
10150.04,0.092992286,0.5,6236,37,0.09215,32.6875,34.8125,36.79,0,0,0,0,0,20,0.5,0.101,0,0,0,0.1,0.1,0.1,0.1,0.1,0.1,0.5,0,11799,0.038054072,0.015848801,0,0,0,0,0,0,0,0,0,0,5,1.250715101
10210.11,0.095083633,0.5,6236,37,0.17395,32.75,34.75,36.95,0,0,0,0,0,20,0.5,0.101,0,0,0,0.1,0.1,0.1,0.1,0.1,0.1,0.5,0,11775,0.038386412,0.015881104,0,0,0,0,0,0,0,0,0,0,5,1.254900256
10270.18,0.099474061,0.5,6236,37,0.17255,32.6875,34.75,36.85,0,0,0,0,0,20,0.5,0.101,0,0,0,0.1,0.1,0.1,0.1,0.1,0.1,0.5,0,11861,0.037855156,0.015765956,0,0,0,0,0,0,0,0,0,0,5,1.327575451
10330.23,0.099464959,0.5,6236,37,0.17995,32.625,34.6875,36.95,0,0,0,0,0,20,0.5,0.101,0,0,0,0.1,0.1,0.1,0.1,0.1,0.1,0.5,0,11981,0.037976797,0.015774977,0,0,0,0,0,0,0,0,0,0,5,1.260922158
10390.31,0.098298782,0.5,6236,37,0.15285,32.6875,34.6875,36.93,0,0,0,0,0,20,0.5,0.101,0,0,0,0.1,0.1,0.1,0.1,0.1,0.1,0.5,0,12096,0.037863757,0.015873016,0,0,0,0,0,0,0,0,0,0,5,1.162494727
10450.38,0.101818473,0.5,6236,37,0.17375,32.6875,34.75,36.81,0,0,0,0,0,20,0.5,0.101,0,0,0,0.1,0.1,0.1,0.1,0.1,0.1,0.5,0,11724,0.038212214,0.015864893,0,0,0,0,0,0,0,0,0,0,5,1.209909745
10510.42,0.102717421,0.5,6236,37,0.18585,32.625,34.6875,36.81,0,0,0,0,0,20,0.5,0.101,0,0,0,0.1,0.1,0.1,0.1,0.1,0.1,0.5,0,11981,0.038143728,0.015691512,0,0,0,0,0,0,0,0,0,0,5,1.175784798
10570.46,0.111003807,0.5,6236,37,0.11585,32.5625,34.75,36.95,0,0,0,0,0,20,0.5,0.101,0,0,0,0.1,0.1,0.1,0.1,0.1,0.1,0.5,0,12030,0.037822111,0.0159601,0,0,0,0,0,0,0,0,0,0,5,1.349743844
10630.51,0.111152342,0.5,6236,37,0.15705,32.6875,34.75,37.13,0,0,0,0,0,20,0.5,0.101,0,0,0,0.1,0.1,0.1,0.1,0.1,0.1,0.5,0,11898,0.038073626,0.016053118,0,0,0,0,0,0,0,0,0,0,5,1.2862683
10690.57,0.109401732,0.5,6236,37,0.18265,32.625,34.8125,37.09,0,0,0,0,0,20,0.5,0.101,0,0,0,0.1,0.1,0.1,0.1,0.1,0.1,0.5,0,11917,0.038264664,0.016111437,0,0,0,0,0,0,0,0,0,0,5,1.174329925
10750.64,0.115148939,0.5,6236,37,0.12435,32.625,34.8125,36.93,0,0,0,0,0,20,0.5,0.101,0,0,0,0.1,0.1,0.1,0.1,0.1,0.1,0.5,0,12007,0.03839427,0.015907387,0,0,0,0,0,0,0,0,0,0,5,1.269212495
10810.68,0.118016119,0.5,6236,37,0.20645,32.75,34.8125,36.77,0,0,0,0,0,20,0.5,0.101,0,0,0,0.1,0.1,0.1,0.1,0.1,0.1,0.5,0,12096,0.037863757,0.015542328,0,0,0,0,0,0,0,0,0,0,5,1.279536281
10870.76,0.117030149,0.5,6236,37,0.18265,32.75,34.8125,36.87,0,0,0,0,0,20,0.5,0.101,0,0,0,0.1,0.1,0.1,0.1,0.1,0.1,0.5,0,12280,0.03786645,0.015798046,0,0,0,0,0,0,0,0,0,0,5,1.190390573
10930.81,0.121577671,0.5,6236,37,0.13555,32.625,34.875,37.05,0,0,0,0,0,20,0.5,0.101,0,0,0,0.1,0.1,0.1,0.1,0.1,0.1,0.5,0,12067,0.038369106,0.01557968,0,0,0,0,0,0,0,0,0,0,5,1.245236271
10990.89,0.120885039,0.5,6236,37,0.16235,32.75,34.8125,36.95,0,0,0,0,0,20,0.5,0.101,0,0,0,0.1,0.1,0.1,0.1,0.1,0.1,0.5,0,12049,0.038094448,0.016100921,0,0,0,0,0,0,0,0,0,0,5,1.165834485
11050.97,0.128212319,0.5,6236,37,0.14525,32.75,34.875,37.01,0,0,0,0,0,20,0.5,0.101,0,0,0,0.1,0.1,0.1,0.1,0.1,0.1,0.5,0,12269,0.037818893,0.01581221,0,0,0,0,0,0,0,0,0,0,5,1.284085651
11111.03,0.126316584,0.5,6236,37,0.18055,32.6875,34.875,36.87,0,0,0,0,0,20,0.5,0.101,0,0,0,0.1,0.1,0.1,0.1,0.1,0.1,0.5,0,12287,0.037844877,0.015951819,0,0,0,0,0,0,0,0,0,0,5,1.17519245
11171.09,0.128454925,0.5,6236,37,0.15965,32.8125,34.8125,36.95,0,0,0,0,0,20,0.5,0.101,0,0,0,0.1,0.1,0.1,0.1,0.1,0.1,0.5,0,12671,0.037408255,0.015862994,0,0,0,0,0,0,0,0,0,0,5,1.166793038
11231.17,0.141985467,0.5,6236,37,0.13435,32.75,34.875,37.05,0,0,0,0,0,20,0.5,0.101,0,0,0,0.1,0.1,0.1,0.1,0.1,0.1,0.5,0,12083,0.037987255,0.015972854,0,0,0,0,0,0,0,0,0,0,5,1.408893302
11291.2,0.136382445,0.5,6236,37,0.16495,32.8125,34.8125,36.93,0,0,0,0,0,20,0.5,0.101,0,0,0,0.1,0.1,0.1,0.1,0.1,0.1,0.5,0,12449,0.037673709,0.015583581,0,0,0,0,0,0,0,0,0,0,5,1.217663622
11351.24,0.142340096,0.5,6236,37,0.18145,32.75,34.8125,36.87,0,0,0,0,0,20,0.5,0.101,0,0,0,0.1,0.1,0.1,0.1,0.1,0.1,0.5,0,12662,0.037513821,0.015953246,0,0,0,0,0,0,0,0,0,0,5,1.285049057
11411.27,0.145466484,0.5,6236,37,0.13935,32.625,34.75,37.03,0,0,0,0,0,20,0.5,0.101,0,0,0,0.1,0.1,0.1,0.1,0.1,0.1,0.5,0,12390,0.037610977,0.015738499,0,0,0,0,0,0,0,0,0,0,5,1.285976011
11471.31,0.142547899,0.5,6236,37,0.17345,32.6875,34.75,36.89,0,0,0,0,0,20,0.5,0.101,0,0,0,0.1,0.1,0.1,0.1,0.1,0.1,0.5,0,12197,0.037960154,0.015987538,0,0,0,0,0,0,0,0,0,0,5,1.16087431
11531.39,0.149544119,0.5,6236,37,0.15315,32.75,34.75,36.97,0,0,0,0,0,20,0.5,0.101,0,0,0,0.1,0.1,0.1,0.1,0.1,0.1,0.5,0,12673,0.037560167,0.015702675,0,0,0,0,0,0,0,0,0,0,5,1.246570746
11591.43,0.156021695,0.5,6236,37,0.14225,32.625,34.75,37.01,0,0,0,0,0,20,0.5,0.101,0,0,0,0.1,0.1,0.1,0.1,0.1,0.1,0.5,0,12774,0.037576327,0.015735087,0,0,0,0,0,0,0,0,0,0,5,1.311453041
11651.48,0.153060959,0.5,6236,37,0.16375,32.75,34.75,36.93,0,0,0,0,0,20,0.5,0.101,0,0,0,0.1,0.1,0.1,0.1,0.1,0.1,0.5,0,12508,0.037735849,0.015829869,0,0,0,0,0,0,0,0,0,0,5,1.188403979
11711.52,0.154457192,0.5,6236,37,0.17405,32.5625,34.75,36.89,0,0,0,0,0,20,0.5,0.101,0,0,0,0.1,0.1,0.1,0.1,0.1,0.1,0.5,0,12449,0.037914692,0.01598522,0,0,0,0,0,0,0,0,0,0,5,1.156225935
11771.57,0.156253866,0.5,6236,37,0.15905,32.75,34.75,36.95,0,0,0,0,0,20,0.5,0.101,0,0,0,0.1,0.1,0.1,0.1,0.1,0.1,0.5,0,12561,0.037895072,0.015842688,0,0,0,0,0,0,0,0,0,0,5,1.133109784
11831.62,0.161754939,0.5,6236,37,0.17405,32.75,34.8125,36.89,0,0,0,0,0,20,0.5,0.101,0,0,0,0.1,0.1,0.1,0.1,0.1,0.1,0.5,0,12434,0.037880006,0.016004504,0,0,0,0,0,0,0,0,0,0,5,1.180255612
11891.68,0.162896552,0.5,6236,37,0.16555,32.8125,34.75,36.93,0,0,0,0,0,20,0.5,0.101,0,0,0,0.1,0.1,0.1,0.1,0.1,0.1,0.5,0,12854,0.037498055,0.015714953,0,0,0,0,0,0,0,0,0,0,5,1.142341468
11951.73,0.16744462,0.5,6236,37,0.13965,32.6875,34.75,37.03,0,0,0,0,0,20,0.5,0.101,0,0,0,0.1,0.1,0.1,0.1,0.1,0.1,0.5,0,13193,0.037140908,0.015690139,0,0,0,0,0,0,0,0,0,0,5,1.167836352
12011.78,0.174721754,0.5,6236,37,0.14315,32.6875,34.8125,37.01,0,0,0,0,0,20,0.5,0.101,0,0,0,0.1,0.1,0.1,0.1,0.1,0.1,0.5,0,12678,0.037781985,0.015696482,0,0,0,0,0,0,0,0,0,0,5,1.237070717
12071.87,0.17298631,0.5,6236,37,0.22355,32.75,34.8125,36.71,0,0,0,0,0,20,0.5,0.101,0,0,0,0.1,0.1,0.1,0.1,0.1,0.1,0.5,0,12587,0.037896242,0.015809963,0,0,0,0,0,0,0,0,0,0,5,1.145270375
12131.92,0.18395158,0.5,6236,37,0.10055,32.625,34.875,37.19,0,0,0,0,0,20,0.5,0.101,0,0,0,0.1,0.1,0.1,0.1,0.1,0.1,0.5,0,12940,0.03748068,0.01568779,0,0,0,0,0,0,0,0,0,0,5,1.272387193
12191.97,0.194037548,0.5,6236,37,0.17435,32.6875,34.875,36.89,0,0,0,0,0,20,0.5,0.101,0,0,0,0.1,0.1,0.1,0.1,0.1,0.1,0.5,0,13021,0.037631518,0.015666999,0,0,0,0,0,0,0,0,0,0,5,1.368905168
12252.06,0.189639915,0.5,6236,37,0.18495,32.625,34.8125,36.85,0,0,0,0,0,20,0.5,0.101,0,0,0,0.1,0.1,0.1,0.1,0.1,0.1,0.5,0,13051,0.037391771,0.015860854,0,0,0,0,0,0,0,0,0,0,5,1.231686132
12312.14,0.197218452,0.5,6236,37,0.14525,32.75,34.8125,37.01,0,0,0,0,0,20,0.5,0.101,0,0,0,0.1,0.1,0.1,0.1,0.1,0.1,0.5,0,13644,0.036792729,0.01568455,0,0,0,0,0,0,0,0,0,0,5,1.287656575
12372.21,0.191196217,0.5,6236,37,0.18175,32.6875,34.8125,36.87,0,0,0,0,0,20,0.5,0.101,0,0,0,0.1,0.1,0.1,0.1,0.1,0.1,0.5,0,13231,0.037487718,0.015720656,0,0,0,0,0,0,0,0,0,0,5,1.130238358
12432.26,0.198183104,0.5,6236,37,0.16585,32.75,34.8125,36.93,0,0,0,0,0,20,0.5,0.101,0,0,0,0.1,0.1,0.1,0.1,0.1,0.1,0.5,0,13554,0.037037037,0.015641139,0,0,0,0,0,0,0,0,0,0,5,1.181399914
12492.3,0.200121586,0.5,6236,37,0.17615,32.6875,34.75,36.89,0,0,0,0,0,20,0.5,0.101,0,0,0,0.1,0.1,0.1,0.1,0.1,0.1,0.5,0,13593,0.037372177,0.015816965,0,0,0,0,0,0,0,0,0,0,5,1.151531141
12552.36,0.207246316,0.5,6236,37,0.18115,32.75,34.75,36.87,0,0,0,0,0,20,0.5,0.101,0,0,0,0.1,0.1,0.1,0.1,0.1,0.1,0.5,0,13537,0.037083549,0.015660782,0,0,0,0,0,0,0,0,0,0,5,1.198903303
12612.43,0.214901505,0.5,6236,37,0.14285,32.625,34.75,37.01,0,0,0,0,0,20,0.5,0.101,0,0,0,0.1,0.1,0.1,0.1,0.1,0.1,0.5,0,13052,0.037618756,0.015859638,0,0,0,0,0,0,0,0,0,0,5,1.247773504
12672.47,0.211247333,0.5,6236,37,0.17435,32.625,34.75,36.89,0,0,0,0,0,20,0.5,0.101,0,0,0,0.1,0.1,0.1,0.1,0.1,0.1,0.5,0,13650,0.036849817,0.015604396,0,0,0,0,0,0,0,0,0,0,5,1.133934326
12732.55,0.215464599,0.5,6236,37,0.14255,32.625,34.75,37.01,0,0,0,0,0,20,0.5,0.101,0,0,0,0.1,0.1,0.1,0.1,0.1,0.1,0.5,0,13463,0.037361658,0.015746862,0,0,0,0,0,0,0,0,0,0,5,1.136538554
12792.62,0.227019702,0.5,6236,37,0.14405,32.625,34.8125,37.01,0,0,0,0,0,20,0.5,0.101,0,0,0,0.1,0.1,0.1,0.1,0.1,0.1,0.5,0,13617,0.037232871,0.015789087,0,0,0,0,0,0,0,0,0,0,5,1.236432185
12852.7,0.228891152,0.5,6236,37,0.20495,32.75,34.8125,36.77,0,0,0,0,0,20,0.5,0.101,0,0,0,0.1,0.1,0.1,0.1,0.1,0.1,0.5,0,13945,0.037289351,0.015561133,0,0,0,0,0,0,0,0,0,0,5,1.199239866
12912.74,0.226495031,0.5,6236,37,0.13905,32.8125,34.875,37.03,0,0,0,0,0,20,0.5,0.101,0,0,0,0.1,0.1,0.1,0.1,0.1,0.1,0.5,0,14354,0.036575171,0.015326738,0,0,0,0,0,0,0,0,0,0,5,1.107707181
12972.82,0.237275509,0.5,6236,37,0.14195,32.8125,34.8125,37.01,0,0,0,0,0,20,0.5,0.101,0,0,0,0.1,0.1,0.1,0.1,0.1,0.1,0.5,0,13492,0.037281352,0.015787133,0,0,0,0,0,0,0,0,0,0,5,1.191818654
13032.9,0.24530031,0.5,6236,37,0.20295,32.625,34.8125,36.79,0,0,0,0,0,20,0.5,0.101,0,0,0,0.1,0.1,0.1,0.1,0.1,0.1,0.5,0,13708,0.037496352,0.015757222,0,0,0,0,0,0,0,0,0,0,5,1.232011514
13092.94,0.253763519,0.5,6236,37,0.16445,32.75,34.8125,36.95,0,0,0,0,0,20,0.5,0.101,0,0,0,0.1,0.1,0.1,0.1,0.1,0.1,0.5,0,13976,0.037564396,0.015884373,0,0,0,0,0,0,0,0,0,0,5,1.272169716
13152.99,0.244464384,0.5,6236,37,0.12675,32.75,34.8125,37.09,0,0,0,0,0,20,0.5,0.101,0,0,0,0.1,0.1,0.1,0.1,0.1,0.1,0.5,0,13627,0.037425699,0.015924268,0,0,0,0,0,0,0,0,0,0,5,1.096561694
13213.03,0.253177555,0.5,6236,37,0.12495,32.6875,34.875,37.09,0,0,0,0,0,20,0.5,0.101,0,0,0,0.1,0.1,0.1,0.1,0.1,0.1,0.5,0,14582,0.03634618,0.015429982,0,0,0,0,0,0,0,0,0,0,5,1.146797852
13273.1,0.267854368,0.5,6236,37,0.16225,32.6875,34.8125,36.93,0,0,0,0,0,20,0.5,0.101,0,0,0,0.1,0.1,0.1,0.1,0.1,0.1,0.5,0,14230,0.03696416,0.015530569,0,0,0,0,0,0,0,0,0,0,5,1.258515121
13333.16,0.272223805,0.5,6236,37,0.16025,32.875,34.8125,36.95,0,0,0,0,0,20,0.5,0.101,0,0,0,0.1,0.1,0.1,0.1,0.1,0.1,0.5,0,13986,0.036965537,0.015730016,0,0,0,0,0,0,0,0,0,0,5,1.244132703
13393.24,0.275237653,0.5,6236,37,0.18055,32.625,34.75,36.87,0,0,0,0,0,20,0.5,0.101,0,0,0,0.1,0.1,0.1,0.1,0.1,0.1,0.5,0,14396,0.036607391,0.015629341,0,0,0,0,0,0,0,0,0,0,5,1.214957193
13453.27,0.27534585,0.5,6236,37,0.15285,32.625,34.75,36.97,0,0,0,0,0,20,0.5,0.101,0,0,0,0.1,0.1,0.1,0.1,0.1,0.1,0.5,0,13949,0.037135279,0.01562836,0,0,0,0,0,0,0,0,0,0,5,1.155388414
13513.31,0.287122958,0.5,6236,37,0.15375,32.6875,34.75,36.97,0,0,0,0,0,20,0.5,0.101,0,0,0,0.1,0.1,0.1,0.1,0.1,0.1,0.5,0,14774,0.036550697,0.015635576,0,0,0,0,0,0,0,0,0,0,5,1.223266806
13573.39,0.277574528,0.5,6236,37,0.17345,32.75,34.75,36.89,0,0,0,0,0,20,0.5,0.101,0,0,0,0.1,0.1,0.1,0.1,0.1,0.1,0.5,0,14447,0.036893473,0.015435731,0,0,0,0,0,0,0,0,0,0,5,1.060640222
13633.44,0.298918338,0.5,6236,37,0.15875,32.625,34.75,36.95,0,0,0,0,0,20,0.5,0.101,0,0,0,0.1,0.1,0.1,0.1,0.1,0.1,0.5,0,14461,0.036719452,0.01555909,0,0,0,0,0,0,0,0,0,0,5,1.229851063
13693.52,0.296438238,0.5,6236,37,0.17525,32.625,34.75,36.89,0,0,0,0,0,20,0.5,0.101,0,0,0,0.1,0.1,0.1,0.1,0.1,0.1,0.5,0,14483,0.036939861,0.015604502,0,0,0,0,0,0,0,0,0,0,5,1.143363936
13753.6,0.309127999,0.5,6236,37,0.13965,32.6875,34.75,37.03,0,0,0,0,0,20,0.5,0.101,0,0,0,0.1,0.1,0.1,0.1,0.1,0.1,0.5,0,14902,0.036438062,0.015501275,0,0,0,0,0,0,0,0,0,0,5,1.211945343
13813.65,0.309540568,0.5,6236,37,0.17995,32.6875,34.8125,36.87,0,0,0,0,0,20,0.5,0.101,0,0,0,0.1,0.1,0.1,0.1,0.1,0.1,0.5,0,15024,0.036541534,0.01550852,0,0,0,0,0,0,0,0,0,0,5,1.155349269
13873.71,0.31976686,0.5,6236,37,0.15495,32.75,34.8125,36.97,0,0,0,0,0,20,0.5,0.101,0,0,0,0.1,0.1,0.1,0.1,0.1,0.1,0.5,0,14779,0.036944313,0.015630286,0,0,0,0,0,0,0,0,0,0,5,1.195090834
13933.79,0.318448851,0.5,6236,37,0.14025,32.75,34.8125,37.03,0,0,0,0,0,20,0.5,0.101,0,0,0,0.1,0.1,0.1,0.1,0.1,0.1,0.5,0,15070,0.036695421,0.015527538,0,0,0,0,0,0,0,0,0,0,5,1.122945398
13993.87,0.321435753,0.5,6236,37,0.14195,32.8125,34.8125,37.01,0,0,0,0,0,20,0.5,0.101,0,0,0,0.1,0.1,0.1,0.1,0.1,0.1,0.5,0,15074,0.036486666,0.015457078,0,0,0,0,0,0,0,0,0,0,5,1.094805588
14053.93,0.322317656,0.5,6236,37,0.12105,32.6875,34.8125,37.09,0,0,0,0,0,20,0.5,0.101,0,0,0,0.1,0.1,0.1,0.1,0.1,0.1,0.5,0,14811,0.03720208,0.015664033,0,0,0,0,0,0,0,0,0,0,5,1.048284939
14113.98,0.328858965,0.5,6236,37,0.15545,32.625,34.8125,36.95,0,0,0,0,0,20,0.5,0.101,0,0,0,0.1,0.1,0.1,0.1,0.1,0.1,0.5,0,15408,0.036214953,0.015511423,0,0,0,0,0,0,0,0,0,0,5,1.056144934
14174.02,0.339738986,0.5,6236,37,0.14955,32.75,34.875,36.97,0,0,0,0,0,20,0.5,0.101,0,0,0,0.1,0.1,0.1,0.1,0.1,0.1,0.5,0,15172,0.036448721,0.015489059,0,0,0,0,0,0,0,0,0,0,5,1.100983651
14234.09,0.3636064,0.5,6236,37,0.14985,32.8125,34.75,36.97,0,0,0,0,0,20,0.5,0.101,0,0,0,0.1,0.1,0.1,0.1,0.1,0.1,0.5,0,15533,0.036502929,0.015450975,0,0,0,0,0,0,0,0,0,0,5,1.249617453
14294.18,0.344174128,0.5,6236,37,0.19195,32.75,34.8125,36.81,0,0,0,0,0,20,0.5,0.101,0,0,0,0.1,0.1,0.1,0.1,0.1,0.1,0.5,0,15278,0.036654012,0.015577955,0,0,0,0,0,0,0,0,0,0,5,1.022363836
14354.23,0.363444305,0.5,6236,37,0.11195,32.6875,34.8125,37.13,0,0,0,0,0,20,0.5,0.101,0,0,0,0.1,0.1,0.1,0.1,0.1,0.1,0.5,0,15528,0.036385884,0.015455951,0,0,0,0,0,0,0,0,0,0,5,1.134680698
14414.28,0.374043475,0.5,6236,37,0.18085,32.875,34.75,36.87,0,0,0,0,0,20,0.5,0.101,0,0,0,0.1,0.1,0.1,0.1,0.1,0.1,0.5,0,15534,0.036564954,0.015385606,0,0,0,0,0,0,0,0,0,0,5,1.164184566
14474.35,0.36997316,0.5,6236,37,0.14195,32.75,34.8125,37.01,0,0,0,0,0,20,0.5,0.101,0,0,0,0.1,0.1,0.1,0.1,0.1,0.1,0.5,0,15965,0.035703101,0.01534607,0,0,0,0,0,0,0,0,0,0,5,1.073150621
14534.4,0.373677679,0.5,6236,37,0.18375,32.6875,34.8125,36.85,0,0,0,0,0,20,0.5,0.101,0,0,0,0.1,0.1,0.1,0.1,0.1,0.1,0.5,0,16392,0.035688141,0.015251342,0,0,0,0,0,0,0,0,0,0,5,1.049382515
14594.45,0.38235732,0.5,6236,37,0.11225,32.75,34.75,37.13,0,0,0,0,0,20,0.5,0.101,0,0,0,0.1,0.1,0.1,0.1,0.1,0.1,0.5,0,15462,0.036605872,0.015586599,0,0,0,0,0,0,0,0,0,0,5,1.065799268
14654.5,0.372330378,0.5,6236,37,0.15755,32.75,34.75,36.95,0,0,0,0,0,20,0.5,0.101,0,0,0,0.1,0.1,0.1,0.1,0.1,0.1,0.5,0,15911,0.036138521,0.015523851,0,0,0,0,0,0,0,0,0,0,5,0.932787331
14714.58,0.388971607,0.5,6236,37,0.12225,32.75,34.75,37.09,0,0,0,0,0,20,0.5,0.101,0,0,0,0.1,0.1,0.1,0.1,0.1,0.1,0.5,0,16111,0.036496803,0.015579418,0,0,0,0,0,0,0,0,0,0,5,1.0173223
14774.66,0.405898352,0.5,6236,37,0.12045,32.6875,34.75,37.09,0,0,0,0,0,20,0.5,0.101,0,0,0,0.1,0.1,0.1,0.1,0.1,0.1,0.5,0,16358,0.036129111,0.015283042,0,0,0,0,0,0,0,0,0,0,5,1.094245425
14834.73,0.399342999,0.5,6236,37,0.15135,32.625,34.75,36.97,0,0,0,0,0,20,0.5,0.101,0,0,0,0.1,0.1,0.1,0.1,0.1,0.1,0.5,0,15872,0.036353327,0.015561996,0,0,0,0,0,0,0,0,0,0,5,0.990686942
14894.77,0.410158198,0.5,6236,37,0.13135,32.625,34.8125,37.05,0,0,0,0,0,20,0.5,0.101,0,0,0,0.1,0.1,0.1,0.1,0.1,0.1,0.5,0,17415,0.035371806,0.015159345,0,0,0,0,0,0,0,0,0,0,5,1.021319319
14954.84,0.41328292,0.5,6236,37,0.19995,32.625,34.8125,36.79,0,0,0,0,0,20,0.5,0.101,0,0,0,0.1,0.1,0.1,0.1,0.1,0.1,0.5,0,17462,0.035620204,0.01517581,0,0,0,0,0,0,0,0,0,0,5,0.993021735
15014.91,0.420934354,0.5,6236,37,0.1342,32.6875,34.8125,37.05,0,0,0,0,0,20,0.5,0.101,0,0,0,0.1,0.1,0.1,0.1,0.1,0.1,0.5,0,16576,0.036257239,0.015625,0,0,0,0,0,0,0,0,0,0,5,0.998404143
15074.98,0.449479067,0.5,6236,37,0.1804,32.875,34.8125,36.87,0,0,0,0,0,20,0.5,0.101,0,0,0,0.1,0.1,0.1,0.1,0.1,0.1,0.5,0,17528,0.035486079,0.015175719,0,0,0,0,0,0,0,0,0,0,5,1.145321101
15135.07,0.433829724,0.5,6236,37,0.1174,32.75,34.8125,36.93,0,0,0,0,0,20,0.5,0.101,0,0,0,0.1,0.1,0.1,0.1,0.1,0.1,0.5,0,16260,0.036777368,0.015252153,0,0,0,0,0,0,0,0,0,0,5,0.981743549
15195.13,0.450622586,0.5,6236,37,0.1986,32.6875,34.8125,36.89,0,0,0,0,0,20,0.5,0.101,0,0,0,0.1,0.1,0.1,0.1,0.1,0.1,0.5,0,15754,0.03706995,0.015615082,0,0,0,0,0,0,0,0,0,0,5,1.046590475
15255.2,0.454552135,0.5,6236,37,0.1433,32.6875,34.8125,36.87,0,0,0,0,0,20,0.5,0.101,0,0,0,0.1,0.1,0.1,0.1,0.1,0.1,0.5,0,16991,0.035724795,0.015243364,0,0,0,0,0,0,0,0,0,0,5,1.020308347
15315.26,0.471841553,0.5,6236,37,0.1386,32.6875,34.8125,36.85,0,0,0,0,0,20,0.5,0.101,0,0,0,0.1,0.1,0.1,0.1,0.1,0.1,0.5,0,16581,0.036185996,0.015258428,0,0,0,0,0,0,0,0,0,0,5,1.08128479
15375.3,0.475163737,0.5,6236,37,0.1209,32.6875,34.8125,36.85,0,0,0,0,0,20,0.5,0.101,0,0,0,0.1,0.1,0.1,0.1,0.1,0.1,0.5,0,18274,0.035405494,0.014939258,0,0,0,0,0,0,0,0,0,0,5,1.048269205
15435.38,0.479677225,0.5,6236,37,0.1565,32.75,34.8125,36.79,0,0,0,0,0,20,0.5,0.101,0,0,0,0.1,0.1,0.1,0.1,0.1,0.1,0.5,0,18159,0.035574646,0.015144006,0,0,0,0,0,0,0,0,0,0,5,1.024217671
15495.45,0.474571074,0.5,6236,37,0.1515,32.625,34.8125,36.93,0,0,0,0,0,20,0.5,0.101,0,0,0,0.1,0.1,0.1,0.1,0.1,0.1,0.5,0,16789,0.035975937,0.015367205,0,0,0,0,0,0,0,0,0,0,5,0.940900676
15555.53,0.488995687,0.5,6236,37,0.1377,32.8125,34.75,36.81,0,0,0,0,0,20,0.5,0.101,0,0,0,0.1,0.1,0.1,0.1,0.1,0.1,0.5,0,17047,0.036018068,0.015486596,0,0,0,0,0,0,0,0,0,0,5,0.983682469
15615.61,0.480356206,0.5,6236,37,0.1837,32.6875,34.6875,37.13,0,0,0,0,0,20,0.5,0.101,0,0,0,0.1,0.1,0.1,0.1,0.1,0.1,0.5,0,17379,0.036308188,0.015305829,0,0,0,0,0,0,0,0,0,0,5,0.881021111
15675.67,0.511924348,0.5,6236,37,0.0792,32.6875,34.75,37.11,0,0,0,0,0,20,0.5,0.101,0,0,0,0.1,0.1,0.1,0.1,0.1,0.1,0.5,0,16960,0.036320755,0.015566038,0,0,0,0,0,0,0,0,0,0,5,1.027916853
15735.71,0.515351645,0.5,6236,37,0.0944,32.6875,34.75,36.87,0,0,0,0,0,20,0.5,0.101,0,0,0,0.1,0.1,0.1,0.1,0.1,0.1,0.5,0,17186,0.03636681,0.015244967,0,0,0,0,0,0,0,0,0,0,5,0.996538862
15795.76,0.523776299,0.5,6236,37,0.1368,32.75,34.75,36.87,0,0,0,0,0,20,0.5,0.101,0,0,0,0.1,0.1,0.1,0.1,0.1,0.1,0.5,0,17342,0.036039672,0.015453812,0,0,0,0,0,0,0,0,0,0,5,0.995357545
15855.8,0.536323704,0.5,6236,37,0.1383,32.6875,34.8125,36.95,0,0,0,0,0,20,0.5,0.101,0,0,0,0.1,0.1,0.1,0.1,0.1,0.1,0.5,0,18600,0.035268817,0.015107527,0,0,0,0,0,0,0,0,0,0,5,1.016609331
15915.84,0.519022833,0.5,6236,37,0.1798,32.625,34.8125,37.01,0,0,0,0,0,20,0.5,0.101,0,0,0,0.1,0.1,0.1,0.1,0.1,0.1,0.5,0,18611,0.035570362,0.015259793,0,0,0,0,0,0,0,0,0,0,5,0.867408783
15975.89,0.54494886,0.5,6236,37,0.123,32.625,34.75,36.95,0,0,0,0,0,20,0.5,0.101,0,0,0,0.1,0.1,0.1,0.1,0.1,0.1,0.5,0,17320,0.036431871,0.015531178,0,0,0,0,0,0,0,0,0,0,5,0.970270584
16035.95,0.532775361,0.5,6236,37,0.1015,32.625,34.875,36.93,0,0,0,0,0,20,0.5,0.101,0,0,0,0.1,0.1,0.1,0.1,0.1,0.1,0.5,0,17644,0.036159601,0.015416005,0,0,0,0,0,0,0,0,0,0,5,0.853980808
16096.03,0.561467424,0.5,6236,37,0.1368,32.75,34.8125,37.01,0,0,0,0,0,20,0.5,0.101,0,0,0,0.1,0.1,0.1,0.1,0.1,0.1,0.5,0,18260,0.035651698,0.015224535,0,0,0,0,0,0,0,0,0,0,5,0.968643417
16156.1,0.559258075,0.5,6236,37,0.2459,32.6875,34.875,37.03,0,0.02,0.15,0,0,20,0.5,0.101,0,0,0,0.1,0.1,0.1,0.1,0.1,0.1,0.5,0,19610,0.034931158,0.015043345,0,0,0,0,0,0,0,0,0,0,0.44,0.968643417
16216.15,0.49998987,0.5,6236,37,0.462917328,32.625,34.875,36.09,0,0.019972783,0.25,0,0,20,0.5,0.101,0,0,0,0.1,0.1,0.1,0.1,0.1,0.1,0.5,0,16949,0.036226326,0.015222137,0,0,0,0,0,0,0,0,0,0,0.44,0.968643417
16276.25,0.456075531,0.5,6236,37,0.45585,32.625,34.8125,36.01,0,0,0.07,0,0,20,0.5,0.101,0,0,0,0.1,0.1,0.1,0.1,0.1,0.1,0.5,0,16732,0.036277791,0.015479321,0,0,0,0,0,0,0,0,0,0,5,0.968643417
16336.33,0.477603038,0.5,6236,37,0.27245,32.8125,34.875,36.77,0,0,0.07,0,0,20,0.5,0.101,0,0,0,0.1,0.1,0.1,0.1,0.1,0.1,0.5,0,16060,0.036674969,0.015628892,0,0,0,0,0,0,0,0,0,0,5,0.968643417
16396.41,0.483883133,0.5,6236,37,0.20325,32.8125,34.8125,37.03,0,0,0.07,0,0,20,0.5,0.101,0,0,0,0.1,0.1,0.1,0.1,0.1,0.1,0.5,0,17834,0.035606146,0.015027476,0,0,0,0,0,0,0,0,0,0,5,0.968643417
16456.49,0.500744233,0.5,6236,37,0.14745,33,34.875,37.21,0,0,0.07,0,0,20,0.5,0.101,0,0,0,0.1,0.1,0.1,0.1,0.1,0.1,0.5,0,18564,0.035498815,0.015190692,0,0,0,0,0,0,0,0,0,0,5,0.968643417
16516.52,0.509882285,0.5,6236,37,0.18675,33,34.8125,37.03,0,0,0.25,0,0,20,0.5,0.101,0,0,0,0.1,0.1,0.1,0.1,0.1,0.1,0.5,0,18695,0.035036106,0.015137737,0,0,0,0,0,0,0,0,0,0,5,0.968643417
16576.57,0.515428226,0.5,6236,37,0.12545,32.875,34.8125,37.25,0,0,0.07,0,0,20,0.5,0.101,0,0,0,0.1,0.1,0.1,0.1,0.1,0.1,0.5,0,18225,0.035500686,0.015308642,0,0,0,0,0,0,0,0,0,0,5,0.968643417
16636.64,0.518898155,0.5,6236,37,0.22395,32.9375,34.875,36.85,0,0,0.07,0,0,20,0.5,0.101,0,0,0,0.1,0.1,0.1,0.1,0.1,0.1,0.5,0,17163,0.036415545,0.015498456,0,0,0,0,0,0,0,0,0,0,5,0.940339955
16696.7,0.532558128,0.5,6236,37,0.12645,32.8125,34.75,37.21,0,0,0.07,0,0,20,0.5,0.101,0,0,0,0.1,0.1,0.1,0.1,0.1,0.1,0.5,0,17992,0.035460205,0.015228991,0,0,0,0,0,0,0,0,0,0,5,0.971276219
16756.74,0.554327911,0.5,6236,37,0.16195,32.875,34.8125,37.05,0,0,0.07,0,0,20,0.5,0.101,0,0,0,0.1,0.1,0.1,0.1,0.1,0.1,0.5,0,19006,0.035146796,0.015100495,0,0,0,0,0,0,0,0,0,0,5,1.042905477
16816.81,0.557333099,0.5,6236,37,0.27425,32.75,34.75,37.05,0,0.02,0.25,0,0,20,0.5,0.101,0,0,0,0.1,0.1,0.1,0.1,0.1,0.1,0.5,0,19665,0.034884312,0.015102975,0,0,0,0,0,0,0,0,0,0,0.44,1.042905477
16876.85,0.51659073,0.5,6236,37,0.53355,32.75,34.75,35.89,0,0.02,0.15,0,0,20,0.5,0.101,0,0,0,0.1,0.1,0.1,0.1,0.1,0.1,0.5,0,17797,0.035904928,0.015227285,0,0,0,0,0,0,0,0,0,0,0.44,1.042905477
16936.9,0.446900441,0.5,6236,37,0.496963218,32.6875,34.75,35.97,0,0.001742039,0.076968155,0,0,20,0.5,0.101,0,0,0,0.1,0.1,0.1,0.1,0.1,0.1,0.5,0,16894,0.035811531,0.015390079,0,0,0,0,0,0,0,0,0,0,0.44,1.042905477
16996.94,0.446092088,0.5,6236,37,0.30095,32.6875,34.8125,36.77,0,0,0.07,0,0,20,0.5,0.101,0,0,0,0.1,0.1,0.1,0.1,0.1,0.1,0.5,0,16821,0.036145295,0.01539742,0,0,0,0,0,0,0,0,0,0,5,1.042905477
17056.98,0.450485702,0.5,6236,37,0.19435,32.75,34.8125,37.17,0,0,0.07,0,0,20,0.5,0.101,0,0,0,0.1,0.1,0.1,0.1,0.1,0.1,0.5,0,16428,0.036279523,0.015583151,0,0,0,0,0,0,0,0,0,0,5,1.042905477
17117.06,0.447186505,0.5,6236,37,0.15885,32.875,34.875,37.27,0,0,0.25,0,0,20,0.5,0.101,0,0,0,0.1,0.1,0.1,0.1,0.1,0.1,0.5,0,17360,0.035656682,0.015264977,0,0,0,0,0,0,0,0,0,0,5,1.042905477
17177.12,0.480910557,0.5,6236,37,0.14275,32.875,34.8125,37.29,0,0,0.07,0,0,20,0.5,0.101,0,0,0,0.1,0.1,0.1,0.1,0.1,0.1,0.5,0,17632,0.03550363,0.015029492,0,0,0,0,0,0,0,0,0,0,5,1.042905477
17237.19,0.489553034,0.5,6236,37,0.13725,33,34.875,37.27,0,0,0.07,0,0,20,0.5,0.101,0,0,0,0.1,0.1,0.1,0.1,0.1,0.1,0.5,0,17114,0.035993923,0.015250672,0,0,0,0,0,0,0,0,0,0,5,1.042905477
17297.26,0.489397685,0.5,6236,37,0.17125,32.9375,34.875,37.11,0,0,0.07,0,0,20,0.5,0.101,0,0,0,0.1,0.1,0.1,0.1,0.1,0.1,0.5,0,17111,0.036000234,0.015428672,0,0,0,0,0,0,0,0,0,0,5,1.042905477
17357.32,0.504447378,0.5,6236,37,0.20295,32.9375,34.875,36.97,0,0,0.07,0,0,20,0.5,0.101,0,0,0,0.1,0.1,0.1,0.1,0.1,0.1,0.5,0,17213,0.035961192,0.015395341,0,0,0,0,0,0,0,0,0,0,5,1.081624525
17417.39,0.515779513,0.5,6236,37,0.15605,33,34.875,37.13,0,0,0.25,0,0,20,0.5,0.101,0,0,0,0.1,0.1,0.1,0.1,0.1,0.1,0.5,0,19149,0.035249883,0.01503995,0,0,0,0,0,0,0,0,0,0,5,1.094190837
17477.44,0.511359102,0.5,6236,37,0.12975,32.875,34.875,37.21,0,0,0.07,0,0,20,0.5,0.101,0,0,0,0.1,0.1,0.1,0.1,0.1,0.1,0.5,0,17445,0.036228146,0.015305245,0,0,0,0,0,0,0,0,0,0,5,1.013659434
17537.48,0.536732703,0.5,6236,37,0.18645,32.875,34.875,36.97,0,0,0.07,0,0,20,0.5,0.101,0,0,0,0.1,0.1,0.1,0.1,0.1,0.1,0.5,0,17664,0.035722373,0.015285326,0,0,0,0,0,0,0,0,0,0,5,1.108260832
17597.54,0.550952036,0.5,6236,37,0.0809,32.8125,34.875,36.95,0,0,0,0,0,20,0.5,0.101,0,0,0,0.1,0.1,0.1,0.1,0.1,0.1,0.5,0,18150,0.035592287,0.015041322,0,0,0,0,0,0,0,0,0,0,5,1.131290431
17657.62,0.554343405,0.5,6236,37,0.3372,32.875,34.875,36.71,0,0.02,0.15,0,0,20,0.5,0.101,0,0,0,0.1,0.1,0.1,0.1,0.1,0.1,0.5,0,18549,0.035689255,0.015256887,0,0,0,0,0,0,0,0,0,0,0.44,1.131290431
17717.67,0.480132015,0.5,6236,37,0.496962162,32.75,34.875,36.01,0,0.016920586,0.25,0,0,20,0.5,0.101,0,0,0,0.1,0.1,0.1,0.1,0.1,0.1,0.5,0,18428,0.035109616,0.015140004,0,0,0,0,0,0,0,0,0,0,0.44,1.131290431
17777.73,0.441462804,0.5,6236,37,0.47315,32.6875,34.8125,36.05,0,0,0.07,0,0,20,0.5,0.101,0,0,0,0.1,0.1,0.1,0.1,0.1,0.1,0.5,0,16717,0.035951427,0.015373572,0,0,0,0,0,0,0,0,0,0,5,1.131290431
17837.76,0.463311013,0.5,6236,37,0.23765,32.75,34.75,37.01,0,0,0.07,0,0,20,0.5,0.101,0,0,0,0.1,0.1,0.1,0.1,0.1,0.1,0.5,0,16947,0.035758541,0.015400956,0,0,0,0,0,0,0,0,0,0,5,1.131290431
17897.8,0.452885722,0.5,6236,37,0.16215,32.875,34.8125,37.27,0,0,0.07,0,0,20,0.5,0.101,0,0,0,0.1,0.1,0.1,0.1,0.1,0.1,0.5,0,17630,0.035394214,0.015201361,0,0,0,0,0,0,0,0,0,0,5,1.131290431
17957.84,0.471516281,0.5,6236,37,0.12335,32.9375,34.6875,37.37,0,0,0.07,0,0,20,0.5,0.101,0,0,0,0.1,0.1,0.1,0.1,0.1,0.1,0.5,0,18770,0.034949387,0.014970698,0,0,0,0,0,0,0,0,0,0,5,1.131290431
18017.88,0.488298197,0.5,6236,37,0.17765,32.8125,34.75,37.13,0,0,0.25,0,0,20,0.5,0.101,0,0,0,0.1,0.1,0.1,0.1,0.1,0.1,0.5,0,17753,0.035430631,0.015208697,0,0,0,0,0,0,0,0,0,0,5,1.131290431
18077.91,0.483138825,0.5,6236,37,0.16015,32.875,34.75,37.17,0,0,0.07,0,0,20,0.5,0.101,0,0,0,0.1,0.1,0.1,0.1,0.1,0.1,0.5,0,16791,0.036626764,0.015484486,0,0,0,0,0,0,0,0,0,0,5,1.131290431
18137.97,0.490156093,0.5,6236,37,0.08675,33,34.6875,37.43,0,0,0.07,0,0,20,0.5,0.101,0,0,0,0.1,0.1,0.1,0.1,0.1,0.1,0.5,0,17327,0.035666878,0.015351763,0,0,0,0,0,0,0,0,0,0,5,1.117985496
18198.03,0.521931572,0.5,6236,37,0.18375,32.875,34.75,37.03,0,0,0.07,0,0,20,0.5,0.101,0,0,0,0.1,0.1,0.1,0.1,0.1,0.1,0.5,0,16976,0.036463242,0.01549246,0,0,0,0,0,0,0,0,0,0,5,1.250524006
18258.1,0.525566826,0.5,6236,37,0.09475,32.875,34.6875,37.35,0,0,0.07,0,0,20,0.5,0.101,0,0,0,0.1,0.1,0.1,0.1,0.1,0.1,0.5,0,18498,0.035138934,0.014974592,0,0,0,0,0,0,0,0,0,0,5,1.208820376
18318.14,0.536851028,0.5,6236,37,0.17585,32.875,34.75,37.01,0,0,0.25,0,0,20,0.5,0.101,0,0,0,0.1,0.1,0.1,0.1,0.1,0.1,0.5,0,17665,0.03577696,0.015284461,0,0,0,0,0,0,0,0,0,0,5,1.212109236
18378.2,0.534981855,0.5,6236,37,0.1492,32.6875,34.75,36.95,0,0,0,0,0,20,0.5,0.101,0,0,0,0.1,0.1,0.1,0.1,0.1,0.1,0.5,0,17883,0.03573226,0.015321814,0,0,0,0,0,0,0,0,0,0,5,1.141040342
18438.29,0.547925519,0.5,6236,37,0.1703,32.9375,34.75,37.05,0,0,0,0,0,20,0.5,0.101,0,0,0,0.1,0.1,0.1,0.1,0.1,0.1,0.5,0,18955,0.035452387,0.015088367,0,0,0,0,0,0,0,0,0,0,5,1.155707924
18498.32,0.562369921,0.5,6236,37,0.416125,32.75,34.8125,36.37,0,0.02,0.15,0,0,20,0.5,0.101,0,0,0,0.1,0.1,0.1,0.1,0.1,0.1,0.5,0,19160,0.035020877,0.015031315,0,0,0,0,0,0,0,0,0,0,0.44,1.155707924
18558.39,0.494889958,0.5,6236,37,0.549191697,32.75,34.8125,35.85,0,0.019640172,0.148560689,0,0,20,0.5,0.101,0,0,0,0.1,0.1,0.1,0.1,0.1,0.1,0.5,0,17752,0.035545291,0.015209554,0,0,0,0,0,0,0,0,0,0,0.44,1.155707924
18618.44,0.460655636,0.5,6236,37,0.567948757,32.6875,34.8125,35.89,0,0.015665432,0.25,0,0,20,0.5,0.101,0,0,0,0.1,0.1,0.1,0.1,0.1,0.1,0.5,0,16516,0.036086219,0.015439574,0,0,0,0,0,0,0,0,0,0,0.44,1.155707924
18678.5,0.400344601,0.5,6236,37,0.40885,32.8125,34.875,36.45,0,0,0.07,0,0,20,0.5,0.101,0,0,0,0.1,0.1,0.1,0.1,0.1,0.1,0.5,0,15970,0.036443331,0.015278647,0,0,0,0,0,0,0,0,0,0,5,1.155707924
18738.54,0.406180141,0.5,6236,37,0.19965,32.875,34.875,37.27,0,0,0.07,0,0,20,0.5,0.101,0,0,0,0.1,0.1,0.1,0.1,0.1,0.1,0.5,0,16304,0.036003435,0.015210991,0,0,0,0,0,0,0,0,0,0,5,1.155707924
18798.59,0.416401127,0.5,6236,37,0.11875,32.9375,34.8125,37.53,0,0,0.07,0,0,20,0.5,0.101,0,0,0,0.1,0.1,0.1,0.1,0.1,0.1,0.5,0,16340,0.03629131,0.015177479,0,0,0,0,0,0,0,0,0,0,5,1.155707924
18858.65,0.425743073,0.5,6236,37,0.13055,33.0625,34.875,37.43,0,0,0.07,0,0,20,0.5,0.101,0,0,0,0.1,0.1,0.1,0.1,0.1,0.1,0.5,0,16201,0.035985433,0.015307697,0,0,0,0,0,0,0,0,0,0,5,1.155707924
18918.72,0.43456499,0.5,6236,37,0.21015,33.0625,34.875,37.09,0,0,0.25,0,0,20,0.5,0.101,0,0,0,0.1,0.1,0.1,0.1,0.1,0.1,0.5,0,16736,0.035671606,0.015236616,0,0,0,0,0,0,0,0,0,0,5,1.155707924
18978.76,0.438129448,0.5,6236,37,0.11225,33.125,34.8125,37.43,0,0,0.07,0,0,20,0.5,0.101,0,0,0,0.1,0.1,0.1,0.1,0.1,0.1,0.5,0,16859,0.036004508,0.015362714,0,0,0,0,0,0,0,0,0,0,5,1.155707924
19038.79,0.458123711,0.5,6236,37,0.05965,33,34.75,37.59,0,0,0.07,0,0,20,0.5,0.101,0,0,0,0.1,0.1,0.1,0.1,0.1,0.1,0.5,0,16670,0.035872825,0.015296941,0,0,0,0,0,0,0,0,0,0,5,1.231797078
19098.86,0.46718108,0.5,6236,37,0.13565,33.0625,34.8125,37.25,0,0,0.07,0,0,20,0.5,0.101,0,0,0,0.1,0.1,0.1,0.1,0.1,0.1,0.5,0,15797,0.036589226,0.015509274,0,0,0,0,0,0,0,0,0,0,5,1.228940248
19158.94,0.482057152,0.5,6236,37,0.1107,32.9375,34.75,37.17,0,0,0.07,0,0,20,0.5,0.101,0,0,0,0.1,0.1,0.1,0.1,0.1,0.1,0.5,0,17599,0.03545656,0.015171317,0,0,0,0,0,0,0,0,0,0,5,1.261530472
19218.98,0.491690436,0.5,6236,37,0.19895,32.875,34.75,36.95,0,0,0.25,0,0,20,0.5,0.101,0,0,0,0.1,0.1,0.1,0.1,0.1,0.1,0.5,0,16611,0.036120643,0.015351273,0,0,0,0,0,0,0,0,0,0,5,1.25781388
19279.05,0.480446455,0.5,6236,37,0.1732,32.9375,34.8125,37.05,0,0,0,0,0,20,0.5,0.101,0,0,0,0.1,0.1,0.1,0.1,0.1,0.1,0.5,0,18061,0.035269365,0.01517081,0,0,0,0,0,0,0,0,0,0,5,1.125522573
19339.1,0.511440106,0.5,6236,37,0.0889,32.875,34.75,37.01,0,0,0,0,0,20,0.5,0.101,0,0,0,0.1,0.1,0.1,0.1,0.1,0.1,0.5,0,18269,0.035196234,0.015107559,0,0,0,0,0,0,0,0,0,0,5,1.25679054
19399.17,0.511500971,0.5,6236,37,0.1424,32.75,34.75,36.89,0,0,0,0,0,20,0.5,0.101,0,0,0,0.1,0.1,0.1,0.1,0.1,0.1,0.5,0,17715,0.035675981,0.015128422,0,0,0,0,0,0,0,0,0,0,5,1.194308011
19459.25,0.527972712,0.5,6236,37,0.102,32.75,34.75,37.05,0,0,0,0,0,20,0.5,0.101,0,0,0,0.1,0.1,0.1,0.1,0.1,0.1,0.5,0,18009,0.035593314,0.015159087,0,0,0,0,0,0,0,0,0,0,5,1.229677961
19519.28,0.546523584,0.5,6236,37,0.1358,32.8125,34.8125,37.11,0,0,0,0,0,20,0.5,0.101,0,0,0,0.1,0.1,0.1,0.1,0.1,0.1,0.5,0,17496,0.035836763,0.015374943,0,0,0,0,0,0,0,0,0,0,5,1.271792643
19579.35,0.552973941,0.5,6236,37,0.334625,32.75,34.8125,36.71,0,0.02,0.15,0,0,20,0.5,0.101,0,0,0,0.1,0.1,0.1,0.1,0.1,0.1,0.5,0,18283,0.035442761,0.015095991,0,0,0,0,0,0,0,0,0,0,0.44,1.271792643
19639.41,0.472625512,0.5,6236,37,0.565459531,32.6875,34.75,35.69,0,0.01579129,0.133165159,0,0,20,0.5,0.101,0,0,0,0.1,0.1,0.1,0.1,0.1,0.1,0.5,0,16486,0.036333859,0.015407012,0,0,0,0,0,0,0,0,0,0,0.44,1.271792643
19699.45,0.426379092,0.5,6236,37,0.540005176,32.6875,34.8125,36.05,0,0,0.07,0,0,20,0.5,0.101,0,0,0,0.1,0.1,0.1,0.1,0.1,0.1,0.5,0,16644,0.035628455,0.015260755,0,0,0,0,0,0,0,0,0,0,5,1.271792643
19759.5,0.450964998,0.5,6236,37,0.2814,32.8125,34.875,36.87,0,0,0.07,0,0,20,0.5,0.101,0,0,0,0.1,0.1,0.1,0.1,0.1,0.1,0.5,0,16870,0.035862478,0.015234143,0,0,0,0,0,0,0,0,0,0,5,1.271792643
19819.54,0.458722717,0.5,6236,37,0.17255,32.9375,34.8125,37.19,0,0,0.25,0,0,20,0.5,0.101,0,0,0,0.1,0.1,0.1,0.1,0.1,0.1,0.5,0,16175,0.036352396,0.015455951,0,0,0,0,0,0,0,0,0,0,5,1.271792643
19879.57,0.470014753,0.5,6236,37,0.1485,32.9375,34.875,37.27,0,0,0.07,0,0,20,0.5,0.101,0,0,0,0.1,0.1,0.1,0.1,0.1,0.1,0.5,0,16908,0.035781878,0.015259049,0,0,0,0,0,0,0,0,0,0,5,1.271792643
19939.65,0.477384429,0.5,6236,37,0.1177,33.0625,34.875,37.29,0,0,0.07,0,0,20,0.5,0.101,0,0,0,0.1,0.1,0.1,0.1,0.1,0.1,0.5,0,16524,0.036129267,0.015190027,0,0,0,0,0,0,0,0,0,0,5,1.271792643
19999.69,0.490435827,0.5,6236,37,0.1105,33.125,34.875,37.19,0,0,0.07,0,0,20,0.5,0.101,0,0,0,0.1,0.1,0.1,0.1,0.1,0.1,0.5,0,16234,0.036528274,0.015399778,0,0,0,0,0,0,0,0,0,0,5,1.271792643
20059.77,0.509914097,0.5,6236,37,0.1171,33,34.875,37.25,0,0,0.07,0,0,20,0.5,0.101,0,0,0,0.1,0.1,0.1,0.1,0.1,0.1,0.5,0,16594,0.036097385,0.015367,0,0,0,0,0,0,0,0,0,0,5,1.325046516
20119.84,0.528571044,0.5,6236,37,0.19005,33,34.8125,36.97,0,0,0.25,0,0,20,0.5,0.101,0,0,0,0.1,0.1,0.1,0.1,0.1,0.1,0.5,0,17726,0.035710256,0.014836963,0,0,0,0,0,0,0,0,0,0,5,1.366599033
20179.92,0.520418398,0.5,6236,37,0.1269,32.875,34.875,36.97,0,0,0.07,0,0,20,0.5,0.101,0,0,0,0.1,0.1,0.1,0.1,0.1,0.1,0.5,0,18527,0.03486803,0.015005128,0,0,0,0,0,0,0,0,0,0,5,1.251636716
20239.95,0.541756541,0.5,6236,37,0.1713,32.8125,34.8125,36.95,0,0,0.07,0,0,20,0.5,0.101,0,0,0,0.1,0.1,0.1,0.1,0.1,0.1,0.5,0,17922,0.035542908,0.015176878,0,0,0,0,0,0,0,0,0,0,5,1.309605721
20300,0.522109186,0.5,6236,37,0.1106,32.9375,34.75,36.95,0,0,0,0,0,20,0.5,0.101,0,0,0,0.1,0.1,0.1,0.1,0.1,0.1,0.5,0,18885,0.035054276,0.01503839,0,0,0,0,0,0,0,0,0,0,5,1.133305498
20360.06,0.541835321,0.5,6236,37,0.1214,32.8125,34.75,37.03,0,0,0,0,0,20,0.5,0.101,0,0,0,0.1,0.1,0.1,0.1,0.1,0.1,0.5,0,17660,0.03601359,0.015175538,0,0,0,0,0,0,0,0,0,0,5,1.187896379
20420.13,0.550610791,0.5,6236,37,0.36375,32.8125,34.75,36.61,0,0.02,0.25,0,0,20,0.5,0.101,0,0,0,0.1,0.1,0.1,0.1,0.1,0.1,0.5,0,18322,0.035585635,0.015173016,0,0,0,0,0,0,0,0,0,0,0.44,1.187896379
20480.19,0.513849784,0.5,6236,37,0.417725,32.6875,34.8125,36.41,0,0.02,0.15,0,0,20,0.5,0.101,0,0,0,0.1,0.1,0.1,0.1,0.1,0.1,0.5,0,18383,0.034869173,0.015013872,0,0,0,0,0,0,0,0,0,0,0.44,1.187896379
20540.25,0.466154502,0.5,6236,37,0.50505,32.8125,34.75,36.13,0,0.02,0.15,0,0,20,0.5,0.101,0,0,0,0.1,0.1,0.1,0.1,0.1,0.1,0.5,0,16819,0.035911766,0.015220881,0,0,0,0,0,0,0,0,0,0,0.44,1.187896379
20600.3,0.440684924,0.5,6236,37,0.4794,32.75,34.8125,36.37,0,0,0.07,0,0,20,0.5,0.101,0,0,0,0.1,0.1,0.1,0.1,0.1,0.1,0.5,0,15946,0.03643547,0.015427066,0,0,0,0,0,0,0,0,0,0,5,1.187896379
20660.34,0.461559589,0.5,6236,37,0.2094,32.8125,34.8125,37.11,0,0,0.07,0,0,20,0.5,0.101,0,0,0,0.1,0.1,0.1,0.1,0.1,0.1,0.5,0,16423,0.036229678,0.015344334,0,0,0,0,0,0,0,0,0,0,5,1.187896379
20720.38,0.495336457,0.5,6236,37,0.17905,33,34.75,37.17,0,0,0.25,0,0,20,0.5,0.101,0,0,0,0.1,0.1,0.1,0.1,0.1,0.1,0.5,0,15784,0.036556006,0.015522048,0,0,0,0,0,0,0,0,0,0,5,1.187896379
20780.48,0.472127244,0.5,6236,37,0.1447,33,34.8125,37.21,0,0,0.07,0,0,20,0.5,0.101,0,0,0,0.1,0.1,0.1,0.1,0.1,0.1,0.5,0,16196,0.036181773,0.015374166,0,0,0,0,0,0,0,0,0,0,5,1.187896379
20840.56,0.485276924,0.5,6236,37,0.0724,33,34.875,37.33,0,0,0.07,0,0,20,0.5,0.101,0,0,0,0.1,0.1,0.1,0.1,0.1,0.1,0.5,0,17464,0.0352153,0.01494503,0,0,0,0,0,0,0,0,0,0,5,1.187896379
20900.63,0.485415211,0.5,6236,37,0.1001,33,34.8125,37.27,0,0,0.07,0,0,20,0.5,0.101,0,0,0,0.1,0.1,0.1,0.1,0.1,0.1,0.5,0,17686,0.035621395,0.015040145,0,0,0,0,0,0,0,0,0,0,5,1.187896379
20960.7,0.485938465,0.5,6236,37,0.1447,32.875,34.875,37.11,0,0,0.07,0,0,20,0.5,0.101,0,0,0,0.1,0.1,0.1,0.1,0.1,0.1,0.5,0,18563,0.035069762,0.014976028,0,0,0,0,0,0,0,0,0,0,5,1.131733675
21020.78,0.506236121,0.5,6236,37,0.17795,32.9375,34.8125,37.01,0,0,0.25,0,0,20,0.5,0.101,0,0,0,0.1,0.1,0.1,0.1,0.1,0.1,0.5,0,17229,0.035579546,0.01526496,0,0,0,0,0,0,0,0,0,0,5,1.197910598
21080.84,0.529379805,0.5,6236,37,0.1566,32.8125,34.8125,37.11,0,0,0.07,0,0,20,0.5,0.101,0,0,0,0.1,0.1,0.1,0.1,0.1,0.1,0.5,0,17203,0.035865837,0.015055514,0,0,0,0,0,0,0,0,0,0,5,1.272123887
21140.88,0.544545394,0.5,6236,37,0.1097,32.875,34.875,37.17,0,0,0.07,0,0,20,0.5,0.101,0,0,0,0.1,0.1,0.1,0.1,0.1,0.1,0.5,0,18351,0.034929977,0.014876573,0,0,0,0,0,0,0,0,0,0,5,1.293253185
21200.92,0.539546913,0.5,6236,37,0.1217,32.875,34.8125,36.87,0,0,0,0,0,20,0.5,0.101,0,0,0,0.1,0.1,0.1,0.1,0.1,0.1,0.5,0,18044,0.035745954,0.015295943,0,0,0,0,0,0,0,0,0,0,5,1.200925815
21260.96,0.53879431,0.5,6236,37,0.1169,32.8125,34.8125,37.03,0,0,0,0,0,20,0.5,0.101,0,0,0,0.1,0.1,0.1,0.1,0.1,0.1,0.5,0,19041,0.0348196,0.014810147,0,0,0,0,0,0,0,0,0,0,5,1.136691967
21321.05,0.591625003,0.5,6236,37,0.1304,32.75,34.75,36.97,0,0,0,0,0,20,0.5,0.101,0,0,0,0.1,0.1,0.1,0.1,0.1,0.1,0.5,0,17352,0.035903642,0.015272015,0,0,0,0,0,0,0,0,0,0,5,1.360474698
21381.11,0.575536288,0.5,6236,37,0.35405,32.8125,34.75,36.63,0,0.02,0.15,0,0,20,0.5,0.101,0,0,0,0.1,0.1,0.1,0.1,0.1,0.1,0.5,0,17320,0.036143187,0.015242494,0,0,0,0,0,0,0,0,0,0,0.44,1.360474698
21441.16,0.548417647,0.5,6236,37,0.55945,32.6875,34.75,35.75,0,0.02,0.15,0,0,20,0.5,0.101,0,0,0,0.1,0.1,0.1,0.1,0.1,0.1,0.5,0,17583,0.035659444,0.015185122,0,0,0,0,0,0,0,0,0,0,0.44,1.360474698
21501.2,0.474433345,0.5,6236,37,0.54085,32.6875,34.75,35.99,0,0.02,0.15,0,0,20,0.5,0.101,0,0,0,0.1,0.1,0.1,0.1,0.1,0.1,0.5,0,17189,0.035895049,0.015067776,0,0,0,0,0,0,0,0,0,0,0.44,1.360474698
21561.27,0.429489613,0.5,6236,37,0.5345,32.6875,34.75,36.07,0,0,0.07,0,0,20,0.5,0.101,0,0,0,0.1,0.1,0.1,0.1,0.1,0.1,0.5,0,15987,0.036216926,0.015387502,0,0,0,0,0,0,0,0,0,0,5,1.360474698
21621.34,0.436667743,0.5,6236,37,0.28585,32.875,34.75,36.87,0,0,0.25,0,0,20,0.5,0.101,0,0,0,0.1,0.1,0.1,0.1,0.1,0.1,0.5,0,15514,0.036612092,0.015598814,0,0,0,0,0,0,0,0,0,0,5,1.360474698
21681.4,0.451934167,0.5,6236,37,0.1606,32.875,34.75,37.41,0,0,0.07,0,0,20,0.5,0.101,0,0,0,0.1,0.1,0.1,0.1,0.1,0.1,0.5,0,16399,0.035916824,0.015305811,0,0,0,0,0,0,0,0,0,0,5,1.360474698
21741.45,0.467967503,0.5,6236,37,0.1121,33,34.8125,37.51,0,0,0.07,0,0,20,0.5,0.101,0,0,0,0.1,0.1,0.1,0.1,0.1,0.1,0.5,0,16072,0.036336486,0.015306122,0,0,0,0,0,0,0,0,0,0,5,1.360474698
21801.51,0.456122103,0.5,6236,37,0.0959,33.0625,34.8125,37.49,0,0,0.07,0,0,20,0.5,0.101,0,0,0,0.1,0.1,0.1,0.1,0.1,0.1,0.5,0,16479,0.036045877,0.015231507,0,0,0,0,0,0,0,0,0,0,5,1.360474698
21861.57,0.465874762,0.5,6236,37,0.1254,33,34.8125,37.21,0,0,0.07,0,0,20,0.5,0.101,0,0,0,0.1,0.1,0.1,0.1,0.1,0.1,0.5,0,16749,0.035882739,0.0153442,0,0,0,0,0,0,0,0,0,0,5,1.360474698
21921.64,0.48336442,0.5,6236,37,0.15625,33,34.8125,37.17,0,0,0.25,0,0,20,0.5,0.101,0,0,0,0.1,0.1,0.1,0.1,0.1,0.1,0.5,0,17026,0.035945025,0.015329496,0,0,0,0,0,0,0,0,0,0,5,1.403013008
21981.69,0.484962387,0.5,6236,37,0.1272,32.9375,34.75,37.37,0,0,0.07,0,0,20,0.5,0.101,0,0,0,0.1,0.1,0.1,0.1,0.1,0.1,0.5,0,16922,0.036284127,0.015305519,0,0,0,0,0,0,0,0,0,0,5,1.342763778
22041.76,0.515703335,0.5,6236,37,0.1415,32.9375,34.8125,37.11,0,0,0.07,0,0,20,0.5,0.101,0,0,0,0.1,0.1,0.1,0.1,0.1,0.1,0.5,0,17978,0.035432195,0.015073979,0,0,0,0,0,0,0,0,0,0,5,1.460006589
22101.8,0.509360053,0.5,6236,37,0.142,32.875,34.8125,37.17,0,0,0.07,0,0,20,0.5,0.101,0,0,0,0.1,0.1,0.1,0.1,0.1,0.1,0.5,0,17601,0.035452531,0.014942333,0,0,0,0,0,0,0,0,0,0,5,1.349876676
22161.87,0.529678802,0.5,6236,37,0.0848,32.9375,34.8125,37.05,0,0,0,0,0,20,0.5,0.101,0,0,0,0.1,0.1,0.1,0.1,0.1,0.1,0.5,0,18479,0.035066833,0.01509822,0,0,0,0,0,0,0,0,0,0,5,1.399729784
22221.91,0.539321026,0.5,6236,37,0.1438,32.875,34.8125,37.09,0,0,0,0,0,20,0.5,0.101,0,0,0,0.1,0.1,0.1,0.1,0.1,0.1,0.5,0,18521,0.035041304,0.014955996,0,0,0,0,0,0,0,0,0,0,5,1.383863898
22281.96,0.539732844,0.5,6236,37,0.1402,32.9375,34.8125,36.97,0,0,0,0,0,20,0.5,0.101,0,0,0,0.1,0.1,0.1,0.1,0.1,0.1,0.5,0,18269,0.035415184,0.015052822,0,0,0,0,0,0,0,0,0,0,5,1.316960588
22342,0.55722395,0.5,6236,37,0.1116,32.9375,34.875,37.17,0,0,0,0,0,20,0.5,0.101,0,0,0,0.1,0.1,0.1,0.1,0.1,0.1,0.5,0,18645,0.035076428,0.015071065,0,0,0,0,0,0,0,0,0,0,5,1.346791375
22402.04,0.54255368,0.5,6236,37,0.432025,32.8125,34.8125,36.25,0,0.02,0.15,0,0,20,0.5,0.101,0,0,0,0.1,0.1,0.1,0.1,0.1,0.1,0.5,0,19012,0.034977909,0.015095729,0,0,0,0,0,0,0,0,0,0,0.44,1.346791375
22462.09,0.510999477,0.5,6236,37,0.515825,32.625,34.8125,35.99,0,0.02,0.15,0,0,20,0.5,0.101,0,0,0,0.1,0.1,0.1,0.1,0.1,0.1,0.5,0,18021,0.035458632,0.015148993,0,0,0,0,0,0,0,0,0,0,0.44,1.346791375
22522.16,0.447687424,0.5,6236,37,0.493457445,32.75,34.875,35.99,0,0.001796393,0.25,0,0,20,0.5,0.101,0,0,0,0.1,0.1,0.1,0.1,0.1,0.1,0.5,0,17204,0.035863753,0.014938386,0,0,0,0,0,0,0,0,0,0,0.44,1.346791375
22582.22,0.457858961,0.5,6236,37,0.300200231,32.75,34.8125,36.79,0,0,0.07,0,0,20,0.5,0.101,0,0,0,0.1,0.1,0.1,0.1,0.1,0.1,0.5,0,16460,0.035844471,0.015309842,0,0,0,0,0,0,0,0,0,0,5,1.346791375
22642.28,0.453721154,0.5,6236,37,0.1904,32.9375,34.8125,37.11,0,0,0.07,0,0,20,0.5,0.101,0,0,0,0.1,0.1,0.1,0.1,0.1,0.1,0.5,0,16621,0.035617592,0.015281872,0,0,0,0,0,0,0,0,0,0,5,1.346791375
22702.34,0.463362061,0.5,6236,37,0.1202,33.0625,34.8125,37.21,0,0,0.07,0,0,20,0.5,0.101,0,0,0,0.1,0.1,0.1,0.1,0.1,0.1,0.5,0,17229,0.035579546,0.015148877,0,0,0,0,0,0,0,0,0,0,5,1.346791375
22762.39,0.476436036,0.5,6236,37,0.102,33,34.8125,37.19,0,0,0.07,0,0,20,0.5,0.101,0,0,0,0.1,0.1,0.1,0.1,0.1,0.1,0.5,0,16572,0.03602462,0.015146029,0,0,0,0,0,0,0,0,0,0,5,1.346791375
22822.43,0.484084443,0.5,6236,37,0.17605,32.875,34.8125,37.11,0,0,0.25,0,0,20,0.5,0.101,0,0,0,0.1,0.1,0.1,0.1,0.1,0.1,0.5,0,16729,0.035985415,0.015302768,0,0,0,0,0,0,0,0,0,0,5,1.346791375
22882.49,0.490048537,0.5,6236,37,0.1479,32.9375,34.75,37.21,0,0,0.07,0,0,20,0.5,0.101,0,0,0,0.1,0.1,0.1,0.1,0.1,0.1,0.5,0,16764,0.035969936,0.015211167,0,0,0,0,0,0,0,0,0,0,5,1.346791375
22942.52,0.49689093,0.5,6236,37,0.088,32.875,34.8125,37.05,0,0,0.07,0,0,20,0.5,0.101,0,0,0,0.1,0.1,0.1,0.1,0.1,0.1,0.5,0,17962,0.035575103,0.01514308,0,0,0,0,0,0,0,0,0,0,5,1.321050116
23002.62,0.526574771,0.5,6236,37,0.1364,32.8125,34.75,36.95,0,0,0.07,0,0,20,0.5,0.101,0,0,0,0.1,0.1,0.1,0.1,0.1,0.1,0.5,0,17042,0.035735242,0.015021711,0,0,0,0,0,0,0,0,0,0,5,1.429065985
23062.67,0.525096187,0.5,6236,37,0.1669,32.8125,34.75,36.89,0,0,0.07,0,0,20,0.5,0.101,0,0,0,0.1,0.1,0.1,0.1,0.1,0.1,0.5,0,18139,0.035227962,0.014885054,0,0,0,0,0,0,0,0,0,0,5,1.349177054
23122.74,0.538710844,0.5,6236,37,0.23705,32.6875,34.8125,36.77,0,0,0.25,0,0,20,0.5,0.101,0,0,0,0.1,0.1,0.1,0.1,0.1,0.1,0.5,0,18748,0.034670365,0.01472157,0,0,0,0,0,0,0,0,0,0,5,1.358510702
23182.79,0.546192645,0.5,6236,37,0.1451,32.6875,34.8125,37.27,0,0,0,0,0,20,0.5,0.101,0,0,0,0.1,0.1,0.1,0.1,0.1,0.1,0.5,0,18874,0.034756808,0.014941189,0,0,0,0,0,0,0,0,0,0,5,1.331963519
23242.82,0.55434412,0.5,6236,37,0.3516,32.8125,34.875,36.65,0,0.02,0.15,0,0,20,0.5,0.101,0,0,0,0.1,0.1,0.1,0.1,0.1,0.1,0.5,0,18082,0.035394315,0.015153191,0,0,0,0,0,0,0,0,0,0,0.44,1.331963519
23302.87,0.542562692,0.5,6236,37,0.4434,32.6875,34.875,36.29,0,0.02,0.15,0,0,20,0.5,0.101,0,0,0,0.1,0.1,0.1,0.1,0.1,0.1,0.5,0,17416,0.035656867,0.015158475,0,0,0,0,0,0,0,0,0,0,0.44,1.331963519
23362.93,0.474409337,0.5,6236,37,0.5817,32.8125,34.875,35.75,0,0.02,0.15,0,0,20,0.5,0.101,0,0,0,0.1,0.1,0.1,0.1,0.1,0.1,0.5,0,16665,0.036183618,0.0150015,0,0,0,0,0,0,0,0,0,0,0.44,1.331963519
23423.01,0.424264405,0.5,6236,37,0.44755,32.6875,34.875,36.21,0,0,0.25,0,0,20,0.5,0.101,0,0,0,0.1,0.1,0.1,0.1,0.1,0.1,0.5,0,16809,0.035635671,0.014932477,0,0,0,0,0,0,0,0,0,0,5,1.331963519
23483.07,0.43519922,0.5,6236,37,0.2421,32.875,34.8125,37.17,0,0,0.07,0,0,20,0.5,0.101,0,0,0,0.1,0.1,0.1,0.1,0.1,0.1,0.5,0,16204,0.036225623,0.01524315,0,0,0,0,0,0,0,0,0,0,5,1.331963519
23543.12,0.47095487,0.5,6236,37,0.1313,33,34.8125,37.37,0,0,0.07,0,0,20,0.5,0.101,0,0,0,0.1,0.1,0.1,0.1,0.1,0.1,0.5,0,16639,0.035518961,0.015085041,0,0,0,0,0,0,0,0,0,0,5,1.331963519
23603.17,0.466790815,0.5,6236,37,0.0957,33.0625,34.875,37.35,0,0,0.07,0,0,20,0.5,0.101,0,0,0,0.1,0.1,0.1,0.1,0.1,0.1,0.5,0,16869,0.035390361,0.014820084,0,0,0,0,0,0,0,0,0,0,5,1.331963519
23663.25,0.466032566,0.5,6236,37,0.1305,33.0625,34.8125,37.25,0,0,0.07,0,0,20,0.5,0.101,0,0,0,0.1,0.1,0.1,0.1,0.1,0.1,0.5,0,16408,0.035836177,0.015114578,0,0,0,0,0,0,0,0,0,0,5,1.331963519
23723.32,0.469127049,0.5,6236,37,0.19695,33.0625,34.8125,37.03,0,0,0.25,0,0,20,0.5,0.101,0,0,0,0.1,0.1,0.1,0.1,0.1,0.1,0.5,0,17048,0.035722665,0.01513374,0,0,0,0,0,0,0,0,0,0,5,1.331963519
23783.36,0.49761445,0.5,6236,37,0.0905,33,34.8125,37.13,0,0,0.07,0,0,20,0.5,0.101,0,0,0,0.1,0.1,0.1,0.1,0.1,0.1,0.5,0,16819,0.035614484,0.015280338,0,0,0,0,0,0,0,0,0,0,5,1.44222121
23843.43,0.489349887,0.5,6236,37,0.125,32.875,34.75,37.03,0,0,0.07,0,0,20,0.5,0.101,0,0,0,0.1,0.1,0.1,0.1,0.1,0.1,0.5,0,16997,0.035594517,0.015061481,0,0,0,0,0,0,0,0,0,0,5,1.319866656
23903.47,0.496971763,0.5,6236,37,0.1611,32.8125,34.8125,37.21,0,0,0.07,0,0,20,0.5,0.101,0,0,0,0.1,0.1,0.1,0.1,0.1,0.1,0.5,0,18026,0.03528237,0.014978365,0,0,0,0,0,0,0,0,0,0,5,1.300239705
23963.52,0.520933024,0.5,6236,37,0.1254,32.875,34.8125,37.11,0,0,0.07,0,0,20,0.5,0.101,0,0,0,0.1,0.1,0.1,0.1,0.1,0.1,0.5,0,19239,0.034149384,0.014657726,0,0,0,0,0,0,0,0,0,0,5,1.376492532
24023.59,0.5331182,0.5,6236,37,0.1854,32.8125,34.8125,37.19,0,0,0,0,0,20,0.5,0.101,0,0,0,0.1,0.1,0.1,0.1,0.1,0.1,0.5,0,18114,0.035055758,0.01501601,0,0,0,0,0,0,0,0,0,0,5,1.377032956
24083.64,0.557292889,0.5,6236,37,0.1238,32.75,34.75,37.09,0,0,0,0,0,20,0.5,0.101,0,0,0,0.1,0.1,0.1,0.1,0.1,0.1,0.5,0,18170,0.035167859,0.015024766,0,0,0,0,0,0,0,0,0,0,5,1.441224623
24143.72,0.543135465,0.5,6236,37,0.0969,32.75,34.75,37.11,0,0.02,0.15,0,0,20,0.5,0.101,0,0,0,0.1,0.1,0.1,0.1,0.1,0.1,0.5,0,18341,0.035548771,0.01499373,0,0,0,0,0,0,0,0,0,0,0.44,1.441224623
24203.79,0.51398913,0.5,6236,37,0.3997,32.6875,34.8125,36.49,0,0.02,0.15,0,0,20,0.5,0.101,0,0,0,0.1,0.1,0.1,0.1,0.1,0.1,0.5,0,18403,0.035157311,0.014943216,0,0,0,0,0,0,0,0,0,0,0.44,1.441224623
24263.84,0.493902469,0.5,6236,37,0.434175,32.8125,34.8125,36.49,0,0.02,0.15,0,0,20,0.5,0.101,0,0,0,0.1,0.1,0.1,0.1,0.1,0.1,0.5,0,16805,0.035822672,0.014936031,0,0,0,0,0,0,0,0,0,0,0.44,1.441224623
24323.88,0.447054545,0.5,6236,37,0.30565,32.6875,34.8125,36.69,0,0,0.25,0,0,20,0.5,0.101,0,0,0,0.1,0.1,0.1,0.1,0.1,0.1,0.5,0,16919,0.035463089,0.015012708,0,0,0,0,0,0,0,0,0,0,5,1.441224623
24383.92,0.458603291,0.5,6236,37,0.1725,32.875,34.875,36.97,0,0,0.07,0,0,20,0.5,0.101,0,0,0,0.1,0.1,0.1,0.1,0.1,0.1,0.5,0,16696,0.035936751,0.015093436,0,0,0,0,0,0,0,0,0,0,5,1.441224623
24444,0.47843495,0.5,6236,37,0.1114,33,34.8125,37.35,0,0,0.07,0,0,20,0.5,0.101,0,0,0,0.1,0.1,0.1,0.1,0.1,0.1,0.5,0,16438,0.036014114,0.015269498,0,0,0,0,0,0,0,0,0,0,5,1.441224623
24504.06,0.486866934,0.5,6236,37,0.1021,32.9375,34.875,37.25,0,0,0.07,0,0,20,0.5,0.101,0,0,0,0.1,0.1,0.1,0.1,0.1,0.1,0.5,0,17494,0.035269235,0.014919401,0,0,0,0,0,0,0,0,0,0,5,1.441224623
24564.14,0.505129374,0.5,6236,37,0.0657,33,34.875,37.09,0,0,0.07,0,0,20,0.5,0.101,0,0,0,0.1,0.1,0.1,0.1,0.1,0.1,0.5,0,17189,0.035545989,0.015067776,0,0,0,0,0,0,0,0,0,0,5,1.441224623
24624.19,0.489538897,0.5,6236,37,0.19485,33,34.875,36.97,0,0,0.25,0,0,20,0.5,0.101,0,0,0,0.1,0.1,0.1,0.1,0.1,0.1,0.5,0,17149,0.0356289,0.015219546,0,0,0,0,0,0,0,0,0,0,5,1.441224623
24684.25,0.53282551,0.5,6236,37,0.1635,32.9375,34.875,36.93,0,0,0.07,0,0,20,0.5,0.101,0,0,0,0.1,0.1,0.1,0.1,0.1,0.1,0.5,0,16768,0.035722805,0.015207538,0,0,0,0,0,0,0,0,0,0,5,1.623353619
24744.29,0.514119333,0.5,6236,37,0.1537,32.9375,34.8125,37.21,0,0,0.07,0,0,20,0.5,0.101,0,0,0,0.1,0.1,0.1,0.1,0.1,0.1,0.5,0,18310,0.034735117,0.01485527,0,0,0,0,0,0,0,0,0,0,5,1.434970157
24804.36,0.548352458,0.5,6236,37,0.113,32.9375,34.875,37.17,0,0,0.07,0,0,20,0.5,0.101,0,0,0,0.1,0.1,0.1,0.1,0.1,0.1,0.5,0,18123,0.035314242,0.014898196,0,0,0,0,0,0,0,0,0,0,5,1.556610194
24864.42,0.547445858,0.5,6236,37,0.079,32.875,34.9375,37.11,0,0.02,0.15,0,0,20,0.5,0.101,0,0,0,0.1,0.1,0.1,0.1,0.1,0.1,0.5,0,17134,0.035835182,0.015116143,0,0,0,0,0,0,0,0,0,0,0.44,1.556610194
24924.46,0.515996331,0.5,6236,37,0.5448,32.6875,34.875,35.81,0,0.02,0.25,0,0,20,0.5,0.101,0,0,0,0.1,0.1,0.1,0.1,0.1,0.1,0.5,0,17839,0.03514771,0.015023264,0,0,0,0,0,0,0,0,0,0,0.44,1.556610194
24984.51,0.464310289,0.5,6236,37,0.52395,32.625,34.875,35.97,0,0.02,0.15,0,0,20,0.5,0.101,0,0,0,0.1,0.1,0.1,0.1,0.1,0.1,0.5,0,16811,0.035334007,0.01504967,0,0,0,0,0,0,0,0,0,0,0.44,1.556610194
25044.55,0.421029161,0.5,6236,37,0.56045,32.75,34.8125,36.15,0,0,0.07,0,0,20,0.5,0.101,0,0,0,0.1,0.1,0.1,0.1,0.1,0.1,0.5,0,15510,0.035976789,0.015151515,0,0,0,0,0,0,0,0,0,0,5,1.556610194
25104.62,0.437941761,0.5,6236,37,0.2488,32.875,34.8125,37.21,0,0,0.07,0,0,20,0.5,0.101,0,0,0,0.1,0.1,0.1,0.1,0.1,0.1,0.5,0,16257,0.035799963,0.015131943,0,0,0,0,0,0,0,0,0,0,5,1.556610194
25164.71,0.432681745,0.5,6236,37,0.1842,33.125,34.8125,37.33,0,0,0.07,0,0,20,0.5,0.101,0,0,0,0.1,0.1,0.1,0.1,0.1,0.1,0.5,0,16521,0.035409479,0.014950669,0,0,0,0,0,0,0,0,0,0,5,1.556610194
25224.74,0.443352135,0.5,6236,37,0.14785,33.125,34.8125,37.35,0,0,0.25,0,0,20,0.5,0.101,0,0,0,0.1,0.1,0.1,0.1,0.1,0.1,0.5,0,16578,0.035529014,0.014959585,0,0,0,0,0,0,0,0,0,0,5,1.556610194
25284.81,0.450519846,0.5,6236,37,0.1055,33.0625,34.8125,37.33,0,0,0.07,0,0,20,0.5,0.101,0,0,0,0.1,0.1,0.1,0.1,0.1,0.1,0.5,0,16644,0.035328046,0.015080509,0,0,0,0,0,0,0,0,0,0,5,1.556610194
25344.87,0.454757382,0.5,6236,37,0.1102,33.0625,34.8125,37.17,0,0,0.07,0,0,20,0.5,0.101,0,0,0,0.1,0.1,0.1,0.1,0.1,0.1,0.5,0,15906,0.036087011,0.015340123,0,0,0,0,0,0,0,0,0,0,5,1.556610194
25404.94,0.465306173,0.5,6236,37,0.1786,33,34.75,37.03,0,0,0.07,0,0,20,0.5,0.101,0,0,0,0.1,0.1,0.1,0.1,0.1,0.1,0.5,0,16392,0.036054173,0.015068326,0,0,0,0,0,0,0,0,0,0,5,1.547574408
25465.01,0.489300593,0.5,6236,37,0.1293,33,34.75,37.03,0,0,0.07,0,0,20,0.5,0.101,0,0,0,0.1,0.1,0.1,0.1,0.1,0.1,0.5,0,17988,0.035134534,0.014843229,0,0,0,0,0,0,0,0,0,0,5,1.621039844
25525.08,0.486232974,0.5,6236,37,0.13305,33,34.8125,37.21,0,0,0.25,0,0,20,0.5,0.101,0,0,0,0.1,0.1,0.1,0.1,0.1,0.1,0.5,0,17433,0.035163196,0.014914243,0,0,0,0,0,0,0,0,0,0,5,1.521120458
25585.14,0.481571189,0.5,6236,37,0.1564,33,34.875,37.01,0,0,0.07,0,0,20,0.5,0.101,0,0,0,0.1,0.1,0.1,0.1,0.1,0.1,0.5,0,17490,0.035105775,0.014808462,0,0,0,0,0,0,0,0,0,0,5,1.416163006
25645.18,0.518293483,0.5,6236,37,0.1681,32.9375,34.8125,36.93,0,0,0,0,0,20,0.5,0.101,0,0,0,0.1,0.1,0.1,0.1,0.1,0.1,0.5,0,16698,0.035812672,0.015151515,0,0,0,0,0,0,0,0,0,0,5,1.565817605
25705.22,0.499007514,0.5,6236,37,0.1012,32.9375,34.8125,37.01,0,0,0,0,0,20,0.5,0.101,0,0,0,0.1,0.1,0.1,0.1,0.1,0.1,0.5,0,17289,0.03545607,0.015154144,0,0,0,0,0,0,0,0,0,0,5,1.373765229
25765.26,0.523140553,0.5,6236,37,0.1202,32.875,34.875,37.11,0,0,0,0,0,20,0.5,0.101,0,0,0,0.1,0.1,0.1,0.1,0.1,0.1,0.5,0,17789,0.035415144,0.014896846,0,0,0,0,0,0,0,0,0,0,5,1.44676402
25825.31,0.535557216,0.5,6236,37,0.1728,32.8125,34.8125,37.01,0,0,0,0,0,20,0.5,0.101,0,0,0,0.1,0.1,0.1,0.1,0.1,0.1,0.5,0,18421,0.034905814,0.014928614,0,0,0,0,0,0,0,0,0,0,5,1.444798495
25885.34,0.557975806,0.5,6236,37,0.1434,32.8125,34.875,36.95,0,0,0,0,0,20,0.5,0.101,0,0,0,0.1,0.1,0.1,0.1,0.1,0.1,0.5,0,17803,0.035443465,0.015053643,0,0,0,0,0,0,0,0,0,0,5,1.495582189
25945.38,0.549652428,0.5,6236,37,0.1554,32.8125,34.875,37.13,0,0.02,0.15,0,0,20,0.5,0.101,0,0,0,0.1,0.1,0.1,0.1,0.1,0.1,0.5,0,17935,0.035405631,0.01511012,0,0,0,0,0,0,0,0,0,0,0.44,1.495582189
26005.43,0.501715084,0.5,6236,37,0.44795,32.625,34.8125,36.33,0,0.02,0.15,0,0,20,0.5,0.101,0,0,0,0.1,0.1,0.1,0.1,0.1,0.1,0.5,0,17372,0.03545936,0.014909049,0,0,0,0,0,0,0,0,0,0,0.44,1.495582189
26065.5,0.457887356,0.5,6236,37,0.544275,32.625,34.8125,36.05,0,0.02,0.15,0,0,20,0.5,0.101,0,0,0,0.1,0.1,0.1,0.1,0.1,0.1,0.5,0,16393,0.035746965,0.015067407,0,0,0,0,0,0,0,0,0,0,0.44,1.495582189
26125.55,0.394306895,0.5,6236,37,0.47335,32.75,34.8125,36.21,0,0,0.25,0,0,20,0.5,0.101,0,0,0,0.1,0.1,0.1,0.1,0.1,0.1,0.5,0,15669,0.036058459,0.015125407,0,0,0,0,0,0,0,0,0,0,5,1.495582189
26185.61,0.396864646,0.5,6236,37,0.1831,32.8125,34.8125,37.13,0,0,0.07,0,0,20,0.5,0.101,0,0,0,0.1,0.1,0.1,0.1,0.1,0.1,0.5,0,16679,0.035493735,0.014988908,0,0,0,0,0,0,0,0,0,0,5,1.495582189
26245.67,0.427834057,0.5,6236,37,0.1538,33,34.75,37.55,0,0,0.07,0,0,20,0.5,0.101,0,0,0,0.1,0.1,0.1,0.1,0.1,0.1,0.5,0,15688,0.036206017,0.015234574,0,0,0,0,0,0,0,0,0,0,5,1.495582189
26305.74,0.420080501,0.5,6236,37,0.0761,33.0625,34.6875,37.37,0,0,0.07,0,0,20,0.5,0.101,0,0,0,0.1,0.1,0.1,0.1,0.1,0.1,0.5,0,16491,0.035534534,0.014977867,0,0,0,0,0,0,0,0,0,0,5,1.495582189
26365.8,0.432024403,0.5,6236,37,0.1579,33.0625,34.75,37.25,0,0,0.07,0,0,20,0.5,0.101,0,0,0,0.1,0.1,0.1,0.1,0.1,0.1,0.5,0,16449,0.03538209,0.014955316,0,0,0,0,0,0,0,0,0,0,5,1.495582189
26425.84,0.43571707,0.5,6236,37,0.20545,33,34.75,37.05,0,0,0.25,0,0,20,0.5,0.101,0,0,0,0.1,0.1,0.1,0.1,0.1,0.1,0.5,0,16664,0.035585694,0.01506241,0,0,0,0,0,0,0,0,0,0,5,1.495582189
26485.91,0.447115634,0.5,6236,37,0.1199,32.875,34.6875,37.35,0,0,0.07,0,0,20,0.5,0.101,0,0,0,0.1,0.1,0.1,0.1,0.1,0.1,0.5,0,16247,0.035883548,0.015141257,0,0,0,0,0,0,0,0,0,0,5,1.498275499
26545.97,0.449444386,0.5,6236,37,0.1206,32.875,34.75,37.27,0,0,0.07,0,0,20,0.5,0.101,0,0,0,0.1,0.1,0.1,0.1,0.1,0.1,0.5,0,16152,0.035846954,0.015106488,0,0,0,0,0,0,0,0,0,0,5,1.43894634
26606.02,0.471611854,0.5,6236,37,0.1343,32.8125,34.6875,37.27,0,0,0.07,0,0,20,0.5,0.101,0,0,0,0.1,0.1,0.1,0.1,0.1,0.1,0.5,0,17164,0.035015148,0.014856677,0,0,0,0,0,0,0,0,0,0,5,1.511431565
26666.06,0.486265504,0.5,6236,37,0.0956,32.8125,34.75,37.33,0,0,0.07,0,0,20,0.5,0.101,0,0,0,0.1,0.1,0.1,0.1,0.1,0.1,0.5,0,17322,0.035388523,0.014894354,0,0,0,0,0,0,0,0,0,0,5,1.527655417
26726.09,0.495601829,0.5,6236,37,0.1552,32.875,34.75,36.95,0,0,0,0,0,20,0.5,0.101,0,0,0,0.1,0.1,0.1,0.1,0.1,0.1,0.5,0,17099,0.035440669,0.014913153,0,0,0,0,0,0,0,0,0,0,5,1.508326823
26786.14,0.504617514,0.5,6236,37,0.143,32.75,34.75,37.05,0,0,0,0,0,20,0.5,0.101,0,0,0,0.1,0.1,0.1,0.1,0.1,0.1,0.5,0,17297,0.035208418,0.014973695,0,0,0,0,0,0,0,0,0,0,5,1.486994196
26846.18,0.504763142,0.5,6236,37,0.1447,32.8125,34.8125,37.05,0,0,0,0,0,20,0.5,0.101,0,0,0,0.1,0.1,0.1,0.1,0.1,0.1,0.5,0,18130,0.034693878,0.014782129,0,0,0,0,0,0,0,0,0,0,5,1.413510132
26906.22,0.514805311,0.5,6236,37,0.18,32.75,34.75,36.95,0,0,0,0,0,20,0.5,0.101,0,0,0,0.1,0.1,0.1,0.1,0.1,0.1,0.5,0,17192,0.035714286,0.015123313,0,0,0,0,0,0,0,0,0,0,5,1.401933124
26966.27,0.532726304,0.5,6236,37,0.0981,32.8125,34.875,36.95,0,0,0,0,0,20,0.5,0.101,0,0,0,0.1,0.1,0.1,0.1,0.1,0.1,0.5,0,16316,0.036405982,0.015138514,0,0,0,0,0,0,0,0,0,0,5,1.434493464
27026.33,0.548907188,0.5,6236,37,0.141,32.6875,34.75,36.87,0,0,0,0,0,20,0.5,0.101,0,0,0,0.1,0.1,0.1,0.1,0.1,0.1,0.5,0,17782,0.035485322,0.014846474,0,0,0,0,0,0,0,0,0,0,5,1.452533532
27086.38,0.538935861,0.5,6236,37,0.1501,32.75,34.75,37.01,0,0,0,0,0,20,0.5,0.101,0,0,0,0.1,0.1,0.1,0.1,0.1,0.1,0.5,0,18088,0.034940292,0.014816453,0,0,0,0,0,0,0,0,0,0,5,1.324908443
27146.44,0.570395699,0.5,6236,37,0.1304,32.8125,34.8125,37.11,0,0,0,0,0,20,0.5,0.101,0,0,0,0.1,0.1,0.1,0.1,0.1,0.1,0.5,0,18363,0.03490715,0.014812394,0,0,0,0,0,0,0,0,0,0,5,1.428864306
27206.49,0.560152618,0.5,6236,37,0.1524,32.8125,34.875,37.05,0,0.02,0.15,0,0,20,0.5,0.101,0,0,0,0.1,0.1,0.1,0.1,0.1,0.1,0.5,0,18458,0.035052552,0.014952866,0,0,0,0,0,0,0,0,0,0,0.44,1.428864306
27266.55,0.542052126,0.5,6236,37,0.36685,32.625,34.8125,36.53,0,0.02,0.15,0,0,20,0.5,0.101,0,0,0,0.1,0.1,0.1,0.1,0.1,0.1,0.5,0,17227,0.035583677,0.015150636,0,0,0,0,0,0,0,0,0,0,0.44,1.428864306
27326.62,0.485619162,0.5,6236,37,0.5452,32.6875,34.875,35.91,0,0.02,0.25,0,0,20,0.5,0.101,0,0,0,0.1,0.1,0.1,0.1,0.1,0.1,0.5,0,16797,0.035780199,0.015121748,0,0,0,0,0,0,0,0,0,0,0.44,1.428864306
27386.68,0.422318127,0.5,6236,37,0.54005,32.5625,34.875,36.09,0,0,0.07,0,0,20,0.5,0.101,0,0,0,0.1,0.1,0.1,0.1,0.1,0.1,0.5,0,15816,0.035849772,0.01511128,0,0,0,0,0,0,0,0,0,0,5,1.428864306
27446.71,0.44193461,0.5,6236,37,0.2573,32.8125,34.8125,36.93,0,0,0.07,0,0,20,0.5,0.101,0,0,0,0.1,0.1,0.1,0.1,0.1,0.1,0.5,0,15340,0.0363103,0.015319426,0,0,0,0,0,0,0,0,0,0,5,1.428864306
27506.81,0.438209901,0.5,6236,37,0.1654,33,34.875,37.35,0,0,0.07,0,0,20,0.5,0.101,0,0,0,0.1,0.1,0.1,0.1,0.1,0.1,0.5,0,16652,0.035611338,0.015013212,0,0,0,0,0,0,0,0,0,0,5,1.428864306
27566.9,0.451613578,0.5,6236,37,0.1431,33.125,34.875,37.37,0,0,0.07,0,0,20,0.5,0.101,0,0,0,0.1,0.1,0.1,0.1,0.1,0.1,0.5,0,15983,0.035913158,0.015203654,0,0,0,0,0,0,0,0,0,0,5,1.428864306
27626.96,0.455459583,0.5,6236,37,0.14235,33.125,34.875,37.27,0,0,0.25,0,0,20,0.5,0.101,0,0,0,0.1,0.1,0.1,0.1,0.1,0.1,0.5,0,16434,0.035718632,0.014968967,0,0,0,0,0,0,0,0,0,0,5,1.428864306
27687,0.479793739,0.5,6236,37,0.133,33,34.875,37.27,0,0,0.07,0,0,20,0.5,0.101,0,0,0,0.1,0.1,0.1,0.1,0.1,0.1,0.5,0,16508,0.035740247,0.015083596,0,0,0,0,0,0,0,0,0,0,5,1.428864306
27747.06,0.484170244,0.5,6236,37,0.1025,33,34.8125,37.27,0,0,0.07,0,0,20,0.5,0.101,0,0,0,0.1,0.1,0.1,0.1,0.1,0.1,0.5,0,17656,0.035115541,0.01478251,0,0,0,0,0,0,0,0,0,0,5,1.384661953
27807.14,0.496492248,0.5,6236,37,0.1589,33,34.75,37.09,0,0,0.07,0,0,20,0.5,0.101,0,0,0,0.1,0.1,0.1,0.1,0.1,0.1,0.5,0,16753,0.035635409,0.0149227,0,0,0,0,0,0,0,0,0,0,5,1.390822695
27867.18,0.50884772,0.5,6236,37,0.1353,32.9375,34.75,37.33,0,0,0.07,0,0,20,0.5,0.101,0,0,0,0.1,0.1,0.1,0.1,0.1,0.1,0.5,0,17403,0.035051428,0.014882492,0,0,0,0,0,0,0,0,0,0,5,1.395024342
27927.22,0.529647263,0.5,6236,37,0.18885,32.875,34.8125,36.97,0,0,0.25,0,0,20,0.5,0.101,0,0,0,0.1,0.1,0.1,0.1,0.1,0.1,0.5,0,18441,0.03481373,0.014803969,0,0,0,0,0,0,0,0,0,0,5,1.445460462
27987.28,0.535487766,0.5,6236,37,0.131,32.8125,34.8125,36.95,0,0,0,0,0,20,0.5,0.101,0,0,0,0.1,0.1,0.1,0.1,0.1,0.1,0.5,0,17581,0.035265343,0.014845572,0,0,0,0,0,0,0,0,0,0,5,1.406087845
28047.36,0.536121852,0.5,6236,37,0.1197,32.875,34.75,37.09,0,0,0,0,0,20,0.5,0.101,0,0,0,0.1,0.1,0.1,0.1,0.1,0.1,0.5,0,18065,0.034652643,0.014890673,0,0,0,0,0,0,0,0,0,0,5,1.339333734
28107.39,0.551365381,0.5,6236,37,0.139,32.75,34.8125,37.05,0,0,0,0,0,20,0.5,0.101,0,0,0,0.1,0.1,0.1,0.1,0.1,0.1,0.5,0,17483,0.035291426,0.01487159,0,0,0,0,0,0,0,0,0,0,5,1.35647577
28167.45,0.552345826,0.5,6236,37,0.1313,32.75,34.75,36.95,0,0.02,0.15,0,0,20,0.5,0.101,0,0,0,0.1,0.1,0.1,0.1,0.1,0.1,0.5,0,18360,0.034749455,0.014760349,0,0,0,0,0,0,0,0,0,0,0.44,1.35647577
28227.51,0.49606789,0.5,6236,37,0.54637271,32.6875,34.8125,35.85,0,0.018784659,0.25,0,0,20,0.5,0.101,0,0,0,0.1,0.1,0.1,0.1,0.1,0.1,0.5,0,16869,0.035627482,0.015116486,0,0,0,0,0,0,0,0,0,0,0.44,1.35647577
28287.57,0.446376221,0.5,6236,37,0.537458108,32.6875,34.8125,35.91,0,0,0.07,0,0,20,0.5,0.101,0,0,0,0.1,0.1,0.1,0.1,0.1,0.1,0.5,0,15886,0.036447186,0.015359436,0,0,0,0,0,0,0,0,0,0,5,1.35647577
28347.65,0.457033087,0.5,6236,37,0.24,32.8125,34.875,36.89,0,0,0.07,0,0,20,0.5,0.101,0,0,0,0.1,0.1,0.1,0.1,0.1,0.1,0.5,0,16254,0.035622001,0.015011689,0,0,0,0,0,0,0,0,0,0,5,1.35647577
28407.69,0.46359549,0.5,6236,37,0.1808,32.875,34.8125,37.13,0,0,0.07,0,0,20,0.5,0.101,0,0,0,0.1,0.1,0.1,0.1,0.1,0.1,0.5,0,16795,0.035546294,0.015004466,0,0,0,0,0,0,0,0,0,0,5,1.35647577
28467.74,0.496191817,0.5,6236,37,0.1665,32.875,34.8125,37.17,0,0,0.07,0,0,20,0.5,0.101,0,0,0,0.1,0.1,0.1,0.1,0.1,0.1,0.5,0,15976,0.035991487,0.015335503,0,0,0,0,0,0,0,0,0,0,5,1.35647577
28527.78,0.489974071,0.5,6236,37,0.17435,32.9375,34.875,37.13,0,0,0.25,0,0,20,0.5,0.101,0,0,0,0.1,0.1,0.1,0.1,0.1,0.1,0.5,0,17316,0.035169785,0.014668515,0,0,0,0,0,0,0,0,0,0,5,1.35647577
28587.83,0.504925971,0.5,6236,37,0.1406,32.9375,34.8125,37.29,0,0,0.07,0,0,20,0.5,0.101,0,0,0,0.1,0.1,0.1,0.1,0.1,0.1,0.5,0,17278,0.03495775,0.014874407,0,0,0,0,0,0,0,0,0,0,5,1.35647577
28647.89,0.517145319,0.5,6236,37,0.1007,32.9375,34.875,37.25,0,0,0.07,0,0,20,0.5,0.101,0,0,0,0.1,0.1,0.1,0.1,0.1,0.1,0.5,0,17353,0.035325304,0.014983,0,0,0,0,0,0,0,0,0,0,5,1.360388249
28707.93,0.520414849,0.5,6236,37,0.0996,33,34.875,37.01,0,0,0.07,0,0,20,0.5,0.101,0,0,0,0.1,0.1,0.1,0.1,0.1,0.1,0.5,0,17715,0.035055038,0.014846176,0,0,0,0,0,0,0,0,0,0,5,1.311275928
28767.98,0.554834648,0.5,6236,37,0.1587,32.875,34.8125,37.13,0,0,0.07,0,0,20,0.5,0.101,0,0,0,0.1,0.1,0.1,0.1,0.1,0.1,0.5,0,16943,0.035648941,0.015050463,0,0,0,0,0,0,0,0,0,0,5,1.437843705
28828.02,0.53882902,0.5,6236,37,0.21525,32.8125,34.8125,36.85,0,0,0.25,0,0,20,0.5,0.101,0,0,0,0.1,0.1,0.1,0.1,0.1,0.1,0.5,0,17848,0.035242044,0.014847602,0,0,0,0,0,0,0,0,0,0,5,1.27813602
28888.06,0.549006192,0.5,6236,37,0.1433,32.8125,34.8125,37.09,0,0,0,0,0,20,0.5,0.101,0,0,0,0.1,0.1,0.1,0.1,0.1,0.1,0.5,0,18796,0.034581826,0.014737178,0,0,0,0,0,0,0,0,0,0,5,1.270363469
28948.15,0.559133396,0.5,6236,37,0.1023,32.8125,34.75,37.13,0,0.02,0.15,0,0,20,0.5,0.101,0,0,0,0.1,0.1,0.1,0.1,0.1,0.1,0.5,0,19690,0.034230574,0.014626714,0,0,0,0,0,0,0,0,0,0,0.44,1.270363469
29008.2,0.504024969,0.5,6236,37,0.4955,32.75,34.8125,36.29,0,0.02,0.15,0,0,20,0.5,0.101,0,0,0,0.1,0.1,0.1,0.1,0.1,0.1,0.5,0,17877,0.034737372,0.014823516,0,0,0,0,0,0,0,0,0,0,0.44,1.270363469
29068.26,0.439255266,0.5,6236,37,0.563975,32.625,34.75,36.09,0,0.000534067,0.072136269,0,0,20,0.5,0.101,0,0,0,0.1,0.1,0.1,0.1,0.1,0.1,0.5,0,15970,0.036005009,0.015090795,0,0,0,0,0,0,0,0,0,0,0.44,1.270363469
29128.34,0.456392855,0.5,6236,37,0.20305,32.8125,34.8125,37.17,0,0,0.25,0,0,20,0.5,0.101,0,0,0,0.1,0.1,0.1,0.1,0.1,0.1,0.5,0,16820,0.035196195,0.014684899,0,0,0,0,0,0,0,0,0,0,5,1.270363469
29188.39,0.46650545,0.5,6236,37,0.1528,32.9375,34.8125,37.43,0,0,0.07,0,0,20,0.5,0.101,0,0,0,0.1,0.1,0.1,0.1,0.1,0.1,0.5,0,16392,0.035688141,0.015068326,0,0,0,0,0,0,0,0,0,0,5,1.270363469
29248.46,0.490891508,0.5,6236,37,0.1408,33,34.75,37.45,0,0,0.07,0,0,20,0.5,0.101,0,0,0,0.1,0.1,0.1,0.1,0.1,0.1,0.5,0,16625,0.035789474,0.015037594,0,0,0,0,0,0,0,0,0,0,5,1.270363469
29308.5,0.48839772,0.5,6236,37,0.1067,33.0625,34.875,37.41,0,0,0.07,0,0,20,0.5,0.101,0,0,0,0.1,0.1,0.1,0.1,0.1,0.1,0.5,0,17082,0.035241775,0.014927994,0,0,0,0,0,0,0,0,0,0,5,1.270363469
29368.57,0.493336091,0.5,6236,37,0.1186,33,34.8125,37.41,0,0,0.07,0,0,20,0.5,0.101,0,0,0,0.1,0.1,0.1,0.1,0.1,0.1,0.5,0,16808,0.035578296,0.014814374,0,0,0,0,0,0,0,0,0,0,5,1.270363469
29428.64,0.505413297,0.5,6236,37,0.17005,32.875,34.875,37.11,0,0,0.25,0,0,20,0.5,0.101,0,0,0,0.1,0.1,0.1,0.1,0.1,0.1,0.5,0,16230,0.036044362,0.015157116,0,0,0,0,0,0,0,0,0,0,5,1.270363469
29488.69,0.519716373,0.5,6236,37,0.1048,33,34.875,37.29,0,0,0.07,0,0,20,0.5,0.101,0,0,0,0.1,0.1,0.1,0.1,0.1,0.1,0.5,0,17645,0.035080759,0.014848399,0,0,0,0,0,0,0,0,0,0,5,1.29056546
29548.75,0.516379148,0.5,6236,37,0.1232,32.9375,34.875,37.19,0,0,0.07,0,0,20,0.5,0.101,0,0,0,0.1,0.1,0.1,0.1,0.1,0.1,0.5,0,16769,0.035601407,0.01502773,0,0,0,0,0,0,0,0,0,0,5,1.206711346
29608.82,0.531358853,0.5,6236,37,0.1528,32.8125,34.875,37.03,0,0,0.07,0,0,20,0.5,0.101,0,0,0,0.1,0.1,0.1,0.1,0.1,0.1,0.5,0,18534,0.034639042,0.014783641,0,0,0,0,0,0,0,0,0,0,5,1.232164739
29668.93,0.556409904,0.5,6236,37,0.1297,32.8125,34.8125,37.13,0,0,0.07,0,0,20,0.5,0.101,0,0,0,0.1,0.1,0.1,0.1,0.1,0.1,0.5,0,17608,0.035211268,0.014936393,0,0,0,0,0,0,0,0,0,0,5,1.308759487
29728.96,0.549511381,0.5,6236,37,0.410925,32.8125,34.8125,36.39,0,0.02,0.25,0,0,20,0.5,0.101,0,0,0,0.1,0.1,0.1,0.1,0.1,0.1,0.5,0,18074,0.034967356,0.014993914,0,0,0,0,0,0,0,0,0,0,0.44,1.308759487
29789.03,0.523282411,0.5,6236,37,0.364175,32.75,34.875,36.63,0,0.02,0.15,0,0,20,0.5,0.101,0,0,0,0.1,0.1,0.1,0.1,0.1,0.1,0.5,0,18630,0.034514224,0.014492754,0,0,0,0,0,0,0,0,0,0,0.44,1.308759487
29849.1,0.487298749,0.5,6236,37,0.46095,32.625,34.8125,36.37,0,0.02,0.15,0,0,20,0.5,0.101,0,0,0,0.1,0.1,0.1,0.1,0.1,0.1,0.5,0,16365,0.035685915,0.015093187,0,0,0,0,0,0,0,0,0,0,0.44,1.308759487
29909.17,0.438997022,0.5,6236,37,0.414675,32.6875,34.875,36.69,0,0,0.07,0,0,20,0.5,0.101,0,0,0,0.1,0.1,0.1,0.1,0.1,0.1,0.5,0,16791,0.03543565,0.014829373,0,0,0,0,0,0,0,0,0,0,5,1.308759487
29969.25,0.470949344,0.5,6236,37,0.101,32.9375,34.8125,37.05,0,0,0.07,0,0,20,0.5,0.101,0,0,0,0.1,0.1,0.1,0.1,0.1,0.1,0.5,0,16209,0.035844284,0.015176754,0,0,0,0,0,0,0,0,0,0,5,1.308759487
30029.32,0.471926376,0.5,6236,37,0.19335,33.0625,34.8125,37.09,0,0,0.25,0,0,20,0.5,0.101,0,0,0,0.1,0.1,0.1,0.1,0.1,0.1,0.5,0,17232,0.034818942,0.01479805,0,0,0,0,0,0,0,0,0,0,5,1.308759487
30089.38,0.480681065,0.5,6236,37,0.1602,33,34.8125,37.19,0,0,0.07,0,0,20,0.5,0.101,0,0,0,0.1,0.1,0.1,0.1,0.1,0.1,0.5,0,17238,0.035270913,0.014850911,0,0,0,0,0,0,0,0,0,0,5,1.308759487
30149.42,0.495828306,0.5,6236,37,0.1309,33.0625,34.8125,37.21,0,0,0.07,0,0,20,0.5,0.101,0,0,0,0.1,0.1,0.1,0.1,0.1,0.1,0.5,0,17177,0.0351633,0.014961868,0,0,0,0,0,0,0,0,0,0,5,1.308759487
30209.49,0.514091788,0.5,6236,37,0.1416,33.0625,34.875,37.29,0,0,0.07,0,0,20,0.5,0.101,0,0,0,0.1,0.1,0.1,0.1,0.1,0.1,0.5,0,17349,0.035275808,0.014813534,0,0,0,0,0,0,0,0,0,0,5,1.308759487
30269.54,0.516554919,0.5,6236,37,0.1132,32.9375,34.8125,37.09,0,0,0.07,0,0,20,0.5,0.101,0,0,0,0.1,0.1,0.1,0.1,0.1,0.1,0.5,0,18180,0.034873487,0.014576458,0,0,0,0,0,0,0,0,0,0,5,1.257660868
30329.59,0.520211723,0.5,6236,37,0.14465,32.875,34.8125,37.13,0,0,0.25,0,0,20,0.5,0.101,0,0,0,0.1,0.1,0.1,0.1,0.1,0.1,0.5,0,17002,0.035642866,0.015057052,0,0,0,0,0,0,0,0,0,0,5,1.215940656
30389.62,0.534012712,0.5,6236,37,0.1533,32.8125,34.8125,36.81,0,0,0.07,0,0,20,0.5,0.101,0,0,0,0.1,0.1,0.1,0.1,0.1,0.1,0.5,0,17858,0.03499832,0.014895285,0,0,0,0,0,0,0,0,0,0,5,1.233694891
30449.7,0.55431877,0.5,6236,37,0.1821,32.75,34.75,36.95,0,0,0.07,0,0,20,0.5,0.101,0,0,0,0.1,0.1,0.1,0.1,0.1,0.1,0.5,0,18099,0.035084811,0.014752196,0,0,0,0,0,0,0,0,0,0,5,1.283970967
30509.77,0.579728507,0.5,6236,37,0.1417,32.6875,34.8125,37.03,0,0.02,0.15,0,0,20,0.5,0.101,0,0,0,0.1,0.1,0.1,0.1,0.1,0.1,0.5,0,17922,0.035040732,0.014897891,0,0,0,0,0,0,0,0,0,0,0.44,1.283970967
30569.8,0.51343993,0.5,6236,37,0.429175,32.625,34.8125,36.25,0,0.02,0.15,0,0,20,0.5,0.101,0,0,0,0.1,0.1,0.1,0.1,0.1,0.1,0.5,0,16937,0.035661569,0.014819626,0,0,0,0,0,0,0,0,0,0,0.44,1.283970967
30629.85,0.454769336,0.5,6236,37,0.49271374,32.6875,34.8125,36.23,0,0.016779891,0.25,0,0,20,0.5,0.101,0,0,0,0.1,0.1,0.1,0.1,0.1,0.1,0.5,0,15498,0.036133695,0.015292296,0,0,0,0,0,0,0,0,0,0,0.44,1.283970967
30689.92,0.443066419,0.5,6236,37,0.415043632,32.6875,34.875,36.55,0,0,0.07,0,0,20,0.5,0.101,0,0,0,0.1,0.1,0.1,0.1,0.1,0.1,0.5,0,16514,0.035485043,0.015017561,0,0,0,0,0,0,0,0,0,0,5,1.283970967
30749.97,0.454065702,0.5,6236,37,0.1587,32.9375,34.8125,37.27,0,0,0.07,0,0,20,0.5,0.101,0,0,0,0.1,0.1,0.1,0.1,0.1,0.1,0.5,0,16551,0.035345296,0.014983989,0,0,0,0,0,0,0,0,0,0,5,1.283970967
30810.02,0.458709828,0.5,6236,37,0.1355,33.0625,34.8125,37.33,0,0,0.07,0,0,20,0.5,0.101,0,0,0,0.1,0.1,0.1,0.1,0.1,0.1,0.5,0,17144,0.034939337,0.014990667,0,0,0,0,0,0,0,0,0,0,5,1.283970967
30870.07,0.468946033,0.5,6236,37,0.1115,32.9375,34.875,37.29,0,0,0.07,0,0,20,0.5,0.101,0,0,0,0.1,0.1,0.1,0.1,0.1,0.1,0.5,0,16659,0.035356264,0.014766793,0,0,0,0,0,0,0,0,0,0,5,1.283970967
30930.14,0.476000332,0.5,6236,37,0.1178,33.0625,34.875,37.45,0,0,0.25,0,0,20,0.5,0.101,0,0,0,0.1,0.1,0.1,0.1,0.1,0.1,0.5,0,15583,0.036064943,0.015337226,0,0,0,0,0,0,0,0,0,0,5,1.283970967
30990.2,0.48172717,0.5,6236,37,0.1388,33.125,34.875,37.21,0,0,0.07,0,0,20,0.5,0.101,0,0,0,0.1,0.1,0.1,0.1,0.1,0.1,0.5,0,16531,0.035690521,0.015183594,0,0,0,0,0,0,0,0,0,0,5,1.283970967
31050.28,0.488543869,0.5,6236,37,0.1213,33,34.8125,37.17,0,0,0.07,0,0,20,0.5,0.101,0,0,0,0.1,0.1,0.1,0.1,0.1,0.1,0.5,0,17311,0.034948876,0.014846052,0,0,0,0,0,0,0,0,0,0,5,1.261926482
31110.32,0.504380474,0.5,6236,37,0.2068,33.0625,34.8125,37.17,0,0,0.07,0,0,20,0.5,0.101,0,0,0,0.1,0.1,0.1,0.1,0.1,0.1,0.5,0,16962,0.035373187,0.014915694,0,0,0,0,0,0,0,0,0,0,5,1.294535021
31170.4,0.526604988,0.5,6236,37,0.1729,32.9375,34.875,37.01,0,0,0.07,0,0,20,0.5,0.101,0,0,0,0.1,0.1,0.1,0.1,0.1,0.1,0.5,0,17254,0.035180248,0.014895097,0,0,0,0,0,0,0,0,0,0,5,1.359167755
31230.45,0.53340058,0.5,6236,37,0.0948,33,34.8125,37.09,0,0,0.25,0,0,20,0.5,0.101,0,0,0,0.1,0.1,0.1,0.1,0.1,0.1,0.5,0,18033,0.034658681,0.014639827,0,0,0,0,0,0,0,0,0,0,5,1.329675305
31290.5,0.539338025,0.5,6236,37,0.1294,32.875,34.8125,36.97,0,0,0,0,0,20,0.5,0.101,0,0,0,0.1,0.1,0.1,0.1,0.1,0.1,0.5,0,17720,0.035496614,0.014841986,0,0,0,0,0,0,0,0,0,0,5,1.296400967
31350.54,0.548145687,0.5,6236,37,0.1249,32.875,34.8125,36.97,0,0,0,0,0,20,0.5,0.101,0,0,0,0.1,0.1,0.1,0.1,0.1,0.1,0.5,0,18105,0.034852251,0.014802541,0,0,0,0,0,0,0,0,0,0,5,1.280176707
31410.57,0.570809489,0.5,6236,37,0.1169,32.875,34.75,36.89,0,0.02,0.15,0,0,20,0.5,0.101,0,0,0,0.1,0.1,0.1,0.1,0.1,0.1,0.5,0,18589,0.03469794,0.014793695,0,0,0,0,0,0,0,0,0,0,0.44,1.280176707
31470.61,0.506946662,0.5,6236,37,0.4729,32.625,34.75,36.17,0,0.02,0.15,0,0,20,0.5,0.101,0,0,0,0.1,0.1,0.1,0.1,0.1,0.1,0.5,0,16997,0.035300347,0.015002648,0,0,0,0,0,0,0,0,0,0,0.44,1.280176707
31530.65,0.461002498,0.5,6236,37,0.4991,32.625,34.75,36.07,0,0.016678638,0.25,0,0,20,0.5,0.101,0,0,0,0.1,0.1,0.1,0.1,0.1,0.1,0.5,0,15705,0.0362305,0.015218083,0,0,0,0,0,0,0,0,0,0,0.44,1.280176707
31590.7,0.409188237,0.5,6236,37,0.510744892,32.625,34.75,36.13,0,0,0.07,0,0,20,0.5,0.101,0,0,0,0.1,0.1,0.1,0.1,0.1,0.1,0.5,0,14844,0.036445702,0.015359741,0,0,0,0,0,0,0,0,0,0,5,1.280176707
31650.77,0.437630849,0.5,6236,37,0.2397,32.8125,34.8125,37.19,0,0,0.07,0,0,20,0.5,0.101,0,0,0,0.1,0.1,0.1,0.1,0.1,0.1,0.5,0,16279,0.035505866,0.014927207,0,0,0,0,0,0,0,0,0,0,5,1.280176707
31710.84,0.421649585,0.5,6236,37,0.1919,33,34.8125,37.35,0,0,0.07,0,0,20,0.5,0.101,0,0,0,0.1,0.1,0.1,0.1,0.1,0.1,0.5,0,16220,0.035635018,0.015043157,0,0,0,0,0,0,0,0,0,0,5,1.280176707
31770.92,0.431233755,0.5,6236,37,0.1549,32.875,34.8125,37.33,0,0,0.07,0,0,20,0.5,0.101,0,0,0,0.1,0.1,0.1,0.1,0.1,0.1,0.5,0,17336,0.034552377,0.014824642,0,0,0,0,0,0,0,0,0,0,5,1.280176707
31831.03,0.446682383,0.5,6236,37,0.1058,33,34.8125,37.35,0,0,0.25,0,0,20,0.5,0.101,0,0,0,0.1,0.1,0.1,0.1,0.1,0.1,0.5,0,16029,0.035747707,0.015035249,0,0,0,0,0,0,0,0,0,0,5,1.280176707
31891.08,0.448916894,0.5,6236,37,0.1135,32.9375,34.875,37.41,0,0,0.07,0,0,20,0.5,0.101,0,0,0,0.1,0.1,0.1,0.1,0.1,0.1,0.5,0,16456,0.035427807,0.015070491,0,0,0,0,0,0,0,0,0,0,5,1.280176707
31951.14,0.458858867,0.5,6236,37,0.1127,33.125,34.8125,37.25,0,0,0.07,0,0,20,0.5,0.101,0,0,0,0.1,0.1,0.1,0.1,0.1,0.1,0.5,0,16112,0.035873883,0.015143992,0,0,0,0,0,0,0,0,0,0,5,1.281882586
32011.19,0.474967128,0.5,6236,37,0.1016,33.0625,34.8125,37.33,0,0,0.07,0,0,20,0.5,0.101,0,0,0,0.1,0.1,0.1,0.1,0.1,0.1,0.5,0,17698,0.034749689,0.014747429,0,0,0,0,0,0,0,0,0,0,5,1.321297195
32071.23,0.498020351,0.5,6236,37,0.1789,33,34.875,37.11,0,0,0.07,0,0,20,0.5,0.101,0,0,0,0.1,0.1,0.1,0.1,0.1,0.1,0.5,0,16319,0.035847785,0.01519701,0,0,0,0,0,0,0,0,0,0,5,1.39741837
32131.28,0.478825775,0.5,6236,37,0.1014,32.9375,34.8125,37.11,0,0,0.25,0,0,20,0.5,0.101,0,0,0,0.1,0.1,0.1,0.1,0.1,0.1,0.5,0,17528,0.035257873,0.014833409,0,0,0,0,0,0,0,0,0,0,5,1.209635036
32191.32,0.495095269,0.5,6236,37,0.1393,32.9375,34.8125,37.09,0,0,0,0,0,20,0.5,0.101,0,0,0,0.1,0.1,0.1,0.1,0.1,0.1,0.5,0,17867,0.034924722,0.014775844,0,0,0,0,0,0,0,0,0,0,5,1.249393492
32251.38,0.512896392,0.5,6236,37,0.1654,32.875,34.8125,37.17,0,0,0,0,0,20,0.5,0.101,0,0,0,0.1,0.1,0.1,0.1,0.1,0.1,0.5,0,16791,0.035614317,0.015067596,0,0,0,0,0,0,0,0,0,0,5,1.292894777
32311.45,0.533003771,0.5,6236,37,0.1279,32.9375,34.8125,37.17,0,0,0,0,0,20,0.5,0.101,0,0,0,0.1,0.1,0.1,0.1,0.1,0.1,0.5,0,17215,0.035318037,0.014812663,0,0,0,0,0,0,0,0,0,0,5,1.343613957
32371.49,0.526330263,0.5,6236,37,0.1364,32.8125,34.8125,37.05,0,0,0,0,0,20,0.5,0.101,0,0,0,0.1,0.1,0.1,0.1,0.1,0.1,0.5,0,17443,0.035601674,0.015020352,0,0,0,0,0,0,0,0,0,0,5,1.238634439
32431.54,0.546162918,0.5,6236,37,0.156,32.875,34.8125,36.95,0,0,0,0,0,20,0.5,0.101,0,0,0,0.1,0.1,0.1,0.1,0.1,0.1,0.5,0,17564,0.035356411,0.01497381,0,0,0,0,0,0,0,0,0,0,5,1.287667989
32491.58,0.558199259,0.5,6236,37,0.1489,32.75,34.75,37.01,0,0.02,0.15,0,0,20,0.5,0.101,0,0,0,0.1,0.1,0.1,0.1,0.1,0.1,0.5,0,18423,0.034576345,0.014547034,0,0,0,0,0,0,0,0,0,0,0.44,1.287667989
32551.64,0.504964852,0.5,6236,37,0.473,32.6875,34.8125,36.23,0,0.02,0.15,0,0,20,0.5,0.101,0,0,0,0.1,0.1,0.1,0.1,0.1,0.1,0.5,0,17039,0.035741534,0.015024356,0,0,0,0,0,0,0,0,0,0,0.44,1.287667989
32611.72,0.445648628,0.5,6236,37,0.520975,32.625,34.75,36.05,0,0.001449496,0.075797985,0,0,20,0.5,0.101,0,0,0,0.1,0.1,0.1,0.1,0.1,0.1,0.5,0,15589,0.036243505,0.015331323,0,0,0,0,0,0,0,0,0,0,0.44,1.287667989
32671.79,0.439419097,0.5,6236,37,0.271354805,32.75,34.75,36.77,0,0,0.07,0,0,20,0.5,0.101,0,0,0,0.1,0.1,0.1,0.1,0.1,0.1,0.5,0,16530,0.035208711,0.014882033,0,0,0,0,0,0,0,0,0,0,5,1.287667989
32731.85,0.456689977,0.5,6236,37,0.1608,32.75,34.75,37.21,0,0,0.25,0,0,20,0.5,0.101,0,0,0,0.1,0.1,0.1,0.1,0.1,0.1,0.5,0,15971,0.035940142,0.01490201,0,0,0,0,0,0,0,0,0,0,5,1.287667989
32791.91,0.458432677,0.5,6236,37,0.1698,32.875,34.75,37.29,0,0,0.07,0,0,20,0.5,0.101,0,0,0,0.1,0.1,0.1,0.1,0.1,0.1,0.5,0,16842,0.035447097,0.014962594,0,0,0,0,0,0,0,0,0,0,5,1.287667989
32851.98,0.476273732,0.5,6236,37,0.1417,32.875,34.8125,37.13,0,0,0.07,0,0,20,0.5,0.101,0,0,0,0.1,0.1,0.1,0.1,0.1,0.1,0.5,0,16550,0.035649547,0.014864048,0,0,0,0,0,0,0,0,0,0,5,1.287667989
32912.06,0.482128924,0.5,6236,37,0.1012,32.875,34.8125,37.21,0,0,0.07,0,0,20,0.5,0.101,0,0,0,0.1,0.1,0.1,0.1,0.1,0.1,0.5,0,16891,0.035403469,0.014859985,0,0,0,0,0,0,0,0,0,0,5,1.287667989
32972.13,0.485048858,0.5,6236,37,0.1452,32.875,34.8125,37.09,0,0,0.07,0,0,20,0.5,0.101,0,0,0,0.1,0.1,0.1,0.1,0.1,0.1,0.5,0,17106,0.035016953,0.01490705,0,0,0,0,0,0,0,0,0,0,5,1.287667989
33032.2,0.505852262,0.5,6236,37,0.1854,32.875,34.8125,37.17,0,0,0.25,0,0,20,0.5,0.101,0,0,0,0.1,0.1,0.1,0.1,0.1,0.1,0.5,0,16293,0.035782238,0.015098509,0,0,0,0,0,0,0,0,0,0,5,1.349269683
33092.24,0.51556671,0.5,6236,37,0.1132,32.8125,34.875,37.01,0,0,0.07,0,0,20,0.5,0.101,0,0,0,0.1,0.1,0.1,0.1,0.1,0.1,0.5,0,18268,0.03514342,0.014725203,0,0,0,0,0,0,0,0,0,0,5,1.338872346
33152.31,0.518665805,0.5,6236,37,0.1045,32.875,34.875,37.05,0,0,0.07,0,0,20,0.5,0.101,0,0,0,0.1,0.1,0.1,0.1,0.1,0.1,0.5,0,17525,0.035378031,0.01489301,0,0,0,0,0,0,0,0,0,0,5,1.289907881
33212.35,0.531931904,0.5,6236,37,0.1212,32.8125,34.875,37.03,0,0,0.07,0,0,20,0.5,0.101,0,0,0,0.1,0.1,0.1,0.1,0.1,0.1,0.5,0,17474,0.035366831,0.014993705,0,0,0,0,0,0,0,0,0,0,5,1.301179664
33272.43,0.545916099,0.5,6236,37,0.1441,32.8125,34.8125,36.95,0,0,0,0,0,20,0.5,0.101,0,0,0,0.1,0.1,0.1,0.1,0.1,0.1,0.5,0,17647,0.035360118,0.015016717,0,0,0,0,0,0,0,0,0,0,5,1.313970136
33332.5,0.548939136,0.5,6236,37,0.1049,32.8125,34.875,37.13,0,0.02,0.25,0,0,20,0.5,0.101,0,0,0,0.1,0.1,0.1,0.1,0.1,0.1,0.5,0,18053,0.034952639,0.014789786,0,0,0,0,0,0,0,0,0,0,0.44,1.313970136
33392.55,0.499587383,0.5,6236,37,0.46815,32.6875,34.875,36.13,0,0.02,0.15,0,0,20,0.5,0.101,0,0,0,0.1,0.1,0.1,0.1,0.1,0.1,0.5,0,16655,0.03578505,0.015010507,0,0,0,0,0,0,0,0,0,0,0.44,1.313970136
33452.6,0.462871638,0.5,6236,37,0.47045,32.6875,34.9375,36.07,0,0.02,0.15,0,0,20,0.5,0.101,0,0,0,0.1,0.1,0.1,0.1,0.1,0.1,0.5,0,16416,0.035696881,0.01498538,0,0,0,0,0,0,0,0,0,0,0.44,1.313970136
33512.67,0.404920236,0.5,6236,37,0.511725,32.6875,34.875,36.15,0,0,0.07,0,0,20,0.5,0.101,0,0,0,0.1,0.1,0.1,0.1,0.1,0.1,0.5,0,15631,0.035826243,0.015162178,0,0,0,0,0,0,0,0,0,0,5,1.313970136
33572.75,0.430373872,0.5,6236,37,0.2529,32.875,34.875,37.11,0,0,0.07,0,0,20,0.5,0.101,0,0,0,0.1,0.1,0.1,0.1,0.1,0.1,0.5,0,15643,0.03579876,0.015214473,0,0,0,0,0,0,0,0,0,0,5,1.313970136
33632.81,0.423035244,0.5,6236,37,0.188,33.0625,34.8125,37.37,0,0,0.25,0,0,20,0.5,0.101,0,0,0,0.1,0.1,0.1,0.1,0.1,0.1,0.5,0,15362,0.036323395,0.015167296,0,0,0,0,0,0,0,0,0,0,5,1.313970136
33692.87,0.437604575,0.5,6236,37,0.1236,33.0625,34.75,37.45,0,0,0.07,0,0,20,0.5,0.101,0,0,0,0.1,0.1,0.1,0.1,0.1,0.1,0.5,0,15872,0.035912298,0.015057964,0,0,0,0,0,0,0,0,0,0,5,1.313970136
33752.91,0.43792383,0.5,6236,37,0.1404,33,34.75,37.27,0,0,0.07,0,0,20,0.5,0.101,0,0,0,0.1,0.1,0.1,0.1,0.1,0.1,0.5,0,16500,0.035575758,0.014969697,0,0,0,0,0,0,0,0,0,0,5,1.313970136
33812.96,0.466898367,0.5,6236,37,0.0981,33.0625,34.8125,37.33,0,0,0.07,0,0,20,0.5,0.101,0,0,0,0.1,0.1,0.1,0.1,0.1,0.1,0.5,0,16506,0.035381074,0.015024839,0,0,0,0,0,0,0,0,0,0,5,1.313970136
33873.02,0.463804623,0.5,6236,37,0.1191,33,34.8125,37.33,0,0,0.07,0,0,20,0.5,0.101,0,0,0,0.1,0.1,0.1,0.1,0.1,0.1,0.5,0,16148,0.035608125,0.01511023,0,0,0,0,0,0,0,0,0,0,5,1.228326993
33933.08,0.470887103,0.5,6236,37,0.1693,33,34.75,37.21,0,0,0.25,0,0,20,0.5,0.101,0,0,0,0.1,0.1,0.1,0.1,0.1,0.1,0.5,0,16618,0.035503671,0.014983753,0,0,0,0,0,0,0,0,0,0,5,1.212375575
33993.16,0.470167069,0.5,6236,37,0.1486,32.875,34.75,37.13,0,0,0.07,0,0,20,0.5,0.101,0,0,0,0.1,0.1,0.1,0.1,0.1,0.1,0.5,0,16878,0.035786231,0.015049176,0,0,0,0,0,0,0,0,0,0,5,1.147165981
34053.23,0.513933432,0.5,6236,37,0.1441,32.875,34.8125,37.19,0,0,0.07,0,0,20,0.5,0.101,0,0,0,0.1,0.1,0.1,0.1,0.1,0.1,0.5,0,17101,0.035378048,0.014969885,0,0,0,0,0,0,0,0,0,0,5,1.356824628
34113.28,0.502881384,0.5,6236,37,0.1761,32.8125,34.8125,37.37,0,0,0,0,0,20,0.5,0.101,0,0,0,0.1,0.1,0.1,0.1,0.1,0.1,0.5,0,17544,0.035111719,0.014762882,0,0,0,0,0,0,0,0,0,0,5,1.223765133
34173.32,0.514186963,0.5,6236,37,0.1092,32.875,34.875,37.17,0,0,0,0,0,20,0.5,0.101,0,0,0,0.1,0.1,0.1,0.1,0.1,0.1,0.5,0,16862,0.035701578,0.014944846,0,0,0,0,0,0,0,0,0,0,5,1.229274725
34233.39,0.528906303,0.5,6236,37,0.1244,32.9375,34.875,37.05,0,0,0,0,0,20,0.5,0.101,0,0,0,0.1,0.1,0.1,0.1,0.1,0.1,0.5,0,18540,0.034789644,0.014778857,0,0,0,0,0,0,0,0,0,0,5,1.252484053
34293.42,0.559770611,0.5,6236,37,0.1408,32.875,34.8125,37.03,0,0,0,0,0,20,0.5,0.101,0,0,0,0.1,0.1,0.1,0.1,0.1,0.1,0.5,0,17365,0.035243305,0.014972646,0,0,0,0,0,0,0,0,0,0,5,1.360007194
34353.48,0.554549793,0.5,6236,37,0.1428,32.875,34.875,36.95,0,0.02,0.15,0,0,20,0.5,0.101,0,0,0,0.1,0.1,0.1,0.1,0.1,0.1,0.5,0,18668,0.034283265,0.014677523,0,0,0,0,0,0,0,0,0,0,0.44,1.360007194
34413.54,0.49649163,0.5,6236,37,0.43845,32.75,34.8125,36.13,0,0.019059051,0.146236202,0,0,20,0.5,0.101,0,0,0,0.1,0.1,0.1,0.1,0.1,0.1,0.5,0,16847,0.035436576,0.014958153,0,0,0,0,0,0,0,0,0,0,0.44,1.360007194
34473.61,0.444486013,0.5,6236,37,0.53870508,32.6875,34.875,36.05,0,0,0.07,0,0,20,0.5,0.101,0,0,0,0.1,0.1,0.1,0.1,0.1,0.1,0.5,0,15830,0.035881238,0.015097915,0,0,0,0,0,0,0,0,0,0,5,1.360007194
34533.66,0.445161101,0.5,6236,37,0.2277,32.75,34.8125,36.79,0,0,0.25,0,0,20,0.5,0.101,0,0,0,0.1,0.1,0.1,0.1,0.1,0.1,0.5,0,16158,0.035647976,0.01503899,0,0,0,0,0,0,0,0,0,0,5,1.360007194
34593.71,0.457639379,0.5,6236,37,0.1982,32.9375,34.8125,37.19,0,0,0.07,0,0,20,0.5,0.101,0,0,0,0.1,0.1,0.1,0.1,0.1,0.1,0.5,0,17371,0.0352887,0.014909907,0,0,0,0,0,0,0,0,0,0,5,1.360007194
34653.76,0.467825654,0.5,6236,37,0.1324,32.9375,34.8125,37.29,0,0,0.07,0,0,20,0.5,0.101,0,0,0,0.1,0.1,0.1,0.1,0.1,0.1,0.5,0,16109,0.036190949,0.015208889,0,0,0,0,0,0,0,0,0,0,5,1.360007194
34713.8,0.476842249,0.5,6236,37,0.1099,33.0625,34.75,37.27,0,0,0.07,0,0,20,0.5,0.101,0,0,0,0.1,0.1,0.1,0.1,0.1,0.1,0.5,0,16593,0.035677695,0.015006328,0,0,0,0,0,0,0,0,0,0,5,1.360007194
34773.84,0.495086461,0.5,6236,37,0.0882,33.0625,34.75,37.25,0,0,0.07,0,0,20,0.5,0.101,0,0,0,0.1,0.1,0.1,0.1,0.1,0.1,0.5,0,17277,0.035191295,0.014875268,0,0,0,0,0,0,0,0,0,0,5,1.360007194
34833.92,0.488657512,0.5,6236,37,0.1251,32.9375,34.75,37.01,0,0,0.25,0,0,20,0.5,0.101,0,0,0,0.1,0.1,0.1,0.1,0.1,0.1,0.5,0,16894,0.035397182,0.015094116,0,0,0,0,0,0,0,0,0,0,5,1.252795162
34893.97,0.504891095,0.5,6236,37,0.1574,32.875,34.75,37.25,0,0,0.07,0,0,20,0.5,0.101,0,0,0,0.1,0.1,0.1,0.1,0.1,0.1,0.5,0,17284,0.035234899,0.0149271,0,0,0,0,0,0,0,0,0,0,5,1.288198085
34954.04,0.511189791,0.5,6236,37,0.1514,32.9375,34.6875,37.09,0,0,0.07,0,0,20,0.5,0.101,0,0,0,0.1,0.1,0.1,0.1,0.1,0.1,0.5,0,17857,0.034720278,0.014728118,0,0,0,0,0,0,0,0,0,0,5,1.26098272
35014.12,0.538574652,0.5,6236,37,0.1469,32.75,34.6875,36.97,0,0,0.07,0,0,20,0.5,0.101,0,0,0,0.1,0.1,0.1,0.1,0.1,0.1,0.5,0,16796,0.035722791,0.015182186,0,0,0,0,0,0,0,0,0,0,5,1.354489138
35074.19,0.550841363,0.5,6236,37,0.1209,32.75,34.6875,37.05,0,0,0,0,0,20,0.5,0.101,0,0,0,0.1,0.1,0.1,0.1,0.1,0.1,0.5,0,17080,0.03559719,0.015046838,0,0,0,0,0,0,0,0,0,0,5,1.35432691
35134.27,0.55662198,0.5,6236,37,0.1594,32.6875,34.6875,37.05,0,0.02,0.25,0,0,20,0.5,0.101,0,0,0,0.1,0.1,0.1,0.1,0.1,0.1,0.5,0,17797,0.034837332,0.015002529,0,0,0,0,0,0,0,0,0,0,0.44,1.35432691
35194.31,0.484647829,0.5,6236,37,0.466125,32.6875,34.6875,36.21,0,0.017738956,0.140955824,0,0,20,0.5,0.101,0,0,0,0.1,0.1,0.1,0.1,0.1,0.1,0.5,0,16814,0.035327703,0.01498751,0,0,0,0,0,0,0,0,0,0,0.44,1.35432691
35254.36,0.452837701,0.5,6236,37,0.491005849,32.5625,34.6875,36.15,0,0,0.07,0,0,20,0.5,0.101,0,0,0,0.1,0.1,0.1,0.1,0.1,0.1,0.5,0,16182,0.035656903,0.015202076,0,0,0,0,0,0,0,0,0,0,5,1.35432691
35314.43,0.442745277,0.5,6236,37,0.2701,32.5625,34.75,37.03,0,0,0.07,0,0,20,0.5,0.101,0,0,0,0.1,0.1,0.1,0.1,0.1,0.1,0.5,0,16895,0.035099142,0.014856466,0,0,0,0,0,0,0,0,0,0,5,1.35432691
35374.51,0.460678186,0.5,6236,37,0.1473,32.75,34.75,37.35,0,0,0.07,0,0,20,0.5,0.101,0,0,0,0.1,0.1,0.1,0.1,0.1,0.1,0.5,0,15322,0.036483488,0.015337423,0,0,0,0,0,0,0,0,0,0,5,1.35432691
35434.57,0.470321361,0.5,6236,37,0.115,33,34.75,37.25,0,0,0.25,0,0,20,0.5,0.101,0,0,0,0.1,0.1,0.1,0.1,0.1,0.1,0.5,0,16647,0.035802247,0.014897579,0,0,0,0,0,0,0,0,0,0,5,1.35432691
35494.63,0.502435918,0.5,6236,37,0.1422,32.9375,34.75,37.01,0,0,0.07,0,0,20,0.5,0.101,0,0,0,0.1,0.1,0.1,0.1,0.1,0.1,0.5,0,16377,0.035598706,0.01520425,0,0,0,0,0,0,0,0,0,0,5,1.35432691
35554.66,0.498104074,0.5,6236,37,0.1391,32.75,34.75,37.13,0,0,0.07,0,0,20,0.5,0.101,0,0,0,0.1,0.1,0.1,0.1,0.1,0.1,0.5,0,17621,0.034788037,0.014698371,0,0,0,0,0,0,0,0,0,0,5,1.35432691
35614.72,0.497073846,0.5,6236,37,0.1346,32.875,34.75,37.19,0,0,0.07,0,0,20,0.5,0.101,0,0,0,0.1,0.1,0.1,0.1,0.1,0.1,0.5,0,17467,0.034980248,0.014827961,0,0,0,0,0,0,0,0,0,0,5,1.280399245
35674.77,0.528686309,0.5,6236,37,0.143,32.9375,34.8125,37.13,0,0,0.07,0,0,20,0.5,0.101,0,0,0,0.1,0.1,0.1,0.1,0.1,0.1,0.5,0,16420,0.035992692,0.015042631,0,0,0,0,0,0,0,0,0,0,5,1.401349286
35734.81,0.529674807,0.5,6236,37,0.1414,32.875,34.75,37.19,0,0,0.25,0,0,20,0.5,0.101,0,0,0,0.1,0.1,0.1,0.1,0.1,0.1,0.5,0,17061,0.035343766,0.014887756,0,0,0,0,0,0,0,0,0,0,5,1.336885763
35794.86,0.552394177,0.5,6236,37,0.1319,32.8125,34.8125,37.11,0,0,0.07,0,0,20,0.5,0.101,0,0,0,0.1,0.1,0.1,0.1,0.1,0.1,0.5,0,18768,0.034367008,0.0146526,0,0,0,0,0,0,0,0,0,0,5,1.396037372
35854.92,0.542735529,0.5,6236,37,0.1221,32.8125,34.8125,37.17,0,0.02,0.15,0,0,20,0.5,0.101,0,0,0,0.1,0.1,0.1,0.1,0.1,0.1,0.5,0,18419,0.034909604,0.014658776,0,0,0,0,0,0,0,0,0,0,0.44,1.396037372
35914.98,0.488059045,0.5,6236,37,0.462575,32.75,34.8125,36.17,0,0.016795033,0.137180132,0,0,20,0.5,0.101,0,0,0,0.1,0.1,0.1,0.1,0.1,0.1,0.5,0,17547,0.035390665,0.014988317,0,0,0,0,0,0,0,0,0,0,0.44,1.396037372
35975.02,0.432874782,0.5,6236,37,0.482717398,32.8125,34.875,36.13,0,0,0.07,0,0,20,0.5,0.101,0,0,0,0.1,0.1,0.1,0.1,0.1,0.1,0.5,0,15748,0.036131572,0.01517653,0,0,0,0,0,0,0,0,0,0,5,1.396037372
36035.07,0.45300668,0.5,6236,37,0.2271,32.9375,34.8125,37.01,0,0,0.25,0,0,20,0.5,0.101,0,0,0,0.1,0.1,0.1,0.1,0.1,0.1,0.5,0,15816,0.036039454,0.015048053,0,0,0,0,0,0,0,0,0,0,5,1.396037372
36095.12,0.466055722,0.5,6236,37,0.1787,32.875,34.875,37.27,0,0,0.07,0,0,20,0.5,0.101,0,0,0,0.1,0.1,0.1,0.1,0.1,0.1,0.5,0,16938,0.035541386,0.014936828,0,0,0,0,0,0,0,0,0,0,5,1.396037372
36155.16,0.484477308,0.5,6236,37,0.1296,33,34.875,37.37,0,0,0.07,0,0,20,0.5,0.101,0,0,0,0.1,0.1,0.1,0.1,0.1,0.1,0.5,0,16351,0.035532995,0.01510611,0,0,0,0,0,0,0,0,0,0,5,1.396037372
36215.27,0.481414386,0.5,6236,37,0.1627,32.9375,34.875,37.11,0,0,0.07,0,0,20,0.5,0.101,0,0,0,0.1,0.1,0.1,0.1,0.1,0.1,0.5,0,16773,0.035414058,0.015083766,0,0,0,0,0,0,0,0,0,0,5,1.396037372
36275.34,0.487373862,0.5,6236,37,0.1158,33,34.875,37.33,0,0,0.07,0,0,20,0.5,0.101,0,0,0,0.1,0.1,0.1,0.1,0.1,0.1,0.5,0,16806,0.035404022,0.01511365,0,0,0,0,0,0,0,0,0,0,5,1.396037372
36335.41,0.522170253,0.5,6236,37,0.143,32.9375,34.875,37.11,0,0,0.25,0,0,20,0.5,0.101,0,0,0,0.1,0.1,0.1,0.1,0.1,0.1,0.5,0,15944,0.035812845,0.015052684,0,0,0,0,0,0,0,0,0,0,5,1.533122036
36395.48,0.518795269,0.5,6236,37,0.1594,32.875,34.8125,37.03,0,0,0.07,0,0,20,0.5,0.101,0,0,0,0.1,0.1,0.1,0.1,0.1,0.1,0.5,0,18635,0.034665951,0.014703515,0,0,0,0,0,0,0,0,0,0,5,1.437012865
36455.54,0.520148151,0.5,6236,37,0.1101,32.8125,34.8125,37.17,0,0,0.07,0,0,20,0.5,0.101,0,0,0,0.1,0.1,0.1,0.1,0.1,0.1,0.5,0,17234,0.035511199,0.015202507,0,0,0,0,0,0,0,0,0,0,5,1.372975249
36515.59,0.541567955,0.5,6236,37,0.188,32.8125,34.75,37.05,0,0,0.07,0,0,20,0.5,0.101,0,0,0,0.1,0.1,0.1,0.1,0.1,0.1,0.5,0,17861,0.035104417,0.015004759,0,0,0,0,0,0,0,0,0,0,5,1.425391119
36575.63,0.571046954,0.5,6236,37,0.1462,32.8125,34.75,37.13,0,0.02,0.15,0,0,20,0.5,0.101,0,0,0,0.1,0.1,0.1,0.1,0.1,0.1,0.5,0,17263,0.035451544,0.015119041,0,0,0,0,0,0,0,0,0,0,0.44,1.425391119
36635.68,0.498679608,0.5,6236,37,0.4831,32.8125,34.8125,36.29,0,0.02,0.25,0,0,20,0.5,0.101,0,0,0,0.1,0.1,0.1,0.1,0.1,0.1,0.5,0,16667,0.03599928,0.015119698,0,0,0,0,0,0,0,0,0,0,0.44,1.425391119
36695.73,0.426165668,0.5,6236,37,0.480375,32.6875,34.8125,36.21,0,0,0.07,0,0,20,0.5,0.101,0,0,0,0.1,0.1,0.1,0.1,0.1,0.1,0.5,0,16352,0.035958904,0.015227495,0,0,0,0,0,0,0,0,0,0,5,1.425391119
36755.8,0.44034286,0.5,6236,37,0.209,32.75,34.8125,37.13,0,0,0.07,0,0,20,0.5,0.101,0,0,0,0.1,0.1,0.1,0.1,0.1,0.1,0.5,0,15678,0.036229111,0.015244291,0,0,0,0,0,0,0,0,0,0,5,1.425391119
36815.87,0.460994132,0.5,6236,37,0.1627,32.875,34.8125,37.19,0,0,0.07,0,0,20,0.5,0.101,0,0,0,0.1,0.1,0.1,0.1,0.1,0.1,0.5,0,16101,0.035774176,0.014968014,0,0,0,0,0,0,0,0,0,0,5,1.425391119
36875.91,0.467345103,0.5,6236,37,0.136,32.9375,34.8125,37.45,0,0,0.07,0,0,20,0.5,0.101,0,0,0,0.1,0.1,0.1,0.1,0.1,0.1,0.5,0,17120,0.035163551,0.014778037,0,0,0,0,0,0,0,0,0,0,5,1.425391119
36935.96,0.500891081,0.5,6236,37,0.1611,32.9375,34.8125,37.41,0,0,0.25,0,0,20,0.5,0.101,0,0,0,0.1,0.1,0.1,0.1,0.1,0.1,0.5,0,16307,0.035506224,0.015085546,0,0,0,0,0,0,0,0,0,0,5,1.425391119
36995.98,0.491173345,0.5,6236,37,0.1421,32.9375,34.8125,37.45,0,0,0.07,0,0,20,0.5,0.101,0,0,0,0.1,0.1,0.1,0.1,0.1,0.1,0.5,0,17092,0.03533817,0.014802247,0,0,0,0,0,0,0,0,0,0,5,1.425391119
37056.06,0.50990575,0.5,6236,37,0.1899,32.9375,34.8125,37.21,0,0,0.07,0,0,20,0.5,0.101,0,0,0,0.1,0.1,0.1,0.1,0.1,0.1,0.5,0,16173,0.036171397,0.015272368,0,0,0,0,0,0,0,0,0,0,5,1.466407943
37116.13,0.518287356,0.5,6236,37,0.1268,32.9375,34.8125,37.27,0,0,0.07,0,0,20,0.5,0.101,0,0,0,0.1,0.1,0.1,0.1,0.1,0.1,0.5,0,18432,0.034559462,0.014756944,0,0,0,0,0,0,0,0,0,0,5,1.441999325
37176.21,0.520280883,0.5,6236,37,0.1511,32.875,34.875,37.25,0,0,0.07,0,0,20,0.5,0.101,0,0,0,0.1,0.1,0.1,0.1,0.1,0.1,0.5,0,17014,0.035265076,0.014987657,0,0,0,0,0,0,0,0,0,0,5,1.381416344
37236.28,0.519252969,0.5,6236,37,0.1475,32.875,34.8125,37.29,0,0,0.25,0,0,20,0.5,0.101,0,0,0,0.1,0.1,0.1,0.1,0.1,0.1,0.5,0,17634,0.034989225,0.014687535,0,0,0,0,0,0,0,0,0,0,5,1.306412589
37296.33,0.532893562,0.5,6236,37,0.143,32.875,34.8125,37.13,0,0,0,0,0,20,0.5,0.101,0,0,0,0.1,0.1,0.1,0.1,0.1,0.1,0.5,0,18807,0.034295741,0.01478173,0,0,0,0,0,0,0,0,0,0,5,1.318883546
37356.41,0.560273483,0.5,6236,37,0.1644,32.875,34.8125,37.09,0,0,0,0,0,20,0.5,0.101,0,0,0,0.1,0.1,0.1,0.1,0.1,0.1,0.5,0,17203,0.035807708,0.015171772,0,0,0,0,0,0,0,0,0,0,5,1.403249325
37416.45,0.563896732,0.5,6236,37,0.1408,32.8125,34.8125,37.19,0,0.02,0.15,0,0,20,0.5,0.101,0,0,0,0.1,0.1,0.1,0.1,0.1,0.1,0.5,0,17847,0.035412114,0.014960498,0,0,0,0,0,0,0,0,0,0,0.44,1.403249325
37476.5,0.509818206,0.5,6236,37,0.473375,32.75,34.8125,36.05,0,0.02,0.15,0,0,20,0.5,0.101,0,0,0,0.1,0.1,0.1,0.1,0.1,0.1,0.5,0,17038,0.035626247,0.014966545,0,0,0,0,0,0,0,0,0,0,0.44,1.403249325
37536.54,0.464141074,0.5,6236,37,0.539875,32.6875,34.75,35.97,0,0.016442478,0.25,0,0,20,0.5,0.101,0,0,0,0.1,0.1,0.1,0.1,0.1,0.1,0.5,0,17068,0.035094914,0.014647293,0,0,0,0,0,0,0,0,0,0,0.44,1.403249325
37596.58,0.405566715,0.5,6236,37,0.539426548,32.75,34.6875,36.39,0,0,0.07,0,0,20,0.5,0.101,0,0,0,0.1,0.1,0.1,0.1,0.1,0.1,0.5,0,14624,0.03672046,0.015522429,0,0,0,0,0,0,0,0,0,0,5,1.403249325
37656.63,0.420090708,0.5,6236,37,0.2177,32.8125,34.75,37.33,0,0,0.07,0,0,20,0.5,0.101,0,0,0,0.1,0.1,0.1,0.1,0.1,0.1,0.5,0,15509,0.03591463,0.015216971,0,0,0,0,0,0,0,0,0,0,5,1.403249325
37716.67,0.427830024,0.5,6236,37,0.1245,32.9375,34.75,37.41,0,0,0.07,0,0,20,0.5,0.101,0,0,0,0.1,0.1,0.1,0.1,0.1,0.1,0.5,0,15733,0.035911778,0.015063878,0,0,0,0,0,0,0,0,0,0,5,1.403249325
37776.72,0.433232943,0.5,6236,37,0.1448,33.0625,34.75,37.29,0,0,0.07,0,0,20,0.5,0.101,0,0,0,0.1,0.1,0.1,0.1,0.1,0.1,0.5,0,15544,0.03615543,0.014989707,0,0,0,0,0,0,0,0,0,0,5,1.403249325
37836.78,0.440334217,0.5,6236,37,0.0854,33,34.75,37.25,0,0,0.25,0,0,20,0.5,0.101,0,0,0,0.1,0.1,0.1,0.1,0.1,0.1,0.5,0,15848,0.035840485,0.015143867,0,0,0,0,0,0,0,0,0,0,5,1.403249325
37896.82,0.457174056,0.5,6236,37,0.1705,32.9375,34.75,37.21,0,0,0.07,0,0,20,0.5,0.101,0,0,0,0.1,0.1,0.1,0.1,0.1,0.1,0.5,0,16119,0.035982381,0.015137415,0,0,0,0,0,0,0,0,0,0,5,1.403249325
37956.89,0.489935089,0.5,6236,37,0.1827,32.9375,34.75,37.19,0,0,0.07,0,0,20,0.5,0.101,0,0,0,0.1,0.1,0.1,0.1,0.1,0.1,0.5,0,15809,0.035865646,0.014991461,0,0,0,0,0,0,0,0,0,0,5,1.540713037
38016.97,0.469494389,0.5,6236,37,0.1376,32.875,34.8125,37.11,0,0,0.07,0,0,20,0.5,0.101,0,0,0,0.1,0.1,0.1,0.1,0.1,0.1,0.5,0,15953,0.036294114,0.015294929,0,0,0,0,0,0,0,0,0,0,5,1.335827696
38077.01,0.473261523,0.5,6236,37,0.146,32.8125,34.75,37.11,0,0,0.07,0,0,20,0.5,0.101,0,0,0,0.1,0.1,0.1,0.1,0.1,0.1,0.5,0,16800,0.035416667,0.015,0,0,0,0,0,0,0,0,0,0,5,1.293011684
38137.06,0.504097511,0.5,6236,37,0.135,32.8125,34.8125,37.25,0,0,0.25,0,0,20,0.5,0.101,0,0,0,0.1,0.1,0.1,0.1,0.1,0.1,0.5,0,16157,0.035897753,0.015163706,0,0,0,0,0,0,0,0,0,0,5,1.417725855
38197.12,0.495551458,0.5,6236,37,0.0963,32.8125,34.8125,37.09,0,0,0,0,0,20,0.5,0.101,0,0,0,0.1,0.1,0.1,0.1,0.1,0.1,0.5,0,16613,0.035935713,0.014867875,0,0,0,0,0,0,0,0,0,0,5,1.295543987
38257.19,0.503903294,0.5,6236,37,0.1639,32.8125,34.875,37.27,0,0,0,0,0,20,0.5,0.101,0,0,0,0.1,0.1,0.1,0.1,0.1,0.1,0.5,0,17049,0.035427298,0.014898235,0,0,0,0,0,0,0,0,0,0,5,1.280906309
38317.24,0.52785214,0.5,6236,37,0.1656,32.8125,34.8125,37.03,0,0,0,0,0,20,0.5,0.101,0,0,0,0.1,0.1,0.1,0.1,0.1,0.1,0.5,0,17043,0.035615795,0.01513818,0,0,0,0,0,0,0,0,0,0,5,1.356156492
38377.34,0.549512001,0.5,6236,37,0.1838,32.8125,34.875,37.09,0,0,0,0,0,20,0.5,0.101,0,0,0,0.1,0.1,0.1,0.1,0.1,0.1,0.5,0,16949,0.035459319,0.014927134,0,0,0,0,0,0,0,0,0,0,5,1.408991888
38437.4,0.550275788,0.5,6236,37,0.1169,32.8125,34.875,37.03,0,0.02,0.25,0,0,20,0.5,0.101,0,0,0,0.1,0.1,0.1,0.1,0.1,0.1,0.5,0,17346,0.03539721,0.015046697,0,0,0,0,0,0,0,0,0,0,0.44,1.408991888
38497.47,0.498118179,0.5,6236,37,0.46515,32.8125,34.875,36.17,0,0.018838518,0.14535407,0,0,20,0.5,0.101,0,0,0,0.1,0.1,0.1,0.1,0.1,0.1,0.5,0,17281,0.03535675,0.014929692,0,0,0,0,0,0,0,0,0,0,0.44,1.408991888
38557.53,0.453048913,0.5,6236,37,0.531954294,32.625,34.875,35.91,0,0,0.07,0,0,20,0.5,0.101,0,0,0,0.1,0.1,0.1,0.1,0.1,0.1,0.5,0,16274,0.035332432,0.014808898,0,0,0,0,0,0,0,0,0,0,5,1.408991888
38617.6,0.446542372,0.5,6236,37,0.2274,32.75,34.8125,36.85,0,0,0.07,0,0,20,0.5,0.101,0,0,0,0.1,0.1,0.1,0.1,0.1,0.1,0.5,0,16780,0.03533969,0.014958284,0,0,0,0,0,0,0,0,0,0,5,1.408991888
38677.64,0.453067609,0.5,6236,37,0.1991,32.875,34.8125,37.21,0,0,0.07,0,0,20,0.5,0.101,0,0,0,0.1,0.1,0.1,0.1,0.1,0.1,0.5,0,16505,0.03532263,0.014783399,0,0,0,0,0,0,0,0,0,0,5,1.408991888
38737.67,0.46261751,0.5,6236,37,0.1059,33.0625,34.875,37.27,0,0,0.25,0,0,20,0.5,0.101,0,0,0,0.1,0.1,0.1,0.1,0.1,0.1,0.5,0,16272,0.035766962,0.014995084,0,0,0,0,0,0,0,0,0,0,5,1.408991888
38797.71,0.463848042,0.5,6236,37,0.1219,33.0625,34.8125,37.37,0,0,0.07,0,0,20,0.5,0.101,0,0,0,0.1,0.1,0.1,0.1,0.1,0.1,0.5,0,17167,0.035242034,0.014737578,0,0,0,0,0,0,0,0,0,0,5,1.408991888
38857.78,0.472927628,0.5,6236,37,0.1052,33,34.8125,37.03,0,0,0.07,0,0,20,0.5,0.101,0,0,0,0.1,0.1,0.1,0.1,0.1,0.1,0.5,0,16223,0.036059915,0.015225297,0,0,0,0,0,0,0,0,0,0,5,1.408991888
38917.84,0.502612143,0.5,6236,37,0.1654,33,34.8125,37.03,0,0,0.07,0,0,20,0.5,0.101,0,0,0,0.1,0.1,0.1,0.1,0.1,0.1,0.5,0,17115,0.035173824,0.014899211,0,0,0,0,0,0,0,0,0,0,5,1.52117154
38977.91,0.505256221,0.5,6236,37,0.1759,32.9375,34.8125,37.25,0,0,0.07,0,0,20,0.5,0.101,0,0,0,0.1,0.1,0.1,0.1,0.1,0.1,0.5,0,18302,0.034641023,0.014807125,0,0,0,0,0,0,0,0,0,0,5,1.460853616
39037.97,0.50903496,0.5,6236,37,0.1723,32.875,34.8125,36.97,0,0,0.25,0,0,20,0.5,0.101,0,0,0,0.1,0.1,0.1,0.1,0.1,0.1,0.5,0,17696,0.035205696,0.014636076,0,0,0,0,0,0,0,0,0,0,5,1.410164021
39098.03,0.537323212,0.5,6236,37,0.1943,32.9375,34.6875,37.13,0,0,0.07,0,0,20,0.5,0.101,0,0,0,0.1,0.1,0.1,0.1,0.1,0.1,0.5,0,16341,0.036105501,0.01517655,0,0,0,0,0,0,0,0,0,0,5,1.501905118
39158.06,0.529654774,0.5,6236,37,0.1454,32.8125,34.75,37.11,0,0,0,0,0,20,0.5,0.101,0,0,0,0.1,0.1,0.1,0.1,0.1,0.1,0.5,0,18344,0.034670737,0.014827737,0,0,0,0,0,0,0,0,0,0,5,1.38368674
39218.12,0.555735388,0.5,6236,37,0.1394,32.75,34.8125,37.09,0,0,0,0,0,20,0.5,0.101,0,0,0,0.1,0.1,0.1,0.1,0.1,0.1,0.5,0,17939,0.035174759,0.014828028,0,0,0,0,0,0,0,0,0,0,5,1.458702913
39278.18,0.555068432,0.5,6236,37,0.0801,32.75,34.8125,37.03,0,0.02,0.15,0,0,20,0.5,0.101,0,0,0,0.1,0.1,0.1,0.1,0.1,0.1,0.5,0,18056,0.035168365,0.015008861,0,0,0,0,0,0,0,0,0,0,0.44,1.458702913
39338.25,0.494714171,0.5,6236,37,0.504175,32.6875,34.8125,35.89,0,0.018884139,0.25,0,0,20,0.5,0.101,0,0,0,0.1,0.1,0.1,0.1,0.1,0.1,0.5,0,17452,0.035239514,0.014898006,0,0,0,0,0,0,0,0,0,0,0.44,1.458702913
39398.29,0.480901967,0.5,6236,37,0.443718528,32.6875,34.75,36.41,0,0.02,0.15,0,0,20,0.5,0.101,0,0,0,0.1,0.1,0.1,0.1,0.1,0.1,0.5,0,16835,0.035640036,0.015087615,0,0,0,0,0,0,0,0,0,0,0.44,1.458702913
39458.34,0.430024639,0.5,6236,37,0.4817,32.8125,34.875,36.41,0,0,0.07,0,0,20,0.5,0.101,0,0,0,0.1,0.1,0.1,0.1,0.1,0.1,0.5,0,15533,0.036374171,0.015064701,0,0,0,0,0,0,0,0,0,0,5,1.458702913
39518.38,0.455383798,0.5,6236,37,0.2202,32.9375,34.875,37.21,0,0,0.07,0,0,20,0.5,0.101,0,0,0,0.1,0.1,0.1,0.1,0.1,0.1,0.5,0,15693,0.036130759,0.01522972,0,0,0,0,0,0,0,0,0,0,5,1.458702913
39578.42,0.458591058,0.5,6236,37,0.1358,33,34.875,37.35,0,0,0.07,0,0,20,0.5,0.101,0,0,0,0.1,0.1,0.1,0.1,0.1,0.1,0.5,0,15456,0.036490683,0.015139752,0,0,0,0,0,0,0,0,0,0,5,1.458702913
39638.47,0.473325826,0.5,6236,37,0.1259,33.125,34.875,37.11,0,0,0.25,0,0,20,0.5,0.101,0,0,0,0.1,0.1,0.1,0.1,0.1,0.1,0.5,0,15988,0.03602702,0.015136352,0,0,0,0,0,0,0,0,0,0,5,1.458702913
39698.53,0.472724496,0.5,6236,37,0.1207,33,34.875,37.27,0,0,0.07,0,0,20,0.5,0.101,0,0,0,0.1,0.1,0.1,0.1,0.1,0.1,0.5,0,17177,0.035396169,0.01490365,0,0,0,0,0,0,0,0,0,0,5,1.458702913
39758.6,0.503331899,0.5,6236,37,0.1738,33,34.875,37.05,0,0,0.07,0,0,20,0.5,0.101,0,0,0,0.1,0.1,0.1,0.1,0.1,0.1,0.5,0,15907,0.035959012,0.015276293,0,0,0,0,0,0,0,0,0,0,5,1.458702913
39818.66,0.499201863,0.5,6236,37,0.1183,33,34.875,37.25,0,0,0.07,0,0,20,0.5,0.101,0,0,0,0.1,0.1,0.1,0.1,0.1,0.1,0.5,0,17602,0.035166458,0.014657425,0,0,0,0,0,0,0,0,0,0,5,1.361050041
39878.74,0.504836315,0.5,6236,37,0.1402,32.9375,34.875,37.01,0,0,0.07,0,0,20,0.5,0.101,0,0,0,0.1,0.1,0.1,0.1,0.1,0.1,0.5,0,17551,0.035097715,0.014927924,0,0,0,0,0,0,0,0,0,0,5,1.326668637
39938.81,0.52523836,0.5,6236,37,0.1728,32.875,34.875,37.03,0,0,0.25,0,0,20,0.5,0.101,0,0,0,0.1,0.1,0.1,0.1,0.1,0.1,0.5,0,17736,0.035069914,0.014941362,0,0,0,0,0,0,0,0,0,0,5,1.379188992
39998.86,0.517513249,0.5,6236,37,0.1651,32.875,34.8125,37.05,0,0,0.07,0,0,20,0.5,0.101,0,0,0,0.1,0.1,0.1,0.1,0.1,0.1,0.5,0,17519,0.035047663,0.014783949,0,0,0,0,0,0,0,0,0,0,5,1.26577839
40058.92,0.51997181,0.5,6236,37,0.11,32.875,34.8125,37.05,0,0,0,0,0,20,0.5,0.101,0,0,0,0.1,0.1,0.1,0.1,0.1,0.1,0.5,0,17533,0.035190783,0.01494325,0,0,0,0,0,0,0,0,0,0,5,1.216707886
40118.96,0.543111563,0.5,6236,37,0.1667,32.875,34.8125,37.03,0,0,0,0,0,20,0.5,0.101,0,0,0,0.1,0.1,0.1,0.1,0.1,0.1,0.5,0,16772,0.036131648,0.015084665,0,0,0,0,0,0,0,0,0,0,5,1.286492962
40179.05,0.564747983,0.5,6236,37,0.1652,32.8125,34.8125,37.01,0,0.02,0.15,0,0,20,0.5,0.101,0,0,0,0.1,0.1,0.1,0.1,0.1,0.1,0.5,0,17607,0.035326859,0.015050832,0,0,0,0,0,0,0,0,0,0,0.44,1.286492962
40239.09,0.493832988,0.5,6236,37,0.495575,32.75,34.8125,35.85,0,0.019736032,0.25,0,0,20,0.5,0.101,0,0,0,0.1,0.1,0.1,0.1,0.1,0.1,0.5,0,16640,0.035817308,0.015084135,0,0,0,0,0,0,0,0,0,0,0.44,1.286492962
40299.15,0.469510307,0.5,6236,37,0.485339563,32.8125,34.8125,36.31,0,0.02,0.15,0,0,20,0.5,0.101,0,0,0,0.1,0.1,0.1,0.1,0.1,0.1,0.5,0,15762,0.036289811,0.015289938,0,0,0,0,0,0,0,0,0,0,0.44,1.286492962
40359.2,0.413719242,0.5,6236,37,0.521475,32.75,34.8125,36.33,0,0,0.07,0,0,20,0.5,0.101,0,0,0,0.1,0.1,0.1,0.1,0.1,0.1,0.5,0,15330,0.036203523,0.015394651,0,0,0,0,0,0,0,0,0,0,5,1.286492962
40419.24,0.410037445,0.5,6236,37,0.2407,32.8125,34.8125,37.03,0,0,0.07,0,0,20,0.5,0.101,0,0,0,0.1,0.1,0.1,0.1,0.1,0.1,0.5,0,15268,0.036547026,0.015260676,0,0,0,0,0,0,0,0,0,0,5,1.286492962
40479.29,0.441663583,0.5,6236,37,0.1364,32.9375,34.8125,37.49,0,0,0.07,0,0,20,0.5,0.101,0,0,0,0.1,0.1,0.1,0.1,0.1,0.1,0.5,0,15829,0.035757155,0.014782993,0,0,0,0,0,0,0,0,0,0,5,1.286492962
40539.36,0.449146106,0.5,6236,37,0.0917,33.125,34.8125,37.49,0,0,0.25,0,0,20,0.5,0.101,0,0,0,0.1,0.1,0.1,0.1,0.1,0.1,0.5,0,16073,0.035836496,0.015180738,0,0,0,0,0,0,0,0,0,0,5,1.286492962
40599.46,0.452906002,0.5,6236,37,0.1085,33.125,34.875,37.25,0,0,0.07,0,0,20,0.5,0.101,0,0,0,0.1,0.1,0.1,0.1,0.1,0.1,0.5,0,15909,0.036143064,0.015022943,0,0,0,0,0,0,0,0,0,0,5,1.286492962
40659.54,0.461345844,0.5,6236,37,0.1454,33.125,34.875,37.27,0,0,0.07,0,0,20,0.5,0.101,0,0,0,0.1,0.1,0.1,0.1,0.1,0.1,0.5,0,15865,0.035865112,0.014938544,0,0,0,0,0,0,0,0,0,0,5,1.286492962
40719.59,0.46215323,0.5,6236,37,0.1585,33.125,34.875,37.13,0,0,0.07,0,0,20,0.5,0.101,0,0,0,0.1,0.1,0.1,0.1,0.1,0.1,0.5,0,16651,0.035793646,0.015134226,0,0,0,0,0,0,0,0,0,0,5,1.227413921
40779.63,0.480833209,0.5,6236,37,0.1192,33.0625,34.875,37.17,0,0,0.07,0,0,20,0.5,0.101,0,0,0,0.1,0.1,0.1,0.1,0.1,0.1,0.5,0,16446,0.035874985,0.01538368,0,0,0,0,0,0,0,0,0,0,5,1.284915074
40839.7,0.515747138,0,6236,37,0.1317,33,34.8125,37.01,0,0,0,0,0,20,0.5,0.101,0,0,0,0.1,0.1,0.1,0.1,0.1,0.1,0.5,0,16572,0.035903934,0.015085687,0,0,0,0,0,0,0,0,0,0,5,1.284915074
40899.74,0.523028623,0,6236,37,0.1737,33.125,34.8125,37.01,0,0,0,0,0,20,0.5,0.101,0,0,0,0.1,0.1,0.1,0.1,0.1,0.1,0.5,0,16169,0.036427732,0.015337992,0,0,0,0,0,0,0,0,0,0,5,1.284915074
40959.8,0.531607277,0,6236,37,0.1654,33.0625,34.8125,37.17,0,0,0,0,0,20,0.5,0.101,0,0,0,0.1,0.1,0.1,0.1,0.1,0.1,0.5,0,16637,0.036184408,0.015267176,0,0,0,0,0,0,0,0,0,0,5,1.284915074
41019.85,0.574073657,0,6236,37,0.0979,33,34.8125,37.29,0,0,0,0,0,20,0.5,0.101,0,0,0,0.1,0.1,0.1,0.1,0.1,0.1,0.5,0,16348,0.03627355,0.015170051,0,0,0,0,0,0,0,0,0,0,5,1.284915074
41079.89,0.591501658,0,6236,37,0.1013,32.9375,34.8125,37.25,0,0,0,0,0,20,0.5,0.101,0,0,0,0.1,0.1,0.1,0.1,0.1,0.1,0.5,0,16889,0.035999763,0.015276215,0,0,0,0,0,0,0,0,0,0,5,1.284915074
41139.94,0.59838316,0,6236,37,0.2022,33,34.8125,36.85,0,0,0,0,0,20,0.5,0.101,0,0,0,0.1,0.1,0.1,0.1,0.1,0.1,0.5,0,17606,0.03555606,0.015165285,0,0,0,0,0,0,0,0,0,0,5,1.284915074
41200.06,0.609796645,0,6236,37,0.1737,32.9375,34.875,36.97,0,0,0,0,0,20,0.5,0.101,0,0,0,0.1,0.1,0.1,0.1,0.1,0.1,0.5,0,17658,0.035507985,0.015120625,0,0,0,0,0,0,0,0,0,0,5,1.284915074
41260.1,0.564984224,0.5,6236,37,0.2689,33.0625,34.8125,36.63,0,0.02,0.15,0,0,20,0.5,0.102,5.5,0,0,0.1,0.1,0.1,0.1,0.1,0.1,0.5,0,17873,0.035640351,0.015050635,0,0,0,0,0,0,0,0,0,0,0.44,1.284915074
41320.14,0.508729284,0.5,6236,37,0.46425,32.875,34.875,36.23,0,0.02,0.15,0,0,20,0.5,0.102,5.5,0,0,0.1,0.1,0.1,0.1,0.1,0.1,0.5,0,16921,0.03569529,0.015247326,0,0,0,0,0,0,0,0,0,0,0.44,1.284915074
41380.19,0.456124697,0.5,6236,37,0.539675,32.875,34.8125,36.05,0,0.015445068,0.131780271,0,0,20,0.5,0.102,5.5,0,0,0.1,0.1,0.1,0.1,0.1,0.1,0.5,0,15604,0.036272751,0.015060241,0,0,0,0,0,0,0,0,0,0,0.44,1.284915074
41440.26,0.422182969,0.5,6236,37,0.533844446,32.9375,34.8125,36.15,0,0,0.25,0,0,20,0.5,0.102,5.5,0,0,0.1,0.1,0.1,0.1,0.1,0.1,0.5,0,14824,0.036562331,0.015380464,0,0,0,0,0,0,0,0,0,0,5,1.284915074
41500.3,0.424402058,0.5,6236,37,0.2401,33,34.875,37.11,0,0,0.07,0,0,20,0.5,0.102,5.5,0,0,0.1,0.1,0.1,0.1,0.1,0.1,0.5,0,15193,0.036332522,0.015138551,0,0,0,0,0,0,0,0,0,0,5,1.284915074
41560.34,0.429855638,0.5,6236,37,0.1549,33.25,34.875,37.41,0,0,0.07,0,0,20,0.5,0.102,5.5,0,0,0.1,0.1,0.1,0.1,0.1,0.1,0.5,0,16493,0.035227066,0.015036682,0,0,0,0,0,0,0,0,0,0,5,1.284915074
41620.4,0.453751586,0.5,6236,37,0.1161,33.3125,34.875,37.51,0,0,0.07,0,0,20,0.5,0.102,5.5,0,0,0.1,0.1,0.1,0.1,0.1,0.1,0.5,0,15809,0.036055411,0.015117971,0,0,0,0,0,0,0,0,0,0,5,1.284915074
41680.48,0.45514892,0.5,6236,37,0.1444,33.3125,34.875,37.35,0,0,0.07,0,0,20,0.5,0.102,5.5,0,0,0.1,0.1,0.1,0.1,0.1,0.1,0.5,0,16210,0.036150524,0.015175817,0,0,0,0,0,0,0,0,0,0,5,1.284915074
41740.53,0.461042253,0.5,6236,37,0.1362,33.3125,34.875,37.33,0,0,0.25,0,0,20,0.5,0.102,5.5,0,0,0.1,0.1,0.1,0.1,0.1,0.1,0.5,0,15999,0.035814738,0.015125945,0,0,0,0,0,0,0,0,0,0,5,1.284915074
41800.58,0.47336551,0.5,6236,37,0.1142,33.125,34.875,37.37,0,0,0.07,0,0,20,0.5,0.102,5.5,0,0,0.1,0.1,0.1,0.1,0.1,0.1,0.5,0,16343,0.035978706,0.015052316,0,0,0,0,0,0,0,0,0,0,5,1.299803758
41860.62,0.484870129,0.5,6236,37,0.0887,33.1875,34.875,37.43,0,0,0.07,0,0,20,0.5,0.102,5.5,0,0,0.1,0.1,0.1,0.1,0.1,0.1,0.5,0,16156,0.036209458,0.015164645,0,0,0,0,0,0,0,0,0,0,5,1.306853291
41920.65,0.496161117,0.5,6236,37,0.0968,33.1875,34.8125,37.37,0,0,0.07,0,0,20,0.5,0.102,5.5,0,0,0.1,0.1,0.1,0.1,0.1,0.1,0.5,0,16341,0.036289089,0.015237746,0,0,0,0,0,0,0,0,0,0,5,1.310569508
41980.7,0.499621545,0.5,6236,37,0.1729,33.125,34.875,37.05,0,0,0.07,0,0,20,0.5,0.102,5.5,0,0,0.1,0.1,0.1,0.1,0.1,0.1,0.5,0,16954,0.036097676,0.015099681,0,0,0,0,0,0,0,0,0,0,5,1.265891617
42040.76,0.535310297,0.5,6236,37,0.083,33.0625,34.875,37.37,0,0,0,0,0,20,0.5,0.102,5.5,0,0,0.1,0.1,0.1,0.1,0.1,0.1,0.5,0,17046,0.035961516,0.015076851,0,0,0,0,0,0,0,0,0,0,5,1.409584053
42100.84,0.541022001,0.5,6236,37,0.1597,33.0625,34.875,37.05,0,0,0,0,0,20,0.5,0.102,5.5,0,0,0.1,0.1,0.1,0.1,0.1,0.1,0.5,0,17552,0.035893345,0.015041021,0,0,0,0,0,0,0,0,0,0,5,1.370944967
42160.89,0.530401178,0.5,6236,37,0.2062,33.0625,34.875,36.87,0,0,0,0,0,20,0.5,0.102,5.5,0,0,0.1,0.1,0.1,0.1,0.1,0.1,0.5,0,16687,0.036675256,0.015341284,0,0,0,0,0,0,0,0,0,0,5,1.24291886
42220.93,0.556220582,0.5,6236,37,0.1202,33.0625,34.875,37.19,0,0,0,0,0,20,0.5,0.102,5.5,0,0,0.1,0.1,0.1,0.1,0.1,0.1,0.5,0,16327,0.037116433,0.015434556,0,0,0,0,0,0,0,0,0,0,5,1.323366776
42281,0.555275145,0.5,6236,37,0.25265,33,34.875,37.09,0,0.02,0.15,0,0,20,0.5,0.102,5.5,0,0,0.1,0.1,0.1,0.1,0.1,0.1,0.5,0,16613,0.037259977,0.015349425,0,0,0,0,0,0,0,0,0,0,0.44,1.323366776
42341.06,0.520526611,0.5,6236,37,0.47195,33,34.875,36.13,0,0.02,0.25,0,0,20,0.5,0.102,5.5,0,0,0.1,0.1,0.1,0.1,0.1,0.1,0.5,0,17188,0.036595299,0.015068653,0,0,0,0,0,0,0,0,0,0,0.44,1.323366776
42401.13,0.463957012,0.5,6236,37,0.50255,32.8125,34.875,36.13,0,0.02,0.15,0,0,20,0.5,0.102,5.5,0,0,0.1,0.1,0.1,0.1,0.1,0.1,0.5,0,15553,0.037356137,0.015431107,0,0,0,0,0,0,0,0,0,0,0.44,1.323366776
42461.19,0.42517506,0.5,6236,37,0.4574,32.875,34.9375,36.17,0,0,0.07,0,0,20,0.5,0.102,5.5,0,0,0.1,0.1,0.1,0.1,0.1,0.1,0.5,0,15410,0.037443219,0.015314731,0,0,0,0,0,0,0,0,0,0,5,1.323366776
42521.22,0.419658665,0.5,6236,37,0.223,33,34.9375,37.11,0,0,0.07,0,0,20,0.5,0.102,5.5,0,0,0.1,0.1,0.1,0.1,0.1,0.1,0.5,0,15739,0.037359426,0.015312282,0,0,0,0,0,0,0,0,0,0,5,1.323366776
42581.3,0.444325338,0.5,6236,37,0.1325,33.1875,34.9375,37.43,0,0,0.07,0,0,20,0.5,0.102,5.5,0,0,0.1,0.1,0.1,0.1,0.1,0.1,0.5,0,15258,0.037947306,0.015467296,0,0,0,0,0,0,0,0,0,0,5,1.323366776
42641.35,0.434102689,0.5,6236,37,0.1152,33.1875,34.9375,37.45,0,0,0.25,0,0,20,0.5,0.102,5.5,0,0,0.1,0.1,0.1,0.1,0.1,0.1,0.5,0,15666,0.037788842,0.015447466,0,0,0,0,0,0,0,0,0,0,5,1.323366776
42701.41,0.451898234,0.5,6236,37,0.1532,33.3125,34.9375,37.25,0,0,0.07,0,0,20,0.5,0.102,5.5,0,0,0.1,0.1,0.1,0.1,0.1,0.1,0.5,0,15631,0.038065383,0.015610006,0,0,0,0,0,0,0,0,0,0,5,1.323366776
42761.49,0.462020247,0.5,6236,37,0.156,33.1875,34.9375,37.21,0,0,0.07,0,0,20,0.5,0.102,5.5,0,0,0.1,0.1,0.1,0.1,0.1,0.1,0.5,0,15949,0.038309612,0.015549564,0,0,0,0,0,0,0,0,0,0,5,1.323366776
42821.58,0.470865775,0.5,6236,37,0.0946,33.25,34.875,37.41,0,0,0.07,0,0,20,0.5,0.102,5.5,0,0,0.1,0.1,0.1,0.1,0.1,0.1,0.5,0,15945,0.038695516,0.015553465,0,0,0,0,0,0,0,0,0,0,5,1.314091515
42881.65,0.488534763,0.5,6236,37,0.1692,33.1875,34.875,37.09,0,0,0.07,0,0,20,0.5,0.102,5.5,0,0,0.1,0.1,0.1,0.1,0.1,0.1,0.5,0,16628,0.038128458,0.015335579,0,0,0,0,0,0,0,0,0,0,5,1.35889961
42941.71,0.486775956,0.5,6236,37,0.1747,33,34.875,37.05,0,0,0.25,0,0,20,0.5,0.102,5.5,0,0,0.1,0.1,0.1,0.1,0.1,0.1,0.5,0,16812,0.038603379,0.015584107,0,0,0,0,0,0,0,0,0,0,5,1.280134641
43001.75,0.493807678,0.5,6236,37,0.1352,33.0625,34.875,37.19,0,0,0.07,0,0,20,0.5,0.102,5.5,0,0,0.1,0.1,0.1,0.1,0.1,0.1,0.5,0,16408,0.039005363,0.015724037,0,0,0,0,0,0,0,0,0,0,5,1.259154381
43061.79,0.512159856,0.5,6236,37,0.2196,33,34.8125,36.85,0,0,0,0,0,20,0.5,0.102,5.5,0,0,0.1,0.1,0.1,0.1,0.1,0.1,0.5,0,15927,0.039743831,0.015947762,0,0,0,0,0,0,0,0,0,0,5,1.305668673
43121.83,0.527359384,0.5,6236,37,0.1339,33,34.875,37.17,0,0,0,0,0,20,0.5,0.102,5.5,0,0,0.1,0.1,0.1,0.1,0.1,0.1,0.5,0,16753,0.039336238,0.015877753,0,0,0,0,0,0,0,0,0,0,5,1.328121632
43181.9,0.531256437,0.5,6236,37,0.1073,33,34.8125,37.25,0,0,0,0,0,20,0.5,0.102,5.5,0,0,0.1,0.1,0.1,0.1,0.1,0.1,0.5,0,16204,0.040236979,0.016045421,0,0,0,0,0,0,0,0,0,0,5,1.283803282
43241.96,0.530750239,0.5,6236,37,0.1611,32.875,34.8125,37.03,0,0,0,0,0,20,0.5,0.102,5.5,0,0,0.1,0.1,0.1,0.1,0.1,0.1,0.5,0,16949,0.039766358,0.015812142,0,0,0,0,0,0,0,0,0,0,5,1.21675326
43302.03,0.542081933,0.5,6236,37,0.1631,32.875,34.8125,37.01,0,0,0,0,0,20,0.5,0.102,5.5,0,0,0.1,0.1,0.1,0.1,0.1,0.1,0.5,0,16897,0.040303012,0.01603835,0,0,0,0,0,0,0,0,0,0,5,1.219292416
43362.11,0.563603503,0.5,6236,37,0.271475,32.875,34.8125,37.01,0,0.02,0.15,0,0,20,0.5,0.102,5.5,0,0,0.1,0.1,0.1,0.1,0.1,0.1,0.5,0,16206,0.041527829,0.016228557,0,0,0,0,0,0,0,0,0,0,0.44,1.219292416
43422.18,0.500882303,0.5,6236,37,0.47905,32.8125,34.875,36.09,0,0.02,0.15,0,0,20,0.5,0.102,5.5,0,0,0.1,0.1,0.1,0.1,0.1,0.1,0.5,0,16472,0.040492958,0.015966489,0,0,0,0,0,0,0,0,0,0,0.44,1.219292416
43482.25,0.462581167,0.5,6236,37,0.499637191,32.8125,34.875,36.09,0,0.016111009,0.134444038,0,0,20,0.5,0.102,5.5,0,0,0.1,0.1,0.1,0.1,0.1,0.1,0.5,0,15609,0.041130117,0.016208598,0,0,0,0,0,0,0,0,0,0,0.44,1.219292416
43542.32,0.42525623,0.5,6236,37,0.4436,32.6875,34.875,36.23,0,0,0.25,0,0,20,0.5,0.102,5.5,0,0,0.1,0.1,0.1,0.1,0.1,0.1,0.5,0,14971,0.041213012,0.016164585,0,0,0,0,0,0,0,0,0,0,5,1.219292416
43602.38,0.419240246,0.5,6236,37,0.1947,32.875,34.875,37.21,0,0,0.07,0,0,20,0.5,0.102,5.5,0,0,0.1,0.1,0.1,0.1,0.1,0.1,0.5,0,14772,0.041835906,0.016179258,0,0,0,0,0,0,0,0,0,0,5,1.219292416
43662.42,0.444968712,0.5,6236,37,0.1648,33.0625,34.9375,37.29,0,0,0.07,0,0,20,0.5,0.102,5.5,0,0,0.1,0.1,0.1,0.1,0.1,0.1,0.5,0,15877,0.040813756,0.016060969,0,0,0,0,0,0,0,0,0,0,5,1.219292416
43722.49,0.440608192,0.5,6236,37,0.1752,33.0625,34.875,37.21,0,0,0.07,0,0,20,0.5,0.102,5.5,0,0,0.1,0.1,0.1,0.1,0.1,0.1,0.5,0,16286,0.040832617,0.016087437,0,0,0,0,0,0,0,0,0,0,5,1.219292416
43782.54,0.442208783,0.5,6236,37,0.1533,33.0625,34.875,37.27,0,0,0.07,0,0,20,0.5,0.102,5.5,0,0,0.1,0.1,0.1,0.1,0.1,0.1,0.5,0,15317,0.042762943,0.016452308,0,0,0,0,0,0,0,0,0,0,5,1.219292416
43842.59,0.453473977,0.5,6236,37,0.159,33.1875,34.9375,37.21,0,0,0.25,0,0,20,0.5,0.102,5.5,0,0,0.1,0.1,0.1,0.1,0.1,0.1,0.5,0,16247,0.041484582,0.016126054,0,0,0,0,0,0,0,0,0,0,5,1.219292416
43902.63,0.46459248,0.5,6236,37,0.1362,33.125,34.9375,37.27,0,0,0.07,0,0,20,0.5,0.102,5.5,0,0,0.1,0.1,0.1,0.1,0.1,0.1,0.5,0,16776,0.040951359,0.016034812,0,0,0,0,0,0,0,0,0,0,5,1.230996043
43962.7,0.48146139,0.5,6236,37,0.1637,33.1875,34.9375,37.13,0,0,0.07,0,0,20,0.5,0.102,5.5,0,0,0.1,0.1,0.1,0.1,0.1,0.1,0.5,0,16127,0.042661375,0.016556086,0,0,0,0,0,0,0,0,0,0,5,1.276442461
44022.77,0.497329436,0.5,6236,37,0.1262,33.1875,34.875,37.25,0,0,0.07,0,0,20,0.5,0.102,5.5,0,0,0.1,0.1,0.1,0.1,0.1,0.1,0.5,0,16207,0.042574196,0.016412661,0,0,0,0,0,0,0,0,0,0,5,1.30990018
44082.8,0.47857121,0.5,6236,37,0.1346,33.125,34.9375,37.19,0,0,0.07,0,0,20,0.5,0.102,5.5,0,0,0.1,0.1,0.1,0.1,0.1,0.1,0.5,0,16388,0.042836222,0.01641445,0,0,0,0,0,0,0,0,0,0,5,1.129062265
44142.85,0.517647658,0.5,6236,37,0.1351,33.125,34.9375,37.17,0,0,0,0,0,20,0.5,0.102,5.5,0,0,0.1,0.1,0.1,0.1,0.1,0.1,0.5,0,17338,0.042277079,0.016437882,0,0,0,0,0,0,0,0,0,0,5,1.308078533
44202.9,0.522110499,0.5,6236,37,0.1806,33.0625,34.875,36.97,0,0,0,0,0,20,0.5,0.102,5.5,0,0,0.1,0.1,0.1,0.1,0.1,0.1,0.5,0,16614,0.043698086,0.016612495,0,0,0,0,0,0,0,0,0,0,5,1.268427913
44262.93,0.541769003,0.5,6236,37,0.1149,33.0625,34.9375,37.21,0,0,0,0,0,20,0.5,0.102,5.5,0,0,0.1,0.1,0.1,0.1,0.1,0.1,0.5,0,16640,0.044170673,0.016947115,0,0,0,0,0,0,0,0,0,0,5,1.31588792
44322.99,0.544860424,0.5,6236,37,0.245225,33.0625,34.9375,37.11,0,0.02,0.15,0,0,20,0.5,0.102,5.5,0,0,0.1,0.1,0.1,0.1,0.1,0.1,0.5,0,16985,0.043626729,0.01666176,0,0,0,0,0,0,0,0,0,0,0.44,1.31588792
44383.06,0.49115335,0.5,6236,37,0.420646767,32.875,34.875,36.31,0,0.017406764,0.139627058,0,0,20,0.5,0.102,5.5,0,0,0.1,0.1,0.1,0.1,0.1,0.1,0.5,0,16733,0.043447081,0.016554115,0,0,0,0,0,0,0,0,0,0,0.44,1.31588792
44443.12,0.459225684,0.5,6236,37,0.4641,32.75,34.875,36.01,0,0,0.25,0,0,20,0.5,0.102,5.5,0,0,0.1,0.1,0.1,0.1,0.1,0.1,0.5,0,16831,0.042421722,0.016457727,0,0,0,0,0,0,0,0,0,0,5,1.31588792
44503.19,0.461971569,0.5,6236,37,0.2339,32.875,34.875,36.95,0,0,0.07,0,0,20,0.5,0.102,5.5,0,0,0.1,0.1,0.1,0.1,0.1,0.1,0.5,0,16831,0.042778207,0.016457727,0,0,0,0,0,0,0,0,0,0,5,1.31588792
44563.24,0.45855409,0.5,6236,37,0.1935,33,34.875,37.09,0,0,0.07,0,0,20,0.5,0.102,5.5,0,0,0.1,0.1,0.1,0.1,0.1,0.1,0.5,0,16031,0.044226811,0.01671761,0,0,0,0,0,0,0,0,0,0,5,1.31588792
44623.28,0.476421375,0.5,6236,37,0.1551,33,34.875,37.21,0,0,0.07,0,0,20,0.5,0.102,5.5,0,0,0.1,0.1,0.1,0.1,0.1,0.1,0.5,0,16580,0.043968637,0.016646562,0,0,0,0,0,0,0,0,0,0,5,1.31588792
44683.36,0.477720685,0.5,6236,37,0.124,33,34.875,37.29,0,0,0.07,0,0,20,0.5,0.102,5.5,0,0,0.1,0.1,0.1,0.1,0.1,0.1,0.5,0,15787,0.045417115,0.01691265,0,0,0,0,0,0,0,0,0,0,5,1.31588792
44743.43,0.493292344,0.5,6236,37,0.1674,32.9375,34.9375,37.09,0,0,0.25,0,0,20,0.5,0.102,5.5,0,0,0.1,0.1,0.1,0.1,0.1,0.1,0.5,0,16571,0.044656327,0.016836642,0,0,0,0,0,0,0,0,0,0,5,1.31588792
44803.48,0.511817312,0.5,6236,37,0.1777,32.9375,34.875,37.05,0,0,0.07,0,0,20,0.5,0.102,5.5,0,0,0.1,0.1,0.1,0.1,0.1,0.1,0.5,0,16579,0.045117317,0.01700947,0,0,0,0,0,0,0,0,0,0,5,1.360690802
44863.54,0.528177318,0.5,6236,37,0.1281,33.125,34.875,37.21,0,0,0.07,0,0,20,0.5,0.102,5.5,0,0,0.1,0.1,0.1,0.1,0.1,0.1,0.5,0,16944,0.045207743,0.016938149,0,0,0,0,0,0,0,0,0,0,5,1.387049186
44923.58,0.525128846,0.5,6236,37,0.1698,33.0625,34.875,37.03,0,0,0.07,0,0,20,0.5,0.102,5.5,0,0,0.1,0.1,0.1,0.1,0.1,0.1,0.5,0,17233,0.045610167,0.017002263,0,0,0,0,0,0,0,0,0,0,5,1.300331517
44983.69,0.534578792,0.5,6236,37,0.1453,33,34.9375,37.11,0,0,0.07,0,0,20,0.5,0.102,5.5,0,0,0.1,0.1,0.1,0.1,0.1,0.1,0.5,0,18542,0.043954266,0.016718801,0,0,0,0,0,0,0,0,0,0,5,1.288821377
45043.73,0.557897284,0.5,6236,37,0.1205,33,34.9375,37.19,0,0,0,0,0,20,0.5,0.102,5.5,0,0,0.1,0.1,0.1,0.1,0.1,0.1,0.5,0,17418,0.045814674,0.01716615,0,0,0,0,0,0,0,0,0,0,5,1.352467513
45103.79,0.57179287,0.5,6236,37,0.281725,32.9375,34.9375,36.95,0,0.02,0.15,0,0,20,0.5,0.102,5.5,0,0,0.1,0.1,0.1,0.1,0.1,0.1,0.5,0,16639,0.047298516,0.017428932,0,0,0,0,0,0,0,0,0,0,0.44,1.352467513
45163.82,0.508599382,0.5,6236,37,0.41595,32.75,34.875,36.41,0,0.02,0.15,0,0,20,0.5,0.102,5.5,0,0,0.1,0.1,0.1,0.1,0.1,0.1,0.5,0,17907,0.044619423,0.016697381,0,0,0,0,0,0,0,0,0,0,0.44,1.352467513
45223.88,0.461221826,0.5,6236,37,0.51989657,32.6875,34.875,35.99,0,0.016823882,0.137295526,0,0,20,0.5,0.102,5.5,0,0,0.1,0.1,0.1,0.1,0.1,0.1,0.5,0,15950,0.04645768,0.017304075,0,0,0,0,0,0,0,0,0,0,0.44,1.352467513
45283.95,0.423291861,0.5,6236,37,0.4866,32.75,34.875,36.07,0,0,0.07,0,0,20,0.5,0.102,5.5,0,0,0.1,0.1,0.1,0.1,0.1,0.1,0.5,0,16164,0.045038357,0.017074981,0,0,0,0,0,0,0,0,0,0,5,1.352467513
45344.03,0.430936727,0.5,6236,37,0.211,33,34.875,37.17,0,0,0.25,0,0,20,0.5,0.102,5.5,0,0,0.1,0.1,0.1,0.1,0.1,0.1,0.5,0,15651,0.045939557,0.017379081,0,0,0,0,0,0,0,0,0,0,5,1.352467513
45404.09,0.446239051,0.5,6236,37,0.1502,33.0625,34.875,37.37,0,0,0.07,0,0,20,0.5,0.102,5.5,0,0,0.1,0.1,0.1,0.1,0.1,0.1,0.5,0,15166,0.046947119,0.017407359,0,0,0,0,0,0,0,0,0,0,5,1.352467513
45464.12,0.45517888,0.5,6236,37,0.1497,33.125,34.875,37.33,0,0,0.07,0,0,20,0.5,0.102,5.5,0,0,0.1,0.1,0.1,0.1,0.1,0.1,0.5,0,15738,0.046511628,0.017283009,0,0,0,0,0,0,0,0,0,0,5,1.352467513
45524.17,0.459815361,0.5,6236,37,0.1065,33,34.875,37.45,0,0,0.07,0,0,20,0.5,0.102,5.5,0,0,0.1,0.1,0.1,0.1,0.1,0.1,0.5,0,16861,0.045370974,0.016724987,0,0,0,0,0,0,0,0,0,0,5,1.352467513
45584.24,0.483217622,0.5,6236,37,0.1619,33.1875,34.8125,37.19,0,0,0.07,0,0,20,0.5,0.102,5.5,0,0,0.1,0.1,0.1,0.1,0.1,0.1,0.5,0,16257,0.046380021,0.017161838,0,0,0,0,0,0,0,0,0,0,5,1.352467513
45644.28,0.474997263,0.5,6236,37,0.1912,33.125,34.875,37.05,0,0,0.25,0,0,20,0.5,0.102,5.5,0,0,0.1,0.1,0.1,0.1,0.1,0.1,0.5,0,16885,0.046254072,0.017175007,0,0,0,0,0,0,0,0,0,0,5,1.233369916
45704.34,0.479780642,0.5,6236,37,0.1469,33.0625,34.875,37.19,0,0,0.07,0,0,20,0.5,0.102,5.5,0,0,0.1,0.1,0.1,0.1,0.1,0.1,0.5,0,16662,0.046933141,0.017044773,0,0,0,0,0,0,0,0,0,0,5,1.201761305
45764.38,0.490503434,0.5,6236,37,0.1783,33.0625,34.875,37.05,0,0,0.07,0,0,20,0.5,0.102,5.5,0,0,0.1,0.1,0.1,0.1,0.1,0.1,0.5,0,16040,0.048254364,0.017581047,0,0,0,0,0,0,0,0,0,0,5,1.20798307
45824.43,0.501144914,0.5,6236,37,0.1214,33.0625,34.875,37.25,0,0,0.07,0,0,20,0.5,0.102,5.5,0,0,0.1,0.1,0.1,0.1,0.1,0.1,0.5,0,16665,0.047464746,0.01740174,0,0,0,0,0,0,0,0,0,0,5,1.211973005
45884.51,0.518218256,0.5,6236,37,0.15475,33.0625,34.875,37.25,0,0,0,0,0,20,0.5,0.102,5.5,0,0,0.1,0.1,0.1,0.1,0.1,0.1,0.5,0,16748,0.048184858,0.017434918,0,0,0,0,0,0,0,0,0,0,5,1.251877917
45944.58,0.530907478,0.5,6236,37,0.14285,33,34.875,37.11,0,0,0,0,0,20,0.5,0.102,5.5,0,0,0.1,0.1,0.1,0.1,0.1,0.1,0.5,0,16630,0.048466627,0.017558629,0,0,0,0,0,0,0,0,0,0,5,1.261857828
46004.63,0.544468765,0.5,6236,37,0.12335,33,34.9375,37.17,0,0,0,0,0,20,0.5,0.102,5.5,0,0,0.1,0.1,0.1,0.1,0.1,0.1,0.5,0,17078,0.048073545,0.01756646,0,0,0,0,0,0,0,0,0,0,5,1.274433367
46064.72,0.550446078,0.5,6236,37,0.30115,33.0625,34.875,36.87,0,0.02,0.15,0,0,20,0.5,0.102,5.5,0,0,0.1,0.1,0.1,0.1,0.1,0.1,0.5,0,17742,0.047908917,0.0174163,0,0,0,0,0,0,0,0,0,0,0.44,1.274433367
46124.76,0.500472689,0.5,6236,37,0.501625,32.875,34.9375,35.99,0,0.02,0.15,0,0,20,0.5,0.102,5.5,0,0,0.1,0.1,0.1,0.1,0.1,0.1,0.5,0,16873,0.048242755,0.017602086,0,0,0,0,0,0,0,0,0,0,0.44,1.274433367
46184.83,0.453410884,0.5,6236,37,0.519959507,32.75,34.9375,36.05,0,0.019580947,0.148323786,0,0,20,0.5,0.102,5.5,0,0,0.1,0.1,0.1,0.1,0.1,0.1,0.5,0,15439,0.049031673,0.017747263,0,0,0,0,0,0,0,0,0,0,0.44,1.274433367
46244.87,0.404236163,0.5,6236,37,0.4905,32.875,34.9375,36.07,0,0,0.25,0,0,20,0.5,0.102,5.5,0,0,0.1,0.1,0.1,0.1,0.1,0.1,0.5,0,15055,0.048156759,0.017535702,0,0,0,0,0,0,0,0,0,0,5,1.274433367
46304.91,0.401082546,0.5,6236,37,0.2552,32.9375,34.9375,37.01,0,0,0.07,0,0,20,0.5,0.102,5.5,0,0,0.1,0.1,0.1,0.1,0.1,0.1,0.5,0,15550,0.047588424,0.01755627,0,0,0,0,0,0,0,0,0,0,5,1.274433367
46364.97,0.423884462,0.5,6236,37,0.1765,33.1875,34.875,37.29,0,0,0.07,0,0,20,0.5,0.102,5.5,0,0,0.1,0.1,0.1,0.1,0.1,0.1,0.5,0,16436,0.046726697,0.017157459,0,0,0,0,0,0,0,0,0,0,5,1.274433367
46425.01,0.426196137,0.5,6236,37,0.1339,33.3125,34.875,37.41,0,0,0.07,0,0,20,0.5,0.102,5.5,0,0,0.1,0.1,0.1,0.1,0.1,0.1,0.5,0,16049,0.047541903,0.017321952,0,0,0,0,0,0,0,0,0,0,5,1.274433367
46485.08,0.447654685,0.5,6236,37,0.1304,33.1875,34.875,37.37,0,0,0.07,0,0,20,0.5,0.102,5.5,0,0,0.1,0.1,0.1,0.1,0.1,0.1,0.5,0,16067,0.048048796,0.017427024,0,0,0,0,0,0,0,0,0,0,5,1.274433367
46545.15,0.455266971,0.5,6236,37,0.1458,33.25,34.875,37.27,0,0,0.25,0,0,20,0.5,0.102,5.5,0,0,0.1,0.1,0.1,0.1,0.1,0.1,0.5,0,16861,0.046972303,0.017258763,0,0,0,0,0,0,0,0,0,0,5,1.274433367
46605.2,0.459235223,0.5,6236,37,0.0779,33.1875,34.9375,37.49,0,0,0.07,0,0,20,0.5,0.102,5.5,0,0,0.1,0.1,0.1,0.1,0.1,0.1,0.5,0,16241,0.048211317,0.017363463,0,0,0,0,0,0,0,0,0,0,5,1.236747348
46665.25,0.454340699,0.5,6236,37,0.1746,33,34.9375,37.09,0,0,0.07,0,0,20,0.5,0.102,5.5,0,0,0.1,0.1,0.1,0.1,0.1,0.1,0.5,0,16318,0.048596642,0.017526658,0,0,0,0,0,0,0,0,0,0,5,1.142764405
46725.28,0.465886486,0.5,6236,37,0.1801,33,34.875,37.05,0,0,0.07,0,0,20,0.5,0.102,5.5,0,0,0.1,0.1,0.1,0.1,0.1,0.1,0.5,0,16974,0.048073524,0.017497349,0,0,0,0,0,0,0,0,0,0,5,1.160910158
46785.36,0.478445043,0.5,6236,37,0.1426,33.125,34.875,37.17,0,0,0.07,0,0,20,0.5,0.102,5.5,0,0,0.1,0.1,0.1,0.1,0.1,0.1,0.5,0,15286,0.0514196,0.018251995,0,0,0,0,0,0,0,0,0,0,5,1.182662666
46845.4,0.502270519,0.5,6236,37,0.09235,32.875,34.8125,37.09,0,0,0,0,0,20,0.5,0.102,5.5,0,0,0.1,0.1,0.1,0.1,0.1,0.1,0.5,0,16952,0.049020765,0.017697027,0,0,0,0,0,0,0,0,0,0,5,1.269322049
46905.47,0.49277653,0.5,6236,37,0.13315,33,34.875,37.21,0,0,0,0,0,20,0.5,0.102,5.5,0,0,0.1,0.1,0.1,0.1,0.1,0.1,0.5,0,16555,0.049773482,0.017758985,0,0,0,0,0,0,0,0,0,0,5,1.148606731
46965.52,0.518617208,0.5,6236,37,0.15865,33,34.875,37.01,0,0,0,0,0,20,0.5,0.102,5.5,0,0,0.1,0.1,0.1,0.1,0.1,0.1,0.5,0,16239,0.050803621,0.018042983,0,0,0,0,0,0,0,0,0,0,5,1.244507199
47025.6,0.522355858,0.5,6236,37,0.14185,32.875,34.8125,37.01,0,0,0,0,0,20,0.5,0.102,5.5,0,0,0.1,0.1,0.1,0.1,0.1,0.1,0.5,0,16906,0.050100556,0.01780433,0,0,0,0,0,0,0,0,0,0,5,1.203830905
47085.69,0.534944514,0.5,6236,37,0.13735,32.9375,34.875,36.89,0,0,0,0,0,20,0.5,0.102,5.5,0,0,0.1,0.1,0.1,0.1,0.1,0.1,0.5,0,17739,0.049495462,0.017475619,0,0,0,0,0,0,0,0,0,0,5,1.215081221
47145.73,0.53806085,0.5,6236,37,0.14995,33,34.875,37.11,0,0,0,0,0,20,0.5,0.102,5.5,0,0,0.1,0.1,0.1,0.1,0.1,0.1,0.5,0,17658,0.049835768,0.017725677,0,0,0,0,0,0,0,0,0,0,5,1.171753046
47205.81,0.557234002,0.5,6236,37,0.13405,32.9375,34.875,36.95,0,0,0,0,0,20,0.5,0.102,5.5,0,0,0.1,0.1,0.1,0.1,0.1,0.1,0.5,0,16652,0.051945712,0.018376171,0,0,0,0,0,0,0,0,0,0,5,1.21820621
47265.85,0.56900989,0.5,6236,37,0.273925,33,34.9375,36.95,0,0.02,0.15,0,0,20,0.5,0.102,5.5,0,0,0.1,0.1,0.1,0.1,0.1,0.1,0.5,0,17661,0.050959742,0.018119019,0,0,0,0,0,0,0,0,0,0,0.44,1.21820621
47325.92,0.50223334,0.5,6236,37,0.55745,32.9375,34.875,35.71,0,0.02,0.15,0,0,20,0.5,0.102,5.5,0,0,0.1,0.1,0.1,0.1,0.1,0.1,0.5,0,17605,0.049644987,0.01777904,0,0,0,0,0,0,0,0,0,0,0.44,1.21820621
47385.96,0.452905038,0.5,6236,37,0.585818988,32.8125,34.9375,35.71,0,0.015336693,0.131346772,0,0,20,0.5,0.102,5.5,0,0,0.1,0.1,0.1,0.1,0.1,0.1,0.5,0,15370,0.051724138,0.01834743,0,0,0,0,0,0,0,0,0,0,0.44,1.21820621
47446,0.420128741,0.5,6236,37,0.4806,32.875,34.9375,36.13,0,0,0.25,0,0,20,0.5,0.102,5.5,0,0,0.1,0.1,0.1,0.1,0.1,0.1,0.5,0,15333,0.050088045,0.018000391,0,0,0,0,0,0,0,0,0,0,5,1.21820621
47506.05,0.433868217,0.5,6236,37,0.1908,32.9375,34.9375,37.27,0,0,0.07,0,0,20,0.5,0.102,5.5,0,0,0.1,0.1,0.1,0.1,0.1,0.1,0.5,0,15476,0.049948307,0.017963298,0,0,0,0,0,0,0,0,0,0,5,1.21820621
47566.09,0.430486241,0.5,6236,37,0.152,33.0625,34.875,37.37,0,0,0.07,0,0,20,0.5,0.102,5.5,0,0,0.1,0.1,0.1,0.1,0.1,0.1,0.5,0,15077,0.051270147,0.018173377,0,0,0,0,0,0,0,0,0,0,5,1.21820621
47626.14,0.439994894,0.5,6236,37,0.1385,33.25,34.8125,37.37,0,0,0.07,0,0,20,0.5,0.102,5.5,0,0,0.1,0.1,0.1,0.1,0.1,0.1,0.5,0,16013,0.04977206,0.017798039,0,0,0,0,0,0,0,0,0,0,5,1.21820621
47686.2,0.449270346,0.5,6236,37,0.1159,33.25,34.875,37.41,0,0,0.07,0,0,20,0.5,0.102,5.5,0,0,0.1,0.1,0.1,0.1,0.1,0.1,0.5,0,16897,0.048766053,0.017636267,0,0,0,0,0,0,0,0,0,0,5,1.21820621
47746.24,0.474707925,0.5,6236,37,0.1139,33.1875,34.875,37.37,0,0,0.25,0,0,20,0.5,0.102,5.5,0,0,0.1,0.1,0.1,0.1,0.1,0.1,0.5,0,15927,0.050605889,0.017956928,0,0,0,0,0,0,0,0,0,0,5,1.21820621
47806.31,0.477348872,0.5,6236,37,0.1067,33.125,34.8125,37.37,0,0,0.07,0,0,20,0.5,0.102,5.5,0,0,0.1,0.1,0.1,0.1,0.1,0.1,0.5,0,16367,0.050284108,0.017779679,0,0,0,0,0,0,0,0,0,0,5,1.173939572
47866.38,0.480259247,0.5,6236,37,0.1863,33.125,34.875,37.03,0,0,0.07,0,0,20,0.5,0.102,5.5,0,0,0.1,0.1,0.1,0.1,0.1,0.1,0.5,0,16855,0.049955503,0.017976861,0,0,0,0,0,0,0,0,0,0,5,1.133477928
47926.45,0.513357883,0.5,6236,37,0.1403,33,34.8125,37.19,0,0,0.07,0,0,20,0.5,0.102,5.5,0,0,0.1,0.1,0.1,0.1,0.1,0.1,0.5,0,15965,0.051863451,0.018227372,0,0,0,0,0,0,0,0,0,0,5,1.276745548
47986.5,0.481037734,0.5,6236,37,0.1072,33,34.875,37.29,0,0,0.07,0,0,20,0.5,0.102,5.5,0,0,0.1,0.1,0.1,0.1,0.1,0.1,0.5,0,16662,0.051314368,0.018185092,0,0,0,0,0,0,0,0,0,0,5,1.017825734
48046.57,0.509821284,0.5,6236,37,0.15585,32.9375,34.875,37.09,0,0,0,0,0,20,0.5,0.102,5.5,0,0,0.1,0.1,0.1,0.1,0.1,0.1,0.5,0,16310,0.052299203,0.018393624,0,0,0,0,0,0,0,0,0,0,5,1.141278019
48106.64,0.509670052,0.5,6236,37,0.12225,33,34.875,37.11,0,0,0,0,0,20,0.5,0.102,5.5,0,0,0.1,0.1,0.1,0.1,0.1,0.1,0.5,0,17064,0.051746367,0.018284107,0,0,0,0,0,0,0,0,0,0,5,1.083324077
48166.72,0.531666437,0.5,6236,37,0.15985,32.9375,34.9375,36.97,0,0,0,0,0,20,0.5,0.102,5.5,0,0,0.1,0.1,0.1,0.1,0.1,0.1,0.5,0,17085,0.052033948,0.018320164,0,0,0,0,0,0,0,0,0,0,5,1.155916074
48226.8,0.551071159,0.5,6236,37,0.10445,32.9375,34.875,37.03,0,0,0,0,0,20,0.5,0.102,5.5,0,0,0.1,0.1,0.1,0.1,0.1,0.1,0.5,0,17085,0.05215101,0.018144571,0,0,0,0,0,0,0,0,0,0,5,1.205663224
48286.84,0.55942111,0.5,6236,37,0.323925,33.0625,34.9375,36.73,0,0.02,0.15,0,0,20,0.5,0.102,5.5,0,0,0.1,0.1,0.1,0.1,0.1,0.1,0.5,0,16960,0.053360849,0.018632075,0,0,0,0,0,0,0,0,0,0,0.44,1.205663224
48346.89,0.476772973,0.5,6236,37,0.580913122,32.8125,34.9375,35.59,0,0.016988887,0.25,0,0,20,0.5,0.102,5.5,0,0,0.1,0.1,0.1,0.1,0.1,0.1,0.5,0,16318,0.052641255,0.018384606,0,0,0,0,0,0,0,0,0,0,0.44,1.205663224
48406.93,0.456476905,0.5,6236,37,0.3643,32.8125,34.9375,36.45,0,0,0.07,0,0,20,0.5,0.102,5.5,0,0,0.1,0.1,0.1,0.1,0.1,0.1,0.5,0,16483,0.050597585,0.01777589,0,0,0,0,0,0,0,0,0,0,5,1.205663224
48466.98,0.472905526,0.5,6236,37,0.2028,32.875,35,37.09,0,0,0.07,0,0,20,0.5,0.102,5.5,0,0,0.1,0.1,0.1,0.1,0.1,0.1,0.5,0,15861,0.051699136,0.018346889,0,0,0,0,0,0,0,0,0,0,5,1.205663224
48527.02,0.48288409,0.5,6236,37,0.1297,33.0625,34.9375,37.35,0,0,0.07,0,0,20,0.5,0.102,5.5,0,0,0.1,0.1,0.1,0.1,0.1,0.1,0.5,0,17065,0.050454146,0.017931439,0,0,0,0,0,0,0,0,0,0,5,1.205663224
48587.09,0.465817832,0.5,6236,37,0.1195,33.0625,34.9375,37.35,0,0,0.07,0,0,20,0.5,0.102,5.5,0,0,0.1,0.1,0.1,0.1,0.1,0.1,0.5,0,15878,0.052399547,0.018516186,0,0,0,0,0,0,0,0,0,0,5,1.205663224
48647.17,0.495300454,0.5,6236,37,0.1582,33,34.9375,37.17,0,0,0.25,0,0,20,0.5,0.102,5.5,0,0,0.1,0.1,0.1,0.1,0.1,0.1,0.5,0,16201,0.052589346,0.018332202,0,0,0,0,0,0,0,0,0,0,5,1.205663224
48707.22,0.497321418,0.5,6236,37,0.1275,33,34.875,37.27,0,0,0.07,0,0,20,0.5,0.102,5.5,0,0,0.1,0.1,0.1,0.1,0.1,0.1,0.5,0,16420,0.052496955,0.018331303,0,0,0,0,0,0,0,0,0,0,5,1.205663224
48767.29,0.500241303,0.5,6236,37,0.1765,33,34.875,37.05,0,0,0.07,0,0,20,0.5,0.102,5.5,0,0,0.1,0.1,0.1,0.1,0.1,0.1,0.5,0,16574,0.053034874,0.018462652,0,0,0,0,0,0,0,0,0,0,5,1.162942226
48827.36,0.511390994,0.5,6236,37,0.172,33,34.8125,37.05,0,0,0.07,0,0,20,0.5,0.102,5.5,0,0,0.1,0.1,0.1,0.1,0.1,0.1,0.5,0,16674,0.052956699,0.01859182,0,0,0,0,0,0,0,0,0,0,5,1.17092671
48887.41,0.530738871,0.5,6236,37,0.1463,32.8125,34.8125,37.13,0,0,0.07,0,0,20,0.5,0.102,5.5,0,0,0.1,0.1,0.1,0.1,0.1,0.1,0.5,0,16822,0.053204137,0.018547141,0,0,0,0,0,0,0,0,0,0,5,1.223787412
48947.46,0.534290143,0.5,6236,37,0.1489,33,34.875,37.11,0,0,0.25,0,0,20,0.5,0.102,5.5,0,0,0.1,0.1,0.1,0.1,0.1,0.1,0.5,0,17141,0.053497462,0.01849367,0,0,0,0,0,0,0,0,0,0,5,1.182604737
49007.53,0.560391594,0.5,6236,37,0.10485,33,34.875,37.25,0,0,0,0,0,20,0.5,0.102,5.5,0,0,0.1,0.1,0.1,0.1,0.1,0.1,0.5,0,16535,0.054369519,0.018808588,0,0,0,0,0,0,0,0,0,0,5,1.266564854
49067.58,0.558529925,0.5,6236,37,0.29985,32.9375,34.875,36.89,0,0.02,0.15,0,0,20,0.5,0.102,5.5,0,0,0.1,0.1,0.1,0.1,0.1,0.1,0.5,0,17255,0.054071284,0.018661258,0,0,0,0,0,0,0,0,0,0,0.44,1.266564854
49127.64,0.502643355,0.5,6236,37,0.57465,32.6875,34.875,35.69,0,0.02,0.15,0,0,20,0.5,0.102,5.5,0,0,0.1,0.1,0.1,0.1,0.1,0.1,0.5,0,16514,0.054014775,0.018711396,0,0,0,0,0,0,0,0,0,0,0.44,1.266564854
49187.69,0.482158931,0.5,6236,37,0.49485,32.75,34.875,36.23,0,0.02,0.15,0,0,20,0.5,0.102,5.5,0,0,0.1,0.1,0.1,0.1,0.1,0.1,0.5,0,15466,0.053666106,0.01868615,0,0,0,0,0,0,0,0,0,0,0.44,1.266564854
49247.75,0.423557921,0.5,6236,37,0.4287,32.875,34.875,36.31,0,0,0.25,0,0,20,0.5,0.102,5.5,0,0,0.1,0.1,0.1,0.1,0.1,0.1,0.5,0,15853,0.051472907,0.018293068,0,0,0,0,0,0,0,0,0,0,5,1.266564854
49307.8,0.423750151,0.5,6236,37,0.1463,32.875,34.875,37.43,0,0,0.07,0,0,20,0.5,0.102,5.5,0,0,0.1,0.1,0.1,0.1,0.1,0.1,0.5,0,15001,0.052929805,0.018665422,0,0,0,0,0,0,0,0,0,0,5,1.266564854
49367.84,0.45865758,0.5,6236,37,0.086,33.125,34.9375,37.61,0,0,0.07,0,0,20,0.5,0.102,5.5,0,0,0.1,0.1,0.1,0.1,0.1,0.1,0.5,0,16220,0.051109741,0.018064118,0,0,0,0,0,0,0,0,0,0,5,1.266564854
49427.92,0.448687773,0.5,6236,37,0.1128,33.125,34.875,37.45,0,0,0.07,0,0,20,0.5,0.102,5.5,0,0,0.1,0.1,0.1,0.1,0.1,0.1,0.5,0,15582,0.052689,0.018482865,0,0,0,0,0,0,0,0,0,0,5,1.266564854
49487.97,0.464131913,0.5,6236,37,0.1894,33.0625,34.875,37.11,0,0,0.07,0,0,20,0.5,0.102,5.5,0,0,0.1,0.1,0.1,0.1,0.1,0.1,0.5,0,15751,0.052822043,0.018538505,0,0,0,0,0,0,0,0,0,0,5,1.266564854
49548.03,0.473021886,0.5,6236,37,0.1987,33.0625,34.9375,37.05,0,0,0.25,0,0,20,0.5,0.102,5.5,0,0,0.1,0.1,0.1,0.1,0.1,0.1,0.5,0,16704,0.05184387,0.0182591,0,0,0,0,0,0,0,0,0,0,5,1.266564854
49608.08,0.483224365,0.5,6236,37,0.13435,33.0625,34.9375,37.35,0,0,0.07,0,0,20,0.5,0.102,5.5,0,0,0.1,0.1,0.1,0.1,0.1,0.1,0.5,0,15220,0.055124836,0.019053876,0,0,0,0,0,0,0,0,0,0,5,1.267254842
49668.16,0.472427852,0.5,6236,37,0.11505,33.1875,34.9375,37.25,0,0,0.07,0,0,20,0.5,0.102,5.5,0,0,0.1,0.1,0.1,0.1,0.1,0.1,0.5,0,16863,0.052303861,0.01826484,0,0,0,0,0,0,0,0,0,0,5,1.136104014
49728.23,0.512163216,0.5,6236,37,0.12225,32.9375,34.875,37.21,0,0,0.07,0,0,20,0.5,0.102,5.5,0,0,0.1,0.1,0.1,0.1,0.1,0.1,0.5,0,16375,0.053312977,0.018442748,0,0,0,0,0,0,0,0,0,0,5,1.321573762
49788.3,0.506228995,0.5,6236,37,0.15445,33.125,34.875,37.11,0,0,0.07,0,0,20,0.5,0.102,5.5,0,0,0.1,0.1,0.1,0.1,0.1,0.1,0.5,0,16030,0.054273238,0.018902059,0,0,0,0,0,0,0,0,0,0,5,1.220532381
49848.38,0.519260003,0.5,6236,37,0.10965,33,34.9375,37.17,0,0,0,0,0,20,0.5,0.102,5.5,0,0,0.1,0.1,0.1,0.1,0.1,0.1,0.5,0,17171,0.052646905,0.018461359,0,0,0,0,0,0,0,0,0,0,5,1.235752564
49908.46,0.519181764,0.5,6236,37,0.14725,33.0625,34.875,37.17,0,0,0,0,0,20,0.5,0.102,5.5,0,0,0.1,0.1,0.1,0.1,0.1,0.1,0.5,0,16683,0.054306779,0.018461907,0,0,0,0,0,0,0,0,0,0,5,1.173512883
49968.54,0.541386971,0.5,6236,37,0.16835,33.0625,34.8125,36.95,0,0,0,0,0,20,0.5,0.102,5.5,0,0,0.1,0.1,0.1,0.1,0.1,0.1,0.5,0,17896,0.052749218,0.018383996,0,0,0,0,0,0,0,0,0,0,5,1.240478047
50028.59,0.547548976,0.5,6236,37,0.37085,32.9375,34.875,36.55,0,0.02,0.15,0,0,20,0.5,0.102,5.5,0,0,0.1,0.1,0.1,0.1,0.1,0.1,0.5,0,17589,0.053783615,0.018648019,0,0,0,0,0,0,0,0,0,0,0.44,1.240478047
50088.63,0.487824676,0.5,6236,37,0.629187477,32.6875,34.8125,35.45,0,0.017247045,0.138988178,0,0,20,0.5,0.102,5.5,0,0,0.1,0.1,0.1,0.1,0.1,0.1,0.5,0,15663,0.055161846,0.019153419,0,0,0,0,0,0,0,0,0,0,0.44,1.240478047
50148.68,0.452359222,0.5,6236,37,0.4236,32.8125,34.875,36.25,0,0,0.25,0,0,20,0.5,0.102,5.5,0,0,0.1,0.1,0.1,0.1,0.1,0.1,0.5,0,16279,0.052398796,0.018060077,0,0,0,0,0,0,0,0,0,0,5,1.240478047
50208.73,0.448371179,0.5,6236,37,0.21225,33,34.875,37.17,0,0,0.07,0,0,20,0.5,0.102,5.5,0,0,0.1,0.1,0.1,0.1,0.1,0.1,0.5,0,16202,0.052956425,0.018577953,0,0,0,0,0,0,0,0,0,0,5,1.240478047
50268.82,0.480442756,0.5,6236,37,0.18035,33.125,34.875,37.37,0,0,0.07,0,0,20,0.5,0.102,5.5,0,0,0.1,0.1,0.1,0.1,0.1,0.1,0.5,0,16094,0.053560333,0.018391947,0,0,0,0,0,0,0,0,0,0,5,1.240478047
50328.87,0.483130331,0.5,6236,37,0.10975,33.1875,34.875,37.19,0,0,0.07,0,0,20,0.5,0.102,5.5,0,0,0.1,0.1,0.1,0.1,0.1,0.1,0.5,0,17443,0.051367311,0.018230809,0,0,0,0,0,0,0,0,0,0,5,1.240478047
50388.94,0.482402643,0.5,6236,37,0.10775,33.1875,34.875,37.29,0,0,0.07,0,0,20,0.5,0.102,5.5,0,0,0.1,0.1,0.1,0.1,0.1,0.1,0.5,0,17031,0.052844812,0.018378251,0,0,0,0,0,0,0,0,0,0,5,1.240478047
50448.98,0.499101435,0.5,6236,37,0.2033,33.125,34.9375,36.95,0,0,0.25,0,0,20,0.5,0.102,5.5,0,0,0.1,0.1,0.1,0.1,0.1,0.1,0.5,0,16863,0.053193382,0.018561347,0,0,0,0,0,0,0,0,0,0,5,1.240478047
50509.01,0.505160407,0.5,6236,37,0.17755,33.0625,34.9375,37.11,0,0,0.07,0,0,20,0.5,0.102,5.5,0,0,0.1,0.1,0.1,0.1,0.1,0.1,0.5,0,17738,0.052711692,0.018322246,0,0,0,0,0,0,0,0,0,0,5,1.214654139
50569.05,0.543654153,0.5,6236,37,0.10095,33.0625,34.9375,37.05,0,0,0.07,0,0,20,0.5,0.102,5.5,0,0,0.1,0.1,0.1,0.1,0.1,0.1,0.5,0,16972,0.053912326,0.018736743,0,0,0,0,0,0,0,0,0,0,5,1.374233271
50629.1,0.529183745,0.5,6236,37,0.15465,32.875,34.875,37.01,0,0,0.07,0,0,20,0.5,0.102,5.5,0,0,0.1,0.1,0.1,0.1,0.1,0.1,0.5,0,17277,0.05382879,0.018811136,0,0,0,0,0,0,0,0,0,0,5,1.224588865
50689.15,0.534640261,0.5,6236,37,0.12785,33.0625,34.875,36.87,0,0,0.07,0,0,20,0.5,0.102,5.5,0,0,0.1,0.1,0.1,0.1,0.1,0.1,0.5,0,18278,0.052795711,0.018382755,0,0,0,0,0,0,0,0,0,0,5,1.194134607
50749.2,0.55665231,0.5,6236,37,0.10065,33,34.875,37.09,0,0,0,0,0,20,0.5,0.102,5.5,0,0,0.1,0.1,0.1,0.1,0.1,0.1,0.5,0,17840,0.053811659,0.018553812,0,0,0,0,0,0,0,0,0,0,5,1.25546802
50809.26,0.564549708,0.5,6236,37,0.406275,33,34.8125,36.39,0,0.02,0.15,0,0,20,0.5,0.102,5.5,0,0,0.1,0.1,0.1,0.1,0.1,0.1,0.5,0,17546,0.054884304,0.018978685,0,0,0,0,0,0,0,0,0,0,0.44,1.25546802
50869.31,0.518637763,0.5,6236,37,0.548575,32.8125,34.8125,35.83,0,0.02,0.15,0,0,20,0.5,0.102,5.5,0,0,0.1,0.1,0.1,0.1,0.1,0.1,0.5,0,17449,0.053240873,0.018511089,0,0,0,0,0,0,0,0,0,0,0.44,1.25546802
50929.35,0.453903425,0.5,6236,37,0.624675,32.8125,34.8125,35.61,0,0.02,0.15,0,0,20,0.5,0.102,5.5,0,0,0.1,0.1,0.1,0.1,0.1,0.1,0.5,0,16596,0.052844059,0.018377922,0,0,0,0,0,0,0,0,0,0,0.44,1.25546802
50989.42,0.437754309,0.5,6236,37,0.482125,32.6875,34.75,36.45,0,0,0.07,0,0,20,0.5,0.102,5.5,0,0,0.1,0.1,0.1,0.1,0.1,0.1,0.5,0,15454,0.053190113,0.018571244,0,0,0,0,0,0,0,0,0,0,5,1.25546802
51049.49,0.43089782,0.5,6236,37,0.2406,32.9375,34.8125,37.03,0,0,0.25,0,0,20,0.5,0.102,5.5,0,0,0.1,0.1,0.1,0.1,0.1,0.1,0.5,0,17176,0.050710293,0.017815557,0,0,0,0,0,0,0,0,0,0,5,1.25546802
51109.54,0.444944447,0.5,6236,37,0.13415,33.0625,34.8125,37.43,0,0,0.07,0,0,20,0.5,0.102,5.5,0,0,0.1,0.1,0.1,0.1,0.1,0.1,0.5,0,16037,0.052565941,0.018582029,0,0,0,0,0,0,0,0,0,0,5,1.25546802
51169.59,0.466349686,0.5,6236,37,0.11445,33,34.8125,37.41,0,0,0.07,0,0,20,0.5,0.102,5.5,0,0,0.1,0.1,0.1,0.1,0.1,0.1,0.5,0,15889,0.053370256,0.01862924,0,0,0,0,0,0,0,0,0,0,5,1.25546802
51229.65,0.45613838,0.5,6236,37,0.13335,33.125,34.875,37.25,0,0,0.07,0,0,20,0.5,0.102,5.5,0,0,0.1,0.1,0.1,0.1,0.1,0.1,0.5,0,16160,0.05365099,0.018626238,0,0,0,0,0,0,0,0,0,0,5,1.25546802
51289.72,0.457760377,0.5,6236,37,0.10195,33.125,34.875,37.17,0,0,0.07,0,0,20,0.5,0.102,5.5,0,0,0.1,0.1,0.1,0.1,0.1,0.1,0.5,0,15739,0.05476841,0.018997395,0,0,0,0,0,0,0,0,0,0,5,1.25546802
51349.76,0.493030997,0.5,6236,37,0.1281,33.0625,34.8125,37.27,0,0,0.25,0,0,20,0.5,0.102,5.5,0,0,0.1,0.1,0.1,0.1,0.1,0.1,0.5,0,16112,0.054555611,0.018805859,0,0,0,0,0,0,0,0,0,0,5,1.415373205
51409.8,0.497135122,0.5,6236,37,0.06575,33.0625,34.8125,37.11,0,0,0.07,0,0,20,0.5,0.102,5.5,0,0,0.1,0.1,0.1,0.1,0.1,0.1,0.5,0,17052,0.053248886,0.018648839,0,0,0,0,0,0,0,0,0,0,5,1.369473998
51469.87,0.497239403,0.5,6236,37,0.17245,33.0625,34.875,36.93,0,0,0.07,0,0,20,0.5,0.102,5.5,0,0,0.1,0.1,0.1,0.1,0.1,0.1,0.5,0,17525,0.053238231,0.018259629,0,0,0,0,0,0,0,0,0,0,5,1.301629524
51529.93,0.495863293,0.5,6236,37,0.12795,32.9375,34.875,37.03,0,0,0.07,0,0,20,0.5,0.102,5.5,0,0,0.1,0.1,0.1,0.1,0.1,0.1,0.5,0,16999,0.054003177,0.018530502,0,0,0,0,0,0,0,0,0,0,5,1.228234033
51590.02,0.52386861,0.5,6236,37,0.12195,32.9375,34.875,37.01,0,0,0,0,0,20,0.5,0.102,5.5,0,0,0.1,0.1,0.1,0.1,0.1,0.1,0.5,0,17411,0.053759118,0.01855149,0,0,0,0,0,0,0,0,0,0,5,1.331644249
51650.06,0.542125573,0.5,6236,37,0.10275,33,34.875,36.97,0,0,0,0,0,20,0.5,0.102,5.5,0,0,0.1,0.1,0.1,0.1,0.1,0.1,0.5,0,17328,0.054536011,0.018871191,0,0,0,0,0,0,0,0,0,0,5,1.36783229
51710.12,0.543468395,0.5,6236,37,0.30325,33.0625,34.875,36.87,0,0.02,0.15,0,0,20,0.5,0.102,5.5,0,0,0.1,0.1,0.1,0.1,0.1,0.1,0.5,0,17049,0.055311162,0.019062702,0,0,0,0,0,0,0,0,0,0,0.44,1.36783229
51770.18,0.486563311,0.5,6236,37,0.569579673,32.75,34.8125,35.69,0,0.016674495,0.136697979,0,0,20,0.5,0.102,5.5,0,0,0.1,0.1,0.1,0.1,0.1,0.1,0.5,0,16873,0.053635986,0.018668879,0,0,0,0,0,0,0,0,0,0,0.44,1.36783229
51830.24,0.433414585,0.5,6236,37,0.562432022,32.8125,34.875,36.29,0,0,0.07,0,0,20,0.5,0.102,5.5,0,0,0.1,0.1,0.1,0.1,0.1,0.1,0.5,0,16515,0.052618831,0.01852861,0,0,0,0,0,0,0,0,0,0,5,1.36783229
51890.32,0.470948105,0.5,6236,37,0.26455,32.8125,34.875,37.05,0,0,0.07,0,0,20,0.5,0.102,5.5,0,0,0.1,0.1,0.1,0.1,0.1,0.1,0.5,0,16068,0.053149116,0.018546179,0,0,0,0,0,0,0,0,0,0,5,1.36783229
51950.34,0.464689802,0.5,6236,37,0.2555,33.0625,34.9375,36.89,0,0,0.25,0,0,20,0.5,0.102,5.5,0,0,0.1,0.1,0.1,0.1,0.1,0.1,0.5,0,16036,0.053941132,0.018645548,0,0,0,0,0,0,0,0,0,0,5,1.36783229
52010.39,0.463591317,0.5,6236,37,0.16175,33.125,34.9375,37.33,0,0,0.07,0,0,20,0.5,0.102,5.5,0,0,0.1,0.1,0.1,0.1,0.1,0.1,0.5,0,16128,0.054191468,0.018725198,0,0,0,0,0,0,0,0,0,0,5,1.36783229
52070.43,0.477405828,0.5,6236,37,0.10265,33.0625,34.9375,37.43,0,0,0.07,0,0,20,0.5,0.102,5.5,0,0,0.1,0.1,0.1,0.1,0.1,0.1,0.5,0,15644,0.055548453,0.019176681,0,0,0,0,0,0,0,0,0,0,5,1.36783229
52130.5,0.487588219,0.5,6236,37,0.10895,33.1875,34.875,37.19,0,0,0.07,0,0,20,0.5,0.102,5.5,0,0,0.1,0.1,0.1,0.1,0.1,0.1,0.5,0,16690,0.054104254,0.018633913,0,0,0,0,0,0,0,0,0,0,5,1.36783229
52190.59,0.483415464,0.5,6236,37,0.12675,33.125,34.875,37.21,0,0,0.07,0,0,20,0.5,0.102,5.5,0,0,0.1,0.1,0.1,0.1,0.1,0.1,0.5,0,16509,0.055121449,0.019019929,0,0,0,0,0,0,0,0,0,0,5,1.273656339
52250.62,0.496550527,0.5,6236,37,0.1844,33,34.875,37.01,0,0,0.25,0,0,20,0.5,0.102,5.5,0,0,0.1,0.1,0.1,0.1,0.1,0.1,0.5,0,16923,0.054659339,0.018672812,0,0,0,0,0,0,0,0,0,0,5,1.290399881
52310.67,0.525874303,0.5,6236,37,0.15775,33,34.875,37.13,0,0,0.07,0,0,20,0.5,0.102,5.5,0,0,0.1,0.1,0.1,0.1,0.1,0.1,0.5,0,17083,0.054849851,0.018790611,0,0,0,0,0,0,0,0,0,0,5,1.398010806
52370.76,0.531838846,0.5,6236,37,0.13525,32.9375,34.875,37.05,0,0,0.07,0,0,20,0.5,0.102,5.5,0,0,0.1,0.1,0.1,0.1,0.1,0.1,0.5,0,17777,0.054058615,0.01873207,0,0,0,0,0,0,0,0,0,0,5,1.36194518
52430.82,0.544936014,0.5,6236,37,0.14485,33,34.875,37.19,0,0,0,0,0,20,0.5,0.102,5.5,0,0,0.1,0.1,0.1,0.1,0.1,0.1,0.5,0,16773,0.056579026,0.019376379,0,0,0,0,0,0,0,0,0,0,5,1.366831503
52490.85,0.558505277,0.5,6236,37,0.40125,32.9375,34.875,36.41,0,0.02,0.15,0,0,20,0.5,0.102,5.5,0,0,0.1,0.1,0.1,0.1,0.1,0.1,0.5,0,17420,0.055281286,0.019058553,0,0,0,0,0,0,0,0,0,0,0.44,1.366831503
52550.92,0.504350003,0.5,6236,37,0.52815,32.75,34.875,35.93,0,0.02,0.25,0,0,20,0.5,0.102,5.5,0,0,0.1,0.1,0.1,0.1,0.1,0.1,0.5,0,17005,0.054395766,0.018817995,0,0,0,0,0,0,0,0,0,0,0.44,1.366831503
52610.98,0.455008224,0.5,6236,37,0.523041892,32.75,34.9375,36.01,0,0.014598375,0.128393499,0,0,20,0.5,0.102,5.5,0,0,0.1,0.1,0.1,0.1,0.1,0.1,0.5,0,15785,0.054925562,0.019005385,0,0,0,0,0,0,0,0,0,0,0.44,1.366831503
52671.02,0.416262951,0.5,6236,37,0.510471404,32.875,34.9375,36.31,0,0,0.07,0,0,20,0.5,0.102,5.5,0,0,0.1,0.1,0.1,0.1,0.1,0.1,0.5,0,15268,0.054165575,0.018666492,0,0,0,0,0,0,0,0,0,0,5,1.366831503
52731.09,0.423952917,0.5,6236,37,0.22225,33,34.875,36.85,0,0,0.07,0,0,20,0.5,0.102,5.5,0,0,0.1,0.1,0.1,0.1,0.1,0.1,0.5,0,15253,0.05402216,0.018815971,0,0,0,0,0,0,0,0,0,0,5,1.366831503
52791.16,0.427788421,0.5,6236,37,0.15825,33.0625,34.875,37.19,0,0,0.07,0,0,20,0.5,0.102,5.5,0,0,0.1,0.1,0.1,0.1,0.1,0.1,0.5,0,16019,0.053249266,0.018602909,0,0,0,0,0,0,0,0,0,0,5,1.366831503
52851.23,0.442729032,0.5,6236,37,0.1784,33.25,34.875,37.19,0,0,0.25,0,0,20,0.5,0.102,5.5,0,0,0.1,0.1,0.1,0.1,0.1,0.1,0.5,0,15361,0.055009439,0.018878979,0,0,0,0,0,0,0,0,0,0,5,1.366831503
52911.27,0.453502391,0.5,6236,37,0.11195,33.0625,34.9375,37.27,0,0,0.07,0,0,20,0.5,0.102,5.5,0,0,0.1,0.1,0.1,0.1,0.1,0.1,0.5,0,15801,0.054553509,0.018859566,0,0,0,0,0,0,0,0,0,0,5,1.366831503
52971.34,0.467488259,0.5,6236,37,0.13825,33.0625,34.9375,37.19,0,0,0.07,0,0,20,0.5,0.102,5.5,0,0,0.1,0.1,0.1,0.1,0.1,0.1,0.5,0,16634,0.05320428,0.018456174,0,0,0,0,0,0,0,0,0,0,5,1.366831503
53031.4,0.453579038,0.5,6236,37,0.16255,33.1875,34.875,37.33,0,0,0.07,0,0,20,0.5,0.102,5.5,0,0,0.1,0.1,0.1,0.1,0.1,0.1,0.5,0,16180,0.054573548,0.018912237,0,0,0,0,0,0,0,0,0,0,5,1.207875839
53091.47,0.468961195,0.5,6236,37,0.15035,33.1875,34.9375,37.19,0,0,0.07,0,0,20,0.5,0.102,5.5,0,0,0.1,0.1,0.1,0.1,0.1,0.1,0.5,0,16965,0.053521957,0.018626584,0,0,0,0,0,0,0,0,0,0,5,1.247533506
53151.51,0.489109942,0.5,6236,37,0.1403,33.1875,34.9375,37.19,0,0,0.25,0,0,20,0.5,0.102,5.5,0,0,0.1,0.1,0.1,0.1,0.1,0.1,0.5,0,16408,0.054668454,0.018954169,0,0,0,0,0,0,0,0,0,0,5,1.311358638
53211.57,0.49279716,0.5,6236,37,0.14275,33.125,34.875,37.05,0,0,0.07,0,0,20,0.5,0.102,5.5,0,0,0.1,0.1,0.1,0.1,0.1,0.1,0.5,0,16541,0.055075268,0.018983133,0,0,0,0,0,0,0,0,0,0,5,1.268321774
53271.65,0.500284104,0.5,6236,37,0.06525,33,34.9375,37.17,0,0,0,0,0,20,0.5,0.102,5.5,0,0,0.1,0.1,0.1,0.1,0.1,0.1,0.5,0,17000,0.055058824,0.018882353,0,0,0,0,0,0,0,0,0,0,5,1.250141169
53331.73,0.519702716,0.5,6236,37,0.10425,33.0625,34.9375,37.09,0,0,0,0,0,20,0.5,0.102,5.5,0,0,0.1,0.1,0.1,0.1,0.1,0.1,0.5,0,17231,0.054726946,0.018861355,0,0,0,0,0,0,0,0,0,0,5,1.301876522
53391.79,0.514267889,0.5,6236,37,0.12415,33.0625,34.9375,37.11,0,0,0,0,0,20,0.5,0.102,5.5,0,0,0.1,0.1,0.1,0.1,0.1,0.1,0.5,0,16951,0.055984898,0.019054923,0,0,0,0,0,0,0,0,0,0,5,1.205244793
53451.87,0.536953303,0.5,6236,37,0.13495,33.125,34.9375,37.11,0,0,0,0,0,20,0.5,0.102,5.5,0,0,0.1,0.1,0.1,0.1,0.1,0.1,0.5,0,17322,0.055824962,0.019108648,0,0,0,0,0,0,0,0,0,0,5,1.274483004
53511.94,0.526636749,0.5,6236,37,0.15375,33,34.9375,37.17,0,0,0,0,0,20,0.5,0.102,5.5,0,0,0.1,0.1,0.1,0.1,0.1,0.1,0.5,0,16749,0.057078035,0.019523554,0,0,0,0,0,0,0,0,0,0,5,1.152558549
53572,0.556677939,0.5,6236,37,0.15195,32.9375,34.9375,37.11,0,0,0,0,0,20,0.5,0.102,5.5,0,0,0.1,0.1,0.1,0.1,0.1,0.1,0.5,0,19157,0.053192045,0.018531085,0,0,0,0,0,0,0,0,0,0,5,1.261358132
53632.11,0.572999125,0.5,6236,37,0.476125,32.9375,34.9375,35.99,0,0.02,0.15,0,0,20,0.5,0.102,5.5,0,0,0.1,0.1,0.1,0.1,0.1,0.1,0.5,0,18052,0.055783293,0.018945269,0,0,0,0,0,0,0,0,0,0,0.44,1.261358132
53692.15,0.494212992,0.5,6236,37,0.5869,32.75,35,35.59,0,0.02,0.15,0,0,20,0.5,0.102,5.5,0,0,0.1,0.1,0.1,0.1,0.1,0.1,0.5,0,16901,0.055795515,0.019052127,0,0,0,0,0,0,0,0,0,0,0.44,1.261358132
53752.22,0.460666847,0.5,6236,37,0.602613453,32.75,35,35.67,0,0.016724449,0.25,0,0,20,0.5,0.102,5.5,0,0,0.1,0.1,0.1,0.1,0.1,0.1,0.5,0,15988,0.055291469,0.019014261,0,0,0,0,0,0,0,0,0,0,0.44,1.261358132
53812.26,0.44426086,0.5,6236,37,0.497577682,32.875,35,36.47,0,0,0.07,0,0,20,0.5,0.102,5.5,0,0,0.1,0.1,0.1,0.1,0.1,0.1,0.5,0,16175,0.053353941,0.018485317,0,0,0,0,0,0,0,0,0,0,5,1.261358132
53872.3,0.431322866,0.5,6236,37,0.21295,33,35,37.01,0,0,0.07,0,0,20,0.5,0.102,5.5,0,0,0.1,0.1,0.1,0.1,0.1,0.1,0.5,0,15203,0.05492337,0.018877853,0,0,0,0,0,0,0,0,0,0,5,1.261358132
53932.34,0.447794698,0.5,6236,37,0.16125,33.25,35,37.17,0,0,0.07,0,0,20,0.5,0.102,5.5,0,0,0.1,0.1,0.1,0.1,0.1,0.1,0.5,0,15865,0.054144343,0.018531358,0,0,0,0,0,0,0,0,0,0,5,1.261358132
53992.39,0.444878333,0.5,6236,37,0.13955,33.1875,35,37.29,0,0,0.07,0,0,20,0.5,0.102,5.5,0,0,0.1,0.1,0.1,0.1,0.1,0.1,0.5,0,16436,0.053358481,0.018435142,0,0,0,0,0,0,0,0,0,0,5,1.261358132
54052.47,0.463205999,0.5,6236,37,0.193,33.1875,35,37.11,0,0,0.25,0,0,20,0.5,0.102,5.5,0,0,0.1,0.1,0.1,0.1,0.1,0.1,0.5,0,16230,0.054282193,0.018545903,0,0,0,0,0,0,0,0,0,0,5,1.261358132
54112.53,0.472417796,0.5,6236,37,0.11185,33.125,35,37.35,0,0,0.07,0,0,20,0.5,0.102,5.5,0,0,0.1,0.1,0.1,0.1,0.1,0.1,0.5,0,15648,0.055534254,0.019107873,0,0,0,0,0,0,0,0,0,0,5,1.261358132
54172.58,0.465992335,0.5,6236,37,0.13545,33.25,35,37.37,0,0,0.07,0,0,20,0.5,0.102,5.5,0,0,0.1,0.1,0.1,0.1,0.1,0.1,0.5,0,16264,0.054906542,0.01881456,0,0,0,0,0,0,0,0,0,0,5,1.15720652
54232.64,0.483525424,0.5,6236,37,0.10935,33.1875,34.9375,37.37,0,0,0.07,0,0,20,0.5,0.102,5.5,0,0,0.1,0.1,0.1,0.1,0.1,0.1,0.5,0,16191,0.055524674,0.019084677,0,0,0,0,0,0,0,0,0,0,5,1.210150329
54292.67,0.494134392,0.5,6236,37,0.13775,33.0625,34.9375,37.13,0,0,0.07,0,0,20,0.5,0.102,5.5,0,0,0.1,0.1,0.1,0.1,0.1,0.1,0.5,0,16798,0.05512561,0.018871294,0,0,0,0,0,0,0,0,0,0,5,1.214753707
54352.72,0.51016249,0.5,6236,37,0.2181,33,35,36.85,0,0,0.25,0,0,20,0.5,0.102,5.5,0,0,0.1,0.1,0.1,0.1,0.1,0.1,0.5,0,16324,0.056787552,0.019051703,0,0,0,0,0,0,0,0,0,0,5,1.249781284
54412.79,0.517645256,0.5,6236,37,0.13025,32.9375,34.9375,37.17,0,0,0,0,0,20,0.5,0.102,5.5,0,0,0.1,0.1,0.1,0.1,0.1,0.1,0.5,0,17309,0.054826969,0.018949679,0,0,0,0,0,0,0,0,0,0,5,1.23097489
54472.87,0.517489294,0.5,6236,37,0.12335,33.1875,34.9375,37.17,0,0,0,0,0,20,0.5,0.102,5.5,0,0,0.1,0.1,0.1,0.1,0.1,0.1,0.5,0,17102,0.055432113,0.019120571,0,0,0,0,0,0,0,0,0,0,5,1.168522135
54532.93,0.542514344,0.5,6236,37,0.14565,33.125,35,37.11,0,0,0,0,0,20,0.5,0.102,5.5,0,0,0.1,0.1,0.1,0.1,0.1,0.1,0.5,0,16894,0.05664733,0.019355984,0,0,0,0,0,0,0,0,0,0,5,1.251773096
54592.99,0.538153262,0.5,6236,37,0.13645,32.9375,35,36.97,0,0,0,0,0,20,0.5,0.102,5.5,0,0,0.1,0.1,0.1,0.1,0.1,0.1,0.5,0,17435,0.055921996,0.019099512,0,0,0,0,0,0,0,0,0,0,5,1.164971047
54653.07,0.548311921,0.5,6236,37,0.11345,33.0625,35.0625,37.19,0,0,0,0,0,20,0.5,0.102,5.5,0,0,0.1,0.1,0.1,0.1,0.1,0.1,0.5,0,17853,0.055676917,0.018988405,0,0,0,0,0,0,0,0,0,0,5,1.162825286
54713.14,0.557642352,0.5,6236,37,0.18875,33.125,35,37.09,0,0.02,0.15,0,0,20,0.5,0.102,5.5,0,0,0.1,0.1,0.1,0.1,0.1,0.1,0.5,0,16891,0.058078267,0.019537032,0,0,0,0,0,0,0,0,0,0,0.44,1.162825286
54773.21,0.521776175,0.5,6236,37,0.38775,32.9375,35,36.47,0,0.02,0.15,0,0,20,0.5,0.102,5.5,0,0,0.1,0.1,0.1,0.1,0.1,0.1,0.5,0,16758,0.056868361,0.019274376,0,0,0,0,0,0,0,0,0,0,0.44,1.162825286
54833.27,0.488574748,0.5,6236,37,0.45445,32.8125,35,36.49,0,0.02,0.15,0,0,20,0.5,0.102,5.5,0,0,0.1,0.1,0.1,0.1,0.1,0.1,0.5,0,15621,0.057166635,0.019332949,0,0,0,0,0,0,0,0,0,0,0.44,1.162825286
54893.31,0.438647975,0.5,6236,37,0.50835,32.9375,35,36.47,0,0,0.07,0,0,20,0.5,0.102,5.5,0,0,0.1,0.1,0.1,0.1,0.1,0.1,0.5,0,15983,0.054307702,0.01864481,0,0,0,0,0,0,0,0,0,0,5,1.162825286
54953.36,0.451087229,0.5,6236,37,0.2502,33.125,35.0625,36.97,0,0,0.25,0,0,20,0.5,0.102,5.5,0,0,0.1,0.1,0.1,0.1,0.1,0.1,0.5,0,16599,0.053075486,0.018434845,0,0,0,0,0,0,0,0,0,0,5,1.162825286
55013.42,0.452832315,0.5,6236,37,0.14465,33.1875,35,37.29,0,0,0.07,0,0,20,0.5,0.102,5.5,0,0,0.1,0.1,0.1,0.1,0.1,0.1,0.5,0,15762,0.055386372,0.019033118,0,0,0,0,0,0,0,0,0,0,5,1.162825286
55073.47,0.459669167,0.5,6236,37,0.05135,33.0625,35,37.27,0,0,0.07,0,0,20,0.5,0.102,5.5,0,0,0.1,0.1,0.1,0.1,0.1,0.1,0.5,0,16172,0.054971556,0.018797922,0,0,0,0,0,0,0,0,0,0,5,1.162825286
55133.52,0.459444734,0.5,6236,37,0.11675,33.125,35,37.33,0,0,0.07,0,0,20,0.5,0.102,5.5,0,0,0.1,0.1,0.1,0.1,0.1,0.1,0.5,0,16183,0.055057777,0.018970525,0,0,0,0,0,0,0,0,0,0,5,1.162825286
55193.58,0.475000187,0.5,6236,37,0.12715,33.125,34.9375,37.25,0,0,0.07,0,0,20,0.5,0.102,5.5,0,0,0.1,0.1,0.1,0.1,0.1,0.1,0.5,0,16276,0.055726223,0.019046449,0,0,0,0,0,0,0,0,0,0,5,1.162825286
55253.65,0.480350451,0.5,6236,37,0.2013,33.0625,35,36.97,0,0,0.25,0,0,20,0.5,0.102,5.5,0,0,0.1,0.1,0.1,0.1,0.1,0.1,0.5,0,16465,0.055633161,0.018949286,0,0,0,0,0,0,0,0,0,0,5,1.138286258
55313.71,0.485908515,0.5,6236,37,0.12755,32.9375,34.9375,37.17,0,0,0.07,0,0,20,0.5,0.102,5.5,0,0,0.1,0.1,0.1,0.1,0.1,0.1,0.5,0,17122,0.054666511,0.01874781,0,0,0,0,0,0,0,0,0,0,5,1.115885212
55373.77,0.50077053,0.5,6236,37,0.09445,33,35,37.09,0,0,0.07,0,0,20,0.5,0.102,5.5,0,0,0.1,0.1,0.1,0.1,0.1,0.1,0.5,0,17660,0.054246886,0.018742922,0,0,0,0,0,0,0,0,0,0,5,1.150473772
55433.84,0.515528623,0.5,6236,37,0.10845,33.125,35,37.21,0,0,0.07,0,0,20,0.5,0.102,5.5,0,0,0.1,0.1,0.1,0.1,0.1,0.1,0.5,0,17407,0.054920434,0.018842994,0,0,0,0,0,0,0,0,0,0,5,1.180084648
55493.9,0.533320665,0.5,6236,37,0.11895,32.9375,35,37.03,0,0,0,0,0,20,0.5,0.102,5.5,0,0,0.1,0.1,0.1,0.1,0.1,0.1,0.5,0,17308,0.055754564,0.019181881,0,0,0,0,0,0,0,0,0,0,5,1.222870533
55553.98,0.52819133,0.5,6236,37,0.10325,32.9375,35.0625,37.05,0,0,0,0,0,20,0.5,0.102,5.5,0,0,0.1,0.1,0.1,0.1,0.1,0.1,0.5,0,17692,0.055674881,0.018991635,0,0,0,0,0,0,0,0,0,0,5,1.132734165
55614.06,0.542847012,0.5,6236,37,0.12055,32.9375,35,37.05,0,0,0,0,0,20,0.5,0.102,5.5,0,0,0.1,0.1,0.1,0.1,0.1,0.1,0.5,0,18442,0.054603622,0.018761523,0,0,0,0,0,0,0,0,0,0,5,1.1582043
55674.13,0.553631481,0.5,6236,37,0.13875,32.9375,35.0625,36.93,0,0.02,0.15,0,0,20,0.5,0.102,5.5,0,0,0.1,0.1,0.1,0.1,0.1,0.1,0.5,0,18261,0.055528175,0.018947484,0,0,0,0,0,0,0,0,0,0,0.44,1.1582043
55734.22,0.508679733,0.5,6236,37,0.380525,32.875,35.0625,36.49,0,0.02,0.15,0,0,20,0.5,0.102,5.5,0,0,0.1,0.1,0.1,0.1,0.1,0.1,0.5,0,16741,0.056687175,0.019293949,0,0,0,0,0,0,0,0,0,0,0.44,1.1582043
55794.29,0.461027155,0.5,6236,37,0.499025,32.875,35,36.07,0,0.02,0.15,0,0,20,0.5,0.102,5.5,0,0,0.1,0.1,0.1,0.1,0.1,0.1,0.5,0,16309,0.055552149,0.01900791,0,0,0,0,0,0,0,0,0,0,0.44,1.1582043
55854.34,0.41508525,0.5,6236,37,0.4409,32.875,35,36.29,0,0,0.25,0,0,20,0.5,0.102,5.5,0,0,0.1,0.1,0.1,0.1,0.1,0.1,0.5,0,15933,0.053976025,0.01870332,0,0,0,0,0,0,0,0,0,0,5,1.1582043
55914.41,0.424917385,0.5,6236,37,0.17595,33.0625,35,37.33,0,0,0.07,0,0,20,0.5,0.102,5.5,0,0,0.1,0.1,0.1,0.1,0.1,0.1,0.5,0,15751,0.054472732,0.018792458,0,0,0,0,0,0,0,0,0,0,5,1.1582043
55974.44,0.43876428,0.5,6236,37,0.11685,33.0625,35,37.51,0,0,0.07,0,0,20,0.5,0.102,5.5,0,0,0.1,0.1,0.1,0.1,0.1,0.1,0.5,0,15745,0.054620514,0.019053668,0,0,0,0,0,0,0,0,0,0,5,1.1582043
56034.48,0.428671269,0.5,6236,37,0.10535,33.1875,35,37.37,0,0,0.07,0,0,20,0.5,0.102,5.5,0,0,0.1,0.1,0.1,0.1,0.1,0.1,0.5,0,15761,0.055262991,0.018970877,0,0,0,0,0,0,0,0,0,0,5,1.1582043
56094.55,0.448657615,0.5,6236,37,0.12745,33.125,34.9375,37.37,0,0,0.07,0,0,20,0.5,0.102,5.5,0,0,0.1,0.1,0.1,0.1,0.1,0.1,0.5,0,15635,0.055836265,0.019059802,0,0,0,0,0,0,0,0,0,0,5,1.1582043
56154.62,0.468196477,0.5,6236,37,0.2106,33.1875,35,36.97,0,0,0.25,0,0,20,0.5,0.102,5.5,0,0,0.1,0.1,0.1,0.1,0.1,0.1,0.5,0,16610,0.054906683,0.01884407,0,0,0,0,0,0,0,0,0,0,5,1.1582043
56214.67,0.475156793,0.5,6236,37,0.16865,33.0625,35.0625,37.17,0,0,0.07,0,0,20,0.5,0.102,5.5,0,0,0.1,0.1,0.1,0.1,0.1,0.1,0.5,0,16773,0.054790437,0.018839802,0,0,0,0,0,0,0,0,0,0,5,1.144564511
56274.74,0.477833814,0.5,6236,37,0.12675,33.0625,35,37.37,0,0,0.07,0,0,20,0.5,0.102,5.5,0,0,0.1,0.1,0.1,0.1,0.1,0.1,0.5,0,16581,0.055666124,0.018997648,0,0,0,0,0,0,0,0,0,0,5,1.104190776
56334.81,0.484914223,0.5,6236,37,0.09065,33,35.0625,37.17,0,0,0.07,0,0,20,0.5,0.102,5.5,0,0,0.1,0.1,0.1,0.1,0.1,0.1,0.5,0,16279,0.056575957,0.019165796,0,0,0,0,0,0,0,0,0,0,5,1.093108276
56394.86,0.502842487,0.5,6236,37,0.15735,32.875,35,37.03,0,0,0.07,0,0,20,0.5,0.102,5.5,0,0,0.1,0.1,0.1,0.1,0.1,0.1,0.5,0,16654,0.056322805,0.019154557,0,0,0,0,0,0,0,0,0,0,5,1.147367735
56454.9,0.50725502,0.5,6236,37,0.10905,32.875,34.9375,37.21,0,0,0,0,0,20,0.5,0.102,5.5,0,0,0.1,0.1,0.1,0.1,0.1,0.1,0.5,0,16627,0.056654839,0.019366091,0,0,0,0,0,0,0,0,0,0,5,1.116210054
56514.98,0.530214557,0.5,6236,37,0.12365,33,35,37.01,0,0,0,0,0,20,0.5,0.102,5.5,0,0,0.1,0.1,0.1,0.1,0.1,0.1,0.5,0,17046,0.056318198,0.019183386,0,0,0,0,0,0,0,0,0,0,5,1.193203172
56575.02,0.532910154,0.5,6236,37,0.13475,33,35,37.11,0,0,0,0,0,20,0.5,0.102,5.5,0,0,0.1,0.1,0.1,0.1,0.1,0.1,0.5,0,16895,0.05711749,0.019354839,0,0,0,0,0,0,0,0,0,0,5,1.148756296
56635.05,0.544432469,0.5,6236,37,0.15675,33.125,35,36.95,0,0,0,0,0,20,0.5,0.102,5.5,0,0,0.1,0.1,0.1,0.1,0.1,0.1,0.5,0,18163,0.055387326,0.018884546,0,0,0,0,0,0,0,0,0,0,5,1.155491685
56695.08,0.550922181,0.5,6236,37,0.16905,33,35.0625,37.21,0,0.02,0.15,0,0,20,0.5,0.102,5.5,0,0,0.1,0.1,0.1,0.1,0.1,0.1,0.5,0,17670,0.056423316,0.019354839,0,0,0,0,0,0,0,0,0,0,0.44,1.155491685
56755.16,0.509729691,0.5,6236,37,0.543875,33.0625,35.0625,35.77,0,0.02,0.25,0,0,20,0.5,0.102,5.5,0,0,0.1,0.1,0.1,0.1,0.1,0.1,0.5,0,17016,0.056535026,0.019275976,0,0,0,0,0,0,0,0,0,0,0.44,1.155491685
56815.19,0.460320444,0.5,6236,37,0.510725,32.875,35.0625,36.17,0,0.02,0.15,0,0,20,0.5,0.102,5.5,0,0,0.1,0.1,0.1,0.1,0.1,0.1,0.5,0,17033,0.054130218,0.01878706,0,0,0,0,0,0,0,0,0,0,0.44,1.155491685
56875.24,0.421091596,0.5,6236,37,0.556525,32.8125,35,36.23,0,0,0.07,0,0,20,0.5,0.102,5.5,0,0,0.1,0.1,0.1,0.1,0.1,0.1,0.5,0,15058,0.055452251,0.019059636,0,0,0,0,0,0,0,0,0,0,5,1.155491685
56935.29,0.420312223,0.5,6236,37,0.22505,33.125,35.0625,37.05,0,0,0.07,0,0,20,0.5,0.102,5.5,0,0,0.1,0.1,0.1,0.1,0.1,0.1,0.5,0,16377,0.05300116,0.018196251,0,0,0,0,0,0,0,0,0,0,5,1.155491685
56995.34,0.430034248,0.5,6236,37,0.15395,33.0625,35,37.29,0,0,0.07,0,0,20,0.5,0.102,5.5,0,0,0.1,0.1,0.1,0.1,0.1,0.1,0.5,0,15335,0.055167917,0.018910988,0,0,0,0,0,0,0,0,0,0,5,1.155491685
57055.41,0.43544517,0.5,6236,37,0.1776,33.125,35,37.21,0,0,0.25,0,0,20,0.5,0.102,5.5,0,0,0.1,0.1,0.1,0.1,0.1,0.1,0.5,0,15672,0.05506636,0.019078612,0,0,0,0,0,0,0,0,0,0,5,1.155491685
57115.45,0.456205023,0.5,6236,37,0.12145,33.1875,35,37.35,0,0,0.07,0,0,20,0.5,0.102,5.5,0,0,0.1,0.1,0.1,0.1,0.1,0.1,0.5,0,15852,0.055071915,0.01898814,0,0,0,0,0,0,0,0,0,0,5,1.155491685
57175.5,0.457119905,0.5,6236,37,0.07175,33.375,34.9375,37.41,0,0,0.07,0,0,20,0.5,0.102,5.5,0,0,0.1,0.1,0.1,0.1,0.1,0.1,0.5,0,15587,0.056457304,0.019246808,0,0,0,0,0,0,0,0,0,0,5,1.155491685
57235.56,0.450880699,0.5,6236,37,0.13125,33.125,34.9375,37.03,0,0,0.07,0,0,20,0.5,0.102,5.5,0,0,0.1,0.1,0.1,0.1,0.1,0.1,0.5,0,15895,0.056055363,0.019251337,0,0,0,0,0,0,0,0,0,0,5,1.056488243
57295.62,0.470334982,0.5,6236,37,0.16585,33,34.9375,37.11,0,0,0.07,0,0,20,0.5,0.102,5.5,0,0,0.1,0.1,0.1,0.1,0.1,0.1,0.5,0,16423,0.055288315,0.018997747,0,0,0,0,0,0,0,0,0,0,5,1.130390999
57355.67,0.489724414,0.5,6236,37,0.1335,33.125,34.9375,37.21,0,0,0.25,0,0,20,0.5,0.102,5.5,0,0,0.1,0.1,0.1,0.1,0.1,0.1,0.5,0,15551,0.057616874,0.019548582,0,0,0,0,0,0,0,0,0,0,5,1.19506438
57415.71,0.481035083,0.5,6236,37,0.17275,32.875,34.9375,36.97,0,0,0.07,0,0,20,0.5,0.102,5.5,0,0,0.1,0.1,0.1,0.1,0.1,0.1,0.5,0,16568,0.055770159,0.019072912,0,0,0,0,0,0,0,0,0,0,5,1.081603342
57475.76,0.503047755,0.5,6236,37,0.11085,32.9375,35,37.13,0,0,0,0,0,20,0.5,0.102,5.5,0,0,0.1,0.1,0.1,0.1,0.1,0.1,0.5,0,16268,0.056860093,0.019424637,0,0,0,0,0,0,0,0,0,0,5,1.161757878
57535.82,0.530547449,0.5,6236,37,0.11015,32.875,34.9375,37.21,0,0,0,0,0,20,0.5,0.102,5.5,0,0,0.1,0.1,0.1,0.1,0.1,0.1,0.5,0,17922,0.054458208,0.018747908,0,0,0,0,0,0,0,0,0,0,5,1.263342857
57595.9,0.517053085,0.5,6236,37,0.12065,32.9375,35,37.17,0,0,0,0,0,20,0.5,0.102,5.5,0,0,0.1,0.1,0.1,0.1,0.1,0.1,0.5,0,17143,0.056174532,0.019133174,0,0,0,0,0,0,0,0,0,0,5,1.122884167
57655.95,0.514273227,0.5,6236,37,0.15735,33,34.9375,37.05,0,0,0,0,0,20,0.5,0.102,5.5,0,0,0.1,0.1,0.1,0.1,0.1,0.1,0.5,0,17162,0.056695024,0.018995455,0,0,0,0,0,0,0,0,0,0,5,1.050567397
57715.99,0.533673275,0.5,6236,37,0.14905,33,35.0625,37.11,0,0,0,0,0,20,0.5,0.102,5.5,0,0,0.1,0.1,0.1,0.1,0.1,0.1,0.5,0,17182,0.057676638,0.019438948,0,0,0,0,0,0,0,0,0,0,5,1.109126364
57776.08,0.552073066,0.5,6236,37,0.14905,33.0625,35.0625,37.01,0,0,0,0,0,20,0.5,0.102,5.5,0,0,0.1,0.1,0.1,0.1,0.1,0.1,0.5,0,17580,0.056769056,0.019283276,0,0,0,0,0,0,0,0,0,0,5,1.155359837
57836.15,0.552973795,0.5,6236,37,0.12335,33,35,37.05,0,0.02,0.15,0,0,20,0.5,0.102,5.5,0,0,0.1,0.1,0.1,0.1,0.1,0.1,0.5,0,17149,0.058195813,0.019534667,0,0,0,0,0,0,0,0,0,0,0.44,1.155359837
57896.22,0.480590127,0.5,6236,37,0.46815,32.8125,35,36.05,0,0.016844619,0.137378476,0,0,20,0.5,0.102,5.5,0,0,0.1,0.1,0.1,0.1,0.1,0.1,0.5,0,17326,0.055581207,0.019104236,0,0,0,0,0,0,0,0,0,0,0.44,1.155359837
57956.32,0.468180362,0.5,6236,37,0.583858825,32.8125,35,35.77,0,0.018420169,0.25,0,0,20,0.5,0.102,5.5,0,0,0.1,0.1,0.1,0.1,0.1,0.1,0.5,0,14698,0.058647435,0.019866649,0,0,0,0,0,0,0,0,0,0,0.44,1.155359837
58016.36,0.416265601,0.5,6236,37,0.484076053,32.875,35.0625,36.31,0,0,0.07,0,0,20,0.5,0.102,5.5,0,0,0.1,0.1,0.1,0.1,0.1,0.1,0.5,0,15462,0.054908809,0.018949683,0,0,0,0,0,0,0,0,0,0,5,1.155359837
58076.42,0.419383926,0.5,6236,37,0.25175,33,35,37.17,0,0,0.07,0,0,20,0.5,0.102,5.5,0,0,0.1,0.1,0.1,0.1,0.1,0.1,0.5,0,16052,0.053949664,0.01868926,0,0,0,0,0,0,0,0,0,0,5,1.155359837
58136.46,0.418040693,0.5,6236,37,0.16155,33.125,35,37.29,0,0,0.07,0,0,20,0.5,0.102,5.5,0,0,0.1,0.1,0.1,0.1,0.1,0.1,0.5,0,15769,0.055234955,0.018961253,0,0,0,0,0,0,0,0,0,0,5,1.155359837
58196.51,0.440308364,0.5,6236,37,0.10805,33.1875,35.0625,37.33,0,0,0.07,0,0,20,0.5,0.102,5.5,0,0,0.1,0.1,0.1,0.1,0.1,0.1,0.5,0,16139,0.054402379,0.018774397,0,0,0,0,0,0,0,0,0,0,5,1.155359837
58256.55,0.43853202,0.5,6236,37,0.2079,33.0625,35,37.03,0,0,0.25,0,0,20,0.5,0.102,5.5,0,0,0.1,0.1,0.1,0.1,0.1,0.1,0.5,0,16110,0.055121043,0.01893234,0,0,0,0,0,0,0,0,0,0,5,1.155359837
58316.61,0.453031886,0.5,6236,37,0.15975,33.125,35.0625,37.41,0,0,0.07,0,0,20,0.5,0.102,5.5,0,0,0.1,0.1,0.1,0.1,0.1,0.1,0.5,0,15589,0.056706652,0.019308487,0,0,0,0,0,0,0,0,0,0,5,1.155359837
58376.66,0.462237979,0.5,6236,37,0.14225,33,35,37.13,0,0,0.07,0,0,20,0.5,0.102,5.5,0,0,0.1,0.1,0.1,0.1,0.1,0.1,0.5,0,17010,0.054556143,0.018753674,0,0,0,0,0,0,0,0,0,0,5,1.157943902
58436.73,0.483066449,0.5,6236,37,0.10995,32.9375,35,37.21,0,0,0.07,0,0,20,0.5,0.102,5.5,0,0,0.1,0.1,0.1,0.1,0.1,0.1,0.5,0,16327,0.056287132,0.019109451,0,0,0,0,0,0,0,0,0,0,5,1.232269771
58496.77,0.487984526,0.5,6236,37,0.15275,33,35.0625,37.01,0,0,0.07,0,0,20,0.5,0.102,5.5,0,0,0.1,0.1,0.1,0.1,0.1,0.1,0.5,0,16401,0.056155112,0.019084202,0,0,0,0,0,0,0,0,0,0,5,1.201044716
58556.81,0.50600789,0.5,6236,37,0.1475,33,35.0625,37.13,0,0,0.25,0,0,20,0.5,0.102,5.5,0,0,0.1,0.1,0.1,0.1,0.1,0.1,0.5,0,16599,0.056147961,0.019218025,0,0,0,0,0,0,0,0,0,0,5,1.249798172
58616.85,0.49432212,0.5,6236,37,0.13495,33.0625,35,37.17,0,0,0,0,0,20,0.5,0.102,5.5,0,0,0.1,0.1,0.1,0.1,0.1,0.1,0.5,0,16931,0.056346347,0.019136495,0,0,0,0,0,0,0,0,0,0,5,1.117213586
58676.94,0.528300338,0.5,6236,37,0.14335,33.0625,35.0625,37.05,0,0,0,0,0,20,0.5,0.102,5.5,0,0,0.1,0.1,0.1,0.1,0.1,0.1,0.5,0,17187,0.056147088,0.019142375,0,0,0,0,0,0,0,0,0,0,5,1.260785634
58737.02,0.507765704,0.5,6236,37,0.09325,32.875,35,37.01,0,0,0,0,0,20,0.5,0.102,5.5,0,0,0.1,0.1,0.1,0.1,0.1,0.1,0.5,0,17287,0.056805692,0.019031642,0,0,0,0,0,0,0,0,0,0,5,1.078811903
58797.08,0.528842233,0.5,6236,37,0.10725,32.8125,35,36.87,0,0,0,0,0,20,0.5,0.102,5.5,0,0,0.1,0.1,0.1,0.1,0.1,0.1,0.5,0,17904,0.05568588,0.019101877,0,0,0,0,0,0,0,0,0,0,5,1.146881375
58857.14,0.548998667,0.5,6236,37,0.12635,33,35.0625,37.05,0,0,0,0,0,20,0.5,0.102,5.5,0,0,0.1,0.1,0.1,0.1,0.1,0.1,0.5,0,18349,0.055806856,0.019074609,0,0,0,0,0,0,0,0,0,0,5,1.201754896
58917.18,0.553680366,0.5,6236,37,0.17135,33,35,36.97,0,0.02,0.15,0,0,20,0.5,0.102,5.5,0,0,0.1,0.1,0.1,0.1,0.1,0.1,0.5,0,19425,0.054414414,0.018687259,0,0,0,0,0,0,0,0,0,0,0.44,1.201754896
58977.22,0.502760888,0.5,6236,37,0.40235,32.875,35,36.31,0,0.019768628,0.149074511,0,0,20,0.5,0.102,5.5,0,0,0.1,0.1,0.1,0.1,0.1,0.1,0.5,0,17706,0.055461426,0.018976618,0,0,0,0,0,0,0,0,0,0,0.44,1.201754896
59037.29,0.456086337,0.5,6236,37,0.464826962,32.8125,35,36.09,0,0.014249712,0.126998847,0,0,20,0.5,0.102,5.5,0,0,0.1,0.1,0.1,0.1,0.1,0.1,0.5,0,16049,0.05607826,0.019191227,0,0,0,0,0,0,0,0,0,0,0.44,1.201754896
59097.35,0.42201714,0.5,6236,37,0.505105435,32.8125,35.0625,36.21,0,0,0.07,0,0,20,0.5,0.102,5.5,0,0,0.1,0.1,0.1,0.1,0.1,0.1,0.5,0,15753,0.055100616,0.018980512,0,0,0,0,0,0,0,0,0,0,5,1.201754896
59157.4,0.439863371,0.5,6236,37,0.2444,32.9375,35,37.01,0,0,0.25,0,0,20,0.5,0.102,5.5,0,0,0.1,0.1,0.1,0.1,0.1,0.1,0.5,0,16484,0.053809755,0.018684785,0,0,0,0,0,0,0,0,0,0,5,1.201754896
59217.44,0.444617274,0.5,6236,37,0.13295,32.9375,35.0625,37.33,0,0,0.07,0,0,20,0.5,0.102,5.5,0,0,0.1,0.1,0.1,0.1,0.1,0.1,0.5,0,15291,0.056503826,0.019292394,0,0,0,0,0,0,0,0,0,0,5,1.201754896
59277.48,0.44377388,0.5,6236,37,0.13445,33.0625,35,37.33,0,0,0.07,0,0,20,0.5,0.102,5.5,0,0,0.1,0.1,0.1,0.1,0.1,0.1,0.5,0,16098,0.055037893,0.018946453,0,0,0,0,0,0,0,0,0,0,5,1.201754896
59337.53,0.448594375,0.5,6236,37,0.13275,33,35,37.41,0,0,0.07,0,0,20,0.5,0.102,5.5,0,0,0.1,0.1,0.1,0.1,0.1,0.1,0.5,0,16444,0.055156896,0.018851861,0,0,0,0,0,0,0,0,0,0,5,1.201754896
59397.59,0.470122328,0.5,6236,37,0.15555,33,35.0625,37.25,0,0,0.07,0,0,20,0.5,0.102,5.5,0,0,0.1,0.1,0.1,0.1,0.1,0.1,0.5,0,16518,0.055333575,0.019070105,0,0,0,0,0,0,0,0,0,0,5,1.201754896
59457.66,0.472446846,0.5,6236,37,0.1507,33.125,35.0625,37.17,0,0,0.25,0,0,20,0.5,0.102,5.5,0,0,0.1,0.1,0.1,0.1,0.1,0.1,0.5,0,16836,0.054941791,0.018888097,0,0,0,0,0,0,0,0,0,0,5,1.156464085
59517.7,0.472209796,0.5,6236,37,0.10575,33,35.0625,37.17,0,0,0.07,0,0,20,0.5,0.102,5.5,0,0,0.1,0.1,0.1,0.1,0.1,0.1,0.5,0,16704,0.056154215,0.019097222,0,0,0,0,0,0,0,0,0,0,5,1.097135259
59577.78,0.485260536,0.5,6236,37,0.14395,33.0625,35.0625,37.17,0,0,0.07,0,0,20,0.5,0.102,5.5,0,0,0.1,0.1,0.1,0.1,0.1,0.1,0.5,0,16354,0.05711141,0.01932249,0,0,0,0,0,0,0,0,0,0,5,1.124066186
59637.85,0.514798418,0.5,6236,37,0.16005,33.125,35.0625,37.29,0,0,0.07,0,0,20,0.5,0.102,5.5,0,0,0.1,0.1,0.1,0.1,0.1,0.1,0.5,0,15581,0.05866119,0.019896027,0,0,0,0,0,0,0,0,0,0,5,1.245131281
59697.92,0.51085449,0.5,6236,37,0.13555,33.0625,35.0625,37.13,0,0,0,0,0,20,0.5,0.102,5.5,0,0,0.1,0.1,0.1,0.1,0.1,0.1,0.5,0,17313,0.055853983,0.019118581,0,0,0,0,0,0,0,0,0,0,5,1.159802893
59758,0.515710089,0.5,6236,37,0.13955,32.9375,35.0625,37.25,0,0,0,0,0,20,0.5,0.102,5.5,0,0,0.1,0.1,0.1,0.1,0.1,0.1,0.5,0,16986,0.056811492,0.01931002,0,0,0,0,0,0,0,0,0,0,5,1.130192658
59818.06,0.524342257,0.5,6236,37,0.16155,33.0625,35.0625,37.25,0,0,0,0,0,20,0.5,0.102,5.5,0,0,0.1,0.1,0.1,0.1,0.1,0.1,0.5,0,17487,0.056556299,0.019271459,0,0,0,0,0,0,0,0,0,0,5,1.123482635
59878.14,0.551999582,0.5,6236,37,0.10085,33,35.0625,37.05,0,0,0,0,0,20,0.5,0.102,5.5,0,0,0.1,0.1,0.1,0.1,0.1,0.1,0.5,0,17736,0.056664411,0.01894452,0,0,0,0,0,0,0,0,0,0,5,1.221516471
59938.19,0.552103586,0.5,6236,37,0.13045,33.0625,35,36.97,0,0.02,0.15,0,0,20,0.5,0.102,5.5,0,0,0.1,0.1,0.1,0.1,0.1,0.1,0.5,0,18025,0.056754508,0.019140083,0,0,0,0,0,0,0,0,0,0,0.44,1.221516471
59998.24,0.504451969,0.5,6236,37,0.44265,32.8125,35.0625,36.17,0,0.02,0.15,0,0,20,0.5,0.102,5.5,0,0,0.1,0.1,0.1,0.1,0.1,0.1,0.5,0,16788,0.057362402,0.019359066,0,0,0,0,0,0,0,0,0,0,0.44,1.221516471
60058.28,0.463752844,0.5,6236,37,0.654475,32.6875,35.0625,35.43,0,0.02,0.25,0,0,20,0.5,0.102,5.5,0,0,0.1,0.1,0.1,0.1,0.1,0.1,0.5,0,16240,0.055418719,0.019027094,0,0,0,0,0,0,0,0,0,0,0.44,1.221516471
60118.32,0.388279937,0.5,6236,37,0.510325,32.8125,35.0625,36.15,0,0,0.07,0,0,20,0.5,0.102,5.5,0,0,0.1,0.1,0.1,0.1,0.1,0.1,0.5,0,14948,0.055726519,0.019066096,0,0,0,0,0,0,0,0,0,0,5,1.221516471
60178.37,0.414877377,0.5,6236,37,0.24925,33,35.0625,37.05,0,0,0.07,0,0,20,0.5,0.102,5.5,0,0,0.1,0.1,0.1,0.1,0.1,0.1,0.5,0,14879,0.056119363,0.019154513,0,0,0,0,0,0,0,0,0,0,5,1.221516471
60238.46,0.417856379,0.5,6236,37,0.09515,33,35.125,37.45,0,0,0.07,0,0,20,0.5,0.102,5.5,0,0,0.1,0.1,0.1,0.1,0.1,0.1,0.5,0,15561,0.054945055,0.018957651,0,0,0,0,0,0,0,0,0,0,5,1.221516471
60298.5,0.425331798,0.5,6236,37,0.11955,33.1875,35.0625,37.19,0,0,0.07,0,0,20,0.5,0.102,5.5,0,0,0.1,0.1,0.1,0.1,0.1,0.1,0.5,0,15404,0.055894573,0.01915087,0,0,0,0,0,0,0,0,0,0,5,1.221516471
60358.57,0.425909839,0.5,6236,37,0.1462,33.125,35.0625,37.29,0,0,0.25,0,0,20,0.5,0.102,5.5,0,0,0.1,0.1,0.1,0.1,0.1,0.1,0.5,0,15233,0.056718965,0.01936585,0,0,0,0,0,0,0,0,0,0,5,1.221516471
60418.62,0.442463853,0.5,6236,37,0.14715,33.0625,35,37.27,0,0,0.07,0,0,20,0.5,0.102,5.5,0,0,0.1,0.1,0.1,0.1,0.1,0.1,0.5,0,15884,0.055779401,0.0190758,0,0,0,0,0,0,0,0,0,0,5,1.221516471
60478.7,0.447036402,0.5,6236,37,0.13345,33.125,35.0625,37.49,0,0,0.07,0,0,20,0.5,0.102,5.5,0,0,0.1,0.1,0.1,0.1,0.1,0.1,0.5,0,16665,0.054485449,0.018541854,0,0,0,0,0,0,0,0,0,0,5,1.191284407
60538.75,0.466930265,0.5,6236,37,0.11325,33.0625,35.0625,37.21,0,0,0.07,0,0,20,0.5,0.102,5.5,0,0,0.1,0.1,0.1,0.1,0.1,0.1,0.5,0,15067,0.058140307,0.019711953,0,0,0,0,0,0,0,0,0,0,5,1.262339867
60598.79,0.473571064,0.5,6236,37,0.14875,33.0625,35.0625,37.05,0,0,0.07,0,0,20,0.5,0.102,5.5,0,0,0.1,0.1,0.1,0.1,0.1,0.1,0.5,0,15821,0.056760003,0.019214967,0,0,0,0,0,0,0,0,0,0,5,1.241589061
60658.87,0.469479821,0.5,6236,37,0.1475,33.1875,35.0625,37.13,0,0,0.25,0,0,20,0.5,0.102,5.5,0,0,0.1,0.1,0.1,0.1,0.1,0.1,0.5,0,16000,0.057125,0.0193125,0,0,0,0,0,0,0,0,0,0,5,1.15347961
60718.93,0.482954191,0.5,6236,37,0.13495,33.125,35.0625,36.93,0,0,0,0,0,20,0.5,0.102,5.5,0,0,0.1,0.1,0.1,0.1,0.1,0.1,0.5,0,16539,0.056533043,0.019106355,0,0,0,0,0,0,0,0,0,0,5,1.180695097
60779,0.497192122,0.5,6236,37,0.13195,33.1875,35,36.93,0,0,0,0,0,20,0.5,0.102,5.5,0,0,0.1,0.1,0.1,0.1,0.1,0.1,0.5,0,16615,0.057056876,0.019440265,0,0,0,0,0,0,0,0,0,0,5,1.208824466
60839.06,0.504653543,0.5,6236,37,0.10535,32.9375,35.0625,37.21,0,0,0,0,0,20,0.5,0.102,5.5,0,0,0.1,0.1,0.1,0.1,0.1,0.1,0.5,0,17034,0.056533991,0.0191969,0,0,0,0,0,0,0,0,0,0,5,1.19307012
60899.09,0.525764994,0.5,6236,37,0.13325,32.9375,35.0625,37.13,0,0,0,0,0,20,0.5,0.102,5.5,0,0,0.1,0.1,0.1,0.1,0.1,0.1,0.5,0,17838,0.055331315,0.018892252,0,0,0,0,0,0,0,0,0,0,5,1.256363197
60959.16,0.529293416,0.5,6236,37,0.14875,32.875,35.0625,36.95,0,0,0,0,0,20,0.5,0.102,5.5,0,0,0.1,0.1,0.1,0.1,0.1,0.1,0.5,0,16487,0.058530964,0.019712501,0,0,0,0,0,0,0,0,0,0,5,1.213610854
61019.21,0.551155916,0.5,6236,37,0.13695,33,35,36.89,0,0,0,0,0,20,0.5,0.102,5.5,0,0,0.1,0.1,0.1,0.1,0.1,0.1,0.5,0,18104,0.055788776,0.019056562,0,0,0,0,0,0,0,0,0,0,5,1.274354708
61079.27,0.569646277,0.5,6236,37,0.14955,32.9375,35.0625,36.79,0,0.02,0.15,0,0,20,0.5,0.102,5.5,0,0,0.1,0.1,0.1,0.1,0.1,0.1,0.5,0,17817,0.056855812,0.019307403,0,0,0,0,0,0,0,0,0,0,0.44,1.274354708
61139.32,0.484490059,0.5,6236,37,0.436725,32.75,35.0625,36.09,0,0.019022709,0.146090837,0,0,20,0.5,0.102,5.5,0,0,0.1,0.1,0.1,0.1,0.1,0.1,0.5,0,17203,0.05580422,0.01924083,0,0,0,0,0,0,0,0,0,0,0.44,1.274354708
61199.38,0.45564066,0.5,6236,37,0.515610043,32.875,35,36.17,0,0,0.07,0,0,20,0.5,0.102,5.5,0,0,0.1,0.1,0.1,0.1,0.1,0.1,0.5,0,16376,0.055080606,0.018808012,0,0,0,0,0,0,0,0,0,0,5,1.274354708
61259.42,0.460857847,0.5,6236,37,0.24095,33,35.0625,36.85,0,0,0.25,0,0,20,0.5,0.102,5.5,0,0,0.1,0.1,0.1,0.1,0.1,0.1,0.5,0,15514,0.057109707,0.019272915,0,0,0,0,0,0,0,0,0,0,5,1.274354708
61319.48,0.460329828,0.5,6236,37,0.17085,33.125,35.0625,37.17,0,0,0.07,0,0,20,0.5,0.102,5.5,0,0,0.1,0.1,0.1,0.1,0.1,0.1,0.5,0,16036,0.05643552,0.019331504,0,0,0,0,0,0,0,0,0,0,5,1.274354708
61379.56,0.456941667,0.5,6236,37,0.12975,33,35.0625,37.29,0,0,0.07,0,0,20,0.5,0.102,5.5,0,0,0.1,0.1,0.1,0.1,0.1,0.1,0.5,0,16098,0.056839359,0.01931917,0,0,0,0,0,0,0,0,0,0,5,1.274354708
61439.64,0.478922687,0.5,6236,37,0.13515,33.1875,35.0625,37.29,0,0,0.07,0,0,20,0.5,0.102,5.5,0,0,0.1,0.1,0.1,0.1,0.1,0.1,0.5,0,16225,0.056949153,0.019291217,0,0,0,0,0,0,0,0,0,0,5,1.274354708
61499.71,0.489799089,0.5,6236,37,0.12175,33.1875,35.0625,37.21,0,0,0.07,0,0,20,0.5,0.102,5.5,0,0,0.1,0.1,0.1,0.1,0.1,0.1,0.5,0,15995,0.057705533,0.019568615,0,0,0,0,0,0,0,0,0,0,5,1.274354708
61559.78,0.526156455,0.5,6236,37,0.18255,33.1875,35,37.09,0,0,0.25,0,0,20,0.5,0.102,5.5,0,0,0.1,0.1,0.1,0.1,0.1,0.1,0.5,0,17161,0.056173883,0.019113105,0,0,0,0,0,0,0,0,0,0,5,1.425446953
61619.83,0.508125227,0.5,6236,37,0.12185,33,35.0625,37.05,0,0,0.07,0,0,20,0.5,0.102,5.5,0,0,0.1,0.1,0.1,0.1,0.1,0.1,0.5,0,16288,0.058263752,0.01970776,0,0,0,0,0,0,0,0,0,0,5,1.249562547
61679.88,0.536001807,0.5,6236,37,0.11495,33.1875,35.0625,37.03,0,0,0.07,0,0,20,0.5,0.102,5.5,0,0,0.1,0.1,0.1,0.1,0.1,0.1,0.5,0,16838,0.057726571,0.019360969,0,0,0,0,0,0,0,0,0,0,5,1.347313236
61739.92,0.51575178,0.5,6236,37,0.10865,33.125,35.0625,37.21,0,0,0.07,0,0,20,0.5,0.102,5.5,0,0,0.1,0.1,0.1,0.1,0.1,0.1,0.5,0,17701,0.056719959,0.019264448,0,0,0,0,0,0,0,0,0,0,5,1.164411789
61799.96,0.542064802,0.5,6236,37,0.09645,33.0625,35.0625,36.97,0,0,0,0,0,20,0.5,0.102,5.5,0,0,0.1,0.1,0.1,0.1,0.1,0.1,0.5,0,18176,0.056227993,0.019091109,0,0,0,0,0,0,0,0,0,0,5,1.255471054
61860.05,0.545542506,0.5,6236,37,0.16995,32.9375,35,36.89,0,0.02,0.25,0,0,20,0.5,0.102,5.5,0,0,0.1,0.1,0.1,0.1,0.1,0.1,0.5,0,16683,0.059701493,0.019600791,0,0,0,0,0,0,0,0,0,0,0.44,1.255471054
61920.1,0.508572157,0.5,6236,37,0.46705,32.75,35.0625,36.13,0,0.02,0.15,0,0,20,0.5,0.102,5.5,0,0,0.1,0.1,0.1,0.1,0.1,0.1,0.5,0,16600,0.057771084,0.019457831,0,0,0,0,0,0,0,0,0,0,0.44,1.255471054
61980.16,0.44115914,0.5,6236,37,0.463425,32.875,35,36.31,0,0.000850657,0.073402628,0,0,20,0.5,0.102,5.5,0,0,0.1,0.1,0.1,0.1,0.1,0.1,0.5,0,16338,0.056065614,0.019218999,0,0,0,0,0,0,0,0,0,0,0.44,1.255471054
62040.23,0.452571494,0.5,6236,37,0.249896953,32.8125,35.0625,36.73,0,0,0.07,0,0,20,0.5,0.102,5.5,0,0,0.1,0.1,0.1,0.1,0.1,0.1,0.5,0,15878,0.056430281,0.019271949,0,0,0,0,0,0,0,0,0,0,5,1.255471054
62100.29,0.476209715,0.5,6236,37,0.18275,33.0625,35,37.05,0,0,0.07,0,0,20,0.5,0.102,5.5,0,0,0.1,0.1,0.1,0.1,0.1,0.1,0.5,0,16006,0.056228914,0.019242784,0,0,0,0,0,0,0,0,0,0,5,1.255471054
62160.33,0.467260447,0.5,6236,37,0.13375,33.1875,35,37.29,0,0,0.25,0,0,20,0.5,0.102,5.5,0,0,0.1,0.1,0.1,0.1,0.1,0.1,0.5,0,15950,0.056802508,0.019310345,0,0,0,0,0,0,0,0,0,0,5,1.255471054
62220.39,0.473490763,0.5,6236,37,0.11675,33.1875,35.0625,37.09,0,0,0.07,0,0,20,0.5,0.102,5.5,0,0,0.1,0.1,0.1,0.1,0.1,0.1,0.5,0,15910,0.057510999,0.019484601,0,0,0,0,0,0,0,0,0,0,5,1.255471054
62280.47,0.479387358,0.5,6236,37,0.11805,33.0625,35,37.05,0,0,0.07,0,0,20,0.5,0.102,5.5,0,0,0.1,0.1,0.1,0.1,0.1,0.1,0.5,0,15702,0.058081773,0.019551649,0,0,0,0,0,0,0,0,0,0,5,1.255471054
62340.55,0.510759389,0.5,6236,37,0.11965,33.0625,35,37.05,0,0,0.07,0,0,20,0.5,0.102,5.5,0,0,0.1,0.1,0.1,0.1,0.1,0.1,0.5,0,17258,0.056205818,0.019005679,0,0,0,0,0,0,0,0,0,0,5,1.255471054
62400.6,0.502999202,0.5,6236,37,0.19575,33.25,35,36.95,0,0,0.07,0,0,20,0.5,0.102,5.5,0,0,0.1,0.1,0.1,0.1,0.1,0.1,0.5,0,17499,0.056060346,0.019143951,0,0,0,0,0,0,0,0,0,0,5,1.146767407
62460.66,0.506373205,0.5,6236,37,0.19215,33.0625,35,37.11,0,0,0.25,0,0,20,0.5,0.102,5.5,0,0,0.1,0.1,0.1,0.1,0.1,0.1,0.5,0,17331,0.056488373,0.019214125,0,0,0,0,0,0,0,0,0,0,5,1.109485151
62520.72,0.539197399,0.5,6236,37,0.08875,33.1875,35.0625,37.13,0,0,0.07,0,0,20,0.5,0.102,5.5,0,0,0.1,0.1,0.1,0.1,0.1,0.1,0.5,0,17205,0.057018309,0.019296716,0,0,0,0,0,0,0,0,0,0,5,1.242434235
62580.76,0.543276844,0.5,6236,37,0.14815,33.0625,35.0625,37.09,0,0,0.07,0,0,20,0.5,0.102,5.5,0,0,0.1,0.1,0.1,0.1,0.1,0.1,0.5,0,17558,0.057352774,0.01919353,0,0,0,0,0,0,0,0,0,0,5,1.202924409
62640.8,0.547694383,0.5,6236,37,0.13955,33.0625,35,37.21,0,0.02,0.15,0,0,20,0.5,0.102,5.5,0,0,0.1,0.1,0.1,0.1,0.1,0.1,0.5,0,17818,0.05702099,0.019250196,0,0,0,0,0,0,0,0,0,0,0.44,1.202924409
62700.85,0.509126581,0.5,6236,37,0.44725,32.9375,35.0625,36.29,0,0.02,0.15,0,0,20,0.5,0.102,5.5,0,0,0.1,0.1,0.1,0.1,0.1,0.1,0.5,0,17448,0.055994956,0.019085282,0,0,0,0,0,0,0,0,0,0,0.44,1.202924409
62760.92,0.434300619,0.5,6236,37,0.480825,32.9375,35,36.29,0,0,0.25,0,0,20,0.5,0.102,5.5,0,0,0.1,0.1,0.1,0.1,0.1,0.1,0.5,0,15926,0.056009042,0.019025493,0,0,0,0,0,0,0,0,0,0,0.44,1.202924409
62820.96,0.442658039,0.5,6236,37,0.26495,33,35.0625,37.09,0,0,0.07,0,0,20,0.5,0.102,5.5,0,0,0.1,0.1,0.1,0.1,0.1,0.1,0.5,0,16070,0.05594275,0.01910392,0,0,0,0,0,0,0,0,0,0,5,1.202924409
62881,0.458107349,0.5,6236,37,0.15745,33.125,35.0625,37.13,0,0,0.07,0,0,20,0.5,0.102,5.5,0,0,0.1,0.1,0.1,0.1,0.1,0.1,0.5,0,16164,0.056483544,0.019054689,0,0,0,0,0,0,0,0,0,0,5,1.202924409
62941.04,0.46709037,0.5,6236,37,0.11755,33.1875,35,37.19,0,0,0.07,0,0,20,0.5,0.102,5.5,0,0,0.1,0.1,0.1,0.1,0.1,0.1,0.5,0,16306,0.056420949,0.019256715,0,0,0,0,0,0,0,0,0,0,5,1.202924409
63001.11,0.475019705,0.5,6236,37,0.06875,33.1875,35,37.19,0,0,0.07,0,0,20,0.5,0.102,5.5,0,0,0.1,0.1,0.1,0.1,0.1,0.1,0.5,0,16760,0.056085919,0.019152745,0,0,0,0,0,0,0,0,0,0,5,1.202924409
63061.15,0.49955111,0.5,6236,37,0.15595,33.1875,35,37.33,0,0,0.25,0,0,20,0.5,0.102,5.5,0,0,0.1,0.1,0.1,0.1,0.1,0.1,0.5,0,16606,0.056786704,0.019149705,0,0,0,0,0,0,0,0,0,0,5,1.202924409
63121.2,0.507018148,0.5,6236,37,0.18115,33.1875,35.0625,37.25,0,0,0.07,0,0,20,0.5,0.102,5.5,0,0,0.1,0.1,0.1,0.1,0.1,0.1,0.5,0,16394,0.057582042,0.019519336,0,0,0,0,0,0,0,0,0,0,5,1.202924409
63181.23,0.501531711,0.5,6236,37,0.11895,33.0625,35,37.09,0,0,0.07,0,0,20,0.5,0.102,5.5,0,0,0.1,0.1,0.1,0.1,0.1,0.1,0.5,0,17890,0.055002795,0.018781442,0,0,0,0,0,0,0,0,0,0,5,1.110138306
63241.3,0.496569038,0.5,6236,37,0.08555,33.0625,35.0625,37.17,0,0,0.07,0,0,20,0.5,0.102,5.5,0,0,0.1,0.1,0.1,0.1,0.1,0.1,0.5,0,17044,0.057204881,0.019361652,0,0,0,0,0,0,0,0,0,0,5,1.024798446
63301.34,0.521308411,0.5,6236,37,0.15225,33.0625,35.0625,36.93,0,0,0.07,0,0,20,0.5,0.102,5.5,0,0,0.1,0.1,0.1,0.1,0.1,0.1,0.5,0,17657,0.056634762,0.019255819,0,0,0,0,0,0,0,0,0,0,5,1.119416433
63361.39,0.520733032,0.5,6236,37,0.13895,33.0625,35.0625,37.11,0,0,0,0,0,20,0.5,0.102,5.5,0,0,0.1,0.1,0.1,0.1,0.1,0.1,0.5,0,17319,0.057971014,0.019400658,0,0,0,0,0,0,0,0,0,0,5,1.060132619
63421.46,0.539453592,0.5,6236,37,0.11795,33.0625,35.0625,37.05,0,0,0,0,0,20,0.5,0.102,5.5,0,0,0.1,0.1,0.1,0.1,0.1,0.1,0.5,0,17804,0.057515165,0.019433835,0,0,0,0,0,0,0,0,0,0,5,1.113083785
63481.54,0.562014669,0.5,6236,37,0.14965,33.0625,35.125,36.95,0,0,0,0,0,20,0.5,0.102,5.5,0,0,0.1,0.1,0.1,0.1,0.1,0.1,0.5,0,18506,0.056684319,0.019237004,0,0,0,0,0,0,0,0,0,0,5,1.180343164
63541.59,0.56165438,0.5,6236,37,0.13105,32.9375,35.0625,37.03,0,0.02,0.15,0,0,20,0.5,0.102,5.5,0,0,0.1,0.1,0.1,0.1,0.1,0.1,0.5,0,18182,0.057474425,0.019359806,0,0,0,0,0,0,0,0,0,0,0.44,1.180343164
63601.63,0.510888821,0.5,6236,37,0.452625,32.8125,35.0625,36.13,0,0.02,0.15,0,0,20,0.5,0.102,5.5,0,0,0.1,0.1,0.1,0.1,0.1,0.1,0.5,0,17348,0.056663592,0.01925294,0,0,0,0,0,0,0,0,0,0,0.44,1.180343164
63661.68,0.457895498,0.5,6236,37,0.545225,32.8125,35.0625,35.75,0,0.015377264,0.25,0,0,20,0.5,0.102,5.5,0,0,0.1,0.1,0.1,0.1,0.1,0.1,0.5,0,16323,0.056178399,0.01905287,0,0,0,0,0,0,0,0,0,0,0.44,1.180343164
63721.72,0.442250411,0.5,6236,37,0.481338978,32.875,35.0625,36.07,0,0,0.07,0,0,20,0.5,0.102,5.5,0,0,0.1,0.1,0.1,0.1,0.1,0.1,0.5,0,15364,0.056430617,0.019395991,0,0,0,0,0,0,0,0,0,0,5,1.180343164
63781.79,0.427410649,0.5,6236,37,0.20295,33.0625,35.0625,37.13,0,0,0.07,0,0,20,0.5,0.102,5.5,0,0,0.1,0.1,0.1,0.1,0.1,0.1,0.5,0,14979,0.057146672,0.019493958,0,0,0,0,0,0,0,0,0,0,5,1.180343164
63841.85,0.449390723,0.5,6236,37,0.14155,33.0625,35.0625,37.37,0,0,0.07,0,0,20,0.5,0.102,5.5,0,0,0.1,0.1,0.1,0.1,0.1,0.1,0.5,0,15960,0.055513784,0.019172932,0,0,0,0,0,0,0,0,0,0,5,1.180343164
63901.89,0.452161654,0.5,6236,37,0.12335,33.375,35,37.25,0,0,0.07,0,0,20,0.5,0.102,5.5,0,0,0.1,0.1,0.1,0.1,0.1,0.1,0.5,0,16057,0.055676652,0.0193685,0,0,0,0,0,0,0,0,0,0,5,1.180343164
63961.96,0.461959212,0.5,6236,37,0.09485,33.25,35.0625,37.41,0,0,0.25,0,0,20,0.5,0.102,5.5,0,0,0.1,0.1,0.1,0.1,0.1,0.1,0.5,0,16665,0.055325533,0.019021902,0,0,0,0,0,0,0,0,0,0,5,1.180343164
64022,0.451193722,0.5,6236,37,0.16675,33.25,35,37.37,0,0,0.07,0,0,20,0.5,0.102,5.5,0,0,0.1,0.1,0.1,0.1,0.1,0.1,0.5,0,15990,0.057348343,0.019387117,0,0,0,0,0,0,0,0,0,0,5,1.180343164
64082.06,0.484923319,0.5,6236,37,0.10595,33.1875,35.0625,37.29,0,0,0.07,0,0,20,0.5,0.102,5.5,0,0,0.1,0.1,0.1,0.1,0.1,0.1,0.5,0,15681,0.057968242,0.019832919,0,0,0,0,0,0,0,0,0,0,5,1.337607968
64142.11,0.47621671,0.5,6236,37,0.17995,33.3125,35.0625,37.03,0,0,0.07,0,0,20,0.5,0.102,5.5,0,0,0.1,0.1,0.1,0.1,0.1,0.1,0.5,0,15800,0.058101266,0.019683544,0,0,0,0,0,0,0,0,0,0,5,1.216374321
64202.14,0.489005381,0.5,6236,37,0.11305,33.25,35.0625,37.13,0,0,0.07,0,0,20,0.5,0.102,5.5,0,0,0.1,0.1,0.1,0.1,0.1,0.1,0.5,0,16130,0.057904526,0.019404836,0,0,0,0,0,0,0,0,0,0,5,1.235057013
64262.21,0.509772042,0.5,6236,37,0.06755,33.25,35.0625,37.17,0,0,0.25,0,0,20,0.5,0.102,5.5,0,0,0.1,0.1,0.1,0.1,0.1,0.1,0.5,0,17731,0.055778016,0.018837065,0,0,0,0,0,0,0,0,0,0,5,1.298074633
64322.26,0.497500874,0.5,6236,37,0.16575,33.1875,35.0625,37.05,0,0,0,0,0,20,0.5,0.102,5.5,0,0,0.1,0.1,0.1,0.1,0.1,0.1,0.5,0,17065,0.057017287,0.019103428,0,0,0,0,0,0,0,0,0,0,5,1.160071894
64382.31,0.522601779,0.5,6236,37,0.12895,33.0625,35.0625,37.09,0,0,0,0,0,20,0.5,0.102,5.5,0,0,0.1,0.1,0.1,0.1,0.1,0.1,0.5,0,16890,0.058200118,0.019715808,0,0,0,0,0,0,0,0,0,0,5,1.249735629
64442.39,0.540958833,0.5,6236,37,0.13945,33.0625,35.0625,37.25,0,0,0,0,0,20,0.5,0.102,5.5,0,0,0.1,0.1,0.1,0.1,0.1,0.1,0.5,0,16695,0.058640311,0.019826295,0,0,0,0,0,0,0,0,0,0,5,1.290819124
64502.47,0.53066951,0.5,6236,37,0.13765,33.0625,35.0625,37.09,0,0,0,0,0,20,0.5,0.102,5.5,0,0,0.1,0.1,0.1,0.1,0.1,0.1,0.5,0,17385,0.058153581,0.019557089,0,0,0,0,0,0,0,0,0,0,5,1.16866693
64562.52,0.550423534,0.5,6236,37,0.15115,33.1875,35,36.95,0,0,0,0,0,20,0.5,0.102,5.5,0,0,0.1,0.1,0.1,0.1,0.1,0.1,0.5,0,18427,0.056330385,0.01921094,0,0,0,0,0,0,0,0,0,0,5,1.219879407
64622.57,0.54778648,0.5,6236,37,0.17435,33.0625,35,37.05,0,0.02,0.15,0,0,20,0.5,0.102,5.5,0,0,0.1,0.1,0.1,0.1,0.1,0.1,0.5,0,17935,0.057875662,0.019514915,0,0,0,0,0,0,0,0,0,0,0.44,1.219879407
64682.64,0.510300074,0.5,6236,37,0.49955,32.8125,35,36.13,0,0.02,0.15,0,0,20,0.5,0.102,5.5,0,0,0.1,0.1,0.1,0.1,0.1,0.1,0.5,0,16842,0.057534735,0.019415746,0,0,0,0,0,0,0,0,0,0,0.44,1.219879407
64742.69,0.464857753,0.5,6236,37,0.46895,32.8125,35,36.33,0,0.02,0.15,0,0,20,0.5,0.102,5.5,0,0,0.1,0.1,0.1,0.1,0.1,0.1,0.5,0,15010,0.059560293,0.020053298,0,0,0,0,0,0,0,0,0,0,0.44,1.219879407
64802.76,0.418533563,0.5,6236,37,0.50015,32.8125,35.0625,36.33,0,0,0.07,0,0,20,0.5,0.102,5.5,0,0,0.1,0.1,0.1,0.1,0.1,0.1,0.5,0,14859,0.057204388,0.019449492,0,0,0,0,0,0,0,0,0,0,5,1.219879407
64862.83,0.417719105,0.5,6236,37,0.19415,33.0625,35,37.05,0,0,0.25,0,0,20,0.5,0.102,5.5,0,0,0.1,0.1,0.1,0.1,0.1,0.1,0.5,0,15697,0.055169778,0.019048226,0,0,0,0,0,0,0,0,0,0,5,1.219879407
64922.89,0.431422199,0.5,6236,37,0.11245,33.125,35.0625,37.45,0,0,0.07,0,0,20,0.5,0.102,5.5,0,0,0.1,0.1,0.1,0.1,0.1,0.1,0.5,0,15990,0.055096936,0.018824265,0,0,0,0,0,0,0,0,0,0,5,1.219879407
64982.94,0.438066139,0.5,6236,37,0.14665,33.125,35.0625,37.37,0,0,0.07,0,0,20,0.5,0.102,5.5,0,0,0.1,0.1,0.1,0.1,0.1,0.1,0.5,0,15054,0.057393384,0.019529693,0,0,0,0,0,0,0,0,0,0,5,1.219879407
65043,0.44462526,0.5,6236,37,0.09665,33.1875,35.0625,37.25,0,0,0.07,0,0,20,0.5,0.102,5.5,0,0,0.1,0.1,0.1,0.1,0.1,0.1,0.5,0,15236,0.057757942,0.019624573,0,0,0,0,0,0,0,0,0,0,5,1.219879407
65103.05,0.461486706,0.5,6236,37,0.14765,33.25,35,37.17,0,0,0.07,0,0,20,0.5,0.102,5.5,0,0,0.1,0.1,0.1,0.1,0.1,0.1,0.5,0,16875,0.054577778,0.018666667,0,0,0,0,0,0,0,0,0,0,5,1.219879407
65163.08,0.478112357,0.5,6236,37,0.10895,33.1875,35.0625,37.27,0,0,0.25,0,0,20,0.5,0.102,5.5,0,0,0.1,0.1,0.1,0.1,0.1,0.1,0.5,0,15927,0.056947322,0.019212658,0,0,0,0,0,0,0,0,0,0,5,1.265062977
65223.14,0.470997496,0.5,6236,37,0.12435,33.1875,35.0625,37.03,0,0,0.07,0,0,20,0.5,0.102,5.5,0,0,0.1,0.1,0.1,0.1,0.1,0.1,0.5,0,16406,0.056198952,0.019261246,0,0,0,0,0,0,0,0,0,0,5,1.156830877
65283.21,0.490338839,0.5,6236,37,0.15895,33.25,35.0625,37.21,0,0,0.07,0,0,20,0.5,0.102,5.5,0,0,0.1,0.1,0.1,0.1,0.1,0.1,0.5,0,17106,0.055360692,0.018823805,0,0,0,0,0,0,0,0,0,0,5,1.219720978
65343.28,0.494298713,0.5,6236,37,0.12065,33.25,35.125,37.03,0,0,0.07,0,0,20,0.5,0.102,5.5,0,0,0.1,0.1,0.1,0.1,0.1,0.1,0.5,0,16337,0.057782947,0.019465018,0,0,0,0,0,0,0,0,0,0,5,1.182865003
65403.34,0.505642033,0.5,6236,37,0.10225,33,35.0625,37.09,0,0,0,0,0,20,0.5,0.102,5.5,0,0,0.1,0.1,0.1,0.1,0.1,0.1,0.5,0,17506,0.055923683,0.019136296,0,0,0,0,0,0,0,0,0,0,5,1.191788621
65463.4,0.500651089,0.5,6236,37,0.12155,33.125,35.125,37.05,0,0,0,0,0,20,0.5,0.102,5.5,0,0,0.1,0.1,0.1,0.1,0.1,0.1,0.5,0,16943,0.057250782,0.019240984,0,0,0,0,0,0,0,0,0,0,5,1.102440559
65523.47,0.508212153,0.5,6236,37,0.14475,33.1875,35,37.09,0,0,0,0,0,20,0.5,0.102,5.5,0,0,0.1,0.1,0.1,0.1,0.1,0.1,0.5,0,17016,0.057534086,0.019511048,0,0,0,0,0,0,0,0,0,0,5,1.092287194
65583.51,0.543832671,0.5,6236,37,0.16325,33.0625,35,37.21,0,0,0,0,0,20,0.5,0.102,5.5,0,0,0.1,0.1,0.1,0.1,0.1,0.1,0.5,0,17655,0.056584537,0.019258001,0,0,0,0,0,0,0,0,0,0,5,1.240900709
65643.56,0.545518175,0.5,6236,37,0.17735,33.1875,35.0625,37.05,0,0.02,0.15,0,0,20,0.5,0.102,5.5,0,0,0.1,0.1,0.1,0.1,0.1,0.1,0.5,0,18384,0.055972585,0.019038294,0,0,0,0,0,0,0,0,0,0,0.44,1.240900709
65703.63,0.496683773,0.5,6236,37,0.364225,33,35.0625,36.47,0,0.02,0.15,0,0,20,0.5,0.102,5.5,0,0,0.1,0.1,0.1,0.1,0.1,0.1,0.5,0,17691,0.05579108,0.019049234,0,0,0,0,0,0,0,0,0,0,0.44,1.240900709
65763.66,0.463599767,0.5,6236,37,0.468025,32.8125,35.0625,36.17,0,0.02,0.25,0,0,20,0.5,0.102,5.5,0,0,0.1,0.1,0.1,0.1,0.1,0.1,0.5,0,16371,0.055769348,0.019119174,0,0,0,0,0,0,0,0,0,0,0.44,1.240900709
65823.73,0.422281214,0.5,6236,37,0.482625,33,35.0625,36.21,0,0,0.07,0,0,20,0.5,0.102,5.5,0,0,0.1,0.1,0.1,0.1,0.1,0.1,0.5,0,15916,0.054661975,0.018911787,0,0,0,0,0,0,0,0,0,0,5,1.240900709
65883.78,0.41627593,0.5,6236,37,0.26695,33.125,35,36.85,0,0,0.07,0,0,20,0.5,0.102,5.5,0,0,0.1,0.1,0.1,0.1,0.1,0.1,0.5,0,15557,0.05547342,0.019219644,0,0,0,0,0,0,0,0,0,0,5,1.240900709
65943.86,0.411906275,0,6236,37,0.20945,33.25,35,37.21,0,0,0,0,0,20,0.5,0.102,5.5,0,0,0.1,0.1,0.1,0.1,0.1,0.1,0.5,0,16076,0.054864394,0.019034586,0,0,0,0,0,0,0,0,0,0,5,1.240900709
66003.93,0.456883208,0,6236,37,0.09215,33.125,35,37.41,0,0,0,0,0,20,0.5,0.102,5.5,0,0,0.1,0.1,0.1,0.1,0.1,0.1,0.5,0,15093,0.057112569,0.019412973,0,0,0,0,0,0,0,0,0,0,5,1.240900709
66064,0.47888817,0,6236,37,0.19255,33.25,35,37.49,0,0,0,0,0,20,0.5,0.102,5.5,0,0,0.1,0.1,0.1,0.1,0.1,0.1,0.5,0,14995,0.057819273,0.019739913,0,0,0,0,0,0,0,0,0,0,5,1.240900709
66124.07,0.48911694,0,6236,37,0.08255,33.3125,35,37.19,0,0,0,0,0,20,0.5,0.102,5.5,0,0,0.1,0.1,0.1,0.1,0.1,0.1,0.5,0,16180,0.056118665,0.019159456,0,0,0,0,0,0,0,0,0,0,5,1.240900709
66184.14,0.464786311,0,6236,37,0.12295,33.25,34.9375,37.17,0,0,0,0,0,20,0.5,0.102,5.5,0,0,0.1,0.1,0.1,0.1,0.1,0.1,0.5,0,17477,0.053727756,0.018595869,0,0,0,0,0,0,0,0,0,0,5,1.240900709
66244.2,0.469548217,0,6236,37,0.12845,33.25,35,37.25,0,0,0,0,0,20,0.5,0.102,5.5,0,0,0.1,0.1,0.1,0.1,0.1,0.1,0.5,0,15863,0.057555317,0.019479291,0,0,0,0,0,0,0,0,0,0,5,1.240900709
66304.28,0.472450968,0,6236,37,0.15005,33.125,35,37.09,0,0,0,0,0,20,0.5,0.102,5.5,0,0,0.1,0.1,0.1,0.1,0.1,0.1,0.5,0,16751,0.055996657,0.019222733,0,0,0,0,0,0,0,0,0,0,5,1.240900709
66364.33,0.463612568,0.5,6236,37,0.29895,33.1875,35.0625,36.57,0,0,0.25,0,0,20,0.5,0.103,5.5,50,0,0.1,0.1,0.1,0.1,0.1,0.1,0.5,0,15962,0.056947751,0.019233179,0,0,0,0,0,0,0,0,0,0,5,1.122201423
66424.36,0.471200693,0.5,6236,37,0.23295,33.125,35.0625,36.85,0,0,0,0,0,20,0.5,0.103,5.5,50,0,0.1,0.1,0.1,0.1,0.1,0.1,0.5,0,16416,0.056347466,0.01912768,0,0,0,0,0,0,0,0,0,0,5,1.114795998
66484.42,0.481616435,0.5,6236,37,0.15785,33.1875,35,37.05,0,0,0,0,0,20,0.5,0.103,5.5,50,0,0.1,0.1,0.1,0.1,0.1,0.1,0.5,0,17135,0.055558798,0.018791946,0,0,0,0,0,0,0,0,0,0,5,1.124647947
66544.49,0.47126812,0.5,6236,37,0.15505,33.1875,35.0625,37.21,0,0,0,0,0,20,0.5,0.103,5.5,50,0,0.1,0.1,0.1,0.1,0.1,0.1,0.5,0,16544,0.057180851,0.01946325,0,0,0,0,0,0,0,0,0,0,5,1.003253062
66604.52,0.496199647,0.5,6236,37,0.16885,33.125,35.0625,37.01,0,0,0,0,0,20,0.5,0.103,5.5,50,0,0.1,0.1,0.1,0.1,0.1,0.1,0.5,0,17285,0.055886607,0.018975991,0,0,0,0,0,0,0,0,0,0,5,1.107743922
66664.57,0.500170781,0.5,6236,37,0.10425,33.125,35.125,37.09,0,0,0,0,0,20,0.5,0.103,5.5,50,0,0.1,0.1,0.1,0.1,0.1,0.1,0.5,0,16417,0.057805933,0.01949199,0,0,0,0,0,0,0,0,0,0,5,1.07627045
66724.64,0.512516417,0.5,6236,37,0.11325,33.0625,35.125,37.03,0,0,0,0,0,20,0.5,0.103,5.5,50,0,0.1,0.1,0.1,0.1,0.1,0.1,0.5,0,16482,0.058852081,0.019839825,0,0,0,0,0,0,0,0,0,0,5,1.095606351
66784.75,0.511123346,0.5,6236,37,0.15085,33.125,35.125,36.87,0,0,0,0,0,20,0.5,0.103,5.5,50,0,0.1,0.1,0.1,0.1,0.1,0.1,0.5,0,18134,0.055531047,0.018749311,0,0,0,0,0,0,0,0,0,0,5,1.032660631
66844.81,0.549962161,0.5,6236,37,0.11165,33.125,35.125,37.03,0,0,0,0,0,20,0.5,0.103,5.5,50,0,0.1,0.1,0.1,0.1,0.1,0.1,0.5,0,17465,0.057429144,0.019238477,0,0,0,0,0,0,0,0,0,0,5,1.200743204
66904.89,0.545188746,0.5,6236,37,0.14665,33,35.0625,37.05,0,0.02,0.15,0,0,20,0.5,0.103,5.5,50,0,0.1,0.1,0.1,0.1,0.1,0.1,0.5,0,17442,0.057848871,0.019493177,0,0,0,0,0,0,0,0,0,0,0.44,1.200743204
66964.94,0.51626573,0.5,6236,37,0.416825,32.875,35.0625,36.39,0,0.02,0.25,0,0,20,0.5,0.103,5.5,50,0,0.1,0.1,0.1,0.1,0.1,0.1,0.5,0,17384,0.056201104,0.019155545,0,0,0,0,0,0,0,0,0,0,0.44,1.200743204
67024.98,0.455869631,0.5,6236,37,0.504825,32.9375,35.0625,35.89,0,0.02,0.15,0,0,20,0.5,0.103,5.5,50,0,0.1,0.1,0.1,0.1,0.1,0.1,0.5,0,16702,0.054843731,0.018860017,0,0,0,0,0,0,0,0,0,0,0.44,1.200743204
67085.02,0.413046755,0.5,6236,37,0.546125,32.6875,35.0625,36.09,0,0,0.07,0,0,20,0.5,0.103,5.5,50,0,0.1,0.1,0.1,0.1,0.1,0.1,0.5,0,16359,0.053242863,0.018583043,0,0,0,0,0,0,0,0,0,0,5,1.200743204
67145.08,0.415135889,0.5,6236,37,0.22085,33,35.0625,37.13,0,0,0.07,0,0,20,0.5,0.103,5.5,50,0,0.1,0.1,0.1,0.1,0.1,0.1,0.5,0,15588,0.054849885,0.018860662,0,0,0,0,0,0,0,0,0,0,5,1.200743204
67205.13,0.417947746,0.5,6236,37,0.15265,33.0625,35.125,37.21,0,0,0.07,0,0,20,0.5,0.103,5.5,50,0,0.1,0.1,0.1,0.1,0.1,0.1,0.5,0,15725,0.05481717,0.018823529,0,0,0,0,0,0,0,0,0,0,5,1.200743204
67265.2,0.427904842,0.5,6236,37,0.15895,33.1875,35.125,37.29,0,0,0.25,0,0,20,0.5,0.103,5.5,50,0,0.1,0.1,0.1,0.1,0.1,0.1,0.5,0,16244,0.053619798,0.018837725,0,0,0,0,0,0,0,0,0,0,5,1.200743204
67325.26,0.440101188,0.5,6236,37,0.13605,33.125,35.125,37.45,0,0,0.07,0,0,20,0.5,0.103,5.5,50,0,0.1,0.1,0.1,0.1,0.1,0.1,0.5,0,16173,0.054720831,0.018920423,0,0,0,0,0,0,0,0,0,0,5,1.200743204
67385.3,0.440067931,0.5,6236,37,0.07375,33.0625,35.125,37.21,0,0,0.07,0,0,20,0.5,0.103,5.5,50,0,0.1,0.1,0.1,0.1,0.1,0.1,0.5,0,16681,0.053354115,0.018584018,0,0,0,0,0,0,0,0,0,0,5,1.200743204
67445.34,0.454217167,0.5,6236,37,0.10295,33.1875,35.125,37.03,0,0,0.07,0,0,20,0.5,0.103,5.5,50,0,0.1,0.1,0.1,0.1,0.1,0.1,0.5,0,16252,0.054393305,0.01870539,0,0,0,0,0,0,0,0,0,0,5,1.235645007
67505.42,0.479594499,0.5,6236,37,0.14105,33,35.1875,37.33,0,0,0.07,0,0,20,0.5,0.103,5.5,50,0,0.1,0.1,0.1,0.1,0.1,0.1,0.5,0,16068,0.05489171,0.019044063,0,0,0,0,0,0,0,0,0,0,5,1.33695934
67565.47,0.474368541,0.5,6236,37,0.11505,33.1875,35.125,37.13,0,0,0.25,0,0,20,0.5,0.103,5.5,50,0,0.1,0.1,0.1,0.1,0.1,0.1,0.5,0,17035,0.053302025,0.018550044,0,0,0,0,0,0,0,0,0,0,5,1.237242112
67625.53,0.486525423,0.5,6236,37,0.21975,33.0625,35.125,37.09,0,0,0.07,0,0,20,0.5,0.103,5.5,50,0,0.1,0.1,0.1,0.1,0.1,0.1,0.5,0,16210,0.055459593,0.019062307,0,0,0,0,0,0,0,0,0,0,5,1.251293882
67685.6,0.493916309,0.5,6236,37,0.11435,33.125,35.0625,37.21,0,0,0,0,0,20,0.5,0.103,5.5,50,0,0.1,0.1,0.1,0.1,0.1,0.1,0.5,0,17168,0.053529823,0.018697577,0,0,0,0,0,0,0,0,0,0,5,1.233959982
67745.66,0.498120432,0.5,6236,37,0.08625,33,35.125,37.27,0,0,0,0,0,20,0.5,0.103,5.5,50,0,0.1,0.1,0.1,0.1,0.1,0.1,0.5,0,17155,0.05392014,0.018595162,0,0,0,0,0,0,0,0,0,0,5,1.197689354
67805.73,0.506471118,0.5,6236,37,0.17505,33,35.125,37.05,0,0,0,0,0,20,0.5,0.103,5.5,50,0,0.1,0.1,0.1,0.1,0.1,0.1,0.5,0,17973,0.052690146,0.018416514,0,0,0,0,0,0,0,0,0,0,5,1.18768115
67865.8,0.514110711,0.5,6236,37,0.17645,33,35.0625,37.01,0,0,0,0,0,20,0.5,0.103,5.5,50,0,0.1,0.1,0.1,0.1,0.1,0.1,0.5,0,17498,0.053891873,0.018459252,0,0,0,0,0,0,0,0,0,0,5,1.173211092
67925.84,0.527845798,0.5,6236,37,0.15935,32.875,35.125,37.01,0,0,0,0,0,20,0.5,0.103,5.5,50,0,0.1,0.1,0.1,0.1,0.1,0.1,0.5,0,17766,0.053304064,0.018574806,0,0,0,0,0,0,0,0,0,0,5,1.19364721
67985.88,0.529404455,0.5,6236,37,0.13195,33,35.125,36.97,0,0,0,0,0,20,0.5,0.103,5.5,50,0,0.1,0.1,0.1,0.1,0.1,0.1,0.5,0,18721,0.052080551,0.018054591,0,0,0,0,0,0,0,0,0,0,5,1.142810389
68045.93,0.538716715,0.5,6236,37,0.15395,32.9375,35.0625,36.95,0,0,0,0,0,20,0.5,0.103,5.5,50,0,0.1,0.1,0.1,0.1,0.1,0.1,0.5,0,18049,0.052856114,0.018449776,0,0,0,0,0,0,0,0,0,0,5,1.137981328
68105.99,0.549418339,0.5,6236,37,0.14925,32.875,35.125,36.95,0,0,0,0,0,20,0.5,0.103,5.5,50,0,0.1,0.1,0.1,0.1,0.1,0.1,0.5,0,18764,0.052280964,0.018173097,0,0,0,0,0,0,0,0,0,0,5,1.140093149
68166.04,0.562969887,0.5,6236,37,0.15155,32.9375,35.125,37.13,0,0.02,0.25,0,0,20,0.5,0.103,5.5,50,0,0.1,0.1,0.1,0.1,0.1,0.1,0.5,0,19218,0.052034551,0.018160058,0,0,0,0,0,0,0,0,0,0,0.44,1.140093149
68226.08,0.498925626,0.5,6236,37,0.488,32.875,35.0625,36.13,0,0.02,0.15,0,0,20,0.5,0.103,5.5,50,0,0.1,0.1,0.1,0.1,0.1,0.1,0.5,0,16936,0.053259329,0.018599433,0,0,0,0,0,0,0,0,0,0,0.44,1.140093149
68286.12,0.454580082,0.5,6236,37,0.553525,32.75,35.125,35.89,0,0,0.07,0,0,20,0.5,0.103,5.5,50,0,0.1,0.1,0.1,0.1,0.1,0.1,0.5,0,15925,0.052684458,0.018398744,0,0,0,0,0,0,0,0,0,0,5,1.140093149
68346.2,0.470217366,0.5,6236,37,0.27435,32.875,35.125,36.89,0,0,0.07,0,0,20,0.5,0.103,5.5,50,0,0.1,0.1,0.1,0.1,0.1,0.1,0.5,0,16023,0.052299819,0.018535855,0,0,0,0,0,0,0,0,0,0,5,1.140093149
68406.25,0.473347485,0.5,6236,37,0.14095,33.0625,35.125,37.21,0,0,0.07,0,0,20,0.5,0.103,5.5,50,0,0.1,0.1,0.1,0.1,0.1,0.1,0.5,0,16743,0.050827211,0.018156842,0,0,0,0,0,0,0,0,0,0,5,1.140093149
68466.32,0.472182967,0.5,6236,37,0.11215,33.25,35.125,37.33,0,0,0.25,0,0,20,0.5,0.103,5.5,50,0,0.1,0.1,0.1,0.1,0.1,0.1,0.5,0,16118,0.05192952,0.018364561,0,0,0,0,0,0,0,0,0,0,5,1.140093149
68526.35,0.497238351,0.5,6236,37,0.13345,33.1875,35.1875,37.29,0,0,0.07,0,0,20,0.5,0.103,5.5,50,0,0.1,0.1,0.1,0.1,0.1,0.1,0.5,0,16318,0.052518691,0.018445888,0,0,0,0,0,0,0,0,0,0,5,1.140093149
68586.42,0.490607983,0.5,6236,37,0.12655,33.25,35.1875,37.25,0,0,0.07,0,0,20,0.5,0.103,5.5,50,0,0.1,0.1,0.1,0.1,0.1,0.1,0.5,0,16640,0.051502404,0.018329327,0,0,0,0,0,0,0,0,0,0,5,1.140093149
68646.48,0.502583173,0.5,6236,37,0.14255,33.125,35.125,37.11,0,0,0.07,0,0,20,0.5,0.103,5.5,50,0,0.1,0.1,0.1,0.1,0.1,0.1,0.5,0,17742,0.050107091,0.017698117,0,0,0,0,0,0,0,0,0,0,5,1.155435716
68706.55,0.512878033,0.5,6236,37,0.13565,33.0625,35.125,37.11,0,0,0.07,0,0,20,0.5,0.103,5.5,50,0,0.1,0.1,0.1,0.1,0.1,0.1,0.5,0,17305,0.050910142,0.018087258,0,0,0,0,0,0,0,0,0,0,5,1.15849469
68766.62,0.523823713,0.5,6236,37,0.15205,33.0625,35.125,37.09,0,0,0.25,0,0,20,0.5,0.103,5.5,50,0,0.1,0.1,0.1,0.1,0.1,0.1,0.5,0,17345,0.050965696,0.01827616,0,0,0,0,0,0,0,0,0,0,5,1.163921372
68826.67,0.521091221,0.5,6236,37,0.15085,33.125,35.1875,37.25,0,0,0.07,0,0,20,0.5,0.103,5.5,50,0,0.1,0.1,0.1,0.1,0.1,0.1,0.5,0,17772,0.05058519,0.017949584,0,0,0,0,0,0,0,0,0,0,5,1.09003504
68886.73,0.545994128,0.5,6236,37,0.15015,33.125,35.125,37.01,0,0,0,0,0,20,0.5,0.103,5.5,50,0,0.1,0.1,0.1,0.1,0.1,0.1,0.5,0,17379,0.051211232,0.018125324,0,0,0,0,0,0,0,0,0,0,5,1.175582605
68946.8,0.568166742,0.5,6236,37,0.12155,33,35.125,37.09,0,0.02,0.15,0,0,20,0.5,0.103,5.5,50,0,0.1,0.1,0.1,0.1,0.1,0.1,0.5,0,17444,0.05130704,0.017943132,0,0,0,0,0,0,0,0,0,0,0.44,1.175582605
69006.88,0.51336196,0.5,6236,37,0.4347,32.9375,35.1875,36.41,0,0.02,0.15,0,0,20,0.5,0.103,5.5,50,0,0.1,0.1,0.1,0.1,0.1,0.1,0.5,0,17532,0.050193931,0.017738992,0,0,0,0,0,0,0,0,0,0,0.44,1.175582605
69066.92,0.472372298,0.5,6236,37,0.453575,32.75,35.1875,36.29,0,0.02,0.25,0,0,20,0.5,0.103,5.5,50,0,0.1,0.1,0.1,0.1,0.1,0.1,0.5,0,16692,0.049844237,0.017733046,0,0,0,0,0,0,0,0,0,0,0.44,1.175582605
69126.96,0.434525925,0.5,6236,37,0.464575,32.6875,35.1875,36.39,0,0,0.07,0,0,20,0.5,0.103,5.5,50,0,0.1,0.1,0.1,0.1,0.1,0.1,0.5,0,16243,0.048821031,0.017730715,0,0,0,0,0,0,0,0,0,0,5,1.175582605
69187.03,0.436951521,0.5,6236,37,0.22245,33,35.1875,36.89,0,0,0.07,0,0,20,0.5,0.103,5.5,50,0,0.1,0.1,0.1,0.1,0.1,0.1,0.5,0,16505,0.04822781,0.017570433,0,0,0,0,0,0,0,0,0,0,5,1.175582605
69247.1,0.452744277,0.5,6236,37,0.14785,33,35.1875,37.43,0,0,0.07,0,0,20,0.5,0.103,5.5,50,0,0.1,0.1,0.1,0.1,0.1,0.1,0.5,0,15988,0.048911684,0.017575682,0,0,0,0,0,0,0,0,0,0,5,1.175582605
69307.14,0.460050143,0.5,6236,37,0.15905,33.1875,35.1875,37.27,0,0,0.07,0,0,20,0.5,0.103,5.5,50,0,0.1,0.1,0.1,0.1,0.1,0.1,0.5,0,16804,0.048143299,0.017495834,0,0,0,0,0,0,0,0,0,0,5,1.175582605
69367.18,0.48023451,0.5,6236,37,0.12205,33.25,35.1875,37.25,0,0,0.25,0,0,20,0.5,0.103,5.5,50,0,0.1,0.1,0.1,0.1,0.1,0.1,0.5,0,16967,0.048329109,0.017504568,0,0,0,0,0,0,0,0,0,0,5,1.175582605
69427.25,0.49702285,0.5,6236,37,0.15075,33.25,35.125,37.01,0,0,0.07,0,0,20,0.5,0.103,5.5,50,0,0.1,0.1,0.1,0.1,0.1,0.1,0.5,0,16893,0.04848162,0.017581247,0,0,0,0,0,0,0,0,0,0,5,1.175582605
69487.31,0.496585133,0.5,6236,37,0.17335,33.125,35.1875,37.19,0,0,0.07,0,0,20,0.5,0.103,5.5,50,0,0.1,0.1,0.1,0.1,0.1,0.1,0.5,0,16968,0.048326261,0.017621405,0,0,0,0,0,0,0,0,0,0,5,1.114160277
69547.38,0.525383546,0.5,6236,37,0.13085,33.125,35.125,37.25,0,0,0.07,0,0,20,0.5,0.103,5.5,50,0,0.1,0.1,0.1,0.1,0.1,0.1,0.5,0,16909,0.048494884,0.017682891,0,0,0,0,0,0,0,0,0,0,5,1.227573139
69607.44,0.504153538,0.5,6236,37,0.14425,33.0625,35.125,37.37,0,0,0.07,0,0,20,0.5,0.103,5.5,50,0,0.1,0.1,0.1,0.1,0.1,0.1,0.5,0,17690,0.047880158,0.017354438,0,0,0,0,0,0,0,0,0,0,5,1.042451382
69667.51,0.521150469,0.5,6236,37,0.13525,33.0625,35.1875,37.13,0,0,0.25,0,0,20,0.5,0.103,5.5,50,0,0.1,0.1,0.1,0.1,0.1,0.1,0.5,0,17008,0.04885936,0.017697554,0,0,0,0,0,0,0,0,0,0,5,1.089802658
69727.57,0.539105061,0.5,6236,37,0.12985,33.0625,35.0625,37.03,0,0,0,0,0,20,0.5,0.103,5.5,50,0,0.1,0.1,0.1,0.1,0.1,0.1,0.5,0,17833,0.048000897,0.017271351,0,0,0,0,0,0,0,0,0,0,5,1.13692751
69787.65,0.538441791,0.5,6236,37,0.16105,32.9375,35.125,37.05,0,0,0,0,0,20,0.5,0.103,5.5,50,0,0.1,0.1,0.1,0.1,0.1,0.1,0.5,0,17564,0.04884992,0.017592803,0,0,0,0,0,0,0,0,0,0,5,1.07638791
69847.7,0.543358697,0.5,6236,37,0.14245,32.9375,35.125,37.19,0,0,0,0,0,20,0.5,0.103,5.5,50,0,0.1,0.1,0.1,0.1,0.1,0.1,0.5,0,17078,0.049537417,0.017800679,0,0,0,0,0,0,0,0,0,0,5,1.049839386
69907.74,0.563968559,0.5,6236,37,0.14355,33,35.125,37.13,0,0.02,0.15,0,0,20,0.5,0.103,5.5,50,0,0.1,0.1,0.1,0.1,0.1,0.1,0.5,0,17323,0.049529527,0.017895284,0,0,0,0,0,0,0,0,0,0,0.44,1.049839386
69967.78,0.498260549,0.5,6236,37,0.4709,32.75,35.125,36.09,0,0.02,0.25,0,0,20,0.5,0.103,5.5,50,0,0.1,0.1,0.1,0.1,0.1,0.1,0.5,0,16984,0.048339614,0.017545926,0,0,0,0,0,0,0,0,0,0,0.44,1.049839386
70027.83,0.451899759,0.5,6236,37,0.5567,32.8125,35.125,35.99,0,0,0.07,0,0,20,0.5,0.103,5.5,50,0,0.1,0.1,0.1,0.1,0.1,0.1,0.5,0,15616,0.048539959,0.01767418,0,0,0,0,0,0,0,0,0,0,5,1.049839386
70087.87,0.476000609,0.5,6236,37,0.29385,32.875,35.125,36.95,0,0,0.07,0,0,20,0.5,0.103,5.5,50,0,0.1,0.1,0.1,0.1,0.1,0.1,0.5,0,16133,0.04748032,0.017169776,0,0,0,0,0,0,0,0,0,0,5,1.049839386
70147.92,0.474321193,0.5,6236,37,0.12335,33,35.1875,37.35,0,0,0.07,0,0,20,0.5,0.103,5.5,50,0,0.1,0.1,0.1,0.1,0.1,0.1,0.5,0,16099,0.047766942,0.0174545,0,0,0,0,0,0,0,0,0,0,5,1.049839386
70207.98,0.48377957,0.5,6236,37,0.12635,33.1875,35.1875,37.27,0,0,0.07,0,0,20,0.5,0.103,5.5,50,0,0.1,0.1,0.1,0.1,0.1,0.1,0.5,0,17033,0.046732813,0.017319321,0,0,0,0,0,0,0,0,0,0,5,1.049839386
70268.05,0.476083912,0.5,6236,37,0.12585,33.125,35.1875,37.17,0,0,0.25,0,0,20,0.5,0.103,5.5,50,0,0.1,0.1,0.1,0.1,0.1,0.1,0.5,0,16835,0.046985447,0.017463617,0,0,0,0,0,0,0,0,0,0,5,1.049839386
70328.11,0.522975635,0.5,6236,37,0.13245,32.875,35.1875,37.01,0,0,0.07,0,0,20,0.5,0.103,5.5,50,0,0.1,0.1,0.1,0.1,0.1,0.1,0.5,0,17319,0.046884924,0.017206536,0,0,0,0,0,0,0,0,0,0,5,1.049839386
70388.18,0.500047994,0.5,6236,37,0.14845,33.125,35.1875,37.17,0,0,0.07,0,0,20,0.5,0.103,5.5,50,0,0.1,0.1,0.1,0.1,0.1,0.1,0.5,0,17400,0.046724138,0.017298851,0,0,0,0,0,0,0,0,0,0,5,0.862855039
70448.23,0.517049116,0.5,6236,37,0.14425,33.125,35.1875,37.01,0,0,0.07,0,0,20,0.5,0.103,5.5,50,0,0.1,0.1,0.1,0.1,0.1,0.1,0.5,0,16460,0.04835966,0.017800729,0,0,0,0,0,0,0,0,0,0,5,0.920013656
70508.3,0.531603771,0.5,6236,37,0.16125,32.9375,35.1875,37.11,0,0,0.07,0,0,20,0.5,0.103,5.5,50,0,0.1,0.1,0.1,0.1,0.1,0.1,0.5,0,17940,0.046432553,0.017112598,0,0,0,0,0,0,0,0,0,0,5,0.957294621
70568.34,0.548687976,0.5,6236,37,0.15415,33,35.1875,37.17,0,0,0.25,0,0,20,0.5,0.103,5.5,50,0,0.1,0.1,0.1,0.1,0.1,0.1,0.5,0,17561,0.047377712,0.017311087,0,0,0,0,0,0,0,0,0,0,5,1.004324414
70628.39,0.552215633,0.5,6236,37,0.15405,33.0625,35.1875,37.11,0,0.02,0.15,0,0,20,0.5,0.103,5.5,50,0,0.1,0.1,0.1,0.1,0.1,0.1,0.5,0,17275,0.047525326,0.01748191,0,0,0,0,0,0,0,0,0,0,0.44,1.004324414
70688.46,0.494914936,0.5,6236,37,0.422475,32.8125,35.125,36.47,0,0.018625652,0.144502608,0,0,20,0.5,0.103,5.5,50,0,0.1,0.1,0.1,0.1,0.1,0.1,0.5,0,17701,0.046042596,0.017117677,0,0,0,0,0,0,0,0,0,0,0.44,1.004324414
70748.5,0.481696461,0.5,6236,37,0.474972081,32.8125,35.125,36.17,0,0.02,0.15,0,0,20,0.5,0.103,5.5,50,0,0.1,0.1,0.1,0.1,0.1,0.1,0.5,0,16551,0.046462449,0.017098665,0,0,0,0,0,0,0,0,0,0,0.44,1.004324414
70808.54,0.42250453,0.5,6236,37,0.5114,32.6875,35.0625,36.13,0,0,0.07,0,0,20,0.5,0.103,5.5,50,0,0.1,0.1,0.1,0.1,0.1,0.1,0.5,0,16478,0.044908363,0.016870979,0,0,0,0,0,0,0,0,0,0,5,1.004324414
70868.59,0.436167007,0.5,6236,37,0.26865,32.875,35.125,37.05,0,0,0.25,0,0,20,0.5,0.103,5.5,50,0,0.1,0.1,0.1,0.1,0.1,0.1,0.5,0,15888,0.045883686,0.016993958,0,0,0,0,0,0,0,0,0,0,5,1.004324414
70928.63,0.441409171,0.5,6236,37,0.16755,33.125,35.125,37.49,0,0,0.07,0,0,20,0.5,0.103,5.5,50,0,0.1,0.1,0.1,0.1,0.1,0.1,0.5,0,15349,0.04664799,0.017199818,0,0,0,0,0,0,0,0,0,0,5,1.004324414
70988.68,0.446021274,0.5,6236,37,0.10545,33,35.0625,37.29,0,0,0.07,0,0,20,0.5,0.103,5.5,50,0,0.1,0.1,0.1,0.1,0.1,0.1,0.5,0,15838,0.046217957,0.017237025,0,0,0,0,0,0,0,0,0,0,5,1.004324414
71048.72,0.456114939,0.5,6236,37,0.15195,33.0625,35.125,37.43,0,0,0.07,0,0,20,0.5,0.103,5.5,50,0,0.1,0.1,0.1,0.1,0.1,0.1,0.5,0,15969,0.046151919,0.017033001,0,0,0,0,0,0,0,0,0,0,5,1.004324414
71108.79,0.487315777,0.5,6236,37,0.17035,33.125,35.125,37.13,0,0,0.07,0,0,20,0.5,0.103,5.5,50,0,0.1,0.1,0.1,0.1,0.1,0.1,0.5,0,16350,0.045749235,0.017003058,0,0,0,0,0,0,0,0,0,0,5,1.004324414
71168.85,0.493594913,0.5,6236,37,0.15195,32.875,35.1875,37.05,0,0,0.25,0,0,20,0.5,0.103,5.5,50,0,0.1,0.1,0.1,0.1,0.1,0.1,0.5,0,16813,0.045500506,0.016891691,0,0,0,0,0,0,0,0,0,0,5,0.992516716
71228.91,0.494918015,0.5,6236,37,0.16625,32.9375,35.125,37.13,0,0,0.07,0,0,20,0.5,0.103,5.5,50,0,0.1,0.1,0.1,0.1,0.1,0.1,0.5,0,16784,0.045579123,0.016980458,0,0,0,0,0,0,0,0,0,0,5,0.950921748
71289.01,0.515882143,0.5,6236,37,0.14225,32.9375,35.1875,37.19,0,0,0.07,0,0,20,0.5,0.103,5.5,50,0,0.1,0.1,0.1,0.1,0.1,0.1,0.5,0,16452,0.046255774,0.017262339,0,0,0,0,0,0,0,0,0,0,5,1.027834297
71349.04,0.506467083,0.5,6236,37,0.13445,32.9375,35.1875,37.19,0,0,0.07,0,0,20,0.5,0.103,5.5,50,0,0.1,0.1,0.1,0.1,0.1,0.1,0.5,0,17072,0.045747423,0.016986879,0,0,0,0,0,0,0,0,0,0,5,0.921185577
71409.09,0.517409259,0.5,6236,37,0.14965,33.125,35.1875,37.11,0,0,0,0,0,20,0.5,0.103,5.5,50,0,0.1,0.1,0.1,0.1,0.1,0.1,0.5,0,17186,0.045793087,0.017106948,0,0,0,0,0,0,0,0,0,0,5,0.939250796
71469.17,0.531303301,0.5,6236,37,0.13135,33,35.25,37.17,0,0,0,0,0,20,0.5,0.103,5.5,50,0,0.1,0.1,0.1,0.1,0.1,0.1,0.5,0,16595,0.046580295,0.017173848,0,0,0,0,0,0,0,0,0,0,5,0.971784903
71529.22,0.551481357,0.5,6236,37,0.12095,33,35.25,37.19,0,0,0,0,0,20,0.5,0.103,5.5,50,0,0.1,0.1,0.1,0.1,0.1,0.1,0.5,0,18213,0.044858068,0.016691374,0,0,0,0,0,0,0,0,0,0,5,1.035020621
71589.3,0.553082963,0.5,6236,37,0.15235,33.0625,35.1875,37.05,0,0.02,0.15,0,0,20,0.5,0.103,5.5,50,0,0.1,0.1,0.1,0.1,0.1,0.1,0.5,0,17490,0.045683248,0.017038308,0,0,0,0,0,0,0,0,0,0,0.44,1.035020621
71649.36,0.514092439,0.5,6236,37,0.4801,32.8125,35.125,36.05,0,0.02,0.15,0,0,20,0.5,0.103,5.5,50,0,0.1,0.1,0.1,0.1,0.1,0.1,0.5,0,16000,0.04675,0.01725,0,0,0,0,0,0,0,0,0,0,0.44,1.035020621
71709.43,0.451633292,0.5,6236,37,0.5422,32.5625,35.125,35.93,0,0.02,0.15,0,0,20,0.5,0.103,5.5,50,0,0.1,0.1,0.1,0.1,0.1,0.1,0.5,0,15059,0.046616641,0.017398234,0,0,0,0,0,0,0,0,0,0,0.44,1.035020621
71769.49,0.39726311,0.5,6236,37,0.5554,32.6875,35.125,36.05,0,0,0.25,0,0,20,0.5,0.103,5.5,50,0,0.1,0.1,0.1,0.1,0.1,0.1,0.5,0,15150,0.045148515,0.016963696,0,0,0,0,0,0,0,0,0,0,5,1.035020621
71829.55,0.405011982,0.5,6236,37,0.20885,33,35.1875,37.25,0,0,0.07,0,0,20,0.5,0.103,5.5,50,0,0.1,0.1,0.1,0.1,0.1,0.1,0.5,0,15546,0.044448733,0.01685321,0,0,0,0,0,0,0,0,0,0,5,1.035020621
71889.6,0.4146775,0.5,6236,37,0.08235,33.125,35.1875,37.69,0,0,0.07,0,0,20,0.5,0.103,5.5,50,0,0.1,0.1,0.1,0.1,0.1,0.1,0.5,0,15547,0.044767479,0.016787805,0,0,0,0,0,0,0,0,0,0,5,1.035020621
71949.64,0.42751386,0.5,6236,37,0.15005,33.1875,35.1875,37.37,0,0,0.07,0,0,20,0.5,0.103,5.5,50,0,0.1,0.1,0.1,0.1,0.1,0.1,0.5,0,15852,0.044158466,0.016780217,0,0,0,0,0,0,0,0,0,0,5,1.035020621
72009.7,0.443045502,0.5,6236,37,0.12565,33,35.125,37.41,0,0,0.07,0,0,20,0.5,0.103,5.5,50,0,0.1,0.1,0.1,0.1,0.1,0.1,0.5,0,16237,0.044343167,0.016628688,0,0,0,0,0,0,0,0,0,0,5,1.035020621
72069.78,0.445517704,0.5,6236,37,0.11395,33.1875,35.0625,37.41,0,0,0.25,0,0,20,0.5,0.103,5.5,50,0,0.1,0.1,0.1,0.1,0.1,0.1,0.5,0,15979,0.044683647,0.016834595,0,0,0,0,0,0,0,0,0,0,5,1.035020621
72129.82,0.450499411,0.5,6236,37,0.11965,33.0625,35.0625,37.35,0,0,0.07,0,0,20,0.5,0.103,5.5,50,0,0.1,0.1,0.1,0.1,0.1,0.1,0.5,0,16346,0.044169827,0.016701334,0,0,0,0,0,0,0,0,0,0,5,1.016628944
72189.85,0.471169216,0.5,6236,37,0.13355,32.9375,35.125,37.25,0,0,0.07,0,0,20,0.5,0.103,5.5,50,0,0.1,0.1,0.1,0.1,0.1,0.1,0.5,0,16539,0.044440414,0.016506439,0,0,0,0,0,0,0,0,0,0,5,1.100379083
72249.92,0.483761852,0.5,6236,37,0.19995,33,35.1875,36.97,0,0,0.07,0,0,20,0.5,0.103,5.5,50,0,0.1,0.1,0.1,0.1,0.1,0.1,0.5,0,16336,0.044625367,0.016772772,0,0,0,0,0,0,0,0,0,0,5,1.124486462
72310,0.485656516,0.5,6236,37,0.14485,32.9375,35.1875,37.17,0,0,0.07,0,0,20,0.5,0.103,5.5,50,0,0.1,0.1,0.1,0.1,0.1,0.1,0.5,0,16231,0.045160495,0.017004498,0,0,0,0,0,0,0,0,0,0,5,1.079988761
72370.05,0.485605514,0.5,6236,37,0.15265,32.875,35.125,37.11,0,0,0,0,0,20,0.5,0.103,5.5,50,0,0.1,0.1,0.1,0.1,0.1,0.1,0.5,0,16498,0.044793308,0.016911141,0,0,0,0,0,0,0,0,0,0,5,1.025674257
72430.12,0.50506101,0.5,6236,37,0.10695,32.9375,35.1875,37.27,0,0,0,0,0,20,0.5,0.103,5.5,50,0,0.1,0.1,0.1,0.1,0.1,0.1,0.5,0,17189,0.044156146,0.016580371,0,0,0,0,0,0,0,0,0,0,5,1.092238462
72490.16,0.534610289,0.5,6236,37,0.14335,32.9375,35.1875,37.11,0,0,0,0,0,20,0.5,0.103,5.5,50,0,0.1,0.1,0.1,0.1,0.1,0.1,0.5,0,16920,0.044444444,0.016607565,0,0,0,0,0,0,0,0,0,0,5,1.208202987
72550.21,0.52649039,0.5,6236,37,0.15685,32.875,35.1875,37.05,0,0,0,0,0,20,0.5,0.103,5.5,50,0,0.1,0.1,0.1,0.1,0.1,0.1,0.5,0,17725,0.043610719,0.016586742,0,0,0,0,0,0,0,0,0,0,5,1.101877923
72610.27,0.521542348,0.5,6236,37,0.11055,32.9375,35.1875,37.21,0,0,0,0,0,20,0.5,0.103,5.5,50,0,0.1,0.1,0.1,0.1,0.1,0.1,0.5,0,17054,0.045033423,0.016887534,0,0,0,0,0,0,0,0,0,0,5,1.018456217
72670.31,0.555051645,0.5,6236,37,0.14725,33,35.1875,37.05,0,0,0,0,0,20,0.5,0.103,5.5,50,0,0.1,0.1,0.1,0.1,0.1,0.1,0.5,0,17200,0.045,0.016918605,0,0,0,0,0,0,0,0,0,0,5,1.154345467
72730.36,0.548477586,0.5,6236,37,0.2469,32.9375,35.125,37.03,0,0.02,0.15,0,0,20,0.5,0.103,5.5,50,0,0.1,0.1,0.1,0.1,0.1,0.1,0.5,0,17706,0.044504688,0.016773975,0,0,0,0,0,0,0,0,0,0,0.44,1.154345467
72790.4,0.509435139,0.5,6236,37,0.4554,32.6875,35.125,36.13,0,0.02,0.15,0,0,20,0.5,0.103,5.5,50,0,0.1,0.1,0.1,0.1,0.1,0.1,0.5,0,17299,0.044164403,0.016706168,0,0,0,0,0,0,0,0,0,0,0.44,1.154345467
72850.45,0.444936624,0.5,6236,37,0.459873894,32.6875,35.125,36.05,0,0.001394116,0.075576466,0,0,20,0.5,0.103,5.5,50,0,0.1,0.1,0.1,0.1,0.1,0.1,0.5,0,16403,0.044077303,0.01682619,0,0,0,0,0,0,0,0,0,0,0.44,1.154345467
72910.49,0.476517431,0.5,6236,37,0.284202041,32.875,35.125,36.93,0,0.009407655,0.107630618,0,0,20,0.5,0.103,5.5,50,0,0.1,0.1,0.1,0.1,0.1,0.1,0.5,0,16440,0.043673966,0.016666667,0,0,0,0,0,0,0,0,0,0,0.44,1.154345467
72970.56,0.46150483,0.5,6236,37,0.342312786,32.875,35.0625,36.69,0,0.007757367,0.25,0,0,20,0.5,0.103,5.5,50,0,0.1,0.1,0.1,0.1,0.1,0.1,0.5,0,15239,0.044884835,0.016995866,0,0,0,0,0,0,0,0,0,0,0.44,1.154345467
73030.62,0.427691829,0.5,6236,37,0.34365,33.0625,35.125,36.61,0,0,0.07,0,0,20,0.5,0.103,5.5,50,0,0.1,0.1,0.1,0.1,0.1,0.1,0.5,0,15774,0.043552682,0.016546215,0,0,0,0,0,0,0,0,0,0,5,1.154345467
73090.7,0.433203036,0.5,6236,37,0.14255,33.125,35.0625,37.37,0,0,0.07,0,0,20,0.5,0.103,5.5,50,0,0.1,0.1,0.1,0.1,0.1,0.1,0.5,0,16034,0.043594861,0.016652114,0,0,0,0,0,0,0,0,0,0,5,1.154345467
73150.76,0.447839101,0.5,6236,37,0.18445,33.0625,35.125,37.17,0,0,0.07,0,0,20,0.5,0.103,5.5,50,0,0.1,0.1,0.1,0.1,0.1,0.1,0.5,0,15825,0.04385466,0.016619273,0,0,0,0,0,0,0,0,0,0,5,1.154345467
73210.83,0.459003849,0.5,6236,37,0.13425,32.9375,35.125,37.33,0,0,0.07,0,0,20,0.5,0.103,5.5,50,0,0.1,0.1,0.1,0.1,0.1,0.1,0.5,0,16529,0.043499304,0.016455926,0,0,0,0,0,0,0,0,0,0,5,1.154345467
73270.89,0.477265293,0.5,6236,37,0.14645,33.0625,35.1875,37.25,0,0,0.25,0,0,20,0.5,0.103,5.5,50,0,0.1,0.1,0.1,0.1,0.1,0.1,0.5,0,16615,0.043334336,0.016491122,0,0,0,0,0,0,0,0,0,0,5,1.154345467
73330.96,0.472008772,0.5,6236,37,0.14955,33.125,35.1875,37.21,0,0,0.07,0,0,20,0.5,0.103,5.5,50,0,0.1,0.1,0.1,0.1,0.1,0.1,0.5,0,16263,0.044087807,0.016725081,0,0,0,0,0,0,0,0,0,0,5,1.154345467
73391.06,0.487601047,0.5,6236,37,0.12675,33,35.125,37.27,0,0,0.07,0,0,20,0.5,0.103,5.5,50,0,0.1,0.1,0.1,0.1,0.1,0.1,0.5,0,15940,0.044479297,0.016938519,0,0,0,0,0,0,0,0,0,0,5,1.194128117
73451.12,0.486147675,0.5,6236,37,0.15895,33.0625,35.125,37.11,0,0,0.07,0,0,20,0.5,0.103,5.5,50,0,0.1,0.1,0.1,0.1,0.1,0.1,0.5,0,16169,0.044529656,0.016822314,0,0,0,0,0,0,0,0,0,0,5,1.125466387
73511.19,0.516696049,0.5,6236,37,0.17685,33,35.125,37.03,0,0,0.07,0,0,20,0.5,0.103,5.5,50,0,0.1,0.1,0.1,0.1,0.1,0.1,0.5,0,16590,0.044183243,0.016757083,0,0,0,0,0,0,0,0,0,0,5,1.252020127
73571.26,0.507445911,0.5,6236,37,0.12435,33.0625,35.0625,37.21,0,0,0.25,0,0,20,0.5,0.103,5.5,50,0,0.1,0.1,0.1,0.1,0.1,0.1,0.5,0,16464,0.044642857,0.016642371,0,0,0,0,0,0,0,0,0,0,5,1.135225128
73631.3,0.523497395,0.5,6236,37,0.12655,32.75,35.0625,37.17,0,0,0,0,0,20,0.5,0.103,5.5,50,0,0.1,0.1,0.1,0.1,0.1,0.1,0.5,0,17312,0.043842421,0.01663586,0,0,0,0,0,0,0,0,0,0,5,1.171889656
73691.37,0.530659485,0.5,6236,37,0.12085,32.75,35.0625,37.17,0,0,0,0,0,20,0.5,0.103,5.5,50,0,0.1,0.1,0.1,0.1,0.1,0.1,0.5,0,16417,0.045075227,0.017055491,0,0,0,0,0,0,0,0,0,0,5,1.154060649
73751.45,0.560327528,0.5,6236,37,0.12815,32.9375,35.0625,37.13,0,0,0,0,0,20,0.5,0.103,5.5,50,0,0.1,0.1,0.1,0.1,0.1,0.1,0.5,0,16790,0.044788565,0.01697439,0,0,0,0,0,0,0,0,0,0,5,1.259560433
73811.5,0.559918211,0.5,6236,37,0.2506,32.9375,35.125,37.01,0,0.02,0.15,0,0,20,0.5,0.103,5.5,50,0,0.1,0.1,0.1,0.1,0.1,0.1,0.5,0,17491,0.043851123,0.016579955,0,0,0,0,0,0,0,0,0,0,0.44,1.259560433
73871.57,0.509244001,0.5,6236,37,0.451725,32.8125,35.0625,36.17,0,0.02,0.25,0,0,20,0.5,0.103,5.5,50,0,0.1,0.1,0.1,0.1,0.1,0.1,0.5,0,16925,0.043604136,0.016602659,0,0,0,0,0,0,0,0,0,0,0.44,1.259560433
73931.64,0.444832675,0.5,6236,37,0.545417109,32.625,35.0625,35.75,0,0.001377227,0.075508908,0,0,20,0.5,0.103,5.5,50,0,0.1,0.1,0.1,0.1,0.1,0.1,0.5,0,16527,0.042899498,0.01639741,0,0,0,0,0,0,0,0,0,0,0.44,1.259560433
73991.68,0.439975783,0.5,6236,37,0.33745,32.75,35.0625,36.63,0,0,0.07,0,0,20,0.5,0.103,5.5,50,0,0.1,0.1,0.1,0.1,0.1,0.1,0.5,0,16231,0.043188959,0.016450003,0,0,0,0,0,0,0,0,0,0,5,1.259560433
74051.73,0.447699392,0.5,6236,37,0.13555,32.9375,35.0625,37.41,0,0,0.07,0,0,20,0.5,0.103,5.5,50,0,0.1,0.1,0.1,0.1,0.1,0.1,0.5,0,16244,0.043092834,0.016621522,0,0,0,0,0,0,0,0,0,0,5,1.259560433
74111.78,0.463109165,0.5,6236,37,0.13445,33,35.0625,37.37,0,0,0.07,0,0,20,0.5,0.103,5.5,50,0,0.1,0.1,0.1,0.1,0.1,0.1,0.5,0,15691,0.043846791,0.016888662,0,0,0,0,0,0,0,0,0,0,5,1.259560433
74171.85,0.470186242,0.5,6236,37,0.10505,33,35.0625,37.43,0,0,0.25,0,0,20,0.5,0.103,5.5,50,0,0.1,0.1,0.1,0.1,0.1,0.1,0.5,0,16002,0.043869516,0.016685414,0,0,0,0,0,0,0,0,0,0,5,1.259560433
74231.91,0.46575014,0.5,6236,37,0.16075,33,35.125,37.17,0,0,0.07,0,0,20,0.5,0.103,5.5,50,0,0.1,0.1,0.1,0.1,0.1,0.1,0.5,0,17350,0.04259366,0.016541787,0,0,0,0,0,0,0,0,0,0,5,1.259560433
74291.97,0.49481292,0.5,6236,37,0.18475,33.125,35.125,37.05,0,0,0.07,0,0,20,0.5,0.103,5.5,50,0,0.1,0.1,0.1,0.1,0.1,0.1,0.5,0,17403,0.042923634,0.016261564,0,0,0,0,0,0,0,0,0,0,5,1.259560433
74352.01,0.499988562,0.5,6236,37,0.16555,33.125,35.125,37.11,0,0,0.07,0,0,20,0.5,0.103,5.5,50,0,0.1,0.1,0.1,0.1,0.1,0.1,0.5,0,16747,0.043589897,0.0166597,0,0,0,0,0,0,0,0,0,0,5,1.227798819
74412.06,0.518235201,0.5,6236,37,0.11215,33.0625,35.125,37.29,0,0,0.07,0,0,20,0.5,0.103,5.5,50,0,0.1,0.1,0.1,0.1,0.1,0.1,0.5,0,16848,0.043981481,0.016678538,0,0,0,0,0,0,0,0,0,0,5,1.273940798
74472.12,0.525945982,0.5,6236,37,0.17355,33.0625,35.125,37.03,0,0,0.25,0,0,20,0.5,0.103,5.5,50,0,0.1,0.1,0.1,0.1,0.1,0.1,0.5,0,17504,0.042904479,0.016567642,0,0,0,0,0,0,0,0,0,0,5,1.254551708
74532.17,0.522082504,0.5,6236,37,0.16495,33,35.125,37.05,0,0,0.07,0,0,20,0.5,0.103,5.5,50,0,0.1,0.1,0.1,0.1,0.1,0.1,0.5,0,18015,0.042631141,0.016375243,0,0,0,0,0,0,0,0,0,0,5,1.169705477
74592.23,0.556358997,0.5,6236,37,0.14045,33.0625,35.125,37.13,0,0,0,0,0,20,0.5,0.103,5.5,50,0,0.1,0.1,0.1,0.1,0.1,0.1,0.5,0,17212,0.04363235,0.016732512,0,0,0,0,0,0,0,0,0,0,5,1.301984607
74652.3,0.570935488,0.5,6236,37,0.254125,33,35.0625,37.05,0,0.02,0.15,0,0,20,0.5,0.103,5.5,50,0,0.1,0.1,0.1,0.1,0.1,0.1,0.5,0,18141,0.043051651,0.016426878,0,0,0,0,0,0,0,0,0,0,0.44,1.301984607
74712.34,0.541045801,0.5,6236,37,0.402825,32.875,35.0625,36.41,0,0.02,0.15,0,0,20,0.5,0.103,5.5,50,0,0.1,0.1,0.1,0.1,0.1,0.1,0.5,0,17170,0.043273151,0.016598719,0,0,0,0,0,0,0,0,0,0,0.44,1.301984607
74772.41,0.472935467,0.5,6236,37,0.471025,32.75,35.0625,36.21,0,0.02,0.25,0,0,20,0.5,0.103,5.5,50,0,0.1,0.1,0.1,0.1,0.1,0.1,0.5,0,16465,0.043121773,0.016519891,0,0,0,0,0,0,0,0,0,0,0.44,1.301984607
74832.45,0.438047952,0.5,6236,37,0.46305,32.875,35.0625,36.13,0,0,0.07,0,0,20,0.5,0.103,5.5,50,0,0.1,0.1,0.1,0.1,0.1,0.1,0.5,0,16077,0.042794054,0.016483175,0,0,0,0,0,0,0,0,0,0,5,1.301984607
74892.5,0.429067731,0.5,6236,37,0.21455,32.9375,35.0625,37.13,0,0,0.07,0,0,20,0.5,0.103,5.5,50,0,0.1,0.1,0.1,0.1,0.1,0.1,0.5,0,16241,0.042177206,0.016316729,0,0,0,0,0,0,0,0,0,0,5,1.301984607
74952.54,0.441062841,0.5,6236,37,0.16525,33,35,37.29,0,0,0.07,0,0,20,0.5,0.103,5.5,50,0,0.1,0.1,0.1,0.1,0.1,0.1,0.5,0,16872,0.042022285,0.016299194,0,0,0,0,0,0,0,0,0,0,5,1.301984607
75012.6,0.460536824,0.5,6236,37,0.18095,33.1875,35.0625,37.19,0,0,0.07,0,0,20,0.5,0.103,5.5,50,0,0.1,0.1,0.1,0.1,0.1,0.1,0.5,0,15708,0.043226381,0.016615737,0,0,0,0,0,0,0,0,0,0,5,1.301984607
75072.65,0.473509107,0.5,6236,37,0.12605,33.125,35.0625,37.37,0,0,0.25,0,0,20,0.5,0.103,5.5,50,0,0.1,0.1,0.1,0.1,0.1,0.1,0.5,0,15619,0.043664767,0.016902491,0,0,0,0,0,0,0,0,0,0,5,1.301984607
75132.71,0.485595615,0.5,6236,37,0.15375,33,35,37.21,0,0,0.07,0,0,20,0.5,0.103,5.5,50,0,0.1,0.1,0.1,0.1,0.1,0.1,0.5,0,15032,0.044771155,0.01709686,0,0,0,0,0,0,0,0,0,0,5,1.301984607
75192.76,0.491279582,0.5,6236,37,0.17835,32.9375,35.0625,37.09,0,0,0.07,0,0,20,0.5,0.103,5.5,50,0,0.1,0.1,0.1,0.1,0.1,0.1,0.5,0,17486,0.042262381,0.015955622,0,0,0,0,0,0,0,0,0,0,5,1.271796881
75252.82,0.493011864,0.5,6236,37,0.11965,33,35.0625,37.29,0,0,0.07,0,0,20,0.5,0.103,5.5,50,0,0.1,0.1,0.1,0.1,0.1,0.1,0.5,0,16472,0.043042739,0.016573579,0,0,0,0,0,0,0,0,0,0,5,1.21876662
75312.89,0.500128029,0.5,6236,37,0.10855,33,35.0625,37.29,0,0,0.07,0,0,20,0.5,0.103,5.5,50,0,0.1,0.1,0.1,0.1,0.1,0.1,0.5,0,17469,0.042189021,0.016200126,0,0,0,0,0,0,0,0,0,0,5,1.200820943
75372.93,0.53399964,0.5,6236,37,0.19115,33,35.125,36.95,0,0,0.25,0,0,20,0.5,0.103,5.5,50,0,0.1,0.1,0.1,0.1,0.1,0.1,0.5,0,15998,0.044193024,0.016814602,0,0,0,0,0,0,0,0,0,0,5,1.337373017
75432.97,0.52545129,0.5,6236,37,0.1495,32.9375,35.125,37.03,0,0,0,0,0,20,0.5,0.103,5.5,50,0,0.1,0.1,0.1,0.1,0.1,0.1,0.5,0,18436,0.04176611,0.01627251,0,0,0,0,0,0,0,0,0,0,5,1.222091353
75493.02,0.559491993,0.5,6236,37,0.1597,33,35.1875,37.29,0,0,0,0,0,20,0.5,0.103,5.5,50,0,0.1,0.1,0.1,0.1,0.1,0.1,0.5,0,17932,0.042438099,0.016283739,0,0,0,0,0,0,0,0,0,0,5,1.349301954
75553.06,0.55581755,0.5,6236,37,0.241075,33,35.1875,37.09,0,0.02,0.15,0,0,20,0.5,0.103,5.5,50,0,0.1,0.1,0.1,0.1,0.1,0.1,0.5,0,18928,0.041789941,0.016272189,0,0,0,0,0,0,0,0,0,0,0.44,1.349301954
75613.12,0.501663644,0.5,6236,37,0.530232868,32.75,35.125,35.81,0,0.019844011,0.149376043,0,0,20,0.5,0.103,5.5,50,0,0.1,0.1,0.1,0.1,0.1,0.1,0.5,0,17117,0.042180289,0.016124321,0,0,0,0,0,0,0,0,0,0,0.44,1.349301954
75673.21,0.436024345,0.5,6236,37,0.46057314,32.75,35.0625,36.09,0,4.79E-05,0.25,0,0,20,0.5,0.103,5.5,50,0,0.1,0.1,0.1,0.1,0.1,0.1,0.5,0,16516,0.042140954,0.016347784,0,0,0,0,0,0,0,0,0,0,0.44,1.349301954
75733.27,0.444960028,0.5,6236,37,0.33455,32.8125,35.0625,36.65,0,0,0.07,0,0,20,0.5,0.103,5.5,50,0,0.1,0.1,0.1,0.1,0.1,0.1,0.5,0,16019,0.042324739,0.016480429,0,0,0,0,0,0,0,0,0,0,5,1.349301954
75793.35,0.445878822,0.5,6236,37,0.15295,33.0625,35.125,37.35,0,0,0.07,0,0,20,0.5,0.103,5.5,50,0,0.1,0.1,0.1,0.1,0.1,0.1,0.5,0,16057,0.042473687,0.016441427,0,0,0,0,0,0,0,0,0,0,5,1.349301954
75853.42,0.457073512,0.5,6236,37,0.11915,33,35.125,37.43,0,0,0.07,0,0,20,0.5,0.103,5.5,50,0,0.1,0.1,0.1,0.1,0.1,0.1,0.5,0,16593,0.041824866,0.016211656,0,0,0,0,0,0,0,0,0,0,5,1.349301954
75913.46,0.473985786,0.5,6236,37,0.12215,33.125,35.125,37.37,0,0,0.07,0,0,20,0.5,0.103,5.5,50,0,0.1,0.1,0.1,0.1,0.1,0.1,0.5,0,16248,0.042897587,0.016494338,0,0,0,0,0,0,0,0,0,0,5,1.349301954
75973.53,0.48946858,0.5,6236,37,0.16315,33,35.125,37.17,0,0,0.25,0,0,20,0.5,0.103,5.5,50,0,0.1,0.1,0.1,0.1,0.1,0.1,0.5,0,16946,0.041956804,0.016169007,0,0,0,0,0,0,0,0,0,0,5,1.349301954
76033.59,0.495636562,0.5,6236,37,0.17985,32.9375,35.0625,37.09,0,0,0.07,0,0,20,0.5,0.103,5.5,50,0,0.1,0.1,0.1,0.1,0.1,0.1,0.5,0,17223,0.041978749,0.01625733,0,0,0,0,0,0,0,0,0,0,5,1.349301954
76093.64,0.498399539,0.5,6236,37,0.18595,33.0625,35.0625,37.05,0,0,0.07,0,0,20,0.5,0.103,5.5,50,0,0.1,0.1,0.1,0.1,0.1,0.1,0.5,0,18545,0.040550013,0.01585333,0,0,0,0,0,0,0,0,0,0,5,1.298514226
76153.68,0.521371756,0.5,6236,37,0.14695,33,35,37.17,0,0,0.07,0,0,20,0.5,0.103,5.5,50,0,0.1,0.1,0.1,0.1,0.1,0.1,0.5,0,16570,0.042788171,0.016656608,0,0,0,0,0,0,0,0,0,0,5,1.368772381
76213.73,0.517496643,0.5,6236,37,0.14005,33.0625,34.9375,37.17,0,0,0.07,0,0,20,0.5,0.103,5.5,50,0,0.1,0.1,0.1,0.1,0.1,0.1,0.5,0,17029,0.042456985,0.016442539,0,0,0,0,0,0,0,0,0,0,5,1.277952881
76273.77,0.530933416,0.5,6236,37,0.13435,32.9375,35,37.17,0,0,0.25,0,0,20,0.5,0.103,5.5,50,0,0.1,0.1,0.1,0.1,0.1,0.1,0.5,0,18560,0.04137931,0.016109914,0,0,0,0,0,0,0,0,0,0,5,1.290955983
76333.81,0.546953839,0.5,6236,37,0.0629,32.9375,35,37.09,0,0,0,0,0,20,0.5,0.103,5.5,50,0,0.1,0.1,0.1,0.1,0.1,0.1,0.5,0,17404,0.042748793,0.016490462,0,0,0,0,0,0,0,0,0,0,5,1.315591554
76393.9,0.541792384,0.5,6236,37,0.288175,32.875,34.9375,36.89,0,0.02,0.15,0,0,20,0.5,0.103,5.5,50,0,0.1,0.1,0.1,0.1,0.1,0.1,0.5,0,18536,0.041756582,0.015968925,0,0,0,0,0,0,0,0,0,0,0.44,1.315591554
76453.94,0.49738793,0.5,6236,37,0.56535,32.75,35,35.67,0,0.02,0.15,0,0,20,0.5,0.103,5.5,50,0,0.1,0.1,0.1,0.1,0.1,0.1,0.5,0,16119,0.043364973,0.01668838,0,0,0,0,0,0,0,0,0,0,0.44,1.315591554
76514.01,0.436283639,0.5,6236,37,0.56205,32.75,35,35.71,0,0,0.07,0,0,20,0.5,0.103,5.5,50,0,0.1,0.1,0.1,0.1,0.1,0.1,0.5,0,16088,0.04220537,0.016409746,0,0,0,0,0,0,0,0,0,0,5,1.315591554
76574.09,0.465938382,0.5,6236,37,0.26735,32.75,35.0625,36.89,0,0,0.25,0,0,20,0.5,0.103,5.5,50,0,0.1,0.1,0.1,0.1,0.1,0.1,0.5,0,16565,0.041835195,0.016239058,0,0,0,0,0,0,0,0,0,0,5,1.315591554
76634.13,0.478801334,0.5,6236,37,0.22045,32.75,35.0625,37.05,0,0,0.07,0,0,20,0.5,0.103,5.5,50,0,0.1,0.1,0.1,0.1,0.1,0.1,0.5,0,17293,0.041114902,0.016075869,0,0,0,0,0,0,0,0,0,0,5,1.315591554
76694.21,0.477873964,0.5,6236,37,0.16055,32.9375,35.0625,37.25,0,0,0.07,0,0,20,0.5,0.103,5.5,50,0,0.1,0.1,0.1,0.1,0.1,0.1,0.5,0,16280,0.042628993,0.016339066,0,0,0,0,0,0,0,0,0,0,5,1.315591554
76754.28,0.488366108,0.5,6236,37,0.13155,33.125,35.125,37.33,0,0,0.07,0,0,20,0.5,0.103,5.5,50,0,0.1,0.1,0.1,0.1,0.1,0.1,0.5,0,17126,0.041457433,0.01629102,0,0,0,0,0,0,0,0,0,0,5,1.315591554
76814.35,0.501123619,0.5,6236,37,0.10835,32.9375,35.0625,37.37,0,0,0.07,0,0,20,0.5,0.103,5.5,50,0,0.1,0.1,0.1,0.1,0.1,0.1,0.5,0,16654,0.042632401,0.016452504,0,0,0,0,0,0,0,0,0,0,5,1.315591554
76874.39,0.521351573,0.5,6236,37,0.14265,33.0625,35.125,37.21,0,0,0.25,0,0,20,0.5,0.103,5.5,50,0,0.1,0.1,0.1,0.1,0.1,0.1,0.5,0,16678,0.042451133,0.016428828,0,0,0,0,0,0,0,0,0,0,5,1.368527387
76934.44,0.528443214,0.5,6236,37,0.13575,32.875,35.125,37.21,0,0,0.07,0,0,20,0.5,0.103,5.5,50,0,0.1,0.1,0.1,0.1,0.1,0.1,0.5,0,18030,0.041320022,0.01619523,0,0,0,0,0,0,0,0,0,0,5,1.340633219
76994.48,0.525931286,0.5,6236,37,0.12855,33,35.0625,37.21,0,0,0.07,0,0,20,0.5,0.103,5.5,50,0,0.1,0.1,0.1,0.1,0.1,0.1,0.5,0,16566,0.043160691,0.01666063,0,0,0,0,0,0,0,0,0,0,5,1.25930721
77054.53,0.540710095,0.5,6236,37,0.14375,33,35.0625,37.13,0,0,0.07,0,0,20,0.5,0.103,5.5,50,0,0.1,0.1,0.1,0.1,0.1,0.1,0.5,0,17704,0.042193854,0.016380479,0,0,0,0,0,0,0,0,0,0,5,1.279479943
77114.57,0.556952031,0.5,6236,37,0.38215,32.8125,35,36.49,0,0.02,0.15,0,0,20,0.5,0.103,5.5,50,0,0.1,0.1,0.1,0.1,0.1,0.1,0.5,0,17649,0.042268684,0.016374865,0,0,0,0,0,0,0,0,0,0,0.44,1.279479943
77174.62,0.486077524,0.5,6236,37,0.566632058,32.8125,35,35.71,0,0.017961723,0.25,0,0,20,0.5,0.103,5.5,50,0,0.1,0.1,0.1,0.1,0.1,0.1,0.5,0,16689,0.042363233,0.01635808,0,0,0,0,0,0,0,0,0,0,0.44,1.279479943
77234.68,0.459452518,0.5,6236,37,0.47505,32.6875,35.0625,36.07,0,0,0.07,0,0,20,0.5,0.103,5.5,50,0,0.1,0.1,0.1,0.1,0.1,0.1,0.5,0,16225,0.041972265,0.016394453,0,0,0,0,0,0,0,0,0,0,5,1.279479943
77294.75,0.45315548,0.5,6236,37,0.25655,32.875,35,36.95,0,0,0.07,0,0,20,0.5,0.103,5.5,50,0,0.1,0.1,0.1,0.1,0.1,0.1,0.5,0,15808,0.042763158,0.016447368,0,0,0,0,0,0,0,0,0,0,5,1.279479943
77354.81,0.465394778,0.5,6236,37,0.14195,32.875,35.0625,37.37,0,0,0.07,0,0,20,0.5,0.103,5.5,50,0,0.1,0.1,0.1,0.1,0.1,0.1,0.5,0,16831,0.041292852,0.015982413,0,0,0,0,0,0,0,0,0,0,5,1.279479943
77414.88,0.460349906,0.5,6236,37,0.14935,33,35,37.29,0,0,0.07,0,0,20,0.5,0.103,5.5,50,0,0.1,0.1,0.1,0.1,0.1,0.1,0.5,0,16351,0.042260412,0.016451593,0,0,0,0,0,0,0,0,0,0,5,1.279479943
77474.95,0.486054146,0.5,6236,37,0.14885,33,35,37.25,0,0,0.25,0,0,20,0.5,0.103,5.5,50,0,0.1,0.1,0.1,0.1,0.1,0.1,0.5,0,17414,0.041403468,0.016136442,0,0,0,0,0,0,0,0,0,0,5,1.279479943
77535.02,0.486823132,0.5,6236,37,0.11335,33.0625,35,37.35,0,0,0.07,0,0,20,0.5,0.103,5.5,50,0,0.1,0.1,0.1,0.1,0.1,0.1,0.5,0,16909,0.042048613,0.016322668,0,0,0,0,0,0,0,0,0,0,5,1.279479943
77595.09,0.495857096,0.5,6236,37,0.12435,33.0625,35,37.27,0,0,0.07,0,0,20,0.5,0.103,5.5,50,0,0.1,0.1,0.1,0.1,0.1,0.1,0.5,0,16927,0.041885745,0.016187157,0,0,0,0,0,0,0,0,0,0,5,1.270666626
77655.17,0.525968949,0.5,6236,37,0.15305,33,35,37.13,0,0,0.07,0,0,20,0.5,0.103,5.5,50,0,0.1,0.1,0.1,0.1,0.1,0.1,0.5,0,16682,0.042500899,0.016245055,0,0,0,0,0,0,0,0,0,0,5,1.383996515
77715.24,0.540115434,0.5,6236,37,0.13975,33.0625,35.0625,37.17,0,0,0.07,0,0,20,0.5,0.103,5.5,50,0,0.1,0.1,0.1,0.1,0.1,0.1,0.5,0,17501,0.04205474,0.016341923,0,0,0,0,0,0,0,0,0,0,5,1.394418804
77775.32,0.534992898,0.5,6236,37,0.15675,33,35.0625,37.09,0,0,0.25,0,0,20,0.5,0.103,5.5,50,0,0.1,0.1,0.1,0.1,0.1,0.1,0.5,0,17884,0.041657347,0.015936032,0,0,0,0,0,0,0,0,0,0,5,1.29610963
77835.36,0.556505659,0.5,6236,37,0.0812,33,35.0625,37.19,0,0,0,0,0,20,0.5,0.103,5.5,50,0,0.1,0.1,0.1,0.1,0.1,0.1,0.5,0,16990,0.042731018,0.016480283,0,0,0,0,0,0,0,0,0,0,5,1.349575752
77895.43,0.558354473,0.5,6236,37,0.325,32.9375,35.125,36.71,0,0.02,0.15,0,0,20,0.5,0.103,5.5,50,0,0.1,0.1,0.1,0.1,0.1,0.1,0.5,0,18620,0.041460795,0.016058002,0,0,0,0,0,0,0,0,0,0,0.44,1.349575752
77955.49,0.494469574,0.5,6236,37,0.581047151,32.75,35.125,35.59,0,0.019180345,0.14672138,0,0,20,0.5,0.103,5.5,50,0,0.1,0.1,0.1,0.1,0.1,0.1,0.5,0,16087,0.043140424,0.016659414,0,0,0,0,0,0,0,0,0,0,0.44,1.349575752
78015.56,0.471809025,0.5,6236,37,0.481452785,32.6875,35.125,36.23,0,0.01994671,0.149786839,0,0,20,0.5,0.103,5.5,50,0,0.1,0.1,0.1,0.1,0.1,0.1,0.5,0,16453,0.041876861,0.01647116,0,0,0,0,0,0,0,0,0,0,0.44,1.349575752
78075.62,0.404076739,0.5,6236,37,0.47135,32.625,35.0625,36.17,0,0,0.25,0,0,20,0.5,0.103,5.5,50,0,0.1,0.1,0.1,0.1,0.1,0.1,0.5,0,15850,0.041577287,0.016277603,0,0,0,0,0,0,0,0,0,0,5,1.349575752
78135.66,0.430238275,0.5,6236,37,0.17035,32.9375,35.0625,37.35,0,0,0.07,0,0,20,0.5,0.103,5.5,50,0,0.1,0.1,0.1,0.1,0.1,0.1,0.5,0,15425,0.042074554,0.016466775,0,0,0,0,0,0,0,0,0,0,5,1.349575752
78195.71,0.453794642,0.5,6236,37,0.17335,33.0625,35.0625,37.29,0,0,0.07,0,0,20,0.5,0.103,5.5,50,0,0.1,0.1,0.1,0.1,0.1,0.1,0.5,0,16135,0.041834521,0.016052061,0,0,0,0,0,0,0,0,0,0,5,1.349575752
78255.77,0.458870491,0.5,6236,37,0.10835,33.125,35.0625,37.49,0,0,0.07,0,0,20,0.5,0.103,5.5,50,0,0.1,0.1,0.1,0.1,0.1,0.1,0.5,0,16333,0.041327374,0.016347272,0,0,0,0,0,0,0,0,0,0,5,1.349575752
78315.84,0.453108584,0.5,6236,37,0.10275,33.125,35,37.45,0,0,0.07,0,0,20,0.5,0.103,5.5,50,0,0.1,0.1,0.1,0.1,0.1,0.1,0.5,0,15892,0.042222502,0.016486282,0,0,0,0,0,0,0,0,0,0,5,1.349575752
78375.88,0.44865445,0.5,6236,37,0.22295,33.125,35,36.95,0,0,0.25,0,0,20,0.5,0.103,5.5,50,0,0.1,0.1,0.1,0.1,0.1,0.1,0.5,0,16453,0.042119978,0.016228044,0,0,0,0,0,0,0,0,0,0,5,1.349575752
78435.94,0.466620195,0.5,6236,37,0.11335,33.0625,35.0625,37.35,0,0,0.07,0,0,20,0.5,0.103,5.5,50,0,0.1,0.1,0.1,0.1,0.1,0.1,0.5,0,15879,0.04257195,0.01649978,0,0,0,0,0,0,0,0,0,0,5,1.399884908
78496.01,0.501001858,0.5,6236,37,0.14935,33,35,37.17,0,0,0.07,0,0,20,0.5,0.103,5.5,50,0,0.1,0.1,0.1,0.1,0.1,0.1,0.5,0,16376,0.041951637,0.016121153,0,0,0,0,0,0,0,0,0,0,5,1.543173173
78556.06,0.504171614,0.5,6236,37,0.15955,32.875,35,37.11,0,0,0.07,0,0,20,0.5,0.103,5.5,50,0,0.1,0.1,0.1,0.1,0.1,0.1,0.5,0,16752,0.042024833,0.01641595,0,0,0,0,0,0,0,0,0,0,5,1.484935227
78616.12,0.487904374,0.5,6236,37,0.16005,32.9375,35.0625,37.09,0,0,0.07,0,0,20,0.5,0.103,5.5,50,0,0.1,0.1,0.1,0.1,0.1,0.1,0.5,0,17302,0.041844873,0.016298694,0,0,0,0,0,0,0,0,0,0,5,1.312296617
78676.2,0.50707848,0.5,6236,37,0.1481,33.0625,35.0625,37.33,0,0,0,0,0,20,0.5,0.103,5.5,50,0,0.1,0.1,0.1,0.1,0.1,0.1,0.5,0,17236,0.041831051,0.016012996,0,0,0,0,0,0,0,0,0,0,5,1.362320846
78736.28,0.529415142,0.5,6236,37,0.0912,32.9375,35.0625,37.13,0,0,0,0,0,20,0.5,0.103,5.5,50,0,0.1,0.1,0.1,0.1,0.1,0.1,0.5,0,16162,0.043373345,0.01664398,0,0,0,0,0,0,0,0,0,0,5,1.423526121
78796.32,0.534970525,0.5,6236,37,0.1217,32.9375,35.125,37.09,0,0,0,0,0,20,0.5,0.103,5.5,50,0,0.1,0.1,0.1,0.1,0.1,0.1,0.5,0,17659,0.041735093,0.016308964,0,0,0,0,0,0,0,0,0,0,5,1.383666096
78856.36,0.539662913,0.5,6236,37,0.0922,32.9375,35.0625,37.11,0,0,0,0,0,20,0.5,0.103,5.5,50,0,0.1,0.1,0.1,0.1,0.1,0.1,0.5,0,17676,0.041977823,0.016123557,0,0,0,0,0,0,0,0,0,0,5,1.340681963
78916.4,0.536329263,0.5,6236,37,0.1589,33,35.125,36.97,0,0,0,0,0,20,0.5,0.103,5.5,50,0,0.1,0.1,0.1,0.1,0.1,0.1,0.5,0,18724,0.041177099,0.015915403,0,0,0,0,0,0,0,0,0,0,5,1.255058544
78976.44,0.560705638,0.5,6236,37,0.1583,32.9375,35.0625,36.87,0,0,0,0,0,20,0.5,0.103,5.5,50,0,0.1,0.1,0.1,0.1,0.1,0.1,0.5,0,17741,0.041993123,0.016346316,0,0,0,0,0,0,0,0,0,0,5,1.325648986
79036.49,0.592386859,0.5,6236,37,0.354225,32.9375,35.0625,36.53,0,0.02,0.15,0,0,20,0.5,0.103,5.5,50,0,0.1,0.1,0.1,0.1,0.1,0.1,0.5,0,18935,0.041087932,0.016054925,0,0,0,0,0,0,0,0,0,0,0.44,1.325648986
79096.53,0.499342981,0.5,6236,37,0.56045,32.6875,35,35.69,0,0.02,0.15,0,0,20,0.5,0.103,5.5,50,0,0.1,0.1,0.1,0.1,0.1,0.1,0.5,0,17885,0.041263629,0.016270618,0,0,0,0,0,0,0,0,0,0,0.44,1.325648986
79156.6,0.461353482,0.5,6236,37,0.549059492,32.5625,35.0625,35.89,0,0.018808213,0.145232854,0,0,20,0.5,0.103,5.5,50,0,0.1,0.1,0.1,0.1,0.1,0.1,0.5,0,16279,0.042201609,0.01634007,0,0,0,0,0,0,0,0,0,0,0.44,1.325648986
79216.66,0.444767819,0.5,6236,37,0.34515,32.625,35,36.61,0,0,0.07,0,0,20,0.5,0.103,5.5,50,0,0.1,0.1,0.1,0.1,0.1,0.1,0.5,0,16879,0.040760709,0.016114699,0,0,0,0,0,0,0,0,0,0,5,1.325648986
79276.73,0.444431915,0.5,6236,37,0.21125,32.875,35,37.13,0,0,0.25,0,0,20,0.5,0.103,5.5,50,0,0.1,0.1,0.1,0.1,0.1,0.1,0.5,0,16586,0.041420475,0.016097914,0,0,0,0,0,0,0,0,0,0,5,1.325648986
79336.79,0.459172512,0.5,6236,37,0.14135,33,35,37.37,0,0,0.07,0,0,20,0.5,0.103,5.5,50,0,0.1,0.1,0.1,0.1,0.1,0.1,0.5,0,16782,0.041234656,0.016267429,0,0,0,0,0,0,0,0,0,0,5,1.325648986
79396.86,0.47063158,0.5,6236,37,0.12845,32.9375,35.0625,37.37,0,0,0.07,0,0,20,0.5,0.103,5.5,50,0,0.1,0.1,0.1,0.1,0.1,0.1,0.5,0,16166,0.042311023,0.016578003,0,0,0,0,0,0,0,0,0,0,5,1.325648986
79456.89,0.473211808,0.5,6236,37,0.10025,33,35,37.43,0,0,0.07,0,0,20,0.5,0.103,5.5,50,0,0.1,0.1,0.1,0.1,0.1,0.1,0.5,0,16442,0.042026517,0.01636054,0,0,0,0,0,0,0,0,0,0,5,1.325648986
79516.96,0.479207079,0.5,6236,37,0.13185,33,35,37.27,0,0,0.07,0,0,20,0.5,0.103,5.5,50,0,0.1,0.1,0.1,0.1,0.1,0.1,0.5,0,16249,0.042279525,0.016493323,0,0,0,0,0,0,0,0,0,0,5,1.325648986
79577.01,0.481915546,0.5,6236,37,0.21475,32.9375,35.0625,36.93,0,0,0.25,0,0,20,0.5,0.103,5.5,50,0,0.1,0.1,0.1,0.1,0.1,0.1,0.5,0,16334,0.042304396,0.016407494,0,0,0,0,0,0,0,0,0,0,5,1.276274729
79637.05,0.508005201,0.5,6236,37,0.1628,32.9375,35.0625,37.05,0,0,0.07,0,0,20,0.5,0.103,5.5,50,0,0.1,0.1,0.1,0.1,0.1,0.1,0.5,0,16292,0.042536214,0.016572551,0,0,0,0,0,0,0,0,0,0,5,1.370629401
79697.1,0.509545511,0.5,6236,37,0.1209,33.0625,35.0625,37.13,0,0,0.07,0,0,20,0.5,0.103,5.5,50,0,0.1,0.1,0.1,0.1,0.1,0.1,0.5,0,16401,0.042436437,0.016462411,0,0,0,0,0,0,0,0,0,0,5,1.311180395
79757.16,0.527664977,0.5,6236,37,0.1113,32.9375,35,37.05,0,0,0.07,0,0,20,0.5,0.103,5.5,50,0,0.1,0.1,0.1,0.1,0.1,0.1,0.5,0,18087,0.041300381,0.01619948,0,0,0,0,0,0,0,0,0,0,5,1.35044856
79817.2,0.549153823,0.5,6236,37,0.1742,32.75,35,37.19,0,0,0,0,0,20,0.5,0.103,5.5,50,0,0.1,0.1,0.1,0.1,0.1,0.1,0.5,0,18465,0.041050636,0.016030328,0,0,0,0,0,0,0,0,0,0,5,1.402677198
79877.25,0.546468889,0.5,6236,37,0.468125,33,35.0625,36.07,0,0.02,0.25,0,0,20,0.5,0.103,5.5,50,0,0.1,0.1,0.1,0.1,0.1,0.1,0.5,0,15947,0.043958111,0.016742961,0,0,0,0,0,0,0,0,0,0,0.44,1.402677198
79937.29,0.469742866,0.5,6236,37,0.588648324,32.8125,35.0625,35.61,0,0.014756766,0.129027065,0,0,20,0.5,0.103,5.5,50,0,0.1,0.1,0.1,0.1,0.1,0.1,0.5,0,17621,0.041087339,0.016060382,0,0,0,0,0,0,0,0,0,0,0.44,1.402677198
79997.4,0.449098024,0.5,6236,37,0.49088212,32.75,35.0625,36.39,0,0,0.07,0,0,20,0.5,0.103,5.5,50,0,0.1,0.1,0.1,0.1,0.1,0.1,0.5,0,16872,0.041073969,0.016062115,0,0,0,0,0,0,0,0,0,0,5,1.402677198
80057.46,0.44501573,0.5,6236,37,0.2366,32.875,35,36.95,0,0,0.07,0,0,20,0.5,0.103,5.5,50,0,0.1,0.1,0.1,0.1,0.1,0.1,0.5,0,16785,0.041286863,0.016145368,0,0,0,0,0,0,0,0,0,0,5,1.402677198
80117.5,0.475353496,0.5,6236,37,0.1373,33,35.0625,37.19,0,0,0.07,0,0,20,0.5,0.103,5.5,50,0,0.1,0.1,0.1,0.1,0.1,0.1,0.5,0,16829,0.041416602,0.01586547,0,0,0,0,0,0,0,0,0,0,5,1.402677198
80177.58,0.461942548,0.5,6236,37,0.16665,33.0625,35.0625,37.21,0,0,0.25,0,0,20,0.5,0.103,5.5,50,0,0.1,0.1,0.1,0.1,0.1,0.1,0.5,0,16241,0.042115633,0.016378302,0,0,0,0,0,0,0,0,0,0,5,1.402677198
80237.63,0.480036734,0.5,6236,37,0.1317,32.875,35,37.37,0,0,0.07,0,0,20,0.5,0.103,5.5,50,0,0.1,0.1,0.1,0.1,0.1,0.1,0.5,0,16577,0.04180491,0.016287627,0,0,0,0,0,0,0,0,0,0,5,1.402677198
80297.68,0.501799311,0.5,6236,37,0.1565,33.0625,35.0625,37.03,0,0,0.07,0,0,20,0.5,0.103,5.5,50,0,0.1,0.1,0.1,0.1,0.1,0.1,0.5,0,17155,0.041445643,0.016088604,0,0,0,0,0,0,0,0,0,0,5,1.402677198
80357.76,0.508684561,0.5,6236,37,0.0992,33.125,35,37.27,0,0,0.07,0,0,20,0.5,0.103,5.5,50,0,0.1,0.1,0.1,0.1,0.1,0.1,0.5,0,17043,0.041600657,0.016311682,0,0,0,0,0,0,0,0,0,0,5,1.37342686
80417.8,0.529607815,0.5,6236,37,0.1388,33,35,37.17,0,0,0.07,0,0,20,0.5,0.103,5.5,50,0,0.1,0.1,0.1,0.1,0.1,0.1,0.5,0,18171,0.040944362,0.016124594,0,0,0,0,0,0,0,0,0,0,5,1.425681497
80477.87,0.528825746,0.5,6236,37,0.17675,33,35.0625,37.01,0,0,0.25,0,0,20,0.5,0.103,5.5,50,0,0.1,0.1,0.1,0.1,0.1,0.1,0.5,0,16669,0.04235407,0.016617674,0,0,0,0,0,0,0,0,0,0,5,1.349964064
80537.92,0.532782908,0.5,6236,37,0.1342,32.9375,35.0625,36.93,0,0,0.07,0,0,20,0.5,0.103,5.5,50,0,0.1,0.1,0.1,0.1,0.1,0.1,0.5,0,17744,0.041647881,0.01600541,0,0,0,0,0,0,0,0,0,0,5,1.304831051
80597.96,0.537437874,0.5,6236,37,0.1223,32.875,35,37.03,0,0,0,0,0,20,0.5,0.103,5.5,50,0,0.1,0.1,0.1,0.1,0.1,0.1,0.5,0,17687,0.041838639,0.016283146,0,0,0,0,0,0,0,0,0,0,5,1.265686891
80658,0.557439576,0.5,6236,37,0.1564,32.875,35.0625,37.05,0,0,0,0,0,20,0.5,0.103,5.5,50,0,0.1,0.1,0.1,0.1,0.1,0.1,0.5,0,16826,0.043028646,0.016700345,0,0,0,0,0,0,0,0,0,0,5,1.31202538
80718.05,0.586449528,0.5,6236,37,0.318125,32.9375,35.0625,36.73,0,0.02,0.15,0,0,20,0.5,0.103,5.5,50,0,0.1,0.1,0.1,0.1,0.1,0.1,0.5,0,18172,0.041822584,0.016288796,0,0,0,0,0,0,0,0,0,0,0.44,1.31202538
80778.09,0.505909169,0.5,6236,37,0.614125,32.6875,35.0625,35.43,0,0.02,0.25,0,0,20,0.5,0.103,5.5,50,0,0.1,0.1,0.1,0.1,0.1,0.1,0.5,0,17117,0.042005024,0.016299585,0,0,0,0,0,0,0,0,0,0,0.44,1.31202538
80838.14,0.470583026,0.5,6236,37,0.586125,32.625,35.0625,35.75,0,0.02,0.15,0,0,20,0.5,0.103,5.5,50,0,0.1,0.1,0.1,0.1,0.1,0.1,0.5,0,16737,0.04140527,0.016251419,0,0,0,0,0,0,0,0,0,0,0.44,1.31202538
80898.2,0.428565225,0.5,6236,37,0.505975,32.8125,35.0625,36.53,0,0,0.07,0,0,20,0.5,0.103,5.5,50,0,0.1,0.1,0.1,0.1,0.1,0.1,0.5,0,15164,0.042732788,0.01642047,0,0,0,0,0,0,0,0,0,0,5,1.31202538
80958.26,0.458976662,0.5,6236,37,0.1998,32.875,35.0625,37.03,0,0,0.07,0,0,20,0.5,0.103,5.5,50,0,0.1,0.1,0.1,0.1,0.1,0.1,0.5,0,15597,0.042123485,0.016477528,0,0,0,0,0,0,0,0,0,0,5,1.31202538
81018.31,0.453976694,0.5,6236,37,0.134,33,35.0625,37.41,0,0,0.07,0,0,20,0.5,0.103,5.5,50,0,0.1,0.1,0.1,0.1,0.1,0.1,0.5,0,16279,0.041341606,0.016278641,0,0,0,0,0,0,0,0,0,0,5,1.31202538
81078.42,0.455230345,0.5,6236,37,0.18505,33.0625,35.125,37.17,0,0,0.25,0,0,20,0.5,0.103,5.5,50,0,0.1,0.1,0.1,0.1,0.1,0.1,0.5,0,16199,0.041916168,0.016297302,0,0,0,0,0,0,0,0,0,0,5,1.31202538
81138.46,0.483155595,0.5,6236,37,0.1136,32.9375,35.0625,37.45,0,0,0.07,0,0,20,0.5,0.103,5.5,50,0,0.1,0.1,0.1,0.1,0.1,0.1,0.5,0,16398,0.04183437,0.016343457,0,0,0,0,0,0,0,0,0,0,5,1.31202538
81198.52,0.473880773,0.5,6236,37,0.0998,33.0625,35,37.27,0,0,0.07,0,0,20,0.5,0.103,5.5,50,0,0.1,0.1,0.1,0.1,0.1,0.1,0.5,0,16797,0.041435971,0.016193368,0,0,0,0,0,0,0,0,0,0,5,1.31202538
81258.59,0.495825646,0.5,6236,37,0.157,33,35.0625,37.17,0,0,0.07,0,0,20,0.5,0.103,5.5,50,0,0.1,0.1,0.1,0.1,0.1,0.1,0.5,0,17351,0.041438534,0.016252666,0,0,0,0,0,0,0,0,0,0,5,1.382229876
81318.66,0.51303986,0.5,6236,37,0.1454,33.1875,35.0625,37.13,0,0,0.07,0,0,20,0.5,0.103,5.5,50,0,0.1,0.1,0.1,0.1,0.1,0.1,0.5,0,16187,0.042688577,0.016618274,0,0,0,0,0,0,0,0,0,0,5,1.415505974
81378.69,0.504441538,0.5,6236,37,0.17715,33.125,35,37.03,0,0,0.25,0,0,20,0.5,0.103,5.5,50,0,0.1,0.1,0.1,0.1,0.1,0.1,0.5,0,16926,0.042006381,0.016483516,0,0,0,0,0,0,0,0,0,0,5,1.294025901
81438.75,0.529742321,0.5,6236,37,0.1555,33,34.9375,37.11,0,0,0.07,0,0,20,0.5,0.103,5.5,50,0,0.1,0.1,0.1,0.1,0.1,0.1,0.5,0,17235,0.041717435,0.016304032,0,0,0,0,0,0,0,0,0,0,5,1.376140858
81498.8,0.530248327,0.5,6236,37,0.1307,33,34.875,37.19,0,0,0,0,0,20,0.5,0.103,5.5,50,0,0.1,0.1,0.1,0.1,0.1,0.1,0.5,0,17487,0.041859667,0.016297821,0,0,0,0,0,0,0,0,0,0,5,1.310198024
81558.85,0.545938342,0.5,6236,37,0.1306,32.9375,34.9375,37.11,0,0,0,0,0,20,0.5,0.103,5.5,50,0,0.1,0.1,0.1,0.1,0.1,0.1,0.5,0,17464,0.042086578,0.016376546,0,0,0,0,0,0,0,0,0,0,5,1.332169935
81618.89,0.561169898,0.5,6236,37,0.455175,32.875,34.9375,36.13,0,0.02,0.15,0,0,20,0.5,0.103,5.5,50,0,0.1,0.1,0.1,0.1,0.1,0.1,0.5,0,17441,0.042314087,0.016398142,0,0,0,0,0,0,0,0,0,0,0.44,1.332169935
81678.94,0.490577925,0.5,6236,37,0.640105011,32.6875,34.9375,35.39,0,0.018965756,0.25,0,0,20,0.5,0.103,5.5,50,0,0.1,0.1,0.1,0.1,0.1,0.1,0.5,0,16277,0.042513977,0.016342078,0,0,0,0,0,0,0,0,0,0,0.44,1.332169935
81739,0.436960198,0.5,6236,37,0.529351933,32.6875,34.875,36.31,0,0,0.07,0,0,20,0.5,0.103,5.5,50,0,0.1,0.1,0.1,0.1,0.1,0.1,0.5,0,16329,0.04152122,0.016167555,0,0,0,0,0,0,0,0,0,0,5,1.332169935
81799.06,0.45818447,0.5,6236,37,0.2266,32.8125,34.9375,37.19,0,0,0.07,0,0,20,0.5,0.103,5.5,50,0,0.1,0.1,0.1,0.1,0.1,0.1,0.5,0,15762,0.042380409,0.016051263,0,0,0,0,0,0,0,0,0,0,5,1.332169935
81859.13,0.455976525,0.5,6236,37,0.1632,33,35,37.35,0,0,0.07,0,0,20,0.5,0.103,5.5,50,0,0.1,0.1,0.1,0.1,0.1,0.1,0.5,0,16396,0.04147353,0.016223469,0,0,0,0,0,0,0,0,0,0,5,1.332169935
81919.21,0.473330301,0.5,6236,37,0.1074,33,34.9375,37.41,0,0,0.07,0,0,20,0.5,0.103,5.5,50,0,0.1,0.1,0.1,0.1,0.1,0.1,0.5,0,15466,0.042803569,0.016681754,0,0,0,0,0,0,0,0,0,0,5,1.332169935
81979.28,0.486782138,0.5,6236,37,0.21615,32.9375,34.9375,36.97,0,0,0.25,0,0,20,0.5,0.103,5.5,50,0,0.1,0.1,0.1,0.1,0.1,0.1,0.5,0,16908,0.041518808,0.016205347,0,0,0,0,0,0,0,0,0,0,5,1.332169935
82039.34,0.507081507,0.5,6236,37,0.1,32.9375,35,37.09,0,0,0.07,0,0,20,0.5,0.103,5.5,50,0,0.1,0.1,0.1,0.1,0.1,0.1,0.5,0,16292,0.042658974,0.016511171,0,0,0,0,0,0,0,0,0,0,5,1.332169935
82099.39,0.527376648,0.5,6236,37,0.1225,32.9375,34.9375,37.29,0,0,0.07,0,0,20,0.5,0.103,5.5,50,0,0.1,0.1,0.1,0.1,0.1,0.1,0.5,0,18115,0.040684516,0.016008832,0,0,0,0,0,0,0,0,0,0,5,1.383291161
82159.45,0.515359185,0.5,6236,37,0.0991,32.875,34.9375,37.05,0,0,0.07,0,0,20,0.5,0.103,5.5,50,0,0.1,0.1,0.1,0.1,0.1,0.1,0.5,0,16367,0.042891183,0.016679905,0,0,0,0,0,0,0,0,0,0,5,1.24497393
82219.52,0.53079137,0.5,6236,37,0.159,33.0625,34.9375,37.05,0,0,0.07,0,0,20,0.5,0.103,5.5,50,0,0.1,0.1,0.1,0.1,0.1,0.1,0.5,0,18066,0.041126979,0.016162958,0,0,0,0,0,0,0,0,0,0,5,1.271240057
82279.58,0.531898359,0.5,6236,37,0.17085,33.125,34.9375,37.03,0,0,0.25,0,0,20,0.5,0.103,5.5,50,0,0.1,0.1,0.1,0.1,0.1,0.1,0.5,0,17563,0.041792404,0.016284234,0,0,0,0,0,0,0,0,0,0,5,1.213928169
82339.64,0.5522924,0.5,6236,37,0.0856,33.0625,35,37.11,0,0,0,0,0,20,0.5,0.103,5.5,50,0,0.1,0.1,0.1,0.1,0.1,0.1,0.5,0,17360,0.042050691,0.016474654,0,0,0,0,0,0,0,0,0,0,5,1.266107358
82399.69,0.557007386,0.5,6236,37,0.426175,33.0625,34.9375,36.29,0,0.02,0.15,0,0,20,0.5,0.103,5.5,50,0,0.1,0.1,0.1,0.1,0.1,0.1,0.5,0,17445,0.042419031,0.016394382,0,0,0,0,0,0,0,0,0,0,0.44,1.266107358
82459.73,0.496361695,0.5,6236,37,0.597894323,32.875,34.875,35.61,0,0.019289427,0.147157709,0,0,20,0.5,0.103,5.5,50,0,0.1,0.1,0.1,0.1,0.1,0.1,0.5,0,16113,0.042884627,0.016694594,0,0,0,0,0,0,0,0,0,0,0.44,1.266107358
82519.78,0.457266072,0.5,6236,37,0.53203375,32.75,34.875,36.17,0,0,0.07,0,0,20,0.5,0.103,5.5,50,0,0.1,0.1,0.1,0.1,0.1,0.1,0.5,0,17112,0.041023843,0.016070594,0,0,0,0,0,0,0,0,0,0,5,1.266107358
82579.84,0.48087283,0.5,6236,37,0.24315,32.9375,34.8125,36.97,0,0,0.25,0,0,20,0.5,0.103,5.5,50,0,0.1,0.1,0.1,0.1,0.1,0.1,0.5,0,15384,0.042836713,0.016770671,0,0,0,0,0,0,0,0,0,0,5,1.266107358
82639.9,0.482840942,0.5,6236,37,0.1853,33,34.875,37.37,0,0,0.07,0,0,20,0.5,0.103,5.5,50,0,0.1,0.1,0.1,0.1,0.1,0.1,0.5,0,17281,0.041027718,0.016029165,0,0,0,0,0,0,0,0,0,0,5,1.266107358
82699.95,0.485885553,0.5,6236,37,0.1068,32.8125,34.8125,37.29,0,0,0.07,0,0,20,0.5,0.103,5.5,50,0,0.1,0.1,0.1,0.1,0.1,0.1,0.5,0,17534,0.04112011,0.016026007,0,0,0,0,0,0,0,0,0,0,5,1.266107358
82759.99,0.488457705,0.5,6236,37,0.0921,33,34.875,37.29,0,0,0.07,0,0,20,0.5,0.103,5.5,50,0,0.1,0.1,0.1,0.1,0.1,0.1,0.5,0,17326,0.041382893,0.016160683,0,0,0,0,0,0,0,0,0,0,5,1.266107358
82820.06,0.496108071,0.5,6236,37,0.1305,33,34.8125,37.21,0,0,0.07,0,0,20,0.5,0.103,5.5,50,0,0.1,0.1,0.1,0.1,0.1,0.1,0.5,0,16230,0.042575478,0.016512631,0,0,0,0,0,0,0,0,0,0,5,1.266107358
82880.13,0.515534404,0.5,6236,37,0.17815,32.9375,34.8125,37.05,0,0,0.25,0,0,20,0.5,0.103,5.5,50,0,0.1,0.1,0.1,0.1,0.1,0.1,0.5,0,15556,0.043648753,0.016778092,0,0,0,0,0,0,0,0,0,0,5,1.318032743
82940.19,0.530981667,0.5,6236,37,0.0767,33,34.875,37.19,0,0,0.07,0,0,20,0.5,0.103,5.5,50,0,0.1,0.1,0.1,0.1,0.1,0.1,0.5,0,17305,0.041837619,0.016295868,0,0,0,0,0,0,0,0,0,0,5,1.340701473
83000.25,0.549142631,0.5,6236,37,0.1784,32.9375,34.875,37.03,0,0,0.07,0,0,20,0.5,0.103,5.5,50,0,0.1,0.1,0.1,0.1,0.1,0.1,0.5,0,17040,0.042546948,0.016431925,0,0,0,0,0,0,0,0,0,0,5,1.374558543
83060.3,0.567096492,0.5,6236,37,0.4829,33,34.875,36.07,0,0.02,0.15,0,0,20,0.5,0.103,5.5,50,0,0.1,0.1,0.1,0.1,0.1,0.1,0.5,0,16181,0.043878623,0.01693344,0,0,0,0,0,0,0,0,0,0,0.44,1.374558543
83120.36,0.485970866,0.5,6236,37,0.579769097,32.8125,34.9375,35.71,0,0.018961345,0.145845379,0,0,20,0.5,0.103,5.5,50,0,0.1,0.1,0.1,0.1,0.1,0.1,0.5,0,17433,0.041645156,0.01623358,0,0,0,0,0,0,0,0,0,0,0.44,1.374558543
83180.43,0.445138175,0.5,6236,37,0.44305,32.75,34.875,36.21,0,0,0.25,0,0,20,0.5,0.103,5.5,50,0,0.1,0.1,0.1,0.1,0.1,0.1,0.5,0,16458,0.041499575,0.016283874,0,0,0,0,0,0,0,0,0,0,5,1.374558543
83240.49,0.467065325,0.5,6236,37,0.2005,33,34.9375,37.35,0,0,0.07,0,0,20,0.5,0.103,5.5,50,0,0.1,0.1,0.1,0.1,0.1,0.1,0.5,0,17192,0.041065612,0.016053979,0,0,0,0,0,0,0,0,0,0,5,1.374558543
83300.53,0.45612679,0.5,6236,37,0.0761,33,34.875,37.29,0,0,0.07,0,0,20,0.5,0.103,5.5,50,0,0.1,0.1,0.1,0.1,0.1,0.1,0.5,0,16790,0.041453246,0.016200119,0,0,0,0,0,0,0,0,0,0,5,1.374558543
83360.58,0.477971636,0.5,6236,37,0.1097,33.0625,34.9375,37.27,0,0,0.07,0,0,20,0.5,0.103,5.5,50,0,0.1,0.1,0.1,0.1,0.1,0.1,0.5,0,16885,0.041693811,0.016227421,0,0,0,0,0,0,0,0,0,0,5,1.374558543
83420.62,0.487461277,0.5,6236,37,0.1413,33,34.9375,37.17,0,0,0.07,0,0,20,0.5,0.103,5.5,50,0,0.1,0.1,0.1,0.1,0.1,0.1,0.5,0,17284,0.041020597,0.01608424,0,0,0,0,0,0,0,0,0,0,5,1.374558543
83480.68,0.492450949,0.5,6236,37,0.18445,33.125,34.9375,37.05,0,0,0.25,0,0,20,0.5,0.103,5.5,50,0,0.1,0.1,0.1,0.1,0.1,0.1,0.5,0,16477,0.042604843,0.016447169,0,0,0,0,0,0,0,0,0,0,5,1.374558543
83540.75,0.517197417,0.5,6236,37,0.1625,32.9375,34.875,37.09,0,0,0.07,0,0,20,0.5,0.103,5.5,50,0,0.1,0.1,0.1,0.1,0.1,0.1,0.5,0,16908,0.042110244,0.016323634,0,0,0,0,0,0,0,0,0,0,5,1.452920001
83600.81,0.500020037,0.5,6236,37,0.1156,33,34.875,37.21,0,0,0.07,0,0,20,0.5,0.103,5.5,50,0,0.1,0.1,0.1,0.1,0.1,0.1,0.5,0,16901,0.042246021,0.016389563,0,0,0,0,0,0,0,0,0,0,5,1.278944557
83660.86,0.519805114,0.5,6236,37,0.0725,32.8125,34.9375,37.25,0,0,0.07,0,0,20,0.5,0.103,5.5,50,0,0.1,0.1,0.1,0.1,0.1,0.1,0.5,0,17579,0.041583708,0.016269412,0,0,0,0,0,0,0,0,0,0,5,1.331414695
83720.9,0.531152111,0.5,6236,37,0.0906,33,34.875,36.97,0,0,0.07,0,0,20,0.5,0.103,5.5,50,0,0.1,0.1,0.1,0.1,0.1,0.1,0.5,0,16146,0.043726,0.016784343,0,0,0,0,0,0,0,0,0,0,5,1.3296274
83780.98,0.536667373,0.5,6236,37,0.1379,32.9375,34.875,37.11,0,0,0,0,0,20,0.5,0.103,5.5,50,0,0.1,0.1,0.1,0.1,0.1,0.1,0.5,0,17474,0.041776353,0.016367174,0,0,0,0,0,0,0,0,0,0,5,1.294136165
83841.05,0.552935629,0.5,6236,37,0.1331,33,34.875,37.03,0,0,0,0,0,20,0.5,0.103,5.5,50,0,0.1,0.1,0.1,0.1,0.1,0.1,0.5,0,18226,0.041863272,0.016240535,0,0,0,0,0,0,0,0,0,0,5,1.319018676
83901.11,0.565597026,0.5,6236,37,0.4117,32.9375,34.875,36.33,0,0.02,0.15,0,0,20,0.5,0.103,5.5,50,0,0.1,0.1,0.1,0.1,0.1,0.1,0.5,0,19393,0.040684783,0.015933584,0,0,0,0,0,0,0,0,0,0,0.44,1.319018676
83961.15,0.522588859,0.5,6236,37,0.5737,32.75,34.875,35.67,0,0.02,0.15,0,0,20,0.5,0.103,5.5,50,0,0.1,0.1,0.1,0.1,0.1,0.1,0.5,0,17776,0.041516652,0.016257876,0,0,0,0,0,0,0,0,0,0,0.44,1.319018676
84021.22,0.474206513,0.5,6236,37,0.6165,32.8125,34.875,35.63,0,0.02,0.15,0,0,20,0.5,0.103,5.5,50,0,0.1,0.1,0.1,0.1,0.1,0.1,0.5,0,17217,0.041296393,0.016204914,0,0,0,0,0,0,0,0,0,0,0.44,1.319018676
84081.29,0.441718927,0.5,6236,37,0.39205,32.75,34.9375,36.45,0,0,0.25,0,0,20,0.5,0.103,5.5,50,0,0.1,0.1,0.1,0.1,0.1,0.1,0.5,0,15136,0.042877907,0.016715116,0,0,0,0,0,0,0,0,0,0,5,1.319018676
84141.35,0.456260742,0.5,6236,37,0.1883,32.9375,34.9375,37.03,0,0,0.07,0,0,20,0.5,0.103,5.5,50,0,0.1,0.1,0.1,0.1,0.1,0.1,0.5,0,16726,0.04101399,0.01620232,0,0,0,0,0,0,0,0,0,0,5,1.319018676
84201.42,0.469168251,0.5,6236,37,0.1454,33,35,37.35,0,0,0.07,0,0,20,0.5,0.103,5.5,50,0,0.1,0.1,0.1,0.1,0.1,0.1,0.5,0,16347,0.0414755,0.016272099,0,0,0,0,0,0,0,0,0,0,5,1.319018676
84261.45,0.471947235,0.5,6236,37,0.1148,33.0625,34.9375,37.49,0,0,0.07,0,0,20,0.5,0.103,5.5,50,0,0.1,0.1,0.1,0.1,0.1,0.1,0.5,0,16778,0.041363691,0.016271308,0,0,0,0,0,0,0,0,0,0,5,1.319018676
84321.48,0.481831049,0.5,6236,37,0.152,33,34.9375,37.27,0,0,0.07,0,0,20,0.5,0.103,5.5,50,0,0.1,0.1,0.1,0.1,0.1,0.1,0.5,0,16208,0.04195459,0.016349951,0,0,0,0,0,0,0,0,0,0,5,1.319018676
84381.56,0.491272962,0.5,6236,37,0.13395,33.0625,34.9375,37.27,0,0,0.25,0,0,20,0.5,0.103,5.5,50,0,0.1,0.1,0.1,0.1,0.1,0.1,0.5,0,17030,0.041397534,0.016089254,0,0,0,0,0,0,0,0,0,0,5,1.319018676
84441.61,0.502017797,0.5,6236,37,0.1458,33,35,37.37,0,0,0.07,0,0,20,0.5,0.103,5.5,50,0,0.1,0.1,0.1,0.1,0.1,0.1,0.5,0,16671,0.042169036,0.016375742,0,0,0,0,0,0,0,0,0,0,5,1.317974745
84501.66,0.496224438,0.5,6236,37,0.1227,33.1875,35,37.13,0,0,0.07,0,0,20,0.5,0.103,5.5,50,0,0.1,0.1,0.1,0.1,0.1,0.1,0.5,0,17797,0.041074338,0.016182503,0,0,0,0,0,0,0,0,0,0,5,1.217254254
84561.7,0.513358512,0.5,6236,37,0.1502,33.0625,34.9375,37.19,0,0,0.07,0,0,20,0.5,0.103,5.5,50,0,0.1,0.1,0.1,0.1,0.1,0.1,0.5,0,17802,0.04151219,0.016177958,0,0,0,0,0,0,0,0,0,0,5,1.25822995
84621.76,0.530303556,0.5,6236,37,0.0924,32.9375,34.9375,37.21,0,0,0.07,0,0,20,0.5,0.103,5.5,50,0,0.1,0.1,0.1,0.1,0.1,0.1,0.5,0,17483,0.041926443,0.01630155,0,0,0,0,0,0,0,0,0,0,5,1.292743855
84681.84,0.540567625,0.5,6236,37,0.1515,33.0625,34.875,37.01,0,0,0,0,0,20,0.5,0.103,5.5,50,0,0.1,0.1,0.1,0.1,0.1,0.1,0.5,0,16929,0.04270778,0.016598736,0,0,0,0,0,0,0,0,0,0,5,1.285617128
84741.9,0.579400499,0.5,6236,37,0.1046,33,34.875,37.17,0,0.02,0.15,0,0,20,0.5,0.103,5.5,50,0,0.1,0.1,0.1,0.1,0.1,0.1,0.5,0,16715,0.042955429,0.016452288,0,0,0,0,0,0,0,0,0,0,0.44,1.285617128
84801.95,0.502672471,0.5,6236,37,0.47125,32.875,34.9375,36.23,0,0.02,0.15,0,0,20,0.5,0.103,5.5,50,0,0.1,0.1,0.1,0.1,0.1,0.1,0.5,0,16470,0.042622951,0.016454159,0,0,0,0,0,0,0,0,0,0,0.44,1.285617128
84862.01,0.443257082,0.5,6236,37,0.492425,32.6875,34.875,36.29,0,0.001089157,0.074356628,0,0,20,0.5,0.103,5.5,50,0,0.1,0.1,0.1,0.1,0.1,0.1,0.5,0,15162,0.04326606,0.016686453,0,0,0,0,0,0,0,0,0,0,0.44,1.285617128
84922.08,0.444831153,0.5,6236,37,0.259650002,32.8125,34.875,36.77,0,0,0.07,0,0,20,0.5,0.103,5.5,50,0,0.1,0.1,0.1,0.1,0.1,0.1,0.5,0,15732,0.042206967,0.016399695,0,0,0,0,0,0,0,0,0,0,5,1.285617128
84982.13,0.452567091,0.5,6236,37,0.18985,33.0625,34.875,37.17,0,0,0.25,0,0,20,0.5,0.103,5.5,50,0,0.1,0.1,0.1,0.1,0.1,0.1,0.5,0,16298,0.041906982,0.016321021,0,0,0,0,0,0,0,0,0,0,5,1.285617128
85042.19,0.444357766,0.5,6236,37,0.1555,33.125,34.9375,37.45,0,0,0.07,0,0,20,0.5,0.103,5.5,50,0,0.1,0.1,0.1,0.1,0.1,0.1,0.5,0,16021,0.042319456,0.016415954,0,0,0,0,0,0,0,0,0,0,5,1.285617128
85102.26,0.463787755,0.5,6236,37,0.1368,33.0625,34.9375,37.49,0,0,0.07,0,0,20,0.5,0.103,5.5,50,0,0.1,0.1,0.1,0.1,0.1,0.1,0.5,0,16306,0.042193058,0.016435668,0,0,0,0,0,0,0,0,0,0,5,1.285617128
85162.3,0.498477108,0.5,6236,37,0.098,33,34.9375,37.21,0,0,0.07,0,0,20,0.5,0.103,5.5,50,0,0.1,0.1,0.1,0.1,0.1,0.1,0.5,0,16639,0.041829437,0.016287036,0,0,0,0,0,0,0,0,0,0,5,1.285617128
85222.38,0.512854971,0.5,6236,37,0.1434,33.0625,35,37.27,0,0,0.07,0,0,20,0.5,0.103,5.5,50,0,0.1,0.1,0.1,0.1,0.1,0.1,0.5,0,16015,0.042897284,0.01667187,0,0,0,0,0,0,0,0,0,0,5,1.285617128
85282.42,0.496066905,0.5,6236,37,0.14515,32.875,35,37.17,0,0,0.25,0,0,20,0.5,0.103,5.5,50,0,0.1,0.1,0.1,0.1,0.1,0.1,0.5,0,17254,0.041729454,0.016286079,0,0,0,0,0,0,0,0,0,0,5,1.121489394
85342.48,0.519861281,0.5,6236,37,0.1002,32.875,35,37.21,0,0,0.07,0,0,20,0.5,0.103,5.5,50,0,0.1,0.1,0.1,0.1,0.1,0.1,0.5,0,16636,0.042558307,0.016350084,0,0,0,0,0,0,0,0,0,0,5,1.205968529
85402.52,0.525073881,0.5,6236,37,0.1572,32.9375,35,37.09,0,0,0.07,0,0,20,0.5,0.103,5.5,50,0,0.1,0.1,0.1,0.1,0.1,0.1,0.5,0,17547,0.041887502,0.016299082,0,0,0,0,0,0,0,0,0,0,5,1.175601013
85462.59,0.5524824,0.5,6236,37,0.1133,32.9375,34.9375,37.11,0,0,0.07,0,0,20,0.5,0.103,5.5,50,0,0.1,0.1,0.1,0.1,0.1,0.1,0.5,0,17840,0.04176009,0.016255605,0,0,0,0,0,0,0,0,0,0,5,1.269468762
85522.66,0.539817324,0.5,6236,37,0.18,33,34.9375,37.01,0,0,0,0,0,20,0.5,0.103,5.5,50,0,0.1,0.1,0.1,0.1,0.1,0.1,0.5,0,18468,0.041368854,0.016298462,0,0,0,0,0,0,0,0,0,0,5,1.136422969
85582.74,0.561778018,0.5,6236,37,0.1788,32.875,34.9375,37.13,0,0,0,0,0,20,0.5,0.103,5.5,50,0,0.1,0.1,0.1,0.1,0.1,0.1,0.5,0,17725,0.041974612,0.016473907,0,0,0,0,0,0,0,0,0,0,5,1.199229801
85642.8,0.560888584,0.5,6236,37,0.1349,32.875,34.875,37.25,0,0.02,0.15,0,0,20,0.5,0.103,5.5,50,0,0.1,0.1,0.1,0.1,0.1,0.1,0.5,0,17972,0.041842867,0.016414422,0,0,0,0,0,0,0,0,0,0,0.44,1.199229801
85702.86,0.512020249,0.5,6236,37,0.41595,32.8125,34.875,36.45,0,0.02,0.15,0,0,20,0.5,0.103,5.5,50,0,0.1,0.1,0.1,0.1,0.1,0.1,0.5,0,16538,0.04275003,0.016507437,0,0,0,0,0,0,0,0,0,0,0.44,1.199229801
85762.93,0.460479658,0.5,6236,37,0.52275,32.6875,34.875,36.33,0,0.02,0.15,0,0,20,0.5,0.103,5.5,50,0,0.1,0.1,0.1,0.1,0.1,0.1,0.5,0,17028,0.041402396,0.016149871,0,0,0,0,0,0,0,0,0,0,0.44,1.199229801
85823,0.426217943,0.5,6236,37,0.52345,32.75,34.875,36.41,0,0,0.07,0,0,20,0.5,0.103,5.5,50,0,0.1,0.1,0.1,0.1,0.1,0.1,0.5,0,15901,0.041884158,0.016288284,0,0,0,0,0,0,0,0,0,0,5,1.199229801
85883.06,0.440202918,0.5,6236,37,0.20625,33,34.875,37.21,0,0,0.25,0,0,20,0.5,0.103,5.5,50,0,0.1,0.1,0.1,0.1,0.1,0.1,0.5,0,15999,0.041565098,0.01631352,0,0,0,0,0,0,0,0,0,0,5,1.199229801
85943.12,0.443475285,0.5,6236,37,0.113,33.1875,34.875,37.43,0,0,0.07,0,0,20,0.5,0.103,5.5,50,0,0.1,0.1,0.1,0.1,0.1,0.1,0.5,0,15642,0.042002301,0.016430124,0,0,0,0,0,0,0,0,0,0,5,1.199229801
86003.16,0.448854464,0.5,6236,37,0.1701,33.1875,34.9375,37.51,0,0,0.07,0,0,20,0.5,0.103,5.5,50,0,0.1,0.1,0.1,0.1,0.1,0.1,0.5,0,15804,0.04188813,0.016261706,0,0,0,0,0,0,0,0,0,0,5,1.199229801
86063.23,0.467430058,0.5,6236,37,0.0671,33,34.9375,37.33,0,0,0.07,0,0,20,0.5,0.103,5.5,50,0,0.1,0.1,0.1,0.1,0.1,0.1,0.5,0,15605,0.042550465,0.01646908,0,0,0,0,0,0,0,0,0,0,5,1.199229801
86123.3,0.481830566,0.5,6236,37,0.1007,32.9375,34.9375,37.33,0,0,0.07,0,0,20,0.5,0.103,5.5,50,0,0.1,0.1,0.1,0.1,0.1,0.1,0.5,0,16131,0.04196888,0.016427996,0,0,0,0,0,0,0,0,0,0,5,1.199229801
86183.34,0.482668938,0.5,6236,37,0.17275,32.9375,35,37.11,0,0,0.25,0,0,20,0.5,0.103,5.5,50,0,0.1,0.1,0.1,0.1,0.1,0.1,0.5,0,15780,0.042775665,0.016666667,0,0,0,0,0,0,0,0,0,0,5,1.144483693
86243.38,0.480423067,0.5,6236,37,0.1022,33.1875,34.9375,37.13,0,0,0.07,0,0,20,0.5,0.103,5.5,50,0,0.1,0.1,0.1,0.1,0.1,0.1,0.5,0,16641,0.042365242,0.016224986,0,0,0,0,0,0,0,0,0,0,5,1.073267854
86303.45,0.495886326,0.5,6236,37,0.0844,33.125,35,37.11,0,0,0.07,0,0,20,0.5,0.103,5.5,50,0,0.1,0.1,0.1,0.1,0.1,0.1,0.5,0,16593,0.042065931,0.016151389,0,0,0,0,0,0,0,0,0,0,5,1.114643304
86363.53,0.505187073,0.5,6236,37,0.1487,33,35,37.21,0,0,0.07,0,0,20,0.5,0.103,5.5,50,0,0.1,0.1,0.1,0.1,0.1,0.1,0.5,0,16781,0.041952208,0.016208808,0,0,0,0,0,0,0,0,0,0,5,1.114657391
86423.56,0.534816552,0.5,6236,37,0.0865,33,35,37.09,0,0,0,0,0,20,0.5,0.103,5.5,50,0,0.1,0.1,0.1,0.1,0.1,0.1,0.5,0,17275,0.041678726,0.016150507,0,0,0,0,0,0,0,0,0,0,5,1.229909497
86483.63,0.515699743,0.5,6236,37,0.1273,33.125,35,37.09,0,0,0,0,0,20,0.5,0.103,5.5,50,0,0.1,0.1,0.1,0.1,0.1,0.1,0.5,0,18580,0.040688913,0.015931109,0,0,0,0,0,0,0,0,0,0,5,1.059216744
86543.71,0.531756573,0.5,6236,37,0.1349,33.0625,34.9375,37.13,0,0,0,0,0,20,0.5,0.103,5.5,50,0,0.1,0.1,0.1,0.1,0.1,0.1,0.5,0,17345,0.042317671,0.016373595,0,0,0,0,0,0,0,0,0,0,5,1.098239244
86603.78,0.539870818,0.5,6236,37,0.1734,32.9375,34.9375,36.97,0,0,0,0,0,20,0.5,0.103,5.5,50,0,0.1,0.1,0.1,0.1,0.1,0.1,0.5,0,18435,0.041063195,0.016164904,0,0,0,0,0,0,0,0,0,0,5,1.088759495
86663.86,0.561394785,0.5,6236,37,0.1207,33,35,37.03,0,0,0,0,0,20,0.5,0.103,5.5,50,0,0.1,0.1,0.1,0.1,0.1,0.1,0.5,0,19314,0.040592316,0.016050533,0,0,0,0,0,0,0,0,0,0,5,1.151604985
86723.93,0.575124326,0.5,6236,37,0.1574,32.875,35,37.09,0,0.02,0.15,0,0,20,0.5,0.103,5.5,50,0,0.1,0.1,0.1,0.1,0.1,0.1,0.5,0,17913,0.041757383,0.016245185,0,0,0,0,0,0,0,0,0,0,0.44,1.151604985
86783.99,0.506896024,0.5,6236,37,0.604175,32.6875,34.9375,35.55,0,0.02,0.25,0,0,20,0.5,0.103,5.5,50,0,0.1,0.1,0.1,0.1,0.1,0.1,0.5,0,16654,0.042692446,0.01651255,0,0,0,0,0,0,0,0,0,0,0.44,1.151604985
86844.02,0.4691068,0.5,6236,37,0.466825,32.75,35,36.45,0,0.02,0.15,0,0,20,0.5,0.103,5.5,50,0,0.1,0.1,0.1,0.1,0.1,0.1,0.5,0,16025,0.042308892,0.016474259,0,0,0,0,0,0,0,0,0,0,0.44,1.151604985
86904.09,0.436477921,0.5,6236,37,0.4842,32.75,34.875,36.49,0,0,0.07,0,0,20,0.5,0.103,5.5,50,0,0.1,0.1,0.1,0.1,0.1,0.1,0.5,0,15248,0.042890871,0.01659234,0,0,0,0,0,0,0,0,0,0,5,1.151604985
86964.16,0.446295516,0.5,6236,37,0.2445,33,34.875,37.11,0,0,0.07,0,0,20,0.5,0.103,5.5,50,0,0.1,0.1,0.1,0.1,0.1,0.1,0.5,0,15547,0.042580562,0.016401878,0,0,0,0,0,0,0,0,0,0,5,1.151604985
87024.19,0.44049956,0.5,6236,37,0.134,32.9375,34.8125,37.59,0,0,0.07,0,0,20,0.5,0.103,5.5,50,0,0.1,0.1,0.1,0.1,0.1,0.1,0.5,0,15241,0.042713733,0.016468736,0,0,0,0,0,0,0,0,0,0,5,1.151604985
87084.24,0.460255442,0.5,6236,37,0.15405,33.125,34.875,37.27,0,0,0.25,0,0,20,0.5,0.103,5.5,50,0,0.1,0.1,0.1,0.1,0.1,0.1,0.5,0,16045,0.042006856,0.016391399,0,0,0,0,0,0,0,0,0,0,5,1.151604985
87144.29,0.470545038,0.5,6236,37,0.1076,32.9375,34.9375,37.45,0,0,0.07,0,0,20,0.5,0.103,5.5,50,0,0.1,0.1,0.1,0.1,0.1,0.1,0.5,0,16724,0.041497249,0.01638364,0,0,0,0,0,0,0,0,0,0,5,1.151604985
87204.35,0.478989145,0.5,6236,37,0.1327,33.0625,34.9375,37.21,0,0,0.07,0,0,20,0.5,0.103,5.5,50,0,0.1,0.1,0.1,0.1,0.1,0.1,0.5,0,16013,0.042590395,0.016486605,0,0,0,0,0,0,0,0,0,0,5,1.151604985
87264.39,0.474123004,0.5,6236,37,0.1322,33.0625,34.9375,37.35,0,0,0.07,0,0,20,0.5,0.103,5.5,50,0,0.1,0.1,0.1,0.1,0.1,0.1,0.5,0,15904,0.043070926,0.01653672,0,0,0,0,0,0,0,0,0,0,5,1.063391301
87324.44,0.498694078,0.5,6236,37,0.1065,33.125,34.9375,37.19,0,0,0.07,0,0,20,0.5,0.103,5.5,50,0,0.1,0.1,0.1,0.1,0.1,0.1,0.5,0,18326,0.040434356,0.015988213,0,0,0,0,0,0,0,0,0,0,5,1.161799878
87384.51,0.513428981,0.5,6236,37,0.17295,33,34.9375,37.03,0,0,0.25,0,0,20,0.5,0.103,5.5,50,0,0.1,0.1,0.1,0.1,0.1,0.1,0.5,0,16078,0.043040179,0.016730937,0,0,0,0,0,0,0,0,0,0,5,1.191066515
87444.57,0.530562071,0,6236,37,0.146,33.125,35,37.11,0,0,0,0,0,20,0.5,0.103,5.5,50,0,0.1,0.1,0.1,0.1,0.1,0.1,0.5,0,16360,0.043215159,0.016748166,0,0,0,0,0,0,0,0,0,0,5,1.191066515
87504.62,0.554574236,0,6236,37,0.0841,33.0625,35,37.05,0,0,0,0,0,20,0.5,0.103,5.5,50,0,0.1,0.1,0.1,0.1,0.1,0.1,0.5,0,16755,0.04285288,0.016711429,0,0,0,0,0,0,0,0,0,0,5,1.191066515
87564.66,0.564442079,0,6236,37,0.1152,33,35,36.93,0,0,0,0,0,20,0.5,0.103,5.5,50,0,0.1,0.1,0.1,0.1,0.1,0.1,0.5,0,16130,0.043769374,0.016862988,0,0,0,0,0,0,0,0,0,0,5,1.191066515
87624.74,0.571927563,0,6236,37,0.1413,33,35,36.89,0,0,0,0,0,20,0.5,0.103,5.5,50,0,0.1,0.1,0.1,0.1,0.1,0.1,0.5,0,18045,0.041950679,0.016458853,0,0,0,0,0,0,0,0,0,0,5,1.191066515
87684.81,0.549649486,0.5,6236,37,0.49145,33.0625,35,35.99,0,0.02,0.25,0,0,20,0.5,0.104,5.5,50,1000,0.1,0.1,0.1,0.1,0.1,0.1,0.5,0,17881,0.042223589,0.016442033,0,0,0,0,0,0,0,0,0,0,0.44,1.191066515
87744.85,0.493964974,0.5,6236,37,0.5023,32.9375,34.9375,35.99,0,0.018245311,0.142981243,0,0,20,0.5,0.104,5.5,50,1000,0.1,0.1,0.1,0.1,0.1,0.1,0.5,0,17602,0.041188501,0.01613453,0,0,0,0,0,0,0,0,0,0,0.44,1.191066515
87804.91,0.430965757,0.5,6236,37,0.502818364,33,34.9375,36.09,0,0,0.07,0,0,20,0.5,0.104,5.5,50,1000,0.1,0.1,0.1,0.1,0.1,0.1,0.5,0,16802,0.041542673,0.016188549,0,0,0,0,0,0,0,0,0,0,5,1.191066515
87864.96,0.453289061,0.5,6236,37,0.1955,33.1875,34.9375,36.97,0,0,0.07,0,0,20,0.5,0.104,5.5,50,1000,0.1,0.1,0.1,0.1,0.1,0.1,0.5,0,16182,0.042392782,0.016499815,0,0,0,0,0,0,0,0,0,0,5,1.191066515
87925,0.447054179,0.5,6236,37,0.1671,33.1875,34.9375,37.25,0,0,0.07,0,0,20,0.5,0.104,5.5,50,1000,0.1,0.1,0.1,0.1,0.1,0.1,0.5,0,16491,0.041962282,0.016493845,0,0,0,0,0,0,0,0,0,0,5,1.191066515
87985.06,0.472174302,0.5,6236,37,0.19905,33.3125,34.9375,37.09,0,0,0.25,0,0,20,0.5,0.104,5.5,50,1000,0.1,0.1,0.1,0.1,0.1,0.1,0.5,0,16547,0.042545477,0.016317157,0,0,0,0,0,0,0,0,0,0,5,1.191066515
88045.11,0.48560831,0.5,6236,37,0.1553,33.375,35,37.19,0,0,0.07,0,0,20,0.5,0.104,5.5,50,1000,0.1,0.1,0.1,0.1,0.1,0.1,0.5,0,17947,0.041121079,0.015991531,0,0,0,0,0,0,0,0,0,0,5,1.191066515
88105.17,0.49894642,0.5,6236,37,0.1048,33.4375,35,37.17,0,0,0.07,0,0,20,0.5,0.104,5.5,50,1000,0.1,0.1,0.1,0.1,0.1,0.1,0.5,0,17976,0.04094348,0.016188251,0,0,0,0,0,0,0,0,0,0,5,1.191066515
88165.24,0.496790993,0.5,6236,37,0.1273,33.4375,35,37.29,0,0,0.07,0,0,20,0.5,0.104,5.5,50,1000,0.1,0.1,0.1,0.1,0.1,0.1,0.5,0,16749,0.043166756,0.016717416,0,0,0,0,0,0,0,0,0,0,5,1.118525244
88225.28,0.505614762,0.5,6236,37,0.1174,33.375,35,37.11,0,0,0.07,0,0,20,0.5,0.104,5.5,50,1000,0.1,0.1,0.1,0.1,0.1,0.1,0.5,0,17828,0.041788198,0.016098272,0,0,0,0,0,0,0,0,0,0,5,1.115415901
88285.33,0.555307477,0.5,6236,37,0.20485,33.375,35,36.93,0,0,0.25,0,0,20,0.5,0.104,5.5,50,1000,0.1,0.1,0.1,0.1,0.1,0.1,0.5,0,17605,0.042431128,0.016358989,0,0,0,0,0,0,0,0,0,0,5,1.340885907
88345.39,0.55176196,0.5,6236,37,0.1211,33.3125,35,37.21,0,0.02,0.15,0,0,20,0.5,0.104,5.5,50,1000,0.1,0.1,0.1,0.1,0.1,0.1,0.5,0,17451,0.043034783,0.016560656,0,0,0,0,0,0,0,0,0,0,0.44,1.340885907
88405.45,0.488557154,0.5,6236,37,0.4619,33.25,35,36.47,0,0.017762102,0.141048407,0,0,20,0.5,0.104,5.5,50,1000,0.1,0.1,0.1,0.1,0.1,0.1,0.5,0,18340,0.041166848,0.016030534,0,0,0,0,0,0,0,0,0,0,0.44,1.340885907
88465.52,0.455426185,0.5,6236,37,0.489730358,33.125,35,36.31,0,0,0.07,0,0,20,0.5,0.104,5.5,50,1000,0.1,0.1,0.1,0.1,0.1,0.1,0.5,0,16524,0.042060034,0.016400387,0,0,0,0,0,0,0,0,0,0,5,1.340885907
88525.59,0.445759549,0.5,6236,37,0.2293,33.3125,35,37.11,0,0,0.07,0,0,20,0.5,0.104,5.5,50,1000,0.1,0.1,0.1,0.1,0.1,0.1,0.5,0,16492,0.041959738,0.016371574,0,0,0,0,0,0,0,0,0,0,5,1.340885907
88585.66,0.458110922,0.5,6236,37,0.19195,33.4375,35.0625,37.17,0,0,0.25,0,0,20,0.5,0.104,5.5,50,1000,0.1,0.1,0.1,0.1,0.1,0.1,0.5,0,16121,0.042553191,0.016376155,0,0,0,0,0,0,0,0,0,0,5,1.340885907
88645.71,0.47767312,0.5,6236,37,0.1152,33.5,35,37.49,0,0,0.07,0,0,20,0.5,0.104,5.5,50,1000,0.1,0.1,0.1,0.1,0.1,0.1,0.5,0,16975,0.042297496,0.016259205,0,0,0,0,0,0,0,0,0,0,5,1.340885907
88705.76,0.480626133,0.5,6236,37,0.087,33.5625,35,37.37,0,0,0.07,0,0,20,0.5,0.104,5.5,50,1000,0.1,0.1,0.1,0.1,0.1,0.1,0.5,0,16522,0.042730904,0.016523423,0,0,0,0,0,0,0,0,0,0,5,1.340885907
88765.85,0.504158899,0.5,6236,37,0.1321,33.5,35,37.45,0,0,0.07,0,0,20,0.5,0.104,5.5,50,1000,0.1,0.1,0.1,0.1,0.1,0.1,0.5,0,15808,0.043712045,0.016763664,0,0,0,0,0,0,0,0,0,0,5,1.340885907
88825.88,0.504084329,0.5,6236,37,0.1293,33.375,35.0625,37.29,0,0,0.07,0,0,20,0.5,0.104,5.5,50,1000,0.1,0.1,0.1,0.1,0.1,0.1,0.5,0,17247,0.042732069,0.016408651,0,0,0,0,0,0,0,0,0,0,5,1.273397849
88885.93,0.518443061,0.5,6236,37,0.20045,33.4375,35,36.95,0,0,0.25,0,0,20,0.5,0.104,5.5,50,1000,0.1,0.1,0.1,0.1,0.1,0.1,0.5,0,17167,0.0426982,0.016426865,0,0,0,0,0,0,0,0,0,0,5,1.293987858
88945.96,0.525221564,0.5,6236,37,0.1588,33.25,35,37.25,0,0,0.07,0,0,20,0.5,0.104,5.5,50,1000,0.1,0.1,0.1,0.1,0.1,0.1,0.5,0,18599,0.041668907,0.016183666,0,0,0,0,0,0,0,0,0,0,5,1.268258446
89006,0.553353116,0.5,6236,37,0.1811,33.3125,35,37.25,0,0,0.07,0,0,20,0.5,0.104,5.5,50,1000,0.1,0.1,0.1,0.1,0.1,0.1,0.5,0,17642,0.042852284,0.01632468,0,0,0,0,0,0,0,0,0,0,5,1.361373955
89066.04,0.559098845,0.5,6236,37,0.1448,33.1875,35,37.17,0,0.02,0.15,0,0,20,0.5,0.104,5.5,50,1000,0.1,0.1,0.1,0.1,0.1,0.1,0.5,0,17565,0.043210931,0.016510105,0,0,0,0,0,0,0,0,0,0,0.44,1.361373955
89126.08,0.513721321,0.5,6236,37,0.4212,33.25,35.0625,36.37,0,0.02,0.15,0,0,20,0.5,0.104,5.5,50,1000,0.1,0.1,0.1,0.1,0.1,0.1,0.5,0,16208,0.043867226,0.016843534,0,0,0,0,0,0,0,0,0,0,0.44,1.361373955
89186.15,0.458982355,0.5,6236,37,0.61655,33.0625,35,35.69,0,0.02,0.25,0,0,20,0.5,0.104,5.5,50,1000,0.1,0.1,0.1,0.1,0.1,0.1,0.5,0,16517,0.042622752,0.016346794,0,0,0,0,0,0,0,0,0,0,0.44,1.361373955
89246.21,0.401733406,0.5,6236,37,0.5846,33.125,35.0625,36.21,0,0,0.07,0,0,20,0.5,0.104,5.5,50,1000,0.1,0.1,0.1,0.1,0.1,0.1,0.5,0,16088,0.042329687,0.016036798,0,0,0,0,0,0,0,0,0,0,5,1.361373955
89306.29,0.42113128,0.5,6236,37,0.2894,33.3125,35.0625,37.03,0,0,0.07,0,0,20,0.5,0.104,5.5,50,1000,0.1,0.1,0.1,0.1,0.1,0.1,0.5,0,15899,0.042644191,0.01635323,0,0,0,0,0,0,0,0,0,0,5,1.361373955
89366.33,0.415179843,0.5,6236,37,0.1365,33.4375,35.125,37.37,0,0,0.07,0,0,20,0.5,0.104,5.5,50,1000,0.1,0.1,0.1,0.1,0.1,0.1,0.5,0,16388,0.042164999,0.016231389,0,0,0,0,0,0,0,0,0,0,5,1.361373955
89426.4,0.420998017,0.5,6236,37,0.1353,33.625,35.125,37.19,0,0,0.07,0,0,20,0.5,0.104,5.5,50,1000,0.1,0.1,0.1,0.1,0.1,0.1,0.5,0,15761,0.043207918,0.016559863,0,0,0,0,0,0,0,0,0,0,5,1.361373955
89486.47,0.427308684,0.5,6236,37,0.16805,33.625,35.125,37.25,0,0,0.25,0,0,20,0.5,0.104,5.5,50,1000,0.1,0.1,0.1,0.1,0.1,0.1,0.5,0,16903,0.0421227,0.016328462,0,0,0,0,0,0,0,0,0,0,5,1.361373955
89546.54,0.4346012,0.5,6236,37,0.0954,33.625,35.125,37.49,0,0,0.07,0,0,20,0.5,0.104,5.5,50,1000,0.1,0.1,0.1,0.1,0.1,0.1,0.5,0,15929,0.043819449,0.016510767,0,0,0,0,0,0,0,0,0,0,5,1.361373955
89606.58,0.458431419,0.5,6236,37,0.1228,33.5,35.125,37.25,0,0,0.07,0,0,20,0.5,0.104,5.5,50,1000,0.1,0.1,0.1,0.1,0.1,0.1,0.5,0,16894,0.042737066,0.016455546,0,0,0,0,0,0,0,0,0,0,5,1.453450877
89666.65,0.461255289,0.5,6236,37,0.107,33.5,35.1875,37.09,0,0,0.07,0,0,20,0.5,0.104,5.5,50,1000,0.1,0.1,0.1,0.1,0.1,0.1,0.5,0,15650,0.044536741,0.016805112,0,0,0,0,0,0,0,0,0,0,5,1.399201208
89726.69,0.457911054,0.5,6236,37,0.1254,33.4375,35.125,37.21,0,0,0.07,0,0,20,0.5,0.104,5.5,50,1000,0.1,0.1,0.1,0.1,0.1,0.1,0.5,0,16593,0.043452058,0.016512987,0,0,0,0,0,0,0,0,0,0,5,1.307411044
89786.73,0.478268816,0.5,6236,37,0.14245,33.375,35.0625,37.17,0,0,0.25,0,0,20,0.5,0.104,5.5,50,1000,0.1,0.1,0.1,0.1,0.1,0.1,0.5,0,16693,0.044090337,0.016713593,0,0,0,0,0,0,0,0,0,0,5,1.372534465
89846.78,0.502517397,0.5,6236,37,0.1399,33.25,35.125,37.01,0,0,0,0,0,20,0.5,0.104,5.5,50,1000,0.1,0.1,0.1,0.1,0.1,0.1,0.5,0,17009,0.043741549,0.01663825,0,0,0,0,0,0,0,0,0,0,5,1.45227967
89906.82,0.505361422,0.5,6236,37,0.103,33.3125,35.125,36.93,0,0,0,0,0,20,0.5,0.104,5.5,50,1000,0.1,0.1,0.1,0.1,0.1,0.1,0.5,0,17800,0.043426966,0.016404494,0,0,0,0,0,0,0,0,0,0,5,1.396596487
89966.88,0.50335931,0.5,6236,37,0.1647,33.3125,35.0625,36.97,0,0,0,0,0,20,0.5,0.104,5.5,50,1000,0.1,0.1,0.1,0.1,0.1,0.1,0.5,0,17865,0.043548839,0.01656871,0,0,0,0,0,0,0,0,0,0,5,1.314857826
90026.93,0.504614079,0.5,6236,37,0.1623,33.25,35.125,37.03,0,0,0,0,0,20,0.5,0.104,5.5,50,1000,0.1,0.1,0.1,0.1,0.1,0.1,0.5,0,18864,0.04235581,0.016062341,0,0,0,0,0,0,0,0,0,0,5,1.256584
90086.98,0.530254573,0.5,6236,37,0.1558,33.25,35.125,36.95,0,0,0,0,0,20,0.5,0.104,5.5,50,1000,0.1,0.1,0.1,0.1,0.1,0.1,0.5,0,18045,0.043613189,0.016292602,0,0,0,0,0,0,0,0,0,0,5,1.34244464
90147.03,0.507255463,0.5,6236,37,0.1483,33.25,35.0625,37.19,0,0,0,0,0,20,0.5,0.104,5.5,50,1000,0.1,0.1,0.1,0.1,0.1,0.1,0.5,0,18416,0.043494787,0.016453084,0,0,0,0,0,0,0,0,0,0,5,1.142295003
90207.07,0.553342314,0.5,6236,37,0.1577,33.1875,35.0625,37.09,0,0,0,0,0,20,0.5,0.104,5.5,50,1000,0.1,0.1,0.1,0.1,0.1,0.1,0.5,0,18261,0.04413778,0.016537977,0,0,0,0,0,0,0,0,0,0,5,1.346066473
90267.11,0.540835358,0.5,6236,37,0.178,33.0625,35.0625,37.11,0,0.02,0.15,0,0,20,0.5,0.104,5.5,50,1000,0.1,0.1,0.1,0.1,0.1,0.1,0.5,0,18199,0.044452992,0.016704215,0,0,0,0,0,0,0,0,0,0,0.44,1.346066473
90327.18,0.486917271,0.5,6236,37,0.462275,33,35,36.17,0,0.016459075,0.135836302,0,0,20,0.5,0.104,5.5,50,1000,0.1,0.1,0.1,0.1,0.1,0.1,0.5,0,17187,0.044510386,0.016756851,0,0,0,0,0,0,0,0,0,0,0.44,1.346066473
90387.23,0.43218303,0.5,6236,37,0.36375,33,35.0625,36.49,0,0,0.25,0,0,20,0.5,0.104,5.5,50,1000,0.1,0.1,0.1,0.1,0.1,0.1,0.5,0,16164,0.044419698,0.016827518,0,0,0,0,0,0,0,0,0,0,5,1.346066473
90447.29,0.451677849,0.5,6236,37,0.2283,33.0625,35.0625,36.93,0,0,0.07,0,0,20,0.5,0.104,5.5,50,1000,0.1,0.1,0.1,0.1,0.1,0.1,0.5,0,17858,0.042781946,0.016407212,0,0,0,0,0,0,0,0,0,0,5,1.346066473
90507.32,0.461067662,0.5,6236,37,0.1414,33.25,35,37.19,0,0,0.07,0,0,20,0.5,0.104,5.5,50,1000,0.1,0.1,0.1,0.1,0.1,0.1,0.5,0,16996,0.043716169,0.016592139,0,0,0,0,0,0,0,0,0,0,5,1.346066473
90567.39,0.443008684,0.5,6236,37,0.1495,33.375,35.0625,37.35,0,0,0.07,0,0,20,0.5,0.104,5.5,50,1000,0.1,0.1,0.1,0.1,0.1,0.1,0.5,0,16882,0.044189077,0.016585713,0,0,0,0,0,0,0,0,0,0,5,1.346066473
90627.46,0.473823963,0.5,6236,37,0.1202,33.4375,35.125,37.17,0,0,0.07,0,0,20,0.5,0.104,5.5,50,1000,0.1,0.1,0.1,0.1,0.1,0.1,0.5,0,17739,0.04318169,0.016404532,0,0,0,0,0,0,0,0,0,0,5,1.346066473
90687.52,0.506959294,0.5,6236,37,0.13125,33.4375,35.125,37.27,0,0,0.25,0,0,20,0.5,0.104,5.5,50,1000,0.1,0.1,0.1,0.1,0.1,0.1,0.5,0,18186,0.043110085,0.016386231,0,0,0,0,0,0,0,0,0,0,5,1.346066473
90747.56,0.516332478,0.5,6236,37,0.1113,33.375,35.0625,37.03,0,0,0.07,0,0,20,0.5,0.104,5.5,50,1000,0.1,0.1,0.1,0.1,0.1,0.1,0.5,0,18275,0.043173735,0.016415869,0,0,0,0,0,0,0,0,0,0,5,1.333723699
90807.6,0.508370422,0.5,6236,37,0.1026,33.375,35.125,37.25,0,0,0.07,0,0,20,0.5,0.104,5.5,50,1000,0.1,0.1,0.1,0.1,0.1,0.1,0.5,0,19373,0.042481805,0.016311361,0,0,0,0,0,0,0,0,0,0,5,1.220415908
90867.67,0.532483429,0.5,6236,37,0.1793,33.25,35.0625,37.25,0,0,0.07,0,0,20,0.5,0.104,5.5,50,1000,0.1,0.1,0.1,0.1,0.1,0.1,0.5,0,16989,0.045558891,0.017069869,0,0,0,0,0,0,0,0,0,0,5,1.298419366
90927.74,0.544647597,0.5,6236,37,0.1366,33.125,35.0625,37.09,0,0,0.07,0,0,20,0.5,0.104,5.5,50,1000,0.1,0.1,0.1,0.1,0.1,0.1,0.5,0,18519,0.04346887,0.016577569,0,0,0,0,0,0,0,0,0,0,5,1.301259986
90987.81,0.54056352,0.5,6236,37,0.454225,33.25,35.0625,36.15,0,0.02,0.25,0,0,20,0.5,0.104,5.5,50,1000,0.1,0.1,0.1,0.1,0.1,0.1,0.5,0,18732,0.043935511,0.016602605,0,0,0,0,0,0,0,0,0,0,0.44,1.301259986
91047.86,0.471405071,0.5,6236,37,0.462675,33.25,35,36.17,0,0.014387393,0.12754957,0,0,20,0.5,0.104,5.5,50,1000,0.1,0.1,0.1,0.1,0.1,0.1,0.5,0,16554,0.04530627,0.017035158,0,0,0,0,0,0,0,0,0,0,0.44,1.301259986
91107.89,0.444678856,0.5,6236,37,0.478483123,33.125,35.0625,36.17,0,0,0.07,0,0,20,0.5,0.104,5.5,50,1000,0.1,0.1,0.1,0.1,0.1,0.1,0.5,0,16388,0.04472785,0.01653649,0,0,0,0,0,0,0,0,0,0,5,1.301259986
91167.96,0.449747143,0.5,6236,37,0.2212,33.125,35,36.95,0,0,0.07,0,0,20,0.5,0.104,5.5,50,1000,0.1,0.1,0.1,0.1,0.1,0.1,0.5,0,16656,0.04418828,0.016630644,0,0,0,0,0,0,0,0,0,0,5,1.301259986
91228.04,0.463521248,0.5,6236,37,0.1749,33.1875,35,37.17,0,0,0.07,0,0,20,0.5,0.104,5.5,50,1000,0.1,0.1,0.1,0.1,0.1,0.1,0.5,0,17756,0.043365623,0.016501464,0,0,0,0,0,0,0,0,0,0,5,1.301259986
91288.07,0.479547407,0.5,6236,37,0.1297,33.375,35.0625,37.21,0,0,0.25,0,0,20,0.5,0.104,5.5,50,1000,0.1,0.1,0.1,0.1,0.1,0.1,0.5,0,16525,0.045204236,0.017004539,0,0,0,0,0,0,0,0,0,0,5,1.301259986
91348.13,0.482735941,0.5,6236,37,0.1652,33.375,35,37.17,0,0,0.07,0,0,20,0.5,0.104,5.5,50,1000,0.1,0.1,0.1,0.1,0.1,0.1,0.5,0,18024,0.043442077,0.016478029,0,0,0,0,0,0,0,0,0,0,5,1.301259986
91408.17,0.491624554,0.5,6236,37,0.1571,33.3125,35.0625,37.33,0,0,0.07,0,0,20,0.5,0.104,5.5,50,1000,0.1,0.1,0.1,0.1,0.1,0.1,0.5,0,17577,0.044546851,0.016726404,0,0,0,0,0,0,0,0,0,0,5,1.301259986
91468.23,0.505581475,0.5,6236,37,0.1119,33.3125,35.0625,37.33,0,0,0.07,0,0,20,0.5,0.104,5.5,50,1000,0.1,0.1,0.1,0.1,0.1,0.1,0.5,0,17825,0.044319776,0.016718093,0,0,0,0,0,0,0,0,0,0,5,1.320178624
91528.28,0.509793966,0.5,6236,37,0.1597,33.1875,35,36.95,0,0,0.07,0,0,20,0.5,0.104,5.5,50,1000,0.1,0.1,0.1,0.1,0.1,0.1,0.5,0,18416,0.043549088,0.016615986,0,0,0,0,0,0,0,0,0,0,5,1.27906205
91588.32,0.540142474,0.5,6236,37,0.1714,33.25,35.0625,37.05,0,0,0.25,0,0,20,0.5,0.104,5.5,50,1000,0.1,0.1,0.1,0.1,0.1,0.1,0.5,0,18665,0.043932494,0.016394321,0,0,0,0,0,0,0,0,0,0,5,1.388587818
91648.38,0.539739224,0.5,6236,37,0.1381,33.25,35.0625,37.19,0,0,0.07,0,0,20,0.5,0.104,5.5,50,1000,0.1,0.1,0.1,0.1,0.1,0.1,0.5,0,18477,0.044541863,0.016615251,0,0,0,0,0,0,0,0,0,0,5,1.316917902
91708.45,0.54878659,0.5,6236,37,0.1124,33.25,35.0625,37.11,0,0,0,0,0,20,0.5,0.104,5.5,50,1000,0.1,0.1,0.1,0.1,0.1,0.1,0.5,0,17760,0.045382883,0.017004505,0,0,0,0,0,0,0,0,0,0,5,1.300942618
91768.49,0.546958837,0.5,6236,37,0.1273,33.1875,35.125,37.19,0,0.02,0.15,0,0,20,0.5,0.104,5.5,50,1000,0.1,0.1,0.1,0.1,0.1,0.1,0.5,0,18258,0.045295213,0.016924088,0,0,0,0,0,0,0,0,0,0,0.44,1.300942618
91828.54,0.49637387,0.5,6236,37,0.44395,33.1875,35.0625,36.33,0,0.018287294,0.143149176,0,0,20,0.5,0.104,5.5,50,1000,0.1,0.1,0.1,0.1,0.1,0.1,0.5,0,17554,0.04534579,0.016919221,0,0,0,0,0,0,0,0,0,0,0.44,1.300942618
91888.6,0.47965359,0.5,6236,37,0.48871858,33.1875,35.0625,36.15,0,0.02,0.25,0,0,20,0.5,0.104,5.5,50,1000,0.1,0.1,0.1,0.1,0.1,0.1,0.5,0,16877,0.044853943,0.01694614,0,0,0,0,0,0,0,0,0,0,0.44,1.300942618
91948.67,0.425814648,0.5,6236,37,0.521775,33.125,35.0625,36.37,0,0,0.07,0,0,20,0.5,0.104,5.5,50,1000,0.1,0.1,0.1,0.1,0.1,0.1,0.5,0,16582,0.044325172,0.016825473,0,0,0,0,0,0,0,0,0,0,5,1.300942618
92008.72,0.434015641,0.5,6236,37,0.2521,33.1875,35.0625,36.89,0,0,0.07,0,0,20,0.5,0.104,5.5,50,1000,0.1,0.1,0.1,0.1,0.1,0.1,0.5,0,16488,0.044335274,0.016800097,0,0,0,0,0,0,0,0,0,0,5,1.300942618
92068.79,0.450697666,0.5,6236,37,0.1422,33.5,35.0625,37.43,0,0,0.07,0,0,20,0.5,0.104,5.5,50,1000,0.1,0.1,0.1,0.1,0.1,0.1,0.5,0,16061,0.044829089,0.016935434,0,0,0,0,0,0,0,0,0,0,5,1.300942618
92128.85,0.439072397,0.5,6236,37,0.1396,33.5,35,37.49,0,0,0.07,0,0,20,0.5,0.104,5.5,50,1000,0.1,0.1,0.1,0.1,0.1,0.1,0.5,0,16658,0.044603194,0.016808741,0,0,0,0,0,0,0,0,0,0,5,1.300942618
92188.92,0.47147211,0.5,6236,37,0.0973,33.5625,35,37.71,0,0,0.25,0,0,20,0.5,0.104,5.5,50,1000,0.1,0.1,0.1,0.1,0.1,0.1,0.5,0,16178,0.045370256,0.017122018,0,0,0,0,0,0,0,0,0,0,5,1.300942618
92248.98,0.476132858,0.5,6236,37,0.0926,33.4375,35,37.37,0,0,0.07,0,0,20,0.5,0.104,5.5,50,1000,0.1,0.1,0.1,0.1,0.1,0.1,0.5,0,16827,0.04510608,0.016996494,0,0,0,0,0,0,0,0,0,0,5,1.300942618
92309.03,0.481440124,0.5,6236,37,0.0894,33.4375,35,37.27,0,0,0.07,0,0,20,0.5,0.104,5.5,50,1000,0.1,0.1,0.1,0.1,0.1,0.1,0.5,0,17217,0.044839403,0.016843817,0,0,0,0,0,0,0,0,0,0,5,1.269150313
92369.1,0.491506124,0.5,6236,37,0.1743,33.375,35.0625,37.09,0,0,0.07,0,0,20,0.5,0.104,5.5,50,1000,0.1,0.1,0.1,0.1,0.1,0.1,0.5,0,17096,0.045507721,0.016904539,0,0,0,0,0,0,0,0,0,0,5,1.267770384
92429.14,0.49466921,0.5,6236,37,0.158,33.375,35,37.29,0,0,0.07,0,0,20,0.5,0.104,5.5,50,1000,0.1,0.1,0.1,0.1,0.1,0.1,0.5,0,19184,0.043213094,0.01631568,0,0,0,0,0,0,0,0,0,0,5,1.223626499
92489.18,0.507640351,0.5,6236,37,0.1108,33.3125,35.0625,37.19,0,0,0.25,0,0,20,0.5,0.104,5.5,50,1000,0.1,0.1,0.1,0.1,0.1,0.1,0.5,0,18742,0.043965425,0.016593747,0,0,0,0,0,0,0,0,0,0,5,1.240097021
92549.23,0.517644603,0.5,6236,37,0.1893,33.25,35.0625,37.11,0,0,0,0,0,20,0.5,0.104,5.5,50,1000,0.1,0.1,0.1,0.1,0.1,0.1,0.5,0,18110,0.044616234,0.016841524,0,0,0,0,0,0,0,0,0,0,5,1.236639227
92609.29,0.537726056,0.5,6236,37,0.1519,33.25,35.0625,37.13,0,0,0,0,0,20,0.5,0.104,5.5,50,1000,0.1,0.1,0.1,0.1,0.1,0.1,0.5,0,18502,0.044535726,0.016700897,0,0,0,0,0,0,0,0,0,0,5,1.288988253
92669.36,0.541245598,0.5,6236,37,0.1342,33.25,35.0625,37.05,0,0,0,0,0,20,0.5,0.104,5.5,50,1000,0.1,0.1,0.1,0.1,0.1,0.1,0.5,0,18078,0.045193052,0.016926651,0,0,0,0,0,0,0,0,0,0,5,1.244110556
92729.43,0.551682003,0.5,6236,37,0.13,33.25,35,37.27,0,0.02,0.15,0,0,20,0.5,0.104,5.5,50,1000,0.1,0.1,0.1,0.1,0.1,0.1,0.5,0,18422,0.045434806,0.016936272,0,0,0,0,0,0,0,0,0,0,0.44,1.244110556
92789.49,0.500544545,0.5,6236,37,0.4332,33.1875,35,36.33,0,0.019285325,0.25,0,0,20,0.5,0.104,5.5,50,1000,0.1,0.1,0.1,0.1,0.1,0.1,0.5,0,18032,0.044421029,0.016692547,0,0,0,0,0,0,0,0,0,0,0.44,1.244110556
92849.55,0.457407618,0.5,6236,37,0.500745308,33,35.0625,36.29,0,0.014208806,0.126835226,0,0,20,0.5,0.104,5.5,50,1000,0.1,0.1,0.1,0.1,0.1,0.1,0.5,0,16521,0.04527571,0.016948127,0,0,0,0,0,0,0,0,0,0,0.44,1.244110556
92909.62,0.408888869,0.5,6236,37,0.456965917,33,35,36.33,0,0,0.07,0,0,20,0.5,0.104,5.5,50,1000,0.1,0.1,0.1,0.1,0.1,0.1,0.5,0,15802,0.045184154,0.016706746,0,0,0,0,0,0,0,0,0,0,5,1.244110556
92969.66,0.41433632,0.5,6236,37,0.2377,33.25,35.0625,37.09,0,0,0.07,0,0,20,0.5,0.104,5.5,50,1000,0.1,0.1,0.1,0.1,0.1,0.1,0.5,0,15930,0.044946642,0.016760829,0,0,0,0,0,0,0,0,0,0,5,1.244110556
93029.71,0.42294114,0.5,6236,37,0.1165,33.5,35,37.49,0,0,0.07,0,0,20,0.5,0.104,5.5,50,1000,0.1,0.1,0.1,0.1,0.1,0.1,0.5,0,16235,0.045087773,0.016938713,0,0,0,0,0,0,0,0,0,0,5,1.244110556
93089.78,0.439172895,0.5,6236,37,0.1118,33.5625,34.9375,37.29,0,0,0.25,0,0,20,0.5,0.104,5.5,50,1000,0.1,0.1,0.1,0.1,0.1,0.1,0.5,0,17124,0.044323756,0.01658491,0,0,0,0,0,0,0,0,0,0,5,1.244110556
93149.84,0.445745756,0.5,6236,37,0.131,33.4375,35,37.29,0,0,0.07,0,0,20,0.5,0.104,5.5,50,1000,0.1,0.1,0.1,0.1,0.1,0.1,0.5,0,16388,0.045399072,0.016902612,0,0,0,0,0,0,0,0,0,0,5,1.244110556
93209.9,0.475329246,0.5,6236,37,0.1411,33.4375,35,37.25,0,0,0.07,0,0,20,0.5,0.104,5.5,50,1000,0.1,0.1,0.1,0.1,0.1,0.1,0.5,0,16950,0.044778761,0.016873156,0,0,0,0,0,0,0,0,0,0,5,1.244110556
93269.94,0.465156894,0.5,6236,37,0.1404,33.375,35,37.37,0,0,0.07,0,0,20,0.5,0.104,5.5,50,1000,0.1,0.1,0.1,0.1,0.1,0.1,0.5,0,16667,0.045599088,0.017099658,0,0,0,0,0,0,0,0,0,0,5,1.117006156
93329.99,0.478843648,0.5,6236,37,0.1491,33.3125,34.9375,37.17,0,0,0.07,0,0,20,0.5,0.104,5.5,50,1000,0.1,0.1,0.1,0.1,0.1,0.1,0.5,0,17314,0.044992492,0.016807208,0,0,0,0,0,0,0,0,0,0,5,1.148153972
93390.03,0.482028769,0.5,6236,37,0.1048,33.1875,35,37.43,0,0,0.25,0,0,20,0.5,0.104,5.5,50,1000,0.1,0.1,0.1,0.1,0.1,0.1,0.5,0,17930,0.044450641,0.016731735,0,0,0,0,0,0,0,0,0,0,5,1.110635278
93450.07,0.503824913,0.5,6236,37,0.175,33.25,34.9375,37.11,0,0,0.07,0,0,20,0.5,0.104,5.5,50,1000,0.1,0.1,0.1,0.1,0.1,0.1,0.5,0,17980,0.045050056,0.01679644,0,0,0,0,0,0,0,0,0,0,5,1.187778557
93510.14,0.520355054,0.5,6236,37,0.1505,33.25,34.9375,36.93,0,0,0,0,0,20,0.5,0.104,5.5,50,1000,0.1,0.1,0.1,0.1,0.1,0.1,0.5,0,17146,0.046133209,0.017263502,0,0,0,0,0,0,0,0,0,0,5,1.225237317
93570.18,0.505288312,0.5,6236,37,0.1036,33.1875,35,36.95,0,0,0,0,0,20,0.5,0.104,5.5,50,1000,0.1,0.1,0.1,0.1,0.1,0.1,0.5,0,18312,0.045107034,0.016655745,0,0,0,0,0,0,0,0,0,0,5,1.075828866
93630.22,0.554317449,0.5,6236,37,0.1674,33,34.9375,37.05,0,0,0,0,0,20,0.5,0.104,5.5,50,1000,0.1,0.1,0.1,0.1,0.1,0.1,0.5,0,17542,0.046060882,0.017158819,0,0,0,0,0,0,0,0,0,0,5,1.299862485
93690.29,0.519608814,0.5,6236,37,0.0981,33.125,34.9375,36.87,0,0,0,0,0,20,0.5,0.104,5.5,50,1000,0.1,0.1,0.1,0.1,0.1,0.1,0.5,0,17275,0.046599132,0.017308249,0,0,0,0,0,0,0,0,0,0,5,1.040885499
93750.36,0.567852521,0.5,6236,37,0.1557,33.125,35,37.03,0,0,0,0,0,20,0.5,0.104,5.5,50,1000,0.1,0.1,0.1,0.1,0.1,0.1,0.5,0,17866,0.046289041,0.01701556,0,0,0,0,0,0,0,0,0,0,5,1.2551977
93810.39,0.549230315,0.5,6236,37,0.1528,33.125,35,37.01,0,0.02,0.15,0,0,20,0.5,0.104,5.5,50,1000,0.1,0.1,0.1,0.1,0.1,0.1,0.5,0,18972,0.045171832,0.016866962,0,0,0,0,0,0,0,0,0,0,0.44,1.2551977
93870.46,0.492041925,0.5,6236,37,0.4469,33.125,35,36.21,0,0.017961229,0.141844914,0,0,20,0.5,0.104,5.5,50,1000,0.1,0.1,0.1,0.1,0.1,0.1,0.5,0,17353,0.0464473,0.017057569,0,0,0,0,0,0,0,0,0,0,0.44,1.2551977
93930.52,0.452831442,0.5,6236,37,0.520252102,33,35,36.07,0,0,0.07,0,0,20,0.5,0.104,5.5,50,1000,0.1,0.1,0.1,0.1,0.1,0.1,0.5,0,16746,0.045503404,0.01701899,0,0,0,0,0,0,0,0,0,0,5,1.2551977
93990.56,0.467104568,0.5,6236,37,0.2265,33.0625,35,36.97,0,0,0.25,0,0,20,0.5,0.104,5.5,50,1000,0.1,0.1,0.1,0.1,0.1,0.1,0.5,0,17833,0.044131666,0.016430214,0,0,0,0,0,0,0,0,0,0,5,1.2551977
94050.62,0.462033157,0.5,6236,37,0.1437,33.1875,35,37.19,0,0,0.07,0,0,20,0.5,0.104,5.5,50,1000,0.1,0.1,0.1,0.1,0.1,0.1,0.5,0,16370,0.046548564,0.017226634,0,0,0,0,0,0,0,0,0,0,5,1.2551977
94110.69,0.46615231,0.5,6236,37,0.1344,33.3125,35,37.37,0,0,0.07,0,0,20,0.5,0.104,5.5,50,1000,0.1,0.1,0.1,0.1,0.1,0.1,0.5,0,17803,0.044880076,0.016851093,0,0,0,0,0,0,0,0,0,0,5,1.2551977
94170.76,0.4902717,0.5,6236,37,0.1045,33.375,35,37.21,0,0,0.07,0,0,20,0.5,0.104,5.5,50,1000,0.1,0.1,0.1,0.1,0.1,0.1,0.5,0,17442,0.045522302,0.016970531,0,0,0,0,0,0,0,0,0,0,5,1.2551977
94230.81,0.508556947,0.5,6236,37,0.1152,33.3125,35,37.11,0,0,0.07,0,0,20,0.5,0.104,5.5,50,1000,0.1,0.1,0.1,0.1,0.1,0.1,0.5,0,16700,0.046946108,0.017305389,0,0,0,0,0,0,0,0,0,0,5,1.2551977
94290.85,0.511109981,0.5,6236,37,0.1245,33.3125,34.9375,37.21,0,0,0.25,0,0,20,0.5,0.104,5.5,50,1000,0.1,0.1,0.1,0.1,0.1,0.1,0.5,0,17539,0.046011745,0.017104738,0,0,0,0,0,0,0,0,0,0,5,1.207460604
94350.9,0.532863226,0.5,6236,37,0.1371,33.25,35,37.05,0,0,0.07,0,0,20,0.5,0.104,5.5,50,1000,0.1,0.1,0.1,0.1,0.1,0.1,0.5,0,19225,0.04473342,0.016697009,0,0,0,0,0,0,0,0,0,0,5,1.272127527
94410.96,0.556263919,0.5,6236,37,0.1997,33.1875,35,37.13,0,0,0.07,0,0,20,0.5,0.104,5.5,50,1000,0.1,0.1,0.1,0.1,0.1,0.1,0.5,0,19027,0.04483103,0.016660535,0,0,0,0,0,0,0,0,0,0,5,1.337455381
94471.02,0.540864284,0.5,6236,37,0.0704,33.125,34.9375,37.17,0,0.02,0.15,0,0,20,0.5,0.104,5.5,50,1000,0.1,0.1,0.1,0.1,0.1,0.1,0.5,0,18109,0.046275333,0.01711856,0,0,0,0,0,0,0,0,0,0,0.44,1.337455381
94531.07,0.482579503,0.5,6236,37,0.480425,33.125,34.9375,36.23,0,0.015895146,0.133580585,0,0,20,0.5,0.104,5.5,50,1000,0.1,0.1,0.1,0.1,0.1,0.1,0.5,0,16659,0.046641455,0.017287952,0,0,0,0,0,0,0,0,0,0,0.44,1.337455381
94591.11,0.444788972,0.5,6236,37,0.51389789,33.0625,34.9375,36.07,0,0,0.25,0,0,20,0.5,0.104,5.5,50,1000,0.1,0.1,0.1,0.1,0.1,0.1,0.5,0,16368,0.046065494,0.017167644,0,0,0,0,0,0,0,0,0,0,5,1.337455381
94651.16,0.481431027,0.5,6236,37,0.2385,33.25,35,37.01,0,0,0.07,0,0,20,0.5,0.104,5.5,50,1000,0.1,0.1,0.1,0.1,0.1,0.1,0.5,0,16484,0.04580199,0.017107498,0,0,0,0,0,0,0,0,0,0,5,1.337455381
94711.21,0.480439441,0.5,6236,37,0.143,33.25,35.0625,37.37,0,0,0.07,0,0,20,0.5,0.104,5.5,50,1000,0.1,0.1,0.1,0.1,0.1,0.1,0.5,0,16523,0.045814925,0.016946075,0,0,0,0,0,0,0,0,0,0,5,1.337455381
94771.28,0.467893335,0.5,6236,37,0.1525,33.375,35,37.49,0,0,0.07,0,0,20,0.5,0.104,5.5,50,1000,0.1,0.1,0.1,0.1,0.1,0.1,0.5,0,17776,0.0450045,0.016876688,0,0,0,0,0,0,0,0,0,0,5,1.337455381
94831.34,0.4832204,0.5,6236,37,0.124,33.375,35.0625,37.25,0,0,0.07,0,0,20,0.5,0.104,5.5,50,1000,0.1,0.1,0.1,0.1,0.1,0.1,0.5,0,16672,0.046365163,0.017214491,0,0,0,0,0,0,0,0,0,0,5,1.337455381
94891.37,0.489896379,0.5,6236,37,0.1115,33.25,35,37.25,0,0,0.25,0,0,20,0.5,0.104,5.5,50,1000,0.1,0.1,0.1,0.1,0.1,0.1,0.5,0,18155,0.045056458,0.016854861,0,0,0,0,0,0,0,0,0,0,5,1.337455381
94951.42,0.510342541,0.5,6236,37,0.1664,33.25,35,37.29,0,0,0.07,0,0,20,0.5,0.104,5.5,50,1000,0.1,0.1,0.1,0.1,0.1,0.1,0.5,0,17355,0.046153846,0.017055604,0,0,0,0,0,0,0,0,0,0,5,1.393247367
95011.5,0.51568963,0.5,6236,37,0.1189,33.25,35,37.05,0,0,0.07,0,0,20,0.5,0.104,5.5,50,1000,0.1,0.1,0.1,0.1,0.1,0.1,0.5,0,17325,0.046406926,0.017200577,0,0,0,0,0,0,0,0,0,0,5,1.354853825
95071.55,0.533569764,0.5,6236,37,0.1129,33.25,35.0625,37.21,0,0,0.07,0,0,20,0.5,0.104,5.5,50,1000,0.1,0.1,0.1,0.1,0.1,0.1,0.5,0,18543,0.045138327,0.016825756,0,0,0,0,0,0,0,0,0,0,5,1.389365344
95131.61,0.516032078,0.5,6236,37,0.1466,33.25,35,37.17,0,0,0.07,0,0,20,0.5,0.104,5.5,50,1000,0.1,0.1,0.1,0.1,0.1,0.1,0.5,0,18204,0.04641837,0.017194023,0,0,0,0,0,0,0,0,0,0,5,1.219634385
95191.66,0.533032468,0.5,6236,37,0.1945,33.1875,35,37.17,0,0,0,0,0,20,0.5,0.104,5.5,50,1000,0.1,0.1,0.1,0.1,0.1,0.1,0.5,0,17599,0.046934485,0.01733053,0,0,0,0,0,0,0,0,0,0,5,1.255892886
95251.69,0.554700794,0.5,6236,37,0.1609,33.1875,35,37.05,0,0,0,0,0,20,0.5,0.104,5.5,50,1000,0.1,0.1,0.1,0.1,0.1,0.1,0.5,0,17667,0.047433067,0.017377031,0,0,0,0,0,0,0,0,0,0,5,1.312637802
95311.72,0.578114705,0.5,6236,37,0.1464,33.125,35,37.03,0,0.02,0.15,0,0,20,0.5,0.104,5.5,50,1000,0.1,0.1,0.1,0.1,0.1,0.1,0.5,0,17456,0.047719982,0.017529789,0,0,0,0,0,0,0,0,0,0,0.44,1.312637802
95371.79,0.52645755,0.5,6236,37,0.3965,32.9375,34.9375,36.31,0,0.02,0.15,0,0,20,0.5,0.104,5.5,50,1000,0.1,0.1,0.1,0.1,0.1,0.1,0.5,0,18621,0.045325171,0.016862682,0,0,0,0,0,0,0,0,0,0,0.44,1.312637802
95431.83,0.475678201,0.5,6236,37,0.481525,32.9375,34.9375,36.21,0,0.019575594,0.148302378,0,0,20,0.5,0.104,5.5,50,1000,0.1,0.1,0.1,0.1,0.1,0.1,0.5,0,16719,0.045995574,0.016986662,0,0,0,0,0,0,0,0,0,0,0.44,1.312637802
95491.88,0.415389104,0.5,6236,37,0.579471944,33,34.9375,36.09,0,0,0.25,0,0,20,0.5,0.104,5.5,50,1000,0.1,0.1,0.1,0.1,0.1,0.1,0.5,0,16463,0.045374476,0.016886351,0,0,0,0,0,0,0,0,0,0,5,1.312637802
95551.92,0.420897848,0.5,6236,37,0.2374,33,34.875,37.13,0,0,0.07,0,0,20,0.5,0.104,5.5,50,1000,0.1,0.1,0.1,0.1,0.1,0.1,0.5,0,17435,0.044049326,0.016518497,0,0,0,0,0,0,0,0,0,0,5,1.312637802
95611.99,0.443205712,0.5,6236,37,0.118,33.1875,34.875,37.45,0,0,0.07,0,0,20,0.5,0.104,5.5,50,1000,0.1,0.1,0.1,0.1,0.1,0.1,0.5,0,16670,0.045290942,0.017036593,0,0,0,0,0,0,0,0,0,0,5,1.312637802
95672.07,0.464524377,0.5,6236,37,0.1301,33.125,34.875,37.29,0,0,0.07,0,0,20,0.5,0.104,5.5,50,1000,0.1,0.1,0.1,0.1,0.1,0.1,0.5,0,16050,0.046542056,0.017196262,0,0,0,0,0,0,0,0,0,0,5,1.312637802
95732.14,0.4738416,0.5,6236,37,0.1405,33.125,34.875,37.27,0,0,0.07,0,0,20,0.5,0.104,5.5,50,1000,0.1,0.1,0.1,0.1,0.1,0.1,0.5,0,17070,0.045577036,0.016988869,0,0,0,0,0,0,0,0,0,0,5,1.312637802
95792.21,0.476089817,0.5,6236,37,0.0926,33.1875,34.9375,37.25,0,0,0.25,0,0,20,0.5,0.104,5.5,50,1000,0.1,0.1,0.1,0.1,0.1,0.1,0.5,0,16045,0.047117482,0.017388595,0,0,0,0,0,0,0,0,0,0,5,1.312637802
95852.26,0.481812127,0.5,6236,37,0.1416,33.25,34.9375,37.21,0,0,0.07,0,0,20,0.5,0.104,5.5,50,1000,0.1,0.1,0.1,0.1,0.1,0.1,0.5,0,16530,0.046884453,0.017362371,0,0,0,0,0,0,0,0,0,0,5,1.282849109
95912.31,0.479488639,0.5,6236,37,0.1385,33.125,34.9375,37.17,0,0,0.07,0,0,20,0.5,0.104,5.5,50,1000,0.1,0.1,0.1,0.1,0.1,0.1,0.5,0,16544,0.047267892,0.017468569,0,0,0,0,0,0,0,0,0,0,5,1.204204472
95972.39,0.501987119,0.5,6236,37,0.1263,33.0625,34.9375,37.25,0,0,0.07,0,0,20,0.5,0.104,5.5,50,1000,0.1,0.1,0.1,0.1,0.1,0.1,0.5,0,17785,0.045656452,0.01681192,0,0,0,0,0,0,0,0,0,0,5,1.281557027
96032.44,0.516406955,0.5,6236,37,0.1447,33,35,37.21,0,0,0.07,0,0,20,0.5,0.104,5.5,50,1000,0.1,0.1,0.1,0.1,0.1,0.1,0.5,0,17686,0.046025105,0.016962569,0,0,0,0,0,0,0,0,0,0,5,1.302441177
96092.5,0.512718831,0.5,6236,37,0.1372,33.0625,35,37.17,0,0,0,0,0,20,0.5,0.104,5.5,50,1000,0.1,0.1,0.1,0.1,0.1,0.1,0.5,0,17429,0.04670377,0.017212691,0,0,0,0,0,0,0,0,0,0,5,1.21581656
96152.56,0.543876833,0.5,6236,37,0.1636,33,35,37.03,0,0,0,0,0,20,0.5,0.104,5.5,50,1000,0.1,0.1,0.1,0.1,0.1,0.1,0.5,0,18285,0.046103363,0.017008477,0,0,0,0,0,0,0,0,0,0,5,1.332011345
96212.61,0.526819914,0.5,6236,37,0.1412,32.875,35,36.97,0,0,0,0,0,20,0.5,0.104,5.5,50,1000,0.1,0.1,0.1,0.1,0.1,0.1,0.5,0,17737,0.047020353,0.017308451,0,0,0,0,0,0,0,0,0,0,5,1.169818658
96272.67,0.543176977,0.5,6236,37,0.1205,33,35,37.13,0,0,0,0,0,20,0.5,0.104,5.5,50,1000,0.1,0.1,0.1,0.1,0.1,0.1,0.5,0,18626,0.046064641,0.017180286,0,0,0,0,0,0,0,0,0,0,5,1.203056983
96332.72,0.558592974,0.5,6236,37,0.1228,33,35,37.05,0,0.02,0.15,0,0,20,0.5,0.104,5.5,50,1000,0.1,0.1,0.1,0.1,0.1,0.1,0.5,0,18721,0.046365045,0.01714652,0,0,0,0,0,0,0,0,0,0,0.44,1.203056983
96392.76,0.514234104,0.5,6236,37,0.4472,32.875,35,35.99,0,0.02,0.25,0,0,20,0.5,0.104,5.5,50,1000,0.1,0.1,0.1,0.1,0.1,0.1,0.5,0,17602,0.046699239,0.017213953,0,0,0,0,0,0,0,0,0,0,0.44,1.203056983
96452.8,0.451333108,0.5,6236,37,0.5352,32.8125,35,35.81,0,0.02,0.15,0,0,20,0.5,0.104,5.5,50,1000,0.1,0.1,0.1,0.1,0.1,0.1,0.5,0,16452,0.046438123,0.017323122,0,0,0,0,0,0,0,0,0,0,0.44,1.203056983
96512.88,0.40648665,0.5,6236,37,0.546,32.8125,35,35.99,0,0,0.07,0,0,20,0.5,0.104,5.5,50,1000,0.1,0.1,0.1,0.1,0.1,0.1,0.5,0,15788,0.045984292,0.017164935,0,0,0,0,0,0,0,0,0,0,5,1.203056983
96572.95,0.404421287,0.5,6236,37,0.2445,33.1875,34.9375,37.09,0,0,0.07,0,0,20,0.5,0.104,5.5,50,1000,0.1,0.1,0.1,0.1,0.1,0.1,0.5,0,15819,0.046336684,0.017257728,0,0,0,0,0,0,0,0,0,0,5,1.203056983
96633.02,0.419533734,0.5,6236,37,0.1522,33.125,34.9375,37.49,0,0,0.07,0,0,20,0.5,0.104,5.5,50,1000,0.1,0.1,0.1,0.1,0.1,0.1,0.5,0,15790,0.046231792,0.017162761,0,0,0,0,0,0,0,0,0,0,5,1.203056983
96693.07,0.426800658,0.5,6236,37,0.1181,33.25,34.9375,37.35,0,0,0.25,0,0,20,0.5,0.104,5.5,50,1000,0.1,0.1,0.1,0.1,0.1,0.1,0.5,0,16045,0.046244936,0.017139296,0,0,0,0,0,0,0,0,0,0,5,1.203056983
96753.12,0.434576574,0.5,6236,37,0.1223,33.25,34.875,37.41,0,0,0.07,0,0,20,0.5,0.104,5.5,50,1000,0.1,0.1,0.1,0.1,0.1,0.1,0.5,0,16897,0.045629402,0.016926082,0,0,0,0,0,0,0,0,0,0,5,1.203056983
96813.19,0.430423408,0.5,6236,37,0.1138,33.1875,34.9375,37.19,0,0,0.07,0,0,20,0.5,0.104,5.5,50,1000,0.1,0.1,0.1,0.1,0.1,0.1,0.5,0,16112,0.046921549,0.017440417,0,0,0,0,0,0,0,0,0,0,5,1.203056983
96873.27,0.469854851,0.5,6236,37,0.1236,33.1875,34.875,37.27,0,0,0.07,0,0,20,0.5,0.104,5.5,50,1000,0.1,0.1,0.1,0.1,0.1,0.1,0.5,0,17325,0.045541126,0.016911977,0,0,0,0,0,0,0,0,0,0,5,1.405867407
96933.34,0.457917267,0.5,6236,37,0.1293,33.0625,34.875,37.17,0,0,0.07,0,0,20,0.5,0.104,5.5,50,1000,0.1,0.1,0.1,0.1,0.1,0.1,0.5,0,16629,0.046845872,0.017259005,0,0,0,0,0,0,0,0,0,0,5,1.258368162
96993.38,0.470289064,0.5,6236,37,0.1592,33.1875,34.875,37.19,0,0,0.25,0,0,20,0.5,0.104,5.5,50,1000,0.1,0.1,0.1,0.1,0.1,0.1,0.5,0,17631,0.045941807,0.017072202,0,0,0,0,0,0,0,0,0,0,5,1.275426779
97053.43,0.494120058,0.5,6236,37,0.1782,33.125,34.875,37.05,0,0,0.07,0,0,20,0.5,0.104,5.5,50,1000,0.1,0.1,0.1,0.1,0.1,0.1,0.5,0,17061,0.046656116,0.017056445,0,0,0,0,0,0,0,0,0,0,5,1.359948394
97113.49,0.513728297,0.5,6236,37,0.1511,33.0625,34.9375,37.03,0,0,0,0,0,20,0.5,0.104,5.5,50,1000,0.1,0.1,0.1,0.1,0.1,0.1,0.5,0,17969,0.045801102,0.016918025,0,0,0,0,0,0,0,0,0,0,5,1.408698976
97173.54,0.536846,0.5,6236,37,0.0909,33.125,34.9375,37.05,0,0,0,0,0,20,0.5,0.104,5.5,50,1000,0.1,0.1,0.1,0.1,0.1,0.1,0.5,0,16905,0.047619048,0.017509613,0,0,0,0,0,0,0,0,0,0,5,1.470314289
97233.58,0.5238378,0.5,6236,37,0.1376,33.0625,34.875,37.03,0,0,0,0,0,20,0.5,0.104,5.5,50,1000,0.1,0.1,0.1,0.1,0.1,0.1,0.5,0,16717,0.048274212,0.017586888,0,0,0,0,0,0,0,0,0,0,5,1.323211035
97293.62,0.517866705,0.5,6236,37,0.142,33.0625,34.9375,37.05,0,0,0,0,0,20,0.5,0.104,5.5,50,1000,0.1,0.1,0.1,0.1,0.1,0.1,0.5,0,18031,0.046808275,0.017414453,0,0,0,0,0,0,0,0,0,0,5,1.222657849
97353.69,0.549296051,0.5,6236,37,0.1628,33,35,37.01,0,0,0,0,0,20,0.5,0.104,5.5,50,1000,0.1,0.1,0.1,0.1,0.1,0.1,0.5,0,17843,0.047413552,0.017429804,0,0,0,0,0,0,0,0,0,0,5,1.338283959
97413.77,0.558824623,0.5,6236,37,0.1643,33.0625,34.9375,37.01,0,0.02,0.15,0,0,20,0.5,0.104,5.5,50,1000,0.1,0.1,0.1,0.1,0.1,0.1,0.5,0,17883,0.047587094,0.017502656,0,0,0,0,0,0,0,0,0,0,0.44,1.338283959
97473.84,0.494383255,0.5,6236,37,0.398525,32.875,34.9375,36.41,0,0.019215194,0.146860777,0,0,20,0.5,0.104,5.5,50,1000,0.1,0.1,0.1,0.1,0.1,0.1,0.5,0,17371,0.047435381,0.017212596,0,0,0,0,0,0,0,0,0,0,0.44,1.338283959
97533.88,0.448214522,0.5,6236,37,0.468349857,32.75,34.9375,36.09,0,0,0.07,0,0,20,0.5,0.104,5.5,50,1000,0.1,0.1,0.1,0.1,0.1,0.1,0.5,0,16574,0.046940992,0.017014601,0,0,0,0,0,0,0,0,0,0,5,1.338283959
97593.92,0.473976662,0.5,6236,37,0.2522,33,34.9375,36.79,0,0,0.25,0,0,20,0.5,0.104,5.5,50,1000,0.1,0.1,0.1,0.1,0.1,0.1,0.5,0,16437,0.047210562,0.017460607,0,0,0,0,0,0,0,0,0,0,5,1.338283959
97653.99,0.474881722,0.5,6236,37,0.1647,33.0625,34.9375,37.29,0,0,0.07,0,0,20,0.5,0.104,5.5,50,1000,0.1,0.1,0.1,0.1,0.1,0.1,0.5,0,17269,0.046383693,0.017198448,0,0,0,0,0,0,0,0,0,0,5,1.338283959
97714.02,0.477695882,0.5,6236,37,0.1348,33.1875,34.9375,37.19,0,0,0.07,0,0,20,0.5,0.104,5.5,50,1000,0.1,0.1,0.1,0.1,0.1,0.1,0.5,0,18093,0.045597745,0.016967888,0,0,0,0,0,0,0,0,0,0,5,1.338283959
97774.08,0.509265705,0.5,6236,37,0.1161,33.25,35,37.05,0,0,0.07,0,0,20,0.5,0.104,5.5,50,1000,0.1,0.1,0.1,0.1,0.1,0.1,0.5,0,16675,0.047736132,0.017271364,0,0,0,0,0,0,0,0,0,0,5,1.338283959
97834.15,0.498114588,0.5,6236,37,0.161,33.1875,34.875,37.33,0,0,0.07,0,0,20,0.5,0.104,5.5,50,1000,0.1,0.1,0.1,0.1,0.1,0.1,0.5,0,16727,0.048125785,0.017456806,0,0,0,0,0,0,0,0,0,0,5,1.338283959
97894.19,0.501380621,0.5,6236,37,0.1029,33.3125,34.9375,37.09,0,0,0.25,0,0,20,0.5,0.104,5.5,50,1000,0.1,0.1,0.1,0.1,0.1,0.1,0.5,0,18257,0.04617407,0.017089336,0,0,0,0,0,0,0,0,0,0,5,1.290975925
97954.25,0.51421895,0.5,6236,37,0.1522,33.125,34.9375,37.03,0,0,0.07,0,0,20,0.5,0.104,5.5,50,1000,0.1,0.1,0.1,0.1,0.1,0.1,0.5,0,17392,0.047838086,0.017536799,0,0,0,0,0,0,0,0,0,0,5,1.302277965
98014.32,0.544054324,0.5,6236,37,0.1292,33.0625,34.875,37.11,0,0,0.07,0,0,20,0.5,0.104,5.5,50,1000,0.1,0.1,0.1,0.1,0.1,0.1,0.5,0,17020,0.048413631,0.017685076,0,0,0,0,0,0,0,0,0,0,5,1.40636393
98074.38,0.551503394,0.5,6236,37,0.1497,33,34.875,37.21,0,0.02,0.15,0,0,20,0.5,0.104,5.5,50,1000,0.1,0.1,0.1,0.1,0.1,0.1,0.5,0,18513,0.046723924,0.017069087,0,0,0,0,0,0,0,0,0,0,0.44,1.40636393
98134.42,0.48428276,0.5,6236,37,0.47725,32.9375,34.875,36.07,0,0.017181409,0.138725634,0,0,20,0.5,0.104,5.5,50,1000,0.1,0.1,0.1,0.1,0.1,0.1,0.5,0,17034,0.047493249,0.017494423,0,0,0,0,0,0,0,0,0,0,0.44,1.40636393
98194.49,0.448983842,0.5,6236,37,0.50096574,32.8125,34.9375,36.07,0,0,0.25,0,0,20,0.5,0.104,5.5,50,1000,0.1,0.1,0.1,0.1,0.1,0.1,0.5,0,16350,0.047217125,0.017431193,0,0,0,0,0,0,0,0,0,0,5,1.40636393
98254.53,0.452808564,0.5,6236,37,0.2704,32.875,34.9375,36.89,0,0,0.07,0,0,20,0.5,0.104,5.5,50,1000,0.1,0.1,0.1,0.1,0.1,0.1,0.5,0,16590,0.047076552,0.017299578,0,0,0,0,0,0,0,0,0,0,5,1.40636393
98314.61,0.475836571,0.5,6236,37,0.1402,33.0625,34.875,37.27,0,0,0.07,0,0,20,0.5,0.104,5.5,50,1000,0.1,0.1,0.1,0.1,0.1,0.1,0.5,0,16563,0.046851416,0.017146652,0,0,0,0,0,0,0,0,0,0,5,1.40636393
98374.67,0.477892728,0.5,6236,37,0.1371,33.125,34.9375,37.27,0,0,0.07,0,0,20,0.5,0.104,5.5,50,1000,0.1,0.1,0.1,0.1,0.1,0.1,0.5,0,16515,0.047653648,0.017499243,0,0,0,0,0,0,0,0,0,0,5,1.40636393
98434.7,0.488007814,0.5,6236,37,0.1496,33.1875,34.9375,37.29,0,0,0.07,0,0,20,0.5,0.104,5.5,50,1000,0.1,0.1,0.1,0.1,0.1,0.1,0.5,0,17222,0.0469748,0.017361514,0,0,0,0,0,0,0,0,0,0,5,1.40636393
98494.77,0.488796268,0.5,6236,37,0.1138,33.1875,34.875,37.21,0,0,0.25,0,0,20,0.5,0.104,5.5,50,1000,0.1,0.1,0.1,0.1,0.1,0.1,0.5,0,17505,0.046958012,0.01730934,0,0,0,0,0,0,0,0,0,0,5,1.40636393
98554.83,0.504903021,0.5,6236,37,0.1231,33.1875,34.9375,37.13,0,0,0.07,0,0,20,0.5,0.104,5.5,50,1000,0.1,0.1,0.1,0.1,0.1,0.1,0.5,0,17817,0.047089858,0.017286861,0,0,0,0,0,0,0,0,0,0,5,1.43330754
98614.87,0.510522417,0.5,6236,37,0.1147,33.1875,34.9375,37.13,0,0,0.07,0,0,20,0.5,0.104,5.5,50,1000,0.1,0.1,0.1,0.1,0.1,0.1,0.5,0,17224,0.048014399,0.017533674,0,0,0,0,0,0,0,0,0,0,5,1.394846687
98674.94,0.515485394,0.5,6236,37,0.1349,33.0625,34.9375,37.05,0,0,0.07,0,0,20,0.5,0.104,5.5,50,1000,0.1,0.1,0.1,0.1,0.1,0.1,0.5,0,17995,0.04706863,0.01739372,0,0,0,0,0,0,0,0,0,0,5,1.354127618
98735.01,0.530030172,0.5,6236,37,0.1704,33.125,34.9375,37.05,0,0,0.07,0,0,20,0.5,0.104,5.5,50,1000,0.1,0.1,0.1,0.1,0.1,0.1,0.5,0,19234,0.04601227,0.017001144,0,0,0,0,0,0,0,0,0,0,5,1.369896125
98795.07,0.549423882,0.5,6236,37,0.148,33.0625,35,36.95,0,0,0,0,0,20,0.5,0.104,5.5,50,1000,0.1,0.1,0.1,0.1,0.1,0.1,0.5,0,18555,0.046941525,0.017353813,0,0,0,0,0,0,0,0,0,0,5,1.409210247
98855.12,0.551061293,0.5,6236,37,0.1558,33.125,34.9375,36.93,0,0.02,0.15,0,0,20,0.5,0.104,5.5,50,1000,0.1,0.1,0.1,0.1,0.1,0.1,0.5,0,18272,0.047942207,0.017458406,0,0,0,0,0,0,0,0,0,0,0.44,1.409210247
98915.16,0.507747447,0.5,6236,37,0.467125,32.9375,34.9375,36.23,0,0.02,0.15,0,0,20,0.5,0.104,5.5,50,1000,0.1,0.1,0.1,0.1,0.1,0.1,0.5,0,17472,0.047504579,0.017399267,0,0,0,0,0,0,0,0,0,0,0.44,1.409210247
98975.23,0.447957721,0.5,6236,37,0.560925,32.875,34.9375,36.05,0,0.001801929,0.077207717,0,0,20,0.5,0.104,5.5,50,1000,0.1,0.1,0.1,0.1,0.1,0.1,0.5,0,17482,0.046047363,0.017103306,0,0,0,0,0,0,0,0,0,0,0.44,1.409210247
99035.3,0.455259027,0.5,6236,37,0.26797586,33,34.9375,36.97,0,0,0.07,0,0,20,0.5,0.104,5.5,50,1000,0.1,0.1,0.1,0.1,0.1,0.1,0.5,0,17236,0.046704572,0.017289394,0,0,0,0,0,0,0,0,0,0,5,1.409210247
99095.33,0.467098952,0.5,6236,37,0.1167,33.1875,34.875,37.29,0,0,0.25,0,0,20,0.5,0.104,5.5,50,1000,0.1,0.1,0.1,0.1,0.1,0.1,0.5,0,17214,0.046648077,0.017021029,0,0,0,0,0,0,0,0,0,0,5,1.409210247
99155.38,0.481915931,0.5,6236,37,0.1353,33.1875,34.875,37.27,0,0,0.07,0,0,20,0.5,0.104,5.5,50,1000,0.1,0.1,0.1,0.1,0.1,0.1,0.5,0,17402,0.046776233,0.017124468,0,0,0,0,0,0,0,0,0,0,5,1.409210247
99215.42,0.49321692,0.5,6236,37,0.1342,33.25,34.875,37.25,0,0,0.07,0,0,20,0.5,0.104,5.5,50,1000,0.1,0.1,0.1,0.1,0.1,0.1,0.5,0,17191,0.047583038,0.017392822,0,0,0,0,0,0,0,0,0,0,5,1.409210247
99275.5,0.523711846,0.5,6236,37,0.1573,33.1875,34.875,37.21,0,0,0.07,0,0,20,0.5,0.104,5.5,50,1000,0.1,0.1,0.1,0.1,0.1,0.1,0.5,0,19154,0.045264697,0.016863318,0,0,0,0,0,0,0,0,0,0,5,1.409210247
99335.57,0.505265637,0.5,6236,37,0.1613,33.125,34.9375,37.09,0,0,0.07,0,0,20,0.5,0.104,5.5,50,1000,0.1,0.1,0.1,0.1,0.1,0.1,0.5,0,18082,0.04678686,0.017088818,0,0,0,0,0,0,0,0,0,0,5,1.409210247
99395.63,0.517546662,0.5,6236,37,0.1774,33.0625,34.875,37.05,0,0,0.25,0,0,20,0.5,0.104,5.5,50,1000,0.1,0.1,0.1,0.1,0.1,0.1,0.5,0,18898,0.046407027,0.017091756,0,0,0,0,0,0,0,0,0,0,5,1.410795885
99455.69,0.546476209,0.5,6236,37,0.1405,33.125,34.9375,37.11,0,0,0.07,0,0,20,0.5,0.104,5.5,50,1000,0.1,0.1,0.1,0.1,0.1,0.1,0.5,0,17622,0.048178413,0.017591647,0,0,0,0,0,0,0,0,0,0,5,1.503429346
99515.77,0.545250919,0.5,6236,37,0.1498,33.0625,34.9375,37.03,0,0.02,0.15,0,0,20,0.5,0.104,5.5,50,1000,0.1,0.1,0.1,0.1,0.1,0.1,0.5,0,18534,0.047588216,0.017427431,0,0,0,0,0,0,0,0,0,0,0.44,1.503429346
99575.82,0.503301477,0.5,6236,37,0.482325,32.9375,34.875,36.33,0,0.02,0.15,0,0,20,0.5,0.104,5.5,50,1000,0.1,0.1,0.1,0.1,0.1,0.1,0.5,0,17306,0.047902462,0.017508379,0,0,0,0,0,0,0,0,0,0,0.44,1.503429346
99635.87,0.453346077,0.5,6236,37,0.57955,32.875,34.9375,36.01,0,0.019363327,0.147453306,0,0,20,0.5,0.104,5.5,50,1000,0.1,0.1,0.1,0.1,0.1,0.1,0.5,0,15982,0.048179202,0.01758228,0,0,0,0,0,0,0,0,0,0,0.44,1.503429346
99695.92,0.397590694,0.5,6236,37,0.525535915,32.875,34.9375,36.15,0,0,0.25,0,0,20,0.5,0.104,5.5,50,1000,0.1,0.1,0.1,0.1,0.1,0.1,0.5,0,15439,0.047671481,0.017423408,0,0,0,0,0,0,0,0,0,0,5,1.503429346
99755.98,0.403273049,0.5,6236,37,0.2832,33.0625,34.9375,37.21,0,0,0.07,0,0,20,0.5,0.104,5.5,50,1000,0.1,0.1,0.1,0.1,0.1,0.1,0.5,0,15924,0.046533534,0.01726953,0,0,0,0,0,0,0,0,0,0,5,1.503429346
99816.01,0.419160728,0.5,6236,37,0.1217,33.1875,34.9375,37.35,0,0,0.07,0,0,20,0.5,0.104,5.5,50,1000,0.1,0.1,0.1,0.1,0.1,0.1,0.5,0,16369,0.046307044,0.017105504,0,0,0,0,0,0,0,0,0,0,5,1.503429346
99876.08,0.426266214,0.5,6236,37,0.0846,33.25,34.9375,37.49,0,0,0.07,0,0,20,0.5,0.104,5.5,50,1000,0.1,0.1,0.1,0.1,0.1,0.1,0.5,0,16637,0.04634249,0.017070385,0,0,0,0,0,0,0,0,0,0,5,1.503429346
99936.15,0.424999403,0.5,6236,37,0.1552,33.25,34.9375,37.43,0,0,0.07,0,0,20,0.5,0.104,5.5,50,1000,0.1,0.1,0.1,0.1,0.1,0.1,0.5,0,16681,0.046519993,0.017265152,0,0,0,0,0,0,0,0,0,0,5,1.503429346
99996.2,0.44031558,0.5,6236,37,0.1718,33.3125,34.9375,37.37,0,0,0.25,0,0,20,0.5,0.104,5.5,50,1000,0.1,0.1,0.1,0.1,0.1,0.1,0.5,0,16899,0.046452453,0.017219954,0,0,0,0,0,0,0,0,0,0,5,1.503429346
100056.24,0.452705372,0.5,6236,37,0.1493,33.25,34.9375,37.19,0,0,0.07,0,0,20,0.5,0.104,5.5,50,1000,0.1,0.1,0.1,0.1,0.1,0.1,0.5,0,16384,0.047485352,0.01739502,0,0,0,0,0,0,0,0,0,0,5,1.511507348
100116.32,0.453820292,0.5,6236,37,0.1297,33.25,35,37.33,0,0,0.07,0,0,20,0.5,0.104,5.5,50,1000,0.1,0.1,0.1,0.1,0.1,0.1,0.5,0,16838,0.047095855,0.017282338,0,0,0,0,0,0,0,0,0,0,5,1.443311281
100176.38,0.481316707,0.5,6236,37,0.1278,33.25,35,37.29,0,0,0.07,0,0,20,0.5,0.104,5.5,50,1000,0.1,0.1,0.1,0.1,0.1,0.1,0.5,0,16648,0.047272946,0.017299375,0,0,0,0,0,0,0,0,0,0,5,1.547618322
100236.45,0.47768239,0.5,6236,37,0.1568,33.1875,35,37.27,0,0,0.07,0,0,20,0.5,0.104,5.5,50,1000,0.1,0.1,0.1,0.1,0.1,0.1,0.5,0,17856,0.046482975,0.016969086,0,0,0,0,0,0,0,0,0,0,5,1.447499104
100296.5,0.486081992,0.5,6236,37,0.0934,33.25,35,37.01,0,0,0,0,0,20,0.5,0.104,5.5,50,1000,0.1,0.1,0.1,0.1,0.1,0.1,0.5,0,17357,0.047473642,0.017514547,0,0,0,0,0,0,0,0,0,0,5,1.427417939
100356.57,0.491384447,0.5,6236,37,0.133,33.25,34.9375,37.13,0,0,0,0,0,20,0.5,0.104,5.5,50,1000,0.1,0.1,0.1,0.1,0.1,0.1,0.5,0,18925,0.045759577,0.01680317,0,0,0,0,0,0,0,0,0,0,5,1.388595513
100416.62,0.505089955,0.5,6236,37,0.122,33.125,34.9375,37.01,0,0,0,0,0,20,0.5,0.104,5.5,50,1000,0.1,0.1,0.1,0.1,0.1,0.1,0.5,0,16875,0.048533333,0.017481481,0,0,0,0,0,0,0,0,0,0,5,1.401694941
100476.7,0.537519821,0.5,6236,37,0.1767,33.0625,34.875,37.09,0,0,0,0,0,20,0.5,0.104,5.5,50,1000,0.1,0.1,0.1,0.1,0.1,0.1,0.5,0,18081,0.047065981,0.017310989,0,0,0,0,0,0,0,0,0,0,5,1.51829747
100536.78,0.533736957,0.5,6236,37,0.1767,33.125,34.9375,37.13,0,0,0,0,0,20,0.5,0.104,5.5,50,1000,0.1,0.1,0.1,0.1,0.1,0.1,0.5,0,17032,0.048907938,0.017731329,0,0,0,0,0,0,0,0,0,0,5,1.421195073
100596.82,0.552127336,0.5,6236,37,0.1181,33.0625,34.875,37.13,0,0,0,0,0,20,0.5,0.104,5.5,50,1000,0.1,0.1,0.1,0.1,0.1,0.1,0.5,0,17823,0.048083936,0.01750547,0,0,0,0,0,0,0,0,0,0,5,1.451762039
100656.86,0.549228877,0.5,6236,37,0.1695,33.0625,34.875,37.05,0,0.02,0.15,0,0,20,0.5,0.104,5.5,50,1000,0.1,0.1,0.1,0.1,0.1,0.1,0.5,0,17779,0.048427921,0.017548794,0,0,0,0,0,0,0,0,0,0,0.44,1.451762039
100716.91,0.498927827,0.5,6236,37,0.41215,32.875,34.875,36.29,0,0.018839007,0.145356028,0,0,20,0.5,0.104,5.5,50,1000,0.1,0.1,0.1,0.1,0.1,0.1,0.5,0,17700,0.047683616,0.017514124,0,0,0,0,0,0,0,0,0,0,0.44,1.451762039
100776.97,0.464102053,0.5,6236,37,0.500723484,32.875,34.875,36.09,0,0.014861498,0.129445992,0,0,20,0.5,0.104,5.5,50,1000,0.1,0.1,0.1,0.1,0.1,0.1,0.5,0,17162,0.046964223,0.017305675,0,0,0,0,0,0,0,0,0,0,0.44,1.451762039
100837.02,0.435679454,0.5,6236,37,0.448187923,32.9375,34.875,36.41,0,0,0.07,0,0,20,0.5,0.104,5.5,50,1000,0.1,0.1,0.1,0.1,0.1,0.1,0.5,0,16158,0.047592524,0.017452655,0,0,0,0,0,0,0,0,0,0,5,1.451762039
100897.06,0.432626114,0.5,6236,37,0.2119,32.9375,34.875,37.25,0,0,0.25,0,0,20,0.5,0.104,5.5,50,1000,0.1,0.1,0.1,0.1,0.1,0.1,0.5,0,17289,0.046330036,0.017178553,0,0,0,0,0,0,0,0,0,0,5,1.451762039
100957.1,0.468908626,0.5,6236,37,0.1455,33.125,34.875,37.35,0,0,0.07,0,0,20,0.5,0.104,5.5,50,1000,0.1,0.1,0.1,0.1,0.1,0.1,0.5,0,16902,0.046799195,0.017276062,0,0,0,0,0,0,0,0,0,0,5,1.451762039
101017.18,0.442997971,0.5,6236,37,0.0914,33.1875,34.875,37.27,0,0,0.07,0,0,20,0.5,0.104,5.5,50,1000,0.1,0.1,0.1,0.1,0.1,0.1,0.5,0,16670,0.047270546,0.017396521,0,0,0,0,0,0,0,0,0,0,5,1.451762039
101077.25,0.462684845,0.5,6236,37,0.12,33.1875,34.875,37.05,0,0,0.07,0,0,20,0.5,0.104,5.5,50,1000,0.1,0.1,0.1,0.1,0.1,0.1,0.5,0,16648,0.047693417,0.017479577,0,0,0,0,0,0,0,0,0,0,5,1.451762039
101137.33,0.48181362,0.5,6236,37,0.1419,33.0625,34.9375,37.27,0,0,0.07,0,0,20,0.5,0.104,5.5,50,1000,0.1,0.1,0.1,0.1,0.1,0.1,0.5,0,17398,0.04724681,0.017300839,0,0,0,0,0,0,0,0,0,0,5,1.451762039
101197.4,0.499640969,0.5,6236,37,0.1892,33.1875,34.9375,37.03,0,0,0.25,0,0,20,0.5,0.104,5.5,50,1000,0.1,0.1,0.1,0.1,0.1,0.1,0.5,0,16829,0.048368887,0.017588686,0,0,0,0,0,0,0,0,0,0,5,1.488171199
101257.43,0.476804413,0.5,6236,37,0.1759,33.125,34.9375,37.19,0,0,0.07,0,0,20,0.5,0.104,5.5,50,1000,0.1,0.1,0.1,0.1,0.1,0.1,0.5,0,17620,0.047446084,0.017366629,0,0,0,0,0,0,0,0,0,0,5,1.273412418
101317.5,0.495186529,0.5,6236,37,0.1576,33.125,34.9375,37.05,0,0,0.07,0,0,20,0.5,0.104,5.5,50,1000,0.1,0.1,0.1,0.1,0.1,0.1,0.5,0,16953,0.048486993,0.01740105,0,0,0,0,0,0,0,0,0,0,5,1.323226238
101377.56,0.535458695,0.5,6236,37,0.1457,33.0625,34.9375,37.27,0,0,0.07,0,0,20,0.5,0.104,5.5,50,1000,0.1,0.1,0.1,0.1,0.1,0.1,0.5,0,17503,0.048277438,0.01753985,0,0,0,0,0,0,0,0,0,0,5,1.491632631
101437.63,0.521394342,0.5,6236,37,0.1506,33.125,34.875,37.05,0,0,0,0,0,20,0.5,0.104,5.5,50,1000,0.1,0.1,0.1,0.1,0.1,0.1,0.5,0,18207,0.047619048,0.017410886,0,0,0,0,0,0,0,0,0,0,5,1.337199687
101497.68,0.549613552,0.5,6236,37,0.1691,33,34.9375,37.11,0,0,0,0,0,20,0.5,0.104,5.5,50,1000,0.1,0.1,0.1,0.1,0.1,0.1,0.5,0,18325,0.047858117,0.017407913,0,0,0,0,0,0,0,0,0,0,5,1.428465953
101557.73,0.551769147,0.5,6236,37,0.1835,33,34.875,37.09,0,0.02,0.15,0,0,20,0.5,0.104,5.5,50,1000,0.1,0.1,0.1,0.1,0.1,0.1,0.5,0,17946,0.048590215,0.017719826,0,0,0,0,0,0,0,0,0,0,0.44,1.428465953
101617.77,0.495892357,0.5,6236,37,0.48685,32.9375,34.9375,36.09,0,0.018705772,0.14482309,0,0,20,0.5,0.104,5.5,50,1000,0.1,0.1,0.1,0.1,0.1,0.1,0.5,0,18652,0.046268497,0.01704911,0,0,0,0,0,0,0,0,0,0,0.44,1.428465953
101677.81,0.453290574,0.5,6236,37,0.517583495,32.875,34.875,36.07,0,0,0.07,0,0,20,0.5,0.104,5.5,50,1000,0.1,0.1,0.1,0.1,0.1,0.1,0.5,0,16760,0.047374702,0.017362768,0,0,0,0,0,0,0,0,0,0,5,1.428465953
101737.86,0.456739512,0.5,6236,37,0.2701,32.9375,34.875,36.87,0,0,0.07,0,0,20,0.5,0.104,5.5,50,1000,0.1,0.1,0.1,0.1,0.1,0.1,0.5,0,16486,0.048040762,0.017530025,0,0,0,0,0,0,0,0,0,0,5,1.428465953
101797.9,0.469816326,0.5,6236,37,0.1546,33.125,34.9375,37.29,0,0,0.25,0,0,20,0.5,0.104,5.5,50,1000,0.1,0.1,0.1,0.1,0.1,0.1,0.5,0,17506,0.046841083,0.017422598,0,0,0,0,0,0,0,0,0,0,5,1.428465953
101857.95,0.485169155,0.5,6236,37,0.1303,33.0625,34.8125,37.35,0,0,0.07,0,0,20,0.5,0.104,5.5,50,1000,0.1,0.1,0.1,0.1,0.1,0.1,0.5,0,18503,0.045506134,0.016916176,0,0,0,0,0,0,0,0,0,0,5,1.428465953
101918.02,0.482697632,0.5,6236,37,0.1219,33.125,34.875,37.35,0,0,0.07,0,0,20,0.5,0.104,5.5,50,1000,0.1,0.1,0.1,0.1,0.1,0.1,0.5,0,17375,0.04771223,0.017496403,0,0,0,0,0,0,0,0,0,0,5,1.428465953
101978.1,0.507666927,0.5,6236,37,0.1594,33.1875,34.875,37.17,0,0,0.07,0,0,20,0.5,0.104,5.5,50,1000,0.1,0.1,0.1,0.1,0.1,0.1,0.5,0,18055,0.046856826,0.017335918,0,0,0,0,0,0,0,0,0,0,5,1.428465953
102038.17,0.517304776,0.5,6236,37,0.1248,33.125,34.8125,37.27,0,0,0.07,0,0,20,0.5,0.104,5.5,50,1000,0.1,0.1,0.1,0.1,0.1,0.1,0.5,0,18680,0.046680942,0.017023555,0,0,0,0,0,0,0,0,0,0,5,1.413462554
102098.24,0.52997726,0.5,6236,37,0.2012,33.0625,34.875,36.95,0,0,0.25,0,0,20,0.5,0.104,5.5,50,1000,0.1,0.1,0.1,0.1,0.1,0.1,0.5,0,19329,0.04583786,0.016865849,0,0,0,0,0,0,0,0,0,0,5,1.415395096
102158.3,0.518316243,0.5,6236,37,0.0719,33,34.8125,37.43,0,0,0.07,0,0,20,0.5,0.104,5.5,50,1000,0.1,0.1,0.1,0.1,0.1,0.1,0.5,0,17058,0.049361004,0.017762926,0,0,0,0,0,0,0,0,0,0,5,1.277879735
102218.37,0.53532698,0.5,6236,37,0.1291,33.0625,34.875,37.17,0,0,0.07,0,0,20,0.5,0.104,5.5,50,1000,0.1,0.1,0.1,0.1,0.1,0.1,0.5,0,17687,0.048905976,0.017809691,0,0,0,0,0,0,0,0,0,0,5,1.310862268
102278.45,0.551705096,0.5,6236,37,0.1853,32.9375,34.9375,36.95,0,0,0,0,0,20,0.5,0.104,5.5,50,1000,0.1,0.1,0.1,0.1,0.1,0.1,0.5,0,19746,0.046642358,0.017168034,0,0,0,0,0,0,0,0,0,0,5,1.335726914
102338.5,0.57963419,0.5,6236,37,0.1399,33,34.875,37.11,0,0.02,0.15,0,0,20,0.5,0.104,5.5,50,1000,0.1,0.1,0.1,0.1,0.1,0.1,0.5,0,18548,0.048145353,0.017414276,0,0,0,0,0,0,0,0,0,0,0.44,1.335726914
102398.55,0.499744289,0.5,6236,37,0.52525,32.875,34.875,35.91,0,0.02,0.25,0,0,20,0.5,0.104,5.5,50,1000,0.1,0.1,0.1,0.1,0.1,0.1,0.5,0,17079,0.04889045,0.017623983,0,0,0,0,0,0,0,0,0,0,0.44,1.335726914
102458.59,0.461966611,0.5,6236,37,0.55905,32.875,34.875,35.93,0,0.017620039,0.140480155,0,0,20,0.5,0.104,5.5,50,1000,0.1,0.1,0.1,0.1,0.1,0.1,0.5,0,17129,0.047054703,0.017339016,0,0,0,0,0,0,0,0,0,0,0.44,1.335726914
102518.66,0.413377328,0.5,6236,37,0.524941012,32.9375,34.8125,36.23,0,0,0.07,0,0,20,0.5,0.104,5.5,50,1000,0.1,0.1,0.1,0.1,0.1,0.1,0.5,0,16017,0.047449585,0.017418992,0,0,0,0,0,0,0,0,0,0,5,1.335726914
102578.7,0.41695928,0.5,6236,37,0.2478,33.0625,34.875,37.09,0,0,0.07,0,0,20,0.5,0.104,5.5,50,1000,0.1,0.1,0.1,0.1,0.1,0.1,0.5,0,15691,0.047989293,0.01752597,0,0,0,0,0,0,0,0,0,0,5,1.335726914
102638.74,0.41646822,0.5,6236,37,0.1246,33.25,34.875,37.53,0,0,0.07,0,0,20,0.5,0.104,5.5,50,1000,0.1,0.1,0.1,0.1,0.1,0.1,0.5,0,16299,0.047487576,0.017056261,0,0,0,0,0,0,0,0,0,0,5,1.335726914
102698.79,0.430527926,0.5,6236,37,0.1084,33.375,34.875,37.53,0,0,0.25,0,0,20,0.5,0.104,5.5,50,1000,0.1,0.1,0.1,0.1,0.1,0.1,0.5,0,17767,0.045646423,0.016772668,0,0,0,0,0,0,0,0,0,0,5,1.335726914
102758.83,0.475019111,0.5,6236,37,0.1479,33.3125,34.875,37.33,0,0,0.07,0,0,20,0.5,0.104,5.5,50,1000,0.1,0.1,0.1,0.1,0.1,0.1,0.5,0,17620,0.046027242,0.016969353,0,0,0,0,0,0,0,0,0,0,5,1.335726914
102818.88,0.45743206,0.5,6236,37,0.1032,33.3125,34.875,37.45,0,0,0.07,0,0,20,0.5,0.104,5.5,50,1000,0.1,0.1,0.1,0.1,0.1,0.1,0.5,0,15651,0.049262028,0.017954124,0,0,0,0,0,0,0,0,0,0,5,1.335726914
102878.96,0.456996031,0.5,6236,37,0.1121,33.25,34.9375,37.37,0,0,0.07,0,0,20,0.5,0.104,5.5,50,1000,0.1,0.1,0.1,0.1,0.1,0.1,0.5,0,16091,0.049157914,0.017836057,0,0,0,0,0,0,0,0,0,0,5,1.266079571
102939,0.477162065,0.5,6236,37,0.1543,33.25,34.875,37.17,0,0,0.07,0,0,20,0.5,0.104,5.5,50,1000,0.1,0.1,0.1,0.1,0.1,0.1,0.5,0,17658,0.047004191,0.017272624,0,0,0,0,0,0,0,0,0,0,5,1.332320055
102999.06,0.494033911,0.5,6236,37,0.2019,33.25,34.875,36.97,0,0,0.25,0,0,20,0.5,0.104,5.5,50,1000,0.1,0.1,0.1,0.1,0.1,0.1,0.5,0,17410,0.047960942,0.017461229,0,0,0,0,0,0,0,0,0,0,5,1.369947955
103059.12,0.50652806,0.5,6236,37,0.1668,33.125,34.875,37.09,0,0,0.07,0,0,20,0.5,0.104,5.5,50,1000,0.1,0.1,0.1,0.1,0.1,0.1,0.5,0,17951,0.047462537,0.017269233,0,0,0,0,0,0,0,0,0,0,5,1.376377238
103119.2,0.508960068,0.5,6236,37,0.0939,33.1875,34.875,37.33,0,0,0,0,0,20,0.5,0.104,5.5,50,1000,0.1,0.1,0.1,0.1,0.1,0.1,0.5,0,18182,0.047519525,0.017324827,0,0,0,0,0,0,0,0,0,0,5,1.321927898
103179.28,0.542725921,0.5,6236,37,0.1612,33.125,34.875,37.05,0,0,0,0,0,20,0.5,0.104,5.5,50,1000,0.1,0.1,0.1,0.1,0.1,0.1,0.5,0,18761,0.047065721,0.017216566,0,0,0,0,0,0,0,0,0,0,5,1.448536145
103239.35,0.534814902,0.5,6236,37,0.1626,33,34.8125,37.03,0,0,0,0,0,20,0.5,0.104,5.5,50,1000,0.1,0.1,0.1,0.1,0.1,0.1,0.5,0,17173,0.04937984,0.018051593,0,0,0,0,0,0,0,0,0,0,5,1.33205814
103299.39,0.543219835,0.5,6236,37,0.1449,33,34.8125,37.09,0,0,0,0,0,20,0.5,0.104,5.5,50,1000,0.1,0.1,0.1,0.1,0.1,0.1,0.5,0,18928,0.047442942,0.017328825,0,0,0,0,0,0,0,0,0,0,5,1.312235375
103359.44,0.552103692,0.5,6236,37,0.235175,33.0625,34.8125,37.19,0,0.02,0.15,0,0,20,0.5,0.104,5.5,50,1000,0.1,0.1,0.1,0.1,0.1,0.1,0.5,0,19104,0.047686348,0.017535595,0,0,0,0,0,0,0,0,0,0,0.44,1.312235375
103419.52,0.502361291,0.5,6236,37,0.482775,32.8125,34.8125,36.09,0,0.02,0.15,0,0,20,0.5,0.104,5.5,50,1000,0.1,0.1,0.1,0.1,0.1,0.1,0.5,0,17510,0.048258138,0.017418618,0,0,0,0,0,0,0,0,0,0,0.44,1.312235375
103479.56,0.438923554,0.5,6236,37,0.480384014,32.75,34.8125,35.99,0,0.000470153,0.071880613,0,0,20,0.5,0.104,5.5,50,1000,0.1,0.1,0.1,0.1,0.1,0.1,0.5,0,16096,0.048707753,0.017892644,0,0,0,0,0,0,0,0,0,0,0.44,1.312235375
103539.64,0.432783446,0.5,6236,37,0.3166,32.875,34.875,36.69,0,0,0.07,0,0,20,0.5,0.104,5.5,50,1000,0.1,0.1,0.1,0.1,0.1,0.1,0.5,0,16658,0.047604754,0.017349021,0,0,0,0,0,0,0,0,0,0,5,1.312235375
103599.71,0.45677044,0.5,6236,37,0.1618,32.9375,34.8125,37.29,0,0,0.25,0,0,20,0.5,0.104,5.5,50,1000,0.1,0.1,0.1,0.1,0.1,0.1,0.5,0,17158,0.047266581,0.017251428,0,0,0,0,0,0,0,0,0,0,5,1.312235375
103659.77,0.478731038,0.5,6236,37,0.1327,33.125,34.8125,37.35,0,0,0.07,0,0,20,0.5,0.104,5.5,50,1000,0.1,0.1,0.1,0.1,0.1,0.1,0.5,0,17046,0.047459815,0.017540772,0,0,0,0,0,0,0,0,0,0,5,1.312235375
103719.82,0.49978139,0.5,6236,37,0.169,33.125,34.8125,37.17,0,0,0.07,0,0,20,0.5,0.104,5.5,50,1000,0.1,0.1,0.1,0.1,0.1,0.1,0.5,0,17678,0.04723385,0.017422785,0,0,0,0,0,0,0,0,0,0,5,1.312235375
103779.9,0.492744063,0.5,6236,37,0.1397,33.0625,34.875,37.25,0,0,0.07,0,0,20,0.5,0.104,5.5,50,1000,0.1,0.1,0.1,0.1,0.1,0.1,0.5,0,16941,0.048639396,0.017649489,0,0,0,0,0,0,0,0,0,0,5,1.312235375
103839.97,0.50641142,0.5,6236,37,0.1278,33.0625,34.9375,37.27,0,0,0.07,0,0,20,0.5,0.104,5.5,50,1000,0.1,0.1,0.1,0.1,0.1,0.1,0.5,0,17827,0.04762439,0.017221069,0,0,0,0,0,0,0,0,0,0,5,1.312235375
103900.05,0.501488979,0.5,6236,37,0.158,33.125,34.875,37.13,0,0,0.25,0,0,20,0.5,0.104,5.5,50,1000,0.1,0.1,0.1,0.1,0.1,0.1,0.5,0,18599,0.047206839,0.017258992,0,0,0,0,0,0,0,0,0,0,5,1.217320235
103960.11,0.510277192,0.5,6236,37,0.132,33.125,34.875,37.21,0,0,0.07,0,0,20,0.5,0.104,5.5,50,1000,0.1,0.1,0.1,0.1,0.1,0.1,0.5,0,18747,0.047047528,0.017282765,0,0,0,0,0,0,0,0,0,0,5,1.208571604
104020.16,0.517080123,0.5,6236,37,0.1475,33.0625,34.9375,37.13,0,0,0.07,0,0,20,0.5,0.104,5.5,50,1000,0.1,0.1,0.1,0.1,0.1,0.1,0.5,0,17306,0.049635964,0.017623945,0,0,0,0,0,0,0,0,0,0,5,1.187874266
104080.21,0.525211669,0.5,6236,37,0.1436,33.0625,34.875,37.13,0,0,0.07,0,0,20,0.5,0.104,5.5,50,1000,0.1,0.1,0.1,0.1,0.1,0.1,0.5,0,18182,0.048509515,0.017434826,0,0,0,0,0,0,0,0,0,0,5,1.175291114
104140.25,0.543891603,0.5,6236,37,0.1385,33,34.875,37.13,0,0,0,0,0,20,0.5,0.104,5.5,50,1000,0.1,0.1,0.1,0.1,0.1,0.1,0.5,0,19395,0.047383346,0.017220933,0,0,0,0,0,0,0,0,0,0,5,1.221372383
104200.3,0.562508859,0.5,6236,37,0.290675,33,34.8125,36.95,0,0.02,0.25,0,0,20,0.5,0.104,5.5,50,1000,0.1,0.1,0.1,0.1,0.1,0.1,0.5,0,17454,0.050246362,0.017932852,0,0,0,0,0,0,0,0,0,0,0.44,1.221372383
104260.34,0.522501078,0.5,6236,37,0.46225,32.9375,34.875,36.21,0,0.02,0.15,0,0,20,0.5,0.104,5.5,50,1000,0.1,0.1,0.1,0.1,0.1,0.1,0.5,0,18514,0.047045479,0.017338231,0,0,0,0,0,0,0,0,0,0,0.44,1.221372383
104320.41,0.452084075,0.5,6236,37,0.510075,32.875,34.8125,36.15,0,0.02,0.15,0,0,20,0.5,0.104,5.5,50,1000,0.1,0.1,0.1,0.1,0.1,0.1,0.5,0,17171,0.047580222,0.017354842,0,0,0,0,0,0,0,0,0,0,0.44,1.221372383
104380.45,0.436394909,0.5,6236,37,0.4903,32.875,34.75,36.09,0,0,0.07,0,0,20,0.5,0.104,5.5,50,1000,0.1,0.1,0.1,0.1,0.1,0.1,0.5,0,16126,0.047314895,0.017487288,0,0,0,0,0,0,0,0,0,0,5,1.221372383
104440.49,0.41376611,0.5,6236,37,0.2206,32.875,34.75,37.17,0,0,0.07,0,0,20,0.5,0.104,5.5,50,1000,0.1,0.1,0.1,0.1,0.1,0.1,0.5,0,15398,0.048772568,0.017729575,0,0,0,0,0,0,0,0,0,0,5,1.221372383
104500.56,0.447049495,0.5,6236,37,0.1477,33.0625,34.6875,37.41,0,0,0.25,0,0,20,0.5,0.104,5.5,50,1000,0.1,0.1,0.1,0.1,0.1,0.1,0.5,0,16217,0.047727693,0.017450823,0,0,0,0,0,0,0,0,0,0,5,1.221372383
104560.62,0.428280788,0.5,6236,37,0.1731,33.125,34.75,37.27,0,0,0.07,0,0,20,0.5,0.104,5.5,50,1000,0.1,0.1,0.1,0.1,0.1,0.1,0.5,0,16611,0.047318042,0.01739811,0,0,0,0,0,0,0,0,0,0,5,1.221372383
104620.68,0.455656728,0.5,6236,37,0.1635,33.1875,34.75,37.27,0,0,0.07,0,0,20,0.5,0.104,5.5,50,1000,0.1,0.1,0.1,0.1,0.1,0.1,0.5,0,15589,0.049137212,0.01776894,0,0,0,0,0,0,0,0,0,0,5,1.221372383
104680.75,0.440093758,0.5,6236,37,0.153,33.1875,34.75,37.27,0,0,0.07,0,0,20,0.5,0.104,5.5,50,1000,0.1,0.1,0.1,0.1,0.1,0.1,0.5,0,16594,0.047908883,0.017717247,0,0,0,0,0,0,0,0,0,0,5,1.221372383
104740.81,0.449198864,0.5,6236,37,0.1169,33.0625,34.75,37.37,0,0,0.07,0,0,20,0.5,0.104,5.5,50,1000,0.1,0.1,0.1,0.1,0.1,0.1,0.5,0,16886,0.048146393,0.017470094,0,0,0,0,0,0,0,0,0,0,5,1.221737472
104800.87,0.473669513,0.5,6236,37,0.1497,33.125,34.75,37.21,0,0,0.25,0,0,20,0.5,0.104,5.5,50,1000,0.1,0.1,0.1,0.1,0.1,0.1,0.5,0,16904,0.048509229,0.017688121,0,0,0,0,0,0,0,0,0,0,5,1.319783063
104860.93,0.474552225,0.5,6236,37,0.174,33,34.75,37.09,0,0,0.07,0,0,20,0.5,0.104,5.5,50,1000,0.1,0.1,0.1,0.1,0.1,0.1,0.5,0,18466,0.046626232,0.017166685,0,0,0,0,0,0,0,0,0,0,5,1.259379392
104920.99,0.48780488,0.5,6236,37,0.2219,33.125,34.8125,36.89,0,0,0.07,0,0,20,0.5,0.104,5.5,50,1000,0.1,0.1,0.1,0.1,0.1,0.1,0.5,0,16561,0.049513918,0.0179337,0,0,0,0,0,0,0,0,0,0,5,1.279041867
104981.05,0.497759033,0.5,6236,37,0.1029,33,34.75,37.33,0,0,0,0,0,20,0.5,0.104,5.5,50,1000,0.1,0.1,0.1,0.1,0.1,0.1,0.5,0,17256,0.048504868,0.017790913,0,0,0,0,0,0,0,0,0,0,5,1.27569157
105041.1,0.508436591,0.5,6236,37,0.1278,32.9375,34.8125,37.21,0,0,0,0,0,20,0.5,0.104,5.5,50,1000,0.1,0.1,0.1,0.1,0.1,0.1,0.5,0,18803,0.046854225,0.017124927,0,0,0,0,0,0,0,0,0,0,5,1.275580254
105101.14,0.505446329,0.5,6236,37,0.1109,33,34.8125,37.25,0,0,0,0,0,20,0.5,0.104,5.5,50,1000,0.1,0.1,0.1,0.1,0.1,0.1,0.5,0,17999,0.048058225,0.017445414,0,0,0,0,0,0,0,0,0,0,5,1.194105288
105161.18,0.535433187,0.5,6236,37,0.1423,32.9375,34.8125,37.11,0,0,0,0,0,20,0.5,0.104,5.5,50,1000,0.1,0.1,0.1,0.1,0.1,0.1,0.5,0,17015,0.050132236,0.017984132,0,0,0,0,0,0,0,0,0,0,5,1.307302791
105221.26,0.546513651,0.5,6236,37,0.0913,32.9375,34.8125,37.29,0,0,0,0,0,20,0.5,0.104,5.5,50,1000,0.1,0.1,0.1,0.1,0.1,0.1,0.5,0,18528,0.048197323,0.017379102,0,0,0,0,0,0,0,0,0,0,5,1.303387166
105281.29,0.538480539,0.5,6236,37,0.1771,32.9375,34.8125,36.93,0,0,0,0,0,20,0.5,0.104,5.5,50,1000,0.1,0.1,0.1,0.1,0.1,0.1,0.5,0,18959,0.047998312,0.017511472,0,0,0,0,0,0,0,0,0,0,5,1.193794019
105341.34,0.563895385,0.5,6236,37,0.1697,32.9375,34.875,36.95,0,0,0,0,0,20,0.5,0.104,5.5,50,1000,0.1,0.1,0.1,0.1,0.1,0.1,0.5,0,17360,0.05,0.01797235,0,0,0,0,0,0,0,0,0,0,5,1.272456486
105401.41,0.589993397,0.5,6236,37,0.26945,32.9375,34.875,36.97,0,0.02,0.25,0,0,20,0.5,0.104,5.5,50,1000,0.1,0.1,0.1,0.1,0.1,0.1,0.5,0,18761,0.048718085,0.017536379,0,0,0,0,0,0,0,0,0,0,0.44,1.272456486
105461.44,0.50059237,0.5,6236,37,0.501275,32.8125,34.8125,35.99,0,0.02,0.15,0,0,20,0.5,0.104,5.5,50,1000,0.1,0.1,0.1,0.1,0.1,0.1,0.5,0,18310,0.048115784,0.017476789,0,0,0,0,0,0,0,0,0,0,0.44,1.272456486
105521.48,0.464369871,0.5,6236,37,0.562692865,32.75,34.875,35.85,0,0.018991945,0.145967779,0,0,20,0.5,0.104,5.5,50,1000,0.1,0.1,0.1,0.1,0.1,0.1,0.5,0,17447,0.047572649,0.017194933,0,0,0,0,0,0,0,0,0,0,0.44,1.272456486
105581.54,0.410680234,0.5,6236,37,0.4489,32.875,34.875,36.21,0,0,0.07,0,0,20,0.5,0.104,5.5,50,1000,0.1,0.1,0.1,0.1,0.1,0.1,0.5,0,16719,0.047191818,0.017285723,0,0,0,0,0,0,0,0,0,0,5,1.272456486
105641.58,0.44837347,0.5,6236,37,0.2663,32.9375,34.9375,36.95,0,0,0.07,0,0,20,0.5,0.104,5.5,50,1000,0.1,0.1,0.1,0.1,0.1,0.1,0.5,0,16301,0.047788479,0.017422244,0,0,0,0,0,0,0,0,0,0,5,1.272456486
105701.66,0.443904578,0.5,6236,37,0.1281,33.125,34.875,37.45,0,0,0.25,0,0,20,0.5,0.104,5.5,50,1000,0.1,0.1,0.1,0.1,0.1,0.1,0.5,0,15954,0.04870252,0.017738498,0,0,0,0,0,0,0,0,0,0,5,1.272456486
105761.72,0.458000084,0.5,6236,37,0.1431,33.25,34.875,37.33,0,0,0.07,0,0,20,0.5,0.104,5.5,50,1000,0.1,0.1,0.1,0.1,0.1,0.1,0.5,0,15817,0.049187583,0.017955364,0,0,0,0,0,0,0,0,0,0,5,1.272456486
105821.79,0.463691656,0.5,6236,37,0.1647,33.25,34.8125,37.21,0,0,0.07,0,0,20,0.5,0.104,5.5,50,1000,0.1,0.1,0.1,0.1,0.1,0.1,0.5,0,17355,0.04701815,0.017228464,0,0,0,0,0,0,0,0,0,0,5,1.272456486
105881.87,0.478881372,0.5,6236,37,0.169,33.1875,34.875,37.17,0,0,0.07,0,0,20,0.5,0.104,5.5,50,1000,0.1,0.1,0.1,0.1,0.1,0.1,0.5,0,17972,0.046628088,0.017193412,0,0,0,0,0,0,0,0,0,0,5,1.272456486
105941.94,0.478913888,0.5,6236,37,0.1359,33.1875,34.875,37.27,0,0,0.07,0,0,20,0.5,0.104,5.5,50,1000,0.1,0.1,0.1,0.1,0.1,0.1,0.5,0,17072,0.048500469,0.017689784,0,0,0,0,0,0,0,0,0,0,5,1.209037357
106001.98,0.484513806,0.5,6236,37,0.131,33.1875,34.8125,37.25,0,0,0.25,0,0,20,0.5,0.104,5.5,50,1000,0.1,0.1,0.1,0.1,0.1,0.1,0.5,0,17857,0.047600381,0.017192138,0,0,0,0,0,0,0,0,0,0,5,1.183460847
106062.03,0.499155012,0.5,6236,37,0.1853,33.125,34.8125,37.01,0,0,0.07,0,0,20,0.5,0.104,5.5,50,1000,0.1,0.1,0.1,0.1,0.1,0.1,0.5,0,18541,0.047246643,0.017205113,0,0,0,0,0,0,0,0,0,0,5,1.213600104
106122.07,0.50350951,0.5,6236,37,0.139,33.0625,34.8125,37.17,0,0,0.07,0,0,20,0.5,0.104,5.5,50,1000,0.1,0.1,0.1,0.1,0.1,0.1,0.5,0,18484,0.04744644,0.017258169,0,0,0,0,0,0,0,0,0,0,5,1.178977819
106182.12,0.51824515,0.5,6236,37,0.10465,33.0625,34.8125,36.89,0,0,0,0,0,20,0.5,0.104,5.5,50,1000,0.1,0.1,0.1,0.1,0.1,0.1,0.5,0,17671,0.048893668,0.017656047,0,0,0,0,0,0,0,0,0,0,5,1.206566307
106242.16,0.52673076,0.5,6236,37,0.14075,33,34.75,37.05,0,0,0,0,0,20,0.5,0.104,5.5,50,1000,0.1,0.1,0.1,0.1,0.1,0.1,0.5,0,17431,0.049681602,0.017956514,0,0,0,0,0,0,0,0,0,0,5,1.194961394
106302.23,0.540313482,0.5,6236,37,0.08155,32.9375,34.8125,37.17,0,0,0,0,0,20,0.5,0.104,5.5,50,1000,0.1,0.1,0.1,0.1,0.1,0.1,0.5,0,17481,0.049825525,0.017962359,0,0,0,0,0,0,0,0,0,0,5,1.211593222
106362.31,0.571014952,0.5,6236,37,0.2945,32.875,34.75,36.93,0,0.02,0.15,0,0,20,0.5,0.104,5.5,50,1000,0.1,0.1,0.1,0.1,0.1,0.1,0.5,0,18139,0.049396328,0.017696676,0,0,0,0,0,0,0,0,0,0,0.44,1.211593222
106422.38,0.495521578,0.5,6236,37,0.4956,32.875,34.75,36.07,0,0.02,0.15,0,0,20,0.5,0.104,5.5,50,1000,0.1,0.1,0.1,0.1,0.1,0.1,0.5,0,16793,0.049544453,0.017864586,0,0,0,0,0,0,0,0,0,0,0.44,1.211593222
106482.45,0.435174856,0.5,6236,37,0.4167,32.8125,34.8125,36.25,0,0,0.07,0,0,20,0.5,0.104,5.5,50,1000,0.1,0.1,0.1,0.1,0.1,0.1,0.5,0,15893,0.049329894,0.017806582,0,0,0,0,0,0,0,0,0,0,5,1.211593222
106542.52,0.452404732,0.5,6236,37,0.2692,32.8125,34.75,36.87,0,0,0.07,0,0,20,0.5,0.104,5.5,50,1000,0.1,0.1,0.1,0.1,0.1,0.1,0.5,0,16952,0.047663992,0.017402076,0,0,0,0,0,0,0,0,0,0,5,1.211593222
106602.6,0.459666877,0.5,6236,37,0.1973,33.0625,34.8125,37.13,0,0,0.25,0,0,20,0.5,0.104,5.5,50,1000,0.1,0.1,0.1,0.1,0.1,0.1,0.5,0,17548,0.047184864,0.017380898,0,0,0,0,0,0,0,0,0,0,5,1.211593222
106662.66,0.485347774,0.5,6236,37,0.1574,33.1875,34.8125,37.25,0,0,0.07,0,0,20,0.5,0.104,5.5,50,1000,0.1,0.1,0.1,0.1,0.1,0.1,0.5,0,16853,0.048418679,0.017741648,0,0,0,0,0,0,0,0,0,0,5,1.211593222
106722.74,0.492560458,0.5,6236,37,0.1455,33.125,34.875,37.27,0,0,0.07,0,0,20,0.5,0.104,5.5,50,1000,0.1,0.1,0.1,0.1,0.1,0.1,0.5,0,18229,0.046848428,0.0172253,0,0,0,0,0,0,0,0,0,0,5,1.211593222
106782.78,0.499218832,0.5,6236,37,0.1583,33.1875,34.8125,37.19,0,0,0.07,0,0,20,0.5,0.104,5.5,50,1000,0.1,0.1,0.1,0.1,0.1,0.1,0.5,0,17191,0.048688267,0.017450992,0,0,0,0,0,0,0,0,0,0,5,1.211593222
106842.82,0.495184043,0.5,6236,37,0.1225,33.1875,34.8125,37.29,0,0,0.07,0,0,20,0.5,0.104,5.5,50,1000,0.1,0.1,0.1,0.1,0.1,0.1,0.5,0,16768,0.049618321,0.017891221,0,0,0,0,0,0,0,0,0,0,5,1.126668431
106902.89,0.529279783,0.5,6236,37,0.1353,33.125,34.8125,37.21,0,0,0.25,0,0,20,0.5,0.104,5.5,50,1000,0.1,0.1,0.1,0.1,0.1,0.1,0.5,0,18556,0.047370123,0.017298987,0,0,0,0,0,0,0,0,0,0,5,1.270098068
106962.93,0.524371392,0.5,6236,37,0.109,33.125,34.8125,37.29,0,0,0.07,0,0,20,0.5,0.104,5.5,50,1000,0.1,0.1,0.1,0.1,0.1,0.1,0.5,0,18525,0.047773279,0.017489879,0,0,0,0,0,0,0,0,0,0,5,1.178642208
107023,0.517567266,0.5,6236,37,0.1651,33,34.8125,37.05,0,0,0.07,0,0,20,0.5,0.104,5.5,50,1000,0.1,0.1,0.1,0.1,0.1,0.1,0.5,0,18629,0.048043373,0.017231199,0,0,0,0,0,0,0,0,0,0,5,1.080528002
107083.04,0.546338189,0.5,6236,37,0.14315,33.0625,34.8125,37.05,0,0,0,0,0,20,0.5,0.104,5.5,50,1000,0.1,0.1,0.1,0.1,0.1,0.1,0.5,0,18087,0.049040747,0.0175264,0,0,0,0,0,0,0,0,0,0,5,1.188797642
107143.1,0.558884747,0.5,6236,37,0.340475,33,34.8125,36.71,0,0.02,0.15,0,0,20,0.5,0.104,5.5,50,1000,0.1,0.1,0.1,0.1,0.1,0.1,0.5,0,17277,0.05105053,0.018290212,0,0,0,0,0,0,0,0,0,0,0.44,1.188797642
107203.14,0.500588244,0.5,6236,37,0.5676,32.875,34.75,35.77,0,0.02,0.25,0,0,20,0.5,0.104,5.5,50,1000,0.1,0.1,0.1,0.1,0.1,0.1,0.5,0,17703,0.048522849,0.017624132,0,0,0,0,0,0,0,0,0,0,0.44,1.188797642
107263.17,0.448290586,0.5,6236,37,0.454385883,32.875,34.6875,36.17,0,0.001776967,0.077107867,0,0,20,0.5,0.104,5.5,50,1000,0.1,0.1,0.1,0.1,0.1,0.1,0.5,0,16486,0.04858668,0.017590683,0,0,0,0,0,0,0,0,0,0,0.44,1.188797642
107323.24,0.433979168,0.5,6236,37,0.3041,32.8125,34.6875,36.77,0,0,0.07,0,0,20,0.5,0.104,5.5,50,1000,0.1,0.1,0.1,0.1,0.1,0.1,0.5,0,16373,0.048738777,0.017651011,0,0,0,0,0,0,0,0,0,0,5,1.188797642
107383.27,0.455633134,0.5,6236,37,0.2214,32.9375,34.6875,37.09,0,0,0.07,0,0,20,0.5,0.104,5.5,50,1000,0.1,0.1,0.1,0.1,0.1,0.1,0.5,0,16300,0.048773006,0.017668712,0,0,0,0,0,0,0,0,0,0,5,1.188797642
107443.34,0.452578759,0.5,6236,37,0.1291,33.125,34.6875,37.41,0,0,0.07,0,0,20,0.5,0.104,5.5,50,1000,0.1,0.1,0.1,0.1,0.1,0.1,0.5,0,17195,0.047746438,0.017330619,0,0,0,0,0,0,0,0,0,0,5,1.188797642
107503.4,0.460134188,0.5,6236,37,0.148,33.25,34.75,37.29,0,0,0.25,0,0,20,0.5,0.104,5.5,50,1000,0.1,0.1,0.1,0.1,0.1,0.1,0.5,0,16576,0.049288127,0.017796815,0,0,0,0,0,0,0,0,0,0,5,1.188797642
107563.46,0.500282075,0.5,6236,37,0.1463,33.1875,34.75,37.25,0,0,0.07,0,0,20,0.5,0.104,5.5,50,1000,0.1,0.1,0.1,0.1,0.1,0.1,0.5,0,17362,0.048381523,0.017509504,0,0,0,0,0,0,0,0,0,0,5,1.188797642
107623.53,0.483813154,0.5,6236,37,0.1511,33.125,34.75,37.19,0,0,0.07,0,0,20,0.5,0.104,5.5,50,1000,0.1,0.1,0.1,0.1,0.1,0.1,0.5,0,17159,0.048837345,0.01771665,0,0,0,0,0,0,0,0,0,0,5,1.188797642
107683.59,0.496226997,0.5,6236,37,0.1604,33.0625,34.8125,37.13,0,0,0.07,0,0,20,0.5,0.104,5.5,50,1000,0.1,0.1,0.1,0.1,0.1,0.1,0.5,0,16869,0.04938052,0.017961942,0,0,0,0,0,0,0,0,0,0,5,1.205361827
107743.65,0.514863921,0.5,6236,37,0.2012,33.0625,34.75,36.95,0,0,0.07,0,0,20,0.5,0.104,5.5,50,1000,0.1,0.1,0.1,0.1,0.1,0.1,0.5,0,16797,0.050068465,0.018038936,0,0,0,0,0,0,0,0,0,0,5,1.25570121
107803.69,0.524428107,0.5,6236,37,0.1502,33.0625,34.8125,37.13,0,0,0.25,0,0,20,0.5,0.104,5.5,50,1000,0.1,0.1,0.1,0.1,0.1,0.1,0.5,0,18429,0.048239188,0.017363937,0,0,0,0,0,0,0,0,0,0,5,1.24813329
107863.74,0.547839647,0.5,6236,37,0.176,32.9375,34.8125,37.01,0,0,0.07,0,0,20,0.5,0.104,5.5,50,1000,0.1,0.1,0.1,0.1,0.1,0.1,0.5,0,17916,0.049341371,0.01786113,0,0,0,0,0,0,0,0,0,0,5,1.316749468
107923.8,0.542941181,0.5,6236,37,0.267175,32.9375,34.8125,37.09,0,0.02,0.15,0,0,20,0.5,0.104,5.5,50,1000,0.1,0.1,0.1,0.1,0.1,0.1,0.5,0,18087,0.049372477,0.017747553,0,0,0,0,0,0,0,0,0,0,0.44,1.316749468
107983.87,0.489095886,0.5,6236,37,0.484732899,32.75,34.8125,36.09,0,0.016949636,0.137798543,0,0,20,0.5,0.104,5.5,50,1000,0.1,0.1,0.1,0.1,0.1,0.1,0.5,0,16987,0.049567316,0.017778301,0,0,0,0,0,0,0,0,0,0,0.44,1.316749468
108043.91,0.457972228,0.5,6236,37,0.4703,32.75,34.8125,36.05,0,0,0.07,0,0,20,0.5,0.104,5.5,50,1000,0.1,0.1,0.1,0.1,0.1,0.1,0.5,0,17193,0.048042808,0.017565288,0,0,0,0,0,0,0,0,0,0,5,1.316749468
108103.94,0.46677196,0.5,6236,37,0.2318,32.9375,34.8125,37.01,0,0,0.25,0,0,20,0.5,0.104,5.5,50,1000,0.1,0.1,0.1,0.1,0.1,0.1,0.5,0,16359,0.04908613,0.01791063,0,0,0,0,0,0,0,0,0,0,5,1.316749468
108163.98,0.469244076,0.5,6236,37,0.1623,33.0625,34.8125,37.27,0,0,0.07,0,0,20,0.5,0.104,5.5,50,1000,0.1,0.1,0.1,0.1,0.1,0.1,0.5,0,17523,0.047822861,0.017348628,0,0,0,0,0,0,0,0,0,0,5,1.316749468
108224.02,0.470321883,0.5,6236,37,0.1135,33.1875,34.875,37.41,0,0,0.07,0,0,20,0.5,0.104,5.5,50,1000,0.1,0.1,0.1,0.1,0.1,0.1,0.5,0,17349,0.048533057,0.017580264,0,0,0,0,0,0,0,0,0,0,5,1.316749468
108284.09,0.479200672,0.5,6236,37,0.1766,33.0625,34.875,37.13,0,0,0.07,0,0,20,0.5,0.104,5.5,50,1000,0.1,0.1,0.1,0.1,0.1,0.1,0.5,0,15958,0.050570247,0.018110039,0,0,0,0,0,0,0,0,0,0,5,1.316749468
108344.17,0.49639197,0.5,6236,37,0.1544,33.25,34.875,37.19,0,0,0.07,0,0,20,0.5,0.104,5.5,50,1000,0.1,0.1,0.1,0.1,0.1,0.1,0.5,0,17972,0.048074783,0.017527265,0,0,0,0,0,0,0,0,0,0,5,1.316749468
108404.24,0.513750331,0.5,6236,37,0.1454,33.1875,34.875,37.19,0,0,0.25,0,0,20,0.5,0.104,5.5,50,1000,0.1,0.1,0.1,0.1,0.1,0.1,0.5,0,17931,0.048184708,0.017511572,0,0,0,0,0,0,0,0,0,0,5,1.354026595
108464.27,0.517946317,0.5,6236,37,0.1641,33.1875,34.875,37.09,0,0,0.07,0,0,20,0.5,0.104,5.5,50,1000,0.1,0.1,0.1,0.1,0.1,0.1,0.5,0,17487,0.049751244,0.017956196,0,0,0,0,0,0,0,0,0,0,5,1.310727836
108524.34,0.547407732,0.5,6236,37,0.1708,33.125,34.8125,37.05,0,0,0.07,0,0,20,0.5,0.104,5.5,50,1000,0.1,0.1,0.1,0.1,0.1,0.1,0.5,0,18022,0.049273111,0.017811564,0,0,0,0,0,0,0,0,0,0,5,1.411158408
108584.38,0.549360832,0.5,6236,37,0.26515,33.0625,34.875,37.11,0,0.02,0.15,0,0,20,0.5,0.104,5.5,50,1000,0.1,0.1,0.1,0.1,0.1,0.1,0.5,0,18769,0.048644041,0.017582183,0,0,0,0,0,0,0,0,0,0,0.44,1.411158408
108644.44,0.493749739,0.5,6236,37,0.630993906,32.9375,34.8125,35.45,0,0.018192255,0.14276902,0,0,20,0.5,0.104,5.5,50,1000,0.1,0.1,0.1,0.1,0.1,0.1,0.5,0,16828,0.049679106,0.01782743,0,0,0,0,0,0,0,0,0,0,0.44,1.411158408
108704.5,0.459540884,0.5,6236,37,0.4263,32.8125,34.75,36.25,0,0,0.25,0,0,20,0.5,0.104,5.5,50,1000,0.1,0.1,0.1,0.1,0.1,0.1,0.5,0,17317,0.04775654,0.01743951,0,0,0,0,0,0,0,0,0,0,5,1.411158408
108764.54,0.450706906,0.5,6236,37,0.2687,32.9375,34.8125,36.89,0,0,0.07,0,0,20,0.5,0.104,5.5,50,1000,0.1,0.1,0.1,0.1,0.1,0.1,0.5,0,15984,0.049674675,0.017892893,0,0,0,0,0,0,0,0,0,0,5,1.411158408
108824.58,0.468284341,0.5,6236,37,0.1061,33.0625,34.75,37.49,0,0,0.07,0,0,20,0.5,0.104,5.5,50,1000,0.1,0.1,0.1,0.1,0.1,0.1,0.5,0,17936,0.047446476,0.017395183,0,0,0,0,0,0,0,0,0,0,5,1.411158408
108884.65,0.493762908,0.5,6236,37,0.1241,33.125,34.8125,37.37,0,0,0.07,0,0,20,0.5,0.104,5.5,50,1000,0.1,0.1,0.1,0.1,0.1,0.1,0.5,0,17061,0.048707579,0.017642577,0,0,0,0,0,0,0,0,0,0,5,1.411158408
108944.72,0.47095673,0.5,6236,37,0.1183,33.0625,34.75,37.35,0,0,0.07,0,0,20,0.5,0.104,5.5,50,1000,0.1,0.1,0.1,0.1,0.1,0.1,0.5,0,17755,0.048324416,0.01745987,0,0,0,0,0,0,0,0,0,0,5,1.411158408
109004.78,0.499019636,0.5,6236,37,0.1552,33,34.8125,37.17,0,0,0.25,0,0,20,0.5,0.104,5.5,50,1000,0.1,0.1,0.1,0.1,0.1,0.1,0.5,0,17414,0.048811301,0.017629494,0,0,0,0,0,0,0,0,0,0,5,1.411158408
109064.81,0.518665789,0.5,6236,37,0.14,33.0625,34.8125,37.19,0,0,0.07,0,0,20,0.5,0.104,5.5,50,1000,0.1,0.1,0.1,0.1,0.1,0.1,0.5,0,18342,0.048086359,0.017500818,0,0,0,0,0,0,0,0,0,0,5,1.45644332
109124.88,0.497481936,0.5,6236,37,0.1982,33,34.8125,36.95,0,0,0.07,0,0,20,0.5,0.104,5.5,50,1000,0.1,0.1,0.1,0.1,0.1,0.1,0.5,0,17856,0.048891129,0.017753136,0,0,0,0,0,0,0,0,0,0,5,1.258519723
109184.94,0.511834087,0.5,6236,37,0.1708,33,34.8125,37.05,0,0,0.07,0,0,20,0.5,0.104,5.5,50,1000,0.1,0.1,0.1,0.1,0.1,0.1,0.5,0,17214,0.050307889,0.01806669,0,0,0,0,0,0,0,0,0,0,5,1.28091757
109245,0.519493238,0.5,6236,37,0.1504,33.0625,34.8125,37.11,0,0,0.07,0,0,20,0.5,0.104,5.5,50,1000,0.1,0.1,0.1,0.1,0.1,0.1,0.5,0,18692,0.048416435,0.017494115,0,0,0,0,0,0,0,0,0,0,5,1.2614315
109305.08,0.551500519,0.5,6236,37,0.11165,33.0625,34.8125,37.05,0,0,0,0,0,20,0.5,0.104,5.5,50,1000,0.1,0.1,0.1,0.1,0.1,0.1,0.5,0,18461,0.049022263,0.01760468,0,0,0,0,0,0,0,0,0,0,5,1.377726886
109365.15,0.562181201,0.5,6236,37,0.340475,33.0625,34.8125,36.71,0,0.02,0.15,0,0,20,0.5,0.104,5.5,50,1000,0.1,0.1,0.1,0.1,0.1,0.1,0.5,0,18959,0.048894984,0.017616963,0,0,0,0,0,0,0,0,0,0,0.44,1.377726886
109425.22,0.486228204,0.5,6236,37,0.628186457,32.9375,34.8125,35.45,0,0.018501306,0.144005224,0,0,20,0.5,0.104,5.5,50,1000,0.1,0.1,0.1,0.1,0.1,0.1,0.5,0,16397,0.051167897,0.018113069,0,0,0,0,0,0,0,0,0,0,0.44,1.377726886
109485.28,0.450445462,0.5,6236,37,0.4142,32.875,34.875,36.29,0,0,0.07,0,0,20,0.5,0.104,5.5,50,1000,0.1,0.1,0.1,0.1,0.1,0.1,0.5,0,17028,0.04868452,0.017618041,0,0,0,0,0,0,0,0,0,0,5,1.377726886
109545.35,0.474450425,0.5,6236,37,0.1791,32.9375,34.8125,37.21,0,0,0.07,0,0,20,0.5,0.104,5.5,50,1000,0.1,0.1,0.1,0.1,0.1,0.1,0.5,0,16489,0.049851416,0.017890715,0,0,0,0,0,0,0,0,0,0,5,1.377726886
109605.4,0.474327001,0.5,6236,37,0.1315,33.0625,34.75,37.35,0,0,0.25,0,0,20,0.5,0.104,5.5,50,1000,0.1,0.1,0.1,0.1,0.1,0.1,0.5,0,16093,0.05045672,0.018144535,0,0,0,0,0,0,0,0,0,0,5,1.377726886
109665.44,0.497402135,0.5,6236,37,0.1425,33.125,34.75,37.27,0,0,0.07,0,0,20,0.5,0.104,5.5,50,1000,0.1,0.1,0.1,0.1,0.1,0.1,0.5,0,16832,0.049904943,0.017942015,0,0,0,0,0,0,0,0,0,0,5,1.377726886
109725.51,0.486591493,0.5,6236,37,0.1565,33.1875,34.8125,37.19,0,0,0.07,0,0,20,0.5,0.104,5.5,50,1000,0.1,0.1,0.1,0.1,0.1,0.1,0.5,0,16920,0.049822695,0.018026005,0,0,0,0,0,0,0,0,0,0,5,1.377726886
109785.57,0.505774681,0.5,6236,37,0.2067,33.1875,34.8125,36.97,0,0,0.07,0,0,20,0.5,0.104,5.5,50,1000,0.1,0.1,0.1,0.1,0.1,0.1,0.5,0,17547,0.049239186,0.017894797,0,0,0,0,0,0,0,0,0,0,5,1.377726886
109845.61,0.518902024,0.5,6236,37,0.1501,33,34.75,37.17,0,0,0.07,0,0,20,0.5,0.104,5.5,50,1000,0.1,0.1,0.1,0.1,0.1,0.1,0.5,0,17873,0.049180328,0.01773625,0,0,0,0,0,0,0,0,0,0,5,1.385711976
109905.66,0.524747892,0.5,6236,37,0.1642,33.0625,34.6875,37.11,0,0,0.25,0,0,20,0.5,0.104,5.5,50,1000,0.1,0.1,0.1,0.1,0.1,0.1,0.5,0,17573,0.049963011,0.017868321,0,0,0,0,0,0,0,0,0,0,5,1.350034941
109965.71,0.540398832,0.5,6236,37,0.1299,33,34.75,37.21,0,0,0.07,0,0,20,0.5,0.104,5.5,50,1000,0.1,0.1,0.1,0.1,0.1,0.1,0.5,0,18606,0.049070192,0.017736214,0,0,0,0,0,0,0,0,0,0,5,1.370701703
110025.77,0.563601587,0.5,6236,37,0.301625,32.9375,34.6875,36.97,0,0.02,0.15,0,0,20,0.5,0.104,5.5,50,1000,0.1,0.1,0.1,0.1,0.1,0.1,0.5,0,18507,0.049440752,0.017831091,0,0,0,0,0,0,0,0,0,0,0.44,1.370701703
110085.82,0.507877718,0.5,6236,37,0.4895,32.875,34.75,36.15,0,0.02,0.15,0,0,20,0.5,0.104,5.5,50,1000,0.1,0.1,0.1,0.1,0.1,0.1,0.5,0,16910,0.050620934,0.018036665,0,0,0,0,0,0,0,0,0,0,0.44,1.370701703
110145.87,0.47134099,0.5,6236,37,0.5389,32.875,34.75,36.05,0,0.02,0.15,0,0,20,0.5,0.104,5.5,50,1000,0.1,0.1,0.1,0.1,0.1,0.1,0.5,0,17451,0.048249384,0.017649418,0,0,0,0,0,0,0,0,0,0,0.44,1.370701703
110205.93,0.433520722,0.5,6236,37,0.4135,32.875,34.75,36.39,0,0,0.25,0,0,20,0.5,0.104,5.5,50,1000,0.1,0.1,0.1,0.1,0.1,0.1,0.5,0,15603,0.049349484,0.017881177,0,0,0,0,0,0,0,0,0,0,5,1.370701703
110265.99,0.436904813,0.5,6236,37,0.2049,33,34.75,37.21,0,0,0.07,0,0,20,0.5,0.104,5.5,50,1000,0.1,0.1,0.1,0.1,0.1,0.1,0.5,0,16335,0.048484848,0.01775329,0,0,0,0,0,0,0,0,0,0,5,1.370701703
110326.06,0.448533167,0.5,6236,37,0.1096,33.1875,34.8125,37.53,0,0,0.07,0,0,20,0.5,0.104,5.5,50,1000,0.1,0.1,0.1,0.1,0.1,0.1,0.5,0,16642,0.04837159,0.017545968,0,0,0,0,0,0,0,0,0,0,5,1.370701703
110386.13,0.445555535,0.5,6236,37,0.1399,33.1875,34.8125,37.35,0,0,0.07,0,0,20,0.5,0.104,5.5,50,1000,0.1,0.1,0.1,0.1,0.1,0.1,0.5,0,16320,0.049509804,0.017892157,0,0,0,0,0,0,0,0,0,0,5,1.370701703
110446.2,0.456170398,0.5,6236,37,0.1338,33.25,34.8125,37.33,0,0,0.07,0,0,20,0.5,0.104,5.5,50,1000,0.1,0.1,0.1,0.1,0.1,0.1,0.5,0,17397,0.047824338,0.017416796,0,0,0,0,0,0,0,0,0,0,5,1.370701703
110506.24,0.480463041,0.5,6236,37,0.1557,33.25,34.8125,37.21,0,0,0.25,0,0,20,0.5,0.104,5.5,50,1000,0.1,0.1,0.1,0.1,0.1,0.1,0.5,0,16020,0.050436954,0.018102372,0,0,0,0,0,0,0,0,0,0,5,1.370701703
110566.29,0.47661871,0.5,6236,37,0.1783,33.25,34.8125,37.11,0,0,0.07,0,0,20,0.5,0.104,5.5,50,1000,0.1,0.1,0.1,0.1,0.1,0.1,0.5,0,16851,0.049670643,0.017862441,0,0,0,0,0,0,0,0,0,0,5,1.278066161
110626.36,0.492423772,0.5,6236,37,0.1358,33.25,34.8125,37.25,0,0,0.07,0,0,20,0.5,0.104,5.5,50,1000,0.1,0.1,0.1,0.1,0.1,0.1,0.5,0,17973,0.048294664,0.017526289,0,0,0,0,0,0,0,0,0,0,5,1.312031404
110686.43,0.503795113,0.5,6236,37,0.1436,33.1875,34.8125,37.19,0,0,0.07,0,0,20,0.5,0.104,5.5,50,1000,0.1,0.1,0.1,0.1,0.1,0.1,0.5,0,17626,0.048905027,0.017701123,0,0,0,0,0,0,0,0,0,0,5,1.314919808
110746.48,0.496898057,0.5,6236,37,0.14605,33.0625,34.875,37.19,0,0,0.07,0,0,20,0.5,0.104,5.5,50,1000,0.1,0.1,0.1,0.1,0.1,0.1,0.5,0,17839,0.049218005,0.01765794,0,0,0,0,0,0,0,0,0,0,5,1.207819495
110806.52,0.511429527,0.5,6236,37,0.14675,33,34.8125,37.21,0,0,0,0,0,20,0.5,0.104,5.5,50,1000,0.1,0.1,0.1,0.1,0.1,0.1,0.5,0,17487,0.0499228,0.017899011,0,0,0,0,0,0,0,0,0,0,5,1.23390325
110866.6,0.542313017,0.5,6236,37,0.15345,33,34.8125,37.19,0,0,0,0,0,20,0.5,0.104,5.5,50,1000,0.1,0.1,0.1,0.1,0.1,0.1,0.5,0,18412,0.048663915,0.017651532,0,0,0,0,0,0,0,0,0,0,5,1.348108764
110926.66,0.532365952,0.5,6236,37,0.12155,33,34.8125,37.17,0,0,0,0,0,20,0.5,0.104,5.5,50,1000,0.1,0.1,0.1,0.1,0.1,0.1,0.5,0,18275,0.049466484,0.017838577,0,0,0,0,0,0,0,0,0,0,5,1.225166654
110986.73,0.53888467,0.5,6236,37,0.17445,33,34.8125,37.05,0,0,0,0,0,20,0.5,0.104,5.5,50,1000,0.1,0.1,0.1,0.1,0.1,0.1,0.5,0,17763,0.050836007,0.018071272,0,0,0,0,0,0,0,0,0,0,5,1.200419656
111046.81,0.560978495,0.5,6236,37,0.15645,32.9375,34.8125,37.01,0,0,0,0,0,20,0.5,0.104,5.5,50,1000,0.1,0.1,0.1,0.1,0.1,0.1,0.5,0,18401,0.050486387,0.018096843,0,0,0,0,0,0,0,0,0,0,5,1.260941652
111106.86,0.550628171,0.5,6236,37,0.4079,32.875,34.75,36.39,0,0.02,0.25,0,0,20,0.5,0.104,5.5,50,1000,0.1,0.1,0.1,0.1,0.1,0.1,0.5,0,19276,0.048972816,0.01774227,0,0,0,0,0,0,0,0,0,0,0.44,1.260941652
111166.91,0.529827682,0.5,6236,37,0.5683,32.875,34.75,35.75,0,0.02,0.15,0,0,20,0.5,0.104,5.5,50,1000,0.1,0.1,0.1,0.1,0.1,0.1,0.5,0,17914,0.049681813,0.017863124,0,0,0,0,0,0,0,0,0,0,0.44,1.260941652
111226.95,0.454871351,0.5,6236,37,0.6588,32.875,34.75,35.47,0,0.02,0.15,0,0,20,0.5,0.104,5.5,50,1000,0.1,0.1,0.1,0.1,0.1,0.1,0.5,0,17020,0.049529965,0.017978848,0,0,0,0,0,0,0,0,0,0,0.44,1.260941652
111287,0.4211252,0.5,6236,37,0.53125,32.875,34.75,36.17,0,0,0.07,0,0,20,0.5,0.104,5.5,50,1000,0.1,0.1,0.1,0.1,0.1,0.1,0.5,0,15664,0.049731869,0.018003064,0,0,0,0,0,0,0,0,0,0,5,1.260941652
111347.06,0.426770105,0.5,6236,37,0.27655,32.875,34.6875,37.09,0,0,0.07,0,0,20,0.5,0.104,5.5,50,1000,0.1,0.1,0.1,0.1,0.1,0.1,0.5,0,17248,0.047541744,0.017625232,0,0,0,0,0,0,0,0,0,0,5,1.260941652
111407.11,0.439745558,0.5,6236,37,0.172,33.0625,34.75,37.29,0,0,0.25,0,0,20,0.5,0.104,5.5,50,1000,0.1,0.1,0.1,0.1,0.1,0.1,0.5,0,15906,0.049792531,0.017792028,0,0,0,0,0,0,0,0,0,0,5,1.260941652
111467.15,0.450668798,0.5,6236,37,0.13055,33.25,34.75,37.45,0,0,0.07,0,0,20,0.5,0.104,5.5,50,1000,0.1,0.1,0.1,0.1,0.1,0.1,0.5,0,16740,0.04874552,0.017622461,0,0,0,0,0,0,0,0,0,0,5,1.260941652
111527.22,0.450940199,0.5,6236,37,0.11145,33.0625,34.75,37.25,0,0,0.07,0,0,20,0.5,0.104,5.5,50,1000,0.1,0.1,0.1,0.1,0.1,0.1,0.5,0,15798,0.050512723,0.018103557,0,0,0,0,0,0,0,0,0,0,5,1.260941652
111587.29,0.47004939,0.5,6236,37,0.14565,33.125,34.75,37.17,0,0,0.07,0,0,20,0.5,0.104,5.5,50,1000,0.1,0.1,0.1,0.1,0.1,0.1,0.5,0,17070,0.048916227,0.017633275,0,0,0,0,0,0,0,0,0,0,5,1.260941652
111647.32,0.47188712,0.5,6236,37,0.11995,33.1875,34.75,37.27,0,0,0.07,0,0,20,0.5,0.104,5.5,50,1000,0.1,0.1,0.1,0.1,0.1,0.1,0.5,0,17168,0.049044734,0.017823858,0,0,0,0,0,0,0,0,0,0,5,1.209600658
111707.37,0.508626121,0.5,6236,37,0.149,33.125,34.8125,37.19,0,0,0.25,0,0,20,0.5,0.104,5.5,50,1000,0.1,0.1,0.1,0.1,0.1,0.1,0.5,0,18112,0.0482553,0.017502208,0,0,0,0,0,0,0,0,0,0,5,1.374040844
111767.42,0.510302656,0.5,6236,37,0.16735,33.125,34.75,37.19,0,0,0.07,0,0,20,0.5,0.104,5.5,50,1000,0.1,0.1,0.1,0.1,0.1,0.1,0.5,0,16962,0.049994104,0.01798137,0,0,0,0,0,0,0,0,0,0,5,1.315211147
111827.49,0.513239712,0.5,6236,37,0.13955,32.9375,34.8125,37.09,0,0,0.07,0,0,20,0.5,0.104,5.5,50,1000,0.1,0.1,0.1,0.1,0.1,0.1,0.5,0,16609,0.050936239,0.01830333,0,0,0,0,0,0,0,0,0,0,5,1.266667646
111887.57,0.500808293,0.5,6236,37,0.17505,33.0625,34.8125,37.05,0,0,0,0,0,20,0.5,0.104,5.5,50,1000,0.1,0.1,0.1,0.1,0.1,0.1,0.5,0,18425,0.048955224,0.017747626,0,0,0,0,0,0,0,0,0,0,5,1.129775367
111947.63,0.52946568,0.5,6236,37,0.11435,33.0625,34.8125,37.05,0,0,0,0,0,20,0.5,0.104,5.5,50,1000,0.1,0.1,0.1,0.1,0.1,0.1,0.5,0,18142,0.04938816,0.01774887,0,0,0,0,0,0,0,0,0,0,5,1.240221503
112007.68,0.538072618,0.5,6236,37,0.12275,33.0625,34.8125,37.13,0,0,0,0,0,20,0.5,0.104,5.5,50,1000,0.1,0.1,0.1,0.1,0.1,0.1,0.5,0,17851,0.049969189,0.017926167,0,0,0,0,0,0,0,0,0,0,5,1.226585975
112067.76,0.545752769,0.5,6236,37,0.13445,33,34.8125,36.93,0,0,0,0,0,20,0.5,0.104,5.5,50,1000,0.1,0.1,0.1,0.1,0.1,0.1,0.5,0,19644,0.048309917,0.017511708,0,0,0,0,0,0,0,0,0,0,5,1.207774296
112127.84,0.555255753,0.5,6236,37,0.3627,33,34.75,36.61,0,0.02,0.15,0,0,20,0.5,0.104,5.5,50,1000,0.1,0.1,0.1,0.1,0.1,0.1,0.5,0,18275,0.050068399,0.017838577,0,0,0,0,0,0,0,0,0,0,0.44,1.207774296
112187.91,0.495959661,0.5,6236,37,0.440054122,32.75,34.8125,36.31,0,0.019059532,0.146238127,0,0,20,0.5,0.104,5.5,50,1000,0.1,0.1,0.1,0.1,0.1,0.1,0.5,0,17273,0.050309732,0.018004979,0,0,0,0,0,0,0,0,0,0,0.44,1.207774296
112247.97,0.454484407,0.5,6236,37,0.589508871,32.875,34.8125,36.01,0,0,0.07,0,0,20,0.5,0.104,5.5,50,1000,0.1,0.1,0.1,0.1,0.1,0.1,0.5,0,17091,0.048914633,0.017728629,0,0,0,0,0,0,0,0,0,0,5,1.207774296
112308.01,0.449497616,0.5,6236,37,0.27,32.875,34.75,36.85,0,0,0.25,0,0,20,0.5,0.104,5.5,50,1000,0.1,0.1,0.1,0.1,0.1,0.1,0.5,0,16650,0.049429429,0.017897898,0,0,0,0,0,0,0,0,0,0,5,1.207774296
112368.08,0.487734355,0.5,6236,37,0.16095,32.9375,34.6875,37.21,0,0,0.07,0,0,20,0.5,0.104,5.5,50,1000,0.1,0.1,0.1,0.1,0.1,0.1,0.5,0,17798,0.048207664,0.017586246,0,0,0,0,0,0,0,0,0,0,5,1.207774296
112428.12,0.473362981,0.5,6236,37,0.13075,33,34.75,37.13,0,0,0.07,0,0,20,0.5,0.104,5.5,50,1000,0.1,0.1,0.1,0.1,0.1,0.1,0.5,0,17223,0.049759043,0.017825001,0,0,0,0,0,0,0,0,0,0,5,1.207774296
112488.16,0.492391653,0.5,6236,37,0.12255,33.0625,34.75,37.19,0,0,0.07,0,0,20,0.5,0.104,5.5,50,1000,0.1,0.1,0.1,0.1,0.1,0.1,0.5,0,17423,0.049417437,0.017792573,0,0,0,0,0,0,0,0,0,0,5,1.207774296
112548.21,0.512705073,0.5,6236,37,0.17035,33.0625,34.75,37.27,0,0,0.07,0,0,20,0.5,0.104,5.5,50,1000,0.1,0.1,0.1,0.1,0.1,0.1,0.5,0,17761,0.049490457,0.017904397,0,0,0,0,0,0,0,0,0,0,5,1.207774296
112608.28,0.50574747,0.5,6236,37,0.2107,33,34.75,36.93,0,0,0.25,0,0,20,0.5,0.104,5.5,50,1000,0.1,0.1,0.1,0.1,0.1,0.1,0.5,0,17573,0.04973539,0.01775451,0,0,0,0,0,0,0,0,0,0,5,1.10639568
112668.34,0.533912585,0.5,6236,37,0.14815,33,34.75,37.29,0,0,0.07,0,0,20,0.5,0.104,5.5,50,1000,0.1,0.1,0.1,0.1,0.1,0.1,0.5,0,16678,0.051564936,0.018407483,0,0,0,0,0,0,0,0,0,0,5,1.213659859
112728.38,0.547416673,0.5,6236,37,0.13365,32.9375,34.75,37.19,0,0,0.07,0,0,20,0.5,0.104,5.5,50,1000,0.1,0.1,0.1,0.1,0.1,0.1,0.5,0,18487,0.049548331,0.017796289,0,0,0,0,0,0,0,0,0,0,5,1.227911246
112788.46,0.550652756,0.5,6236,37,0.359,33,34.75,36.69,0,0.02,0.15,0,0,20,0.5,0.104,5.5,50,1000,0.1,0.1,0.1,0.1,0.1,0.1,0.5,0,19431,0.048273378,0.017549277,0,0,0,0,0,0,0,0,0,0,0.44,1.227911246
112848.52,0.495084261,0.5,6236,37,0.658155722,32.875,34.75,35.37,0,0.018487562,0.143950249,0,0,20,0.5,0.104,5.5,50,1000,0.1,0.1,0.1,0.1,0.1,0.1,0.5,0,17188,0.050209448,0.018094019,0,0,0,0,0,0,0,0,0,0,0.44,1.227911246
112908.59,0.451353876,0.5,6236,37,0.3829,32.75,34.8125,36.45,0,0,0.25,0,0,20,0.5,0.104,5.5,50,1000,0.1,0.1,0.1,0.1,0.1,0.1,0.5,0,16725,0.04896861,0.017757848,0,0,0,0,0,0,0,0,0,0,5,1.227911246
112968.64,0.476017021,0.5,6236,37,0.22155,32.9375,34.75,37.19,0,0,0.07,0,0,20,0.5,0.104,5.5,50,1000,0.1,0.1,0.1,0.1,0.1,0.1,0.5,0,16300,0.04993865,0.01797546,0,0,0,0,0,0,0,0,0,0,5,1.227911246
113028.7,0.463174449,0.5,6236,37,0.12165,32.9375,34.75,37.33,0,0,0.07,0,0,20,0.5,0.104,5.5,50,1000,0.1,0.1,0.1,0.1,0.1,0.1,0.5,0,16625,0.049443609,0.017924812,0,0,0,0,0,0,0,0,0,0,5,1.227911246
113088.76,0.469838392,0.5,6236,37,0.08695,33.125,34.8125,37.09,0,0,0.07,0,0,20,0.5,0.104,5.5,50,1000,0.1,0.1,0.1,0.1,0.1,0.1,0.5,0,16448,0.050826848,0.018178502,0,0,0,0,0,0,0,0,0,0,5,1.227911246
113148.79,0.504064354,0.5,6236,37,0.12795,33.125,34.75,37.19,0,0,0.07,0,0,20,0.5,0.104,5.5,50,1000,0.1,0.1,0.1,0.1,0.1,0.1,0.5,0,17142,0.049585813,0.017850893,0,0,0,0,0,0,0,0,0,0,5,1.227911246
113208.84,0.498723318,0.5,6236,37,0.1894,33.125,34.8125,37.05,0,0,0.25,0,0,20,0.5,0.104,5.5,50,1000,0.1,0.1,0.1,0.1,0.1,0.1,0.5,0,17452,0.04956452,0.017820307,0,0,0,0,0,0,0,0,0,0,5,1.227911246
113268.88,0.495579689,0.5,6236,37,0.12505,33.125,34.75,37.19,0,0,0.07,0,0,20,0.5,0.104,5.5,50,1000,0.1,0.1,0.1,0.1,0.1,0.1,0.5,0,17083,0.050518059,0.018263771,0,0,0,0,0,0,0,0,0,0,5,1.147545777
113328.94,0.530220976,0.5,6236,37,0.14525,33.0625,34.8125,37.03,0,0,0.07,0,0,20,0.5,0.104,5.5,50,1000,0.1,0.1,0.1,0.1,0.1,0.1,0.5,0,18203,0.049112784,0.017689392,0,0,0,0,0,0,0,0,0,0,5,1.292865555
113389,0.5172853,0.5,6236,37,0.12485,33.125,34.8125,37.13,0,0,0.07,0,0,20,0.5,0.104,5.5,50,1000,0.1,0.1,0.1,0.1,0.1,0.1,0.5,0,18714,0.048893876,0.017687293,0,0,0,0,0,0,0,0,0,0,5,1.154124394
113449.03,0.546849894,0.5,6236,37,0.15005,33.0625,34.8125,37.19,0,0,0.07,0,0,20,0.5,0.104,5.5,50,1000,0.1,0.1,0.1,0.1,0.1,0.1,0.5,0,17951,0.050359311,0.017937719,0,0,0,0,0,0,0,0,0,0,5,1.263157535
113509.06,0.547621707,0.5,6236,37,0.367575,32.9375,34.8125,36.63,0,0.02,0.25,0,0,20,0.5,0.104,5.5,50,1000,0.1,0.1,0.1,0.1,0.1,0.1,0.5,0,18609,0.049653394,0.01784083,0,0,0,0,0,0,0,0,0,0,0.44,1.263157535
113569.1,0.514833162,0.5,6236,37,0.519,32.875,34.75,36.01,0,0.02,0.15,0,0,20,0.5,0.104,5.5,50,1000,0.1,0.1,0.1,0.1,0.1,0.1,0.5,0,17196,0.050476855,0.018143754,0,0,0,0,0,0,0,0,0,0,0.44,1.263157535
113629.16,0.455655153,0.5,6236,37,0.6295,32.875,34.75,35.63,0,0.02,0.15,0,0,20,0.5,0.104,5.5,50,1000,0.1,0.1,0.1,0.1,0.1,0.1,0.5,0,16577,0.050190022,0.01791639,0,0,0,0,0,0,0,0,0,0,0.44,1.263157535
113689.23,0.424050206,0.5,6236,37,0.55975,32.9375,34.8125,36.31,0,0,0.07,0,0,20,0.5,0.104,5.5,50,1000,0.1,0.1,0.1,0.1,0.1,0.1,0.5,0,16170,0.048917749,0.017687075,0,0,0,0,0,0,0,0,0,0,5,1.263157535
113749.31,0.428247322,0.5,6236,37,0.21275,33.0625,34.75,37.09,0,0,0.07,0,0,20,0.5,0.104,5.5,50,1000,0.1,0.1,0.1,0.1,0.1,0.1,0.5,0,15484,0.049857918,0.018083183,0,0,0,0,0,0,0,0,0,0,5,1.263157535
113809.35,0.443738241,0.5,6236,37,0.1935,33.1875,34.75,37.21,0,0,0.25,0,0,20,0.5,0.104,5.5,50,1000,0.1,0.1,0.1,0.1,0.1,0.1,0.5,0,16320,0.049080882,0.01752451,0,0,0,0,0,0,0,0,0,0,5,1.263157535
113869.4,0.447978993,0.5,6236,37,0.16915,33.1875,34.6875,37.41,0,0,0.07,0,0,20,0.5,0.104,5.5,50,1000,0.1,0.1,0.1,0.1,0.1,0.1,0.5,0,16699,0.049164621,0.017665728,0,0,0,0,0,0,0,0,0,0,5,1.263157535
113929.47,0.448323443,0.5,6236,37,0.09095,33.25,34.6875,37.41,0,0,0.07,0,0,20,0.5,0.104,5.5,50,1000,0.1,0.1,0.1,0.1,0.1,0.1,0.5,0,16396,0.049158331,0.017809222,0,0,0,0,0,0,0,0,0,0,5,1.263157535
113989.55,0.440438008,0.5,6236,37,0.12365,33.1875,34.625,37.19,0,0,0.07,0,0,20,0.5,0.104,5.5,50,1000,0.1,0.1,0.1,0.1,0.1,0.1,0.5,0,16948,0.049150342,0.017760208,0,0,0,0,0,0,0,0,0,0,5,1.263157535
114049.62,0.471784444,0.5,6236,37,0.09845,33.125,34.625,37.27,0,0,0.07,0,0,20,0.5,0.104,5.5,50,1000,0.1,0.1,0.1,0.1,0.1,0.1,0.5,0,17363,0.048839486,0.017796464,0,0,0,0,0,0,0,0,0,0,5,1.406257128
114109.66,0.494454001,0.5,6236,37,0.2288,33.0625,34.625,36.89,0,0,0.25,0,0,20,0.5,0.104,5.5,50,1000,0.1,0.1,0.1,0.1,0.1,0.1,0.5,0,17701,0.048528332,0.017400147,0,0,0,0,0,0,0,0,0,0,5,1.476740061
114169.7,0.478546981,0.5,6236,37,0.10325,33,34.6875,37.33,0,0,0.07,0,0,20,0.5,0.104,5.5,50,1000,0.1,0.1,0.1,0.1,0.1,0.1,0.5,0,17438,0.049317582,0.01789196,0,0,0,0,0,0,0,0,0,0,5,1.304803853
114229.78,0.499118249,0.5,6236,37,0.11365,33,34.6875,37.27,0,0,0.07,0,0,20,0.5,0.104,5.5,50,1000,0.1,0.1,0.1,0.1,0.1,0.1,0.5,0,17726,0.049306104,0.017883335,0,0,0,0,0,0,0,0,0,0,5,1.365829611
114289.84,0.514087717,0.5,6236,37,0.15505,33,34.6875,37.13,0,0,0,0,0,20,0.5,0.104,5.5,50,1000,0.1,0.1,0.1,0.1,0.1,0.1,0.5,0,17787,0.049586777,0.017822005,0,0,0,0,0,0,0,0,0,0,5,1.38619073
114349.88,0.525880903,0.5,6236,37,0.10285,32.875,34.75,37.11,0,0,0,0,0,20,0.5,0.104,5.5,50,1000,0.1,0.1,0.1,0.1,0.1,0.1,0.5,0,17874,0.049737048,0.017903099,0,0,0,0,0,0,0,0,0,0,5,1.384923775
114409.92,0.532668997,0.5,6236,37,0.11805,33,34.75,37.11,0,0,0,0,0,20,0.5,0.104,5.5,50,1000,0.1,0.1,0.1,0.1,0.1,0.1,0.5,0,18646,0.049233079,0.017644535,0,0,0,0,0,0,0,0,0,0,5,1.354153919
114469.99,0.563028026,0.5,6236,37,0.14475,32.875,34.75,36.97,0,0,0,0,0,20,0.5,0.104,5.5,50,1000,0.1,0.1,0.1,0.1,0.1,0.1,0.5,0,17940,0.050557414,0.018004459,0,0,0,0,0,0,0,0,0,0,5,1.45273381
114530.07,0.537190987,0.5,6236,37,0.09965,32.875,34.75,36.81,0,0,0,0,0,20,0.5,0.104,5.5,50,1000,0.1,0.1,0.1,0.1,0.1,0.1,0.5,0,19216,0.049229808,0.017641549,0,0,0,0,0,0,0,0,0,0,5,1.239169956
114590.11,0.560489112,0.5,6236,37,0.17285,32.875,34.75,36.85,0,0,0,0,0,20,0.5,0.104,5.5,50,1000,0.1,0.1,0.1,0.1,0.1,0.1,0.5,0,19170,0.049660929,0.017788211,0,0,0,0,0,0,0,0,0,0,5,1.304579848
114650.19,0.580433643,0.5,6236,37,0.4507,32.8125,34.75,36.17,0,0.02,0.15,0,0,20,0.5,0.104,5.5,50,1000,0.1,0.1,0.1,0.1,0.1,0.1,0.5,0,19129,0.049819646,0.017878614,0,0,0,0,0,0,0,0,0,0,0.44,1.304579848
114710.25,0.526542021,0.5,6236,37,0.5554,32.75,34.75,35.81,0,0.02,0.25,0,0,20,0.5,0.104,5.5,50,1000,0.1,0.1,0.1,0.1,0.1,0.1,0.5,0,17180,0.051280559,0.018160652,0,0,0,0,0,0,0,0,0,0,0.44,1.304579848
114770.31,0.447178048,0.5,6236,37,0.55175,32.8125,34.8125,36.31,0,0.001880214,0.077520855,0,0,20,0.5,0.104,5.5,50,1000,0.1,0.1,0.1,0.1,0.1,0.1,0.5,0,17725,0.048801128,0.017602257,0,0,0,0,0,0,0,0,0,0,0.44,1.304579848
114830.39,0.463033799,0.5,6236,37,0.35411119,32.875,34.75,36.55,0,0.004141042,0.086564169,0,0,20,0.5,0.104,5.5,50,1000,0.1,0.1,0.1,0.1,0.1,0.1,0.5,0,16072,0.050647088,0.018230463,0,0,0,0,0,0,0,0,0,0,0.44,1.304579848
114890.42,0.448868819,0.5,6236,37,0.287418681,32.9375,34.75,36.95,0,0,0.07,0,0,20,0.5,0.104,5.5,50,1000,0.1,0.1,0.1,0.1,0.1,0.1,0.5,0,16886,0.049153145,0.017706976,0,0,0,0,0,0,0,0,0,0,5,1.304579848
114950.49,0.453306756,0.5,6236,37,0.15505,33,34.8125,37.27,0,0,0.07,0,0,20,0.5,0.104,5.5,50,1000,0.1,0.1,0.1,0.1,0.1,0.1,0.5,0,16113,0.050580277,0.018122013,0,0,0,0,0,0,0,0,0,0,5,1.304579848
115010.52,0.444416806,0.5,6236,37,0.1546,33.1875,34.75,37.29,0,0,0.25,0,0,20,0.5,0.104,5.5,50,1000,0.1,0.1,0.1,0.1,0.1,0.1,0.5,0,16384,0.050292969,0.018005371,0,0,0,0,0,0,0,0,0,0,5,1.304579848
115070.57,0.46821225,0.5,6236,37,0.13435,33.125,34.8125,37.21,0,0,0.07,0,0,20,0.5,0.104,5.5,50,1000,0.1,0.1,0.1,0.1,0.1,0.1,0.5,0,17936,0.04867306,0.01750669,0,0,0,0,0,0,0,0,0,0,5,1.304579848
115130.64,0.486135099,0.5,6236,37,0.12415,33.125,34.75,37.33,0,0,0.07,0,0,20,0.5,0.104,5.5,50,1000,0.1,0.1,0.1,0.1,0.1,0.1,0.5,0,17916,0.048392498,0.017526234,0,0,0,0,0,0,0,0,0,0,5,1.304579848
115190.71,0.492101816,0.5,6236,37,0.15605,33.125,34.75,37.21,0,0,0.07,0,0,20,0.5,0.104,5.5,50,1000,0.1,0.1,0.1,0.1,0.1,0.1,0.5,0,17472,0.049507784,0.017799908,0,0,0,0,0,0,0,0,0,0,5,1.304579848
115250.74,0.504059014,0.5,6236,37,0.10965,33.0625,34.75,37.03,0,0,0.07,0,0,20,0.5,0.104,5.5,50,1000,0.1,0.1,0.1,0.1,0.1,0.1,0.5,0,17577,0.049951641,0.017921147,0,0,0,0,0,0,0,0,0,0,5,1.311373997
115310.78,0.513093802,0.5,6236,37,0.1773,33,34.75,37.03,0,0,0.25,0,0,20,0.5,0.104,5.5,50,1000,0.1,0.1,0.1,0.1,0.1,0.1,0.5,0,17787,0.049980323,0.017822005,0,0,0,0,0,0,0,0,0,0,5,1.299101278
115370.83,0.510804935,0.5,6236,37,0.16095,33.0625,34.75,37.11,0,0,0.07,0,0,20,0.5,0.104,5.5,50,1000,0.1,0.1,0.1,0.1,0.1,0.1,0.5,0,17648,0.05037398,0.017962375,0,0,0,0,0,0,0,0,0,0,5,1.220733531
115430.92,0.517070005,0.5,6236,37,0.10255,32.9375,34.75,36.93,0,0,0.07,0,0,20,0.5,0.104,5.5,50,1000,0.1,0.1,0.1,0.1,0.1,0.1,0.5,0,18147,0.050035819,0.017854191,0,0,0,0,0,0,0,0,0,0,5,1.196268316
115490.96,0.533013673,0.5,6236,37,0.18465,32.9375,34.6875,37.03,0,0,0,0,0,20,0.5,0.104,5.5,50,1000,0.1,0.1,0.1,0.1,0.1,0.1,0.5,0,18359,0.050601885,0.018083774,0,0,0,0,0,0,0,0,0,0,5,1.227561315
115551.02,0.547864307,0.5,6236,37,0.15075,32.9375,34.6875,37.11,0,0,0,0,0,20,0.5,0.104,5.5,50,1000,0.1,0.1,0.1,0.1,0.1,0.1,0.5,0,17949,0.051367764,0.018218285,0,0,0,0,0,0,0,0,0,0,5,1.248624943
115611.06,0.568155824,0.5,6236,37,0.486825,32.875,34.6875,36.05,0,0.02,0.25,0,0,20,0.5,0.104,5.5,50,1000,0.1,0.1,0.1,0.1,0.1,0.1,0.5,0,19294,0.049341764,0.017673888,0,0,0,0,0,0,0,0,0,0,0.44,1.248624943
115671.12,0.496476707,0.5,6236,37,0.592425,32.8125,34.6875,35.69,0,0.02,0.15,0,0,20,0.5,0.104,5.5,50,1000,0.1,0.1,0.1,0.1,0.1,0.1,0.5,0,17299,0.050754379,0.018093531,0,0,0,0,0,0,0,0,0,0,0.44,1.248624943
115731.18,0.455162054,0.5,6236,37,0.526075,32.6875,34.75,36.25,0,0,0.07,0,0,20,0.5,0.104,5.5,50,1000,0.1,0.1,0.1,0.1,0.1,0.1,0.5,0,15981,0.051373506,0.018271698,0,0,0,0,0,0,0,0,0,0,5,1.248624943
115791.26,0.479672635,0.5,6236,37,0.24695,32.8125,34.6875,36.95,0,0,0.07,0,0,20,0.5,0.104,5.5,50,1000,0.1,0.1,0.1,0.1,0.1,0.1,0.5,0,17386,0.049119982,0.017657886,0,0,0,0,0,0,0,0,0,0,5,1.248624943
115851.33,0.47319473,0.5,6236,37,0.15915,32.875,34.75,37.25,0,0,0.07,0,0,20,0.5,0.104,5.5,50,1000,0.1,0.1,0.1,0.1,0.1,0.1,0.5,0,16972,0.049846807,0.017911855,0,0,0,0,0,0,0,0,0,0,5,1.248624943
115911.37,0.4920646,0.5,6236,37,0.1738,33,34.75,37.17,0,0,0.25,0,0,20,0.5,0.104,5.5,50,1000,0.1,0.1,0.1,0.1,0.1,0.1,0.5,0,18577,0.047908704,0.017548582,0,0,0,0,0,0,0,0,0,0,5,1.248624943
115971.41,0.51283866,0.5,6236,37,0.18185,33,34.75,37.17,0,0,0.07,0,0,20,0.5,0.104,5.5,50,1000,0.1,0.1,0.1,0.1,0.1,0.1,0.5,0,17349,0.050031702,0.017926105,0,0,0,0,0,0,0,0,0,0,5,1.248624943
116031.46,0.507468056,0.5,6236,37,0.07515,33.125,34.75,37.35,0,0,0.07,0,0,20,0.5,0.104,5.5,50,1000,0.1,0.1,0.1,0.1,0.1,0.1,0.5,0,18455,0.048929829,0.017772961,0,0,0,0,0,0,0,0,0,0,5,1.248624943
116091.51,0.516889914,0.5,6236,37,0.14175,33.0625,34.75,37.11,0,0,0.07,0,0,20,0.5,0.104,5.5,50,1000,0.1,0.1,0.1,0.1,0.1,0.1,0.5,0,17017,0.05118411,0.018334607,0,0,0,0,0,0,0,0,0,0,5,1.24138216
116151.56,0.521260512,0.5,6236,37,0.12515,33.0625,34.8125,36.87,0,0,0.07,0,0,20,0.5,0.104,5.5,50,1000,0.1,0.1,0.1,0.1,0.1,0.1,0.5,0,19131,0.048664471,0.017510846,0,0,0,0,0,0,0,0,0,0,5,1.20457311
116211.61,0.539369079,0.5,6236,37,0.2193,33.0625,34.75,36.85,0,0,0.25,0,0,20,0.5,0.104,5.5,50,1000,0.1,0.1,0.1,0.1,0.1,0.1,0.5,0,17680,0.0510181,0.018156109,0,0,0,0,0,0,0,0,0,0,5,1.246794888
116271.65,0.537009684,0.5,6236,37,0.17915,33,34.75,36.95,0,0,0.07,0,0,20,0.5,0.104,5.5,50,1000,0.1,0.1,0.1,0.1,0.1,0.1,0.5,0,19282,0.049579919,0.017788611,0,0,0,0,0,0,0,0,0,0,5,1.171303277
116331.73,0.551111713,0.5,6236,37,0.11375,33,34.8125,37.09,0,0,0,0,0,20,0.5,0.104,5.5,50,1000,0.1,0.1,0.1,0.1,0.1,0.1,0.5,0,19764,0.049028537,0.017708966,0,0,0,0,0,0,0,0,0,0,5,1.190502331
116391.78,0.575911292,0.5,6236,37,0.09805,32.9375,34.8125,37.09,0,0.02,0.15,0,0,20,0.5,0.104,5.5,50,1000,0.1,0.1,0.1,0.1,0.1,0.1,0.5,0,17916,0.051908908,0.018363474,0,0,0,0,0,0,0,0,0,0,0.44,1.190502331
116451.85,0.504961461,0.5,6236,37,0.498425,32.8125,34.75,36.29,0,0.02,0.15,0,0,20,0.5,0.104,5.5,50,1000,0.1,0.1,0.1,0.1,0.1,0.1,0.5,0,17415,0.050760838,0.018260121,0,0,0,0,0,0,0,0,0,0,0.44,1.190502331
116511.91,0.459842819,0.5,6236,37,0.500576555,32.8125,34.8125,36.23,0,0.017009257,0.25,0,0,20,0.5,0.104,5.5,50,1000,0.1,0.1,0.1,0.1,0.1,0.1,0.5,0,16881,0.049878562,0.017830697,0,0,0,0,0,0,0,0,0,0,0.44,1.190502331
116571.97,0.426262388,0.5,6236,37,0.516576093,32.8125,34.75,36.25,0,0,0.07,0,0,20,0.5,0.104,5.5,50,1000,0.1,0.1,0.1,0.1,0.1,0.1,0.5,0,17191,0.048048397,0.017567332,0,0,0,0,0,0,0,0,0,0,5,1.190502331
116632.02,0.438056026,0.5,6236,37,0.25575,33.0625,34.8125,37.09,0,0,0.07,0,0,20,0.5,0.104,5.5,50,1000,0.1,0.1,0.1,0.1,0.1,0.1,0.5,0,15645,0.050495366,0.018088846,0,0,0,0,0,0,0,0,0,0,5,1.190502331
116692.09,0.442755694,0.5,6236,37,0.15145,33.125,34.8125,37.41,0,0,0.07,0,0,20,0.5,0.104,5.5,50,1000,0.1,0.1,0.1,0.1,0.1,0.1,0.5,0,15729,0.050734312,0.017928667,0,0,0,0,0,0,0,0,0,0,5,1.190502331
116752.14,0.463168585,0.5,6236,37,0.10415,33.25,34.8125,37.45,0,0,0.07,0,0,20,0.5,0.104,5.5,50,1000,0.1,0.1,0.1,0.1,0.1,0.1,0.5,0,16954,0.049073965,0.017753922,0,0,0,0,0,0,0,0,0,0,5,1.190502331
116812.21,0.459138615,0.5,6236,37,0.1976,33.1875,34.8125,37.13,0,0,0.25,0,0,20,0.5,0.104,5.5,50,1000,0.1,0.1,0.1,0.1,0.1,0.1,0.5,0,16808,0.049619229,0.017729653,0,0,0,0,0,0,0,0,0,0,5,1.190502331
116872.26,0.47528026,0.5,6236,37,0.10025,33.0625,34.75,37.43,0,0,0.07,0,0,20,0.5,0.104,5.5,50,1000,0.1,0.1,0.1,0.1,0.1,0.1,0.5,0,16707,0.050098761,0.017836835,0,0,0,0,0,0,0,0,0,0,5,1.190502331
116932.3,0.475652294,0.5,6236,37,0.12355,33.3125,34.8125,37.43,0,0,0.07,0,0,20,0.5,0.104,5.5,50,1000,0.1,0.1,0.1,0.1,0.1,0.1,0.5,0,16472,0.05093492,0.018152016,0,0,0,0,0,0,0,0,0,0,5,1.133324598
116992.36,0.493026346,0.5,6236,37,0.12895,33.25,34.75,37.21,0,0,0.07,0,0,20,0.5,0.104,5.5,50,1000,0.1,0.1,0.1,0.1,0.1,0.1,0.5,0,17465,0.050042943,0.018036072,0,0,0,0,0,0,0,0,0,0,5,1.184284868
117052.41,0.514397107,0.5,6236,37,0.08965,33.1875,34.75,37.21,0,0,0.07,0,0,20,0.5,0.104,5.5,50,1000,0.1,0.1,0.1,0.1,0.1,0.1,0.5,0,17207,0.050502702,0.01807404,0,0,0,0,0,0,0,0,0,0,5,1.252369434
117112.45,0.523818035,0.5,6236,37,0.1791,33.0625,34.75,37.03,0,0,0.25,0,0,20,0.5,0.104,5.5,50,1000,0.1,0.1,0.1,0.1,0.1,0.1,0.5,0,17857,0.049616397,0.017808142,0,0,0,0,0,0,0,0,0,0,5,1.244197407
117172.5,0.514804344,0.5,6236,37,0.15745,32.9375,34.6875,37.27,0,0,0,0,0,20,0.5,0.104,5.5,50,1000,0.1,0.1,0.1,0.1,0.1,0.1,0.5,0,17958,0.05011694,0.018042098,0,0,0,0,0,0,0,0,0,0,5,1.129915189
117232.57,0.541510928,0.5,6236,37,0.10645,32.9375,34.6875,37.25,0,0,0,0,0,20,0.5,0.104,5.5,50,1000,0.1,0.1,0.1,0.1,0.1,0.1,0.5,0,19149,0.048514283,0.017546608,0,0,0,0,0,0,0,0,0,0,5,1.225148428
117292.64,0.571414996,0.5,6236,37,0.19315,32.9375,34.75,37.27,0,0.02,0.15,0,0,20,0.5,0.104,5.5,50,1000,0.1,0.1,0.1,0.1,0.1,0.1,0.5,0,19451,0.048737854,0.017479821,0,0,0,0,0,0,0,0,0,0,0.44,1.225148428
117352.67,0.491503549,0.5,6236,37,0.44615,32.8125,34.75,36.33,0,0.02,0.15,0,0,20,0.5,0.104,5.5,50,1000,0.1,0.1,0.1,0.1,0.1,0.1,0.5,0,17990,0.049027237,0.017732073,0,0,0,0,0,0,0,0,0,0,0.44,1.225148428
117412.72,0.457423131,0.5,6236,37,0.4546,32.875,34.75,36.15,0,0,0.25,0,0,20,0.5,0.104,5.5,50,1000,0.1,0.1,0.1,0.1,0.1,0.1,0.5,0,16563,0.049809817,0.017690032,0,0,0,0,0,0,0,0,0,0,5,1.225148428
117472.78,0.452669833,0.5,6236,37,0.23945,32.9375,34.75,37.03,0,0,0.07,0,0,20,0.5,0.104,5.5,50,1000,0.1,0.1,0.1,0.1,0.1,0.1,0.5,0,15255,0.051982956,0.018551295,0,0,0,0,0,0,0,0,0,0,5,1.225148428
117532.82,0.452923121,0.5,6236,37,0.13985,33,34.8125,37.29,0,0,0.07,0,0,20,0.5,0.104,5.5,50,1000,0.1,0.1,0.1,0.1,0.1,0.1,0.5,0,16319,0.050677125,0.018077088,0,0,0,0,0,0,0,0,0,0,5,1.225148428
117592.9,0.459822051,0.5,6236,37,0.10635,33.1875,34.8125,37.25,0,0,0.07,0,0,20,0.5,0.104,5.5,50,1000,0.1,0.1,0.1,0.1,0.1,0.1,0.5,0,17504,0.049303016,0.017653108,0,0,0,0,0,0,0,0,0,0,5,1.225148428
117652.97,0.482450092,0.5,6236,37,0.11765,33.125,34.75,37.25,0,0,0.07,0,0,20,0.5,0.104,5.5,50,1000,0.1,0.1,0.1,0.1,0.1,0.1,0.5,0,17024,0.050340695,0.018033365,0,0,0,0,0,0,0,0,0,0,5,1.225148428
117713.05,0.4890445,0.5,6236,37,0.2094,33.125,34.8125,36.97,0,0,0.25,0,0,20,0.5,0.104,5.5,50,1000,0.1,0.1,0.1,0.1,0.1,0.1,0.5,0,17221,0.050403577,0.018001278,0,0,0,0,0,0,0,0,0,0,5,1.225148428
117773.1,0.497634736,0.5,6236,37,0.10915,33.125,34.75,37.21,0,0,0.07,0,0,20,0.5,0.104,5.5,50,1000,0.1,0.1,0.1,0.1,0.1,0.1,0.5,0,18357,0.049027619,0.017649943,0,0,0,0,0,0,0,0,0,0,5,1.216129583
117833.14,0.535744348,0.5,6236,37,0.10075,33,34.75,37.17,0,0,0.07,0,0,20,0.5,0.104,5.5,50,1000,0.1,0.1,0.1,0.1,0.1,0.1,0.5,0,17949,0.050086356,0.017828291,0,0,0,0,0,0,0,0,0,0,5,1.376695317
117893.21,0.523707598,0.5,6236,37,0.12975,33.0625,34.75,37.05,0,0,0.07,0,0,20,0.5,0.104,5.5,50,1000,0.1,0.1,0.1,0.1,0.1,0.1,0.5,0,17884,0.050324312,0.017949005,0,0,0,0,0,0,0,0,0,0,5,1.239689826
117953.27,0.535403586,0.5,6236,37,0.18645,33.0625,34.8125,36.79,0,0,0.07,0,0,20,0.5,0.104,5.5,50,1000,0.1,0.1,0.1,0.1,0.1,0.1,0.5,0,17405,0.05147946,0.018385521,0,0,0,0,0,0,0,0,0,0,5,1.243967295
118013.32,0.553724852,0.5,6236,37,0.15195,33,34.8125,36.87,0,0,0,0,0,20,0.5,0.104,5.5,50,1000,0.1,0.1,0.1,0.1,0.1,0.1,0.5,0,17635,0.051601928,0.018372555,0,0,0,0,0,0,0,0,0,0,5,1.282710159
118073.36,0.562764969,0.5,6236,37,0.16395,32.9375,34.75,37.03,0,0.02,0.15,0,0,20,0.5,0.104,5.5,50,1000,0.1,0.1,0.1,0.1,0.1,0.1,0.5,0,17848,0.051490363,0.018321381,0,0,0,0,0,0,0,0,0,0,0.44,1.282710159
118133.42,0.505196229,0.5,6236,37,0.48205,32.875,34.75,36.25,0,0.02,0.15,0,0,20,0.5,0.104,5.5,50,1000,0.1,0.1,0.1,0.1,0.1,0.1,0.5,0,16586,0.051609791,0.018328711,0,0,0,0,0,0,0,0,0,0,0.44,1.282710159
118193.5,0.445917963,0.5,6236,37,0.54385,32.8125,34.75,36.31,0,0.001489712,0.075958849,0,0,20,0.5,0.104,5.5,50,1000,0.1,0.1,0.1,0.1,0.1,0.1,0.5,0,16074,0.051138485,0.018165982,0,0,0,0,0,0,0,0,0,0,0.44,1.282710159
118253.57,0.43191649,0.5,6236,37,0.264017903,32.9375,34.6875,36.81,0,0,0.07,0,0,20,0.5,0.104,5.5,50,1000,0.1,0.1,0.1,0.1,0.1,0.1,0.5,0,17478,0.048232063,0.017450509,0,0,0,0,0,0,0,0,0,0,5,1.282710159
118313.62,0.448978189,0.5,6236,37,0.1934,33.125,34.6875,37.19,0,0,0.25,0,0,20,0.5,0.104,5.5,50,1000,0.1,0.1,0.1,0.1,0.1,0.1,0.5,0,16605,0.049744053,0.017765733,0,0,0,0,0,0,0,0,0,0,5,1.282710159
118373.67,0.469265576,0.5,6236,37,0.15345,33.0625,34.6875,37.41,0,0,0.07,0,0,20,0.5,0.104,5.5,50,1000,0.1,0.1,0.1,0.1,0.1,0.1,0.5,0,16231,0.050890272,0.018175097,0,0,0,0,0,0,0,0,0,0,5,1.282710159
118433.74,0.461813108,0.5,6236,37,0.13295,33.125,34.6875,37.35,0,0,0.07,0,0,20,0.5,0.104,5.5,50,1000,0.1,0.1,0.1,0.1,0.1,0.1,0.5,0,17247,0.049573839,0.017742216,0,0,0,0,0,0,0,0,0,0,5,1.282710159
118493.8,0.485535891,0.5,6236,37,0.08235,33.1875,34.75,37.17,0,0,0.07,0,0,20,0.5,0.104,5.5,50,1000,0.1,0.1,0.1,0.1,0.1,0.1,0.5,0,17697,0.049104368,0.017799627,0,0,0,0,0,0,0,0,0,0,5,1.282710159
118553.87,0.501722923,0.5,6236,37,0.15395,33.1875,34.6875,37.21,0,0,0.07,0,0,20,0.5,0.104,5.5,50,1000,0.1,0.1,0.1,0.1,0.1,0.1,0.5,0,17482,0.050108683,0.017961332,0,0,0,0,0,0,0,0,0,0,5,1.282710159
118613.92,0.506051128,0.5,6236,37,0.2114,33,34.75,36.95,0,0,0.25,0,0,20,0.5,0.104,5.5,50,1000,0.1,0.1,0.1,0.1,0.1,0.1,0.5,0,17286,0.050676848,0.017991438,0,0,0,0,0,0,0,0,0,0,5,1.24434371
118673.96,0.502613885,0.5,6236,37,0.11145,33,34.75,37.35,0,0,0.07,0,0,20,0.5,0.104,5.5,50,1000,0.1,0.1,0.1,0.1,0.1,0.1,0.5,0,17426,0.050900953,0.017961666,0,0,0,0,0,0,0,0,0,0,5,1.161680157
118734.01,0.509166831,0.5,6236,37,0.16195,33,34.75,37.11,0,0,0.07,0,0,20,0.5,0.104,5.5,50,1000,0.1,0.1,0.1,0.1,0.1,0.1,0.5,0,19031,0.049130366,0.017655404,0,0,0,0,0,0,0,0,0,0,5,1.142456571
118794.07,0.529508978,0.5,6236,37,0.14975,32.9375,34.75,36.97,0,0,0.07,0,0,20,0.5,0.104,5.5,50,1000,0.1,0.1,0.1,0.1,0.1,0.1,0.5,0,18325,0.050859482,0.018062756,0,0,0,0,0,0,0,0,0,0,5,1.202856929
118854.14,0.547117806,0.5,6236,37,0.12815,32.9375,34.8125,37.11,0,0,0,0,0,20,0.5,0.104,5.5,50,1000,0.1,0.1,0.1,0.1,0.1,0.1,0.5,0,18154,0.051063127,0.018067643,0,0,0,0,0,0,0,0,0,0,5,1.240856162
118914.21,0.548743887,0.5,6236,37,0.496775,33,34.8125,35.99,0,0.02,0.25,0,0,20,0.5,0.104,5.5,50,1000,0.1,0.1,0.1,0.1,0.1,0.1,0.5,0,17353,0.052786262,0.018498242,0,0,0,0,0,0,0,0,0,0,0.44,1.240856162
118974.28,0.501223366,0.5,6236,37,0.511925,32.75,34.75,36.17,0,0.02,0.15,0,0,20,0.5,0.104,5.5,50,1000,0.1,0.1,0.1,0.1,0.1,0.1,0.5,0,17924,0.049933051,0.017908949,0,0,0,0,0,0,0,0,0,0,0.44,1.240856162
119034.35,0.437706613,0.5,6236,37,0.52665,32.75,34.8125,36.07,0,0.000284812,0.071139249,0,0,20,0.5,0.104,5.5,50,1000,0.1,0.1,0.1,0.1,0.1,0.1,0.5,0,17262,0.049009385,0.017495076,0,0,0,0,0,0,0,0,0,0,0.44,1.240856162
119094.42,0.423578222,0.5,6236,37,0.269357725,32.8125,34.8125,36.71,0,0,0.07,0,0,20,0.5,0.104,5.5,50,1000,0.1,0.1,0.1,0.1,0.1,0.1,0.5,0,16371,0.050210739,0.017897502,0,0,0,0,0,0,0,0,0,0,5,1.240856162
119154.48,0.437011379,0.5,6236,37,0.16155,33.0625,34.75,37.11,0,0,0.07,0,0,20,0.5,0.104,5.5,50,1000,0.1,0.1,0.1,0.1,0.1,0.1,0.5,0,16458,0.050674444,0.018045935,0,0,0,0,0,0,0,0,0,0,5,1.240856162
119214.54,0.467724772,0.5,6236,37,0.2097,33.125,34.75,37.09,0,0,0.25,0,0,20,0.5,0.104,5.5,50,1000,0.1,0.1,0.1,0.1,0.1,0.1,0.5,0,17680,0.048529412,0.017590498,0,0,0,0,0,0,0,0,0,0,5,1.240856162
119274.61,0.466151174,0.5,6236,37,0.14475,33.1875,34.8125,37.41,0,0,0.07,0,0,20,0.5,0.104,5.5,50,1000,0.1,0.1,0.1,0.1,0.1,0.1,0.5,0,17239,0.049596844,0.017576426,0,0,0,0,0,0,0,0,0,0,5,1.240856162
119334.68,0.486118167,0.5,6236,37,0.12925,33.1875,34.8125,37.25,0,0,0.07,0,0,20,0.5,0.104,5.5,50,1000,0.1,0.1,0.1,0.1,0.1,0.1,0.5,0,17100,0.050116959,0.017953216,0,0,0,0,0,0,0,0,0,0,5,1.240856162
119394.75,0.47252655,0.5,6236,37,0.12195,33.0625,34.8125,37.25,0,0,0.07,0,0,20,0.5,0.104,5.5,50,1000,0.1,0.1,0.1,0.1,0.1,0.1,0.5,0,16636,0.051274345,0.018333734,0,0,0,0,0,0,0,0,0,0,5,1.240856162
119454.78,0.493413402,0.5,6236,37,0.14975,33.0625,34.75,37.03,0,0,0.07,0,0,20,0.5,0.104,5.5,50,1000,0.1,0.1,0.1,0.1,0.1,0.1,0.5,0,17073,0.051309085,0.018098752,0,0,0,0,0,0,0,0,0,0,5,1.308573647
119514.82,0.512486217,0.5,6236,37,0.2036,33,34.75,36.95,0,0,0.25,0,0,20,0.5,0.104,5.5,50,1000,0.1,0.1,0.1,0.1,0.1,0.1,0.5,0,18259,0.049893203,0.017963744,0,0,0,0,0,0,0,0,0,0,5,1.356924315
119574.87,0.520659856,0.5,6236,37,0.15665,33.0625,34.75,37.21,0,0,0.07,0,0,20,0.5,0.104,5.5,50,1000,0.1,0.1,0.1,0.1,0.1,0.1,0.5,0,17225,0.051436865,0.018287373,0,0,0,0,0,0,0,0,0,0,5,1.336547531
119634.93,0.537227095,0.5,6236,37,0.14095,33.0625,34.75,37.13,0,0,0.07,0,0,20,0.5,0.104,5.5,50,1000,0.1,0.1,0.1,0.1,0.1,0.1,0.5,0,19108,0.049194055,0.017636592,0,0,0,0,0,0,0,0,0,0,5,1.363691976
119695,0.547739842,0.5,6236,37,0.12495,33,34.75,37.13,0,0,0,0,0,20,0.5,0.104,5.5,50,1000,0.1,0.1,0.1,0.1,0.1,0.1,0.5,0,18010,0.051082732,0.01815658,0,0,0,0,0,0,0,0,0,0,5,1.353645972
119755.04,0.548734302,0.5,6236,37,0.12635,33,34.8125,37.13,0,0.02,0.15,0,0,20,0.5,0.104,5.5,50,1000,0.1,0.1,0.1,0.1,0.1,0.1,0.5,0,18602,0.05101602,0.018277605,0,0,0,0,0,0,0,0,0,0,0.44,1.353645972
119815.08,0.498308978,0.5,6236,37,0.474430737,32.875,34.75,36.23,0,0.01871101,0.25,0,0,20,0.5,0.104,5.5,50,1000,0.1,0.1,0.1,0.1,0.1,0.1,0.5,0,17646,0.050323019,0.017964411,0,0,0,0,0,0,0,0,0,0,0.44,1.353645972
119875.13,0.455899357,0.5,6236,37,0.503438535,32.8125,34.75,36.09,0,0,0.07,0,0,20,0.5,0.104,5.5,50,1000,0.1,0.1,0.1,0.1,0.1,0.1,0.5,0,17015,0.049955921,0.017690273,0,0,0,0,0,0,0,0,0,0,5,1.353645972
119935.21,0.460490079,0.5,6236,37,0.22665,33,34.75,36.93,0,0,0.07,0,0,20,0.5,0.104,5.5,50,1000,0.1,0.1,0.1,0.1,0.1,0.1,0.5,0,16910,0.050620934,0.017859255,0,0,0,0,0,0,0,0,0,0,5,1.353645972
119995.28,0.479960014,0.5,6236,37,0.15535,33.0625,34.75,37.33,0,0,0.07,0,0,20,0.5,0.104,5.5,50,1000,0.1,0.1,0.1,0.1,0.1,0.1,0.5,0,17439,0.049830839,0.017948277,0,0,0,0,0,0,0,0,0,0,5,1.353645972
120055.35,0.499637311,0.5,6236,37,0.13515,33.1875,34.8125,37.09,0,0,0.07,0,0,20,0.5,0.104,5.5,50,1000,0.1,0.1,0.1,0.1,0.1,0.1,0.5,0,17122,0.050578203,0.017871744,0,0,0,0,0,0,0,0,0,0,5,1.353645972
120115.4,0.508787273,0.5,6236,37,0.176,33.0625,34.8125,37.13,0,0,0.25,0,0,20,0.5,0.104,5.5,50,1000,0.1,0.1,0.1,0.1,0.1,0.1,0.5,0,17132,0.050723792,0.018153164,0,0,0,0,0,0,0,0,0,0,5,1.353645972
120175.47,0.516556974,0.5,6236,37,0.09455,33,34.75,37.19,0,0,0.07,0,0,20,0.5,0.104,5.5,50,1000,0.1,0.1,0.1,0.1,0.1,0.1,0.5,0,18538,0.049681735,0.01774733,0,0,0,0,0,0,0,0,0,0,5,1.353645972
120235.54,0.527143605,0.5,6236,37,0.11055,33.125,34.75,37.37,0,0,0.07,0,0,20,0.5,0.104,5.5,50,1000,0.1,0.1,0.1,0.1,0.1,0.1,0.5,0,17990,0.050194553,0.017954419,0,0,0,0,0,0,0,0,0,0,5,1.346825923
120295.59,0.5494401,0.5,6236,37,0.13245,33,34.8125,37.05,0,0,0.07,0,0,20,0.5,0.104,5.5,50,1000,0.1,0.1,0.1,0.1,0.1,0.1,0.5,0,17834,0.050857912,0.017943254,0,0,0,0,0,0,0,0,0,0,5,1.403764887
120355.68,0.535083667,0.5,6236,37,0.15295,33.0625,34.8125,37.09,0,0,0.07,0,0,20,0.5,0.104,5.5,50,1000,0.1,0.1,0.1,0.1,0.1,0.1,0.5,0,18225,0.051028807,0.018161866,0,0,0,0,0,0,0,0,0,0,5,1.254146726
120415.75,0.541718976,0.5,6236,37,0.2272,33,34.75,36.81,0,0,0.25,0,0,20,0.5,0.104,5.5,50,1000,0.1,0.1,0.1,0.1,0.1,0.1,0.5,0,18453,0.050886035,0.018100038,0,0,0,0,0,0,0,0,0,0,5,1.228412142
120475.78,0.570234826,0.5,6236,37,0.11345,32.9375,34.75,37.09,0,0.02,0.15,0,0,20,0.5,0.104,5.5,50,1000,0.1,0.1,0.1,0.1,0.1,0.1,0.5,0,19450,0.049768638,0.017686375,0,0,0,0,0,0,0,0,0,0,0.44,1.228412142
120535.85,0.514633121,0.5,6236,37,0.42065,33,34.75,36.41,0,0.02,0.15,0,0,20,0.5,0.104,5.5,50,1000,0.1,0.1,0.1,0.1,0.1,0.1,0.5,0,17532,0.051619895,0.018480493,0,0,0,0,0,0,0,0,0,0,0.44,1.228412142
120595.9,0.457334039,0.5,6236,37,0.54315,32.8125,34.75,36.21,0,0.016194489,0.134777955,0,0,20,0.5,0.104,5.5,50,1000,0.1,0.1,0.1,0.1,0.1,0.1,0.5,0,17137,0.050183813,0.017972807,0,0,0,0,0,0,0,0,0,0,0.44,1.228412142
120655.95,0.422346711,0.5,6236,37,0.491418231,32.8125,34.75,36.63,0,0,0.07,0,0,20,0.5,0.104,5.5,50,1000,0.1,0.1,0.1,0.1,0.1,0.1,0.5,0,16419,0.05030757,0.018027895,0,0,0,0,0,0,0,0,0,0,5,1.228412142
120715.99,0.445044026,0.5,6236,37,0.1839,33,34.6875,37.27,0,0,0.25,0,0,20,0.5,0.104,5.5,50,1000,0.1,0.1,0.1,0.1,0.1,0.1,0.5,0,15973,0.051023602,0.018280849,0,0,0,0,0,0,0,0,0,0,5,1.228412142
120776.04,0.458472273,0.5,6236,37,0.15865,33.1875,34.75,37.43,0,0,0.07,0,0,20,0.5,0.104,5.5,50,1000,0.1,0.1,0.1,0.1,0.1,0.1,0.5,0,16102,0.051173767,0.018196497,0,0,0,0,0,0,0,0,0,0,5,1.228412142
120836.08,0.447723676,0.5,6236,37,0.07125,33.25,34.75,37.35,0,0,0.07,0,0,20,0.5,0.104,5.5,50,1000,0.1,0.1,0.1,0.1,0.1,0.1,0.5,0,17485,0.049356591,0.017729482,0,0,0,0,0,0,0,0,0,0,5,1.228412142
120896.14,0.477459172,0.5,6236,37,0.12515,33.25,34.75,37.43,0,0,0.07,0,0,20,0.5,0.104,5.5,50,1000,0.1,0.1,0.1,0.1,0.1,0.1,0.5,0,16759,0.051017364,0.018079838,0,0,0,0,0,0,0,0,0,0,5,1.228412142
120956.19,0.478378235,0.5,6236,37,0.18035,33.25,34.75,37.33,0,0,0.07,0,0,20,0.5,0.104,5.5,50,1000,0.1,0.1,0.1,0.1,0.1,0.1,0.5,0,17255,0.050014489,0.01773399,0,0,0,0,0,0,0,0,0,0,5,1.228412142
121016.24,0.489333923,0.5,6236,37,0.1753,33.1875,34.75,37.11,0,0,0.25,0,0,20,0.5,0.104,5.5,50,1000,0.1,0.1,0.1,0.1,0.1,0.1,0.5,0,18139,0.049396328,0.017917195,0,0,0,0,0,0,0,0,0,0,5,1.234921793
121076.28,0.514744873,0.5,6236,37,0.12595,33.25,34.75,37.25,0,0,0.07,0,0,20,0.5,0.104,5.5,50,1000,0.1,0.1,0.1,0.1,0.1,0.1,0.5,0,16622,0.052099627,0.018409337,0,0,0,0,0,0,0,0,0,0,5,1.325054484
121136.35,0.54042262,0.5,6236,37,0.08665,33.1875,34.8125,37.37,0,0,0.07,0,0,20,0.5,0.104,5.5,50,1000,0.1,0.1,0.1,0.1,0.1,0.1,0.5,0,18719,0.049254768,0.017629147,0,0,0,0,0,0,0,0,0,0,5,1.404841989
121196.43,0.532035613,0.5,6236,37,0.09235,33.0625,34.75,37.03,0,0,0.07,0,0,20,0.5,0.104,5.5,50,1000,0.1,0.1,0.1,0.1,0.1,0.1,0.5,0,18027,0.05081267,0.017917568,0,0,0,0,0,0,0,0,0,0,5,1.287676788
121256.49,0.52096219,0.5,6236,37,0.14375,32.875,34.75,36.89,0,0,0,0,0,20,0.5,0.104,5.5,50,1000,0.1,0.1,0.1,0.1,0.1,0.1,0.5,0,18921,0.049891655,0.017863749,0,0,0,0,0,0,0,0,0,0,5,1.160194063
121316.53,0.531683271,0.5,6236,37,0.13865,33.125,34.6875,37.01,0,0,0,0,0,20,0.5,0.104,5.5,50,1000,0.1,0.1,0.1,0.1,0.1,0.1,0.5,0,18653,0.050554871,0.017798746,0,0,0,0,0,0,0,0,0,0,5,1.163295827
121376.58,0.551207146,0.5,6236,37,0.14805,33.0625,34.75,37.05,0,0,0,0,0,20,0.5,0.104,5.5,50,1000,0.1,0.1,0.1,0.1,0.1,0.1,0.5,0,18526,0.051009392,0.018136673,0,0,0,0,0,0,0,0,0,0,5,1.213319218
121436.64,0.573215589,0.5,6236,37,0.15685,33.0625,34.75,37.05,0,0.02,0.15,0,0,20,0.5,0.104,5.5,50,1000,0.1,0.1,0.1,0.1,0.1,0.1,0.5,0,18971,0.050445417,0.018080228,0,0,0,0,0,0,0,0,0,0,0.44,1.213319218
121496.68,0.511948668,0.5,6236,37,0.44255,32.8125,34.75,36.31,0,0.02,0.15,0,0,20,0.5,0.104,5.5,50,1000,0.1,0.1,0.1,0.1,0.1,0.1,0.5,0,17604,0.050727107,0.018177687,0,0,0,0,0,0,0,0,0,0,0.44,1.213319218
121556.73,0.450068157,0.5,6236,37,0.50815,32.75,34.6875,36.33,0,0.015460599,0.131842396,0,0,20,0.5,0.104,5.5,50,1000,0.1,0.1,0.1,0.1,0.1,0.1,0.5,0,16412,0.051303924,0.01840117,0,0,0,0,0,0,0,0,0,0,0.44,1.213319218
121616.77,0.411855129,0.5,6236,37,0.3103,32.875,34.75,36.81,0,0,0.25,0,0,20,0.5,0.104,5.5,50,1000,0.1,0.1,0.1,0.1,0.1,0.1,0.5,0,16115,0.050077567,0.017995656,0,0,0,0,0,0,0,0,0,0,5,1.213319218
121676.81,0.419491477,0.5,6236,37,0.18595,33.0625,34.75,36.93,0,0,0.07,0,0,20,0.5,0.104,5.5,50,1000,0.1,0.1,0.1,0.1,0.1,0.1,0.5,0,16970,0.049027696,0.017737183,0,0,0,0,0,0,0,0,0,0,5,1.213319218
121736.86,0.457623328,0.5,6236,37,0.15895,33.0625,34.6875,37.53,0,0,0.07,0,0,20,0.5,0.104,5.5,50,1000,0.1,0.1,0.1,0.1,0.1,0.1,0.5,0,16377,0.05007022,0.01813519,0,0,0,0,0,0,0,0,0,0,5,1.213319218
121796.93,0.451763477,0.5,6236,37,0.12425,33.25,34.6875,37.43,0,0,0.07,0,0,20,0.5,0.104,5.5,50,1000,0.1,0.1,0.1,0.1,0.1,0.1,0.5,0,16935,0.049837614,0.018010038,0,0,0,0,0,0,0,0,0,0,5,1.213319218
121857,0.470238384,0.5,6236,37,0.12725,33.125,34.75,37.37,0,0,0.07,0,0,20,0.5,0.104,5.5,50,1000,0.1,0.1,0.1,0.1,0.1,0.1,0.5,0,16517,0.050735606,0.018223648,0,0,0,0,0,0,0,0,0,0,5,1.213319218
121917.06,0.481940656,0.5,6236,37,0.123,33.125,34.75,37.33,0,0,0.25,0,0,20,0.5,0.104,5.5,50,1000,0.1,0.1,0.1,0.1,0.1,0.1,0.5,0,17958,0.04900323,0.0176523,0,0,0,0,0,0,0,0,0,0,5,1.213319218
121977.11,0.482595626,0.5,6236,37,0.17105,33.125,34.75,37.21,0,0,0.07,0,0,20,0.5,0.104,5.5,50,1000,0.1,0.1,0.1,0.1,0.1,0.1,0.5,0,16866,0.050871576,0.0182023,0,0,0,0,0,0,0,0,0,0,5,1.156727566
122037.14,0.495973486,0.5,6236,37,0.10295,33.0625,34.75,37.21,0,0,0.07,0,0,20,0.5,0.104,5.5,50,1000,0.1,0.1,0.1,0.1,0.1,0.1,0.5,0,18586,0.049122996,0.017647692,0,0,0,0,0,0,0,0,0,0,5,1.180921327
122097.21,0.502472806,0.5,6236,37,0.15725,33.1875,34.75,37.21,0,0,0.07,0,0,20,0.5,0.104,5.5,50,1000,0.1,0.1,0.1,0.1,0.1,0.1,0.5,0,16491,0.052452853,0.018434297,0,0,0,0,0,0,0,0,0,0,5,1.160932414
122157.28,0.499016742,0.5,6236,37,0.13775,33.125,34.6875,37.37,0,0,0.07,0,0,20,0.5,0.104,5.5,50,1000,0.1,0.1,0.1,0.1,0.1,0.1,0.5,0,18617,0.049578342,0.017833163,0,0,0,0,0,0,0,0,0,0,5,1.082180171
122217.34,0.507348447,0.5,6236,37,0.07375,33.125,34.75,37.11,0,0,0,0,0,20,0.5,0.104,5.5,50,1000,0.1,0.1,0.1,0.1,0.1,0.1,0.5,0,17299,0.051505867,0.018266952,0,0,0,0,0,0,0,0,0,0,5,1.07774634
122277.38,0.533654835,0.5,6236,37,0.20045,33.0625,34.6875,36.93,0,0,0,0,0,20,0.5,0.104,5.5,50,1000,0.1,0.1,0.1,0.1,0.1,0.1,0.5,0,18673,0.050232957,0.017886788,0,0,0,0,0,0,0,0,0,0,5,1.175512665
122337.43,0.518770065,0.5,6236,37,0.13595,33.0625,34.6875,36.93,0,0,0,0,0,20,0.5,0.104,5.5,50,1000,0.1,0.1,0.1,0.1,0.1,0.1,0.5,0,18810,0.050079745,0.017916002,0,0,0,0,0,0,0,0,0,0,5,1.031871526
122397.49,0.562923818,0.5,6236,37,0.16535,32.9375,34.6875,36.89,0,0,0,0,0,20,0.5,0.104,5.5,50,1000,0.1,0.1,0.1,0.1,0.1,0.1,0.5,0,19505,0.049269418,0.017636503,0,0,0,0,0,0,0,0,0,0,5,1.225328612
122457.55,0.553951151,0.5,6236,37,0.16235,33,34.6875,36.89,0,0.02,0.15,0,0,20,0.5,0.104,5.5,50,1000,0.1,0.1,0.1,0.1,0.1,0.1,0.5,0,19179,0.05036759,0.017936284,0,0,0,0,0,0,0,0,0,0,0.44,1.225328612
122517.62,0.495396209,0.5,6236,37,0.574395591,32.8125,34.6875,35.75,0,0.018859516,0.25,0,0,20,0.5,0.104,5.5,50,1000,0.1,0.1,0.1,0.1,0.1,0.1,0.5,0,17338,0.051678394,0.018225862,0,0,0,0,0,0,0,0,0,0,0.44,1.225328612
122577.66,0.451037643,0.5,6236,37,0.545218325,32.8125,34.6875,36.05,0,0,0.07,0,0,20,0.5,0.104,5.5,50,1000,0.1,0.1,0.1,0.1,0.1,0.1,0.5,0,17564,0.049760875,0.017763607,0,0,0,0,0,0,0,0,0,0,5,1.225328612
122637.7,0.460573633,0.5,6236,37,0.24225,32.9375,34.6875,36.89,0,0,0.07,0,0,20,0.5,0.104,5.5,50,1000,0.1,0.1,0.1,0.1,0.1,0.1,0.5,0,17387,0.049807327,0.017944441,0,0,0,0,0,0,0,0,0,0,5,1.225328612
122697.77,0.477662659,0.5,6236,37,0.13505,33.1875,34.6875,37.11,0,0,0.07,0,0,20,0.5,0.104,5.5,50,1000,0.1,0.1,0.1,0.1,0.1,0.1,0.5,0,16558,0.05145549,0.018359705,0,0,0,0,0,0,0,0,0,0,5,1.225328612
122757.85,0.486883426,0.5,6236,37,0.12515,33.1875,34.625,37.25,0,0,0.07,0,0,20,0.5,0.104,5.5,50,1000,0.1,0.1,0.1,0.1,0.1,0.1,0.5,0,17785,0.049873489,0.017824009,0,0,0,0,0,0,0,0,0,0,5,1.225328612
122817.89,0.489113743,0.5,6236,37,0.10495,33.1875,34.6875,37.35,0,0,0.25,0,0,20,0.5,0.104,5.5,50,1000,0.1,0.1,0.1,0.1,0.1,0.1,0.5,0,17893,0.050075448,0.017995864,0,0,0,0,0,0,0,0,0,0,5,1.225328612
122877.95,0.507456513,0.5,6236,37,0.13805,33,34.625,37.33,0,0,0.07,0,0,20,0.5,0.104,5.5,50,1000,0.1,0.1,0.1,0.1,0.1,0.1,0.5,0,18064,0.050210363,0.017825509,0,0,0,0,0,0,0,0,0,0,5,1.225328612
122937.98,0.527718433,0.5,6236,37,0.16295,32.9375,34.625,37.01,0,0,0.07,0,0,20,0.5,0.104,5.5,50,1000,0.1,0.1,0.1,0.1,0.1,0.1,0.5,0,18617,0.050115486,0.017886878,0,0,0,0,0,0,0,0,0,0,5,1.281517741
122998.05,0.522920932,0.5,6236,37,0.14665,32.9375,34.6875,37.17,0,0,0.07,0,0,20,0.5,0.104,5.5,50,1000,0.1,0.1,0.1,0.1,0.1,0.1,0.5,0,18502,0.050102692,0.017889958,0,0,0,0,0,0,0,0,0,0,5,1.190044055
123058.11,0.54298313,0.5,6236,37,0.15805,33,34.625,37.11,0,0,0.07,0,0,20,0.5,0.104,5.5,50,1000,0.1,0.1,0.1,0.1,0.1,0.1,0.5,0,18920,0.050211416,0.017758985,0,0,0,0,0,0,0,0,0,0,5,1.243485789
123118.18,0.547574265,0.5,6236,37,0.12615,33.1875,34.6875,37.17,0,0.02,0.25,0,0,20,0.5,0.104,5.5,50,1000,0.1,0.1,0.1,0.1,0.1,0.1,0.5,0,19950,0.04952381,0.017744361,0,0,0,0,0,0,0,0,0,0,0.44,1.243485789
123178.22,0.487913655,0.5,6236,37,0.469875,32.8125,34.6875,36.29,0,0.017259088,0.13903635,0,0,20,0.5,0.104,5.5,50,1000,0.1,0.1,0.1,0.1,0.1,0.1,0.5,0,17979,0.050670226,0.018076645,0,0,0,0,0,0,0,0,0,0,0.44,1.243485789
123238.3,0.468915251,0.5,6236,37,0.450871946,32.9375,34.6875,36.33,0,0.018127528,0.142510111,0,0,20,0.5,0.104,5.5,50,1000,0.1,0.1,0.1,0.1,0.1,0.1,0.5,0,17690,0.049293386,0.017750141,0,0,0,0,0,0,0,0,0,0,0.44,1.243485789
123298.35,0.410043858,0.5,6236,37,0.497686161,32.875,34.6875,36.17,0,0,0.07,0,0,20,0.5,0.104,5.5,50,1000,0.1,0.1,0.1,0.1,0.1,0.1,0.5,0,16481,0.049693587,0.017899399,0,0,0,0,0,0,0,0,0,0,5,1.243485789
123358.4,0.420666275,0.5,6236,37,0.21295,33.125,34.6875,37.03,0,0,0.07,0,0,20,0.5,0.104,5.5,50,1000,0.1,0.1,0.1,0.1,0.1,0.1,0.5,0,15759,0.050828098,0.018275271,0,0,0,0,0,0,0,0,0,0,5,1.243485789
123418.44,0.435217402,0.5,6236,37,0.19335,33.0625,34.75,37.35,0,0,0.25,0,0,20,0.5,0.104,5.5,50,1000,0.1,0.1,0.1,0.1,0.1,0.1,0.5,0,15554,0.051498007,0.018387553,0,0,0,0,0,0,0,0,0,0,5,1.243485789
123478.5,0.455540537,0.5,6236,37,0.15345,33.0625,34.6875,37.33,0,0,0.07,0,0,20,0.5,0.104,5.5,50,1000,0.1,0.1,0.1,0.1,0.1,0.1,0.5,0,15945,0.051614926,0.018375666,0,0,0,0,0,0,0,0,0,0,5,1.243485789
123538.57,0.466366279,0.5,6236,37,0.13675,33.125,34.625,37.35,0,0,0.07,0,0,20,0.5,0.104,5.5,50,1000,0.1,0.1,0.1,0.1,0.1,0.1,0.5,0,16428,0.051193085,0.017957146,0,0,0,0,0,0,0,0,0,0,5,1.243485789
123598.61,0.451990449,0.5,6236,37,0.15245,33.25,34.625,37.27,0,0,0.07,0,0,20,0.5,0.104,5.5,50,1000,0.1,0.1,0.1,0.1,0.1,0.1,0.5,0,17367,0.049864686,0.017965106,0,0,0,0,0,0,0,0,0,0,5,1.243485789
123658.67,0.476436801,0.5,6236,37,0.11455,33.125,34.6875,37.13,0,0,0.07,0,0,20,0.5,0.104,5.5,50,1000,0.1,0.1,0.1,0.1,0.1,0.1,0.5,0,16124,0.052406351,0.018419747,0,0,0,0,0,0,0,0,0,0,5,1.339333601
123718.75,0.487199895,0.5,6236,37,0.14795,32.9375,34.625,37.19,0,0,0.25,0,0,20,0.5,0.104,5.5,50,1000,0.1,0.1,0.1,0.1,0.1,0.1,0.5,0,16753,0.051692234,0.018325076,0,0,0,0,0,0,0,0,0,0,5,1.339385177
123778.79,0.506227763,0.5,6236,37,0.10365,33,34.6875,37.13,0,0,0.07,0,0,20,0.5,0.104,5.5,50,1000,0.1,0.1,0.1,0.1,0.1,0.1,0.5,0,18784,0.048764906,0.01746167,0,0,0,0,0,0,0,0,0,0,5,1.387352492
123838.87,0.497992327,0.5,6236,37,0.14215,33,34.625,36.95,0,0,0.07,0,0,20,0.5,0.104,5.5,50,1000,0.1,0.1,0.1,0.1,0.1,0.1,0.5,0,17893,0.050578438,0.017884089,0,0,0,0,0,0,0,0,0,0,5,1.2687788
123898.94,0.507992811,0.5,6236,37,0.09465,33,34.625,36.93,0,0,0,0,0,20,0.5,0.104,5.5,50,1000,0.1,0.1,0.1,0.1,0.1,0.1,0.5,0,18604,0.04998925,0.017953128,0,0,0,0,0,0,0,0,0,0,5,1.26498774
123959.01,0.524092379,0.5,6236,37,0.18905,32.9375,34.625,37.01,0,0,0,0,0,20,0.5,0.104,5.5,50,1000,0.1,0.1,0.1,0.1,0.1,0.1,0.5,0,17340,0.052076125,0.01839677,0,0,0,0,0,0,0,0,0,0,5,1.295340356
124019.04,0.532898995,0.5,6236,37,0.13015,32.8125,34.625,37.01,0,0,0,0,0,20,0.5,0.104,5.5,50,1000,0.1,0.1,0.1,0.1,0.1,0.1,0.5,0,18520,0.050593952,0.018088553,0,0,0,0,0,0,0,0,0,0,5,1.280565157
124079.09,0.558666816,0.5,6236,37,0.11535,32.9375,34.625,37.03,0,0,0,0,0,20,0.5,0.104,5.5,50,1000,0.1,0.1,0.1,0.1,0.1,0.1,0.5,0,17394,0.052489364,0.018569622,0,0,0,0,0,0,0,0,0,0,5,1.358200965
124139.13,0.555345642,0.5,6236,37,0.16325,32.875,34.625,36.85,0,0.02,0.15,0,0,20,0.5,0.104,5.5,50,1000,0.1,0.1,0.1,0.1,0.1,0.1,0.5,0,18501,0.051402627,0.018269283,0,0,0,0,0,0,0,0,0,0,0.44,1.358200965
124199.2,0.494586185,0.5,6236,37,0.4624,32.75,34.625,36.17,0,0.018897772,0.145591087,0,0,20,0.5,0.104,5.5,50,1000,0.1,0.1,0.1,0.1,0.1,0.1,0.5,0,16543,0.052650668,0.01849725,0,0,0,0,0,0,0,0,0,0,0.44,1.358200965
124259.26,0.436170478,0.5,6236,37,0.56180398,32.75,34.625,36.07,0,0,0.07,0,0,20,0.5,0.104,5.5,50,1000,0.1,0.1,0.1,0.1,0.1,0.1,0.5,0,16688,0.050755034,0.018156759,0,0,0,0,0,0,0,0,0,0,5,1.358200965
124319.32,0.452399085,0.5,6236,37,0.20345,32.875,34.625,36.97,0,0,0.25,0,0,20,0.5,0.104,5.5,50,1000,0.1,0.1,0.1,0.1,0.1,0.1,0.5,0,17644,0.049308547,0.017909771,0,0,0,0,0,0,0,0,0,0,5,1.358200965
124379.37,0.465460004,0.5,6236,37,0.12415,33,34.625,37.29,0,0,0.07,0,0,20,0.5,0.104,5.5,50,1000,0.1,0.1,0.1,0.1,0.1,0.1,0.5,0,17513,0.050019985,0.017986638,0,0,0,0,0,0,0,0,0,0,5,1.358200965
124439.41,0.466449292,0.5,6236,37,0.17105,33,34.6875,37.21,0,0,0.07,0,0,20,0.5,0.104,5.5,50,1000,0.1,0.1,0.1,0.1,0.1,0.1,0.5,0,16763,0.051721052,0.018433455,0,0,0,0,0,0,0,0,0,0,5,1.358200965
124499.48,0.488532969,0.5,6236,37,0.12265,33.125,34.6875,37.27,0,0,0.07,0,0,20,0.5,0.104,5.5,50,1000,0.1,0.1,0.1,0.1,0.1,0.1,0.5,0,16573,0.052314005,0.018524105,0,0,0,0,0,0,0,0,0,0,5,1.358200965
124559.54,0.509426138,0.5,6236,37,0.17165,33.0625,34.75,37.25,0,0,0.07,0,0,20,0.5,0.104,5.5,50,1000,0.1,0.1,0.1,0.1,0.1,0.1,0.5,0,18235,0.050178229,0.017932547,0,0,0,0,0,0,0,0,0,0,5,1.358200965
124619.6,0.513789152,0.5,6236,37,0.10825,33,34.6875,37.37,0,0,0.25,0,0,20,0.5,0.104,5.5,50,1000,0.1,0.1,0.1,0.1,0.1,0.1,0.5,0,17750,0.050985915,0.018084507,0,0,0,0,0,0,0,0,0,0,5,1.31587521
124679.66,0.524055212,0.5,6236,37,0.12335,33.0625,34.6875,37.05,0,0,0.07,0,0,20,0.5,0.104,5.5,50,1000,0.1,0.1,0.1,0.1,0.1,0.1,0.5,0,18740,0.050053362,0.017822839,0,0,0,0,0,0,0,0,0,0,5,1.309433669
124739.73,0.535578435,0.5,6236,37,0.17005,33,34.6875,37.09,0,0,0.07,0,0,20,0.5,0.104,5.5,50,1000,0.1,0.1,0.1,0.1,0.1,0.1,0.5,0,17869,0.051597739,0.018299849,0,0,0,0,0,0,0,0,0,0,5,1.3092129
124799.78,0.541452308,0.5,6236,37,0.12615,33,34.75,37.05,0,0,0.07,0,0,20,0.5,0.104,5.5,50,1000,0.1,0.1,0.1,0.1,0.1,0.1,0.5,0,18596,0.05114003,0.018122177,0,0,0,0,0,0,0,0,0,0,5,1.276475171
124859.82,0.5687591,0.5,6236,37,0.16455,32.9375,34.75,37.11,0,0.02,0.15,0,0,20,0.5,0.104,5.5,50,1000,0.1,0.1,0.1,0.1,0.1,0.1,0.5,0,18240,0.051589912,0.018311404,0,0,0,0,0,0,0,0,0,0,0.44,1.276475171
124919.87,0.50447569,0.5,6236,37,0.48885,32.875,34.75,36.33,0,0.02,0.25,0,0,20,0.5,0.104,5.5,50,1000,0.1,0.1,0.1,0.1,0.1,0.1,0.5,0,18478,0.050167767,0.018021431,0,0,0,0,0,0,0,0,0,0,0.44,1.276475171
124979.91,0.434299828,0.5,6236,37,0.53325,32.75,34.75,36.05,0,0,0.07,0,0,20,0.5,0.104,5.5,50,1000,0.1,0.1,0.1,0.1,0.1,0.1,0.5,0,15726,0.052906016,0.018567977,0,0,0,0,0,0,0,0,0,0,0.44,1.276475171
125039.96,0.450301752,0.5,6236,37,0.18725,32.9375,34.6875,36.87,0,0,0.07,0,0,20,0.5,0.104,5.5,50,1000,0.1,0.1,0.1,0.1,0.1,0.1,0.5,0,16030,0.052089832,0.018590143,0,0,0,0,0,0,0,0,0,0,5,1.276475171
125100,0.464158964,0.5,6236,37,0.17955,33.0625,34.6875,37.27,0,0,0.07,0,0,20,0.5,0.104,5.5,50,1000,0.1,0.1,0.1,0.1,0.1,0.1,0.5,0,17634,0.049903595,0.017976636,0,0,0,0,0,0,0,0,0,0,5,1.276475171
125160.06,0.503433139,0.5,6236,37,0.11665,33.125,34.75,37.35,0,0,0.07,0,0,20,0.5,0.104,5.5,50,1000,0.1,0.1,0.1,0.1,0.1,0.1,0.5,0,17125,0.051153285,0.01810219,0,0,0,0,0,0,0,0,0,0,5,1.276475171
125220.11,0.488098171,0.5,6236,37,0.14235,33.125,34.6875,37.21,0,0,0.25,0,0,20,0.5,0.104,5.5,50,1000,0.1,0.1,0.1,0.1,0.1,0.1,0.5,0,17398,0.050925394,0.018277963,0,0,0,0,0,0,0,0,0,0,5,1.276475171
125280.16,0.531770385,0.5,6236,37,0.15545,32.875,34.6875,37.21,0,0,0.07,0,0,20,0.5,0.104,5.5,50,1000,0.1,0.1,0.1,0.1,0.1,0.1,0.5,0,16857,0.052500445,0.018508631,0,0,0,0,0,0,0,0,0,0,5,1.276475171
125340.2,0.512633418,0.5,6236,37,0.12875,33,34.6875,37.25,0,0,0.07,0,0,20,0.5,0.104,5.5,50,1000,0.1,0.1,0.1,0.1,0.1,0.1,0.5,0,17738,0.051471417,0.018322246,0,0,0,0,0,0,0,0,0,0,5,1.276475171
125400.27,0.521096442,0.5,6236,37,0.13655,33,34.6875,37.11,0,0,0.07,0,0,20,0.5,0.104,5.5,50,1000,0.1,0.1,0.1,0.1,0.1,0.1,0.5,0,17934,0.051354968,0.018233523,0,0,0,0,0,0,0,0,0,0,5,1.261773802
125460.31,0.533433604,0.5,6236,37,0.15535,32.875,34.75,37.03,0,0,0.07,0,0,20,0.5,0.104,5.5,50,1000,0.1,0.1,0.1,0.1,0.1,0.1,0.5,0,19014,0.050383928,0.017934154,0,0,0,0,0,0,0,0,0,0,5,1.268883535
125520.38,0.547087029,0.5,6236,37,0.17645,33,34.75,37.13,0,0,0.25,0,0,20,0.5,0.104,5.5,50,1000,0.1,0.1,0.1,0.1,0.1,0.1,0.5,0,18605,0.051115292,0.018220908,0,0,0,0,0,0,0,0,0,0,5,1.28125921
125580.42,0.544373247,0.5,6236,37,0.14905,33.125,34.6875,37.11,0,0.02,0.15,0,0,20,0.5,0.104,5.5,50,1000,0.1,0.1,0.1,0.1,0.1,0.1,0.5,0,18910,0.051560021,0.018350079,0,0,0,0,0,0,0,0,0,0,0.44,1.28125921
125640.47,0.488701845,0.5,6236,37,0.453275,32.875,34.6875,36.41,0,0.017043971,0.138175886,0,0,20,0.5,0.104,5.5,50,1000,0.1,0.1,0.1,0.1,0.1,0.1,0.5,0,17198,0.052157228,0.018316083,0,0,0,0,0,0,0,0,0,0,0.44,1.28125921
125700.52,0.455021798,0.5,6236,37,0.490575815,32.875,34.6875,36.25,0,0,0.07,0,0,20,0.5,0.104,5.5,50,1000,0.1,0.1,0.1,0.1,0.1,0.1,0.5,0,17545,0.049871758,0.01783984,0,0,0,0,0,0,0,0,0,0,5,1.28125921
125760.56,0.45111714,0.5,6236,37,0.22605,32.875,34.6875,36.93,0,0,0.07,0,0,20,0.5,0.104,5.5,50,1000,0.1,0.1,0.1,0.1,0.1,0.1,0.5,0,16338,0.052025952,0.018423308,0,0,0,0,0,0,0,0,0,0,5,1.28125921
125820.63,0.466158938,0.5,6236,37,0.11875,33.0625,34.6875,37.13,0,0,0.25,0,0,20,0.5,0.104,5.5,50,1000,0.1,0.1,0.1,0.1,0.1,0.1,0.5,0,17533,0.050248104,0.018080192,0,0,0,0,0,0,0,0,0,0,5,1.28125921
125880.69,0.500026173,0.5,6236,37,0.14475,33,34.6875,37.03,0,0,0.07,0,0,20,0.5,0.104,5.5,50,1000,0.1,0.1,0.1,0.1,0.1,0.1,0.5,0,17421,0.050972964,0.018253832,0,0,0,0,0,0,0,0,0,0,5,1.28125921
125940.76,0.498488764,0.5,6236,37,0.19705,33,34.75,37.13,0,0,0.07,0,0,20,0.5,0.104,5.5,50,1000,0.1,0.1,0.1,0.1,0.1,0.1,0.5,0,17686,0.05094425,0.018206491,0,0,0,0,0,0,0,0,0,0,5,1.28125921
126000.8,0.502515501,0.5,6236,37,0.11685,33.125,34.6875,37.19,0,0,0.07,0,0,20,0.5,0.104,5.5,50,1000,0.1,0.1,0.1,0.1,0.1,0.1,0.5,0,18440,0.05037961,0.018058568,0,0,0,0,0,0,0,0,0,0,5,1.28125921
126060.85,0.504742321,0.5,6236,37,0.10905,33,34.6875,36.97,0,0,0.07,0,0,20,0.5,0.104,5.5,50,1000,0.1,0.1,0.1,0.1,0.1,0.1,0.5,0,17594,0.051892691,0.018415369,0,0,0,0,0,0,0,0,0,0,5,1.230460921
126120.89,0.523624307,0.5,6236,37,0.14215,32.9375,34.6875,37.05,0,0,0.25,0,0,20,0.5,0.104,5.5,50,1000,0.1,0.1,0.1,0.1,0.1,0.1,0.5,0,17792,0.052158273,0.018547662,0,0,0,0,0,0,0,0,0,0,5,1.27911711
126180.94,0.542747853,0.5,6236,37,0.15885,33.0625,34.625,36.93,0,0,0.07,0,0,20,0.5,0.104,5.5,50,1000,0.1,0.1,0.1,0.1,0.1,0.1,0.5,0,17978,0.05217488,0.018578262,0,0,0,0,0,0,0,0,0,0,5,1.322772444
126240.98,0.547355948,0.5,6236,37,0.14965,32.9375,34.6875,37.13,0,0.02,0.15,0,0,20,0.5,0.104,5.5,50,1000,0.1,0.1,0.1,0.1,0.1,0.1,0.5,0,18816,0.051339286,0.018282313,0,0,0,0,0,0,0,0,0,0,0.44,1.322772444
126301.02,0.501291491,0.5,6236,37,0.381975,33,34.6875,36.17,0,0.02,0.15,0,0,20,0.5,0.104,5.5,50,1000,0.1,0.1,0.1,0.1,0.1,0.1,0.5,0,18378,0.050440744,0.018010665,0,0,0,0,0,0,0,0,0,0,0.44,1.322772444
126361.06,0.449156637,0.5,6236,37,0.511575,32.8125,34.6875,35.99,0,0.00190517,0.07762068,0,0,20,0.5,0.104,5.5,50,1000,0.1,0.1,0.1,0.1,0.1,0.1,0.5,0,18052,0.049412807,0.017892754,0,0,0,0,0,0,0,0,0,0,0.44,1.322772444
126421.12,0.458173023,0.5,6236,37,0.243911893,33.125,34.6875,36.93,0,0,0.25,0,0,20,0.5,0.104,5.5,50,1000,0.1,0.1,0.1,0.1,0.1,0.1,0.5,0,16575,0.051704374,0.018461538,0,0,0,0,0,0,0,0,0,0,5,1.322772444
126481.17,0.465486273,0.5,6236,37,0.14625,33.0625,34.75,37.03,0,0,0.07,0,0,20,0.5,0.104,5.5,50,1000,0.1,0.1,0.1,0.1,0.1,0.1,0.5,0,17249,0.050727578,0.018203954,0,0,0,0,0,0,0,0,0,0,5,1.322772444
126541.22,0.4731609,0.5,6236,37,0.16515,33.1875,34.6875,37.43,0,0,0.07,0,0,20,0.5,0.104,5.5,50,1000,0.1,0.1,0.1,0.1,0.1,0.1,0.5,0,17091,0.051372067,0.018313732,0,0,0,0,0,0,0,0,0,0,5,1.322772444
126601.29,0.499537952,0.5,6236,37,0.11435,33.1875,34.6875,37.17,0,0,0.07,0,0,20,0.5,0.104,5.5,50,1000,0.1,0.1,0.1,0.1,0.1,0.1,0.5,0,17197,0.051462464,0.018317148,0,0,0,0,0,0,0,0,0,0,5,1.322772444
126661.33,0.507929962,0.5,6236,37,0.14685,33.125,34.75,37.13,0,0,0.07,0,0,20,0.5,0.104,5.5,50,1000,0.1,0.1,0.1,0.1,0.1,0.1,0.5,0,16245,0.05380117,0.018651893,0,0,0,0,0,0,0,0,0,0,5,1.322772444
126721.39,0.511529199,0.5,6236,37,0.12815,32.9375,34.6875,37.17,0,0,0.25,0,0,20,0.5,0.104,5.5,50,1000,0.1,0.1,0.1,0.1,0.1,0.1,0.5,0,18638,0.050219981,0.017974032,0,0,0,0,0,0,0,0,0,0,5,1.322772444
126781.46,0.512853975,0.5,6236,37,0.17985,33.1875,34.6875,37.03,0,0,0.07,0,0,20,0.5,0.104,5.5,50,1000,0.1,0.1,0.1,0.1,0.1,0.1,0.5,0,17663,0.052256129,0.018513276,0,0,0,0,0,0,0,0,0,0,5,1.264393283
126841.5,0.53735188,0.5,6236,37,0.13125,32.875,34.75,37.11,0,0,0.07,0,0,20,0.5,0.104,5.5,50,1000,0.1,0.1,0.1,0.1,0.1,0.1,0.5,0,17871,0.052263444,0.018465671,0,0,0,0,0,0,0,0,0,0,5,1.341159599
126901.57,0.534678321,0.5,6236,37,0.07315,33.0625,34.625,37.11,0,0,0.07,0,0,20,0.5,0.104,5.5,50,1000,0.1,0.1,0.1,0.1,0.1,0.1,0.5,0,18198,0.052148588,0.018518519,0,0,0,0,0,0,0,0,0,0,5,1.25913806
126961.64,0.556843805,0.5,6236,37,0.12125,32.9375,34.75,36.89,0,0,0.07,0,0,20,0.5,0.104,5.5,50,1000,0.1,0.1,0.1,0.1,0.1,0.1,0.5,0,18365,0.052545603,0.018459025,0,0,0,0,0,0,0,0,0,0,5,1.318039601
127021.68,0.577148396,0.5,6236,37,0.14155,32.9375,34.75,37.13,0,0.02,0.25,0,0,20,0.5,0.104,5.5,50,1000,0.1,0.1,0.1,0.1,0.1,0.1,0.5,0,18672,0.052163668,0.018476864,0,0,0,0,0,0,0,0,0,0,0.44,1.318039601
127081.72,0.520585704,0.5,6236,37,0.41285,32.875,34.75,36.37,0,0.02,0.15,0,0,20,0.5,0.104,5.5,50,1000,0.1,0.1,0.1,0.1,0.1,0.1,0.5,0,18781,0.051062244,0.018103402,0,0,0,0,0,0,0,0,0,0,0.44,1.318039601
127141.78,0.47486687,0.5,6236,37,0.52455,32.875,34.75,36.21,0,0.02,0.15,0,0,20,0.5,0.104,5.5,50,1000,0.1,0.1,0.1,0.1,0.1,0.1,0.5,0,16467,0.052468574,0.01858262,0,0,0,0,0,0,0,0,0,0,0.44,1.318039601
127201.83,0.418754218,0.5,6236,37,0.53075,32.8125,34.75,36.15,0,0,0.07,0,0,20,0.5,0.104,5.5,50,1000,0.1,0.1,0.1,0.1,0.1,0.1,0.5,0,16822,0.050410177,0.018071573,0,0,0,0,0,0,0,0,0,0,5,1.318039601
127261.87,0.429963569,0.5,6236,37,0.27135,33,34.75,37.11,0,0,0.07,0,0,20,0.5,0.104,5.5,50,1000,0.1,0.1,0.1,0.1,0.1,0.1,0.5,0,16297,0.050806897,0.018101491,0,0,0,0,0,0,0,0,0,0,5,1.318039601
127321.92,0.443494478,0.5,6236,37,0.14555,33.0625,34.75,37.35,0,0,0.25,0,0,20,0.5,0.104,5.5,50,1000,0.1,0.1,0.1,0.1,0.1,0.1,0.5,0,16731,0.050146435,0.018169864,0,0,0,0,0,0,0,0,0,0,5,1.318039601
127381.98,0.440138833,0.5,6236,37,0.10495,33.125,34.8125,37.49,0,0,0.07,0,0,20,0.5,0.104,5.5,50,1000,0.1,0.1,0.1,0.1,0.1,0.1,0.5,0,16942,0.050525322,0.018120647,0,0,0,0,0,0,0,0,0,0,5,1.318039601
127442.04,0.441584481,0.5,6236,37,0.13175,33.125,34.75,37.29,0,0,0.07,0,0,20,0.5,0.104,5.5,50,1000,0.1,0.1,0.1,0.1,0.1,0.1,0.5,0,16593,0.051226421,0.018381245,0,0,0,0,0,0,0,0,0,0,5,1.318039601
127502.09,0.481819404,0.5,6236,37,0.14125,33.125,34.75,37.27,0,0,0.07,0,0,20,0.5,0.104,5.5,50,1000,0.1,0.1,0.1,0.1,0.1,0.1,0.5,0,17189,0.050555588,0.018151143,0,0,0,0,0,0,0,0,0,0,5,1.318039601
127562.16,0.463319127,0.5,6236,37,0.13075,33.0625,34.8125,37.09,0,0,0.07,0,0,20,0.5,0.104,5.5,50,1000,0.1,0.1,0.1,0.1,0.1,0.1,0.5,0,17450,0.050601719,0.017994269,0,0,0,0,0,0,0,0,0,0,5,1.134677764
127622.24,0.492743727,0.5,6236,37,0.16715,33.1875,34.875,37.17,0,0,0.25,0,0,20,0.5,0.104,5.5,50,1000,0.1,0.1,0.1,0.1,0.1,0.1,0.5,0,17794,0.050803642,0.018095987,0,0,0,0,0,0,0,0,0,0,5,1.262663293
127682.3,0.49198281,0.5,6236,37,0.12165,33,34.8125,37.13,0,0,0.07,0,0,20,0.5,0.104,5.5,50,1000,0.1,0.1,0.1,0.1,0.1,0.1,0.5,0,18215,0.050288224,0.017952237,0,0,0,0,0,0,0,0,0,0,5,1.19489381
127742.35,0.510588563,0.5,6236,37,0.11625,33.1875,34.8125,37.13,0,0,0.07,0,0,20,0.5,0.104,5.5,50,1000,0.1,0.1,0.1,0.1,0.1,0.1,0.5,0,17444,0.051937629,0.018401743,0,0,0,0,0,0,0,0,0,0,5,1.246510109
127802.42,0.525202713,0.5,6236,37,0.15555,33.125,34.8125,37.19,0,0,0,0,0,20,0.5,0.104,5.5,50,1000,0.1,0.1,0.1,0.1,0.1,0.1,0.5,0,17442,0.05286091,0.018518519,0,0,0,0,0,0,0,0,0,0,5,1.26884521
127862.48,0.542726104,0.5,6236,37,0.16225,32.9375,34.8125,37.11,0,0,0,0,0,20,0.5,0.104,5.5,50,1000,0.1,0.1,0.1,0.1,0.1,0.1,0.5,0,18015,0.051790175,0.018429087,0,0,0,0,0,0,0,0,0,0,5,1.303864364
127922.52,0.551437143,0.5,6236,37,0.14185,33,34.8125,37.09,0,0.02,0.25,0,0,20,0.5,0.104,5.5,50,1000,0.1,0.1,0.1,0.1,0.1,0.1,0.5,0,17542,0.052901608,0.018754988,0,0,0,0,0,0,0,0,0,0,0.44,1.303864364
127982.56,0.482600906,0.5,6236,37,0.475925,32.8125,34.8125,36.07,0,0.016957025,0.137828098,0,0,20,0.5,0.104,5.5,50,1000,0.1,0.1,0.1,0.1,0.1,0.1,0.5,0,16916,0.05208087,0.018325845,0,0,0,0,0,0,0,0,0,0,0.44,1.303864364
128042.64,0.438134624,0.5,6236,37,0.480789307,32.8125,34.8125,36.21,0,0,0.07,0,0,20,0.5,0.104,5.5,50,1000,0.1,0.1,0.1,0.1,0.1,0.1,0.5,0,15427,0.052894276,0.018474104,0,0,0,0,0,0,0,0,0,0,5,1.303864364
128102.7,0.452069877,0.5,6236,37,0.27375,33.0625,34.75,36.95,0,0,0.07,0,0,20,0.5,0.104,5.5,50,1000,0.1,0.1,0.1,0.1,0.1,0.1,0.5,0,17285,0.049811976,0.017818918,0,0,0,0,0,0,0,0,0,0,5,1.303864364
128162.74,0.468347736,0.5,6236,37,0.12565,33.125,34.75,37.27,0,0,0.07,0,0,20,0.5,0.104,5.5,50,1000,0.1,0.1,0.1,0.1,0.1,0.1,0.5,0,17293,0.049904586,0.017984155,0,0,0,0,0,0,0,0,0,0,5,1.303864364
128222.78,0.458093022,0.5,6236,37,0.13135,33.0625,34.75,37.37,0,0,0.25,0,0,20,0.5,0.104,5.5,50,1000,0.1,0.1,0.1,0.1,0.1,0.1,0.5,0,17245,0.050391418,0.018092201,0,0,0,0,0,0,0,0,0,0,5,1.303864364
128282.83,0.493833352,0.5,6236,37,0.14235,33.0625,34.75,37.25,0,0,0.07,0,0,20,0.5,0.104,5.5,50,1000,0.1,0.1,0.1,0.1,0.1,0.1,0.5,0,16411,0.051916398,0.018341356,0,0,0,0,0,0,0,0,0,0,5,1.303864364
128342.88,0.469552331,0.5,6236,37,0.09505,33.125,34.75,37.03,0,0,0.07,0,0,20,0.5,0.104,5.5,50,1000,0.1,0.1,0.1,0.1,0.1,0.1,0.5,0,18060,0.050110742,0.017940199,0,0,0,0,0,0,0,0,0,0,5,1.303864364
128402.95,0.478877794,0.5,6236,37,0.14845,33.0625,34.75,37.05,0,0,0.07,0,0,20,0.5,0.104,5.5,50,1000,0.1,0.1,0.1,0.1,0.1,0.1,0.5,0,16737,0.052458625,0.01846209,0,0,0,0,0,0,0,0,0,0,5,1.297668194
128463.03,0.509541988,0.5,6236,37,0.17515,33,34.75,37.13,0,0,0.07,0,0,20,0.5,0.104,5.5,50,1000,0.1,0.1,0.1,0.1,0.1,0.1,0.5,0,17897,0.051070012,0.018215343,0,0,0,0,0,0,0,0,0,0,5,1.418985253
128523.09,0.509569439,0.5,6236,37,0.21715,33.125,34.8125,37.17,0,0,0.25,0,0,20,0.5,0.104,5.5,50,1000,0.1,0.1,0.1,0.1,0.1,0.1,0.5,0,18677,0.050489907,0.018043583,0,0,0,0,0,0,0,0,0,0,5,1.348197609
128583.14,0.519336574,0.5,6236,37,0.11115,33,34.8125,37.43,0,0,0.07,0,0,20,0.5,0.104,5.5,50,1000,0.1,0.1,0.1,0.1,0.1,0.1,0.5,0,18281,0.051747716,0.018270335,0,0,0,0,0,0,0,0,0,0,5,1.337745863
128643.19,0.536524478,0.5,6236,37,0.14135,33.125,34.75,37.17,0,0,0,0,0,20,0.5,0.104,5.5,50,1000,0.1,0.1,0.1,0.1,0.1,0.1,0.5,0,17658,0.052950504,0.018631782,0,0,0,0,0,0,0,0,0,0,5,1.368538599
128703.26,0.553970336,0.5,6236,37,0.12685,33.0625,34.8125,37.13,0,0,0,0,0,20,0.5,0.104,5.5,50,1000,0.1,0.1,0.1,0.1,0.1,0.1,0.5,0,18347,0.052324631,0.01853164,0,0,0,0,0,0,0,0,0,0,5,1.396108531
128763.34,0.545500019,0.5,6236,37,0.12295,33,34.75,36.93,0,0.02,0.15,0,0,20,0.5,0.104,5.5,50,1000,0.1,0.1,0.1,0.1,0.1,0.1,0.5,0,18466,0.051770822,0.018412217,0,0,0,0,0,0,0,0,0,0,0.44,1.396108531
128823.38,0.508588143,0.5,6236,37,0.47065,32.8125,34.6875,36.17,0,0.02,0.25,0,0,20,0.5,0.104,5.5,50,1000,0.1,0.1,0.1,0.1,0.1,0.1,0.5,0,17296,0.052613321,0.018559204,0,0,0,0,0,0,0,0,0,0,0.44,1.396108531
128883.43,0.44970829,0.5,6236,37,0.561775,32.75,34.6875,36.07,0,0.002055206,0.078220825,0,0,20,0.5,0.104,5.5,50,1000,0.1,0.1,0.1,0.1,0.1,0.1,0.5,0,16633,0.051644322,0.018517405,0,0,0,0,0,0,0,0,0,0,0.44,1.396108531
128943.49,0.446481517,0.5,6236,37,0.280863719,32.9375,34.75,36.81,0,0,0.07,0,0,20,0.5,0.104,5.5,50,1000,0.1,0.1,0.1,0.1,0.1,0.1,0.5,0,16344,0.051762115,0.018416544,0,0,0,0,0,0,0,0,0,0,5,1.396108531
129003.56,0.466839391,0.5,6236,37,0.14685,33.0625,34.75,37.11,0,0,0.07,0,0,20,0.5,0.104,5.5,50,1000,0.1,0.1,0.1,0.1,0.1,0.1,0.5,0,16856,0.05113906,0.018272425,0,0,0,0,0,0,0,0,0,0,5,1.396108531
129063.6,0.472871001,0.5,6236,37,0.17705,33.1875,34.6875,37.21,0,0,0.07,0,0,20,0.5,0.104,5.5,50,1000,0.1,0.1,0.1,0.1,0.1,0.1,0.5,0,17204,0.050976517,0.018193443,0,0,0,0,0,0,0,0,0,0,5,1.396108531
129123.65,0.472758868,0.5,6236,37,0.14155,33.1875,34.6875,37.27,0,0,0.25,0,0,20,0.5,0.104,5.5,50,1000,0.1,0.1,0.1,0.1,0.1,0.1,0.5,0,17140,0.051458576,0.018261377,0,0,0,0,0,0,0,0,0,0,5,1.396108531
129183.69,0.488585533,0.5,6236,37,0.13315,33.1875,34.6875,37.11,0,0,0.07,0,0,20,0.5,0.104,5.5,50,1000,0.1,0.1,0.1,0.1,0.1,0.1,0.5,0,17163,0.052205325,0.0184117,0,0,0,0,0,0,0,0,0,0,5,1.396108531
129243.76,0.493733751,0.5,6236,37,0.14855,33.0625,34.75,37.19,0,0,0.07,0,0,20,0.5,0.104,5.5,50,1000,0.1,0.1,0.1,0.1,0.1,0.1,0.5,0,16911,0.052924132,0.018686062,0,0,0,0,0,0,0,0,0,0,5,1.396108531
129303.82,0.502578509,0.5,6236,37,0.16725,33.0625,34.75,37.01,0,0,0.07,0,0,20,0.5,0.104,5.5,50,1000,0.1,0.1,0.1,0.1,0.1,0.1,0.5,0,17063,0.052980132,0.01857821,0,0,0,0,0,0,0,0,0,0,5,1.37956948
129363.89,0.523114209,0.5,6236,37,0.17275,33.0625,34.75,37.11,0,0,0.07,0,0,20,0.5,0.104,5.5,50,1000,0.1,0.1,0.1,0.1,0.1,0.1,0.5,0,18660,0.050803859,0.018113612,0,0,0,0,0,0,0,0,0,0,5,1.430734854
129423.95,0.520214646,0.5,6236,37,0.13705,33.1875,34.75,37.33,0,0,0.25,0,0,20,0.5,0.104,5.5,50,1000,0.1,0.1,0.1,0.1,0.1,0.1,0.5,0,18365,0.051783283,0.018459025,0,0,0,0,0,0,0,0,0,0,5,1.342523191
129483.99,0.541694967,0.5,6236,37,0.16375,32.9375,34.8125,37.21,0,0,0.07,0,0,20,0.5,0.104,5.5,50,1000,0.1,0.1,0.1,0.1,0.1,0.1,0.5,0,19597,0.050160739,0.01775782,0,0,0,0,0,0,0,0,0,0,5,1.396781665
129544.04,0.540373515,0.5,6236,37,0.16105,32.875,34.75,37.05,0,0.02,0.15,0,0,20,0.5,0.104,5.5,50,1000,0.1,0.1,0.1,0.1,0.1,0.1,0.5,0,17627,0.053497475,0.018834742,0,0,0,0,0,0,0,0,0,0,0.44,1.396781665
129604.11,0.513748409,0.5,6236,37,0.44595,32.875,34.75,36.31,0,0.02,0.15,0,0,20,0.5,0.104,5.5,50,1000,0.1,0.1,0.1,0.1,0.1,0.1,0.5,0,17248,0.052991651,0.018494898,0,0,0,0,0,0,0,0,0,0,0.44,1.396781665
129664.17,0.465767705,0.5,6236,37,0.51185,32.75,34.75,36.21,0,0.02,0.15,0,0,20,0.5,0.104,5.5,50,1000,0.1,0.1,0.1,0.1,0.1,0.1,0.5,0,17047,0.051152695,0.018185018,0,0,0,0,0,0,0,0,0,0,0.44,1.396781665
129724.21,0.41095187,0.5,6236,37,0.54825,32.8125,34.6875,36.21,0,0,0.25,0,0,20,0.5,0.104,5.5,50,1000,0.1,0.1,0.1,0.1,0.1,0.1,0.5,0,15831,0.051418104,0.018444823,0,0,0,0,0,0,0,0,0,0,5,1.396781665
129784.25,0.411743527,0.5,6236,37,0.22015,33,34.6875,37.13,0,0,0.07,0,0,20,0.5,0.104,5.5,50,1000,0.1,0.1,0.1,0.1,0.1,0.1,0.5,0,16428,0.050584368,0.018018018,0,0,0,0,0,0,0,0,0,0,5,1.396781665
129844.32,0.439629101,0.5,6236,37,0.13815,33.125,34.6875,37.35,0,0,0.07,0,0,20,0.5,0.104,5.5,50,1000,0.1,0.1,0.1,0.1,0.1,0.1,0.5,0,16334,0.050814252,0.018121709,0,0,0,0,0,0,0,0,0,0,5,1.396781665
129904.39,0.430410026,0.5,6236,37,0.10465,33.1875,34.6875,37.25,0,0,0.07,0,0,20,0.5,0.104,5.5,50,1000,0.1,0.1,0.1,0.1,0.1,0.1,0.5,0,16926,0.050041356,0.017960534,0,0,0,0,0,0,0,0,0,0,5,1.396781665
129964.42,0.439517167,0.5,6236,37,0.14355,33.125,34.6875,37.43,0,0,0.07,0,0,20,0.5,0.104,5.5,50,1000,0.1,0.1,0.1,0.1,0.1,0.1,0.5,0,16031,0.051961824,0.018588984,0,0,0,0,0,0,0,0,0,0,5,1.396781665
130024.46,0.440352365,0.5,6236,37,0.14955,33.25,34.6875,37.41,0,0,0.25,0,0,20,0.5,0.104,5.5,50,1000,0.1,0.1,0.1,0.1,0.1,0.1,0.5,0,17783,0.049766631,0.01776978,0,0,0,0,0,0,0,0,0,0,5,1.396781665
130084.53,0.469622463,0.5,6236,37,0.09345,33.0625,34.625,37.43,0,0,0.07,0,0,20,0.5,0.104,5.5,50,1000,0.1,0.1,0.1,0.1,0.1,0.1,0.5,0,17570,0.049971542,0.017700626,0,0,0,0,0,0,0,0,0,0,5,1.520004178
130144.59,0.476500512,0.5,6236,37,0.14745,33.125,34.625,37.33,0,0,0.07,0,0,20,0.5,0.104,5.5,50,1000,0.1,0.1,0.1,0.1,0.1,0.1,0.5,0,17029,0.051324212,0.018321687,0,0,0,0,0,0,0,0,0,0,5,1.487623052
130204.67,0.497415069,0.5,6236,37,0.17115,33.1875,34.625,37.27,0,0,0.07,0,0,20,0.5,0.104,5.5,50,1000,0.1,0.1,0.1,0.1,0.1,0.1,0.5,0,16880,0.052191943,0.018364929,0,0,0,0,0,0,0,0,0,0,5,1.542109986
130264.74,0.49255531,0.5,6236,37,0.09955,33.0625,34.625,37.19,0,0,0.07,0,0,20,0.5,0.104,5.5,50,1000,0.1,0.1,0.1,0.1,0.1,0.1,0.5,0,17491,0.051683723,0.018009262,0,0,0,0,0,0,0,0,0,0,5,1.435550285
130324.81,0.503099359,0.5,6236,37,0.09675,33,34.625,37.25,0,0,0,0,0,20,0.5,0.104,5.5,50,1000,0.1,0.1,0.1,0.1,0.1,0.1,0.5,0,17730,0.051494642,0.018161309,0,0,0,0,0,0,0,0,0,0,5,1.427315545
130384.87,0.50776983,0.5,6236,37,0.15135,33.0625,34.6875,37.05,0,0,0,0,0,20,0.5,0.104,5.5,50,1000,0.1,0.1,0.1,0.1,0.1,0.1,0.5,0,17393,0.052147416,0.018225723,0,0,0,0,0,0,0,0,0,0,5,1.383671484
130444.92,0.544288764,0.5,6236,37,0.18515,33,34.6875,37.11,0,0,0,0,0,20,0.5,0.104,5.5,50,1000,0.1,0.1,0.1,0.1,0.1,0.1,0.5,0,18712,0.050662676,0.018063275,0,0,0,0,0,0,0,0,0,0,5,1.522842909
130504.98,0.545746526,0.5,6236,37,0.12475,33,34.6875,37.01,0,0.02,0.15,0,0,20,0.5,0.104,5.5,50,1000,0.1,0.1,0.1,0.1,0.1,0.1,0.5,0,18563,0.051392555,0.018154393,0,0,0,0,0,0,0,0,0,0,0.44,1.522842909
130565.03,0.487425309,0.5,6236,37,0.480475,32.75,34.6875,36.15,0,0.017014077,0.138056308,0,0,20,0.5,0.104,5.5,50,1000,0.1,0.1,0.1,0.1,0.1,0.1,0.5,0,17773,0.051426321,0.018229899,0,0,0,0,0,0,0,0,0,0,0.44,1.522842909
130625.07,0.447598062,0.5,6236,37,0.508507015,32.8125,34.625,36.25,0,0,0.25,0,0,20,0.5,0.104,5.5,50,1000,0.1,0.1,0.1,0.1,0.1,0.1,0.5,0,16422,0.051638047,0.018329071,0,0,0,0,0,0,0,0,0,0,5,1.522842909
130685.12,0.448848436,0.5,6236,37,0.25255,32.9375,34.75,37.13,0,0,0.07,0,0,20,0.5,0.104,5.5,50,1000,0.1,0.1,0.1,0.1,0.1,0.1,0.5,0,16724,0.051482899,0.01817747,0,0,0,0,0,0,0,0,0,0,5,1.522842909
130745.18,0.457353114,0.5,6236,37,0.14115,33,34.6875,37.41,0,0,0.07,0,0,20,0.5,0.104,5.5,50,1000,0.1,0.1,0.1,0.1,0.1,0.1,0.5,0,17204,0.050860265,0.018135317,0,0,0,0,0,0,0,0,0,0,5,1.522842909
130805.28,0.477876228,0.5,6236,37,0.14275,33.25,34.6875,37.21,0,0,0.07,0,0,20,0.5,0.104,5.5,50,1000,0.1,0.1,0.1,0.1,0.1,0.1,0.5,0,16767,0.052066559,0.018429057,0,0,0,0,0,0,0,0,0,0,5,1.522842909
130865.32,0.479521218,0.5,6236,37,0.18735,33.125,34.75,37.17,0,0,0.07,0,0,20,0.5,0.104,5.5,50,1000,0.1,0.1,0.1,0.1,0.1,0.1,0.5,0,17085,0.051858355,0.018320164,0,0,0,0,0,0,0,0,0,0,5,1.522842909
130925.39,0.494343299,0.5,6236,37,0.10655,33.125,34.6875,37.21,0,0,0.25,0,0,20,0.5,0.104,5.5,50,1000,0.1,0.1,0.1,0.1,0.1,0.1,0.5,0,18401,0.050214662,0.017933808,0,0,0,0,0,0,0,0,0,0,5,1.522842909
130985.45,0.50790955,0.5,6236,37,0.14465,33.0625,34.6875,37.03,0,0,0.07,0,0,20,0.5,0.104,5.5,50,1000,0.1,0.1,0.1,0.1,0.1,0.1,0.5,0,16574,0.053457222,0.018824665,0,0,0,0,0,0,0,0,0,0,5,1.527920263
131045.52,0.531688145,0.5,6236,37,0.15455,33.125,34.6875,37.29,0,0,0.07,0,0,20,0.5,0.104,5.5,50,1000,0.1,0.1,0.1,0.1,0.1,0.1,0.5,0,17028,0.053206483,0.018616397,0,0,0,0,0,0,0,0,0,0,5,1.588785482
131105.58,0.520541576,0.5,6236,37,0.14945,33.0625,34.625,37.13,0,0,0.07,0,0,20,0.5,0.104,5.5,50,1000,0.1,0.1,0.1,0.1,0.1,0.1,0.5,0,18456,0.05136541,0.018151279,0,0,0,0,0,0,0,0,0,0,5,1.445784124
131165.65,0.524795717,0.5,6236,37,0.12465,33,34.6875,37.19,0,0,0.07,0,0,20,0.5,0.104,5.5,50,1000,0.1,0.1,0.1,0.1,0.1,0.1,0.5,0,17908,0.052546348,0.018483359,0,0,0,0,0,0,0,0,0,0,5,1.397912858
131225.7,0.568054713,0.5,6236,37,0.14245,32.9375,34.6875,37.05,0,0,0,0,0,20,0.5,0.104,5.5,50,1000,0.1,0.1,0.1,0.1,0.1,0.1,0.5,0,19405,0.050553981,0.017933522,0,0,0,0,0,0,0,0,0,0,5,1.565643208
131285.78,0.532236157,0.5,6236,37,0.14005,33,34.75,36.97,0,0,0,0,0,20,0.5,0.104,5.5,50,1000,0.1,0.1,0.1,0.1,0.1,0.1,0.5,0,19859,0.050355003,0.017825671,0,0,0,0,0,0,0,0,0,0,5,1.291969709
131345.82,0.575857558,0.5,6236,37,0.15765,32.875,34.6875,37.05,0,0,0,0,0,20,0.5,0.104,5.5,50,1000,0.1,0.1,0.1,0.1,0.1,0.1,0.5,0,17210,0.055026148,0.019116793,0,0,0,0,0,0,0,0,0,0,5,1.463690345
131405.94,0.588301552,0.5,6236,37,0.16055,32.9375,34.6875,36.95,0,0.02,0.15,0,0,20,0.5,0.104,5.5,50,1000,0.1,0.1,0.1,0.1,0.1,0.1,0.5,0,19486,0.051678128,0.018166889,0,0,0,0,0,0,0,0,0,0,0.44,1.463690345
131465.99,0.514268897,0.5,6236,37,0.484475,32.875,34.75,36.05,0,0.02,0.15,0,0,20,0.5,0.104,5.5,50,1000,0.1,0.1,0.1,0.1,0.1,0.1,0.5,0,17576,0.053083751,0.018661812,0,0,0,0,0,0,0,0,0,0,0.44,1.463690345
131526.04,0.465238474,0.5,6236,37,0.50615,32.8125,34.6875,35.99,0,0.02,0.25,0,0,20,0.5,0.104,5.5,50,1000,0.1,0.1,0.1,0.1,0.1,0.1,0.5,0,17184,0.051501397,0.018156425,0,0,0,0,0,0,0,0,0,0,0.44,1.463690345
131586.08,0.426706822,0.5,6236,37,0.510675,32.75,34.75,36.05,0,0,0.07,0,0,20,0.5,0.104,5.5,50,1000,0.1,0.1,0.1,0.1,0.1,0.1,0.5,0,16313,0.051492675,0.018206339,0,0,0,0,0,0,0,0,0,0,5,1.463690345
131646.12,0.433595713,0.5,6236,37,0.27265,32.875,34.75,36.97,0,0,0.07,0,0,20,0.5,0.104,5.5,50,1000,0.1,0.1,0.1,0.1,0.1,0.1,0.5,0,17448,0.049633196,0.01759514,0,0,0,0,0,0,0,0,0,0,5,1.463690345
131706.19,0.456040206,0.5,6236,37,0.17745,33.0625,34.75,37.37,0,0,0.07,0,0,20,0.5,0.104,5.5,50,1000,0.1,0.1,0.1,0.1,0.1,0.1,0.5,0,16609,0.051538323,0.01830333,0,0,0,0,0,0,0,0,0,0,5,1.463690345
131766.23,0.470187469,0.5,6236,37,0.15075,33.125,34.75,37.43,0,0,0.07,0,0,20,0.5,0.104,5.5,50,1000,0.1,0.1,0.1,0.1,0.1,0.1,0.5,0,17202,0.050866178,0.01802116,0,0,0,0,0,0,0,0,0,0,5,1.463690345
131826.29,0.477762735,0.5,6236,37,0.13695,33.0625,34.6875,37.33,0,0,0.25,0,0,20,0.5,0.104,5.5,50,1000,0.1,0.1,0.1,0.1,0.1,0.1,0.5,0,16664,0.052088334,0.018542967,0,0,0,0,0,0,0,0,0,0,5,1.463690345
131886.35,0.480162459,0.5,6236,37,0.18005,33.1875,34.75,37.19,0,0,0.07,0,0,20,0.5,0.104,5.5,50,1000,0.1,0.1,0.1,0.1,0.1,0.1,0.5,0,17584,0.050841674,0.018084622,0,0,0,0,0,0,0,0,0,0,5,1.463690345
131946.42,0.478578576,0.5,6236,37,0.18315,33.0625,34.75,37.21,0,0,0.07,0,0,20,0.5,0.104,5.5,50,1000,0.1,0.1,0.1,0.1,0.1,0.1,0.5,0,16461,0.052973695,0.018528643,0,0,0,0,0,0,0,0,0,0,5,1.380593547
132006.5,0.492675793,0.5,6236,37,0.12795,33.125,34.75,37.09,0,0,0.07,0,0,20,0.5,0.104,5.5,50,1000,0.1,0.1,0.1,0.1,0.1,0.1,0.5,0,17335,0.052264205,0.018402077,0,0,0,0,0,0,0,0,0,0,5,1.398656652
132066.56,0.527995036,0.5,6236,37,0.15845,33.0625,34.75,37.19,0,0,0.07,0,0,20,0.5,0.104,5.5,50,1000,0.1,0.1,0.1,0.1,0.1,0.1,0.5,0,18107,0.05119567,0.017893632,0,0,0,0,0,0,0,0,0,0,5,1.536430456
132126.63,0.519101397,0.5,6236,37,0.17275,33,34.6875,37.03,0,0,0.25,0,0,20,0.5,0.104,5.5,50,1000,0.1,0.1,0.1,0.1,0.1,0.1,0.5,0,18263,0.051305919,0.018178832,0,0,0,0,0,0,0,0,0,0,5,1.408645985
132186.68,0.516811908,0.5,6236,37,0.13765,33,34.75,37.03,0,0,0,0,0,20,0.5,0.104,5.5,50,1000,0.1,0.1,0.1,0.1,0.1,0.1,0.5,0,18649,0.051316424,0.018017052,0,0,0,0,0,0,0,0,0,0,5,1.324952969
132246.73,0.522632232,0.5,6236,37,0.12255,32.9375,34.75,37.09,0,0,0,0,0,20,0.5,0.104,5.5,50,1000,0.1,0.1,0.1,0.1,0.1,0.1,0.5,0,18491,0.051700827,0.018333243,0,0,0,0,0,0,0,0,0,0,5,1.292302422
132306.76,0.559539619,0.5,6236,37,0.17045,33,34.75,37.17,0,0,0,0,0,20,0.5,0.104,5.5,50,1000,0.1,0.1,0.1,0.1,0.1,0.1,0.5,0,18534,0.052228337,0.018344664,0,0,0,0,0,0,0,0,0,0,5,1.432396228
132366.82,0.547201174,0.5,6236,37,0.14655,33,34.75,37.13,0,0.02,0.15,0,0,20,0.5,0.104,5.5,50,1000,0.1,0.1,0.1,0.1,0.1,0.1,0.5,0,18630,0.051905529,0.018303811,0,0,0,0,0,0,0,0,0,0,0.44,1.432396228
132426.86,0.48921344,0.5,6236,37,0.48375,32.8125,34.75,36.05,0,0.017390815,0.25,0,0,20,0.5,0.104,5.5,50,1000,0.1,0.1,0.1,0.1,0.1,0.1,0.5,0,18543,0.050692984,0.018066117,0,0,0,0,0,0,0,0,0,0,0.44,1.432396228
132486.91,0.459156832,0.5,6236,37,0.555352905,32.6875,34.75,35.81,0,0,0.07,0,0,20,0.5,0.104,5.5,50,1000,0.1,0.1,0.1,0.1,0.1,0.1,0.5,0,16054,0.053008596,0.018624642,0,0,0,0,0,0,0,0,0,0,5,1.432396228
132546.97,0.456645372,0.5,6236,37,0.23795,32.875,34.75,37.03,0,0,0.07,0,0,20,0.5,0.104,5.5,50,1000,0.1,0.1,0.1,0.1,0.1,0.1,0.5,0,17063,0.051397761,0.018109359,0,0,0,0,0,0,0,0,0,0,5,1.432396228
132607.01,0.471047326,0.5,6236,37,0.15015,33.125,34.75,37.29,0,0,0.07,0,0,20,0.5,0.104,5.5,50,1000,0.1,0.1,0.1,0.1,0.1,0.1,0.5,0,18545,0.049231599,0.017632785,0,0,0,0,0,0,0,0,0,0,5,1.432396228
132667.06,0.506345197,0.5,6236,37,0.16025,33.0625,34.75,37.29,0,0,0.07,0,0,20,0.5,0.104,5.5,50,1000,0.1,0.1,0.1,0.1,0.1,0.1,0.5,0,17481,0.051312854,0.018133974,0,0,0,0,0,0,0,0,0,0,5,1.432396228
132727.1,0.491405515,0.5,6236,37,0.11795,33.125,34.75,37.33,0,0,0.25,0,0,20,0.5,0.104,5.5,50,1000,0.1,0.1,0.1,0.1,0.1,0.1,0.5,0,17229,0.052179465,0.018341169,0,0,0,0,0,0,0,0,0,0,5,1.432396228
132787.15,0.527773096,0.5,6236,37,0.16015,33,34.6875,37.19,0,0,0.07,0,0,20,0.5,0.104,5.5,50,1000,0.1,0.1,0.1,0.1,0.1,0.1,0.5,0,17365,0.052346674,0.018543046,0,0,0,0,0,0,0,0,0,0,5,1.432396228
132847.22,0.506863317,0.5,6236,37,0.14915,33.125,34.75,37.19,0,0,0.07,0,0,20,0.5,0.104,5.5,50,1000,0.1,0.1,0.1,0.1,0.1,0.1,0.5,0,18424,0.051020408,0.018074251,0,0,0,0,0,0,0,0,0,0,5,1.239501195
132907.29,0.519131516,0.5,6236,37,0.19085,33.0625,34.6875,37.01,0,0,0.07,0,0,20,0.5,0.104,5.5,50,1000,0.1,0.1,0.1,0.1,0.1,0.1,0.5,0,18226,0.051574674,0.018160869,0,0,0,0,0,0,0,0,0,0,5,1.249273771
132967.37,0.554621731,0.5,6236,37,0.15695,33.0625,34.75,37.13,0,0,0.07,0,0,20,0.5,0.104,5.5,50,1000,0.1,0.1,0.1,0.1,0.1,0.1,0.5,0,19097,0.050636226,0.018065665,0,0,0,0,0,0,0,0,0,0,5,1.385197269
133027.44,0.552680068,0.5,6236,37,0.15535,33,34.75,37.11,0,0.02,0.25,0,0,20,0.5,0.104,5.5,50,1000,0.1,0.1,0.1,0.1,0.1,0.1,0.5,0,19366,0.051275431,0.018176185,0,0,0,0,0,0,0,0,0,0,0.44,1.385197269
133087.5,0.493439076,0.5,6236,37,0.50655,32.75,34.75,36.07,0,0.018481045,0.14392418,0,0,20,0.5,0.104,5.5,50,1000,0.1,0.1,0.1,0.1,0.1,0.1,0.5,0,18111,0.051350008,0.01800011,0,0,0,0,0,0,0,0,0,0,0.44,1.385197269
133147.55,0.461221484,0.5,6236,37,0.50091753,32.75,34.6875,36.23,0,0.01475958,0.12903832,0,0,20,0.5,0.104,5.5,50,1000,0.1,0.1,0.1,0.1,0.1,0.1,0.5,0,18221,0.049283793,0.017617035,0,0,0,0,0,0,0,0,0,0,0.44,1.385197269
133207.6,0.440887579,0.5,6236,37,0.456878215,32.8125,34.75,36.45,0,0,0.07,0,0,20,0.5,0.104,5.5,50,1000,0.1,0.1,0.1,0.1,0.1,0.1,0.5,0,16293,0.051494507,0.018351439,0,0,0,0,0,0,0,0,0,0,5,1.385197269
133267.64,0.433321267,0.5,6236,37,0.19935,33,34.6875,37.21,0,0,0.07,0,0,20,0.5,0.104,5.5,50,1000,0.1,0.1,0.1,0.1,0.1,0.1,0.5,0,17000,0.050058824,0.018,0,0,0,0,0,0,0,0,0,0,5,1.385197269
133327.68,0.433337621,0.5,6236,37,0.13585,33.0625,34.75,37.41,0,0,0.25,0,0,20,0.5,0.104,5.5,50,1000,0.1,0.1,0.1,0.1,0.1,0.1,0.5,0,15792,0.052621581,0.018553698,0,0,0,0,0,0,0,0,0,0,5,1.385197269
133387.74,0.471624918,0.5,6236,37,0.16565,33.0625,34.6875,37.25,0,0,0.07,0,0,20,0.5,0.104,5.5,50,1000,0.1,0.1,0.1,0.1,0.1,0.1,0.5,0,17233,0.05065862,0.017988743,0,0,0,0,0,0,0,0,0,0,5,1.385197269
133447.78,0.46603968,0.5,6236,37,0.14455,33.0625,34.75,37.29,0,0,0.07,0,0,20,0.5,0.104,5.5,50,1000,0.1,0.1,0.1,0.1,0.1,0.1,0.5,0,18051,0.049803335,0.017893745,0,0,0,0,0,0,0,0,0,0,5,1.385197269
133507.86,0.48950702,0.5,6236,37,0.10405,33.125,34.8125,37.41,0,0,0.07,0,0,20,0.5,0.104,5.5,50,1000,0.1,0.1,0.1,0.1,0.1,0.1,0.5,0,16834,0.051978139,0.018474516,0,0,0,0,0,0,0,0,0,0,5,1.385197269
133567.9,0.503446372,0.5,6236,37,0.13185,33.1875,34.75,37.27,0,0,0.07,0,0,20,0.5,0.104,5.5,50,1000,0.1,0.1,0.1,0.1,0.1,0.1,0.5,0,17477,0.05155347,0.018195342,0,0,0,0,0,0,0,0,0,0,5,1.400172585
133627.94,0.504245384,0.5,6236,37,0.14525,33.125,34.75,37.19,0,0,0.25,0,0,20,0.5,0.104,5.5,50,1000,0.1,0.1,0.1,0.1,0.1,0.1,0.5,0,17435,0.051849728,0.018181818,0,0,0,0,0,0,0,0,0,0,5,1.334921438
133687.99,0.503789869,0.5,6236,37,0.15515,33.0625,34.6875,37.13,0,0,0.07,0,0,20,0.5,0.104,5.5,50,1000,0.1,0.1,0.1,0.1,0.1,0.1,0.5,0,17414,0.052141955,0.018433444,0,0,0,0,0,0,0,0,0,0,5,1.265464059
133748.07,0.533059546,0.5,6236,37,0.11945,33,34.75,37.25,0,0,0.07,0,0,20,0.5,0.104,5.5,50,1000,0.1,0.1,0.1,0.1,0.1,0.1,0.5,0,17326,0.052983955,0.018527069,0,0,0,0,0,0,0,0,0,0,5,1.371612502
133808.13,0.528039495,0.5,6236,37,0.19355,33,34.6875,36.95,0,0,0,0,0,20,0.5,0.104,5.5,50,1000,0.1,0.1,0.1,0.1,0.1,0.1,0.5,0,17069,0.053840295,0.018747437,0,0,0,0,0,0,0,0,0,0,5,1.274645712
133868.2,0.532936683,0.5,6236,37,0.17765,32.9375,34.75,37.01,0,0,0,0,0,20,0.5,0.104,5.5,50,1000,0.1,0.1,0.1,0.1,0.1,0.1,0.5,0,18055,0.052450845,0.018332872,0,0,0,0,0,0,0,0,0,0,5,1.238608056
133928.27,0.546380013,0.5,6236,37,0.11225,33,34.75,37.25,0,0,0,0,0,20,0.5,0.104,5.5,50,1000,0.1,0.1,0.1,0.1,0.1,0.1,0.5,0,19144,0.051138738,0.018073548,0,0,0,0,0,0,0,0,0,0,5,1.251413963
133988.32,0.557457319,0.5,6236,37,0.259275,32.9375,34.6875,37.13,0,0.02,0.15,0,0,20,0.5,0.104,5.5,50,1000,0.1,0.1,0.1,0.1,0.1,0.1,0.5,0,18371,0.053018344,0.018670731,0,0,0,0,0,0,0,0,0,0,0.44,1.251413963
134048.38,0.497400935,0.5,6236,37,0.458476853,32.75,34.75,36.23,0,0.019466717,0.147866868,0,0,20,0.5,0.104,5.5,50,1000,0.1,0.1,0.1,0.1,0.1,0.1,0.5,0,17815,0.051922537,0.018299186,0,0,0,0,0,0,0,0,0,0,0.44,1.251413963
134108.42,0.464549046,0.5,6236,37,0.511413789,32.8125,34.6875,36.07,0,0.015729125,0.132916501,0,0,20,0.5,0.104,5.5,50,1000,0.1,0.1,0.1,0.1,0.1,0.1,0.5,0,16804,0.052011426,0.018388479,0,0,0,0,0,0,0,0,0,0,0.44,1.251413963
134168.46,0.410851421,0.5,6236,37,0.46615,32.6875,34.6875,36.15,0,0,0.07,0,0,20,0.5,0.104,5.5,50,1000,0.1,0.1,0.1,0.1,0.1,0.1,0.5,0,16192,0.051383399,0.018280632,0,0,0,0,0,0,0,0,0,0,5,1.251413963
134228.51,0.416904665,0.5,6236,37,0.21025,33,34.75,37.17,0,0,0.25,0,0,20,0.5,0.104,5.5,50,1000,0.1,0.1,0.1,0.1,0.1,0.1,0.5,0,17031,0.050202572,0.018025953,0,0,0,0,0,0,0,0,0,0,5,1.251413963
134288.55,0.435131958,0.5,6236,37,0.14155,33.0625,34.75,37.41,0,0,0.07,0,0,20,0.5,0.104,5.5,50,1000,0.1,0.1,0.1,0.1,0.1,0.1,0.5,0,15501,0.052964325,0.018643958,0,0,0,0,0,0,0,0,0,0,5,1.251413963
134348.62,0.448529076,0.5,6236,37,0.14985,33.1875,34.6875,37.33,0,0,0.07,0,0,20,0.5,0.104,5.5,50,1000,0.1,0.1,0.1,0.1,0.1,0.1,0.5,0,17000,0.051058824,0.018176471,0,0,0,0,0,0,0,0,0,0,5,1.251413963
134408.7,0.456469903,0.5,6236,37,0.15465,33.125,34.6875,37.27,0,0,0.07,0,0,20,0.5,0.104,5.5,50,1000,0.1,0.1,0.1,0.1,0.1,0.1,0.5,0,16643,0.051853632,0.018446194,0,0,0,0,0,0,0,0,0,0,5,1.251413963
134468.74,0.476458962,0.5,6236,37,0.13885,33.1875,34.6875,37.29,0,0,0.07,0,0,20,0.5,0.104,5.5,50,1000,0.1,0.1,0.1,0.1,0.1,0.1,0.5,0,16937,0.051898211,0.018303123,0,0,0,0,0,0,0,0,0,0,5,1.251413963
134528.79,0.478502895,0.5,6236,37,0.11745,32.9375,34.6875,37.33,0,0,0.25,0,0,20,0.5,0.104,5.5,50,1000,0.1,0.1,0.1,0.1,0.1,0.1,0.5,0,16992,0.052083333,0.018479284,0,0,0,0,0,0,0,0,0,0,5,1.201685262
134588.86,0.479229698,0.5,6236,37,0.17055,33.0625,34.6875,37.09,0,0,0.07,0,0,20,0.5,0.104,5.5,50,1000,0.1,0.1,0.1,0.1,0.1,0.1,0.5,0,17869,0.051094074,0.01813196,0,0,0,0,0,0,0,0,0,0,5,1.14615427
134648.93,0.5111194,0.5,6236,37,0.15725,33,34.6875,37.13,0,0,0.07,0,0,20,0.5,0.104,5.5,50,1000,0.1,0.1,0.1,0.1,0.1,0.1,0.5,0,17585,0.051976116,0.018311061,0,0,0,0,0,0,0,0,0,0,5,1.282116169
134708.98,0.487161931,0.5,6236,37,0.15095,32.9375,34.6875,37.13,0,0,0.07,0,0,20,0.5,0.104,5.5,50,1000,0.1,0.1,0.1,0.1,0.1,0.1,0.5,0,17084,0.053383283,0.018730976,0,0,0,0,0,0,0,0,0,0,5,1.073990421
134769.06,0.509706227,0.5,6236,37,0.17795,32.9375,34.6875,37.01,0,0,0,0,0,20,0.5,0.104,5.5,50,1000,0.1,0.1,0.1,0.1,0.1,0.1,0.5,0,18447,0.051769935,0.018376972,0,0,0,0,0,0,0,0,0,0,5,1.156004777
134829.13,0.522112632,0.5,6236,37,0.16935,32.9375,34.6875,37.03,0,0,0,0,0,20,0.5,0.104,5.5,50,1000,0.1,0.1,0.1,0.1,0.1,0.1,0.5,0,18245,0.05212387,0.018306385,0,0,0,0,0,0,0,0,0,0,5,1.170350938
134889.2,0.534831211,0.5,6236,37,0.18845,32.875,34.6875,36.95,0,0,0,0,0,20,0.5,0.104,5.5,50,1000,0.1,0.1,0.1,0.1,0.1,0.1,0.5,0,18138,0.052596758,0.018469512,0,0,0,0,0,0,0,0,0,0,5,1.184036998
134949.28,0.539077082,0.5,6236,37,0.14195,32.875,34.6875,37.13,0,0,0,0,0,20,0.5,0.104,5.5,50,1000,0.1,0.1,0.1,0.1,0.1,0.1,0.5,0,18268,0.052605649,0.018392818,0,0,0,0,0,0,0,0,0,0,5,1.148557246
135009.32,0.579207819,0.5,6236,37,0.09475,32.875,34.625,37.29,0,0,0,0,0,20,0.5,0.104,5.5,50,1000,0.1,0.1,0.1,0.1,0.1,0.1,0.5,0,18818,0.052077798,0.018227229,0,0,0,0,0,0,0,0,0,0,5,1.306537698
135069.36,0.56059534,0.5,6236,37,0.275975,32.9375,34.6875,37.03,0,0.02,0.15,0,0,20,0.5,0.104,5.5,50,1000,0.1,0.1,0.1,0.1,0.1,0.1,0.5,0,19436,0.051605269,0.018213624,0,0,0,0,0,0,0,0,0,0,0.44,1.306537698
135129.39,0.512680328,0.5,6236,37,0.494875,32.75,34.6875,36.09,0,0.02,0.25,0,0,20,0.5,0.104,5.5,50,1000,0.1,0.1,0.1,0.1,0.1,0.1,0.5,0,18920,0.050951374,0.017970402,0,0,0,0,0,0,0,0,0,0,0.44,1.306537698
135189.46,0.466680858,0.5,6236,37,0.498975,32.75,34.6875,36.23,0,0.02,0.15,0,0,20,0.5,0.104,5.5,50,1000,0.1,0.1,0.1,0.1,0.1,0.1,0.5,0,16076,0.053371485,0.018474745,0,0,0,0,0,0,0,0,0,0,0.44,1.306537698
135249.5,0.433721856,0.5,6236,37,0.41595,32.8125,34.625,36.37,0,0,0.07,0,0,20,0.5,0.104,5.5,50,1000,0.1,0.1,0.1,0.1,0.1,0.1,0.5,0,16346,0.051082834,0.01823076,0,0,0,0,0,0,0,0,0,0,5,1.306537698
135309.54,0.411525562,0.5,6236,37,0.28135,32.9375,34.625,36.93,0,0,0.07,0,0,20,0.5,0.104,5.5,50,1000,0.1,0.1,0.1,0.1,0.1,0.1,0.5,0,16273,0.051250538,0.018251091,0,0,0,0,0,0,0,0,0,0,5,1.306537698
135369.59,0.418266178,0.5,6236,37,0.18265,33.125,34.6875,37.29,0,0,0.07,0,0,20,0.5,0.104,5.5,50,1000,0.1,0.1,0.1,0.1,0.1,0.1,0.5,0,16650,0.050990991,0.018198198,0,0,0,0,0,0,0,0,0,0,5,1.306537698
135429.63,0.456810755,0.5,6236,37,0.14675,32.9375,34.6875,37.37,0,0,0.25,0,0,20,0.5,0.104,5.5,50,1000,0.1,0.1,0.1,0.1,0.1,0.1,0.5,0,17059,0.050882232,0.018054986,0,0,0,0,0,0,0,0,0,0,5,1.306537698
135489.68,0.453132163,0.5,6236,37,0.14565,33.125,34.6875,37.33,0,0,0.07,0,0,20,0.5,0.104,5.5,50,1000,0.1,0.1,0.1,0.1,0.1,0.1,0.5,0,17229,0.050496256,0.017992919,0,0,0,0,0,0,0,0,0,0,5,1.306537698
135549.76,0.46597257,0.5,6236,37,0.12065,33.1875,34.625,37.37,0,0,0.07,0,0,20,0.5,0.104,5.5,50,1000,0.1,0.1,0.1,0.1,0.1,0.1,0.5,0,17743,0.05078059,0.017978921,0,0,0,0,0,0,0,0,0,0,5,1.306537698
135609.83,0.471396117,0.5,6236,37,0.15785,33.0625,34.625,37.19,0,0,0.07,0,0,20,0.5,0.104,5.5,50,1000,0.1,0.1,0.1,0.1,0.1,0.1,0.5,0,16541,0.05271749,0.018620398,0,0,0,0,0,0,0,0,0,0,5,1.27592676
135669.9,0.474098553,0.5,6236,37,0.16925,33.0625,34.625,37.13,0,0,0.07,0,0,20,0.5,0.104,5.5,50,1000,0.1,0.1,0.1,0.1,0.1,0.1,0.5,0,16978,0.05242078,0.018494522,0,0,0,0,0,0,0,0,0,0,5,1.229279818
135729.98,0.492543855,0.5,6236,37,0.17475,33.0625,34.625,37.09,0,0,0.25,0,0,20,0.5,0.104,5.5,50,1000,0.1,0.1,0.1,0.1,0.1,0.1,0.5,0,17440,0.051834862,0.018405963,0,0,0,0,0,0,0,0,0,0,5,1.282320681
135790.04,0.514384145,0.5,6236,37,0.14905,32.9375,34.625,37.17,0,0,0.07,0,0,20,0.5,0.104,5.5,50,1000,0.1,0.1,0.1,0.1,0.1,0.1,0.5,0,16651,0.053570356,0.018557444,0,0,0,0,0,0,0,0,0,0,5,1.348365189
135850.1,0.527667229,0.5,6236,37,0.14155,32.9375,34.5625,37.17,0,0,0,0,0,20,0.5,0.104,5.5,50,1000,0.1,0.1,0.1,0.1,0.1,0.1,0.5,0,16706,0.05435173,0.018855501,0,0,0,0,0,0,0,0,0,0,5,1.357433388
135910.18,0.534848337,0.5,6236,37,0.12285,32.9375,34.625,37.21,0,0,0,0,0,20,0.5,0.104,5.5,50,1000,0.1,0.1,0.1,0.1,0.1,0.1,0.5,0,19064,0.050776332,0.017992027,0,0,0,0,0,0,0,0,0,0,5,1.330113885
135970.23,0.538492057,0.5,6236,37,0.12335,32.8125,34.6875,37.19,0,0,0,0,0,20,0.5,0.104,5.5,50,1000,0.1,0.1,0.1,0.1,0.1,0.1,0.5,0,19114,0.051009731,0.017892644,0,0,0,0,0,0,0,0,0,0,5,1.283976756
136030.3,0.55330655,0.5,6236,37,0.20745,32.875,34.5625,36.85,0,0,0,0,0,20,0.5,0.104,5.5,50,1000,0.1,0.1,0.1,0.1,0.1,0.1,0.5,0,18018,0.053169053,0.018759019,0,0,0,0,0,0,0,0,0,0,5,1.30119624
136090.36,0.568078795,0.5,6236,37,0.2999,32.8125,34.625,36.95,0,0.02,0.15,0,0,20,0.5,0.104,5.5,50,1000,0.1,0.1,0.1,0.1,0.1,0.1,0.5,0,19036,0.051796596,0.018018491,0,0,0,0,0,0,0,0,0,0,0.44,1.30119624
136150.4,0.508571385,0.5,6236,37,0.4893,32.6875,34.625,36.15,0,0.02,0.15,0,0,20,0.5,0.104,5.5,50,1000,0.1,0.1,0.1,0.1,0.1,0.1,0.5,0,17482,0.052568356,0.01824734,0,0,0,0,0,0,0,0,0,0,0.44,1.30119624
136210.45,0.454911052,0.5,6236,37,0.582922027,32.625,34.625,35.81,0,0.015585494,0.132341977,0,0,20,0.5,0.104,5.5,50,1000,0.1,0.1,0.1,0.1,0.1,0.1,0.5,0,16774,0.051687135,0.01836175,0,0,0,0,0,0,0,0,0,0,0.44,1.30119624
136270.49,0.410783844,0.5,6236,37,0.46265,32.8125,34.625,36.23,0,0,0.07,0,0,20,0.5,0.104,5.5,50,1000,0.1,0.1,0.1,0.1,0.1,0.1,0.5,0,16404,0.05102414,0.01810534,0,0,0,0,0,0,0,0,0,0,5,1.30119624
136330.56,0.41665364,0.5,6236,37,0.26825,32.9375,34.625,37.01,0,0,0.25,0,0,20,0.5,0.104,5.5,50,1000,0.1,0.1,0.1,0.1,0.1,0.1,0.5,0,16743,0.050588306,0.017977662,0,0,0,0,0,0,0,0,0,0,5,1.30119624
136390.62,0.421475168,0.5,6236,37,0.14415,32.9375,34.6875,37.45,0,0,0.07,0,0,20,0.5,0.104,5.5,50,1000,0.1,0.1,0.1,0.1,0.1,0.1,0.5,0,16425,0.051202435,0.01826484,0,0,0,0,0,0,0,0,0,0,5,1.30119624
136450.7,0.444420466,0.5,6236,37,0.13025,33.125,34.625,37.43,0,0,0.07,0,0,20,0.5,0.104,5.5,50,1000,0.1,0.1,0.1,0.1,0.1,0.1,0.5,0,16348,0.05168828,0.018350869,0,0,0,0,0,0,0,0,0,0,5,1.30119624
136510.73,0.431343402,0.5,6236,37,0.16215,33.1875,34.625,37.27,0,0,0.07,0,0,20,0.5,0.104,5.5,50,1000,0.1,0.1,0.1,0.1,0.1,0.1,0.5,0,15942,0.052628278,0.018567306,0,0,0,0,0,0,0,0,0,0,5,1.30119624
136570.8,0.463058131,0.5,6236,37,0.15455,33.25,34.6875,37.25,0,0,0.07,0,0,20,0.5,0.104,5.5,50,1000,0.1,0.1,0.1,0.1,0.1,0.1,0.5,0,16710,0.05176541,0.018312388,0,0,0,0,0,0,0,0,0,0,5,1.30119624
136630.88,0.474537199,0.5,6236,37,0.15905,33.125,34.625,37.19,0,0,0.25,0,0,20,0.5,0.104,5.5,50,1000,0.1,0.1,0.1,0.1,0.1,0.1,0.5,0,16839,0.052200249,0.018231486,0,0,0,0,0,0,0,0,0,0,5,1.309598669
136690.94,0.461350439,0.5,6236,37,0.15305,33.125,34.625,37.19,0,0,0.07,0,0,20,0.5,0.104,5.5,50,1000,0.1,0.1,0.1,0.1,0.1,0.1,0.5,0,16687,0.052376101,0.018637263,0,0,0,0,0,0,0,0,0,0,5,1.159572479
136750.99,0.481676204,0.5,6236,37,0.16175,33,34.6875,37.13,0,0,0.07,0,0,20,0.5,0.104,5.5,50,1000,0.1,0.1,0.1,0.1,0.1,0.1,0.5,0,17894,0.051413882,0.018218397,0,0,0,0,0,0,0,0,0,0,5,1.230936413
136811.06,0.491120649,0.5,6236,37,0.20375,33,34.6875,36.95,0,0,0.07,0,0,20,0.5,0.104,5.5,50,1000,0.1,0.1,0.1,0.1,0.1,0.1,0.5,0,18257,0.050994139,0.018075259,0,0,0,0,0,0,0,0,0,0,5,1.22764271
136871.12,0.506255801,0.5,6236,37,0.1833,33.0625,34.75,37.33,0,0,0,0,0,20,0.5,0.104,5.5,50,1000,0.1,0.1,0.1,0.1,0.1,0.1,0.5,0,17397,0.052940162,0.018336495,0,0,0,0,0,0,0,0,0,0,5,1.257317348
136931.16,0.512595355,0.5,6236,37,0.1364,32.9375,34.625,37.13,0,0,0,0,0,20,0.5,0.104,5.5,50,1000,0.1,0.1,0.1,0.1,0.1,0.1,0.5,0,17446,0.05290611,0.018743552,0,0,0,0,0,0,0,0,0,0,5,1.231785508
136991.2,0.527260174,0.5,6236,37,0.1312,33,34.6875,37.09,0,0,0,0,0,20,0.5,0.104,5.5,50,1000,0.1,0.1,0.1,0.1,0.1,0.1,0.5,0,18322,0.052068551,0.018338609,0,0,0,0,0,0,0,0,0,0,5,1.254818321
137051.25,0.532086445,0.5,6236,37,0.1506,32.9375,34.6875,36.89,0,0,0,0,0,20,0.5,0.104,5.5,50,1000,0.1,0.1,0.1,0.1,0.1,0.1,0.5,0,18391,0.05225382,0.01832418,0,0,0,0,0,0,0,0,0,0,5,1.219412958
137111.28,0.539810953,0.5,6236,37,0.1467,32.8125,34.625,37.01,0,0,0,0,0,20,0.5,0.104,5.5,50,1000,0.1,0.1,0.1,0.1,0.1,0.1,0.5,0,18310,0.052758056,0.018405243,0,0,0,0,0,0,0,0,0,0,5,1.201681386
137171.35,0.555035027,0.5,6236,37,0.1228,32.875,34.6875,37.01,0,0,0,0,0,20,0.5,0.104,5.5,50,1000,0.1,0.1,0.1,0.1,0.1,0.1,0.5,0,18082,0.053478598,0.018416104,0,0,0,0,0,0,0,0,0,0,5,1.225034014
137231.4,0.580935066,0.5,6236,37,0.311075,32.8125,34.6875,36.85,0,0.02,0.25,0,0,20,0.5,0.104,5.5,50,1000,0.1,0.1,0.1,0.1,0.1,0.1,0.5,0,18903,0.052531344,0.018462678,0,0,0,0,0,0,0,0,0,0,0.44,1.225034014
137291.46,0.514296672,0.5,6236,37,0.5853,32.625,34.625,35.67,0,0.02,0.15,0,0,20,0.5,0.104,5.5,50,1000,0.1,0.1,0.1,0.1,0.1,0.1,0.5,0,18016,0.052508881,0.018372558,0,0,0,0,0,0,0,0,0,0,0.44,1.225034014
137351.53,0.476565311,0.5,6236,37,0.5067,32.6875,34.625,36.21,0,0.02,0.15,0,0,20,0.5,0.104,5.5,50,1000,0.1,0.1,0.1,0.1,0.1,0.1,0.5,0,16194,0.053538348,0.018772385,0,0,0,0,0,0,0,0,0,0,0.44,1.225034014
137411.59,0.410204273,0.5,6236,37,0.47925,32.6875,34.625,36.13,0,0,0.07,0,0,20,0.5,0.104,5.5,50,1000,0.1,0.1,0.1,0.1,0.1,0.1,0.5,0,16622,0.05077608,0.018289015,0,0,0,0,0,0,0,0,0,0,5,1.225034014
137471.62,0.421536844,0.5,6236,37,0.23195,32.8125,34.6875,37.13,0,0,0.07,0,0,20,0.5,0.104,5.5,50,1000,0.1,0.1,0.1,0.1,0.1,0.1,0.5,0,15635,0.052574352,0.01848417,0,0,0,0,0,0,0,0,0,0,5,1.225034014
137531.67,0.425483046,0.5,6236,37,0.16905,33.0625,34.625,37.33,0,0,0.25,0,0,20,0.5,0.104,5.5,50,1000,0.1,0.1,0.1,0.1,0.1,0.1,0.5,0,15672,0.05276927,0.018504339,0,0,0,0,0,0,0,0,0,0,5,1.225034014
137591.73,0.44985812,0.5,6236,37,0.17175,33.1875,34.625,37.27,0,0,0.07,0,0,20,0.5,0.104,5.5,50,1000,0.1,0.1,0.1,0.1,0.1,0.1,0.5,0,16063,0.052667621,0.018551952,0,0,0,0,0,0,0,0,0,0,5,1.225034014
137651.77,0.456721259,0.5,6236,37,0.16095,33.1875,34.6875,37.27,0,0,0.07,0,0,20,0.5,0.104,5.5,50,1000,0.1,0.1,0.1,0.1,0.1,0.1,0.5,0,17304,0.050681923,0.018030513,0,0,0,0,0,0,0,0,0,0,5,1.225034014
137711.82,0.471243502,0.5,6236,37,0.16725,33.125,34.6875,37.21,0,0,0.07,0,0,20,0.5,0.104,5.5,50,1000,0.1,0.1,0.1,0.1,0.1,0.1,0.5,0,16286,0.052683286,0.018420729,0,0,0,0,0,0,0,0,0,0,5,1.225034014
137771.88,0.463854815,0.5,6236,37,0.12265,33.0625,34.625,37.35,0,0,0.07,0,0,20,0.5,0.104,5.5,50,1000,0.1,0.1,0.1,0.1,0.1,0.1,0.5,0,16813,0.052221495,0.018438113,0,0,0,0,0,0,0,0,0,0,5,1.116372277
137831.92,0.471236329,0.5,6236,37,0.11865,33.0625,34.6875,37.33,0,0,0.25,0,0,20,0.5,0.104,5.5,50,1000,0.1,0.1,0.1,0.1,0.1,0.1,0.5,0,18004,0.050710953,0.017996001,0,0,0,0,0,0,0,0,0,0,5,1.107918034
137891.97,0.50313283,0.5,6236,37,0.14235,33.0625,34.6875,37.21,0,0,0.07,0,0,20,0.5,0.104,5.5,50,1000,0.1,0.1,0.1,0.1,0.1,0.1,0.5,0,16562,0.053616713,0.018777925,0,0,0,0,0,0,0,0,0,0,5,1.249005579
137952.03,0.499748529,0.5,6236,37,0.11835,33,34.6875,37.27,0,0,0.07,0,0,20,0.5,0.104,5.5,50,1000,0.1,0.1,0.1,0.1,0.1,0.1,0.5,0,16887,0.052880914,0.018653402,0,0,0,0,0,0,0,0,0,0,5,1.166307761
138012.08,0.513462251,0.5,6236,37,0.1567,32.9375,34.625,37.03,0,0,0,0,0,20,0.5,0.104,5.5,50,1000,0.1,0.1,0.1,0.1,0.1,0.1,0.5,0,18406,0.051233293,0.018146257,0,0,0,0,0,0,0,0,0,0,5,1.189206821
138072.15,0.532139201,0.5,6236,37,0.1469,32.9375,34.6875,37.05,0,0,0,0,0,20,0.5,0.104,5.5,50,1000,0.1,0.1,0.1,0.1,0.1,0.1,0.5,0,18282,0.051799584,0.018324035,0,0,0,0,0,0,0,0,0,0,5,1.236932276
138132.22,0.527012933,0.5,6236,37,0.1286,32.875,34.6875,37.11,0,0,0,0,0,20,0.5,0.104,5.5,50,1000,0.1,0.1,0.1,0.1,0.1,0.1,0.5,0,17612,0.0533727,0.018680445,0,0,0,0,0,0,0,0,0,0,5,1.146045596
138192.31,0.535065936,0.5,6236,37,0.1521,32.8125,34.625,37.13,0,0,0,0,0,20,0.5,0.104,5.5,50,1000,0.1,0.1,0.1,0.1,0.1,0.1,0.5,0,18948,0.051773274,0.01841883,0,0,0,0,0,0,0,0,0,0,5,1.134238
138252.38,0.572959361,0.5,6236,37,0.1618,32.9375,34.6875,36.97,0,0,0,0,0,20,0.5,0.104,5.5,50,1000,0.1,0.1,0.1,0.1,0.1,0.1,0.5,0,18663,0.052081659,0.018432192,0,0,0,0,0,0,0,0,0,0,5,1.282800517
138312.44,0.571619202,0.5,6236,37,0.258775,32.9375,34.6875,37.11,0,0.02,0.15,0,0,20,0.5,0.104,5.5,50,1000,0.1,0.1,0.1,0.1,0.1,0.1,0.5,0,18827,0.052424709,0.018218516,0,0,0,0,0,0,0,0,0,0,0.44,1.282800517
138372.51,0.518766056,0.5,6236,37,0.5626,32.8125,34.625,35.77,0,0.02,0.15,0,0,20,0.5,0.104,5.5,50,1000,0.1,0.1,0.1,0.1,0.1,0.1,0.5,0,17978,0.05217488,0.018411392,0,0,0,0,0,0,0,0,0,0,0.44,1.282800517
138432.57,0.448717089,0.5,6236,37,0.473939569,32.8125,34.625,36.07,0,0.002017874,0.25,0,0,20,0.5,0.104,5.5,50,1000,0.1,0.1,0.1,0.1,0.1,0.1,0.5,0,17486,0.05175569,0.018243166,0,0,0,0,0,0,0,0,0,0,0.44,1.282800517
138492.63,0.44795763,0.5,6236,37,0.28035,32.75,34.6875,36.85,0,0,0.07,0,0,20,0.5,0.104,5.5,50,1000,0.1,0.1,0.1,0.1,0.1,0.1,0.5,0,17076,0.051534317,0.018271258,0,0,0,0,0,0,0,0,0,0,5,1.282800517
138552.68,0.474033221,0.5,6236,37,0.20585,32.9375,34.625,37.13,0,0,0.07,0,0,20,0.5,0.104,5.5,50,1000,0.1,0.1,0.1,0.1,0.1,0.1,0.5,0,17494,0.051046073,0.018177661,0,0,0,0,0,0,0,0,0,0,5,1.282800517
138612.72,0.478263009,0.5,6236,37,0.16125,33.0625,34.625,37.27,0,0,0.07,0,0,20,0.5,0.104,5.5,50,1000,0.1,0.1,0.1,0.1,0.1,0.1,0.5,0,17934,0.050518568,0.018010483,0,0,0,0,0,0,0,0,0,0,5,1.282800517
138672.76,0.475308466,0.5,6236,37,0.12925,33.0625,34.625,37.35,0,0,0.07,0,0,20,0.5,0.104,5.5,50,1000,0.1,0.1,0.1,0.1,0.1,0.1,0.5,0,16891,0.052513173,0.018589782,0,0,0,0,0,0,0,0,0,0,5,1.282800517
138732.84,0.479028283,0.5,6236,37,0.11375,33.125,34.6875,37.37,0,0,0.25,0,0,20,0.5,0.104,5.5,50,1000,0.1,0.1,0.1,0.1,0.1,0.1,0.5,0,17813,0.051647673,0.018245102,0,0,0,0,0,0,0,0,0,0,5,1.282800517
138792.89,0.503947914,0.5,6236,37,0.17395,33,34.625,37.11,0,0,0.07,0,0,20,0.5,0.104,5.5,50,1000,0.1,0.1,0.1,0.1,0.1,0.1,0.5,0,17532,0.052133242,0.018366416,0,0,0,0,0,0,0,0,0,0,5,1.282800517
138852.96,0.503752377,0.5,6236,37,0.15355,33,34.625,37.17,0,0,0.07,0,0,20,0.5,0.104,5.5,50,1000,0.1,0.1,0.1,0.1,0.1,0.1,0.5,0,17596,0.052341441,0.018526938,0,0,0,0,0,0,0,0,0,0,5,1.217496233
138913.02,0.503026863,0.5,6236,37,0.18025,33,34.625,37.05,0,0,0.07,0,0,20,0.5,0.104,5.5,50,1000,0.1,0.1,0.1,0.1,0.1,0.1,0.5,0,19016,0.051220025,0.017932268,0,0,0,0,0,0,0,0,0,0,5,1.152297648
138973.06,0.537057516,0.5,6236,37,0.16075,33,34.625,37.11,0,0,0.07,0,0,20,0.5,0.104,5.5,50,1000,0.1,0.1,0.1,0.1,0.1,0.1,0.5,0,19047,0.05108416,0.018060587,0,0,0,0,0,0,0,0,0,0,5,1.291067632
139033.11,0.551161676,0.5,6236,37,0.13355,33,34.625,37.19,0,0,0.25,0,0,20,0.5,0.104,5.5,50,1000,0.1,0.1,0.1,0.1,0.1,0.1,0.5,0,17996,0.053122916,0.01855968,0,0,0,0,0,0,0,0,0,0,5,1.304283228
139093.15,0.563199678,0.5,6236,37,0.371275,33,34.6875,36.63,0,0.02,0.15,0,0,20,0.5,0.104,5.5,50,1000,0.1,0.1,0.1,0.1,0.1,0.1,0.5,0,19148,0.051963652,0.018383121,0,0,0,0,0,0,0,0,0,0,0.44,1.304283228
139153.22,0.504843485,0.5,6236,37,0.4904,32.75,34.625,36.17,0,0.02,0.15,0,0,20,0.5,0.104,5.5,50,1000,0.1,0.1,0.1,0.1,0.1,0.1,0.5,0,17222,0.053478109,0.018929277,0,0,0,0,0,0,0,0,0,0,0.44,1.304283228
139213.28,0.464580769,0.5,6236,37,0.598142204,32.75,34.625,35.77,0,0.016381556,0.135526223,0,0,20,0.5,0.104,5.5,50,1000,0.1,0.1,0.1,0.1,0.1,0.1,0.5,0,16735,0.052405139,0.018524051,0,0,0,0,0,0,0,0,0,0,0.44,1.304283228
139273.35,0.410933194,0.5,6236,37,0.39435,32.8125,34.625,36.49,0,0,0.07,0,0,20,0.5,0.104,5.5,50,1000,0.1,0.1,0.1,0.1,0.1,0.1,0.5,0,16722,0.050592034,0.018060041,0,0,0,0,0,0,0,0,0,0,5,1.304283228
139333.42,0.433467346,0.5,6236,37,0.24225,33,34.625,37.09,0,0,0.25,0,0,20,0.5,0.104,5.5,50,1000,0.1,0.1,0.1,0.1,0.1,0.1,0.5,0,15693,0.052507487,0.018607022,0,0,0,0,0,0,0,0,0,0,5,1.304283228
139393.48,0.436248201,0.5,6236,37,0.16175,33.125,34.6875,37.37,0,0,0.07,0,0,20,0.5,0.104,5.5,50,1000,0.1,0.1,0.1,0.1,0.1,0.1,0.5,0,16395,0.051967063,0.018481244,0,0,0,0,0,0,0,0,0,0,5,1.304283228
139453.52,0.442853626,0.5,6236,37,0.14065,33,34.625,37.41,0,0,0.07,0,0,20,0.5,0.104,5.5,50,1000,0.1,0.1,0.1,0.1,0.1,0.1,0.5,0,17335,0.050302855,0.017998269,0,0,0,0,0,0,0,0,0,0,5,1.304283228
139513.56,0.454184733,0.5,6236,37,0.13685,33.0625,34.6875,37.37,0,0,0.07,0,0,20,0.5,0.104,5.5,50,1000,0.1,0.1,0.1,0.1,0.1,0.1,0.5,0,17505,0.050442731,0.017994859,0,0,0,0,0,0,0,0,0,0,5,1.304283228
139573.64,0.470392665,0.5,6236,37,0.13045,33.25,34.625,37.35,0,0,0.07,0,0,20,0.5,0.104,5.5,50,1000,0.1,0.1,0.1,0.1,0.1,0.1,0.5,0,17116,0.051881281,0.018403833,0,0,0,0,0,0,0,0,0,0,5,1.304283228
139633.71,0.472835873,0.5,6236,37,0.14145,33.125,34.625,37.27,0,0,0.25,0,0,20,0.5,0.104,5.5,50,1000,0.1,0.1,0.1,0.1,0.1,0.1,0.5,0,16459,0.053344675,0.018713166,0,0,0,0,0,0,0,0,0,0,5,1.254610665
139693.76,0.486078172,0.5,6236,37,0.13595,33.125,34.625,37.25,0,0,0.07,0,0,20,0.5,0.104,5.5,50,1000,0.1,0.1,0.1,0.1,0.1,0.1,0.5,0,18781,0.050103828,0.017943666,0,0,0,0,0,0,0,0,0,0,5,1.274743499
139753.8,0.502630126,0.5,6236,37,0.12725,33.0625,34.625,37.25,0,0,0.07,0,0,20,0.5,0.104,5.5,50,1000,0.1,0.1,0.1,0.1,0.1,0.1,0.5,0,17103,0.052914693,0.018476291,0,0,0,0,0,0,0,0,0,0,5,1.311461636
139813.87,0.511306493,0.5,6236,37,0.14035,33.0625,34.625,37.17,0,0,0.07,0,0,20,0.5,0.104,5.5,50,1000,0.1,0.1,0.1,0.1,0.1,0.1,0.5,0,18706,0.05094622,0.017962151,0,0,0,0,0,0,0,0,0,0,5,1.297232468
139873.94,0.522309421,0.5,6236,37,0.159,33,34.625,37.13,0,0,0,0,0,20,0.5,0.104,5.5,50,1000,0.1,0.1,0.1,0.1,0.1,0.1,0.5,0,17577,0.053023838,0.018546965,0,0,0,0,0,0,0,0,0,0,5,1.296243759
139933.99,0.52699332,0.5,6236,37,0.1575,33,34.625,37.03,0,0,0,0,0,20,0.5,0.104,5.5,50,1000,0.1,0.1,0.1,0.1,0.1,0.1,0.5,0,16731,0.054569362,0.019006634,0,0,0,0,0,0,0,0,0,0,5,1.25821467
139994.04,0.545628124,0.5,6236,37,0.1077,32.9375,34.6875,37.09,0,0,0,0,0,20,0.5,0.104,5.5,50,1000,0.1,0.1,0.1,0.1,0.1,0.1,0.5,0,18112,0.05316917,0.018551237,0,0,0,0,0,0,0,0,0,0,5,1.299553275
140054.11,0.545063444,0.5,6236,37,0.4172,32.9375,34.625,36.41,0,0.02,0.15,0,0,20,0.5,0.104,5.5,50,1000,0.1,0.1,0.1,0.1,0.1,0.1,0.5,0,18549,0.052886948,0.018168095,0,0,0,0,0,0,0,0,0,0,0.44,1.299553275
140114.15,0.48519702,0.5,6236,37,0.567491223,32.6875,34.6875,35.75,0,0.016655519,0.136622077,0,0,20,0.5,0.104,5.5,50,1000,0.1,0.1,0.1,0.1,0.1,0.1,0.5,0,17756,0.05243298,0.01841631,0,0,0,0,0,0,0,0,0,0,0.44,1.299553275
140174.2,0.457477033,0.5,6236,37,0.32805,32.75,34.625,36.61,0,0,0.07,0,0,20,0.5,0.104,5.5,50,1000,0.1,0.1,0.1,0.1,0.1,0.1,0.5,0,17330,0.05170225,0.018349683,0,0,0,0,0,0,0,0,0,0,5,1.299553275
140234.27,0.460790732,0.5,6236,37,0.23655,32.9375,34.625,36.97,0,0,0.25,0,0,20,0.5,0.104,5.5,50,1000,0.1,0.1,0.1,0.1,0.1,0.1,0.5,0,16840,0.052375297,0.018527316,0,0,0,0,0,0,0,0,0,0,5,1.299553275
140294.33,0.480279051,0.5,6236,37,0.16085,33.0625,34.625,37.25,0,0,0.07,0,0,20,0.5,0.104,5.5,50,1000,0.1,0.1,0.1,0.1,0.1,0.1,0.5,0,16976,0.052957116,0.018614515,0,0,0,0,0,0,0,0,0,0,5,1.299553275
140354.4,0.50041426,0.5,6236,37,0.16395,33.0625,34.625,37.21,0,0,0.07,0,0,20,0.5,0.104,5.5,50,1000,0.1,0.1,0.1,0.1,0.1,0.1,0.5,0,16338,0.053862162,0.018851757,0,0,0,0,0,0,0,0,0,0,5,1.299553275
140414.45,0.511566909,0.5,6236,37,0.10255,33.0625,34.6875,37.41,0,0,0.07,0,0,20,0.5,0.104,5.5,50,1000,0.1,0.1,0.1,0.1,0.1,0.1,0.5,0,18618,0.0510796,0.018208186,0,0,0,0,0,0,0,0,0,0,5,1.299553275
140474.49,0.501712093,0.5,6236,37,0.07905,33,34.625,37.45,0,0,0.07,0,0,20,0.5,0.104,5.5,50,1000,0.1,0.1,0.1,0.1,0.1,0.1,0.5,0,18966,0.051091427,0.017768639,0,0,0,0,0,0,0,0,0,0,5,1.299553275
140534.54,0.50804358,0.5,6236,37,0.18075,33.125,34.6875,37.03,0,0,0.25,0,0,20,0.5,0.104,5.5,50,1000,0.1,0.1,0.1,0.1,0.1,0.1,0.5,0,17002,0.054581814,0.018880132,0,0,0,0,0,0,0,0,0,0,5,1.272198
140594.58,0.557725544,0.5,6236,37,0.17745,33.125,34.6875,37.03,0,0,0.07,0,0,20,0.5,0.104,5.5,50,1000,0.1,0.1,0.1,0.1,0.1,0.1,0.5,0,18045,0.05325575,0.018675533,0,0,0,0,0,0,0,0,0,0,5,1.488487364
140654.65,0.536013144,0.5,6236,37,0.13855,33,34.6875,37.17,0,0,0.07,0,0,20,0.5,0.104,5.5,50,1000,0.1,0.1,0.1,0.1,0.1,0.1,0.5,0,19331,0.051419999,0.018209094,0,0,0,0,0,0,0,0,0,0,5,1.294938092
140714.72,0.531021743,0.5,6236,37,0.13315,32.875,34.625,37.17,0,0,0.07,0,0,20,0.5,0.104,5.5,50,1000,0.1,0.1,0.1,0.1,0.1,0.1,0.5,0,17999,0.053836324,0.018778821,0,0,0,0,0,0,0,0,0,0,5,1.20212404
140774.77,0.549173667,0.5,6236,37,0.1253,32.9375,34.6875,37.01,0,0,0,0,0,20,0.5,0.104,5.5,50,1000,0.1,0.1,0.1,0.1,0.1,0.1,0.5,0,18369,0.053568512,0.018727203,0,0,0,0,0,0,0,0,0,0,5,1.24285311
140834.82,0.58535436,0.5,6236,37,0.4535,32.9375,34.625,36.23,0,0.02,0.25,0,0,20,0.5,0.104,5.5,50,1000,0.1,0.1,0.1,0.1,0.1,0.1,0.5,0,17388,0.055900621,0.019266161,0,0,0,0,0,0,0,0,0,0,0.44,1.24285311
140894.86,0.516129029,0.5,6236,37,0.51,32.8125,34.625,36.09,0,0.02,0.15,0,0,20,0.5,0.104,5.5,50,1000,0.1,0.1,0.1,0.1,0.1,0.1,0.5,0,17533,0.053613187,0.01870758,0,0,0,0,0,0,0,0,0,0,0.44,1.24285311
140954.92,0.460242877,0.5,6236,37,0.650917815,32.875,34.6875,35.53,0,0.018121218,0.142484872,0,0,20,0.5,0.104,5.5,50,1000,0.1,0.1,0.1,0.1,0.1,0.1,0.5,0,17251,0.052054953,0.018433714,0,0,0,0,0,0,0,0,0,0,0.44,1.24285311
141014.98,0.412124045,0.5,6236,37,0.576301155,32.6875,34.625,36.33,0,0,0.07,0,0,20,0.5,0.104,5.5,50,1000,0.1,0.1,0.1,0.1,0.1,0.1,0.5,0,16975,0.05095729,0.01826215,0,0,0,0,0,0,0,0,0,0,5,1.24285311
141075.06,0.440338072,0.5,6236,37,0.2769,33,34.6875,37.11,0,0,0.07,0,0,20,0.5,0.104,5.5,50,1000,0.1,0.1,0.1,0.1,0.1,0.1,0.5,0,15654,0.053724288,0.018908905,0,0,0,0,0,0,0,0,0,0,5,1.24285311
141135.11,0.434598018,0.5,6236,37,0.14115,33.25,34.625,37.45,0,0,0.25,0,0,20,0.5,0.104,5.5,50,1000,0.1,0.1,0.1,0.1,0.1,0.1,0.5,0,17229,0.050902548,0.018109002,0,0,0,0,0,0,0,0,0,0,5,1.24285311
141195.17,0.42767782,0.5,6236,37,0.1609,33.1875,34.625,37.27,0,0,0.07,0,0,20,0.5,0.104,5.5,50,1000,0.1,0.1,0.1,0.1,0.1,0.1,0.5,0,15720,0.054071247,0.01889313,0,0,0,0,0,0,0,0,0,0,5,1.24285311
141255.21,0.452011499,0.5,6236,37,0.12,33.25,34.625,37.33,0,0,0.07,0,0,20,0.5,0.104,5.5,50,1000,0.1,0.1,0.1,0.1,0.1,0.1,0.5,0,16398,0.053177217,0.018721795,0,0,0,0,0,0,0,0,0,0,5,1.24285311
141315.25,0.455113774,0.5,6236,37,0.1283,33.0625,34.625,37.37,0,0,0.07,0,0,20,0.5,0.104,5.5,50,1000,0.1,0.1,0.1,0.1,0.1,0.1,0.5,0,16467,0.053500941,0.01858262,0,0,0,0,0,0,0,0,0,0,5,1.24285311
141375.3,0.48686688,0.5,6236,37,0.1608,33,34.6875,37.21,0,0,0.07,0,0,20,0.5,0.104,5.5,50,1000,0.1,0.1,0.1,0.1,0.1,0.1,0.5,0,17969,0.051087985,0.018031053,0,0,0,0,0,0,0,0,0,0,5,1.383040348
141435.42,0.482694402,0.5,6236,37,0.17245,33.0625,34.6875,37.11,0,0,0.25,0,0,20,0.5,0.104,5.5,50,1000,0.1,0.1,0.1,0.1,0.1,0.1,0.5,0,17961,0.051945883,0.018317466,0,0,0,0,0,0,0,0,0,0,5,1.288067353
141495.46,0.496576195,0.5,6236,37,0.1125,32.9375,34.6875,37.11,0,0,0.07,0,0,20,0.5,0.104,5.5,50,1000,0.1,0.1,0.1,0.1,0.1,0.1,0.5,0,16754,0.0542557,0.018741793,0,0,0,0,0,0,0,0,0,0,5,1.308723554
141555.51,0.51214385,0.5,6236,37,0.1456,33,34.6875,37.11,0,0,0.07,0,0,20,0.5,0.104,5.5,50,1000,0.1,0.1,0.1,0.1,0.1,0.1,0.5,0,17683,0.053045298,0.01860544,0,0,0,0,0,0,0,0,0,0,5,1.3358932
141615.55,0.517033101,0.5,6236,37,0.1708,33,34.6875,37.03,0,0,0,0,0,20,0.5,0.104,5.5,50,1000,0.1,0.1,0.1,0.1,0.1,0.1,0.5,0,18107,0.052852488,0.018556359,0,0,0,0,0,0,0,0,0,0,5,1.297602604
141675.6,0.531048866,0.5,6236,37,0.1275,33.0625,34.6875,37.19,0,0,0,0,0,20,0.5,0.104,5.5,50,1000,0.1,0.1,0.1,0.1,0.1,0.1,0.5,0,18193,0.052932447,0.018523608,0,0,0,0,0,0,0,0,0,0,5,1.312963912
141735.67,0.536490274,0.5,6236,37,0.1459,33,34.6875,37.01,0,0,0,0,0,20,0.5,0.104,5.5,50,1000,0.1,0.1,0.1,0.1,0.1,0.1,0.5,0,18559,0.053127862,0.018481599,0,0,0,0,0,0,0,0,0,0,5,1.277898883
141795.73,0.54495114,0.5,6236,37,0.1494,33,34.6875,36.79,0,0,0,0,0,20,0.5,0.104,5.5,50,1000,0.1,0.1,0.1,0.1,0.1,0.1,0.5,0,18383,0.053636512,0.018712941,0,0,0,0,0,0,0,0,0,0,5,1.260947057
141855.78,0.558850467,0.5,6236,37,0.4222,32.9375,34.625,36.37,0,0.02,0.15,0,0,20,0.5,0.104,5.5,50,1000,0.1,0.1,0.1,0.1,0.1,0.1,0.5,0,19038,0.052946738,0.018226704,0,0,0,0,0,0,0,0,0,0,0.44,1.260947057
141915.85,0.513939989,0.5,6236,37,0.5687,32.8125,34.625,35.81,0,0.02,0.15,0,0,20,0.5,0.104,5.5,50,1000,0.1,0.1,0.1,0.1,0.1,0.1,0.5,0,18428,0.051931843,0.018124593,0,0,0,0,0,0,0,0,0,0,0.44,1.260947057
141975.92,0.449924517,0.5,6236,37,0.50915,32.6875,34.625,36.15,0,0.00213826,0.078553039,0,0,20,0.5,0.104,5.5,50,1000,0.1,0.1,0.1,0.1,0.1,0.1,0.5,0,16415,0.053426744,0.018641486,0,0,0,0,0,0,0,0,0,0,0.44,1.260947057
142035.98,0.453363093,0.5,6236,37,0.24725,32.9375,34.625,36.95,0,0,0.25,0,0,20,0.5,0.104,5.5,50,1000,0.1,0.1,0.1,0.1,0.1,0.1,0.5,0,16914,0.052619132,0.018387135,0,0,0,0,0,0,0,0,0,0,5,1.260947057
142096.04,0.465541534,0.5,6236,37,0.0943,33.125,34.5625,37.33,0,0,0.07,0,0,20,0.5,0.104,5.5,50,1000,0.1,0.1,0.1,0.1,0.1,0.1,0.5,0,17478,0.051836595,0.018251516,0,0,0,0,0,0,0,0,0,0,5,1.260947057
142156.1,0.466871528,0.5,6236,37,0.1026,33.0625,34.625,37.41,0,0,0.07,0,0,20,0.5,0.104,5.5,50,1000,0.1,0.1,0.1,0.1,0.1,0.1,0.5,0,17371,0.052846699,0.018594209,0,0,0,0,0,0,0,0,0,0,5,1.260947057
142216.15,0.501189396,0.5,6236,37,0.1427,33.125,34.5625,37.13,0,0,0.07,0,0,20,0.5,0.104,5.5,50,1000,0.1,0.1,0.1,0.1,0.1,0.1,0.5,0,17183,0.0533667,0.018681255,0,0,0,0,0,0,0,0,0,0,5,1.260947057
142276.2,0.495108226,0.5,6236,37,0.1458,33,34.625,37.13,0,0,0.07,0,0,20,0.5,0.104,5.5,50,1000,0.1,0.1,0.1,0.1,0.1,0.1,0.5,0,16549,0.055169497,0.019215663,0,0,0,0,0,0,0,0,0,0,5,1.260947057
142336.24,0.518666971,0.5,6236,37,0.19905,33,34.5625,36.97,0,0,0.25,0,0,20,0.5,0.104,5.5,50,1000,0.1,0.1,0.1,0.1,0.1,0.1,0.5,0,18121,0.052811655,0.018486838,0,0,0,0,0,0,0,0,0,0,5,1.260947057
142396.31,0.514684095,0.5,6236,37,0.1783,32.9375,34.5625,37.33,0,0,0.07,0,0,20,0.5,0.104,5.5,50,1000,0.1,0.1,0.1,0.1,0.1,0.1,0.5,0,18295,0.052855972,0.018529653,0,0,0,0,0,0,0,0,0,0,5,1.174773612
142456.37,0.556632056,0.5,6236,37,0.1005,32.9375,34.625,37.13,0,0,0.07,0,0,20,0.5,0.104,5.5,50,1000,0.1,0.1,0.1,0.1,0.1,0.1,0.5,0,17368,0.054928604,0.019000461,0,0,0,0,0,0,0,0,0,0,5,1.351088338
142516.42,0.538514089,0.5,6236,37,0.1118,32.9375,34.5625,36.95,0,0,0.07,0,0,20,0.5,0.104,5.5,50,1000,0.1,0.1,0.1,0.1,0.1,0.1,0.5,0,19544,0.052138764,0.018317642,0,0,0,0,0,0,0,0,0,0,5,1.184261579
142576.46,0.556942138,0.5,6236,37,0.1064,32.8125,34.5,36.85,0,0,0.07,0,0,20,0.5,0.104,5.5,50,1000,0.1,0.1,0.1,0.1,0.1,0.1,0.5,0,18388,0.053839461,0.018762236,0,0,0,0,0,0,0,0,0,0,5,1.225991582
142636.52,0.555883534,0.5,6236,37,0.381125,32.75,34.5625,36.57,0,0.02,0.25,0,0,20,0.5,0.104,5.5,50,1000,0.1,0.1,0.1,0.1,0.1,0.1,0.5,0,17743,0.055740292,0.019162487,0,0,0,0,0,0,0,0,0,0,0.44,1.225991582
142696.59,0.504096085,0.5,6236,37,0.637725,32.6875,34.5625,35.47,0,0.02,0.15,0,0,20,0.5,0.104,5.5,50,1000,0.1,0.1,0.1,0.1,0.1,0.1,0.5,0,16912,0.055345317,0.019217124,0,0,0,0,0,0,0,0,0,0,0.44,1.225991582
142756.66,0.463237093,0.5,6236,37,0.609685981,32.6875,34.625,35.71,0,0.01546027,0.131841078,0,0,20,0.5,0.104,5.5,50,1000,0.1,0.1,0.1,0.1,0.1,0.1,0.5,0,16764,0.053149606,0.018790265,0,0,0,0,0,0,0,0,0,0,0.44,1.225991582
142816.72,0.418503764,0.5,6236,37,0.511334332,32.8125,34.625,36.33,0,0,0.07,0,0,20,0.5,0.104,5.5,50,1000,0.1,0.1,0.1,0.1,0.1,0.1,0.5,0,15379,0.054099746,0.01898693,0,0,0,0,0,0,0,0,0,0,5,1.225991582
142876.79,0.429825065,0.5,6236,37,0.2735,32.875,34.625,37.21,0,0,0.07,0,0,20,0.5,0.104,5.5,50,1000,0.1,0.1,0.1,0.1,0.1,0.1,0.5,0,16124,0.052840486,0.018667824,0,0,0,0,0,0,0,0,0,0,5,1.225991582
142936.86,0.447701463,0.5,6236,37,0.18215,33,34.625,37.25,0,0,0.25,0,0,20,0.5,0.104,5.5,50,1000,0.1,0.1,0.1,0.1,0.1,0.1,0.5,0,16920,0.051950355,0.018144208,0,0,0,0,0,0,0,0,0,0,5,1.225991582
142996.92,0.456064938,0.5,6236,37,0.1254,33.0625,34.625,37.49,0,0,0.07,0,0,20,0.5,0.104,5.5,50,1000,0.1,0.1,0.1,0.1,0.1,0.1,0.5,0,16036,0.053629334,0.018770267,0,0,0,0,0,0,0,0,0,0,5,1.225991582
143057,0.451495523,0.5,6236,37,0.1399,33.125,34.625,37.29,0,0,0.07,0,0,20,0.5,0.104,5.5,50,1000,0.1,0.1,0.1,0.1,0.1,0.1,0.5,0,16597,0.05302163,0.018738326,0,0,0,0,0,0,0,0,0,0,5,1.225991582
143117.04,0.483158016,0.5,6236,37,0.0914,33.0625,34.625,37.29,0,0,0.07,0,0,20,0.5,0.104,5.5,50,1000,0.1,0.1,0.1,0.1,0.1,0.1,0.5,0,16798,0.053280152,0.018395047,0,0,0,0,0,0,0,0,0,0,5,1.225991582
143177.08,0.496081291,0.5,6236,37,0.158,33.125,34.6875,37.21,0,0,0.07,0,0,20,0.5,0.104,5.5,50,1000,0.1,0.1,0.1,0.1,0.1,0.1,0.5,0,18234,0.051387518,0.018152901,0,0,0,0,0,0,0,0,0,0,5,1.243880153
143237.16,0.487740901,0.5,6236,37,0.14765,33,34.625,37.19,0,0,0.25,0,0,20,0.5,0.104,5.5,50,1000,0.1,0.1,0.1,0.1,0.1,0.1,0.5,0,18176,0.051826585,0.018265845,0,0,0,0,0,0,0,0,0,0,5,1.130819701
143297.22,0.501986537,0.5,6236,37,0.1501,33,34.625,37.21,0,0,0.07,0,0,20,0.5,0.104,5.5,50,1000,0.1,0.1,0.1,0.1,0.1,0.1,0.5,0,17569,0.053104901,0.018612329,0,0,0,0,0,0,0,0,0,0,5,1.160645647
143357.26,0.508524464,0.5,6236,37,0.1256,32.875,34.5625,37.11,0,0,0.07,0,0,20,0.5,0.104,5.5,50,1000,0.1,0.1,0.1,0.1,0.1,0.1,0.5,0,17688,0.053595658,0.018713252,0,0,0,0,0,0,0,0,0,0,5,1.141433432
143417.3,0.527453355,0.5,6236,37,0.1281,32.9375,34.625,37.09,0,0,0,0,0,20,0.5,0.104,5.5,50,1000,0.1,0.1,0.1,0.1,0.1,0.1,0.5,0,18114,0.053218505,0.018549188,0,0,0,0,0,0,0,0,0,0,5,1.194003094
143477.37,0.532934672,0.5,6236,37,0.1633,33,34.5625,36.93,0,0,0,0,0,20,0.5,0.104,5.5,50,1000,0.1,0.1,0.1,0.1,0.1,0.1,0.5,0,18977,0.052273805,0.018443379,0,0,0,0,0,0,0,0,0,0,5,1.165318184
143537.41,0.530634341,0.5,6236,37,0.1185,32.8125,34.5625,37.03,0,0,0,0,0,20,0.5,0.104,5.5,50,1000,0.1,0.1,0.1,0.1,0.1,0.1,0.5,0,17806,0.054644502,0.018926205,0,0,0,0,0,0,0,0,0,0,5,1.094075208
143597.46,0.555859123,0.5,6236,37,0.1679,32.75,34.5625,37.09,0,0,0,0,0,20,0.5,0.104,5.5,50,1000,0.1,0.1,0.1,0.1,0.1,0.1,0.5,0,18084,0.054080956,0.018745853,0,0,0,0,0,0,0,0,0,0,5,1.178696621
143657.54,0.584633118,0.5,6236,37,0.48595,32.6875,34.5,36.09,0,0.02,0.15,0,0,20,0.5,0.104,5.5,50,1000,0.1,0.1,0.1,0.1,0.1,0.1,0.5,0,18935,0.053498812,0.018537101,0,0,0,0,0,0,0,0,0,0,0.44,1.178696621
143717.57,0.526067759,0.5,6236,37,0.592825,32.625,34.5625,35.69,0,0.02,0.15,0,0,20,0.5,0.104,5.5,50,1000,0.1,0.1,0.1,0.1,0.1,0.1,0.5,0,17891,0.053267006,0.018724498,0,0,0,0,0,0,0,0,0,0,0.44,1.178696621
143777.62,0.472823583,0.5,6236,37,0.565386885,32.75,34.5625,35.97,0,0.019847072,0.149388289,0,0,20,0.5,0.104,5.5,50,1000,0.1,0.1,0.1,0.1,0.1,0.1,0.5,0,16653,0.053804119,0.018855461,0,0,0,0,0,0,0,0,0,0,0.44,1.178696621
143837.69,0.439439672,0.5,6236,37,0.38735,32.75,34.625,36.47,0,0,0.25,0,0,20,0.5,0.104,5.5,50,1000,0.1,0.1,0.1,0.1,0.1,0.1,0.5,0,16761,0.05214486,0.018435654,0,0,0,0,0,0,0,0,0,0,5,1.178696621
143897.75,0.458095906,0.5,6236,37,0.1356,32.875,34.5,37.27,0,0,0.07,0,0,20,0.5,0.104,5.5,50,1000,0.1,0.1,0.1,0.1,0.1,0.1,0.5,0,16614,0.052846997,0.018418202,0,0,0,0,0,0,0,0,0,0,5,1.178696621
143957.8,0.459881554,0.5,6236,37,0.1301,33,34.5625,37.49,0,0,0.07,0,0,20,0.5,0.104,5.5,50,1000,0.1,0.1,0.1,0.1,0.1,0.1,0.5,0,15666,0.054959786,0.019022086,0,0,0,0,0,0,0,0,0,0,5,1.178696621
144017.86,0.473788778,0.5,6236,37,0.1184,33.1875,34.625,37.25,0,0,0.07,0,0,20,0.5,0.104,5.5,50,1000,0.1,0.1,0.1,0.1,0.1,0.1,0.5,0,16929,0.052986,0.018666194,0,0,0,0,0,0,0,0,0,0,5,1.178696621
144077.91,0.479132113,0.5,6236,37,0.1117,33.125,34.625,37.29,0,0,0.07,0,0,20,0.5,0.104,5.5,50,1000,0.1,0.1,0.1,0.1,0.1,0.1,0.5,0,17633,0.052628594,0.018261215,0,0,0,0,0,0,0,0,0,0,5,1.178696621
144137.95,0.489913204,0.5,6236,37,0.19105,33.125,34.625,37.05,0,0,0.25,0,0,20,0.5,0.104,5.5,50,1000,0.1,0.1,0.1,0.1,0.1,0.1,0.5,0,17145,0.053426655,0.018664334,0,0,0,0,0,0,0,0,0,0,5,1.178696621
144198,0.500806665,0.5,6236,37,0.1267,32.9375,34.625,36.97,0,0,0.07,0,0,20,0.5,0.104,5.5,50,1000,0.1,0.1,0.1,0.1,0.1,0.1,0.5,0,17456,0.05327681,0.01861824,0,0,0,0,0,0,0,0,0,0,5,1.185737454
144258.06,0.510836346,0.5,6236,37,0.1822,33.125,34.625,37.11,0,0,0.07,0,0,20,0.5,0.104,5.5,50,1000,0.1,0.1,0.1,0.1,0.1,0.1,0.5,0,17187,0.05451795,0.019026008,0,0,0,0,0,0,0,0,0,0,5,1.185938022
144318.1,0.506009625,0.5,6236,37,0.1247,33,34.6875,37.11,0,0,0.07,0,0,20,0.5,0.104,5.5,50,1000,0.1,0.1,0.1,0.1,0.1,0.1,0.5,0,17303,0.05449922,0.018898457,0,0,0,0,0,0,0,0,0,0,5,1.098160365
144378.15,0.528499234,0.5,6236,37,0.129,32.875,34.6875,37.13,0,0,0.07,0,0,20,0.5,0.104,5.5,50,1000,0.1,0.1,0.1,0.1,0.1,0.1,0.5,0,17667,0.054281995,0.018735496,0,0,0,0,0,0,0,0,0,0,5,1.173709342
144438.22,0.548015573,0.5,6236,37,0.1283,32.9375,34.625,37.03,0,0,0,0,0,20,0.5,0.104,5.5,50,1000,0.1,0.1,0.1,0.1,0.1,0.1,0.5,0,17655,0.054715378,0.018974795,0,0,0,0,0,0,0,0,0,0,5,1.223810919
144498.26,0.563513777,0.5,6236,37,0.441375,32.875,34.6875,36.29,0,0.02,0.15,0,0,20,0.5,0.104,5.5,50,1000,0.1,0.1,0.1,0.1,0.1,0.1,0.5,0,17503,0.055476204,0.019139576,0,0,0,0,0,0,0,0,0,0,0.44,1.223810919
144558.32,0.498874273,0.5,6236,37,0.5328,32.9375,34.625,35.97,0,0.02,0.15,0,0,20,0.5,0.104,5.5,50,1000,0.1,0.1,0.1,0.1,0.1,0.1,0.5,0,18622,0.052464827,0.018311674,0,0,0,0,0,0,0,0,0,0,0.44,1.223810919
144618.38,0.456349276,0.5,6236,37,0.50955,32.75,34.625,36.09,0,0,0.07,0,0,20,0.5,0.104,5.5,50,1000,0.1,0.1,0.1,0.1,0.1,0.1,0.5,0,16635,0.054102795,0.01881575,0,0,0,0,0,0,0,0,0,0,5,1.223810919
144678.44,0.463635316,0.5,6236,37,0.2343,32.875,34.625,37.09,0,0,0.07,0,0,20,0.5,0.104,5.5,50,1000,0.1,0.1,0.1,0.1,0.1,0.1,0.5,0,18060,0.051439646,0.018272425,0,0,0,0,0,0,0,0,0,0,5,1.223810919
144738.52,0.485667811,0.5,6236,37,0.19665,33,34.625,37.09,0,0,0.25,0,0,20,0.5,0.104,5.5,50,1000,0.1,0.1,0.1,0.1,0.1,0.1,0.5,0,16591,0.054547646,0.018925924,0,0,0,0,0,0,0,0,0,0,5,1.223810919
144798.58,0.488070044,0.5,6236,37,0.1264,33,34.625,37.41,0,0,0.07,0,0,20,0.5,0.104,5.5,50,1000,0.1,0.1,0.1,0.1,0.1,0.1,0.5,0,17633,0.053082289,0.018374638,0,0,0,0,0,0,0,0,0,0,5,1.223810919
144858.64,0.512125904,0.5,6236,37,0.0891,33.125,34.625,37.25,0,0,0.07,0,0,20,0.5,0.104,5.5,50,1000,0.1,0.1,0.1,0.1,0.1,0.1,0.5,0,17678,0.053173436,0.018610703,0,0,0,0,0,0,0,0,0,0,5,1.223810919
144918.69,0.523092376,0.5,6236,37,0.1322,33,34.625,37.09,0,0,0.07,0,0,20,0.5,0.104,5.5,50,1000,0.1,0.1,0.1,0.1,0.1,0.1,0.5,0,17072,0.054826617,0.018978444,0,0,0,0,0,0,0,0,0,0,5,1.223810919
144978.73,0.525507627,0.5,6236,37,0.0991,32.9375,34.6875,36.97,0,0,0.07,0,0,20,0.5,0.104,5.5,50,1000,0.1,0.1,0.1,0.1,0.1,0.1,0.5,0,18434,0.052945644,0.018335684,0,0,0,0,0,0,0,0,0,0,5,1.176440258
145038.78,0.539142429,0.5,6236,37,0.17745,32.9375,34.6875,37.03,0,0,0.25,0,0,20,0.5,0.104,5.5,50,1000,0.1,0.1,0.1,0.1,0.1,0.1,0.5,0,17665,0.054684404,0.018964053,0,0,0,0,0,0,0,0,0,0,5,1.194463483
145098.82,0.54378064,0.5,6236,37,0.1558,32.9375,34.6875,37.01,0,0,0.07,0,0,20,0.5,0.104,5.5,50,1000,0.1,0.1,0.1,0.1,0.1,0.1,0.5,0,17987,0.054761772,0.018846945,0,0,0,0,0,0,0,0,0,0,5,1.160438751
145158.86,0.554822747,0.5,6236,37,0.491675,33,34.6875,36.07,0,0.02,0.15,0,0,20,0.5,0.104,5.5,50,1000,0.1,0.1,0.1,0.1,0.1,0.1,0.5,0,19063,0.053087132,0.018465089,0,0,0,0,0,0,0,0,0,0,0.44,1.160438751
145218.91,0.495563642,0.5,6236,37,0.613213008,32.6875,34.625,35.63,0,0.018970351,0.145881405,0,0,20,0.5,0.104,5.5,50,1000,0.1,0.1,0.1,0.1,0.1,0.1,0.5,0,16798,0.055423265,0.019168949,0,0,0,0,0,0,0,0,0,0,0.44,1.160438751
145278.95,0.457106557,0.5,6236,37,0.538030394,32.8125,34.6875,36.25,0,0,0.07,0,0,20,0.5,0.104,5.5,50,1000,0.1,0.1,0.1,0.1,0.1,0.1,0.5,0,16082,0.054533018,0.018965303,0,0,0,0,0,0,0,0,0,0,5,1.160438751
145339,0.462356368,0.5,6236,37,0.24005,32.9375,34.6875,37.01,0,0,0.25,0,0,20,0.5,0.104,5.5,50,1000,0.1,0.1,0.1,0.1,0.1,0.1,0.5,0,18197,0.050667692,0.018134857,0,0,0,0,0,0,0,0,0,0,5,1.160438751
145399.04,0.465425815,0.5,6236,37,0.0809,33.0625,34.625,37.37,0,0,0.07,0,0,20,0.5,0.104,5.5,50,1000,0.1,0.1,0.1,0.1,0.1,0.1,0.5,0,16966,0.053341978,0.018684428,0,0,0,0,0,0,0,0,0,0,5,1.160438751
145459.09,0.473900891,0.5,6236,37,0.1377,33.0625,34.625,37.25,0,0,0.07,0,0,20,0.5,0.104,5.5,50,1000,0.1,0.1,0.1,0.1,0.1,0.1,0.5,0,16612,0.054358295,0.018962196,0,0,0,0,0,0,0,0,0,0,5,1.160438751
145519.14,0.473015776,0.5,6236,37,0.0984,33.125,34.6875,37.25,0,0,0.07,0,0,20,0.5,0.104,5.5,50,1000,0.1,0.1,0.1,0.1,0.1,0.1,0.5,0,17019,0.053880957,0.018567483,0,0,0,0,0,0,0,0,0,0,5,1.160438751
145579.21,0.521493289,0.5,6236,37,0.1391,33,34.6875,37.17,0,0,0.07,0,0,20,0.5,0.104,5.5,50,1000,0.1,0.1,0.1,0.1,0.1,0.1,0.5,0,16345,0.05579688,0.019210768,0,0,0,0,0,0,0,0,0,0,5,1.160438751
145639.28,0.496339788,0.5,6236,37,0.18295,33,34.6875,37.05,0,0,0.25,0,0,20,0.5,0.104,5.5,50,1000,0.1,0.1,0.1,0.1,0.1,0.1,0.5,0,17206,0.054515867,0.018946879,0,0,0,0,0,0,0,0,0,0,5,0.954109841
145699.34,0.498848341,0.5,6236,37,0.0974,33,34.625,37.25,0,0,0.07,0,0,20,0.5,0.104,5.5,50,1000,0.1,0.1,0.1,0.1,0.1,0.1,0.5,0,17301,0.05473672,0.018842841,0,0,0,0,0,0,0,0,0,0,5,0.921528477
145759.41,0.535383508,0.5,6236,37,0.1314,32.9375,34.625,37.19,0,0,0.07,0,0,20,0.5,0.104,5.5,50,1000,0.1,0.1,0.1,0.1,0.1,0.1,0.5,0,18630,0.053301127,0.018679549,0,0,0,0,0,0,0,0,0,0,5,1.087495662
145819.45,0.547777124,0.5,6236,37,0.1148,32.9375,34.625,37.17,0,0,0.07,0,0,20,0.5,0.104,5.5,50,1000,0.1,0.1,0.1,0.1,0.1,0.1,0.5,0,19015,0.053168551,0.018564291,0,0,0,0,0,0,0,0,0,0,5,1.101776386
145879.52,0.560414968,0.5,6236,37,0.1274,32.9375,34.6875,36.93,0,0.02,0.15,0,0,20,0.5,0.104,5.5,50,1000,0.1,0.1,0.1,0.1,0.1,0.1,0.5,0,17794,0.055018546,0.019051366,0,0,0,0,0,0,0,0,0,0,0.44,1.101776386
145939.58,0.49190519,0.5,6236,37,0.67880869,32.75,34.6875,35.31,0,0.019057793,0.25,0,0,20,0.5,0.104,5.5,50,1000,0.1,0.1,0.1,0.1,0.1,0.1,0.5,0,16351,0.056204513,0.019326035,0,0,0,0,0,0,0,0,0,0,0.44,1.101776386
145999.61,0.454067777,0.5,6236,37,0.486803171,32.75,34.6875,36.23,0,0,0.07,0,0,20,0.5,0.104,5.5,50,1000,0.1,0.1,0.1,0.1,0.1,0.1,0.5,0,17604,0.051920018,0.018234492,0,0,0,0,0,0,0,0,0,0,5,1.101776386
146059.65,0.472359273,0.5,6236,37,0.2122,33,34.6875,37.21,0,0,0.07,0,0,20,0.5,0.104,5.5,50,1000,0.1,0.1,0.1,0.1,0.1,0.1,0.5,0,16188,0.054546578,0.018902891,0,0,0,0,0,0,0,0,0,0,5,1.101776386
146119.72,0.474239096,0.5,6236,37,0.1453,33.0625,34.6875,37.35,0,0,0.07,0,0,20,0.5,0.104,5.5,50,1000,0.1,0.1,0.1,0.1,0.1,0.1,0.5,0,16673,0.053919511,0.018712889,0,0,0,0,0,0,0,0,0,0,5,1.101776386
146179.78,0.490677341,0.5,6236,37,0.1321,33.0625,34.6875,37.33,0,0,0.07,0,0,20,0.5,0.104,5.5,50,1000,0.1,0.1,0.1,0.1,0.1,0.1,0.5,0,16623,0.054502797,0.01888949,0,0,0,0,0,0,0,0,0,0,5,1.101776386
146239.82,0.504142843,0.5,6236,37,0.17555,33.0625,34.625,37.13,0,0,0.25,0,0,20,0.5,0.104,5.5,50,1000,0.1,0.1,0.1,0.1,0.1,0.1,0.5,0,16414,0.055562325,0.01894724,0,0,0,0,0,0,0,0,0,0,5,1.101776386
146299.86,0.517711045,0.5,6236,37,0.1736,33,34.6875,37.29,0,0,0.07,0,0,20,0.5,0.104,5.5,50,1000,0.1,0.1,0.1,0.1,0.1,0.1,0.5,0,17553,0.05360907,0.018686264,0,0,0,0,0,0,0,0,0,0,5,1.101776386
146359.93,0.534477132,0.5,6236,37,0.1413,32.875,34.625,37.29,0,0,0.07,0,0,20,0.5,0.104,5.5,50,1000,0.1,0.1,0.1,0.1,0.1,0.1,0.5,0,17554,0.054289621,0.018913068,0,0,0,0,0,0,0,0,0,0,5,1.142302627
146419.98,0.525127274,0.5,6236,37,0.1833,32.9375,34.625,37.05,0,0,0.07,0,0,20,0.5,0.104,5.5,50,1000,0.1,0.1,0.1,0.1,0.1,0.1,0.5,0,19521,0.051636699,0.018185544,0,0,0,0,0,0,0,0,0,0,5,1.032242637
146480.06,0.539024454,0.5,6236,37,0.1391,33,34.625,37.13,0,0,0.07,0,0,20,0.5,0.104,5.5,50,1000,0.1,0.1,0.1,0.1,0.1,0.1,0.5,0,17616,0.054893279,0.019016803,0,0,0,0,0,0,0,0,0,0,5,1.058991342
146540.13,0.550752973,0.5,6236,37,0.19055,32.9375,34.625,36.95,0,0,0.25,0,0,20,0.5,0.104,5.5,50,1000,0.1,0.1,0.1,0.1,0.1,0.1,0.5,0,18551,0.054067166,0.018705191,0,0,0,0,0,0,0,0,0,0,5,1.070618112
146600.19,0.548762398,0.5,6236,37,0.1277,33,34.6875,36.97,0,0.02,0.15,0,0,20,0.5,0.104,5.5,50,1000,0.1,0.1,0.1,0.1,0.1,0.1,0.5,0,18713,0.05370598,0.018810453,0,0,0,0,0,0,0,0,0,0,0.44,1.070618112
146660.26,0.523460659,0.5,6236,37,0.403425,32.8125,34.625,36.37,0,0.02,0.15,0,0,20,0.5,0.104,5.5,50,1000,0.1,0.1,0.1,0.1,0.1,0.1,0.5,0,17188,0.0553293,0.019024901,0,0,0,0,0,0,0,0,0,0,0.44,1.070618112
146720.3,0.460412665,0.5,6236,37,0.49775,32.75,34.625,36.33,0,0.02,0.15,0,0,20,0.5,0.104,5.5,50,1000,0.1,0.1,0.1,0.1,0.1,0.1,0.5,0,17867,0.052666928,0.018413836,0,0,0,0,0,0,0,0,0,0,0.44,1.070618112
146780.36,0.429507463,0.5,6236,37,0.53405,32.8125,34.6875,36.33,0,0,0.07,0,0,20,0.5,0.104,5.5,50,1000,0.1,0.1,0.1,0.1,0.1,0.1,0.5,0,15790,0.053831539,0.018809373,0,0,0,0,0,0,0,0,0,0,5,1.070618112
146840.42,0.435014551,0.5,6236,37,0.25785,33.0625,34.625,37.03,0,0,0.25,0,0,20,0.5,0.104,5.5,50,1000,0.1,0.1,0.1,0.1,0.1,0.1,0.5,0,16963,0.051818664,0.018275069,0,0,0,0,0,0,0,0,0,0,5,1.070618112
146900.47,0.445676924,0.5,6236,37,0.1249,33.0625,34.625,37.45,0,0,0.07,0,0,20,0.5,0.104,5.5,50,1000,0.1,0.1,0.1,0.1,0.1,0.1,0.5,0,16869,0.052107416,0.018376904,0,0,0,0,0,0,0,0,0,0,5,1.070618112
146960.51,0.456902001,0.5,6236,37,0.1196,33.0625,34.6875,37.45,0,0,0.07,0,0,20,0.5,0.104,5.5,50,1000,0.1,0.1,0.1,0.1,0.1,0.1,0.5,0,17315,0.0519203,0.018307826,0,0,0,0,0,0,0,0,0,0,5,1.070618112
147020.58,0.44849781,0.5,6236,37,0.0934,33.0625,34.6875,37.45,0,0,0.07,0,0,20,0.5,0.104,5.5,50,1000,0.1,0.1,0.1,0.1,0.1,0.1,0.5,0,15868,0.054827325,0.019095034,0,0,0,0,0,0,0,0,0,0,5,1.070618112
147080.64,0.464613255,0.5,6236,37,0.1226,33.1875,34.6875,37.21,0,0,0.07,0,0,20,0.5,0.104,5.5,50,1000,0.1,0.1,0.1,0.1,0.1,0.1,0.5,0,16866,0.053954702,0.018558046,0,0,0,0,0,0,0,0,0,0,5,1.070618112
147140.68,0.474600852,0.5,6236,37,0.18195,32.9375,34.6875,37.09,0,0,0.25,0,0,20,0.5,0.104,5.5,50,1000,0.1,0.1,0.1,0.1,0.1,0.1,0.5,0,18243,0.051745875,0.018198761,0,0,0,0,0,0,0,0,0,0,5,1.080893575
147200.73,0.490204569,0.5,6236,37,0.1064,32.9375,34.625,37.17,0,0,0.07,0,0,20,0.5,0.104,5.5,50,1000,0.1,0.1,0.1,0.1,0.1,0.1,0.5,0,17498,0.05326323,0.018516402,0,0,0,0,0,0,0,0,0,0,5,1.123894853
147260.79,0.514935239,0.5,6236,37,0.1224,33.125,34.625,37.37,0,0,0.07,0,0,20,0.5,0.104,5.5,50,1000,0.1,0.1,0.1,0.1,0.1,0.1,0.5,0,17321,0.054384851,0.018763351,0,0,0,0,0,0,0,0,0,0,5,1.21535517
147320.83,0.500770634,0.5,6236,37,0.1199,32.9375,34.625,37.01,0,0,0.07,0,0,20,0.5,0.104,5.5,50,1000,0.1,0.1,0.1,0.1,0.1,0.1,0.5,0,17979,0.053729351,0.01874409,0,0,0,0,0,0,0,0,0,0,5,1.07090852
147380.91,0.514096626,0.5,6236,37,0.1357,33,34.625,37.05,0,0,0,0,0,20,0.5,0.104,5.5,50,1000,0.1,0.1,0.1,0.1,0.1,0.1,0.5,0,17528,0.054541305,0.01882702,0,0,0,0,0,0,0,0,0,0,5,1.096152261
147440.99,0.532017392,0.5,6236,37,0.1424,33,34.625,37.11,0,0,0,0,0,20,0.5,0.104,5.5,50,1000,0.1,0.1,0.1,0.1,0.1,0.1,0.5,0,18111,0.053834686,0.018717906,0,0,0,0,0,0,0,0,0,0,5,1.144139483
147501.04,0.5526556,0.5,6236,37,0.1444,32.9375,34.625,37.09,0,0,0,0,0,20,0.5,0.104,5.5,50,1000,0.1,0.1,0.1,0.1,0.1,0.1,0.5,0,18075,0.054218534,0.018810512,0,0,0,0,0,0,0,0,0,0,5,1.201109034
147561.12,0.54157168,0.5,6236,37,0.1355,32.875,34.6875,36.93,0,0.02,0.15,0,0,20,0.5,0.104,5.5,50,1000,0.1,0.1,0.1,0.1,0.1,0.1,0.5,0,17916,0.054922974,0.01897745,0,0,0,0,0,0,0,0,0,0,0.44,1.201109034
147621.19,0.496107755,0.5,6236,37,0.449225,32.75,34.6875,36.17,0,0.02,0.15,0,0,20,0.5,0.104,5.5,50,1000,0.1,0.1,0.1,0.1,0.1,0.1,0.5,0,17024,0.054746241,0.018855733,0,0,0,0,0,0,0,0,0,0,0.44,1.201109034
147681.24,0.466353418,0.5,6236,37,0.527725,32.6875,34.6875,36.13,0,0.02,0.15,0,0,20,0.5,0.104,5.5,50,1000,0.1,0.1,0.1,0.1,0.1,0.1,0.5,0,15935,0.054659554,0.018889238,0,0,0,0,0,0,0,0,0,0,0.44,1.201109034
147741.29,0.426507495,0.5,6236,37,0.37285,32.8125,34.75,36.57,0,0,0.25,0,0,20,0.5,0.104,5.5,50,1000,0.1,0.1,0.1,0.1,0.1,0.1,0.5,0,15535,0.05394271,0.018860637,0,0,0,0,0,0,0,0,0,0,5,1.201109034
147801.33,0.402712147,0.5,6236,37,0.2097,33.0625,34.75,37.37,0,0,0.07,0,0,20,0.5,0.104,5.5,50,1000,0.1,0.1,0.1,0.1,0.1,0.1,0.5,0,15769,0.05358615,0.018644175,0,0,0,0,0,0,0,0,0,0,5,1.201109034
147861.4,0.430155617,0.5,6236,37,0.1091,33.0625,34.75,37.51,0,0,0.07,0,0,20,0.5,0.104,5.5,50,1000,0.1,0.1,0.1,0.1,0.1,0.1,0.5,0,16589,0.052444391,0.018385677,0,0,0,0,0,0,0,0,0,0,5,1.201109034
147921.44,0.448811357,0.5,6236,37,0.1218,33.125,34.6875,37.49,0,0,0.07,0,0,20,0.5,0.104,5.5,50,1000,0.1,0.1,0.1,0.1,0.1,0.1,0.5,0,15535,0.055101384,0.01911812,0,0,0,0,0,0,0,0,0,0,5,1.201109034
147981.48,0.457960144,0.5,6236,37,0.085,33.1875,34.6875,37.11,0,0,0.07,0,0,20,0.5,0.104,5.5,50,1000,0.1,0.1,0.1,0.1,0.1,0.1,0.5,0,16997,0.052656351,0.018415014,0,0,0,0,0,0,0,0,0,0,5,1.201109034
148041.53,0.447028353,0.5,6236,37,0.17935,33.125,34.6875,37.11,0,0,0.25,0,0,20,0.5,0.104,5.5,50,1000,0.1,0.1,0.1,0.1,0.1,0.1,0.5,0,17191,0.052585655,0.018498051,0,0,0,0,0,0,0,0,0,0,5,1.201109034
148101.58,0.473956122,0.5,6236,37,0.1353,33,34.6875,37.27,0,0,0.07,0,0,20,0.5,0.104,5.5,50,1000,0.1,0.1,0.1,0.1,0.1,0.1,0.5,0,17190,0.053461315,0.018615474,0,0,0,0,0,0,0,0,0,0,5,1.316531762
148161.64,0.472459034,0.5,6236,37,0.1101,33,34.6875,37.13,0,0,0.07,0,0,20,0.5,0.104,5.5,50,1000,0.1,0.1,0.1,0.1,0.1,0.1,0.5,0,16593,0.054661604,0.018863376,0,0,0,0,0,0,0,0,0,0,5,1.241214061
148221.72,0.500290382,0.5,6236,37,0.0782,33,34.6875,37.13,0,0,0.07,0,0,20,0.5,0.104,5.5,50,1000,0.1,0.1,0.1,0.1,0.1,0.1,0.5,0,17114,0.05416618,0.018815005,0,0,0,0,0,0,0,0,0,0,5,1.350866311
148281.79,0.519309802,0.5,6236,37,0.1475,33,34.6875,37.09,0,0,0.07,0,0,20,0.5,0.104,5.5,50,1000,0.1,0.1,0.1,0.1,0.1,0.1,0.5,0,15942,0.056768285,0.01944549,0,0,0,0,0,0,0,0,0,0,5,1.395258791
148341.84,0.535216742,0.5,6236,37,0.1542,33,34.6875,37.13,0,0,0,0,0,20,0.5,0.104,5.5,50,1000,0.1,0.1,0.1,0.1,0.1,0.1,0.5,0,17834,0.053717618,0.018728272,0,0,0,0,0,0,0,0,0,0,5,1.41600934
148401.92,0.540634623,0.5,6236,37,0.1194,32.9375,34.6875,36.77,0,0,0,0,0,20,0.5,0.104,5.5,50,1000,0.1,0.1,0.1,0.1,0.1,0.1,0.5,0,17286,0.055478422,0.019032743,0,0,0,0,0,0,0,0,0,0,5,1.375424534
148462,0.530850601,0.5,6236,37,0.177,32.875,34.75,36.89,0,0,0,0,0,20,0.5,0.104,5.5,50,1000,0.1,0.1,0.1,0.1,0.1,0.1,0.5,0,19086,0.052656397,0.018338049,0,0,0,0,0,0,0,0,0,0,5,1.251864159
148522.06,0.537729298,0.5,6236,37,0.1649,32.9375,34.6875,37.01,0,0,0,0,0,20,0.5,0.104,5.5,50,1000,0.1,0.1,0.1,0.1,0.1,0.1,0.5,0,17794,0.054906148,0.018995167,0,0,0,0,0,0,0,0,0,0,5,1.227894883
148582.11,0.566412479,0.5,6236,37,0.1345,32.875,34.75,36.87,0,0,0,0,0,20,0.5,0.104,5.5,50,1000,0.1,0.1,0.1,0.1,0.1,0.1,0.5,0,18129,0.054332837,0.018754482,0,0,0,0,0,0,0,0,0,0,5,1.322402052
148642.15,0.567648338,0.5,6236,37,0.461125,32.9375,34.8125,36.13,0,0.02,0.25,0,0,20,0.5,0.104,5.5,50,1000,0.1,0.1,0.1,0.1,0.1,0.1,0.5,0,18765,0.054143352,0.018705036,0,0,0,0,0,0,0,0,0,0,0.44,1.322402052
148702.18,0.505076871,0.5,6236,37,0.405375,32.75,34.6875,36.17,0,0.02,0.15,0,0,20,0.5,0.104,5.5,50,1000,0.1,0.1,0.1,0.1,0.1,0.1,0.5,0,17038,0.055346872,0.019133701,0,0,0,0,0,0,0,0,0,0,0.44,1.322402052
148762.22,0.459406972,0.5,6236,37,0.519325,32.75,34.75,36.05,0,0.016126182,0.134504728,0,0,20,0.5,0.104,5.5,50,1000,0.1,0.1,0.1,0.1,0.1,0.1,0.5,0,16714,0.053847074,0.018547326,0,0,0,0,0,0,0,0,0,0,0.44,1.322402052
148822.29,0.413781029,0.5,6236,37,0.489785801,32.8125,34.75,36.25,0,0,0.07,0,0,20,0.5,0.104,5.5,50,1000,0.1,0.1,0.1,0.1,0.1,0.1,0.5,0,16923,0.051941145,0.018200083,0,0,0,0,0,0,0,0,0,0,5,1.322402052
148882.33,0.439799672,0.5,6236,37,0.2242,33,34.6875,37.11,0,0,0.07,0,0,20,0.5,0.104,5.5,50,1000,0.1,0.1,0.1,0.1,0.1,0.1,0.5,0,16389,0.052962353,0.018732076,0,0,0,0,0,0,0,0,0,0,5,1.322402052
148942.37,0.437000908,0.5,6236,37,0.12845,33.125,34.6875,37.43,0,0,0.25,0,0,20,0.5,0.104,5.5,50,1000,0.1,0.1,0.1,0.1,0.1,0.1,0.5,0,16410,0.053016453,0.018647166,0,0,0,0,0,0,0,0,0,0,5,1.322402052
149002.42,0.450315461,0.5,6236,37,0.1008,33,34.625,37.43,0,0,0.07,0,0,20,0.5,0.104,5.5,50,1000,0.1,0.1,0.1,0.1,0.1,0.1,0.5,0,17012,0.052727486,0.018516341,0,0,0,0,0,0,0,0,0,0,5,1.322402052
149062.49,0.460744603,0.5,6236,37,0.1936,33.125,34.6875,37.35,0,0,0.07,0,0,20,0.5,0.104,5.5,50,1000,0.1,0.1,0.1,0.1,0.1,0.1,0.5,0,16499,0.054063883,0.018910237,0,0,0,0,0,0,0,0,0,0,5,1.322402052
149122.56,0.478424922,0.5,6236,37,0.1487,33.125,34.625,37.33,0,0,0.07,0,0,20,0.5,0.104,5.5,50,1000,0.1,0.1,0.1,0.1,0.1,0.1,0.5,0,17847,0.052053566,0.018322407,0,0,0,0,0,0,0,0,0,0,5,1.322402052
149182.63,0.473738636,0.5,6236,37,0.0776,33,34.625,37.09,0,0,0.07,0,0,20,0.5,0.104,5.5,50,1000,0.1,0.1,0.1,0.1,0.1,0.1,0.5,0,17430,0.053241538,0.01858864,0,0,0,0,0,0,0,0,0,0,5,1.226751363
149242.69,0.500898492,0.5,6236,37,0.22205,33,34.6875,36.89,0,0,0.25,0,0,20,0.5,0.104,5.5,50,1000,0.1,0.1,0.1,0.1,0.1,0.1,0.5,0,16829,0.054370432,0.018895953,0,0,0,0,0,0,0,0,0,0,5,1.332656898
149302.75,0.504166369,0.5,6236,37,0.1389,32.875,34.625,37.21,0,0,0.07,0,0,20,0.5,0.104,5.5,50,1000,0.1,0.1,0.1,0.1,0.1,0.1,0.5,0,16098,0.056590881,0.01938129,0,0,0,0,0,0,0,0,0,0,5,1.285532576
149362.79,0.51514336,0.5,6236,37,0.099,33,34.6875,37.13,0,0,0.07,0,0,20,0.5,0.104,5.5,50,1000,0.1,0.1,0.1,0.1,0.1,0.1,0.5,0,18022,0.053379203,0.018477416,0,0,0,0,0,0,0,0,0,0,5,1.285872711
149422.86,0.508683211,0.5,6236,37,0.0859,33.0625,34.6875,37.11,0,0,0,0,0,20,0.5,0.104,5.5,50,1000,0.1,0.1,0.1,0.1,0.1,0.1,0.5,0,18652,0.052916577,0.018443062,0,0,0,0,0,0,0,0,0,0,5,1.183719724
149482.93,0.523968571,0.5,6236,37,0.1582,32.9375,34.6875,36.89,0,0,0,0,0,20,0.5,0.104,5.5,50,1000,0.1,0.1,0.1,0.1,0.1,0.1,0.5,0,17664,0.055197011,0.018965127,0,0,0,0,0,0,0,0,0,0,5,1.213352505
149542.98,0.539265058,0.5,6236,37,0.1385,32.9375,34.6875,37.05,0,0,0,0,0,20,0.5,0.104,5.5,50,1000,0.1,0.1,0.1,0.1,0.1,0.1,0.5,0,16871,0.05660601,0.019500919,0,0,0,0,0,0,0,0,0,0,5,1.239011398
149603.02,0.546289615,0.5,6236,37,0.1464,32.875,34.625,37.13,0,0,0,0,0,20,0.5,0.104,5.5,50,1000,0.1,0.1,0.1,0.1,0.1,0.1,0.5,0,19386,0.052666873,0.018518519,0,0,0,0,0,0,0,0,0,0,5,1.215886997
149663.04,0.555593193,0.5,6236,37,0.1561,32.875,34.6875,37.27,0,0.02,0.15,0,0,20,0.5,0.104,5.5,50,1000,0.1,0.1,0.1,0.1,0.1,0.1,0.5,0,17666,0.056039851,0.019302615,0,0,0,0,0,0,0,0,0,0,0.44,1.215886997
149723.09,0.504894738,0.5,6236,37,0.444325,32.6875,34.6875,36.37,0,0.02,0.15,0,0,20,0.5,0.104,5.5,50,1000,0.1,0.1,0.1,0.1,0.1,0.1,0.5,0,18053,0.053619897,0.018556473,0,0,0,0,0,0,0,0,0,0,0.44,1.215886997
149783.16,0.459190722,0.5,6236,37,0.512725,32.6875,34.625,36.23,0,0.014888404,0.129553614,0,0,20,0.5,0.104,5.5,50,1000,0.1,0.1,0.1,0.1,0.1,0.1,0.5,0,17281,0.052832591,0.018691048,0,0,0,0,0,0,0,0,0,0,0.44,1.215886997
149843.22,0.413184542,0.5,6236,37,0.39895,32.8125,34.625,36.45,0,0,0.25,0,0,20,0.5,0.104,5.5,50,1000,0.1,0.1,0.1,0.1,0.1,0.1,0.5,0,16528,0.052879961,0.018635044,0,0,0,0,0,0,0,0,0,0,5,1.215886997
149903.26,0.427561688,0.5,6236,37,0.227,32.9375,34.625,37.21,0,0,0.07,0,0,20,0.5,0.104,5.5,50,1000,0.1,0.1,0.1,0.1,0.1,0.1,0.5,0,16045,0.053474603,0.018759738,0,0,0,0,0,0,0,0,0,0,5,1.215886997
149963.3,0.449543603,0.5,6236,37,0.1176,33.0625,34.625,37.59,0,0,0.07,0,0,20,0.5,0.104,5.5,50,1000,0.1,0.1,0.1,0.1,0.1,0.1,0.5,0,16314,0.053144538,0.018756896,0,0,0,0,0,0,0,0,0,0,5,1.215886997
150023.37,0.459076965,0.5,6236,37,0.1485,33.1875,34.6875,37.35,0,0,0.07,0,0,20,0.5,0.104,5.5,50,1000,0.1,0.1,0.1,0.1,0.1,0.1,0.5,0,16856,0.052918842,0.018687708,0,0,0,0,0,0,0,0,0,0,5,1.215886997
150083.44,0.461387976,0.5,6236,37,0.1162,33,34.625,37.33,0,0,0.07,0,0,20,0.5,0.104,5.5,50,1000,0.1,0.1,0.1,0.1,0.1,0.1,0.5,0,16772,0.053720487,0.018721679,0,0,0,0,0,0,0,0,0,0,5,1.215886997
150143.5,0.472696148,0.5,6236,37,0.18555,33,34.5625,37.09,0,0,0.25,0,0,20,0.5,0.104,5.5,50,1000,0.1,0.1,0.1,0.1,0.1,0.1,0.5,0,16307,0.054516465,0.019071564,0,0,0,0,0,0,0,0,0,0,5,1.215886997
150203.56,0.489718209,0.5,6236,37,0.1365,32.9375,34.625,37.37,0,0,0.07,0,0,20,0.5,0.104,5.5,50,1000,0.1,0.1,0.1,0.1,0.1,0.1,0.5,0,17533,0.053099869,0.018593509,0,0,0,0,0,0,0,0,0,0,5,1.261224704
150263.62,0.508765293,0.5,6236,37,0.0645,33,34.625,37.25,0,0,0.07,0,0,20,0.5,0.104,5.5,50,1000,0.1,0.1,0.1,0.1,0.1,0.1,0.5,0,17278,0.054172937,0.018867925,0,0,0,0,0,0,0,0,0,0,5,1.312633435
150323.69,0.502053203,0.5,6236,37,0.1335,32.9375,34.6875,36.97,0,0,0.07,0,0,20,0.5,0.104,5.5,50,1000,0.1,0.1,0.1,0.1,0.1,0.1,0.5,0,17214,0.054548623,0.018763797,0,0,0,0,0,0,0,0,0,0,5,1.207159659
150383.73,0.505855953,0.5,6236,37,0.1275,33,34.6875,37.11,0,0,0.07,0,0,20,0.5,0.104,5.5,50,1000,0.1,0.1,0.1,0.1,0.1,0.1,0.5,0,18548,0.052728057,0.018384732,0,0,0,0,0,0,0,0,0,0,5,1.169439244
150443.8,0.535834145,0.5,6236,37,0.1666,32.9375,34.6875,37.09,0,0,0,0,0,20,0.5,0.104,5.5,50,1000,0.1,0.1,0.1,0.1,0.1,0.1,0.5,0,17899,0.054192972,0.018771998,0,0,0,0,0,0,0,0,0,0,5,1.283685473
150503.84,0.53454404,0.5,6236,37,0.1339,32.875,34.6875,37.09,0,0,0,0,0,20,0.5,0.104,5.5,50,1000,0.1,0.1,0.1,0.1,0.1,0.1,0.5,0,17966,0.054547479,0.018868975,0,0,0,0,0,0,0,0,0,0,5,1.212269517
150563.89,0.55916966,0.5,6236,37,0.1182,32.9375,34.6875,37.21,0,0,0,0,0,20,0.5,0.104,5.5,50,1000,0.1,0.1,0.1,0.1,0.1,0.1,0.5,0,17923,0.054901523,0.018970038,0,0,0,0,0,0,0,0,0,0,5,1.286772476
150623.95,0.557299767,0.5,6236,37,0.0984,33,34.75,37.05,0,0.02,0.15,0,0,20,0.5,0.104,5.5,50,1000,0.1,0.1,0.1,0.1,0.1,0.1,0.5,0,18696,0.053861789,0.018667095,0,0,0,0,0,0,0,0,0,0,0.44,1.286772476
150684.02,0.506340951,0.5,6236,37,0.4784,32.75,34.6875,36.31,0,0.02,0.15,0,0,20,0.5,0.104,5.5,50,1000,0.1,0.1,0.1,0.1,0.1,0.1,0.5,0,16300,0.056687117,0.019386503,0,0,0,0,0,0,0,0,0,0,0.44,1.286772476
150744.06,0.451946121,0.5,6236,37,0.467537329,32.6875,34.75,36.31,0,0.014073674,0.25,0,0,20,0.5,0.104,5.5,50,1000,0.1,0.1,0.1,0.1,0.1,0.1,0.5,0,17327,0.052634616,0.018410573,0,0,0,0,0,0,0,0,0,0,0.44,1.286772476
150804.1,0.436124918,0.5,6236,37,0.42732785,32.75,34.75,36.73,0,0,0.07,0,0,20,0.5,0.104,5.5,50,1000,0.1,0.1,0.1,0.1,0.1,0.1,0.5,0,15600,0.055064103,0.018846154,0,0,0,0,0,0,0,0,0,0,5,1.286772476
150864.17,0.453230868,0.5,6236,37,0.1802,32.9375,34.6875,37.33,0,0,0.07,0,0,20,0.5,0.104,5.5,50,1000,0.1,0.1,0.1,0.1,0.1,0.1,0.5,0,16844,0.053194016,0.018641653,0,0,0,0,0,0,0,0,0,0,5,1.286772476
150924.24,0.441235544,0.5,6236,37,0.1035,33.0625,34.75,37.29,0,0,0.07,0,0,20,0.5,0.104,5.5,50,1000,0.1,0.1,0.1,0.1,0.1,0.1,0.5,0,16486,0.053742569,0.018803834,0,0,0,0,0,0,0,0,0,0,5,1.286772476
150984.27,0.462015602,0.5,6236,37,0.1527,33,34.75,37.41,0,0,0.07,0,0,20,0.5,0.104,5.5,50,1000,0.1,0.1,0.1,0.1,0.1,0.1,0.5,0,15607,0.056256808,0.019222144,0,0,0,0,0,0,0,0,0,0,5,1.286772476
151044.35,0.477521156,0.5,6236,37,0.16105,33,34.6875,37.17,0,0,0.25,0,0,20,0.5,0.104,5.5,50,1000,0.1,0.1,0.1,0.1,0.1,0.1,0.5,0,17923,0.05261396,0.018412096,0,0,0,0,0,0,0,0,0,0,5,1.286772476
151104.41,0.475879646,0.5,6236,37,0.1532,33,34.75,37.17,0,0,0.07,0,0,20,0.5,0.104,5.5,50,1000,0.1,0.1,0.1,0.1,0.1,0.1,0.5,0,16717,0.055273075,0.019082371,0,0,0,0,0,0,0,0,0,0,5,1.286772476
151164.49,0.511773558,0.5,6236,37,0.1549,33,34.75,37.13,0,0,0.07,0,0,20,0.5,0.104,5.5,50,1000,0.1,0.1,0.1,0.1,0.1,0.1,0.5,0,17401,0.054077352,0.018562152,0,0,0,0,0,0,0,0,0,0,5,1.440585694
151224.54,0.509265429,0.5,6236,37,0.1486,33.0625,34.75,37.13,0,0,0.07,0,0,20,0.5,0.104,5.5,50,1000,0.1,0.1,0.1,0.1,0.1,0.1,0.5,0,17101,0.055084498,0.019004737,0,0,0,0,0,0,0,0,0,0,5,1.353817689
151284.6,0.516901488,0.5,6236,37,0.1311,33,34.8125,37.11,0,0,0.07,0,0,20,0.5,0.104,5.5,50,1000,0.1,0.1,0.1,0.1,0.1,0.1,0.5,0,16883,0.056032696,0.019131671,0,0,0,0,0,0,0,0,0,0,5,1.330775685
151344.66,0.522854307,0.5,6236,37,0.20065,32.875,34.75,36.93,0,0,0.25,0,0,20,0.5,0.104,5.5,50,1000,0.1,0.1,0.1,0.1,0.1,0.1,0.5,0,19077,0.052733658,0.018451539,0,0,0,0,0,0,0,0,0,0,5,1.298588526
151404.73,0.530172133,0.5,6236,37,0.1116,33.0625,34.75,37.13,0,0,0,0,0,20,0.5,0.104,5.5,50,1000,0.1,0.1,0.1,0.1,0.1,0.1,0.5,0,18377,0.054198183,0.018664635,0,0,0,0,0,0,0,0,0,0,5,1.27535574
151464.79,0.559537513,0.5,6236,37,0.148,33,34.75,37.19,0,0,0,0,0,20,0.5,0.104,5.5,50,1000,0.1,0.1,0.1,0.1,0.1,0.1,0.5,0,19043,0.05377304,0.018747046,0,0,0,0,0,0,0,0,0,0,5,1.373314473
151524.84,0.568451823,0.5,6236,37,0.1085,33,34.75,37.11,0,0.02,0.15,0,0,20,0.5,0.104,5.5,50,1000,0.1,0.1,0.1,0.1,0.1,0.1,0.5,0,20351,0.05193848,0.018328338,0,0,0,0,0,0,0,0,0,0,0.44,1.373314473
151584.9,0.513256521,0.5,6236,37,0.4298,32.75,34.8125,36.29,0,0.02,0.15,0,0,20,0.5,0.104,5.5,50,1000,0.1,0.1,0.1,0.1,0.1,0.1,0.5,0,17160,0.05541958,0.018997669,0,0,0,0,0,0,0,0,0,0,0.44,1.373314473
151644.94,0.458020817,0.5,6236,37,0.5368559,32.8125,34.75,36.01,0,0.016097111,0.25,0,0,20,0.5,0.104,5.5,50,1000,0.1,0.1,0.1,0.1,0.1,0.1,0.5,0,16186,0.055603608,0.01902879,0,0,0,0,0,0,0,0,0,0,0.44,1.373314473
151704.99,0.428553517,0.5,6236,37,0.470793301,32.75,34.75,36.37,0,0,0.07,0,0,20,0.5,0.104,5.5,50,1000,0.1,0.1,0.1,0.1,0.1,0.1,0.5,0,15551,0.055623433,0.01909845,0,0,0,0,0,0,0,0,0,0,5,1.373314473
151765.06,0.437737796,0.5,6236,37,0.2218,32.875,34.75,37.03,0,0,0.07,0,0,20,0.5,0.104,5.5,50,1000,0.1,0.1,0.1,0.1,0.1,0.1,0.5,0,15951,0.054667419,0.019121058,0,0,0,0,0,0,0,0,0,0,5,1.373314473
151825.13,0.469129522,0.5,6236,37,0.1498,33.0625,34.75,37.27,0,0,0.07,0,0,20,0.5,0.104,5.5,50,1000,0.1,0.1,0.1,0.1,0.1,0.1,0.5,0,16424,0.054188992,0.018874817,0,0,0,0,0,0,0,0,0,0,5,1.373314473
151885.2,0.462824487,0.5,6236,37,0.1196,33,34.6875,37.19,0,0,0.07,0,0,20,0.5,0.104,5.5,50,1000,0.1,0.1,0.1,0.1,0.1,0.1,0.5,0,16700,0.054011976,0.018742515,0,0,0,0,0,0,0,0,0,0,5,1.373314473
151945.27,0.463725498,0.5,6236,37,0.15365,33,34.6875,37.25,0,0,0.25,0,0,20,0.5,0.104,5.5,50,1000,0.1,0.1,0.1,0.1,0.1,0.1,0.5,0,17753,0.052329184,0.018532079,0,0,0,0,0,0,0,0,0,0,5,1.373314473
152005.31,0.478873466,0.5,6236,37,0.081,33,34.6875,37.25,0,0,0.07,0,0,20,0.5,0.104,5.5,50,1000,0.1,0.1,0.1,0.1,0.1,0.1,0.5,0,17805,0.052906487,0.018590284,0,0,0,0,0,0,0,0,0,0,5,1.373314473
152065.39,0.489260331,0.5,6236,37,0.1167,33.0625,34.6875,37.13,0,0,0.07,0,0,20,0.5,0.104,5.5,50,1000,0.1,0.1,0.1,0.1,0.1,0.1,0.5,0,17626,0.053500511,0.018665608,0,0,0,0,0,0,0,0,0,0,5,1.36902372
152125.47,0.506501059,0.5,6236,37,0.1681,33.0625,34.6875,37.11,0,0,0.07,0,0,20,0.5,0.104,5.5,50,1000,0.1,0.1,0.1,0.1,0.1,0.1,0.5,0,17469,0.05466827,0.018833362,0,0,0,0,0,0,0,0,0,0,5,1.404467611
152185.56,0.51360936,0.5,6236,37,0.1009,32.9375,34.6875,37.17,0,0,0.07,0,0,20,0.5,0.104,5.5,50,1000,0.1,0.1,0.1,0.1,0.1,0.1,0.5,0,17498,0.054691965,0.019087896,0,0,0,0,0,0,0,0,0,0,5,1.376053917
152245.61,0.549582453,0.5,6236,37,0.14705,33,34.6875,37.13,0,0,0.25,0,0,20,0.5,0.104,5.5,50,1000,0.1,0.1,0.1,0.1,0.1,0.1,0.5,0,17572,0.055087639,0.018950603,0,0,0,0,0,0,0,0,0,0,5,1.510338733
152305.65,0.531205345,0.5,6236,37,0.1504,32.875,34.6875,36.95,0,0,0,0,0,20,0.5,0.104,5.5,50,1000,0.1,0.1,0.1,0.1,0.1,0.1,0.5,0,18945,0.053787279,0.018738453,0,0,0,0,0,0,0,0,0,0,5,1.332791332
152365.72,0.555000515,0.5,6236,37,0.1309,33.0625,34.75,37.09,0,0,0,0,0,20,0.5,0.104,5.5,50,1000,0.1,0.1,0.1,0.1,0.1,0.1,0.5,0,17694,0.055894654,0.019102521,0,0,0,0,0,0,0,0,0,0,5,1.397612911
152425.76,0.555595167,0.5,6236,37,0.1394,33,34.75,37.05,0,0.02,0.15,0,0,20,0.5,0.104,5.5,50,1000,0.1,0.1,0.1,0.1,0.1,0.1,0.5,0,18785,0.054511578,0.018844823,0,0,0,0,0,0,0,0,0,0,0.44,1.397612911
152485.82,0.515852768,0.5,6236,37,0.4452,32.75,34.75,36.31,0,0.02,0.15,0,0,20,0.5,0.104,5.5,50,1000,0.1,0.1,0.1,0.1,0.1,0.1,0.5,0,17334,0.055440175,0.01926849,0,0,0,0,0,0,0,0,0,0,0.44,1.397612911
152545.87,0.476101658,0.5,6236,37,0.60625,32.75,34.75,35.75,0,0.02,0.25,0,0,20,0.5,0.104,5.5,50,1000,0.1,0.1,0.1,0.1,0.1,0.1,0.5,0,17822,0.052856021,0.018628661,0,0,0,0,0,0,0,0,0,0,0.44,1.397612911
152605.93,0.411449824,0.5,6236,37,0.5261,32.875,34.75,35.97,0,0,0.07,0,0,20,0.5,0.104,5.5,50,1000,0.1,0.1,0.1,0.1,0.1,0.1,0.5,0,16414,0.053125381,0.018825393,0,0,0,0,0,0,0,0,0,0,5,1.397612911
152666,0.438608008,0.5,6236,37,0.2535,32.875,34.75,36.87,0,0,0.07,0,0,20,0.5,0.104,5.5,50,1000,0.1,0.1,0.1,0.1,0.1,0.1,0.5,0,16186,0.053688373,0.018719881,0,0,0,0,0,0,0,0,0,0,5,1.397612911
152726.08,0.437701831,0.5,6236,37,0.1886,33.0625,34.6875,37.41,0,0,0.07,0,0,20,0.5,0.104,5.5,50,1000,0.1,0.1,0.1,0.1,0.1,0.1,0.5,0,16634,0.05320428,0.018636528,0,0,0,0,0,0,0,0,0,0,5,1.397612911
152786.12,0.44097401,0.5,6236,37,0.0845,33.1875,34.75,37.41,0,0,0.07,0,0,20,0.5,0.104,5.5,50,1000,0.1,0.1,0.1,0.1,0.1,0.1,0.5,0,15948,0.054865814,0.019124655,0,0,0,0,0,0,0,0,0,0,5,1.397612911
152846.18,0.453363438,0.5,6236,37,0.1219,33.1875,34.6875,37.27,0,0,0.25,0,0,20,0.5,0.104,5.5,50,1000,0.1,0.1,0.1,0.1,0.1,0.1,0.5,0,16645,0.054130369,0.018864524,0,0,0,0,0,0,0,0,0,0,5,1.397612911
152906.24,0.465688425,0.5,6236,37,0.1105,33.0625,34.6875,37.13,0,0,0.07,0,0,20,0.5,0.104,5.5,50,1000,0.1,0.1,0.1,0.1,0.1,0.1,0.5,0,16807,0.053727613,0.01880169,0,0,0,0,0,0,0,0,0,0,5,1.397612911
152966.32,0.465079131,0.5,6236,37,0.1854,33.0625,34.75,37.19,0,0,0.07,0,0,20,0.5,0.104,5.5,50,1000,0.1,0.1,0.1,0.1,0.1,0.1,0.5,0,17064,0.054090483,0.018811533,0,0,0,0,0,0,0,0,0,0,5,1.323804573
153026.4,0.478569969,0.5,6236,37,0.1149,33.125,34.6875,37.17,0,0,0.07,0,0,20,0.5,0.104,5.5,50,1000,0.1,0.1,0.1,0.1,0.1,0.1,0.5,0,17142,0.054427721,0.019075954,0,0,0,0,0,0,0,0,0,0,5,1.343398926
153086.47,0.508941197,0.5,6236,37,0.138,32.9375,34.75,37.11,0,0,0.07,0,0,20,0.5,0.104,5.5,50,1000,0.1,0.1,0.1,0.1,0.1,0.1,0.5,0,17832,0.053555406,0.018562135,0,0,0,0,0,0,0,0,0,0,5,1.460819154
153146.54,0.503319234,0.5,6236,37,0.1809,33.0625,34.6875,37.25,0,0,0.25,0,0,20,0.5,0.104,5.5,50,1000,0.1,0.1,0.1,0.1,0.1,0.1,0.5,0,17033,0.055715376,0.019139318,0,0,0,0,0,0,0,0,0,0,5,1.35445463
153206.6,0.523755407,0.5,6236,37,0.1385,33.0625,34.75,37.09,0,0,0,0,0,20,0.5,0.104,5.5,50,1000,0.1,0.1,0.1,0.1,0.1,0.1,0.5,0,18109,0.053785411,0.018664752,0,0,0,0,0,0,0,0,0,0,5,1.406132399
153266.64,0.528594824,0.5,6236,37,0.0904,33,34.6875,37.17,0,0,0,0,0,20,0.5,0.104,5.5,50,1000,0.1,0.1,0.1,0.1,0.1,0.1,0.5,0,17670,0.055065082,0.018902094,0,0,0,0,0,0,0,0,0,0,5,1.363418024
153326.68,0.538337415,0.5,6236,37,0.1471,32.9375,34.75,37.21,0,0,0,0,0,20,0.5,0.104,5.5,50,1000,0.1,0.1,0.1,0.1,0.1,0.1,0.5,0,16991,0.056559355,0.019539756,0,0,0,0,0,0,0,0,0,0,5,1.350037079
153386.72,0.539002876,0.5,6236,37,0.1476,32.9375,34.625,37.01,0,0,0,0,0,20,0.5,0.104,5.5,50,1000,0.1,0.1,0.1,0.1,0.1,0.1,0.5,0,18739,0.053898287,0.018837718,0,0,0,0,0,0,0,0,0,0,5,1.28624136
153446.79,0.552927635,0.5,6236,37,0.134,33,34.6875,37.05,0,0,0,0,0,20,0.5,0.104,5.5,50,1000,0.1,0.1,0.1,0.1,0.1,0.1,0.5,0,17491,0.056772054,0.019381396,0,0,0,0,0,0,0,0,0,0,5,1.298447972
153506.86,0.565430507,0.5,6236,37,0.1443,33,34.6875,37.11,0,0.02,0.15,0,0,20,0.5,0.104,5.5,50,1000,0.1,0.1,0.1,0.1,0.1,0.1,0.5,0,18934,0.054663568,0.018907785,0,0,0,0,0,0,0,0,0,0,0.44,1.298447972
153566.93,0.503162919,0.5,6236,37,0.484325,32.6875,34.625,36.05,0,0.02,0.15,0,0,20,0.5,0.104,5.5,50,1000,0.1,0.1,0.1,0.1,0.1,0.1,0.5,0,18300,0.053715847,0.018688525,0,0,0,0,0,0,0,0,0,0,0.44,1.298447972
153626.98,0.451509967,0.5,6236,37,0.48905,32.6875,34.6875,36.21,0,0.01479435,0.129177398,0,0,20,0.5,0.104,5.5,50,1000,0.1,0.1,0.1,0.1,0.1,0.1,0.5,0,17683,0.052932195,0.018492337,0,0,0,0,0,0,0,0,0,0,0.44,1.298447972
153687.03,0.432855656,0.5,6236,37,0.492369863,32.75,34.625,36.45,0,0,0.07,0,0,20,0.5,0.104,5.5,50,1000,0.1,0.1,0.1,0.1,0.1,0.1,0.5,0,15751,0.054790172,0.019173386,0,0,0,0,0,0,0,0,0,0,5,1.298447972
153747.06,0.436479139,0.5,6236,37,0.1851,33,34.6875,37.27,0,0,0.25,0,0,20,0.5,0.104,5.5,50,1000,0.1,0.1,0.1,0.1,0.1,0.1,0.5,0,16553,0.053525041,0.018727723,0,0,0,0,0,0,0,0,0,0,5,1.298447972
153807.12,0.44820955,0.5,6236,37,0.1602,33.125,34.625,37.41,0,0,0.07,0,0,20,0.5,0.104,5.5,50,1000,0.1,0.1,0.1,0.1,0.1,0.1,0.5,0,16663,0.053711817,0.018784133,0,0,0,0,0,0,0,0,0,0,5,1.298447972
153867.19,0.441151167,0.5,6236,37,0.1076,33.1875,34.6875,37.33,0,0,0.07,0,0,20,0.5,0.104,5.5,50,1000,0.1,0.1,0.1,0.1,0.1,0.1,0.5,0,15863,0.055727164,0.019038013,0,0,0,0,0,0,0,0,0,0,5,1.298447972
153927.27,0.48057145,0.5,6236,37,0.0959,33.1875,34.6875,37.27,0,0,0.07,0,0,20,0.5,0.104,5.5,50,1000,0.1,0.1,0.1,0.1,0.1,0.1,0.5,0,16113,0.055296965,0.019301185,0,0,0,0,0,0,0,0,0,0,5,1.298447972
153987.31,0.468566761,0.5,6236,37,0.1448,33.1875,34.6875,37.25,0,0,0.07,0,0,20,0.5,0.104,5.5,50,1000,0.1,0.1,0.1,0.1,0.1,0.1,0.5,0,16743,0.054948337,0.019112465,0,0,0,0,0,0,0,0,0,0,5,1.298447972
154047.36,0.485153296,0.5,6236,37,0.1276,33.125,34.6875,37.21,0,0,0.25,0,0,20,0.5,0.104,5.5,50,1000,0.1,0.1,0.1,0.1,0.1,0.1,0.5,0,16275,0.056282642,0.019354839,0,0,0,0,0,0,0,0,0,0,5,1.337884547
154107.41,0.502139756,0.5,6236,37,0.1869,33.0625,34.6875,37.11,0,0,0.07,0,0,20,0.5,0.104,5.5,50,1000,0.1,0.1,0.1,0.1,0.1,0.1,0.5,0,16964,0.055588305,0.019040321,0,0,0,0,0,0,0,0,0,0,5,1.374231012
154167.48,0.517768671,0.5,6236,37,0.1256,33.0625,34.6875,37.09,0,0,0.07,0,0,20,0.5,0.104,5.5,50,1000,0.1,0.1,0.1,0.1,0.1,0.1,0.5,0,17229,0.055371757,0.019153752,0,0,0,0,0,0,0,0,0,0,5,1.397469711
154227.51,0.529452108,0.5,6236,37,0.1299,32.9375,34.6875,37.25,0,0,0.07,0,0,20,0.5,0.104,5.5,50,1000,0.1,0.1,0.1,0.1,0.1,0.1,0.5,0,17878,0.054704106,0.018961853,0,0,0,0,0,0,0,0,0,0,5,1.39453868
154287.55,0.511280243,0.5,6236,37,0.1716,33.0625,34.6875,37.11,0,0,0,0,0,20,0.5,0.104,5.5,50,1000,0.1,0.1,0.1,0.1,0.1,0.1,0.5,0,17933,0.055317013,0.019015223,0,0,0,0,0,0,0,0,0,0,5,1.220037186
154347.63,0.534758245,0.5,6236,37,0.1474,32.9375,34.75,37.11,0,0,0,0,0,20,0.5,0.104,5.5,50,1000,0.1,0.1,0.1,0.1,0.1,0.1,0.5,0,17540,0.056328392,0.019384265,0,0,0,0,0,0,0,0,0,0,5,1.293726047
154407.7,0.537676405,0.5,6236,37,0.1656,32.9375,34.6875,36.93,0,0,0,0,0,20,0.5,0.104,5.5,50,1000,0.1,0.1,0.1,0.1,0.1,0.1,0.5,0,18405,0.055202391,0.018962239,0,0,0,0,0,0,0,0,0,0,5,1.245366149
154467.78,0.547215536,0.5,6236,37,0.1196,33,34.6875,37.01,0,0,0,0,0,20,0.5,0.104,5.5,50,1000,0.1,0.1,0.1,0.1,0.1,0.1,0.5,0,18565,0.055157555,0.018906545,0,0,0,0,0,0,0,0,0,0,5,1.235855408
154527.83,0.572833584,0.5,6236,37,0.1519,32.875,34.75,37.05,0,0.02,0.15,0,0,20,0.5,0.104,5.5,50,1000,0.1,0.1,0.1,0.1,0.1,0.1,0.5,0,17896,0.056828342,0.019445686,0,0,0,0,0,0,0,0,0,0,0.44,1.235855408
154587.88,0.526325291,0.5,6236,37,0.5077,32.6875,34.6875,36.31,0,0.02,0.15,0,0,20,0.5,0.104,5.5,50,1000,0.1,0.1,0.1,0.1,0.1,0.1,0.5,0,18026,0.054643293,0.01891712,0,0,0,0,0,0,0,0,0,0,0.44,1.235855408
154647.95,0.471457573,0.5,6236,37,0.463025,32.6875,34.75,36.33,0,0.02,0.25,0,0,20,0.5,0.104,5.5,50,1000,0.1,0.1,0.1,0.1,0.1,0.1,0.5,0,15789,0.05700171,0.019570587,0,0,0,0,0,0,0,0,0,0,0.44,1.235855408
154708.01,0.434560964,0.5,6236,37,0.478,32.6875,34.6875,36.37,0,0,0.07,0,0,20,0.5,0.104,5.5,50,1000,0.1,0.1,0.1,0.1,0.1,0.1,0.5,0,14702,0.058019317,0.019861243,0,0,0,0,0,0,0,0,0,0,5,1.235855408
154768.08,0.445585583,0.5,6236,37,0.1832,33.0625,34.75,37.01,0,0,0.07,0,0,20,0.5,0.104,5.5,50,1000,0.1,0.1,0.1,0.1,0.1,0.1,0.5,0,17091,0.053419929,0.018606284,0,0,0,0,0,0,0,0,0,0,5,1.235855408
154828.13,0.453495878,0.5,6236,37,0.1268,33.1875,34.75,37.27,0,0,0.07,0,0,20,0.5,0.104,5.5,50,1000,0.1,0.1,0.1,0.1,0.1,0.1,0.5,0,16165,0.055366533,0.019300959,0,0,0,0,0,0,0,0,0,0,5,1.235855408
154888.18,0.453457508,0.5,6236,37,0.1307,33.125,34.75,37.37,0,0,0.07,0,0,20,0.5,0.104,5.5,50,1000,0.1,0.1,0.1,0.1,0.1,0.1,0.5,0,17411,0.053242203,0.018838665,0,0,0,0,0,0,0,0,0,0,5,1.235855408
154948.22,0.493157084,0.5,6236,37,0.1293,33.125,34.75,37.27,0,0,0.25,0,0,20,0.5,0.104,5.5,50,1000,0.1,0.1,0.1,0.1,0.1,0.1,0.5,0,16695,0.055166217,0.018987721,0,0,0,0,0,0,0,0,0,0,5,1.235855408
155008.27,0.473305763,0.5,6236,37,0.2001,33.125,34.8125,37.29,0,0,0.07,0,0,20,0.5,0.104,5.5,50,1000,0.1,0.1,0.1,0.1,0.1,0.1,0.5,0,17132,0.054751343,0.018795237,0,0,0,0,0,0,0,0,0,0,5,1.235855408
155068.33,0.502020571,0.5,6236,37,0.1299,33,34.75,37.25,0,0,0.07,0,0,20,0.5,0.104,5.5,50,1000,0.1,0.1,0.1,0.1,0.1,0.1,0.5,0,17832,0.053779722,0.018618214,0,0,0,0,0,0,0,0,0,0,5,1.350761091
155128.37,0.509772334,0.5,6236,37,0.105,33.125,34.75,36.95,0,0,0.07,0,0,20,0.5,0.104,5.5,50,1000,0.1,0.1,0.1,0.1,0.1,0.1,0.5,0,17416,0.054662379,0.019005512,0,0,0,0,0,0,0,0,0,0,5,1.329192414
155188.42,0.519357786,0.5,6236,37,0.1281,33.125,34.75,37.21,0,0,0.07,0,0,20,0.5,0.104,5.5,50,1000,0.1,0.1,0.1,0.1,0.1,0.1,0.5,0,16726,0.056678226,0.019550401,0,0,0,0,0,0,0,0,0,0,5,1.318619191
155248.48,0.519989357,0.5,6236,37,0.1077,33,34.75,37.25,0,0,0.25,0,0,20,0.5,0.104,5.5,50,1000,0.1,0.1,0.1,0.1,0.1,0.1,0.5,0,18786,0.053497285,0.018684126,0,0,0,0,0,0,0,0,0,0,5,1.256334199
155308.53,0.535578076,0.5,6236,37,0.1918,32.9375,34.75,37.13,0,0,0,0,0,20,0.5,0.104,5.5,50,1000,0.1,0.1,0.1,0.1,0.1,0.1,0.5,0,18279,0.054762296,0.019038241,0,0,0,0,0,0,0,0,0,0,5,1.282132492
155368.59,0.544990193,0.5,6236,37,0.1288,32.9375,34.75,37.01,0,0,0,0,0,20,0.5,0.104,5.5,50,1000,0.1,0.1,0.1,0.1,0.1,0.1,0.5,0,18760,0.054530917,0.018923241,0,0,0,0,0,0,0,0,0,0,5,1.270289233
155428.67,0.548681161,0.5,6236,37,0.1449,33,34.75,37.09,0,0.02,0.15,0,0,20,0.5,0.104,5.5,50,1000,0.1,0.1,0.1,0.1,0.1,0.1,0.5,0,17870,0.056071628,0.019362059,0,0,0,0,0,0,0,0,0,0,0.44,1.270289233
155488.74,0.489960744,0.5,6236,37,0.4735,32.8125,34.6875,36.13,0,0.017633152,0.140532606,0,0,20,0.5,0.104,5.5,50,1000,0.1,0.1,0.1,0.1,0.1,0.1,0.5,0,17235,0.05535248,0.019205106,0,0,0,0,0,0,0,0,0,0,0.44,1.270289233
155548.81,0.445614597,0.5,6236,37,0.535599607,32.8125,34.6875,36.05,0,0,0.25,0,0,20,0.5,0.104,5.5,50,1000,0.1,0.1,0.1,0.1,0.1,0.1,0.5,0,16842,0.05438784,0.018762617,0,0,0,0,0,0,0,0,0,0,5,1.270289233
155608.87,0.45914196,0.5,6236,37,0.2118,32.875,34.75,36.97,0,0,0.07,0,0,20,0.5,0.104,5.5,50,1000,0.1,0.1,0.1,0.1,0.1,0.1,0.5,0,17069,0.053898881,0.018747437,0,0,0,0,0,0,0,0,0,0,5,1.270289233
155668.94,0.478649152,0.5,6236,37,0.1961,33,34.6875,37.09,0,0,0.07,0,0,20,0.5,0.104,5.5,50,1000,0.1,0.1,0.1,0.1,0.1,0.1,0.5,0,17329,0.053782676,0.018812395,0,0,0,0,0,0,0,0,0,0,5,1.270289233
155729,0.468961906,0.5,6236,37,0.1559,33.0625,34.75,37.17,0,0,0.07,0,0,20,0.5,0.104,5.5,50,1000,0.1,0.1,0.1,0.1,0.1,0.1,0.5,0,16565,0.055840628,0.019257471,0,0,0,0,0,0,0,0,0,0,5,1.270289233
155789.03,0.496872882,0.5,6236,37,0.1007,32.9375,34.6875,37.19,0,0,0.07,0,0,20,0.5,0.104,5.5,50,1000,0.1,0.1,0.1,0.1,0.1,0.1,0.5,0,17452,0.054549622,0.018851708,0,0,0,0,0,0,0,0,0,0,5,1.270289233
155849.1,0.511972249,0.5,6236,37,0.1258,33,34.75,37.17,0,0,0.25,0,0,20,0.5,0.104,5.5,50,1000,0.1,0.1,0.1,0.1,0.1,0.1,0.5,0,17189,0.055500611,0.019256501,0,0,0,0,0,0,0,0,0,0,5,1.270289233
155909.16,0.504270076,0.5,6236,37,0.1492,33.0625,34.8125,37.09,0,0,0.07,0,0,20,0.5,0.104,5.5,50,1000,0.1,0.1,0.1,0.1,0.1,0.1,0.5,0,18265,0.054202026,0.018833835,0,0,0,0,0,0,0,0,0,0,5,1.161299474
155969.19,0.518056459,0.5,6236,37,0.1529,33.0625,34.8125,37.03,0,0,0.07,0,0,20,0.5,0.104,5.5,50,1000,0.1,0.1,0.1,0.1,0.1,0.1,0.5,0,17950,0.055097493,0.018997214,0,0,0,0,0,0,0,0,0,0,5,1.184151222
156029.22,0.527283039,0.5,6236,37,0.2197,33,34.75,37.13,0,0,0.07,0,0,20,0.5,0.104,5.5,50,1000,0.1,0.1,0.1,0.1,0.1,0.1,0.5,0,18338,0.054804232,0.018922456,0,0,0,0,0,0,0,0,0,0,5,1.177903408
156089.26,0.547736262,0.5,6236,37,0.0969,33.0625,34.75,37.19,0,0,0.07,0,0,20,0.5,0.104,5.5,50,1000,0.1,0.1,0.1,0.1,0.1,0.1,0.5,0,17075,0.057452416,0.019502196,0,0,0,0,0,0,0,0,0,0,5,1.233177491
156149.33,0.572917236,0.5,6236,37,0.153,33,34.6875,37.11,0,0.02,0.25,0,0,20,0.5,0.104,5.5,50,1000,0.1,0.1,0.1,0.1,0.1,0.1,0.5,0,19420,0.053604531,0.018486097,0,0,0,0,0,0,0,0,0,0,0.44,1.233177491
156209.37,0.515253617,0.5,6236,37,0.420025,32.8125,34.75,36.25,0,0.02,0.15,0,0,20,0.5,0.104,5.5,50,1000,0.1,0.1,0.1,0.1,0.1,0.1,0.5,0,16717,0.05754621,0.019501107,0,0,0,0,0,0,0,0,0,0,0.44,1.233177491
156269.43,0.481829738,0.5,6236,37,0.4719,32.8125,34.6875,36.29,0,0.02,0.15,0,0,20,0.5,0.104,5.5,50,1000,0.1,0.1,0.1,0.1,0.1,0.1,0.5,0,15740,0.057433291,0.01956798,0,0,0,0,0,0,0,0,0,0,0.44,1.233177491
156329.5,0.442667361,0.5,6236,37,0.472525,32.875,34.75,36.33,0,0,0.07,0,0,20,0.5,0.104,5.5,50,1000,0.1,0.1,0.1,0.1,0.1,0.1,0.5,0,15498,0.056136276,0.019292812,0,0,0,0,0,0,0,0,0,0,5,1.233177491
156389.55,0.431005803,0.5,6236,37,0.212,32.875,34.6875,37.11,0,0,0.07,0,0,20,0.5,0.104,5.5,50,1000,0.1,0.1,0.1,0.1,0.1,0.1,0.5,0,16063,0.055157816,0.019112246,0,0,0,0,0,0,0,0,0,0,5,1.233177491
156449.62,0.457844812,0.5,6236,37,0.1945,33,34.75,37.13,0,0,0.25,0,0,20,0.5,0.104,5.5,50,1000,0.1,0.1,0.1,0.1,0.1,0.1,0.5,0,17012,0.053726781,0.018692688,0,0,0,0,0,0,0,0,0,0,5,1.233177491
156509.67,0.459284138,0.5,6236,37,0.1231,33,34.6875,37.37,0,0,0.07,0,0,20,0.5,0.104,5.5,50,1000,0.1,0.1,0.1,0.1,0.1,0.1,0.5,0,17209,0.054215817,0.01865303,0,0,0,0,0,0,0,0,0,0,5,1.233177491
156569.74,0.470039433,0.5,6236,37,0.1302,33.125,34.75,37.21,0,0,0.07,0,0,20,0.5,0.104,5.5,50,1000,0.1,0.1,0.1,0.1,0.1,0.1,0.5,0,16061,0.056098624,0.019301413,0,0,0,0,0,0,0,0,0,0,5,1.233177491
156629.81,0.475204442,0.5,6236,37,0.1188,33.0625,34.8125,37.19,0,0,0.07,0,0,20,0.5,0.104,5.5,50,1000,0.1,0.1,0.1,0.1,0.1,0.1,0.5,0,16995,0.055016181,0.01900559,0,0,0,0,0,0,0,0,0,0,5,1.233177491
156689.84,0.487684892,0.5,6236,37,0.1849,33,34.75,37.27,0,0,0.07,0,0,20,0.5,0.104,5.5,50,1000,0.1,0.1,0.1,0.1,0.1,0.1,0.5,0,16515,0.056857402,0.019315774,0,0,0,0,0,0,0,0,0,0,5,1.249291727
156749.89,0.495926649,0.5,6236,37,0.1215,32.9375,34.75,37.03,0,0,0.25,0,0,20,0.5,0.104,5.5,50,1000,0.1,0.1,0.1,0.1,0.1,0.1,0.5,0,17445,0.055603325,0.01920321,0,0,0,0,0,0,0,0,0,0,5,1.237102775
156809.93,0.517159242,0.5,6236,37,0.0958,32.875,34.75,37.05,0,0,0.07,0,0,20,0.5,0.104,5.5,50,1000,0.1,0.1,0.1,0.1,0.1,0.1,0.5,0,17634,0.055120789,0.019110809,0,0,0,0,0,0,0,0,0,0,5,1.301016066
156870,0.521078179,0.5,6236,37,0.1701,32.8125,34.75,37.11,0,0,0.07,0,0,20,0.5,0.104,5.5,50,1000,0.1,0.1,0.1,0.1,0.1,0.1,0.5,0,18368,0.054823606,0.018945993,0,0,0,0,0,0,0,0,0,0,5,1.258613005
156930.04,0.552074198,0.5,6236,37,0.1624,32.875,34.6875,37.05,0,0,0,0,0,20,0.5,0.104,5.5,50,1000,0.1,0.1,0.1,0.1,0.1,0.1,0.5,0,18394,0.054854844,0.018919213,0,0,0,0,0,0,0,0,0,0,5,1.369029456
156990.08,0.54650365,0.5,6236,37,0.107,32.9375,34.75,37.01,0,0.02,0.15,0,0,20,0.5,0.104,5.5,50,1000,0.1,0.1,0.1,0.1,0.1,0.1,0.5,0,18050,0.055900277,0.019113573,0,0,0,0,0,0,0,0,0,0,0.44,1.369029456
157050.12,0.486339072,0.5,6236,37,0.4654,32.875,34.6875,36.13,0,0.016950859,0.25,0,0,20,0.5,0.104,5.5,50,1000,0.1,0.1,0.1,0.1,0.1,0.1,0.5,0,16844,0.056756115,0.019354073,0,0,0,0,0,0,0,0,0,0,0.44,1.369029456
157110.15,0.457925702,0.5,6236,37,0.524486406,32.6875,34.6875,36.07,0,0,0.07,0,0,20,0.5,0.104,5.5,50,1000,0.1,0.1,0.1,0.1,0.1,0.1,0.5,0,16300,0.055582822,0.019079755,0,0,0,0,0,0,0,0,0,0,5,1.369029456
157170.21,0.450620005,0.5,6236,37,0.163,33,34.75,37.17,0,0,0.07,0,0,20,0.5,0.104,5.5,50,1000,0.1,0.1,0.1,0.1,0.1,0.1,0.5,0,16909,0.054349755,0.018865693,0,0,0,0,0,0,0,0,0,0,5,1.369029456
157230.24,0.47763022,0.5,6236,37,0.1628,32.8125,34.6875,37.19,0,0,0.07,0,0,20,0.5,0.104,5.5,50,1000,0.1,0.1,0.1,0.1,0.1,0.1,0.5,0,16730,0.054931261,0.01900777,0,0,0,0,0,0,0,0,0,0,5,1.369029456
157290.31,0.487101545,0.5,6236,37,0.1909,32.9375,34.6875,37.43,0,0,0.07,0,0,20,0.5,0.104,5.5,50,1000,0.1,0.1,0.1,0.1,0.1,0.1,0.5,0,16780,0.055721097,0.019249106,0,0,0,0,0,0,0,0,0,0,5,1.369029456
157350.36,0.490396586,0.5,6236,37,0.1148,33,34.625,37.29,0,0,0.25,0,0,20,0.5,0.104,5.5,50,1000,0.1,0.1,0.1,0.1,0.1,0.1,0.5,0,17691,0.054434458,0.01882313,0,0,0,0,0,0,0,0,0,0,5,1.369029456
157410.41,0.504770383,0.5,6236,37,0.1467,32.9375,34.6875,37.43,0,0,0.07,0,0,20,0.5,0.104,5.5,50,1000,0.1,0.1,0.1,0.1,0.1,0.1,0.5,0,16572,0.057084238,0.019370022,0,0,0,0,0,0,0,0,0,0,5,1.369029456
157470.5,0.522320567,0.5,6236,37,0.126,32.9375,34.6875,37.17,0,0,0.07,0,0,20,0.5,0.104,5.5,50,1000,0.1,0.1,0.1,0.1,0.1,0.1,0.5,0,17534,0.055663283,0.018763545,0,0,0,0,0,0,0,0,0,0,5,1.403111604
157530.59,0.521085838,0.5,6236,37,0.1388,32.8125,34.6875,37.11,0,0,0.07,0,0,20,0.5,0.104,5.5,50,1000,0.1,0.1,0.1,0.1,0.1,0.1,0.5,0,18633,0.05436591,0.018891215,0,0,0,0,0,0,0,0,0,0,5,1.325855841
157590.67,0.511829267,0.5,6236,37,0.1399,32.875,34.75,37.21,0,0,0.07,0,0,20,0.5,0.104,5.5,50,1000,0.1,0.1,0.1,0.1,0.1,0.1,0.5,0,19102,0.053816354,0.018584441,0,0,0,0,0,0,0,0,0,0,5,1.205792016
157650.71,0.53473022,0.5,6236,37,0.146,32.9375,34.75,37.17,0,0,0.25,0,0,20,0.5,0.104,5.5,50,1000,0.1,0.1,0.1,0.1,0.1,0.1,0.5,0,17723,0.056367432,0.019353383,0,0,0,0,0,0,0,0,0,0,5,1.276816168
157710.76,0.545741242,0.5,6236,37,0.1645,32.875,34.6875,36.97,0,0,0,0,0,20,0.5,0.104,5.5,50,1000,0.1,0.1,0.1,0.1,0.1,0.1,0.5,0,18187,0.056358938,0.019244515,0,0,0,0,0,0,0,0,0,0,5,1.274123125
157770.83,0.556291306,0.5,6236,37,0.1253,32.8125,34.6875,37.33,0,0.02,0.15,0,0,20,0.5,0.104,5.5,50,1000,0.1,0.1,0.1,0.1,0.1,0.1,0.5,0,17483,0.057884802,0.01956186,0,0,0,0,0,0,0,0,0,0,0.44,1.274123125
157830.9,0.50629634,0.5,6236,37,0.454725,32.8125,34.6875,36.23,0,0.02,0.15,0,0,20,0.5,0.104,5.5,50,1000,0.1,0.1,0.1,0.1,0.1,0.1,0.5,0,17627,0.056390764,0.019118398,0,0,0,0,0,0,0,0,0,0,0.44,1.274123125
157890.95,0.446640447,0.5,6236,37,0.511125,32.75,34.6875,36.01,0,0.001602135,0.07640854,0,0,20,0.5,0.104,5.5,50,1000,0.1,0.1,0.1,0.1,0.1,0.1,0.5,0,16270,0.056299939,0.019360787,0,0,0,0,0,0,0,0,0,0,0.44,1.274123125
157950.99,0.467475077,0.5,6236,37,0.271521755,33,34.6875,36.79,0,0.007282011,0.25,0,0,20,0.5,0.104,5.5,50,1000,0.1,0.1,0.1,0.1,0.1,0.1,0.5,0,16814,0.055251576,0.018912811,0,0,0,0,0,0,0,0,0,0,0.44,1.274123125
158011.05,0.463645294,0.5,6236,37,0.22712218,32.9375,34.625,37.19,0,0.007039508,0.098158032,0,0,20,0.5,0.104,5.5,50,1000,0.1,0.1,0.1,0.1,0.1,0.1,0.5,0,17540,0.053420753,0.018586089,0,0,0,0,0,0,0,0,0,0,0.44,1.274123125
158071.12,0.449105161,0.5,6236,37,0.29131714,32.75,34.6875,36.87,0,0,0.07,0,0,20,0.5,0.104,5.5,50,1000,0.1,0.1,0.1,0.1,0.1,0.1,0.5,0,16861,0.054089319,0.018800783,0,0,0,0,0,0,0,0,0,0,5,1.274123125
158131.19,0.451458559,0.5,6236,37,0.1873,33.0625,34.6875,37.29,0,0,0.07,0,0,20,0.5,0.104,5.5,50,1000,0.1,0.1,0.1,0.1,0.1,0.1,0.5,0,16912,0.054340114,0.018744087,0,0,0,0,0,0,0,0,0,0,5,1.274123125
158191.26,0.460643511,0.5,6236,37,0.1359,33.0625,34.6875,37.29,0,0,0.07,0,0,20,0.5,0.104,5.5,50,1000,0.1,0.1,0.1,0.1,0.1,0.1,0.5,0,16423,0.055470986,0.019180418,0,0,0,0,0,0,0,0,0,0,5,1.274123125
158251.3,0.478081869,0.5,6236,37,0.1678,33,34.75,37.27,0,0,0.25,0,0,20,0.5,0.104,5.5,50,1000,0.1,0.1,0.1,0.1,0.1,0.1,0.5,0,17030,0.055020552,0.01879037,0,0,0,0,0,0,0,0,0,0,5,1.274123125
158311.36,0.491680347,0.5,6236,37,0.1126,32.8125,34.75,37.21,0,0,0.07,0,0,20,0.5,0.104,5.5,50,1000,0.1,0.1,0.1,0.1,0.1,0.1,0.5,0,16490,0.056822317,0.0194057,0,0,0,0,0,0,0,0,0,0,5,1.274123125
158371.43,0.493709259,0.5,6236,37,0.1216,32.8125,34.75,37.17,0,0,0.07,0,0,20,0.5,0.104,5.5,50,1000,0.1,0.1,0.1,0.1,0.1,0.1,0.5,0,17924,0.054563713,0.018745816,0,0,0,0,0,0,0,0,0,0,5,1.274123125
158431.5,0.502668354,0.5,6236,37,0.1618,32.875,34.75,37.13,0,0,0.07,0,0,20,0.5,0.104,5.5,50,1000,0.1,0.1,0.1,0.1,0.1,0.1,0.5,0,17703,0.055357849,0.018923346,0,0,0,0,0,0,0,0,0,0,5,1.264368423
158491.55,0.50344273,0.5,6236,37,0.1564,32.875,34.75,37.25,0,0,0.07,0,0,20,0.5,0.104,5.5,50,1000,0.1,0.1,0.1,0.1,0.1,0.1,0.5,0,17096,0.056679925,0.019478241,0,0,0,0,0,0,0,0,0,0,5,1.205768038
158551.6,0.543923923,0.5,6236,37,0.1507,32.8125,34.8125,37.17,0,0,0.25,0,0,20,0.5,0.104,5.5,50,1000,0.1,0.1,0.1,0.1,0.1,0.1,0.5,0,17814,0.055686539,0.019198383,0,0,0,0,0,0,0,0,0,0,5,1.377497921
158611.64,0.551310926,0.5,6236,37,0.1686,32.75,34.8125,37.11,0,0.02,0.15,0,0,20,0.5,0.104,5.5,50,1000,0.1,0.1,0.1,0.1,0.1,0.1,0.5,0,19582,0.053518537,0.018486365,0,0,0,0,0,0,0,0,0,0,0.44,1.377497921
158671.71,0.483642953,0.5,6236,37,0.471375,32.8125,34.75,36.07,0,0.017080559,0.138322235,0,0,20,0.5,0.104,5.5,50,1000,0.1,0.1,0.1,0.1,0.1,0.1,0.5,0,16861,0.055749956,0.019215942,0,0,0,0,0,0,0,0,0,0,0.44,1.377497921
158731.77,0.452121352,0.5,6236,37,0.477860151,32.75,34.75,36.07,0,0,0.07,0,0,20,0.5,0.104,5.5,50,1000,0.1,0.1,0.1,0.1,0.1,0.1,0.5,0,16689,0.054526934,0.019054467,0,0,0,0,0,0,0,0,0,0,5,1.377497921
158791.81,0.458507751,0.5,6236,37,0.2151,33,34.75,36.97,0,0,0.07,0,0,20,0.5,0.104,5.5,50,1000,0.1,0.1,0.1,0.1,0.1,0.1,0.5,0,16517,0.05491312,0.019131804,0,0,0,0,0,0,0,0,0,0,5,1.377497921
158851.86,0.465223579,0.5,6236,37,0.1982,32.9375,34.75,37.17,0,0,0.25,0,0,20,0.5,0.104,5.5,50,1000,0.1,0.1,0.1,0.1,0.1,0.1,0.5,0,16413,0.055687565,0.019070249,0,0,0,0,0,0,0,0,0,0,5,1.377497921
158911.91,0.47391428,0.5,6236,37,0.1698,32.9375,34.75,37.29,0,0,0.07,0,0,20,0.5,0.104,5.5,50,1000,0.1,0.1,0.1,0.1,0.1,0.1,0.5,0,17317,0.053935439,0.018709938,0,0,0,0,0,0,0,0,0,0,5,1.377497921
158971.97,0.484677893,0.5,6236,37,0.1399,32.9375,34.75,37.27,0,0,0.07,0,0,20,0.5,0.104,5.5,50,1000,0.1,0.1,0.1,0.1,0.1,0.1,0.5,0,16989,0.055094473,0.01895344,0,0,0,0,0,0,0,0,0,0,5,1.377497921
159032.04,0.495463946,0.5,6236,37,0.0941,33,34.6875,37.27,0,0,0.07,0,0,20,0.5,0.104,5.5,50,1000,0.1,0.1,0.1,0.1,0.1,0.1,0.5,0,16792,0.055740829,0.019175798,0,0,0,0,0,0,0,0,0,0,5,1.377497921
159092.11,0.512769676,0.5,6236,37,0.0992,33,34.75,37.25,0,0,0.07,0,0,20,0.5,0.104,5.5,50,1000,0.1,0.1,0.1,0.1,0.1,0.1,0.5,0,17735,0.054694108,0.018945588,0,0,0,0,0,0,0,0,0,0,5,1.411619568
159152.18,0.4980038,0.5,6236,37,0.1535,33.0625,34.6875,37.25,0,0,0.25,0,0,20,0.5,0.104,5.5,50,1000,0.1,0.1,0.1,0.1,0.1,0.1,0.5,0,16950,0.056460177,0.019410029,0,0,0,0,0,0,0,0,0,0,5,1.253381405
159212.25,0.515321892,0.5,6236,37,0.1396,32.8125,34.75,36.95,0,0,0.07,0,0,20,0.5,0.104,5.5,50,1000,0.1,0.1,0.1,0.1,0.1,0.1,0.5,0,17990,0.055252918,0.019010561,0,0,0,0,0,0,0,0,0,0,5,1.293264425
159272.32,0.548348054,0.5,6236,37,0.1451,32.9375,34.75,37.17,0,0,0.07,0,0,20,0.5,0.104,5.5,50,1000,0.1,0.1,0.1,0.1,0.1,0.1,0.5,0,18267,0.054907757,0.018886517,0,0,0,0,0,0,0,0,0,0,5,1.414956652
159332.37,0.551264594,0.5,6236,37,0.1244,32.75,34.75,36.95,0,0.02,0.15,0,0,20,0.5,0.104,5.5,50,1000,0.1,0.1,0.1,0.1,0.1,0.1,0.5,0,17810,0.056316676,0.01937114,0,0,0,0,0,0,0,0,0,0,0.44,1.414956652
159392.42,0.493796573,0.5,6236,37,0.4374,32.75,34.75,36.21,0,0.018387509,0.143550036,0,0,20,0.5,0.104,5.5,50,1000,0.1,0.1,0.1,0.1,0.1,0.1,0.5,0,17732,0.054872547,0.018948793,0,0,0,0,0,0,0,0,0,0,0.44,1.414956652
159452.46,0.448501861,0.5,6236,37,0.52567878,32.75,34.8125,36.05,0,0,0.25,0,0,20,0.5,0.104,5.5,50,1000,0.1,0.1,0.1,0.1,0.1,0.1,0.5,0,16972,0.054442611,0.018854584,0,0,0,0,0,0,0,0,0,0,5,1.414956652
159512.51,0.467732244,0.5,6236,37,0.1921,33,34.75,37.11,0,0,0.07,0,0,20,0.5,0.104,5.5,50,1000,0.1,0.1,0.1,0.1,0.1,0.1,0.5,0,15721,0.056739393,0.019464411,0,0,0,0,0,0,0,0,0,0,5,1.414956652
159572.55,0.466089143,0.5,6236,37,0.1622,32.8125,34.75,37.35,0,0,0.07,0,0,20,0.5,0.104,5.5,50,1000,0.1,0.1,0.1,0.1,0.1,0.1,0.5,0,16995,0.0548985,0.018829067,0,0,0,0,0,0,0,0,0,0,5,1.414956652
159632.61,0.471385288,0.5,6236,37,0.1423,32.9375,34.75,37.43,0,0,0.07,0,0,20,0.5,0.104,5.5,50,1000,0.1,0.1,0.1,0.1,0.1,0.1,0.5,0,16013,0.057328421,0.01942172,0,0,0,0,0,0,0,0,0,0,5,1.414956652
159692.66,0.491200328,0.5,6236,37,0.1601,32.875,34.6875,37.21,0,0,0.07,0,0,20,0.5,0.104,5.5,50,1000,0.1,0.1,0.1,0.1,0.1,0.1,0.5,0,16871,0.056191097,0.019204552,0,0,0,0,0,0,0,0,0,0,5,1.414956652
159752.7,0.503876963,0.5,6236,37,0.1735,32.9375,34.6875,37.19,0,0,0.25,0,0,20,0.5,0.104,5.5,50,1000,0.1,0.1,0.1,0.1,0.1,0.1,0.5,0,17614,0.055013058,0.019018962,0,0,0,0,0,0,0,0,0,0,5,1.414956652
159812.78,0.518922358,0.5,6236,37,0.1254,32.75,34.6875,37.03,0,0,0.07,0,0,20,0.5,0.104,5.5,50,1000,0.1,0.1,0.1,0.1,0.1,0.1,0.5,0,16136,0.058688647,0.019645513,0,0,0,0,0,0,0,0,0,0,5,1.43247529
159872.84,0.536007537,0.5,6236,37,0.1806,32.75,34.6875,37.01,0,0,0.07,0,0,20,0.5,0.104,5.5,50,1000,0.1,0.1,0.1,0.1,0.1,0.1,0.5,0,17778,0.055686804,0.019068512,0,0,0,0,0,0,0,0,0,0,5,1.458033375
159932.92,0.510312055,0.5,6236,37,0.0987,32.75,34.75,37.11,0,0,0.07,0,0,20,0.5,0.104,5.5,50,1000,0.1,0.1,0.1,0.1,0.1,0.1,0.5,0,17870,0.05567991,0.019026301,0,0,0,0,0,0,0,0,0,0,5,1.237754271
159992.99,0.550836603,0.5,6236,37,0.1507,32.75,34.6875,37.01,0,0,0.07,0,0,20,0.5,0.104,5.5,50,1000,0.1,0.1,0.1,0.1,0.1,0.1,0.5,0,17719,0.056380157,0.019075569,0,0,0,0,0,0,0,0,0,0,5,1.405113982
160053.06,0.539072734,0.5,6236,37,0.1609,32.75,34.6875,37.11,0,0,0,0,0,20,0.5,0.104,5.5,50,1000,0.1,0.1,0.1,0.1,0.1,0.1,0.5,0,18757,0.055392653,0.019032894,0,0,0,0,0,0,0,0,0,0,5,1.270095135
160113.14,0.550809781,0.5,6236,37,0.1229,32.875,34.6875,37.19,0,0,0,0,0,20,0.5,0.104,5.5,50,1000,0.1,0.1,0.1,0.1,0.1,0.1,0.5,0,18231,0.056552027,0.019307772,0,0,0,0,0,0,0,0,0,0,5,1.271207441
160173.22,0.579644501,0.5,6236,37,0.1143,32.8125,34.6875,37.01,0,0.02,0.15,0,0,20,0.5,0.104,5.5,50,1000,0.1,0.1,0.1,0.1,0.1,0.1,0.5,0,19113,0.055459635,0.018992309,0,0,0,0,0,0,0,0,0,0,0.44,1.271207441
160233.26,0.512286094,0.5,6236,37,0.521125,32.8125,34.6875,36.13,0,0.02,0.15,0,0,20,0.5,0.104,5.5,50,1000,0.1,0.1,0.1,0.1,0.1,0.1,0.5,0,17674,0.056523707,0.019237298,0,0,0,0,0,0,0,0,0,0,0.44,1.271207441
160293.29,0.484947165,0.5,6236,37,0.483225,32.6875,34.6875,36.31,0,0.02,0.15,0,0,20,0.5,0.104,5.5,50,1000,0.1,0.1,0.1,0.1,0.1,0.1,0.5,0,16861,0.056461657,0.019215942,0,0,0,0,0,0,0,0,0,0,0.44,1.271207441
160353.32,0.43303841,0.5,6236,37,0.505625,32.8125,34.75,36.31,0,0,0.25,0,0,20,0.5,0.104,5.5,50,1000,0.1,0.1,0.1,0.1,0.1,0.1,0.5,0,15874,0.056696485,0.019339801,0,0,0,0,0,0,0,0,0,0,5,1.271207441
160413.37,0.458361373,0.5,6236,37,0.2077,32.875,34.6875,37.03,0,0,0.07,0,0,20,0.5,0.104,5.5,50,1000,0.1,0.1,0.1,0.1,0.1,0.1,0.5,0,17036,0.054414182,0.018783752,0,0,0,0,0,0,0,0,0,0,5,1.271207441
160473.41,0.458178337,0.5,6236,37,0.1269,32.9375,34.6875,37.33,0,0,0.07,0,0,20,0.5,0.104,5.5,50,1000,0.1,0.1,0.1,0.1,0.1,0.1,0.5,0,16692,0.055535586,0.019051042,0,0,0,0,0,0,0,0,0,0,5,1.271207441
160533.48,0.488841784,0.5,6236,37,0.1384,33,34.6875,37.55,0,0,0.07,0,0,20,0.5,0.104,5.5,50,1000,0.1,0.1,0.1,0.1,0.1,0.1,0.5,0,17556,0.054625199,0.018740032,0,0,0,0,0,0,0,0,0,0,5,1.271207441
160593.52,0.478709013,0.5,6236,37,0.1532,33,34.6875,37.33,0,0,0.07,0,0,20,0.5,0.104,5.5,50,1000,0.1,0.1,0.1,0.1,0.1,0.1,0.5,0,17071,0.055591354,0.019213871,0,0,0,0,0,0,0,0,0,0,5,1.271207441
160653.56,0.490517115,0.5,6236,37,0.1127,32.9375,34.6875,37.35,0,0,0.25,0,0,20,0.5,0.104,5.5,50,1000,0.1,0.1,0.1,0.1,0.1,0.1,0.5,0,17091,0.055760342,0.019132877,0,0,0,0,0,0,0,0,0,0,5,1.271207441
160713.63,0.506425766,0.5,6236,37,0.1452,32.9375,34.6875,37.25,0,0,0.07,0,0,20,0.5,0.104,5.5,50,1000,0.1,0.1,0.1,0.1,0.1,0.1,0.5,0,18619,0.053386326,0.018422042,0,0,0,0,0,0,0,0,0,0,5,1.303399802
160773.7,0.517644693,0.5,6236,37,0.178,32.875,34.6875,37.03,0,0,0.07,0,0,20,0.5,0.104,5.5,50,1000,0.1,0.1,0.1,0.1,0.1,0.1,0.5,0,17994,0.055685228,0.019117484,0,0,0,0,0,0,0,0,0,0,5,1.303963822
160833.76,0.529155693,0.5,6236,37,0.1511,32.9375,34.6875,37.09,0,0,0.07,0,0,20,0.5,0.104,5.5,50,1000,0.1,0.1,0.1,0.1,0.1,0.1,0.5,0,18058,0.055820135,0.018994352,0,0,0,0,0,0,0,0,0,0,5,1.304746481
160893.81,0.542265915,0.5,6236,37,0.1554,32.9375,34.6875,37.11,0,0,0.07,0,0,20,0.5,0.104,5.5,50,1000,0.1,0.1,0.1,0.1,0.1,0.1,0.5,0,18161,0.056329497,0.019217003,0,0,0,0,0,0,0,0,0,0,5,1.312930541
160953.87,0.55223584,0.5,6236,37,0.1704,32.9375,34.6875,37.05,0,0.02,0.25,0,0,20,0.5,0.104,5.5,50,1000,0.1,0.1,0.1,0.1,0.1,0.1,0.5,0,19119,0.054762278,0.018724829,0,0,0,0,0,0,0,0,0,0,0.44,1.312930541
161013.93,0.500014067,0.5,6236,37,0.488325,32.875,34.6875,36.29,0,0.019274861,0.147099445,0,0,20,0.5,0.104,5.5,50,1000,0.1,0.1,0.1,0.1,0.1,0.1,0.5,0,17689,0.055401662,0.019051388,0,0,0,0,0,0,0,0,0,0,0.44,1.312930541
161074,0.453856903,0.5,6236,37,0.528509969,32.625,34.625,36.25,0,0.013769242,0.125076967,0,0,20,0.5,0.104,5.5,50,1000,0.1,0.1,0.1,0.1,0.1,0.1,0.5,0,16673,0.055358964,0.019072752,0,0,0,0,0,0,0,0,0,0,0.44,1.312930541
161134.07,0.434050621,0.5,6236,37,0.511337545,32.6875,34.625,36.45,0,0,0.07,0,0,20,0.5,0.104,5.5,50,1000,0.1,0.1,0.1,0.1,0.1,0.1,0.5,0,16205,0.054736193,0.019191608,0,0,0,0,0,0,0,0,0,0,5,1.312930541
161194.12,0.430340243,0.5,6236,37,0.1915,33,34.625,37.35,0,0,0.07,0,0,20,0.5,0.104,5.5,50,1000,0.1,0.1,0.1,0.1,0.1,0.1,0.5,0,15917,0.0552868,0.019036251,0,0,0,0,0,0,0,0,0,0,5,1.312930541
161254.17,0.429906181,0.5,6236,37,0.1477,32.875,34.625,37.37,0,0,0.25,0,0,20,0.5,0.104,5.5,50,1000,0.1,0.1,0.1,0.1,0.1,0.1,0.5,0,16266,0.055084225,0.018812246,0,0,0,0,0,0,0,0,0,0,5,1.312930541
161314.21,0.44867638,0.5,6236,37,0.1415,33,34.625,37.41,0,0,0.07,0,0,20,0.5,0.104,5.5,50,1000,0.1,0.1,0.1,0.1,0.1,0.1,0.5,0,15505,0.057013866,0.019219607,0,0,0,0,0,0,0,0,0,0,5,1.312930541
161374.26,0.471858034,0.5,6236,37,0.1398,32.9375,34.625,37.25,0,0,0.07,0,0,20,0.5,0.104,5.5,50,1000,0.1,0.1,0.1,0.1,0.1,0.1,0.5,0,16468,0.055562303,0.019128006,0,0,0,0,0,0,0,0,0,0,5,1.312930541
161434.32,0.455071815,0.5,6236,37,0.139,32.875,34.6875,37.19,0,0,0.07,0,0,20,0.5,0.104,5.5,50,1000,0.1,0.1,0.1,0.1,0.1,0.1,0.5,0,17920,0.053850446,0.018359375,0,0,0,0,0,0,0,0,0,0,5,1.312930541
161494.36,0.479625012,0.5,6236,37,0.1739,33.0625,34.6875,37.01,0,0,0.07,0,0,20,0.5,0.104,5.5,50,1000,0.1,0.1,0.1,0.1,0.1,0.1,0.5,0,17009,0.055500029,0.019107531,0,0,0,0,0,0,0,0,0,0,5,1.404932005
161554.41,0.497695295,0.5,6236,37,0.1564,32.8125,34.6875,37.17,0,0,0.25,0,0,20,0.5,0.104,5.5,50,1000,0.1,0.1,0.1,0.1,0.1,0.1,0.5,0,16402,0.05712718,0.019509816,0,0,0,0,0,0,0,0,0,0,5,1.445635785
161614.5,0.485963084,0.5,6236,37,0.1469,32.875,34.6875,37.11,0,0,0.07,0,0,20,0.5,0.104,5.5,50,1000,0.1,0.1,0.1,0.1,0.1,0.1,0.5,0,17590,0.055656623,0.019158613,0,0,0,0,0,0,0,0,0,0,5,1.301787885
161674.54,0.517687958,0.5,6236,37,0.1188,32.9375,34.6875,37.33,0,0,0.07,0,0,20,0.5,0.104,5.5,50,1000,0.1,0.1,0.1,0.1,0.1,0.1,0.5,0,16533,0.057763261,0.019657654,0,0,0,0,0,0,0,0,0,0,5,1.426418489
161734.61,0.503967183,0.5,6236,37,0.116,33,34.6875,37.13,0,0,0,0,0,20,0.5,0.104,5.5,50,1000,0.1,0.1,0.1,0.1,0.1,0.1,0.5,0,18075,0.05526971,0.018976487,0,0,0,0,0,0,0,0,0,0,5,1.274513035
161794.67,0.531748639,0.5,6236,37,0.1645,32.8125,34.75,36.97,0,0,0,0,0,20,0.5,0.104,5.5,50,1000,0.1,0.1,0.1,0.1,0.1,0.1,0.5,0,17562,0.056656417,0.019303041,0,0,0,0,0,0,0,0,0,0,5,1.371766612
161854.73,0.533840192,0.5,6236,37,0.1471,32.75,34.6875,37.11,0,0,0,0,0,20,0.5,0.104,5.5,50,1000,0.1,0.1,0.1,0.1,0.1,0.1,0.5,0,17759,0.056647334,0.01942677,0,0,0,0,0,0,0,0,0,0,5,1.314955182
161914.79,0.542234087,0.5,6236,37,0.1043,32.8125,34.75,37.11,0,0,0,0,0,20,0.5,0.104,5.5,50,1000,0.1,0.1,0.1,0.1,0.1,0.1,0.5,0,18587,0.055953085,0.019153172,0,0,0,0,0,0,0,0,0,0,5,1.296011243
161974.84,0.563426927,0.5,6236,37,0.136,32.875,34.75,37.05,0,0.02,0.15,0,0,20,0.5,0.104,5.5,50,1000,0.1,0.1,0.1,0.1,0.1,0.1,0.5,0,18400,0.056141304,0.019130435,0,0,0,0,0,0,0,0,0,0,0.44,1.296011243
162034.88,0.507911558,0.5,6236,37,0.5104,32.75,34.6875,36.05,0,0.02,0.15,0,0,20,0.5,0.104,5.5,50,1000,0.1,0.1,0.1,0.1,0.1,0.1,0.5,0,17091,0.056930548,0.019366918,0,0,0,0,0,0,0,0,0,0,0.44,1.296011243
162094.94,0.458192432,0.5,6236,37,0.563325,32.6875,34.625,36.25,0,0.015565506,0.132262022,0,0,20,0.5,0.104,5.5,50,1000,0.1,0.1,0.1,0.1,0.1,0.1,0.5,0,16398,0.056165386,0.019270643,0,0,0,0,0,0,0,0,0,0,0.44,1.296011243
162154.97,0.439535595,0.5,6236,37,0.423722096,32.8125,34.6875,36.55,0,0,0.25,0,0,20,0.5,0.104,5.5,50,1000,0.1,0.1,0.1,0.1,0.1,0.1,0.5,0,15682,0.056561663,0.019385282,0,0,0,0,0,0,0,0,0,0,5,1.296011243
162215.02,0.449958543,0.5,6236,37,0.1412,32.8125,34.6875,37.35,0,0,0.07,0,0,20,0.5,0.104,5.5,50,1000,0.1,0.1,0.1,0.1,0.1,0.1,0.5,0,15300,0.05745098,0.019542484,0,0,0,0,0,0,0,0,0,0,5,1.296011243
162275.06,0.457030989,0.5,6236,37,0.1318,33,34.6875,37.37,0,0,0.07,0,0,20,0.5,0.104,5.5,50,1000,0.1,0.1,0.1,0.1,0.1,0.1,0.5,0,16127,0.056241086,0.019098406,0,0,0,0,0,0,0,0,0,0,5,1.296011243
162335.12,0.459490062,0.5,6236,37,0.1722,32.9375,34.6875,37.17,0,0,0.07,0,0,20,0.5,0.104,5.5,50,1000,0.1,0.1,0.1,0.1,0.1,0.1,0.5,0,16060,0.056787049,0.019489415,0,0,0,0,0,0,0,0,0,0,5,1.296011243
162395.21,0.478153878,0.5,6236,37,0.0978,32.9375,34.6875,37.29,0,0,0.07,0,0,20,0.5,0.104,5.5,50,1000,0.1,0.1,0.1,0.1,0.1,0.1,0.5,0,16735,0.055811174,0.019300866,0,0,0,0,0,0,0,0,0,0,5,1.296011243
162455.25,0.482128077,0.5,6236,37,0.132,32.875,34.6875,37.13,0,0,0.25,0,0,20,0.5,0.104,5.5,50,1000,0.1,0.1,0.1,0.1,0.1,0.1,0.5,0,18174,0.054308353,0.018708044,0,0,0,0,0,0,0,0,0,0,5,1.296011243
162515.33,0.487269244,0.5,6236,37,0.1813,32.9375,34.6875,37.13,0,0,0.07,0,0,20,0.5,0.104,5.5,50,1000,0.1,0.1,0.1,0.1,0.1,0.1,0.5,0,16981,0.057004888,0.019492374,0,0,0,0,0,0,0,0,0,0,5,1.263031782
162575.38,0.49657893,0.5,6236,37,0.158,33,34.75,37.05,0,0,0.07,0,0,20,0.5,0.104,5.5,50,1000,0.1,0.1,0.1,0.1,0.1,0.1,0.5,0,17462,0.055950063,0.018955446,0,0,0,0,0,0,0,0,0,0,5,1.256657022
162635.46,0.505263421,0.5,6236,37,0.1841,32.9375,34.6875,37.19,0,0,0.07,0,0,20,0.5,0.104,5.5,50,1000,0.1,0.1,0.1,0.1,0.1,0.1,0.5,0,17933,0.056041934,0.01912675,0,0,0,0,0,0,0,0,0,0,5,1.245836598
162695.53,0.524584132,0.5,6236,37,0.119,33.0625,34.75,37.27,0,0,0.07,0,0,20,0.5,0.104,5.5,50,1000,0.1,0.1,0.1,0.1,0.1,0.1,0.5,0,16816,0.058277831,0.019624167,0,0,0,0,0,0,0,0,0,0,5,1.296122469
162755.6,0.523523139,0.5,6236,37,0.1351,32.8125,34.75,37.19,0,0,0,0,0,20,0.5,0.104,5.5,50,1000,0.1,0.1,0.1,0.1,0.1,0.1,0.5,0,18530,0.055261738,0.018942256,0,0,0,0,0,0,0,0,0,0,5,1.22524258
162815.65,0.536987008,0.5,6236,37,0.1423,32.8125,34.75,37.09,0,0,0,0,0,20,0.5,0.104,5.5,50,1000,0.1,0.1,0.1,0.1,0.1,0.1,0.5,0,18734,0.05594107,0.019002882,0,0,0,0,0,0,0,0,0,0,5,1.240158459
162875.72,0.530247278,0.5,6236,37,0.139,32.875,34.6875,37.03,0,0,0,0,0,20,0.5,0.104,5.5,50,1000,0.1,0.1,0.1,0.1,0.1,0.1,0.5,0,19419,0.054843195,0.018796025,0,0,0,0,0,0,0,0,0,0,5,1.14025922
162935.78,0.555551771,0.5,6236,37,0.1949,32.875,34.75,37.09,0,0,0,0,0,20,0.5,0.104,5.5,50,1000,0.1,0.1,0.1,0.1,0.1,0.1,0.5,0,18188,0.057510446,0.019298439,0,0,0,0,0,0,0,0,0,0,5,1.22310128
162995.83,0.568806671,0.5,6236,37,0.174,33,34.75,37.17,0,0.02,0.15,0,0,20,0.5,0.104,5.5,50,1000,0.1,0.1,0.1,0.1,0.1,0.1,0.5,0,17549,0.058749786,0.019716223,0,0,0,0,0,0,0,0,0,0,0.44,1.22310128
163055.88,0.506591956,0.5,6236,37,0.4948,32.75,34.75,36.23,0,0.02,0.25,0,0,20,0.5,0.104,5.5,50,1000,0.1,0.1,0.1,0.1,0.1,0.1,0.5,0,17860,0.056494961,0.019316909,0,0,0,0,0,0,0,0,0,0,0.44,1.22310128
163115.92,0.481794406,0.5,6236,37,0.505,32.6875,34.6875,35.97,0,0.02,0.15,0,0,20,0.5,0.104,5.5,50,1000,0.1,0.1,0.1,0.1,0.1,0.1,0.5,0,16473,0.057002368,0.019425727,0,0,0,0,0,0,0,0,0,0,0.44,1.22310128
163176.01,0.439822512,0.5,6236,37,0.510825,32.6875,34.75,36.21,0,0,0.07,0,0,20,0.5,0.104,5.5,50,1000,0.1,0.1,0.1,0.1,0.1,0.1,0.5,0,16565,0.055055841,0.019015998,0,0,0,0,0,0,0,0,0,0,5,1.22310128
163236.09,0.439484503,0.5,6236,37,0.208,32.875,34.6875,37.21,0,0,0.07,0,0,20,0.5,0.104,5.5,50,1000,0.1,0.1,0.1,0.1,0.1,0.1,0.5,0,16255,0.055859735,0.019194094,0,0,0,0,0,0,0,0,0,0,5,1.22310128
163296.13,0.452199133,0.5,6236,37,0.1949,33,34.75,37.19,0,0,0.07,0,0,20,0.5,0.104,5.5,50,1000,0.1,0.1,0.1,0.1,0.1,0.1,0.5,0,15461,0.057628873,0.019662376,0,0,0,0,0,0,0,0,0,0,5,1.22310128
163356.2,0.471631076,0.5,6236,37,0.1414,32.875,34.75,37.25,0,0,0.25,0,0,20,0.5,0.104,5.5,50,1000,0.1,0.1,0.1,0.1,0.1,0.1,0.5,0,16684,0.055742028,0.019060177,0,0,0,0,0,0,0,0,0,0,5,1.22310128
163416.24,0.465667336,0.5,6236,37,0.1733,33.0625,34.75,37.19,0,0,0.07,0,0,20,0.5,0.104,5.5,50,1000,0.1,0.1,0.1,0.1,0.1,0.1,0.5,0,16000,0.0574375,0.0196875,0,0,0,0,0,0,0,0,0,0,5,1.22310128
163476.29,0.484110214,0.5,6236,37,0.1037,32.9375,34.8125,37.43,0,0,0.07,0,0,20,0.5,0.104,5.5,50,1000,0.1,0.1,0.1,0.1,0.1,0.1,0.5,0,17160,0.055769231,0.018881119,0,0,0,0,0,0,0,0,0,0,5,1.22310128
163536.35,0.497246851,0.5,6236,37,0.0837,32.9375,34.75,37.45,0,0,0.07,0,0,20,0.5,0.104,5.5,50,1000,0.1,0.1,0.1,0.1,0.1,0.1,0.5,0,17713,0.055552419,0.019025574,0,0,0,0,0,0,0,0,0,0,5,1.242268183
163596.39,0.50181192,0.5,6236,37,0.201,33.125,34.75,36.97,0,0,0.07,0,0,20,0.5,0.104,5.5,50,1000,0.1,0.1,0.1,0.1,0.1,0.1,0.5,0,16377,0.058069243,0.019295353,0,0,0,0,0,0,0,0,0,0,5,1.207571183
163656.44,0.525115799,0.5,6236,37,0.1432,33,34.8125,37.17,0,0,0.25,0,0,20,0.5,0.104,5.5,50,1000,0.1,0.1,0.1,0.1,0.1,0.1,0.5,0,17149,0.057204502,0.019418042,0,0,0,0,0,0,0,0,0,0,5,1.283372884
163716.47,0.511487965,0.5,6236,37,0.1387,33.0625,34.8125,37.17,0,0,0.07,0,0,20,0.5,0.104,5.5,50,1000,0.1,0.1,0.1,0.1,0.1,0.1,0.5,0,18387,0.055256431,0.019035188,0,0,0,0,0,0,0,0,0,0,5,1.140319982
163776.55,0.538400331,0.5,6236,37,0.1242,32.875,34.8125,37.21,0,0,0,0,0,20,0.5,0.104,5.5,50,1000,0.1,0.1,0.1,0.1,0.1,0.1,0.5,0,17916,0.056653271,0.01925653,0,0,0,0,0,0,0,0,0,0,5,1.237138993
163836.61,0.534733619,0.5,6236,37,0.1291,32.9375,34.8125,37.17,0,0,0,0,0,20,0.5,0.104,5.5,50,1000,0.1,0.1,0.1,0.1,0.1,0.1,0.5,0,18231,0.05633262,0.019198069,0,0,0,0,0,0,0,0,0,0,5,1.15478101
163896.68,0.544326186,0.5,6236,37,0.1429,32.9375,34.8125,37.11,0,0,0,0,0,20,0.5,0.104,5.5,50,1000,0.1,0.1,0.1,0.1,0.1,0.1,0.5,0,17679,0.05820465,0.019627807,0,0,0,0,0,0,0,0,0,0,5,1.150381838
163956.72,0.574007373,0.5,6236,37,0.1393,33.0625,34.875,37.11,0,0.02,0.25,0,0,20,0.5,0.104,5.5,50,1000,0.1,0.1,0.1,0.1,0.1,0.1,0.5,0,17890,0.057853549,0.019452208,0,0,0,0,0,0,0,0,0,0,0.44,1.150381838
164016.76,0.502341526,0.5,6236,37,0.505375,32.8125,34.8125,36.01,0,0.02,0.15,0,0,20,0.5,0.104,5.5,50,1000,0.1,0.1,0.1,0.1,0.1,0.1,0.5,0,17255,0.057026949,0.019356708,0,0,0,0,0,0,0,0,0,0,0.44,1.150381838
164076.83,0.461343854,0.5,6236,37,0.543,32.5625,34.75,36.01,0,0.016998938,0.13799575,0,0,20,0.5,0.104,5.5,50,1000,0.1,0.1,0.1,0.1,0.1,0.1,0.5,0,17353,0.054860831,0.018901631,0,0,0,0,0,0,0,0,0,0,0.44,1.150381838
164136.89,0.420682201,0.5,6236,37,0.501289826,32.8125,34.8125,36.29,0,0,0.07,0,0,20,0.5,0.104,5.5,50,1000,0.1,0.1,0.1,0.1,0.1,0.1,0.5,0,16350,0.054923547,0.018960245,0,0,0,0,0,0,0,0,0,0,5,1.150381838
164196.94,0.421940344,0.5,6236,37,0.2323,32.9375,34.75,37.11,0,0,0.07,0,0,20,0.5,0.104,5.5,50,1000,0.1,0.1,0.1,0.1,0.1,0.1,0.5,0,15899,0.056104157,0.019246493,0,0,0,0,0,0,0,0,0,0,5,1.150381838
164256.98,0.461574597,0.5,6236,37,0.1397,33.0625,34.75,37.43,0,0,0.25,0,0,20,0.5,0.104,5.5,50,1000,0.1,0.1,0.1,0.1,0.1,0.1,0.5,0,15813,0.056409284,0.019351167,0,0,0,0,0,0,0,0,0,0,5,1.150381838
164317.04,0.454485643,0.5,6236,37,0.1244,33,34.6875,37.43,0,0,0.07,0,0,20,0.5,0.104,5.5,50,1000,0.1,0.1,0.1,0.1,0.1,0.1,0.5,0,16474,0.055117154,0.018999636,0,0,0,0,0,0,0,0,0,0,5,1.150381838
164377.11,0.475659491,0.5,6236,37,0.1053,33,34.6875,37.45,0,0,0.07,0,0,20,0.5,0.104,5.5,50,1000,0.1,0.1,0.1,0.1,0.1,0.1,0.5,0,15689,0.057747466,0.01956785,0,0,0,0,0,0,0,0,0,0,5,1.150381838
164437.16,0.458687982,0.5,6236,37,0.1672,32.9375,34.75,37.17,0,0,0.07,0,0,20,0.5,0.104,5.5,50,1000,0.1,0.1,0.1,0.1,0.1,0.1,0.5,0,16658,0.056369312,0.019149958,0,0,0,0,0,0,0,0,0,0,5,1.150381838
164497.21,0.468457369,0.5,6236,37,0.1512,33.0625,34.75,37.21,0,0,0.07,0,0,20,0.5,0.104,5.5,50,1000,0.1,0.1,0.1,0.1,0.1,0.1,0.5,0,17472,0.055460165,0.019059066,0,0,0,0,0,0,0,0,0,0,5,1.156087451
164557.26,0.484979391,0.5,6236,37,0.1879,33.125,34.75,37.05,0,0,0.25,0,0,20,0.5,0.104,5.5,50,1000,0.1,0.1,0.1,0.1,0.1,0.1,0.5,0,18058,0.054491084,0.018717466,0,0,0,0,0,0,0,0,0,0,5,1.202266961
164617.31,0.488030981,0.5,6236,37,0.1198,33,34.75,37.29,0,0,0.07,0,0,20,0.5,0.104,5.5,50,1000,0.1,0.1,0.1,0.1,0.1,0.1,0.5,0,17343,0.055988007,0.01920083,0,0,0,0,0,0,0,0,0,0,5,1.16097109
164677.36,0.520189969,0.5,6236,37,0.1759,33.0625,34.75,37.05,0,0,0.07,0,0,20,0.5,0.104,5.5,50,1000,0.1,0.1,0.1,0.1,0.1,0.1,0.5,0,16794,0.057937359,0.019649875,0,0,0,0,0,0,0,0,0,0,5,1.294368077
164737.44,0.529947503,0.5,6236,37,0.1352,33,34.75,37.19,0,0,0,0,0,20,0.5,0.104,5.5,50,1000,0.1,0.1,0.1,0.1,0.1,0.1,0.5,0,16922,0.058030966,0.01973762,0,0,0,0,0,0,0,0,0,0,5,1.285401313
164797.52,0.539947503,0.5,6236,37,0.1327,33.0625,34.75,37.17,0,0,0,0,0,20,0.5,0.104,5.5,50,1000,0.1,0.1,0.1,0.1,0.1,0.1,0.5,0,19211,0.054447973,0.018478996,0,0,0,0,0,0,0,0,0,0,5,1.277213151
164857.6,0.530572946,0.5,6236,37,0.1588,32.9375,34.8125,37.05,0,0,0,0,0,20,0.5,0.104,5.5,50,1000,0.1,0.1,0.1,0.1,0.1,0.1,0.5,0,18251,0.056216098,0.019341406,0,0,0,0,0,0,0,0,0,0,5,1.160809096
164917.66,0.531417547,0.5,6236,37,0.1829,33,34.75,36.95,0,0,0,0,0,20,0.5,0.104,5.5,50,1000,0.1,0.1,0.1,0.1,0.1,0.1,0.5,0,18252,0.056706114,0.019285558,0,0,0,0,0,0,0,0,0,0,5,1.107540444
164977.73,0.555143513,0.5,6236,37,0.2088,33,34.75,36.85,0,0,0,0,0,20,0.5,0.104,5.5,50,1000,0.1,0.1,0.1,0.1,0.1,0.1,0.5,0,17533,0.058290082,0.01967718,0,0,0,0,0,0,0,0,0,0,5,1.18319925
165037.78,0.586384257,0.5,6236,37,0.268575,32.9375,34.8125,37.05,0,0.02,0.15,0,0,20,0.5,0.104,5.5,50,1000,0.1,0.1,0.1,0.1,0.1,0.1,0.5,0,18162,0.058088316,0.019601365,0,0,0,0,0,0,0,0,0,0,0.44,1.18319925
165097.82,0.540354214,0.5,6236,37,0.3876,32.8125,34.75,36.55,0,0.02,0.15,0,0,20,0.5,0.104,5.5,50,1000,0.1,0.1,0.1,0.1,0.1,0.1,0.5,0,18343,0.055988661,0.019026332,0,0,0,0,0,0,0,0,0,0,0.44,1.18319925
165157.88,0.482280636,0.5,6236,37,0.5001,32.6875,34.75,36.13,0,0.02,0.25,0,0,20,0.5,0.104,5.5,50,1000,0.1,0.1,0.1,0.1,0.1,0.1,0.5,0,16897,0.056874001,0.019115819,0,0,0,0,0,0,0,0,0,0,0.44,1.18319925
165217.95,0.425635259,0.5,6236,37,0.4947,32.75,34.75,36.01,0,0,0.07,0,0,20,0.5,0.104,5.5,50,1000,0.1,0.1,0.1,0.1,0.1,0.1,0.5,0,15414,0.057350461,0.019527702,0,0,0,0,0,0,0,0,0,0,5,1.18319925
165277.99,0.442941739,0.5,6236,37,0.2224,32.875,34.75,37.11,0,0,0.07,0,0,20,0.5,0.104,5.5,50,1000,0.1,0.1,0.1,0.1,0.1,0.1,0.5,0,16759,0.055134555,0.01885554,0,0,0,0,0,0,0,0,0,0,5,1.18319925
165338.06,0.453028068,0.5,6236,37,0.1316,33,34.75,37.43,0,0,0.07,0,0,20,0.5,0.104,5.5,50,1000,0.1,0.1,0.1,0.1,0.1,0.1,0.5,0,15848,0.0567895,0.019497728,0,0,0,0,0,0,0,0,0,0,5,1.18319925
165398.1,0.450733454,0.5,6236,37,0.1549,33.0625,34.8125,37.29,0,0,0.07,0,0,20,0.5,0.104,5.5,50,1000,0.1,0.1,0.1,0.1,0.1,0.1,0.5,0,18049,0.053853399,0.01850518,0,0,0,0,0,0,0,0,0,0,5,1.18319925
165458.17,0.475716329,0.5,6236,37,0.1217,33.0625,34.75,37.37,0,0,0.25,0,0,20,0.5,0.104,5.5,50,1000,0.1,0.1,0.1,0.1,0.1,0.1,0.5,0,16985,0.055755078,0.019311157,0,0,0,0,0,0,0,0,0,0,5,1.18319925
165518.23,0.475917755,0.5,6236,37,0.176,33.125,34.75,37.13,0,0,0.07,0,0,20,0.5,0.104,5.5,50,1000,0.1,0.1,0.1,0.1,0.1,0.1,0.5,0,16557,0.056954762,0.019327173,0,0,0,0,0,0,0,0,0,0,5,1.18319925
165578.3,0.480337389,0.5,6236,37,0.1565,33.125,34.75,37.19,0,0,0.07,0,0,20,0.5,0.104,5.5,50,1000,0.1,0.1,0.1,0.1,0.1,0.1,0.5,0,16989,0.05680146,0.01930661,0,0,0,0,0,0,0,0,0,0,5,1.151770374
165638.38,0.492566554,0.5,6236,37,0.1446,33.125,34.75,37.21,0,0,0.07,0,0,20,0.5,0.104,5.5,50,1000,0.1,0.1,0.1,0.1,0.1,0.1,0.5,0,16994,0.057020125,0.019536307,0,0,0,0,0,0,0,0,0,0,5,1.169604358
165698.44,0.511390094,0.5,6236,37,0.1406,33.0625,34.75,37.19,0,0,0.07,0,0,20,0.5,0.104,5.5,50,1000,0.1,0.1,0.1,0.1,0.1,0.1,0.5,0,17986,0.056210386,0.019014789,0,0,0,0,0,0,0,0,0,0,5,1.22363346
165758.52,0.525743993,0.5,6236,37,0.1994,33.0625,34.75,36.95,0,0,0.25,0,0,20,0.5,0.104,5.5,50,1000,0.1,0.1,0.1,0.1,0.1,0.1,0.5,0,18306,0.055883317,0.019228668,0,0,0,0,0,0,0,0,0,0,5,1.245496875
165818.58,0.541230939,0.5,6236,37,0.1257,33.0625,34.75,37.21,0,0,0,0,0,20,0.5,0.104,5.5,50,1000,0.1,0.1,0.1,0.1,0.1,0.1,0.5,0,18008,0.056808085,0.019435806,0,0,0,0,0,0,0,0,0,0,5,1.270317054
165878.64,0.55440062,0.5,6236,37,0.3017,32.9375,34.75,36.93,0,0.02,0.15,0,0,20,0.5,0.104,5.5,50,1000,0.1,0.1,0.1,0.1,0.1,0.1,0.5,0,18408,0.056334203,0.019230769,0,0,0,0,0,0,0,0,0,0,0.44,1.270317054
165938.68,0.497023946,0.5,6236,37,0.477247255,32.75,34.75,36.17,0,0.019111903,0.146447611,0,0,20,0.5,0.104,5.5,50,1000,0.1,0.1,0.1,0.1,0.1,0.1,0.5,0,17278,0.056545897,0.019215187,0,0,0,0,0,0,0,0,0,0,0.44,1.270317054
165998.74,0.452807875,0.5,6236,37,0.4839,32.6875,34.75,36.01,0,0,0.07,0,0,20,0.5,0.104,5.5,50,1000,0.1,0.1,0.1,0.1,0.1,0.1,0.5,0,16514,0.055528642,0.018953615,0,0,0,0,0,0,0,0,0,0,5,1.270317054
166058.81,0.45286941,0.5,6236,37,0.2039,32.8125,34.6875,37.13,0,0,0.25,0,0,20,0.5,0.104,5.5,50,1000,0.1,0.1,0.1,0.1,0.1,0.1,0.5,0,15934,0.056859546,0.019266976,0,0,0,0,0,0,0,0,0,0,5,1.270317054
166118.85,0.462841803,0.5,6236,37,0.127,32.9375,34.75,37.41,0,0,0.07,0,0,20,0.5,0.104,5.5,50,1000,0.1,0.1,0.1,0.1,0.1,0.1,0.5,0,15554,0.058312974,0.01980198,0,0,0,0,0,0,0,0,0,0,5,1.270317054
166178.93,0.488991906,0.5,6236,37,0.158,33.0625,34.6875,37.25,0,0,0.07,0,0,20,0.5,0.104,5.5,50,1000,0.1,0.1,0.1,0.1,0.1,0.1,0.5,0,16702,0.056340558,0.019279128,0,0,0,0,0,0,0,0,0,0,5,1.270317054
166239,0.497563344,0.5,6236,37,0.1475,32.9375,34.75,37.25,0,0,0.07,0,0,20,0.5,0.104,5.5,50,1000,0.1,0.1,0.1,0.1,0.1,0.1,0.5,0,16163,0.05815752,0.019674565,0,0,0,0,0,0,0,0,0,0,5,1.270317054
166299.08,0.483767794,0.5,6236,37,0.1409,33,34.6875,37.25,0,0,0.07,0,0,20,0.5,0.104,5.5,50,1000,0.1,0.1,0.1,0.1,0.1,0.1,0.5,0,16007,0.059224089,0.019866308,0,0,0,0,0,0,0,0,0,0,5,1.270317054
166359.15,0.497078721,0.5,6236,37,0.1122,33.125,34.75,37.33,0,0,0.25,0,0,20,0.5,0.104,5.5,50,1000,0.1,0.1,0.1,0.1,0.1,0.1,0.5,0,17318,0.056126574,0.019286292,0,0,0,0,0,0,0,0,0,0,5,1.28823134
166419.2,0.493461343,0.5,6236,37,0.1447,33,34.75,37.17,0,0,0.07,0,0,20,0.5,0.104,5.5,50,1000,0.1,0.1,0.1,0.1,0.1,0.1,0.5,0,18588,0.054712718,0.01888315,0,0,0,0,0,0,0,0,0,0,5,1.201908124
166479.23,0.522435301,0.5,6236,37,0.1743,33,34.75,37.03,0,0,0.07,0,0,20,0.5,0.104,5.5,50,1000,0.1,0.1,0.1,0.1,0.1,0.1,0.5,0,17347,0.057416268,0.019484637,0,0,0,0,0,0,0,0,0,0,5,1.312982598
166539.3,0.532637298,0.5,6236,37,0.2302,32.9375,34.8125,36.81,0,0,0.07,0,0,20,0.5,0.104,5.5,50,1000,0.1,0.1,0.1,0.1,0.1,0.1,0.5,0,17573,0.057303818,0.019404769,0,0,0,0,0,0,0,0,0,0,5,1.30535212
166599.38,0.541398784,0.5,6236,37,0.0712,33,34.8125,37.41,0,0,0,0,0,20,0.5,0.104,5.5,50,1000,0.1,0.1,0.1,0.1,0.1,0.1,0.5,0,17660,0.05804077,0.019535674,0,0,0,0,0,0,0,0,0,0,5,1.289030805
166659.43,0.541685223,0.5,6236,37,0.3092,33,34.75,36.87,0,0.02,0.25,0,0,20,0.5,0.104,5.5,50,1000,0.1,0.1,0.1,0.1,0.1,0.1,0.5,0,17962,0.057844338,0.019541254,0,0,0,0,0,0,0,0,0,0,0.44,1.289030805
166719.5,0.499191139,0.5,6236,37,0.475775,32.75,34.8125,36.17,0,0.02,0.15,0,0,20,0.5,0.104,5.5,50,1000,0.1,0.1,0.1,0.1,0.1,0.1,0.5,0,16193,0.060025937,0.020255666,0,0,0,0,0,0,0,0,0,0,0.44,1.289030805
166779.54,0.453848191,0.5,6236,37,0.4909,32.75,34.8125,35.97,0,0,0.07,0,0,20,0.5,0.104,5.5,50,1000,0.1,0.1,0.1,0.1,0.1,0.1,0.5,0,16324,0.057706444,0.019664298,0,0,0,0,0,0,0,0,0,0,5,1.289030805
166839.6,0.469217058,0.5,6236,37,0.2286,32.875,34.75,37.03,0,0,0.07,0,0,20,0.5,0.104,5.5,50,1000,0.1,0.1,0.1,0.1,0.1,0.1,0.5,0,15626,0.05906822,0.019966722,0,0,0,0,0,0,0,0,0,0,5,1.289030805
166899.65,0.474564446,0.5,6236,37,0.1446,33.125,34.8125,37.33,0,0,0.07,0,0,20,0.5,0.104,5.5,50,1000,0.1,0.1,0.1,0.1,0.1,0.1,0.5,0,16775,0.057108793,0.019493294,0,0,0,0,0,0,0,0,0,0,5,1.289030805
166959.69,0.505345523,0.5,6236,37,0.1559,33,34.75,37.25,0,0,0.25,0,0,20,0.5,0.104,5.5,50,1000,0.1,0.1,0.1,0.1,0.1,0.1,0.5,0,16863,0.057403783,0.019450869,0,0,0,0,0,0,0,0,0,0,5,1.289030805
167019.74,0.510051515,0.5,6236,37,0.1207,33.125,34.8125,37.35,0,0,0.07,0,0,20,0.5,0.104,5.5,50,1000,0.1,0.1,0.1,0.1,0.1,0.1,0.5,0,17529,0.056877175,0.019225284,0,0,0,0,0,0,0,0,0,0,5,1.289030805
167079.8,0.526707105,0.5,6236,37,0.1564,33.125,34.75,37.17,0,0,0.07,0,0,20,0.5,0.104,5.5,50,1000,0.1,0.1,0.1,0.1,0.1,0.1,0.5,0,17713,0.056737989,0.019307853,0,0,0,0,0,0,0,0,0,0,5,1.289030805
167139.86,0.530016607,0.5,6236,37,0.1695,33.0625,34.75,37.09,0,0,0.07,0,0,20,0.5,0.104,5.5,50,1000,0.1,0.1,0.1,0.1,0.1,0.1,0.5,0,18143,0.056385383,0.019180951,0,0,0,0,0,0,0,0,0,0,5,1.243370435
167199.93,0.532906124,0.5,6236,37,0.2068,32.8125,34.8125,36.93,0,0,0.07,0,0,20,0.5,0.104,5.5,50,1000,0.1,0.1,0.1,0.1,0.1,0.1,0.5,0,17711,0.057591327,0.019592344,0,0,0,0,0,0,0,0,0,0,5,1.197512735
167260,0.530324914,0.5,6236,37,0.1426,33.0625,34.75,37.17,0,0,0.25,0,0,20,0.5,0.104,5.5,50,1000,0.1,0.1,0.1,0.1,0.1,0.1,0.5,0,18534,0.056922413,0.019315852,0,0,0,0,0,0,0,0,0,0,5,1.123070848
167320.06,0.546127765,0.5,6236,37,0.1699,32.9375,34.8125,37.05,0,0,0.07,0,0,20,0.5,0.104,5.5,50,1000,0.1,0.1,0.1,0.1,0.1,0.1,0.5,0,17494,0.059563279,0.019949697,0,0,0,0,0,0,0,0,0,0,5,1.155006565
167380.14,0.574932624,0.5,6236,37,0.2507,33,34.75,37.17,0,0.02,0.15,0,0,20,0.5,0.104,5.5,50,1000,0.1,0.1,0.1,0.1,0.1,0.1,0.5,0,18113,0.058355877,0.019820019,0,0,0,0,0,0,0,0,0,0,0.44,1.155006565
167440.17,0.515897094,0.5,6236,37,0.4599,32.8125,34.75,36.25,0,0.02,0.15,0,0,20,0.5,0.104,5.5,50,1000,0.1,0.1,0.1,0.1,0.1,0.1,0.5,0,17887,0.057360094,0.019511377,0,0,0,0,0,0,0,0,0,0,0.44,1.155006565
167500.23,0.465756964,0.5,6236,37,0.456529979,32.75,34.8125,36.33,0,0.017826683,0.141306733,0,0,20,0.5,0.104,5.5,50,1000,0.1,0.1,0.1,0.1,0.1,0.1,0.5,0,16453,0.058712697,0.019814016,0,0,0,0,0,0,0,0,0,0,0.44,1.155006565
167560.3,0.424574845,0.5,6236,37,0.3823,32.75,34.75,36.45,0,0,0.25,0,0,20,0.5,0.104,5.5,50,1000,0.1,0.1,0.1,0.1,0.1,0.1,0.5,0,16218,0.057528672,0.019607843,0,0,0,0,0,0,0,0,0,0,5,1.155006565
167620.34,0.454051937,0.5,6236,37,0.2403,32.9375,34.75,37.03,0,0,0.07,0,0,20,0.5,0.104,5.5,50,1000,0.1,0.1,0.1,0.1,0.1,0.1,0.5,0,16223,0.057757505,0.0196018,0,0,0,0,0,0,0,0,0,0,5,1.155006565
167680.38,0.451633088,0.5,6236,37,0.1724,33.0625,34.75,37.25,0,0,0.07,0,0,20,0.5,0.104,5.5,50,1000,0.1,0.1,0.1,0.1,0.1,0.1,0.5,0,15845,0.058630483,0.0199432,0,0,0,0,0,0,0,0,0,0,5,1.155006565
167740.45,0.464200825,0.5,6236,37,0.1519,33,34.75,37.29,0,0,0.07,0,0,20,0.5,0.104,5.5,50,1000,0.1,0.1,0.1,0.1,0.1,0.1,0.5,0,16570,0.057996379,0.01955341,0,0,0,0,0,0,0,0,0,0,5,1.155006565
167800.51,0.475377343,0.5,6236,37,0.1261,33.1875,34.75,37.35,0,0,0.07,0,0,20,0.5,0.104,5.5,50,1000,0.1,0.1,0.1,0.1,0.1,0.1,0.5,0,16921,0.057502512,0.019384197,0,0,0,0,0,0,0,0,0,0,5,1.155006565
167860.56,0.482275871,0.5,6236,37,0.1618,33.1875,34.75,37.17,0,0,0.25,0,0,20,0.5,0.104,5.5,50,1000,0.1,0.1,0.1,0.1,0.1,0.1,0.5,0,17497,0.056981197,0.019431903,0,0,0,0,0,0,0,0,0,0,5,1.155006565
167920.6,0.500169428,0.5,6236,37,0.1431,33.125,34.75,37.21,0,0,0.07,0,0,20,0.5,0.104,5.5,50,1000,0.1,0.1,0.1,0.1,0.1,0.1,0.5,0,17284,0.057856978,0.019266374,0,0,0,0,0,0,0,0,0,0,5,1.206548037
167980.66,0.496509732,0.5,6236,37,0.1986,32.9375,34.75,36.97,0,0,0.07,0,0,20,0.5,0.104,5.5,50,1000,0.1,0.1,0.1,0.1,0.1,0.1,0.5,0,17597,0.057737114,0.019548787,0,0,0,0,0,0,0,0,0,0,5,1.124189198
168040.71,0.529788886,0.5,6236,37,0.1868,33,34.75,37.01,0,0,0.07,0,0,20,0.5,0.104,5.5,50,1000,0.1,0.1,0.1,0.1,0.1,0.1,0.5,0,16934,0.059584268,0.019900791,0,0,0,0,0,0,0,0,0,0,5,1.262606281
168100.78,0.524392538,0.5,6236,37,0.1564,32.8125,34.75,37.11,0,0,0.07,0,0,20,0.5,0.104,5.5,50,1000,0.1,0.1,0.1,0.1,0.1,0.1,0.5,0,17925,0.058354254,0.01958159,0,0,0,0,0,0,0,0,0,0,5,1.168761739
168160.81,0.543817,0.5,6236,37,0.07525,33.0625,34.6875,37.19,0,0,0,0,0,20,0.5,0.104,5.5,50,1000,0.1,0.1,0.1,0.1,0.1,0.1,0.5,0,17924,0.058301718,0.019694265,0,0,0,0,0,0,0,0,0,0,5,1.219440462
168220.89,0.572009607,0.5,6236,37,0.280025,32.875,34.6875,37.03,0,0.02,0.15,0,0,20,0.5,0.104,5.5,50,1000,0.1,0.1,0.1,0.1,0.1,0.1,0.5,0,18871,0.057124689,0.019235865,0,0,0,0,0,0,0,0,0,0,0.44,1.219440462
168280.94,0.529493922,0.5,6236,37,0.50285,32.75,34.625,36.05,0,0.02,0.15,0,0,20,0.5,0.104,5.5,50,1000,0.1,0.1,0.1,0.1,0.1,0.1,0.5,0,16682,0.060124685,0.02026136,0,0,0,0,0,0,0,0,0,0,0.44,1.219440462
168341,0.452477993,0.5,6236,37,0.52575,32.8125,34.625,36.09,0,0.02,0.15,0,0,20,0.5,0.104,5.5,50,1000,0.1,0.1,0.1,0.1,0.1,0.1,0.5,0,16645,0.058516071,0.019465305,0,0,0,0,0,0,0,0,0,0,0.44,1.219440462
168401.04,0.401590644,0.5,6236,37,0.5111,32.6875,34.625,35.99,0,0,0.07,0,0,20,0.5,0.104,5.5,50,1000,0.1,0.1,0.1,0.1,0.1,0.1,0.5,0,15173,0.058722731,0.019706057,0,0,0,0,0,0,0,0,0,0,5,1.219440462
168461.1,0.435763706,0.5,6236,37,0.3165,32.875,34.625,36.79,0,0,0.25,0,0,20,0.5,0.104,5.5,50,1000,0.1,0.1,0.1,0.1,0.1,0.1,0.5,0,16092,0.056487696,0.019450659,0,0,0,0,0,0,0,0,0,0,5,1.219440462
168521.16,0.43541426,0.5,6236,37,0.1645,33.0625,34.625,37.35,0,0,0.07,0,0,20,0.5,0.104,5.5,50,1000,0.1,0.1,0.1,0.1,0.1,0.1,0.5,0,16278,0.056825163,0.019351272,0,0,0,0,0,0,0,0,0,0,5,1.219440462
168581.19,0.440655897,0.5,6236,37,0.0968,33.125,34.625,37.55,0,0,0.07,0,0,20,0.5,0.104,5.5,50,1000,0.1,0.1,0.1,0.1,0.1,0.1,0.5,0,17258,0.054988991,0.018947734,0,0,0,0,0,0,0,0,0,0,5,1.219440462
168641.23,0.454117909,0.5,6236,37,0.1192,33.125,34.625,37.41,0,0,0.07,0,0,20,0.5,0.104,5.5,50,1000,0.1,0.1,0.1,0.1,0.1,0.1,0.5,0,16490,0.057489388,0.019466343,0,0,0,0,0,0,0,0,0,0,5,1.219440462
168701.3,0.481221919,0.5,6236,37,0.1266,33,34.625,37.33,0,0,0.07,0,0,20,0.5,0.104,5.5,50,1000,0.1,0.1,0.1,0.1,0.1,0.1,0.5,0,15567,0.059934477,0.020106636,0,0,0,0,0,0,0,0,0,0,5,1.219440462
168761.37,0.473399039,0.5,6236,37,0.178,33.25,34.625,37.11,0,0,0.25,0,0,20,0.5,0.104,5.5,50,1000,0.1,0.1,0.1,0.1,0.1,0.1,0.5,0,16839,0.057782529,0.019537977,0,0,0,0,0,0,0,0,0,0,5,1.109298841
168821.42,0.481739618,0.5,6236,37,0.1337,33.125,34.625,37.25,0,0,0.07,0,0,20,0.5,0.104,5.5,50,1000,0.1,0.1,0.1,0.1,0.1,0.1,0.5,0,17887,0.056241963,0.019175938,0,0,0,0,0,0,0,0,0,0,5,1.106229165
168881.47,0.492207638,0.5,6236,37,0.1244,32.9375,34.6875,37.25,0,0,0.07,0,0,20,0.5,0.104,5.5,50,1000,0.1,0.1,0.1,0.1,0.1,0.1,0.5,0,16988,0.05804097,0.019778667,0,0,0,0,0,0,0,0,0,0,5,1.115408406
168941.53,0.522194668,0.5,6236,37,0.1599,33.0625,34.625,37.09,0,0,0.07,0,0,20,0.5,0.104,5.5,50,1000,0.1,0.1,0.1,0.1,0.1,0.1,0.5,0,18480,0.056060606,0.018939394,0,0,0,0,0,0,0,0,0,0,5,1.237057352
169001.6,0.529999184,0.5,6236,37,0.16915,33,34.6875,37.05,0,0,0,0,0,20,0.5,0.104,5.5,50,1000,0.1,0.1,0.1,0.1,0.1,0.1,0.5,0,16844,0.059546426,0.020185229,0,0,0,0,0,0,0,0,0,0,5,1.219709552
169061.64,0.525385889,0.5,6236,37,0.11045,32.9375,34.6875,37.11,0,0,0,0,0,20,0.5,0.104,5.5,50,1000,0.1,0.1,0.1,0.1,0.1,0.1,0.5,0,17218,0.059182251,0.019746777,0,0,0,0,0,0,0,0,0,0,5,1.132496732
169121.72,0.545220998,0.5,6236,37,0.15775,32.9375,34.6875,36.95,0,0,0,0,0,20,0.5,0.104,5.5,50,1000,0.1,0.1,0.1,0.1,0.1,0.1,0.5,0,17961,0.058348644,0.019765046,0,0,0,0,0,0,0,0,0,0,5,1.187046477
169181.77,0.553316936,0.5,6236,37,0.3602,32.9375,34.75,36.63,0,0.02,0.15,0,0,20,0.5,0.104,5.5,50,1000,0.1,0.1,0.1,0.1,0.1,0.1,0.5,0,18095,0.058303399,0.019508151,0,0,0,0,0,0,0,0,0,0,0.44,1.187046477
169241.84,0.489502837,0.5,6236,37,0.506528466,32.6875,34.75,36.01,0,0.018040783,0.142163132,0,0,20,0.5,0.104,5.5,50,1000,0.1,0.1,0.1,0.1,0.1,0.1,0.5,0,17209,0.058922657,0.019582776,0,0,0,0,0,0,0,0,0,0,0.44,1.187046477
169301.88,0.457745409,0.5,6236,37,0.4494,32.75,34.6875,36.13,0,0,0.07,0,0,20,0.5,0.104,5.5,50,1000,0.1,0.1,0.1,0.1,0.1,0.1,0.5,0,16635,0.057469191,0.019356778,0,0,0,0,0,0,0,0,0,0,5,1.187046477
169361.94,0.475159276,0.5,6236,37,0.2459,32.9375,34.6875,36.95,0,0,0.25,0,0,20,0.5,0.104,5.5,50,1000,0.1,0.1,0.1,0.1,0.1,0.1,0.5,0,16862,0.057110663,0.019452022,0,0,0,0,0,0,0,0,0,0,5,1.187046477
169421.98,0.474264256,0.5,6236,37,0.1778,33.0625,34.6875,37.19,0,0,0.07,0,0,20,0.5,0.104,5.5,50,1000,0.1,0.1,0.1,0.1,0.1,0.1,0.5,0,17526,0.056202214,0.019228575,0,0,0,0,0,0,0,0,0,0,5,1.187046477
169482.03,0.485571478,0.5,6236,37,0.1853,33,34.625,37.13,0,0,0.07,0,0,20,0.5,0.104,5.5,50,1000,0.1,0.1,0.1,0.1,0.1,0.1,0.5,0,16466,0.058909268,0.019859104,0,0,0,0,0,0,0,0,0,0,5,1.187046477
169542.07,0.478167012,0.5,6236,37,0.1548,33.125,34.625,37.21,0,0,0.07,0,0,20,0.5,0.104,5.5,50,1000,0.1,0.1,0.1,0.1,0.1,0.1,0.5,0,16840,0.058372922,0.019714964,0,0,0,0,0,0,0,0,0,0,5,1.187046477
169602.1,0.503690233,0.5,6236,37,0.1081,33,34.625,37.35,0,0,0.07,0,0,20,0.5,0.104,5.5,50,1000,0.1,0.1,0.1,0.1,0.1,0.1,0.5,0,16984,0.058643429,0.019665568,0,0,0,0,0,0,0,0,0,0,5,1.187046477
169662.16,0.524422998,0.5,6236,37,0.1465,32.9375,34.625,37.17,0,0,0.25,0,0,20,0.5,0.104,5.5,50,1000,0.1,0.1,0.1,0.1,0.1,0.1,0.5,0,16909,0.059672364,0.020048495,0,0,0,0,0,0,0,0,0,0,5,1.248705583
169722.22,0.512888009,0.5,6236,37,0.1632,32.875,34.6875,37.09,0,0,0.07,0,0,20,0.5,0.104,5.5,50,1000,0.1,0.1,0.1,0.1,0.1,0.1,0.5,0,17595,0.058709861,0.019551009,0,0,0,0,0,0,0,0,0,0,5,1.119547032
169782.25,0.542106758,0.5,6236,37,0.2182,32.875,34.6875,36.87,0,0,0.07,0,0,20,0.5,0.104,5.5,50,1000,0.1,0.1,0.1,0.1,0.1,0.1,0.5,0,17945,0.058456395,0.019894121,0,0,0,0,0,0,0,0,0,0,5,1.229785995
169842.32,0.565963029,0.5,6236,37,0.293925,32.875,34.6875,37.01,0,0.02,0.15,0,0,20,0.5,0.104,5.5,50,1000,0.1,0.1,0.1,0.1,0.1,0.1,0.5,0,17981,0.059229186,0.020021133,0,0,0,0,0,0,0,0,0,0,0.44,1.229785995
169902.39,0.504659298,0.5,6236,37,0.5617,32.8125,34.75,35.81,0,0.02,0.15,0,0,20,0.5,0.104,5.5,50,1000,0.1,0.1,0.1,0.1,0.1,0.1,0.5,0,17868,0.057756884,0.019420193,0,0,0,0,0,0,0,0,0,0,0.44,1.229785995
169962.43,0.466785453,0.5,6236,37,0.53873641,32.8125,34.6875,36.09,0,0.019632488,0.25,0,0,20,0.5,0.104,5.5,50,1000,0.1,0.1,0.1,0.1,0.1,0.1,0.5,0,15324,0.060232315,0.020099191,0,0,0,0,0,0,0,0,0,0,0.44,1.229785995
170022.48,0.39741897,0.5,6236,37,0.4021,32.8125,34.75,36.45,0,0,0.07,0,0,20,0.5,0.104,5.5,50,1000,0.1,0.1,0.1,0.1,0.1,0.1,0.5,0,16257,0.056714031,0.019376269,0,0,0,0,0,0,0,0,0,0,5,1.229785995
170082.55,0.419642099,0.5,6236,37,0.2305,32.9375,34.6875,37.11,0,0,0.07,0,0,20,0.5,0.104,5.5,50,1000,0.1,0.1,0.1,0.1,0.1,0.1,0.5,0,16106,0.057245747,0.01949584,0,0,0,0,0,0,0,0,0,0,5,1.229785995
170142.62,0.439037597,0.5,6236,37,0.1379,33.125,34.75,37.43,0,0,0.07,0,0,20,0.5,0.104,5.5,50,1000,0.1,0.1,0.1,0.1,0.1,0.1,0.5,0,16074,0.057546348,0.01947244,0,0,0,0,0,0,0,0,0,0,5,1.229785995
170202.68,0.453354255,0.5,6236,37,0.1115,33.0625,34.75,37.49,0,0,0.07,0,0,20,0.5,0.104,5.5,50,1000,0.1,0.1,0.1,0.1,0.1,0.1,0.5,0,16159,0.057676836,0.019617551,0,0,0,0,0,0,0,0,0,0,5,1.229785995
170262.73,0.462883013,0.5,6236,37,0.128,33.125,34.6875,37.37,0,0,0.25,0,0,20,0.5,0.104,5.5,50,1000,0.1,0.1,0.1,0.1,0.1,0.1,0.5,0,16331,0.058049109,0.019594636,0,0,0,0,0,0,0,0,0,0,5,1.229785995
170322.77,0.459847727,0.5,6236,37,0.1384,33.1875,34.75,37.29,0,0,0.07,0,0,20,0.5,0.104,5.5,50,1000,0.1,0.1,0.1,0.1,0.1,0.1,0.5,0,17158,0.056883087,0.019407856,0,0,0,0,0,0,0,0,0,0,5,1.229785995
170382.85,0.465770867,0.5,6236,37,0.1765,33.0625,34.75,37.11,0,0,0.07,0,0,20,0.5,0.104,5.5,50,1000,0.1,0.1,0.1,0.1,0.1,0.1,0.5,0,15743,0.06028076,0.020262974,0,0,0,0,0,0,0,0,0,0,5,1.206691908
170442.88,0.515287878,0.5,6236,37,0.1231,33.0625,34.75,37.29,0,0,0.07,0,0,20,0.5,0.104,5.5,50,1000,0.1,0.1,0.1,0.1,0.1,0.1,0.5,0,17064,0.057958275,0.019631974,0,0,0,0,0,0,0,0,0,0,5,1.449453072
170502.92,0.487160114,0.5,6236,37,0.14,33.125,34.6875,37.19,0,0,0.07,0,0,20,0.5,0.104,5.5,50,1000,0.1,0.1,0.1,0.1,0.1,0.1,0.5,0,17294,0.057881346,0.019659998,0,0,0,0,0,0,0,0,0,0,5,1.208581758
170562.97,0.494025262,0.5,6236,37,0.1593,33,34.75,37.09,0,0,0.25,0,0,20,0.5,0.104,5.5,50,1000,0.1,0.1,0.1,0.1,0.1,0.1,0.5,0,17287,0.058309713,0.019841499,0,0,0,0,0,0,0,0,0,0,5,1.1901341
170623.03,0.504287757,0.5,6236,37,0.16855,33,34.6875,37.25,0,0,0,0,0,20,0.5,0.104,5.5,50,1000,0.1,0.1,0.1,0.1,0.1,0.1,0.5,0,17582,0.058412012,0.019451712,0,0,0,0,0,0,0,0,0,0,5,1.192308589
170683.1,0.540220664,0.5,6236,37,0.16815,32.875,34.6875,36.93,0,0,0,0,0,20,0.5,0.104,5.5,50,1000,0.1,0.1,0.1,0.1,0.1,0.1,0.5,0,17766,0.058426207,0.019813126,0,0,0,0,0,0,0,0,0,0,5,1.339185082
170743.16,0.552659257,0.5,6236,37,0.349825,32.875,34.6875,36.69,0,0.02,0.15,0,0,20,0.5,0.104,5.5,50,1000,0.1,0.1,0.1,0.1,0.1,0.1,0.5,0,18247,0.05776292,0.019400449,0,0,0,0,0,0,0,0,0,0,0.44,1.339185082
170803.23,0.491130215,0.5,6236,37,0.551627927,32.6875,34.6875,35.81,0,0.018183671,0.142734685,0,0,20,0.5,0.104,5.5,50,1000,0.1,0.1,0.1,0.1,0.1,0.1,0.5,0,15984,0.060372873,0.02002002,0,0,0,0,0,0,0,0,0,0,0.44,1.339185082
170863.27,0.446751797,0.5,6236,37,0.4688,32.75,34.6875,36.05,0,0,0.25,0,0,20,0.5,0.104,5.5,50,1000,0.1,0.1,0.1,0.1,0.1,0.1,0.5,0,16863,0.056573563,0.019332266,0,0,0,0,0,0,0,0,0,0,5,1.339185082
170923.33,0.436904367,0.5,6236,37,0.2315,32.8125,34.6875,37.01,0,0,0.07,0,0,20,0.5,0.104,5.5,50,1000,0.1,0.1,0.1,0.1,0.1,0.1,0.5,0,16645,0.057494743,0.019525383,0,0,0,0,0,0,0,0,0,0,5,1.339185082
170983.41,0.451774723,0.5,6236,37,0.1133,33,34.6875,37.43,0,0,0.07,0,0,20,0.5,0.104,5.5,50,1000,0.1,0.1,0.1,0.1,0.1,0.1,0.5,0,16592,0.057497589,0.019286403,0,0,0,0,0,0,0,0,0,0,5,1.339185082
171043.45,0.463760661,0.5,6236,37,0.1867,33.125,34.6875,37.11,0,0,0.07,0,0,20,0.5,0.104,5.5,50,1000,0.1,0.1,0.1,0.1,0.1,0.1,0.5,0,16373,0.058755268,0.020032981,0,0,0,0,0,0,0,0,0,0,5,1.339185082
171103.52,0.472512337,0.5,6236,37,0.1206,33.0625,34.6875,37.33,0,0,0.07,0,0,20,0.5,0.104,5.5,50,1000,0.1,0.1,0.1,0.1,0.1,0.1,0.5,0,16649,0.058682203,0.019460628,0,0,0,0,0,0,0,0,0,0,5,1.339185082
171163.55,0.514428776,0.5,6236,37,0.1631,33.0625,34.75,37.13,0,0,0.25,0,0,20,0.5,0.104,5.5,50,1000,0.1,0.1,0.1,0.1,0.1,0.1,0.5,0,17322,0.058018705,0.019570488,0,0,0,0,0,0,0,0,0,0,5,1.339185082
171223.59,0.503622676,0.5,6236,37,0.1056,33.0625,34.75,37.33,0,0,0.07,0,0,20,0.5,0.104,5.5,50,1000,0.1,0.1,0.1,0.1,0.1,0.1,0.5,0,16478,0.059958733,0.019844641,0,0,0,0,0,0,0,0,0,0,5,1.208536474
171283.66,0.506152769,0.5,6236,37,0.1826,32.9375,34.75,37.01,0,0,0.07,0,0,20,0.5,0.104,5.5,50,1000,0.1,0.1,0.1,0.1,0.1,0.1,0.5,0,17179,0.059141976,0.019849817,0,0,0,0,0,0,0,0,0,0,5,1.163143281
171343.72,0.512547085,0.5,6236,37,0.169,32.9375,34.75,37.05,0,0,0.07,0,0,20,0.5,0.104,5.5,50,1000,0.1,0.1,0.1,0.1,0.1,0.1,0.5,0,16824,0.060389919,0.019971469,0,0,0,0,0,0,0,0,0,0,5,1.142648239
171403.79,0.524830487,0.5,6236,37,0.1251,33,34.75,37.21,0,0,0.07,0,0,20,0.5,0.104,5.5,50,1000,0.1,0.1,0.1,0.1,0.1,0.1,0.5,0,17727,0.058780391,0.019800305,0,0,0,0,0,0,0,0,0,0,5,1.156564074
171463.86,0.527890897,0.5,6236,37,0.16435,32.9375,34.6875,37.01,0,0,0,0,0,20,0.5,0.104,5.5,50,1000,0.1,0.1,0.1,0.1,0.1,0.1,0.5,0,18288,0.058672353,0.019520997,0,0,0,0,0,0,0,0,0,0,5,1.116178771
171523.94,0.543741111,0.5,6236,37,0.14575,32.875,34.625,36.95,0,0,0,0,0,20,0.5,0.104,5.5,50,1000,0.1,0.1,0.1,0.1,0.1,0.1,0.5,0,18420,0.058523344,0.01970684,0,0,0,0,0,0,0,0,0,0,5,1.149120654
171583.97,0.569897032,0.5,6236,37,0.430325,32.875,34.6875,36.31,0,0.02,0.15,0,0,20,0.5,0.104,5.5,50,1000,0.1,0.1,0.1,0.1,0.1,0.1,0.5,0,18228,0.059139785,0.019749835,0,0,0,0,0,0,0,0,0,0,0.44,1.149120654
171644.02,0.515432392,0.5,6236,37,0.615925,32.75,34.6875,35.55,0,0.02,0.15,0,0,20,0.5,0.104,5.5,50,1000,0.1,0.1,0.1,0.1,0.1,0.1,0.5,0,16771,0.060044124,0.019974957,0,0,0,0,0,0,0,0,0,0,0.44,1.149120654
171704.07,0.470493004,0.5,6236,37,0.555125,32.75,34.6875,36.01,0,0.02,0.15,0,0,20,0.5,0.104,5.5,50,1000,0.1,0.1,0.1,0.1,0.1,0.1,0.5,0,17068,0.0573588,0.019158659,0,0,0,0,0,0,0,0,0,0,0.44,1.149120654
171764.13,0.417648495,0.5,6236,37,0.4427,32.8125,34.6875,36.29,0,0,0.25,0,0,20,0.5,0.104,5.5,50,1000,0.1,0.1,0.1,0.1,0.1,0.1,0.5,0,15802,0.057397798,0.019364637,0,0,0,0,0,0,0,0,0,0,5,1.149120654
171824.18,0.447572092,0.5,6236,37,0.1658,32.9375,34.6875,37.37,0,0,0.07,0,0,20,0.5,0.104,5.5,50,1000,0.1,0.1,0.1,0.1,0.1,0.1,0.5,0,15345,0.058585859,0.019876181,0,0,0,0,0,0,0,0,0,0,5,1.149120654
171884.21,0.440079641,0.5,6236,37,0.18145,33,34.6875,37.53,0,0,0.07,0,0,20,0.5,0.104,5.5,50,1000,0.1,0.1,0.1,0.1,0.1,0.1,0.5,0,16856,0.056241101,0.019162316,0,0,0,0,0,0,0,0,0,0,5,1.149120654
171944.25,0.446904882,0.5,6236,37,0.10205,32.9375,34.625,37.51,0,0,0.07,0,0,20,0.5,0.104,5.5,50,1000,0.1,0.1,0.1,0.1,0.1,0.1,0.5,0,16693,0.056610555,0.019229617,0,0,0,0,0,0,0,0,0,0,5,1.149120654
172004.32,0.453179772,0.5,6236,37,0.12145,32.9375,34.6875,37.27,0,0,0.07,0,0,20,0.5,0.104,5.5,50,1000,0.1,0.1,0.1,0.1,0.1,0.1,0.5,0,15232,0.060136555,0.020023634,0,0,0,0,0,0,0,0,0,0,5,1.149120654
172064.4,0.459674347,0.5,6236,37,0.1448,33,34.625,37.25,0,0,0.25,0,0,20,0.5,0.104,5.5,50,1000,0.1,0.1,0.1,0.1,0.1,0.1,0.5,0,16071,0.058863792,0.019849418,0,0,0,0,0,0,0,0,0,0,5,1.149120654
172124.44,0.471622142,0.5,6236,37,0.13575,33.0625,34.6875,37.09,0,0,0.07,0,0,20,0.5,0.104,5.5,50,1000,0.1,0.1,0.1,0.1,0.1,0.1,0.5,0,17339,0.056404637,0.019262933,0,0,0,0,0,0,0,0,0,0,5,1.168644087
172184.48,0.475562799,0.5,6236,37,0.11295,32.9375,34.625,37.01,0,0,0.07,0,0,20,0.5,0.104,5.5,50,1000,0.1,0.1,0.1,0.1,0.1,0.1,0.5,0,16728,0.058644189,0.019787183,0,0,0,0,0,0,0,0,0,0,5,1.135174353
172244.53,0.483010973,0.5,6236,37,0.10255,32.875,34.6875,37.19,0,0,0.07,0,0,20,0.5,0.104,5.5,50,1000,0.1,0.1,0.1,0.1,0.1,0.1,0.5,0,16214,0.059948193,0.020044406,0,0,0,0,0,0,0,0,0,0,5,1.125036924
172304.57,0.513281706,0.5,6236,37,0.17365,33,34.6875,37.03,0,0,0.07,0,0,20,0.5,0.104,5.5,50,1000,0.1,0.1,0.1,0.1,0.1,0.1,0.5,0,16378,0.060385884,0.020210038,0,0,0,0,0,0,0,0,0,0,5,1.25114145
172364.62,0.50952321,0.5,6236,37,0.13705,33.0625,34.625,37.05,0,0,0,0,0,20,0.5,0.104,5.5,50,1000,0.1,0.1,0.1,0.1,0.1,0.1,0.5,0,16681,0.060068341,0.019962832,0,0,0,0,0,0,0,0,0,0,5,1.166536106
172424.66,0.517631984,0.5,6236,37,0.15025,32.9375,34.6875,37.11,0,0,0,0,0,20,0.5,0.104,5.5,50,1000,0.1,0.1,0.1,0.1,0.1,0.1,0.5,0,17254,0.059580387,0.019937406,0,0,0,0,0,0,0,0,0,0,5,1.15557669
172484.74,0.519151129,0.5,6236,37,0.16935,32.9375,34.6875,37.19,0,0,0,0,0,20,0.5,0.104,5.5,50,1000,0.1,0.1,0.1,0.1,0.1,0.1,0.5,0,17553,0.059306102,0.019939611,0,0,0,0,0,0,0,0,0,0,5,1.10658935
172544.83,0.547676513,0.5,6236,37,0.14925,32.875,34.6875,37.03,0,0,0,0,0,20,0.5,0.104,5.5,50,1000,0.1,0.1,0.1,0.1,0.1,0.1,0.5,0,17376,0.059737569,0.020027624,0,0,0,0,0,0,0,0,0,0,5,1.211729207
172604.95,0.565095679,0.5,6236,37,0.4054,32.875,34.75,36.41,0,0.02,0.15,0,0,20,0.5,0.104,5.5,50,1000,0.1,0.1,0.1,0.1,0.1,0.1,0.5,0,18986,0.057252713,0.019382703,0,0,0,0,0,0,0,0,0,0,0.44,1.211729207
172665,0.501854404,0.5,6236,37,0.5465,32.75,34.75,35.85,0,0.02,0.25,0,0,20,0.5,0.104,5.5,50,1000,0.1,0.1,0.1,0.1,0.1,0.1,0.5,0,16500,0.060545455,0.020181818,0,0,0,0,0,0,0,0,0,0,0.44,1.211729207
172725.03,0.445195431,0.5,6236,37,0.51215,32.75,34.75,36.29,0,0.001354682,0.075418726,0,0,20,0.5,0.104,5.5,50,1000,0.1,0.1,0.1,0.1,0.1,0.1,0.5,0,16463,0.058373322,0.019680496,0,0,0,0,0,0,0,0,0,0,0.44,1.211729207
172785.11,0.461308573,0.5,6236,37,0.22439945,32.875,34.75,37.09,0,0.003640932,0.084563726,0,0,20,0.5,0.104,5.5,50,1000,0.1,0.1,0.1,0.1,0.1,0.1,0.5,0,16054,0.059175283,0.019932727,0,0,0,0,0,0,0,0,0,0,0.44,1.211729207
172845.17,0.46479121,0.5,6236,37,0.202964415,33.0625,34.75,37.17,0,0.004324697,0.087298787,0,0,20,0.5,0.104,5.5,50,1000,0.1,0.1,0.1,0.1,0.1,0.1,0.5,0,16904,0.057501183,0.019640322,0,0,0,0,0,0,0,0,0,0,0.44,1.211729207
172905.24,0.471927733,0.5,6236,37,0.364874881,33,34.75,36.61,0,0.008725781,0.104903124,0,0,20,0.5,0.104,5.5,50,1000,0.1,0.1,0.1,0.1,0.1,0.1,0.5,0,16367,0.058593511,0.019795931,0,0,0,0,0,0,0,0,0,0,0.44,1.211729207
172965.28,0.453929952,0.5,6236,37,0.323,33.0625,34.6875,36.65,0,0,0.25,0,0,20,0.5,0.104,5.5,50,1000,0.1,0.1,0.1,0.1,0.1,0.1,0.5,0,16170,0.058008658,0.019542362,0,0,0,0,0,0,0,0,0,0,5,1.211729207
173025.32,0.458130133,0.5,6236,37,0.18515,33.0625,34.6875,37.27,0,0,0.07,0,0,20,0.5,0.104,5.5,50,1000,0.1,0.1,0.1,0.1,0.1,0.1,0.5,0,16652,0.056990151,0.019457122,0,0,0,0,0,0,0,0,0,0,5,1.211729207
173085.39,0.458880138,0.5,6236,37,0.12935,33.1875,34.75,37.29,0,0,0.07,0,0,20,0.5,0.104,5.5,50,1000,0.1,0.1,0.1,0.1,0.1,0.1,0.5,0,17429,0.055941247,0.019220839,0,0,0,0,0,0,0,0,0,0,5,1.211729207
173145.46,0.474100568,0.5,6236,37,0.16185,33,34.6875,37.29,0,0,0.07,0,0,20,0.5,0.104,5.5,50,1000,0.1,0.1,0.1,0.1,0.1,0.1,0.5,0,17151,0.057197831,0.019474083,0,0,0,0,0,0,0,0,0,0,5,1.211729207
173205.54,0.494303487,0.5,6236,37,0.15965,33.125,34.6875,37.25,0,0,0.07,0,0,20,0.5,0.104,5.5,50,1000,0.1,0.1,0.1,0.1,0.1,0.1,0.5,0,16826,0.058183763,0.019612504,0,0,0,0,0,0,0,0,0,0,5,1.211729207
173265.6,0.505545495,0.5,6236,37,0.1507,33,34.6875,37.17,0,0,0.25,0,0,20,0.5,0.104,5.5,50,1000,0.1,0.1,0.1,0.1,0.1,0.1,0.5,0,17784,0.056848853,0.01939946,0,0,0,0,0,0,0,0,0,0,5,1.211729207
173325.66,0.503857761,0.5,6236,37,0.12695,33.0625,34.6875,37.17,0,0,0.07,0,0,20,0.5,0.104,5.5,50,1000,0.1,0.1,0.1,0.1,0.1,0.1,0.5,0,17224,0.058464933,0.019797956,0,0,0,0,0,0,0,0,0,0,5,1.141110666
173385.7,0.517244844,0.5,6236,37,0.17245,32.9375,34.75,37.09,0,0,0.07,0,0,20,0.5,0.104,5.5,50,1000,0.1,0.1,0.1,0.1,0.1,0.1,0.5,0,17230,0.05890888,0.019733024,0,0,0,0,0,0,0,0,0,0,5,1.162722152
173445.78,0.530270472,0.5,6236,37,0.16915,32.9375,34.6875,37.19,0,0,0.07,0,0,20,0.5,0.104,5.5,50,1000,0.1,0.1,0.1,0.1,0.1,0.1,0.5,0,17183,0.059302799,0.019903393,0,0,0,0,0,0,0,0,0,0,5,1.179198602
173505.86,0.553496097,0.5,6236,37,0.10315,32.8125,34.6875,37.17,0,0,0.07,0,0,20,0.5,0.104,5.5,50,1000,0.1,0.1,0.1,0.1,0.1,0.1,0.5,0,19213,0.056003747,0.01910165,0,0,0,0,0,0,0,0,0,0,5,1.248841172
173565.94,0.542591085,0.5,6236,37,0.336525,33,34.6875,36.77,0,0.02,0.25,0,0,20,0.5,0.104,5.5,50,1000,0.1,0.1,0.1,0.1,0.1,0.1,0.5,0,18411,0.058280376,0.019607843,0,0,0,0,0,0,0,0,0,0,0.44,1.248841172
173625.99,0.474209064,0.5,6236,37,0.575652888,32.6875,34.6875,35.67,0,0.014963008,0.129852031,0,0,20,0.5,0.104,5.5,50,1000,0.1,0.1,0.1,0.1,0.1,0.1,0.5,0,17612,0.057971837,0.019532137,0,0,0,0,0,0,0,0,0,0,0.44,1.248841172
173686.07,0.446903919,0.5,6236,37,0.500014046,32.75,34.75,36.29,0,0,0.07,0,0,20,0.5,0.104,5.5,50,1000,0.1,0.1,0.1,0.1,0.1,0.1,0.5,0,16539,0.058044622,0.019469134,0,0,0,0,0,0,0,0,0,0,5,1.248841172
173746.14,0.459688515,0.5,6236,37,0.26445,32.875,34.6875,36.95,0,0,0.07,0,0,20,0.5,0.104,5.5,50,1000,0.1,0.1,0.1,0.1,0.1,0.1,0.5,0,16382,0.058661946,0.019716762,0,0,0,0,0,0,0,0,0,0,5,1.248841172
173806.18,0.472993263,0.5,6236,37,0.15875,33,34.6875,37.09,0,0,0.07,0,0,20,0.5,0.104,5.5,50,1000,0.1,0.1,0.1,0.1,0.1,0.1,0.5,0,16472,0.058766391,0.019669743,0,0,0,0,0,0,0,0,0,0,5,1.248841172
173866.25,0.503457597,0.5,6236,37,0.1345,33.0625,34.6875,37.29,0,0,0.25,0,0,20,0.5,0.104,5.5,50,1000,0.1,0.1,0.1,0.1,0.1,0.1,0.5,0,17479,0.056982665,0.019451914,0,0,0,0,0,0,0,0,0,0,5,1.248841172
173926.29,0.48528056,0.5,6236,37,0.19375,33.0625,34.75,37.13,0,0,0.07,0,0,20,0.5,0.104,5.5,50,1000,0.1,0.1,0.1,0.1,0.1,0.1,0.5,0,17352,0.058264177,0.019536653,0,0,0,0,0,0,0,0,0,0,5,1.248841172
173986.33,0.519489328,0.5,6236,37,0.15095,33.0625,34.75,37.13,0,0,0.07,0,0,20,0.5,0.104,5.5,50,1000,0.1,0.1,0.1,0.1,0.1,0.1,0.5,0,17607,0.057817913,0.019424093,0,0,0,0,0,0,0,0,0,0,5,1.248841172
174046.4,0.518022803,0.5,6236,37,0.12935,33.0625,34.6875,36.93,0,0,0.07,0,0,20,0.5,0.104,5.5,50,1000,0.1,0.1,0.1,0.1,0.1,0.1,0.5,0,17232,0.059366295,0.019846797,0,0,0,0,0,0,0,0,0,0,5,1.177918095
174106.46,0.527233679,0.5,6236,37,0.13335,33,34.6875,36.97,0,0,0.07,0,0,20,0.5,0.104,5.5,50,1000,0.1,0.1,0.1,0.1,0.1,0.1,0.5,0,17397,0.05920561,0.019888487,0,0,0,0,0,0,0,0,0,0,5,1.171895997
174166.5,0.536923393,0.5,6236,37,0.1728,33.0625,34.75,37.03,0,0,0.25,0,0,20,0.5,0.104,5.5,50,1000,0.1,0.1,0.1,0.1,0.1,0.1,0.5,0,17841,0.058965305,0.019785886,0,0,0,0,0,0,0,0,0,0,5,1.167935886
174226.56,0.544861421,0.5,6236,37,0.12995,32.9375,34.75,37.11,0,0,0.07,0,0,20,0.5,0.104,5.5,50,1000,0.1,0.1,0.1,0.1,0.1,0.1,0.5,0,18502,0.057777538,0.019457356,0,0,0,0,0,0,0,0,0,0,5,1.153567279
174286.61,0.550807366,0.5,6236,37,0.4749,32.9375,34.75,36.13,0,0.02,0.15,0,0,20,0.5,0.104,5.5,50,1000,0.1,0.1,0.1,0.1,0.1,0.1,0.5,0,18211,0.059249904,0.019878096,0,0,0,0,0,0,0,0,0,0,0.44,1.153567279
174346.66,0.513056523,0.5,6236,37,0.477525,32.75,34.6875,36.23,0,0.02,0.15,0,0,20,0.5,0.104,5.5,50,1000,0.1,0.1,0.1,0.1,0.1,0.1,0.5,0,16361,0.061182079,0.0204144,0,0,0,0,0,0,0,0,0,0,0.44,1.153567279
174406.73,0.47408597,0.5,6236,37,0.661625,32.75,34.6875,35.47,0,0.02,0.15,0,0,20,0.5,0.104,5.5,50,1000,0.1,0.1,0.1,0.1,0.1,0.1,0.5,0,15721,0.060683163,0.020164112,0,0,0,0,0,0,0,0,0,0,0.44,1.153567279
174466.8,0.427077335,0.5,6236,37,0.438,32.6875,34.75,36.31,0,0,0.25,0,0,20,0.5,0.104,5.5,50,1000,0.1,0.1,0.1,0.1,0.1,0.1,0.5,0,15923,0.057966464,0.019594298,0,0,0,0,0,0,0,0,0,0,5,1.153567279
174526.84,0.434961521,0.5,6236,37,0.21515,32.9375,34.6875,36.97,0,0,0.07,0,0,20,0.5,0.104,5.5,50,1000,0.1,0.1,0.1,0.1,0.1,0.1,0.5,0,15614,0.059113616,0.019982067,0,0,0,0,0,0,0,0,0,0,5,1.153567279
174586.9,0.433298693,0.5,6236,37,0.12905,33.0625,34.6875,37.55,0,0,0.07,0,0,20,0.5,0.104,5.5,50,1000,0.1,0.1,0.1,0.1,0.1,0.1,0.5,0,17074,0.056284409,0.019151927,0,0,0,0,0,0,0,0,0,0,5,1.153567279
174646.98,0.445514535,0.5,6236,37,0.07725,32.9375,34.6875,37.51,0,0,0.07,0,0,20,0.5,0.104,5.5,50,1000,0.1,0.1,0.1,0.1,0.1,0.1,0.5,0,16013,0.059077,0.019733966,0,0,0,0,0,0,0,0,0,0,5,1.153567279
174707,0.466684783,0.5,6236,37,0.11785,33.0625,34.75,37.29,0,0,0.07,0,0,20,0.5,0.104,5.5,50,1000,0.1,0.1,0.1,0.1,0.1,0.1,0.5,0,16448,0.058304961,0.019759241,0,0,0,0,0,0,0,0,0,0,5,1.153567279
174767.05,0.468814827,0.5,6236,37,0.1858,33.0625,34.6875,37.11,0,0,0.25,0,0,20,0.5,0.104,5.5,50,1000,0.1,0.1,0.1,0.1,0.1,0.1,0.5,0,16995,0.057781701,0.019476317,0,0,0,0,0,0,0,0,0,0,5,1.153567279
174827.09,0.494267874,0.5,6236,37,0.13645,33.125,34.75,37.43,0,0,0.07,0,0,20,0.5,0.104,5.5,50,1000,0.1,0.1,0.1,0.1,0.1,0.1,0.5,0,18039,0.056211542,0.019180664,0,0,0,0,0,0,0,0,0,0,5,1.254498191
174887.14,0.499448593,0.5,6236,37,0.10945,33,34.75,37.21,0,0,0.07,0,0,20,0.5,0.104,5.5,50,1000,0.1,0.1,0.1,0.1,0.1,0.1,0.5,0,17625,0.057475177,0.019404255,0,0,0,0,0,0,0,0,0,0,5,1.223054433
174947.18,0.496177323,0.5,6236,37,0.12695,32.9375,34.75,37.17,0,0,0.07,0,0,20,0.5,0.104,5.5,50,1000,0.1,0.1,0.1,0.1,0.1,0.1,0.5,0,16995,0.059311562,0.019888202,0,0,0,0,0,0,0,0,0,0,5,1.142187794
175007.2,0.528989236,0.5,6236,37,0.13245,32.9375,34.8125,36.97,0,0,0.07,0,0,20,0.5,0.104,5.5,50,1000,0.1,0.1,0.1,0.1,0.1,0.1,0.5,0,17765,0.058260625,0.01964537,0,0,0,0,0,0,0,0,0,0,5,1.277182547
175067.27,0.522943166,0.5,6236,37,0.10495,33,34.75,37.05,0,0,0,0,0,20,0.5,0.104,5.5,50,1000,0.1,0.1,0.1,0.1,0.1,0.1,0.5,0,17083,0.060176784,0.019961365,0,0,0,0,0,0,0,0,0,0,5,1.178837537
175127.34,0.533292114,0.5,6236,37,0.16255,33,34.75,37.09,0,0,0,0,0,20,0.5,0.104,5.5,50,1000,0.1,0.1,0.1,0.1,0.1,0.1,0.5,0,17837,0.058978528,0.019790323,0,0,0,0,0,0,0,0,0,0,5,1.178685281
175187.38,0.534630475,0.5,6236,37,0.12545,32.9375,34.75,37.03,0,0,0,0,0,20,0.5,0.104,5.5,50,1000,0.1,0.1,0.1,0.1,0.1,0.1,0.5,0,17706,0.059753756,0.019936745,0,0,0,0,0,0,0,0,0,0,5,1.12727045
175247.42,0.552554406,0.5,6236,37,0.08265,33,34.8125,36.93,0,0,0,0,0,20,0.5,0.104,5.5,50,1000,0.1,0.1,0.1,0.1,0.1,0.1,0.5,0,18271,0.058836407,0.019812818,0,0,0,0,0,0,0,0,0,0,5,1.169835205
175307.49,0.554385978,0.5,6236,37,0.3725,32.8125,34.75,36.57,0,0.02,0.15,0,0,20,0.5,0.104,5.5,50,1000,0.1,0.1,0.1,0.1,0.1,0.1,0.5,0,17364,0.061218613,0.020387008,0,0,0,0,0,0,0,0,0,0,0.44,1.169835205
175367.56,0.533301821,0.5,6236,37,0.5721,32.8125,34.75,35.71,0,0.02,0.25,0,0,20,0.5,0.104,5.5,50,1000,0.1,0.1,0.1,0.1,0.1,0.1,0.5,0,16697,0.061867401,0.020482721,0,0,0,0,0,0,0,0,0,0,0.44,1.169835205
175427.63,0.484702882,0.5,6236,37,0.4964,32.6875,34.75,36.21,0,0.02,0.15,0,0,20,0.5,0.104,5.5,50,1000,0.1,0.1,0.1,0.1,0.1,0.1,0.5,0,17665,0.057061987,0.019473535,0,0,0,0,0,0,0,0,0,0,0.44,1.169835205
175487.7,0.441718416,0.5,6236,37,0.55555,32.75,34.75,36.21,0,0,0.07,0,0,20,0.5,0.104,5.5,50,1000,0.1,0.1,0.1,0.1,0.1,0.1,0.5,0,15956,0.058661319,0.019804462,0,0,0,0,0,0,0,0,0,0,5,1.169835205
175547.78,0.44908805,0.5,6236,37,0.28435,32.875,34.75,36.93,0,0,0.07,0,0,20,0.5,0.104,5.5,50,1000,0.1,0.1,0.1,0.1,0.1,0.1,0.5,0,16859,0.056586986,0.019396168,0,0,0,0,0,0,0,0,0,0,5,1.169835205
175607.85,0.448603246,0.5,6236,37,0.15745,32.875,34.6875,37.51,0,0,0.07,0,0,20,0.5,0.104,5.5,50,1000,0.1,0.1,0.1,0.1,0.1,0.1,0.5,0,16150,0.058266254,0.019504644,0,0,0,0,0,0,0,0,0,0,5,1.169835205
175667.91,0.46410458,0.5,6236,37,0.1728,32.9375,34.75,37.21,0,0,0.25,0,0,20,0.5,0.104,5.5,50,1000,0.1,0.1,0.1,0.1,0.1,0.1,0.5,0,15503,0.060375411,0.020189641,0,0,0,0,0,0,0,0,0,0,5,1.169835205
175727.97,0.468088258,0.5,6236,37,0.15375,33,34.6875,37.09,0,0,0.07,0,0,20,0.5,0.104,5.5,50,1000,0.1,0.1,0.1,0.1,0.1,0.1,0.5,0,17286,0.057329631,0.019437695,0,0,0,0,0,0,0,0,0,0,5,1.169835205
175788.01,0.472702088,0.5,6236,37,0.11795,33.0625,34.6875,37.19,0,0,0.07,0,0,20,0.5,0.104,5.5,50,1000,0.1,0.1,0.1,0.1,0.1,0.1,0.5,0,17145,0.057976086,0.019539224,0,0,0,0,0,0,0,0,0,0,5,1.169835205
175848.04,0.496566157,0.5,6236,37,0.09895,32.875,34.75,37.33,0,0,0.07,0,0,20,0.5,0.104,5.5,50,1000,0.1,0.1,0.1,0.1,0.1,0.1,0.5,0,16992,0.058910075,0.019774011,0,0,0,0,0,0,0,0,0,0,5,1.259097544
175908.11,0.482968576,0.5,6236,37,0.15505,32.9375,34.75,37.09,0,0,0.07,0,0,20,0.5,0.104,5.5,50,1000,0.1,0.1,0.1,0.1,0.1,0.1,0.5,0,17024,0.059269267,0.019971805,0,0,0,0,0,0,0,0,0,0,5,1.112847278
175968.18,0.515005376,0.5,6236,37,0.1692,33.125,34.75,37.09,0,0,0.25,0,0,20,0.5,0.104,5.5,50,1000,0.1,0.1,0.1,0.1,0.1,0.1,0.5,0,16101,0.061673188,0.020681945,0,0,0,0,0,0,0,0,0,0,5,1.249882158
176028.24,0.516212571,0.5,6236,37,0.12545,32.875,34.75,37.29,0,0,0.07,0,0,20,0.5,0.104,5.5,50,1000,0.1,0.1,0.1,0.1,0.1,0.1,0.5,0,16811,0.060555589,0.020105883,0,0,0,0,0,0,0,0,0,0,5,1.194411951
176088.3,0.528674388,0.5,6236,37,0.13475,32.875,34.6875,37.05,0,0,0,0,0,20,0.5,0.104,5.5,50,1000,0.1,0.1,0.1,0.1,0.1,0.1,0.5,0,17556,0.059637731,0.020050125,0,0,0,0,0,0,0,0,0,0,5,1.206253591
176148.38,0.536177509,0.5,6236,37,0.12815,33,34.6875,37.09,0,0,0,0,0,20,0.5,0.104,5.5,50,1000,0.1,0.1,0.1,0.1,0.1,0.1,0.5,0,16749,0.061794734,0.02041913,0,0,0,0,0,0,0,0,0,0,5,1.188218593
176208.46,0.535434586,0.5,6236,37,0.12455,32.875,34.75,37.33,0,0,0,0,0,20,0.5,0.104,5.5,50,1000,0.1,0.1,0.1,0.1,0.1,0.1,0.5,0,17909,0.05963482,0.019989949,0,0,0,0,0,0,0,0,0,0,5,1.124648009
176268.53,0.565329925,0.5,6236,37,0.11475,32.8125,34.75,36.97,0,0,0,0,0,20,0.5,0.104,5.5,50,1000,0.1,0.1,0.1,0.1,0.1,0.1,0.5,0,19249,0.057561432,0.019533482,0,0,0,0,0,0,0,0,0,0,5,1.231407921
176328.58,0.558431819,0.5,6236,37,0.473575,33,34.8125,36.07,0,0.02,0.15,0,0,20,0.5,0.104,5.5,50,1000,0.1,0.1,0.1,0.1,0.1,0.1,0.5,0,18015,0.060449625,0.020260894,0,0,0,0,0,0,0,0,0,0,0.44,1.231407921
176388.62,0.502932654,0.5,6236,37,0.5818,32.8125,34.75,35.69,0,0.02,0.15,0,0,20,0.5,0.104,5.5,50,1000,0.1,0.1,0.1,0.1,0.1,0.1,0.5,0,17206,0.059979077,0.019993026,0,0,0,0,0,0,0,0,0,0,0.44,1.231407921
176448.69,0.461453903,0.5,6236,37,0.52405,32.75,34.75,36.13,0,0.015462298,0.131849191,0,0,20,0.5,0.104,5.5,50,1000,0.1,0.1,0.1,0.1,0.1,0.1,0.5,0,16470,0.059259259,0.019975713,0,0,0,0,0,0,0,0,0,0,0.44,1.231407921
176508.75,0.433953221,0.5,6236,37,0.520268042,32.875,34.6875,36.23,0,0,0.07,0,0,20,0.5,0.104,5.5,50,1000,0.1,0.1,0.1,0.1,0.1,0.1,0.5,0,15490,0.059134926,0.019819238,0,0,0,0,0,0,0,0,0,0,5,1.231407921
176568.82,0.42391482,0.5,6236,37,0.2714,32.9375,34.6875,36.95,0,0,0.25,0,0,20,0.5,0.104,5.5,50,1000,0.1,0.1,0.1,0.1,0.1,0.1,0.5,0,16943,0.056070354,0.019181963,0,0,0,0,0,0,0,0,0,0,5,1.231407921
176628.86,0.467596798,0.5,6236,37,0.12905,33.0625,34.6875,37.25,0,0,0.07,0,0,20,0.5,0.104,5.5,50,1000,0.1,0.1,0.1,0.1,0.1,0.1,0.5,0,15780,0.059188847,0.019835234,0,0,0,0,0,0,0,0,0,0,5,1.231407921
176688.9,0.459908953,0.5,6236,37,0.07695,33.125,34.625,37.37,0,0,0.07,0,0,20,0.5,0.104,5.5,50,1000,0.1,0.1,0.1,0.1,0.1,0.1,0.5,0,15638,0.059918148,0.020143241,0,0,0,0,0,0,0,0,0,0,5,1.231407921
176748.97,0.467044337,0.5,6236,37,0.15025,33.0625,34.625,37.45,0,0,0.07,0,0,20,0.5,0.104,5.5,50,1000,0.1,0.1,0.1,0.1,0.1,0.1,0.5,0,15517,0.060772056,0.020171425,0,0,0,0,0,0,0,0,0,0,5,1.231407921
176809.03,0.470301153,0.5,6236,37,0.14155,33.0625,34.625,37.37,0,0,0.07,0,0,20,0.5,0.104,5.5,50,1000,0.1,0.1,0.1,0.1,0.1,0.1,0.5,0,16940,0.057969303,0.019598583,0,0,0,0,0,0,0,0,0,0,5,1.231407921
176869.08,0.497926707,0.5,6236,37,0.1794,33.125,34.5625,37.09,0,0,0.25,0,0,20,0.5,0.104,5.5,50,1000,0.1,0.1,0.1,0.1,0.1,0.1,0.5,0,17599,0.057389624,0.019489744,0,0,0,0,0,0,0,0,0,0,5,1.341076476
176929.12,0.513217712,0.5,6236,37,0.12505,33,34.6875,37.05,0,0,0.07,0,0,20,0.5,0.104,5.5,50,1000,0.1,0.1,0.1,0.1,0.1,0.1,0.5,0,16885,0.059401836,0.019899319,0,0,0,0,0,0,0,0,0,0,5,1.364764412
176989.19,0.506541052,0.5,6236,37,0.15905,33.0625,34.625,37.11,0,0,0.07,0,0,20,0.5,0.104,5.5,50,1000,0.1,0.1,0.1,0.1,0.1,0.1,0.5,0,18155,0.057009088,0.019168273,0,0,0,0,0,0,0,0,0,0,5,1.257241866
177049.26,0.523167725,0.5,6236,37,0.16635,32.9375,34.625,37.17,0,0,0.07,0,0,20,0.5,0.104,5.5,50,1000,0.1,0.1,0.1,0.1,0.1,0.1,0.5,0,16934,0.059997638,0.020137002,0,0,0,0,0,0,0,0,0,0,5,1.291269992
177109.33,0.522312287,0.5,6236,37,0.16305,32.9375,34.625,37.03,0,0,0,0,0,20,0.5,0.104,5.5,50,1000,0.1,0.1,0.1,0.1,0.1,0.1,0.5,0,18643,0.057394196,0.019417476,0,0,0,0,0,0,0,0,0,0,5,1.221797144
177169.38,0.529032232,0.5,6236,37,0.05405,32.875,34.625,37.13,0,0,0,0,0,20,0.5,0.104,5.5,50,1000,0.1,0.1,0.1,0.1,0.1,0.1,0.5,0,17939,0.058977646,0.019733541,0,0,0,0,0,0,0,0,0,0,5,1.199058384
177229.44,0.551545442,0.5,6236,37,0.14135,32.875,34.625,37.11,0,0,0,0,0,20,0.5,0.104,5.5,50,1000,0.1,0.1,0.1,0.1,0.1,0.1,0.5,0,18352,0.058740192,0.019725371,0,0,0,0,0,0,0,0,0,0,5,1.264130086
177289.52,0.56620388,0.5,6236,37,0.14275,32.875,34.625,36.95,0,0.02,0.15,0,0,20,0.5,0.104,5.5,50,1000,0.1,0.1,0.1,0.1,0.1,0.1,0.5,0,17918,0.059828106,0.020035718,0,0,0,0,0,0,0,0,0,0,0.44,1.264130086
177349.59,0.529142325,0.5,6236,37,0.4105,32.625,34.625,36.29,0,0.02,0.15,0,0,20,0.5,0.104,5.5,50,1000,0.1,0.1,0.1,0.1,0.1,0.1,0.5,0,17169,0.060224824,0.020036112,0,0,0,0,0,0,0,0,0,0,0.44,1.264130086
177409.65,0.470477094,0.5,6236,37,0.5315,32.6875,34.625,36.39,0,0.02,0.15,0,0,20,0.5,0.104,5.5,50,1000,0.1,0.1,0.1,0.1,0.1,0.1,0.5,0,16510,0.059539673,0.019987886,0,0,0,0,0,0,0,0,0,0,0.44,1.264130086
177469.7,0.417911415,0.5,6236,37,0.4085,32.8125,34.625,36.41,0,0,0.25,0,0,20,0.5,0.104,5.5,50,1000,0.1,0.1,0.1,0.1,0.1,0.1,0.5,0,16328,0.05744733,0.019475747,0,0,0,0,0,0,0,0,0,0,5,1.264130086
177529.74,0.44828359,0.5,6236,37,0.26895,32.9375,34.6875,37.09,0,0,0.07,0,0,20,0.5,0.104,5.5,50,1000,0.1,0.1,0.1,0.1,0.1,0.1,0.5,0,15112,0.060150873,0.020182636,0,0,0,0,0,0,0,0,0,0,5,1.264130086
177589.82,0.444368304,0.5,6236,37,0.09335,33.125,34.6875,37.35,0,0,0.07,0,0,20,0.5,0.104,5.5,50,1000,0.1,0.1,0.1,0.1,0.1,0.1,0.5,0,16729,0.057325602,0.019367565,0,0,0,0,0,0,0,0,0,0,5,1.264130086
177649.89,0.443129273,0.5,6236,37,0.12545,33.1875,34.6875,37.49,0,0,0.07,0,0,20,0.5,0.104,5.5,50,1000,0.1,0.1,0.1,0.1,0.1,0.1,0.5,0,16377,0.058679856,0.019600659,0,0,0,0,0,0,0,0,0,0,5,1.264130086
177709.94,0.472223774,0.5,6236,37,0.12935,33,34.6875,37.25,0,0,0.07,0,0,20,0.5,0.104,5.5,50,1000,0.1,0.1,0.1,0.1,0.1,0.1,0.5,0,16615,0.057959675,0.019681011,0,0,0,0,0,0,0,0,0,0,5,1.264130086
177769.98,0.485667762,0.5,6236,37,0.1763,33,34.6875,37.13,0,0,0.25,0,0,20,0.5,0.104,5.5,50,1000,0.1,0.1,0.1,0.1,0.1,0.1,0.5,0,16642,0.058286264,0.019769259,0,0,0,0,0,0,0,0,0,0,5,1.264130086
177830.03,0.485762334,0.5,6236,37,0.13725,33.0625,34.6875,37.09,0,0,0.07,0,0,20,0.5,0.104,5.5,50,1000,0.1,0.1,0.1,0.1,0.1,0.1,0.5,0,16138,0.060354443,0.020138803,0,0,0,0,0,0,0,0,0,0,5,1.201507702
177890.09,0.502982926,0.5,6236,37,0.08555,33.0625,34.75,37.29,0,0,0.07,0,0,20,0.5,0.104,5.5,50,1000,0.1,0.1,0.1,0.1,0.1,0.1,0.5,0,16951,0.058934576,0.019821839,0,0,0,0,0,0,0,0,0,0,5,1.245942554
177950.16,0.502000831,0.5,6236,37,0.12515,33,34.75,37.03,0,0,0.07,0,0,20,0.5,0.104,5.5,50,1000,0.1,0.1,0.1,0.1,0.1,0.1,0.5,0,17906,0.057578465,0.019434826,0,0,0,0,0,0,0,0,0,0,5,1.177782075
178010.22,0.51148737,0.5,6236,37,0.16065,33,34.75,37.11,0,0,0.07,0,0,20,0.5,0.104,5.5,50,1000,0.1,0.1,0.1,0.1,0.1,0.1,0.5,0,17717,0.058474911,0.019642152,0,0,0,0,0,0,0,0,0,0,5,1.175056327
178070.28,0.532017748,0.5,6236,37,0.13145,32.875,34.6875,37.05,0,0,0,0,0,20,0.5,0.104,5.5,50,1000,0.1,0.1,0.1,0.1,0.1,0.1,0.5,0,17752,0.05897927,0.01977242,0,0,0,0,0,0,0,0,0,0,5,1.234365378
178130.35,0.533489737,0.5,6236,37,0.10075,32.875,34.75,37.17,0,0,0,0,0,20,0.5,0.104,5.5,50,1000,0.1,0.1,0.1,0.1,0.1,0.1,0.5,0,17517,0.059884683,0.020037678,0,0,0,0,0,0,0,0,0,0,5,1.180936058
178190.41,0.545051009,0.5,6236,37,0.16395,32.9375,34.8125,36.95,0,0,0,0,0,20,0.5,0.104,5.5,50,1000,0.1,0.1,0.1,0.1,0.1,0.1,0.5,0,19087,0.057316498,0.01933253,0,0,0,0,0,0,0,0,0,0,5,1.186207912
178250.49,0.572640362,0.5,6236,37,0.14185,32.9375,34.75,37.03,0,0.02,0.15,0,0,20,0.5,0.104,5.5,50,1000,0.1,0.1,0.1,0.1,0.1,0.1,0.5,0,18857,0.058174683,0.019621361,0,0,0,0,0,0,0,0,0,0,0.44,1.186207912
178310.54,0.506873599,0.5,6236,37,0.41165,32.8125,34.8125,36.47,0,0.02,0.15,0,0,20,0.5,0.104,5.5,50,1000,0.1,0.1,0.1,0.1,0.1,0.1,0.5,0,17117,0.060290939,0.020272244,0,0,0,0,0,0,0,0,0,0,0.44,1.186207912
178370.58,0.470662345,0.5,6236,37,0.4873,32.75,34.75,36.29,0,0.02,0.25,0,0,20,0.5,0.104,5.5,50,1000,0.1,0.1,0.1,0.1,0.1,0.1,0.5,0,16800,0.059285714,0.019880952,0,0,0,0,0,0,0,0,0,0,0.44,1.186207912
178430.63,0.427367752,0.5,6236,37,0.52805,32.75,34.6875,36.31,0,0,0.07,0,0,20,0.5,0.104,5.5,50,1000,0.1,0.1,0.1,0.1,0.1,0.1,0.5,0,15517,0.059354257,0.019978089,0,0,0,0,0,0,0,0,0,0,5,1.186207912
178490.67,0.452239089,0.5,6236,37,0.30175,32.9375,34.75,36.95,0,0,0.07,0,0,20,0.5,0.104,5.5,50,1000,0.1,0.1,0.1,0.1,0.1,0.1,0.5,0,16146,0.058404558,0.019509476,0,0,0,0,0,0,0,0,0,0,5,1.186207912
178550.74,0.450728157,0.5,6236,37,0.13865,32.9375,34.6875,37.35,0,0,0.07,0,0,20,0.5,0.104,5.5,50,1000,0.1,0.1,0.1,0.1,0.1,0.1,0.5,0,15935,0.0590524,0.019893317,0,0,0,0,0,0,0,0,0,0,5,1.186207912
178610.79,0.448300204,0.5,6236,37,0.12015,33.0625,34.75,37.41,0,0,0.07,0,0,20,0.5,0.104,5.5,50,1000,0.1,0.1,0.1,0.1,0.1,0.1,0.5,0,17542,0.056093946,0.019268042,0,0,0,0,0,0,0,0,0,0,5,1.186207912
178670.84,0.453775596,0.5,6236,37,0.1547,33.1875,34.6875,37.25,0,0,0.25,0,0,20,0.5,0.104,5.5,50,1000,0.1,0.1,0.1,0.1,0.1,0.1,0.5,0,17878,0.056102472,0.019073722,0,0,0,0,0,0,0,0,0,0,5,1.186207912
178730.89,0.470566732,0.5,6236,37,0.11915,33,34.6875,37.27,0,0,0.07,0,0,20,0.5,0.104,5.5,50,1000,0.1,0.1,0.1,0.1,0.1,0.1,0.5,0,15696,0.06122579,0.02038736,0,0,0,0,0,0,0,0,0,0,5,1.186207912
178790.95,0.494686317,0.5,6236,37,0.12835,32.9375,34.75,37.19,0,0,0.07,0,0,20,0.5,0.104,5.5,50,1000,0.1,0.1,0.1,0.1,0.1,0.1,0.5,0,17306,0.058187912,0.019704149,0,0,0,0,0,0,0,0,0,0,5,1.276855751
178850.99,0.505833727,0.5,6236,37,0.13145,33,34.6875,37.29,0,0,0.07,0,0,20,0.5,0.104,5.5,50,1000,0.1,0.1,0.1,0.1,0.1,0.1,0.5,0,16698,0.059767637,0.019942508,0,0,0,0,0,0,0,0,0,0,5,1.279865421
178911.06,0.503128041,0.5,6236,37,0.11955,33,34.6875,37.13,0,0,0.07,0,0,20,0.5,0.104,5.5,50,1000,0.1,0.1,0.1,0.1,0.1,0.1,0.5,0,16816,0.059942912,0.020099905,0,0,0,0,0,0,0,0,0,0,5,1.199782191
178971.11,0.503902506,0.5,6236,37,0.1784,32.875,34.75,37.01,0,0,0.25,0,0,20,0.5,0.104,5.5,50,1000,0.1,0.1,0.1,0.1,0.1,0.1,0.5,0,16188,0.06202125,0.020509019,0,0,0,0,0,0,0,0,0,0,5,1.144407435
179031.16,0.520660914,0.5,6236,37,0.15175,32.9375,34.6875,37.09,0,0,0,0,0,20,0.5,0.104,5.5,50,1000,0.1,0.1,0.1,0.1,0.1,0.1,0.5,0,17936,0.05882025,0.019625335,0,0,0,0,0,0,0,0,0,0,5,1.18533561
179091.21,0.543988533,0.5,6236,37,0.10695,32.875,34.75,37.13,0,0,0,0,0,20,0.5,0.104,5.5,50,1000,0.1,0.1,0.1,0.1,0.1,0.1,0.5,0,18246,0.058862216,0.019730352,0,0,0,0,0,0,0,0,0,0,5,1.257556355
179151.29,0.549779029,0.5,6236,37,0.14155,33,34.75,36.89,0,0.02,0.15,0,0,20,0.5,0.104,5.5,50,1000,0.1,0.1,0.1,0.1,0.1,0.1,0.5,0,18704,0.058329769,0.019621471,0,0,0,0,0,0,0,0,0,0,0.44,1.257556355
179211.32,0.491611926,0.5,6236,37,0.48035,32.75,34.75,36.21,0,0.017955443,0.141821773,0,0,20,0.5,0.104,5.5,50,1000,0.1,0.1,0.1,0.1,0.1,0.1,0.5,0,15826,0.062492102,0.020725389,0,0,0,0,0,0,0,0,0,0,0.44,1.257556355
179271.39,0.453906137,0.5,6236,37,0.4093,32.6875,34.75,36.33,0,0,0.25,0,0,20,0.5,0.104,5.5,50,1000,0.1,0.1,0.1,0.1,0.1,0.1,0.5,0,16134,0.058819883,0.019833891,0,0,0,0,0,0,0,0,0,0,5,1.257556355
179331.45,0.448949742,0.5,6236,37,0.21265,32.9375,34.75,36.89,0,0,0.07,0,0,20,0.5,0.104,5.5,50,1000,0.1,0.1,0.1,0.1,0.1,0.1,0.5,0,15981,0.059758463,0.020023778,0,0,0,0,0,0,0,0,0,0,5,1.257556355
179391.5,0.467624928,0.5,6236,37,0.12095,33,34.75,37.33,0,0,0.07,0,0,20,0.5,0.104,5.5,50,1000,0.1,0.1,0.1,0.1,0.1,0.1,0.5,0,16185,0.05987025,0.020018536,0,0,0,0,0,0,0,0,0,0,5,1.257556355
179451.54,0.485645638,0.5,6236,37,0.15075,33.125,34.75,37.21,0,0,0.07,0,0,20,0.5,0.104,5.5,50,1000,0.1,0.1,0.1,0.1,0.1,0.1,0.5,0,17051,0.058295701,0.019822884,0,0,0,0,0,0,0,0,0,0,5,1.257556355
179511.6,0.489306187,0.5,6236,37,0.11495,33.125,34.6875,37.17,0,0,0.07,0,0,20,0.5,0.104,5.5,50,1000,0.1,0.1,0.1,0.1,0.1,0.1,0.5,0,16911,0.059369641,0.019691325,0,0,0,0,0,0,0,0,0,0,5,1.257556355
179571.67,0.50432936,0.5,6236,37,0.1955,33.125,34.75,37.01,0,0,0.25,0,0,20,0.5,0.104,5.5,50,1000,0.1,0.1,0.1,0.1,0.1,0.1,0.5,0,16480,0.060558252,0.020206311,0,0,0,0,0,0,0,0,0,0,5,1.257556355
179631.73,0.515952379,0.5,6236,37,0.15295,33,34.625,37.03,0,0,0.07,0,0,20,0.5,0.104,5.5,50,1000,0.1,0.1,0.1,0.1,0.1,0.1,0.5,0,16076,0.061831301,0.020527494,0,0,0,0,0,0,0,0,0,0,5,1.263033311
179691.78,0.528182506,0.5,6236,37,0.08515,33.0625,34.6875,37.13,0,0,0.07,0,0,20,0.5,0.104,5.5,50,1000,0.1,0.1,0.1,0.1,0.1,0.1,0.5,0,17418,0.059650936,0.01992192,0,0,0,0,0,0,0,0,0,0,5,1.270163868
179751.83,0.528729113,0.5,6236,37,0.13945,32.9375,34.6875,36.89,0,0,0.07,0,0,20,0.5,0.104,5.5,50,1000,0.1,0.1,0.1,0.1,0.1,0.1,0.5,0,17579,0.059957904,0.020137664,0,0,0,0,0,0,0,0,0,0,5,1.209758719
179811.87,0.550192491,0.5,6236,37,0.17445,32.875,34.625,37.13,0,0,0.07,0,0,20,0.5,0.104,5.5,50,1000,0.1,0.1,0.1,0.1,0.1,0.1,0.5,0,18984,0.057890855,0.019490097,0,0,0,0,0,0,0,0,0,0,5,1.268646704
179871.94,0.540618923,0.5,6236,37,0.504725,32.8125,34.6875,36.01,0,0.02,0.25,0,0,20,0.5,0.104,5.5,50,1000,0.1,0.1,0.1,0.1,0.1,0.1,0.5,0,18247,0.059407026,0.020003288,0,0,0,0,0,0,0,0,0,0,0.44,1.268646704
179932.01,0.508131636,0.5,6236,37,0.467975,32.5625,34.6875,36.25,0,0.02,0.15,0,0,20,0.5,0.104,5.5,50,1000,0.1,0.1,0.1,0.1,0.1,0.1,0.5,0,16765,0.061377871,0.020399642,0,0,0,0,0,0,0,0,0,0,0.44,1.268646704
179992.08,0.474315925,0.5,6236,37,0.499175,32.6875,34.6875,36.55,0,0.02,0.15,0,0,20,0.5,0.104,5.5,50,1000,0.1,0.1,0.1,0.1,0.1,0.1,0.5,0,16370,0.060598656,0.02009774,0,0,0,0,0,0,0,0,0,0,0.44,1.268646704
180052.14,0.418100351,0.5,6236,37,0.530075,32.625,34.6875,36.29,0,0,0.07,0,0,20,0.5,0.104,5.5,50,1000,0.1,0.1,0.1,0.1,0.1,0.1,0.5,0,15155,0.060838007,0.02038931,0,0,0,0,0,0,0,0,0,0,5,1.268646704
180112.19,0.422473512,0.5,6236,37,0.23165,32.9375,34.625,37.09,0,0,0.07,0,0,20,0.5,0.104,5.5,50,1000,0.1,0.1,0.1,0.1,0.1,0.1,0.5,0,15981,0.059007571,0.019836055,0,0,0,0,0,0,0,0,0,0,5,1.268646704
180172.23,0.445181259,0.5,6236,37,0.2116,33.1875,34.6875,37.17,0,0,0.25,0,0,20,0.5,0.104,5.5,50,1000,0.1,0.1,0.1,0.1,0.1,0.1,0.5,0,16255,0.058812673,0.019870809,0,0,0,0,0,0,0,0,0,0,5,1.268646704
180232.3,0.447425991,0.5,6236,37,0.10835,33,34.6875,37.45,0,0,0.07,0,0,20,0.5,0.104,5.5,50,1000,0.1,0.1,0.1,0.1,0.1,0.1,0.5,0,17440,0.057052752,0.019266055,0,0,0,0,0,0,0,0,0,0,5,1.268646704
180292.38,0.441084112,0.5,6236,37,0.05355,32.9375,34.6875,37.49,0,0,0.07,0,0,20,0.5,0.104,5.5,50,1000,0.1,0.1,0.1,0.1,0.1,0.1,0.5,0,16358,0.059848392,0.020112483,0,0,0,0,0,0,0,0,0,0,5,1.268646704
180352.42,0.464626038,0.5,6236,37,0.16485,33.125,34.6875,37.27,0,0,0.07,0,0,20,0.5,0.104,5.5,50,1000,0.1,0.1,0.1,0.1,0.1,0.1,0.5,0,16946,0.058951965,0.019827688,0,0,0,0,0,0,0,0,0,0,5,1.268646704
180412.47,0.492371396,0.5,6236,37,0.11405,32.9375,34.75,37.17,0,0,0.07,0,0,20,0.5,0.104,5.5,50,1000,0.1,0.1,0.1,0.1,0.1,0.1,0.5,0,16604,0.060105999,0.020115635,0,0,0,0,0,0,0,0,0,0,5,1.379215683
180472.51,0.502201363,0.5,6236,37,0.1514,33,34.8125,37.19,0,0,0.25,0,0,20,0.5,0.104,5.5,50,1000,0.1,0.1,0.1,0.1,0.1,0.1,0.5,0,16052,0.062048343,0.020558186,0,0,0,0,0,0,0,0,0,0,5,1.36955848
180532.56,0.500467483,0.5,6236,37,0.15385,32.9375,34.8125,37.11,0,0,0.07,0,0,20,0.5,0.104,5.5,50,1000,0.1,0.1,0.1,0.1,0.1,0.1,0.5,0,18400,0.057336957,0.019347826,0,0,0,0,0,0,0,0,0,0,5,1.290704957
180592.62,0.507259995,0.5,6236,37,0.14045,33.0625,34.8125,37.05,0,0,0.07,0,0,20,0.5,0.104,5.5,50,1000,0.1,0.1,0.1,0.1,0.1,0.1,0.5,0,17392,0.060027599,0.0200092,0,0,0,0,0,0,0,0,0,0,5,1.266612872
180652.69,0.525311341,0.5,6236,37,0.11325,32.9375,34.8125,37.09,0,0,0,0,0,20,0.5,0.104,5.5,50,1000,0.1,0.1,0.1,0.1,0.1,0.1,0.5,0,18212,0.058697562,0.019712278,0,0,0,0,0,0,0,0,0,0,5,1.308184535
180712.77,0.517322175,0.5,6236,37,0.14465,32.9375,34.8125,36.95,0,0,0,0,0,20,0.5,0.104,5.5,50,1000,0.1,0.1,0.1,0.1,0.1,0.1,0.5,0,18480,0.058874459,0.01969697,0,0,0,0,0,0,0,0,0,0,5,1.19679948
180772.81,0.546912814,0.5,6236,37,0.10275,32.9375,34.8125,37.05,0,0,0,0,0,20,0.5,0.104,5.5,50,1000,0.1,0.1,0.1,0.1,0.1,0.1,0.5,0,17068,0.061928756,0.020389032,0,0,0,0,0,0,0,0,0,0,5,1.303830179
180832.86,0.569651002,0.5,6236,37,0.16035,33,34.8125,37.03,0,0.02,0.15,0,0,20,0.5,0.104,5.5,50,1000,0.1,0.1,0.1,0.1,0.1,0.1,0.5,0,17383,0.062129667,0.020479779,0,0,0,0,0,0,0,0,0,0,0.44,1.303830179
180892.93,0.519737985,0.5,6236,37,0.442925,32.75,34.875,36.57,0,0.02,0.15,0,0,20,0.5,0.104,5.5,50,1000,0.1,0.1,0.1,0.1,0.1,0.1,0.5,0,16392,0.062774524,0.02068082,0,0,0,0,0,0,0,0,0,0,0.44,1.303830179
180953,0.46383868,0.5,6236,37,0.471,32.6875,34.8125,36.25,0,0.02,0.15,0,0,20,0.5,0.104,5.5,50,1000,0.1,0.1,0.1,0.1,0.1,0.1,0.5,0,16697,0.059471761,0.019943702,0,0,0,0,0,0,0,0,0,0,0.44,1.303830179
181013.05,0.420018237,0.5,6236,37,0.552925,32.8125,34.875,36.23,0,0,0.07,0,0,20,0.5,0.104,5.5,50,1000,0.1,0.1,0.1,0.1,0.1,0.1,0.5,0,15977,0.059397884,0.019903611,0,0,0,0,0,0,0,0,0,0,5,1.303830179
181073.13,0.448207505,0.5,6236,37,0.287,32.9375,34.875,36.89,0,0,0.25,0,0,20,0.5,0.104,5.5,50,1000,0.1,0.1,0.1,0.1,0.1,0.1,0.5,0,15395,0.060214355,0.020136408,0,0,0,0,0,0,0,0,0,0,5,1.303830179
181133.18,0.426347276,0.5,6236,37,0.12965,33.1875,34.8125,37.55,0,0,0.07,0,0,20,0.5,0.104,5.5,50,1000,0.1,0.1,0.1,0.1,0.1,0.1,0.5,0,16060,0.059526775,0.019863014,0,0,0,0,0,0,0,0,0,0,5,1.303830179
181193.24,0.466166478,0.5,6236,37,0.12345,33.1875,34.8125,37.33,0,0,0.07,0,0,20,0.5,0.104,5.5,50,1000,0.1,0.1,0.1,0.1,0.1,0.1,0.5,0,15522,0.06075248,0.020293777,0,0,0,0,0,0,0,0,0,0,5,1.303830179
181253.29,0.450163284,0.5,6236,37,0.09815,33.125,34.75,37.33,0,0,0.07,0,0,20,0.5,0.104,5.5,50,1000,0.1,0.1,0.1,0.1,0.1,0.1,0.5,0,16260,0.059594096,0.019926199,0,0,0,0,0,0,0,0,0,0,5,1.303830179
181313.33,0.478271625,0.5,6236,37,0.14915,33.125,34.75,37.13,0,0,0.07,0,0,20,0.5,0.104,5.5,50,1000,0.1,0.1,0.1,0.1,0.1,0.1,0.5,0,16244,0.060391529,0.020192071,0,0,0,0,0,0,0,0,0,0,5,1.303830179
181373.38,0.485703686,0.5,6236,37,0.1888,33.125,34.75,37.05,0,0,0.25,0,0,20,0.5,0.104,5.5,50,1000,0.1,0.1,0.1,0.1,0.1,0.1,0.5,0,15391,0.063023845,0.020726399,0,0,0,0,0,0,0,0,0,0,5,1.284898417
181433.42,0.51765076,0.5,6236,37,0.17745,33,34.8125,37.21,0,0,0.07,0,0,20,0.5,0.104,5.5,50,1000,0.1,0.1,0.1,0.1,0.1,0.1,0.5,0,16756,0.060038195,0.020112199,0,0,0,0,0,0,0,0,0,0,5,1.411759698
181493.46,0.509020507,0.5,6236,37,0.16585,33,34.8125,37.13,0,0,0.07,0,0,20,0.5,0.104,5.5,50,1000,0.1,0.1,0.1,0.1,0.1,0.1,0.5,0,17714,0.058936434,0.019645478,0,0,0,0,0,0,0,0,0,0,5,1.290734208
181553.5,0.516839256,0.5,6236,37,0.13455,32.9375,34.8125,37.21,0,0,0.07,0,0,20,0.5,0.104,5.5,50,1000,0.1,0.1,0.1,0.1,0.1,0.1,0.5,0,17354,0.059755676,0.019937767,0,0,0,0,0,0,0,0,0,0,5,1.27192831
181613.58,0.534862828,0.5,6236,37,0.13505,33,34.8125,37.01,0,0,0,0,0,20,0.5,0.104,5.5,50,1000,0.1,0.1,0.1,0.1,0.1,0.1,0.5,0,17643,0.059627048,0.019951255,0,0,0,0,0,0,0,0,0,0,5,1.311167122
181673.65,0.527884611,0.5,6236,37,0.12935,33,34.8125,37.03,0,0,0,0,0,20,0.5,0.104,5.5,50,1000,0.1,0.1,0.1,0.1,0.1,0.1,0.5,0,16966,0.061888483,0.02045267,0,0,0,0,0,0,0,0,0,0,5,1.206210974
181733.73,0.545943242,0.5,6236,37,0.10745,32.875,34.875,37.13,0,0,0,0,0,20,0.5,0.104,5.5,50,1000,0.1,0.1,0.1,0.1,0.1,0.1,0.5,0,17683,0.060566646,0.020245433,0,0,0,0,0,0,0,0,0,0,5,1.246812317
181793.8,0.541391386,0.5,6236,37,0.11175,32.875,34.8125,36.97,0,0.02,0.15,0,0,20,0.5,0.104,5.5,50,1000,0.1,0.1,0.1,0.1,0.1,0.1,0.5,0,17678,0.060979749,0.020138025,0,0,0,0,0,0,0,0,0,0,0.44,1.246812317
181853.87,0.482396711,0.5,6236,37,0.503725,32.6875,34.8125,36.23,0,0.015923058,0.133692233,0,0,20,0.5,0.104,5.5,50,1000,0.1,0.1,0.1,0.1,0.1,0.1,0.5,0,17805,0.059309183,0.019769728,0,0,0,0,0,0,0,0,0,0,0.44,1.246812317
181913.9,0.471227183,0.5,6236,37,0.468973491,32.6875,34.875,36.41,0,0.017993094,0.141972378,0,0,20,0.5,0.104,5.5,50,1000,0.1,0.1,0.1,0.1,0.1,0.1,0.5,0,16915,0.059414721,0.020041383,0,0,0,0,0,0,0,0,0,0,0.44,1.246812317
181973.94,0.440658266,0.5,6236,37,0.4069,32.75,34.875,36.39,0,0,0.25,0,0,20,0.5,0.104,5.5,50,1000,0.1,0.1,0.1,0.1,0.1,0.1,0.5,0,15238,0.061162882,0.020409503,0,0,0,0,0,0,0,0,0,0,5,1.246812317
182033.98,0.455047188,0.5,6236,37,0.17755,32.9375,34.875,37.17,0,0,0.07,0,0,20,0.5,0.104,5.5,50,1000,0.1,0.1,0.1,0.1,0.1,0.1,0.5,0,15442,0.061131978,0.020463671,0,0,0,0,0,0,0,0,0,0,5,1.246812317
182094.05,0.469779283,0.5,6236,37,0.08605,33.125,34.8125,37.45,0,0,0.07,0,0,20,0.5,0.104,5.5,50,1000,0.1,0.1,0.1,0.1,0.1,0.1,0.5,0,16022,0.060104856,0.02015978,0,0,0,0,0,0,0,0,0,0,5,1.246812317
182154.12,0.463241092,0.5,6236,37,0.11345,33.125,34.9375,37.27,0,0,0.07,0,0,20,0.5,0.104,5.5,50,1000,0.1,0.1,0.1,0.1,0.1,0.1,0.5,0,16269,0.060114328,0.019976643,0,0,0,0,0,0,0,0,0,0,5,1.246812317
182214.19,0.480910133,0.5,6236,37,0.14035,32.9375,34.875,37.11,0,0,0.07,0,0,20,0.5,0.104,5.5,50,1000,0.1,0.1,0.1,0.1,0.1,0.1,0.5,0,15911,0.061781158,0.02042612,0,0,0,0,0,0,0,0,0,0,5,1.246812317
182274.24,0.497789384,0.5,6236,37,0.16,33.1875,34.875,37.17,0,0,0.25,0,0,20,0.5,0.104,5.5,50,1000,0.1,0.1,0.1,0.1,0.1,0.1,0.5,0,16213,0.061432184,0.020354037,0,0,0,0,0,0,0,0,0,0,5,1.246812317
182334.27,0.499316851,0.5,6236,37,0.14685,33.125,34.875,37.21,0,0,0.07,0,0,20,0.5,0.104,5.5,50,1000,0.1,0.1,0.1,0.1,0.1,0.1,0.5,0,17391,0.059341038,0.019780346,0,0,0,0,0,0,0,0,0,0,5,1.193663106
182394.31,0.503206529,0.5,6236,37,0.09755,32.9375,34.8125,37.17,0,0,0.07,0,0,20,0.5,0.104,5.5,50,1000,0.1,0.1,0.1,0.1,0.1,0.1,0.5,0,17725,0.059069111,0.019802539,0,0,0,0,0,0,0,0,0,0,5,1.157259395
182454.38,0.522815162,0.5,6236,37,0.11445,33.0625,34.8125,37.13,0,0,0.07,0,0,20,0.5,0.104,5.5,50,1000,0.1,0.1,0.1,0.1,0.1,0.1,0.5,0,17438,0.060098635,0.020071109,0,0,0,0,0,0,0,0,0,0,5,1.214078331
182514.49,0.524773134,0.5,6236,37,0.12905,33.0625,34.875,37.09,0,0,0.07,0,0,20,0.5,0.104,5.5,50,1000,0.1,0.1,0.1,0.1,0.1,0.1,0.5,0,17720,0.05993228,0.019920993,0,0,0,0,0,0,0,0,0,0,5,1.164588599
182574.56,0.551160764,0.5,6236,37,0.14665,32.9375,34.8125,37.11,0,0,0,0,0,20,0.5,0.104,5.5,50,1000,0.1,0.1,0.1,0.1,0.1,0.1,0.5,0,17862,0.0602956,0.020098533,0,0,0,0,0,0,0,0,0,0,5,1.253540637
182634.63,0.536619927,0.5,6236,37,0.09885,32.875,34.8125,36.95,0,0,0,0,0,20,0.5,0.104,5.5,50,1000,0.1,0.1,0.1,0.1,0.1,0.1,0.5,0,18214,0.059679368,0.019929724,0,0,0,0,0,0,0,0,0,0,5,1.110654225
182694.66,0.553107232,0.5,6236,37,0.19415,32.875,34.8125,36.81,0,0,0,0,0,20,0.5,0.104,5.5,50,1000,0.1,0.1,0.1,0.1,0.1,0.1,0.5,0,18392,0.060352327,0.020117442,0,0,0,0,0,0,0,0,0,0,5,1.14590697
182754.74,0.575398183,0.5,6236,37,0.13085,32.75,34.8125,36.89,0,0.02,0.15,0,0,20,0.5,0.104,5.5,50,1000,0.1,0.1,0.1,0.1,0.1,0.1,0.5,0,19512,0.058476835,0.019526445,0,0,0,0,0,0,0,0,0,0,0.44,1.14590697
182814.78,0.534300604,0.5,6236,37,0.449125,32.75,34.875,36.29,0,0.02,0.15,0,0,20,0.5,0.104,5.5,50,1000,0.1,0.1,0.1,0.1,0.1,0.1,0.5,0,17204,0.061090444,0.02028598,0,0,0,0,0,0,0,0,0,0,0.44,1.14590697
182874.83,0.455766374,0.5,6236,37,0.645375,32.75,34.8125,35.55,0,0.02,0.25,0,0,20,0.5,0.104,5.5,50,1000,0.1,0.1,0.1,0.1,0.1,0.1,0.5,0,17104,0.058875117,0.019761459,0,0,0,0,0,0,0,0,0,0,0.44,1.14590697
182934.87,0.413695102,0.5,6236,37,0.568225,32.75,34.8125,36.17,0,0,0.07,0,0,20,0.5,0.104,5.5,50,1000,0.1,0.1,0.1,0.1,0.1,0.1,0.5,0,15412,0.060667013,0.020114197,0,0,0,0,0,0,0,0,0,0,5,1.14590697
182994.93,0.427414452,0.5,6236,37,0.24045,32.875,34.8125,37.01,0,0,0.07,0,0,20,0.5,0.104,5.5,50,1000,0.1,0.1,0.1,0.1,0.1,0.1,0.5,0,15870,0.059861374,0.019911783,0,0,0,0,0,0,0,0,0,0,5,1.14590697
183055,0.448291123,0.5,6236,37,0.14375,33.0625,34.8125,37.33,0,0,0.07,0,0,20,0.5,0.104,5.5,50,1000,0.1,0.1,0.1,0.1,0.1,0.1,0.5,0,16036,0.059802943,0.019955101,0,0,0,0,0,0,0,0,0,0,5,1.14590697
183115.04,0.462847654,0.5,6236,37,0.15295,32.9375,34.8125,37.41,0,0,0.07,0,0,20,0.5,0.104,5.5,50,1000,0.1,0.1,0.1,0.1,0.1,0.1,0.5,0,16076,0.060400597,0.020092063,0,0,0,0,0,0,0,0,0,0,5,1.14590697
183175.1,0.45152337,0.5,6236,37,0.1616,33.0625,34.8125,37.25,0,0,0.25,0,0,20,0.5,0.104,5.5,50,1000,0.1,0.1,0.1,0.1,0.1,0.1,0.5,0,16827,0.059190587,0.019730196,0,0,0,0,0,0,0,0,0,0,5,1.14590697
183235.15,0.472211124,0.5,6236,37,0.13135,32.9375,34.8125,37.21,0,0,0.07,0,0,20,0.5,0.104,5.5,50,1000,0.1,0.1,0.1,0.1,0.1,0.1,0.5,0,16806,0.059324051,0.019814352,0,0,0,0,0,0,0,0,0,0,5,1.14590697
183295.22,0.485203028,0.5,6236,37,0.07935,33.0625,34.875,37.27,0,0,0.07,0,0,20,0.5,0.104,5.5,50,1000,0.1,0.1,0.1,0.1,0.1,0.1,0.5,0,18167,0.057411791,0.019265702,0,0,0,0,0,0,0,0,0,0,5,1.170035327
183355.3,0.497053909,0.5,6236,37,0.09265,33.0625,34.875,37.25,0,0,0.07,0,0,20,0.5,0.104,5.5,50,1000,0.1,0.1,0.1,0.1,0.1,0.1,0.5,0,16742,0.060745431,0.020129017,0,0,0,0,0,0,0,0,0,0,5,1.183926775
183415.37,0.517856478,0.5,6236,37,0.14815,33.125,34.875,36.97,0,0,0.07,0,0,20,0.5,0.104,5.5,50,1000,0.1,0.1,0.1,0.1,0.1,0.1,0.5,0,17980,0.058898776,0.019799778,0,0,0,0,0,0,0,0,0,0,5,1.247729372
183475.44,0.530442844,0.5,6236,37,0.1547,33,34.875,37.13,0,0,0.25,0,0,20,0.5,0.104,5.5,50,1000,0.1,0.1,0.1,0.1,0.1,0.1,0.5,0,17803,0.059428186,0.019940459,0,0,0,0,0,0,0,0,0,0,5,1.257385135
183535.49,0.529828272,0.5,6236,37,0.13155,32.875,34.875,37.09,0,0,0,0,0,20,0.5,0.104,5.5,50,1000,0.1,0.1,0.1,0.1,0.1,0.1,0.5,0,18443,0.058938351,0.019736485,0,0,0,0,0,0,0,0,0,0,5,1.191038062
183595.54,0.520309975,0.5,6236,37,0.15205,33,34.9375,37.13,0,0,0,0,0,20,0.5,0.104,5.5,50,1000,0.1,0.1,0.1,0.1,0.1,0.1,0.5,0,16913,0.062082422,0.020457636,0,0,0,0,0,0,0,0,0,0,5,1.077101557
183655.6,0.551935482,0.5,6236,37,0.12925,33,34.9375,37.09,0,0,0,0,0,20,0.5,0.104,5.5,50,1000,0.1,0.1,0.1,0.1,0.1,0.1,0.5,0,17869,0.060943533,0.02009066,0,0,0,0,0,0,0,0,0,0,5,1.20026574
183715.66,0.547745567,0.5,6236,37,0.13445,32.9375,34.9375,37.01,0,0.02,0.15,0,0,20,0.5,0.104,5.5,50,1000,0.1,0.1,0.1,0.1,0.1,0.1,0.5,0,18245,0.06040011,0.02006029,0,0,0,0,0,0,0,0,0,0,0.44,1.20026574
183775.7,0.495289231,0.5,6236,37,0.594852555,32.6875,34.9375,35.63,0,0.018225303,0.25,0,0,20,0.5,0.104,5.5,50,1000,0.1,0.1,0.1,0.1,0.1,0.1,0.5,0,17155,0.060856893,0.020169047,0,0,0,0,0,0,0,0,0,0,0.44,1.20026574
183835.76,0.442021903,0.5,6236,37,0.514461654,32.875,34.875,36.21,0,0,0.07,0,0,20,0.5,0.104,5.5,50,1000,0.1,0.1,0.1,0.1,0.1,0.1,0.5,0,15704,0.061767702,0.020376974,0,0,0,0,0,0,0,0,0,0,5,1.20026574
183895.82,0.475006961,0.5,6236,37,0.19735,32.9375,34.875,36.87,0,0,0.07,0,0,20,0.5,0.104,5.5,50,1000,0.1,0.1,0.1,0.1,0.1,0.1,0.5,0,16231,0.060871172,0.020085022,0,0,0,0,0,0,0,0,0,0,5,1.20026574
183955.89,0.491590915,0.5,6236,37,0.11745,33,34.875,37.35,0,0,0.07,0,0,20,0.5,0.104,5.5,50,1000,0.1,0.1,0.1,0.1,0.1,0.1,0.5,0,16966,0.059648709,0.019922197,0,0,0,0,0,0,0,0,0,0,5,1.20026574
184015.94,0.487538852,0.5,6236,37,0.10545,33.0625,34.875,37.25,0,0,0.07,0,0,20,0.5,0.104,5.5,50,1000,0.1,0.1,0.1,0.1,0.1,0.1,0.5,0,16332,0.061535636,0.02038942,0,0,0,0,0,0,0,0,0,0,5,1.20026574
184075.99,0.500813974,0.5,6236,37,0.12645,32.875,34.9375,37.29,0,0,0.25,0,0,20,0.5,0.104,5.5,50,1000,0.1,0.1,0.1,0.1,0.1,0.1,0.5,0,15788,0.063465923,0.020521915,0,0,0,0,0,0,0,0,0,0,5,1.20026574
184136.03,0.498277473,0.5,6236,37,0.15775,32.9375,34.875,37.03,0,0,0.07,0,0,20,0.5,0.104,5.5,50,1000,0.1,0.1,0.1,0.1,0.1,0.1,0.5,0,15907,0.063682655,0.02093418,0,0,0,0,0,0,0,0,0,0,5,1.20026574
184196.07,0.549503198,0.5,6236,37,0.21095,33,34.8125,37.05,0,0,0.07,0,0,20,0.5,0.104,5.5,50,1000,0.1,0.1,0.1,0.1,0.1,0.1,0.5,0,18071,0.059432239,0.019921421,0,0,0,0,0,0,0,0,0,0,5,1.433824943
184256.14,0.523431385,0.5,6236,37,0.10725,32.8125,34.875,37.05,0,0,0.07,0,0,20,0.5,0.104,5.5,50,1000,0.1,0.1,0.1,0.1,0.1,0.1,0.5,0,17031,0.061710998,0.020315895,0,0,0,0,0,0,0,0,0,0,5,1.21630777
184316.21,0.545915653,0.5,6236,37,0.14915,33,34.875,37.05,0,0,0.07,0,0,20,0.5,0.104,5.5,50,1000,0.1,0.1,0.1,0.1,0.1,0.1,0.5,0,17836,0.060775959,0.020127831,0,0,0,0,0,0,0,0,0,0,5,1.281667973
184376.28,0.543351328,0.5,6236,37,0.17115,32.875,34.875,37.09,0,0.02,0.25,0,0,20,0.5,0.104,5.5,50,1000,0.1,0.1,0.1,0.1,0.1,0.1,0.5,0,18911,0.059066152,0.01972397,0,0,0,0,0,0,0,0,0,0,0.44,1.281667973
184436.34,0.492783235,0.5,6236,37,0.4503,32.75,34.8125,36.17,0,0.017464119,0.139856477,0,0,20,0.5,0.104,5.5,50,1000,0.1,0.1,0.1,0.1,0.1,0.1,0.5,0,16641,0.062496244,0.020611742,0,0,0,0,0,0,0,0,0,0,0.44,1.281667973
184496.42,0.467968326,0.5,6236,37,0.541660001,32.8125,34.875,36.17,0,0.017530733,0.140122932,0,0,20,0.5,0.104,5.5,50,1000,0.1,0.1,0.1,0.1,0.1,0.1,0.5,0,16382,0.060676352,0.020144061,0,0,0,0,0,0,0,0,0,0,0.44,1.281667973
184556.47,0.414570086,0.5,6236,37,0.507564968,32.75,34.875,36.53,0,0,0.07,0,0,20,0.5,0.104,5.5,50,1000,0.1,0.1,0.1,0.1,0.1,0.1,0.5,0,16181,0.059390643,0.019961683,0,0,0,0,0,0,0,0,0,0,5,1.281667973
184616.57,0.430639862,0.5,6236,37,0.19195,33,34.875,37.33,0,0,0.07,0,0,20,0.5,0.104,5.5,50,1000,0.1,0.1,0.1,0.1,0.1,0.1,0.5,0,16574,0.05840473,0.019609026,0,0,0,0,0,0,0,0,0,0,5,1.281667973
184676.61,0.460708728,0.5,6236,37,0.12845,33.125,34.875,37.43,0,0,0.25,0,0,20,0.5,0.104,5.5,50,1000,0.1,0.1,0.1,0.1,0.1,0.1,0.5,0,16496,0.059165858,0.019883608,0,0,0,0,0,0,0,0,0,0,5,1.281667973
184736.66,0.462838716,0.5,6236,37,0.17175,33,34.875,37.41,0,0,0.07,0,0,20,0.5,0.104,5.5,50,1000,0.1,0.1,0.1,0.1,0.1,0.1,0.5,0,14760,0.06395664,0.020934959,0,0,0,0,0,0,0,0,0,0,5,1.281667973
184796.73,0.482408592,0.5,6236,37,0.09885,33,34.875,37.49,0,0,0.07,0,0,20,0.5,0.104,5.5,50,1000,0.1,0.1,0.1,0.1,0.1,0.1,0.5,0,16086,0.061295536,0.020203904,0,0,0,0,0,0,0,0,0,0,5,1.281667973
184856.78,0.479425626,0.5,6236,37,0.10035,32.9375,34.9375,37.33,0,0,0.07,0,0,20,0.5,0.104,5.5,50,1000,0.1,0.1,0.1,0.1,0.1,0.1,0.5,0,16933,0.060001181,0.020079135,0,0,0,0,0,0,0,0,0,0,5,1.281667973
184916.83,0.501136282,0.5,6236,37,0.15165,33.1875,34.875,37.27,0,0,0.07,0,0,20,0.5,0.104,5.5,50,1000,0.1,0.1,0.1,0.1,0.1,0.1,0.5,0,16867,0.060354538,0.020157704,0,0,0,0,0,0,0,0,0,0,5,1.350452506
184976.87,0.506480688,0.5,6236,37,0.11655,33,34.875,37.11,0,0,0.25,0,0,20,0.5,0.104,5.5,50,1000,0.1,0.1,0.1,0.1,0.1,0.1,0.5,0,17053,0.060165367,0.020055122,0,0,0,0,0,0,0,0,0,0,5,1.314754208
185036.92,0.509055455,0.5,6236,37,0.13845,33.0625,34.875,37.27,0,0,0.07,0,0,20,0.5,0.104,5.5,50,1000,0.1,0.1,0.1,0.1,0.1,0.1,0.5,0,18139,0.05849275,0.01968135,0,0,0,0,0,0,0,0,0,0,5,1.264228793
185096.96,0.518726225,0.5,6236,37,0.13335,33,34.875,37.21,0,0,0.07,0,0,20,0.5,0.104,5.5,50,1000,0.1,0.1,0.1,0.1,0.1,0.1,0.5,0,17806,0.0598113,0.019993261,0,0,0,0,0,0,0,0,0,0,5,1.257475195
185157.02,0.525955912,0.5,6236,37,0.16065,32.8125,34.875,37.03,0,0,0,0,0,20,0.5,0.104,5.5,50,1000,0.1,0.1,0.1,0.1,0.1,0.1,0.5,0,17075,0.062137628,0.020556369,0,0,0,0,0,0,0,0,0,0,5,1.23612489
185217.07,0.531807929,0.5,6236,37,0.11375,32.9375,34.875,37.33,0,0,0,0,0,20,0.5,0.104,5.5,50,1000,0.1,0.1,0.1,0.1,0.1,0.1,0.5,0,18235,0.059665478,0.020071291,0,0,0,0,0,0,0,0,0,0,5,1.207513638
185277.15,0.554535662,0.5,6236,37,0.17225,33,34.8125,37.05,0,0,0,0,0,20,0.5,0.104,5.5,50,1000,0.1,0.1,0.1,0.1,0.1,0.1,0.5,0,18341,0.059811352,0.019900769,0,0,0,0,0,0,0,0,0,0,5,1.272684144
185337.19,0.549536107,0.5,6236,37,0.14835,33,34.8125,36.97,0,0.02,0.15,0,0,20,0.5,0.104,5.5,50,1000,0.1,0.1,0.1,0.1,0.1,0.1,0.5,0,18703,0.059883441,0.019943325,0,0,0,0,0,0,0,0,0,0,0.44,1.272684144
185397.26,0.516725889,0.5,6236,37,0.474125,32.75,34.875,36.31,0,0.02,0.15,0,0,20,0.5,0.104,5.5,50,1000,0.1,0.1,0.1,0.1,0.1,0.1,0.5,0,18292,0.058987536,0.019790072,0,0,0,0,0,0,0,0,0,0,0.44,1.272684144
185457.29,0.46762138,0.5,6236,37,0.488,32.625,34.8125,36.21,0,0.02,0.15,0,0,20,0.5,0.104,5.5,50,1000,0.1,0.1,0.1,0.1,0.1,0.1,0.5,0,17085,0.059174715,0.019666374,0,0,0,0,0,0,0,0,0,0,0.44,1.272684144
185517.32,0.421953485,0.5,6236,37,0.503925,32.6875,34.8125,36.23,0,0,0.07,0,0,20,0.5,0.104,5.5,50,1000,0.1,0.1,0.1,0.1,0.1,0.1,0.5,0,15829,0.05995325,0.020026534,0,0,0,0,0,0,0,0,0,0,5,1.272684144
185577.36,0.43493316,0.5,6236,37,0.25575,33,34.8125,37.19,0,0,0.25,0,0,20,0.5,0.104,5.5,50,1000,0.1,0.1,0.1,0.1,0.1,0.1,0.5,0,15686,0.060436058,0.020336606,0,0,0,0,0,0,0,0,0,0,5,1.272684144
185637.4,0.44507284,0.5,6236,37,0.12195,33,34.8125,37.37,0,0,0.07,0,0,20,0.5,0.104,5.5,50,1000,0.1,0.1,0.1,0.1,0.1,0.1,0.5,0,15868,0.060814217,0.020103353,0,0,0,0,0,0,0,0,0,0,5,1.272684144
185697.44,0.44732054,0.5,6236,37,0.14705,33.0625,34.8125,37.49,0,0,0.07,0,0,20,0.5,0.104,5.5,50,1000,0.1,0.1,0.1,0.1,0.1,0.1,0.5,0,15935,0.060809539,0.020207091,0,0,0,0,0,0,0,0,0,0,5,1.272684144
185757.49,0.474186913,0.5,6236,37,0.07585,33.125,34.875,37.37,0,0,0.07,0,0,20,0.5,0.104,5.5,50,1000,0.1,0.1,0.1,0.1,0.1,0.1,0.5,0,15041,0.063360149,0.020876272,0,0,0,0,0,0,0,0,0,0,5,1.272684144
185817.55,0.453341032,0.5,6236,37,0.09795,33,34.875,37.25,0,0,0.07,0,0,20,0.5,0.104,5.5,50,1000,0.1,0.1,0.1,0.1,0.1,0.1,0.5,0,15799,0.062219128,0.020697513,0,0,0,0,0,0,0,0,0,0,5,1.272684144
185877.63,0.481006161,0.5,6236,37,0.13635,33.0625,34.8125,37.21,0,0,0.25,0,0,20,0.5,0.104,5.5,50,1000,0.1,0.1,0.1,0.1,0.1,0.1,0.5,0,16508,0.06130361,0.020293191,0,0,0,0,0,0,0,0,0,0,5,1.386756157
185937.67,0.479627953,0.5,6236,37,0.15595,32.875,34.875,37.03,0,0,0.07,0,0,20,0.5,0.104,5.5,50,1000,0.1,0.1,0.1,0.1,0.1,0.1,0.5,0,17591,0.059405378,0.019839691,0,0,0,0,0,0,0,0,0,0,5,1.308810231
185997.72,0.50377458,0.5,6236,37,0.15145,33,34.875,37.17,0,0,0.07,0,0,20,0.5,0.104,5.5,50,1000,0.1,0.1,0.1,0.1,0.1,0.1,0.5,0,17292,0.06031691,0.020067083,0,0,0,0,0,0,0,0,0,0,5,1.390724321
186057.79,0.505658454,0.5,6236,37,0.15955,32.8125,34.875,36.93,0,0,0.07,0,0,20,0.5,0.104,5.5,50,1000,0.1,0.1,0.1,0.1,0.1,0.1,0.5,0,17122,0.06103259,0.02020792,0,0,0,0,0,0,0,0,0,0,5,1.332385735
186117.84,0.508416725,0.5,6236,37,0.13355,33.0625,34.875,37.11,0,0,0,0,0,20,0.5,0.104,5.5,50,1000,0.1,0.1,0.1,0.1,0.1,0.1,0.5,0,18107,0.059811123,0.019937041,0,0,0,0,0,0,0,0,0,0,5,1.282086409
186177.88,0.531001946,0.5,6236,37,0.15585,33,34.875,37.09,0,0,0,0,0,20,0.5,0.104,5.5,50,1000,0.1,0.1,0.1,0.1,0.1,0.1,0.5,0,16303,0.064221309,0.021039073,0,0,0,0,0,0,0,0,0,0,5,1.348374835
186237.96,0.555481066,0.5,6236,37,0.14015,32.9375,34.9375,37.01,0,0,0,0,0,20,0.5,0.104,5.5,50,1000,0.1,0.1,0.1,0.1,0.1,0.1,0.5,0,17697,0.061479347,0.020455444,0,0,0,0,0,0,0,0,0,0,5,1.41616261
186298.01,0.550681884,0.5,6236,37,0.13625,32.75,34.875,37.05,0,0.02,0.15,0,0,20,0.5,0.104,5.5,50,1000,0.1,0.1,0.1,0.1,0.1,0.1,0.5,0,18810,0.060021265,0.019936204,0,0,0,0,0,0,0,0,0,0,0.44,1.41616261
186358.07,0.509205528,0.5,6236,37,0.4781,32.6875,34.875,36.09,0,0.02,0.15,0,0,20,0.5,0.104,5.5,50,1000,0.1,0.1,0.1,0.1,0.1,0.1,0.5,0,18150,0.059944904,0.019944904,0,0,0,0,0,0,0,0,0,0,0.44,1.41616261
186418.1,0.455726279,0.5,6236,37,0.5031,32.6875,34.875,36.05,0,0.02,0.15,0,0,20,0.5,0.104,5.5,50,1000,0.1,0.1,0.1,0.1,0.1,0.1,0.5,0,16720,0.060526316,0.020215311,0,0,0,0,0,0,0,0,0,0,0.44,1.41616261
186478.16,0.420203341,0.5,6236,37,0.5328,32.6875,34.875,36.17,0,0,0.25,0,0,20,0.5,0.104,5.5,50,1000,0.1,0.1,0.1,0.1,0.1,0.1,0.5,0,15471,0.061469847,0.020489949,0,0,0,0,0,0,0,0,0,0,5,1.41616261
186538.22,0.445134069,0.5,6236,37,0.19125,33,34.9375,37.13,0,0,0.07,0,0,20,0.5,0.104,5.5,50,1000,0.1,0.1,0.1,0.1,0.1,0.1,0.5,0,15595,0.061558192,0.020391151,0,0,0,0,0,0,0,0,0,0,5,1.41616261
186598.27,0.436035947,0.5,6236,37,0.13835,33,34.875,37.13,0,0,0.07,0,0,20,0.5,0.104,5.5,50,1000,0.1,0.1,0.1,0.1,0.1,0.1,0.5,0,15266,0.062557317,0.020699594,0,0,0,0,0,0,0,0,0,0,5,1.41616261
186658.34,0.44505514,0.5,6236,37,0.15225,33.125,34.875,37.17,0,0,0.07,0,0,20,0.5,0.104,5.5,50,1000,0.1,0.1,0.1,0.1,0.1,0.1,0.5,0,15953,0.061430452,0.020435028,0,0,0,0,0,0,0,0,0,0,5,1.41616261
186718.4,0.461069539,0.5,6236,37,0.14205,33,34.9375,37.05,0,0,0.07,0,0,20,0.5,0.104,5.5,50,1000,0.1,0.1,0.1,0.1,0.1,0.1,0.5,0,16095,0.061571917,0.020379,0,0,0,0,0,0,0,0,0,0,5,1.41616261
186778.46,0.486367795,0.5,6236,37,0.14485,33,34.875,37.19,0,0,0.25,0,0,20,0.5,0.104,5.5,50,1000,0.1,0.1,0.1,0.1,0.1,0.1,0.5,0,16909,0.060500325,0.020107635,0,0,0,0,0,0,0,0,0,0,5,1.41616261
186838.52,0.476871751,0.5,6236,37,0.10375,33,34.9375,37.17,0,0,0.07,0,0,20,0.5,0.104,5.5,50,1000,0.1,0.1,0.1,0.1,0.1,0.1,0.5,0,15644,0.063538737,0.020902582,0,0,0,0,0,0,0,0,0,0,5,1.286201895
186898.59,0.482837997,0.5,6236,37,0.14535,33.1875,34.9375,37.25,0,0,0.07,0,0,20,0.5,0.104,5.5,50,1000,0.1,0.1,0.1,0.1,0.1,0.1,0.5,0,17083,0.060762161,0.020254054,0,0,0,0,0,0,0,0,0,0,5,1.259192595
186958.63,0.498017026,0.5,6236,37,0.10585,33,34.875,37.13,0,0,0.07,0,0,20,0.5,0.104,5.5,50,1000,0.1,0.1,0.1,0.1,0.1,0.1,0.5,0,16779,0.062280231,0.020501818,0,0,0,0,0,0,0,0,0,0,5,1.289092196
187018.72,0.497864195,0.5,6236,37,0.14045,33,34.875,37.27,0,0,0.07,0,0,20,0.5,0.104,5.5,50,1000,0.1,0.1,0.1,0.1,0.1,0.1,0.5,0,17153,0.061738471,0.020229697,0,0,0,0,0,0,0,0,0,0,5,1.223716807
187078.79,0.527192613,0.5,6236,37,0.11885,33,34.8125,37.25,0,0,0,0,0,20,0.5,0.104,5.5,50,1000,0.1,0.1,0.1,0.1,0.1,0.1,0.5,0,15938,0.06475091,0.021207178,0,0,0,0,0,0,0,0,0,0,5,1.334246865
187138.86,0.535433531,0.5,6236,37,0.15225,32.9375,34.875,37.03,0,0,0,0,0,20,0.5,0.104,5.5,50,1000,0.1,0.1,0.1,0.1,0.1,0.1,0.5,0,17960,0.060746102,0.020100223,0,0,0,0,0,0,0,0,0,0,5,1.314066881
187198.93,0.552320298,0.5,6236,37,0.12155,32.875,34.8125,37.03,0,0,0,0,0,20,0.5,0.104,5.5,50,1000,0.1,0.1,0.1,0.1,0.1,0.1,0.5,0,18193,0.060627714,0.02022756,0,0,0,0,0,0,0,0,0,0,5,1.341517645
187259.01,0.567325966,0.5,6236,37,0.18275,32.875,34.875,36.97,0,0.02,0.15,0,0,20,0.5,0.104,5.5,50,1000,0.1,0.1,0.1,0.1,0.1,0.1,0.5,0,18337,0.061024159,0.020232317,0,0,0,0,0,0,0,0,0,0,0.44,1.341517645
187319.08,0.502098259,0.5,6236,37,0.4808,32.75,34.8125,35.85,0,0.02,0.15,0,0,20,0.5,0.104,5.5,50,1000,0.1,0.1,0.1,0.1,0.1,0.1,0.5,0,16519,0.06289727,0.02058236,0,0,0,0,0,0,0,0,0,0,0.44,1.341517645
187379.14,0.450267416,0.5,6236,37,0.513825,32.75,34.75,36.05,0,0.014800257,0.25,0,0,20,0.5,0.104,5.5,50,1000,0.1,0.1,0.1,0.1,0.1,0.1,0.5,0,15555,0.063516554,0.020829315,0,0,0,0,0,0,0,0,0,0,0.44,1.341517645
187439.2,0.428380268,0.5,6236,37,0.445411142,32.75,34.75,36.41,0,0,0.07,0,0,20,0.5,0.104,5.5,50,1000,0.1,0.1,0.1,0.1,0.1,0.1,0.5,0,16352,0.059625734,0.019997554,0,0,0,0,0,0,0,0,0,0,5,1.341517645
187499.27,0.432810705,0.5,6236,37,0.18505,32.875,34.8125,37.27,0,0,0.07,0,0,20,0.5,0.104,5.5,50,1000,0.1,0.1,0.1,0.1,0.1,0.1,0.5,0,14978,0.062959007,0.020763787,0,0,0,0,0,0,0,0,0,0,5,1.341517645
187559.34,0.444204267,0.5,6236,37,0.15455,33,34.75,37.17,0,0,0.07,0,0,20,0.5,0.104,5.5,50,1000,0.1,0.1,0.1,0.1,0.1,0.1,0.5,0,14676,0.064186427,0.020986645,0,0,0,0,0,0,0,0,0,0,5,1.341517645
187619.41,0.463307413,0.5,6236,37,0.10105,32.9375,34.75,37.25,0,0,0.07,0,0,20,0.5,0.104,5.5,50,1000,0.1,0.1,0.1,0.1,0.1,0.1,0.5,0,16154,0.060913706,0.020304569,0,0,0,0,0,0,0,0,0,0,5,1.341517645
187679.44,0.465789276,0.5,6236,37,0.13875,32.9375,34.75,37.29,0,0,0.25,0,0,20,0.5,0.104,5.5,50,1000,0.1,0.1,0.1,0.1,0.1,0.1,0.5,0,15617,0.062944227,0.020618557,0,0,0,0,0,0,0,0,0,0,5,1.341517645
187739.48,0.471859624,0.5,6236,37,0.18155,32.8125,34.8125,37.35,0,0,0.07,0,0,20,0.5,0.104,5.5,50,1000,0.1,0.1,0.1,0.1,0.1,0.1,0.5,0,16155,0.062147942,0.020550913,0,0,0,0,0,0,0,0,0,0,5,1.341517645
187799.53,0.480964164,0.5,6236,37,0.16615,33,34.8125,37.25,0,0,0.07,0,0,20,0.5,0.104,5.5,50,1000,0.1,0.1,0.1,0.1,0.1,0.1,0.5,0,15648,0.063650307,0.021216769,0,0,0,0,0,0,0,0,0,0,5,1.331775448
187859.6,0.504187892,0.5,6236,37,0.12865,33,34.75,37.25,0,0,0.07,0,0,20,0.5,0.104,5.5,50,1000,0.1,0.1,0.1,0.1,0.1,0.1,0.5,0,16528,0.062257986,0.020510649,0,0,0,0,0,0,0,0,0,0,5,1.406655386
187919.66,0.522384864,0.5,6236,37,0.11055,33.125,34.75,37.35,0,0,0.07,0,0,20,0.5,0.104,5.5,50,1000,0.1,0.1,0.1,0.1,0.1,0.1,0.5,0,15906,0.063938137,0.020998365,0,0,0,0,0,0,0,0,0,0,5,1.442689424
187979.72,0.518005059,0.5,6236,37,0.17245,32.9375,34.75,37.09,0,0,0.25,0,0,20,0.5,0.104,5.5,50,1000,0.1,0.1,0.1,0.1,0.1,0.1,0.5,0,17445,0.06122098,0.020235024,0,0,0,0,0,0,0,0,0,0,5,1.345296171
188039.75,0.526062934,0.5,6236,37,0.17685,32.8125,34.8125,37.11,0,0,0,0,0,20,0.5,0.104,5.5,50,1000,0.1,0.1,0.1,0.1,0.1,0.1,0.5,0,19124,0.058565154,0.019765739,0,0,0,0,0,0,0,0,0,0,5,1.32433889
188099.8,0.525885699,0.5,6236,37,0.11615,33,34.8125,37.05,0,0,0,0,0,20,0.5,0.104,5.5,50,1000,0.1,0.1,0.1,0.1,0.1,0.1,0.5,0,16934,0.063127436,0.020786583,0,0,0,0,0,0,0,0,0,0,5,1.257111054
188159.85,0.52350534,0.5,6236,37,0.12835,32.9375,34.8125,36.73,0,0,0,0,0,20,0.5,0.104,5.5,50,1000,0.1,0.1,0.1,0.1,0.1,0.1,0.5,0,17858,0.061485049,0.020271027,0,0,0,0,0,0,0,0,0,0,5,1.180645533
188219.91,0.569362123,0.5,6236,37,0.14265,32.875,34.875,36.97,0,0,0,0,0,20,0.5,0.104,5.5,50,1000,0.1,0.1,0.1,0.1,0.1,0.1,0.5,0,18734,0.060371517,0.02007046,0,0,0,0,0,0,0,0,0,0,5,1.373521518
188279.95,0.546153106,0.5,6236,37,0.19415,32.9375,34.8125,36.95,0,0.02,0.25,0,0,20,0.5,0.104,5.5,50,1000,0.1,0.1,0.1,0.1,0.1,0.1,0.5,0,17064,0.064287389,0.021038444,0,0,0,0,0,0,0,0,0,0,0.44,1.373521518
188340.01,0.531744767,0.5,6236,37,0.449725,32.6875,34.8125,36.31,0,0.02,0.15,0,0,20,0.5,0.104,5.5,50,1000,0.1,0.1,0.1,0.1,0.1,0.1,0.5,0,16626,0.064296884,0.020690485,0,0,0,0,0,0,0,0,0,0,0.44,1.373521518
188400.08,0.485478602,0.5,6236,37,0.495725,32.5625,34.875,36.17,0,0.02,0.15,0,0,20,0.5,0.104,5.5,50,1000,0.1,0.1,0.1,0.1,0.1,0.1,0.5,0,16636,0.061853811,0.020437605,0,0,0,0,0,0,0,0,0,0,0.44,1.373521518
188460.12,0.435237771,0.5,6236,37,0.5084,32.75,34.875,36.39,0,0,0.07,0,0,20,0.5,0.104,5.5,50,1000,0.1,0.1,0.1,0.1,0.1,0.1,0.5,0,15986,0.060928312,0.020267734,0,0,0,0,0,0,0,0,0,0,5,1.373521518
188520.18,0.440182724,0.5,6236,37,0.20465,32.8125,34.875,37.09,0,0,0.07,0,0,20,0.5,0.104,5.5,50,1000,0.1,0.1,0.1,0.1,0.1,0.1,0.5,0,16720,0.059270335,0.019856459,0,0,0,0,0,0,0,0,0,0,5,1.373521518
188580.23,0.462558608,0.5,6236,37,0.16035,33,34.875,37.43,0,0,0.25,0,0,20,0.5,0.104,5.5,50,1000,0.1,0.1,0.1,0.1,0.1,0.1,0.5,0,16073,0.061096248,0.020344677,0,0,0,0,0,0,0,0,0,0,5,1.373521518
188640.29,0.481104658,0.5,6236,37,0.17925,33.0625,34.875,37.13,0,0,0.07,0,0,20,0.5,0.104,5.5,50,1000,0.1,0.1,0.1,0.1,0.1,0.1,0.5,0,16964,0.06006838,0.020042443,0,0,0,0,0,0,0,0,0,0,5,1.373521518
188700.36,0.477764902,0.5,6236,37,0.10845,33,34.9375,37.43,0,0,0.07,0,0,20,0.5,0.104,5.5,50,1000,0.1,0.1,0.1,0.1,0.1,0.1,0.5,0,16151,0.062534828,0.020556003,0,0,0,0,0,0,0,0,0,0,5,1.373521518
188760.42,0.471646495,0.5,6236,37,0.14125,33.1875,34.875,37.25,0,0,0.07,0,0,20,0.5,0.104,5.5,50,1000,0.1,0.1,0.1,0.1,0.1,0.1,0.5,0,16934,0.060647219,0.020255108,0,0,0,0,0,0,0,0,0,0,5,1.373521518
188820.5,0.497886516,0.5,6236,37,0.15665,33,34.9375,37.11,0,0,0.07,0,0,20,0.5,0.104,5.5,50,1000,0.1,0.1,0.1,0.1,0.1,0.1,0.5,0,17943,0.059187427,0.019840606,0,0,0,0,0,0,0,0,0,0,5,1.467272692
188880.57,0.505030213,0.5,6236,37,0.12325,33.125,34.9375,37.29,0,0,0.25,0,0,20,0.5,0.104,5.5,50,1000,0.1,0.1,0.1,0.1,0.1,0.1,0.5,0,17266,0.061392332,0.020271053,0,0,0,0,0,0,0,0,0,0,5,1.436647312
188940.62,0.517577648,0.5,6236,37,0.11485,33.0625,34.875,37.17,0,0,0.07,0,0,20,0.5,0.104,5.5,50,1000,0.1,0.1,0.1,0.1,0.1,0.1,0.5,0,17080,0.062119438,0.020608899,0,0,0,0,0,0,0,0,0,0,5,1.438438854
189000.68,0.527367173,0.5,6236,37,0.15155,33,34.9375,37.11,0,0,0.07,0,0,20,0.5,0.104,5.5,50,1000,0.1,0.1,0.1,0.1,0.1,0.1,0.5,0,17704,0.061568007,0.020390872,0,0,0,0,0,0,0,0,0,0,5,1.42272932
189060.79,0.530636033,0.5,6236,37,0.12555,33,34.875,37.17,0,0,0,0,0,20,0.5,0.104,5.5,50,1000,0.1,0.1,0.1,0.1,0.1,0.1,0.5,0,16425,0.064961948,0.021187215,0,0,0,0,0,0,0,0,0,0,5,1.370130815
189120.85,0.559832953,0.5,6236,37,0.12515,32.9375,34.875,37.17,0,0,0,0,0,20,0.5,0.104,5.5,50,1000,0.1,0.1,0.1,0.1,0.1,0.1,0.5,0,17122,0.063135148,0.020733559,0,0,0,0,0,0,0,0,0,0,5,1.462310549
189180.91,0.556709069,0.5,6236,37,0.15745,32.875,34.9375,37.05,0,0.02,0.25,0,0,20,0.5,0.104,5.5,50,1000,0.1,0.1,0.1,0.1,0.1,0.1,0.5,0,17020,0.063983549,0.020857814,0,0,0,0,0,0,0,0,0,0,0.44,1.462310549
189240.96,0.504252405,0.5,6236,37,0.459275,32.625,34.875,36.21,0,0.02,0.15,0,0,20,0.5,0.104,5.5,50,1000,0.1,0.1,0.1,0.1,0.1,0.1,0.5,0,17731,0.060684677,0.02007783,0,0,0,0,0,0,0,0,0,0,0.44,1.462310549
189301,0.469897353,0.5,6236,37,0.5209,32.75,34.9375,35.93,0,0.019433754,0.147735014,0,0,20,0.5,0.104,5.5,50,1000,0.1,0.1,0.1,0.1,0.1,0.1,0.5,0,15587,0.063257843,0.020979021,0,0,0,0,0,0,0,0,0,0,0.44,1.462310549
189361.06,0.414130283,0.5,6236,37,0.539158566,32.75,34.9375,36.13,0,0,0.07,0,0,20,0.5,0.104,5.5,50,1000,0.1,0.1,0.1,0.1,0.1,0.1,0.5,0,15712,0.060526986,0.020175662,0,0,0,0,0,0,0,0,0,0,5,1.462310549
189421.14,0.432758572,0.5,6236,37,0.24705,33,34.9375,37.11,0,0,0.07,0,0,20,0.5,0.104,5.5,50,1000,0.1,0.1,0.1,0.1,0.1,0.1,0.5,0,16365,0.059150626,0.019859456,0,0,0,0,0,0,0,0,0,0,5,1.462310549
189481.18,0.462200348,0.5,6236,37,0.16625,33.0625,34.9375,37.41,0,0,0.25,0,0,20,0.5,0.104,5.5,50,1000,0.1,0.1,0.1,0.1,0.1,0.1,0.5,0,15334,0.062019043,0.020477371,0,0,0,0,0,0,0,0,0,0,5,1.462310549
189541.23,0.435121906,0.5,6236,37,0.09865,33.1875,34.875,37.49,0,0,0.07,0,0,20,0.5,0.104,5.5,50,1000,0.1,0.1,0.1,0.1,0.1,0.1,0.5,0,15857,0.061234786,0.020306489,0,0,0,0,0,0,0,0,0,0,5,1.462310549
189601.26,0.46189889,0.5,6236,37,0.14515,33.25,34.9375,37.43,0,0,0.07,0,0,20,0.5,0.104,5.5,50,1000,0.1,0.1,0.1,0.1,0.1,0.1,0.5,0,15154,0.063481589,0.02085258,0,0,0,0,0,0,0,0,0,0,5,1.462310549
189661.32,0.474010915,0.5,6236,37,0.10575,33.125,34.8125,37.25,0,0,0.07,0,0,20,0.5,0.104,5.5,50,1000,0.1,0.1,0.1,0.1,0.1,0.1,0.5,0,15777,0.062242505,0.020536224,0,0,0,0,0,0,0,0,0,0,5,1.462310549
189721.4,0.461631367,0.5,6236,37,0.13585,33.125,34.875,37.21,0,0,0.07,0,0,20,0.5,0.104,5.5,50,1000,0.1,0.1,0.1,0.1,0.1,0.1,0.5,0,16483,0.061275253,0.02032397,0,0,0,0,0,0,0,0,0,0,5,1.309803971
189781.46,0.49116457,0.5,6236,37,0.14835,33.125,34.8125,37.11,0,0,0.25,0,0,20,0.5,0.104,5.5,50,1000,0.1,0.1,0.1,0.1,0.1,0.1,0.5,0,16199,0.062102599,0.020556824,0,0,0,0,0,0,0,0,0,0,5,1.430351514
189841.51,0.492227099,0.5,6236,37,0.13025,33,34.8125,37.17,0,0,0.07,0,0,20,0.5,0.104,5.5,50,1000,0.1,0.1,0.1,0.1,0.1,0.1,0.5,0,16198,0.062970737,0.020681566,0,0,0,0,0,0,0,0,0,0,5,1.365316782
189901.57,0.516267334,0.5,6236,37,0.12215,32.9375,34.8125,37.05,0,0,0.07,0,0,20,0.5,0.104,5.5,50,1000,0.1,0.1,0.1,0.1,0.1,0.1,0.5,0,17889,0.059533792,0.019900498,0,0,0,0,0,0,0,0,0,0,5,1.440104521
189961.62,0.500506995,0.5,6236,37,0.19095,32.875,34.8125,37.13,0,0,0,0,0,20,0.5,0.104,5.5,50,1000,0.1,0.1,0.1,0.1,0.1,0.1,0.5,0,17337,0.061486993,0.020303397,0,0,0,0,0,0,0,0,0,0,5,1.275089858
190021.67,0.521272304,0.5,6236,37,0.17175,32.875,34.8125,37.05,0,0,0,0,0,20,0.5,0.104,5.5,50,1000,0.1,0.1,0.1,0.1,0.1,0.1,0.5,0,17429,0.061391933,0.020196225,0,0,0,0,0,0,0,0,0,0,5,1.333288329
190081.74,0.547142896,0.5,6236,37,0.14315,32.875,34.875,37.01,0,0,0,0,0,20,0.5,0.104,5.5,50,1000,0.1,0.1,0.1,0.1,0.1,0.1,0.5,0,17884,0.061116081,0.020185641,0,0,0,0,0,0,0,0,0,0,5,1.411936237
190141.77,0.559653446,0.5,6236,37,0.16455,32.875,34.875,37.01,0,0.02,0.15,0,0,20,0.5,0.104,5.5,50,1000,0.1,0.1,0.1,0.1,0.1,0.1,0.5,0,17014,0.063359586,0.020806395,0,0,0,0,0,0,0,0,0,0,0.44,1.411936237
190201.8,0.5228335,0.5,6236,37,0.3986,32.75,34.9375,36.39,0,0.02,0.15,0,0,20,0.5,0.104,5.5,50,1000,0.1,0.1,0.1,0.1,0.1,0.1,0.5,0,17164,0.062398042,0.020449779,0,0,0,0,0,0,0,0,0,0,0.44,1.411936237
190261.85,0.497300769,0.5,6236,37,0.417375,32.6875,34.875,36.53,0,0.02,0.15,0,0,20,0.5,0.104,5.5,50,1000,0.1,0.1,0.1,0.1,0.1,0.1,0.5,0,16147,0.062674181,0.020746888,0,0,0,0,0,0,0,0,0,0,0.44,1.411936237
190321.91,0.440825254,0.5,6236,37,0.4964,32.6875,34.875,36.29,0,0,0.07,0,0,20,0.5,0.104,5.5,50,1000,0.1,0.1,0.1,0.1,0.1,0.1,0.5,0,15218,0.063148903,0.02063346,0,0,0,0,0,0,0,0,0,0,5,1.411936237
190381.98,0.454511893,0.5,6236,37,0.23205,33,34.875,37.05,0,0,0.25,0,0,20,0.5,0.104,5.5,50,1000,0.1,0.1,0.1,0.1,0.1,0.1,0.5,0,16493,0.060086097,0.019887225,0,0,0,0,0,0,0,0,0,0,5,1.411936237
190442.02,0.470641874,0.5,6236,37,0.14715,33.0625,34.875,37.35,0,0,0.07,0,0,20,0.5,0.104,5.5,50,1000,0.1,0.1,0.1,0.1,0.1,0.1,0.5,0,16783,0.06012036,0.01990109,0,0,0,0,0,0,0,0,0,0,5,1.411936237
190502.06,0.476456813,0.5,6236,37,0.15135,33.1875,34.9375,37.27,0,0,0.07,0,0,20,0.5,0.104,5.5,50,1000,0.1,0.1,0.1,0.1,0.1,0.1,0.5,0,17803,0.058023929,0.019547267,0,0,0,0,0,0,0,0,0,0,5,1.411936237
190562.11,0.489728184,0.5,6236,37,0.08255,33.1875,34.9375,37.13,0,0,0.07,0,0,20,0.5,0.104,5.5,50,1000,0.1,0.1,0.1,0.1,0.1,0.1,0.5,0,16042,0.062959731,0.02075801,0,0,0,0,0,0,0,0,0,0,5,1.411936237
190622.18,0.497536485,0.5,6236,37,0.12445,33.1875,34.875,37.17,0,0,0.07,0,0,20,0.5,0.104,5.5,50,1000,0.1,0.1,0.1,0.1,0.1,0.1,0.5,0,19042,0.05708434,0.019273186,0,0,0,0,0,0,0,0,0,0,5,1.411936237
190682.25,0.513079282,0.5,6236,37,0.13575,33.0625,34.875,37.05,0,0,0.25,0,0,20,0.5,0.104,5.5,50,1000,0.1,0.1,0.1,0.1,0.1,0.1,0.5,0,15782,0.064377139,0.020973261,0,0,0,0,0,0,0,0,0,0,5,1.433623889
190742.3,0.544020765,0.5,6236,37,0.15745,32.9375,34.875,36.95,0,0,0.07,0,0,20,0.5,0.104,5.5,50,1000,0.1,0.1,0.1,0.1,0.1,0.1,0.5,0,17302,0.061264594,0.020344469,0,0,0,0,0,0,0,0,0,0,5,1.537613813
190802.33,0.531294414,0.5,6236,37,0.16855,33,34.8125,37.11,0,0,0.07,0,0,20,0.5,0.104,5.5,50,1000,0.1,0.1,0.1,0.1,0.1,0.1,0.5,0,17799,0.060846115,0.020169672,0,0,0,0,0,0,0,0,0,0,5,1.389719829
190862.41,0.522399355,0.5,6236,37,0.17145,33,34.8125,37.19,0,0,0.07,0,0,20,0.5,0.104,5.5,50,1000,0.1,0.1,0.1,0.1,0.1,0.1,0.5,0,18055,0.060703406,0.020049848,0,0,0,0,0,0,0,0,0,0,5,1.269581906
190922.47,0.530986197,0.5,6236,37,0.15225,32.9375,34.8125,37.03,0,0,0,0,0,20,0.5,0.104,5.5,50,1000,0.1,0.1,0.1,0.1,0.1,0.1,0.5,0,17602,0.06186797,0.020509033,0,0,0,0,0,0,0,0,0,0,5,1.25501386
190982.54,0.569754685,0.5,6236,37,0.10005,32.875,34.8125,37.05,0,0,0,0,0,20,0.5,0.104,5.5,50,1000,0.1,0.1,0.1,0.1,0.1,0.1,0.5,0,17972,0.061762742,0.020420654,0,0,0,0,0,0,0,0,0,0,5,1.40367276
191042.61,0.579085587,0.5,6236,37,0.17385,32.6875,34.75,36.93,0,0.02,0.15,0,0,20,0.5,0.104,5.5,50,1000,0.1,0.1,0.1,0.1,0.1,0.1,0.5,0,17558,0.062877321,0.020731291,0,0,0,0,0,0,0,0,0,0,0.44,1.40367276
191102.65,0.533273781,0.5,6236,37,0.45525,32.625,34.8125,36.29,0,0.02,0.15,0,0,20,0.5,0.104,5.5,50,1000,0.1,0.1,0.1,0.1,0.1,0.1,0.5,0,16687,0.063462576,0.020854557,0,0,0,0,0,0,0,0,0,0,0.44,1.40367276
191162.69,0.467305059,0.5,6236,37,0.508825,32.5625,34.875,36.23,0,0.02,0.15,0,0,20,0.5,0.104,5.5,50,1000,0.1,0.1,0.1,0.1,0.1,0.1,0.5,0,17703,0.059311981,0.019883636,0,0,0,0,0,0,0,0,0,0,0.44,1.40367276
191222.75,0.437884912,0.5,6236,37,0.5773,32.6875,34.8125,36.07,0,0,0.07,0,0,20,0.5,0.104,5.5,50,1000,0.1,0.1,0.1,0.1,0.1,0.1,0.5,0,16571,0.059561885,0.019914308,0,0,0,0,0,0,0,0,0,0,5,1.40367276
191282.82,0.450308193,0.5,6236,37,0.24225,32.875,34.875,37.11,0,0,0.25,0,0,20,0.5,0.104,5.5,50,1000,0.1,0.1,0.1,0.1,0.1,0.1,0.5,0,15453,0.062317997,0.020643241,0,0,0,0,0,0,0,0,0,0,5,1.40367276
191342.91,0.458355129,0.5,6236,37,0.16025,33.125,34.875,37.33,0,0,0.07,0,0,20,0.5,0.104,5.5,50,1000,0.1,0.1,0.1,0.1,0.1,0.1,0.5,0,16023,0.06134931,0.020470574,0,0,0,0,0,0,0,0,0,0,5,1.40367276
191402.95,0.487765171,0.5,6236,37,0.13115,33.0625,34.8125,37.29,0,0,0.07,0,0,20,0.5,0.104,5.5,50,1000,0.1,0.1,0.1,0.1,0.1,0.1,0.5,0,16781,0.059769978,0.019963053,0,0,0,0,0,0,0,0,0,0,5,1.40367276
191462.98,0.471941575,0.5,6236,37,0.12325,33,34.875,37.49,0,0,0.07,0,0,20,0.5,0.104,5.5,50,1000,0.1,0.1,0.1,0.1,0.1,0.1,0.5,0,17394,0.059445786,0.019834426,0,0,0,0,0,0,0,0,0,0,5,1.40367276
191523.04,0.489069414,0.5,6236,37,0.11275,33.0625,34.8125,37.21,0,0,0.07,0,0,20,0.5,0.104,5.5,50,1000,0.1,0.1,0.1,0.1,0.1,0.1,0.5,0,16663,0.061213467,0.020404489,0,0,0,0,0,0,0,0,0,0,5,1.40367276
191583.08,0.492291887,0.5,6236,37,0.17645,33.125,34.8125,37.35,0,0,0.25,0,0,20,0.5,0.104,5.5,50,1000,0.1,0.1,0.1,0.1,0.1,0.1,0.5,0,16660,0.061584634,0.020348139,0,0,0,0,0,0,0,0,0,0,5,1.353191258
191643.15,0.515150461,0.5,6236,37,0.13835,33,34.875,37.29,0,0,0.07,0,0,20,0.5,0.104,5.5,50,1000,0.1,0.1,0.1,0.1,0.1,0.1,0.5,0,18670,0.057846813,0.019496518,0,0,0,0,0,0,0,0,0,0,5,1.421693315
191703.22,0.521049411,0.5,6236,37,0.12145,33.0625,34.875,37.25,0,0,0.07,0,0,20,0.5,0.104,5.5,50,1000,0.1,0.1,0.1,0.1,0.1,0.1,0.5,0,18553,0.058804506,0.019727268,0,0,0,0,0,0,0,0,0,0,5,1.384766236
191763.29,0.524507807,0.5,6236,37,0.14335,33,34.875,37.05,0,0,0.07,0,0,20,0.5,0.104,5.5,50,1000,0.1,0.1,0.1,0.1,0.1,0.1,0.5,0,17903,0.060883651,0.020164218,0,0,0,0,0,0,0,0,0,0,5,1.33537423
191823.35,0.533950961,0.5,6236,37,0.11345,32.8125,34.875,37.01,0,0,0,0,0,20,0.5,0.104,5.5,50,1000,0.1,0.1,0.1,0.1,0.1,0.1,0.5,0,17989,0.061204069,0.020123409,0,0,0,0,0,0,0,0,0,0,5,1.322136585
191883.38,0.571524673,0.5,6236,37,0.15015,33,34.8125,36.95,0,0,0,0,0,20,0.5,0.104,5.5,50,1000,0.1,0.1,0.1,0.1,0.1,0.1,0.5,0,17533,0.062111447,0.020589745,0,0,0,0,0,0,0,0,0,0,5,1.460040719
191943.45,0.574310929,0.5,6236,37,0.15805,32.9375,34.875,36.77,0,0.02,0.15,0,0,20,0.5,0.104,5.5,50,1000,0.1,0.1,0.1,0.1,0.1,0.1,0.5,0,18002,0.06215976,0.020442173,0,0,0,0,0,0,0,0,0,0,0.44,1.460040719
192003.49,0.492169473,0.5,6236,37,0.4738,32.6875,34.875,36.15,0,0.02,0.15,0,0,20,0.5,0.104,5.5,50,1000,0.1,0.1,0.1,0.1,0.1,0.1,0.5,0,17847,0.060122149,0.020059394,0,0,0,0,0,0,0,0,0,0,0.44,1.460040719
192063.54,0.44692729,0.5,6236,37,0.5243,32.625,34.9375,35.99,0,0,0.07,0,0,20,0.5,0.104,5.5,50,1000,0.1,0.1,0.1,0.1,0.1,0.1,0.5,0,15874,0.062933098,0.020725715,0,0,0,0,0,0,0,0,0,0,5,1.460040719
192123.6,0.47348704,0.5,6236,37,0.27055,32.8125,34.875,37.03,0,0,0.07,0,0,20,0.5,0.104,5.5,50,1000,0.1,0.1,0.1,0.1,0.1,0.1,0.5,0,16439,0.06143926,0.020317538,0,0,0,0,0,0,0,0,0,0,5,1.460040719
192183.64,0.489121659,0.5,6236,37,0.11975,33,34.875,37.25,0,0,0.25,0,0,20,0.5,0.104,5.5,50,1000,0.1,0.1,0.1,0.1,0.1,0.1,0.5,0,15994,0.062711017,0.020757784,0,0,0,0,0,0,0,0,0,0,5,1.460040719
192243.69,0.50899221,0.5,6236,37,0.22055,33,34.9375,37.27,0,0,0.07,0,0,20,0.5,0.104,5.5,50,1000,0.1,0.1,0.1,0.1,0.1,0.1,0.5,0,16745,0.061749776,0.020424007,0,0,0,0,0,0,0,0,0,0,5,1.460040719
192303.75,0.501568857,0.5,6236,37,0.08495,33,34.9375,37.35,0,0,0.07,0,0,20,0.5,0.104,5.5,50,1000,0.1,0.1,0.1,0.1,0.1,0.1,0.5,0,16361,0.06252674,0.020597763,0,0,0,0,0,0,0,0,0,0,5,1.460040719
192363.78,0.516949032,0.5,6236,37,0.14805,33,34.9375,37.33,0,0,0.07,0,0,20,0.5,0.104,5.5,50,1000,0.1,0.1,0.1,0.1,0.1,0.1,0.5,0,16879,0.061911251,0.0204396,0,0,0,0,0,0,0,0,0,0,5,1.460040719
192423.82,0.542706946,0.5,6236,37,0.14465,33.0625,34.875,37.21,0,0,0.07,0,0,20,0.5,0.104,5.5,50,1000,0.1,0.1,0.1,0.1,0.1,0.1,0.5,0,16822,0.062418262,0.020508857,0,0,0,0,0,0,0,0,0,0,5,1.532914263
192483.9,0.54580668,0.5,6236,37,0.13685,33,34.8125,37.03,0,0.02,0.25,0,0,20,0.5,0.104,5.5,50,1000,0.1,0.1,0.1,0.1,0.1,0.1,0.5,0,16638,0.063469167,0.020795769,0,0,0,0,0,0,0,0,0,0,0.44,1.532914263
192543.94,0.480904136,0.5,6236,37,0.513425,32.75,34.8125,36.13,0,0.016168243,0.13467297,0,0,20,0.5,0.104,5.5,50,1000,0.1,0.1,0.1,0.1,0.1,0.1,0.5,0,17058,0.060851214,0.020225114,0,0,0,0,0,0,0,0,0,0,0.44,1.532914263
192603.99,0.458880577,0.5,6236,37,0.553436852,32.6875,34.8125,36.21,0,0,0.07,0,0,20,0.5,0.104,5.5,50,1000,0.1,0.1,0.1,0.1,0.1,0.1,0.5,0,16200,0.060432099,0.020123457,0,0,0,0,0,0,0,0,0,0,5,1.532914263
192664.06,0.468549826,0.5,6236,37,0.18455,32.875,34.8125,37.19,0,0,0.07,0,0,20,0.5,0.104,5.5,50,1000,0.1,0.1,0.1,0.1,0.1,0.1,0.5,0,16050,0.060685358,0.020311526,0,0,0,0,0,0,0,0,0,0,5,1.532914263
192724.13,0.484794428,0.5,6236,37,0.14465,33,34.875,37.29,0,0,0.07,0,0,20,0.5,0.104,5.5,50,1000,0.1,0.1,0.1,0.1,0.1,0.1,0.5,0,16376,0.060332193,0.020090376,0,0,0,0,0,0,0,0,0,0,5,1.532914263
192784.17,0.494733065,0.5,6236,37,0.13265,32.9375,34.8125,37.45,0,0,0.25,0,0,20,0.5,0.104,5.5,50,1000,0.1,0.1,0.1,0.1,0.1,0.1,0.5,0,15889,0.062307257,0.020580276,0,0,0,0,0,0,0,0,0,0,5,1.532914263
192844.21,0.493224477,0.5,6236,37,0.13095,33,34.875,37.17,0,0,0.07,0,0,20,0.5,0.104,5.5,50,1000,0.1,0.1,0.1,0.1,0.1,0.1,0.5,0,17385,0.059246477,0.01961461,0,0,0,0,0,0,0,0,0,0,5,1.532914263
192904.26,0.503021119,0.5,6236,37,0.20355,33.0625,34.8125,37.13,0,0,0.07,0,0,20,0.5,0.104,5.5,50,1000,0.1,0.1,0.1,0.1,0.1,0.1,0.5,0,16752,0.061246418,0.020475167,0,0,0,0,0,0,0,0,0,0,5,1.532914263
192964.3,0.547288385,0.5,6236,37,0.09335,32.9375,34.875,37.21,0,0,0.07,0,0,20,0.5,0.104,5.5,50,1000,0.1,0.1,0.1,0.1,0.1,0.1,0.5,0,16791,0.061759276,0.020129831,0,0,0,0,0,0,0,0,0,0,5,1.709299711
193024.32,0.53010998,0.5,6236,37,0.12285,33,34.875,37.19,0,0,0.07,0,0,20,0.5,0.104,5.5,50,1000,0.1,0.1,0.1,0.1,0.1,0.1,0.5,0,16651,0.062278542,0.020539307,0,0,0,0,0,0,0,0,0,0,5,1.528160582
193084.37,0.521451881,0.5,6236,37,0.15095,32.9375,34.875,37.11,0,0,0.25,0,0,20,0.5,0.104,5.5,50,1000,0.1,0.1,0.1,0.1,0.1,0.1,0.5,0,16172,0.064246846,0.021023992,0,0,0,0,0,0,0,0,0,0,5,1.402350069
193144.41,0.557177272,0.5,6236,37,0.16735,32.9375,34.875,37.05,0,0,0.07,0,0,20,0.5,0.104,5.5,50,1000,0.1,0.1,0.1,0.1,0.1,0.1,0.5,0,17211,0.062518157,0.020568241,0,0,0,0,0,0,0,0,0,0,5,1.531031917
193204.46,0.543924061,0.5,6236,37,0.16785,32.8125,34.8125,37.05,0,0.02,0.15,0,0,20,0.5,0.104,5.5,50,1000,0.1,0.1,0.1,0.1,0.1,0.1,0.5,0,18350,0.060217984,0.020163488,0,0,0,0,0,0,0,0,0,0,0.44,1.531031917
193264.52,0.509783222,0.5,6236,37,0.517325,32.75,34.8125,36.13,0,0.02,0.15,0,0,20,0.5,0.104,5.5,50,1000,0.1,0.1,0.1,0.1,0.1,0.1,0.5,0,16845,0.061976848,0.020480855,0,0,0,0,0,0,0,0,0,0,0.44,1.531031917
193324.57,0.476392897,0.5,6236,37,0.529425,32.625,34.875,36.17,0,0.02,0.15,0,0,20,0.5,0.104,5.5,50,1000,0.1,0.1,0.1,0.1,0.1,0.1,0.5,0,17395,0.058695027,0.019833285,0,0,0,0,0,0,0,0,0,0,0.44,1.531031917
193384.63,0.448648949,0.5,6236,37,0.5636,32.75,34.875,36.17,0,0,0.25,0,0,20,0.5,0.104,5.5,50,1000,0.1,0.1,0.1,0.1,0.1,0.1,0.5,0,16149,0.058331785,0.019691622,0,0,0,0,0,0,0,0,0,0,5,1.531031917
193444.69,0.433589175,0.5,6236,37,0.22085,32.9375,34.875,37.03,0,0,0.07,0,0,20,0.5,0.104,5.5,50,1000,0.1,0.1,0.1,0.1,0.1,0.1,0.5,0,16723,0.057465766,0.019434312,0,0,0,0,0,0,0,0,0,0,5,1.531031917
193504.76,0.45194206,0.5,6236,37,0.09905,32.9375,34.875,37.45,0,0,0.07,0,0,20,0.5,0.104,5.5,50,1000,0.1,0.1,0.1,0.1,0.1,0.1,0.5,0,15846,0.060141361,0.020005049,0,0,0,0,0,0,0,0,0,0,5,1.531031917
193564.81,0.448904173,0.5,6236,37,0.10705,33,34.8125,37.41,0,0,0.07,0,0,20,0.5,0.104,5.5,50,1000,0.1,0.1,0.1,0.1,0.1,0.1,0.5,0,16023,0.060288336,0.020096112,0,0,0,0,0,0,0,0,0,0,5,1.531031917
193624.88,0.476774464,0.5,6236,37,0.14595,32.875,34.875,37.37,0,0,0.07,0,0,20,0.5,0.104,5.5,50,1000,0.1,0.1,0.1,0.1,0.1,0.1,0.5,0,16696,0.058936272,0.019825108,0,0,0,0,0,0,0,0,0,0,5,1.531031917
193684.95,0.473706743,0.5,6236,37,0.12755,33.125,34.875,37.27,0,0,0.25,0,0,20,0.5,0.104,5.5,50,1000,0.1,0.1,0.1,0.1,0.1,0.1,0.5,0,17456,0.058031622,0.019592117,0,0,0,0,0,0,0,0,0,0,5,1.531031917
193745.05,0.497931349,0.5,6236,37,0.13915,32.9375,34.9375,37.43,0,0,0.07,0,0,20,0.5,0.104,5.5,50,1000,0.1,0.1,0.1,0.1,0.1,0.1,0.5,0,16969,0.058989923,0.019741882,0,0,0,0,0,0,0,0,0,0,5,1.604101632
193805.12,0.49057433,0.5,6236,37,0.11045,32.9375,34.9375,37.35,0,0,0.07,0,0,20,0.5,0.104,5.5,50,1000,0.1,0.1,0.1,0.1,0.1,0.1,0.5,0,16578,0.060682833,0.020207504,0,0,0,0,0,0,0,0,0,0,5,1.479240328
193865.19,0.507065318,0.5,6236,37,0.12615,32.9375,34.9375,37.33,0,0,0.07,0,0,20,0.5,0.104,5.5,50,1000,0.1,0.1,0.1,0.1,0.1,0.1,0.5,0,18006,0.057925136,0.019549039,0,0,0,0,0,0,0,0,0,0,5,1.50446737
193925.26,0.50479235,0.5,6236,37,0.14165,32.9375,34.9375,37.21,0,0,0.07,0,0,20,0.5,0.104,5.5,50,1000,0.1,0.1,0.1,0.1,0.1,0.1,0.5,0,16574,0.061421504,0.020393387,0,0,0,0,0,0,0,0,0,0,5,1.415765991
193985.31,0.508654661,0.5,6236,37,0.14005,33,34.875,37.21,0,0,0,0,0,20,0.5,0.104,5.5,50,1000,0.1,0.1,0.1,0.1,0.1,0.1,0.5,0,16269,0.062818858,0.020714242,0,0,0,0,0,0,0,0,0,0,5,1.367844186
194045.38,0.518659889,0.5,6236,37,0.11345,32.875,34.875,37.25,0,0,0,0,0,20,0.5,0.104,5.5,50,1000,0.1,0.1,0.1,0.1,0.1,0.1,0.5,0,18179,0.059079157,0.019858078,0,0,0,0,0,0,0,0,0,0,5,1.35788906
194105.44,0.545967634,0.5,6236,37,0.20135,32.8125,34.9375,36.89,0,0,0,0,0,20,0.5,0.104,5.5,50,1000,0.1,0.1,0.1,0.1,0.1,0.1,0.5,0,17703,0.060215783,0.020053098,0,0,0,0,0,0,0,0,0,0,5,1.443928644
194165.5,0.54065394,0.5,6236,37,0.16745,32.9375,34.9375,37.01,0,0.02,0.15,0,0,20,0.5,0.104,5.5,50,1000,0.1,0.1,0.1,0.1,0.1,0.1,0.5,0,17892,0.060473955,0.020064833,0,0,0,0,0,0,0,0,0,0,0.44,1.443928644
194225.56,0.496911622,0.5,6236,37,0.489375,32.8125,34.9375,36.07,0,0.02,0.15,0,0,20,0.5,0.104,5.5,50,1000,0.1,0.1,0.1,0.1,0.1,0.1,0.5,0,17115,0.060531697,0.020216185,0,0,0,0,0,0,0,0,0,0,0.44,1.443928644
194285.62,0.459359988,0.5,6236,37,0.534675,32.6875,34.9375,36.01,0,0,0.25,0,0,20,0.5,0.104,5.5,50,1000,0.1,0.1,0.1,0.1,0.1,0.1,0.5,0,16152,0.060611689,0.020183259,0,0,0,0,0,0,0,0,0,0,5,1.443928644
194345.68,0.472986171,0.5,6236,37,0.21525,32.875,34.9375,37.09,0,0,0.07,0,0,20,0.5,0.104,5.5,50,1000,0.1,0.1,0.1,0.1,0.1,0.1,0.5,0,15941,0.061163039,0.020450411,0,0,0,0,0,0,0,0,0,0,5,1.443928644
194405.73,0.489732385,0.5,6236,37,0.12625,32.9375,34.9375,37.41,0,0,0.07,0,0,20,0.5,0.104,5.5,50,1000,0.1,0.1,0.1,0.1,0.1,0.1,0.5,0,17028,0.059196617,0.019790933,0,0,0,0,0,0,0,0,0,0,5,1.443928644
194465.8,0.476689609,0.5,6236,37,0.13075,33,34.875,37.35,0,0,0.07,0,0,20,0.5,0.104,5.5,50,1000,0.1,0.1,0.1,0.1,0.1,0.1,0.5,0,16954,0.060162793,0.020054264,0,0,0,0,0,0,0,0,0,0,5,1.443928644
194525.88,0.512099467,0.5,6236,37,0.12525,33.0625,34.9375,37.33,0,0,0.07,0,0,20,0.5,0.104,5.5,50,1000,0.1,0.1,0.1,0.1,0.1,0.1,0.5,0,15990,0.062101313,0.020637899,0,0,0,0,0,0,0,0,0,0,5,1.443928644
194585.94,0.502825288,0.5,6236,37,0.12655,32.9375,34.9375,37.29,0,0,0.25,0,0,20,0.5,0.104,5.5,50,1000,0.1,0.1,0.1,0.1,0.1,0.1,0.5,0,16536,0.061744074,0.020621674,0,0,0,0,0,0,0,0,0,0,5,1.443928644
194645.98,0.52121038,0.5,6236,37,0.14785,32.875,34.875,37.17,0,0,0.07,0,0,20,0.5,0.104,5.5,50,1000,0.1,0.1,0.1,0.1,0.1,0.1,0.5,0,17305,0.060676105,0.020052008,0,0,0,0,0,0,0,0,0,0,5,1.479465182
194706.02,0.536868144,0.5,6236,37,0.12275,33,34.8125,37.25,0,0,0.07,0,0,20,0.5,0.104,5.5,50,1000,0.1,0.1,0.1,0.1,0.1,0.1,0.5,0,17358,0.060894112,0.020106003,0,0,0,0,0,0,0,0,0,0,5,1.494288211
194766.07,0.549100631,0.5,6236,37,0.15115,32.9375,34.875,37.11,0,0,0.07,0,0,20,0.5,0.104,5.5,50,1000,0.1,0.1,0.1,0.1,0.1,0.1,0.5,0,18341,0.05997492,0.020064337,0,0,0,0,0,0,0,0,0,0,5,1.487161401
194826.13,0.538647263,0.5,6236,37,0.10515,32.8125,34.875,37.27,0,0,0.07,0,0,20,0.5,0.104,5.5,50,1000,0.1,0.1,0.1,0.1,0.1,0.1,0.5,0,17184,0.0625,0.020658752,0,0,0,0,0,0,0,0,0,0,5,1.355140945
194886.18,0.585170683,0.5,6236,37,0.20045,32.8125,34.8125,36.89,0,0,0,0,0,20,0.5,0.104,5.5,50,1000,0.1,0.1,0.1,0.1,0.1,0.1,0.5,0,19146,0.05875901,0.019638567,0,0,0,0,0,0,0,0,0,0,5,1.535911824
194946.22,0.592164433,0.5,6236,37,0.16245,32.8125,34.875,37.03,0,0.02,0.15,0,0,20,0.5,0.104,5.5,50,1000,0.1,0.1,0.1,0.1,0.1,0.1,0.5,0,18830,0.059745088,0.019915029,0,0,0,0,0,0,0,0,0,0,0.44,1.535911824
195006.26,0.510544762,0.5,6236,37,0.507025,32.75,34.8125,36.01,0,0.02,0.15,0,0,20,0.5,0.104,5.5,50,1000,0.1,0.1,0.1,0.1,0.1,0.1,0.5,0,18062,0.060015502,0.019931348,0,0,0,0,0,0,0,0,0,0,0.44,1.535911824
195066.31,0.464128483,0.5,6236,37,0.563325,32.75,34.8125,35.91,0,0.019275325,0.147101298,0,0,20,0.5,0.104,5.5,50,1000,0.1,0.1,0.1,0.1,0.1,0.1,0.5,0,16624,0.060514918,0.02033205,0,0,0,0,0,0,0,0,0,0,0.44,1.535911824
195126.35,0.440985694,0.5,6236,37,0.510136461,32.75,34.875,36.29,0,0,0.07,0,0,20,0.5,0.104,5.5,50,1000,0.1,0.1,0.1,0.1,0.1,0.1,0.5,0,16739,0.058306948,0.019535217,0,0,0,0,0,0,0,0,0,0,5,1.535911824
195186.4,0.452690056,0.5,6236,37,0.24165,32.875,34.875,37.09,0,0,0.25,0,0,20,0.5,0.104,5.5,50,1000,0.1,0.1,0.1,0.1,0.1,0.1,0.5,0,16263,0.059706081,0.019984013,0,0,0,0,0,0,0,0,0,0,5,1.535911824
195246.47,0.460015309,0.5,6236,37,0.09635,33,34.8125,37.61,0,0,0.07,0,0,20,0.5,0.104,5.5,50,1000,0.1,0.1,0.1,0.1,0.1,0.1,0.5,0,15879,0.060961018,0.020215379,0,0,0,0,0,0,0,0,0,0,5,1.535911824
195306.54,0.460159162,0.5,6236,37,0.16845,33.125,34.875,37.27,0,0,0.07,0,0,20,0.5,0.104,5.5,50,1000,0.1,0.1,0.1,0.1,0.1,0.1,0.5,0,16414,0.05970513,0.019982941,0,0,0,0,0,0,0,0,0,0,5,1.535911824
195366.6,0.487365311,0.5,6236,37,0.13675,33.125,34.875,37.35,0,0,0.07,0,0,20,0.5,0.104,5.5,50,1000,0.1,0.1,0.1,0.1,0.1,0.1,0.5,0,16597,0.059950593,0.019943363,0,0,0,0,0,0,0,0,0,0,5,1.535911824
195426.67,0.496324069,0.5,6236,37,0.14215,33.125,34.875,37.29,0,0,0.07,0,0,20,0.5,0.104,5.5,50,1000,0.1,0.1,0.1,0.1,0.1,0.1,0.5,0,16016,0.061625874,0.02047952,0,0,0,0,0,0,0,0,0,0,5,1.535911824
195486.75,0.507888657,0.5,6236,37,0.15815,33.0625,34.9375,37.19,0,0,0.25,0,0,20,0.5,0.104,5.5,50,1000,0.1,0.1,0.1,0.1,0.1,0.1,0.5,0,17649,0.058530228,0.019717831,0,0,0,0,0,0,0,0,0,0,5,1.528215731
195546.78,0.529192226,0.5,6236,37,0.13745,33,34.875,37.25,0,0,0.07,0,0,20,0.5,0.104,5.5,50,1000,0.1,0.1,0.1,0.1,0.1,0.1,0.5,0,16645,0.061580054,0.020486633,0,0,0,0,0,0,0,0,0,0,5,1.575073437
195606.85,0.518691709,0.5,6236,37,0.12525,33.0625,34.9375,37.27,0,0,0.07,0,0,20,0.5,0.104,5.5,50,1000,0.1,0.1,0.1,0.1,0.1,0.1,0.5,0,17765,0.059442724,0.019983113,0,0,0,0,0,0,0,0,0,0,5,1.436193629
195666.91,0.528234549,0.5,6236,37,0.15275,33.0625,34.875,37.13,0,0,0.07,0,0,20,0.5,0.104,5.5,50,1000,0.1,0.1,0.1,0.1,0.1,0.1,0.5,0,16661,0.062241162,0.020587,0,0,0,0,0,0,0,0,0,0,5,1.419076078
195726.96,0.536263378,0.5,6236,37,0.15325,33.0625,34.875,37.11,0,0,0,0,0,20,0.5,0.104,5.5,50,1000,0.1,0.1,0.1,0.1,0.1,0.1,0.5,0,18960,0.057753165,0.019514768,0,0,0,0,0,0,0,0,0,0,5,1.393377306
195787,0.536389731,0.5,6236,37,0.17265,32.9375,34.875,37.03,0,0,0,0,0,20,0.5,0.104,5.5,50,1000,0.1,0.1,0.1,0.1,0.1,0.1,0.5,0,18415,0.059516698,0.019820798,0,0,0,0,0,0,0,0,0,0,5,1.324415206
195847.04,0.549393227,0.5,6236,37,0.16165,33.0625,34.875,37.05,0,0,0,0,0,20,0.5,0.104,5.5,50,1000,0.1,0.1,0.1,0.1,0.1,0.1,0.5,0,18746,0.059265977,0.019790889,0,0,0,0,0,0,0,0,0,0,5,1.330054761
195907.15,0.561855857,0.5,6236,37,0.255525,33,34.8125,37.11,0,0.02,0.15,0,0,20,0.5,0.104,5.5,50,1000,0.1,0.1,0.1,0.1,0.1,0.1,0.5,0,18030,0.060898502,0.020133111,0,0,0,0,0,0,0,0,0,0,0.44,1.330054761
195967.22,0.523834559,0.5,6236,37,0.413825,32.8125,34.8125,36.41,0,0.02,0.15,0,0,20,0.5,0.104,5.5,50,1000,0.1,0.1,0.1,0.1,0.1,0.1,0.5,0,17758,0.060648722,0.020103615,0,0,0,0,0,0,0,0,0,0,0.44,1.330054761
196027.28,0.507588673,0.5,6236,37,0.510025,32.6875,34.8125,36.07,0,0.02,0.15,0,0,20,0.5,0.104,5.5,50,1000,0.1,0.1,0.1,0.1,0.1,0.1,0.5,0,16690,0.060934691,0.020251648,0,0,0,0,0,0,0,0,0,0,0.44,1.330054761
196087.35,0.453563066,0.5,6236,37,0.470225,32.8125,34.8125,36.41,0,0.02,0.25,0,0,20,0.5,0.104,5.5,50,1000,0.1,0.1,0.1,0.1,0.1,0.1,0.5,0,15786,0.061193463,0.020334474,0,0,0,0,0,0,0,0,0,0,0.44,1.330054761
196147.41,0.423991584,0.5,6236,37,0.49275,32.8125,34.8125,36.13,0,0,0.07,0,0,20,0.5,0.104,5.5,50,1000,0.1,0.1,0.1,0.1,0.1,0.1,0.5,0,16297,0.058538381,0.019758238,0,0,0,0,0,0,0,0,0,0,5,1.330054761
196207.49,0.430436854,0.5,6236,37,0.24685,32.9375,34.8125,37.11,0,0,0.07,0,0,20,0.5,0.104,5.5,50,1000,0.1,0.1,0.1,0.1,0.1,0.1,0.5,0,16542,0.057973643,0.019646959,0,0,0,0,0,0,0,0,0,0,5,1.330054761
196267.53,0.442904963,0.5,6236,37,0.15895,33.0625,34.8125,37.41,0,0,0.07,0,0,20,0.5,0.104,5.5,50,1000,0.1,0.1,0.1,0.1,0.1,0.1,0.5,0,16335,0.05889195,0.019589838,0,0,0,0,0,0,0,0,0,0,5,1.330054761
196327.57,0.455293416,0.5,6236,37,0.14075,33,34.8125,37.43,0,0,0.07,0,0,20,0.5,0.104,5.5,50,1000,0.1,0.1,0.1,0.1,0.1,0.1,0.5,0,15941,0.0602848,0.020136754,0,0,0,0,0,0,0,0,0,0,5,1.330054761
196387.64,0.471261785,0.5,6236,37,0.15255,33.125,34.875,37.33,0,0,0.25,0,0,20,0.5,0.104,5.5,50,1000,0.1,0.1,0.1,0.1,0.1,0.1,0.5,0,16376,0.059477284,0.020090376,0,0,0,0,0,0,0,0,0,0,5,1.330054761
196447.69,0.472053239,0.5,6236,37,0.12875,33.25,34.875,37.37,0,0,0.07,0,0,20,0.5,0.104,5.5,50,1000,0.1,0.1,0.1,0.1,0.1,0.1,0.5,0,15733,0.061526727,0.020466535,0,0,0,0,0,0,0,0,0,0,5,1.330054761
196507.73,0.481878887,0.5,6236,37,0.14415,33.125,34.8125,37.27,0,0,0.07,0,0,20,0.5,0.104,5.5,50,1000,0.1,0.1,0.1,0.1,0.1,0.1,0.5,0,16230,0.06069008,0.020332717,0,0,0,0,0,0,0,0,0,0,5,1.325355134
196567.78,0.495303967,0.5,6236,37,0.15345,33.125,34.875,37.21,0,0,0.07,0,0,20,0.5,0.104,5.5,50,1000,0.1,0.1,0.1,0.1,0.1,0.1,0.5,0,16761,0.060079947,0.019986874,0,0,0,0,0,0,0,0,0,0,5,1.341523895
196627.82,0.511039876,0.5,6236,37,0.14385,32.9375,34.875,37.21,0,0,0.07,0,0,20,0.5,0.104,5.5,50,1000,0.1,0.1,0.1,0.1,0.1,0.1,0.5,0,15757,0.062956146,0.020752681,0,0,0,0,0,0,0,0,0,0,5,1.368275623
196687.87,0.510417997,0.5,6236,37,0.16555,33.125,34.875,37.11,0,0,0.25,0,0,20,0.5,0.104,5.5,50,1000,0.1,0.1,0.1,0.1,0.1,0.1,0.5,0,16995,0.060782583,0.020241247,0,0,0,0,0,0,0,0,0,0,5,1.296208948
196747.91,0.523866029,0.5,6236,37,0.12485,33,34.875,37.25,0,0,0,0,0,20,0.5,0.104,5.5,50,1000,0.1,0.1,0.1,0.1,0.1,0.1,0.5,0,16938,0.061282324,0.020427441,0,0,0,0,0,0,0,0,0,0,5,1.309416472
196807.94,0.535712265,0.5,6236,37,0.12885,33,34.875,37.21,0,0,0,0,0,20,0.5,0.104,5.5,50,1000,0.1,0.1,0.1,0.1,0.1,0.1,0.5,0,15968,0.064128257,0.021042084,0,0,0,0,0,0,0,0,0,0,5,1.311029294
196867.98,0.525230098,0.5,6236,37,0.13225,32.9375,34.9375,37.17,0,0,0,0,0,20,0.5,0.104,5.5,50,1000,0.1,0.1,0.1,0.1,0.1,0.1,0.5,0,18896,0.058636749,0.019633785,0,0,0,0,0,0,0,0,0,0,5,1.186195584
196928.05,0.552676186,0.5,6236,37,0.14185,33,34.875,37.11,0,0,0,0,0,20,0.5,0.104,5.5,50,1000,0.1,0.1,0.1,0.1,0.1,0.1,0.5,0,19173,0.058519793,0.019454441,0,0,0,0,0,0,0,0,0,0,5,1.279693271
196988.11,0.566340407,0.5,6236,37,0.247175,32.875,34.9375,37.11,0,0.02,0.25,0,0,20,0.5,0.104,5.5,50,1000,0.1,0.1,0.1,0.1,0.1,0.1,0.5,0,17855,0.060935312,0.02033044,0,0,0,0,0,0,0,0,0,0,0.44,1.279693271
197048.16,0.525360241,0.5,6236,37,0.535875,32.6875,34.9375,35.83,0,0.02,0.15,0,0,20,0.5,0.104,5.5,50,1000,0.1,0.1,0.1,0.1,0.1,0.1,0.5,0,17630,0.060011344,0.01968236,0,0,0,0,0,0,0,0,0,0,0.44,1.279693271
197108.22,0.483954558,0.5,6236,37,0.542075,32.75,34.9375,35.97,0,0.02,0.15,0,0,20,0.5,0.104,5.5,50,1000,0.1,0.1,0.1,0.1,0.1,0.1,0.5,0,16806,0.060038082,0.020111865,0,0,0,0,0,0,0,0,0,0,0.44,1.279693271
197168.28,0.421966064,0.5,6236,37,0.49605,32.8125,35,36.07,0,0,0.07,0,0,20,0.5,0.104,5.5,50,1000,0.1,0.1,0.1,0.1,0.1,0.1,0.5,0,15543,0.060863411,0.020266358,0,0,0,0,0,0,0,0,0,0,5,1.279693271
197228.35,0.426805751,0.5,6236,37,0.21365,32.9375,34.9375,37.19,0,0,0.07,0,0,20,0.5,0.104,5.5,50,1000,0.1,0.1,0.1,0.1,0.1,0.1,0.5,0,15335,0.061362895,0.020476035,0,0,0,0,0,0,0,0,0,0,5,1.279693271
197288.4,0.446432019,0.5,6236,37,0.22025,33.0625,34.9375,37.13,0,0,0.25,0,0,20,0.5,0.104,5.5,50,1000,0.1,0.1,0.1,0.1,0.1,0.1,0.5,0,16551,0.058787989,0.019817534,0,0,0,0,0,0,0,0,0,0,5,1.279693271
197348.45,0.45579403,0.5,6236,37,0.11115,33.1875,35,37.51,0,0,0.07,0,0,20,0.5,0.104,5.5,50,1000,0.1,0.1,0.1,0.1,0.1,0.1,0.5,0,15977,0.060712274,0.020404331,0,0,0,0,0,0,0,0,0,0,5,1.279693271
197408.5,0.462861448,0.5,6236,37,0.09145,33.0625,34.9375,37.53,0,0,0.07,0,0,20,0.5,0.104,5.5,50,1000,0.1,0.1,0.1,0.1,0.1,0.1,0.5,0,16859,0.059137553,0.019930008,0,0,0,0,0,0,0,0,0,0,5,1.279693271
197468.56,0.460561199,0.5,6236,37,0.15365,33.125,35,37.25,0,0,0.07,0,0,20,0.5,0.104,5.5,50,1000,0.1,0.1,0.1,0.1,0.1,0.1,0.5,0,17253,0.059004231,0.0198806,0,0,0,0,0,0,0,0,0,0,5,1.279693271
197528.6,0.470341501,0.5,6236,37,0.14055,33.125,34.9375,37.27,0,0,0.07,0,0,20,0.5,0.104,5.5,50,1000,0.1,0.1,0.1,0.1,0.1,0.1,0.5,0,17315,0.059081721,0.019867167,0,0,0,0,0,0,0,0,0,0,5,1.278748462
197588.67,0.488781949,0.5,6236,37,0.10915,33.0625,34.9375,37.35,0,0,0.25,0,0,20,0.5,0.104,5.5,50,1000,0.1,0.1,0.1,0.1,0.1,0.1,0.5,0,17805,0.058354395,0.0196574,0,0,0,0,0,0,0,0,0,0,5,1.330183385
197648.73,0.508033304,0.5,6236,37,0.15695,33.125,34.9375,37.13,0,0,0.07,0,0,20,0.5,0.104,5.5,50,1000,0.1,0.1,0.1,0.1,0.1,0.1,0.5,0,16889,0.06080881,0.020249867,0,0,0,0,0,0,0,0,0,0,5,1.379565796
197708.8,0.507295879,0.5,6236,37,0.16275,33.0625,34.9375,37.09,0,0,0.07,0,0,20,0.5,0.104,5.5,50,1000,0.1,0.1,0.1,0.1,0.1,0.1,0.5,0,18442,0.05818241,0.019683332,0,0,0,0,0,0,0,0,0,0,5,1.306229753
197768.84,0.524869841,0.5,6236,37,0.15615,32.8125,34.875,37.09,0,0,0,0,0,20,0.5,0.104,5.5,50,1000,0.1,0.1,0.1,0.1,0.1,0.1,0.5,0,17937,0.059430228,0.01962424,0,0,0,0,0,0,0,0,0,0,5,1.343085932
197828.87,0.534135054,0.5,6236,37,0.11165,32.9375,34.8125,37.25,0,0,0,0,0,20,0.5,0.104,5.5,50,1000,0.1,0.1,0.1,0.1,0.1,0.1,0.5,0,18350,0.059291553,0.019891008,0,0,0,0,0,0,0,0,0,0,5,1.328426859
197888.91,0.531651209,0.5,6236,37,0.14215,32.9375,34.875,37.11,0,0,0,0,0,20,0.5,0.104,5.5,50,1000,0.1,0.1,0.1,0.1,0.1,0.1,0.5,0,18438,0.059008569,0.019796073,0,0,0,0,0,0,0,0,0,0,5,1.248022318
197948.96,0.555537144,0.5,6236,37,0.1617,32.75,34.875,36.77,0,0,0,0,0,20,0.5,0.104,5.5,50,1000,0.1,0.1,0.1,0.1,0.1,0.1,0.5,0,17351,0.06189845,0.020402282,0,0,0,0,0,0,0,0,0,0,5,1.317464666
198009.03,0.562281713,0.5,6236,37,0.292125,32.8125,34.8125,36.93,0,0.02,0.15,0,0,20,0.5,0.104,5.5,50,1000,0.1,0.1,0.1,0.1,0.1,0.1,0.5,0,18695,0.059481145,0.019844878,0,0,0,0,0,0,0,0,0,0,0.44,1.317464666
198069.07,0.542273187,0.5,6236,37,0.4138,32.6875,34.875,36.39,0,0.02,0.15,0,0,20,0.5,0.104,5.5,50,1000,0.1,0.1,0.1,0.1,0.1,0.1,0.5,0,17714,0.060686463,0.020266456,0,0,0,0,0,0,0,0,0,0,0.44,1.317464666
198129.14,0.498133178,0.5,6236,37,0.4728,32.625,34.875,36.23,0,0.02,0.15,0,0,20,0.5,0.104,5.5,50,1000,0.1,0.1,0.1,0.1,0.1,0.1,0.5,0,17325,0.06020202,0.01997114,0,0,0,0,0,0,0,0,0,0,0.44,1.317464666
198189.18,0.464871898,0.5,6236,37,0.539725,32.75,34.8125,36.07,0,0.02,0.25,0,0,20,0.5,0.104,5.5,50,1000,0.1,0.1,0.1,0.1,0.1,0.1,0.5,0,16379,0.060076928,0.019964589,0,0,0,0,0,0,0,0,0,0,0.44,1.317464666
198249.27,0.41917037,0.5,6236,37,0.46805,32.6875,34.875,36.23,0,0,0.07,0,0,20,0.5,0.104,5.5,50,1000,0.1,0.1,0.1,0.1,0.1,0.1,0.5,0,14862,0.060826268,0.020185709,0,0,0,0,0,0,0,0,0,0,5,1.317464666
198309.32,0.423152394,0.5,6236,37,0.27365,32.875,34.875,37.01,0,0,0.07,0,0,20,0.5,0.104,5.5,50,1000,0.1,0.1,0.1,0.1,0.1,0.1,0.5,0,16000,0.0583125,0.0196875,0,0,0,0,0,0,0,0,0,0,5,1.317464666
198369.38,0.433459676,0.5,6236,37,0.21965,33.125,34.875,37.19,0,0,0.07,0,0,20,0.5,0.104,5.5,50,1000,0.1,0.1,0.1,0.1,0.1,0.1,0.5,0,15542,0.059773517,0.020074636,0,0,0,0,0,0,0,0,0,0,5,1.317464666
198429.43,0.458474322,0.5,6236,37,0.12845,33.25,34.875,37.49,0,0,0.07,0,0,20,0.5,0.104,5.5,50,1000,0.1,0.1,0.1,0.1,0.1,0.1,0.5,0,16406,0.058088504,0.019566012,0,0,0,0,0,0,0,0,0,0,5,1.317464666
198489.47,0.453452634,0.5,6236,37,0.14525,33.125,34.875,37.37,0,0,0.25,0,0,20,0.5,0.104,5.5,50,1000,0.1,0.1,0.1,0.1,0.1,0.1,0.5,0,15317,0.060912711,0.020369524,0,0,0,0,0,0,0,0,0,0,5,1.317464666
198549.52,0.473293004,0.5,6236,37,0.13145,33.125,34.9375,37.37,0,0,0.07,0,0,20,0.5,0.104,5.5,50,1000,0.1,0.1,0.1,0.1,0.1,0.1,0.5,0,15671,0.060749154,0.020164635,0,0,0,0,0,0,0,0,0,0,5,1.317464666
198609.56,0.472776057,0.5,6236,37,0.16155,33,34.875,37.21,0,0,0.07,0,0,20,0.5,0.104,5.5,50,1000,0.1,0.1,0.1,0.1,0.1,0.1,0.5,0,15485,0.061543429,0.020536003,0,0,0,0,0,0,0,0,0,0,5,1.248312939
198669.6,0.483266795,0.5,6236,37,0.14105,33,34.9375,37.25,0,0,0.07,0,0,20,0.5,0.104,5.5,50,1000,0.1,0.1,0.1,0.1,0.1,0.1,0.5,0,17314,0.058103269,0.019695044,0,0,0,0,0,0,0,0,0,0,5,1.251738439
198729.65,0.499530328,0.5,6236,37,0.13235,33,34.9375,37.25,0,0,0.07,0,0,20,0.5,0.104,5.5,50,1000,0.1,0.1,0.1,0.1,0.1,0.1,0.5,0,17390,0.057906843,0.019608971,0,0,0,0,0,0,0,0,0,0,5,1.288449836
198789.7,0.497460551,0.5,6236,37,0.20845,33.0625,34.9375,36.93,0,0,0.25,0,0,20,0.5,0.104,5.5,50,1000,0.1,0.1,0.1,0.1,0.1,0.1,0.5,0,17481,0.058234655,0.019564098,0,0,0,0,0,0,0,0,0,0,5,1.211571184
198849.76,0.512702711,0.5,6236,37,0.1353,33.0625,35,37.17,0,0,0,0,0,20,0.5,0.104,5.5,50,1000,0.1,0.1,0.1,0.1,0.1,0.1,0.5,0,16877,0.059844759,0.020264265,0,0,0,0,0,0,0,0,0,0,5,1.241532349
198909.83,0.519758611,0.5,6236,37,0.1178,32.9375,34.9375,37.11,0,0,0,0,0,20,0.5,0.104,5.5,50,1000,0.1,0.1,0.1,0.1,0.1,0.1,0.5,0,16973,0.060036529,0.019972898,0,0,0,0,0,0,0,0,0,0,5,1.220460716
198969.91,0.525895865,0.5,6236,37,0.1215,33,34.9375,37.11,0,0,0,0,0,20,0.5,0.104,5.5,50,1000,0.1,0.1,0.1,0.1,0.1,0.1,0.5,0,16210,0.062245527,0.020481184,0,0,0,0,0,0,0,0,0,0,5,1.194653847
199029.99,0.541986017,0.5,6236,37,0.1497,32.9375,34.9375,37.05,0,0,0,0,0,20,0.5,0.104,5.5,50,1000,0.1,0.1,0.1,0.1,0.1,0.1,0.5,0,17006,0.061037281,0.020228155,0,0,0,0,0,0,0,0,0,0,5,1.225332111
199090.07,0.558654558,0.5,6236,37,0.2675,33,34.875,37.03,0,0.02,0.25,0,0,20,0.5,0.104,5.5,50,1000,0.1,0.1,0.1,0.1,0.1,0.1,0.5,0,17937,0.059430228,0.020125997,0,0,0,0,0,0,0,0,0,0,0.44,1.225332111
199150.14,0.525749304,0.5,6236,37,0.4816,32.875,34.875,36.09,0,0.02,0.15,0,0,20,0.5,0.104,5.5,50,1000,0.1,0.1,0.1,0.1,0.1,0.1,0.5,0,16608,0.061777457,0.020472062,0,0,0,0,0,0,0,0,0,0,0.44,1.225332111
199210.2,0.462198208,0.5,6236,37,0.4891,32.8125,34.875,36.21,0,0.02,0.15,0,0,20,0.5,0.104,5.5,50,1000,0.1,0.1,0.1,0.1,0.1,0.1,0.5,0,15984,0.061311311,0.020332833,0,0,0,0,0,0,0,0,0,0,0.44,1.225332111
199270.27,0.436361496,0.5,6236,37,0.50205,32.8125,34.8125,36.01,0,0,0.07,0,0,20,0.5,0.104,5.5,50,1000,0.1,0.1,0.1,0.1,0.1,0.1,0.5,0,15308,0.061209825,0.020446825,0,0,0,0,0,0,0,0,0,0,5,1.225332111
199330.35,0.457455412,0.5,6236,37,0.22935,32.8125,34.75,37.09,0,0,0.07,0,0,20,0.5,0.104,5.5,50,1000,0.1,0.1,0.1,0.1,0.1,0.1,0.5,0,16558,0.058159198,0.019688368,0,0,0,0,0,0,0,0,0,0,5,1.225332111
199390.42,0.462544437,0.5,6236,37,0.17885,33.0625,34.75,37.25,0,0,0.25,0,0,20,0.5,0.104,5.5,50,1000,0.1,0.1,0.1,0.1,0.1,0.1,0.5,0,17075,0.057452416,0.019502196,0,0,0,0,0,0,0,0,0,0,5,1.225332111
199450.46,0.46532598,0.5,6236,37,0.16865,33.0625,34.75,37.25,0,0,0.07,0,0,20,0.5,0.104,5.5,50,1000,0.1,0.1,0.1,0.1,0.1,0.1,0.5,0,16261,0.059836418,0.020047968,0,0,0,0,0,0,0,0,0,0,5,1.225332111
199510.5,0.473498226,0.5,6236,37,0.18055,33,34.8125,37.17,0,0,0.07,0,0,20,0.5,0.104,5.5,50,1000,0.1,0.1,0.1,0.1,0.1,0.1,0.5,0,17547,0.057388727,0.019433521,0,0,0,0,0,0,0,0,0,0,5,1.225332111
199570.55,0.482471861,0.5,6236,37,0.11705,33,34.8125,37.37,0,0,0.07,0,0,20,0.5,0.104,5.5,50,1000,0.1,0.1,0.1,0.1,0.1,0.1,0.5,0,16919,0.059341569,0.019918435,0,0,0,0,0,0,0,0,0,0,5,1.225332111
199630.59,0.498206225,0.5,6236,37,0.13125,32.9375,34.8125,37.27,0,0,0.07,0,0,20,0.5,0.104,5.5,50,1000,0.1,0.1,0.1,0.1,0.1,0.1,0.5,0,17230,0.059082995,0.019907139,0,0,0,0,0,0,0,0,0,0,5,1.260340001
199690.64,0.521348664,0.5,6236,37,0.16585,32.9375,34.8125,37.11,0,0,0.25,0,0,20,0.5,0.104,5.5,50,1000,0.1,0.1,0.1,0.1,0.1,0.1,0.5,0,17776,0.058280828,0.019576958,0,0,0,0,0,0,0,0,0,0,5,1.333537824
199750.69,0.518468413,0.5,6236,37,0.08155,32.875,34.8125,37.41,0,0,0.07,0,0,20,0.5,0.104,5.5,50,1000,0.1,0.1,0.1,0.1,0.1,0.1,0.5,0,16068,0.062422206,0.020724421,0,0,0,0,0,0,0,0,0,0,5,1.250241137
199810.76,0.505763866,0.5,6236,37,0.17005,32.875,34.8125,37.05,0,0,0.07,0,0,20,0.5,0.104,5.5,50,1000,0.1,0.1,0.1,0.1,0.1,0.1,0.5,0,16975,0.060677467,0.020088365,0,0,0,0,0,0,0,0,0,0,5,1.113301435
199870.83,0.538873144,0.5,6236,37,0.1481,32.75,34.8125,36.97,0,0,0,0,0,20,0.5,0.104,5.5,50,1000,0.1,0.1,0.1,0.1,0.1,0.1,0.5,0,18676,0.057721139,0.0195438,0,0,0,0,0,0,0,0,0,0,5,1.247867255
199930.89,0.528508672,0.5,6236,37,0.1318,32.875,34.8125,37.09,0,0,0,0,0,20,0.5,0.104,5.5,50,1000,0.1,0.1,0.1,0.1,0.1,0.1,0.5,0,17361,0.061229192,0.019987328,0,0,0,0,0,0,0,0,0,0,5,1.127210967
199990.97,0.549178789,0.5,6236,37,0.1435,32.8125,34.875,37.13,0,0,0,0,0,20,0.5,0.104,5.5,50,1000,0.1,0.1,0.1,0.1,0.1,0.1,0.5,0,19078,0.057920117,0.019551316,0,0,0,0,0,0,0,0,0,0,5,1.185944933
200051.02,0.586297935,0.5,6236,37,0.386725,32.75,34.8125,36.49,0,0.02,0.15,0,0,20,0.5,0.104,5.5,50,1000,0.1,0.1,0.1,0.1,0.1,0.1,0.5,0,19519,0.057431221,0.019416978,0,0,0,0,0,0,0,0,0,0,0.44,1.185944933
200111.09,0.510583854,0.5,6236,37,0.5987,32.75,34.875,35.59,0,0.02,0.15,0,0,20,0.5,0.104,5.5,50,1000,0.1,0.1,0.1,0.1,0.1,0.1,0.5,0,17474,0.060432643,0.020086986,0,0,0,0,0,0,0,0,0,0,0.44,1.185944933
200171.13,0.499101468,0.5,6236,37,0.477825,32.75,34.8125,36.33,0,0.02,0.15,0,0,20,0.5,0.104,5.5,50,1000,0.1,0.1,0.1,0.1,0.1,0.1,0.5,0,16192,0.062191206,0.020689229,0,0,0,0,0,0,0,0,0,0,0.44,1.185944933
200231.18,0.461877039,0.5,6236,37,0.541525,32.75,34.8125,36.13,0,0.02,0.15,0,0,20,0.5,0.104,5.5,50,1000,0.1,0.1,0.1,0.1,0.1,0.1,0.5,0,15924,0.062107511,0.020409445,0,0,0,0,0,0,0,0,0,0,0.44,1.185944933
200291.24,0.425639826,0.5,6236,37,0.45465,32.9375,34.875,36.31,0,0,0.25,0,0,20,0.5,0.104,5.5,50,1000,0.1,0.1,0.1,0.1,0.1,0.1,0.5,0,16120,0.059305211,0.019789082,0,0,0,0,0,0,0,0,0,0,5,1.185944933
200351.28,0.426110938,0.5,6236,37,0.23255,33,34.875,37.19,0,0,0.07,0,0,20,0.5,0.104,5.5,50,1000,0.1,0.1,0.1,0.1,0.1,0.1,0.5,0,15727,0.060469257,0.020092834,0,0,0,0,0,0,0,0,0,0,5,1.185944933
200411.37,0.448610552,0.5,6236,37,0.12755,33.25,34.875,37.55,0,0,0.07,0,0,20,0.5,0.104,5.5,50,1000,0.1,0.1,0.1,0.1,0.1,0.1,0.5,0,16214,0.059454792,0.019982731,0,0,0,0,0,0,0,0,0,0,5,1.185944933
200471.43,0.451816933,0.5,6236,37,0.08775,33.3125,34.875,37.63,0,0,0.07,0,0,20,0.5,0.104,5.5,50,1000,0.1,0.1,0.1,0.1,0.1,0.1,0.5,0,16573,0.059192663,0.019851566,0,0,0,0,0,0,0,0,0,0,5,1.185944933
200531.5,0.45985898,0.5,6236,37,0.18575,33.25,34.875,37.19,0,0,0.07,0,0,20,0.5,0.104,5.5,50,1000,0.1,0.1,0.1,0.1,0.1,0.1,0.5,0,15679,0.06192997,0.020409465,0,0,0,0,0,0,0,0,0,0,5,1.185944933
200591.53,0.481174212,0.5,6236,37,0.13815,33.1875,34.9375,37.33,0,0,0.25,0,0,20,0.5,0.104,5.5,50,1000,0.1,0.1,0.1,0.1,0.1,0.1,0.5,0,16633,0.060361931,0.020080563,0,0,0,0,0,0,0,0,0,0,5,1.185944933
200651.59,0.477434423,0.5,6236,37,0.13765,33.125,34.875,37.29,0,0,0.07,0,0,20,0.5,0.104,5.5,50,1000,0.1,0.1,0.1,0.1,0.1,0.1,0.5,0,16884,0.059879176,0.020137408,0,0,0,0,0,0,0,0,0,0,5,1.103239962
200711.66,0.482360539,0.5,6236,37,0.13365,33.125,34.875,37.27,0,0,0.07,0,0,20,0.5,0.104,5.5,50,1000,0.1,0.1,0.1,0.1,0.1,0.1,0.5,0,17423,0.059404236,0.019973598,0,0,0,0,0,0,0,0,0,0,5,1.078873034
200771.73,0.497019234,0.5,6236,37,0.16885,33.0625,34.875,37.11,0,0,0.07,0,0,20,0.5,0.104,5.5,50,1000,0.1,0.1,0.1,0.1,0.1,0.1,0.5,0,17508,0.059629883,0.019876628,0,0,0,0,0,0,0,0,0,0,5,1.114740039
200831.79,0.514235146,0.5,6236,37,0.14755,33,34.875,37.17,0,0,0.07,0,0,20,0.5,0.104,5.5,50,1000,0.1,0.1,0.1,0.1,0.1,0.1,0.5,0,17325,0.060836941,0.0201443,0,0,0,0,0,0,0,0,0,0,5,1.16115879
200891.86,0.526648723,0.5,6236,37,0.1026,33.0625,34.875,37.09,0,0,0,0,0,20,0.5,0.104,5.5,50,1000,0.1,0.1,0.1,0.1,0.1,0.1,0.5,0,16690,0.062133014,0.020551228,0,0,0,0,0,0,0,0,0,0,5,1.174660221
200951.91,0.524524103,0.5,6236,37,0.0951,32.875,34.8125,37.13,0,0,0,0,0,20,0.5,0.104,5.5,50,1000,0.1,0.1,0.1,0.1,0.1,0.1,0.5,0,16687,0.062563672,0.020435069,0,0,0,0,0,0,0,0,0,0,5,1.103800056
201011.95,0.524130348,0.5,6236,37,0.1506,32.9375,34.875,36.95,0,0,0,0,0,20,0.5,0.104,5.5,50,1000,0.1,0.1,0.1,0.1,0.1,0.1,0.5,0,19284,0.057975524,0.019394317,0,0,0,0,0,0,0,0,0,0,5,1.046357135
201072.03,0.52044575,0.5,6236,37,0.1606,32.875,34.8125,36.97,0,0,0,0,0,20,0.5,0.104,5.5,50,1000,0.1,0.1,0.1,0.1,0.1,0.1,0.5,0,17184,0.062616387,0.020658752,0,0,0,0,0,0,0,0,0,0,5,0.97287502
201132.12,0.542250829,0.5,6236,37,0.0808,32.8125,34.8125,37.05,0,0,0,0,0,20,0.5,0.104,5.5,50,1000,0.1,0.1,0.1,0.1,0.1,0.1,0.5,0,17043,0.062958399,0.020653641,0,0,0,0,0,0,0,0,0,0,5,1.047360333
201192.16,0.568888514,0.5,6236,37,0.320125,32.8125,34.8125,36.79,0,0.02,0.25,0,0,20,0.5,0.104,5.5,50,1000,0.1,0.1,0.1,0.1,0.1,0.1,0.5,0,19454,0.058548371,0.019687468,0,0,0,0,0,0,0,0,0,0,0.44,1.047360333
201252.21,0.521162632,0.5,6236,37,0.583025,32.75,34.8125,35.63,0,0.02,0.15,0,0,20,0.5,0.104,5.5,50,1000,0.1,0.1,0.1,0.1,0.1,0.1,0.5,0,17927,0.061136833,0.020304569,0,0,0,0,0,0,0,0,0,0,0.44,1.047360333
201312.25,0.490524868,0.5,6236,37,0.487325,32.625,34.8125,36.23,0,0.02,0.15,0,0,20,0.5,0.104,5.5,50,1000,0.1,0.1,0.1,0.1,0.1,0.1,0.5,0,15756,0.064610307,0.021198274,0,0,0,0,0,0,0,0,0,0,0.44,1.047360333
201372.32,0.462154144,0.5,6236,37,0.666025,32.6875,34.8125,35.53,0,0.02,0.15,0,0,20,0.5,0.104,5.5,50,1000,0.1,0.1,0.1,0.1,0.1,0.1,0.5,0,15724,0.062261511,0.020859832,0,0,0,0,0,0,0,0,0,0,0.44,1.047360333
201432.37,0.42624318,0.5,6236,37,0.42265,32.875,34.8125,36.45,0,0,0.07,0,0,20,0.5,0.104,5.5,50,1000,0.1,0.1,0.1,0.1,0.1,0.1,0.5,0,15362,0.061906002,0.020570238,0,0,0,0,0,0,0,0,0,0,5,1.047360333
201492.43,0.438713983,0.5,6236,37,0.29475,32.9375,34.875,36.97,0,0,0.25,0,0,20,0.5,0.104,5.5,50,1000,0.1,0.1,0.1,0.1,0.1,0.1,0.5,0,16148,0.060069358,0.019878623,0,0,0,0,0,0,0,0,0,0,5,1.047360333
201552.49,0.43051205,0.5,6236,37,0.11885,33.125,34.8125,37.61,0,0,0.07,0,0,20,0.5,0.104,5.5,50,1000,0.1,0.1,0.1,0.1,0.1,0.1,0.5,0,15831,0.061461689,0.020466174,0,0,0,0,0,0,0,0,0,0,5,1.047360333
201612.55,0.44214257,0.5,6236,37,0.10675,33.25,34.875,37.59,0,0,0.07,0,0,20,0.5,0.104,5.5,50,1000,0.1,0.1,0.1,0.1,0.1,0.1,0.5,0,16028,0.061267781,0.020401797,0,0,0,0,0,0,0,0,0,0,5,1.047360333
201672.59,0.467603678,0.5,6236,37,0.07845,33.25,34.875,37.63,0,0,0.07,0,0,20,0.5,0.104,5.5,50,1000,0.1,0.1,0.1,0.1,0.1,0.1,0.5,0,17588,0.058392086,0.019615647,0,0,0,0,0,0,0,0,0,0,5,1.047360333
201732.66,0.458023153,0.5,6236,37,0.14085,33.25,34.875,37.33,0,0,0.07,0,0,20,0.5,0.104,5.5,50,1000,0.1,0.1,0.1,0.1,0.1,0.1,0.5,0,16215,0.061609621,0.020413198,0,0,0,0,0,0,0,0,0,0,5,1.047360333
201792.71,0.471725267,0.5,6236,37,0.17335,33.1875,34.875,37.17,0,0,0.25,0,0,20,0.5,0.104,5.5,50,1000,0.1,0.1,0.1,0.1,0.1,0.1,0.5,0,16565,0.061394506,0.020283731,0,0,0,0,0,0,0,0,0,0,5,1.083423374
201852.75,0.473236499,0.5,6236,37,0.09815,33.1875,34.875,37.43,0,0,0.07,0,0,20,0.5,0.104,5.5,50,1000,0.1,0.1,0.1,0.1,0.1,0.1,0.5,0,17161,0.060660801,0.020161995,0,0,0,0,0,0,0,0,0,0,5,1.038847729
201912.8,0.476633111,0.5,6236,37,0.11385,33.0625,34.8125,37.33,0,0,0.07,0,0,20,0.5,0.104,5.5,50,1000,0.1,0.1,0.1,0.1,0.1,0.1,0.5,0,16382,0.063179099,0.020571359,0,0,0,0,0,0,0,0,0,0,5,1.008360661
201972.87,0.492789666,0.5,6236,37,0.16165,33.0625,34.875,37.11,0,0,0.07,0,0,20,0.5,0.104,5.5,50,1000,0.1,0.1,0.1,0.1,0.1,0.1,0.5,0,16443,0.062944718,0.020738308,0,0,0,0,0,0,0,0,0,0,5,1.057948851
202032.92,0.507013409,0.5,6236,37,0.1388,33,34.875,37.13,0,0,0,0,0,20,0.5,0.104,5.5,50,1000,0.1,0.1,0.1,0.1,0.1,0.1,0.5,0,17157,0.062015504,0.020516407,0,0,0,0,0,0,0,0,0,0,5,1.090416437
202092.97,0.510452611,0.5,6236,37,0.134,32.875,34.9375,36.87,0,0,0,0,0,20,0.5,0.104,5.5,50,1000,0.1,0.1,0.1,0.1,0.1,0.1,0.5,0,16346,0.064235899,0.020861373,0,0,0,0,0,0,0,0,0,0,5,1.056176672
202153.01,0.517310069,0.5,6236,37,0.1698,32.9375,34.9375,37.13,0,0,0,0,0,20,0.5,0.104,5.5,50,1000,0.1,0.1,0.1,0.1,0.1,0.1,0.5,0,17061,0.063360882,0.02098353,0,0,0,0,0,0,0,0,0,0,5,1.043401752
202213.06,0.54877257,0.5,6236,37,0.1497,32.875,34.875,37.03,0,0,0,0,0,20,0.5,0.104,5.5,50,1000,0.1,0.1,0.1,0.1,0.1,0.1,0.5,0,18520,0.060259179,0.020086393,0,0,0,0,0,0,0,0,0,0,5,1.168356618
202273.13,0.540429513,0.5,6236,37,0.3003,32.875,34.875,36.89,0,0.02,0.15,0,0,20,0.5,0.104,5.5,50,1000,0.1,0.1,0.1,0.1,0.1,0.1,0.5,0,17855,0.062111453,0.020442453,0,0,0,0,0,0,0,0,0,0,0.44,1.168356618
202333.21,0.524964,0.5,6236,37,0.5582,32.8125,34.875,35.77,0,0.02,0.15,0,0,20,0.5,0.104,5.5,50,1000,0.1,0.1,0.1,0.1,0.1,0.1,0.5,0,17832,0.06140646,0.020244504,0,0,0,0,0,0,0,0,0,0,0.44,1.168356618
202393.27,0.483838527,0.5,6236,37,0.4945,32.75,34.875,36.21,0,0.02,0.25,0,0,20,0.5,0.104,5.5,50,1000,0.1,0.1,0.1,0.1,0.1,0.1,0.5,0,17456,0.061010541,0.020107699,0,0,0,0,0,0,0,0,0,0,0.44,1.168356618
202453.32,0.500669276,0.5,6236,37,0.525275,32.875,34.9375,36.15,0,0.02,0.15,0,0,20,0.5,0.104,5.5,50,1000,0.1,0.1,0.1,0.1,0.1,0.1,0.5,0,17330,0.060415465,0.020138488,0,0,0,0,0,0,0,0,0,0,0.44,1.168356618
202513.38,0.473480155,0.5,6236,37,0.6058,32.875,34.875,35.91,0,0.02,0.15,0,0,20,0.5,0.104,5.5,50,1000,0.1,0.1,0.1,0.1,0.1,0.1,0.5,0,15629,0.061872161,0.020538742,0,0,0,0,0,0,0,0,0,0,0.44,1.168356618
202573.48,0.401486395,0.5,6236,37,0.55765,32.9375,34.9375,36.31,0,0,0.07,0,0,20,0.5,0.104,5.5,50,1000,0.1,0.1,0.1,0.1,0.1,0.1,0.5,0,15715,0.059688196,0.020044543,0,0,0,0,0,0,0,0,0,0,5,1.168356618
202633.54,0.412652475,0.5,6236,37,0.2701,33.125,34.9375,37.11,0,0,0.07,0,0,20,0.5,0.104,5.5,50,1000,0.1,0.1,0.1,0.1,0.1,0.1,0.5,0,15747,0.059757414,0.020067314,0,0,0,0,0,0,0,0,0,0,5,1.168356618
202693.58,0.425240457,0.5,6236,37,0.16515,33.125,34.9375,37.45,0,0,0.25,0,0,20,0.5,0.104,5.5,50,1000,0.1,0.1,0.1,0.1,0.1,0.1,0.5,0,15933,0.059499153,0.019895814,0,0,0,0,0,0,0,0,0,0,5,1.168356618
202753.64,0.44162822,0.5,6236,37,0.1372,33.1875,34.9375,37.37,0,0,0.07,0,0,20,0.5,0.104,5.5,50,1000,0.1,0.1,0.1,0.1,0.1,0.1,0.5,0,15674,0.060418527,0.019905576,0,0,0,0,0,0,0,0,0,0,5,1.168356618
202813.68,0.44102306,0.5,6236,37,0.1198,33.1875,34.9375,37.37,0,0,0.07,0,0,20,0.5,0.104,5.5,50,1000,0.1,0.1,0.1,0.1,0.1,0.1,0.5,0,15985,0.060306537,0.020206444,0,0,0,0,0,0,0,0,0,0,5,1.168356618
202873.72,0.47436191,0.5,6236,37,0.1107,33.1875,34.9375,37.29,0,0,0.07,0,0,20,0.5,0.104,5.5,50,1000,0.1,0.1,0.1,0.1,0.1,0.1,0.5,0,15914,0.060387081,0.020045243,0,0,0,0,0,0,0,0,0,0,5,1.168356618
202933.77,0.460854581,0.5,6236,37,0.1443,33.1875,34.9375,37.37,0,0,0.07,0,0,20,0.5,0.104,5.5,50,1000,0.1,0.1,0.1,0.1,0.1,0.1,0.5,0,16759,0.058953398,0.019750582,0,0,0,0,0,0,0,0,0,0,5,1.02327478
202993.81,0.487748139,0.5,6236,37,0.14325,33.0625,34.9375,37.27,0,0,0.25,0,0,20,0.5,0.104,5.5,50,1000,0.1,0.1,0.1,0.1,0.1,0.1,0.5,0,16634,0.059757124,0.020079356,0,0,0,0,0,0,0,0,0,0,5,1.142260881
203053.86,0.482259119,0.5,6236,37,0.1445,33.0625,34.9375,37.25,0,0,0.07,0,0,20,0.5,0.104,5.5,50,1000,0.1,0.1,0.1,0.1,0.1,0.1,0.5,0,17273,0.058820124,0.019799687,0,0,0,0,0,0,0,0,0,0,5,1.051195026
203113.9,0.483549883,0.5,6236,37,0.1485,33.125,34.9375,37.27,0,0,0.07,0,0,20,0.5,0.104,5.5,50,1000,0.1,0.1,0.1,0.1,0.1,0.1,0.5,0,16483,0.061275253,0.020202633,0,0,0,0,0,0,0,0,0,0,5,1.006654037
203173.94,0.484242385,0.5,6236,37,0.118,33.1875,34.9375,37.19,0,0,0,0,0,20,0.5,0.104,5.5,50,1000,0.1,0.1,0.1,0.1,0.1,0.1,0.5,0,17920,0.058482143,0.019419643,0,0,0,0,0,0,0,0,0,0,5,0.960614624
203233.99,0.498968705,0.5,6236,37,0.1158,32.875,34.9375,37.13,0,0,0,0,0,20,0.5,0.104,5.5,50,1000,0.1,0.1,0.1,0.1,0.1,0.1,0.5,0,16530,0.061584997,0.020447671,0,0,0,0,0,0,0,0,0,0,5,1.002457293
203294.07,0.526332826,0.5,6236,37,0.1448,33.1875,34.8125,37.09,0,0,0,0,0,20,0.5,0.104,5.5,50,1000,0.1,0.1,0.1,0.1,0.1,0.1,0.5,0,17036,0.060929796,0.020309932,0,0,0,0,0,0,0,0,0,0,5,1.112505578
203354.13,0.52034771,0.5,6236,37,0.1306,32.9375,34.8125,37.11,0,0,0,0,0,20,0.5,0.104,5.5,50,1000,0.1,0.1,0.1,0.1,0.1,0.1,0.5,0,18697,0.057977216,0.019521848,0,0,0,0,0,0,0,0,0,0,5,1.022570798
203414.17,0.54194994,0.5,6236,37,0.1809,32.875,34.8125,36.85,0,0,0,0,0,20,0.5,0.104,5.5,50,1000,0.1,0.1,0.1,0.1,0.1,0.1,0.5,0,17668,0.060108671,0.019979624,0,0,0,0,0,0,0,0,0,0,5,1.093471382
203474.23,0.540816075,0.5,6236,37,0.3743,32.9375,34.875,36.55,0,0.02,0.15,0,0,20,0.5,0.104,5.5,50,1000,0.1,0.1,0.1,0.1,0.1,0.1,0.5,0,17532,0.060746064,0.020248688,0,0,0,0,0,0,0,0,0,0,0.44,1.093471382
203534.29,0.506365365,0.5,6236,37,0.5369,32.6875,34.875,35.89,0,0.02,0.15,0,0,20,0.5,0.104,5.5,50,1000,0.1,0.1,0.1,0.1,0.1,0.1,0.5,0,16022,0.063412807,0.020721508,0,0,0,0,0,0,0,0,0,0,0.44,1.093471382
203594.36,0.46723987,0.5,6236,37,0.4905,32.625,34.875,36.23,0,0.02,0.25,0,0,20,0.5,0.104,5.5,50,1000,0.1,0.1,0.1,0.1,0.1,0.1,0.5,0,17068,0.060405437,0.020096086,0,0,0,0,0,0,0,0,0,0,0.44,1.093471382
203654.43,0.463814213,0.5,6236,37,0.6122,32.8125,34.875,35.77,0,0.02,0.15,0,0,20,0.5,0.104,5.5,50,1000,0.1,0.1,0.1,0.1,0.1,0.1,0.5,0,16737,0.060166099,0.020015534,0,0,0,0,0,0,0,0,0,0,0.44,1.093471382
203714.49,0.426257918,0.5,6236,37,0.57045,32.875,34.875,36.39,0,0,0.07,0,0,20,0.5,0.104,5.5,50,1000,0.1,0.1,0.1,0.1,0.1,0.1,0.5,0,15995,0.05945608,0.019756174,0,0,0,0,0,0,0,0,0,0,5,1.093471382
203774.56,0.428440561,0.5,6236,37,0.2974,33,34.8125,37.05,0,0,0.07,0,0,20,0.5,0.104,5.5,50,1000,0.1,0.1,0.1,0.1,0.1,0.1,0.5,0,15304,0.061552535,0.020517512,0,0,0,0,0,0,0,0,0,0,5,1.093471382
203834.59,0.439236287,0.5,6236,37,0.1265,33,34.9375,37.43,0,0,0.07,0,0,20,0.5,0.104,5.5,50,1000,0.1,0.1,0.1,0.1,0.1,0.1,0.5,0,15471,0.061211299,0.020360675,0,0,0,0,0,0,0,0,0,0,5,1.093471382
203894.66,0.446360096,0.5,6236,37,0.16395,33.125,34.875,37.33,0,0,0.25,0,0,20,0.5,0.104,5.5,50,1000,0.1,0.1,0.1,0.1,0.1,0.1,0.5,0,15873,0.060543061,0.02022302,0,0,0,0,0,0,0,0,0,0,5,1.093471382
203954.72,0.449976135,0.5,6236,37,0.1378,33.125,34.9375,37.35,0,0,0.07,0,0,20,0.5,0.104,5.5,50,1000,0.1,0.1,0.1,0.1,0.1,0.1,0.5,0,15762,0.061667301,0.020301992,0,0,0,0,0,0,0,0,0,0,5,1.093471382
204014.78,0.456911579,0.5,6236,37,0.0881,33.25,34.9375,37.41,0,0,0.07,0,0,20,0.5,0.104,5.5,50,1000,0.1,0.1,0.1,0.1,0.1,0.1,0.5,0,16580,0.060434258,0.02026538,0,0,0,0,0,0,0,0,0,0,5,1.093471382
204074.85,0.467063232,0.5,6236,37,0.1223,33,34.875,37.29,0,0,0.07,0,0,20,0.5,0.104,5.5,50,1000,0.1,0.1,0.1,0.1,0.1,0.1,0.5,0,17108,0.059387421,0.0200491,0,0,0,0,0,0,0,0,0,0,5,1.104722084
204134.89,0.497773047,0.5,6236,37,0.1118,32.9375,34.9375,37.35,0,0,0.07,0,0,20,0.5,0.104,5.5,50,1000,0.1,0.1,0.1,0.1,0.1,0.1,0.5,0,17993,0.058022564,0.019563163,0,0,0,0,0,0,0,0,0,0,5,1.24052477
204194.93,0.479443935,0.5,6236,37,0.12285,33.0625,34.9375,37.27,0,0,0.25,0,0,20,0.5,0.104,5.5,50,1000,0.1,0.1,0.1,0.1,0.1,0.1,0.5,0,17145,0.060017498,0.020122485,0,0,0,0,0,0,0,0,0,0,5,1.065946688
204254.99,0.478692159,0.5,6236,37,0.14,32.9375,35,36.89,0,0,0.07,0,0,20,0.5,0.104,5.5,50,1000,0.1,0.1,0.1,0.1,0.1,0.1,0.5,0,17160,0.06025641,0.019988345,0,0,0,0,0,0,0,0,0,0,5,1.007941609
204315.06,0.502577512,0.5,6236,37,0.1408,32.875,34.9375,37.03,0,0,0,0,0,20,0.5,0.104,5.5,50,1000,0.1,0.1,0.1,0.1,0.1,0.1,0.5,0,18267,0.058739804,0.019762413,0,0,0,0,0,0,0,0,0,0,5,1.103621025
204375.11,0.503826689,0.5,6236,37,0.1516,33,34.9375,37.17,0,0,0,0,0,20,0.5,0.104,5.5,50,1000,0.1,0.1,0.1,0.1,0.1,0.1,0.5,0,17131,0.061117273,0.020255677,0,0,0,0,0,0,0,0,0,0,5,1.055887342
204435.19,0.525959815,0.5,6236,37,0.1068,32.9375,35,37.11,0,0,0,0,0,20,0.5,0.104,5.5,50,1000,0.1,0.1,0.1,0.1,0.1,0.1,0.5,0,17452,0.060967224,0.020169608,0,0,0,0,0,0,0,0,0,0,5,1.1320704
204495.27,0.530563442,0.5,6236,37,0.1391,32.875,34.9375,37.05,0,0,0,0,0,20,0.5,0.104,5.5,50,1000,0.1,0.1,0.1,0.1,0.1,0.1,0.5,0,17245,0.061757031,0.020411714,0,0,0,0,0,0,0,0,0,0,5,1.101611065
204555.34,0.52408704,0.5,6236,37,0.1829,33,35,37.09,0,0,0,0,0,20,0.5,0.104,5.5,50,1000,0.1,0.1,0.1,0.1,0.1,0.1,0.5,0,18866,0.058995017,0.019771017,0,0,0,0,0,0,0,0,0,0,5,1.009685223
204615.39,0.55154288,0.5,6236,37,0.1405,32.9375,35,37.01,0,0,0,0,0,20,0.5,0.104,5.5,50,1000,0.1,0.1,0.1,0.1,0.1,0.1,0.5,0,18470,0.059718462,0.019815918,0,0,0,0,0,0,0,0,0,0,5,1.112386389
204675.43,0.540124488,0.5,6236,37,0.398375,32.9375,34.9375,36.39,0,0.02,0.15,0,0,20,0.5,0.104,5.5,50,1000,0.1,0.1,0.1,0.1,0.1,0.1,0.5,0,19094,0.05907615,0.01969205,0,0,0,0,0,0,0,0,0,0,0.44,1.112386389
204735.48,0.504509059,0.5,6236,37,0.640475,32.6875,34.9375,35.37,0,0.02,0.15,0,0,20,0.5,0.104,5.5,50,1000,0.1,0.1,0.1,0.1,0.1,0.1,0.5,0,17086,0.062741426,0.02066019,0,0,0,0,0,0,0,0,0,0,0.44,1.112386389
204795.51,0.48916198,0.5,6236,37,0.562475,32.8125,34.9375,35.91,0,0.02,0.25,0,0,20,0.5,0.104,5.5,50,1000,0.1,0.1,0.1,0.1,0.1,0.1,0.5,0,17102,0.061396328,0.020231552,0,0,0,0,0,0,0,0,0,0,0.44,1.112386389
204855.59,0.449424264,0.5,6236,37,0.522925,32.75,34.9375,36.57,0,0,0.07,0,0,20,0.5,0.104,5.5,50,1000,0.1,0.1,0.1,0.1,0.1,0.1,0.5,0,16625,0.060691729,0.020270677,0,0,0,0,0,0,0,0,0,0,5,1.112386389
204915.63,0.475687635,0.5,6236,37,0.2319,33,34.9375,36.97,0,0,0.07,0,0,20,0.5,0.104,5.5,50,1000,0.1,0.1,0.1,0.1,0.1,0.1,0.5,0,17218,0.059646881,0.019862934,0,0,0,0,0,0,0,0,0,0,5,1.112386389
204975.67,0.475291526,0.5,6236,37,0.195,33.0625,34.9375,37.29,0,0,0.07,0,0,20,0.5,0.104,5.5,50,1000,0.1,0.1,0.1,0.1,0.1,0.1,0.5,0,16923,0.060745731,0.020150092,0,0,0,0,0,0,0,0,0,0,5,1.112386389
205035.74,0.468894266,0.5,6236,37,0.1056,33.0625,35,37.35,0,0,0.07,0,0,20,0.5,0.104,5.5,50,1000,0.1,0.1,0.1,0.1,0.1,0.1,0.5,0,16773,0.061467835,0.020389912,0,0,0,0,0,0,0,0,0,0,5,1.112386389
205095.8,0.486355099,0.5,6236,37,0.18425,33,34.9375,37.13,0,0,0.25,0,0,20,0.5,0.104,5.5,50,1000,0.1,0.1,0.1,0.1,0.1,0.1,0.5,0,17305,0.060329385,0.020109795,0,0,0,0,0,0,0,0,0,0,5,1.112386389
205155.86,0.500812962,0.5,6236,37,0.1399,33,35,37.35,0,0,0.07,0,0,20,0.5,0.104,5.5,50,1000,0.1,0.1,0.1,0.1,0.1,0.1,0.5,0,16415,0.062991167,0.020712763,0,0,0,0,0,0,0,0,0,0,5,1.112386389
205215.93,0.508037433,0.5,6236,37,0.112,33.0625,35,37.19,0,0,0.07,0,0,20,0.5,0.104,5.5,50,1000,0.1,0.1,0.1,0.1,0.1,0.1,0.5,0,17333,0.061443489,0.020538857,0,0,0,0,0,0,0,0,0,0,5,1.099734363
205276,0.502359148,0.5,6236,37,0.1422,33,34.9375,37.13,0,0,0.07,0,0,20,0.5,0.104,5.5,50,1000,0.1,0.1,0.1,0.1,0.1,0.1,0.5,0,17432,0.061438733,0.020422212,0,0,0,0,0,0,0,0,0,0,5,1.011028143
205336.07,0.520695633,0.5,6236,37,0.1636,33.0625,35,37.09,0,0,0.07,0,0,20,0.5,0.104,5.5,50,1000,0.1,0.1,0.1,0.1,0.1,0.1,0.5,0,17871,0.060600974,0.019976498,0,0,0,0,0,0,0,0,0,0,5,1.068027862
205396.14,0.538193977,0.5,6236,37,0.14735,32.9375,34.9375,37.13,0,0,0.25,0,0,20,0.5,0.104,5.5,50,1000,0.1,0.1,0.1,0.1,0.1,0.1,0.5,0,16886,0.063721426,0.020904892,0,0,0,0,0,0,0,0,0,0,5,1.113786589
205456.19,0.526101283,0.5,6236,37,0.1931,32.8125,35,37.13,0,0,0,0,0,20,0.5,0.104,5.5,50,1000,0.1,0.1,0.1,0.1,0.1,0.1,0.5,0,18732,0.060591501,0.019965834,0,0,0,0,0,0,0,0,0,0,5,0.98992136
205516.25,0.548024995,0.5,6236,37,0.1677,32.9375,34.9375,36.97,0,0,0,0,0,20,0.5,0.104,5.5,50,1000,0.1,0.1,0.1,0.1,0.1,0.1,0.5,0,17937,0.061883258,0.02040475,0,0,0,0,0,0,0,0,0,0,5,1.062906742
205576.3,0.554425253,0.5,6236,37,0.332775,32.9375,34.9375,36.73,0,0.02,0.15,0,0,20,0.5,0.104,5.5,50,1000,0.1,0.1,0.1,0.1,0.1,0.1,0.5,0,19181,0.060163704,0.020019811,0,0,0,0,0,0,0,0,0,0,0.44,1.062906742
205636.34,0.552790407,0.5,6236,37,0.5457,32.8125,34.875,35.81,0,0.02,0.15,0,0,20,0.5,0.104,5.5,50,1000,0.1,0.1,0.1,0.1,0.1,0.1,0.5,0,18100,0.061712707,0.020220994,0,0,0,0,0,0,0,0,0,0,0.44,1.062906742
205696.38,0.525594838,0.5,6236,37,0.4874,32.6875,34.875,36.25,0,0.02,0.25,0,0,20,0.5,0.104,5.5,50,1000,0.1,0.1,0.1,0.1,0.1,0.1,0.5,0,17073,0.063843496,0.020793065,0,0,0,0,0,0,0,0,0,0,0.44,1.062906742
205756.44,0.485455989,0.5,6236,37,0.6409,32.6875,34.875,35.67,0,0.02,0.15,0,0,20,0.5,0.104,5.5,50,1000,0.1,0.1,0.1,0.1,0.1,0.1,0.5,0,18264,0.059899255,0.019875164,0,0,0,0,0,0,0,0,0,0,0.44,1.062906742
205816.51,0.441512701,0.5,6236,37,0.61355,32.75,34.875,36.07,0,0,0.07,0,0,20,0.5,0.104,5.5,50,1000,0.1,0.1,0.1,0.1,0.1,0.1,0.5,0,16612,0.060980014,0.020166145,0,0,0,0,0,0,0,0,0,0,5,1.062906742
205876.59,0.449000668,0.5,6236,37,0.2626,33,34.875,37.17,0,0,0.07,0,0,20,0.5,0.104,5.5,50,1000,0.1,0.1,0.1,0.1,0.1,0.1,0.5,0,15818,0.063092679,0.020672651,0,0,0,0,0,0,0,0,0,0,5,1.062906742
205936.66,0.441963998,0.5,6236,37,0.2171,33.125,34.875,37.53,0,0,0.07,0,0,20,0.5,0.104,5.5,50,1000,0.1,0.1,0.1,0.1,0.1,0.1,0.5,0,17029,0.060954842,0.01996594,0,0,0,0,0,0,0,0,0,0,5,1.062906742
205996.71,0.473943861,0.5,6236,37,0.18655,32.9375,34.9375,37.29,0,0,0.25,0,0,20,0.5,0.104,5.5,50,1000,0.1,0.1,0.1,0.1,0.1,0.1,0.5,0,16051,0.063360538,0.020808672,0,0,0,0,0,0,0,0,0,0,5,1.062906742
206056.77,0.474571667,0.5,6236,37,0.0974,33.0625,34.875,37.49,0,0,0.07,0,0,20,0.5,0.104,5.5,50,1000,0.1,0.1,0.1,0.1,0.1,0.1,0.5,0,17771,0.060322998,0.019976366,0,0,0,0,0,0,0,0,0,0,5,1.062906742
206116.81,0.488618777,0.5,6236,37,0.1304,33.0625,34.875,37.45,0,0,0.07,0,0,20,0.5,0.104,5.5,50,1000,0.1,0.1,0.1,0.1,0.1,0.1,0.5,0,16393,0.063502715,0.020862563,0,0,0,0,0,0,0,0,0,0,5,1.062906742
206176.89,0.485543144,0.5,6236,37,0.1443,33,34.9375,37.37,0,0,0.07,0,0,20,0.5,0.104,5.5,50,1000,0.1,0.1,0.1,0.1,0.1,0.1,0.5,0,17249,0.061800684,0.020175083,0,0,0,0,0,0,0,0,0,0,5,0.99081809
206236.95,0.481698261,0.5,6236,37,0.1214,32.9375,34.875,37.27,0,0,0.07,0,0,20,0.5,0.104,5.5,50,1000,0.1,0.1,0.1,0.1,0.1,0.1,0.5,0,17344,0.062038745,0.02035286,0,0,0,0,0,0,0,0,0,0,5,0.91742645
206297.02,0.498681855,0.5,6236,37,0.17195,32.9375,34.875,37.13,0,0,0.25,0,0,20,0.5,0.104,5.5,50,1000,0.1,0.1,0.1,0.1,0.1,0.1,0.5,0,17176,0.062820214,0.020668374,0,0,0,0,0,0,0,0,0,0,5,0.975506396
206357.05,0.516486073,0.5,6236,37,0.117,32.875,34.9375,37.27,0,0,0.07,0,0,20,0.5,0.104,5.5,50,1000,0.1,0.1,0.1,0.1,0.1,0.1,0.5,0,17469,0.062453489,0.02055069,0,0,0,0,0,0,0,0,0,0,5,1.031971067
206417.1,0.522477564,0.5,6236,37,0.1295,33.0625,34.9375,37.13,0,0,0,0,0,20,0.5,0.104,5.5,50,1000,0.1,0.1,0.1,0.1,0.1,0.1,0.5,0,18208,0.061621265,0.020155975,0,0,0,0,0,0,0,0,0,0,5,1.014973672
206477.14,0.521801777,0.5,6236,37,0.1167,32.9375,35,37.21,0,0,0,0,0,20,0.5,0.104,5.5,50,1000,0.1,0.1,0.1,0.1,0.1,0.1,0.5,0,16639,0.065328445,0.021155117,0,0,0,0,0,0,0,0,0,0,5,0.960342193
206537.2,0.530106301,0.5,6236,37,0.1286,32.75,34.9375,37.11,0,0,0,0,0,20,0.5,0.104,5.5,50,1000,0.1,0.1,0.1,0.1,0.1,0.1,0.5,0,18240,0.061842105,0.020339912,0,0,0,0,0,0,0,0,0,0,5,0.95969441
206597.27,0.546533775,0.5,6236,37,0.1709,32.875,35,36.93,0,0,0,0,0,20,0.5,0.104,5.5,50,1000,0.1,0.1,0.1,0.1,0.1,0.1,0.5,0,18524,0.061811704,0.020297992,0,0,0,0,0,0,0,0,0,0,5,1.003265352
206657.31,0.555679432,0.5,6236,37,0.470675,32.875,34.9375,36.09,0,0.02,0.15,0,0,20,0.5,0.104,5.5,50,1000,0.1,0.1,0.1,0.1,0.1,0.1,0.5,0,18688,0.061697346,0.020226884,0,0,0,0,0,0,0,0,0,0,0.44,1.003265352
206717.38,0.510774206,0.5,6236,37,0.51115,32.75,35,36.01,0,0.02,0.15,0,0,20,0.5,0.104,5.5,50,1000,0.1,0.1,0.1,0.1,0.1,0.1,0.5,0,17177,0.064737731,0.021016476,0,0,0,0,0,0,0,0,0,0,0.44,1.003265352
206777.44,0.486375041,0.5,6236,37,0.50775,32.8125,35,36.15,0,0.02,0.15,0,0,20,0.5,0.104,5.5,50,1000,0.1,0.1,0.1,0.1,0.1,0.1,0.5,0,17342,0.062968516,0.020701188,0,0,0,0,0,0,0,0,0,0,0.44,1.003265352
206837.48,0.503687527,0.5,6236,37,0.539675,32.9375,34.9375,36.09,0,0.02,0.15,0,0,20,0.5,0.104,5.5,50,1000,0.1,0.1,0.1,0.1,0.1,0.1,0.5,0,18029,0.06090188,0.020078762,0,0,0,0,0,0,0,0,0,0,0.44,1.003265352
206897.54,0.498714487,0.5,6236,37,0.587375,32.9375,34.9375,35.97,0,0.02,0.25,0,0,20,0.5,0.104,5.5,50,1000,0.1,0.1,0.1,0.1,0.1,0.1,0.5,0,16873,0.061696201,0.020032004,0,0,0,0,0,0,0,0,0,0,0.44,1.003265352
206957.59,0.442962982,0.5,6236,37,0.482425,33,35,36.73,0,0,0.07,0,0,20,0.5,0.104,5.5,50,1000,0.1,0.1,0.1,0.1,0.1,0.1,0.5,0,16248,0.061115214,0.020310192,0,0,0,0,0,0,0,0,0,0,5,1.003265352
207017.7,0.462296156,0.5,6236,37,0.2154,33.125,34.9375,37.19,0,0,0.07,0,0,20,0.5,0.104,5.5,50,1000,0.1,0.1,0.1,0.1,0.1,0.1,0.5,0,15759,0.062503966,0.020623136,0,0,0,0,0,0,0,0,0,0,5,1.003265352
207077.75,0.461104422,0.5,6236,37,0.1136,33.1875,34.9375,37.49,0,0,0.07,0,0,20,0.5,0.104,5.5,50,1000,0.1,0.1,0.1,0.1,0.1,0.1,0.5,0,16689,0.060638744,0.020073102,0,0,0,0,0,0,0,0,0,0,5,1.003265352
207137.81,0.491475815,0.5,6236,37,0.1289,33.1875,34.875,37.45,0,0,0.07,0,0,20,0.5,0.104,5.5,50,1000,0.1,0.1,0.1,0.1,0.1,0.1,0.5,0,16077,0.06226286,0.020464017,0,0,0,0,0,0,0,0,0,0,5,1.003265352
207197.87,0.487994712,0.5,6236,37,0.15045,33.125,34.9375,37.33,0,0,0.25,0,0,20,0.5,0.104,5.5,50,1000,0.1,0.1,0.1,0.1,0.1,0.1,0.5,0,16434,0.062248996,0.020627966,0,0,0,0,0,0,0,0,0,0,5,1.003265352
207257.92,0.490325152,0.5,6236,37,0.1349,33.0625,34.9375,37.45,0,0,0.07,0,0,20,0.5,0.104,5.5,50,1000,0.1,0.1,0.1,0.1,0.1,0.1,0.5,0,17647,0.059896866,0.019720066,0,0,0,0,0,0,0,0,0,0,5,1.003265352
207317.96,0.506229777,0.5,6236,37,0.1273,33.0625,34.9375,37.37,0,0,0.07,0,0,20,0.5,0.104,5.5,50,1000,0.1,0.1,0.1,0.1,0.1,0.1,0.5,0,16917,0.062126855,0.020334575,0,0,0,0,0,0,0,0,0,0,5,1.048867855
207378,0.510266859,0.5,6236,37,0.1604,32.9375,34.875,37.37,0,0,0.07,0,0,20,0.5,0.104,5.5,50,1000,0.1,0.1,0.1,0.1,0.1,0.1,0.5,0,16703,0.062563611,0.020595103,0,0,0,0,0,0,0,0,0,0,5,1.020253975
207438.08,0.504078553,0.5,6236,37,0.1261,33.0625,34.875,37.41,0,0,0.07,0,0,20,0.5,0.104,5.5,50,1000,0.1,0.1,0.1,0.1,0.1,0.1,0.5,0,18208,0.059863796,0.019771529,0,0,0,0,0,0,0,0,0,0,5,0.932636096
207498.13,0.510914518,0.5,6236,37,0.17935,32.9375,34.875,37.05,0,0,0.25,0,0,20,0.5,0.104,5.5,50,1000,0.1,0.1,0.1,0.1,0.1,0.1,0.5,0,17063,0.062884604,0.020395007,0,0,0,0,0,0,0,0,0,0,5,0.926414828
207558.18,0.520765328,0.5,6236,37,0.1415,32.875,34.875,37.43,0,0,0,0,0,20,0.5,0.104,5.5,50,1000,0.1,0.1,0.1,0.1,0.1,0.1,0.5,0,19288,0.058741186,0.019701369,0,0,0,0,0,0,0,0,0,0,5,0.93738575
207618.22,0.535502123,0.5,6236,37,0.1125,32.875,34.875,37.27,0,0,0,0,0,20,0.5,0.104,5.5,50,1000,0.1,0.1,0.1,0.1,0.1,0.1,0.5,0,18491,0.060137364,0.020063815,0,0,0,0,0,0,0,0,0,0,5,0.974232484
207678.26,0.535516814,0.5,6236,37,0.1018,32.9375,34.9375,37.05,0,0,0,0,0,20,0.5,0.104,5.5,50,1000,0.1,0.1,0.1,0.1,0.1,0.1,0.5,0,17601,0.062439634,0.020567013,0,0,0,0,0,0,0,0,0,0,5,0.925603159
207738.33,0.556381604,0.5,6236,37,0.117,32.8125,34.9375,37.05,0,0,0,0,0,20,0.5,0.104,5.5,50,1000,0.1,0.1,0.1,0.1,0.1,0.1,0.5,0,19004,0.060092612,0.020153652,0,0,0,0,0,0,0,0,0,0,5,0.993989327
207798.36,0.559442864,0.5,6236,37,0.442,33.0625,34.875,36.21,0,0.02,0.25,0,0,20,0.5,0.104,5.5,50,1000,0.1,0.1,0.1,0.1,0.1,0.1,0.5,0,18897,0.060591628,0.020109012,0,0,0,0,0,0,0,0,0,0,0.44,0.993989327
207858.4,0.528982272,0.5,6236,37,0.46245,32.75,34.9375,36.29,0,0.02,0.15,0,0,20,0.5,0.104,5.5,50,1000,0.1,0.1,0.1,0.1,0.1,0.1,0.5,0,18026,0.062132475,0.020359481,0,0,0,0,0,0,0,0,0,0,0.44,0.993989327
207918.47,0.494309881,0.5,6236,37,0.545425,32.875,34.875,36.17,0,0.02,0.15,0,0,20,0.5,0.104,5.5,50,1000,0.1,0.1,0.1,0.1,0.1,0.1,0.5,0,15936,0.06563755,0.021398092,0,0,0,0,0,0,0,0,0,0,0.44,0.993989327
207978.54,0.483719854,0.5,6236,37,0.52435,32.75,34.875,36.33,0,0.02,0.15,0,0,20,0.5,0.104,5.5,50,1000,0.1,0.1,0.1,0.1,0.1,0.1,0.5,0,16241,0.062311434,0.020565236,0,0,0,0,0,0,0,0,0,0,0.44,0.993989327
208038.61,0.432416705,0.5,6236,37,0.53095,33,34.9375,36.47,0,0,0.07,0,0,20,0.5,0.104,5.5,50,1000,0.1,0.1,0.1,0.1,0.1,0.1,0.5,0,16507,0.059732235,0.019930938,0,0,0,0,0,0,0,0,0,0,5,0.993989327
208098.68,0.450282148,0.5,6236,37,0.28685,33.125,34.9375,37.01,0,0,0.25,0,0,20,0.5,0.104,5.5,50,1000,0.1,0.1,0.1,0.1,0.1,0.1,0.5,0,17049,0.058478503,0.019707901,0,0,0,0,0,0,0,0,0,0,5,0.993989327
208158.73,0.440714794,0.5,6236,37,0.1807,33.125,34.9375,37.75,0,0,0.07,0,0,20,0.5,0.104,5.5,50,1000,0.1,0.1,0.1,0.1,0.1,0.1,0.5,0,16122,0.060724476,0.020220816,0,0,0,0,0,0,0,0,0,0,5,0.993989327
208218.76,0.450523736,0.5,6236,37,0.0838,33.1875,34.9375,37.67,0,0,0.07,0,0,20,0.5,0.104,5.5,50,1000,0.1,0.1,0.1,0.1,0.1,0.1,0.5,0,16771,0.059149723,0.019796077,0,0,0,0,0,0,0,0,0,0,5,0.993989327
208278.81,0.448235685,0.5,6236,37,0.0855,33.1875,35,37.29,0,0,0.07,0,0,20,0.5,0.104,5.5,50,1000,0.1,0.1,0.1,0.1,0.1,0.1,0.5,0,16973,0.059565192,0.01973723,0,0,0,0,0,0,0,0,0,0,5,0.993989327
208338.85,0.45670439,0.5,6236,37,0.1388,33.1875,35,37.29,0,0,0.07,0,0,20,0.5,0.104,5.5,50,1000,0.1,0.1,0.1,0.1,0.1,0.1,0.5,0,17086,0.060283273,0.020074915,0,0,0,0,0,0,0,0,0,0,5,0.993989327
208398.92,0.471562311,0.5,6236,37,0.14835,33.1875,35,37.27,0,0,0.25,0,0,20,0.5,0.104,5.5,50,1000,0.1,0.1,0.1,0.1,0.1,0.1,0.5,0,16680,0.061630695,0.020263789,0,0,0,0,0,0,0,0,0,0,5,1.040334607
208458.96,0.48766484,0.5,6236,37,0.1602,33.125,34.9375,37.35,0,0,0.07,0,0,20,0.5,0.104,5.5,50,1000,0.1,0.1,0.1,0.1,0.1,0.1,0.5,0,16342,0.062538245,0.020499327,0,0,0,0,0,0,0,0,0,0,5,1.089049229
208519,0.477548845,0.5,6236,37,0.1359,33,34.875,37.33,0,0,0.07,0,0,20,0.5,0.104,5.5,50,1000,0.1,0.1,0.1,0.1,0.1,0.1,0.5,0,16914,0.061842261,0.020279059,0,0,0,0,0,0,0,0,0,0,5,0.971711014
208579.07,0.485848772,0.5,6236,37,0.1122,33,34.875,37.17,0,0,0.07,0,0,20,0.5,0.104,5.5,50,1000,0.1,0.1,0.1,0.1,0.1,0.1,0.5,0,17277,0.06083232,0.020200266,0,0,0,0,0,0,0,0,0,0,5,0.974818339
208639.14,0.489744153,0.5,6236,37,0.1047,32.875,34.9375,37.03,0,0,0,0,0,20,0.5,0.104,5.5,50,1000,0.1,0.1,0.1,0.1,0.1,0.1,0.5,0,17240,0.061310905,0.020243619,0,0,0,0,0,0,0,0,0,0,5,0.950034554
208699.21,0.499201331,0.5,6236,37,0.1614,33.125,34.875,37.17,0,0,0,0,0,20,0.5,0.104,5.5,50,1000,0.1,0.1,0.1,0.1,0.1,0.1,0.5,0,16760,0.062768496,0.020465394,0,0,0,0,0,0,0,0,0,0,5,0.959911925
208759.29,0.521123984,0.5,6236,37,0.1039,33.125,34.875,37.11,0,0,0,0,0,20,0.5,0.104,5.5,50,1000,0.1,0.1,0.1,0.1,0.1,0.1,0.5,0,17929,0.060293379,0.019744548,0,0,0,0,0,0,0,0,0,0,5,1.040851836
208819.36,0.522103822,0.5,6236,37,0.1453,32.875,34.875,37.17,0,0,0,0,0,20,0.5,0.104,5.5,50,1000,0.1,0.1,0.1,0.1,0.1,0.1,0.5,0,17428,0.062428276,0.020541657,0,0,0,0,0,0,0,0,0,0,5,0.994444669
208879.41,0.525273019,0.5,6236,37,0.1473,32.875,34.875,36.93,0,0,0,0,0,20,0.5,0.104,5.5,50,1000,0.1,0.1,0.1,0.1,0.1,0.1,0.5,0,17351,0.062244251,0.020517549,0,0,0,0,0,0,0,0,0,0,5,0.962877543
208939.47,0.537707238,0.5,6236,37,0.159,32.875,34.875,37.03,0,0,0,0,0,20,0.5,0.104,5.5,50,1000,0.1,0.1,0.1,0.1,0.1,0.1,0.5,0,18336,0.060645724,0.020124346,0,0,0,0,0,0,0,0,0,0,5,0.98492191
208999.52,0.52278882,0.5,6236,37,0.1778,32.875,34.875,37.05,0,0,0,0,0,20,0.5,0.104,5.5,50,1000,0.1,0.1,0.1,0.1,0.1,0.1,0.5,0,16732,0.06448721,0.020977767,0,0,0,0,0,0,0,0,0,0,5,0.851265872
209059.59,0.54899999,0.5,6236,37,0.1554,32.875,34.875,37.01,0,0,0,0,0,20,0.5,0.104,5.5,50,1000,0.1,0.1,0.1,0.1,0.1,0.1,0.5,0,18052,0.061932196,0.020440948,0,0,0,0,0,0,0,0,0,0,5,0.955465058
209119.67,0.547201984,0.5,6236,37,0.1798,33,34.875,37.01,0,0.02,0.15,0,0,20,0.5,0.104,5.5,50,1000,0.1,0.1,0.1,0.1,0.1,0.1,0.5,0,18706,0.060408425,0.019993585,0,0,0,0,0,0,0,0,0,0,0.44,0.955465058
209179.73,0.516775902,0.5,6236,37,0.45255,32.75,34.875,36.17,0,0.02,0.15,0,0,20,0.5,0.104,5.5,50,1000,0.1,0.1,0.1,0.1,0.1,0.1,0.5,0,17435,0.063091483,0.020590766,0,0,0,0,0,0,0,0,0,0,0.44,0.955465058
209239.81,0.484539308,0.5,6236,37,0.50795,32.625,34.875,36.25,0,0.02,0.15,0,0,20,0.5,0.104,5.5,50,1000,0.1,0.1,0.1,0.1,0.1,0.1,0.5,0,18205,0.06108212,0.020104367,0,0,0,0,0,0,0,0,0,0,0.44,0.955465058
209299.86,0.463211654,0.5,6236,37,0.5424,32.75,34.875,36.17,0,0.02,0.25,0,0,20,0.5,0.104,5.5,50,1000,0.1,0.1,0.1,0.1,0.1,0.1,0.5,0,17083,0.061289001,0.020254054,0,0,0,0,0,0,0,0,0,0,0.44,0.955465058
209359.9,0.460605005,0.5,6236,37,0.45595,32.8125,34.875,36.69,0,0.02,0.15,0,0,20,0.5,0.104,5.5,50,1000,0.1,0.1,0.1,0.1,0.1,0.1,0.5,0,16633,0.06114351,0.020260927,0,0,0,0,0,0,0,0,0,0,0.44,0.955465058
209419.95,0.441291155,0.5,6236,37,0.51655,33,34.875,36.61,0,0,0.07,0,0,20,0.5,0.104,5.5,50,1000,0.1,0.1,0.1,0.1,0.1,0.1,0.5,0,16022,0.060042442,0.019847709,0,0,0,0,0,0,0,0,0,0,5,0.955465058
209479.99,0.437422166,0.5,6236,37,0.2133,33,34.875,37.37,0,0,0.07,0,0,20,0.5,0.104,5.5,50,1000,0.1,0.1,0.1,0.1,0.1,0.1,0.5,0,14582,0.06405157,0.020916198,0,0,0,0,0,0,0,0,0,0,5,0.955465058
209540.04,0.456137329,0.5,6236,37,0.1109,33.1875,34.875,37.59,0,0,0.07,0,0,20,0.5,0.104,5.5,50,1000,0.1,0.1,0.1,0.1,0.1,0.1,0.5,0,16627,0.05936128,0.019787093,0,0,0,0,0,0,0,0,0,0,5,0.955465058
209600.09,0.444893627,0.5,6236,37,0.22415,33.1875,34.875,37.13,0,0,0.25,0,0,20,0.5,0.104,5.5,50,1000,0.1,0.1,0.1,0.1,0.1,0.1,0.5,0,16964,0.059243103,0.019747701,0,0,0,0,0,0,0,0,0,0,5,0.955465058
209660.14,0.467832847,0.5,6236,37,0.1215,33.1875,34.9375,37.41,0,0,0.07,0,0,20,0.5,0.104,5.5,50,1000,0.1,0.1,0.1,0.1,0.1,0.1,0.5,0,15423,0.06295792,0.020748233,0,0,0,0,0,0,0,0,0,0,5,0.955465058
209720.19,0.456961028,0.5,6236,37,0.0956,33.25,34.9375,37.43,0,0,0.07,0,0,20,0.5,0.104,5.5,50,1000,0.1,0.1,0.1,0.1,0.1,0.1,0.5,0,16578,0.061105079,0.020207504,0,0,0,0,0,0,0,0,0,0,5,0.955465058
209780.24,0.473732288,0.5,6236,37,0.1289,33.0625,34.9375,37.43,0,0,0.07,0,0,20,0.5,0.104,5.5,50,1000,0.1,0.1,0.1,0.1,0.1,0.1,0.5,0,17258,0.059566578,0.019874841,0,0,0,0,0,0,0,0,0,0,5,1.015824581
209840.31,0.470741766,0.5,6236,37,0.099,33.125,34.9375,37.49,0,0,0.07,0,0,20,0.5,0.104,5.5,50,1000,0.1,0.1,0.1,0.1,0.1,0.1,0.5,0,17215,0.060354342,0.019982573,0,0,0,0,0,0,0,0,0,0,5,0.946035274
209900.39,0.48517795,0.5,6236,37,0.21425,33.125,34.9375,36.95,0,0,0.25,0,0,20,0.5,0.104,5.5,50,1000,0.1,0.1,0.1,0.1,0.1,0.1,0.5,0,17093,0.06084362,0.020242204,0,0,0,0,0,0,0,0,0,0,5,0.989351675
209960.45,0.493411487,0.5,6236,37,0.1302,32.9375,34.9375,37.17,0,0,0.07,0,0,20,0.5,0.104,5.5,50,1000,0.1,0.1,0.1,0.1,0.1,0.1,0.5,0,18841,0.057852556,0.019425721,0,0,0,0,0,0,0,0,0,0,5,0.990367356
210020.53,0.496336995,0.5,6236,37,0.1401,33,34.9375,37.17,0,0,0,0,0,20,0.5,0.104,5.5,50,1000,0.1,0.1,0.1,0.1,0.1,0.1,0.5,0,17676,0.060307762,0.019970582,0,0,0,0,0,0,0,0,0,0,5,0.958583895
210080.58,0.503817659,0.5,6236,37,0.1582,33,34.9375,37.27,0,0,0,0,0,20,0.5,0.104,5.5,50,1000,0.1,0.1,0.1,0.1,0.1,0.1,0.5,0,17901,0.060499413,0.019998883,0,0,0,0,0,0,0,0,0,0,5,0.955532581
210140.62,0.511754053,0.5,6236,37,0.0954,33,34.9375,37.11,0,0,0,0,0,20,0.5,0.104,5.5,50,1000,0.1,0.1,0.1,0.1,0.1,0.1,0.5,0,17677,0.060700345,0.020139164,0,0,0,0,0,0,0,0,0,0,5,0.954645142
210200.66,0.513615544,0.5,6236,37,0.1456,32.9375,34.9375,37.09,0,0,0,0,0,20,0.5,0.104,5.5,50,1000,0.1,0.1,0.1,0.1,0.1,0.1,0.5,0,16898,0.063202746,0.020653332,0,0,0,0,0,0,0,0,0,0,5,0.917805503
210260.74,0.532936155,0.5,6236,37,0.1423,32.75,34.9375,36.95,0,0,0,0,0,20,0.5,0.104,5.5,50,1000,0.1,0.1,0.1,0.1,0.1,0.1,0.5,0,18474,0.059813792,0.019757497,0,0,0,0,0,0,0,0,0,0,5,0.982695073
210320.81,0.528717052,0.5,6236,37,0.1375,32.875,34.875,36.93,0,0,0,0,0,20,0.5,0.104,5.5,50,1000,0.1,0.1,0.1,0.1,0.1,0.1,0.5,0,17446,0.062822423,0.020635103,0,0,0,0,0,0,0,0,0,0,5,0.909715668
210380.86,0.526767919,0.5,6236,37,0.1301,32.875,34.875,36.95,0,0,0,0,0,20,0.5,0.104,5.5,50,1000,0.1,0.1,0.1,0.1,0.1,0.1,0.5,0,17866,0.061905295,0.020429867,0,0,0,0,0,0,0,0,0,0,5,0.853149847
210440.9,0.558143293,0.5,6236,37,0.1913,32.8125,34.9375,37.03,0,0,0,0,0,20,0.5,0.104,5.5,50,1000,0.1,0.1,0.1,0.1,0.1,0.1,0.5,0,19327,0.059191804,0.019920319,0,0,0,0,0,0,0,0,0,0,5,0.984059327
210500.96,0.555785088,0.5,6236,37,0.416575,32.8125,34.9375,36.29,0,0.02,0.25,0,0,20,0.5,0.104,5.5,50,1000,0.1,0.1,0.1,0.1,0.1,0.1,0.5,0,19290,0.059875583,0.020010368,0,0,0,0,0,0,0,0,0,0,0.44,0.984059327
210561,0.526911813,0.5,6236,37,0.508925,32.8125,34.9375,36.05,0,0.02,0.15,0,0,20,0.5,0.104,5.5,50,1000,0.1,0.1,0.1,0.1,0.1,0.1,0.5,0,18597,0.060977577,0.020272087,0,0,0,0,0,0,0,0,0,0,0.44,0.984059327
210621.07,0.515113106,0.5,6236,37,0.500325,32.75,34.875,36.21,0,0.02,0.15,0,0,20,0.5,0.104,5.5,50,1000,0.1,0.1,0.1,0.1,0.1,0.1,0.5,0,17391,0.062733598,0.020757863,0,0,0,0,0,0,0,0,0,0,0.44,0.984059327
210681.14,0.476972154,0.5,6236,37,0.55235,32.6875,34.875,36.21,0,0.02,0.15,0,0,20,0.5,0.104,5.5,50,1000,0.1,0.1,0.1,0.1,0.1,0.1,0.5,0,16211,0.063228672,0.020911727,0,0,0,0,0,0,0,0,0,0,0.44,0.984059327
210741.21,0.456674487,0.5,6236,37,0.52405,32.875,34.875,36.55,0,0,0.07,0,0,20,0.5,0.104,5.5,50,1000,0.1,0.1,0.1,0.1,0.1,0.1,0.5,0,17197,0.059196371,0.01977089,0,0,0,0,0,0,0,0,0,0,5,0.984059327
210801.27,0.459940478,0.5,6236,37,0.17185,33,34.9375,37.41,0,0,0.25,0,0,20,0.5,0.104,5.5,50,1000,0.1,0.1,0.1,0.1,0.1,0.1,0.5,0,17249,0.05936576,0.019885211,0,0,0,0,0,0,0,0,0,0,5,0.984059327
210861.33,0.472314552,0.5,6236,37,0.1445,33.25,34.875,37.59,0,0,0.07,0,0,20,0.5,0.104,5.5,50,1000,0.1,0.1,0.1,0.1,0.1,0.1,0.5,0,17667,0.058923417,0.019641139,0,0,0,0,0,0,0,0,0,0,5,0.984059327
210921.38,0.46918603,0.5,6236,37,0.1398,33.3125,34.9375,37.43,0,0,0.07,0,0,20,0.5,0.104,5.5,50,1000,0.1,0.1,0.1,0.1,0.1,0.1,0.5,0,17637,0.059590633,0.019844645,0,0,0,0,0,0,0,0,0,0,5,0.984059327
210981.42,0.500267991,0.5,6236,37,0.0898,33.25,34.9375,37.37,0,0,0.07,0,0,20,0.5,0.104,5.5,50,1000,0.1,0.1,0.1,0.1,0.1,0.1,0.5,0,16780,0.061620977,0.020441001,0,0,0,0,0,0,0,0,0,0,5,0.984059327
211041.46,0.486151565,0.5,6236,37,0.1204,33.1875,34.9375,37.33,0,0,0.07,0,0,20,0.5,0.104,5.5,50,1000,0.1,0.1,0.1,0.1,0.1,0.1,0.5,0,17163,0.061061586,0.020276175,0,0,0,0,0,0,0,0,0,0,5,0.984059327
211101.53,0.494430547,0.5,6236,37,0.13965,33.125,35,37.27,0,0,0.25,0,0,20,0.5,0.104,5.5,50,1000,0.1,0.1,0.1,0.1,0.1,0.1,0.5,0,16941,0.062156897,0.020659937,0,0,0,0,0,0,0,0,0,0,5,0.985515123
211161.59,0.507105277,0.5,6236,37,0.1356,33.125,34.9375,37.29,0,0,0.07,0,0,20,0.5,0.104,5.5,50,1000,0.1,0.1,0.1,0.1,0.1,0.1,0.5,0,17290,0.062058994,0.020532099,0,0,0,0,0,0,0,0,0,0,5,1.012175177
211221.64,0.535522843,0.5,6236,37,0.1107,33.0625,34.9375,37.11,0,0,0.07,0,0,20,0.5,0.104,5.5,50,1000,0.1,0.1,0.1,0.1,0.1,0.1,0.5,0,17812,0.060970132,0.020211094,0,0,0,0,0,0,0,0,0,0,5,1.125141171
211281.67,0.527765486,0.5,6236,37,0.1335,33.125,34.9375,37.09,0,0,0.07,0,0,20,0.5,0.104,5.5,50,1000,0.1,0.1,0.1,0.1,0.1,0.1,0.5,0,17258,0.062521729,0.020686059,0,0,0,0,0,0,0,0,0,0,5,1.025109565
211341.73,0.536056196,0.5,6236,37,0.1561,33,34.9375,37.11,0,0,0,0,0,20,0.5,0.104,5.5,50,1000,0.1,0.1,0.1,0.1,0.1,0.1,0.5,0,18507,0.060247474,0.020100503,0,0,0,0,0,0,0,0,0,0,5,1.020614992
211401.81,0.538097074,0.5,6236,37,0.1128,33,34.875,37.17,0,0,0,0,0,20,0.5,0.104,5.5,50,1000,0.1,0.1,0.1,0.1,0.1,0.1,0.5,0,18363,0.060665469,0.020094756,0,0,0,0,0,0,0,0,0,0,5,0.980984186
211461.92,0.543361415,0.5,6236,37,0.148,32.9375,34.875,36.97,0,0,0,0,0,20,0.5,0.104,5.5,50,1000,0.1,0.1,0.1,0.1,0.1,0.1,0.5,0,17231,0.063722361,0.020660438,0,0,0,0,0,0,0,0,0,0,5,0.961142099
211521.97,0.549035717,0.5,6236,37,0.1279,32.875,34.875,37.19,0,0.02,0.15,0,0,20,0.5,0.104,5.5,50,1000,0.1,0.1,0.1,0.1,0.1,0.1,0.5,0,18893,0.060286879,0.020113269,0,0,0,0,0,0,0,0,0,0,0.44,0.961142099
211582.03,0.532468452,0.5,6236,37,0.46135,32.8125,34.875,36.33,0,0.02,0.15,0,0,20,0.5,0.104,5.5,50,1000,0.1,0.1,0.1,0.1,0.1,0.1,0.5,0,17108,0.06336217,0.020750526,0,0,0,0,0,0,0,0,0,0,0.44,0.961142099
211642.1,0.511972006,0.5,6236,37,0.51865,32.8125,34.8125,36.31,0,0.02,0.15,0,0,20,0.5,0.104,5.5,50,1000,0.1,0.1,0.1,0.1,0.1,0.1,0.5,0,17209,0.062176768,0.020454413,0,0,0,0,0,0,0,0,0,0,0.44,0.961142099
211702.16,0.495943581,0.5,6236,37,0.6285,32.8125,34.875,35.75,0,0.02,0.25,0,0,20,0.5,0.104,5.5,50,1000,0.1,0.1,0.1,0.1,0.1,0.1,0.5,0,18471,0.058253478,0.019490011,0,0,0,0,0,0,0,0,0,0,0.44,0.961142099
211762.22,0.485298996,0.5,6236,37,0.48815,32.875,34.8125,36.49,0,0.02,0.15,0,0,20,0.5,0.104,5.5,50,1000,0.1,0.1,0.1,0.1,0.1,0.1,0.5,0,17023,0.059214005,0.019738002,0,0,0,0,0,0,0,0,0,0,0.44,0.961142099
211822.26,0.4401246,0.5,6236,37,0.483975,32.9375,34.875,36.47,0,0,0.07,0,0,20,0.5,0.104,5.5,50,1000,0.1,0.1,0.1,0.1,0.1,0.1,0.5,0,17065,0.057075886,0.019337826,0,0,0,0,0,0,0,0,0,0,5,0.961142099
211882.31,0.457391655,0.5,6236,37,0.1824,33.125,34.875,37.37,0,0,0.07,0,0,20,0.5,0.104,5.5,50,1000,0.1,0.1,0.1,0.1,0.1,0.1,0.5,0,16800,0.057738095,0.019464286,0,0,0,0,0,0,0,0,0,0,5,0.961142099
211942.35,0.458308657,0.5,6236,37,0.1462,33.3125,34.875,37.75,0,0,0.07,0,0,20,0.5,0.104,5.5,50,1000,0.1,0.1,0.1,0.1,0.1,0.1,0.5,0,16569,0.058422355,0.019675297,0,0,0,0,0,0,0,0,0,0,5,0.961142099
212002.39,0.461496234,0.5,6236,37,0.18925,33.1875,34.875,37.29,0,0,0.25,0,0,20,0.5,0.104,5.5,50,1000,0.1,0.1,0.1,0.1,0.1,0.1,0.5,0,17058,0.05780279,0.019521632,0,0,0,0,0,0,0,0,0,0,5,0.961142099
212062.44,0.471243915,0.5,6236,37,0.0842,33.25,34.875,37.55,0,0,0.07,0,0,20,0.5,0.104,5.5,50,1000,0.1,0.1,0.1,0.1,0.1,0.1,0.5,0,17527,0.057454213,0.019341587,0,0,0,0,0,0,0,0,0,0,5,0.961142099
212122.48,0.474382676,0.5,6236,37,0.0653,33.125,34.875,37.45,0,0,0.07,0,0,20,0.5,0.104,5.5,50,1000,0.1,0.1,0.1,0.1,0.1,0.1,0.5,0,16832,0.059173004,0.019843156,0,0,0,0,0,0,0,0,0,0,5,0.961142099
212182.52,0.49892497,0.5,6236,37,0.138,33.3125,34.9375,37.33,0,0,0.07,0,0,20,0.5,0.104,5.5,50,1000,0.1,0.1,0.1,0.1,0.1,0.1,0.5,0,17747,0.057418155,0.019383558,0,0,0,0,0,0,0,0,0,0,5,1.06440918
212242.59,0.475004553,0.5,6236,37,0.0969,33.25,34.9375,37.27,0,0,0.07,0,0,20,0.5,0.104,5.5,50,1000,0.1,0.1,0.1,0.1,0.1,0.1,0.5,0,17817,0.057809957,0.019588034,0,0,0,0,0,0,0,0,0,0,5,0.863794715
212302.66,0.502582512,0.5,6236,37,0.21455,33,34.9375,36.95,0,0,0.25,0,0,20,0.5,0.104,5.5,50,1000,0.1,0.1,0.1,0.1,0.1,0.1,0.5,0,17626,0.05854987,0.019686826,0,0,0,0,0,0,0,0,0,0,5,0.989911299
212362.72,0.503392339,0.5,6236,37,0.1517,33.0625,34.9375,37.27,0,0,0.07,0,0,20,0.5,0.104,5.5,50,1000,0.1,0.1,0.1,0.1,0.1,0.1,0.5,0,17727,0.058667569,0.01957466,0,0,0,0,0,0,0,0,0,0,5,0.945245839
212422.78,0.504172491,0.5,6236,37,0.1062,33.125,35,37.19,0,0,0,0,0,20,0.5,0.104,5.5,50,1000,0.1,0.1,0.1,0.1,0.1,0.1,0.5,0,17734,0.058926356,0.019848878,0,0,0,0,0,0,0,0,0,0,5,0.902629313
212482.83,0.516335894,0.5,6236,37,0.1205,33.1875,35,37.35,0,0,0,0,0,20,0.5,0.104,5.5,50,1000,0.1,0.1,0.1,0.1,0.1,0.1,0.5,0,18419,0.058200771,0.019545035,0,0,0,0,0,0,0,0,0,0,5,0.929015024
212542.9,0.531994504,0.5,6236,37,0.1725,33,34.9375,37.09,0,0,0,0,0,20,0.5,0.104,5.5,50,1000,0.1,0.1,0.1,0.1,0.1,0.1,0.5,0,17365,0.060351281,0.019925137,0,0,0,0,0,0,0,0,0,0,5,0.972191214
212602.99,0.531697308,0.5,6236,37,0.1118,33,34.9375,37.11,0,0,0,0,0,20,0.5,0.104,5.5,50,1000,0.1,0.1,0.1,0.1,0.1,0.1,0.5,0,19126,0.057565617,0.019502248,0,0,0,0,0,0,0,0,0,0,5,0.921905248
212663.04,0.529542986,0.5,6236,37,0.1379,32.9375,35,37.09,0,0,0,0,0,20,0.5,0.104,5.5,50,1000,0.1,0.1,0.1,0.1,0.1,0.1,0.5,0,18064,0.059344553,0.019763065,0,0,0,0,0,0,0,0,0,0,5,0.863629949
212723.12,0.54343247,0.5,6236,37,0.1146,32.9375,34.9375,37.19,0,0,0,0,0,20,0.5,0.104,5.5,50,1000,0.1,0.1,0.1,0.1,0.1,0.1,0.5,0,18882,0.05815062,0.019489461,0,0,0,0,0,0,0,0,0,0,5,0.89812176
212783.17,0.544372056,0.5,6236,37,0.1375,33,34.9375,37.11,0,0.02,0.15,0,0,20,0.5,0.104,5.5,50,1000,0.1,0.1,0.1,0.1,0.1,0.1,0.5,0,18722,0.058487341,0.01965602,0,0,0,0,0,0,0,0,0,0,0.44,0.89812176
212843.23,0.547718739,0.5,6236,37,0.430425,32.8125,34.9375,36.33,0,0.02,0.15,0,0,20,0.5,0.104,5.5,50,1000,0.1,0.1,0.1,0.1,0.1,0.1,0.5,0,19055,0.058042509,0.019312516,0,0,0,0,0,0,0,0,0,0,0.44,0.89812176
