exp_time,od_measured,od_setpoint,od_zero_setpoint,thermostat_setpoint,heating_rate,internal_air_temp,external_air_temp,media_temp,opt_gen_act_int,pump_1_rate,pump_2_rate,pump_3_rate,pump_4_rate,media_vol,stirring_rate,LED_395nm_setpoint,Van,OC6,IPTG,LED_457nm_setpoint,LED_500nm_setpoint,LED_523nm_setpoint,LED_595nm_setpoint,LED_623nm_setpoint,LED_6500K_setpoint,laser_setpoint,LED_UV_int,FP1_base,FP1_emit1,FP1_emit2,FP2_base,FP2_emit1,FP2_emit2,FP3_base,FP3_emit1,FP3_emit2,custom_prog_param1,custom_prog_param2,custom_prog_param3,custom_prog_status,zigzag_target,growth_rate
0.19,-0.003955018,0.5,6792,37,0.37445,30,34.25,35.81,0,0,0.25,0,0,20,0.5,0.1,0,0,0,0.1,0.1,0.1,0.1,0.1,0.1,0.5,0,7840,0.038647959,0.01619898,0,0,0,0,0,0,0,0,0,0,5,2
60.26,0.01769125,0.5,6792,37,0.3287,30.875,34.1875,36.01,0,0,0.07,0,0,20,0.5,0.1,0,0,0,0.1,0.1,0.1,0.1,0.1,0.1,0.5,0,7874,0.038989078,0.015748031,0,0,0,0,0,0,0,0,0,0,5,2
120.34,-0.005745526,0.5,6792,37,0.2635,31.4375,34.3125,36.29,0,0,0.07,0,0,20,0.5,0.1,0,0,0,0.1,0.1,0.1,0.1,0.1,0.1,0.5,0,7842,0.039148176,0.016322367,0,0,0,0,0,0,0,0,0,0,5,2
180.42,0.015558038,0.5,6792,37,0.2544,31.8125,34.3125,36.63,0,0,0.07,0,0,20,0.5,0.1,0,0,0,0.1,0.1,0.1,0.1,0.1,0.1,0.5,0,7948,0.039380976,0.015853045,0,0,0,0,0,0,0,0,0,0,5,2
240.5,0.016030637,0.5,6792,37,0.2293,32.0625,34.375,36.55,0,0,0.07,0,0,20,0.5,0.1,0,0,0,0.1,0.1,0.1,0.1,0.1,0.1,0.5,0,7881,0.038700673,0.016114706,0,0,0,0,0,0,0,0,0,0,5,2
300.57,0.03052615,0.5,6792,37,0.1912,32.3125,34.375,36.85,0,0,0.25,0,0,20,0.5,0.1,0,0,0,0.1,0.1,0.1,0.1,0.1,0.1,0.5,0,7886,0.03931017,0.015977682,0,0,0,0,0,0,0,0,0,0,5,2
360.64,0.00633322,0.5,6792,37,0.2246,32.375,34.4375,36.63,0,0,0.07,0,0,20,0.5,0.1,0,0,0,0.1,0.1,0.1,0.1,0.1,0.1,0.5,0,7869,0.039013852,0.016139281,0,0,0,0,0,0,0,0,0,0,5,-2.818324602
420.72,0.030815912,0.5,6792,37,0.1664,32.5625,34.5,36.71,0,0,0.07,0,0,20,0.5,0.1,0,0,0,0.1,0.1,0.1,0.1,0.1,0.1,0.5,0,7890,0.039543726,0.016096324,0,0,0,0,0,0,0,0,0,0,5,2.06925869
480.79,0.031819538,0.5,6792,37,0.2298,32.625,34.4375,36.79,0,0,0.07,0,0,20,0.5,0.1,0,0,0,0.1,0.1,0.1,0.1,0.1,0.1,0.5,0,7846,0.039765486,0.016059138,0,0,0,0,0,0,0,0,0,0,5,2.061943651
540.87,0.027689052,0.5,6792,37,0.1563,32.625,34.4375,36.79,0,0,0.07,0,0,20,0.5,0.1,0,0,0,0.1,0.1,0.1,0.1,0.1,0.1,0.5,0,7873,0.039248063,0.015623015,0,0,0,0,0,0,0,0,0,0,5,1.541716279
600.93,0.03240231,0.5,6792,37,0.1787,32.6875,34.4375,36.87,0,0,0.25,0,0,20,0.5,0.1,0,0,0,0.1,0.1,0.1,0.1,0.1,0.1,0.5,0,7934,0.039576506,0.016007058,0,0,0,0,0,0,0,0,0,0,5,1.936208286
660.99,0.02744857,0.5,6792,37,0.1882,32.75,34.4375,36.79,0,0,0.07,0,0,20,0.5,0.1,0,0,0,0.1,0.1,0.1,0.1,0.1,0.1,0.5,0,7920,0.039646465,0.015782828,0,0,0,0,0,0,0,0,0,0,5,1.341650979
721.07,0.020544209,0.5,6792,37,0.2112,32.75,34.4375,36.65,0,0,0.07,0,0,20,0.5,0.1,0,0,0,0.1,0.1,0.1,0.1,0.1,0.1,0.5,0,7873,0.039375079,0.016004065,0,0,0,0,0,0,0,0,0,0,5,0.405363527
781.14,0.028003237,0.5,6792,37,0.2157,32.8125,34.4375,36.87,0,0,0.07,0,0,20,0.5,0.1,0,0,0,0.1,0.1,0.1,0.1,0.1,0.1,0.5,0,7925,0.039242902,0.016025237,0,0,0,0,0,0,0,0,0,0,5,1.314318421
841.22,0.004797169,0.5,6792,37,0.2178,32.875,34.4375,36.79,0,0,0.07,0,0,20,0.5,0.1,0,0,0,0.1,0.1,0.1,0.1,0.1,0.1,0.5,0,7965,0.039548023,0.016070308,0,0,0,0,0,0,0,0,0,0,5,-4.044280166
901.26,0.013938285,0.5,6792,37,0.1584,32.9375,34.5,37.09,0,0,0,0,0,20,0.5,0.1,0,0,0,0.1,0.1,0.1,0.1,0.1,0.1,0.5,0,7932,0.039334342,0.016137166,0,0,0,0,0,0,0,0,0,0,5,-0.642225792
961.29,0.023734695,0.5,6792,37,0.2223,32.9375,34.5,36.81,0,0,0,0,0,20,0.5,0.1,0,0,0,0.1,0.1,0.1,0.1,0.1,0.1,0.5,0,7977,0.039237809,0.016046133,0,0,0,0,0,0,0,0,0,0,5,0.986781064
1021.37,0.026956198,0.5,6792,37,0.2132,33,34.5,36.93,0,0,0,0,0,20,0.5,0.1,0,0,0,0.1,0.1,0.1,0.1,0.1,0.1,0.5,0,7888,0.039426978,0.015973631,0,0,0,0,0,0,0,0,0,0,5,1.319268121
1081.43,0.031835085,0.5,6792,37,0.1417,33.0625,34.5,37.05,0,0,0,0,0,20,0.5,0.1,0,0,0,0.1,0.1,0.1,0.1,0.1,0.1,0.5,0,7988,0.039183776,0.015523285,0,0,0,0,0,0,0,0,0,0,5,1.752371892
1141.48,0.016428178,0.5,6792,37,0.1502,33.0625,34.5625,36.93,0,0,0,0,0,20,0.5,0.1,0,0,0,0.1,0.1,0.1,0.1,0.1,0.1,0.5,0,7918,0.039909068,0.016039404,0,0,0,0,0,0,0,0,0,0,5,-0.319959501
1201.56,0.030107236,0.5,6792,37,0.2117,33.0625,34.5625,36.93,0,0,0,0,0,20,0.5,0.1,0,0,0,0.1,0.1,0.1,0.1,0.1,0.1,0.5,0,8000,0.03975,0.016125,0,0,0,0,0,0,0,0,0,0,5,1.513340955
1261.6,0.02458896,0.5,6792,37,0.2114,33.0625,34.5625,36.97,0,0,0,0,0,20,0.5,0.1,0,0,0,0.1,0.1,0.1,0.1,0.1,0.1,0.5,0,7929,0.039223105,0.016143272,0,0,0,0,0,0,0,0,0,0,5,0.830269947
1321.68,0.036372242,0.5,6792,37,0.2023,33.125,34.5625,36.85,0,0,0,0,0,20,0.5,0.1,0,0,0,0.1,0.1,0.1,0.1,0.1,0.1,0.5,0,7967,0.039161541,0.016191791,0,0,0,0,0,0,0,0,0,0,5,1.963281463
1381.72,-0.019387374,0.5,6437,37,0.1414,33.0625,34.5,37.03,0,0,0,0,0,20,0.5,0.1,0,0,0,0.1,0.1,0.1,0.1,0.1,0.1,0.5,0,7943,0.039405766,0.016114818,0,0,0,0,0,0,0,0,0,0,5,1.963281463
1441.75,-0.000222692,0.5,6573,37,0.182,33.125,34.5,36.87,0,0,0,0,0,20,0.5,0.1,0,0,0,0.1,0.1,0.1,0.1,0.1,0.1,0.5,0,7921,0.039388966,0.016285822,0,0,0,0,0,0,0,0,0,0,5,1.963281463
1501.83,-0.00046776,0.5,6573,37,0.1764,33.1875,34.5,36.97,0,0,0,0,0,20,0.5,0.1,0,0,0,0.1,0.1,0.1,0.1,0.1,0,0.5,0,7935,0.039823566,0.016257089,0,0,0,0,0,0,0,0,0,0,5,1.963281463
1561.89,0.003159199,0.5,6573,37,0.2179,33.1875,34.5625,36.93,0,0,0,0,0,20,0.5,0.1,0,0,0,0.1,0.1,0.1,0.1,0.1,0,0.5,0,7957,0.03971346,0.016337816,0,0,0,0,0,0,0,0,0,0,5,1.963281463
1621.95,-0.013760289,0.5,6573,37,0.1384,33.1875,34.5625,36.95,0,0,0,0,0,20,0.5,0.1,0,0,0,0.1,0.1,0.1,0.1,0.1,0,0.5,0,7988,0.039684527,0.016149224,0,0,0,0,0,0,0,0,0,0,5,1.963281463
1682.01,-0.011282713,0.5,6573,37,0.1881,33.1875,34.5625,36.95,0,0,0,0,0,20,0.5,0.1,0,0,0,0.1,0.1,0.1,0.1,0.1,0,0.5,0,7987,0.039564292,0.016026042,0,0,0,0,0,0,0,0,0,0,5,1.963281463
1742.08,-0.003941012,0.5,6621,37,0.2143,33.0625,34.625,36.87,0,0,0,0,0,20,0.5,0.1,0,0,0,0.1,0.1,0.1,0.1,0.1,0.1,0.5,0,8005,0.039225484,0.016364772,0,0,0,0,0,0,0,0,0,0,5,1.963281463
1802.16,0.009837679,0.5,6621,37,0.1984,33.0625,34.625,37.03,0,0,0,0,0,20,0.5,0.1,0,0,0,0.1,0.1,0.1,0.1,0.1,0.1,0.5,0,7970,0.039146801,0.016185696,0,0,0,0,0,0,0,0,0,0,5,1.963281463
1862.23,0.010356859,0.5,6621,37,0.1569,33.0625,34.625,36.87,0,0,0,0,0,20,0.5,0.1,0,0,0,0.1,0.1,0.1,0.1,0.1,0.1,0.5,0,7943,0.039279869,0.015863024,0,0,0,0,0,0,0,0,0,0,5,2.01940493
1922.3,0.006036947,0.5,6621,37,0.2008,33.0625,34.6875,36.89,0,0,0,0,0,20,0.5,0.1,0,0,0,0.1,0.1,0.1,0.1,0.1,0.1,0.5,0,8016,0.039545908,0.015968064,0,0,0,0,0,0,0,0,0,0,5,0.299183164
1982.33,-0.015520295,0.5,6621,37,0.1764,33.0625,34.6875,36.79,0,0,0,0,0,20,0.5,0.101,0,0,0,0.1,0.1,0.1,0.1,0.1,0.1,0.5,0,7993,0.039284374,0.016264231,0,0,0,0,0,0,0,0,0,0,5,0.299183164
2042.41,0.012956051,0.5,6621,37,0.2376,33.125,34.6875,36.85,0,0,0,0,0,20,0.5,0.101,0,0,0,0.1,0.1,0.1,0.1,0.1,0.1,0.5,0,8034,0.039706248,0.01618123,0,0,0,0,0,0,0,0,0,0,5,0.299183164
2102.46,0.017680264,0.5,6621,37,0.1764,33.0625,34.625,37.09,0,0,0,0,0,20,0.5,0.101,0,0,0,0.1,0.1,0.1,0.1,0.1,0.1,0.5,0,8074,0.039014119,0.015977211,0,0,0,0,0,0,0,0,0,0,5,1.216882123
2162.53,0.01626647,0.5,6621,37,0.2179,33.125,34.625,36.97,0,0,0,0,0,20,0.5,0.101,0,0,0,0.1,0.1,0.1,0.1,0.1,0.1,0.5,0,8105,0.039481801,0.015916101,0,0,0,0,0,0,0,0,0,0,5,0.906008845
2222.57,0.01786685,0.5,6621,37,0.1767,33.1875,34.625,37.03,0,0,0,0,0,20,0.5,0.101,0,0,0,0.1,0.1,0.1,0.1,0.1,0.1,0.5,0,8053,0.039115857,0.016018875,0,0,0,0,0,0,0,0,0,0,5,1.142231674
2282.63,0.01200641,0.5,6621,37,0.1496,33.1875,34.6875,36.97,0,0,0,0,0,20,0.5,0.101,0,0,0,0.1,0.1,0.1,0.1,0.1,0.1,0.5,0,8106,0.0392302,0.015790772,0,0,0,0,0,0,0,0,0,0,5,-0.107398918
2342.68,0.018976904,0.5,6621,37,0.1672,33.125,34.625,37.01,0,0,0,0,0,20,0.5,0.101,0,0,0,0.1,0.1,0.1,0.1,0.1,0.1,0.5,0,8069,0.039162226,0.01586318,0,0,0,0,0,0,0,0,0,0,5,1.271316935
2402.73,0.01798964,0.5,6621,37,0.2364,33.1875,34.625,36.93,0,0,0,0,0,20,0.5,0.101,0,0,0,0.1,0.1,0.1,0.1,0.1,0.1,0.5,0,8073,0.039390561,0.015607581,0,0,0,0,0,0,0,0,0,0,5,1.047471201
2462.8,0.015773942,0.5,6621,37,0.1693,33.125,34.625,36.89,0,0,0,0,0,20,0.5,0.101,0,0,0,0.1,0.1,0.1,0.1,0.1,0.1,0.5,0,8067,0.039667782,0.015495227,0,0,0,0,0,0,0,0,0,0,5,0.600787597
2522.89,0.015930528,0.5,6621,37,0.136,33.125,34.625,36.97,0,0,0,0,0,20,0.5,0.101,0,0,0,0.1,0.1,0.1,0.1,0.1,0.1,0.5,0,8068,0.039538919,0.015989093,0,0,0,0,0,0,0,0,0,0,5,0.600381938
2582.96,0.016819562,0.5,6621,37,0.1554,33.0625,34.625,36.93,0,0,0,0,0,20,0.5,0.101,0,0,0,0.1,0.1,0.1,0.1,0.1,0.1,0.5,0,8090,0.039060569,0.016069221,0,0,0,0,0,0,0,0,0,0,5,0.733278942
2643.03,0.016848203,0.5,6621,37,0.1498,33.125,34.6875,36.73,0,0,0,0,0,20,0.5,0.101,0,0,0,0.1,0.1,0.1,0.1,0.1,0.1,0.5,0,8139,0.039439735,0.015849613,0,0,0,0,0,0,0,0,0,0,5,0.701719143
2703.09,0.015958042,0.5,6621,37,0.1889,33.125,34.6875,37.05,0,0,0,0,0,20,0.5,0.101,0,0,0,0.1,0.1,0.1,0.1,0.1,0.1,0.5,0,8152,0.039008832,0.016069676,0,0,0,0,0,0,0,0,0,0,5,0.503789926
2763.13,0.013626784,0.5,6621,37,0.259,33.125,34.75,36.69,0,0,0,0,0,20,0.5,0.101,0,0,0,0.1,0.1,0.1,0.1,0.1,0.1,0.5,0,8098,0.039268955,0.016300321,0,0,0,0,0,0,0,0,0,0,5,0.004823591
2823.2,0.016881085,0.5,6621,37,0.2105,33.125,34.6875,36.87,0,0,0,0,0,20,0.5,0.101,0,0,0,0.1,0.1,0.1,0.1,0.1,0.1,0.5,0,8057,0.039096438,0.016135038,0,0,0,0,0,0,0,0,0,0,5,0.647051744
2883.24,0.013442406,0.5,6621,37,0.1175,33.1875,34.75,36.89,0,0,0,0,0,20,0.5,0.101,0,0,0,0.1,0.1,0.1,0.1,0.1,0.1,0.5,0,8069,0.039162226,0.015739249,0,0,0,0,0,0,0,0,0,0,5,-0.068639007
2943.29,0.015347687,0.5,6621,37,0.1519,33.125,34.625,36.87,0,0,0,0,0,20,0.5,0.101,0,0,0,0.1,0.1,0.1,0.1,0.1,0.1,0.5,0,8118,0.039295393,0.016013797,0,0,0,0,0,0,0,0,0,0,5,0.332444327
3003.37,0.017411073,0.5,6621,37,0.1999,33.125,34.625,36.93,0,0,0,0,0,20,0.5,0.101,0,0,0,0.1,0.1,0.1,0.1,0.1,0.1,0.5,0,8108,0.038973853,0.016033547,0,0,0,0,0,0,0,0,0,0,5,0.694246857
3063.44,0.014421921,0.5,6621,37,0.1593,33.1875,34.6875,36.85,0,0,0,0,0,20,0.5,0.101,0,0,0,0.1,0.1,0.1,0.1,0.1,0.1,0.5,0,8167,0.039426962,0.015917718,0,0,0,0,0,0,0,0,0,0,5,0.094463344
3123.5,0.015805358,0.5,6621,37,0.1878,33.125,34.6875,36.97,0,0,0,0,0,20,0.5,0.101,0,0,0,0.1,0.1,0.1,0.1,0.1,0.1,0.5,0,8189,0.03907681,0.015508609,0,0,0,0,0,0,0,0,0,0,5,0.364539241
3183.59,0.014580197,0.5,6621,37,0.1993,33.125,34.625,37.09,0,0,0,0,0,20,0.5,0.101,0,0,0,0.1,0.1,0.1,0.1,0.1,0.1,0.5,0,8179,0.039369116,0.016016628,0,0,0,0,0,0,0,0,0,0,5,0.104257958
3243.63,0.014089004,0.5,6621,37,0.2105,33.125,34.625,37.03,0,0,0,0,0,20,0.5,0.101,0,0,0,0.1,0.1,0.1,0.1,0.1,0.1,0.5,0,8169,0.038927653,0.015913821,0,0,0,0,0,0,0,0,0,0,5,-0.003763819
3303.69,0.014732111,0.5,6621,37,0.1746,33.125,34.625,37.17,0,0,0,0,0,20,0.5,0.101,0,0,0,0.1,0.1,0.1,0.1,0.1,0.1,0.5,0,8212,0.038845592,0.016195811,0,0,0,0,0,0,0,0,0,0,5,0.130329113
3363.75,0.016787729,0.5,6621,37,0.1734,33.1875,34.625,37.01,0,0,0,0,0,20,0.5,0.101,0,0,0,0.1,0.1,0.1,0.1,0.1,0.1,0.5,0,8211,0.039337474,0.015345269,0,0,0,0,0,0,0,0,0,0,5,0.515668716
3423.83,0.017003498,0.5,6621,37,0.2146,33.1875,34.5625,36.87,0,0,0,0,0,20,0.5,0.101,0,0,0,0.1,0.1,0.1,0.1,0.1,0.1,0.5,0,8250,0.039030303,0.015757576,0,0,0,0,0,0,0,0,0,0,5,0.528197877
3483.86,0.022253687,0.5,6621,37,0.1737,33.1875,34.625,36.95,0,0,0,0,0,20,0.5,0.101,0,0,0,0.1,0.1,0.1,0.1,0.1,0.1,0.5,0,8173,0.039030956,0.016028386,0,0,0,0,0,0,0,0,0,0,5,1.309053865
3543.94,0.018205625,0.5,6621,37,0.176,33.125,34.5625,37.09,0,0,0,0,0,20,0.5,0.101,0,0,0,0.1,0.1,0.1,0.1,0.1,0.1,0.5,0,8188,0.039570103,0.015999023,0,0,0,0,0,0,0,0,0,0,5,0.641269785
3604.01,0.019748596,0.5,6621,37,0.219,33.0625,34.5625,36.97,0,0,0,0,0,20,0.5,0.101,0,0,0,0.1,0.1,0.1,0.1,0.1,0.1,0.5,0,8162,0.039573634,0.016049988,0,0,0,0,0,0,0,0,0,0,5,0.853261668
3664.06,0.0145493,0.5,6621,37,0.189,33.0625,34.5625,37.05,0,0,0,0,0,20,0.5,0.101,0,0,0,0.1,0.1,0.1,0.1,0.1,0.1,0.5,0,8236,0.039218067,0.015541525,0,0,0,0,0,0,0,0,0,0,5,-0.106019815
3724.13,0.019222467,0.5,6621,37,0.1569,33.125,34.625,36.81,0,0,0,0,0,20,0.5,0.101,0,0,0,0.1,0.1,0.1,0.1,0.1,0.1,0.5,0,8164,0.039073983,0.016291034,0,0,0,0,0,0,0,0,0,0,5,0.734891694
3784.21,0.022012478,0.5,6621,37,0.1501,33.125,34.625,36.81,0,0,0,0,0,20,0.5,0.101,0,0,0,0.1,0.1,0.1,0.1,0.1,0.1,0.5,0,8236,0.039096649,0.015541525,0,0,0,0,0,0,0,0,0,0,5,1.104736332
3844.25,0.020892373,0.5,6621,37,0.2169,33.125,34.75,36.81,0,0,0,0,0,20,0.5,0.101,0,0,0,0.1,0.1,0.1,0.1,0.1,0.1,0.5,0,8209,0.039347058,0.015958095,0,0,0,0,0,0,0,0,0,0,5,0.892823531
3904.32,0.022286455,0.5,6621,37,0.1937,33.125,34.6875,36.93,0,0,0,0,0,20,0.5,0.101,0,0,0,0.1,0.1,0.1,0.1,0.1,0.1,0.5,0,8265,0.039322444,0.015728978,0,0,0,0,0,0,0,0,0,0,5,1.041967182
3964.39,0.020767245,0.5,6621,37,0.1866,33.125,34.75,36.97,0,0,0,0,0,20,0.5,0.101,0,0,0,0.1,0.1,0.1,0.1,0.1,0.1,0.5,0,8250,0.039151515,0.016,0,0,0,0,0,0,0,0,0,0,5,0.778062455
4024.47,0.019255969,0.5,6621,37,0.2319,33.1875,34.6875,36.79,0,0,0,0,0,20,0.5,0.101,0,0,0,0.1,0.1,0.1,0.1,0.1,0.1,0.5,0,8232,0.039237123,0.015549077,0,0,0,0,0,0,0,0,0,0,5,0.512491672
4084.51,0.023711956,0.5,6621,37,0.173,33.125,34.625,36.87,0,0,0,0,0,20,0.5,0.101,0,0,0,0.1,0.1,0.1,0.1,0.1,0.1,0.5,0,8278,0.039381493,0.015825079,0,0,0,0,0,0,0,0,0,0,5,1.111341931
4144.55,0.019470498,0.5,6621,37,0.2163,33.125,34.625,36.89,0,0,0,0,0,20,0.5,0.101,0,0,0,0.1,0.1,0.1,0.1,0.1,0.1,0.5,0,8340,0.038968825,0.015947242,0,0,0,0,0,0,0,0,0,0,5,0.464537827
4204.59,0.018883348,0.5,6621,37,0.1993,33.125,34.6875,36.87,0,0,0,0,0,20,0.5,0.101,0,0,0,0.1,0.1,0.1,0.1,0.1,0.1,0.5,0,8268,0.039187228,0.015965167,0,0,0,0,0,0,0,0,0,0,5,0.349451206
4264.67,0.02573653,0.5,6621,37,0.2302,33.1875,34.6875,36.89,0,0,0,0,0,20,0.5,0.101,0,0,0,0.1,0.1,0.1,0.1,0.1,0.1,0.5,0,8227,0.039139419,0.015680078,0,0,0,0,0,0,0,0,0,0,5,1.260871388
4324.75,0.024303029,0.5,6621,37,0.1993,33.1875,34.625,36.93,0,0,0,0,0,20,0.5,0.101,0,0,0,0.1,0.1,0.1,0.1,0.1,0.1,0.5,0,8315,0.03884546,0.016115454,0,0,0,0,0,0,0,0,0,0,5,1.025896714
4384.84,0.024271673,0.5,6621,37,0.1802,33.1875,34.625,36.95,0,0,0,0,0,20,0.5,0.101,0,0,0,0.1,0.1,0.1,0.1,0.1,0.1,0.5,0,8284,0.038990826,0.015572187,0,0,0,0,0,0,0,0,0,0,5,0.970728705
4444.9,0.021076927,0.5,6621,37,0.2364,33.125,34.625,37.05,0,0,0,0,0,20,0.5,0.101,0,0,0,0.1,0.1,0.1,0.1,0.1,0.1,0.5,0,8320,0.0390625,0.015865385,0,0,0,0,0,0,0,0,0,0,5,0.498799273
4504.97,0.025547979,0.5,6621,37,0.1584,33.125,34.625,36.87,0,0,0,0,0,20,0.5,0.101,0,0,0,0.1,0.1,0.1,0.1,0.1,0.1,0.5,0,8338,0.039457904,0.016071,0,0,0,0,0,0,0,0,0,0,5,1.050997028
4565.02,0.02405375,0.5,6621,37,0.1872,33.125,34.625,36.87,0,0,0,0,0,20,0.5,0.101,0,0,0,0.1,0.1,0.1,0.1,0.1,0.1,0.5,0,8244,0.03942261,0.015769044,0,0,0,0,0,0,0,0,0,0,5,0.817645328
4625.1,0.026765221,0.5,6621,37,0.1657,33.125,34.625,36.87,0,0,0,0,0,20,0.5,0.101,0,0,0,0.1,0.1,0.1,0.1,0.1,0.1,0.5,0,8262,0.039457758,0.015734689,0,0,0,0,0,0,0,0,0,0,5,1.097200274
4685.2,0.023560086,0.5,6621,37,0.1742,33.125,34.6875,36.87,0,0,0,0,0,20,0.5,0.101,0,0,0,0.1,0.1,0.1,0.1,0.1,0.1,0.5,0,8353,0.038788459,0.015922423,0,0,0,0,0,0,0,0,0,0,5,0.659692384
4745.28,0.030359791,0.5,6621,37,0.2163,33.125,34.75,36.95,0,0,0,0,0,20,0.5,0.101,0,0,0,0.1,0.1,0.1,0.1,0.1,0.1,0.5,0,8273,0.039163544,0.015834643,0,0,0,0,0,0,0,0,0,0,5,1.387402927
4805.35,0.019072957,0.5,6621,37,0.1937,33.125,34.6875,36.87,0,0,0,0,0,20,0.5,0.101,0,0,0,0.1,0.1,0.1,0.1,0.1,0.1,0.5,0,8269,0.039424356,0.015963236,0,0,0,0,0,0,0,0,0,0,5,-0.076510112
4865.43,0.024865246,0.5,6621,37,0.2164,33.0625,34.5625,36.97,0,0,0,0,0,20,0.5,0.101,0,0,0,0.1,0.1,0.1,0.1,0.1,0.1,0.5,0,8288,0.03957529,0.015926641,0,0,0,0,0,0,0,0,0,0,5,0.722914362
4925.51,0.023218696,0.5,6621,37,0.1817,33.125,34.5625,36.87,0,0,0,0,0,20,0.5,0.101,0,0,0,0.1,0.1,0.1,0.1,0.1,0.1,0.5,0,8332,0.039246279,0.015842535,0,0,0,0,0,0,0,0,0,0,5,0.481228759
4985.55,0.02536367,0.5,6621,37,0.1693,33.1875,34.625,36.95,0,0,0,0,0,20,0.5,0.101,0,0,0,0.1,0.1,0.1,0.1,0.1,0.1,0.5,0,8336,0.038867562,0.016074856,0,0,0,0,0,0,0,0,0,0,5,0.722247444
5045.61,0.030516922,0.5,6621,37,0.1572,33.125,34.625,37.05,0,0,0,0,0,20,0.5,0.101,0,0,0,0.1,0.1,0.1,0.1,0.1,0.1,0.5,0,8319,0.039668229,0.016107705,0,0,0,0,0,0,0,0,0,0,5,1.241025586
5105.66,0.027047088,0.5,6621,37,0.179,33.1875,34.5625,37.01,0,0,0,0,0,20,0.5,0.101,0,0,0,0.1,0.1,0.1,0.1,0.1,0.1,0.5,0,8359,0.03899988,0.015671731,0,0,0,0,0,0,0,0,0,0,5,0.81686829
5165.7,0.025019271,0.5,6621,37,0.1793,33.125,34.5625,37.19,0,0,0,0,0,20,0.5,0.101,0,0,0,0.1,0.1,0.1,0.1,0.1,0.1,0.5,0,8268,0.039550073,0.016086115,0,0,0,0,0,0,0,0,0,0,5,0.542225961
5225.77,0.024740933,0.5,6621,37,0.1796,33.0625,34.5625,36.93,0,0,0,0,0,20,0.5,0.101,0,0,0,0.1,0.1,0.1,0.1,0.1,0.1,0.5,0,8344,0.03942953,0.015939597,0,0,0,0,0,0,0,0,0,0,5,0.481552793
5285.81,0.028918687,0.5,6621,37,0.1893,33.0625,34.5625,36.89,0,0,0,0,0,20,0.5,0.101,0,0,0,0.1,0.1,0.1,0.1,0.1,0.1,0.5,0,8381,0.038539554,0.015988546,0,0,0,0,0,0,0,0,0,0,5,0.925561894
5345.88,0.029733584,0.5,6621,37,0.1478,33.0625,34.5625,36.95,0,0,0,0,0,20,0.5,0.101,0,0,0,0.1,0.1,0.1,0.1,0.1,0.1,0.5,0,8322,0.038932949,0.015621245,0,0,0,0,0,0,0,0,0,0,5,0.962651332
5405.92,0.026140514,0.5,6621,37,0.2105,33.0625,34.625,37.03,0,0,0,0,0,20,0.5,0.101,0,0,0,0.1,0.1,0.1,0.1,0.1,0.1,0.5,0,8304,0.039378613,0.015895954,0,0,0,0,0,0,0,0,0,0,5,0.528146294
5465.99,0.033566933,0.5,6621,37,0.2129,33,34.625,36.85,0,0,0,0,0,20,0.5,0.101,0,0,0,0.1,0.1,0.1,0.1,0.1,0.1,0.5,0,8443,0.039204074,0.015989577,0,0,0,0,0,0,0,0,0,0,5,1.251904212
5526.05,0.030394002,0.5,6621,37,0.1505,33.125,34.625,37.17,0,0,0,0,0,20,0.5,0.101,0,0,0,0.1,0.1,0.1,0.1,0.1,0.1,0.5,0,8349,0.039046592,0.015930052,0,0,0,0,0,0,0,0,0,0,5,0.891420527
5586.12,0.027605784,0.5,6621,37,0.1469,33.0625,34.625,37.03,0,0,0,0,0,20,0.5,0.101,0,0,0,0.1,0.1,0.1,0.1,0.1,0.1,0.5,0,8385,0.038998211,0.016100179,0,0,0,0,0,0,0,0,0,0,5,0.558189619
5646.15,0.027824998,0.5,6621,37,0.211,33.0625,34.625,36.93,0,0,0,0,0,20,0.5,0.101,0,0,0,0.1,0.1,0.1,0.1,0.1,0.1,0.5,0,8365,0.038971907,0.016019127,0,0,0,0,0,0,0,0,0,0,5,0.554008659
5706.24,0.030015198,0.5,6621,37,0.219,33.0625,34.6875,36.89,0,0,0,0,0,20,0.5,0.101,0,0,0,0.1,0.1,0.1,0.1,0.1,0.1,0.5,0,8403,0.038676663,0.015946686,0,0,0,0,0,0,0,0,0,0,5,0.753615359
5766.31,0.034323766,0.5,6621,37,0.1934,33.125,34.6875,36.71,0,0,0,0,0,20,0.5,0.101,0,0,0,0.1,0.1,0.1,0.1,0.1,0.1,0.5,0,8428,0.039155197,0.016018035,0,0,0,0,0,0,0,0,0,0,5,1.118337042
5826.39,0.031488398,0.5,6621,37,0.1875,33.1875,34.75,36.81,0,0,0,0,0,20,0.5,0.101,0,0,0,0.1,0.1,0.1,0.1,0.1,0.1,0.5,0,8418,0.039201711,0.015561891,0,0,0,0,0,0,0,0,0,0,5,0.803763641
5886.43,0.030551104,0.5,6621,37,0.1448,33.125,34.6875,36.95,0,0,0,0,0,20,0.5,0.101,0,0,0,0.1,0.1,0.1,0.1,0.1,0.1,0.5,0,8420,0.039429929,0.015795724,0,0,0,0,0,0,0,0,0,0,5,0.672920393
5946.5,0.032149546,0.5,6621,37,0.1893,33.0625,34.6875,36.95,0,0,0,0,0,20,0.5,0.101,0,0,0,0.1,0.1,0.1,0.1,0.1,0.1,0.5,0,8461,0.039120671,0.015837371,0,0,0,0,0,0,0,0,0,0,5,0.792266896
6006.54,0.031427096,0.5,6621,37,0.2081,33.1875,34.625,36.95,0,0,0,0,0,20,0.5,0.101,0,0,0,0.1,0.1,0.1,0.1,0.1,0.1,0.5,0,8407,0.038777209,0.016176995,0,0,0,0,0,0,0,0,0,0,5,0.684469973
6066.61,0.033689943,0.5,6621,37,0.209,33.125,34.6875,36.97,0,0,0,0,0,20,0.5,0.101,0,0,0,0.1,0.1,0.1,0.1,0.1,0.1,0.5,0,8437,0.038639327,0.016119474,0,0,0,0,0,0,0,0,0,0,5,0.858833196
6126.65,0.036283361,0.5,6621,37,0.2143,33.1875,34.6875,37.11,0,0,0,0,0,20,0.5,0.101,0,0,0,0.1,0.1,0.1,0.1,0.1,0.1,0.5,0,8390,0.03897497,0.015971395,0,0,0,0,0,0,0,0,0,0,5,1.038371258
6186.69,0.032436552,0.5,6621,37,0.1284,33.125,34.625,36.93,0,0,0,0,0,20,0.5,0.101,0,0,0,0.1,0.1,0.1,0.1,0.1,0.1,0.5,0,8394,0.039552061,0.015844651,0,0,0,0,0,0,0,0,0,0,5,0.65023271
6246.77,0.033502658,0.5,6621,37,0.1551,33.125,34.625,36.93,0,0,0,0,0,20,0.5,0.101,0,0,0,0.1,0.1,0.1,0.1,0.1,0.1,0.5,0,8436,0.039236605,0.016121385,0,0,0,0,0,0,0,0,0,0,5,0.714737547
6306.85,0.039384363,0.5,6621,37,0.1878,33.0625,34.625,36.87,0,0,0,0,0,20,0.5,0.101,0,0,0,0.1,0.1,0.1,0.1,0.1,0.1,0.5,0,8476,0.03916942,0.016045304,0,0,0,0,0,0,0,0,0,0,5,1.164232916
6366.91,0.034099593,0.5,6621,37,0.2317,33.0625,34.625,36.89,0,0,0,0,0,20,0.5,0.101,0,0,0,0.1,0.1,0.1,0.1,0.1,0.1,0.5,0,8429,0.039031914,0.015897497,0,0,0,0,0,0,0,0,0,0,5,0.673771057
6426.99,0.034195317,0.5,6621,37,0.1599,33.125,34.625,37.01,0,0,0,0,0,20,0.5,0.101,0,0,0,0.1,0.1,0.1,0.1,0.1,0.1,0.5,0,8453,0.038921093,0.016088962,0,0,0,0,0,0,0,0,0,0,5,0.648492278
6487.05,0.037133628,0.5,6621,37,0.2388,33.125,34.6875,36.93,0,0,0,0,0,20,0.5,0.101,0,0,0,0.1,0.1,0.1,0.1,0.1,0.1,0.5,0,8495,0.038728664,0.015891701,0,0,0,0,0,0,0,0,0,0,5,0.863370515
6547.11,0.033438919,0.5,6621,37,0.2129,33.125,34.625,37.05,0,0,0,0,0,20,0.5,0.101,0,0,0,0.1,0.1,0.1,0.1,0.1,0.1,0.5,0,8567,0.038753356,0.015991596,0,0,0,0,0,0,0,0,0,0,5,0.505794445
6607.17,0.035145182,0.5,6621,37,0.1558,33.1875,34.6875,36.85,0,0,0,0,0,20,0.5,0.101,0,0,0,0.1,0.1,0.1,0.1,0.1,0.1,0.5,0,8512,0.038533835,0.015977444,0,0,0,0,0,0,0,0,0,0,5,0.629805955
6667.2,0.03741689,0.5,6621,37,0.197,33.25,34.6875,37.11,0,0,0,0,0,20,0.5,0.101,0,0,0,0.1,0.1,0.1,0.1,0.1,0.1,0.5,0,8475,0.038702065,0.015811209,0,0,0,0,0,0,0,0,0,0,5,0.786219596
6727.28,0.041957276,0.5,6621,37,0.1411,33.1875,34.75,36.93,0,0,0,0,0,20,0.5,0.101,0,0,0,0.1,0.1,0.1,0.1,0.1,0.1,0.5,0,8469,0.038729484,0.015940489,0,0,0,0,0,0,0,0,0,0,5,1.090497649
6787.35,0.03656253,0.5,6621,37,0.1755,33.25,34.6875,36.97,0,0,0,0,0,20,0.5,0.101,0,0,0,0.1,0.1,0.1,0.1,0.1,0.1,0.5,0,8500,0.039176471,0.016,0,0,0,0,0,0,0,0,0,0,5,0.623088944
6847.38,0.04189526,0.5,6621,37,0.1799,33.1875,34.625,37.05,0,0,0,0,0,20,0.5,0.101,0,0,0,0.1,0.1,0.1,0.1,0.1,0.1,0.5,0,8539,0.038646212,0.015809814,0,0,0,0,0,0,0,0,0,0,5,1.000380812
6907.43,0.040716637,0.5,6621,37,0.1902,33.1875,34.6875,37.03,0,0,0,0,0,20,0.5,0.101,0,0,0,0.1,0.1,0.1,0.1,0.1,0.1,0.5,0,8536,0.038659794,0.01581537,0,0,0,0,0,0,0,0,0,0,5,0.864753991
6967.49,0.038753514,0.5,6621,37,0.1675,33.1875,34.6875,36.81,0,0,0,0,0,20,0.5,0.101,0,0,0,0.1,0.1,0.1,0.1,0.1,0.1,0.5,0,8543,0.038862226,0.015568302,0,0,0,0,0,0,0,0,0,0,5,0.673270246
7027.55,0.036563814,0.5,6621,37,0.1642,33.125,34.6875,36.93,0,0,0,0,0,20,0.5,0.101,0,0,0,0.1,0.1,0.1,0.1,0.1,0.1,0.5,0,8566,0.038641139,0.015759981,0,0,0,0,0,0,0,0,0,0,5,0.465119665
7087.6,0.041353824,0.5,6621,37,0.176,33.1875,34.6875,36.93,0,0,0,0,0,20,0.5,0.101,0,0,0,0.1,0.1,0.1,0.1,0.1,0.1,0.5,0,8528,0.038930582,0.015830206,0,0,0,0,0,0,0,0,0,0,5,0.811181135
7147.68,0.047877486,0.5,6621,37,0.2128,33.125,34.5625,37.17,0,0,0,0,0,20,0.5,0.101,0,0,0,0.1,0.1,0.1,0.1,0.1,0.1,0.5,0,8505,0.039035861,0.015990594,0,0,0,0,0,0,0,0,0,0,5,1.210063549
7207.71,0.045409801,0.5,6621,37,0.1675,33.0625,34.5625,36.87,0,0,0,0,0,20,0.5,0.101,0,0,0,0.1,0.1,0.1,0.1,0.1,0.1,0.5,0,8552,0.039055192,0.015785781,0,0,0,0,0,0,0,0,0,0,5,0.990808099
7267.79,0.043363123,0.5,6621,37,0.2202,33.0625,34.5625,36.87,0,0,0,0,0,20,0.5,0.101,0,0,0,0.1,0.1,0.1,0.1,0.1,0.1,0.5,0,8636,0.038443724,0.015863826,0,0,0,0,0,0,0,0,0,0,5,0.802911967
7327.87,0.045058851,0.5,6621,37,0.169,33.0625,34.5625,36.93,0,0,0,0,0,20,0.5,0.101,0,0,0,0.1,0.1,0.1,0.1,0.1,0.1,0.5,0,8507,0.039144234,0.015986834,0,0,0,0,0,0,0,0,0,0,5,0.877846497
7387.95,0.048389941,0.5,6621,37,0.174,33.125,34.625,36.95,0,0,0,0,0,20,0.5,0.101,0,0,0,0.1,0.1,0.1,0.1,0.1,0.1,0.5,0,8614,0.038541909,0.015904342,0,0,0,0,0,0,0,0,0,0,5,1.047921812
7448.01,0.04964713,0.5,6621,37,0.1734,33.125,34.625,36.93,0,0,0,0,0,20,0.5,0.101,0,0,0,0.1,0.1,0.1,0.1,0.1,0.1,0.5,0,8593,0.038868847,0.015826836,0,0,0,0,0,0,0,0,0,0,5,1.072471534
7508.07,0.0493947,0.5,6621,37,0.1439,33.125,34.625,36.93,0,0,0,0,0,20,0.5,0.101,0,0,0,0.1,0.1,0.1,0.1,0.1,0.1,0.5,0,8593,0.038868847,0.015710462,0,0,0,0,0,0,0,0,0,0,5,1.003555652
7568.1,0.047715913,0.5,6621,37,0.226,33.0625,34.6875,36.97,0,0,0,0,0,20,0.5,0.101,0,0,0,0.1,0.1,0.1,0.1,0.1,0.1,0.5,0,8601,0.039065225,0.015812115,0,0,0,0,0,0,0,0,0,0,5,0.849643266
7628.14,0.050389319,0.5,6621,37,0.1881,33.0625,34.6875,36.95,0,0,0,0,0,20,0.5,0.101,0,0,0,0.1,0.1,0.1,0.1,0.1,0.1,0.5,0,8628,0.038711173,0.015762633,0,0,0,0,0,0,0,0,0,0,5,0.970703958
7688.19,0.049778377,0.5,6621,37,0.2125,33.125,34.6875,36.85,0,0,0,0,0,20,0.5,0.101,0,0,0,0.1,0.1,0.1,0.1,0.1,0.1,0.5,0,8633,0.038804587,0.015869339,0,0,0,0,0,0,0,0,0,0,5,0.885573188
7748.25,0.051296328,0.5,6621,37,0.194,33.125,34.6875,37.03,0,0,0,0,0,20,0.5,0.101,0,0,0,0.1,0.1,0.1,0.1,0.1,0.1,0.5,0,8719,0.038651221,0.015827503,0,0,0,0,0,0,0,0,0,0,5,0.931409917
7808.29,0.057030163,0.5,6621,37,0.1793,33.125,34.6875,37.05,0,0,0,0,0,20,0.5,0.101,0,0,0,0.1,0.1,0.1,0.1,0.1,0.1,0.5,0,8639,0.03889339,0.015974071,0,0,0,0,0,0,0,0,0,0,5,1.202722853
7868.32,0.05164528,0.5,6621,37,0.1758,33.125,34.625,36.97,0,0,0,0,0,20,0.5,0.101,0,0,0,0.1,0.1,0.1,0.1,0.1,0.1,0.5,0,8650,0.039075145,0.015953757,0,0,0,0,0,0,0,0,0,0,5,0.845042202
7928.38,0.05048393,0.5,6621,37,0.1345,33.125,34.6875,37.11,0,0,0,0,0,20,0.5,0.101,0,0,0,0.1,0.1,0.1,0.1,0.1,0.1,0.5,0,8735,0.03835146,0.015569548,0,0,0,0,0,0,0,0,0,0,5,0.734558864
7988.45,0.054752864,0.5,6621,37,0.191,33.125,34.6875,36.85,0,0,0,0,0,20,0.5,0.101,0,0,0,0.1,0.1,0.1,0.1,0.1,0.1,0.5,0,8766,0.038329911,0.015742642,0,0,0,0,0,0,0,0,0,0,5,0.941354758
8048.51,0.055533138,0.5,6621,37,0.2187,33.125,34.5625,36.87,0,0,0,0,0,20,0.5,0.101,0,0,0,0.1,0.1,0.1,0.1,0.1,0.1,0.5,0,8722,0.03921119,0.015822059,0,0,0,0,0,0,0,0,0,0,5,0.936737791
8108.57,0.058266417,0.5,6621,37,0.2099,33.0625,34.5,36.95,0,0,0,0,0,20,0.5,0.101,0,0,0,0.1,0.1,0.1,0.1,0.1,0.1,0.5,0,8733,0.038589259,0.015916638,0,0,0,0,0,0,0,0,0,0,5,1.034038782
8168.63,0.060250252,0.5,6621,37,0.1487,33.0625,34.4375,37.03,0,0,0,0,0,20,0.5,0.101,0,0,0,0.1,0.1,0.1,0.1,0.1,0.1,0.5,0,8737,0.038571592,0.01568044,0,0,0,0,0,0,0,0,0,0,5,1.082779444
8228.69,0.05705558,0.5,6621,37,0.174,33.0625,34.4375,36.81,0,0,0,0,0,20,0.5,0.101,0,0,0,0.1,0.1,0.1,0.1,0.1,0.1,0.5,0,8789,0.038457162,0.015701445,0,0,0,0,0,0,0,0,0,0,5,0.865197862
8288.77,0.056699627,0.5,6621,37,0.1387,33.0625,34.5,36.93,0,0,0,0,0,20,0.5,0.101,0,0,0,0.1,0.1,0.1,0.1,0.1,0.1,0.5,0,8647,0.03874176,0.016074939,0,0,0,0,0,0,0,0,0,0,5,0.803163189
8348.84,0.060382877,0.5,6621,37,0.2426,33.125,34.5625,37.03,0,0,0,0,0,20,0.5,0.101,0,0,0,0.1,0.1,0.1,0.1,0.1,0.1,0.5,0,8767,0.038211475,0.015968975,0,0,0,0,0,0,0,0,0,0,5,0.95181887
8408.9,0.058228435,0.5,6621,37,0.1988,33.0625,34.5625,37.09,0,0,0,0,0,20,0.5,0.101,0,0,0,0.1,0.1,0.1,0.1,0.1,0.1,0.5,0,8741,0.038439538,0.015787667,0,0,0,0,0,0,0,0,0,0,5,0.795232612
8468.95,0.061396717,0.5,6621,37,0.1994,33.125,34.625,37.05,0,0,0,0,0,20,0.5,0.101,0,0,0,0.1,0.1,0.1,0.1,0.1,0.1,0.5,0,8797,0.038990565,0.015800841,0,0,0,0,0,0,0,0,0,0,5,0.914418663
8528.98,0.061757907,0.5,6621,37,0.1614,33.125,34.6875,37.11,0,0,0,0,0,20,0.5,0.101,0,0,0,0.1,0.1,0.1,0.1,0.1,0.1,0.5,0,8822,0.038993426,0.015869417,0,0,0,0,0,0,0,0,0,0,5,0.886294694
8589.05,0.062381271,0.5,6621,37,0.1743,33.1875,34.6875,37.19,0,0,0,0,0,20,0.5,0.101,0,0,0,0.1,0.1,0.1,0.1,0.1,0.1,0.5,0,8818,0.038897709,0.015876616,0,0,0,0,0,0,0,0,0,0,5,0.872109184
8649.11,0.067081521,0.5,6621,37,0.1787,33.1875,34.6875,37.01,0,0,0,0,0,20,0.5,0.101,0,0,0,0.1,0.1,0.1,0.1,0.1,0.1,0.5,0,8879,0.038292601,0.015880167,0,0,0,0,0,0,0,0,0,0,5,1.046434285
8709.15,0.067511206,0.5,6621,37,0.1513,33.1875,34.75,37.05,0,0,0,0,0,20,0.5,0.101,0,0,0,0.1,0.1,0.1,0.1,0.1,0.1,0.5,0,8775,0.038632479,0.015612536,0,0,0,0,0,0,0,0,0,0,5,1.013267522
8769.2,0.072044377,0.5,6621,37,0.1448,33.1875,34.6875,36.95,0,0,0,0,0,20,0.5,0.101,0,0,0,0.1,0.1,0.1,0.1,0.1,0.1,0.5,0,8880,0.038288288,0.015990991,0,0,0,0,0,0,0,0,0,0,5,1.157570178
8829.26,0.068302552,0.5,6621,37,0.206,33.125,34.625,36.95,0,0,0,0,0,20,0.5,0.101,0,0,0,0.1,0.1,0.1,0.1,0.1,0.1,0.5,0,8739,0.039134912,0.01590571,0,0,0,0,0,0,0,0,0,0,5,0.939686241
8889.38,0.066494119,0.5,6621,37,0.1775,33.0625,34.625,36.89,0,0,0,0,0,20,0.5,0.101,0,0,0,0.1,0.1,0.1,0.1,0.1,0.1,0.5,0,8841,0.038344079,0.016061532,0,0,0,0,0,0,0,0,0,0,5,0.812201064
8949.42,0.070919146,0.5,6621,37,0.1415,33.125,34.625,36.95,0,0,0,0,0,20,0.5,0.101,0,0,0,0.1,0.1,0.1,0.1,0.1,0.1,0.5,0,8943,0.038801297,0.015878341,0,0,0,0,0,0,0,0,0,0,5,0.96487181
9009.46,0.074541093,0.5,6621,37,0.2107,33.125,34.625,36.87,0,0,0,0,0,20,0.5,0.101,0,0,0,0.1,0.1,0.1,0.1,0.1,0.1,0.5,0,8865,0.03857868,0.015792442,0,0,0,0,0,0,0,0,0,0,5,1.066058578
9069.54,0.07467235,0.5,6621,37,0.1905,33.125,34.625,36.97,0,0,0,0,0,20,0.5,0.101,0,0,0,0.1,0.1,0.1,0.1,0.1,0.1,0.5,0,8914,0.038703164,0.015929998,0,0,0,0,0,0,0,0,0,0,5,1.018033603
9129.61,0.075872103,0.5,6621,37,0.1696,33.125,34.625,37.01,0,0,0,0,0,20,0.5,0.101,0,0,0,0.1,0.1,0.1,0.1,0.1,0.1,0.5,0,9001,0.03877347,0.015776025,0,0,0,0,0,0,0,0,0,0,5,1.014949494
9189.66,0.076811156,0.5,6621,37,0.1775,33.125,34.5625,36.81,0,0,0,0,0,20,0.5,0.101,0,0,0,0.1,0.1,0.1,0.1,0.1,0.1,0.5,0,8911,0.038716193,0.015710919,0,0,0,0,0,0,0,0,0,0,5,1.00110449
9249.73,0.076948033,0.5,6621,37,0.1554,33.125,34.625,37.03,0,0,0,0,0,20,0.5,0.101,0,0,0,0.1,0.1,0.1,0.1,0.1,0.1,0.5,0,9026,0.038222912,0.01584312,0,0,0,0,0,0,0,0,0,0,5,0.956390489
9309.78,0.080632961,0.5,6621,37,0.1642,33.0625,34.625,36.87,0,0,0,0,0,20,0.5,0.101,0,0,0,0.1,0.1,0.1,0.1,0.1,0.1,0.5,0,9005,0.038756247,0.015657968,0,0,0,0,0,0,0,0,0,0,5,1.048902573
9369.85,0.082388074,0.5,6621,37,0.1654,33.0625,34.625,36.93,0,0,0,0,0,20,0.5,0.101,0,0,0,0.1,0.1,0.1,0.1,0.1,0.1,0.5,0,9125,0.037808219,0.015671233,0,0,0,0,0,0,0,0,0,0,5,1.061057015
9429.91,0.083863268,0.5,6621,37,0.1698,33.0625,34.625,36.87,0,0,0,0,0,20,0.5,0.101,0,0,0,0.1,0.1,0.1,0.1,0.1,0.1,0.5,0,8980,0.038864143,0.015701559,0,0,0,0,0,0,0,0,0,0,5,1.061245222
9489.99,0.08200722,0.5,6621,37,0.2093,33.0625,34.625,36.93,0,0,0,0,0,20,0.5,0.101,0,0,0,0.1,0.1,0.1,0.1,0.1,0.1,0.5,0,9110,0.03819978,0.015587267,0,0,0,0,0,0,0,0,0,0,5,0.941041704
9550.05,0.085586453,0.5,6621,37,0.2182,33.0625,34.625,37.05,0,0,0,0,0,20,0.5,0.101,0,0,0,0.1,0.1,0.1,0.1,0.1,0.1,0.5,0,9150,0.038032787,0.015737705,0,0,0,0,0,0,0,0,0,0,5,1.022148754
9610.1,0.089723989,0.5,6621,37,0.197,33.1875,34.6875,37.01,0,0,0,0,0,20,0.5,0.101,0,0,0,0.1,0.1,0.1,0.1,0.1,0.1,0.5,0,9136,0.038309982,0.015323993,0,0,0,0,0,0,0,0,0,0,5,1.112674789
9670.14,0.087891284,0.5,6621,37,0.1525,33.1875,34.6875,37.05,0,0,0,0,0,20,0.5,0.101,0,0,0,0.1,0.1,0.1,0.1,0.1,0.1,0.5,0,8966,0.038924827,0.016060674,0,0,0,0,0,0,0,0,0,0,5,0.995128489
9730.19,0.089526301,0.5,6621,37,0.2169,33.125,34.5625,36.97,0,0,0,0,0,20,0.5,0.101,0,0,0,0.1,0.1,0.1,0.1,0.1,0.1,0.5,0,9227,0.037932156,0.015606373,0,0,0,0,0,0,0,0,0,0,5,1.000667468
9790.23,0.086171795,0.5,6621,37,0.136,33.0625,34.625,36.97,0,0,0,0,0,20,0.5,0.101,0,0,0,0.1,0.1,0.1,0.1,0.1,0.1,0.5,0,9251,0.037941844,0.015673981,0,0,0,0,0,0,0,0,0,0,5,0.836065529
9850.27,0.091290999,0.5,6621,37,0.2349,33.125,34.625,36.81,0,0,0,0,0,20,0.5,0.101,0,0,0,0.1,0.1,0.1,0.1,0.1,0.1,0.5,0,9151,0.038137908,0.01595454,0,0,0,0,0,0,0,0,0,0,5,0.967390075
9910.32,0.095224218,0.5,6621,37,0.1884,33.1875,34.625,36.89,0,0,0,0,0,20,0.5,0.101,0,0,0,0.1,0.1,0.1,0.1,0.1,0.1,0.5,0,9272,0.037963762,0.01553063,0,0,0,0,0,0,0,0,0,0,5,1.045566882
9970.36,0.095944506,0.5,6621,37,0.1366,33.1875,34.625,37.01,0,0,0,0,0,20,0.5,0.101,0,0,0,0.1,0.1,0.1,0.1,0.1,0.1,0.5,0,9211,0.038106612,0.015199218,0,0,0,0,0,0,0,0,0,0,5,1.015895518
10030.4,0.097528541,0.5,6621,37,0.1674,33.125,34.5625,36.95,0,0,0,0,0,20,0.5,0.101,0,0,0,0.1,0.1,0.1,0.1,0.1,0.1,0.5,0,9117,0.038170451,0.015465614,0,0,0,0,0,0,0,0,0,0,5,1.014226053
10090.48,0.104683075,0.5,6621,37,0.2178,33.125,34.4375,36.85,0,0,0,0,0,20,0.5,0.101,0,0,0,0.1,0.1,0.1,0.1,0.1,0.1,0.5,0,9258,0.0382372,0.01566213,0,0,0,0,0,0,0,0,0,0,5,1.175891899
10150.55,0.107091484,0.5,6621,37,0.2117,33.125,34.5,36.93,0,0,0,0,0,20,0.5,0.101,0,0,0,0.1,0.1,0.1,0.1,0.1,0.1,0.5,0,9265,0.037884512,0.015434431,0,0,0,0,0,0,0,0,0,0,5,1.185335334
10210.66,0.102013724,0.5,6621,37,0.2032,33.0625,34.4375,37.03,0,0,0,0,0,20,0.5,0.101,0,0,0,0.1,0.1,0.1,0.1,0.1,0.1,0.5,0,9338,0.038337974,0.015849218,0,0,0,0,0,0,0,0,0,0,5,0.980340262
10270.72,0.108996241,0.5,6621,37,0.1508,33.125,34.375,37.13,0,0,0,0,0,20,0.5,0.101,0,0,0,0.1,0.1,0.1,0.1,0.1,0.1,0.5,0,9429,0.037543748,0.015378089,0,0,0,0,0,0,0,0,0,0,5,1.129941374
10330.77,0.113103334,0.5,6621,37,0.2096,33.0625,34.375,37.05,0,0,0,0,0,20,0.5,0.101,0,0,0,0.1,0.1,0.1,0.1,0.1,0.1,0.5,0,9228,0.038253143,0.015713047,0,0,0,0,0,0,0,0,0,0,5,1.184409683
10390.84,0.108928398,0.5,6621,37,0.1805,33.0625,34.4375,37.13,0,0,0,0,0,20,0.5,0.101,0,0,0,0.1,0.1,0.1,0.1,0.1,0.1,0.5,0,9339,0.037905557,0.015633365,0,0,0,0,0,0,0,0,0,0,5,1.01235592
10450.91,0.114335026,0.5,6621,37,0.2146,33.0625,34.375,36.93,0,0,0,0,0,20,0.5,0.101,0,0,0,0.1,0.1,0.1,0.1,0.1,0.1,0.5,0,9324,0.038181038,0.015336765,0,0,0,0,0,0,0,0,0,0,5,1.107064725
10510.96,0.118884703,0.5,6621,37,0.2332,33.0625,34.4375,36.89,0,0,0,0,0,20,0.5,0.101,0,0,0,0.1,0.1,0.1,0.1,0.1,0.1,0.5,0,9450,0.037883598,0.015555556,0,0,0,0,0,0,0,0,0,0,5,1.168775013
10571.01,0.123181544,0.5,6621,37,0.177,33.0625,34.5,37.01,0,0,0,0,0,20,0.5,0.101,0,0,0,0.1,0.1,0.1,0.1,0.1,0.1,0.5,0,9392,0.038436968,0.015651618,0,0,0,0,0,0,0,0,0,0,5,1.216851547
10631.04,0.119943057,0.5,6621,37,0.1758,33.125,34.5625,37.03,0,0,0,0,0,20,0.5,0.101,0,0,0,0.1,0.1,0.1,0.1,0.1,0.1,0.5,0,9536,0.037646812,0.015625,0,0,0,0,0,0,0,0,0,0,5,1.076082571
10691.07,0.120121204,0.5,6621,37,0.2137,33.125,34.5,36.87,0,0,0,0,0,20,0.5,0.101,0,0,0,0.1,0.1,0.1,0.1,0.1,0.1,0.5,0,9483,0.037751766,0.015712327,0,0,0,0,0,0,0,0,0,0,5,1.026730944
10751.12,0.124933096,0.5,6621,37,0.2238,33.0625,34.5625,36.85,0,0,0,0,0,20,0.5,0.101,0,0,0,0.1,0.1,0.1,0.1,0.1,0.1,0.5,0,9563,0.0379588,0.015476315,0,0,0,0,0,0,0,0,0,0,5,1.093225684
10811.16,0.119341001,0.5,6621,37,0.1641,33.125,34.5625,37.09,0,0,0,0,0,20,0.5,0.101,0,0,0,0.1,0.1,0.1,0.1,0.1,0.1,0.5,0,9494,0.037602696,0.015588793,0,0,0,0,0,0,0,0,0,0,5,0.901184143
10871.24,0.129088855,0.5,6621,37,0.1917,33.125,34.5625,36.97,0,0,0,0,0,20,0.5,0.101,0,0,0,0.1,0.1,0.1,0.1,0.1,0.1,0.5,0,9397,0.038735767,0.015962541,0,0,0,0,0,0,0,0,0,0,5,1.09167299
10931.3,0.128289916,0.5,6621,37,0.1481,33.1875,34.5625,37.13,0,0,0,0,0,20,0.5,0.101,0,0,0,0.1,0.1,0.1,0.1,0.1,0.1,0.5,0,9515,0.0377299,0.015344193,0,0,0,0,0,0,0,0,0,0,5,1.018464471
10991.36,0.132906172,0.5,6621,37,0.2105,33.1875,34.625,36.89,0,0,0,0,0,20,0.5,0.101,0,0,0,0.1,0.1,0.1,0.1,0.1,0.1,0.5,0,9817,0.037689722,0.015585209,0,0,0,0,0,0,0,0,0,0,5,1.07359344
11051.44,0.127902725,0.5,6621,37,0.1363,33.125,34.5625,37.17,0,0,0,0,0,20,0.5,0.101,0,0,0,0.1,0.1,0.1,0.1,0.1,0.1,0.5,0,9798,0.03786487,0.015411308,0,0,0,0,0,0,0,0,0,0,5,0.904793588
11111.48,0.131751535,0.5,6621,37,0.2095,33.125,34.5,36.87,0,0,0,0,0,20,0.5,0.101,0,0,0,0.1,0.1,0.1,0.1,0.1,0.1,0.5,0,9764,0.037996723,0.015260139,0,0,0,0,0,0,0,0,0,0,5,0.948497384
11171.55,0.141541054,0.5,6621,37,0.2293,33.125,34.5,36.81,0,0,0,0,0,20,0.5,0.101,0,0,0,0.1,0.1,0.1,0.1,0.1,0.1,0.5,0,9791,0.037279134,0.015524461,0,0,0,0,0,0,0,0,0,0,5,1.116088426
11231.59,0.142236292,0.5,6621,37,0.1534,33.125,34.5625,37.11,0,0,0,0,0,20,0.5,0.101,0,0,0,0.1,0.1,0.1,0.1,0.1,0.1,0.5,0,9768,0.037571663,0.015765766,0,0,0,0,0,0,0,0,0,0,5,1.074983695
11291.64,0.144077452,0.5,6621,37,0.1916,33.125,34.5,36.95,0,0,0,0,0,20,0.5,0.101,0,0,0,0.1,0.1,0.1,0.1,0.1,0.1,0.5,0,9736,0.037797864,0.015304026,0,0,0,0,0,0,0,0,0,0,5,1.059818448
11351.68,0.146756061,0.5,6621,37,0.1722,33.125,34.5,37.03,0,0,0,0,0,20,0.5,0.101,0,0,0,0.1,0.1,0.1,0.1,0.1,0.1,0.5,0,9578,0.037690541,0.01566089,0,0,0,0,0,0,0,0,0,0,5,1.062089754
11411.73,0.150634981,0.5,6621,37,0.1793,33.0625,34.4375,37.01,0,0,0,0,0,20,0.5,0.101,0,0,0,0.1,0.1,0.1,0.1,0.1,0.1,0.5,0,10034,0.037372932,0.015347817,0,0,0,0,0,0,0,0,0,0,5,1.087248696
11471.77,0.152020568,0.5,6621,37,0.2102,33.0625,34.4375,36.89,0,0,0,0,0,20,0.5,0.101,0,0,0,0.1,0.1,0.1,0.1,0.1,0.1,0.5,0,10002,0.037492501,0.015196961,0,0,0,0,0,0,0,0,0,0,5,1.06035504
11531.83,0.164205694,0.5,6621,37,0.1681,33.0625,34.4375,37.05,0,0,0,0,0,20,0.5,0.101,0,0,0,0.1,0.1,0.1,0.1,0.1,0.1,0.5,0,10068,0.037445371,0.015097338,0,0,0,0,0,0,0,0,0,0,5,1.23864942
11591.91,0.160479266,0.5,6621,37,0.2143,33.0625,34.4375,36.87,0,0,0,0,0,20,0.5,0.101,0,0,0,0.1,0.1,0.1,0.1,0.1,0.1,0.5,0,9973,0.037501253,0.015541963,0,0,0,0,0,0,0,0,0,0,5,1.107851585
11651.98,0.16355898,0.5,6621,37,0.2373,33.0625,34.4375,36.79,0,0,0,0,0,20,0.5,0.101,0,0,0,0.1,0.1,0.1,0.1,0.1,0.1,0.5,0,10016,0.037639776,0.015375399,0,0,0,0,0,0,0,0,0,0,5,1.109485725
11712.06,0.170598316,0.5,6621,37,0.1605,33,34.4375,37.09,0,0,0,0,0,20,0.5,0.101,0,0,0,0.1,0.1,0.1,0.1,0.1,0.1,0.5,0,9988,0.037545054,0.015418502,0,0,0,0,0,0,0,0,0,0,5,1.180425757
11772.11,0.169911451,0.5,6621,37,0.1784,33.0625,34.5,37.01,0,0,0,0,0,20,0.5,0.101,0,0,0,0.1,0.1,0.1,0.1,0.1,0.1,0.5,0,9976,0.037289495,0.01563753,0,0,0,0,0,0,0,0,0,0,5,1.10930146
11832.18,0.174870482,0.5,6621,37,0.1493,33,34.5,37.13,0,0,0,0,0,20,0.5,0.101,0,0,0,0.1,0.1,0.1,0.1,0.1,0.1,0.5,0,10119,0.037256646,0.015120071,0,0,0,0,0,0,0,0,0,0,5,1.140140897
11892.25,0.169345497,0.5,6621,37,0.1996,33.0625,34.5625,36.93,0,0,0,0,0,20,0.5,0.101,0,0,0,0.1,0.1,0.1,0.1,0.1,0.1,0.5,0,10318,0.037022679,0.015022291,0,0,0,0,0,0,0,0,0,0,5,0.986820029
11952.33,0.188205992,0.5,6621,37,0.212,33.125,34.5625,36.89,0,0,0,0,0,20,0.5,0.101,0,0,0,0.1,0.1,0.1,0.1,0.1,0.1,0.5,0,10038,0.037457661,0.015540944,0,0,0,0,0,0,0,0,0,0,5,1.254267246
12012.38,0.182281697,0.5,6621,37,0.157,33.1875,34.625,37.11,0,0,0,0,0,20,0.5,0.101,0,0,0,0.1,0.1,0.1,0.1,0.1,0.1,0.5,0,10006,0.037277633,0.015490706,0,0,0,0,0,0,0,0,0,0,5,1.095602524
12072.44,0.183767449,0.5,6621,37,0.1675,33.125,34.5,37.05,0,0,0,0,0,20,0.5,0.101,0,0,0,0.1,0.1,0.1,0.1,0.1,0.1,0.5,0,10088,0.037272006,0.015067407,0,0,0,0,0,0,0,0,0,0,5,1.065175853
12132.51,0.195563481,0.5,6621,37,0.1784,33.125,34.5,37.01,0,0,0,0,0,20,0.5,0.101,0,0,0,0.1,0.1,0.1,0.1,0.1,0.1,0.5,0,10323,0.036811005,0.015015015,0,0,0,0,0,0,0,0,0,0,5,1.198558898
12192.56,0.199068831,0.5,6621,37,0.2352,33.0625,34.5,36.79,0,0,0,0,0,20,0.5,0.101,0,0,0,0.1,0.1,0.1,0.1,0.1,0.1,0.5,0,10207,0.037523268,0.015479573,0,0,0,0,0,0,0,0,0,0,5,1.191927783
12252.61,0.203272368,0.5,6621,37,0.197,33.125,34.5625,36.95,0,0,0,0,0,20,0.5,0.101,0,0,0,0.1,0.1,0.1,0.1,0.1,0.1,0.5,0,10109,0.037491344,0.015530715,0,0,0,0,0,0,0,0,0,0,5,1.195019823
12312.65,0.203268294,0.5,6621,37,0.2156,33.125,34.5,36.89,0,0,0,0,0,20,0.5,0.101,0,0,0,0.1,0.1,0.1,0.1,0.1,0.1,0.5,0,10531,0.037128478,0.015003324,0,0,0,0,0,0,0,0,0,0,5,1.13520871
12372.69,0.201182014,0.5,6621,37,0.1941,33.125,34.5,36.97,0,0,0,0,0,20,0.5,0.101,0,0,0,0.1,0.1,0.1,0.1,0.1,0.1,0.5,0,10271,0.037386817,0.015383118,0,0,0,0,0,0,0,0,0,0,5,1.047498135
12432.74,0.206893493,0.5,6621,37,0.1773,33.125,34.4375,37.03,0,0,0,0,0,20,0.5,0.101,0,0,0,0.1,0.1,0.1,0.1,0.1,0.1,0.5,0,10397,0.037222276,0.015292873,0,0,0,0,0,0,0,0,0,0,5,1.079105508
12492.82,0.200131318,0.5,6621,37,0.1781,33.125,34.375,37.01,0,0,0,0,0,20,0.5,0.101,0,0,0,0.1,0.1,0.1,0.1,0.1,0.1,0.5,0,10889,0.036642483,0.015244742,0,0,0,0,0,0,0,0,0,0,5,0.925459054
12552.9,0.215687584,0.5,6621,37,0.1796,33.0625,34.375,37.01,0,0,0,0,0,20,0.5,0.101,0,0,0,0.1,0.1,0.1,0.1,0.1,0.1,0.5,0,10650,0.037276995,0.015399061,0,0,0,0,0,0,0,0,0,0,5,1.10375785
12612.96,0.216891811,0.5,6621,37,0.1987,33.125,34.5,36.93,0,0,0,0,0,20,0.5,0.101,0,0,0,0.1,0.1,0.1,0.1,0.1,0.1,0.5,0,10663,0.036387508,0.015286505,0,0,0,0,0,0,0,0,0,0,5,1.065272978
12673.01,0.221631429,0.5,6621,37,0.1566,33.0625,34.5,37.09,0,0,0,0,0,20,0.5,0.101,0,0,0,0.1,0.1,0.1,0.1,0.1,0.1,0.5,0,10537,0.036822625,0.015374395,0,0,0,0,0,0,0,0,0,0,5,1.076860661
12733.05,0.231971232,0.5,6621,37,0.1951,33.0625,34.5625,36.93,0,0,0,0,0,20,0.5,0.101,0,0,0,0.1,0.1,0.1,0.1,0.1,0.1,0.5,0,10645,0.03673086,0.015218412,0,0,0,0,0,0,0,0,0,0,5,1.159810404
12793.12,0.222788507,0.5,6621,37,0.1972,33.0625,34.5625,36.93,0,0,0,0,0,20,0.5,0.101,0,0,0,0.1,0.1,0.1,0.1,0.1,0.1,0.5,0,10790,0.036886006,0.015384615,0,0,0,0,0,0,0,0,0,0,5,0.980648553
12853.17,0.237628524,0.5,6621,37,0.2105,33.125,34.625,36.89,0,0,0,0,0,20,0.5,0.101,0,0,0,0.1,0.1,0.1,0.1,0.1,0.1,0.5,0,10671,0.037203636,0.015275045,0,0,0,0,0,0,0,0,0,0,5,1.125073256
12913.24,0.243474967,0.5,6621,37,0.1961,33.125,34.5,36.95,0,0,0,0,0,20,0.5,0.101,0,0,0,0.1,0.1,0.1,0.1,0.1,0.1,0.5,0,10780,0.036827458,0.015306122,0,0,0,0,0,0,0,0,0,0,5,1.141736096
12973.32,0.246546949,0.5,6621,37,0.2155,33.125,34.5,36.87,0,0,0,0,0,20,0.5,0.101,0,0,0,0.1,0.1,0.1,0.1,0.1,0.1,0.5,0,10920,0.036630037,0.01529304,0,0,0,0,0,0,0,0,0,0,5,1.122264206
13033.38,0.244287188,0.5,6621,37,0.1496,33.125,34.4375,37.13,0,0,0,0,0,20,0.5,0.101,0,0,0,0.1,0.1,0.1,0.1,0.1,0.1,0.5,0,11087,0.035988094,0.015152882,0,0,0,0,0,0,0,0,0,0,5,1.038527275
13093.43,0.257418292,0.5,6621,37,0.1884,33.125,34.5,36.97,0,0,0,0,0,20,0.5,0.101,0,0,0,0.1,0.1,0.1,0.1,0.1,0.1,0.5,0,11382,0.036285363,0.014935864,0,0,0,0,0,0,0,0,0,0,5,1.143674393
13153.47,0.262450808,0.5,6621,37,0.1566,33.0625,34.5625,37.09,0,0,0,0,0,20,0.5,0.101,0,0,0,0.1,0.1,0.1,0.1,0.1,0.1,0.5,0,11299,0.03610939,0.015134083,0,0,0,0,0,0,0,0,0,0,5,1.144574592
13213.51,0.264124241,0.5,6621,37,0.1463,33.125,34.5,37.13,0,0,0,0,0,20,0.5,0.101,0,0,0,0.1,0.1,0.1,0.1,0.1,0.1,0.5,0,11283,0.036249224,0.015066915,0,0,0,0,0,0,0,0,0,0,5,1.106413673
13273.56,0.260204465,0.5,6621,37,0.1742,33.0625,34.5,37.01,0,0,0,0,0,20,0.5,0.101,0,0,0,0.1,0.1,0.1,0.1,0.1,0.1,0.5,0,11184,0.036659514,0.014842632,0,0,0,0,0,0,0,0,0,0,5,1.006237359
13333.6,0.280677761,0.5,6621,37,0.1939,33.125,34.4375,36.93,0,0,0,0,0,20,0.5,0.101,0,0,0,0.1,0.1,0.1,0.1,0.1,0.1,0.5,0,11260,0.036234458,0.015097691,0,0,0,0,0,0,0,0,0,0,5,1.183144078
13393.65,0.27754899,0.5,6621,37,0.1954,33,34.375,36.93,0,0,0,0,0,20,0.5,0.101,0,0,0,0.1,0.1,0.1,0.1,0.1,0.1,0.5,0,11741,0.035857252,0.014990205,0,0,0,0,0,0,0,0,0,0,5,1.090357489
13453.69,0.286392059,0.5,6621,37,0.2305,33.0625,34.4375,36.81,0,0,0,0,0,20,0.5,0.101,0,0,0,0.1,0.1,0.1,0.1,0.1,0.1,0.5,0,11893,0.036155722,0.014882704,0,0,0,0,0,0,0,0,0,0,5,1.129932362
13513.75,0.292934506,0.5,6621,37,0.151,33.0625,34.4375,37.11,0,0,0,0,0,20,0.5,0.101,0,0,0,0.1,0.1,0.1,0.1,0.1,0.1,0.5,0,11374,0.036047125,0.015210128,0,0,0,0,0,0,0,0,0,0,5,1.141197787
13573.83,0.29788622,0.5,6621,37,0.1557,33,34.375,37.09,0,0,0,0,0,20,0.5,0.101,0,0,0,0.1,0.1,0.1,0.1,0.1,0.1,0.5,0,11770,0.035683942,0.015038233,0,0,0,0,0,0,0,0,0,0,5,1.134425532
13633.88,0.303885115,0.5,6621,37,0.1987,33,34.5,36.93,0,0,0,0,0,20,0.5,0.101,0,0,0,0.1,0.1,0.1,0.1,0.1,0.1,0.5,0,11582,0.03652219,0.015282335,0,0,0,0,0,0,0,0,0,0,5,1.137518613
13693.94,0.311109546,0.5,6621,37,0.194,33,34.4375,36.95,0,0,0,0,0,20,0.5,0.101,0,0,0,0.1,0.1,0.1,0.1,0.1,0.1,0.5,0,11780,0.03582343,0.015025467,0,0,0,0,0,0,0,0,0,0,5,1.151128792
13754.02,0.315280643,0.5,6621,37,0.1987,33.0625,34.5,36.93,0,0,0,0,0,20,0.5,0.101,0,0,0,0.1,0.1,0.1,0.1,0.1,0.1,0.5,0,11710,0.036379163,0.015115286,0,0,0,0,0,0,0,0,0,0,5,1.133526602
13814.07,0.308955275,0.5,6621,37,0.126,33.0625,34.5,37.21,0,0,0,0,0,20,0.5,0.101,0,0,0,0.1,0.1,0.1,0.1,0.1,0.1,0.5,0,11858,0.035925114,0.015010963,0,0,0,0,0,0,0,0,0,0,5,1.016050328
13874.14,0.318643899,0.5,6621,37,0.1869,33.0625,34.5625,36.97,0,0,0,0,0,20,0.5,0.101,0,0,0,0.1,0.1,0.1,0.1,0.1,0.1,0.5,0,11958,0.035875564,0.014969058,0,0,0,0,0,0,0,0,0,0,5,1.057880761
13934.21,0.315756293,0.5,6621,37,0.1775,33.125,34.625,37.01,0,0,0,0,0,20,0.5,0.101,0,0,0,0.1,0.1,0.1,0.1,0.1,0.1,0.5,0,12121,0.035640624,0.01485026,0,0,0,0,0,0,0,0,0,0,5,0.977676269
13994.25,0.323465806,0.5,6621,37,0.1737,33.0625,34.625,37.03,0,0,0,0,0,20,0.5,0.101,0,0,0,0.1,0.1,0.1,0.1,0.1,0.1,0.5,0,12033,0.035818167,0.015041968,0,0,0,0,0,0,0,0,0,0,5,1.001160609
14054.33,0.34524961,0.5,6621,37,0.1596,33.1875,34.625,37.09,0,0,0,0,0,20,0.5,0.101,0,0,0,0.1,0.1,0.1,0.1,0.1,0.1,0.5,0,12714,0.034922133,0.014708196,0,0,0,0,0,0,0,0,0,0,5,1.146625342
14114.4,0.349279586,0.5,6621,37,0.1758,33.1875,34.5625,37.03,0,0,0,0,0,20,0.5,0.101,0,0,0,0.1,0.1,0.1,0.1,0.1,0.1,0.5,0,12079,0.035847338,0.015233049,0,0,0,0,0,0,0,0,0,0,5,1.124109213
14174.46,0.356890728,0.5,6621,37,0.1104,33.1875,34.5,37.27,0,0,0,0,0,20,0.5,0.101,0,0,0,0.1,0.1,0.1,0.1,0.1,0.1,0.5,0,12152,0.035878868,0.014730086,0,0,0,0,0,0,0,0,0,0,5,1.13257458
14234.53,0.351917161,0.5,6621,37,0.1895,33.0625,34.5,36.95,0,0,0,0,0,20,0.5,0.101,0,0,0,0.1,0.1,0.1,0.1,0.1,0.1,0.5,0,12845,0.035110938,0.014869599,0,0,0,0,0,0,0,0,0,0,5,1.033844326
14294.57,0.363291205,0.5,6621,37,0.2142,33.0625,34.5,36.85,0,0,0,0,0,20,0.5,0.101,0,0,0,0.1,0.1,0.1,0.1,0.1,0.1,0.5,0,12527,0.035603097,0.014847928,0,0,0,0,0,0,0,0,0,0,5,1.07757887
14354.61,0.362528716,0.5,6621,37,0.1327,33.0625,34.5625,37.17,0,0,0,0,0,20,0.5,0.101,0,0,0,0.1,0.1,0.1,0.1,0.1,0.1,0.5,0,12578,0.035617745,0.014946732,0,0,0,0,0,0,0,0,0,0,5,1.017396804
14414.7,0.374282095,0.5,6621,37,0.2263,33.0625,34.5,36.81,0,0,0,0,0,20,0.5,0.101,0,0,0,0.1,0.1,0.1,0.1,0.1,0.1,0.5,0,12302,0.035685254,0.015119493,0,0,0,0,0,0,0,0,0,0,5,1.062245232
14474.74,0.380454303,0.5,6621,37,0.1348,33.0625,34.4375,37.17,0,0,0,0,0,20,0.5,0.101,0,0,0,0.1,0.1,0.1,0.1,0.1,0.1,0.5,0,12526,0.035765608,0.015008782,0,0,0,0,0,0,0,0,0,0,5,1.058201858
14534.78,0.382056283,0.5,6621,37,0.21175,33.0625,34.4375,36.93,0,0,0,0,0,20,0.5,0.101,0,0,0,0.1,0.1,0.1,0.1,0.1,0.1,0.5,0,12919,0.035606471,0.01455221,0,0,0,0,0,0,0,0,0,0,5,1.017897354
14594.86,0.386079311,0.5,6621,37,0.16825,33.0625,34.375,36.81,0,0,0,0,0,20,0.5,0.101,0,0,0,0.1,0.1,0.1,0.1,0.1,0.1,0.5,0,12578,0.035617745,0.015026236,0,0,0,0,0,0,0,0,0,0,5,0.998427126
14654.91,0.385697975,0.5,6621,37,0.15645,33,34.4375,36.97,0,0,0,0,0,20,0.5,0.101,0,0,0,0.1,0.1,0.1,0.1,0.1,0.1,0.5,0,13799,0.034060439,0.014421335,0,0,0,0,0,0,0,0,0,0,5,0.945541168
14714.98,0.40949072,0.5,6621,37,0.19415,33,34.375,36.95,0,0,0,0,0,20,0.5,0.101,0,0,0,0.1,0.1,0.1,0.1,0.1,0.1,0.5,0,13393,0.034794296,0.014709176,0,0,0,0,0,0,0,0,0,0,5,1.077842985
14775.06,0.401007005,0.5,6621,37,0.15415,33,34.4375,36.85,0,0,0,0,0,20,0.5,0.101,0,0,0,0.1,0.1,0.1,0.1,0.1,0.1,0.5,0,13762,0.034951315,0.014678099,0,0,0,0,0,0,0,0,0,0,5,0.961144799
14835.09,0.41482525,0.5,6621,37,0.22005,33,34.5,36.93,0,0,0,0,0,20,0.5,0.101,0,0,0,0.1,0.1,0.1,0.1,0.1,0.1,0.5,0,13697,0.034533109,0.014747755,0,0,0,0,0,0,0,0,0,0,5,1.014722915
14895.13,0.420194791,0.5,6621,37,0.19445,33.0625,34.5,36.93,0,0,0,0,0,20,0.5,0.101,0,0,0,0.1,0.1,0.1,0.1,0.1,0.1,0.5,0,13716,0.034631088,0.014727326,0,0,0,0,0,0,0,0,0,0,5,1.0025699
14955.18,0.438939489,0.5,6621,37,0.15855,33.0625,34.5625,36.97,0,0,0,0,0,20,0.5,0.101,0,0,0,0.1,0.1,0.1,0.1,0.1,0.1,0.5,0,13307,0.035394905,0.014578793,0,0,0,0,0,0,0,0,0,0,5,1.083370927
15015.22,0.454968745,0.5,6621,37,0.15465,33.0625,34.5625,36.87,0,0,0,0,0,20,0.5,0.101,0,0,0,0.1,0.1,0.1,0.1,0.1,0.1,0.5,0,13278,0.035321585,0.014836572,0,0,0,0,0,0,0,0,0,0,5,1.136803859
15075.27,0.426865699,0.5,6621,37,0.20945,33.0625,34.5625,36.93,0,0,0,0,0,20,0.5,0.101,0,0,0,0.1,0.1,0.1,0.1,0.1,0.1,0.5,0,13708,0.034797199,0.014735921,0,0,0,0,0,0,0,0,0,0,5,0.888685819
15135.3,0.444058808,0.5,6621,37,0.19795,33.0625,34.5625,37.01,0,0,0,0,0,20,0.5,0.101,0,0,0,0.1,0.1,0.1,0.1,0.1,0.1,0.5,0,13740,0.034788937,0.014774381,0,0,0,0,0,0,0,0,0,0,5,0.962714214
15195.33,0.457702917,0.5,6621,37,0.20185,33.0625,34.5,36.87,0,0,0,0,0,20,0.5,0.101,0,0,0,0.1,0.1,0.1,0.1,0.1,0.1,0.5,0,14024,0.034227039,0.014689104,0,0,0,0,0,0,0,0,0,0,5,1.005368451
15255.38,0.446973476,0.5,6621,37,0.17095,33.1875,34.5,36.93,0,0,0,0,0,20,0.5,0.101,0,0,0,0.1,0.1,0.1,0.1,0.1,0.1,0.5,0,14066,0.034693587,0.014431964,0,0,0,0,0,0,0,0,0,0,5,0.883936836
15315.42,0.46269789,0.5,6621,37,0.19095,33.0625,34.5,36.85,0,0,0,0,0,20,0.5,0.101,0,0,0,0.1,0.1,0.1,0.1,0.1,0.1,0.5,0,14430,0.034026334,0.014483714,0,0,0,0,0,0,0,0,0,0,5,0.943465234
15375.48,0.465113206,0.5,6621,37,0.19335,33.125,34.5,37.19,0,0,0,0,0,20,0.5,0.101,0,0,0,0.1,0.1,0.1,0.1,0.1,0.1,0.5,0,14101,0.034891142,0.014608893,0,0,0,0,0,0,0,0,0,0,5,0.911911456
15435.56,0.479248607,0.5,6621,37,0.17595,33.125,34.5,37.09,0,0,0,0,0,20,0.5,0.101,0,0,0,0.1,0.1,0.1,0.1,0.1,0.1,0.5,0,14474,0.034268343,0.014646953,0,0,0,0,0,0,0,0,0,0,5,0.956131821
15495.63,0.493792487,0.5,6621,37,0.12645,33.125,34.4375,37.05,0,0,0,0,0,20,0.5,0.101,0,0,0,0.1,0.1,0.1,0.1,0.1,0.1,0.5,0,14654,0.03439334,0.01453528,0,0,0,0,0,0,0,0,0,0,5,0.998012886
15555.71,0.500429298,0.5,6621,37,0.21385,33.0625,34.4375,36.77,0,0,0,0,0,20,0.5,0.101,0,0,0,0.1,0.1,0.1,0.1,0.1,0.1,0.5,0,14861,0.034183433,0.014534688,0,0,0,0,0,0,0,0,0,0,5,0.988165137
15615.79,0.511813554,0.5,6621,37,0.19125,33.0625,34.4375,37.01,0,0,0,0,0,20,0.5,0.101,0,0,0,0.1,0.1,0.1,0.1,0.1,0.1,0.5,0,14163,0.035232648,0.014615548,0,0,0,0,0,0,0,0,0,0,5,1.00623912
15675.84,0.516349806,0.5,6621,37,0.17035,33.0625,34.4375,37.03,0,0,0,0,0,20,0.5,0.101,0,0,0,0.1,0.1,0.1,0.1,0.1,0.1,0.5,0,14740,0.034328358,0.01458616,0,0,0,0,0,0,0,0,0,0,5,0.98239931
15735.87,0.498955275,0.5,6621,37,0.21125,33,34.4375,36.93,0,0,0,0,0,20,0.5,0.101,0,0,0,0.1,0.1,0.1,0.1,0.1,0.1,0.5,0,14933,0.03428648,0.014464609,0,0,0,0,0,0,0,0,0,0,5,0.830475366
15795.92,0.530374192,0.5,6621,37,0.17535,33.0625,34.4375,37.03,0,0,0,0,0,20,0.5,0.101,0,0,0,0.1,0.1,0.1,0.1,0.1,0.1,0.5,0,15438,0.033877445,0.014444876,0,0,0,0,0,0,0,0,0,0,5,0.972150549
15855.96,0.54311264,0.5,6621,37,0.21365,33.0625,34.5,37.05,0,0,0,0,0,20,0.5,0.101,0,0,0,0.1,0.1,0.1,0.1,0.1,0.1,0.5,0,15124,0.034316318,0.014480296,0,0,0,0,0,0,0,0,0,0,5,0.994744897
15916.01,0.534481497,0.5,6621,37,0.11945,33.125,34.5,37.13,0,0,0,0,0,20,0.5,0.101,0,0,0,0.1,0.1,0.1,0.1,0.1,0.1,0.5,0,14972,0.034263959,0.014627304,0,0,0,0,0,0,0,0,0,0,5,0.896948777
15976.05,0.564449967,0.5,6621,37,0.15615,33.125,34.5,36.89,0,0,0,0,0,20,0.5,0.101,0,0,0,0.1,0.1,0.1,0.1,0.1,0.1,0.5,0,15235,0.034066295,0.01457171,0,0,0,0,0,0,0,0,0,0,5,1.015765239
16036.09,0.548617645,0.5,6621,37,0.320875,33.0625,34.5625,36.89,0,0.02,0.15,0,0,20,0.5,0.101,0,0,0,0.1,0.1,0.1,0.1,0.1,0.1,0.5,0,15654,0.03379328,0.014437205,0,0,0,0,0,0,0,0,0,0,0.44,1.015765239
16096.14,0.487745141,0.5,6621,37,0.624019512,32.8125,34.5625,35.55,0,0.017344613,0.13937845,0,0,20,0.5,0.101,0,0,0,0.1,0.1,0.1,0.1,0.1,0.1,0.5,0,14314,0.034371944,0.014531228,0,0,0,0,0,0,0,0,0,0,0.44,1.015765239
16156.18,0.418328391,0.5,6621,37,0.7008,32.6875,34.5625,35.29,0,0,0.07,0,0,20,0.5,0.101,0,0,0,0.1,0.1,0.1,0.1,0.1,0.1,0.5,0,12929,0.035114858,0.014850336,0,0,0,0,0,0,0,0,0,0,5,1.015765239
16216.22,0.419110662,0.5,6621,37,0.42,33,34.5625,36.49,0,0,0.25,0,0,20,0.5,0.101,0,0,0,0.1,0.1,0.1,0.1,0.1,0.1,0.5,0,12929,0.034960167,0.014772991,0,0,0,0,0,0,0,0,0,0,5,1.015765239
16276.27,0.423884235,0.5,6621,37,0.2226,33.1875,34.5,37.27,0,0,0.07,0,0,20,0.5,0.101,0,0,0,0.1,0.1,0.1,0.1,0.1,0.1,0.5,0,12991,0.035101224,0.014779463,0,0,0,0,0,0,0,0,0,0,5,1.015765239
16336.34,0.43428063,0.5,6621,37,0.1632,33.4375,34.5,37.45,0,0,0.07,0,0,20,0.5,0.101,0,0,0,0.1,0.1,0.1,0.1,0.1,0.1,0.5,0,13113,0.035460993,0.014794479,0,0,0,0,0,0,0,0,0,0,5,1.015765239
16396.41,0.448287859,0.5,6621,37,0.1205,33.5625,34.4375,37.55,0,0,0.07,0,0,20,0.5,0.101,0,0,0,0.1,0.1,0.1,0.1,0.1,0.1,0.5,0,13420,0.034873323,0.014679583,0,0,0,0,0,0,0,0,0,0,5,1.015765239
16456.49,0.447796176,0.5,6621,37,0.1803,33.5,34.5,37.27,0,0,0.07,0,0,20,0.5,0.101,0,0,0,0.1,0.1,0.1,0.1,0.1,0.1,0.5,0,13595,0.034792203,0.014711291,0,0,0,0,0,0,0,0,0,0,5,1.015765239
16516.56,0.452580317,0.5,6621,37,0.1654,33.5,34.5,37.29,0,0,0.25,0,0,20,0.5,0.101,0,0,0,0.1,0.1,0.1,0.1,0.1,0.1,0.5,0,13939,0.034507497,0.014491714,0,0,0,0,0,0,0,0,0,0,5,0.996858208
16576.62,0.468607336,0.5,6621,37,0.1464,33.375,34.5,37.33,0,0,0.07,0,0,20,0.5,0.101,0,0,0,0.1,0.1,0.1,0.1,0.1,0.1,0.5,0,14239,0.034342299,0.014467308,0,0,0,0,0,0,0,0,0,0,5,1.051415112
16636.67,0.475158717,0.5,6621,37,0.2025,33.375,34.375,37.09,0,0,0.07,0,0,20,0.5,0.101,0,0,0,0.1,0.1,0.1,0.1,0.1,0.1,0.5,0,13715,0.0345607,0.014582574,0,0,0,0,0,0,0,0,0,0,5,1.040495481
16696.72,0.490961494,0.5,6621,37,0.1514,33.3125,34.375,37.25,0,0,0.07,0,0,20,0.5,0.101,0,0,0,0.1,0.1,0.1,0.1,0.1,0.1,0.5,0,15241,0.033527984,0.014303523,0,0,0,0,0,0,0,0,0,0,5,1.086621141
16756.77,0.49882467,0.5,6621,37,0.16885,33.1875,34.3125,37.01,0,0,0,0,0,20,0.5,0.101,0,0,0,0.1,0.1,0.1,0.1,0.1,0.1,0.5,0,14417,0.034542554,0.01435805,0,0,0,0,0,0,0,0,0,0,5,1.079956999
16816.83,0.501021842,0.5,6621,37,0.18825,33.125,34.375,37.09,0,0,0,0,0,20,0.5,0.101,0,0,0,0.1,0.1,0.1,0.1,0.1,0.1,0.5,0,14422,0.034807932,0.014561087,0,0,0,0,0,0,0,0,0,0,5,1.039144222
16876.91,0.515083452,0.5,6621,37,0.12165,33.125,34.3125,37.19,0,0,0,0,0,20,0.5,0.101,0,0,0,0.1,0.1,0.1,0.1,0.1,0.1,0.5,0,15053,0.034013154,0.014548595,0,0,0,0,0,0,0,0,0,0,5,1.070224714
16936.94,0.533467825,0.5,6621,37,0.14565,33.0625,34.3125,37.21,0,0,0,0,0,20,0.5,0.101,0,0,0,0.1,0.1,0.1,0.1,0.1,0.1,0.5,0,14819,0.034212835,0.014575882,0,0,0,0,0,0,0,0,0,0,5,1.121922963
16996.98,0.533026028,0.5,6621,37,0.20975,33.0625,34.4375,37.03,0,0,0,0,0,20,0.5,0.101,0,0,0,0.1,0.1,0.1,0.1,0.1,0.1,0.5,0,15585,0.033493744,0.013987809,0,0,0,0,0,0,0,0,0,0,5,1.063341305
17057.03,0.547564751,0.5,6621,37,0.17085,33.0625,34.4375,37.03,0,0,0,0,0,20,0.5,0.101,0,0,0,0.1,0.1,0.1,0.1,0.1,0.1,0.5,0,15547,0.033511288,0.014343603,0,0,0,0,0,0,0,0,0,0,5,1.090905635
17117.07,0.556383266,0.5,6621,37,0.5303,33.0625,34.5,36.01,0,0.02,0.25,0,0,20,0.5,0.101,0,0,0,0.1,0.1,0.1,0.1,0.1,0.1,0.5,0,16133,0.033347796,0.014256493,0,0,0,0,0,0,0,0,0,0,0.44,1.090905635
17177.11,0.484210134,0.5,6621,37,1,32.875,34.5,34.85,0,0.017661788,0.140647153,0,0,20,0.5,0.101,0,0,0,0.1,0.1,0.1,0.1,0.1,0.1,0.5,0,13963,0.034806274,0.014538423,0,0,0,0,0,0,0,0,0,0,0.44,1.090905635
17237.19,0.415528468,0.5,6621,37,0.51195,32.9375,34.5,36.01,0,0,0.07,0,0,20,0.5,0.101,0,0,0,0.1,0.1,0.1,0.1,0.1,0.1,0.5,0,13368,0.035083782,0.014587074,0,0,0,0,0,0,0,0,0,0,5,1.090905635
17297.24,0.428590363,0.5,6621,37,0.23965,33.1875,34.5625,37.11,0,0,0.07,0,0,20,0.5,0.101,0,0,0,0.1,0.1,0.1,0.1,0.1,0.1,0.5,0,13089,0.034838414,0.014286806,0,0,0,0,0,0,0,0,0,0,5,1.090905635
17357.31,0.434736362,0.5,6621,37,0.11855,33.375,34.5,37.55,0,0,0.07,0,0,20,0.5,0.101,0,0,0,0.1,0.1,0.1,0.1,0.1,0.1,0.5,0,13923,0.034618976,0.014005602,0,0,0,0,0,0,0,0,0,0,5,1.090905635
17417.38,0.43171972,0.5,6621,37,0.11265,33.5,34.4375,37.51,0,0,0.25,0,0,20,0.5,0.101,0,0,0,0.1,0.1,0.1,0.1,0.1,0.1,0.5,0,13528,0.034594914,0.01463631,0,0,0,0,0,0,0,0,0,0,5,1.090905635
17477.43,0.442949964,0.5,6621,37,0.16485,33.4375,34.5,37.27,0,0,0.07,0,0,20,0.5,0.101,0,0,0,0.1,0.1,0.1,0.1,0.1,0.1,0.5,0,14024,0.034298346,0.014546492,0,0,0,0,0,0,0,0,0,0,5,1.090905635
17537.5,0.463646442,0.5,6621,37,0.19885,33.4375,34.5,37.11,0,0,0.07,0,0,20,0.5,0.101,0,0,0,0.1,0.1,0.1,0.1,0.1,0.1,0.5,0,14198,0.034159741,0.014438653,0,0,0,0,0,0,0,0,0,0,5,1.090905635
17597.58,0.481009778,0.5,6621,37,0.13755,33.4375,34.5,37.33,0,0,0.07,0,0,20,0.5,0.101,0,0,0,0.1,0.1,0.1,0.1,0.1,0.1,0.5,0,13856,0.034714203,0.01443418,0,0,0,0,0,0,0,0,0,0,5,1.146656296
17657.63,0.478434495,0.5,6621,37,0.15765,33.375,34.5,37.21,0,0,0.07,0,0,20,0.5,0.101,0,0,0,0.1,0.1,0.1,0.1,0.1,0.1,0.5,0,13974,0.034778875,0.014526979,0,0,0,0,0,0,0,0,0,0,5,1.073218603
17717.71,0.499704922,0.5,6621,37,0.17375,33.3125,34.4375,37.13,0,0,0.25,0,0,20,0.5,0.101,0,0,0,0.1,0.1,0.1,0.1,0.1,0.1,0.5,0,13650,0.035018315,0.014652015,0,0,0,0,0,0,0,0,0,0,5,1.150053063
17777.74,0.497410073,0.5,6621,37,0.17515,33.25,34.4375,37.11,0,0,0.07,0,0,20,0.5,0.101,0,0,0,0.1,0.1,0.1,0.1,0.1,0.1,0.5,0,14698,0.033678051,0.014423731,0,0,0,0,0,0,0,0,0,0,5,1.078741453
17837.81,0.508905658,0.5,6621,37,0.1682,33.1875,34.375,37.11,0,0,0,0,0,20,0.5,0.101,0,0,0,0.1,0.1,0.1,0.1,0.1,0.1,0.5,0,14834,0.034178239,0.014426318,0,0,0,0,0,0,0,0,0,0,5,1.093347988
17897.89,0.515678321,0.5,6621,37,0.1655,33.125,34.25,37.11,0,0,0,0,0,20,0.5,0.101,0,0,0,0.1,0.1,0.1,0.1,0.1,0.1,0.5,0,14858,0.033786512,0.014335711,0,0,0,0,0,0,0,0,0,0,5,1.078342121
17957.96,0.530604279,0.5,6621,37,0.1887,33.0625,34.3125,36.95,0,0,0,0,0,20,0.5,0.101,0,0,0,0.1,0.1,0.1,0.1,0.1,0.1,0.5,0,14729,0.034286102,0.01452916,0,0,0,0,0,0,0,0,0,0,5,1.110025044
18018.03,0.542022411,0.5,6621,37,0.1881,33,34.375,36.89,0,0,0,0,0,20,0.5,0.101,0,0,0,0.1,0.1,0.1,0.1,0.1,0.1,0.5,0,14520,0.034504132,0.014256198,0,0,0,0,0,0,0,0,0,0,5,1.118396321
18078.08,0.543688509,0.5,6621,37,0.367225,33,34.3125,36.81,0,0.02,0.15,0,0,20,0.5,0.101,0,0,0,0.1,0.1,0.1,0.1,0.1,0.1,0.5,0,15843,0.033516379,0.014012498,0,0,0,0,0,0,0,0,0,0,0.44,1.118396321
18138.15,0.496745161,0.5,6621,37,0.747525,32.8125,34.3125,35.15,0,0.02,0.15,0,0,20,0.5,0.101,0,0,0,0.1,0.1,0.1,0.1,0.1,0.1,0.5,0,14085,0.034149805,0.014554491,0,0,0,0,0,0,0,0,0,0,0.44,1.118396321
18198.22,0.410750274,0.5,6621,37,0.61395,32.75,34.375,35.71,0,0,0.07,0,0,20,0.5,0.101,0,0,0,0.1,0.1,0.1,0.1,0.1,0.1,0.5,0,12966,0.035014654,0.01465371,0,0,0,0,0,0,0,0,0,0,5,1.118396321
18258.26,0.415744711,0.5,6621,37,0.33915,33,34.4375,36.85,0,0,0.07,0,0,20,0.5,0.101,0,0,0,0.1,0.1,0.1,0.1,0.1,0.1,0.5,0,13340,0.034632684,0.014617691,0,0,0,0,0,0,0,0,0,0,5,1.118396321
18318.33,0.4264985,0.5,6621,37,0.24965,33.25,34.4375,37.19,0,0,0.25,0,0,20,0.5,0.101,0,0,0,0.1,0.1,0.1,0.1,0.1,0.1,0.5,0,13365,0.034268612,0.014515526,0,0,0,0,0,0,0,0,0,0,5,1.118396321
18378.4,0.434270523,0.5,6621,37,0.13585,33.4375,34.4375,37.59,0,0,0.07,0,0,20,0.5,0.101,0,0,0,0.1,0.1,0.1,0.1,0.1,0.1,0.5,0,13779,0.033892155,0.014369693,0,0,0,0,0,0,0,0,0,0,5,1.118396321
18438.47,0.443356709,0.5,6621,37,0.11375,33.5,34.4375,37.61,0,0,0.07,0,0,20,0.5,0.101,0,0,0,0.1,0.1,0.1,0.1,0.1,0.1,0.5,0,14069,0.03425972,0.014215651,0,0,0,0,0,0,0,0,0,0,5,1.118396321
18498.53,0.447773363,0.5,6621,37,0.09455,33.5625,34.4375,37.61,0,0,0.07,0,0,20,0.5,0.101,0,0,0,0.1,0.1,0.1,0.1,0.1,0.1,0.5,0,14130,0.034041047,0.014295824,0,0,0,0,0,0,0,0,0,0,5,1.118396321
18558.59,0.487492607,0.5,6621,37,0.10665,33.4375,34.5,37.51,0,0,0.07,0,0,20,0.5,0.101,0,0,0,0.1,0.1,0.1,0.1,0.1,0.1,0.5,0,14243,0.033700765,0.014252615,0,0,0,0,0,0,0,0,0,0,5,1.317440222
18618.66,0.49519093,0.5,6621,37,0.18475,33.375,34.5,37.17,0,0,0.25,0,0,20,0.5,0.101,0,0,0,0.1,0.1,0.1,0.1,0.1,0.1,0.5,0,13678,0.034215529,0.014548911,0,0,0,0,0,0,0,0,0,0,5,1.298573056
18678.72,0.496852949,0.5,6621,37,0.1345,33.3125,34.5625,36.97,0,0,0.07,0,0,20,0.5,0.101,0,0,0,0.1,0.1,0.1,0.1,0.1,0.1,0.5,0,13845,0.034308415,0.014445648,0,0,0,0,0,0,0,0,0,0,5,1.2436965
18738.79,0.487421873,0.5,6621,37,0.1753,33.25,34.5,37.17,0,0,0.07,0,0,20,0.5,0.101,0,0,0,0.1,0.1,0.1,0.1,0.1,0.1,0.5,0,14235,0.034000702,0.014401124,0,0,0,0,0,0,0,0,0,0,5,1.124019411
18798.83,0.501416669,0.5,6621,37,0.2017,33.25,34.5,37.11,0,0,0,0,0,20,0.5,0.101,0,0,0,0.1,0.1,0.1,0.1,0.1,0.1,0.5,0,14097,0.034333546,0.014542101,0,0,0,0,0,0,0,0,0,0,5,1.152740678
18858.87,0.518323982,0.5,6621,37,0.1831,33.25,34.4375,37.11,0,0,0,0,0,20,0.5,0.101,0,0,0,0.1,0.1,0.1,0.1,0.1,0.1,0.5,0,14196,0.034234996,0.014370245,0,0,0,0,0,0,0,0,0,0,5,1.194592837
18918.92,0.520668091,0.5,6621,37,0.2169,33.1875,34.5,37.13,0,0,0,0,0,20,0.5,0.101,0,0,0,0.1,0.1,0.1,0.1,0.1,0.1,0.5,0,14076,0.034597897,0.014492754,0,0,0,0,0,0,0,0,0,0,5,1.148400043
18978.98,0.518004507,0.5,6621,37,0.1718,33.1875,34.4375,37.27,0,0,0,0,0,20,0.5,0.101,0,0,0,0.1,0.1,0.1,0.1,0.1,0.1,0.5,0,14598,0.034182765,0.014180025,0,0,0,0,0,0,0,0,0,0,5,1.075593541
19039.05,0.544386394,0.5,6621,37,0.1335,33.25,34.4375,37.09,0,0,0,0,0,20,0.5,0.101,0,0,0,0.1,0.1,0.1,0.1,0.1,0.1,0.5,0,15052,0.033749668,0.014084507,0,0,0,0,0,0,0,0,0,0,5,1.170839865
19099.1,0.543806488,0.5,6621,37,0.5498,33.1875,34.375,35.97,0,0.02,0.15,0,0,20,0.5,0.101,0,0,0,0.1,0.1,0.1,0.1,0.1,0.1,0.5,0,15848,0.033316507,0.013881878,0,0,0,0,0,0,0,0,0,0,0.44,1.170839865
19159.16,0.48982393,0.5,6621,37,1,32.875,34.3125,34.51,0,0.017131169,0.138524675,0,0,20,0.5,0.101,0,0,0,0.1,0.1,0.1,0.1,0.1,0.1,0.5,0,14092,0.034203804,0.014405336,0,0,0,0,0,0,0,0,0,0,0.44,1.170839865
19219.22,0.417280361,0.5,6621,37,0.5133,32.875,34.3125,36.01,0,0,0.25,0,0,20,0.5,0.101,0,0,0,0.1,0.1,0.1,0.1,0.1,0.1,0.5,0,13261,0.034461956,0.014629364,0,0,0,0,0,0,0,0,0,0,5,1.170839865
19279.27,0.419357544,0.5,6621,37,0.30555,33.1875,34.375,37.03,0,0,0.07,0,0,20,0.5,0.101,0,0,0,0.1,0.1,0.1,0.1,0.1,0.1,0.5,0,13367,0.034487918,0.014139298,0,0,0,0,0,0,0,0,0,0,5,1.170839865
19339.34,0.431771583,0.5,6621,37,0.16685,33.375,34.4375,37.41,0,0,0.07,0,0,20,0.5,0.101,0,0,0,0.1,0.1,0.1,0.1,0.1,0.1,0.5,0,13100,0.03480916,0.014580153,0,0,0,0,0,0,0,0,0,0,5,1.170839865
19399.42,0.443786002,0.5,6621,37,0.12455,33.4375,34.4375,37.59,0,0,0.07,0,0,20,0.5,0.101,0,0,0,0.1,0.1,0.1,0.1,0.1,0.1,0.5,0,13638,0.034315882,0.014371609,0,0,0,0,0,0,0,0,0,0,5,1.170839865
19459.5,0.445195853,0.5,6621,37,0.13405,33.4375,34.4375,37.33,0,0,0.07,0,0,20,0.5,0.101,0,0,0,0.1,0.1,0.1,0.1,0.1,0.1,0.5,0,13881,0.034003314,0.014047979,0,0,0,0,0,0,0,0,0,0,5,1.170839865
19519.54,0.464295607,0.5,6621,37,0.1931,33.4375,34.5,37.13,0,0,0.25,0,0,20,0.5,0.101,0,0,0,0.1,0.1,0.1,0.1,0.1,0.1,0.5,0,13689,0.034188034,0.014464168,0,0,0,0,0,0,0,0,0,0,5,1.170839865
19579.58,0.481403707,0.5,6621,37,0.15405,33.375,34.5,37.29,0,0,0.07,0,0,20,0.5,0.101,0,0,0,0.1,0.1,0.1,0.1,0.1,0.1,0.5,0,13529,0.034666272,0.014487397,0,0,0,0,0,0,0,0,0,0,5,1.22085225
19639.64,0.475747275,0.5,6621,37,0.12035,33.3125,34.5,37.21,0,0,0.07,0,0,20,0.5,0.101,0,0,0,0.1,0.1,0.1,0.1,0.1,0.1,0.5,0,14128,0.033975085,0.014297848,0,0,0,0,0,0,0,0,0,0,5,1.124351293
19699.69,0.480576614,0.5,6621,37,0.19555,33.3125,34.5,37.09,0,0,0.07,0,0,20,0.5,0.101,0,0,0,0.1,0.1,0.1,0.1,0.1,0.1,0.5,0,13845,0.034814012,0.014517876,0,0,0,0,0,0,0,0,0,0,5,1.098433381
19759.74,0.495963731,0.5,6621,37,0.13365,33.1875,34.5,36.95,0,0,0.07,0,0,20,0.5,0.101,0,0,0,0.1,0.1,0.1,0.1,0.1,0.1,0.5,0,14167,0.033952142,0.014399661,0,0,0,0,0,0,0,0,0,0,5,1.138060128
19819.78,0.535684539,0.5,6621,37,0.17445,33.1875,34.5,37.03,0,0,0,0,0,20,0.5,0.101,0,0,0,0.1,0.1,0.1,0.1,0.1,0.1,0.5,0,14381,0.033864126,0.01425492,0,0,0,0,0,0,0,0,0,0,5,1.312285044
19879.83,0.51100147,0.5,6621,37,0.15175,33.1875,34.5625,37.03,0,0,0,0,0,20,0.5,0.101,0,0,0,0.1,0.1,0.1,0.1,0.1,0.1,0.5,0,15131,0.033176922,0.01414315,0,0,0,0,0,0,0,0,0,0,5,1.10515187
19939.88,0.517028453,0.5,6621,37,0.16905,33.1875,34.5625,36.97,0,0,0,0,0,20,0.5,0.101,0,0,0,0.1,0.1,0.1,0.1,0.1,0.1,0.5,0,14281,0.033961207,0.014144668,0,0,0,0,0,0,0,0,0,0,5,1.085070598
19999.95,0.551877295,0.5,6621,37,0.16635,33.0625,34.5625,36.85,0,0,0,0,0,20,0.5,0.101,0,0,0,0.1,0.1,0.1,0.1,0.1,0.1,0.5,0,14285,0.034161708,0.014070704,0,0,0,0,0,0,0,0,0,0,5,1.226500533
20060.02,0.542858148,0.5,6621,37,0.6265,33.0625,34.5,35.55,0,0.02,0.15,0,0,20,0.5,0.101,0,0,0,0.1,0.1,0.1,0.1,0.1,0.1,0.5,0,14668,0.03408781,0.014112353,0,0,0,0,0,0,0,0,0,0,0.44,1.226500533
20120.08,0.462870564,0.5,6621,37,0.606280112,32.875,34.5625,35.75,0,0.013466985,0.25,0,0,20,0.5,0.101,0,0,0,0.1,0.1,0.1,0.1,0.1,0.1,0.5,0,13681,0.034354214,0.014107156,0,0,0,0,0,0,0,0,0,0,0.44,1.226500533
20180.17,0.41698297,0.5,6621,37,0.643536715,32.875,34.5,35.97,0,0,0.07,0,0,20,0.5,0.101,0,0,0,0.1,0.1,0.1,0.1,0.1,0.1,0.5,0,13313,0.034327349,0.014421994,0,0,0,0,0,0,0,0,0,0,5,1.226500533
20240.26,0.426783535,0.5,6621,37,0.37075,33.1875,34.5,36.81,0,0,0.07,0,0,20,0.5,0.101,0,0,0,0.1,0.1,0.1,0.1,0.1,0.1,0.5,0,12997,0.034315611,0.014464877,0,0,0,0,0,0,0,0,0,0,5,1.226500533
20300.34,0.431266192,0.5,6621,37,0.20325,33.375,34.4375,37.33,0,0,0.07,0,0,20,0.5,0.101,0,0,0,0.1,0.1,0.1,0.1,0.1,0.1,0.5,0,13415,0.034140887,0.014535967,0,0,0,0,0,0,0,0,0,0,5,1.226500533
20360.42,0.45149639,0.5,6621,37,0.18125,33.375,34.4375,37.25,0,0,0.07,0,0,20,0.5,0.101,0,0,0,0.1,0.1,0.1,0.1,0.1,0.1,0.5,0,13029,0.034998849,0.014506102,0,0,0,0,0,0,0,0,0,0,5,1.226500533
20420.47,0.461255093,0.5,6621,37,0.2076,33.4375,34.4375,37.21,0,0,0.25,0,0,20,0.5,0.101,0,0,0,0.1,0.1,0.1,0.1,0.1,0.1,0.5,0,13951,0.03390438,0.014049172,0,0,0,0,0,0,0,0,0,0,5,1.226500533
20480.53,0.461280627,0.5,6621,37,0.17265,33.375,34.4375,37.37,0,0,0.07,0,0,20,0.5,0.101,0,0,0,0.1,0.1,0.1,0.1,0.1,0.1,0.5,0,13580,0.034315169,0.014138439,0,0,0,0,0,0,0,0,0,0,5,1.226500533
20540.6,0.486300532,0.5,6621,37,0.14885,33.375,34.5,37.45,0,0,0.07,0,0,20,0.5,0.101,0,0,0,0.1,0.1,0.1,0.1,0.1,0.1,0.5,0,14359,0.033707083,0.013928547,0,0,0,0,0,0,0,0,0,0,5,1.323636164
20600.68,0.486647668,0.5,6621,37,0.12865,33.3125,34.5625,37.33,0,0,0.07,0,0,20,0.5,0.101,0,0,0,0.1,0.1,0.1,0.1,0.1,0.1,0.5,0,14012,0.033542678,0.01427348,0,0,0,0,0,0,0,0,0,0,5,1.25959508
20660.74,0.502831858,0.5,6621,37,0.19415,33.375,34.5,37.29,0,0,0.07,0,0,20,0.5,0.101,0,0,0,0.1,0.1,0.1,0.1,0.1,0.1,0.5,0,13843,0.034096655,0.014086542,0,0,0,0,0,0,0,0,0,0,5,1.294761675
20720.77,0.512788683,0.5,6621,37,0.185,33.375,34.5625,37.13,0,0,0.25,0,0,20,0.5,0.101,0,0,0,0.1,0.1,0.1,0.1,0.1,0.1,0.5,0,14023,0.034372103,0.014404906,0,0,0,0,0,0,0,0,0,0,5,1.288847588
20780.83,0.512844061,0.5,6621,37,0.16715,33.3125,34.5625,37.09,0,0,0,0,0,20,0.5,0.101,0,0,0,0.1,0.1,0.1,0.1,0.1,0.1,0.5,0,14190,0.033897111,0.014376321,0,0,0,0,0,0,0,0,0,0,5,1.224729173
20840.9,0.532439753,0.5,6621,37,0.16465,33.1875,34.5625,37.09,0,0,0,0,0,20,0.5,0.101,0,0,0,0.1,0.1,0.1,0.1,0.1,0.1,0.5,0,14786,0.033612877,0.014270256,0,0,0,0,0,0,0,0,0,0,5,1.2759865
20900.98,0.539174136,0.5,6621,37,0.19515,33.1875,34.5625,36.97,0,0,0,0,0,20,0.5,0.101,0,0,0,0.1,0.1,0.1,0.1,0.1,0.1,0.5,0,14851,0.033600431,0.014005791,0,0,0,0,0,0,0,0,0,0,5,1.249893691
20961.04,0.537049662,0.5,6621,37,0.20075,33.1875,34.5,37.01,0,0,0,0,0,20,0.5,0.101,0,0,0,0.1,0.1,0.1,0.1,0.1,0.1,0.5,0,14853,0.033797886,0.014407864,0,0,0,0,0,0,0,0,0,0,5,1.175554948
21021.08,0.552101265,0.5,6621,37,0.19635,33.1875,34.4375,36.95,0,0,0,0,0,20,0.5,0.101,0,0,0,0.1,0.1,0.1,0.1,0.1,0.1,0.5,0,15035,0.033521783,0.013967409,0,0,0,0,0,0,0,0,0,0,5,1.199699931
21081.15,0.575171171,0.5,6621,37,0.601975,33.1875,34.5625,35.69,0,0.02,0.15,0,0,20,0.5,0.101,0,0,0,0.1,0.1,0.1,0.1,0.1,0.1,0.5,0,15005,0.033322226,0.014261913,0,0,0,0,0,0,0,0,0,0,0.44,1.199699931
21141.22,0.485248589,0.5,6621,37,0.723637825,33,34.5,35.31,0,0.019673,0.148692,0,0,20,0.5,0.101,0,0,0,0.1,0.1,0.1,0.1,0.1,0.1,0.5,0,14320,0.033379888,0.014106145,0,0,0,0,0,0,0,0,0,0,0.44,1.199699931
21201.31,0.417402469,0.5,6621,37,0.748987825,32.875,34.5,35.71,0,0,0.07,0,0,20,0.5,0.101,0,0,0,0.1,0.1,0.1,0.1,0.1,0.1,0.5,0,13432,0.034172126,0.014145325,0,0,0,0,0,0,0,0,0,0,5,1.199699931
21261.42,0.425918712,0.5,6621,37,0.39575,33.125,34.4375,36.69,0,0,0.07,0,0,20,0.5,0.101,0,0,0,0.1,0.1,0.1,0.1,0.1,0.1,0.5,0,12904,0.034485431,0.01433664,0,0,0,0,0,0,0,0,0,0,5,1.199699931
21321.45,0.422985589,0.5,6621,37,0.2275,33.375,34.375,37.29,0,0,0.25,0,0,20,0.5,0.101,0,0,0,0.1,0.1,0.1,0.1,0.1,0.1,0.5,0,13191,0.034114169,0.014176332,0,0,0,0,0,0,0,0,0,0,5,1.199699931
21381.53,0.441371963,0.5,6621,37,0.21255,33.5625,34.375,37.43,0,0,0.07,0,0,20,0.5,0.101,0,0,0,0.1,0.1,0.1,0.1,0.1,0.1,0.5,0,13215,0.0343549,0.014453273,0,0,0,0,0,0,0,0,0,0,5,1.199699931
21441.62,0.456093602,0.5,6621,37,0.15725,33.5625,34.375,37.43,0,0,0.07,0,0,20,0.5,0.101,0,0,0,0.1,0.1,0.1,0.1,0.1,0.1,0.5,0,14014,0.033751962,0.014271443,0,0,0,0,0,0,0,0,0,0,5,1.199699931
21501.69,0.473808019,0.5,6621,37,0.10985,33.5625,34.375,37.43,0,0,0.07,0,0,20,0.5,0.101,0,0,0,0.1,0.1,0.1,0.1,0.1,0.1,0.5,0,13648,0.033997655,0.014434349,0,0,0,0,0,0,0,0,0,0,5,1.199699931
21561.78,0.469872292,0.5,6621,37,0.17725,33.375,34.4375,37.25,0,0,0.07,0,0,20,0.5,0.101,0,0,0,0.1,0.1,0.1,0.1,0.1,0.1,0.5,0,14400,0.033541667,0.013958333,0,0,0,0,0,0,0,0,0,0,5,1.114691102
21621.85,0.477378668,0.5,6621,37,0.1636,33.375,34.4375,37.29,0,0,0.25,0,0,20,0.5,0.101,0,0,0,0.1,0.1,0.1,0.1,0.1,0.1,0.5,0,13891,0.034050824,0.014253833,0,0,0,0,0,0,0,0,0,0,5,1.106503819
21681.91,0.498452955,0.5,6621,37,0.16455,33.3125,34.4375,37.19,0,0,0.07,0,0,20,0.5,0.101,0,0,0,0.1,0.1,0.1,0.1,0.1,0.1,0.5,0,14008,0.034123358,0.014277556,0,0,0,0,0,0,0,0,0,0,5,1.180776176
21741.98,0.498356709,0.5,6621,37,0.16265,33.25,34.5,37.21,0,0,0.07,0,0,20,0.5,0.101,0,0,0,0.1,0.1,0.1,0.1,0.1,0.1,0.5,0,13806,0.034115602,0.014486455,0,0,0,0,0,0,0,0,0,0,5,1.121158042
21802.05,0.51959551,0.5,6621,37,0.15045,33.25,34.5,37.21,0,0,0,0,0,20,0.5,0.101,0,0,0,0.1,0.1,0.1,0.1,0.1,0.1,0.5,0,13714,0.034344466,0.014510719,0,0,0,0,0,0,0,0,0,0,5,1.190303759
21862.13,0.524492031,0.5,6621,37,0.16975,33.25,34.5,37.13,0,0,0,0,0,20,0.5,0.101,0,0,0,0.1,0.1,0.1,0.1,0.1,0.1,0.5,0,14830,0.033310856,0.014227916,0,0,0,0,0,0,0,0,0,0,5,1.158927343
21922.21,0.547070163,0.5,6621,37,0.16145,33.25,34.5625,36.97,0,0,0,0,0,20,0.5,0.101,0,0,0,0.1,0.1,0.1,0.1,0.1,0.1,0.5,0,14560,0.033722527,0.014354396,0,0,0,0,0,0,0,0,0,0,5,1.227421464
21982.28,0.553183861,0.5,6621,37,0.613175,33.1875,34.5625,35.67,0,0.02,0.15,0,0,20,0.5,0.101,0,0,0,0.1,0.1,0.1,0.1,0.1,0.1,0.5,0,15013,0.033104643,0.013721441,0,0,0,0,0,0,0,0,0,0,0.44,1.227421464
22042.34,0.470962878,0.5,6621,37,1,33,34.5625,34.97,0,0.015590324,0.132361297,0,0,20,0.5,0.101,0,0,0,0.1,0.1,0.1,0.1,0.1,0.1,0.5,0,14193,0.033537659,0.014161911,0,0,0,0,0,0,0,0,0,0,0.44,1.227421464
22102.41,0.413272513,0.5,6621,37,0.646306678,33,34.625,35.97,0,0,0.07,0,0,20,0.5,0.101,0,0,0,0.1,0.1,0.1,0.1,0.1,0.1,0.5,0,12980,0.034822804,0.014252696,0,0,0,0,0,0,0,0,0,0,5,1.227421464
22162.45,0.425573387,0.5,6621,37,0.3029,33.25,34.5625,37.09,0,0,0.07,0,0,20,0.5,0.101,0,0,0,0.1,0.1,0.1,0.1,0.1,0.1,0.5,0,12888,0.03437306,0.014199255,0,0,0,0,0,0,0,0,0,0,5,1.227421464
22222.52,0.433438282,0.5,6621,37,0.17165,33.5,34.5625,37.37,0,0,0.25,0,0,20,0.5,0.101,0,0,0,0.1,0.1,0.1,0.1,0.1,0.1,0.5,0,13603,0.033889583,0.014335073,0,0,0,0,0,0,0,0,0,0,5,1.227421464
22282.58,0.433708328,0.5,6621,37,0.1078,33.625,34.625,37.61,0,0,0.07,0,0,20,0.5,0.101,0,0,0,0.1,0.1,0.1,0.1,0.1,0.1,0.5,0,13187,0.034352013,0.0141048,0,0,0,0,0,0,0,0,0,0,5,1.227421464
22342.62,0.458123187,0.5,6621,37,0.1278,33.625,34.5625,37.33,0,0,0.07,0,0,20,0.5,0.101,0,0,0,0.1,0.1,0.1,0.1,0.1,0.1,0.5,0,13597,0.034272266,0.014341399,0,0,0,0,0,0,0,0,0,0,5,1.227421464
22402.69,0.469343901,0.5,6621,37,0.1264,33.5625,34.5,37.27,0,0,0.07,0,0,20,0.5,0.101,0,0,0,0.1,0.1,0.1,0.1,0.1,0.1,0.5,0,13791,0.033790153,0.014284678,0,0,0,0,0,0,0,0,0,0,5,1.227421464
22462.74,0.465571897,0.5,6621,37,0.1542,33.4375,34.4375,36.93,0,0,0.07,0,0,20,0.5,0.101,0,0,0,0.1,0.1,0.1,0.1,0.1,0.1,0.5,0,13930,0.033596554,0.013998564,0,0,0,0,0,0,0,0,0,0,5,1.141842709
22522.82,0.47501995,0.5,6621,37,0.18385,33.3125,34.5,37.11,0,0,0.25,0,0,20,0.5,0.101,0,0,0,0.1,0.1,0.1,0.1,0.1,0.1,0.5,0,13708,0.033848847,0.01422527,0,0,0,0,0,0,0,0,0,0,5,1.14502137
22582.86,0.498081413,0.5,6621,37,0.1981,33.375,34.5,37.19,0,0,0.07,0,0,20,0.5,0.101,0,0,0,0.1,0.1,0.1,0.1,0.1,0.1,0.5,0,14254,0.033885225,0.014171461,0,0,0,0,0,0,0,0,0,0,5,1.229990523
22642.9,0.493088782,0.5,6621,37,0.176,33.3125,34.4375,37.11,0,0,0.07,0,0,20,0.5,0.101,0,0,0,0.1,0.1,0.1,0.1,0.1,0.1,0.5,0,13904,0.033587457,0.014024741,0,0,0,0,0,0,0,0,0,0,5,1.138268097
22702.97,0.495388231,0.5,6621,37,0.1827,33.25,34.375,37.05,0,0,0,0,0,20,0.5,0.101,0,0,0,0.1,0.1,0.1,0.1,0.1,0.1,0.5,0,14332,0.033700809,0.014233882,0,0,0,0,0,0,0,0,0,0,5,1.095312241
22763.02,0.533107915,0.5,6621,37,0.157,33.1875,34.375,37.29,0,0,0,0,0,20,0.5,0.101,0,0,0,0.1,0.1,0.1,0.1,0.1,0.1,0.5,0,14590,0.033310487,0.01411926,0,0,0,0,0,0,0,0,0,0,5,1.260692964
22823.06,0.517970237,0.5,6621,37,0.2055,33.0625,34.375,37.03,0,0,0,0,0,20,0.5,0.101,0,0,0,0.1,0.1,0.1,0.1,0.1,0.1,0.5,0,14995,0.033411137,0.014004668,0,0,0,0,0,0,0,0,0,0,5,1.111240053
22883.13,0.548444293,0.5,6621,37,0.1428,33.125,34.4375,37.17,0,0,0,0,0,20,0.5,0.101,0,0,0,0.1,0.1,0.1,0.1,0.1,0.1,0.5,0,15349,0.033161769,0.013942276,0,0,0,0,0,0,0,0,0,0,5,1.227181839
22943.21,0.540345729,0.5,6621,37,0.483,33.0625,34.375,36.25,0,0.02,0.15,0,0,20,0.5,0.101,0,0,0,0.1,0.1,0.1,0.1,0.1,0.1,0.5,0,14643,0.034077716,0.014273031,0,0,0,0,0,0,0,0,0,0,0.44,1.227181839
23003.27,0.496109218,0.5,6621,37,0.756675,32.9375,34.4375,35.07,0,0.02,0.15,0,0,20,0.5,0.101,0,0,0,0.1,0.1,0.1,0.1,0.1,0.1,0.5,0,14561,0.033308152,0.013872674,0,0,0,0,0,0,0,0,0,0,0.44,1.227181839
23063.36,0.433871941,0.5,6621,37,0.708225,32.8125,34.4375,35.63,0,0,0.07,0,0,20,0.5,0.101,0,0,0,0.1,0.1,0.1,0.1,0.1,0.1,0.5,0,13272,0.034207354,0.014315853,0,0,0,0,0,0,0,0,0,0,5,1.227181839
23123.42,0.444094238,0.5,6621,37,0.40105,33,34.5,36.57,0,0,0.25,0,0,20,0.5,0.101,0,0,0,0.1,0.1,0.1,0.1,0.1,0.1,0.5,0,13081,0.034553933,0.01437199,0,0,0,0,0,0,0,0,0,0,5,1.227181839
23183.48,0.441778132,0.5,6621,37,0.2167,33.25,34.4375,37.33,0,0,0.07,0,0,20,0.5,0.101,0,0,0,0.1,0.1,0.1,0.1,0.1,0.1,0.5,0,13336,0.034118176,0.014022196,0,0,0,0,0,0,0,0,0,0,5,1.227181839
23243.53,0.454569708,0.5,6621,37,0.1008,33.4375,34.5,37.45,0,0,0.07,0,0,20,0.5,0.101,0,0,0,0.1,0.1,0.1,0.1,0.1,0.1,0.5,0,13470,0.03437268,0.014179659,0,0,0,0,0,0,0,0,0,0,5,1.227181839
23303.59,0.472116389,0.5,6621,37,0.1564,33.5625,34.5,37.41,0,0,0.07,0,0,20,0.5,0.101,0,0,0,0.1,0.1,0.1,0.1,0.1,0.1,0.5,0,13913,0.033996981,0.014159419,0,0,0,0,0,0,0,0,0,0,5,1.227181839
23363.66,0.473367769,0.5,6621,37,0.1376,33.5625,34.5625,37.43,0,0,0.07,0,0,20,0.5,0.101,0,0,0,0.1,0.1,0.1,0.1,0.1,0.1,0.5,0,13645,0.03400513,0.014290949,0,0,0,0,0,0,0,0,0,0,5,1.227181839
23423.73,0.487464681,0.5,6621,37,0.18435,33.4375,34.5,37.21,0,0,0.25,0,0,20,0.5,0.101,0,0,0,0.1,0.1,0.1,0.1,0.1,0.1,0.5,0,13764,0.034219704,0.01409474,0,0,0,0,0,0,0,0,0,0,5,1.25385843
23483.8,0.492483981,0.5,6621,37,0.1441,33.375,34.5,37.21,0,0,0.07,0,0,20,0.5,0.101,0,0,0,0.1,0.1,0.1,0.1,0.1,0.1,0.5,0,13776,0.034117305,0.014372822,0,0,0,0,0,0,0,0,0,0,5,1.221897797
23543.85,0.512033572,0.5,6621,37,0.1975,33.375,34.5,37.19,0,0,0.07,0,0,20,0.5,0.101,0,0,0,0.1,0.1,0.1,0.1,0.1,0.1,0.5,0,14379,0.033451561,0.013978719,0,0,0,0,0,0,0,0,0,0,5,1.277587682
23603.9,0.523624866,0.5,6621,37,0.1856,33.3125,34.5,37.19,0,0,0.07,0,0,20,0.5,0.101,0,0,0,0.1,0.1,0.1,0.1,0.1,0.1,0.5,0,14221,0.033752901,0.014415301,0,0,0,0,0,0,0,0,0,0,5,1.280864293
23663.97,0.5310755,0.5,6621,37,0.1605,33.3125,34.4375,37.25,0,0,0,0,0,20,0.5,0.101,0,0,0,0.1,0.1,0.1,0.1,0.1,0.1,0.5,0,15088,0.033205196,0.014117179,0,0,0,0,0,0,0,0,0,0,5,1.259207092
23724.02,0.535115771,0.5,6621,37,0.1227,33.25,34.4375,37.01,0,0,0,0,0,20,0.5,0.101,0,0,0,0.1,0.1,0.1,0.1,0.1,0.1,0.5,0,14946,0.033386859,0.014184397,0,0,0,0,0,0,0,0,0,0,5,1.218983505
23784.11,0.540383207,0.5,6621,37,0.167,33.125,34.375,37.13,0,0,0,0,0,20,0.5,0.101,0,0,0,0.1,0.1,0.1,0.1,0.1,0.1,0.5,0,14522,0.033466465,0.014254235,0,0,0,0,0,0,0,0,0,0,5,1.187420565
23844.19,0.555788045,0.5,6621,37,0.1687,33.0625,34.375,36.97,0,0.02,0.15,0,0,20,0.5,0.101,0,0,0,0.1,0.1,0.1,0.1,0.1,0.1,0.5,0,14795,0.033795201,0.013991213,0,0,0,0,0,0,0,0,0,0,0.44,1.187420565
23904.26,0.482495926,0.5,6621,37,0.59915,32.8125,34.3125,35.81,0,0.017374804,0.139499218,0,0,20,0.5,0.101,0,0,0,0.1,0.1,0.1,0.1,0.1,0.1,0.5,0,13871,0.034027828,0.014058107,0,0,0,0,0,0,0,0,0,0,0.44,1.187420565
23964.33,0.428333475,0.5,6621,37,0.680334561,32.8125,34.375,35.83,0,0,0.07,0,0,20,0.5,0.101,0,0,0,0.1,0.1,0.1,0.1,0.1,0.1,0.5,0,13115,0.034616851,0.01441098,0,0,0,0,0,0,0,0,0,0,5,1.187420565
24024.38,0.426730112,0.5,6621,37,0.3105,33.125,34.4375,36.85,0,0,0.25,0,0,20,0.5,0.101,0,0,0,0.1,0.1,0.1,0.1,0.1,0.1,0.5,0,12958,0.034418892,0.014354067,0,0,0,0,0,0,0,0,0,0,5,1.187420565
24084.44,0.443366297,0.5,6621,37,0.20145,33.375,34.375,37.35,0,0,0.07,0,0,20,0.5,0.101,0,0,0,0.1,0.1,0.1,0.1,0.1,0.1,0.5,0,12981,0.034589015,0.014559741,0,0,0,0,0,0,0,0,0,0,5,1.187420565
24144.52,0.45589468,0.5,6621,37,0.14975,33.5,34.375,37.43,0,0,0.07,0,0,20,0.5,0.101,0,0,0,0.1,0.1,0.1,0.1,0.1,0.1,0.5,0,13541,0.033897053,0.01403146,0,0,0,0,0,0,0,0,0,0,5,1.187420565
24204.57,0.468502303,0.5,6621,37,0.09155,33.5,34.4375,37.55,0,0,0.07,0,0,20,0.5,0.101,0,0,0,0.1,0.1,0.1,0.1,0.1,0.1,0.5,0,13136,0.03478989,0.014387942,0,0,0,0,0,0,0,0,0,0,5,1.187420565
24264.64,0.466198919,0.5,6621,37,0.10125,33.4375,34.5,37.37,0,0,0.07,0,0,20,0.5,0.101,0,0,0,0.1,0.1,0.1,0.1,0.1,0.1,0.5,0,13400,0.033955224,0.014328358,0,0,0,0,0,0,0,0,0,0,5,1.187420565
24324.69,0.483645193,0.5,6621,37,0.2204,33.375,34.4375,37.01,0,0,0.25,0,0,20,0.5,0.101,0,0,0,0.1,0.1,0.1,0.1,0.1,0.1,0.5,0,13691,0.033598714,0.014023811,0,0,0,0,0,0,0,0,0,0,5,1.238267015
24384.72,0.482076125,0.5,6621,37,0.14605,33.375,34.5,37.05,0,0,0.07,0,0,20,0.5,0.101,0,0,0,0.1,0.1,0.1,0.1,0.1,0.1,0.5,0,13806,0.034115602,0.014341591,0,0,0,0,0,0,0,0,0,0,5,1.166605078
24444.8,0.502593917,0.5,6621,37,0.17035,33.3125,34.5625,37.09,0,0,0.07,0,0,20,0.5,0.101,0,0,0,0.1,0.1,0.1,0.1,0.1,0.1,0.5,0,13840,0.034031792,0.013945087,0,0,0,0,0,0,0,0,0,0,5,1.233316273
24504.87,0.50845972,0.5,6621,37,0.22235,33.375,34.5625,37.25,0,0,0.07,0,0,20,0.5,0.101,0,0,0,0.1,0.1,0.1,0.1,0.1,0.1,0.5,0,14306,0.033202852,0.01418985,0,0,0,0,0,0,0,0,0,0,5,1.206460896
24564.94,0.510536433,0.5,6621,37,0.17935,33.25,34.625,37.13,0,0,0,0,0,20,0.5,0.101,0,0,0,0.1,0.1,0.1,0.1,0.1,0.1,0.5,0,14016,0.034032534,0.014269406,0,0,0,0,0,0,0,0,0,0,5,1.15836586
24625.01,0.523278843,0.5,6621,37,0.20105,33.3125,34.5625,37.09,0,0,0,0,0,20,0.5,0.101,0,0,0,0.1,0.1,0.1,0.1,0.1,0.1,0.5,0,14539,0.033358553,0.014237568,0,0,0,0,0,0,0,0,0,0,5,1.174405006
24685.07,0.549513388,0.5,6621,37,0.13595,33.3125,34.5625,36.93,0,0,0,0,0,20,0.5,0.101,0,0,0,0.1,0.1,0.1,0.1,0.1,0.1,0.5,0,14218,0.033900689,0.014418343,0,0,0,0,0,0,0,0,0,0,5,1.262440723
24745.14,0.546109728,0.5,6621,37,0.17035,33.1875,34.5625,37.03,0,0.02,0.15,0,0,20,0.5,0.101,0,0,0,0.1,0.1,0.1,0.1,0.1,0.1,0.5,0,14853,0.033393927,0.014138558,0,0,0,0,0,0,0,0,0,0,0.44,1.262440723
24805.2,0.469340204,0.5,6621,37,0.603825,33,34.5,35.85,0,0.014665588,0.128662351,0,0,20,0.5,0.101,0,0,0,0.1,0.1,0.1,0.1,0.1,0.1,0.5,0,14007,0.033626044,0.014135789,0,0,0,0,0,0,0,0,0,0,0.44,1.262440723
24865.26,0.419658138,0.5,6621,37,0.617046359,32.9375,34.5,35.93,0,0,0.07,0,0,20,0.5,0.101,0,0,0,0.1,0.1,0.1,0.1,0.1,0.1,0.5,0,13095,0.034211531,0.01428026,0,0,0,0,0,0,0,0,0,0,5,1.262440723
24925.33,0.437471482,0.5,6621,37,0.3324,33.1875,34.5625,36.85,0,0,0.25,0,0,20,0.5,0.101,0,0,0,0.1,0.1,0.1,0.1,0.1,0.1,0.5,0,13177,0.034605752,0.014343174,0,0,0,0,0,0,0,0,0,0,5,1.262440723
24985.37,0.459353973,0.5,6621,37,0.20215,33.375,34.5,37.35,0,0,0.07,0,0,20,0.5,0.101,0,0,0,0.1,0.1,0.1,0.1,0.1,0.1,0.5,0,13110,0.034324943,0.014340198,0,0,0,0,0,0,0,0,0,0,5,1.262440723
25045.44,0.462241263,0.5,6621,37,0.16925,33.5625,34.5,37.53,0,0,0.07,0,0,20,0.5,0.101,0,0,0,0.1,0.1,0.1,0.1,0.1,0.1,0.5,0,13352,0.034002397,0.014080288,0,0,0,0,0,0,0,0,0,0,5,1.262440723
25105.52,0.468321714,0.5,6621,37,0.12485,33.625,34.5,37.59,0,0,0.07,0,0,20,0.5,0.101,0,0,0,0.1,0.1,0.1,0.1,0.1,0.1,0.5,0,13072,0.034577723,0.014152387,0,0,0,0,0,0,0,0,0,0,5,1.262440723
25165.58,0.481659611,0.5,6621,37,0.15815,33.5,34.4375,37.43,0,0,0.07,0,0,20,0.5,0.101,0,0,0,0.1,0.1,0.1,0.1,0.1,0.1,0.5,0,13396,0.034338609,0.014407286,0,0,0,0,0,0,0,0,0,0,5,1.262440723
25225.64,0.47780137,0.5,6621,37,0.2281,33.5,34.375,37.05,0,0,0.25,0,0,20,0.5,0.101,0,0,0,0.1,0.1,0.1,0.1,0.1,0.1,0.5,0,13826,0.033993924,0.01417619,0,0,0,0,0,0,0,0,0,0,5,1.175191
25285.7,0.496085443,0.5,6621,37,0.17435,33.375,34.375,37.37,0,0,0.07,0,0,20,0.5,0.101,0,0,0,0.1,0.1,0.1,0.1,0.1,0.1,0.5,0,13937,0.034010189,0.013919782,0,0,0,0,0,0,0,0,0,0,5,1.22909067
25345.8,0.522861759,0.5,6621,37,0.16095,33.3125,34.4375,37.05,0,0,0.07,0,0,20,0.5,0.101,0,0,0,0.1,0.1,0.1,0.1,0.1,0.1,0.5,0,14171,0.033730859,0.014183897,0,0,0,0,0,0,0,0,0,0,5,1.325342928
25405.88,0.521512139,0.5,6621,37,0.17315,33.25,34.4375,37.13,0,0,0.07,0,0,20,0.5,0.101,0,0,0,0.1,0.1,0.1,0.1,0.1,0.1,0.5,0,14210,0.033849402,0.014004222,0,0,0,0,0,0,0,0,0,0,5,1.251322118
25465.95,0.53271517,0.5,6621,37,0.14655,33.25,34.5625,37.13,0,0,0,0,0,20,0.5,0.101,0,0,0,0.1,0.1,0.1,0.1,0.1,0.1,0.5,0,13993,0.034302866,0.014292861,0,0,0,0,0,0,0,0,0,0,5,1.252519033
25526.01,0.532442271,0.5,6621,37,0.12345,33.25,34.5625,37.01,0,0,0,0,0,20,0.5,0.101,0,0,0,0.1,0.1,0.1,0.1,0.1,0.1,0.5,0,15231,0.033024752,0.014050292,0,0,0,0,0,0,0,0,0,0,5,1.18835585
25586.08,0.549697608,0.5,6621,37,0.16595,33.1875,34.5625,36.87,0,0,0,0,0,20,0.5,0.101,0,0,0,0.1,0.1,0.1,0.1,0.1,0.1,0.5,0,14556,0.033800495,0.014014839,0,0,0,0,0,0,0,0,0,0,5,1.224619586
25646.17,0.562562478,0.5,6621,37,0.21865,33.1875,34.625,37.01,0,0.02,0.15,0,0,20,0.5,0.101,0,0,0,0.1,0.1,0.1,0.1,0.1,0.1,0.5,0,14638,0.033337888,0.01393633,0,0,0,0,0,0,0,0,0,0,0.44,1.224619586
25706.22,0.51314278,0.5,6621,37,0.5132,33.0625,34.625,36.33,0,0.02,0.15,0,0,20,0.5,0.101,0,0,0,0.1,0.1,0.1,0.1,0.1,0.1,0.5,0,14555,0.033596702,0.013947097,0,0,0,0,0,0,0,0,0,0,0.44,1.224619586
25766.27,0.433601662,0.5,6621,37,0.6784,32.9375,34.5625,35.71,0,0,0.07,0,0,20,0.5,0.101,0,0,0,0.1,0.1,0.1,0.1,0.1,0.1,0.5,0,13257,0.034472354,0.014332051,0,0,0,0,0,0,0,0,0,0,0.44,1.224619586
25826.31,0.438852678,0.5,6621,37,0.3557,33.1875,34.5625,36.77,0,0,0.25,0,0,20,0.5,0.101,0,0,0,0.1,0.1,0.1,0.1,0.1,0.1,0.5,0,13109,0.034480128,0.014417576,0,0,0,0,0,0,0,0,0,0,5,1.224619586
25886.35,0.44728861,0.5,6621,37,0.23195,33.375,34.5625,37.29,0,0,0.07,0,0,20,0.5,0.101,0,0,0,0.1,0.1,0.1,0.1,0.1,0.1,0.5,0,13065,0.034366628,0.014542671,0,0,0,0,0,0,0,0,0,0,5,1.224619586
25946.41,0.465331099,0.5,6621,37,0.14315,33.5625,34.5625,37.67,0,0,0.07,0,0,20,0.5,0.101,0,0,0,0.1,0.1,0.1,0.1,0.1,0.1,0.5,0,13646,0.033929357,0.014070057,0,0,0,0,0,0,0,0,0,0,5,1.224619586
26006.5,0.481353234,0.5,6621,37,0.13955,33.5625,34.5,37.51,0,0,0.07,0,0,20,0.5,0.101,0,0,0,0.1,0.1,0.1,0.1,0.1,0.1,0.5,0,14195,0.033744276,0.014089468,0,0,0,0,0,0,0,0,0,0,5,1.224619586
26066.57,0.503296004,0.5,6621,37,0.15785,33.5625,34.5,37.59,0,0,0.07,0,0,20,0.5,0.101,0,0,0,0.1,0.1,0.1,0.1,0.1,0.1,0.5,0,13333,0.034425861,0.014325358,0,0,0,0,0,0,0,0,0,0,5,1.224619586
26126.63,0.500303029,0.5,6621,37,0.1918,33.5625,34.5,37.17,0,0,0.25,0,0,20,0.5,0.101,0,0,0,0.1,0.1,0.1,0.1,0.1,0.1,0.5,0,14720,0.033084239,0.01392663,0,0,0,0,0,0,0,0,0,0,5,1.224619586
26186.71,0.497779563,0.5,6621,37,0.14685,33.4375,34.4375,37.25,0,0,0.07,0,0,20,0.5,0.101,0,0,0,0.1,0.1,0.1,0.1,0.1,0.1,0.5,0,13940,0.033859397,0.014275466,0,0,0,0,0,0,0,0,0,0,5,1.148218689
26246.8,0.517262789,0.5,6621,37,0.15995,33.375,34.375,37.33,0,0,0.07,0,0,20,0.5,0.101,0,0,0,0.1,0.1,0.1,0.1,0.1,0.1,0.5,0,13891,0.033690879,0.014253833,0,0,0,0,0,0,0,0,0,0,5,1.205988876
26306.87,0.529831784,0.5,6621,37,0.15365,33.25,34.3125,36.97,0,0,0.07,0,0,20,0.5,0.101,0,0,0,0.1,0.1,0.1,0.1,0.1,0.1,0.5,0,14185,0.033697568,0.014169898,0,0,0,0,0,0,0,0,0,0,5,1.217715012
26366.94,0.529684469,0.5,6621,37,0.15915,33.125,34.3125,37.13,0,0,0,0,0,20,0.5,0.101,0,0,0,0.1,0.1,0.1,0.1,0.1,0.1,0.5,0,14664,0.033483361,0.014184397,0,0,0,0,0,0,0,0,0,0,5,1.155995023
26427,0.537929632,0.5,6621,37,0.21965,33.0625,34.3125,36.85,0,0,0,0,0,20,0.5,0.101,0,0,0,0.1,0.1,0.1,0.1,0.1,0.1,0.5,0,14273,0.033699993,0.014152596,0,0,0,0,0,0,0,0,0,0,5,1.144534075
26487.08,0.557031272,0.5,6621,37,0.17755,33.0625,34.375,37.03,0,0,0,0,0,20,0.5,0.101,0,0,0,0.1,0.1,0.1,0.1,0.1,0.1,0.5,0,14716,0.033704811,0.014066322,0,0,0,0,0,0,0,0,0,0,5,1.191988252
26547.17,0.558893187,0.5,6621,37,0.21405,33.0625,34.375,36.97,0,0.02,0.15,0,0,20,0.5,0.101,0,0,0,0.1,0.1,0.1,0.1,0.1,0.1,0.5,0,15059,0.033667574,0.01407796,0,0,0,0,0,0,0,0,0,0,0.44,1.191988252
26607.25,0.494737664,0.5,6621,37,0.6369,32.875,34.4375,35.99,0,0.019266205,0.14706482,0,0,20,0.5,0.101,0,0,0,0.1,0.1,0.1,0.1,0.1,0.1,0.5,0,13934,0.03358691,0.01413808,0,0,0,0,0,0,0,0,0,0,0.44,1.191988252
26667.29,0.414385501,0.5,6621,37,0.668137374,32.75,34.4375,35.85,0,0,0.07,0,0,20,0.5,0.101,0,0,0,0.1,0.1,0.1,0.1,0.1,0.1,0.5,0,12775,0.034677104,0.014559687,0,0,0,0,0,0,0,0,0,0,5,1.191988252
26727.34,0.419440447,0.5,6621,37,0.31555,33.0625,34.4375,36.87,0,0,0.25,0,0,20,0.5,0.101,0,0,0,0.1,0.1,0.1,0.1,0.1,0.1,0.5,0,13451,0.034049513,0.01442272,0,0,0,0,0,0,0,0,0,0,5,1.191988252
26787.37,0.429539047,0.5,6621,37,0.2115,33.375,34.375,37.35,0,0,0.07,0,0,20,0.5,0.101,0,0,0,0.1,0.1,0.1,0.1,0.1,0.1,0.5,0,12781,0.034660825,0.014552852,0,0,0,0,0,0,0,0,0,0,5,1.191988252
26847.46,0.450972259,0.5,6621,37,0.1053,33.5,34.4375,37.33,0,0,0.07,0,0,20,0.5,0.101,0,0,0,0.1,0.1,0.1,0.1,0.1,0.1,0.5,0,13633,0.033594953,0.014010122,0,0,0,0,0,0,0,0,0,0,5,1.191988252
26907.56,0.455853296,0.5,6621,37,0.16,33.5,34.375,37.35,0,0,0.07,0,0,20,0.5,0.101,0,0,0,0.1,0.1,0.1,0.1,0.1,0.1,0.5,0,13064,0.034828536,0.014543784,0,0,0,0,0,0,0,0,0,0,5,1.191988252
26967.63,0.469927567,0.5,6621,37,0.1863,33.4375,34.5625,37.09,0,0,0.07,0,0,20,0.5,0.101,0,0,0,0.1,0.1,0.1,0.1,0.1,0.1,0.5,0,13414,0.034143432,0.014238855,0,0,0,0,0,0,0,0,0,0,5,1.191988252
27027.68,0.477164032,0.5,6621,37,0.20925,33.4375,34.5,37.09,0,0,0.25,0,0,20,0.5,0.101,0,0,0,0.1,0.1,0.1,0.1,0.1,0.1,0.5,0,14226,0.033530156,0.013707296,0,0,0,0,0,0,0,0,0,0,5,1.178234071
27087.75,0.48702611,0.5,6621,37,0.1867,33.375,34.5,37.21,0,0,0.07,0,0,20,0.5,0.101,0,0,0,0.1,0.1,0.1,0.1,0.1,0.1,0.5,0,13319,0.034537127,0.014265335,0,0,0,0,0,0,0,0,0,0,5,1.180694632
27147.83,0.500853057,0.5,6621,37,0.1377,33.375,34.5,37.19,0,0,0.07,0,0,20,0.5,0.101,0,0,0,0.1,0.1,0.1,0.1,0.1,0.1,0.5,0,13615,0.03400661,0.014175542,0,0,0,0,0,0,0,0,0,0,5,1.205644965
27207.88,0.506983059,0.5,6621,37,0.1499,33.25,34.5625,37.27,0,0,0.07,0,0,20,0.5,0.101,0,0,0,0.1,0.1,0.1,0.1,0.1,0.1,0.5,0,14418,0.033499792,0.013940907,0,0,0,0,0,0,0,0,0,0,5,1.181857207
27267.95,0.528609397,0.5,6621,37,0.1739,33.1875,34.5625,37.11,0,0,0,0,0,20,0.5,0.101,0,0,0,0.1,0.1,0.1,0.1,0.1,0.1,0.5,0,14052,0.033945346,0.014161685,0,0,0,0,0,0,0,0,0,0,5,1.248080919
27328,0.531714729,0.5,6621,37,0.1361,33.25,34.625,37.01,0,0,0,0,0,20,0.5,0.101,0,0,0,0.1,0.1,0.1,0.1,0.1,0.1,0.5,0,14278,0.033758229,0.014287715,0,0,0,0,0,0,0,0,0,0,5,1.203248904
27388.09,0.522772395,0.5,6621,37,0.1425,33.1875,34.625,37.03,0,0,0,0,0,20,0.5,0.101,0,0,0,0.1,0.1,0.1,0.1,0.1,0.1,0.5,0,14724,0.033686498,0.013854931,0,0,0,0,0,0,0,0,0,0,5,1.092203627
27448.13,0.54150537,0.5,6621,37,0.1707,33.125,34.5625,36.87,0,0,0,0,0,20,0.5,0.101,0,0,0,0.1,0.1,0.1,0.1,0.1,0.1,0.5,0,14692,0.033623741,0.014293493,0,0,0,0,0,0,0,0,0,0,5,1.143213858
27508.17,0.551711573,0.5,6621,37,0.2063,33.125,34.5,36.89,0,0.02,0.15,0,0,20,0.5,0.101,0,0,0,0.1,0.1,0.1,0.1,0.1,0.1,0.5,0,15100,0.033311258,0.01397351,0,0,0,0,0,0,0,0,0,0,0.44,1.143213858
27568.22,0.477394748,0.5,6621,37,0.6062,32.875,34.4375,35.89,0,0.016300126,0.135200502,0,0,20,0.5,0.101,0,0,0,0.1,0.1,0.1,0.1,0.1,0.1,0.5,0,14331,0.033424046,0.014165097,0,0,0,0,0,0,0,0,0,0,0.44,1.143213858
27628.29,0.430277133,0.5,6621,37,0.5702,32.8125,34.4375,35.81,0,0,0.25,0,0,20,0.5,0.101,0,0,0,0.1,0.1,0.1,0.1,0.1,0.1,0.5,0,13925,0.033895871,0.013859964,0,0,0,0,0,0,0,0,0,0,5,1.143213858
27688.36,0.431190864,0.5,6621,37,0.27005,33.1875,34.5,37.13,0,0,0.07,0,0,20,0.5,0.101,0,0,0,0.1,0.1,0.1,0.1,0.1,0.1,0.5,0,13479,0.033904592,0.014170191,0,0,0,0,0,0,0,0,0,0,5,1.143213858
27748.41,0.455125602,0.5,6621,37,0.15865,33.5,34.4375,37.27,0,0,0.07,0,0,20,0.5,0.101,0,0,0,0.1,0.1,0.1,0.1,0.1,0.1,0.5,0,13816,0.03343949,0.013824551,0,0,0,0,0,0,0,0,0,0,5,1.143213858
27808.5,0.461453758,0.5,6621,37,0.11455,33.5625,34.4375,37.61,0,0,0.07,0,0,20,0.5,0.101,0,0,0,0.1,0.1,0.1,0.1,0.1,0.1,0.5,0,13294,0.034677298,0.014367384,0,0,0,0,0,0,0,0,0,0,5,1.143213858
27868.6,0.465593218,0.5,6621,37,0.10575,33.5,34.375,37.21,0,0,0.07,0,0,20,0.5,0.101,0,0,0,0.1,0.1,0.1,0.1,0.1,0.1,0.5,0,13187,0.034352013,0.014332297,0,0,0,0,0,0,0,0,0,0,5,1.143213858
27928.66,0.481925152,0.5,6621,37,0.2177,33.375,34.375,37.01,0,0,0.25,0,0,20,0.5,0.101,0,0,0,0.1,0.1,0.1,0.1,0.1,0.1,0.5,0,14133,0.033821552,0.014009764,0,0,0,0,0,0,0,0,0,0,5,1.143213858
27988.71,0.477812255,0.5,6621,37,0.19105,33.3125,34.4375,37.01,0,0,0.07,0,0,20,0.5,0.101,0,0,0,0.1,0.1,0.1,0.1,0.1,0.1,0.5,0,14059,0.033643929,0.014083505,0,0,0,0,0,0,0,0,0,0,5,1.060340367
28048.77,0.495952191,0.5,6621,37,0.16625,33.25,34.375,37.21,0,0,0.07,0,0,20,0.5,0.101,0,0,0,0.1,0.1,0.1,0.1,0.1,0.1,0.5,0,14569,0.033221223,0.013865056,0,0,0,0,0,0,0,0,0,0,5,1.119108297
28108.83,0.511327516,0.5,6621,37,0.13315,33.1875,34.4375,36.97,0,0,0.07,0,0,20,0.5,0.101,0,0,0,0.1,0.1,0.1,0.1,0.1,0.1,0.5,0,13876,0.034375901,0.014125108,0,0,0,0,0,0,0,0,0,0,5,1.154745233
28168.9,0.525326924,0.5,6621,37,0.17605,33.1875,34.4375,37.09,0,0,0.07,0,0,20,0.5,0.101,0,0,0,0.1,0.1,0.1,0.1,0.1,0.1,0.5,0,14306,0.033482455,0.01418985,0,0,0,0,0,0,0,0,0,0,5,1.178039367
28228.96,0.533818486,0.5,6621,37,0.19425,33.125,34.5,37.01,0,0,0,0,0,20,0.5,0.101,0,0,0,0.1,0.1,0.1,0.1,0.1,0.1,0.5,0,14613,0.03332649,0.014165469,0,0,0,0,0,0,0,0,0,0,5,1.167242659
28289.03,0.534515118,0.5,6621,37,0.15215,33.125,34.5625,37.05,0,0,0,0,0,20,0.5,0.101,0,0,0,0.1,0.1,0.1,0.1,0.1,0.1,0.5,0,14289,0.033942193,0.0143467,0,0,0,0,0,0,0,0,0,0,5,1.112792967
28349.09,0.56113826,0.5,6621,37,0.12265,33.1875,34.5625,37.03,0,0,0,0,0,20,0.5,0.101,0,0,0,0.1,0.1,0.1,0.1,0.1,0.1,0.5,0,15001,0.0329978,0.014065729,0,0,0,0,0,0,0,0,0,0,5,1.202975259
28409.14,0.566247756,0.5,6621,37,0.19085,33.125,34.5625,37.03,0,0.02,0.15,0,0,20,0.5,0.101,0,0,0,0.1,0.1,0.1,0.1,0.1,0.1,0.5,0,14331,0.033982276,0.014444212,0,0,0,0,0,0,0,0,0,0,0.44,1.202975259
28469.2,0.492999455,0.5,6621,37,0.587325,32.875,34.5625,35.81,0,0.019783691,0.149134764,0,0,20,0.5,0.101,0,0,0,0.1,0.1,0.1,0.1,0.1,0.1,0.5,0,13693,0.034178047,0.014386913,0,0,0,0,0,0,0,0,0,0,0.44,1.202975259
28529.27,0.419016351,0.5,6621,37,0.54235,32.875,34.5,35.91,0,0,0.25,0,0,20,0.5,0.101,0,0,0,0.1,0.1,0.1,0.1,0.1,0.1,0.5,0,12737,0.035016095,0.014524613,0,0,0,0,0,0,0,0,0,0,5,1.202975259
28589.34,0.437570911,0.5,6621,37,0.3308,33.1875,34.5,36.97,0,0,0.07,0,0,20,0.5,0.101,0,0,0,0.1,0.1,0.1,0.1,0.1,0.1,0.5,0,13228,0.034018748,0.014363471,0,0,0,0,0,0,0,0,0,0,5,1.202975259
28649.39,0.454052187,0.5,6621,37,0.1285,33.4375,34.4375,37.35,0,0,0.07,0,0,20,0.5,0.101,0,0,0,0.1,0.1,0.1,0.1,0.1,0.1,0.5,0,12804,0.034754764,0.014292409,0,0,0,0,0,0,0,0,0,0,5,1.202975259
28709.46,0.461373234,0.5,6621,37,0.1818,33.5,34.5,37.55,0,0,0.07,0,0,20,0.5,0.101,0,0,0,0.1,0.1,0.1,0.1,0.1,0.1,0.5,0,13273,0.034355458,0.014013411,0,0,0,0,0,0,0,0,0,0,5,1.202975259
28769.54,0.47500849,0.5,6621,37,0.1224,33.5625,34.5,37.35,0,0,0.07,0,0,20,0.5,0.101,0,0,0,0.1,0.1,0.1,0.1,0.1,0.1,0.5,0,13769,0.033771516,0.014234875,0,0,0,0,0,0,0,0,0,0,5,1.202975259
28829.59,0.475457924,0.5,6621,37,0.18175,33.5,34.5,37.17,0,0,0.25,0,0,20,0.5,0.101,0,0,0,0.1,0.1,0.1,0.1,0.1,0.1,0.5,0,13433,0.034318469,0.014218715,0,0,0,0,0,0,0,0,0,0,5,1.202975259
28889.66,0.480133238,0.5,6621,37,0.158,33.375,34.4375,37.05,0,0,0.07,0,0,20,0.5,0.101,0,0,0,0.1,0.1,0.1,0.1,0.1,0.1,0.5,0,13505,0.034061459,0.01436505,0,0,0,0,0,0,0,0,0,0,5,1.172182262
28949.71,0.494151932,0.5,6621,37,0.1876,33.375,34.375,37.11,0,0,0.07,0,0,20,0.5,0.101,0,0,0,0.1,0.1,0.1,0.1,0.1,0.1,0.5,0,13534,0.034062361,0.014334269,0,0,0,0,0,0,0,0,0,0,5,1.199911292
29009.74,0.498522608,0.5,6621,37,0.1769,33.25,34.4375,37.13,0,0,0.07,0,0,20,0.5,0.101,0,0,0,0.1,0.1,0.1,0.1,0.1,0.1,0.5,0,13977,0.033769765,0.014237676,0,0,0,0,0,0,0,0,0,0,5,1.166333473
29069.78,0.510921329,0.5,6621,37,0.2366,33.1875,34.375,37.01,0,0,0.07,0,0,20,0.5,0.101,0,0,0,0.1,0.1,0.1,0.1,0.1,0.1,0.5,0,14162,0.03354046,0.014263522,0,0,0,0,0,0,0,0,0,0,5,1.181716847
29129.83,0.524061382,0.5,6621,37,0.1933,33.1875,34.375,37.01,0,0,0,0,0,20,0.5,0.101,0,0,0,0.1,0.1,0.1,0.1,0.1,0.1,0.5,0,14555,0.033459292,0.014153212,0,0,0,0,0,0,0,0,0,0,5,1.198810593
29189.87,0.529192078,0.5,6621,37,0.1529,33.125,34.4375,36.81,0,0,0,0,0,20,0.5,0.101,0,0,0,0.1,0.1,0.1,0.1,0.1,0.1,0.5,0,14541,0.033629049,0.01423561,0,0,0,0,0,0,0,0,0,0,5,1.168097989
29249.91,0.537862146,0.5,6621,37,0.2076,33.125,34.4375,37.05,0,0,0,0,0,20,0.5,0.101,0,0,0,0.1,0.1,0.1,0.1,0.1,0.1,0.5,0,14856,0.033319871,0.013799138,0,0,0,0,0,0,0,0,0,0,5,1.158445584
29309.96,0.559762381,0.5,6621,37,0.1525,33.125,34.4375,37.01,0,0,0,0,0,20,0.5,0.101,0,0,0,0.1,0.1,0.1,0.1,0.1,0.1,0.5,0,15425,0.033192869,0.013938412,0,0,0,0,0,0,0,0,0,0,5,1.220253547
29369.99,0.566616696,0.5,6621,37,0.1454,33,34.4375,36.85,0,0.02,0.15,0,0,20,0.5,0.101,0,0,0,0.1,0.1,0.1,0.1,0.1,0.1,0.5,0,15388,0.033142709,0.013971926,0,0,0,0,0,0,0,0,0,0,0.44,1.220253547
29430.05,0.487826846,0.5,6621,37,0.77229839,32.8125,34.4375,35.09,0,0.019156101,0.25,0,0,20,0.5,0.101,0,0,0,0.1,0.1,0.1,0.1,0.1,0.1,0.5,0,13878,0.033866551,0.014339242,0,0,0,0,0,0,0,0,0,0,0.44,1.220253547
29490.11,0.429996227,0.5,6621,37,0.727131076,32.8125,34.4375,35.83,0,0,0.07,0,0,20,0.5,0.101,0,0,0,0.1,0.1,0.1,0.1,0.1,0.1,0.5,0,13024,0.034781941,0.014281327,0,0,0,0,0,0,0,0,0,0,5,1.220253547
29550.17,0.433551683,0.5,6621,37,0.3364,33.0625,34.4375,36.81,0,0,0.07,0,0,20,0.5,0.101,0,0,0,0.1,0.1,0.1,0.1,0.1,0.1,0.5,0,12781,0.034817307,0.014631093,0,0,0,0,0,0,0,0,0,0,5,1.220253547
29610.24,0.449363486,0.5,6621,37,0.2251,33.375,34.5,37.27,0,0,0.07,0,0,20,0.5,0.101,0,0,0,0.1,0.1,0.1,0.1,0.1,0.1,0.5,0,13417,0.033986733,0.014384736,0,0,0,0,0,0,0,0,0,0,5,1.220253547
29670.3,0.46408588,0.5,6621,37,0.151,33.5,34.5,37.51,0,0,0.07,0,0,20,0.5,0.101,0,0,0,0.1,0.1,0.1,0.1,0.1,0.1,0.5,0,13185,0.034357224,0.014334471,0,0,0,0,0,0,0,0,0,0,5,1.220253547
29730.38,0.481246524,0.5,6621,37,0.15955,33.5625,34.4375,37.41,0,0,0.25,0,0,20,0.5,0.101,0,0,0,0.1,0.1,0.1,0.1,0.1,0.1,0.5,0,13337,0.034265577,0.014396041,0,0,0,0,0,0,0,0,0,0,5,1.220253547
29790.44,0.4943316,0.5,6621,37,0.1746,33.5,34.5625,37.41,0,0,0.07,0,0,20,0.5,0.101,0,0,0,0.1,0.1,0.1,0.1,0.1,0.1,0.5,0,14080,0.034019886,0.014204545,0,0,0,0,0,0,0,0,0,0,5,1.220253547
29850.52,0.48763308,0.5,6621,37,0.1049,33.5,34.5,37.33,0,0,0.07,0,0,20,0.5,0.101,0,0,0,0.1,0.1,0.1,0.1,0.1,0.1,0.5,0,13648,0.034364009,0.014361079,0,0,0,0,0,0,0,0,0,0,5,1.118310943
29910.58,0.501323732,0.5,6621,37,0.1697,33.4375,34.5,37.25,0,0,0.07,0,0,20,0.5,0.101,0,0,0,0.1,0.1,0.1,0.1,0.1,0.1,0.5,0,13448,0.03428019,0.014351576,0,0,0,0,0,0,0,0,0,0,5,1.145461873
29970.63,0.49905768,0.5,6621,37,0.174,33.4375,34.5625,37.19,0,0,0.07,0,0,20,0.5,0.101,0,0,0,0.1,0.1,0.1,0.1,0.1,0.1,0.5,0,14531,0.033514555,0.01410777,0,0,0,0,0,0,0,0,0,0,5,1.074597624
30030.69,0.508830999,0.5,6621,37,0.18575,33.375,34.5,37.13,0,0,0.25,0,0,20,0.5,0.101,0,0,0,0.1,0.1,0.1,0.1,0.1,0.1,0.5,0,13694,0.034321601,0.014166788,0,0,0,0,0,0,0,0,0,0,5,1.079050514
30090.75,0.534975144,0.5,6621,37,0.1467,33.3125,34.5,37.17,0,0,0,0,0,20,0.5,0.101,0,0,0,0.1,0.1,0.1,0.1,0.1,0.1,0.5,0,14386,0.034060893,0.013971917,0,0,0,0,0,0,0,0,0,0,5,1.175411035
30150.8,0.555651819,0.5,6621,37,0.2261,33.1875,34.4375,37.17,0,0,0,0,0,20,0.5,0.101,0,0,0,0.1,0.1,0.1,0.1,0.1,0.1,0.5,0,15133,0.033106456,0.013810877,0,0,0,0,0,0,0,0,0,0,5,1.230405249
30210.84,0.540293232,0.5,6621,37,0.166,33.1875,34.4375,36.95,0,0.02,0.15,0,0,20,0.5,0.101,0,0,0,0.1,0.1,0.1,0.1,0.1,0.1,0.5,0,14119,0.033784262,0.014377789,0,0,0,0,0,0,0,0,0,0,0.44,1.230405249
30270.91,0.468479545,0.5,6621,37,0.624325,33,34.4375,35.99,0,0.013970215,0.125880858,0,0,20,0.5,0.101,0,0,0,0.1,0.1,0.1,0.1,0.1,0.1,0.5,0,13023,0.034477463,0.014282423,0,0,0,0,0,0,0,0,0,0,0.44,1.230405249
30330.98,0.439065075,0.5,6621,37,0.36425,32.9375,34.5,36.71,0,0,0.25,0,0,20,0.5,0.101,0,0,0,0.1,0.1,0.1,0.1,0.1,0.1,0.5,0,12955,0.034581243,0.014588962,0,0,0,0,0,0,0,0,0,0,5,1.230405249
30391.02,0.452897843,0.5,6621,37,0.3209,33.125,34.4375,36.81,0,0,0.07,0,0,20,0.5,0.101,0,0,0,0.1,0.1,0.1,0.1,0.1,0.1,0.5,0,12876,0.034638086,0.014523144,0,0,0,0,0,0,0,0,0,0,5,1.230405249
30451.1,0.44827582,0.5,6621,37,0.2031,33.3125,34.4375,37.25,0,0,0.07,0,0,20,0.5,0.101,0,0,0,0.1,0.1,0.1,0.1,0.1,0.1,0.5,0,12906,0.034480087,0.014024485,0,0,0,0,0,0,0,0,0,0,5,1.230405249
30511.17,0.469549242,0.5,6621,37,0.1611,33.5,34.4375,37.35,0,0,0.07,0,0,20,0.5,0.101,0,0,0,0.1,0.1,0.1,0.1,0.1,0.1,0.5,0,13144,0.034692635,0.014531345,0,0,0,0,0,0,0,0,0,0,5,1.230405249
30571.24,0.47655527,0.5,6621,37,0.1123,33.4375,34.4375,37.37,0,0,0.07,0,0,20,0.5,0.101,0,0,0,0.1,0.1,0.1,0.1,0.1,0.1,0.5,0,14130,0.03368719,0.013871196,0,0,0,0,0,0,0,0,0,0,5,1.230405249
30631.27,0.481794099,0.5,6621,37,0.12065,33.4375,34.5,37.49,0,0,0.25,0,0,20,0.5,0.101,0,0,0,0.1,0.1,0.1,0.1,0.1,0.1,0.5,0,13648,0.034217468,0.014287808,0,0,0,0,0,0,0,0,0,0,5,1.230405249
30691.33,0.492804381,0.5,6621,37,0.1875,33.4375,34.5,37.25,0,0,0.07,0,0,20,0.5,0.101,0,0,0,0.1,0.1,0.1,0.1,0.1,0.1,0.5,0,14075,0.033889876,0.014138544,0,0,0,0,0,0,0,0,0,0,5,1.236671364
30751.4,0.515206668,0.5,6621,37,0.1473,33.375,34.5625,37.05,0,0,0.07,0,0,20,0.5,0.101,0,0,0,0.1,0.1,0.1,0.1,0.1,0.1,0.5,0,14084,0.034081227,0.014342516,0,0,0,0,0,0,0,0,0,0,5,1.308205241
30811.45,0.503295338,0.5,6621,37,0.1607,33.3125,34.625,37.27,0,0,0.07,0,0,20,0.5,0.101,0,0,0,0.1,0.1,0.1,0.1,0.1,0.1,0.5,0,13760,0.033938953,0.014026163,0,0,0,0,0,0,0,0,0,0,5,1.172622083
30871.49,0.537254538,0.5,6621,37,0.1267,33.3125,34.5625,37.11,0,0,0.07,0,0,20,0.5,0.101,0,0,0,0.1,0.1,0.1,0.1,0.1,0.1,0.5,0,14060,0.034068279,0.014224751,0,0,0,0,0,0,0,0,0,0,5,1.30987547
30931.53,0.53741047,0.5,6621,37,0.1757,33.25,34.625,36.95,0,0,0,0,0,20,0.5,0.101,0,0,0,0.1,0.1,0.1,0.1,0.1,0.1,0.5,0,14605,0.033687093,0.01389935,0,0,0,0,0,0,0,0,0,0,5,1.245252284
30991.58,0.546302284,0.5,6621,37,0.1733,33.1875,34.5,36.87,0,0,0,0,0,20,0.5,0.101,0,0,0,0.1,0.1,0.1,0.1,0.1,0.1,0.5,0,14322,0.034073453,0.014243821,0,0,0,0,0,0,0,0,0,0,5,1.232220502
31051.62,0.549828946,0.5,6621,37,0.18,33.125,34.5,36.89,0,0.02,0.15,0,0,20,0.5,0.101,0,0,0,0.1,0.1,0.1,0.1,0.1,0.1,0.5,0,14948,0.033583088,0.013981804,0,0,0,0,0,0,0,0,0,0,0.44,1.232220502
31111.67,0.477884191,0.5,6621,37,0.6137,32.9375,34.5,35.71,0,0.016176492,0.134705969,0,0,20,0.5,0.101,0,0,0,0.1,0.1,0.1,0.1,0.1,0.1,0.5,0,13605,0.033958104,0.014038956,0,0,0,0,0,0,0,0,0,0,0.44,1.232220502
31171.71,0.420779727,0.5,6621,37,0.677998591,32.9375,34.5,35.67,0,0,0.07,0,0,20,0.5,0.101,0,0,0,0.1,0.1,0.1,0.1,0.1,0.1,0.5,0,12484,0.035004806,0.014418456,0,0,0,0,0,0,0,0,0,0,5,1.232220502
31231.75,0.434770363,0.5,6621,37,0.3944,33.125,34.5,36.57,0,0,0.25,0,0,20,0.5,0.101,0,0,0,0.1,0.1,0.1,0.1,0.1,0.1,0.5,0,13161,0.034191931,0.014208647,0,0,0,0,0,0,0,0,0,0,5,1.232220502
31291.81,0.431277427,0.5,6621,37,0.2505,33.4375,34.4375,37.49,0,0,0.07,0,0,20,0.5,0.101,0,0,0,0.1,0.1,0.1,0.1,0.1,0.1,0.5,0,12936,0.034709338,0.014223871,0,0,0,0,0,0,0,0,0,0,5,1.232220502
31351.87,0.443818813,0.5,6621,37,0.1402,33.5,34.4375,37.45,0,0,0.07,0,0,20,0.5,0.101,0,0,0,0.1,0.1,0.1,0.1,0.1,0.1,0.5,0,13564,0.033839575,0.014081392,0,0,0,0,0,0,0,0,0,0,5,1.232220502
31411.94,0.450895758,0.5,6621,37,0.1678,33.5625,34.375,37.35,0,0,0.07,0,0,20,0.5,0.101,0,0,0,0.1,0.1,0.1,0.1,0.1,0.1,0.5,0,13162,0.034189333,0.01435952,0,0,0,0,0,0,0,0,0,0,5,1.232220502
31471.99,0.488408664,0.5,6621,37,0.149,33.5,34.4375,37.41,0,0,0.07,0,0,20,0.5,0.101,0,0,0,0.1,0.1,0.1,0.1,0.1,0.1,0.5,0,13739,0.0341364,0.013974816,0,0,0,0,0,0,0,0,0,0,5,1.232220502
31532.06,0.482619379,0.5,6621,37,0.1541,33.4375,34.4375,37.25,0,0,0.25,0,0,20,0.5,0.101,0,0,0,0.1,0.1,0.1,0.1,0.1,0.1,0.5,0,13309,0.034187392,0.014426328,0,0,0,0,0,0,0,0,0,0,5,1.134836955
31592.12,0.491820096,0.5,6621,37,0.1498,33.3125,34.5,37.05,0,0,0.07,0,0,20,0.5,0.101,0,0,0,0.1,0.1,0.1,0.1,0.1,0.1,0.5,0,13882,0.033784757,0.014263074,0,0,0,0,0,0,0,0,0,0,5,1.134749158
31652.19,0.491863146,0.5,6621,37,0.2056,33.3125,34.5,37.11,0,0,0.07,0,0,20,0.5,0.101,0,0,0,0.1,0.1,0.1,0.1,0.1,0.1,0.5,0,13471,0.034221661,0.014104372,0,0,0,0,0,0,0,0,0,0,5,1.078274286
31712.27,0.508536142,0.5,6621,37,0.1619,33.3125,34.5625,36.95,0,0,0.07,0,0,20,0.5,0.101,0,0,0,0.1,0.1,0.1,0.1,0.1,0.1,0.5,0,14255,0.033532094,0.014030165,0,0,0,0,0,0,0,0,0,0,5,1.12436788
31772.31,0.515896535,0.5,6621,37,0.1485,33.3125,34.5625,37.19,0,0,0,0,0,20,0.5,0.101,0,0,0,0.1,0.1,0.1,0.1,0.1,0.1,0.5,0,14051,0.033734254,0.013949185,0,0,0,0,0,0,0,0,0,0,5,1.111259311
31832.38,0.529178045,0.5,6621,37,0.2129,33.1875,34.5625,37.09,0,0,0,0,0,20,0.5,0.101,0,0,0,0.1,0.1,0.1,0.1,0.1,0.1,0.5,0,14371,0.033957275,0.014264839,0,0,0,0,0,0,0,0,0,0,5,1.131952486
31892.45,0.538971412,0.5,6621,37,0.1996,33.1875,34.625,37.03,0,0,0,0,0,20,0.5,0.101,0,0,0,0.1,0.1,0.1,0.1,0.1,0.1,0.5,0,14323,0.03358235,0.013963555,0,0,0,0,0,0,0,0,0,0,5,1.130367622
31952.51,0.553914462,0.5,6621,37,0.1666,33.1875,34.5625,37.09,0,0,0,0,0,20,0.5,0.101,0,0,0,0.1,0.1,0.1,0.1,0.1,0.1,0.5,0,15002,0.033328889,0.013931476,0,0,0,0,0,0,0,0,0,0,5,1.155892471
32012.55,0.559642342,0.5,6621,37,0.1615,33.1875,34.5625,37.03,0,0.02,0.15,0,0,20,0.5,0.101,0,0,0,0.1,0.1,0.1,0.1,0.1,0.1,0.5,0,14205,0.033720521,0.014290743,0,0,0,0,0,0,0,0,0,0,0.44,1.155892471
32072.59,0.481062875,0.5,6621,37,0.603775,33,34.5,35.83,0,0.017576085,0.140304341,0,0,20,0.5,0.101,0,0,0,0.1,0.1,0.1,0.1,0.1,0.1,0.5,0,13861,0.033691653,0.014284684,0,0,0,0,0,0,0,0,0,0,0.44,1.155892471
32132.65,0.424051838,0.5,6621,37,0.666967658,32.875,34.5,35.69,0,0,0.25,0,0,20,0.5,0.101,0,0,0,0.1,0.1,0.1,0.1,0.1,0.1,0.5,0,12645,0.034954527,0.014551206,0,0,0,0,0,0,0,0,0,0,5,1.155892471
32192.71,0.438151797,0.5,6621,37,0.3597,33.1875,34.5,36.85,0,0,0.07,0,0,20,0.5,0.101,0,0,0,0.1,0.1,0.1,0.1,0.1,0.1,0.5,0,13704,0.033858727,0.013864565,0,0,0,0,0,0,0,0,0,0,5,1.155892471
32252.78,0.442889911,0.5,6621,37,0.2184,33.5,34.5,37.33,0,0,0.07,0,0,20,0.5,0.101,0,0,0,0.1,0.1,0.1,0.1,0.1,0.1,0.5,0,13146,0.034383082,0.014453066,0,0,0,0,0,0,0,0,0,0,5,1.155892471
32312.83,0.456062318,0.5,6621,37,0.1492,33.5625,34.4375,37.61,0,0,0.07,0,0,20,0.5,0.101,0,0,0,0.1,0.1,0.1,0.1,0.1,0.1,0.5,0,12860,0.034525661,0.014385692,0,0,0,0,0,0,0,0,0,0,5,1.155892471
32372.9,0.466802261,0.5,6621,37,0.1392,33.625,34.4375,37.35,0,0,0.07,0,0,20,0.5,0.101,0,0,0,0.1,0.1,0.1,0.1,0.1,0.1,0.5,0,12877,0.034480081,0.014289042,0,0,0,0,0,0,0,0,0,0,5,1.155892471
32432.96,0.472280413,0.5,6621,37,0.1413,33.5625,34.4375,37.41,0,0,0.25,0,0,20,0.5,0.101,0,0,0,0.1,0.1,0.1,0.1,0.1,0.1,0.5,0,12933,0.03471739,0.014459136,0,0,0,0,0,0,0,0,0,0,5,1.155892471
32493.01,0.4942203,0.5,6621,37,0.1514,33.5,34.375,37.19,0,0,0.07,0,0,20,0.5,0.101,0,0,0,0.1,0.1,0.1,0.1,0.1,0.1,0.5,0,13837,0.03403917,0.01423719,0,0,0,0,0,0,0,0,0,0,5,1.234323246
32553.07,0.495375388,0.5,6621,37,0.1321,33.375,34.4375,37.13,0,0,0.07,0,0,20,0.5,0.101,0,0,0,0.1,0.1,0.1,0.1,0.1,0.1,0.5,0,13563,0.03421072,0.01437735,0,0,0,0,0,0,0,0,0,0,5,1.17961048
32613.13,0.514463548,0.5,6621,37,0.1758,33.3125,34.4375,37.19,0,0,0.07,0,0,20,0.5,0.101,0,0,0,0.1,0.1,0.1,0.1,0.1,0.1,0.5,0,14208,0.033713401,0.014146959,0,0,0,0,0,0,0,0,0,0,5,1.234056562
32673.18,0.512837432,0.5,6621,37,0.1271,33.25,34.4375,37.17,0,0,0.07,0,0,20,0.5,0.101,0,0,0,0.1,0.1,0.1,0.1,0.1,0.1,0.5,0,14547,0.033615178,0.014092253,0,0,0,0,0,0,0,0,0,0,5,1.162856316
32733.21,0.514574475,0.5,6621,37,0.1532,33.125,34.375,37.09,0,0,0,0,0,20,0.5,0.101,0,0,0,0.1,0.1,0.1,0.1,0.1,0.1,0.5,0,13924,0.034329216,0.014363689,0,0,0,0,0,0,0,0,0,0,5,1.114857698
32793.27,0.537912542,0.5,6621,37,0.1425,33.125,34.4375,37.01,0,0,0,0,0,20,0.5,0.101,0,0,0,0.1,0.1,0.1,0.1,0.1,0.1,0.5,0,14832,0.033171521,0.013888889,0,0,0,0,0,0,0,0,0,0,5,1.192181876
32853.33,0.542199724,0.5,6621,37,0.1972,33.125,34.4375,37.21,0,0,0,0,0,20,0.5,0.101,0,0,0,0.1,0.1,0.1,0.1,0.1,0.1,0.5,0,14057,0.034004411,0.014298926,0,0,0,0,0,0,0,0,0,0,5,1.156388111
32913.37,0.565433799,0.5,6621,37,0.1418,33.1875,34.5,37.03,0,0.02,0.15,0,0,20,0.5,0.101,0,0,0,0.1,0.1,0.1,0.1,0.1,0.1,0.5,0,15746,0.032770227,0.01371777,0,0,0,0,0,0,0,0,0,0,0.44,1.156388111
32973.43,0.48204651,0.5,6621,37,0.6072,32.875,34.5,35.71,0,0.018284141,0.143136564,0,0,20,0.5,0.101,0,0,0,0.1,0.1,0.1,0.1,0.1,0.1,0.5,0,12970,0.034772552,0.014572089,0,0,0,0,0,0,0,0,0,0,0.44,1.156388111
33033.51,0.425505309,0.5,6621,37,0.745168006,32.875,34.5,35.69,0,0,0.25,0,0,20,0.5,0.101,0,0,0,0.1,0.1,0.1,0.1,0.1,0.1,0.5,0,13294,0.033774635,0.014141718,0,0,0,0,0,0,0,0,0,0,5,1.156388111
33093.55,0.429604238,0.5,6621,37,0.3786,33.125,34.5625,36.77,0,0,0.07,0,0,20,0.5,0.101,0,0,0,0.1,0.1,0.1,0.1,0.1,0.1,0.5,0,13564,0.033839575,0.013933943,0,0,0,0,0,0,0,0,0,0,5,1.156388111
33153.63,0.44480987,0.5,6621,37,0.2323,33.4375,34.5,37.27,0,0,0.07,0,0,20,0.5,0.101,0,0,0,0.1,0.1,0.1,0.1,0.1,0.1,0.5,0,13324,0.033998799,0.013959772,0,0,0,0,0,0,0,0,0,0,5,1.156388111
33213.67,0.446601903,0.5,6621,37,0.1323,33.5,34.625,37.59,0,0,0.07,0,0,20,0.5,0.101,0,0,0,0.1,0.1,0.1,0.1,0.1,0.1,0.5,0,12953,0.034586582,0.01443681,0,0,0,0,0,0,0,0,0,0,5,1.156388111
33273.75,0.463731812,0.5,6621,37,0.1523,33.625,34.5625,37.61,0,0,0.07,0,0,20,0.5,0.101,0,0,0,0.1,0.1,0.1,0.1,0.1,0.1,0.5,0,13185,0.034433068,0.014334471,0,0,0,0,0,0,0,0,0,0,5,1.156388111
33333.81,0.467468289,0.5,6621,37,0.1341,33.5625,34.5625,37.43,0,0,0.25,0,0,20,0.5,0.101,0,0,0,0.1,0.1,0.1,0.1,0.1,0.1,0.5,0,13536,0.033687943,0.014332151,0,0,0,0,0,0,0,0,0,0,5,1.156388111
33393.85,0.482548126,0.5,6621,37,0.1441,33.5625,34.5,37.61,0,0,0.07,0,0,20,0.5,0.101,0,0,0,0.1,0.1,0.1,0.1,0.1,0.1,0.5,0,13991,0.033664499,0.014151955,0,0,0,0,0,0,0,0,0,0,5,1.193816141
33453.92,0.483675769,0.5,6621,37,0.1512,33.4375,34.5,37.21,0,0,0.07,0,0,20,0.5,0.101,0,0,0,0.1,0.1,0.1,0.1,0.1,0.1,0.5,0,14373,0.033535101,0.014054129,0,0,0,0,0,0,0,0,0,0,5,1.141127706
33513.98,0.499787652,0.5,6621,37,0.1157,33.375,34.5625,37.25,0,0,0.07,0,0,20,0.5,0.101,0,0,0,0.1,0.1,0.1,0.1,0.1,0.1,0.5,0,14207,0.033715774,0.014218343,0,0,0,0,0,0,0,0,0,0,5,1.182376907
33574.04,0.515574219,0.5,6621,37,0.1724,33.3125,34.5,37.11,0,0,0.07,0,0,20,0.5,0.101,0,0,0,0.1,0.1,0.1,0.1,0.1,0.1,0.5,0,14425,0.033275563,0.013864818,0,0,0,0,0,0,0,0,0,0,5,1.216551927
33634.09,0.528598086,0.5,6621,37,0.2076,33.3125,34.5,36.89,0,0,0,0,0,20,0.5,0.101,0,0,0,0.1,0.1,0.1,0.1,0.1,0.1,0.5,0,14090,0.034066714,0.014265436,0,0,0,0,0,0,0,0,0,0,5,1.230565674
33694.16,0.529518314,0.5,6621,37,0.2064,33.25,34.5,37.09,0,0,0,0,0,20,0.5,0.101,0,0,0,0.1,0.1,0.1,0.1,0.1,0.1,0.5,0,14546,0.033617489,0.014230716,0,0,0,0,0,0,0,0,0,0,5,1.174255502
33754.19,0.537543214,0.5,6621,37,0.1575,33.1875,34.3125,37.03,0,0,0,0,0,20,0.5,0.101,0,0,0,0.1,0.1,0.1,0.1,0.1,0.1,0.5,0,14561,0.033926241,0.01394135,0,0,0,0,0,0,0,0,0,0,5,1.160666933
33814.24,0.537763902,0.5,6621,37,0.1282,33.1875,34.375,37.13,0,0,0,0,0,20,0.5,0.101,0,0,0,0.1,0.1,0.1,0.1,0.1,0.1,0.5,0,14545,0.033482296,0.014231695,0,0,0,0,0,0,0,0,0,0,5,1.103864984
33874.28,0.564142142,0.5,6621,37,0.1449,33.125,34.4375,36.81,0,0,0,0,0,20,0.5,0.101,0,0,0,0.1,0.1,0.1,0.1,0.1,0.1,0.5,0,14732,0.03312517,0.014051045,0,0,0,0,0,0,0,0,0,0,5,1.192331609
33934.36,0.567692525,0.5,6621,37,0.1734,33.125,34.5,37.09,0,0.02,0.25,0,0,20,0.5,0.101,0,0,0,0.1,0.1,0.1,0.1,0.1,0.1,0.5,0,14868,0.033629271,0.014124294,0,0,0,0,0,0,0,0,0,0,0.44,1.192331609
33994.4,0.491986201,0.5,6621,37,0.612,32.9375,34.5,35.69,0,0.01979487,0.14917948,0,0,20,0.5,0.101,0,0,0,0.1,0.1,0.1,0.1,0.1,0.1,0.5,0,13902,0.034239678,0.014314487,0,0,0,0,0,0,0,0,0,0,0.44,1.192331609
34054.47,0.431838871,0.5,6621,37,0.647349995,32.875,34.5,35.53,0,0,0.07,0,0,20,0.5,0.101,0,0,0,0.1,0.1,0.1,0.1,0.1,0.1,0.5,0,13340,0.034182909,0.014017991,0,0,0,0,0,0,0,0,0,0,5,1.192331609
34114.52,0.45857827,0.5,6621,37,0.30055,33.1875,34.5625,36.65,0,0,0.07,0,0,20,0.5,0.101,0,0,0,0.1,0.1,0.1,0.1,0.1,0.1,0.5,0,13054,0.034318983,0.014478321,0,0,0,0,0,0,0,0,0,0,5,1.192331609
34174.6,0.461718735,0.5,6621,37,0.19725,33.4375,34.5625,37.17,0,0,0.07,0,0,20,0.5,0.101,0,0,0,0.1,0.1,0.1,0.1,0.1,0.1,0.5,0,13558,0.03414958,0.014013866,0,0,0,0,0,0,0,0,0,0,5,1.192331609
34234.64,0.483285227,0.5,6621,37,0.14465,33.5625,34.5625,37.27,0,0,0.25,0,0,20,0.5,0.101,0,0,0,0.1,0.1,0.1,0.1,0.1,0.1,0.5,0,13795,0.033852845,0.014280536,0,0,0,0,0,0,0,0,0,0,5,1.192331609
34294.69,0.459300783,0.5,6621,37,0.16035,33.5625,34.5625,37.33,0,0,0.07,0,0,20,0.5,0.101,0,0,0,0.1,0.1,0.1,0.1,0.1,0.1,0.5,0,13875,0.033513514,0.014198198,0,0,0,0,0,0,0,0,0,0,5,1.192331609
34354.74,0.488161965,0.5,6621,37,0.10895,33.5,34.5625,37.35,0,0,0.07,0,0,20,0.5,0.101,0,0,0,0.1,0.1,0.1,0.1,0.1,0.1,0.5,0,13741,0.033767557,0.014263882,0,0,0,0,0,0,0,0,0,0,5,1.192331609
34414.81,0.490720437,0.5,6621,37,0.13195,33.5,34.5625,37.09,0,0,0.07,0,0,20,0.5,0.101,0,0,0,0.1,0.1,0.1,0.1,0.1,0.1,0.5,0,14056,0.033793398,0.014157655,0,0,0,0,0,0,0,0,0,0,5,1.148397063
34474.87,0.504508596,0.5,6621,37,0.13975,33.4375,34.5,37.11,0,0,0.07,0,0,20,0.5,0.101,0,0,0,0.1,0.1,0.1,0.1,0.1,0.1,0.5,0,14226,0.033811331,0.014269647,0,0,0,0,0,0,0,0,0,0,5,1.174108069
34534.93,0.510103087,0.5,6621,37,0.17905,33.4375,34.5625,37.11,0,0,0.25,0,0,20,0.5,0.101,0,0,0,0.1,0.1,0.1,0.1,0.1,0.1,0.5,0,13775,0.034337568,0.01430127,0,0,0,0,0,0,0,0,0,0,5,1.148486543
34594.97,0.519748158,0.5,6621,37,0.21315,33.3125,34.5625,36.93,0,0,0.07,0,0,20,0.5,0.101,0,0,0,0.1,0.1,0.1,0.1,0.1,0.1,0.5,0,14176,0.034142212,0.014178894,0,0,0,0,0,0,0,0,0,0,5,1.147256851
34655.02,0.524984601,0.5,6621,37,0.19105,33.3125,34.5,37.09,0,0,0,0,0,20,0.5,0.101,0,0,0,0.1,0.1,0.1,0.1,0.1,0.1,0.5,0,15408,0.032775182,0.014083593,0,0,0,0,0,0,0,0,0,0,5,1.119967653
34715.08,0.546806092,0.5,6621,37,0.17715,33.25,34.5,37.13,0,0,0,0,0,20,0.5,0.101,0,0,0,0.1,0.1,0.1,0.1,0.1,0.1,0.5,0,14532,0.033649876,0.013969171,0,0,0,0,0,0,0,0,0,0,5,1.186145219
34775.16,0.548565503,0.5,6621,37,0.13325,33.1875,34.5,37.01,0,0.02,0.15,0,0,20,0.5,0.101,0,0,0,0.1,0.1,0.1,0.1,0.1,0.1,0.5,0,14710,0.033310673,0.01407206,0,0,0,0,0,0,0,0,0,0,0.44,1.186145219
34835.23,0.496699586,0.5,6621,37,0.53485,33.0625,34.5,36.01,0,0.018484753,0.25,0,0,20,0.5,0.101,0,0,0,0.1,0.1,0.1,0.1,0.1,0.1,0.5,0,13573,0.034185515,0.014440433,0,0,0,0,0,0,0,0,0,0,0.44,1.186145219
34895.29,0.43470454,0.5,6621,37,0.623811804,32.875,34.375,35.77,0,0,0.07,0,0,20,0.5,0.101,0,0,0,0.1,0.1,0.1,0.1,0.1,0.1,0.5,0,12867,0.034506878,0.014455584,0,0,0,0,0,0,0,0,0,0,5,1.186145219
34955.36,0.449377917,0.5,6621,37,0.35145,33.0625,34.3125,36.73,0,0,0.07,0,0,20,0.5,0.101,0,0,0,0.1,0.1,0.1,0.1,0.1,0.1,0.5,0,13119,0.034453846,0.014482811,0,0,0,0,0,0,0,0,0,0,5,1.186145219
35015.4,0.455927079,0.5,6621,37,0.20755,33.3125,34.3125,37.27,0,0,0.07,0,0,20,0.5,0.101,0,0,0,0.1,0.1,0.1,0.1,0.1,0.1,0.5,0,13442,0.034146704,0.014357982,0,0,0,0,0,0,0,0,0,0,5,1.186145219
35075.44,0.475004814,0.5,6621,37,0.20005,33.3125,34.3125,37.33,0,0,0.07,0,0,20,0.5,0.101,0,0,0,0.1,0.1,0.1,0.1,0.1,0.1,0.5,0,13497,0.033859376,0.014077202,0,0,0,0,0,0,0,0,0,0,5,1.186145219
35135.49,0.49431932,0.5,6621,37,0.15035,33.375,34.25,37.35,0,0,0.25,0,0,20,0.5,0.101,0,0,0,0.1,0.1,0.1,0.1,0.1,0.1,0.5,0,13846,0.03343926,0.01408349,0,0,0,0,0,0,0,0,0,0,5,1.186145219
35195.55,0.484760644,0.5,6621,37,0.17485,33.375,34.3125,37.35,0,0,0.07,0,0,20,0.5,0.101,0,0,0,0.1,0.1,0.1,0.1,0.1,0.1,0.5,0,14032,0.033708666,0.014039339,0,0,0,0,0,0,0,0,0,0,5,1.186145219
35255.61,0.49150935,0.5,6621,37,0.15615,33.25,34.3125,37.29,0,0,0.07,0,0,20,0.5,0.101,0,0,0,0.1,0.1,0.1,0.1,0.1,0.1,0.5,0,13351,0.034454348,0.014530747,0,0,0,0,0,0,0,0,0,0,5,1.168315089
35315.68,0.511130124,0.5,6621,37,0.13655,33.1875,34.3125,37.29,0,0,0.07,0,0,20,0.5,0.101,0,0,0,0.1,0.1,0.1,0.1,0.1,0.1,0.5,0,14567,0.033637674,0.014141553,0,0,0,0,0,0,0,0,0,0,5,1.227329058
35375.73,0.520280304,0.5,6621,37,0.15085,33.1875,34.3125,37.11,0,0,0.07,0,0,20,0.5,0.101,0,0,0,0.1,0.1,0.1,0.1,0.1,0.1,0.5,0,14623,0.033714012,0.013813855,0,0,0,0,0,0,0,0,0,0,5,1.219193127
35435.77,0.522606188,0.5,6621,37,0.16395,33.125,34.375,37.17,0,0,0.25,0,0,20,0.5,0.101,0,0,0,0.1,0.1,0.1,0.1,0.1,0.1,0.5,0,14430,0.033402633,0.013860014,0,0,0,0,0,0,0,0,0,0,5,1.171614918
35495.82,0.539014588,0.5,6621,37,0.15915,33.125,34.375,37.11,0,0,0,0,0,20,0.5,0.101,0,0,0,0.1,0.1,0.1,0.1,0.1,0.1,0.5,0,14547,0.033615178,0.01402351,0,0,0,0,0,0,0,0,0,0,5,1.205777495
35555.85,0.547846585,0.5,6621,37,0.20295,33.0625,34.375,37.13,0,0,0,0,0,20,0.5,0.101,0,0,0,0.1,0.1,0.1,0.1,0.1,0.1,0.5,0,14733,0.033462296,0.014117966,0,0,0,0,0,0,0,0,0,0,5,1.194246598
35615.91,0.577806574,0.5,6621,37,0.21315,33.0625,34.4375,37.09,0,0.02,0.15,0,0,20,0.5,0.101,0,0,0,0.1,0.1,0.1,0.1,0.1,0.1,0.5,0,14895,0.032896945,0.014165827,0,0,0,0,0,0,0,0,0,0,0.44,1.194246598
35675.97,0.490842082,0.5,6621,37,0.586775,32.875,34.4375,36.07,0,0.02,0.15,0,0,20,0.5,0.101,0,0,0,0.1,0.1,0.1,0.1,0.1,0.1,0.5,0,13430,0.034475056,0.014221891,0,0,0,0,0,0,0,0,0,0,0.44,1.194246598
35736.04,0.423479606,0.5,6621,37,0.698175,32.8125,34.4375,35.63,0,0,0.25,0,0,20,0.5,0.101,0,0,0,0.1,0.1,0.1,0.1,0.1,0.1,0.5,0,13191,0.034265787,0.014100523,0,0,0,0,0,0,0,0,0,0,5,1.194246598
35796.1,0.445280732,0.5,6621,37,0.36455,33.0625,34.4375,36.81,0,0,0.07,0,0,20,0.5,0.101,0,0,0,0.1,0.1,0.1,0.1,0.1,0.1,0.5,0,13182,0.034289182,0.014186011,0,0,0,0,0,0,0,0,0,0,5,1.194246598
35856.17,0.449030858,0.5,6621,37,0.22495,33.375,34.5,37.43,0,0,0.07,0,0,20,0.5,0.101,0,0,0,0.1,0.1,0.1,0.1,0.1,0.1,0.5,0,13384,0.0339211,0.014345487,0,0,0,0,0,0,0,0,0,0,5,1.194246598
35916.24,0.476966365,0.5,6621,37,0.15025,33.5625,34.5625,37.53,0,0,0.07,0,0,20,0.5,0.101,0,0,0,0.1,0.1,0.1,0.1,0.1,0.1,0.5,0,13080,0.03470948,0.014296636,0,0,0,0,0,0,0,0,0,0,5,1.194246598
35976.32,0.474088567,0.5,6621,37,0.15405,33.5,34.5625,37.41,0,0,0.07,0,0,20,0.5,0.101,0,0,0,0.1,0.1,0.1,0.1,0.1,0.1,0.5,0,13286,0.034321843,0.014225501,0,0,0,0,0,0,0,0,0,0,5,1.194246598
36036.37,0.496084172,0.5,6621,37,0.16615,33.5625,34.5,37.59,0,0,0.25,0,0,20,0.5,0.101,0,0,0,0.1,0.1,0.1,0.1,0.1,0.1,0.5,0,13649,0.033921899,0.014066965,0,0,0,0,0,0,0,0,0,0,5,1.194246598
36096.41,0.487557484,0.5,6621,37,0.12915,33.5,34.5625,37.49,0,0,0.07,0,0,20,0.5,0.101,0,0,0,0.1,0.1,0.1,0.1,0.1,0.1,0.5,0,14267,0.03350389,0.01387818,0,0,0,0,0,0,0,0,0,0,5,1.082522027
36156.45,0.513358993,0.5,6621,37,0.15865,33.4375,34.5,37.25,0,0,0.07,0,0,20,0.5,0.101,0,0,0,0.1,0.1,0.1,0.1,0.1,0.1,0.5,0,13390,0.034503361,0.014264376,0,0,0,0,0,0,0,0,0,0,5,1.183097499
36216.5,0.538731745,0.5,6621,37,0.17265,33.375,34.5,37.11,0,0,0.07,0,0,20,0.5,0.101,0,0,0,0.1,0.1,0.1,0.1,0.1,0.1,0.5,0,14301,0.033564086,0.014194812,0,0,0,0,0,0,0,0,0,0,5,1.268669721
36276.54,0.513813504,0.5,6621,37,0.19285,33.375,34.5625,37.01,0,0,0.07,0,0,20,0.5,0.101,0,0,0,0.1,0.1,0.1,0.1,0.1,0.1,0.5,0,14437,0.033386438,0.013991827,0,0,0,0,0,0,0,0,0,0,5,1.063164068
36336.58,0.526739234,0.5,6621,37,0.16715,33.375,34.5625,37.03,0,0,0,0,0,20,0.5,0.101,0,0,0,0.1,0.1,0.1,0.1,0.1,0.1,0.5,0,14312,0.033817775,0.014253773,0,0,0,0,0,0,0,0,0,0,5,1.084541605
36396.66,0.54921181,0.5,6621,37,0.16825,33.3125,34.5,37.09,0,0,0,0,0,20,0.5,0.101,0,0,0,0.1,0.1,0.1,0.1,0.1,0.1,0.5,0,14759,0.033200081,0.014093096,0,0,0,0,0,0,0,0,0,0,5,1.155650214
36456.74,0.566659643,0.5,6621,37,0.15635,33.25,34.5,36.95,0,0.02,0.15,0,0,20,0.5,0.101,0,0,0,0.1,0.1,0.1,0.1,0.1,0.1,0.5,0,14230,0.033942375,0.01398454,0,0,0,0,0,0,0,0,0,0,0.44,1.155650214
36516.84,0.480632314,0.5,6621,37,0.58805,32.9375,34.4375,35.69,0,0.018217883,0.142871534,0,0,20,0.5,0.101,0,0,0,0.1,0.1,0.1,0.1,0.1,0.1,0.5,0,13421,0.034125624,0.013933388,0,0,0,0,0,0,0,0,0,0,0.44,1.155650214
36576.91,0.429041807,0.5,6621,37,0.668905642,32.8125,34.4375,35.67,0,0,0.07,0,0,20,0.5,0.101,0,0,0,0.1,0.1,0.1,0.1,0.1,0.1,0.5,0,12890,0.034290147,0.014352211,0,0,0,0,0,0,0,0,0,0,5,1.155650214
36636.94,0.440393107,0.5,6621,37,0.34825,33.0625,34.375,36.71,0,0,0.25,0,0,20,0.5,0.101,0,0,0,0.1,0.1,0.1,0.1,0.1,0.1,0.5,0,12856,0.034536403,0.014467953,0,0,0,0,0,0,0,0,0,0,5,1.155650214
36697.01,0.450390654,0.5,6621,37,0.24585,33.1875,34.375,37.21,0,0,0.07,0,0,20,0.5,0.101,0,0,0,0.1,0.1,0.1,0.1,0.1,0.1,0.5,0,12987,0.034111034,0.014322014,0,0,0,0,0,0,0,0,0,0,5,1.155650214
36757.08,0.462528479,0.5,6621,37,0.17295,33.4375,34.4375,37.61,0,0,0.07,0,0,20,0.5,0.101,0,0,0,0.1,0.1,0.1,0.1,0.1,0.1,0.5,0,13678,0.033849978,0.01403714,0,0,0,0,0,0,0,0,0,0,5,1.155650214
36817.17,0.464812695,0.5,6621,37,0.16005,33.5,34.4375,37.55,0,0,0.07,0,0,20,0.5,0.101,0,0,0,0.1,0.1,0.1,0.1,0.1,0.1,0.5,0,13564,0.033839575,0.014081392,0,0,0,0,0,0,0,0,0,0,5,1.155650214
36877.21,0.490802247,0.5,6621,37,0.15505,33.5625,34.4375,37.33,0,0,0.07,0,0,20,0.5,0.101,0,0,0,0.1,0.1,0.1,0.1,0.1,0.1,0.5,0,13832,0.03376229,0.014242337,0,0,0,0,0,0,0,0,0,0,5,1.155650214
36937.24,0.490432312,0.5,6621,37,0.16215,33.5,34.5,37.13,0,0,0.25,0,0,20,0.5,0.101,0,0,0,0.1,0.1,0.1,0.1,0.1,0.1,0.5,0,13272,0.034358047,0.0143912,0,0,0,0,0,0,0,0,0,0,5,1.095605642
36997.29,0.501951069,0.5,6621,37,0.17105,33.3125,34.5,37.19,0,0,0.07,0,0,20,0.5,0.101,0,0,0,0.1,0.1,0.1,0.1,0.1,0.1,0.5,0,13552,0.034017119,0.01431523,0,0,0,0,0,0,0,0,0,0,5,1.110471476
37057.35,0.513799524,0.5,6621,37,0.17415,33.375,34.5,37.21,0,0,0.07,0,0,20,0.5,0.101,0,0,0,0.1,0.1,0.1,0.1,0.1,0.1,0.5,0,13430,0.034251675,0.014519732,0,0,0,0,0,0,0,0,0,0,5,1.124939446
37117.39,0.520428595,0.5,6621,37,0.18085,33.3125,34.5625,37.11,0,0,0.07,0,0,20,0.5,0.101,0,0,0,0.1,0.1,0.1,0.1,0.1,0.1,0.5,0,14087,0.033861007,0.014055512,0,0,0,0,0,0,0,0,0,0,5,1.107151083
37177.46,0.519590106,0.5,6621,37,0.17305,33.3125,34.5625,37.17,0,0,0,0,0,20,0.5,0.101,0,0,0,0.1,0.1,0.1,0.1,0.1,0.1,0.5,0,14082,0.033802017,0.014131515,0,0,0,0,0,0,0,0,0,0,5,1.046956176
37237.5,0.545373186,0.5,6621,37,0.18505,33.25,34.4375,37.09,0,0,0,0,0,20,0.5,0.101,0,0,0,0.1,0.1,0.1,0.1,0.1,0.1,0.5,0,14620,0.033515732,0.014227086,0,0,0,0,0,0,0,0,0,0,5,1.139898552
37297.59,0.561984942,0.5,6621,37,0.17555,33.25,34.5,37.03,0,0.02,0.15,0,0,20,0.5,0.101,0,0,0,0.1,0.1,0.1,0.1,0.1,0.1,0.5,0,14662,0.033351521,0.013913518,0,0,0,0,0,0,0,0,0,0,0.44,1.139898552
37357.65,0.482360011,0.5,6621,37,0.59255,33,34.5,35.71,0,0.017975832,0.141903326,0,0,20,0.5,0.101,0,0,0,0.1,0.1,0.1,0.1,0.1,0.1,0.5,0,13574,0.034035656,0.014071018,0,0,0,0,0,0,0,0,0,0,0.44,1.139898552
37417.72,0.429102278,0.5,6621,37,0.693534141,32.9375,34.4375,35.83,0,0,0.07,0,0,20,0.5,0.101,0,0,0,0.1,0.1,0.1,0.1,0.1,0.1,0.5,0,13178,0.034147822,0.014190317,0,0,0,0,0,0,0,0,0,0,5,1.139898552
37477.8,0.435566516,0.5,6621,37,0.32645,33.125,34.4375,36.93,0,0,0.07,0,0,20,0.5,0.101,0,0,0,0.1,0.1,0.1,0.1,0.1,0.1,0.5,0,12690,0.034909377,0.01465721,0,0,0,0,0,0,0,0,0,0,5,1.139898552
37537.87,0.447433074,0.5,6621,37,0.24605,33.375,34.375,37.19,0,0,0.25,0,0,20,0.5,0.101,0,0,0,0.1,0.1,0.1,0.1,0.1,0.1,0.5,0,13045,0.03434266,0.01448831,0,0,0,0,0,0,0,0,0,0,5,1.139898552
37597.92,0.455772889,0.5,6621,37,0.12455,33.4375,34.375,37.43,0,0,0.07,0,0,20,0.5,0.101,0,0,0,0.1,0.1,0.1,0.1,0.1,0.1,0.5,0,13599,0.03434076,0.014265755,0,0,0,0,0,0,0,0,0,0,5,1.139898552
37657.99,0.480486294,0.5,6621,37,0.19375,33.4375,34.3125,37.41,0,0,0.07,0,0,20,0.5,0.101,0,0,0,0.1,0.1,0.1,0.1,0.1,0.1,0.5,0,13672,0.034157402,0.014335869,0,0,0,0,0,0,0,0,0,0,5,1.139898552
37718.06,0.478724945,0.5,6621,37,0.11935,33.4375,34.375,37.41,0,0,0.07,0,0,20,0.5,0.101,0,0,0,0.1,0.1,0.1,0.1,0.1,0.1,0.5,0,13308,0.034340246,0.014126841,0,0,0,0,0,0,0,0,0,0,5,1.139898552
37778.1,0.493603077,0.5,6621,37,0.13145,33.375,34.3125,37.41,0,0,0.07,0,0,20,0.5,0.101,0,0,0,0.1,0.1,0.1,0.1,0.1,0.1,0.5,0,13993,0.033945544,0.014221396,0,0,0,0,0,0,0,0,0,0,5,1.174720128
37838.14,0.501212704,0.5,6621,37,0.20695,33.3125,34.25,37.13,0,0,0.25,0,0,20,0.5,0.101,0,0,0,0.1,0.1,0.1,0.1,0.1,0.1,0.5,0,13619,0.034070049,0.014391659,0,0,0,0,0,0,0,0,0,0,5,1.161880712
37898.19,0.50775186,0.5,6621,37,0.18245,33.25,34.3125,37.17,0,0,0.07,0,0,20,0.5,0.101,0,0,0,0.1,0.1,0.1,0.1,0.1,0.1,0.5,0,13949,0.034267689,0.014051186,0,0,0,0,0,0,0,0,0,0,5,1.142673564
37958.23,0.521219221,0.5,6621,37,0.17405,33.25,34.375,37.17,0,0,0.07,0,0,20,0.5,0.101,0,0,0,0.1,0.1,0.1,0.1,0.1,0.1,0.5,0,14537,0.033363142,0.013964367,0,0,0,0,0,0,0,0,0,0,5,1.16407346
38018.28,0.536996616,0.5,6621,37,0.20515,33.1875,34.4375,37.11,0,0,0,0,0,20,0.5,0.101,0,0,0,0.1,0.1,0.1,0.1,0.1,0.1,0.5,0,14998,0.033404454,0.01380184,0,0,0,0,0,0,0,0,0,0,5,1.195332998
38078.32,0.545353654,0.5,6621,37,0.22245,33.125,34.4375,37.11,0,0,0,0,0,20,0.5,0.101,0,0,0,0.1,0.1,0.1,0.1,0.1,0.1,0.5,0,14248,0.033899495,0.014387984,0,0,0,0,0,0,0,0,0,0,5,1.181894442
38138.37,0.558389612,0.5,6621,37,0.12435,33.125,34.4375,37.09,0,0.02,0.25,0,0,20,0.5,0.101,0,0,0,0.1,0.1,0.1,0.1,0.1,0.1,0.5,0,14547,0.03340895,0.01402351,0,0,0,0,0,0,0,0,0,0,0.44,1.181894442
38198.41,0.484172151,0.5,6621,37,0.591175,32.875,34.5,35.91,0,0.017856541,0.141426165,0,0,20,0.5,0.101,0,0,0,0.1,0.1,0.1,0.1,0.1,0.1,0.5,0,13713,0.03434697,0.01436593,0,0,0,0,0,0,0,0,0,0,0.44,1.181894442
38258.45,0.437968762,0.5,6621,37,0.635222999,32.8125,34.5,35.71,0,0,0.07,0,0,20,0.5,0.101,0,0,0,0.1,0.1,0.1,0.1,0.1,0.1,0.5,0,13212,0.033908568,0.014229488,0,0,0,0,0,0,0,0,0,0,5,1.181894442
38318.5,0.43907362,0.5,6621,37,0.34845,33,34.5625,36.79,0,0,0.07,0,0,20,0.5,0.101,0,0,0,0.1,0.1,0.1,0.1,0.1,0.1,0.5,0,13473,0.034587694,0.014102279,0,0,0,0,0,0,0,0,0,0,5,1.181894442
38378.55,0.450287647,0.5,6621,37,0.20125,33.375,34.5625,37.21,0,0,0.07,0,0,20,0.5,0.101,0,0,0,0.1,0.1,0.1,0.1,0.1,0.1,0.5,0,13354,0.034446608,0.014377715,0,0,0,0,0,0,0,0,0,0,5,1.181894442
38438.58,0.466078676,0.5,6621,37,0.16985,33.5,34.5,37.45,0,0,0.25,0,0,20,0.5,0.101,0,0,0,0.1,0.1,0.1,0.1,0.1,0.1,0.5,0,13308,0.034265104,0.014352269,0,0,0,0,0,0,0,0,0,0,5,1.181894442
38498.64,0.476264027,0.5,6621,37,0.10665,33.5625,34.5625,37.33,0,0,0.07,0,0,20,0.5,0.101,0,0,0,0.1,0.1,0.1,0.1,0.1,0.1,0.5,0,13367,0.034039051,0.013989676,0,0,0,0,0,0,0,0,0,0,5,1.181894442
38558.72,0.491909946,0.5,6621,37,0.11865,33.5625,34.5625,37.43,0,0,0.07,0,0,20,0.5,0.101,0,0,0,0.1,0.1,0.1,0.1,0.1,0.1,0.5,0,13562,0.03377083,0.014083469,0,0,0,0,0,0,0,0,0,0,5,1.181894442
38618.77,0.489429167,0.5,6621,37,0.16315,33.5,34.5,37.35,0,0,0.07,0,0,20,0.5,0.101,0,0,0,0.1,0.1,0.1,0.1,0.1,0.1,0.5,0,14116,0.033437234,0.013955795,0,0,0,0,0,0,0,0,0,0,5,1.10763197
38678.84,0.497757282,0.5,6621,37,0.16625,33.375,34.5625,37.19,0,0,0.07,0,0,20,0.5,0.101,0,0,0,0.1,0.1,0.1,0.1,0.1,0.1,0.5,0,13917,0.034059064,0.01401164,0,0,0,0,0,0,0,0,0,0,5,1.102868848
38738.87,0.517873812,0.5,6621,37,0.19145,33.375,34.625,37.19,0,0,0.25,0,0,20,0.5,0.101,0,0,0,0.1,0.1,0.1,0.1,0.1,0.1,0.5,0,13688,0.034117475,0.014246055,0,0,0,0,0,0,0,0,0,0,5,1.166582505
38798.91,0.510219513,0.5,6621,37,0.17285,33.3125,34.625,37.17,0,0,0.07,0,0,20,0.5,0.101,0,0,0,0.1,0.1,0.1,0.1,0.1,0.1,0.5,0,13725,0.03424408,0.01420765,0,0,0,0,0,0,0,0,0,0,5,1.063581714
38858.96,0.53951234,0.5,6621,37,0.11855,33.3125,34.5625,37.27,0,0,0,0,0,20,0.5,0.101,0,0,0,0.1,0.1,0.1,0.1,0.1,0.1,0.5,0,14740,0.033446404,0.014179104,0,0,0,0,0,0,0,0,0,0,5,1.177876449
38919,0.54442296,0.5,6621,37,0.19585,33.1875,34.5,37.11,0,0,0,0,0,20,0.5,0.101,0,0,0,0.1,0.1,0.1,0.1,0.1,0.1,0.5,0,14261,0.034078957,0.01444499,0,0,0,0,0,0,0,0,0,0,5,1.146164986
38979.05,0.558964153,0.5,6621,37,0.20045,33.1875,34.5,37.05,0,0.02,0.15,0,0,20,0.5,0.101,0,0,0,0.1,0.1,0.1,0.1,0.1,0.1,0.5,0,14794,0.033391916,0.013924564,0,0,0,0,0,0,0,0,0,0,0.44,1.146164986
39039.11,0.476574577,0.5,6621,37,0.60615,32.9375,34.4375,35.71,0,0.01691617,0.25,0,0,20,0.5,0.101,0,0,0,0.1,0.1,0.1,0.1,0.1,0.1,0.5,0,13771,0.034347542,0.014305424,0,0,0,0,0,0,0,0,0,0,0.44,1.146164986
39099.15,0.431925219,0.5,6621,37,0.630885225,32.8125,34.4375,35.53,0,0,0.07,0,0,20,0.5,0.101,0,0,0,0.1,0.1,0.1,0.1,0.1,0.1,0.5,0,12994,0.03455441,0.014391258,0,0,0,0,0,0,0,0,0,0,5,1.146164986
39159.22,0.462247045,0.5,6621,37,0.32635,33.0625,34.5625,36.77,0,0,0.07,0,0,20,0.5,0.101,0,0,0,0.1,0.1,0.1,0.1,0.1,0.1,0.5,0,13237,0.034599985,0.014429251,0,0,0,0,0,0,0,0,0,0,5,1.146164986
39219.29,0.447481979,0.5,6621,37,0.26155,33.3125,34.5625,37.25,0,0,0.07,0,0,20,0.5,0.101,0,0,0,0.1,0.1,0.1,0.1,0.1,0.1,0.5,0,13741,0.033549232,0.014191107,0,0,0,0,0,0,0,0,0,0,5,1.146164986
39279.33,0.46278107,0.5,6621,37,0.19485,33.5,34.5625,37.49,0,0,0.07,0,0,20,0.5,0.101,0,0,0,0.1,0.1,0.1,0.1,0.1,0.1,0.5,0,13747,0.034116535,0.014330399,0,0,0,0,0,0,0,0,0,0,5,1.146164986
39339.38,0.480008068,0.5,6621,37,0.19225,33.5625,34.5625,37.49,0,0,0.25,0,0,20,0.5,0.101,0,0,0,0.1,0.1,0.1,0.1,0.1,0.1,0.5,0,13605,0.034252113,0.014332966,0,0,0,0,0,0,0,0,0,0,5,1.146164986
39399.42,0.489858761,0.5,6621,37,0.15785,33.5,34.5625,37.37,0,0,0.07,0,0,20,0.5,0.101,0,0,0,0.1,0.1,0.1,0.1,0.1,0.1,0.5,0,13633,0.033594953,0.01437688,0,0,0,0,0,0,0,0,0,0,5,1.146164986
39459.48,0.497429459,0.5,6621,37,0.19205,33.5,34.625,37.41,0,0,0.07,0,0,20,0.5,0.101,0,0,0,0.1,0.1,0.1,0.1,0.1,0.1,0.5,0,13838,0.03418124,0.014308426,0,0,0,0,0,0,0,0,0,0,5,1.134866682
39519.56,0.500002616,0.5,6621,37,0.18485,33.375,34.625,37.25,0,0,0.07,0,0,20,0.5,0.101,0,0,0,0.1,0.1,0.1,0.1,0.1,0.1,0.5,0,13581,0.033944481,0.014137398,0,0,0,0,0,0,0,0,0,0,5,1.093602073
39579.64,0.523110653,0.5,6621,37,0.17355,33.4375,34.6875,37.19,0,0,0.07,0,0,20,0.5,0.101,0,0,0,0.1,0.1,0.1,0.1,0.1,0.1,0.5,0,14234,0.033581565,0.014191373,0,0,0,0,0,0,0,0,0,0,5,1.174461024
39639.72,0.537229697,0.5,6621,37,0.15665,33.375,34.625,37.05,0,0,0.25,0,0,20,0.5,0.101,0,0,0,0.1,0.1,0.1,0.1,0.1,0.1,0.5,0,14555,0.033527997,0.014153212,0,0,0,0,0,0,0,0,0,0,5,1.195636161
39699.76,0.549368971,0.5,6621,37,0.21335,33.3125,34.5625,37.13,0,0,0,0,0,20,0.5,0.101,0,0,0,0.1,0.1,0.1,0.1,0.1,0.1,0.5,0,14175,0.034356261,0.014179894,0,0,0,0,0,0,0,0,0,0,5,1.202888002
39759.8,0.554651221,0.5,6621,37,0.19065,33.3125,34.5625,37.25,0,0.02,0.15,0,0,20,0.5,0.101,0,0,0,0.1,0.1,0.1,0.1,0.1,0.1,0.5,0,14433,0.033464976,0.013926419,0,0,0,0,0,0,0,0,0,0,0.44,1.202888002
39819.85,0.480606942,0.5,6621,37,0.558925,33,34.5625,35.99,0,0.017017138,0.138068553,0,0,20,0.5,0.101,0,0,0,0.1,0.1,0.1,0.1,0.1,0.1,0.5,0,14214,0.033628817,0.014140988,0,0,0,0,0,0,0,0,0,0,0.44,1.202888002
39879.92,0.445445237,0.5,6621,37,0.594779912,33,34.5,36.13,0,0,0.07,0,0,20,0.5,0.101,0,0,0,0.1,0.1,0.1,0.1,0.1,0.1,0.5,0,13047,0.034414042,0.014409443,0,0,0,0,0,0,0,0,0,0,5,1.202888002
39939.97,0.45592241,0.5,6621,37,0.31535,33.1875,34.5,36.87,0,0,0.25,0,0,20,0.5,0.101,0,0,0,0.1,0.1,0.1,0.1,0.1,0.1,0.5,0,12861,0.034678485,0.01415131,0,0,0,0,0,0,0,0,0,0,5,1.202888002
40000.02,0.464936043,0.5,6621,37,0.19255,33.4375,34.5,37.37,0,0,0.07,0,0,20,0.5,0.101,0,0,0,0.1,0.1,0.1,0.1,0.1,0.1,0.5,0,12906,0.03455757,0.014489385,0,0,0,0,0,0,0,0,0,0,5,1.202888002
40060.08,0.482907841,0.5,6621,37,0.13725,33.5625,34.5625,37.53,0,0,0.07,0,0,20,0.5,0.101,0,0,0,0.1,0.1,0.1,0.1,0.1,0.1,0.5,0,14047,0.03374386,0.014024347,0,0,0,0,0,0,0,0,0,0,5,1.202888002
40120.13,0.481096085,0.5,6621,37,0.14995,33.5625,34.5625,37.33,0,0,0.07,0,0,20,0.5,0.101,0,0,0,0.1,0.1,0.1,0.1,0.1,0.1,0.5,0,13222,0.034412343,0.014445621,0,0,0,0,0,0,0,0,0,0,5,1.202888002
40180.16,0.495447074,0.5,6621,37,0.19685,33.5625,34.625,37.41,0,0,0.07,0,0,20,0.5,0.101,0,0,0,0.1,0.1,0.1,0.1,0.1,0.1,0.5,0,13666,0.034099224,0.014342163,0,0,0,0,0,0,0,0,0,0,5,1.202888002
40240.23,0.496486082,0.5,6621,37,0.19085,33.5,34.625,37.35,0,0,0.25,0,0,20,0.5,0.101,0,0,0,0.1,0.1,0.1,0.1,0.1,0.1,0.5,0,13496,0.034232365,0.01437463,0,0,0,0,0,0,0,0,0,0,5,1.149028351
40300.29,0.51028014,0.5,6621,37,0.16125,33.4375,34.625,37.35,0,0,0.07,0,0,20,0.5,0.101,0,0,0,0.1,0.1,0.1,0.1,0.1,0.1,0.5,0,14076,0.033816425,0.014208582,0,0,0,0,0,0,0,0,0,0,5,1.173790188
40360.35,0.540388677,0.5,6621,37,0.14635,33.4375,34.6875,37.25,0,0,0.07,0,0,20,0.5,0.101,0,0,0,0.1,0.1,0.1,0.1,0.1,0.1,0.5,0,14474,0.03343927,0.014163327,0,0,0,0,0,0,0,0,0,0,5,1.287087028
40420.42,0.552392974,0.5,6621,37,0.14295,33.375,34.6875,37.19,0,0.02,0.15,0,0,20,0.5,0.101,0,0,0,0.1,0.1,0.1,0.1,0.1,0.1,0.5,0,14197,0.033739522,0.013946608,0,0,0,0,0,0,0,0,0,0,0.44,1.287087028
40480.46,0.47483105,0.5,6621,37,0.562875,33.125,34.6875,35.91,0,0.016026515,0.134106061,0,0,20,0.5,0.101,0,0,0,0.1,0.1,0.1,0.1,0.1,0.1,0.5,0,13964,0.033657978,0.01396448,0,0,0,0,0,0,0,0,0,0,0.44,1.287087028
40540.53,0.435836066,0.5,6621,37,0.613529711,33.0625,34.625,35.85,0,0,0.25,0,0,20,0.5,0.101,0,0,0,0.1,0.1,0.1,0.1,0.1,0.1,0.5,0,12994,0.034246575,0.014468216,0,0,0,0,0,0,0,0,0,0,5,1.287087028
40600.58,0.423144118,0.5,6621,37,0.32905,33.3125,34.6875,36.79,0,0,0.07,0,0,20,0.5,0.101,0,0,0,0.1,0.1,0.1,0.1,0.1,0.1,0.5,0,12930,0.034648105,0.014230472,0,0,0,0,0,0,0,0,0,0,5,1.287087028
40660.65,0.4543945,0.5,6621,37,0.17445,33.5,34.75,37.45,0,0,0.07,0,0,20,0.5,0.101,0,0,0,0.1,0.1,0.1,0.1,0.1,0.1,0.5,0,12774,0.034758102,0.014482543,0,0,0,0,0,0,0,0,0,0,5,1.287087028
40720.71,0.484768375,0.5,6621,37,0.18155,33.5625,34.75,37.37,0,0,0.07,0,0,20,0.5,0.101,0,0,0,0.1,0.1,0.1,0.1,0.1,0.1,0.5,0,13162,0.034645191,0.014435496,0,0,0,0,0,0,0,0,0,0,5,1.287087028
40780.77,0.468156354,0.5,6621,37,0.19635,33.5625,34.6875,37.27,0,0,0.07,0,0,20,0.5,0.101,0,0,0,0.1,0.1,0.1,0.1,0.1,0.1,0.5,0,12929,0.03457344,0.014154227,0,0,0,0,0,0,0,0,0,0,5,1.287087028
40840.85,0.468261105,0.5,6621,37,0.18405,33.625,34.625,37.27,0,0,0.25,0,0,20,0.5,0.101,0,0,0,0.1,0.1,0.1,0.1,0.1,0.1,0.5,0,13000,0.034692308,0.014538462,0,0,0,0,0,0,0,0,0,0,5,1.287087028
40900.92,0.49442307,0.5,6621,37,0.15795,33.5625,34.625,37.33,0,0,0.07,0,0,20,0.5,0.101,0,0,0,0.1,0.1,0.1,0.1,0.1,0.1,0.5,0,13855,0.033850595,0.014146518,0,0,0,0,0,0,0,0,0,0,5,1.385829211
40960.97,0.4983358,0,6621,37,0.16365,33.5625,34.625,37.27,0,0,0,0,0,20,0.5,0.101,0,0,0,0.1,0.1,0.1,0.1,0.1,0.1,0.5,0,14071,0.033615237,0.014071495,0,0,0,0,0,0,0,0,0,0,5,1.385829211
41021.05,0.518705642,0,6621,37,0.13695,33.6875,34.625,37.33,0,0,0,0,0,20,0.5,0.101,0,0,0,0.1,0.1,0.1,0.1,0.1,0.1,0.5,0,13447,0.034208374,0.014575742,0,0,0,0,0,0,0,0,0,0,5,1.385829211
41081.11,0.526441793,0,6621,37,0.17125,33.4375,34.6875,37.17,0,0,0,0,0,20,0.5,0.101,0,0,0,0.1,0.1,0.1,0.1,0.1,0.1,0.5,0,13575,0.034106814,0.014438306,0,0,0,0,0,0,0,0,0,0,5,1.385829211
41141.18,0.513742955,0,6621,37,0.19675,33.375,34.625,37.05,0,0,0,0,0,20,0.5,0.101,0,0,0,0.1,0.1,0.1,0.1,0.1,0.1,0.5,0,13754,0.034099171,0.014177694,0,0,0,0,0,0,0,0,0,0,5,1.385829211
41201.25,0.534254655,0,6621,37,0.15925,33.375,34.625,37.17,0,0,0,0,0,20,0.5,0.101,0,0,0,0.1,0.1,0.1,0.1,0.1,0.1,0.5,0,14212,0.033774275,0.014283704,0,0,0,0,0,0,0,0,0,0,5,1.385829211
41261.33,0.556354878,0,6621,37,0.15475,33.3125,34.6875,37.17,0,0,0,0,0,20,0.5,0.101,0,0,0,0.1,0.1,0.1,0.1,0.1,0.1,0.5,0,14814,0.033616849,0.014108276,0,0,0,0,0,0,0,0,0,0,5,1.385829211
41321.39,0.555370089,0.5,6621,37,0.33315,33.3125,34.6875,36.49,0,0.02,0.15,0,0,20,0.5,0.102,5.5,0,0,0.1,0.1,0.1,0.1,0.1,0.1,0.5,0,15342,0.032981358,0.013948638,0,0,0,0,0,0,0,0,0,0,0.44,1.385829211
41381.43,0.459410538,0.5,6621,37,0.634075,33,34.6875,35.67,0,0.014246819,0.126987278,0,0,20,0.5,0.102,5.5,0,0,0.1,0.1,0.1,0.1,0.1,0.1,0.5,0,13316,0.034319616,0.014418744,0,0,0,0,0,0,0,0,0,0,0.44,1.385829211
41441.5,0.413831282,0.5,6621,37,0.710694275,32.9375,34.75,35.47,0,0,0.25,0,0,20,0.5,0.102,5.5,0,0,0.1,0.1,0.1,0.1,0.1,0.1,0.5,0,12286,0.034673612,0.014406642,0,0,0,0,0,0,0,0,0,0,5,1.385829211
41501.56,0.437855557,0.5,6621,37,0.35935,33.25,34.75,36.81,0,0,0.07,0,0,20,0.5,0.102,5.5,0,0,0.1,0.1,0.1,0.1,0.1,0.1,0.5,0,12755,0.033947472,0.014425715,0,0,0,0,0,0,0,0,0,0,5,1.385829211
41561.61,0.441739488,0.5,6621,37,0.22155,33.625,34.8125,37.33,0,0,0.07,0,0,20,0.5,0.102,5.5,0,0,0.1,0.1,0.1,0.1,0.1,0.1,0.5,0,12753,0.034423273,0.014192739,0,0,0,0,0,0,0,0,0,0,5,1.385829211
41621.68,0.440881952,0.5,6621,37,0.10705,33.625,34.75,37.71,0,0,0.07,0,0,20,0.5,0.102,5.5,0,0,0.1,0.1,0.1,0.1,0.1,0.1,0.5,0,12962,0.034253973,0.014118192,0,0,0,0,0,0,0,0,0,0,5,1.385829211
41681.74,0.45542143,0.5,6621,37,0.14175,33.75,34.6875,37.51,0,0,0.07,0,0,20,0.5,0.102,5.5,0,0,0.1,0.1,0.1,0.1,0.1,0.1,0.5,0,13792,0.033715197,0.013848608,0,0,0,0,0,0,0,0,0,0,5,1.385829211
41741.81,0.461877595,0.5,6621,37,0.16885,33.625,34.6875,37.35,0,0,0.25,0,0,20,0.5,0.102,5.5,0,0,0.1,0.1,0.1,0.1,0.1,0.1,0.5,0,13379,0.033933777,0.014051872,0,0,0,0,0,0,0,0,0,0,5,1.385829211
41801.87,0.478132141,0.5,6621,37,0.11745,33.5625,34.625,37.51,0,0,0.07,0,0,20,0.5,0.102,5.5,0,0,0.1,0.1,0.1,0.1,0.1,0.1,0.5,0,13507,0.03398238,0.014214852,0,0,0,0,0,0,0,0,0,0,5,1.420299439
41861.94,0.488031688,0.5,6621,37,0.14815,33.5,34.6875,37.35,0,0,0.07,0,0,20,0.5,0.102,5.5,0,0,0.1,0.1,0.1,0.1,0.1,0.1,0.5,0,13020,0.034485407,0.014516129,0,0,0,0,0,0,0,0,0,0,5,1.410764063
41921.97,0.509685805,0.5,6621,37,0.17915,33.5,34.6875,37.19,0,0,0.07,0,0,20,0.5,0.102,5.5,0,0,0.1,0.1,0.1,0.1,0.1,0.1,0.5,0,13909,0.034078654,0.014235387,0,0,0,0,0,0,0,0,0,0,5,1.470468248
41982.03,0.501071288,0.5,6621,37,0.20935,33.4375,34.625,37.05,0,0,0.07,0,0,20,0.5,0.102,5.5,0,0,0.1,0.1,0.1,0.1,0.1,0.1,0.5,0,13715,0.034341961,0.014363835,0,0,0,0,0,0,0,0,0,0,5,1.345806579
42042.1,0.521541173,0.5,6621,37,0.23755,33.375,34.6875,36.93,0,0,0,0,0,20,0.5,0.102,5.5,0,0,0.1,0.1,0.1,0.1,0.1,0.1,0.5,0,13600,0.034705882,0.014191176,0,0,0,0,0,0,0,0,0,0,5,1.398635773
42102.15,0.531181954,0.5,6621,37,0.18035,33.375,34.6875,37.13,0,0,0,0,0,20,0.5,0.102,5.5,0,0,0.1,0.1,0.1,0.1,0.1,0.1,0.5,0,14254,0.034586783,0.014311772,0,0,0,0,0,0,0,0,0,0,5,1.38365319
42162.21,0.535918113,0.5,6621,37,0.19555,33.3125,34.75,37.05,0,0,0,0,0,20,0.5,0.102,5.5,0,0,0.1,0.1,0.1,0.1,0.1,0.1,0.5,0,14627,0.03418336,0.014220278,0,0,0,0,0,0,0,0,0,0,5,1.341100782
42222.27,0.545930321,0.5,6621,37,0.17815,33.3125,34.75,37.11,0,0,0,0,0,20,0.5,0.102,5.5,0,0,0.1,0.1,0.1,0.1,0.1,0.1,0.5,0,14650,0.034266212,0.014334471,0,0,0,0,0,0,0,0,0,0,5,1.329575669
42282.33,0.561367519,0.5,6621,37,0.290775,33.3125,34.6875,37.13,0,0.02,0.15,0,0,20,0.5,0.102,5.5,0,0,0.1,0.1,0.1,0.1,0.1,0.1,0.5,0,14684,0.034663579,0.014369382,0,0,0,0,0,0,0,0,0,0,0.44,1.329575669
42342.39,0.500040562,0.5,6621,37,0.56165,33.125,34.75,35.91,0,0.02,0.25,0,0,20,0.5,0.102,5.5,0,0,0.1,0.1,0.1,0.1,0.1,0.1,0.5,0,13443,0.035706316,0.014356914,0,0,0,0,0,0,0,0,0,0,0.44,1.329575669
42402.46,0.440230283,0.5,6621,37,0.68566312,32.9375,34.75,35.39,0,0.0006332,0.0725328,0,0,20,0.5,0.102,5.5,0,0,0.1,0.1,0.1,0.1,0.1,0.1,0.5,0,13499,0.03548411,0.014593674,0,0,0,0,0,0,0,0,0,0,0.44,1.329575669
42462.51,0.413273411,0.5,6621,37,0.45335,33.125,34.75,36.41,0,0,0.07,0,0,20,0.5,0.102,5.5,0,0,0.1,0.1,0.1,0.1,0.1,0.1,0.5,0,12743,0.03609825,0.014910147,0,0,0,0,0,0,0,0,0,0,5,1.329575669
42522.56,0.445086573,0.5,6621,37,0.29745,33.5,34.6875,37.03,0,0,0.07,0,0,20,0.5,0.102,5.5,0,0,0.1,0.1,0.1,0.1,0.1,0.1,0.5,0,13237,0.035884264,0.014655889,0,0,0,0,0,0,0,0,0,0,5,1.329575669
42582.6,0.433841322,0.5,6621,37,0.18425,33.625,34.6875,37.43,0,0,0.07,0,0,20,0.5,0.102,5.5,0,0,0.1,0.1,0.1,0.1,0.1,0.1,0.5,0,12996,0.036626654,0.014850723,0,0,0,0,0,0,0,0,0,0,5,1.329575669
42642.64,0.447105274,0.5,6621,37,0.22725,33.75,34.625,37.21,0,0,0.25,0,0,20,0.5,0.102,5.5,0,0,0.1,0.1,0.1,0.1,0.1,0.1,0.5,0,12811,0.036609164,0.014909063,0,0,0,0,0,0,0,0,0,0,5,1.329575669
42702.69,0.462142163,0.5,6621,37,0.15105,33.75,34.6875,37.45,0,0,0.07,0,0,20,0.5,0.102,5.5,0,0,0.1,0.1,0.1,0.1,0.1,0.1,0.5,0,12881,0.036876019,0.014828041,0,0,0,0,0,0,0,0,0,0,5,1.329575669
42762.73,0.470557473,0.5,6621,37,0.16645,33.6875,34.6875,37.35,0,0,0.07,0,0,20,0.5,0.102,5.5,0,0,0.1,0.1,0.1,0.1,0.1,0.1,0.5,0,13240,0.036933535,0.014803625,0,0,0,0,0,0,0,0,0,0,5,1.329575669
42822.8,0.481870164,0.5,6621,37,0.10435,33.625,34.625,37.53,0,0,0.07,0,0,20,0.5,0.102,5.5,0,0,0.1,0.1,0.1,0.1,0.1,0.1,0.5,0,13768,0.036533992,0.014453806,0,0,0,0,0,0,0,0,0,0,5,1.334366698
42882.84,0.500828662,0.5,6621,37,0.16655,33.5625,34.5625,37.25,0,0,0.07,0,0,20,0.5,0.102,5.5,0,0,0.1,0.1,0.1,0.1,0.1,0.1,0.5,0,13449,0.03710313,0.014945349,0,0,0,0,0,0,0,0,0,0,5,1.38341639
42942.89,0.516287441,0.5,6621,37,0.19555,33.5,34.5625,37.11,0,0,0.25,0,0,20,0.5,0.102,5.5,0,0,0.1,0.1,0.1,0.1,0.1,0.1,0.5,0,14045,0.036952652,0.014667141,0,0,0,0,0,0,0,0,0,0,5,1.405444418
43002.95,0.510732528,0.5,6621,37,0.15545,33.4375,34.5625,37.25,0,0,0.07,0,0,20,0.5,0.102,5.5,0,0,0.1,0.1,0.1,0.1,0.1,0.1,0.5,0,13558,0.038058711,0.014825195,0,0,0,0,0,0,0,0,0,0,5,1.302719268
43063.01,0.51582052,0.5,6621,37,0.18505,33.375,34.5625,37.11,0,0,0,0,0,20,0.5,0.102,5.5,0,0,0.1,0.1,0.1,0.1,0.1,0.1,0.5,0,14000,0.037571429,0.015,0,0,0,0,0,0,0,0,0,0,5,1.267321859
43123.06,0.535629775,0.5,6621,37,0.17495,33.3125,34.5,37.13,0,0,0,0,0,20,0.5,0.102,5.5,0,0,0.1,0.1,0.1,0.1,0.1,0.1,0.5,0,14224,0.037964004,0.015115298,0,0,0,0,0,0,0,0,0,0,5,1.31700875
43183.13,0.542780788,0.5,6621,37,0.17015,33.25,34.5,37.13,0,0,0,0,0,20,0.5,0.102,5.5,0,0,0.1,0.1,0.1,0.1,0.1,0.1,0.5,0,14180,0.038293371,0.015303244,0,0,0,0,0,0,0,0,0,0,5,1.2909453
43243.19,0.544245042,0.5,6621,37,0.341375,33.25,34.4375,36.95,0,0.02,0.25,0,0,20,0.5,0.102,5.5,0,0,0.1,0.1,0.1,0.1,0.1,0.1,0.5,0,14550,0.03814433,0.015120275,0,0,0,0,0,0,0,0,0,0,0.44,1.2909453
43303.23,0.479123375,0.5,6621,37,0.524974728,33,34.5,36.09,0,0.015779806,0.133119223,0,0,20,0.5,0.102,5.5,0,0,0.1,0.1,0.1,0.1,0.1,0.1,0.5,0,13370,0.039192221,0.015033657,0,0,0,0,0,0,0,0,0,0,0.44,1.2909453
43363.3,0.42359844,0.5,6621,37,0.62845,32.875,34.5,35.61,0,0,0.07,0,0,20,0.5,0.102,5.5,0,0,0.1,0.1,0.1,0.1,0.1,0.1,0.5,0,12465,0.039951865,0.015322904,0,0,0,0,0,0,0,0,0,0,5,1.2909453
43423.37,0.435802327,0.5,6621,37,0.34575,33.1875,34.5625,36.79,0,0,0.07,0,0,20,0.5,0.102,5.5,0,0,0.1,0.1,0.1,0.1,0.1,0.1,0.5,0,13366,0.039278767,0.015262607,0,0,0,0,0,0,0,0,0,0,5,1.2909453
43483.44,0.470090534,0.5,6621,37,0.26805,33.4375,34.625,37.09,0,0,0.07,0,0,20,0.5,0.102,5.5,0,0,0.1,0.1,0.1,0.1,0.1,0.1,0.5,0,13022,0.039471663,0.015128245,0,0,0,0,0,0,0,0,0,0,5,1.2909453
43543.49,0.472007498,0.5,6621,37,0.13865,33.625,34.625,37.55,0,0,0.25,0,0,20,0.5,0.102,5.5,0,0,0.1,0.1,0.1,0.1,0.1,0.1,0.5,0,12895,0.04001551,0.015509888,0,0,0,0,0,0,0,0,0,0,5,1.2909453
43603.53,0.460632022,0.5,6621,37,0.17515,33.6875,34.625,37.35,0,0,0.07,0,0,20,0.5,0.102,5.5,0,0,0.1,0.1,0.1,0.1,0.1,0.1,0.5,0,13299,0.040078201,0.015414693,0,0,0,0,0,0,0,0,0,0,5,1.2909453
43663.61,0.475316561,0.5,6621,37,0.11725,33.625,34.625,37.53,0,0,0.07,0,0,20,0.5,0.102,5.5,0,0,0.1,0.1,0.1,0.1,0.1,0.1,0.5,0,14109,0.039549224,0.015167624,0,0,0,0,0,0,0,0,0,0,5,1.2909453
43723.66,0.480889762,0.5,6621,37,0.18675,33.625,34.6875,37.21,0,0,0.07,0,0,20,0.5,0.102,5.5,0,0,0.1,0.1,0.1,0.1,0.1,0.1,0.5,0,13982,0.040266056,0.015376913,0,0,0,0,0,0,0,0,0,0,5,1.261369134
43783.73,0.495631467,0.5,6621,37,0.15835,33.625,34.625,37.29,0,0,0.07,0,0,20,0.5,0.102,5.5,0,0,0.1,0.1,0.1,0.1,0.1,0.1,0.5,0,14433,0.039562115,0.015242846,0,0,0,0,0,0,0,0,0,0,5,1.288884421
43843.78,0.520885345,0.5,6621,37,0.11725,33.5625,34.6875,37.41,0,0,0.25,0,0,20,0.5,0.102,5.5,0,0,0.1,0.1,0.1,0.1,0.1,0.1,0.5,0,14167,0.040869627,0.015176114,0,0,0,0,0,0,0,0,0,0,5,1.373532129
43903.85,0.504541131,0.5,6621,37,0.18655,33.4375,34.6875,37.11,0,0,0.07,0,0,20,0.5,0.102,5.5,0,0,0.1,0.1,0.1,0.1,0.1,0.1,0.5,0,14261,0.040880724,0.015637052,0,0,0,0,0,0,0,0,0,0,5,1.209213769
43963.92,0.529455985,0.5,6621,37,0.16585,33.375,34.625,37.17,0,0,0,0,0,20,0.5,0.102,5.5,0,0,0.1,0.1,0.1,0.1,0.1,0.1,0.5,0,13928,0.041929925,0.015723722,0,0,0,0,0,0,0,0,0,0,5,1.293355092
44023.97,0.534769527,0.5,6621,37,0.12955,33.375,34.6875,37.29,0,0,0,0,0,20,0.5,0.102,5.5,0,0,0.1,0.1,0.1,0.1,0.1,0.1,0.5,0,13674,0.042928185,0.016015796,0,0,0,0,0,0,0,0,0,0,5,1.258644819
44084.05,0.53247088,0.5,6621,37,0.1146,33.3125,34.625,37.13,0,0,0,0,0,20,0.5,0.102,5.5,0,0,0.1,0.1,0.1,0.1,0.1,0.1,0.5,0,14304,0.042295861,0.016009508,0,0,0,0,0,0,0,0,0,0,5,1.182789624
44144.09,0.548587417,0.5,6621,37,0.214,33.3125,34.625,37.03,0,0,0,0,0,20,0.5,0.102,5.5,0,0,0.1,0.1,0.1,0.1,0.1,0.1,0.5,0,14641,0.042210232,0.015914214,0,0,0,0,0,0,0,0,0,0,5,1.213105434
44204.13,0.561137075,0.5,6621,37,0.3178,33.3125,34.625,36.97,0,0.02,0.15,0,0,20,0.5,0.102,5.5,0,0,0.1,0.1,0.1,0.1,0.1,0.1,0.5,0,15768,0.041412988,0.015664637,0,0,0,0,0,0,0,0,0,0,0.44,1.213105434
44264.18,0.503287946,0.5,6621,37,0.5698,33,34.625,35.89,0,0.02,0.15,0,0,20,0.5,0.102,5.5,0,0,0.1,0.1,0.1,0.1,0.1,0.1,0.5,0,14238,0.042351454,0.015662312,0,0,0,0,0,0,0,0,0,0,0.44,1.213105434
44324.22,0.420886927,0.5,6621,37,0.6822,32.875,34.625,35.29,0,0,0.07,0,0,20,0.5,0.102,5.5,0,0,0.1,0.1,0.1,0.1,0.1,0.1,0.5,0,13210,0.042543528,0.015821347,0,0,0,0,0,0,0,0,0,0,0.44,1.213105434
44384.25,0.433710516,0.5,6621,37,0.3354,33.1875,34.625,36.73,0,0,0.07,0,0,20,0.5,0.102,5.5,0,0,0.1,0.1,0.1,0.1,0.1,0.1,0.5,0,13288,0.042293799,0.015728477,0,0,0,0,0,0,0,0,0,0,5,1.213105434
44444.31,0.43516979,0.5,6621,37,0.2306,33.5,34.5625,37.13,0,0,0.25,0,0,20,0.5,0.102,5.5,0,0,0.1,0.1,0.1,0.1,0.1,0.1,0.5,0,13087,0.043019791,0.015970047,0,0,0,0,0,0,0,0,0,0,5,1.213105434
44504.36,0.44966628,0.5,6621,37,0.2113,33.6875,34.5,37.17,0,0,0.07,0,0,20,0.5,0.102,5.5,0,0,0.1,0.1,0.1,0.1,0.1,0.1,0.5,0,12944,0.043881335,0.016223733,0,0,0,0,0,0,0,0,0,0,5,1.213105434
44564.43,0.4748383,0.5,6621,37,0.1596,33.625,34.5,37.33,0,0,0.07,0,0,20,0.5,0.102,5.5,0,0,0.1,0.1,0.1,0.1,0.1,0.1,0.5,0,13348,0.043751873,0.016257117,0,0,0,0,0,0,0,0,0,0,5,1.213105434
44624.5,0.477734091,0.5,6621,37,0.134,33.625,34.5,37.37,0,0,0.07,0,0,20,0.5,0.102,5.5,0,0,0.1,0.1,0.1,0.1,0.1,0.1,0.5,0,13451,0.044160285,0.016281317,0,0,0,0,0,0,0,0,0,0,5,1.213105434
44684.56,0.491038035,0.5,6621,37,0.1759,33.5625,34.5625,37.17,0,0,0.07,0,0,20,0.5,0.102,5.5,0,0,0.1,0.1,0.1,0.1,0.1,0.1,0.5,0,13329,0.044639508,0.016355315,0,0,0,0,0,0,0,0,0,0,5,1.213105434
44744.63,0.495053078,0.5,6621,37,0.1399,33.5,34.5625,37.29,0,0,0.25,0,0,20,0.5,0.102,5.5,0,0,0.1,0.1,0.1,0.1,0.1,0.1,0.5,0,13707,0.044940541,0.016342015,0,0,0,0,0,0,0,0,0,0,5,1.176880346
44804.7,0.502324604,0.5,6621,37,0.2054,33.4375,34.6875,37.01,0,0,0.07,0,0,20,0.5,0.102,5.5,0,0,0.1,0.1,0.1,0.1,0.1,0.1,0.5,0,13904,0.044591484,0.016254315,0,0,0,0,0,0,0,0,0,0,5,1.161780971
44864.78,0.50688625,0.5,6621,37,0.1797,33.375,34.625,37.09,0,0,0.07,0,0,20,0.5,0.102,5.5,0,0,0.1,0.1,0.1,0.1,0.1,0.1,0.5,0,13624,0.045654727,0.016368174,0,0,0,0,0,0,0,0,0,0,5,1.130812183
44924.82,0.515339169,0.5,6621,37,0.15185,33.3125,34.6875,37.09,0,0,0,0,0,20,0.5,0.102,5.5,0,0,0.1,0.1,0.1,0.1,0.1,0.1,0.5,0,13918,0.045552522,0.016237965,0,0,0,0,0,0,0,0,0,0,5,1.12388751
44984.89,0.535998408,0.5,6621,37,0.14355,33.375,34.6875,37.05,0,0,0,0,0,20,0.5,0.102,5.5,0,0,0.1,0.1,0.1,0.1,0.1,0.1,0.5,0,14081,0.045735388,0.016689156,0,0,0,0,0,0,0,0,0,0,5,1.185610913
45044.95,0.537718137,0.5,6621,37,0.18315,33.375,34.625,36.97,0,0,0,0,0,20,0.5,0.102,5.5,0,0,0.1,0.1,0.1,0.1,0.1,0.1,0.5,0,14323,0.045870279,0.016546813,0,0,0,0,0,0,0,0,0,0,5,1.135940335
45105,0.54489738,0.5,6621,37,0.18665,33.3125,34.625,36.85,0,0,0,0,0,20,0.5,0.102,5.5,0,0,0.1,0.1,0.1,0.1,0.1,0.1,0.5,0,14528,0.045842511,0.016657489,0,0,0,0,0,0,0,0,0,0,5,1.11893223
45165.11,0.574599569,0.5,6621,37,0.35125,33.25,34.625,36.79,0,0.02,0.15,0,0,20,0.5,0.102,5.5,0,0,0.1,0.1,0.1,0.1,0.1,0.1,0.5,0,15177,0.046188311,0.016538183,0,0,0,0,0,0,0,0,0,0,0.44,1.11893223
45225.17,0.52195272,0.5,6621,37,0.60705,33.125,34.625,35.67,0,0.02,0.15,0,0,20,0.5,0.102,5.5,0,0,0.1,0.1,0.1,0.1,0.1,0.1,0.5,0,14524,0.045786285,0.016524373,0,0,0,0,0,0,0,0,0,0,0.44,1.11893223
45285.26,0.442916946,0.5,6621,37,0.589246552,33,34.625,35.71,0,0.001233752,0.074935007,0,0,20,0.5,0.102,5.5,0,0,0.1,0.1,0.1,0.1,0.1,0.1,0.5,0,12744,0.047551789,0.017106089,0,0,0,0,0,0,0,0,0,0,0.44,1.11893223
45345.3,0.434712202,0.5,6621,37,0.4407,33.1875,34.625,36.37,0,0,0.25,0,0,20,0.5,0.102,5.5,0,0,0.1,0.1,0.1,0.1,0.1,0.1,0.5,0,12558,0.047619048,0.017120561,0,0,0,0,0,0,0,0,0,0,5,1.11893223
45405.34,0.465903497,0.5,6621,37,0.2975,33.4375,34.625,36.95,0,0,0.07,0,0,20,0.5,0.102,5.5,0,0,0.1,0.1,0.1,0.1,0.1,0.1,0.5,0,12630,0.047901821,0.017181314,0,0,0,0,0,0,0,0,0,0,5,1.11893223
45465.39,0.457105701,0.5,6621,37,0.1914,33.5625,34.5625,37.33,0,0,0.07,0,0,20,0.5,0.102,5.5,0,0,0.1,0.1,0.1,0.1,0.1,0.1,0.5,0,13093,0.047353548,0.016955625,0,0,0,0,0,0,0,0,0,0,5,1.11893223
45525.48,0.48380226,0.5,6621,37,0.1532,33.625,34.5625,37.43,0,0,0.07,0,0,20,0.5,0.102,5.5,0,0,0.1,0.1,0.1,0.1,0.1,0.1,0.5,0,14040,0.046296296,0.016239316,0,0,0,0,0,0,0,0,0,0,5,1.11893223
45585.56,0.487192769,0.5,6621,37,0.1538,33.5625,34.5,37.37,0,0,0.07,0,0,20,0.5,0.102,5.5,0,0,0.1,0.1,0.1,0.1,0.1,0.1,0.5,0,13594,0.04730028,0.016772105,0,0,0,0,0,0,0,0,0,0,5,1.11893223
45645.63,0.499248524,0.5,6621,37,0.1733,33.5625,34.5,37.25,0,0,0.25,0,0,20,0.5,0.102,5.5,0,0,0.1,0.1,0.1,0.1,0.1,0.1,0.5,0,13540,0.047932053,0.016691285,0,0,0,0,0,0,0,0,0,0,5,1.11893223
45705.68,0.50522138,0.5,6621,37,0.1428,33.5,34.5,37.33,0,0,0.07,0,0,20,0.5,0.102,5.5,0,0,0.1,0.1,0.1,0.1,0.1,0.1,0.5,0,13720,0.048177843,0.017055394,0,0,0,0,0,0,0,0,0,0,5,1.098663701
45765.75,0.522904717,0.5,6621,37,0.193,33.4375,34.5625,37.11,0,0,0.07,0,0,20,0.5,0.102,5.5,0,0,0.1,0.1,0.1,0.1,0.1,0.1,0.5,0,14119,0.047666265,0.016856718,0,0,0,0,0,0,0,0,0,0,5,1.146938173
45825.83,0.527830256,0.5,6621,37,0.1876,33.4375,34.625,37.11,0,0,0.07,0,0,20,0.5,0.102,5.5,0,0,0.1,0.1,0.1,0.1,0.1,0.1,0.5,0,13725,0.049398907,0.01726776,0,0,0,0,0,0,0,0,0,0,5,1.117717722
45885.88,0.525911474,0.5,6621,37,0.204,33.375,34.5625,37.03,0,0,0.07,0,0,20,0.5,0.102,5.5,0,0,0.1,0.1,0.1,0.1,0.1,0.1,0.5,0,14312,0.048351034,0.016978759,0,0,0,0,0,0,0,0,0,0,5,1.050906285
45945.94,0.525178365,0.5,6621,37,0.16645,33.3125,34.625,37.25,0,0,0,0,0,20,0.5,0.102,5.5,0,0,0.1,0.1,0.1,0.1,0.1,0.1,0.5,0,14356,0.048899415,0.017135692,0,0,0,0,0,0,0,0,0,0,5,0.994176118
46005.99,0.55492919,0.5,6621,37,0.12895,33.375,34.625,37.19,0,0,0,0,0,20,0.5,0.102,5.5,0,0,0.1,0.1,0.1,0.1,0.1,0.1,0.5,0,15354,0.047609743,0.016738309,0,0,0,0,0,0,0,0,0,0,5,1.10977503
46066.06,0.560857943,0.5,6621,37,0.49745,33.25,34.625,36.17,0,0.02,0.15,0,0,20,0.5,0.102,5.5,0,0,0.1,0.1,0.1,0.1,0.1,0.1,0.5,0,14859,0.048993876,0.017228616,0,0,0,0,0,0,0,0,0,0,0.44,1.10977503
46126.11,0.509470227,0.5,6621,37,0.63185,33.125,34.625,35.69,0,0.02,0.15,0,0,20,0.5,0.102,5.5,0,0,0.1,0.1,0.1,0.1,0.1,0.1,0.5,0,14378,0.048198637,0.016900821,0,0,0,0,0,0,0,0,0,0,0.44,1.10977503
46186.16,0.43171158,0.5,6621,37,0.6639,33.0625,34.625,35.53,0,0,0.07,0,0,20,0.5,0.102,5.5,0,0,0.1,0.1,0.1,0.1,0.1,0.1,0.5,0,12660,0.049052133,0.0171406,0,0,0,0,0,0,0,0,0,0,0.44,1.10977503
46246.2,0.432272696,0.5,6621,37,0.3632,33.3125,34.6875,36.77,0,0,0.25,0,0,20,0.5,0.102,5.5,0,0,0.1,0.1,0.1,0.1,0.1,0.1,0.5,0,13087,0.04882708,0.016963399,0,0,0,0,0,0,0,0,0,0,5,1.10977503
46306.27,0.453518947,0.5,6621,37,0.2139,33.5625,34.6875,37.33,0,0,0.07,0,0,20,0.5,0.102,5.5,0,0,0.1,0.1,0.1,0.1,0.1,0.1,0.5,0,13133,0.048808345,0.017284703,0,0,0,0,0,0,0,0,0,0,5,1.10977503
46366.35,0.46420156,0.5,6621,37,0.1003,33.625,34.625,37.71,0,0,0.07,0,0,20,0.5,0.102,5.5,0,0,0.1,0.1,0.1,0.1,0.1,0.1,0.5,0,13231,0.04882473,0.017383418,0,0,0,0,0,0,0,0,0,0,5,1.10977503
46426.43,0.458606025,0.5,6621,37,0.1403,33.6875,34.625,37.49,0,0,0.07,0,0,20,0.5,0.102,5.5,0,0,0.1,0.1,0.1,0.1,0.1,0.1,0.5,0,13394,0.049275795,0.017321189,0,0,0,0,0,0,0,0,0,0,5,1.10977503
46486.49,0.47969573,0.5,6621,37,0.1574,33.6875,34.5625,37.37,0,0,0.07,0,0,20,0.5,0.102,5.5,0,0,0.1,0.1,0.1,0.1,0.1,0.1,0.5,0,13562,0.049329008,0.017106621,0,0,0,0,0,0,0,0,0,0,5,1.10977503
46546.53,0.473925639,0.5,6621,37,0.1492,33.625,34.625,37.35,0,0,0.25,0,0,20,0.5,0.102,5.5,0,0,0.1,0.1,0.1,0.1,0.1,0.1,0.5,0,14007,0.048832726,0.016991504,0,0,0,0,0,0,0,0,0,0,5,1.10977503
46606.6,0.523295295,0.5,6621,37,0.157,33.5625,34.625,37.29,0,0,0.07,0,0,20,0.5,0.102,5.5,0,0,0.1,0.1,0.1,0.1,0.1,0.1,0.5,0,14359,0.048819556,0.017201755,0,0,0,0,0,0,0,0,0,0,5,1.351572759
46666.68,0.496278538,0.5,6621,37,0.239,33.5,34.5625,36.95,0,0,0.07,0,0,20,0.5,0.102,5.5,0,0,0.1,0.1,0.1,0.1,0.1,0.1,0.5,0,14097,0.050010641,0.01723771,0,0,0,0,0,0,0,0,0,0,5,1.124968365
46726.74,0.51308343,0.5,6621,37,0.1721,33.4375,34.5,37.19,0,0,0.07,0,0,20,0.5,0.102,5.5,0,0,0.1,0.1,0.1,0.1,0.1,0.1,0.5,0,13726,0.050779542,0.017703628,0,0,0,0,0,0,0,0,0,0,5,1.168623327
46786.82,0.533974809,0.5,6621,37,0.16925,33.4375,34.5,37.01,0,0,0,0,0,20,0.5,0.102,5.5,0,0,0.1,0.1,0.1,0.1,0.1,0.1,0.5,0,14664,0.049372613,0.017253137,0,0,0,0,0,0,0,0,0,0,5,1.229922758
46846.87,0.535220047,0.5,6621,37,0.14735,33.3125,34.5,37.21,0,0,0,0,0,20,0.5,0.102,5.5,0,0,0.1,0.1,0.1,0.1,0.1,0.1,0.5,0,14764,0.049918721,0.017407207,0,0,0,0,0,0,0,0,0,0,5,1.175414527
46906.91,0.541778033,0.5,6621,37,0.19405,33.3125,34.5625,37.33,0,0,0,0,0,20,0.5,0.102,5.5,0,0,0.1,0.1,0.1,0.1,0.1,0.1,0.5,0,15060,0.05,0.017330677,0,0,0,0,0,0,0,0,0,0,5,1.153179057
46966.93,0.559978264,0.5,6621,37,0.315575,33.3125,34.5625,37.05,0,0.02,0.15,0,0,20,0.5,0.102,5.5,0,0,0.1,0.1,0.1,0.1,0.1,0.1,0.5,0,14281,0.05160703,0.017505777,0,0,0,0,0,0,0,0,0,0,0.44,1.153179057
47026.97,0.50246998,0.5,6621,37,0.64815,33.125,34.625,35.55,0,0.02,0.15,0,0,20,0.5,0.102,5.5,0,0,0.1,0.1,0.1,0.1,0.1,0.1,0.5,0,13741,0.051888509,0.017757077,0,0,0,0,0,0,0,0,0,0,0.44,1.153179057
47087.02,0.432162528,0.5,6621,37,0.5765,33,34.5625,35.81,0,0,0.07,0,0,20,0.5,0.102,5.5,0,0,0.1,0.1,0.1,0.1,0.1,0.1,0.5,0,13280,0.050075301,0.017168675,0,0,0,0,0,0,0,0,0,0,0.44,1.153179057
47147.07,0.431984176,0.5,6621,37,0.405,33.25,34.625,36.55,0,0,0.25,0,0,20,0.5,0.102,5.5,0,0,0.1,0.1,0.1,0.1,0.1,0.1,0.5,0,13548,0.04974904,0.017271922,0,0,0,0,0,0,0,0,0,0,5,1.153179057
47207.1,0.466367868,0.5,6621,37,0.2405,33.4375,34.6875,37.19,0,0,0.07,0,0,20,0.5,0.102,5.5,0,0,0.1,0.1,0.1,0.1,0.1,0.1,0.5,0,13293,0.050703378,0.01730234,0,0,0,0,0,0,0,0,0,0,5,1.153179057
47267.15,0.48377312,0.5,6621,37,0.1632,33.6875,34.6875,37.45,0,0,0.07,0,0,20,0.5,0.102,5.5,0,0,0.1,0.1,0.1,0.1,0.1,0.1,0.5,0,13516,0.050828648,0.01760876,0,0,0,0,0,0,0,0,0,0,5,1.153179057
47327.2,0.471808735,0.5,6621,37,0.112,33.75,34.6875,37.59,0,0,0.07,0,0,20,0.5,0.102,5.5,0,0,0.1,0.1,0.1,0.1,0.1,0.1,0.5,0,13273,0.051457847,0.017705116,0,0,0,0,0,0,0,0,0,0,5,1.153179057
47387.23,0.493882146,0.5,6621,37,0.1553,33.75,34.625,37.37,0,0,0.07,0,0,20,0.5,0.102,5.5,0,0,0.1,0.1,0.1,0.1,0.1,0.1,0.5,0,13558,0.05148252,0.017701726,0,0,0,0,0,0,0,0,0,0,5,1.153179057
47447.3,0.491896261,0.5,6621,37,0.1536,33.6875,34.6875,37.33,0,0,0.25,0,0,20,0.5,0.102,5.5,0,0,0.1,0.1,0.1,0.1,0.1,0.1,0.5,0,13799,0.051597942,0.017682441,0,0,0,0,0,0,0,0,0,0,5,1.153179057
47507.35,0.498766396,0.5,6621,37,0.1646,33.625,34.6875,37.25,0,0,0.07,0,0,20,0.5,0.102,5.5,0,0,0.1,0.1,0.1,0.1,0.1,0.1,0.5,0,13624,0.052480916,0.017909571,0,0,0,0,0,0,0,0,0,0,5,1.137130101
47567.43,0.509424863,0.5,6621,37,0.1129,33.5,34.625,37.41,0,0,0.07,0,0,20,0.5,0.102,5.5,0,0,0.1,0.1,0.1,0.1,0.1,0.1,0.5,0,13849,0.052278143,0.01790743,0,0,0,0,0,0,0,0,0,0,5,1.143707179
47627.49,0.529232605,0.5,6621,37,0.1772,33.5,34.625,37.13,0,0,0.07,0,0,20,0.5,0.102,5.5,0,0,0.1,0.1,0.1,0.1,0.1,0.1,0.5,0,14611,0.051536514,0.017589487,0,0,0,0,0,0,0,0,0,0,5,1.200958837
47687.53,0.53049556,0.5,6621,37,0.18055,33.375,34.5625,37.21,0,0,0,0,0,20,0.5,0.102,5.5,0,0,0.1,0.1,0.1,0.1,0.1,0.1,0.5,0,15015,0.050949051,0.017449217,0,0,0,0,0,0,0,0,0,0,5,1.148061532
47747.59,0.544376608,0.5,6621,37,0.13775,33.375,34.5625,36.97,0,0,0,0,0,20,0.5,0.102,5.5,0,0,0.1,0.1,0.1,0.1,0.1,0.1,0.5,0,13970,0.053758053,0.018110236,0,0,0,0,0,0,0,0,0,0,5,1.168147597
47807.65,0.56525835,0.5,6621,37,0.4767,33.3125,34.5,36.29,0,0.02,0.15,0,0,20,0.5,0.102,5.5,0,0,0.1,0.1,0.1,0.1,0.1,0.1,0.5,0,14984,0.051855312,0.017685531,0,0,0,0,0,0,0,0,0,0,0.44,1.168147597
47867.7,0.47743135,0.5,6621,37,1,33.0625,34.5,34.75,0,0.017658054,0.140632215,0,0,20,0.5,0.102,5.5,0,0,0.1,0.1,0.1,0.1,0.1,0.1,0.5,0,14316,0.051271305,0.017393127,0,0,0,0,0,0,0,0,0,0,0.44,1.168147597
47927.74,0.426711816,0.5,6621,37,0.46985,33.0625,34.5625,36.17,0,0,0.07,0,0,20,0.5,0.102,5.5,0,0,0.1,0.1,0.1,0.1,0.1,0.1,0.5,0,13133,0.0513211,0.017665423,0,0,0,0,0,0,0,0,0,0,5,1.168147597
47987.79,0.440058894,0.5,6621,37,0.23515,33.375,34.5625,37.11,0,0,0.07,0,0,20,0.5,0.102,5.5,0,0,0.1,0.1,0.1,0.1,0.1,0.1,0.5,0,12709,0.052639862,0.018176096,0,0,0,0,0,0,0,0,0,0,5,1.168147597
48047.87,0.44420982,0.5,6621,37,0.20205,33.625,34.625,37.21,0,0,0.25,0,0,20,0.5,0.102,5.5,0,0,0.1,0.1,0.1,0.1,0.1,0.1,0.5,0,13052,0.052099295,0.01785167,0,0,0,0,0,0,0,0,0,0,5,1.168147597
48107.91,0.466888362,0.5,6621,37,0.11415,33.625,34.625,37.51,0,0,0.07,0,0,20,0.5,0.102,5.5,0,0,0.1,0.1,0.1,0.1,0.1,0.1,0.5,0,13383,0.051782112,0.017559591,0,0,0,0,0,0,0,0,0,0,5,1.168147597
48167.98,0.466454554,0.5,6621,37,0.11565,33.625,34.625,37.45,0,0,0.07,0,0,20,0.5,0.102,5.5,0,0,0.1,0.1,0.1,0.1,0.1,0.1,0.5,0,13642,0.051971852,0.017592728,0,0,0,0,0,0,0,0,0,0,5,1.168147597
48228.05,0.469288114,0.5,6621,37,0.13815,33.625,34.625,37.33,0,0,0.07,0,0,20,0.5,0.102,5.5,0,0,0.1,0.1,0.1,0.1,0.1,0.1,0.5,0,13183,0.053250398,0.018205264,0,0,0,0,0,0,0,0,0,0,5,1.168147597
48288.12,0.482438013,0.5,6621,37,0.16335,33.625,34.6875,37.21,0,0,0.07,0,0,20,0.5,0.102,5.5,0,0,0.1,0.1,0.1,0.1,0.1,0.1,0.5,0,13713,0.052431999,0.017939182,0,0,0,0,0,0,0,0,0,0,5,1.192646859
48348.19,0.500589319,0.5,6621,37,0.23035,33.5625,34.6875,36.93,0,0,0.25,0,0,20,0.5,0.102,5.5,0,0,0.1,0.1,0.1,0.1,0.1,0.1,0.5,0,14286,0.051868963,0.01749965,0,0,0,0,0,0,0,0,0,0,5,1.243815317
48408.25,0.493552208,0.5,6621,37,0.18735,33.4375,34.625,37.09,0,0,0.07,0,0,20,0.5,0.102,5.5,0,0,0.1,0.1,0.1,0.1,0.1,0.1,0.5,0,13512,0.053730018,0.017984014,0,0,0,0,0,0,0,0,0,0,5,1.139152359
48468.32,0.520775499,0.5,6621,37,0.13575,33.5,34.6875,37.27,0,0,0.07,0,0,20,0.5,0.102,5.5,0,0,0.1,0.1,0.1,0.1,0.1,0.1,0.5,0,13995,0.053590568,0.017934977,0,0,0,0,0,0,0,0,0,0,5,1.24326594
48528.37,0.514869395,0.5,6621,37,0.1741,33.4375,34.625,37.11,0,0,0,0,0,20,0.5,0.102,5.5,0,0,0.1,0.1,0.1,0.1,0.1,0.1,0.5,0,15211,0.05127868,0.017421603,0,0,0,0,0,0,0,0,0,0,5,1.146885309
48588.42,0.520818207,0.5,6621,37,0.1216,33.4375,34.625,36.95,0,0,0,0,0,20,0.5,0.102,5.5,0,0,0.1,0.1,0.1,0.1,0.1,0.1,0.5,0,14623,0.053272242,0.017643438,0,0,0,0,0,0,0,0,0,0,5,1.124004391
48648.49,0.539574326,0.5,6621,37,0.2122,33.3125,34.625,37.01,0,0,0,0,0,20,0.5,0.102,5.5,0,0,0.1,0.1,0.1,0.1,0.1,0.1,0.5,0,14813,0.052858975,0.018092216,0,0,0,0,0,0,0,0,0,0,5,1.173942655
48708.56,0.554886531,0.5,6621,37,0.1636,33.3125,34.625,37.21,0,0,0,0,0,20,0.5,0.102,5.5,0,0,0.1,0.1,0.1,0.1,0.1,0.1,0.5,0,15197,0.052970981,0.017898269,0,0,0,0,0,0,0,0,0,0,5,1.199194824
48768.65,0.556490097,0.5,6621,37,0.521625,33.3125,34.5625,36.01,0,0.02,0.15,0,0,20,0.5,0.102,5.5,0,0,0.1,0.1,0.1,0.1,0.1,0.1,0.5,0,14528,0.055066079,0.018447137,0,0,0,0,0,0,0,0,0,0,0.44,1.199194824
48828.69,0.496757775,0.5,6621,37,0.655491826,33,34.5625,35.53,0,0.019283442,0.14713377,0,0,20,0.5,0.102,5.5,0,0,0.1,0.1,0.1,0.1,0.1,0.1,0.5,0,13502,0.054880758,0.018367649,0,0,0,0,0,0,0,0,0,0,0.44,1.199194824
48888.73,0.443507217,0.5,6621,37,0.625511892,32.9375,34.5,35.89,0,0,0.07,0,0,20,0.5,0.102,5.5,0,0,0.1,0.1,0.1,0.1,0.1,0.1,0.5,0,13410,0.053094705,0.017822521,0,0,0,0,0,0,0,0,0,0,5,1.199194824
48948.77,0.452017092,0.5,6621,37,0.36815,33.25,34.625,36.65,0,0,0.25,0,0,20,0.5,0.102,5.5,0,0,0.1,0.1,0.1,0.1,0.1,0.1,0.5,0,13840,0.052528902,0.017485549,0,0,0,0,0,0,0,0,0,0,5,1.199194824
49008.82,0.466506869,0.5,6621,37,0.225,33.4375,34.625,37.21,0,0,0.07,0,0,20,0.5,0.102,5.5,0,0,0.1,0.1,0.1,0.1,0.1,0.1,0.5,0,13672,0.052954944,0.017992978,0,0,0,0,0,0,0,0,0,0,5,1.199194824
49068.86,0.472270055,0.5,6621,37,0.1848,33.625,34.625,37.27,0,0,0.07,0,0,20,0.5,0.102,5.5,0,0,0.1,0.1,0.1,0.1,0.1,0.1,0.5,0,14113,0.0521505,0.017714164,0,0,0,0,0,0,0,0,0,0,5,1.199194824
49128.93,0.499813514,0.5,6621,37,0.1163,33.625,34.625,37.41,0,0,0.07,0,0,20,0.5,0.102,5.5,0,0,0.1,0.1,0.1,0.1,0.1,0.1,0.5,0,13788,0.053524804,0.018204236,0,0,0,0,0,0,0,0,0,0,5,1.199194824
49189,0.487919154,0.5,6621,37,0.1399,33.5625,34.625,37.37,0,0,0.07,0,0,20,0.5,0.102,5.5,0,0,0.1,0.1,0.1,0.1,0.1,0.1,0.5,0,14000,0.054071429,0.018,0,0,0,0,0,0,0,0,0,0,5,1.199194824
49249.04,0.490180802,0.5,6621,37,0.18625,33.625,34.625,37.17,0,0,0.25,0,0,20,0.5,0.102,5.5,0,0,0.1,0.1,0.1,0.1,0.1,0.1,0.5,0,14047,0.054175269,0.017868584,0,0,0,0,0,0,0,0,0,0,5,1.153108831
49309.1,0.532635787,0.5,6621,37,0.1519,33.5,34.625,37.09,0,0,0.07,0,0,20,0.5,0.102,5.5,0,0,0.1,0.1,0.1,0.1,0.1,0.1,0.5,0,14614,0.053168195,0.017996442,0,0,0,0,0,0,0,0,0,0,5,1.344644064
49369.16,0.519874892,0.5,6621,37,0.1962,33.5,34.625,36.97,0,0,0.07,0,0,20,0.5,0.102,5.5,0,0,0.1,0.1,0.1,0.1,0.1,0.1,0.5,0,14051,0.055085047,0.018361682,0,0,0,0,0,0,0,0,0,0,5,1.204662836
49429.23,0.551643852,0.5,6621,37,0.1855,33.4375,34.6875,37.01,0,0,0.07,0,0,20,0.5,0.102,5.5,0,0,0.1,0.1,0.1,0.1,0.1,0.1,0.5,0,15285,0.053385672,0.017860648,0,0,0,0,0,0,0,0,0,0,5,1.322373054
49489.28,0.563531274,0.5,6621,37,0.410375,33.375,34.6875,36.61,0,0.02,0.15,0,0,20,0.5,0.102,5.5,0,0,0.1,0.1,0.1,0.1,0.1,0.1,0.5,0,14529,0.054649322,0.018170555,0,0,0,0,0,0,0,0,0,0,0.44,1.322373054
49549.34,0.467248256,0.5,6621,37,0.632950911,33.125,34.6875,35.63,0,0.016127708,0.25,0,0,20,0.5,0.102,5.5,0,0,0.1,0.1,0.1,0.1,0.1,0.1,0.5,0,13225,0.05557656,0.018298677,0,0,0,0,0,0,0,0,0,0,0.44,1.322373054
49609.38,0.4177954,0.5,6621,37,0.657994525,33.125,34.625,35.85,0,0,0.07,0,0,20,0.5,0.102,5.5,0,0,0.1,0.1,0.1,0.1,0.1,0.1,0.5,0,12669,0.054858316,0.01815455,0,0,0,0,0,0,0,0,0,0,5,1.322373054
49669.43,0.431621552,0.5,6621,37,0.4212,33.3125,34.625,36.71,0,0,0.07,0,0,20,0.5,0.102,5.5,0,0,0.1,0.1,0.1,0.1,0.1,0.1,0.5,0,13286,0.053063375,0.017763059,0,0,0,0,0,0,0,0,0,0,5,1.322373054
49729.5,0.442849463,0.5,6621,37,0.2294,33.5,34.625,37.21,0,0,0.07,0,0,20,0.5,0.102,5.5,0,0,0.1,0.1,0.1,0.1,0.1,0.1,0.5,0,13016,0.054010449,0.01813153,0,0,0,0,0,0,0,0,0,0,5,1.322373054
49789.57,0.457554181,0.5,6621,37,0.211,33.625,34.625,37.37,0,0,0.07,0,0,20,0.5,0.102,5.5,0,0,0.1,0.1,0.1,0.1,0.1,0.1,0.5,0,13541,0.053319548,0.018093198,0,0,0,0,0,0,0,0,0,0,5,1.322373054
49849.62,0.462811032,0.5,6621,37,0.12975,33.6875,34.5625,37.51,0,0,0.25,0,0,20,0.5,0.102,5.5,0,0,0.1,0.1,0.1,0.1,0.1,0.1,0.5,0,13616,0.053172738,0.01806698,0,0,0,0,0,0,0,0,0,0,5,1.322373054
49909.66,0.468883317,0.5,6621,37,0.1486,33.625,34.5625,37.35,0,0,0.07,0,0,20,0.5,0.102,5.5,0,0,0.1,0.1,0.1,0.1,0.1,0.1,0.5,0,13440,0.054464286,0.018005952,0,0,0,0,0,0,0,0,0,0,5,1.322373054
49969.71,0.490978351,0.5,6621,37,0.1569,33.5625,34.5625,37.43,0,0,0.07,0,0,20,0.5,0.102,5.5,0,0,0.1,0.1,0.1,0.1,0.1,0.1,0.5,0,14260,0.05315568,0.017812062,0,0,0,0,0,0,0,0,0,0,5,1.394392673
50029.75,0.482987207,0.5,6621,37,0.1891,33.5,34.5625,37.29,0,0,0.07,0,0,20,0.5,0.102,5.5,0,0,0.1,0.1,0.1,0.1,0.1,0.1,0.5,0,14497,0.053045458,0.017727806,0,0,0,0,0,0,0,0,0,0,5,1.275443429
50089.82,0.50155876,0.5,6621,37,0.1707,33.5,34.5,37.05,0,0,0.07,0,0,20,0.5,0.102,5.5,0,0,0.1,0.1,0.1,0.1,0.1,0.1,0.5,0,14160,0.054449153,0.018220339,0,0,0,0,0,0,0,0,0,0,5,1.324863069
50149.89,0.522069701,0.5,6621,37,0.18125,33.375,34.5625,37.13,0,0,0.25,0,0,20,0.5,0.102,5.5,0,0,0.1,0.1,0.1,0.1,0.1,0.1,0.5,0,14409,0.053994032,0.018044278,0,0,0,0,0,0,0,0,0,0,5,1.378860922
50209.94,0.508782842,0.5,6621,37,0.1846,33.375,34.625,37.01,0,0,0,0,0,20,0.5,0.102,5.5,0,0,0.1,0.1,0.1,0.1,0.1,0.1,0.5,0,15082,0.053043363,0.018034743,0,0,0,0,0,0,0,0,0,0,5,1.232578428
50270.02,0.534380299,0.5,6621,37,0.1751,33.3125,34.625,37.05,0,0,0,0,0,20,0.5,0.102,5.5,0,0,0.1,0.1,0.1,0.1,0.1,0.1,0.5,0,14230,0.055657063,0.018271258,0,0,0,0,0,0,0,0,0,0,5,1.318208908
50330.09,0.550828348,0.5,6621,37,0.1547,33.3125,34.6875,36.93,0,0,0,0,0,20,0.5,0.102,5.5,0,0,0.1,0.1,0.1,0.1,0.1,0.1,0.5,0,15019,0.054131434,0.01831014,0,0,0,0,0,0,0,0,0,0,5,1.343244889
50390.13,0.555725717,0.5,6621,37,0.5465,33.25,34.625,35.93,0,0.02,0.15,0,0,20,0.5,0.102,5.5,0,0,0.1,0.1,0.1,0.1,0.1,0.1,0.5,0,15030,0.054690619,0.018097139,0,0,0,0,0,0,0,0,0,0,0.44,1.343244889
50450.2,0.480679856,0.5,6621,37,0.747604665,33.0625,34.6875,35.13,0,0.01713416,0.25,0,0,20,0.5,0.102,5.5,0,0,0.1,0.1,0.1,0.1,0.1,0.1,0.5,0,13860,0.055050505,0.018326118,0,0,0,0,0,0,0,0,0,0,0.44,1.343244889
50510.25,0.425337792,0.5,6621,37,0.65124249,33.0625,34.625,35.77,0,0,0.07,0,0,20,0.5,0.102,5.5,0,0,0.1,0.1,0.1,0.1,0.1,0.1,0.5,0,12908,0.054772234,0.018438178,0,0,0,0,0,0,0,0,0,0,5,1.343244889
50570.31,0.432399325,0.5,6621,37,0.3836,33.3125,34.6875,36.79,0,0,0.07,0,0,20,0.5,0.102,5.5,0,0,0.1,0.1,0.1,0.1,0.1,0.1,0.5,0,12838,0.054681415,0.018538713,0,0,0,0,0,0,0,0,0,0,5,1.343244889
50630.35,0.452798082,0.5,6621,37,0.2403,33.5625,34.625,37.41,0,0,0.07,0,0,20,0.5,0.102,5.5,0,0,0.1,0.1,0.1,0.1,0.1,0.1,0.5,0,13049,0.054640202,0.018162311,0,0,0,0,0,0,0,0,0,0,5,1.343244889
50690.39,0.451461894,0.5,6621,37,0.1303,33.625,34.625,37.61,0,0,0.07,0,0,20,0.5,0.102,5.5,0,0,0.1,0.1,0.1,0.1,0.1,0.1,0.5,0,12842,0.055676686,0.018610808,0,0,0,0,0,0,0,0,0,0,5,1.343244889
50750.44,0.461681178,0.5,6621,37,0.14595,33.6875,34.5625,37.45,0,0,0.25,0,0,20,0.5,0.102,5.5,0,0,0.1,0.1,0.1,0.1,0.1,0.1,0.5,0,13319,0.055184323,0.018244613,0,0,0,0,0,0,0,0,0,0,5,1.343244889
50810.49,0.473075817,0.5,6621,37,0.1127,33.625,34.625,37.45,0,0,0.07,0,0,20,0.5,0.102,5.5,0,0,0.1,0.1,0.1,0.1,0.1,0.1,0.5,0,13343,0.055384846,0.018511579,0,0,0,0,0,0,0,0,0,0,5,1.343244889
50870.53,0.488991766,0.5,6621,37,0.1525,33.5625,34.5,37.17,0,0,0.07,0,0,20,0.5,0.102,5.5,0,0,0.1,0.1,0.1,0.1,0.1,0.1,0.5,0,13836,0.05492917,0.018574733,0,0,0,0,0,0,0,0,0,0,5,1.375352596
50930.57,0.493682611,0.5,6621,37,0.1497,33.4375,34.5,37.27,0,0,0.07,0,0,20,0.5,0.102,5.5,0,0,0.1,0.1,0.1,0.1,0.1,0.1,0.5,0,14083,0.054817866,0.017964922,0,0,0,0,0,0,0,0,0,0,5,1.335226483
50990.62,0.512053562,0.5,6621,37,0.1298,33.375,34.5,37.41,0,0,0.07,0,0,20,0.5,0.102,5.5,0,0,0.1,0.1,0.1,0.1,0.1,0.1,0.5,0,13732,0.05592776,0.018788232,0,0,0,0,0,0,0,0,0,0,5,1.37807439
51050.69,0.518697045,0.5,6621,37,0.18955,33.3125,34.5625,37.11,0,0,0.25,0,0,20,0.5,0.102,5.5,0,0,0.1,0.1,0.1,0.1,0.1,0.1,0.5,0,14218,0.055282037,0.018216345,0,0,0,0,0,0,0,0,0,0,5,1.347842924
51110.75,0.515978314,0.5,6621,37,0.1932,33.375,34.5,37.01,0,0,0,0,0,20,0.5,0.102,5.5,0,0,0.1,0.1,0.1,0.1,0.1,0.1,0.5,0,14097,0.056040292,0.018372703,0,0,0,0,0,0,0,0,0,0,5,1.264685037
51170.8,0.538338251,0.5,6621,37,0.1586,33.3125,34.5625,37.25,0,0,0,0,0,20,0.5,0.102,5.5,0,0,0.1,0.1,0.1,0.1,0.1,0.1,0.5,0,14444,0.055594018,0.018346718,0,0,0,0,0,0,0,0,0,0,5,1.328717821
51230.88,0.542194313,0.5,6621,37,0.175,33.1875,34.5625,37.17,0,0,0,0,0,20,0.5,0.102,5.5,0,0,0.1,0.1,0.1,0.1,0.1,0.1,0.5,0,15403,0.054469908,0.017918587,0,0,0,0,0,0,0,0,0,0,5,1.283694028
51290.94,0.547760308,0.5,6621,37,0.517925,33.1875,34.5625,36.09,0,0.02,0.15,0,0,20,0.5,0.102,5.5,0,0,0.1,0.1,0.1,0.1,0.1,0.1,0.5,0,14386,0.056513277,0.018837759,0,0,0,0,0,0,0,0,0,0,0.44,1.283694028
51351.01,0.479550208,0.5,6621,37,0.607315994,33.0625,34.5625,35.77,0,0.016187493,0.25,0,0,20,0.5,0.102,5.5,0,0,0.1,0.1,0.1,0.1,0.1,0.1,0.5,0,13898,0.055619514,0.018347964,0,0,0,0,0,0,0,0,0,0,0.44,1.283694028
51411.05,0.430185333,0.5,6621,37,0.661690996,32.9375,34.5625,35.91,0,0,0.07,0,0,20,0.5,0.102,5.5,0,0,0.1,0.1,0.1,0.1,0.1,0.1,0.5,0,13049,0.05532991,0.01831558,0,0,0,0,0,0,0,0,0,0,5,1.283694028
51471.11,0.439837695,0.5,6621,37,0.3853,33.25,34.5625,36.73,0,0,0.07,0,0,20,0.5,0.102,5.5,0,0,0.1,0.1,0.1,0.1,0.1,0.1,0.5,0,12882,0.055814315,0.01855302,0,0,0,0,0,0,0,0,0,0,5,1.283694028
51531.16,0.454330656,0.5,6621,37,0.2052,33.5,34.625,37.35,0,0,0.07,0,0,20,0.5,0.102,5.5,0,0,0.1,0.1,0.1,0.1,0.1,0.1,0.5,0,13397,0.054415168,0.018138389,0,0,0,0,0,0,0,0,0,0,5,1.283694028
51591.2,0.458214781,0.5,6621,37,0.1164,33.5625,34.625,37.53,0,0,0.07,0,0,20,0.5,0.102,5.5,0,0,0.1,0.1,0.1,0.1,0.1,0.1,0.5,0,12861,0.056449732,0.018661068,0,0,0,0,0,0,0,0,0,0,5,1.283694028
51651.24,0.479805151,0.5,6621,37,0.18885,33.625,34.625,37.27,0,0,0.25,0,0,20,0.5,0.102,5.5,0,0,0.1,0.1,0.1,0.1,0.1,0.1,0.5,0,13961,0.053935964,0.017907027,0,0,0,0,0,0,0,0,0,0,5,1.283694028
51711.27,0.492407257,0.5,6621,37,0.1689,33.6875,34.6875,37.29,0,0,0.07,0,0,20,0.5,0.102,5.5,0,0,0.1,0.1,0.1,0.1,0.1,0.1,0.5,0,14161,0.054657157,0.017936586,0,0,0,0,0,0,0,0,0,0,5,1.283694028
51771.34,0.489946707,0.5,6621,37,0.1734,33.625,34.6875,37.29,0,0,0.07,0,0,20,0.5,0.102,5.5,0,0,0.1,0.1,0.1,0.1,0.1,0.1,0.5,0,13822,0.055563594,0.018521198,0,0,0,0,0,0,0,0,0,0,5,1.204480805
51831.4,0.501723492,0.5,6621,37,0.1706,33.5625,34.6875,37.41,0,0,0.07,0,0,20,0.5,0.102,5.5,0,0,0.1,0.1,0.1,0.1,0.1,0.1,0.5,0,14128,0.055351076,0.018190827,0,0,0,0,0,0,0,0,0,0,5,1.215514361
51891.44,0.517911103,0.5,6621,37,0.1522,33.5625,34.75,37.25,0,0,0.07,0,0,20,0.5,0.102,5.5,0,0,0.1,0.1,0.1,0.1,0.1,0.1,0.5,0,13897,0.056630928,0.018349284,0,0,0,0,0,0,0,0,0,0,5,1.250002009
51951.49,0.524512142,0.5,6621,37,0.19155,33.4375,34.75,37.09,0,0,0.25,0,0,20,0.5,0.102,5.5,0,0,0.1,0.1,0.1,0.1,0.1,0.1,0.5,0,14040,0.056552707,0.018732194,0,0,0,0,0,0,0,0,0,0,5,1.225496809
52011.55,0.53089305,0.5,6621,37,0.1637,33.4375,34.6875,36.93,0,0,0,0,0,20,0.5,0.102,5.5,0,0,0.1,0.1,0.1,0.1,0.1,0.1,0.5,0,14950,0.054247492,0.01812709,0,0,0,0,0,0,0,0,0,0,5,1.200497998
52071.61,0.553032335,0.5,6621,37,0.1436,33.4375,34.6875,37.03,0,0,0,0,0,20,0.5,0.102,5.5,0,0,0.1,0.1,0.1,0.1,0.1,0.1,0.5,0,14113,0.057110466,0.018706157,0,0,0,0,0,0,0,0,0,0,5,1.263040749
52131.67,0.560735348,0.5,6621,37,0.5771,33.375,34.625,35.81,0,0.02,0.15,0,0,20,0.5,0.102,5.5,0,0,0.1,0.1,0.1,0.1,0.1,0.1,0.5,0,14296,0.0576385,0.019096251,0,0,0,0,0,0,0,0,0,0,0.44,1.263040749
52191.72,0.48025278,0.5,6621,37,0.716972322,33.1875,34.625,35.29,0,0.017577337,0.140309347,0,0,20,0.5,0.102,5.5,0,0,0.1,0.1,0.1,0.1,0.1,0.1,0.5,0,13679,0.056436874,0.018495504,0,0,0,0,0,0,0,0,0,0,0.44,1.263040749
52251.79,0.431141591,0.5,6621,37,0.52715,33.125,34.625,36.05,0,0,0.25,0,0,20,0.5,0.102,5.5,0,0,0.1,0.1,0.1,0.1,0.1,0.1,0.5,0,13088,0.055394254,0.018643032,0,0,0,0,0,0,0,0,0,0,5,1.263040749
52311.83,0.451131501,0.5,6621,37,0.3718,33.375,34.5625,36.95,0,0,0.07,0,0,20,0.5,0.102,5.5,0,0,0.1,0.1,0.1,0.1,0.1,0.1,0.5,0,12990,0.055581216,0.018398768,0,0,0,0,0,0,0,0,0,0,5,1.263040749
52371.91,0.45991055,0.5,6621,37,0.224,33.5625,34.625,37.37,0,0,0.07,0,0,20,0.5,0.102,5.5,0,0,0.1,0.1,0.1,0.1,0.1,0.1,0.5,0,13680,0.054239766,0.018055556,0,0,0,0,0,0,0,0,0,0,5,1.263040749
52431.96,0.457482436,0.5,6621,37,0.1464,33.6875,34.625,37.63,0,0,0.07,0,0,20,0.5,0.102,5.5,0,0,0.1,0.1,0.1,0.1,0.1,0.1,0.5,0,13645,0.054598754,0.018175156,0,0,0,0,0,0,0,0,0,0,5,1.263040749
52492.01,0.461764099,0.5,6621,37,0.1028,33.6875,34.625,37.51,0,0,0.07,0,0,20,0.5,0.102,5.5,0,0,0.1,0.1,0.1,0.1,0.1,0.1,0.5,0,13923,0.054514113,0.018386842,0,0,0,0,0,0,0,0,0,0,5,1.263040749
52552.05,0.474087951,0.5,6621,37,0.17705,33.6875,34.6875,37.25,0,0,0.25,0,0,20,0.5,0.102,5.5,0,0,0.1,0.1,0.1,0.1,0.1,0.1,0.5,0,13425,0.056536313,0.018621974,0,0,0,0,0,0,0,0,0,0,5,1.263040749
52612.09,0.486652999,0.5,6621,37,0.1415,33.5625,34.6875,37.35,0,0,0.07,0,0,20,0.5,0.102,5.5,0,0,0.1,0.1,0.1,0.1,0.1,0.1,0.5,0,13906,0.055515605,0.018337408,0,0,0,0,0,0,0,0,0,0,5,1.278364168
52672.17,0.498102248,0.5,6621,37,0.1719,33.5,34.6875,37.09,0,0,0.07,0,0,20,0.5,0.102,5.5,0,0,0.1,0.1,0.1,0.1,0.1,0.1,0.5,0,14375,0.055095652,0.018226087,0,0,0,0,0,0,0,0,0,0,5,1.284208053
52732.24,0.516244642,0.5,6621,37,0.1468,33.5,34.75,37.21,0,0,0.07,0,0,20,0.5,0.102,5.5,0,0,0.1,0.1,0.1,0.1,0.1,0.1,0.5,0,13940,0.056671449,0.018507891,0,0,0,0,0,0,0,0,0,0,5,1.327323829
52792.29,0.510241626,0.5,6621,37,0.1923,33.4375,34.75,37.09,0,0,0.07,0,0,20,0.5,0.102,5.5,0,0,0.1,0.1,0.1,0.1,0.1,0.1,0.5,0,14500,0.056068966,0.018275862,0,0,0,0,0,0,0,0,0,0,5,1.225868514
52852.35,0.531705286,0.5,6621,37,0.1366,33.375,34.75,37.13,0,0,0,0,0,20,0.5,0.102,5.5,0,0,0.1,0.1,0.1,0.1,0.1,0.1,0.5,0,14198,0.056909424,0.018735033,0,0,0,0,0,0,0,0,0,0,5,1.288189999
52912.42,0.545458993,0.5,6621,37,0.1833,33.3125,34.625,37.27,0,0,0,0,0,20,0.5,0.102,5.5,0,0,0.1,0.1,0.1,0.1,0.1,0.1,0.5,0,14520,0.056473829,0.018595041,0,0,0,0,0,0,0,0,0,0,5,1.300395303
52972.49,0.542865614,0.5,6621,37,0.1612,33.3125,34.5625,37.03,0,0.02,0.15,0,0,20,0.5,0.102,5.5,0,0,0.1,0.1,0.1,0.1,0.1,0.1,0.5,0,15390,0.054905783,0.018193632,0,0,0,0,0,0,0,0,0,0,0.44,1.300395303
53032.54,0.517800526,0.5,6621,37,0.469175,33.125,34.5625,36.47,0,0.02,0.15,0,0,20,0.5,0.102,5.5,0,0,0.1,0.1,0.1,0.1,0.1,0.1,0.5,0,13865,0.056905878,0.018968626,0,0,0,0,0,0,0,0,0,0,0.44,1.300395303
53092.58,0.430234304,0.5,6621,37,0.633975,33.0625,34.5625,35.85,0,0,0.07,0,0,20,0.5,0.102,5.5,0,0,0.1,0.1,0.1,0.1,0.1,0.1,0.5,0,13450,0.055241636,0.018289963,0,0,0,0,0,0,0,0,0,0,0.44,1.300395303
53152.66,0.439161682,0.5,6621,37,0.40985,33.25,34.5,36.53,0,0,0.25,0,0,20,0.5,0.102,5.5,0,0,0.1,0.1,0.1,0.1,0.1,0.1,0.5,0,13435,0.055154447,0.018384816,0,0,0,0,0,0,0,0,0,0,5,1.300395303
53212.7,0.449685582,0.5,6621,37,0.2155,33.4375,34.5,37.43,0,0,0.07,0,0,20,0.5,0.102,5.5,0,0,0.1,0.1,0.1,0.1,0.1,0.1,0.5,0,13612,0.054804584,0.018439612,0,0,0,0,0,0,0,0,0,0,5,1.300395303
53272.74,0.467032952,0.5,6621,37,0.1252,33.5625,34.5,37.61,0,0,0.07,0,0,20,0.5,0.102,5.5,0,0,0.1,0.1,0.1,0.1,0.1,0.1,0.5,0,13985,0.054272435,0.018305327,0,0,0,0,0,0,0,0,0,0,5,1.300395303
53332.79,0.480091183,0.5,6621,37,0.1284,33.625,34.5625,37.61,0,0,0.07,0,0,20,0.5,0.102,5.5,0,0,0.1,0.1,0.1,0.1,0.1,0.1,0.5,0,14013,0.055163063,0.01826875,0,0,0,0,0,0,0,0,0,0,5,1.300395303
53392.86,0.492804502,0.5,6621,37,0.1376,33.5625,34.5625,37.19,0,0,0.07,0,0,20,0.5,0.102,5.5,0,0,0.1,0.1,0.1,0.1,0.1,0.1,0.5,0,13299,0.057447928,0.018948793,0,0,0,0,0,0,0,0,0,0,5,1.300395303
53452.93,0.498925488,0.5,6621,37,0.18305,33.5625,34.5625,37.19,0,0,0.25,0,0,20,0.5,0.102,5.5,0,0,0.1,0.1,0.1,0.1,0.1,0.1,0.5,0,14360,0.055571031,0.01810585,0,0,0,0,0,0,0,0,0,0,5,1.300395303
53512.96,0.492451134,0.5,6621,37,0.1855,33.4375,34.5625,37.19,0,0,0.07,0,0,20,0.5,0.102,5.5,0,0,0.1,0.1,0.1,0.1,0.1,0.1,0.5,0,14380,0.055841446,0.018636996,0,0,0,0,0,0,0,0,0,0,5,1.19619096
53573.03,0.519707015,0.5,6621,37,0.1329,33.4375,34.5625,37.29,0,0,0.07,0,0,20,0.5,0.102,5.5,0,0,0.1,0.1,0.1,0.1,0.1,0.1,0.5,0,14367,0.055891975,0.018236236,0,0,0,0,0,0,0,0,0,0,5,1.297991365
53633.08,0.524454863,0.5,6621,37,0.1572,33.375,34.625,37.11,0,0,0.07,0,0,20,0.5,0.102,5.5,0,0,0.1,0.1,0.1,0.1,0.1,0.1,0.5,0,14147,0.057114583,0.018590514,0,0,0,0,0,0,0,0,0,0,5,1.260374237
53693.15,0.531605747,0.5,6621,37,0.1639,33.375,34.6875,36.87,0,0,0,0,0,20,0.5,0.102,5.5,0,0,0.1,0.1,0.1,0.1,0.1,0.1,0.5,0,13717,0.059123715,0.019027484,0,0,0,0,0,0,0,0,0,0,5,1.237983836
53753.23,0.533171745,0.5,6621,37,0.14,33.375,34.6875,37.13,0,0,0,0,0,20,0.5,0.102,5.5,0,0,0.1,0.1,0.1,0.1,0.1,0.1,0.5,0,14882,0.056040855,0.018344309,0,0,0,0,0,0,0,0,0,0,5,1.184909015
53813.3,0.558307532,0.5,6621,37,0.1296,33.25,34.625,37.05,0,0,0,0,0,20,0.5,0.102,5.5,0,0,0.1,0.1,0.1,0.1,0.1,0.1,0.5,0,14078,0.058886205,0.019178861,0,0,0,0,0,0,0,0,0,0,5,1.26386261
53873.38,0.568696408,0.5,6621,37,0.1666,33.25,34.625,37.11,0,0.02,0.15,0,0,20,0.5,0.102,5.5,0,0,0.1,0.1,0.1,0.1,0.1,0.1,0.5,0,15570,0.055748234,0.018625562,0,0,0,0,0,0,0,0,0,0,0.44,1.26386261
53933.42,0.4895662,0.5,6621,37,0.58835,33,34.5625,35.93,0,0.019583801,0.148335205,0,0,20,0.5,0.102,5.5,0,0,0.1,0.1,0.1,0.1,0.1,0.1,0.5,0,13964,0.056788886,0.018547694,0,0,0,0,0,0,0,0,0,0,0.44,1.26386261
53993.49,0.43858475,0.5,6621,37,0.66290184,32.9375,34.5625,35.81,0,0,0.07,0,0,20,0.5,0.102,5.5,0,0,0.1,0.1,0.1,0.1,0.1,0.1,0.5,0,14191,0.05355507,0.01811007,0,0,0,0,0,0,0,0,0,0,5,1.26386261
54053.55,0.447641186,0.5,6621,37,0.37265,33.1875,34.5625,36.71,0,0,0.25,0,0,20,0.5,0.102,5.5,0,0,0.1,0.1,0.1,0.1,0.1,0.1,0.5,0,13793,0.054592909,0.018052635,0,0,0,0,0,0,0,0,0,0,5,1.26386261
54113.58,0.461305621,0.5,6621,37,0.2074,33.4375,34.5,37.17,0,0,0.07,0,0,20,0.5,0.102,5.5,0,0,0.1,0.1,0.1,0.1,0.1,0.1,0.5,0,13375,0.055700935,0.018542056,0,0,0,0,0,0,0,0,0,0,5,1.26386261
54173.63,0.457956944,0.5,6621,37,0.1577,33.5625,34.5,37.53,0,0,0.07,0,0,20,0.5,0.102,5.5,0,0,0.1,0.1,0.1,0.1,0.1,0.1,0.5,0,13572,0.055702918,0.018493958,0,0,0,0,0,0,0,0,0,0,5,1.26386261
54233.67,0.482747938,0.5,6621,37,0.1106,33.5625,34.5,37.51,0,0,0.07,0,0,20,0.5,0.102,5.5,0,0,0.1,0.1,0.1,0.1,0.1,0.1,0.5,0,13929,0.05528035,0.018091751,0,0,0,0,0,0,0,0,0,0,5,1.26386261
54293.73,0.477124365,0.5,6621,37,0.1277,33.5625,34.5,37.29,0,0,0.07,0,0,20,0.5,0.102,5.5,0,0,0.1,0.1,0.1,0.1,0.1,0.1,0.5,0,14237,0.054927302,0.018332514,0,0,0,0,0,0,0,0,0,0,5,1.26386261
54353.8,0.489400412,0.5,6621,37,0.21115,33.5625,34.5625,37.11,0,0,0.25,0,0,20,0.5,0.102,5.5,0,0,0.1,0.1,0.1,0.1,0.1,0.1,0.5,0,13425,0.05735568,0.018919926,0,0,0,0,0,0,0,0,0,0,5,1.276880919
54413.84,0.499697672,0.5,6621,37,0.1459,33.5,34.5625,37.17,0,0,0.07,0,0,20,0.5,0.102,5.5,0,0,0.1,0.1,0.1,0.1,0.1,0.1,0.5,0,13963,0.056936188,0.018907112,0,0,0,0,0,0,0,0,0,0,5,1.275503672
54473.91,0.506470648,0.5,6621,37,0.1363,33.4375,34.6875,37.29,0,0,0.07,0,0,20,0.5,0.102,5.5,0,0,0.1,0.1,0.1,0.1,0.1,0.1,0.5,0,14191,0.05658516,0.018532873,0,0,0,0,0,0,0,0,0,0,5,1.252117822
54533.98,0.535956085,0.5,6621,37,0.1123,33.4375,34.6875,37.11,0,0,0.07,0,0,20,0.5,0.102,5.5,0,0,0.1,0.1,0.1,0.1,0.1,0.1,0.5,0,14505,0.056463289,0.018683213,0,0,0,0,0,0,0,0,0,0,5,1.359269501
54594.05,0.542261348,0.5,6621,37,0.1416,33.4375,34.6875,37.17,0,0,0,0,0,20,0.5,0.102,5.5,0,0,0.1,0.1,0.1,0.1,0.1,0.1,0.5,0,14488,0.057150745,0.018912203,0,0,0,0,0,0,0,0,0,0,5,1.326393577
54654.12,0.536040624,0.5,6621,37,0.2004,33.375,34.6875,37.05,0,0,0,0,0,20,0.5,0.102,5.5,0,0,0.1,0.1,0.1,0.1,0.1,0.1,0.5,0,14874,0.05674331,0.018690332,0,0,0,0,0,0,0,0,0,0,5,1.225459515
54714.17,0.544565931,0.5,6621,37,0.2127,33.3125,34.625,36.93,0,0,0,0,0,20,0.5,0.102,5.5,0,0,0.1,0.1,0.1,0.1,0.1,0.1,0.5,0,14508,0.057692308,0.018748277,0,0,0,0,0,0,0,0,0,0,5,1.211523751
54774.25,0.570167639,0.5,6621,37,0.1506,33.3125,34.625,37.11,0,0.02,0.15,0,0,20,0.5,0.102,5.5,0,0,0.1,0.1,0.1,0.1,0.1,0.1,0.5,0,15080,0.056697613,0.018766578,0,0,0,0,0,0,0,0,0,0,0.44,1.211523751
54834.29,0.50199288,0.5,6621,37,0.58575,33.125,34.5625,35.97,0,0.02,0.15,0,0,20,0.5,0.102,5.5,0,0,0.1,0.1,0.1,0.1,0.1,0.1,0.5,0,14082,0.0567391,0.018463286,0,0,0,0,0,0,0,0,0,0,0.44,1.211523751
54894.32,0.438653381,0.5,6621,37,0.657725,33.0625,34.5625,35.93,0,0.000427779,0.071711116,0,0,20,0.5,0.102,5.5,0,0,0.1,0.1,0.1,0.1,0.1,0.1,0.5,0,13094,0.055903467,0.018558118,0,0,0,0,0,0,0,0,0,0,0.44,1.211523751
54954.39,0.434166107,0.5,6621,37,0.3041,33.25,34.5625,36.89,0,0,0.25,0,0,20,0.5,0.102,5.5,0,0,0.1,0.1,0.1,0.1,0.1,0.1,0.5,0,13285,0.055476101,0.018216033,0,0,0,0,0,0,0,0,0,0,5,1.211523751
55014.45,0.433671953,0.5,6621,37,0.16795,33.5,34.5,37.41,0,0,0.07,0,0,20,0.5,0.102,5.5,0,0,0.1,0.1,0.1,0.1,0.1,0.1,0.5,0,12849,0.056502452,0.018911978,0,0,0,0,0,0,0,0,0,0,5,1.211523751
55074.51,0.439792212,0.5,6621,37,0.13005,33.625,34.5625,37.35,0,0,0.07,0,0,20,0.5,0.102,5.5,0,0,0.1,0.1,0.1,0.1,0.1,0.1,0.5,0,12954,0.056662035,0.018835881,0,0,0,0,0,0,0,0,0,0,5,1.211523751
55134.58,0.450817796,0.5,6621,37,0.13685,33.625,34.5,37.33,0,0,0.07,0,0,20,0.5,0.102,5.5,0,0,0.1,0.1,0.1,0.1,0.1,0.1,0.5,0,13738,0.055393798,0.018343281,0,0,0,0,0,0,0,0,0,0,5,1.211523751
55194.62,0.466679037,0.5,6621,37,0.14605,33.5625,34.5,37.37,0,0,0.07,0,0,20,0.5,0.102,5.5,0,0,0.1,0.1,0.1,0.1,0.1,0.1,0.5,0,13382,0.056568525,0.018532357,0,0,0,0,0,0,0,0,0,0,5,1.211523751
55254.68,0.478689243,0.5,6621,37,0.1683,33.5625,34.5625,37.21,0,0,0.25,0,0,20,0.5,0.102,5.5,0,0,0.1,0.1,0.1,0.1,0.1,0.1,0.5,0,14253,0.055286606,0.018452256,0,0,0,0,0,0,0,0,0,0,5,1.211523751
55314.75,0.503227119,0.5,6621,37,0.17575,33.5,34.625,37.17,0,0,0.07,0,0,20,0.5,0.102,5.5,0,0,0.1,0.1,0.1,0.1,0.1,0.1,0.5,0,13821,0.056508212,0.018450185,0,0,0,0,0,0,0,0,0,0,5,1.30091748
55374.81,0.502969948,0.5,6621,37,0.16915,33.5,34.6875,37.25,0,0,0.07,0,0,20,0.5,0.102,5.5,0,0,0.1,0.1,0.1,0.1,0.1,0.1,0.5,0,13181,0.058645019,0.019346028,0,0,0,0,0,0,0,0,0,0,5,1.234338085
55434.85,0.500505484,0.5,6621,37,0.20615,33.4375,34.6875,36.95,0,0,0.07,0,0,20,0.5,0.102,5.5,0,0,0.1,0.1,0.1,0.1,0.1,0.1,0.5,0,14418,0.055902344,0.018518519,0,0,0,0,0,0,0,0,0,0,5,1.157885579
55494.92,0.517145999,0.5,6621,37,0.15955,33.375,34.75,37.25,0,0,0.07,0,0,20,0.5,0.102,5.5,0,0,0.1,0.1,0.1,0.1,0.1,0.1,0.5,0,14701,0.056186654,0.01843412,0,0,0,0,0,0,0,0,0,0,5,1.198111325
55554.99,0.52244788,0.5,6621,37,0.17325,33.375,34.75,37.05,0,0,0,0,0,20,0.5,0.102,5.5,0,0,0.1,0.1,0.1,0.1,0.1,0.1,0.5,0,15240,0.055577428,0.018372703,0,0,0,0,0,0,0,0,0,0,5,1.168805751
55615.06,0.539236596,0.5,6621,37,0.21115,33.375,34.6875,37.05,0,0,0,0,0,20,0.5,0.102,5.5,0,0,0.1,0.1,0.1,0.1,0.1,0.1,0.5,0,14447,0.057866685,0.01875822,0,0,0,0,0,0,0,0,0,0,5,1.205253062
55675.11,0.548379769,0.5,6621,37,0.21995,33.25,34.6875,36.97,0,0,0,0,0,20,0.5,0.102,5.5,0,0,0.1,0.1,0.1,0.1,0.1,0.1,0.5,0,14490,0.057902001,0.019047619,0,0,0,0,0,0,0,0,0,0,5,1.195431296
55735.18,0.565188322,0.5,6621,37,0.18905,33.25,34.625,36.97,0,0.02,0.15,0,0,20,0.5,0.102,5.5,0,0,0.1,0.1,0.1,0.1,0.1,0.1,0.5,0,14518,0.058479129,0.018942003,0,0,0,0,0,0,0,0,0,0,0.44,1.195431296
55795.23,0.498503139,0.5,6621,37,0.522,33.0625,34.5625,36.21,0,0.02,0.15,0,0,20,0.5,0.102,5.5,0,0,0.1,0.1,0.1,0.1,0.1,0.1,0.5,0,13641,0.058353493,0.019133495,0,0,0,0,0,0,0,0,0,0,0.44,1.195431296
55855.29,0.432310488,0.5,6621,37,0.52885,33,34.5625,35.91,0,0,0.25,0,0,20,0.5,0.102,5.5,0,0,0.1,0.1,0.1,0.1,0.1,0.1,0.5,0,12925,0.057330754,0.018878143,0,0,0,0,0,0,0,0,0,0,5,1.195431296
55915.33,0.434527475,0.5,6621,37,0.2749,33.3125,34.5625,36.89,0,0,0.07,0,0,20,0.5,0.102,5.5,0,0,0.1,0.1,0.1,0.1,0.1,0.1,0.5,0,13201,0.056283615,0.018483448,0,0,0,0,0,0,0,0,0,0,5,1.195431296
55975.37,0.448204687,0.5,6621,37,0.0982,33.4375,34.5,37.33,0,0,0.07,0,0,20,0.5,0.102,5.5,0,0,0.1,0.1,0.1,0.1,0.1,0.1,0.5,0,13345,0.056275759,0.01843387,0,0,0,0,0,0,0,0,0,0,5,1.195431296
56035.42,0.459895148,0.5,6621,37,0.1327,33.5,34.5,37.41,0,0,0.07,0,0,20,0.5,0.102,5.5,0,0,0.1,0.1,0.1,0.1,0.1,0.1,0.5,0,13583,0.056541265,0.018699845,0,0,0,0,0,0,0,0,0,0,5,1.195431296
56095.46,0.48252049,0.5,6621,37,0.1422,33.5625,34.5625,37.27,0,0,0.07,0,0,20,0.5,0.102,5.5,0,0,0.1,0.1,0.1,0.1,0.1,0.1,0.5,0,14059,0.055338218,0.018280105,0,0,0,0,0,0,0,0,0,0,5,1.195431296
56155.51,0.475100985,0.5,6621,37,0.16415,33.5,34.5625,37.19,0,0,0.25,0,0,20,0.5,0.102,5.5,0,0,0.1,0.1,0.1,0.1,0.1,0.1,0.5,0,13704,0.056771745,0.018680677,0,0,0,0,0,0,0,0,0,0,5,1.195431296
56215.55,0.489917954,0.5,6621,37,0.1454,33.4375,34.625,37.11,0,0,0.07,0,0,20,0.5,0.102,5.5,0,0,0.1,0.1,0.1,0.1,0.1,0.1,0.5,0,13962,0.056725398,0.018693597,0,0,0,0,0,0,0,0,0,0,5,1.227791395
56275.59,0.493614972,0.5,6621,37,0.1909,33.375,34.625,37.05,0,0,0.07,0,0,20,0.5,0.102,5.5,0,0,0.1,0.1,0.1,0.1,0.1,0.1,0.5,0,14381,0.056254781,0.0186357,0,0,0,0,0,0,0,0,0,0,5,1.18895543
56335.64,0.511973798,0.5,6621,37,0.1926,33.375,34.625,37.21,0,0,0.07,0,0,20,0.5,0.102,5.5,0,0,0.1,0.1,0.1,0.1,0.1,0.1,0.5,0,13825,0.05801085,0.018878843,0,0,0,0,0,0,0,0,0,0,5,1.239060593
56395.68,0.524586057,0.5,6621,37,0.1449,33.4375,34.6875,37.11,0,0,0.07,0,0,20,0.5,0.102,5.5,0,0,0.1,0.1,0.1,0.1,0.1,0.1,0.5,0,14572,0.056821301,0.018665935,0,0,0,0,0,0,0,0,0,0,5,1.250115685
56455.73,0.536488564,0.5,6621,37,0.1681,33.375,34.6875,37.13,0,0,0,0,0,20,0.5,0.102,5.5,0,0,0.1,0.1,0.1,0.1,0.1,0.1,0.5,0,14594,0.057352337,0.018569275,0,0,0,0,0,0,0,0,0,0,5,1.25491717
56515.8,0.538531703,0.5,6621,37,0.1583,33.375,34.8125,37.05,0,0,0,0,0,20,0.5,0.102,5.5,0,0,0.1,0.1,0.1,0.1,0.1,0.1,0.5,0,14416,0.057991121,0.018659822,0,0,0,0,0,0,0,0,0,0,5,1.203574677
56575.85,0.574557937,0.5,6621,37,0.1612,33.3125,34.75,37.01,0,0,0,0,0,20,0.5,0.102,5.5,0,0,0.1,0.1,0.1,0.1,0.1,0.1,0.5,0,15250,0.056393443,0.018622951,0,0,0,0,0,0,0,0,0,0,5,1.337659663
56635.9,0.548239759,0.5,6621,37,0.2083,33.3125,34.75,37.01,0,0.02,0.15,0,0,20,0.5,0.102,5.5,0,0,0.1,0.1,0.1,0.1,0.1,0.1,0.5,0,14710,0.058395649,0.018966689,0,0,0,0,0,0,0,0,0,0,0.44,1.337659663
56695.97,0.497368637,0.5,6621,37,0.456,33.125,34.6875,36.47,0,0.018540853,0.144163413,0,0,20,0.5,0.102,5.5,0,0,0.1,0.1,0.1,0.1,0.1,0.1,0.5,0,14413,0.057448137,0.018524943,0,0,0,0,0,0,0,0,0,0,0.44,1.337659663
56756.06,0.466272381,0.5,6621,37,0.799893807,33.125,34.6875,35.01,0,0.017666738,0.25,0,0,20,0.5,0.102,5.5,0,0,0.1,0.1,0.1,0.1,0.1,0.1,0.5,0,13282,0.057220298,0.018822466,0,0,0,0,0,0,0,0,0,0,0.44,1.337659663
56816.12,0.397605842,0.5,6621,37,0.666327273,33.0625,34.625,35.81,0,0,0.07,0,0,20,0.5,0.102,5.5,0,0,0.1,0.1,0.1,0.1,0.1,0.1,0.5,0,12310,0.057189277,0.018846466,0,0,0,0,0,0,0,0,0,0,5,1.337659663
56876.19,0.402565879,0.5,6621,37,0.3517,33.375,34.625,36.73,0,0,0.07,0,0,20,0.5,0.102,5.5,0,0,0.1,0.1,0.1,0.1,0.1,0.1,0.5,0,12491,0.056760868,0.018893603,0,0,0,0,0,0,0,0,0,0,5,1.337659663
56936.26,0.414747298,0.5,6621,37,0.1892,33.625,34.625,37.25,0,0,0.07,0,0,20,0.5,0.102,5.5,0,0,0.1,0.1,0.1,0.1,0.1,0.1,0.5,0,12926,0.055469596,0.018103048,0,0,0,0,0,0,0,0,0,0,5,1.337659663
56996.31,0.425022601,0.5,6621,37,0.1898,33.75,34.6875,37.59,0,0,0.07,0,0,20,0.5,0.102,5.5,0,0,0.1,0.1,0.1,0.1,0.1,0.1,0.5,0,13058,0.055521519,0.018456119,0,0,0,0,0,0,0,0,0,0,5,1.337659663
57056.35,0.433963219,0.5,6621,37,0.17005,33.75,34.6875,37.41,0,0,0.25,0,0,20,0.5,0.102,5.5,0,0,0.1,0.1,0.1,0.1,0.1,0.1,0.5,0,12817,0.056409456,0.018803152,0,0,0,0,0,0,0,0,0,0,5,1.337659663
57116.39,0.443028928,0.5,6621,37,0.1162,33.6875,34.625,37.37,0,0,0.07,0,0,20,0.5,0.102,5.5,0,0,0.1,0.1,0.1,0.1,0.1,0.1,0.5,0,13054,0.056840815,0.018614984,0,0,0,0,0,0,0,0,0,0,5,1.337659663
57176.44,0.444863614,0.5,6621,37,0.1185,33.6875,34.5625,37.27,0,0,0.07,0,0,20,0.5,0.102,5.5,0,0,0.1,0.1,0.1,0.1,0.1,0.1,0.5,0,13070,0.057383321,0.01889824,0,0,0,0,0,0,0,0,0,0,5,1.283174722
57236.48,0.467888215,0.5,6621,37,0.1745,33.5625,34.5,37.05,0,0,0.07,0,0,20,0.5,0.102,5.5,0,0,0.1,0.1,0.1,0.1,0.1,0.1,0.5,0,13467,0.056434247,0.018712408,0,0,0,0,0,0,0,0,0,0,5,1.370400972
57296.53,0.470644761,0.5,6621,37,0.1593,33.4375,34.5,37.21,0,0,0.07,0,0,20,0.5,0.102,5.5,0,0,0.1,0.1,0.1,0.1,0.1,0.1,0.5,0,13559,0.0568626,0.018437938,0,0,0,0,0,0,0,0,0,0,5,1.319503446
57356.59,0.487016532,0.5,6621,37,0.22875,33.375,34.5625,36.97,0,0,0.25,0,0,20,0.5,0.102,5.5,0,0,0.1,0.1,0.1,0.1,0.1,0.1,0.5,0,14048,0.056164579,0.018436788,0,0,0,0,0,0,0,0,0,0,5,1.356111723
57416.65,0.474911139,0.5,6621,37,0.1656,33.3125,34.5625,37.19,0,0,0,0,0,20,0.5,0.102,5.5,0,0,0.1,0.1,0.1,0.1,0.1,0.1,0.5,0,13649,0.057293575,0.018902484,0,0,0,0,0,0,0,0,0,0,5,1.212795064
57476.7,0.497994648,0.5,6621,37,0.1499,33.3125,34.5625,37.13,0,0,0,0,0,20,0.5,0.102,5.5,0,0,0.1,0.1,0.1,0.1,0.1,0.1,0.5,0,14279,0.056306464,0.018698788,0,0,0,0,0,0,0,0,0,0,5,1.294540165
57536.77,0.508249341,0.5,6621,37,0.1524,33.3125,34.6875,37.17,0,0,0,0,0,20,0.5,0.102,5.5,0,0,0.1,0.1,0.1,0.1,0.1,0.1,0.5,0,13949,0.05778192,0.018926088,0,0,0,0,0,0,0,0,0,0,5,1.290961635
57596.82,0.506156935,0.5,6621,37,0.1473,33.25,34.6875,37.17,0,0,0,0,0,20,0.5,0.102,5.5,0,0,0.1,0.1,0.1,0.1,0.1,0.1,0.5,0,14908,0.05587604,0.01851355,0,0,0,0,0,0,0,0,0,0,5,1.214037398
57656.89,0.521377197,0.5,6621,37,0.1469,33.25,34.75,36.93,0,0,0,0,0,20,0.5,0.102,5.5,0,0,0.1,0.1,0.1,0.1,0.1,0.1,0.5,0,14335,0.0583188,0.01876526,0,0,0,0,0,0,0,0,0,0,5,1.242216515
57716.93,0.53744207,0.5,6621,37,0.186,33.25,34.75,36.89,0,0,0,0,0,20,0.5,0.102,5.5,0,0,0.1,0.1,0.1,0.1,0.1,0.1,0.5,0,14103,0.058710913,0.019144863,0,0,0,0,0,0,0,0,0,0,5,1.271147323
57776.98,0.54270148,0.5,6621,37,0.1415,33.25,34.8125,36.97,0,0,0,0,0,20,0.5,0.102,5.5,0,0,0.1,0.1,0.1,0.1,0.1,0.1,0.5,0,14518,0.058134729,0.018942003,0,0,0,0,0,0,0,0,0,0,5,1.236805253
57837.03,0.56059909,0.5,6621,37,0.2268,33.1875,34.6875,36.89,0,0.02,0.15,0,0,20,0.5,0.102,5.5,0,0,0.1,0.1,0.1,0.1,0.1,0.1,0.5,0,14748,0.058855438,0.019121237,0,0,0,0,0,0,0,0,0,0,0.44,1.236805253
57897.07,0.482479413,0.5,6621,37,0.596625,33,34.5625,35.83,0,0.017856432,0.141425729,0,0,20,0.5,0.102,5.5,0,0,0.1,0.1,0.1,0.1,0.1,0.1,0.5,0,13385,0.059170713,0.019424729,0,0,0,0,0,0,0,0,0,0,0.44,1.236805253
57957.13,0.432003636,0.5,6621,37,0.43975,32.9375,34.5625,36.39,0,0,0.25,0,0,20,0.5,0.102,5.5,0,0,0.1,0.1,0.1,0.1,0.1,0.1,0.5,0,12924,0.057257815,0.019034355,0,0,0,0,0,0,0,0,0,0,5,1.236805253
58017.2,0.433079661,0.5,6621,37,0.3429,33.125,34.5625,36.69,0,0,0.07,0,0,20,0.5,0.102,5.5,0,0,0.1,0.1,0.1,0.1,0.1,0.1,0.5,0,13250,0.056528302,0.018716981,0,0,0,0,0,0,0,0,0,0,5,1.236805253
58077.24,0.444657779,0.5,6621,37,0.2119,33.3125,34.5,37.13,0,0,0.07,0,0,20,0.5,0.102,5.5,0,0,0.1,0.1,0.1,0.1,0.1,0.1,0.5,0,12957,0.057806591,0.018677163,0,0,0,0,0,0,0,0,0,0,5,1.236805253
58137.29,0.448362297,0.5,6621,37,0.1413,33.5,34.5,37.49,0,0,0.07,0,0,20,0.5,0.102,5.5,0,0,0.1,0.1,0.1,0.1,0.1,0.1,0.5,0,13478,0.056981748,0.018771331,0,0,0,0,0,0,0,0,0,0,5,1.236805253
58197.33,0.477028593,0.5,6621,37,0.1281,33.4375,34.5,37.27,0,0,0.07,0,0,20,0.5,0.102,5.5,0,0,0.1,0.1,0.1,0.1,0.1,0.1,0.5,0,13952,0.055977638,0.018563647,0,0,0,0,0,0,0,0,0,0,5,1.236805253
58257.37,0.485233075,0.5,6621,37,0.18885,33.4375,34.5,37.21,0,0,0.25,0,0,20,0.5,0.102,5.5,0,0,0.1,0.1,0.1,0.1,0.1,0.1,0.5,0,13568,0.05756191,0.018794222,0,0,0,0,0,0,0,0,0,0,5,1.236805253
58317.43,0.485667803,0.5,6621,37,0.1857,33.4375,34.5,37.25,0,0,0.07,0,0,20,0.5,0.102,5.5,0,0,0.1,0.1,0.1,0.1,0.1,0.1,0.5,0,13568,0.057635613,0.01901533,0,0,0,0,0,0,0,0,0,0,5,1.177651534
58377.48,0.503354656,0.5,6621,37,0.1782,33.375,34.5,37.29,0,0,0.07,0,0,20,0.5,0.102,5.5,0,0,0.1,0.1,0.1,0.1,0.1,0.1,0.5,0,13854,0.057311968,0.018911506,0,0,0,0,0,0,0,0,0,0,5,1.226079396
58437.55,0.498380699,0.5,6621,37,0.1513,33.375,34.5625,37.09,0,0,0.07,0,0,20,0.5,0.102,5.5,0,0,0.1,0.1,0.1,0.1,0.1,0.1,0.5,0,13966,0.05756838,0.018974653,0,0,0,0,0,0,0,0,0,0,5,1.134983137
58497.59,0.520533324,0.5,6621,37,0.1214,33.375,34.625,37.11,0,0,0.07,0,0,20,0.5,0.102,5.5,0,0,0.1,0.1,0.1,0.1,0.1,0.1,0.5,0,14178,0.05804768,0.018973057,0,0,0,0,0,0,0,0,0,0,5,1.208702985
58557.67,0.514376753,0.5,6621,37,0.1604,33.375,34.6875,37.13,0,0,0,0,0,20,0.5,0.102,5.5,0,0,0.1,0.1,0.1,0.1,0.1,0.1,0.5,0,13944,0.058950086,0.018932874,0,0,0,0,0,0,0,0,0,0,5,1.112574048
58617.75,0.539801791,0.5,6621,37,0.1768,33.375,34.75,37.05,0,0,0,0,0,20,0.5,0.102,5.5,0,0,0.1,0.1,0.1,0.1,0.1,0.1,0.5,0,14837,0.057289209,0.018602143,0,0,0,0,0,0,0,0,0,0,5,1.201683461
58677.82,0.536935521,0.5,6621,37,0.1803,33.3125,34.6875,36.97,0,0,0,0,0,20,0.5,0.102,5.5,0,0,0.1,0.1,0.1,0.1,0.1,0.1,0.5,0,14654,0.05800464,0.019107411,0,0,0,0,0,0,0,0,0,0,5,1.125627279
58737.9,0.553017289,0.5,6621,37,0.1758,33.25,34.625,37.11,0,0,0,0,0,20,0.5,0.102,5.5,0,0,0.1,0.1,0.1,0.1,0.1,0.1,0.5,0,14899,0.058258944,0.018994563,0,0,0,0,0,0,0,0,0,0,5,1.157879668
58797.98,0.566337695,0.5,6621,37,0.1684,33.25,34.625,37.03,0,0.02,0.15,0,0,20,0.5,0.102,5.5,0,0,0.1,0.1,0.1,0.1,0.1,0.1,0.5,0,14724,0.059087205,0.019288237,0,0,0,0,0,0,0,0,0,0,0.44,1.157879668
58858.03,0.494341667,0.5,6621,37,0.728956346,33,34.5625,35.27,0,0.019961185,0.25,0,0,20,0.5,0.102,5.5,0,0,0.1,0.1,0.1,0.1,0.1,0.1,0.5,0,14141,0.057704547,0.018951984,0,0,0,0,0,0,0,0,0,0,0.44,1.157879668
58918.06,0.43636608,0.5,6621,37,0.694679175,32.9375,34.5,35.55,0,0,0.07,0,0,20,0.5,0.102,5.5,0,0,0.1,0.1,0.1,0.1,0.1,0.1,0.5,0,13449,0.056286713,0.018663098,0,0,0,0,0,0,0,0,0,0,5,1.157879668
58978.1,0.444972504,0.5,6621,37,0.3578,33.125,34.4375,36.61,0,0,0.07,0,0,20,0.5,0.102,5.5,0,0,0.1,0.1,0.1,0.1,0.1,0.1,0.5,0,12832,0.057746259,0.018859102,0,0,0,0,0,0,0,0,0,0,5,1.157879668
59038.16,0.447989544,0.5,6621,37,0.2274,33.375,34.4375,37.27,0,0,0.07,0,0,20,0.5,0.102,5.5,0,0,0.1,0.1,0.1,0.1,0.1,0.1,0.5,0,13857,0.055711915,0.018113589,0,0,0,0,0,0,0,0,0,0,5,1.157879668
59098.21,0.467171483,0.5,6621,37,0.1577,33.5,34.5,37.29,0,0,0.07,0,0,20,0.5,0.102,5.5,0,0,0.1,0.1,0.1,0.1,0.1,0.1,0.5,0,13223,0.057324359,0.018982077,0,0,0,0,0,0,0,0,0,0,5,1.157879668
59158.26,0.476583677,0.5,6621,37,0.13685,33.5,34.4375,37.49,0,0,0.25,0,0,20,0.5,0.102,5.5,0,0,0.1,0.1,0.1,0.1,0.1,0.1,0.5,0,13706,0.056763461,0.018823873,0,0,0,0,0,0,0,0,0,0,5,1.157879668
59218.31,0.481474013,0.5,6621,37,0.1666,33.5,34.4375,37.33,0,0,0.07,0,0,20,0.5,0.102,5.5,0,0,0.1,0.1,0.1,0.1,0.1,0.1,0.5,0,13214,0.058649917,0.019222037,0,0,0,0,0,0,0,0,0,0,5,1.157879668
59278.38,0.493203452,0.5,6621,37,0.1605,33.4375,34.5625,37.35,0,0,0.07,0,0,20,0.5,0.102,5.5,0,0,0.1,0.1,0.1,0.1,0.1,0.1,0.5,0,13779,0.057478772,0.018869294,0,0,0,0,0,0,0,0,0,0,5,1.172194222
59338.45,0.497280319,0.5,6621,37,0.1724,33.4375,34.5625,37.43,0,0,0.07,0,0,20,0.5,0.102,5.5,0,0,0.1,0.1,0.1,0.1,0.1,0.1,0.5,0,13740,0.058442504,0.019141194,0,0,0,0,0,0,0,0,0,0,5,1.138280867
59398.51,0.516409148,0.5,6621,37,0.1649,33.4375,34.625,37.43,0,0,0.07,0,0,20,0.5,0.102,5.5,0,0,0.1,0.1,0.1,0.1,0.1,0.1,0.5,0,14514,0.056772771,0.018740526,0,0,0,0,0,0,0,0,0,0,5,1.194603274
59458.59,0.523381165,0.5,6621,37,0.23225,33.4375,34.6875,36.95,0,0,0.25,0,0,20,0.5,0.102,5.5,0,0,0.1,0.1,0.1,0.1,0.1,0.1,0.5,0,14075,0.058685613,0.019111901,0,0,0,0,0,0,0,0,0,0,5,1.175104999
59518.63,0.526482308,0.5,6621,37,0.1429,33.375,34.6875,36.95,0,0,0,0,0,20,0.5,0.102,5.5,0,0,0.1,0.1,0.1,0.1,0.1,0.1,0.5,0,15203,0.055646912,0.018417418,0,0,0,0,0,0,0,0,0,0,5,1.134072924
59578.71,0.547603501,0.5,6621,37,0.1631,33.375,34.75,37.29,0,0,0,0,0,20,0.5,0.102,5.5,0,0,0.1,0.1,0.1,0.1,0.1,0.1,0.5,0,14536,0.057925151,0.019056136,0,0,0,0,0,0,0,0,0,0,5,1.195370552
59638.79,0.564110749,0.5,6621,37,0.173,33.375,34.75,37.03,0,0.02,0.15,0,0,20,0.5,0.102,5.5,0,0,0.1,0.1,0.1,0.1,0.1,0.1,0.5,0,14443,0.059198228,0.018971128,0,0,0,0,0,0,0,0,0,0,0.44,1.195370552
59698.84,0.511043224,0.5,6621,37,0.4963,33.1875,34.75,36.17,0,0.02,0.15,0,0,20,0.5,0.102,5.5,0,0,0.1,0.1,0.1,0.1,0.1,0.1,0.5,0,14221,0.05745025,0.018915688,0,0,0,0,0,0,0,0,0,0,0.44,1.195370552
59758.92,0.441155779,0.5,6621,37,0.6198,33,34.6875,35.63,0,0.00087489,0.25,0,0,20,0.5,0.102,5.5,0,0,0.1,0.1,0.1,0.1,0.1,0.1,0.5,0,13243,0.057162274,0.018802386,0,0,0,0,0,0,0,0,0,0,0.44,1.195370552
59818.97,0.437003429,0.5,6621,37,0.39630494,33.1875,34.625,36.77,0,0,0.07,0,0,20,0.5,0.102,5.5,0,0,0.1,0.1,0.1,0.1,0.1,0.1,0.5,0,12892,0.057399938,0.019004034,0,0,0,0,0,0,0,0,0,0,5,1.195370552
59879.04,0.455837901,0.5,6621,37,0.26,33.4375,34.625,37.25,0,0,0.07,0,0,20,0.5,0.102,5.5,0,0,0.1,0.1,0.1,0.1,0.1,0.1,0.5,0,13739,0.055899265,0.018414732,0,0,0,0,0,0,0,0,0,0,5,1.195370552
59939.09,0.464511166,0.5,6621,37,0.1889,33.5625,34.5625,37.63,0,0,0.07,0,0,20,0.5,0.102,5.5,0,0,0.1,0.1,0.1,0.1,0.1,0.1,0.5,0,13786,0.055998839,0.018497026,0,0,0,0,0,0,0,0,0,0,5,1.195370552
59999.14,0.469690098,0.5,6621,37,0.1371,33.625,34.5625,37.51,0,0,0.07,0,0,20,0.5,0.102,5.5,0,0,0.1,0.1,0.1,0.1,0.1,0.1,0.5,0,13676,0.0569611,0.018865165,0,0,0,0,0,0,0,0,0,0,5,1.195370552
60059.21,0.493919056,0.5,6621,37,0.1242,33.5625,34.625,37.33,0,0,0.25,0,0,20,0.5,0.102,5.5,0,0,0.1,0.1,0.1,0.1,0.1,0.1,0.5,0,13547,0.058020226,0.019118624,0,0,0,0,0,0,0,0,0,0,5,1.195370552
60119.25,0.480863154,0.5,6621,37,0.1304,33.5625,34.6875,37.41,0,0,0.07,0,0,20,0.5,0.102,5.5,0,0,0.1,0.1,0.1,0.1,0.1,0.1,0.5,0,14061,0.057179432,0.018633099,0,0,0,0,0,0,0,0,0,0,5,1.195370552
60179.29,0.489857052,0.5,6621,37,0.1791,33.5,34.6875,37.37,0,0,0.07,0,0,20,0.5,0.102,5.5,0,0,0.1,0.1,0.1,0.1,0.1,0.1,0.5,0,13692,0.058063103,0.018770085,0,0,0,0,0,0,0,0,0,0,5,1.191194702
60239.36,0.509644021,0.5,6621,37,0.1563,33.4375,34.75,37.27,0,0,0.07,0,0,20,0.5,0.102,5.5,0,0,0.1,0.1,0.1,0.1,0.1,0.1,0.5,0,14597,0.056655477,0.018428444,0,0,0,0,0,0,0,0,0,0,5,1.250431563
60299.39,0.511756142,0.5,6621,37,0.1547,33.4375,34.75,37.11,0,0,0.07,0,0,20,0.5,0.102,5.5,0,0,0.1,0.1,0.1,0.1,0.1,0.1,0.5,0,14758,0.056782762,0.018498442,0,0,0,0,0,0,0,0,0,0,5,1.200317213
60359.46,0.534486394,0.5,6621,37,0.1855,33.4375,34.8125,37.17,0,0,0.25,0,0,20,0.5,0.102,5.5,0,0,0.1,0.1,0.1,0.1,0.1,0.1,0.5,0,14443,0.057605761,0.019040366,0,0,0,0,0,0,0,0,0,0,5,1.2706755
60419.52,0.538904412,0.5,6621,37,0.1153,33.375,34.8125,36.97,0,0,0,0,0,20,0.5,0.102,5.5,0,0,0.1,0.1,0.1,0.1,0.1,0.1,0.5,0,14228,0.058968232,0.019257802,0,0,0,0,0,0,0,0,0,0,5,1.231837536
60479.57,0.558176396,0.5,6621,37,0.1758,33.375,34.8125,36.81,0,0,0,0,0,20,0.5,0.102,5.5,0,0,0.1,0.1,0.1,0.1,0.1,0.1,0.5,0,15028,0.057958478,0.018964599,0,0,0,0,0,0,0,0,0,0,5,1.275656124
60539.62,0.551020636,0.5,6621,37,0.1622,33.3125,34.8125,37.09,0,0.02,0.15,0,0,20,0.5,0.102,5.5,0,0,0.1,0.1,0.1,0.1,0.1,0.1,0.5,0,14487,0.059639677,0.019051563,0,0,0,0,0,0,0,0,0,0,0.44,1.275656124
60599.66,0.474584497,0.5,6621,37,0.601075,33.0625,34.75,35.67,0,0.015858022,0.133432089,0,0,20,0.5,0.102,5.5,0,0,0.1,0.1,0.1,0.1,0.1,0.1,0.5,0,13481,0.058897708,0.019212225,0,0,0,0,0,0,0,0,0,0,0.44,1.275656124
60659.71,0.45015539,0.5,6621,37,0.61071666,33,34.75,35.89,0,0,0.25,0,0,20,0.5,0.102,5.5,0,0,0.1,0.1,0.1,0.1,0.1,0.1,0.5,0,13424,0.056764005,0.018772348,0,0,0,0,0,0,0,0,0,0,5,1.275656124
60719.75,0.454535691,0.5,6621,37,0.3199,33.25,34.625,36.89,0,0,0.07,0,0,20,0.5,0.102,5.5,0,0,0.1,0.1,0.1,0.1,0.1,0.1,0.5,0,13159,0.057451174,0.01869443,0,0,0,0,0,0,0,0,0,0,5,1.275656124
60779.8,0.459922308,0.5,6621,37,0.2304,33.375,34.6875,37.29,0,0,0.07,0,0,20,0.5,0.102,5.5,0,0,0.1,0.1,0.1,0.1,0.1,0.1,0.5,0,13387,0.057369089,0.018749533,0,0,0,0,0,0,0,0,0,0,5,1.275656124
60839.86,0.473955592,0.5,6621,37,0.2005,33.5625,34.625,37.49,0,0,0.07,0,0,20,0.5,0.102,5.5,0,0,0.1,0.1,0.1,0.1,0.1,0.1,0.5,0,13894,0.056787102,0.018713114,0,0,0,0,0,0,0,0,0,0,5,1.275656124
60899.9,0.470583613,0.5,6621,37,0.1302,33.5625,34.5625,37.35,0,0,0.07,0,0,20,0.5,0.102,5.5,0,0,0.1,0.1,0.1,0.1,0.1,0.1,0.5,0,13757,0.057061859,0.018608708,0,0,0,0,0,0,0,0,0,0,5,1.275656124
60959.95,0.498485278,0.5,6621,37,0.1426,33.5625,34.5625,37.37,0,0,0.25,0,0,20,0.5,0.102,5.5,0,0,0.1,0.1,0.1,0.1,0.1,0.1,0.5,0,14450,0.056055363,0.018546713,0,0,0,0,0,0,0,0,0,0,5,1.275656124
61019.98,0.485435676,0.5,6621,37,0.1539,33.4375,34.625,37.43,0,0,0.07,0,0,20,0.5,0.102,5.5,0,0,0.1,0.1,0.1,0.1,0.1,0.1,0.5,0,13272,0.05952381,0.019138035,0,0,0,0,0,0,0,0,0,0,5,1.132291515
61080.05,0.507569445,0.5,6621,37,0.157,33.4375,34.625,37.27,0,0,0.07,0,0,20,0.5,0.102,5.5,0,0,0.1,0.1,0.1,0.1,0.1,0.1,0.5,0,14649,0.056795686,0.018704348,0,0,0,0,0,0,0,0,0,0,5,1.209437194
61140.1,0.516971051,0.5,6621,37,0.1277,33.4375,34.625,37.05,0,0,0.07,0,0,20,0.5,0.102,5.5,0,0,0.1,0.1,0.1,0.1,0.1,0.1,0.5,0,14692,0.056765587,0.018717669,0,0,0,0,0,0,0,0,0,0,5,1.20402535
61200.17,0.529826472,0.5,6621,37,0.1449,33.375,34.5625,37.19,0,0,0.07,0,0,20,0.5,0.102,5.5,0,0,0.1,0.1,0.1,0.1,0.1,0.1,0.5,0,14380,0.0581363,0.018706537,0,0,0,0,0,0,0,0,0,0,5,1.217512071
61260.22,0.534341065,0.5,6621,37,0.2007,33.375,34.625,37.11,0,0,0,0,0,20,0.5,0.102,5.5,0,0,0.1,0.1,0.1,0.1,0.1,0.1,0.5,0,14219,0.059075884,0.019340319,0,0,0,0,0,0,0,0,0,0,5,1.182090846
61320.28,0.535354679,0.5,6621,37,0.1818,33.3125,34.6875,37.01,0,0,0,0,0,20,0.5,0.102,5.5,0,0,0.1,0.1,0.1,0.1,0.1,0.1,0.5,0,14833,0.057978831,0.018741994,0,0,0,0,0,0,0,0,0,0,5,1.128671736
61380.34,0.546232948,0.5,6621,37,0.1646,33.375,34.75,37.17,0,0,0,0,0,20,0.5,0.102,5.5,0,0,0.1,0.1,0.1,0.1,0.1,0.1,0.5,0,13924,0.061189313,0.019678253,0,0,0,0,0,0,0,0,0,0,5,1.132586302
61440.38,0.574476766,0.5,6621,37,0.1937,33.375,34.8125,37.09,0,0.02,0.15,0,0,20,0.5,0.102,5.5,0,0,0.1,0.1,0.1,0.1,0.1,0.1,0.5,0,15345,0.05826002,0.018768328,0,0,0,0,0,0,0,0,0,0,0.44,1.132586302
61500.43,0.510056463,0.5,6621,37,0.580175,33.0625,34.75,35.97,0,0.02,0.15,0,0,20,0.5,0.102,5.5,0,0,0.1,0.1,0.1,0.1,0.1,0.1,0.5,0,14701,0.056662812,0.01843412,0,0,0,0,0,0,0,0,0,0,0.44,1.132586302
61560.47,0.440063053,0.5,6621,37,0.6001,33.0625,34.6875,35.71,0,0.000709547,0.25,0,0,20,0.5,0.102,5.5,0,0,0.1,0.1,0.1,0.1,0.1,0.1,0.5,0,12878,0.058471812,0.018947041,0,0,0,0,0,0,0,0,0,0,0.44,1.132586302
61620.52,0.442405233,0.5,6621,37,0.453120009,33.1875,34.6875,36.53,0,0,0.07,0,0,20,0.5,0.102,5.5,0,0,0.1,0.1,0.1,0.1,0.1,0.1,0.5,0,13389,0.056240197,0.018746732,0,0,0,0,0,0,0,0,0,0,5,1.132586302
61680.58,0.444952809,0.5,6621,37,0.2919,33.4375,34.625,37.17,0,0,0.07,0,0,20,0.5,0.102,5.5,0,0,0.1,0.1,0.1,0.1,0.1,0.1,0.5,0,13280,0.057003012,0.018900602,0,0,0,0,0,0,0,0,0,0,5,1.132586302
61740.62,0.450889405,0.5,6621,37,0.1643,33.625,34.625,37.35,0,0,0.07,0,0,20,0.5,0.102,5.5,0,0,0.1,0.1,0.1,0.1,0.1,0.1,0.5,0,13617,0.056106338,0.018579717,0,0,0,0,0,0,0,0,0,0,5,1.132586302
61800.67,0.473737083,0.5,6621,37,0.162,33.625,34.625,37.59,0,0,0.07,0,0,20,0.5,0.102,5.5,0,0,0.1,0.1,0.1,0.1,0.1,0.1,0.5,0,13409,0.057722425,0.018867925,0,0,0,0,0,0,0,0,0,0,5,1.132586302
61860.73,0.470168842,0.5,6621,37,0.1476,33.625,34.5625,37.33,0,0,0.25,0,0,20,0.5,0.102,5.5,0,0,0.1,0.1,0.1,0.1,0.1,0.1,0.5,0,13492,0.057663801,0.018677735,0,0,0,0,0,0,0,0,0,0,5,1.132586302
61920.78,0.4920682,0.5,6621,37,0.1132,33.5625,34.5625,37.33,0,0,0.07,0,0,20,0.5,0.102,5.5,0,0,0.1,0.1,0.1,0.1,0.1,0.1,0.5,0,13326,0.058532193,0.019135525,0,0,0,0,0,0,0,0,0,0,5,1.132586302
61980.84,0.498165041,0.5,6621,37,0.1309,33.5625,34.625,37.27,0,0,0.07,0,0,20,0.5,0.102,5.5,0,0,0.1,0.1,0.1,0.1,0.1,0.1,0.5,0,13648,0.058030481,0.01905041,0,0,0,0,0,0,0,0,0,0,5,1.112899298
62040.9,0.50900783,0.5,6621,37,0.1381,33.5625,34.625,37.27,0,0,0.07,0,0,20,0.5,0.102,5.5,0,0,0.1,0.1,0.1,0.1,0.1,0.1,0.5,0,13736,0.058823529,0.019146768,0,0,0,0,0,0,0,0,0,0,5,1.121850245
62100.96,0.517980776,0.5,6621,37,0.2363,33.4375,34.6875,37.17,0,0,0.07,0,0,20,0.5,0.102,5.5,0,0,0.1,0.1,0.1,0.1,0.1,0.1,0.5,0,14347,0.057991218,0.018610162,0,0,0,0,0,0,0,0,0,0,5,1.118181923
62161.03,0.527169253,0.5,6621,37,0.1685,33.4375,34.6875,37.29,0,0,0.25,0,0,20,0.5,0.102,5.5,0,0,0.1,0.1,0.1,0.1,0.1,0.1,0.5,0,14608,0.057434283,0.018825301,0,0,0,0,0,0,0,0,0,0,5,1.115023419
62221.09,0.53381513,0.5,6621,37,0.1804,33.4375,34.75,37.03,0,0,0,0,0,20,0.5,0.102,5.5,0,0,0.1,0.1,0.1,0.1,0.1,0.1,0.5,0,14371,0.058590216,0.018857421,0,0,0,0,0,0,0,0,0,0,5,1.096856006
62281.12,0.542440117,0.5,6621,37,0.1974,33.4375,34.75,37.11,0,0,0,0,0,20,0.5,0.102,5.5,0,0,0.1,0.1,0.1,0.1,0.1,0.1,0.5,0,14377,0.059330876,0.019197329,0,0,0,0,0,0,0,0,0,0,5,1.090097557
62341.19,0.555146626,0.5,6621,37,0.2312,33.3125,34.75,37.13,0,0.02,0.15,0,0,20,0.5,0.102,5.5,0,0,0.1,0.1,0.1,0.1,0.1,0.1,0.5,0,15337,0.057116776,0.018778118,0,0,0,0,0,0,0,0,0,0,0.44,1.090097557
62401.23,0.477805453,0.5,6621,37,0.5555,33.1875,34.8125,35.97,0,0.016695468,0.13678187,0,0,20,0.5,0.102,5.5,0,0,0.1,0.1,0.1,0.1,0.1,0.1,0.5,0,14091,0.0574835,0.018948265,0,0,0,0,0,0,0,0,0,0,0.44,1.090097557
62461.27,0.436845255,0.5,6621,37,0.616669096,33.125,34.875,35.89,0,0,0.25,0,0,20,0.5,0.102,5.5,0,0,0.1,0.1,0.1,0.1,0.1,0.1,0.5,0,12887,0.057965391,0.019011407,0,0,0,0,0,0,0,0,0,0,5,1.090097557
62521.33,0.450068526,0.5,6621,37,0.3639,33.3125,34.8125,36.85,0,0,0.07,0,0,20,0.5,0.102,5.5,0,0,0.1,0.1,0.1,0.1,0.1,0.1,0.5,0,13590,0.05607064,0.018763797,0,0,0,0,0,0,0,0,0,0,5,1.090097557
62581.4,0.448951615,0.5,6621,37,0.2064,33.5625,34.75,37.43,0,0,0.07,0,0,20,0.5,0.102,5.5,0,0,0.1,0.1,0.1,0.1,0.1,0.1,0.5,0,13176,0.057680631,0.019125683,0,0,0,0,0,0,0,0,0,0,5,1.090097557
62641.45,0.453566283,0.5,6621,37,0.1358,33.6875,34.75,37.45,0,0,0.07,0,0,20,0.5,0.102,5.5,0,0,0.1,0.1,0.1,0.1,0.1,0.1,0.5,0,13277,0.05754312,0.01905551,0,0,0,0,0,0,0,0,0,0,5,1.090097557
62701.51,0.466388439,0.5,6621,37,0.1499,33.6875,34.6875,37.45,0,0,0.07,0,0,20,0.5,0.102,5.5,0,0,0.1,0.1,0.1,0.1,0.1,0.1,0.5,0,13864,0.056693595,0.018969994,0,0,0,0,0,0,0,0,0,0,5,1.090097557
62761.55,0.47946435,0.5,6621,37,0.152,33.6875,34.6875,37.29,0,0,0.25,0,0,20,0.5,0.102,5.5,0,0,0.1,0.1,0.1,0.1,0.1,0.1,0.5,0,13788,0.057368726,0.018856977,0,0,0,0,0,0,0,0,0,0,5,1.090097557
62821.6,0.496360505,0.5,6621,37,0.1689,33.5625,34.625,37.25,0,0,0.07,0,0,20,0.5,0.102,5.5,0,0,0.1,0.1,0.1,0.1,0.1,0.1,0.5,0,14113,0.057323035,0.018777014,0,0,0,0,0,0,0,0,0,0,5,1.139491508
62881.67,0.511248601,0.5,6621,37,0.1437,33.5,34.5625,37.27,0,0,0.07,0,0,20,0.5,0.102,5.5,0,0,0.1,0.1,0.1,0.1,0.1,0.1,0.5,0,14030,0.057733428,0.018745545,0,0,0,0,0,0,0,0,0,0,5,1.171177382
62941.74,0.513306815,0.5,6621,37,0.1468,33.375,34.5625,37.21,0,0,0.07,0,0,20,0.5,0.102,5.5,0,0,0.1,0.1,0.1,0.1,0.1,0.1,0.5,0,14250,0.057754386,0.019017544,0,0,0,0,0,0,0,0,0,0,5,1.124671841
63001.79,0.520038822,0.5,6621,37,0.1935,33.3125,34.5625,37.11,0,0,0.07,0,0,20,0.5,0.102,5.5,0,0,0.1,0.1,0.1,0.1,0.1,0.1,0.5,0,13908,0.059318378,0.019053782,0,0,0,0,0,0,0,0,0,0,5,1.107527407
63061.87,0.536298942,0.5,6621,37,0.1437,33.3125,34.5625,37.21,0,0,0,0,0,20,0.5,0.102,5.5,0,0,0.1,0.1,0.1,0.1,0.1,0.1,0.5,0,14260,0.058976157,0.01914446,0,0,0,0,0,0,0,0,0,0,5,1.144515839
63121.95,0.541176951,0.5,6621,37,0.2042,33.3125,34.625,37.19,0,0,0,0,0,20,0.5,0.102,5.5,0,0,0.1,0.1,0.1,0.1,0.1,0.1,0.5,0,14925,0.057353434,0.018559464,0,0,0,0,0,0,0,0,0,0,5,1.114453767
63182.01,0.553500909,0.5,6621,37,0.1379,33.3125,34.6875,37.13,0,0.02,0.15,0,0,20,0.5,0.102,5.5,0,0,0.1,0.1,0.1,0.1,0.1,0.1,0.5,0,14690,0.058543227,0.018856365,0,0,0,0,0,0,0,0,0,0,0.44,1.114453767
63242.09,0.483939001,0.5,6621,37,0.598925,33.125,34.75,35.89,0,0.017336342,0.139345369,0,0,20,0.5,0.102,5.5,0,0,0.1,0.1,0.1,0.1,0.1,0.1,0.5,0,14456,0.056585501,0.018677366,0,0,0,0,0,0,0,0,0,0,0.44,1.114453767
63302.15,0.429834884,0.5,6621,37,0.639640856,33.125,34.6875,35.77,0,0,0.07,0,0,20,0.5,0.102,5.5,0,0,0.1,0.1,0.1,0.1,0.1,0.1,0.5,0,13055,0.057525852,0.018690157,0,0,0,0,0,0,0,0,0,0,5,1.114453767
63362.23,0.439622746,0.5,6621,37,0.345,33.3125,34.75,36.77,0,0,0.25,0,0,20,0.5,0.102,5.5,0,0,0.1,0.1,0.1,0.1,0.1,0.1,0.5,0,13245,0.057304643,0.018648547,0,0,0,0,0,0,0,0,0,0,5,1.114453767
63422.28,0.437024946,0.5,6621,37,0.2208,33.5,34.75,37.13,0,0,0.07,0,0,20,0.5,0.102,5.5,0,0,0.1,0.1,0.1,0.1,0.1,0.1,0.5,0,13247,0.057522458,0.018872197,0,0,0,0,0,0,0,0,0,0,5,1.114453767
63482.33,0.456810535,0.5,6621,37,0.1205,33.75,34.75,37.51,0,0,0.07,0,0,20,0.5,0.102,5.5,0,0,0.1,0.1,0.1,0.1,0.1,0.1,0.5,0,13649,0.05656092,0.018829218,0,0,0,0,0,0,0,0,0,0,5,1.114453767
63542.37,0.469686413,0.5,6621,37,0.1376,33.75,34.75,37.51,0,0,0.07,0,0,20,0.5,0.102,5.5,0,0,0.1,0.1,0.1,0.1,0.1,0.1,0.5,0,12957,0.05880991,0.019371768,0,0,0,0,0,0,0,0,0,0,5,1.114453767
63602.41,0.47964982,0.5,6621,37,0.1526,33.6875,34.75,37.41,0,0,0.07,0,0,20,0.5,0.102,5.5,0,0,0.1,0.1,0.1,0.1,0.1,0.1,0.5,0,13602,0.058079694,0.018967799,0,0,0,0,0,0,0,0,0,0,5,1.114453767
63662.46,0.488588264,0.5,6621,37,0.1845,33.625,34.75,37.33,0,0,0.25,0,0,20,0.5,0.102,5.5,0,0,0.1,0.1,0.1,0.1,0.1,0.1,0.5,0,13827,0.057423881,0.018514501,0,0,0,0,0,0,0,0,0,0,5,1.114122607
63722.52,0.500747355,0.5,6621,37,0.187,33.5625,34.625,37.37,0,0,0.07,0,0,20,0.5,0.102,5.5,0,0,0.1,0.1,0.1,0.1,0.1,0.1,0.5,0,14153,0.05786759,0.018865258,0,0,0,0,0,0,0,0,0,0,5,1.132161141
63782.55,0.506734438,0.5,6621,37,0.2101,33.4375,34.6875,37.17,0,0,0.07,0,0,20,0.5,0.102,5.5,0,0,0.1,0.1,0.1,0.1,0.1,0.1,0.5,0,14592,0.056811952,0.018845943,0,0,0,0,0,0,0,0,0,0,5,1.111209233
63842.62,0.528356994,0.5,6621,37,0.1673,33.4375,34.6875,37.19,0,0,0.07,0,0,20,0.5,0.102,5.5,0,0,0.1,0.1,0.1,0.1,0.1,0.1,0.5,0,14518,0.057652569,0.018942003,0,0,0,0,0,0,0,0,0,0,5,1.181004082
63902.7,0.542286297,0.5,6621,37,0.1669,33.375,34.625,37.19,0,0,0,0,0,20,0.5,0.102,5.5,0,0,0.1,0.1,0.1,0.1,0.1,0.1,0.5,0,14565,0.057947134,0.018606248,0,0,0,0,0,0,0,0,0,0,5,1.200019591
63962.77,0.530606622,0.5,6621,37,0.1753,33.375,34.625,37.11,0,0,0,0,0,20,0.5,0.102,5.5,0,0,0.1,0.1,0.1,0.1,0.1,0.1,0.5,0,14908,0.057217601,0.01884894,0,0,0,0,0,0,0,0,0,0,5,1.074699122
64022.85,0.552436985,0.5,6621,37,0.1564,33.375,34.6875,37.03,0,0,0,0,0,20,0.5,0.102,5.5,0,0,0.1,0.1,0.1,0.1,0.1,0.1,0.5,0,14417,0.059582437,0.019074703,0,0,0,0,0,0,0,0,0,0,5,1.14191952
64082.92,0.551838857,0.5,6621,37,0.1681,33.3125,34.6875,37.05,0,0.02,0.15,0,0,20,0.5,0.102,5.5,0,0,0.1,0.1,0.1,0.1,0.1,0.1,0.5,0,14616,0.059250137,0.01908867,0,0,0,0,0,0,0,0,0,0,0.44,1.14191952
64142.99,0.489647443,0.5,6621,37,0.565325,33.1875,34.6875,36.05,0,0.017909562,0.141638248,0,0,20,0.5,0.102,5.5,0,0,0.1,0.1,0.1,0.1,0.1,0.1,0.5,0,13993,0.058386336,0.018795112,0,0,0,0,0,0,0,0,0,0,0.44,1.14191952
64203.04,0.437505055,0.5,6621,37,0.601340621,33.0625,34.75,35.69,0,0,0.07,0,0,20,0.5,0.102,5.5,0,0,0.1,0.1,0.1,0.1,0.1,0.1,0.5,0,13045,0.058106554,0.019241089,0,0,0,0,0,0,0,0,0,0,5,1.14191952
64263.1,0.456358306,0.5,6621,37,0.3545,33.3125,34.8125,36.69,0,0,0.25,0,0,20,0.5,0.102,5.5,0,0,0.1,0.1,0.1,0.1,0.1,0.1,0.5,0,12947,0.058855333,0.019000541,0,0,0,0,0,0,0,0,0,0,5,1.14191952
64323.15,0.45095833,0.5,6621,37,0.1732,33.5625,34.8125,37.17,0,0,0.07,0,0,20,0.5,0.102,5.5,0,0,0.1,0.1,0.1,0.1,0.1,0.1,0.5,0,13382,0.057988343,0.018756539,0,0,0,0,0,0,0,0,0,0,5,1.14191952
64383.21,0.469557522,0.5,6621,37,0.1618,33.625,34.8125,37.29,0,0,0.07,0,0,20,0.5,0.102,5.5,0,0,0.1,0.1,0.1,0.1,0.1,0.1,0.5,0,13141,0.058747432,0.018796134,0,0,0,0,0,0,0,0,0,0,5,1.14191952
64443.25,0.496212166,0.5,6621,37,0.1162,33.75,34.8125,37.51,0,0,0.07,0,0,20,0.5,0.102,5.5,0,0,0.1,0.1,0.1,0.1,0.1,0.1,0.5,0,14023,0.057049134,0.018469657,0,0,0,0,0,0,0,0,0,0,5,1.14191952
64503.28,0.47516123,0.5,6621,37,0.1469,33.625,34.75,37.29,0,0,0.07,0,0,20,0.5,0.102,5.5,0,0,0.1,0.1,0.1,0.1,0.1,0.1,0.5,0,13367,0.059250393,0.019076831,0,0,0,0,0,0,0,0,0,0,5,1.14191952
64563.32,0.49232025,0.5,6621,37,0.1691,33.625,34.6875,37.13,0,0,0.25,0,0,20,0.5,0.102,5.5,0,0,0.1,0.1,0.1,0.1,0.1,0.1,0.5,0,13576,0.059001179,0.019077784,0,0,0,0,0,0,0,0,0,0,5,1.191249271
64623.37,0.502816115,0.5,6621,37,0.098,33.5,34.625,37.43,0,0,0.07,0,0,20,0.5,0.102,5.5,0,0,0.1,0.1,0.1,0.1,0.1,0.1,0.5,0,13675,0.059232176,0.019232176,0,0,0,0,0,0,0,0,0,0,5,1.194972129
64683.44,0.515217171,0.5,6621,37,0.1428,33.4375,34.6875,37.19,0,0,0.07,0,0,20,0.5,0.102,5.5,0,0,0.1,0.1,0.1,0.1,0.1,0.1,0.5,0,14548,0.057946109,0.019040418,0,0,0,0,0,0,0,0,0,0,5,1.208315449
64743.52,0.524847416,0.5,6621,37,0.158,33.375,34.6875,37.01,0,0,0.07,0,0,20,0.5,0.102,5.5,0,0,0.1,0.1,0.1,0.1,0.1,0.1,0.5,0,14198,0.059233695,0.019016763,0,0,0,0,0,0,0,0,0,0,5,1.20345692
64803.59,0.535340735,0.5,6621,37,0.1494,33.3125,34.6875,37.03,0,0,0,0,0,20,0.5,0.102,5.5,0,0,0.1,0.1,0.1,0.1,0.1,0.1,0.5,0,14170,0.059774171,0.019124912,0,0,0,0,0,0,0,0,0,0,5,1.20267162
64863.64,0.558984175,0.5,6621,37,0.1956,33.375,34.75,37.11,0,0,0,0,0,20,0.5,0.102,5.5,0,0,0.1,0.1,0.1,0.1,0.1,0.1,0.5,0,14740,0.058480326,0.019199457,0,0,0,0,0,0,0,0,0,0,5,1.272191233
64923.7,0.551927244,0.5,6621,37,0.134,33.375,34.75,37.13,0,0.02,0.15,0,0,20,0.5,0.102,5.5,0,0,0.1,0.1,0.1,0.1,0.1,0.1,0.5,0,14814,0.05926826,0.018968543,0,0,0,0,0,0,0,0,0,0,0.44,1.272191233
64983.77,0.486513866,0.5,6621,37,0.551,33.125,34.75,35.85,0,0.017513963,0.140055852,0,0,20,0.5,0.102,5.5,0,0,0.1,0.1,0.1,0.1,0.1,0.1,0.5,0,14231,0.057901764,0.019042934,0,0,0,0,0,0,0,0,0,0,0.44,1.272191233
65043.83,0.447092308,0.5,6621,37,0.650882115,33,34.75,35.69,0,0,0.07,0,0,20,0.5,0.102,5.5,0,0,0.1,0.1,0.1,0.1,0.1,0.1,0.5,0,13420,0.057302534,0.01900149,0,0,0,0,0,0,0,0,0,0,5,1.272191233
65103.9,0.457974696,0.5,6621,37,0.3585,33.3125,34.875,36.69,0,0,0.07,0,0,20,0.5,0.102,5.5,0,0,0.1,0.1,0.1,0.1,0.1,0.1,0.5,0,13092,0.057745188,0.018790101,0,0,0,0,0,0,0,0,0,0,5,1.272191233
65163.95,0.451925521,0.5,6621,37,0.2019,33.5625,34.875,37.41,0,0,0.25,0,0,20,0.5,0.102,5.5,0,0,0.1,0.1,0.1,0.1,0.1,0.1,0.5,0,13668,0.056921276,0.018437226,0,0,0,0,0,0,0,0,0,0,5,1.272191233
65223.98,0.474717011,0.5,6621,37,0.1702,33.75,34.8125,37.43,0,0,0.07,0,0,20,0.5,0.102,5.5,0,0,0.1,0.1,0.1,0.1,0.1,0.1,0.5,0,13443,0.057576434,0.018671428,0,0,0,0,0,0,0,0,0,0,5,1.272191233
65284.03,0.469537528,0.5,6621,37,0.1028,33.6875,34.875,37.35,0,0,0.07,0,0,20,0.5,0.102,5.5,0,0,0.1,0.1,0.1,0.1,0.1,0.1,0.5,0,13960,0.057449857,0.018624642,0,0,0,0,0,0,0,0,0,0,5,1.272191233
65344.08,0.485915652,0.5,6621,37,0.1337,33.75,34.875,37.25,0,0,0.07,0,0,20,0.5,0.102,5.5,0,0,0.1,0.1,0.1,0.1,0.1,0.1,0.5,0,13713,0.058192956,0.019178881,0,0,0,0,0,0,0,0,0,0,5,1.272191233
65404.11,0.497464066,0.5,6621,37,0.1665,33.6875,34.875,37.21,0,0,0.07,0,0,20,0.5,0.102,5.5,0,0,0.1,0.1,0.1,0.1,0.1,0.1,0.5,0,13738,0.058378221,0.018998399,0,0,0,0,0,0,0,0,0,0,5,1.279046484
65464.19,0.507247663,0.5,6621,37,0.1752,33.625,34.8125,37.33,0,0,0.25,0,0,20,0.5,0.102,5.5,0,0,0.1,0.1,0.1,0.1,0.1,0.1,0.5,0,14239,0.05836084,0.018821546,0,0,0,0,0,0,0,0,0,0,5,1.2735223
65524.23,0.523242731,0.5,6621,37,0.1362,33.5625,34.8125,37.09,0,0,0.07,0,0,20,0.5,0.102,5.5,0,0,0.1,0.1,0.1,0.1,0.1,0.1,0.5,0,14926,0.056880611,0.018625218,0,0,0,0,0,0,0,0,0,0,5,1.302984477
65584.3,0.526444373,0.5,6621,37,0.1422,33.5625,34.8125,37.27,0,0,0.07,0,0,20,0.5,0.102,5.5,0,0,0.1,0.1,0.1,0.1,0.1,0.1,0.5,0,14334,0.058811218,0.018906097,0,0,0,0,0,0,0,0,0,0,5,1.256135862
65644.35,0.534053944,0.5,6621,37,0.178,33.4375,34.8125,37.03,0,0,0,0,0,20,0.5,0.102,5.5,0,0,0.1,0.1,0.1,0.1,0.1,0.1,0.5,0,14281,0.059099503,0.018906239,0,0,0,0,0,0,0,0,0,0,5,1.236382608
65704.39,0.527919336,0.5,6621,37,0.1555,33.4375,34.75,36.93,0,0,0,0,0,20,0.5,0.102,5.5,0,0,0.1,0.1,0.1,0.1,0.1,0.1,0.5,0,14344,0.059258226,0.019380926,0,0,0,0,0,0,0,0,0,0,5,1.139903419
65764.47,0.558622993,0.5,6621,37,0.1463,33.375,34.6875,37.01,0,0,0,0,0,20,0.5,0.102,5.5,0,0,0.1,0.1,0.1,0.1,0.1,0.1,0.5,0,14629,0.059675986,0.019345136,0,0,0,0,0,0,0,0,0,0,5,1.252502194
65824.52,0.570413472,0.5,6621,37,0.1716,33.3125,34.6875,36.89,0,0.02,0.15,0,0,20,0.5,0.102,5.5,0,0,0.1,0.1,0.1,0.1,0.1,0.1,0.5,0,15599,0.057696006,0.018975575,0,0,0,0,0,0,0,0,0,0,0.44,1.252502194
65884.59,0.486895308,0.5,6621,37,0.605825,33.0625,34.75,35.75,0,0.019413055,0.147652219,0,0,20,0.5,0.102,5.5,0,0,0.1,0.1,0.1,0.1,0.1,0.1,0.5,0,13905,0.059259259,0.019201726,0,0,0,0,0,0,0,0,0,0,0.44,1.252502194
65944.65,0.435527001,0,6621,37,0.6648,33.0625,34.6875,35.53,0,0,0,0,0,20,0.5,0.102,5.5,0,0,0.1,0.1,0.1,0.1,0.1,0.1,0.5,0,13106,0.058293911,0.01884633,0,0,0,0,0,0,0,0,0,0,0.44,1.252502194
66004.71,0.459172262,0,6621,37,0.3124,33.375,34.75,36.49,0,0,0,0,0,20,0.5,0.102,5.5,0,0,0.1,0.1,0.1,0.1,0.1,0.1,0.5,0,12654,0.059981034,0.01951952,0,0,0,0,0,0,0,0,0,0,0.44,1.252502194
66064.75,0.45994989,0,6621,37,0.2208,33.625,34.75,37.41,0,0,0,0,0,20,0.5,0.102,5.5,0,0,0.1,0.1,0.1,0.1,0.1,0.1,0.5,0,13112,0.05819097,0.018990238,0,0,0,0,0,0,0,0,0,0,0.44,1.252502194
66124.79,0.47679428,0,6621,37,0.1623,33.75,34.8125,37.69,0,0,0,0,0,20,0.5,0.102,5.5,0,0,0.1,0.1,0.1,0.1,0.1,0.1,0.5,0,13399,0.05791477,0.019105903,0,0,0,0,0,0,0,0,0,0,0.44,1.252502194
66184.84,0.489381008,0,6621,37,0.1491,33.875,34.75,37.45,0,0,0,0,0,20,0.5,0.102,5.5,0,0,0.1,0.1,0.1,0.1,0.1,0.1,0.5,0,13572,0.058355438,0.019083407,0,0,0,0,0,0,0,0,0,0,0.44,1.252502194
66244.88,0.505558748,0,6621,37,0.1347,33.875,34.875,37.35,0,0,0,0,0,20,0.5,0.102,5.5,0,0,0.1,0.1,0.1,0.1,0.1,0.1,0.5,0,14451,0.056051484,0.018683828,0,0,0,0,0,0,0,0,0,0,0.44,1.252502194
66304.95,0.498717005,0,6621,37,0.1639,33.8125,34.8125,37.43,0,0,0,0,0,20,0.5,0.102,5.5,0,0,0.1,0.1,0.1,0.1,0.1,0.1,0.5,0,13986,0.057772058,0.019162019,0,0,0,0,0,0,0,0,0,0,0.44,1.252502194
66365.05,0.519592603,0,6621,37,0.1449,33.75,34.8125,37.33,0,0,0,0,0,20,0.5,0.102,5.5,0,0,0.1,0.1,0.1,0.1,0.1,0.1,0.5,0,13765,0.059280785,0.019324373,0,0,0,0,0,0,0,0,0,0,0.44,1.252502194
66425.13,0.521357615,0,6621,37,0.1444,33.75,34.875,37.19,0,0,0,0,0,20,0.5,0.103,5.5,50,0,0.1,0.1,0.1,0.1,0.1,0.1,0.5,0,14134,0.058157634,0.019102873,0,0,0,0,0,0,0,0,0,0,0.44,1.252502194
66485.2,0.516487785,0.5,6621,37,0.2822,33.6875,34.9375,36.79,0,0.02,0.15,0,0,20,0.5,0.103,5.5,50,0,0.1,0.1,0.1,0.1,0.1,0.1,0.5,0,13764,0.059212438,0.019035164,0,0,0,0,0,0,0,0,0,0,0.44,1.252502194
66545.26,0.471390124,0.5,6621,37,0.538925,33.4375,34.9375,36.23,0,0.02,0.15,0,0,20,0.5,0.103,5.5,50,0,0.1,0.1,0.1,0.1,0.1,0.1,0.5,0,13046,0.058868619,0.019239614,0,0,0,0,0,0,0,0,0,0,0.44,1.252502194
66605.33,0.416652195,0.5,6621,37,0.635625,33.25,34.9375,35.91,0,0,0.07,0,0,20,0.5,0.103,5.5,50,0,0.1,0.1,0.1,0.1,0.1,0.1,0.5,0,13096,0.056276726,0.018784362,0,0,0,0,0,0,0,0,0,0,5,1.252502194
66665.38,0.428825384,0.5,6621,37,0.358,33.5,34.875,36.81,0,0,0.25,0,0,20,0.5,0.103,5.5,50,0,0.1,0.1,0.1,0.1,0.1,0.1,0.5,0,13086,0.055861226,0.018569464,0,0,0,0,0,0,0,0,0,0,5,1.252502194
66725.43,0.428869278,0.5,6621,37,0.2137,33.6875,34.875,37.49,0,0,0.07,0,0,20,0.5,0.103,5.5,50,0,0.1,0.1,0.1,0.1,0.1,0.1,0.5,0,12475,0.057715431,0.019238477,0,0,0,0,0,0,0,0,0,0,5,1.252502194
66785.5,0.439521512,0.5,6621,37,0.1587,33.75,34.875,37.49,0,0,0.07,0,0,20,0.5,0.103,5.5,50,0,0.1,0.1,0.1,0.1,0.1,0.1,0.5,0,13229,0.056013304,0.01859551,0,0,0,0,0,0,0,0,0,0,5,1.252502194
66845.55,0.443931678,0.5,6621,37,0.1569,33.8125,34.8125,37.53,0,0,0.07,0,0,20,0.5,0.103,5.5,50,0,0.1,0.1,0.1,0.1,0.1,0.1,0.5,0,12722,0.058009747,0.019179374,0,0,0,0,0,0,0,0,0,0,5,1.252502194
66905.62,0.463611082,0.5,6621,37,0.1148,33.75,34.75,37.25,0,0,0.07,0,0,20,0.5,0.103,5.5,50,0,0.1,0.1,0.1,0.1,0.1,0.1,0.5,0,13369,0.056997532,0.018849577,0,0,0,0,0,0,0,0,0,0,5,1.252502194
66965.65,0.455176138,0.5,6621,37,0.149,33.6875,34.75,37.45,0,0,0.25,0,0,20,0.5,0.103,5.5,50,0,0.1,0.1,0.1,0.1,0.1,0.1,0.5,0,13837,0.056298331,0.01864566,0,0,0,0,0,0,0,0,0,0,5,1.134792418
67025.7,0.476419263,0.5,6621,37,0.1385,33.625,34.8125,37.17,0,0,0.07,0,0,20,0.5,0.103,5.5,50,0,0.1,0.1,0.1,0.1,0.1,0.1,0.5,0,14062,0.055824207,0.018631774,0,0,0,0,0,0,0,0,0,0,5,1.214894233
67085.74,0.479781486,0.5,6621,37,0.1351,33.5625,34.8125,37.17,0,0,0.07,0,0,20,0.5,0.103,5.5,50,0,0.1,0.1,0.1,0.1,0.1,0.1,0.5,0,13881,0.056624163,0.018658598,0,0,0,0,0,0,0,0,0,0,5,1.175246993
67145.79,0.499138997,0.5,6621,37,0.1853,33.5,34.875,37.11,0,0,0.07,0,0,20,0.5,0.103,5.5,50,0,0.1,0.1,0.1,0.1,0.1,0.1,0.5,0,14140,0.056152758,0.018316832,0,0,0,0,0,0,0,0,0,0,5,1.235146182
67205.83,0.500064882,0.5,6621,37,0.1696,33.5,34.8125,37.19,0,0,0,0,0,20,0.5,0.103,5.5,50,0,0.1,0.1,0.1,0.1,0.1,0.1,0.5,0,13960,0.057234957,0.018982808,0,0,0,0,0,0,0,0,0,0,5,1.178948609
67265.91,0.518996637,0.5,6621,37,0.1442,33.4375,34.875,37.05,0,0,0,0,0,20,0.5,0.103,5.5,50,0,0.1,0.1,0.1,0.1,0.1,0.1,0.5,0,13656,0.058289397,0.018892794,0,0,0,0,0,0,0,0,0,0,5,1.231479828
67325.99,0.516673328,0.5,6621,37,0.1526,33.4375,34.875,37.21,0,0,0,0,0,20,0.5,0.103,5.5,50,0,0.1,0.1,0.1,0.1,0.1,0.1,0.5,0,14323,0.056831669,0.018780982,0,0,0,0,0,0,0,0,0,0,5,1.156446066
67386.06,0.540061313,0.5,6621,37,0.2155,33.4375,34.9375,37.03,0,0,0,0,0,20,0.5,0.103,5.5,50,0,0.1,0.1,0.1,0.1,0.1,0.1,0.5,0,13970,0.058124553,0.019112384,0,0,0,0,0,0,0,0,0,0,5,1.231439347
67446.14,0.550129336,0.5,6621,37,0.2055,33.4375,34.9375,37.13,0,0.02,0.15,0,0,20,0.5,0.103,5.5,50,0,0.1,0.1,0.1,0.1,0.1,0.1,0.5,0,14845,0.056517346,0.01839003,0,0,0,0,0,0,0,0,0,0,0.44,1.231439347
67506.2,0.468076108,0.5,6621,37,0.538825,33.25,34.9375,36.09,0,0.014897167,0.129588669,0,0,20,0.5,0.103,5.5,50,0,0.1,0.1,0.1,0.1,0.1,0.1,0.5,0,13485,0.056581387,0.018835743,0,0,0,0,0,0,0,0,0,0,0.44,1.231439347
67566.27,0.436155437,0.5,6621,37,0.586873879,33.125,34.875,35.67,0,0,0.25,0,0,20,0.5,0.103,5.5,50,0,0.1,0.1,0.1,0.1,0.1,0.1,0.5,0,12930,0.055375097,0.018252127,0,0,0,0,0,0,0,0,0,0,5,1.231439347
67626.33,0.427163153,0.5,6621,37,0.3614,33.3125,34.875,36.87,0,0,0.07,0,0,20,0.5,0.103,5.5,50,0,0.1,0.1,0.1,0.1,0.1,0.1,0.5,0,12855,0.055309218,0.018203034,0,0,0,0,0,0,0,0,0,0,5,1.231439347
67686.39,0.443599907,0.5,6621,37,0.2289,33.5625,34.8125,37.29,0,0,0.07,0,0,20,0.5,0.103,5.5,50,0,0.1,0.1,0.1,0.1,0.1,0.1,0.5,0,13222,0.05460596,0.018227197,0,0,0,0,0,0,0,0,0,0,5,1.231439347
67746.46,0.453391153,0.5,6621,37,0.1533,33.625,34.75,37.29,0,0,0.07,0,0,20,0.5,0.103,5.5,50,0,0.1,0.1,0.1,0.1,0.1,0.1,0.5,0,12861,0.055438924,0.018661068,0,0,0,0,0,0,0,0,0,0,5,1.231439347
67806.56,0.459063203,0.5,6621,37,0.1822,33.6875,34.8125,37.41,0,0,0.07,0,0,20,0.5,0.103,5.5,50,0,0.1,0.1,0.1,0.1,0.1,0.1,0.5,0,13079,0.055202997,0.018502944,0,0,0,0,0,0,0,0,0,0,5,1.231439347
67866.62,0.469348015,0.5,6621,37,0.182,33.625,34.75,37.37,0,0,0.25,0,0,20,0.5,0.103,5.5,50,0,0.1,0.1,0.1,0.1,0.1,0.1,0.5,0,13219,0.055299191,0.018533928,0,0,0,0,0,0,0,0,0,0,5,1.231439347
67926.68,0.491325198,0.5,6621,37,0.2116,33.5625,34.6875,37.41,0,0,0.07,0,0,20,0.5,0.103,5.5,50,0,0.1,0.1,0.1,0.1,0.1,0.1,0.5,0,13670,0.054352597,0.017922458,0,0,0,0,0,0,0,0,0,0,5,1.307152469
67986.75,0.480086061,0.5,6621,37,0.1043,33.5625,34.75,37.43,0,0,0.07,0,0,20,0.5,0.103,5.5,50,0,0.1,0.1,0.1,0.1,0.1,0.1,0.5,0,13784,0.054048172,0.018064423,0,0,0,0,0,0,0,0,0,0,5,1.172372316
68046.82,0.490423011,0.5,6621,37,0.132,33.5,34.75,37.19,0,0,0.07,0,0,20,0.5,0.103,5.5,50,0,0.1,0.1,0.1,0.1,0.1,0.1,0.5,0,13555,0.055035042,0.018148285,0,0,0,0,0,0,0,0,0,0,5,1.177662473
68106.88,0.511315079,0.5,6621,37,0.1666,33.4375,34.75,37.05,0,0,0.07,0,0,20,0.5,0.103,5.5,50,0,0.1,0.1,0.1,0.1,0.1,0.1,0.5,0,13521,0.055247393,0.01826788,0,0,0,0,0,0,0,0,0,0,5,1.243932407
68166.94,0.515162695,0.5,6621,37,0.2039,33.375,34.8125,37.21,0,0,0,0,0,20,0.5,0.103,5.5,50,0,0.1,0.1,0.1,0.1,0.1,0.1,0.5,0,14377,0.053349099,0.017806218,0,0,0,0,0,0,0,0,0,0,5,1.2042261
68226.99,0.526185107,0.5,6621,37,0.2021,33.375,34.8125,37.09,0,0,0,0,0,20,0.5,0.103,5.5,50,0,0.1,0.1,0.1,0.1,0.1,0.1,0.5,0,15563,0.051146951,0.017413095,0,0,0,0,0,0,0,0,0,0,5,1.2075257
68287.07,0.538307671,0.5,6621,37,0.1909,33.4375,34.875,37.21,0,0,0,0,0,20,0.5,0.103,5.5,50,0,0.1,0.1,0.1,0.1,0.1,0.1,0.5,0,14066,0.054528651,0.018342102,0,0,0,0,0,0,0,0,0,0,5,1.215481047
68347.13,0.531633085,0.5,6621,37,0.1228,33.4375,34.875,37.19,0,0,0,0,0,20,0.5,0.103,5.5,50,0,0.1,0.1,0.1,0.1,0.1,0.1,0.5,0,14243,0.054412694,0.017973741,0,0,0,0,0,0,0,0,0,0,5,1.117276852
68407.17,0.545545776,0.5,6621,37,0.1642,33.375,34.875,37.17,0,0,0,0,0,20,0.5,0.103,5.5,50,0,0.1,0.1,0.1,0.1,0.1,0.1,0.5,0,14263,0.054196172,0.018299096,0,0,0,0,0,0,0,0,0,0,5,1.138912477
68467.23,0.572232981,0.5,6621,37,0.2204,33.375,34.9375,37.03,0,0.02,0.25,0,0,20,0.5,0.103,5.5,50,0,0.1,0.1,0.1,0.1,0.1,0.1,0.5,0,14991,0.052898406,0.018010806,0,0,0,0,0,0,0,0,0,0,0.44,1.138912477
68527.29,0.493556707,0.5,6621,37,0.549125,33.125,34.875,35.91,0,0.02,0.15,0,0,20,0.5,0.103,5.5,50,0,0.1,0.1,0.1,0.1,0.1,0.1,0.5,0,14209,0.052220424,0.017875994,0,0,0,0,0,0,0,0,0,0,0.44,1.138912477
68587.33,0.439285697,0.5,6621,37,0.65905,33,34.875,35.61,0,0,0.07,0,0,20,0.5,0.103,5.5,50,0,0.1,0.1,0.1,0.1,0.1,0.1,0.5,0,12683,0.052905464,0.018134511,0,0,0,0,0,0,0,0,0,0,5,1.138912477
68647.4,0.439037173,0.5,6621,37,0.3979,33.25,34.8125,36.63,0,0,0.07,0,0,20,0.5,0.103,5.5,50,0,0.1,0.1,0.1,0.1,0.1,0.1,0.5,0,13261,0.051278184,0.017570319,0,0,0,0,0,0,0,0,0,0,5,1.138912477
68707.48,0.458168357,0.5,6621,37,0.2449,33.4375,34.75,37.41,0,0,0.07,0,0,20,0.5,0.103,5.5,50,0,0.1,0.1,0.1,0.1,0.1,0.1,0.5,0,13167,0.051644262,0.01754386,0,0,0,0,0,0,0,0,0,0,5,1.138912477
68767.54,0.472697356,0.5,6621,37,0.1732,33.5625,34.75,37.53,0,0,0.25,0,0,20,0.5,0.103,5.5,50,0,0.1,0.1,0.1,0.1,0.1,0.1,0.5,0,13662,0.050358659,0.017347387,0,0,0,0,0,0,0,0,0,0,5,1.138912477
68827.59,0.498189152,0.5,6621,37,0.1326,33.625,34.6875,37.51,0,0,0.07,0,0,20,0.5,0.103,5.5,50,0,0.1,0.1,0.1,0.1,0.1,0.1,0.5,0,13889,0.050111599,0.017207862,0,0,0,0,0,0,0,0,0,0,5,1.138912477
68887.65,0.497707716,0.5,6621,37,0.1188,33.625,34.625,37.49,0,0,0.07,0,0,20,0.5,0.103,5.5,50,0,0.1,0.1,0.1,0.1,0.1,0.1,0.5,0,13786,0.05077615,0.017263891,0,0,0,0,0,0,0,0,0,0,5,1.138912477
68947.72,0.500959354,0.5,6621,37,0.0962,33.625,34.625,37.27,0,0,0.07,0,0,20,0.5,0.103,5.5,50,0,0.1,0.1,0.1,0.1,0.1,0.1,0.5,0,13775,0.050671506,0.017568058,0,0,0,0,0,0,0,0,0,0,5,1.101502792
69007.76,0.504585134,0.5,6621,37,0.1766,33.5625,34.6875,37.21,0,0,0.07,0,0,20,0.5,0.103,5.5,50,0,0.1,0.1,0.1,0.1,0.1,0.1,0.5,0,14679,0.049526535,0.017235507,0,0,0,0,0,0,0,0,0,0,5,1.068062472
69067.83,0.511715891,0.5,6621,37,0.1482,33.4375,34.6875,37.09,0,0,0.25,0,0,20,0.5,0.103,5.5,50,0,0.1,0.1,0.1,0.1,0.1,0.1,0.5,0,14364,0.050125313,0.017195767,0,0,0,0,0,0,0,0,0,0,5,1.056758336
69127.89,0.536441583,0.5,6621,37,0.1899,33.375,34.75,37.13,0,0,0.07,0,0,20,0.5,0.103,5.5,50,0,0.1,0.1,0.1,0.1,0.1,0.1,0.5,0,14993,0.049423064,0.017274728,0,0,0,0,0,0,0,0,0,0,5,1.14548472
69187.96,0.54320222,0.5,6621,37,0.1613,33.4375,34.8125,37.11,0,0,0,0,0,20,0.5,0.103,5.5,50,0,0.1,0.1,0.1,0.1,0.1,0.1,0.5,0,15064,0.049190122,0.016861391,0,0,0,0,0,0,0,0,0,0,5,1.125782461
69247.99,0.54430625,0.5,6621,37,0.173,33.375,34.8125,37.17,0,0.02,0.15,0,0,20,0.5,0.103,5.5,50,0,0.1,0.1,0.1,0.1,0.1,0.1,0.5,0,14358,0.050633793,0.017551191,0,0,0,0,0,0,0,0,0,0,0.44,1.125782461
69308.04,0.516837868,0.5,6621,37,0.496575,33.3125,34.8125,36.21,0,0.02,0.15,0,0,20,0.5,0.103,5.5,50,0,0.1,0.1,0.1,0.1,0.1,0.1,0.5,0,14234,0.049740059,0.017282563,0,0,0,0,0,0,0,0,0,0,0.44,1.125782461
69368.08,0.462848372,0.5,6621,37,0.61025,33.0625,34.875,35.83,0,0.02,0.25,0,0,20,0.5,0.103,5.5,50,0,0.1,0.1,0.1,0.1,0.1,0.1,0.5,0,13617,0.048395388,0.017037527,0,0,0,0,0,0,0,0,0,0,0.44,1.125782461
69428.14,0.403052333,0.5,6621,37,0.6579,33.0625,34.875,35.69,0,0,0.07,0,0,20,0.5,0.103,5.5,50,0,0.1,0.1,0.1,0.1,0.1,0.1,0.5,0,12427,0.048845256,0.016898688,0,0,0,0,0,0,0,0,0,0,5,1.125782461
69488.17,0.418209981,0.5,6621,37,0.29015,33.5,34.8125,37.01,0,0,0.07,0,0,20,0.5,0.103,5.5,50,0,0.1,0.1,0.1,0.1,0.1,0.1,0.5,0,12394,0.048410521,0.016943682,0,0,0,0,0,0,0,0,0,0,5,1.125782461
69548.21,0.404092856,0.5,6621,37,0.20965,33.75,34.75,37.29,0,0,0.07,0,0,20,0.5,0.103,5.5,50,0,0.1,0.1,0.1,0.1,0.1,0.1,0.5,0,12800,0.0478125,0.016796875,0,0,0,0,0,0,0,0,0,0,5,1.125782461
69608.26,0.425034151,0.5,6621,37,0.16525,33.8125,34.75,37.41,0,0,0.07,0,0,20,0.5,0.103,5.5,50,0,0.1,0.1,0.1,0.1,0.1,0.1,0.5,0,12862,0.048048515,0.016949153,0,0,0,0,0,0,0,0,0,0,5,1.125782461
69668.31,0.428002589,0.5,6621,37,0.14615,33.8125,34.75,37.43,0,0,0.25,0,0,20,0.5,0.103,5.5,50,0,0.1,0.1,0.1,0.1,0.1,0.1,0.5,0,13354,0.046802456,0.016774,0,0,0,0,0,0,0,0,0,0,5,1.125782461
69728.35,0.455059841,0.5,6621,37,0.14885,33.6875,34.625,37.37,0,0,0.07,0,0,20,0.5,0.103,5.5,50,0,0.1,0.1,0.1,0.1,0.1,0.1,0.5,0,13328,0.047118848,0.016806723,0,0,0,0,0,0,0,0,0,0,5,1.125782461
69788.39,0.45277555,0.5,6621,37,0.16335,33.6875,34.625,37.27,0,0,0.07,0,0,20,0.5,0.103,5.5,50,0,0.1,0.1,0.1,0.1,0.1,0.1,0.5,0,13169,0.047308072,0.016933708,0,0,0,0,0,0,0,0,0,0,5,1.054396135
69848.44,0.466611805,0.5,6621,37,0.15255,33.5625,34.5625,37.27,0,0,0.07,0,0,20,0.5,0.103,5.5,50,0,0.1,0.1,0.1,0.1,0.1,0.1,0.5,0,13602,0.047051904,0.016909278,0,0,0,0,0,0,0,0,0,0,5,1.091979722
69908.48,0.474338012,0.5,6621,37,0.17125,33.5,34.625,37.17,0,0,0.07,0,0,20,0.5,0.103,5.5,50,0,0.1,0.1,0.1,0.1,0.1,0.1,0.5,0,13421,0.047686462,0.016839282,0,0,0,0,0,0,0,0,0,0,5,1.086648272
69968.53,0.481306577,0.5,6621,37,0.20675,33.4375,34.625,37.01,0,0,0.25,0,0,20,0.5,0.103,5.5,50,0,0.1,0.1,0.1,0.1,0.1,0.1,0.5,0,13478,0.047410595,0.016916456,0,0,0,0,0,0,0,0,0,0,5,1.076068666
70028.57,0.490251594,0.5,6621,37,0.17435,33.375,34.6875,37.13,0,0,0,0,0,20,0.5,0.103,5.5,50,0,0.1,0.1,0.1,0.1,0.1,0.1,0.5,0,13484,0.047982794,0.016834767,0,0,0,0,0,0,0,0,0,0,5,1.077508059
70088.63,0.490880133,0.5,6621,37,0.21635,33.3125,34.75,36.95,0,0,0,0,0,20,0.5,0.103,5.5,50,0,0.1,0.1,0.1,0.1,0.1,0.1,0.5,0,13589,0.04753845,0.017072632,0,0,0,0,0,0,0,0,0,0,5,1.027476417
70148.67,0.51659716,0.5,6621,37,0.12565,33.375,34.75,37.29,0,0,0,0,0,20,0.5,0.103,5.5,50,0,0.1,0.1,0.1,0.1,0.1,0.1,0.5,0,13988,0.0471833,0.016657135,0,0,0,0,0,0,0,0,0,0,5,1.129292833
70208.71,0.515559134,0.5,6621,37,0.16735,33.375,34.8125,37.11,0,0,0,0,0,20,0.5,0.103,5.5,50,0,0.1,0.1,0.1,0.1,0.1,0.1,0.5,0,14546,0.0466795,0.016430634,0,0,0,0,0,0,0,0,0,0,5,1.066794067
70268.76,0.535337135,0.5,6621,37,0.18555,33.375,34.8125,37.03,0,0,0,0,0,20,0.5,0.103,5.5,50,0,0.1,0.1,0.1,0.1,0.1,0.1,0.5,0,13919,0.047632732,0.016811553,0,0,0,0,0,0,0,0,0,0,5,1.126388461
70328.82,0.527628063,0.5,6621,37,0.16195,33.375,34.8125,37.11,0,0,0,0,0,20,0.5,0.103,5.5,50,0,0.1,0.1,0.1,0.1,0.1,0.1,0.5,0,14354,0.047094886,0.016859412,0,0,0,0,0,0,0,0,0,0,5,1.026553744
70388.89,0.548887033,0.5,6621,37,0.15745,33.375,34.875,37.11,0,0,0,0,0,20,0.5,0.103,5.5,50,0,0.1,0.1,0.1,0.1,0.1,0.1,0.5,0,14705,0.046786807,0.016524991,0,0,0,0,0,0,0,0,0,0,5,1.093729183
70448.94,0.560086973,0.5,6621,37,0.3,33.375,34.875,36.95,0,0.02,0.15,0,0,20,0.5,0.103,5.5,50,0,0.1,0.1,0.1,0.1,0.1,0.1,0.5,0,14377,0.047089101,0.016901996,0,0,0,0,0,0,0,0,0,0,0.44,1.093729183
70509.01,0.495012132,0.5,6621,37,0.549241454,33.125,34.875,35.89,0,0.019425203,0.147700814,0,0,20,0.5,0.103,5.5,50,0,0.1,0.1,0.1,0.1,0.1,0.1,0.5,0,14036,0.04630949,0.01645768,0,0,0,0,0,0,0,0,0,0,0.44,1.093729183
70569.08,0.433452029,0.5,6621,37,0.65655,33,34.75,35.47,0,0,0.25,0,0,20,0.5,0.103,5.5,50,0,0.1,0.1,0.1,0.1,0.1,0.1,0.5,0,13735,0.044703313,0.01609028,0,0,0,0,0,0,0,0,0,0,5,1.093729183
70629.14,0.450018175,0.5,6621,37,0.36565,33.1875,34.75,36.69,0,0,0.07,0,0,20,0.5,0.103,5.5,50,0,0.1,0.1,0.1,0.1,0.1,0.1,0.5,0,13180,0.045675266,0.016616085,0,0,0,0,0,0,0,0,0,0,5,1.093729183
70689.2,0.446848098,0.5,6621,37,0.24145,33.4375,34.6875,37.17,0,0,0.07,0,0,20,0.5,0.103,5.5,50,0,0.1,0.1,0.1,0.1,0.1,0.1,0.5,0,13516,0.044983723,0.016350991,0,0,0,0,0,0,0,0,0,0,5,1.093729183
70749.24,0.466101043,0.5,6621,37,0.22155,33.625,34.75,37.21,0,0,0.07,0,0,20,0.5,0.103,5.5,50,0,0.1,0.1,0.1,0.1,0.1,0.1,0.5,0,12797,0.046495272,0.016644526,0,0,0,0,0,0,0,0,0,0,5,1.093729183
70809.29,0.481341114,0.5,6621,37,0.12005,33.625,34.6875,37.55,0,0,0.07,0,0,20,0.5,0.103,5.5,50,0,0.1,0.1,0.1,0.1,0.1,0.1,0.5,0,13502,0.044956303,0.016516072,0,0,0,0,0,0,0,0,0,0,5,1.093729183
70869.33,0.477952363,0.5,6621,37,0.15185,33.625,34.6875,37.37,0,0,0.25,0,0,20,0.5,0.103,5.5,50,0,0.1,0.1,0.1,0.1,0.1,0.1,0.5,0,13891,0.044777194,0.015981571,0,0,0,0,0,0,0,0,0,0,5,1.093729183
70929.37,0.499530401,0.5,6621,37,0.17195,33.5625,34.6875,37.25,0,0,0.07,0,0,20,0.5,0.103,5.5,50,0,0.1,0.1,0.1,0.1,0.1,0.1,0.5,0,13860,0.045021645,0.016233766,0,0,0,0,0,0,0,0,0,0,5,1.171514897
70989.44,0.493849517,0.5,6621,37,0.22275,33.5,34.75,37.03,0,0,0.07,0,0,20,0.5,0.103,5.5,50,0,0.1,0.1,0.1,0.1,0.1,0.1,0.5,0,14295,0.044421126,0.016229451,0,0,0,0,0,0,0,0,0,0,5,1.078626326
71049.51,0.513982243,0.5,6621,37,0.18115,33.4375,34.75,37.17,0,0,0.07,0,0,20,0.5,0.103,5.5,50,0,0.1,0.1,0.1,0.1,0.1,0.1,0.5,0,14499,0.044347886,0.016208014,0,0,0,0,0,0,0,0,0,0,5,1.144568612
71109.56,0.529370609,0.5,6621,37,0.18485,33.4375,34.6875,37.13,0,0,0.07,0,0,20,0.5,0.103,5.5,50,0,0.1,0.1,0.1,0.1,0.1,0.1,0.5,0,13648,0.045940797,0.016705744,0,0,0,0,0,0,0,0,0,0,5,1.17584034
71169.62,0.54356694,0.5,6621,37,0.14735,33.4375,34.75,37.25,0,0,0,0,0,20,0.5,0.103,5.5,50,0,0.1,0.1,0.1,0.1,0.1,0.1,0.5,0,15282,0.043907865,0.016097369,0,0,0,0,0,0,0,0,0,0,5,1.196440602
71229.69,0.543568003,0.5,6621,37,0.293025,33.375,34.8125,37.11,0,0.02,0.15,0,0,20,0.5,0.103,5.5,50,0,0.1,0.1,0.1,0.1,0.1,0.1,0.5,0,14416,0.045435627,0.016370699,0,0,0,0,0,0,0,0,0,0,0.44,1.196440602
71289.75,0.483378927,0.5,6621,37,0.61262679,33.1875,34.8125,35.67,0,0.016269057,0.135076226,0,0,20,0.5,0.103,5.5,50,0,0.1,0.1,0.1,0.1,0.1,0.1,0.5,0,14033,0.044252833,0.016247417,0,0,0,0,0,0,0,0,0,0,0.44,1.196440602
71349.81,0.440595704,0.5,6621,37,0.57765,33.0625,34.8125,35.83,0,0,0.07,0,0,20,0.5,0.103,5.5,50,0,0.1,0.1,0.1,0.1,0.1,0.1,0.5,0,12601,0.044996429,0.016427268,0,0,0,0,0,0,0,0,0,0,5,1.196440602
71409.87,0.44101214,0.5,6621,37,0.34955,33.375,34.8125,36.77,0,0,0.07,0,0,20,0.5,0.103,5.5,50,0,0.1,0.1,0.1,0.1,0.1,0.1,0.5,0,12756,0.044841643,0.016541235,0,0,0,0,0,0,0,0,0,0,5,1.196440602
71469.94,0.455493089,0.5,6621,37,0.27565,33.5625,34.875,37.05,0,0,0.25,0,0,20,0.5,0.103,5.5,50,0,0.1,0.1,0.1,0.1,0.1,0.1,0.5,0,12946,0.044724239,0.016375715,0,0,0,0,0,0,0,0,0,0,5,1.196440602
71530,0.458239314,0.5,6621,37,0.15185,33.6875,34.8125,37.49,0,0,0.07,0,0,20,0.5,0.103,5.5,50,0,0.1,0.1,0.1,0.1,0.1,0.1,0.5,0,13395,0.044195595,0.016200075,0,0,0,0,0,0,0,0,0,0,5,1.196440602
71590.07,0.471522487,0.5,6621,37,0.13095,33.6875,34.75,37.51,0,0,0.07,0,0,20,0.5,0.103,5.5,50,0,0.1,0.1,0.1,0.1,0.1,0.1,0.5,0,13033,0.044886058,0.016573314,0,0,0,0,0,0,0,0,0,0,5,1.196440602
71650.13,0.47284527,0.5,6621,37,0.14245,33.6875,34.75,37.41,0,0,0.07,0,0,20,0.5,0.103,5.5,50,0,0.1,0.1,0.1,0.1,0.1,0.1,0.5,0,13865,0.043490804,0.016155788,0,0,0,0,0,0,0,0,0,0,5,1.196440602
71710.19,0.484650945,0.5,6621,37,0.12835,33.6875,34.6875,37.41,0,0,0.07,0,0,20,0.5,0.103,5.5,50,0,0.1,0.1,0.1,0.1,0.1,0.1,0.5,0,13750,0.043781818,0.016,0,0,0,0,0,0,0,0,0,0,5,1.210600736
71770.23,0.49139025,0.5,6621,37,0.19645,33.5,34.6875,37.11,0,0,0.25,0,0,20,0.5,0.103,5.5,50,0,0.1,0.1,0.1,0.1,0.1,0.1,0.5,0,14122,0.043832318,0.015720153,0,0,0,0,0,0,0,0,0,0,5,1.191499761
71830.29,0.50102145,0.5,6621,37,0.22875,33.4375,34.625,36.97,0,0,0.07,0,0,20,0.5,0.103,5.5,50,0,0.1,0.1,0.1,0.1,0.1,0.1,0.5,0,13584,0.044464075,0.016416372,0,0,0,0,0,0,0,0,0,0,5,1.190155657
71890.36,0.507504899,0.5,6621,37,0.21045,33.375,34.5625,37.03,0,0,0.07,0,0,20,0.5,0.103,5.5,50,0,0.1,0.1,0.1,0.1,0.1,0.1,0.5,0,14224,0.044010124,0.01609955,0,0,0,0,0,0,0,0,0,0,5,1.169220227
71950.43,0.528209511,0.5,6621,37,0.12145,33.375,34.6875,37.35,0,0,0,0,0,20,0.5,0.103,5.5,50,0,0.1,0.1,0.1,0.1,0.1,0.1,0.5,0,14412,0.043574799,0.016097696,0,0,0,0,0,0,0,0,0,0,5,1.230719138
72010.49,0.532587169,0.5,6621,37,0.15485,33.3125,34.625,37.19,0,0,0,0,0,20,0.5,0.103,5.5,50,0,0.1,0.1,0.1,0.1,0.1,0.1,0.5,0,14257,0.044118679,0.016062285,0,0,0,0,0,0,0,0,0,0,5,1.193943911
72070.54,0.549345945,0.5,6621,37,0.12945,33.25,34.625,37.27,0,0,0,0,0,20,0.5,0.103,5.5,50,0,0.1,0.1,0.1,0.1,0.1,0.1,0.5,0,13643,0.045224657,0.016565272,0,0,0,0,0,0,0,0,0,0,5,1.227192111
72130.58,0.546431357,0.5,6621,37,0.3389,33.25,34.625,36.89,0,0.02,0.15,0,0,20,0.5,0.103,5.5,50,0,0.1,0.1,0.1,0.1,0.1,0.1,0.5,0,14388,0.044134001,0.016263553,0,0,0,0,0,0,0,0,0,0,0.44,1.227192111
72190.64,0.507810549,0.5,6621,37,0.564375,33,34.6875,35.93,0,0.02,0.15,0,0,20,0.5,0.103,5.5,50,0,0.1,0.1,0.1,0.1,0.1,0.1,0.5,0,13912,0.043559517,0.016173088,0,0,0,0,0,0,0,0,0,0,0.44,1.227192111
72250.71,0.445256318,0.5,6621,37,0.666533171,32.9375,34.6875,35.47,0,0.001422707,0.07569083,0,0,20,0.5,0.103,5.5,50,0,0.1,0.1,0.1,0.1,0.1,0.1,0.5,0,12785,0.043879546,0.016425499,0,0,0,0,0,0,0,0,0,0,0.44,1.227192111
72310.78,0.42562236,0.5,6621,37,0.47655,33.125,34.75,36.31,0,0,0.07,0,0,20,0.5,0.103,5.5,50,0,0.1,0.1,0.1,0.1,0.1,0.1,0.5,0,13060,0.043338438,0.016156202,0,0,0,0,0,0,0,0,0,0,5,1.227192111
72370.85,0.441914221,0.5,6621,37,0.29185,33.4375,34.8125,37.05,0,0,0.25,0,0,20,0.5,0.103,5.5,50,0,0.1,0.1,0.1,0.1,0.1,0.1,0.5,0,13457,0.04258007,0.015902504,0,0,0,0,0,0,0,0,0,0,5,1.227192111
72430.91,0.458315111,0.5,6621,37,0.15485,33.625,34.8125,37.55,0,0,0.07,0,0,20,0.5,0.103,5.5,50,0,0.1,0.1,0.1,0.1,0.1,0.1,0.5,0,13269,0.043107996,0.015750999,0,0,0,0,0,0,0,0,0,0,5,1.227192111
72490.97,0.469872812,0.5,6621,37,0.15305,33.8125,34.75,37.49,0,0,0.07,0,0,20,0.5,0.103,5.5,50,0,0.1,0.1,0.1,0.1,0.1,0.1,0.5,0,12660,0.04399684,0.016271722,0,0,0,0,0,0,0,0,0,0,5,1.227192111
72551.01,0.471417614,0.5,6621,37,0.08855,33.8125,34.6875,37.67,0,0,0.07,0,0,20,0.5,0.103,5.5,50,0,0.1,0.1,0.1,0.1,0.1,0.1,0.5,0,13670,0.04228237,0.015874177,0,0,0,0,0,0,0,0,0,0,5,1.227192111
72611.05,0.470317712,0.5,6621,37,0.17775,33.6875,34.6875,37.27,0,0,0.07,0,0,20,0.5,0.103,5.5,50,0,0.1,0.1,0.1,0.1,0.1,0.1,0.5,0,13875,0.042594595,0.015855856,0,0,0,0,0,0,0,0,0,0,5,1.227192111
72671.1,0.490300124,0.5,6621,37,0.10895,33.5625,34.6875,37.49,0,0,0.25,0,0,20,0.5,0.103,5.5,50,0,0.1,0.1,0.1,0.1,0.1,0.1,0.5,0,14362,0.041846539,0.01573597,0,0,0,0,0,0,0,0,0,0,5,1.290660259
72731.14,0.49833602,0.5,6621,37,0.22065,33.5,34.6875,37.03,0,0,0.07,0,0,20,0.5,0.103,5.5,50,0,0.1,0.1,0.1,0.1,0.1,0.1,0.5,0,14104,0.042895632,0.015811117,0,0,0,0,0,0,0,0,0,0,5,1.274897908
72791.19,0.510253966,0.5,6621,37,0.17785,33.375,34.6875,37.17,0,0,0.07,0,0,20,0.5,0.103,5.5,50,0,0.1,0.1,0.1,0.1,0.1,0.1,0.5,0,14070,0.042857143,0.015920398,0,0,0,0,0,0,0,0,0,0,5,1.282054967
72851.25,0.513400604,0.5,6621,37,0.23165,33.375,34.6875,36.95,0,0,0.07,0,0,20,0.5,0.103,5.5,50,0,0.1,0.1,0.1,0.1,0.1,0.1,0.5,0,14789,0.041990669,0.015687335,0,0,0,0,0,0,0,0,0,0,5,1.236395835
72911.32,0.522572499,0.5,6621,37,0.1052,33.4375,34.625,37.17,0,0,0,0,0,20,0.5,0.103,5.5,50,0,0.1,0.1,0.1,0.1,0.1,0.1,0.5,0,14685,0.042219952,0.015730337,0,0,0,0,0,0,0,0,0,0,5,1.227697891
72971.37,0.545474396,0.5,6621,37,0.1374,33.3125,34.5625,37.27,0,0,0,0,0,20,0.5,0.103,5.5,50,0,0.1,0.1,0.1,0.1,0.1,0.1,0.5,0,14287,0.043256107,0.016028557,0,0,0,0,0,0,0,0,0,0,5,1.294989415
73031.44,0.551439972,0.5,6621,37,0.2977,33.25,34.625,37.09,0,0.02,0.15,0,0,20,0.5,0.103,5.5,50,0,0.1,0.1,0.1,0.1,0.1,0.1,0.5,0,15085,0.042094796,0.015710971,0,0,0,0,0,0,0,0,0,0,0.44,1.294989415
73091.49,0.484403383,0.5,6621,37,0.557131895,33,34.625,35.93,0,0.017189853,0.138759412,0,0,20,0.5,0.103,5.5,50,0,0.1,0.1,0.1,0.1,0.1,0.1,0.5,0,13197,0.043494734,0.016140032,0,0,0,0,0,0,0,0,0,0,0.44,1.294989415
73151.55,0.424378296,0.5,6621,37,0.64965,32.9375,34.6875,35.53,0,0,0.07,0,0,20,0.5,0.103,5.5,50,0,0.1,0.1,0.1,0.1,0.1,0.1,0.5,0,12626,0.043323301,0.015840329,0,0,0,0,0,0,0,0,0,0,5,1.294989415
73211.6,0.443489701,0.5,6621,37,0.36075,33.25,34.75,36.73,0,0,0.07,0,0,20,0.5,0.103,5.5,50,0,0.1,0.1,0.1,0.1,0.1,0.1,0.5,0,13036,0.042574409,0.015955815,0,0,0,0,0,0,0,0,0,0,5,1.294989415
73271.68,0.466686709,0.5,6621,37,0.24095,33.5,34.75,37.19,0,0,0.25,0,0,20,0.5,0.103,5.5,50,0,0.1,0.1,0.1,0.1,0.1,0.1,0.5,0,12675,0.043076923,0.016094675,0,0,0,0,0,0,0,0,0,0,5,1.294989415
73331.73,0.454649238,0.5,6621,37,0.19185,33.625,34.8125,37.33,0,0,0.07,0,0,20,0.5,0.103,5.5,50,0,0.1,0.1,0.1,0.1,0.1,0.1,0.5,0,13320,0.042117117,0.015915916,0,0,0,0,0,0,0,0,0,0,5,1.294989415
73391.81,0.467830847,0.5,6621,37,0.10385,33.75,34.8125,37.61,0,0,0.07,0,0,20,0.5,0.103,5.5,50,0,0.1,0.1,0.1,0.1,0.1,0.1,0.5,0,13067,0.04285605,0.016071019,0,0,0,0,0,0,0,0,0,0,5,1.294989415
73451.85,0.472042561,0.5,6621,37,0.10645,33.6875,34.875,37.53,0,0,0.07,0,0,20,0.5,0.103,5.5,50,0,0.1,0.1,0.1,0.1,0.1,0.1,0.5,0,14023,0.041645868,0.015688512,0,0,0,0,0,0,0,0,0,0,5,1.294989415
73511.9,0.480805986,0.5,6621,37,0.19925,33.625,34.6875,37.13,0,0,0.07,0,0,20,0.5,0.103,5.5,50,0,0.1,0.1,0.1,0.1,0.1,0.1,0.5,0,13434,0.042801846,0.015929731,0,0,0,0,0,0,0,0,0,0,5,1.285423986
73571.93,0.478320968,0.5,6621,37,0.21565,33.5,34.625,37.05,0,0,0.25,0,0,20,0.5,0.103,5.5,50,0,0.1,0.1,0.1,0.1,0.1,0.1,0.5,0,13469,0.043284579,0.016036825,0,0,0,0,0,0,0,0,0,0,5,1.205607253
73631.97,0.513965475,0.5,6621,37,0.15785,33.4375,34.625,37.25,0,0,0.07,0,0,20,0.5,0.103,5.5,50,0,0.1,0.1,0.1,0.1,0.1,0.1,0.5,0,13502,0.042956599,0.01599763,0,0,0,0,0,0,0,0,0,0,5,1.360949206
73692.03,0.515139997,0.5,6621,37,0.18565,33.375,34.625,37.11,0,0,0.07,0,0,20,0.5,0.103,5.5,50,0,0.1,0.1,0.1,0.1,0.1,0.1,0.5,0,13766,0.042786576,0.015763475,0,0,0,0,0,0,0,0,0,0,5,1.299749572
73752.09,0.527217464,0.5,6621,37,0.1416,33.25,34.625,37.17,0,0,0,0,0,20,0.5,0.103,5.5,50,0,0.1,0.1,0.1,0.1,0.1,0.1,0.5,0,14162,0.042578732,0.015887586,0,0,0,0,0,0,0,0,0,0,5,1.30428531
73812.16,0.543701223,0.5,6621,37,0.1403,33.25,34.625,36.95,0,0,0,0,0,20,0.5,0.103,5.5,50,0,0.1,0.1,0.1,0.1,0.1,0.1,0.5,0,14788,0.041858263,0.015756018,0,0,0,0,0,0,0,0,0,0,5,1.331431341
73872.22,0.558635992,0.5,6621,37,0.3094,33.25,34.625,37.03,0,0.02,0.25,0,0,20,0.5,0.103,5.5,50,0,0.1,0.1,0.1,0.1,0.1,0.1,0.5,0,14352,0.042154404,0.015816611,0,0,0,0,0,0,0,0,0,0,0.44,1.331431341
73932.28,0.493378482,0.5,6621,37,0.581398336,33.0625,34.625,35.83,0,0.019069987,0.146279948,0,0,20,0.5,0.103,5.5,50,0,0.1,0.1,0.1,0.1,0.1,0.1,0.5,0,13643,0.042585942,0.01597889,0,0,0,0,0,0,0,0,0,0,0.44,1.331431341
73992.35,0.448013511,0.5,6621,37,0.57945,32.8125,34.625,35.77,0,0,0.07,0,0,20,0.5,0.103,5.5,50,0,0.1,0.1,0.1,0.1,0.1,0.1,0.5,0,13533,0.04160201,0.015517624,0,0,0,0,0,0,0,0,0,0,5,1.331431341
74052.42,0.455171986,0.5,6621,37,0.40005,33.0625,34.625,36.55,0,0,0.07,0,0,20,0.5,0.103,5.5,50,0,0.1,0.1,0.1,0.1,0.1,0.1,0.5,0,13227,0.042186437,0.015574204,0,0,0,0,0,0,0,0,0,0,5,1.331431341
74112.45,0.47667639,0.5,6621,37,0.25235,33.375,34.6875,37.13,0,0,0.07,0,0,20,0.5,0.103,5.5,50,0,0.1,0.1,0.1,0.1,0.1,0.1,0.5,0,13776,0.041158537,0.015679443,0,0,0,0,0,0,0,0,0,0,5,1.331431341
74172.49,0.470444699,0.5,6621,37,0.14825,33.5625,34.6875,37.49,0,0,0.25,0,0,20,0.5,0.103,5.5,50,0,0.1,0.1,0.1,0.1,0.1,0.1,0.5,0,13198,0.042279133,0.015987271,0,0,0,0,0,0,0,0,0,0,5,1.331431341
74232.53,0.493999808,0.5,6621,37,0.12945,33.625,34.75,37.51,0,0,0.07,0,0,20,0.5,0.103,5.5,50,0,0.1,0.1,0.1,0.1,0.1,0.1,0.5,0,12993,0.042946202,0.015854691,0,0,0,0,0,0,0,0,0,0,5,1.331431341
74292.57,0.492189601,0.5,6621,37,0.19305,33.625,34.75,37.21,0,0,0.07,0,0,20,0.5,0.103,5.5,50,0,0.1,0.1,0.1,0.1,0.1,0.1,0.5,0,13369,0.042112349,0.016081981,0,0,0,0,0,0,0,0,0,0,5,1.331431341
74352.62,0.513821207,0.5,6621,37,0.14225,33.625,34.75,37.37,0,0,0.07,0,0,20,0.5,0.103,5.5,50,0,0.1,0.1,0.1,0.1,0.1,0.1,0.5,0,14007,0.041550653,0.015777825,0,0,0,0,0,0,0,0,0,0,5,1.393893815
74412.66,0.50437845,0.5,6621,37,0.13645,33.5625,34.6875,37.35,0,0,0.07,0,0,20,0.5,0.103,5.5,50,0,0.1,0.1,0.1,0.1,0.1,0.1,0.5,0,13809,0.041929177,0.015714389,0,0,0,0,0,0,0,0,0,0,5,1.268553689
74472.71,0.52515215,0.5,6621,37,0.16185,33.5,34.6875,37.21,0,0,0.25,0,0,20,0.5,0.103,5.5,50,0,0.1,0.1,0.1,0.1,0.1,0.1,0.5,0,14660,0.040791269,0.015484311,0,0,0,0,0,0,0,0,0,0,5,1.326209456
74532.75,0.531441235,0.5,6621,37,0.17675,33.375,34.625,37.13,0,0,0.07,0,0,20,0.5,0.103,5.5,50,0,0.1,0.1,0.1,0.1,0.1,0.1,0.5,0,14313,0.041710333,0.015650108,0,0,0,0,0,0,0,0,0,0,5,1.295612776
74592.79,0.539899916,0.5,6621,37,0.1642,33.3125,34.625,37.21,0,0,0,0,0,20,0.5,0.103,5.5,50,0,0.1,0.1,0.1,0.1,0.1,0.1,0.5,0,14539,0.041405874,0.015750739,0,0,0,0,0,0,0,0,0,0,5,1.278205602
74652.84,0.561331523,0.5,6621,37,0.1458,33.25,34.625,37.05,0,0,0,0,0,20,0.5,0.103,5.5,50,0,0.1,0.1,0.1,0.1,0.1,0.1,0.5,0,14610,0.041752225,0.015605749,0,0,0,0,0,0,0,0,0,0,5,1.331079019
74712.9,0.548222056,0.5,6621,37,0.4664,33.25,34.625,36.29,0,0.02,0.15,0,0,20,0.5,0.103,5.5,50,0,0.1,0.1,0.1,0.1,0.1,0.1,0.5,0,14967,0.040956772,0.015367141,0,0,0,0,0,0,0,0,0,0,0.44,1.331079019
74772.96,0.505206339,0.5,6621,37,0.716025,32.9375,34.5625,35.29,0,0.02,0.25,0,0,20,0.5,0.103,5.5,50,0,0.1,0.1,0.1,0.1,0.1,0.1,0.5,0,13471,0.042313117,0.01551481,0,0,0,0,0,0,0,0,0,0,0.44,1.331079019
74833,0.426353909,0.5,6621,37,0.67475,32.8125,34.5625,35.51,0,0,0.07,0,0,20,0.5,0.103,5.5,50,0,0.1,0.1,0.1,0.1,0.1,0.1,0.5,0,12793,0.041976081,0.015789885,0,0,0,0,0,0,0,0,0,0,0.44,1.331079019
74893.07,0.437874409,0.5,6621,37,0.37935,33.125,34.5625,36.73,0,0,0.07,0,0,20,0.5,0.103,5.5,50,0,0.1,0.1,0.1,0.1,0.1,0.1,0.5,0,13210,0.041256624,0.015669947,0,0,0,0,0,0,0,0,0,0,5,1.331079019
74953.11,0.444964168,0.5,6621,37,0.18705,33.375,34.5625,37.45,0,0,0.07,0,0,20,0.5,0.103,5.5,50,0,0.1,0.1,0.1,0.1,0.1,0.1,0.5,0,12885,0.041753977,0.015832363,0,0,0,0,0,0,0,0,0,0,5,1.331079019
75013.17,0.458988346,0.5,6621,37,0.11585,33.5625,34.5625,37.67,0,0,0.07,0,0,20,0.5,0.103,5.5,50,0,0.1,0.1,0.1,0.1,0.1,0.1,0.5,0,13335,0.041169854,0.015823022,0,0,0,0,0,0,0,0,0,0,5,1.331079019
75073.25,0.461144306,0.5,6621,37,0.21095,33.625,34.625,37.25,0,0,0.25,0,0,20,0.5,0.103,5.5,50,0,0.1,0.1,0.1,0.1,0.1,0.1,0.5,0,13833,0.040627485,0.01525338,0,0,0,0,0,0,0,0,0,0,5,1.331079019
75133.3,0.483791049,0.5,6621,37,0.13625,33.625,34.625,37.49,0,0,0.07,0,0,20,0.5,0.103,5.5,50,0,0.1,0.1,0.1,0.1,0.1,0.1,0.5,0,13577,0.041319879,0.015540988,0,0,0,0,0,0,0,0,0,0,5,1.331079019
75193.36,0.482831581,0.5,6621,37,0.15985,33.625,34.625,37.35,0,0,0.07,0,0,20,0.5,0.103,5.5,50,0,0.1,0.1,0.1,0.1,0.1,0.1,0.5,0,13299,0.041582074,0.015790661,0,0,0,0,0,0,0,0,0,0,5,1.331079019
75253.42,0.49602792,0.5,6621,37,0.13105,33.5625,34.6875,37.41,0,0,0.07,0,0,20,0.5,0.103,5.5,50,0,0.1,0.1,0.1,0.1,0.1,0.1,0.5,0,14004,0.041131105,0.015352756,0,0,0,0,0,0,0,0,0,0,5,1.345418015
75313.49,0.509064371,0.5,6621,37,0.17885,33.5,34.6875,37.19,0,0,0.07,0,0,20,0.5,0.103,5.5,50,0,0.1,0.1,0.1,0.1,0.1,0.1,0.5,0,14319,0.04106432,0.015503876,0,0,0,0,0,0,0,0,0,0,5,1.35597389
75373.53,0.527539068,0.5,6621,37,0.17195,33.5,34.8125,37.19,0,0,0.25,0,0,20,0.5,0.103,5.5,50,0,0.1,0.1,0.1,0.1,0.1,0.1,0.5,0,14431,0.040676322,0.015175664,0,0,0,0,0,0,0,0,0,0,5,1.395120548
75433.57,0.554084184,0.5,6621,37,0.185,33.5,34.8125,37.19,0,0,0,0,0,20,0.5,0.103,5.5,50,0,0.1,0.1,0.1,0.1,0.1,0.1,0.5,0,13771,0.041318713,0.015757752,0,0,0,0,0,0,0,0,0,0,5,1.472645642
75493.62,0.545613643,0.5,6621,37,0.352975,33.375,34.6875,36.87,0,0.02,0.15,0,0,20,0.5,0.103,5.5,50,0,0.1,0.1,0.1,0.1,0.1,0.1,0.5,0,14164,0.041301892,0.01574414,0,0,0,0,0,0,0,0,0,0,0.44,1.472645642
75553.67,0.47464801,0.5,6621,37,0.735970407,33.1875,34.6875,35.15,0,0.015325758,0.131303031,0,0,20,0.5,0.103,5.5,50,0,0.1,0.1,0.1,0.1,0.1,0.1,0.5,0,13215,0.041770715,0.015815361,0,0,0,0,0,0,0,0,0,0,0.44,1.472645642
75613.7,0.42777869,0.5,6621,37,0.52955,33.0625,34.625,36.05,0,0,0.07,0,0,20,0.5,0.103,5.5,50,0,0.1,0.1,0.1,0.1,0.1,0.1,0.5,0,13094,0.041163892,0.015656026,0,0,0,0,0,0,0,0,0,0,5,1.472645642
75673.77,0.423650853,0.5,6621,37,0.36705,33.3125,34.625,36.73,0,0,0.25,0,0,20,0.5,0.103,5.5,50,0,0.1,0.1,0.1,0.1,0.1,0.1,0.5,0,13113,0.040494166,0.015633341,0,0,0,0,0,0,0,0,0,0,5,1.472645642
75733.81,0.451446105,0.5,6621,37,0.18835,33.5,34.625,37.41,0,0,0.07,0,0,20,0.5,0.103,5.5,50,0,0.1,0.1,0.1,0.1,0.1,0.1,0.5,0,12683,0.041551683,0.015453757,0,0,0,0,0,0,0,0,0,0,5,1.472645642
75793.88,0.442010765,0.5,6621,37,0.13865,33.625,34.625,37.55,0,0,0.07,0,0,20,0.5,0.103,5.5,50,0,0.1,0.1,0.1,0.1,0.1,0.1,0.5,0,13276,0.041051522,0.01529075,0,0,0,0,0,0,0,0,0,0,5,1.472645642
75853.94,0.452301809,0.5,6621,37,0.11065,33.6875,34.625,37.59,0,0,0.07,0,0,20,0.5,0.103,5.5,50,0,0.1,0.1,0.1,0.1,0.1,0.1,0.5,0,13781,0.040345403,0.015310935,0,0,0,0,0,0,0,0,0,0,5,1.472645642
75914.01,0.480769543,0.5,6621,37,0.15215,33.6875,34.625,37.37,0,0,0.07,0,0,20,0.5,0.103,5.5,50,0,0.1,0.1,0.1,0.1,0.1,0.1,0.5,0,13696,0.040668808,0.015625,0,0,0,0,0,0,0,0,0,0,5,1.472645642
75974.07,0.486782202,0.5,6621,37,0.17225,33.5625,34.6875,37.25,0,0,0.25,0,0,20,0.5,0.103,5.5,50,0,0.1,0.1,0.1,0.1,0.1,0.1,0.5,0,13820,0.040376266,0.015557164,0,0,0,0,0,0,0,0,0,0,5,1.436299651
76034.12,0.491283181,0.5,6621,37,0.14175,33.5,34.625,37.33,0,0,0.07,0,0,20,0.5,0.103,5.5,50,0,0.1,0.1,0.1,0.1,0.1,0.1,0.5,0,13532,0.041309489,0.015370973,0,0,0,0,0,0,0,0,0,0,5,1.392096385
76094.18,0.521931568,0.5,6621,37,0.16575,33.375,34.625,37.21,0,0,0.07,0,0,20,0.5,0.103,5.5,50,0,0.1,0.1,0.1,0.1,0.1,0.1,0.5,0,13825,0.040867993,0.015696203,0,0,0,0,0,0,0,0,0,0,5,1.5040389
76154.23,0.503714449,0.5,6621,37,0.17005,33.375,34.5625,37.17,0,0,0.07,0,0,20,0.5,0.103,5.5,50,0,0.1,0.1,0.1,0.1,0.1,0.1,0.5,0,14403,0.040269388,0.015205166,0,0,0,0,0,0,0,0,0,0,5,1.322256119
76214.27,0.522159055,0.5,6621,37,0.1887,33.3125,34.5,37.05,0,0,0,0,0,20,0.5,0.103,5.5,50,0,0.1,0.1,0.1,0.1,0.1,0.1,0.5,0,14241,0.040797697,0.015659013,0,0,0,0,0,0,0,0,0,0,5,1.364031436
76274.33,0.545344567,0.5,6621,37,0.166,33.1875,34.5625,36.97,0,0,0,0,0,20,0.5,0.103,5.5,50,0,0.1,0.1,0.1,0.1,0.1,0.1,0.5,0,13684,0.041654487,0.015857936,0,0,0,0,0,0,0,0,0,0,5,1.426166614
76334.4,0.553672094,0.5,6621,37,0.510525,33.1875,34.5625,36.13,0,0.02,0.15,0,0,20,0.5,0.103,5.5,50,0,0.1,0.1,0.1,0.1,0.1,0.1,0.5,0,14420,0.040846047,0.015395284,0,0,0,0,0,0,0,0,0,0,0.44,1.426166614
76394.43,0.478638802,0.5,6621,37,0.581430549,33,34.625,35.89,0,0.016657881,0.136631524,0,0,20,0.5,0.103,5.5,50,0,0.1,0.1,0.1,0.1,0.1,0.1,0.5,0,13582,0.041010161,0.015682521,0,0,0,0,0,0,0,0,0,0,0.44,1.426166614
76454.5,0.43733625,0.5,6621,37,0.54625,32.875,34.625,35.97,0,0,0.07,0,0,20,0.5,0.103,5.5,50,0,0.1,0.1,0.1,0.1,0.1,0.1,0.5,0,13109,0.040811656,0.015561828,0,0,0,0,0,0,0,0,0,0,5,1.426166614
76514.55,0.433123734,0.5,6621,37,0.31555,33.125,34.625,36.93,0,0,0.07,0,0,20,0.5,0.103,5.5,50,0,0.1,0.1,0.1,0.1,0.1,0.1,0.5,0,12765,0.041363102,0.015746181,0,0,0,0,0,0,0,0,0,0,5,1.426166614
76574.61,0.445659696,0.5,6621,37,0.21745,33.4375,34.6875,37.29,0,0,0.25,0,0,20,0.5,0.103,5.5,50,0,0.1,0.1,0.1,0.1,0.1,0.1,0.5,0,12835,0.041137515,0.015348656,0,0,0,0,0,0,0,0,0,0,5,1.426166614
76634.67,0.4480074,0.5,6621,37,0.16245,33.5625,34.6875,37.45,0,0,0.07,0,0,20,0.5,0.103,5.5,50,0,0.1,0.1,0.1,0.1,0.1,0.1,0.5,0,13213,0.040566109,0.015287974,0,0,0,0,0,0,0,0,0,0,5,1.426166614
76694.74,0.457336634,0.5,6621,37,0.1663,33.5625,34.75,37.49,0,0,0.07,0,0,20,0.5,0.103,5.5,50,0,0.1,0.1,0.1,0.1,0.1,0.1,0.5,0,13635,0.039823982,0.015181518,0,0,0,0,0,0,0,0,0,0,5,1.426166614
76754.81,0.467029441,0.5,6621,37,0.1646,33.625,34.75,37.43,0,0,0.07,0,0,20,0.5,0.103,5.5,50,0,0.1,0.1,0.1,0.1,0.1,0.1,0.5,0,13144,0.041159464,0.015824711,0,0,0,0,0,0,0,0,0,0,5,1.426166614
76814.88,0.478118164,0.5,6621,37,0.1555,33.625,34.75,37.25,0,0,0.07,0,0,20,0.5,0.103,5.5,50,0,0.1,0.1,0.1,0.1,0.1,0.1,0.5,0,14545,0.03905122,0.014919216,0,0,0,0,0,0,0,0,0,0,5,1.425255111
76874.94,0.492515733,0.5,6621,37,0.15945,33.5625,34.75,37.27,0,0,0.25,0,0,20,0.5,0.103,5.5,50,0,0.1,0.1,0.1,0.1,0.1,0.1,0.5,0,14731,0.039236983,0.015138144,0,0,0,0,0,0,0,0,0,0,5,1.442997846
76934.99,0.497376239,0.5,6621,37,0.1819,33.4375,34.75,37.19,0,0,0.07,0,0,20,0.5,0.103,5.5,50,0,0.1,0.1,0.1,0.1,0.1,0.1,0.5,0,13663,0.040840225,0.015662739,0,0,0,0,0,0,0,0,0,0,5,1.400309022
76995.05,0.501604858,0.5,6621,37,0.1332,33.375,34.75,37.19,0,0,0.07,0,0,20,0.5,0.103,5.5,50,0,0.1,0.1,0.1,0.1,0.1,0.1,0.5,0,14104,0.040697674,0.015456608,0,0,0,0,0,0,0,0,0,0,5,1.355691313
77055.11,0.50936397,0.5,6621,37,0.1793,33.3125,34.6875,37.01,0,0,0,0,0,20,0.5,0.103,5.5,50,0,0.1,0.1,0.1,0.1,0.1,0.1,0.5,0,14335,0.040041856,0.015207534,0,0,0,0,0,0,0,0,0,0,5,1.333957214
77115.17,0.526654931,0.5,6621,37,0.229,33.3125,34.625,37.09,0,0,0,0,0,20,0.5,0.103,5.5,50,0,0.1,0.1,0.1,0.1,0.1,0.1,0.5,0,14231,0.040615558,0.015318671,0,0,0,0,0,0,0,0,0,0,5,1.367407528
77175.24,0.54352474,0.5,6621,37,0.1769,33.3125,34.625,37.17,0,0,0,0,0,20,0.5,0.103,5.5,50,0,0.1,0.1,0.1,0.1,0.1,0.1,0.5,0,14821,0.039740908,0.015383577,0,0,0,0,0,0,0,0,0,0,5,1.393626161
77235.3,0.564407669,0.5,6621,37,0.468425,33.3125,34.5625,36.33,0,0.02,0.15,0,0,20,0.5,0.103,5.5,50,0,0.1,0.1,0.1,0.1,0.1,0.1,0.5,0,14909,0.039774633,0.015225703,0,0,0,0,0,0,0,0,0,0,0.44,1.393626161
77295.35,0.490381381,0.5,6621,37,0.765088794,33,34.5625,35.07,0,0.019262103,0.147048414,0,0,20,0.5,0.103,5.5,50,0,0.1,0.1,0.1,0.1,0.1,0.1,0.5,0,13918,0.040307515,0.015303923,0,0,0,0,0,0,0,0,0,0,0.44,1.393626161
77355.39,0.417489353,0.5,6621,37,0.711637792,32.9375,34.5,35.67,0,0,0.07,0,0,20,0.5,0.103,5.5,50,0,0.1,0.1,0.1,0.1,0.1,0.1,0.5,0,13255,0.039984911,0.015164089,0,0,0,0,0,0,0,0,0,0,5,1.393626161
77415.46,0.425410159,0.5,6621,37,0.3925,33.1875,34.5,36.87,0,0,0.07,0,0,20,0.5,0.103,5.5,50,0,0.1,0.1,0.1,0.1,0.1,0.1,0.5,0,13409,0.039674845,0.015586546,0,0,0,0,0,0,0,0,0,0,5,1.393626161
77475.51,0.44876325,0.5,6621,37,0.27375,33.375,34.5,37.09,0,0,0.25,0,0,20,0.5,0.103,5.5,50,0,0.1,0.1,0.1,0.1,0.1,0.1,0.5,0,13352,0.039694428,0.015203715,0,0,0,0,0,0,0,0,0,0,5,1.393626161
77535.58,0.458061861,0.5,6621,37,0.1399,33.5625,34.5,37.35,0,0,0.07,0,0,20,0.5,0.103,5.5,50,0,0.1,0.1,0.1,0.1,0.1,0.1,0.5,0,13290,0.040105342,0.015500376,0,0,0,0,0,0,0,0,0,0,5,1.393626161
77595.63,0.452829346,0.5,6621,37,0.1381,33.5625,34.5,37.25,0,0,0.07,0,0,20,0.5,0.103,5.5,50,0,0.1,0.1,0.1,0.1,0.1,0.1,0.5,0,13014,0.041032734,0.015291225,0,0,0,0,0,0,0,0,0,0,5,1.393626161
77655.7,0.468459685,0.5,6621,37,0.1564,33.5625,34.5625,37.49,0,0,0.07,0,0,20,0.5,0.103,5.5,50,0,0.1,0.1,0.1,0.1,0.1,0.1,0.5,0,13236,0.040495618,0.015563614,0,0,0,0,0,0,0,0,0,0,5,1.393626161
77715.75,0.47111274,0.5,6621,37,0.1406,33.5625,34.625,37.37,0,0,0.07,0,0,20,0.5,0.103,5.5,50,0,0.1,0.1,0.1,0.1,0.1,0.1,0.5,0,13532,0.040274904,0.015444871,0,0,0,0,0,0,0,0,0,0,5,1.340887002
77775.82,0.48054992,0.5,6621,37,0.19315,33.5625,34.6875,37.17,0,0,0.25,0,0,20,0.5,0.103,5.5,50,0,0.1,0.1,0.1,0.1,0.1,0.1,0.5,0,14848,0.038658405,0.015018858,0,0,0,0,0,0,0,0,0,0,5,1.333343709
77835.87,0.498999362,0.5,6621,37,0.127,33.5625,34.6875,37.19,0,0,0.07,0,0,20,0.5,0.103,5.5,50,0,0.1,0.1,0.1,0.1,0.1,0.1,0.5,0,14068,0.03973557,0.015425078,0,0,0,0,0,0,0,0,0,0,5,1.379697633
77895.93,0.50270763,0.5,6621,37,0.1147,33.5,34.6875,37.03,0,0,0.07,0,0,20,0.5,0.103,5.5,50,0,0.1,0.1,0.1,0.1,0.1,0.1,0.5,0,14177,0.03971221,0.015306482,0,0,0,0,0,0,0,0,0,0,5,1.332924544
77956,0.510798663,0.5,6621,37,0.1457,33.375,34.6875,37.03,0,0,0,0,0,20,0.5,0.103,5.5,50,0,0.1,0.1,0.1,0.1,0.1,0.1,0.5,0,13992,0.040594626,0.015508862,0,0,0,0,0,0,0,0,0,0,5,1.314178593
78016.06,0.5304571,0.5,6621,37,0.2248,33.3125,34.625,37.01,0,0,0,0,0,20,0.5,0.103,5.5,50,0,0.1,0.1,0.1,0.1,0.1,0.1,0.5,0,14793,0.039410532,0.015277496,0,0,0,0,0,0,0,0,0,0,5,1.361760403
78076.1,0.546580766,0.5,6621,37,0.1951,33.25,34.5625,36.97,0,0,0,0,0,20,0.5,0.103,5.5,50,0,0.1,0.1,0.1,0.1,0.1,0.1,0.5,0,14255,0.040266573,0.01529288,0,0,0,0,0,0,0,0,0,0,5,1.383501372
78136.17,0.542032215,0.5,6621,37,0.531025,33.25,34.5625,36.05,0,0.02,0.15,0,0,20,0.5,0.103,5.5,50,0,0.1,0.1,0.1,0.1,0.1,0.1,0.5,0,14616,0.039819376,0.015530925,0,0,0,0,0,0,0,0,0,0,0.44,1.383501372
78196.23,0.473193432,0.5,6621,37,1,33,34.5,34.99,0,0.014772768,0.12909107,0,0,20,0.5,0.103,5.5,50,0,0.1,0.1,0.1,0.1,0.1,0.1,0.5,0,13632,0.040492958,0.015625,0,0,0,0,0,0,0,0,0,0,0.44,1.383501372
78256.26,0.446044486,0.5,6621,37,0.573062644,33,34.5,36.15,0,0,0.07,0,0,20,0.5,0.103,5.5,50,0,0.1,0.1,0.1,0.1,0.1,0.1,0.5,0,12999,0.040387722,0.015539657,0,0,0,0,0,0,0,0,0,0,5,1.383501372
78316.33,0.440998982,0.5,6621,37,0.29195,33.25,34.5,36.89,0,0,0.07,0,0,20,0.5,0.103,5.5,50,0,0.1,0.1,0.1,0.1,0.1,0.1,0.5,0,12961,0.040428979,0.015430908,0,0,0,0,0,0,0,0,0,0,5,1.383501372
78376.4,0.437992368,0.5,6621,37,0.2249,33.5625,34.5625,37.13,0,0,0.25,0,0,20,0.5,0.103,5.5,50,0,0.1,0.1,0.1,0.1,0.1,0.1,0.5,0,13201,0.03999697,0.015453375,0,0,0,0,0,0,0,0,0,0,5,1.383501372
78436.44,0.447048039,0.5,6621,37,0.10105,33.5625,34.5625,37.59,0,0,0.07,0,0,20,0.5,0.103,5.5,50,0,0.1,0.1,0.1,0.1,0.1,0.1,0.5,0,12975,0.040924855,0.015722543,0,0,0,0,0,0,0,0,0,0,5,1.383501372
78496.52,0.466279469,0.5,6621,37,0.10255,33.5625,34.5625,37.27,0,0,0.07,0,0,20,0.5,0.103,5.5,50,0,0.1,0.1,0.1,0.1,0.1,0.1,0.5,0,12581,0.041093713,0.015738018,0,0,0,0,0,0,0,0,0,0,5,1.383501372
78556.59,0.482237433,0.5,6621,37,0.15505,33.5625,34.625,37.13,0,0,0.07,0,0,20,0.5,0.103,5.5,50,0,0.1,0.1,0.1,0.1,0.1,0.1,0.5,0,13492,0.040468426,0.015490661,0,0,0,0,0,0,0,0,0,0,5,1.383501372
78616.66,0.489310952,0.5,6621,37,0.11075,33.5,34.6875,37.25,0,0,0.07,0,0,20,0.5,0.103,5.5,50,0,0.1,0.1,0.1,0.1,0.1,0.1,0.5,0,13119,0.040704322,0.015626191,0,0,0,0,0,0,0,0,0,0,5,1.358011067
78676.72,0.493151053,0.5,6621,37,0.2075,33.5,34.6875,37.01,0,0,0.25,0,0,20,0.5,0.103,5.5,50,0,0.1,0.1,0.1,0.1,0.1,0.1,0.5,0,13551,0.040587411,0.015423216,0,0,0,0,0,0,0,0,0,0,5,1.313562539
78736.79,0.512996505,0.5,6621,37,0.15965,33.4375,34.6875,37.19,0,0,0.07,0,0,20,0.5,0.103,5.5,50,0,0.1,0.1,0.1,0.1,0.1,0.1,0.5,0,13796,0.040301537,0.015656712,0,0,0,0,0,0,0,0,0,0,5,1.36624494
78796.85,0.508706279,0.5,6621,37,0.09445,33.375,34.75,37.09,0,0,0.07,0,0,20,0.5,0.103,5.5,50,0,0.1,0.1,0.1,0.1,0.1,0.1,0.5,0,14365,0.039610164,0.015384615,0,0,0,0,0,0,0,0,0,0,5,1.272737986
78856.89,0.52562444,0.5,6621,37,0.16525,33.375,34.6875,37.03,0,0,0,0,0,20,0.5,0.103,5.5,50,0,0.1,0.1,0.1,0.1,0.1,0.1,0.5,0,13723,0.041026015,0.015448517,0,0,0,0,0,0,0,0,0,0,5,1.307249596
78916.94,0.523797004,0.5,6621,37,0.17875,33.375,34.75,36.79,0,0,0,0,0,20,0.5,0.103,5.5,50,0,0.1,0.1,0.1,0.1,0.1,0.1,0.5,0,14036,0.040681106,0.015602736,0,0,0,0,0,0,0,0,0,0,5,1.231438853
78976.99,0.551721894,0.5,6621,37,0.20555,33.25,34.75,37.09,0,0,0,0,0,20,0.5,0.103,5.5,50,0,0.1,0.1,0.1,0.1,0.1,0.1,0.5,0,14622,0.040213377,0.015387772,0,0,0,0,0,0,0,0,0,0,5,1.325686591
79037.03,0.539280292,0.5,6621,37,0.18995,33.25,34.6875,37.05,0,0,0,0,0,20,0.5,0.103,5.5,50,0,0.1,0.1,0.1,0.1,0.1,0.1,0.5,0,14223,0.040638403,0.015467904,0,0,0,0,0,0,0,0,0,0,5,1.190976322
79097.07,0.560122788,0.5,6621,37,0.16495,33.25,34.625,37.11,0,0,0,0,0,20,0.5,0.103,5.5,50,0,0.1,0.1,0.1,0.1,0.1,0.1,0.5,0,14648,0.040210268,0.015155653,0,0,0,0,0,0,0,0,0,0,5,1.245189206
79157.12,0.565752733,0.5,6621,37,0.45345,33.1875,34.625,36.33,0,0.02,0.15,0,0,20,0.5,0.103,5.5,50,0,0.1,0.1,0.1,0.1,0.1,0.1,0.5,0,15208,0.039650184,0.015123619,0,0,0,0,0,0,0,0,0,0,0.44,1.245189206
79217.19,0.518368042,0.5,6621,37,0.716325,33,34.6875,35.21,0,0.02,0.15,0,0,20,0.5,0.103,5.5,50,0,0.1,0.1,0.1,0.1,0.1,0.1,0.5,0,13520,0.040754438,0.01545858,0,0,0,0,0,0,0,0,0,0,0.44,1.245189206
79277.26,0.441860115,0.5,6621,37,0.677214071,32.875,34.625,35.47,0,0.001048081,0.25,0,0,20,0.5,0.103,5.5,50,0,0.1,0.1,0.1,0.1,0.1,0.1,0.5,0,13817,0.039371788,0.015053919,0,0,0,0,0,0,0,0,0,0,0.44,1.245189206
79337.31,0.446506676,0.5,6621,37,0.464022254,33.125,34.5625,36.57,0,0,0.07,0,0,20,0.5,0.103,5.5,50,0,0.1,0.1,0.1,0.1,0.1,0.1,0.5,0,13562,0.039374723,0.015263236,0,0,0,0,0,0,0,0,0,0,5,1.245189206
79397.37,0.452359422,0.5,6621,37,0.28035,33.4375,34.5625,37.29,0,0,0.07,0,0,20,0.5,0.103,5.5,50,0,0.1,0.1,0.1,0.1,0.1,0.1,0.5,0,13161,0.040346478,0.01542436,0,0,0,0,0,0,0,0,0,0,5,1.245189206
79457.45,0.467490702,0.5,6621,37,0.18045,33.5625,34.5625,37.53,0,0,0.07,0,0,20,0.5,0.103,5.5,50,0,0.1,0.1,0.1,0.1,0.1,0.1,0.5,0,13477,0.039177859,0.015433702,0,0,0,0,0,0,0,0,0,0,5,1.245189206
79517.51,0.47005126,0.5,6621,37,0.10925,33.625,34.625,37.43,0,0,0.07,0,0,20,0.5,0.103,5.5,50,0,0.1,0.1,0.1,0.1,0.1,0.1,0.5,0,13216,0.04002724,0.015284504,0,0,0,0,0,0,0,0,0,0,5,1.245189206
79577.58,0.483070599,0.5,6621,37,0.1649,33.625,34.5625,37.37,0,0,0.25,0,0,20,0.5,0.103,5.5,50,0,0.1,0.1,0.1,0.1,0.1,0.1,0.5,0,13441,0.040324381,0.015623838,0,0,0,0,0,0,0,0,0,0,5,1.245189206
79637.63,0.483384538,0.5,6621,37,0.14345,33.5,34.5,37.41,0,0,0.07,0,0,20,0.5,0.103,5.5,50,0,0.1,0.1,0.1,0.1,0.1,0.1,0.5,0,13111,0.0403478,0.01540691,0,0,0,0,0,0,0,0,0,0,5,1.245189206
79697.7,0.500037412,0.5,6621,37,0.18735,33.5625,34.625,37.37,0,0,0.07,0,0,20,0.5,0.103,5.5,50,0,0.1,0.1,0.1,0.1,0.1,0.1,0.5,0,13659,0.039900432,0.015520902,0,0,0,0,0,0,0,0,0,0,5,1.284541058
79757.74,0.51492221,0.5,6621,37,0.20015,33.5,34.625,37.33,0,0,0.07,0,0,20,0.5,0.103,5.5,50,0,0.1,0.1,0.1,0.1,0.1,0.1,0.5,0,13224,0.040759226,0.015426497,0,0,0,0,0,0,0,0,0,0,5,1.308312767
79817.79,0.534033336,0.5,6621,37,0.16025,33.4375,34.6875,37.21,0,0,0.07,0,0,20,0.5,0.103,5.5,50,0,0.1,0.1,0.1,0.1,0.1,0.1,0.5,0,14246,0.03944967,0.015302541,0,0,0,0,0,0,0,0,0,0,5,1.352224397
79877.85,0.534458642,0.5,6621,37,0.2061,33.4375,34.6875,37.03,0,0,0.25,0,0,20,0.5,0.103,5.5,50,0,0.1,0.1,0.1,0.1,0.1,0.1,0.5,0,14442,0.03953746,0.01530259,0,0,0,0,0,0,0,0,0,0,5,1.287001437
79937.89,0.537227604,0.5,6621,37,0.16325,33.375,34.625,37.11,0,0,0,0,0,20,0.5,0.103,5.5,50,0,0.1,0.1,0.1,0.1,0.1,0.1,0.5,0,14823,0.039128382,0.015246576,0,0,0,0,0,0,0,0,0,0,5,1.238153859
79997.94,0.554908573,0.5,6621,37,0.12075,33.3125,34.625,37.19,0,0,0,0,0,20,0.5,0.103,5.5,50,0,0.1,0.1,0.1,0.1,0.1,0.1,0.5,0,14975,0.03933222,0.015292154,0,0,0,0,0,0,0,0,0,0,5,1.27339072
80057.99,0.540535132,0.5,6621,37,0.52715,33.25,34.625,36.05,0,0.02,0.15,0,0,20,0.5,0.103,5.5,50,0,0.1,0.1,0.1,0.1,0.1,0.1,0.5,0,15225,0.03908046,0.014909688,0,0,0,0,0,0,0,0,0,0,0.44,1.27339072
80118.04,0.485919792,0.5,6621,37,0.765232162,33.0625,34.625,35.07,0,0.016298572,0.135194289,0,0,20,0.5,0.103,5.5,50,0,0.1,0.1,0.1,0.1,0.1,0.1,0.5,0,13453,0.040214079,0.015535568,0,0,0,0,0,0,0,0,0,0,0.44,1.27339072
80178.11,0.4393434,0.5,6621,37,0.5107,33,34.5625,36.15,0,0,0.25,0,0,20,0.5,0.103,5.5,50,0,0.1,0.1,0.1,0.1,0.1,0.1,0.5,0,13804,0.039336424,0.014995653,0,0,0,0,0,0,0,0,0,0,5,1.27339072
80238.16,0.431940937,0.5,6621,37,0.33795,33.25,34.5,36.93,0,0,0.07,0,0,20,0.5,0.103,5.5,50,0,0.1,0.1,0.1,0.1,0.1,0.1,0.5,0,13583,0.039240227,0.015313259,0,0,0,0,0,0,0,0,0,0,5,1.27339072
80298.22,0.462181327,0.5,6621,37,0.18335,33.5,34.5625,37.37,0,0,0.07,0,0,20,0.5,0.103,5.5,50,0,0.1,0.1,0.1,0.1,0.1,0.1,0.5,0,12896,0.04008995,0.015663772,0,0,0,0,0,0,0,0,0,0,5,1.27339072
80358.29,0.474753616,0.5,6621,37,0.17075,33.5625,34.5625,37.53,0,0,0.07,0,0,20,0.5,0.103,5.5,50,0,0.1,0.1,0.1,0.1,0.1,0.1,0.5,0,13104,0.040064103,0.015262515,0,0,0,0,0,0,0,0,0,0,5,1.27339072
80418.36,0.481407554,0.5,6621,37,0.15105,33.5625,34.5625,37.61,0,0,0.07,0,0,20,0.5,0.103,5.5,50,0,0.1,0.1,0.1,0.1,0.1,0.1,0.5,0,13748,0.039569392,0.015347687,0,0,0,0,0,0,0,0,0,0,5,1.27339072
80478.43,0.483299114,0.5,6621,37,0.1591,33.5,34.5625,37.35,0,0,0.25,0,0,20,0.5,0.103,5.5,50,0,0.1,0.1,0.1,0.1,0.1,0.1,0.5,0,13314,0.039957939,0.015397326,0,0,0,0,0,0,0,0,0,0,5,1.27339072
80538.48,0.496374499,0.5,6621,37,0.14855,33.4375,34.625,37.35,0,0,0.07,0,0,20,0.5,0.103,5.5,50,0,0.1,0.1,0.1,0.1,0.1,0.1,0.5,0,13921,0.039795992,0.015300625,0,0,0,0,0,0,0,0,0,0,5,1.289805987
80598.56,0.516725016,0.5,6621,37,0.18395,33.375,34.6875,37.19,0,0,0.07,0,0,20,0.5,0.103,5.5,50,0,0.1,0.1,0.1,0.1,0.1,0.1,0.5,0,13829,0.040060742,0.015474727,0,0,0,0,0,0,0,0,0,0,5,1.345856197
80658.59,0.52554819,0.5,6621,37,0.13145,33.375,34.625,37.33,0,0,0.07,0,0,20,0.5,0.103,5.5,50,0,0.1,0.1,0.1,0.1,0.1,0.1,0.5,0,14806,0.038970688,0.014926381,0,0,0,0,0,0,0,0,0,0,5,1.329356504
80718.63,0.518418626,0.5,6621,37,0.14545,33.375,34.625,37.21,0,0,0.07,0,0,20,0.5,0.103,5.5,50,0,0.1,0.1,0.1,0.1,0.1,0.1,0.5,0,14842,0.038674033,0.015024929,0,0,0,0,0,0,0,0,0,0,5,1.221912237
80778.67,0.539454887,0.5,6621,37,0.14325,33.375,34.6875,37.13,0,0,0,0,0,20,0.5,0.103,5.5,50,0,0.1,0.1,0.1,0.1,0.1,0.1,0.5,0,14633,0.0395681,0.015307866,0,0,0,0,0,0,0,0,0,0,5,1.280144886
80838.72,0.555112393,0.5,6621,37,0.20315,33.25,34.6875,37.05,0,0,0,0,0,20,0.5,0.103,5.5,50,0,0.1,0.1,0.1,0.1,0.1,0.1,0.5,0,15128,0.039264939,0.015269699,0,0,0,0,0,0,0,0,0,0,5,1.301971968
80898.8,0.564729461,0.5,6621,37,0.546525,33.25,34.6875,35.93,0,0.02,0.15,0,0,20,0.5,0.103,5.5,50,0,0.1,0.1,0.1,0.1,0.1,0.1,0.5,0,14389,0.039822086,0.015428452,0,0,0,0,0,0,0,0,0,0,0.44,1.301971968
80958.85,0.489080035,0.5,6621,37,0.768231456,33.0625,34.6875,35.05,0,0.019124365,0.146497461,0,0,20,0.5,0.103,5.5,50,0,0.1,0.1,0.1,0.1,0.1,0.1,0.5,0,13258,0.040503847,0.015764067,0,0,0,0,0,0,0,0,0,0,0.44,1.301971968
81018.91,0.438711207,0.5,6621,37,0.727980948,33,34.75,35.61,0,0,0.07,0,0,20,0.5,0.103,5.5,50,0,0.1,0.1,0.1,0.1,0.1,0.1,0.5,0,12875,0.04007767,0.015533981,0,0,0,0,0,0,0,0,0,0,5,1.301971968
81078.98,0.440190469,0.5,6621,37,0.3577,33.25,34.625,36.81,0,0,0.25,0,0,20,0.5,0.103,5.5,50,0,0.1,0.1,0.1,0.1,0.1,0.1,0.5,0,12772,0.040322581,0.015659255,0,0,0,0,0,0,0,0,0,0,5,1.301971968
81139.05,0.461965073,0.5,6621,37,0.23865,33.5,34.625,37.25,0,0,0.07,0,0,20,0.5,0.103,5.5,50,0,0.1,0.1,0.1,0.1,0.1,0.1,0.5,0,13352,0.039544638,0.015353505,0,0,0,0,0,0,0,0,0,0,5,1.301971968
81199.09,0.457131905,0.5,6621,37,0.11445,33.6875,34.6875,37.61,0,0,0.07,0,0,20,0.5,0.103,5.5,50,0,0.1,0.1,0.1,0.1,0.1,0.1,0.5,0,12987,0.04004004,0.015246015,0,0,0,0,0,0,0,0,0,0,5,1.301971968
81259.13,0.481583041,0.5,6621,37,0.13375,33.6875,34.6875,37.41,0,0,0.07,0,0,20,0.5,0.103,5.5,50,0,0.1,0.1,0.1,0.1,0.1,0.1,0.5,0,13347,0.040158837,0.015059564,0,0,0,0,0,0,0,0,0,0,5,1.301971968
81319.2,0.487081253,0.5,6621,37,0.14815,33.625,34.6875,37.41,0,0,0.07,0,0,20,0.5,0.103,5.5,50,0,0.1,0.1,0.1,0.1,0.1,0.1,0.5,0,13680,0.039473684,0.015277778,0,0,0,0,0,0,0,0,0,0,5,1.301971968
81379.24,0.504110982,0.5,6621,37,0.2154,33.5,34.625,37.09,0,0,0.25,0,0,20,0.5,0.103,5.5,50,0,0.1,0.1,0.1,0.1,0.1,0.1,0.5,0,13369,0.040092752,0.015259182,0,0,0,0,0,0,0,0,0,0,5,1.33996985
81439.28,0.514088993,0.5,6621,37,0.11865,33.4375,34.5625,37.19,0,0,0.07,0,0,20,0.5,0.103,5.5,50,0,0.1,0.1,0.1,0.1,0.1,0.1,0.5,0,14318,0.039251292,0.014946222,0,0,0,0,0,0,0,0,0,0,5,1.331771181
81499.35,0.50905659,0.5,6621,37,0.17795,33.3125,34.5625,37.17,0,0,0.07,0,0,20,0.5,0.103,5.5,50,0,0.1,0.1,0.1,0.1,0.1,0.1,0.5,0,13617,0.0400235,0.015421899,0,0,0,0,0,0,0,0,0,0,5,1.235671025
81559.41,0.527309722,0.5,6621,37,0.19345,33.3125,34.625,37.17,0,0,0.07,0,0,20,0.5,0.103,5.5,50,0,0.1,0.1,0.1,0.1,0.1,0.1,0.5,0,13817,0.039950785,0.015488167,0,0,0,0,0,0,0,0,0,0,5,1.279574159
81619.47,0.52071722,0.5,6621,37,0.17215,33.25,34.625,37.17,0,0,0,0,0,20,0.5,0.103,5.5,50,0,0.1,0.1,0.1,0.1,0.1,0.1,0.5,0,14562,0.039280319,0.015245159,0,0,0,0,0,0,0,0,0,0,5,1.177852593
81679.52,0.546314535,0.5,6621,37,0.18475,33.25,34.6875,36.89,0,0,0,0,0,20,0.5,0.103,5.5,50,0,0.1,0.1,0.1,0.1,0.1,0.1,0.5,0,13665,0.040687889,0.015587267,0,0,0,0,0,0,0,0,0,0,5,1.262923214
81739.6,0.549369299,0.5,6621,37,0.18265,33.1875,34.6875,37.13,0,0.02,0.15,0,0,20,0.5,0.103,5.5,50,0,0.1,0.1,0.1,0.1,0.1,0.1,0.5,0,14631,0.039231768,0.015173262,0,0,0,0,0,0,0,0,0,0,0.44,1.262923214
81799.65,0.496114656,0.5,6621,37,0.527275,33.0625,34.75,36.07,0,0.018490639,0.143962557,0,0,20,0.5,0.103,5.5,50,0,0.1,0.1,0.1,0.1,0.1,0.1,0.5,0,14083,0.039409217,0.015266634,0,0,0,0,0,0,0,0,0,0,0.44,1.262923214
81859.69,0.425359289,0.5,6621,37,0.660303002,33,34.75,35.97,0,0,0.07,0,0,20,0.5,0.103,5.5,50,0,0.1,0.1,0.1,0.1,0.1,0.1,0.5,0,12954,0.039678864,0.015207658,0,0,0,0,0,0,0,0,0,0,5,1.262923214
81919.75,0.442391634,0.5,6621,37,0.37775,33.3125,34.8125,36.77,0,0,0.07,0,0,20,0.5,0.103,5.5,50,0,0.1,0.1,0.1,0.1,0.1,0.1,0.5,0,13015,0.040030734,0.01529005,0,0,0,0,0,0,0,0,0,0,5,1.262923214
81979.82,0.45024327,0.5,6621,37,0.2492,33.5625,34.8125,37.19,0,0,0.25,0,0,20,0.5,0.103,5.5,50,0,0.1,0.1,0.1,0.1,0.1,0.1,0.5,0,13642,0.038777305,0.015173728,0,0,0,0,0,0,0,0,0,0,5,1.262923214
82039.87,0.465977549,0.5,6621,37,0.15095,33.6875,34.75,37.61,0,0,0.07,0,0,20,0.5,0.103,5.5,50,0,0.1,0.1,0.1,0.1,0.1,0.1,0.5,0,12954,0.04037363,0.015516443,0,0,0,0,0,0,0,0,0,0,5,1.262923214
82099.94,0.486382844,0.5,6621,37,0.09025,33.6875,34.6875,37.55,0,0,0.07,0,0,20,0.5,0.103,5.5,50,0,0.1,0.1,0.1,0.1,0.1,0.1,0.5,0,13420,0.039567809,0.015126677,0,0,0,0,0,0,0,0,0,0,5,1.262923214
82159.99,0.474844273,0.5,6621,37,0.13965,33.5625,34.625,37.35,0,0,0.07,0,0,20,0.5,0.103,5.5,50,0,0.1,0.1,0.1,0.1,0.1,0.1,0.5,0,13713,0.039451615,0.015241012,0,0,0,0,0,0,0,0,0,0,5,1.262923214
82220.06,0.483935392,0.5,6621,37,0.17535,33.4375,34.625,37.45,0,0,0.07,0,0,20,0.5,0.103,5.5,50,0,0.1,0.1,0.1,0.1,0.1,0.1,0.5,0,13387,0.040337641,0.015612161,0,0,0,0,0,0,0,0,0,0,5,1.256670574
82280.1,0.501101468,0.5,6621,37,0.2085,33.375,34.5625,37.09,0,0,0.25,0,0,20,0.5,0.103,5.5,50,0,0.1,0.1,0.1,0.1,0.1,0.1,0.5,0,13588,0.040035325,0.015454813,0,0,0,0,0,0,0,0,0,0,5,1.29840865
82340.14,0.523935398,0.5,6621,37,0.18065,33.375,34.5625,37.21,0,0,0.07,0,0,20,0.5,0.103,5.5,50,0,0.1,0.1,0.1,0.1,0.1,0.1,0.5,0,13780,0.039912917,0.01509434,0,0,0,0,0,0,0,0,0,0,5,1.367167551
82400.24,0.503821796,0.5,6621,37,0.18235,33.3125,34.5625,37.19,0,0,0.07,0,0,20,0.5,0.103,5.5,50,0,0.1,0.1,0.1,0.1,0.1,0.1,0.5,0,14039,0.040102571,0.015314481,0,0,0,0,0,0,0,0,0,0,5,1.181371884
82460.29,0.525398294,0.5,6621,37,0.12305,33.3125,34.5625,37.27,0,0,0,0,0,20,0.5,0.103,5.5,50,0,0.1,0.1,0.1,0.1,0.1,0.1,0.5,0,14417,0.039259208,0.015329125,0,0,0,0,0,0,0,0,0,0,5,1.248105297
82520.36,0.535744371,0.5,6621,37,0.14495,33.25,34.5,37.27,0,0,0,0,0,20,0.5,0.103,5.5,50,0,0.1,0.1,0.1,0.1,0.1,0.1,0.5,0,14233,0.039907258,0.015457036,0,0,0,0,0,0,0,0,0,0,5,1.244201527
82580.44,0.535298931,0.5,6621,37,0.19405,33.1875,34.5625,37.09,0,0,0,0,0,20,0.5,0.103,5.5,50,0,0.1,0.1,0.1,0.1,0.1,0.1,0.5,0,14367,0.039535046,0.015173662,0,0,0,0,0,0,0,0,0,0,5,1.179496087
82640.55,0.547395147,0.5,6621,37,0.17985,33.125,34.5625,37.19,0,0,0,0,0,20,0.5,0.103,5.5,50,0,0.1,0.1,0.1,0.1,0.1,0.1,0.5,0,15329,0.038684846,0.014808533,0,0,0,0,0,0,0,0,0,0,5,1.187558054
82700.59,0.569626483,0.5,6621,37,0.18895,33.125,34.5625,37.03,0,0.02,0.15,0,0,20,0.5,0.103,5.5,50,0,0.1,0.1,0.1,0.1,0.1,0.1,0.5,0,14691,0.039616091,0.01524743,0,0,0,0,0,0,0,0,0,0,0.44,1.187558054
82760.66,0.493770882,0.5,6621,37,0.574325,32.9375,34.625,36.09,0,0.02,0.15,0,0,20,0.5,0.103,5.5,50,0,0.1,0.1,0.1,0.1,0.1,0.1,0.5,0,14233,0.039415443,0.015246259,0,0,0,0,0,0,0,0,0,0,0.44,1.187558054
82820.71,0.440208103,0.5,6621,37,0.65635,32.875,34.5625,35.75,0,0,0.07,0,0,20,0.5,0.103,5.5,50,0,0.1,0.1,0.1,0.1,0.1,0.1,0.5,0,13527,0.039106971,0.015154875,0,0,0,0,0,0,0,0,0,0,5,1.187558054
82880.79,0.44634258,0.5,6621,37,0.30475,33.1875,34.5625,36.87,0,0,0.25,0,0,20,0.5,0.103,5.5,50,0,0.1,0.1,0.1,0.1,0.1,0.1,0.5,0,12974,0.039926006,0.015415446,0,0,0,0,0,0,0,0,0,0,5,1.187558054
82940.83,0.45005439,0.5,6621,37,0.206,33.4375,34.6875,37.21,0,0,0.07,0,0,20,0.5,0.103,5.5,50,0,0.1,0.1,0.1,0.1,0.1,0.1,0.5,0,13954,0.039128565,0.015049448,0,0,0,0,0,0,0,0,0,0,5,1.187558054
83000.89,0.462737827,0.5,6621,37,0.1543,33.5625,34.75,37.41,0,0,0.07,0,0,20,0.5,0.103,5.5,50,0,0.1,0.1,0.1,0.1,0.1,0.1,0.5,0,12923,0.040160953,0.015553664,0,0,0,0,0,0,0,0,0,0,5,1.187558054
83060.95,0.490465948,0.5,6621,37,0.1408,33.5625,34.6875,37.45,0,0,0.07,0,0,20,0.5,0.103,5.5,50,0,0.1,0.1,0.1,0.1,0.1,0.1,0.5,0,13216,0.040178571,0.015435835,0,0,0,0,0,0,0,0,0,0,5,1.187558054
83121.02,0.48607927,0.5,6621,37,0.1391,33.5625,34.75,37.35,0,0,0.07,0,0,20,0.5,0.103,5.5,50,0,0.1,0.1,0.1,0.1,0.1,0.1,0.5,0,14143,0.039100615,0.01513116,0,0,0,0,0,0,0,0,0,0,5,1.187558054
83181.07,0.508053205,0.5,6621,37,0.17525,33.5625,34.75,37.19,0,0,0.25,0,0,20,0.5,0.103,5.5,50,0,0.1,0.1,0.1,0.1,0.1,0.1,0.5,0,14386,0.038996246,0.015153622,0,0,0,0,0,0,0,0,0,0,5,1.260823526
83241.13,0.512874986,0.5,6621,37,0.1459,33.5625,34.8125,37.29,0,0,0.07,0,0,20,0.5,0.103,5.5,50,0,0.1,0.1,0.1,0.1,0.1,0.1,0.5,0,14079,0.039278358,0.015270971,0,0,0,0,0,0,0,0,0,0,5,1.226120194
83301.17,0.514721419,0.5,6621,37,0.1637,33.5,34.8125,37.11,0,0,0.07,0,0,20,0.5,0.103,5.5,50,0,0.1,0.1,0.1,0.1,0.1,0.1,0.5,0,14353,0.039364593,0.015327806,0,0,0,0,0,0,0,0,0,0,5,1.175595276
83361.24,0.523702266,0.5,6621,37,0.1589,33.4375,34.8125,37.05,0,0,0.07,0,0,20,0.5,0.103,5.5,50,0,0.1,0.1,0.1,0.1,0.1,0.1,0.5,0,14284,0.039554747,0.015191823,0,0,0,0,0,0,0,0,0,0,5,1.168708033
83421.28,0.526335265,0.5,6621,37,0.1694,33.4375,34.875,37.01,0,0,0,0,0,20,0.5,0.103,5.5,50,0,0.1,0.1,0.1,0.1,0.1,0.1,0.5,0,13744,0.040308498,0.015570431,0,0,0,0,0,0,0,0,0,0,5,1.125317838
83481.32,0.535138864,0.5,6621,37,0.1899,33.375,34.75,37.03,0,0,0,0,0,20,0.5,0.103,5.5,50,0,0.1,0.1,0.1,0.1,0.1,0.1,0.5,0,14691,0.039343816,0.015383568,0,0,0,0,0,0,0,0,0,0,5,1.118815573
83541.37,0.552831184,0.5,6621,37,0.1622,33.3125,34.6875,37.19,0,0,0,0,0,20,0.5,0.103,5.5,50,0,0.1,0.1,0.1,0.1,0.1,0.1,0.5,0,14338,0.040172967,0.015343842,0,0,0,0,0,0,0,0,0,0,5,1.160454025
83601.41,0.547044333,0.5,6621,37,0.1492,33.25,34.625,36.95,0,0.02,0.15,0,0,20,0.5,0.103,5.5,50,0,0.1,0.1,0.1,0.1,0.1,0.1,0.5,0,14073,0.040645207,0.015632772,0,0,0,0,0,0,0,0,0,0,0.44,1.160454025
83661.48,0.485066066,0.5,6621,37,0.63255,32.9375,34.625,35.89,0,0.01683941,0.137357638,0,0,20,0.5,0.103,5.5,50,0,0.1,0.1,0.1,0.1,0.1,0.1,0.5,0,13505,0.040207331,0.015549796,0,0,0,0,0,0,0,0,0,0,0.44,1.160454025
83721.55,0.443038326,0.5,6621,37,0.622528721,32.9375,34.625,35.53,0,0,0.07,0,0,20,0.5,0.103,5.5,50,0,0.1,0.1,0.1,0.1,0.1,0.1,0.5,0,13449,0.039259424,0.015391479,0,0,0,0,0,0,0,0,0,0,5,1.160454025
83781.61,0.436743233,0.5,6621,37,0.38735,33.125,34.625,36.65,0,0,0.25,0,0,20,0.5,0.103,5.5,50,0,0.1,0.1,0.1,0.1,0.1,0.1,0.5,0,13461,0.039224426,0.015377758,0,0,0,0,0,0,0,0,0,0,5,1.160454025
83841.67,0.463540332,0.5,6621,37,0.2654,33.375,34.625,37.33,0,0,0.07,0,0,20,0.5,0.103,5.5,50,0,0.1,0.1,0.1,0.1,0.1,0.1,0.5,0,12995,0.039630627,0.015621393,0,0,0,0,0,0,0,0,0,0,5,1.160454025
83901.72,0.46588169,0.5,6621,37,0.0883,33.5,34.625,37.59,0,0,0.07,0,0,20,0.5,0.103,5.5,50,0,0.1,0.1,0.1,0.1,0.1,0.1,0.5,0,13879,0.038979754,0.015130773,0,0,0,0,0,0,0,0,0,0,5,1.160454025
83961.79,0.48499932,0.5,6621,37,0.1324,33.5625,34.6875,37.27,0,0,0.07,0,0,20,0.5,0.103,5.5,50,0,0.1,0.1,0.1,0.1,0.1,0.1,0.5,0,12978,0.040221914,0.015256588,0,0,0,0,0,0,0,0,0,0,5,1.160454025
84021.83,0.488983322,0.5,6621,37,0.1719,33.5625,34.75,37.35,0,0,0.07,0,0,20,0.5,0.103,5.5,50,0,0.1,0.1,0.1,0.1,0.1,0.1,0.5,0,13674,0.039710399,0.015284481,0,0,0,0,0,0,0,0,0,0,5,1.160454025
84081.89,0.494612219,0.5,6621,37,0.18735,33.625,34.75,37.21,0,0,0.25,0,0,20,0.5,0.103,5.5,50,0,0.1,0.1,0.1,0.1,0.1,0.1,0.5,0,13613,0.040182179,0.015352971,0,0,0,0,0,0,0,0,0,0,5,1.13676836
84141.95,0.498487412,0.5,6621,37,0.1524,33.5,34.875,37.29,0,0,0.07,0,0,20,0.5,0.103,5.5,50,0,0.1,0.1,0.1,0.1,0.1,0.1,0.5,0,13908,0.03983319,0.015386828,0,0,0,0,0,0,0,0,0,0,5,1.103342774
84202.02,0.522817204,0.5,6621,37,0.1198,33.5,34.875,37.27,0,0,0.07,0,0,20,0.5,0.103,5.5,50,0,0.1,0.1,0.1,0.1,0.1,0.1,0.5,0,14775,0.038714044,0.015228426,0,0,0,0,0,0,0,0,0,0,5,1.191136289
84262.09,0.539173794,0.5,6621,37,0.1891,33.375,34.875,37.29,0,0,0.07,0,0,20,0.5,0.103,5.5,50,0,0.1,0.1,0.1,0.1,0.1,0.1,0.5,0,13909,0.040261701,0.015457617,0,0,0,0,0,0,0,0,0,0,5,1.223997679
84322.15,0.530367935,0.5,6621,37,0.1796,33.4375,34.9375,37.27,0,0,0,0,0,20,0.5,0.103,5.5,50,0,0.1,0.1,0.1,0.1,0.1,0.1,0.5,0,14597,0.039391656,0.015482633,0,0,0,0,0,0,0,0,0,0,5,1.113396871
84382.19,0.550604226,0.5,6621,37,0.1598,33.4375,34.9375,37.05,0,0,0,0,0,20,0.5,0.103,5.5,50,0,0.1,0.1,0.1,0.1,0.1,0.1,0.5,0,14263,0.040173876,0.015424525,0,0,0,0,0,0,0,0,0,0,5,1.170062886
84442.26,0.548062654,0.5,6621,37,0.1243,33.375,34.875,37.29,0,0.02,0.15,0,0,20,0.5,0.103,5.5,50,0,0.1,0.1,0.1,0.1,0.1,0.1,0.5,0,14724,0.039866884,0.015484923,0,0,0,0,0,0,0,0,0,0,0.44,1.170062886
84502.32,0.493146579,0.5,6621,37,0.60675,33.125,34.75,35.93,0,0.01798183,0.141927321,0,0,20,0.5,0.103,5.5,50,0,0.1,0.1,0.1,0.1,0.1,0.1,0.5,0,13033,0.04074273,0.015806031,0,0,0,0,0,0,0,0,0,0,0.44,1.170062886
84562.38,0.445352066,0.5,6621,37,0.643654576,33,34.6875,35.81,0,0,0.07,0,0,20,0.5,0.103,5.5,50,0,0.1,0.1,0.1,0.1,0.1,0.1,0.5,0,13200,0.039545455,0.015075758,0,0,0,0,0,0,0,0,0,0,5,1.170062886
84622.41,0.436987772,0.5,6621,37,0.351,33.25,34.625,36.81,0,0,0.07,0,0,20,0.5,0.103,5.5,50,0,0.1,0.1,0.1,0.1,0.1,0.1,0.5,0,13050,0.040076628,0.015478927,0,0,0,0,0,0,0,0,0,0,5,1.170062886
84682.48,0.456954685,0.5,6621,37,0.24925,33.4375,34.625,37.17,0,0,0.25,0,0,20,0.5,0.103,5.5,50,0,0.1,0.1,0.1,0.1,0.1,0.1,0.5,0,13358,0.039526875,0.015196886,0,0,0,0,0,0,0,0,0,0,5,1.170062886
84742.54,0.469149921,0.5,6621,37,0.199,33.5625,34.5625,37.43,0,0,0.07,0,0,20,0.5,0.103,5.5,50,0,0.1,0.1,0.1,0.1,0.1,0.1,0.5,0,13229,0.039987905,0.015496258,0,0,0,0,0,0,0,0,0,0,5,1.170062886
84802.64,0.483506596,0.5,6621,37,0.1634,33.5625,34.5625,37.53,0,0,0.07,0,0,20,0.5,0.103,5.5,50,0,0.1,0.1,0.1,0.1,0.1,0.1,0.5,0,13594,0.039576284,0.015153744,0,0,0,0,0,0,0,0,0,0,5,1.170062886
84862.71,0.474599305,0.5,6621,37,0.1349,33.5625,34.625,37.45,0,0,0.07,0,0,20,0.5,0.103,5.5,50,0,0.1,0.1,0.1,0.1,0.1,0.1,0.5,0,13397,0.040158244,0.015525864,0,0,0,0,0,0,0,0,0,0,5,1.170062886
84922.75,0.493080258,0.5,6621,37,0.1287,33.5,34.625,37.33,0,0,0.07,0,0,20,0.5,0.103,5.5,50,0,0.1,0.1,0.1,0.1,0.1,0.1,0.5,0,14174,0.039367857,0.01523917,0,0,0,0,0,0,0,0,0,0,5,1.226162975
84982.81,0.492985415,0.5,6621,37,0.19685,33.375,34.6875,37.13,0,0,0.25,0,0,20,0.5,0.103,5.5,50,0,0.1,0.1,0.1,0.1,0.1,0.1,0.5,0,14173,0.039229521,0.015169689,0,0,0,0,0,0,0,0,0,0,5,1.164277724
85042.86,0.50857996,0.5,6621,37,0.1631,33.375,34.625,37.09,0,0,0.07,0,0,20,0.5,0.103,5.5,50,0,0.1,0.1,0.1,0.1,0.1,0.1,0.5,0,15075,0.03880597,0.014925373,0,0,0,0,0,0,0,0,0,0,5,1.199492421
85102.92,0.525722461,0.5,6621,37,0.1509,33.3125,34.6875,37.13,0,0,0.07,0,0,20,0.5,0.103,5.5,50,0,0.1,0.1,0.1,0.1,0.1,0.1,0.5,0,14669,0.039198309,0.015202127,0,0,0,0,0,0,0,0,0,0,5,1.238970746
85162.97,0.526518501,0.5,6621,37,0.1602,33.25,34.6875,37.03,0,0,0,0,0,20,0.5,0.103,5.5,50,0,0.1,0.1,0.1,0.1,0.1,0.1,0.5,0,13870,0.04037491,0.015284787,0,0,0,0,0,0,0,0,0,0,5,1.181561323
85223.01,0.563268589,0.5,6621,37,0.1966,33.3125,34.75,37.05,0,0,0,0,0,20,0.5,0.103,5.5,50,0,0.1,0.1,0.1,0.1,0.1,0.1,0.5,0,13757,0.040706549,0.015555717,0,0,0,0,0,0,0,0,0,0,5,1.324893592
85283.05,0.54695352,0.5,6621,37,0.428825,33.3125,34.8125,36.47,0,0.02,0.25,0,0,20,0.5,0.103,5.5,50,0,0.1,0.1,0.1,0.1,0.1,0.1,0.5,0,14825,0.039325464,0.015244519,0,0,0,0,0,0,0,0,0,0,0.44,1.324893592
85343.11,0.505705509,0.5,6621,37,0.449675,33.125,34.875,36.31,0,0.02,0.15,0,0,20,0.5,0.103,5.5,50,0,0.1,0.1,0.1,0.1,0.1,0.1,0.5,0,13828,0.040208273,0.015548163,0,0,0,0,0,0,0,0,0,0,0.44,1.324893592
85403.18,0.450910722,0.5,6621,37,0.62295,33.0625,34.875,35.83,0,0.019459492,0.147837966,0,0,20,0.5,0.103,5.5,50,0,0.1,0.1,0.1,0.1,0.1,0.1,0.5,0,13447,0.039860192,0.015468134,0,0,0,0,0,0,0,0,0,0,0.44,1.324893592
85463.25,0.410368365,0.5,6621,37,0.669167638,33.0625,34.75,35.81,0,0,0.07,0,0,20,0.5,0.103,5.5,50,0,0.1,0.1,0.1,0.1,0.1,0.1,0.5,0,12357,0.040220118,0.015699603,0,0,0,0,0,0,0,0,0,0,5,1.324893592
85523.3,0.410668821,0.5,6621,37,0.3239,33.3125,34.6875,36.69,0,0,0.07,0,0,20,0.5,0.103,5.5,50,0,0.1,0.1,0.1,0.1,0.1,0.1,0.5,0,12438,0.040440585,0.015436565,0,0,0,0,0,0,0,0,0,0,5,1.324893592
85583.35,0.411916082,0.5,6621,37,0.20205,33.625,34.625,37.45,0,0,0.25,0,0,20,0.5,0.103,5.5,50,0,0.1,0.1,0.1,0.1,0.1,0.1,0.5,0,12958,0.03982096,0.015434481,0,0,0,0,0,0,0,0,0,0,5,1.324893592
85643.4,0.426245399,0.5,6621,37,0.1529,33.6875,34.5625,37.61,0,0,0.07,0,0,20,0.5,0.103,5.5,50,0,0.1,0.1,0.1,0.1,0.1,0.1,0.5,0,12752,0.040228984,0.015605395,0,0,0,0,0,0,0,0,0,0,5,1.324893592
85703.48,0.427193905,0.5,6621,37,0.076,33.625,34.5,37.77,0,0,0.07,0,0,20,0.5,0.103,5.5,50,0,0.1,0.1,0.1,0.1,0.1,0.1,0.5,0,12849,0.040003113,0.015565414,0,0,0,0,0,0,0,0,0,0,5,1.324893592
85763.55,0.444257009,0.5,6621,37,0.1304,33.625,34.5625,37.45,0,0,0.07,0,0,20,0.5,0.103,5.5,50,0,0.1,0.1,0.1,0.1,0.1,0.1,0.5,0,12821,0.040558459,0.015209422,0,0,0,0,0,0,0,0,0,0,5,1.324893592
85823.62,0.453354586,0.5,6621,37,0.1625,33.5,34.5,37.25,0,0,0.07,0,0,20,0.5,0.103,5.5,50,0,0.1,0.1,0.1,0.1,0.1,0.1,0.5,0,13228,0.040066526,0.015421832,0,0,0,0,0,0,0,0,0,0,5,1.319462894
85883.66,0.466051375,0.5,6621,37,0.21775,33.5,34.5625,37.11,0,0,0.25,0,0,20,0.5,0.103,5.5,50,0,0.1,0.1,0.1,0.1,0.1,0.1,0.5,0,13575,0.039926335,0.015248619,0,0,0,0,0,0,0,0,0,0,5,1.336353659
85943.7,0.474338818,0.5,6621,37,0.1684,33.4375,34.625,37.35,0,0,0.07,0,0,20,0.5,0.103,5.5,50,0,0.1,0.1,0.1,0.1,0.1,0.1,0.5,0,13353,0.040140792,0.015427245,0,0,0,0,0,0,0,0,0,0,5,1.322413968
86003.75,0.484531683,0.5,6621,37,0.1685,33.375,34.625,37.19,0,0,0.07,0,0,20,0.5,0.103,5.5,50,0,0.1,0.1,0.1,0.1,0.1,0.1,0.5,0,13521,0.039863915,0.015383478,0,0,0,0,0,0,0,0,0,0,5,1.32007612
86063.81,0.490407193,0.5,6621,37,0.1751,33.3125,34.6875,37.13,0,0,0,0,0,20,0.5,0.103,5.5,50,0,0.1,0.1,0.1,0.1,0.1,0.1,0.5,0,13539,0.040401802,0.015436886,0,0,0,0,0,0,0,0,0,0,5,1.290232007
86123.85,0.504328691,0.5,6621,37,0.1458,33.3125,34.75,37.21,0,0,0,0,0,20,0.5,0.103,5.5,50,0,0.1,0.1,0.1,0.1,0.1,0.1,0.5,0,14344,0.039180145,0.014988846,0,0,0,0,0,0,0,0,0,0,5,1.309696911
86183.89,0.505319985,0.5,6621,37,0.1854,33.3125,34.8125,36.93,0,0,0,0,0,20,0.5,0.103,5.5,50,0,0.1,0.1,0.1,0.1,0.1,0.1,0.5,0,14133,0.039835845,0.015212623,0,0,0,0,0,0,0,0,0,0,5,1.250102992
86243.92,0.514450832,0.5,6621,37,0.1739,33.375,34.875,37.19,0,0,0,0,0,20,0.5,0.103,5.5,50,0,0.1,0.1,0.1,0.1,0.1,0.1,0.5,0,14279,0.039918762,0.015477274,0,0,0,0,0,0,0,0,0,0,5,1.241322212
86303.99,0.53212751,0.5,6621,37,0.1936,33.3125,34.8125,37.13,0,0,0,0,0,20,0.5,0.103,5.5,50,0,0.1,0.1,0.1,0.1,0.1,0.1,0.5,0,14011,0.040396831,0.015487831,0,0,0,0,0,0,0,0,0,0,5,1.280605566
86364.07,0.536392031,0.5,6621,37,0.1084,33.3125,34.875,37.09,0,0,0,0,0,20,0.5,0.103,5.5,50,0,0.1,0.1,0.1,0.1,0.1,0.1,0.5,0,14931,0.039247204,0.015337218,0,0,0,0,0,0,0,0,0,0,5,1.24052175
86424.13,0.551984472,0.5,6621,37,0.1504,33.25,34.875,36.95,0,0,0,0,0,20,0.5,0.103,5.5,50,0,0.1,0.1,0.1,0.1,0.1,0.1,0.5,0,14193,0.040653843,0.015430142,0,0,0,0,0,0,0,0,0,0,5,1.264459524
86484.2,0.566782248,0.5,6621,37,0.5802,33.25,34.875,35.69,0,0.02,0.25,0,0,20,0.5,0.103,5.5,50,0,0.1,0.1,0.1,0.1,0.1,0.1,0.5,0,14117,0.040518524,0.015584048,0,0,0,0,0,0,0,0,0,0,0.44,1.264459524
86544.25,0.501155213,0.5,6621,37,0.53965,33.0625,34.75,35.99,0,0.02,0.15,0,0,20,0.5,0.103,5.5,50,0,0.1,0.1,0.1,0.1,0.1,0.1,0.5,0,14109,0.039690977,0.0152385,0,0,0,0,0,0,0,0,0,0,0.44,1.264459524
86604.32,0.427198141,0.5,6621,37,0.60865,32.9375,34.6875,35.77,0,0,0.07,0,0,20,0.5,0.103,5.5,50,0,0.1,0.1,0.1,0.1,0.1,0.1,0.5,0,12805,0.040687232,0.015618899,0,0,0,0,0,0,0,0,0,0,0.44,1.264459524
86664.36,0.435355897,0.5,6621,37,0.27475,33.1875,34.6875,36.79,0,0,0.07,0,0,20,0.5,0.103,5.5,50,0,0.1,0.1,0.1,0.1,0.1,0.1,0.5,0,13695,0.039211391,0.015407083,0,0,0,0,0,0,0,0,0,0,5,1.264459524
86724.42,0.450201769,0.5,6621,37,0.22025,33.375,34.625,37.03,0,0,0.07,0,0,20,0.5,0.103,5.5,50,0,0.1,0.1,0.1,0.1,0.1,0.1,0.5,0,12854,0.040376536,0.015714953,0,0,0,0,0,0,0,0,0,0,5,1.264459524
86784.46,0.462631815,0.5,6621,37,0.176,33.5,34.5625,37.25,0,0,0.25,0,0,20,0.5,0.103,5.5,50,0,0.1,0.1,0.1,0.1,0.1,0.1,0.5,0,13403,0.039543386,0.015444304,0,0,0,0,0,0,0,0,0,0,5,1.264459524
86844.51,0.487212047,0.5,6621,37,0.10865,33.4375,34.5,37.37,0,0,0.07,0,0,20,0.5,0.103,5.5,50,0,0.1,0.1,0.1,0.1,0.1,0.1,0.5,0,13784,0.039320952,0.015017411,0,0,0,0,0,0,0,0,0,0,5,1.264459524
86904.57,0.477758375,0.5,6621,37,0.14055,33.4375,34.5625,36.93,0,0,0.07,0,0,20,0.5,0.103,5.5,50,0,0.1,0.1,0.1,0.1,0.1,0.1,0.5,0,13194,0.04039715,0.01568895,0,0,0,0,0,0,0,0,0,0,5,1.264459524
86964.63,0.505954737,0.5,6621,37,0.16655,33.375,34.5625,37.05,0,0,0.07,0,0,20,0.5,0.103,5.5,50,0,0.1,0.1,0.1,0.1,0.1,0.1,0.5,0,13709,0.040192574,0.015464294,0,0,0,0,0,0,0,0,0,0,5,1.264459524
87024.72,0.504397424,0.5,6621,37,0.21005,33.3125,34.5625,37.11,0,0,0.07,0,0,20,0.5,0.103,5.5,50,0,0.1,0.1,0.1,0.1,0.1,0.1,0.5,0,14018,0.040091311,0.01519475,0,0,0,0,0,0,0,0,0,0,5,1.191988401
87084.79,0.502286225,0.5,6621,37,0.1724,33.3125,34.6875,37.13,0,0,0.25,0,0,20,0.5,0.103,5.5,50,0,0.1,0.1,0.1,0.1,0.1,0.1,0.5,0,14155,0.040127164,0.015118333,0,0,0,0,0,0,0,0,0,0,5,1.119805873
87144.83,0.525287805,0.5,6621,37,0.17045,33.25,34.6875,36.95,0,0,0.07,0,0,20,0.5,0.103,5.5,50,0,0.1,0.1,0.1,0.1,0.1,0.1,0.5,0,14415,0.039680888,0.015331252,0,0,0,0,0,0,0,0,0,0,5,1.198144133
87204.86,0.527743338,0.5,6621,37,0.13655,33.25,34.75,37.01,0,0,0,0,0,20,0.5,0.103,5.5,50,0,0.1,0.1,0.1,0.1,0.1,0.1,0.5,0,14159,0.039903948,0.015255315,0,0,0,0,0,0,0,0,0,0,5,1.15222818
87264.93,0.536608997,0.5,6621,37,0.14675,33.25,34.75,37.03,0,0,0,0,0,20,0.5,0.103,5.5,50,0,0.1,0.1,0.1,0.1,0.1,0.1,0.5,0,13751,0.041015199,0.015417061,0,0,0,0,0,0,0,0,0,0,5,1.144595696
87325.01,0.554770628,0.5,6621,37,0.20675,33.25,34.8125,37.01,0,0,0,0,0,20,0.5,0.103,5.5,50,0,0.1,0.1,0.1,0.1,0.1,0.1,0.5,0,14697,0.039940124,0.015377288,0,0,0,0,0,0,0,0,0,0,5,1.187221031
87385.11,0.551552441,0.5,6621,37,0.535875,33.25,34.8125,35.91,0,0.02,0.25,0,0,20,0.5,0.103,5.5,50,0,0.1,0.1,0.1,0.1,0.1,0.1,0.5,0,14748,0.040005424,0.015324112,0,0,0,0,0,0,0,0,0,0,0.44,1.187221031
87445.18,0.497834951,0.5,6621,37,0.582325,33.125,34.8125,35.77,0,0.018925416,0.145701665,0,0,20,0.5,0.103,5.5,50,0,0.1,0.1,0.1,0.1,0.1,0.1,0.5,0,13785,0.040261153,0.015669206,0,0,0,0,0,0,0,0,0,0,0.44,1.187221031
87505.24,0.424312248,0.5,6621,37,0.615617632,33.0625,34.875,35.97,0,0,0.07,0,0,20,0.5,0.103,5.5,50,0,0.1,0.1,0.1,0.1,0.1,0.1,0.5,0,13052,0.039917254,0.015553172,0,0,0,0,0,0,0,0,0,0,5,1.187221031
87565.3,0.44543698,0.5,6621,37,0.3114,33.3125,34.8125,36.79,0,0,0.07,0,0,20,0.5,0.103,5.5,50,0,0.1,0.1,0.1,0.1,0.1,0.1,0.5,0,13198,0.040081831,0.015608426,0,0,0,0,0,0,0,0,0,0,5,1.187221031
87625.36,0.459528464,0.5,6621,37,0.1383,33.5625,34.8125,37.17,0,0,0.07,0,0,20,0.5,0.103,5.5,50,0,0.1,0.1,0.1,0.1,0.1,0.1,0.5,0,12695,0.040724695,0.015754234,0,0,0,0,0,0,0,0,0,0,5,1.187221031
87685.41,0.458677007,0.5,6621,37,0.154,33.625,34.8125,37.33,0,0,0.25,0,0,20,0.5,0.103,5.5,50,0,0.1,0.1,0.1,0.1,0.1,0.1,0.5,0,12989,0.040341828,0.015474632,0,0,0,0,0,0,0,0,0,0,5,1.187221031
87745.47,0.475339696,0.5,6621,37,0.1002,33.625,34.6875,37.25,0,0,0.07,0,0,20,0.5,0.103,5.5,50,0,0.1,0.1,0.1,0.1,0.1,0.1,0.5,0,13434,0.040122078,0.015185351,0,0,0,0,0,0,0,0,0,0,5,1.187221031
87805.51,0.473513023,0.5,6621,37,0.1865,33.5,34.6875,37.19,0,0,0.07,0,0,20,0.5,0.103,5.5,50,0,0.1,0.1,0.1,0.1,0.1,0.1,0.5,0,13930,0.03977028,0.015434314,0,0,0,0,0,0,0,0,0,0,5,1.187221031
87865.56,0.490756794,0,6621,37,0.147,33.625,34.625,37.27,0,0,0,0,0,20,0.5,0.103,5.5,50,0,0.1,0.1,0.1,0.1,0.1,0.1,0.5,0,13851,0.039924915,0.015522345,0,0,0,0,0,0,0,0,0,0,5,1.187221031
87925.6,0.49528738,0,6621,37,0.1439,33.5625,34.5625,37.19,0,0,0,0,0,20,0.5,0.103,5.5,50,0,0.1,0.1,0.1,0.1,0.1,0.1,0.5,0,13574,0.040592309,0.015323412,0,0,0,0,0,0,0,0,0,0,5,1.187221031
87985.69,0.506662192,0,6621,37,0.1891,33.4375,34.5,36.93,0,0,0,0,0,20,0.5,0.103,5.5,50,0,0.1,0.1,0.1,0.1,0.1,0.1,0.5,0,13594,0.040973959,0.01537443,0,0,0,0,0,0,0,0,0,0,5,1.187221031
88045.75,0.511528978,0,6621,37,0.1558,33.3125,34.5,37.25,0,0,0,0,0,20,0.5,0.103,5.5,50,0,0.1,0.1,0.1,0.1,0.1,0.1,0.5,0,13486,0.041079638,0.015868308,0,0,0,0,0,0,0,0,0,0,5,1.187221031
88105.82,0.52509477,0,6621,37,0.1725,33.3125,34.5,36.97,0,0,0,0,0,20,0.5,0.103,5.5,50,0,0.1,0.1,0.1,0.1,0.1,0.1,0.5,0,14877,0.039188008,0.015124017,0,0,0,0,0,0,0,0,0,0,5,1.187221031
88165.91,0.536778283,0,6621,37,0.1651,33.25,34.5,37.09,0,0,0,0,0,20,0.5,0.103,5.5,50,0,0.1,0.1,0.1,0.1,0.1,0.1,0.5,0,14680,0.039577657,0.015395095,0,0,0,0,0,0,0,0,0,0,5,1.187221031
88225.98,0.528996501,0.5,6621,37,0.1471,33.375,34.5,36.85,0,0,0,0,0,20,0.5,0.104,5.5,50,200,0.1,0.1,0.1,0.1,0.1,0.1,0.5,0,15297,0.039092633,0.015101,0,0,0,0,0,0,0,0,0,0,5,1.187221031
88286.05,0.532260282,0.5,6621,37,0.3332,33.1875,34.4375,36.49,0,0,0,0,0,20,0.5,0.104,5.5,50,200,0.1,0.1,0.1,0.1,0.1,0.1,0.5,0,14513,0.040101978,0.015365534,0,0,0,0,0,0,0,0,0,0,5,1.146312388
88346.13,0.549121081,0.5,6621,37,0.2445,33.25,34.625,36.79,0,0,0,0,0,20,0.5,0.104,5.5,50,200,0.1,0.1,0.1,0.1,0.1,0.1,0.5,0,15057,0.039383675,0.015275287,0,0,0,0,0,0,0,0,0,0,5,1.182555803
88406.21,0.548312059,0.5,6621,37,0.2048,33.25,34.6875,36.89,0,0.02,0.15,0,0,20,0.5,0.104,5.5,50,200,0.1,0.1,0.1,0.1,0.1,0.1,0.5,0,14251,0.040628728,0.015648025,0,0,0,0,0,0,0,0,0,0,0.44,1.182555803
88466.28,0.481853113,0.5,6621,37,0.526325,33.125,34.625,35.99,0,0.016543114,0.136172456,0,0,20,0.5,0.104,5.5,50,200,0.1,0.1,0.1,0.1,0.1,0.1,0.5,0,13619,0.041119025,0.015713342,0,0,0,0,0,0,0,0,0,0,0.44,1.182555803
88526.34,0.44419478,0.5,6621,37,0.554843466,33.125,34.75,36.01,0,0,0.07,0,0,20,0.5,0.104,5.5,50,200,0.1,0.1,0.1,0.1,0.1,0.1,0.5,0,13248,0.040458937,0.015549517,0,0,0,0,0,0,0,0,0,0,5,1.182555803
88586.39,0.455160415,0.5,6621,37,0.324,33.375,34.75,36.81,0,0,0.25,0,0,20,0.5,0.104,5.5,50,200,0.1,0.1,0.1,0.1,0.1,0.1,0.5,0,13351,0.040221706,0.015204854,0,0,0,0,0,0,0,0,0,0,5,1.182555803
88646.43,0.468906931,0.5,6621,37,0.1709,33.5625,34.75,37.41,0,0,0.07,0,0,20,0.5,0.104,5.5,50,200,0.1,0.1,0.1,0.1,0.1,0.1,0.5,0,13535,0.04033986,0.015441448,0,0,0,0,0,0,0,0,0,0,5,1.182555803
88706.48,0.481534832,0.5,6621,37,0.1748,33.625,34.6875,37.33,0,0,0.07,0,0,20,0.5,0.104,5.5,50,200,0.1,0.1,0.1,0.1,0.1,0.1,0.5,0,13884,0.039541919,0.0153414,0,0,0,0,0,0,0,0,0,0,5,1.182555803
88766.52,0.491230305,0.5,6621,37,0.1266,33.625,34.75,37.33,0,0,0.07,0,0,20,0.5,0.104,5.5,50,200,0.1,0.1,0.1,0.1,0.1,0.1,0.5,0,13688,0.040254237,0.015488019,0,0,0,0,0,0,0,0,0,0,5,1.182555803
88826.57,0.504730116,0.5,6621,37,0.1372,33.6875,34.75,37.29,0,0,0.07,0,0,20,0.5,0.104,5.5,50,200,0.1,0.1,0.1,0.1,0.1,0.1,0.5,0,14874,0.039128681,0.015127067,0,0,0,0,0,0,0,0,0,0,5,1.182555803
88886.64,0.499978237,0.5,6621,37,0.1832,33.5625,34.75,37.09,0,0,0.25,0,0,20,0.5,0.104,5.5,50,200,0.1,0.1,0.1,0.1,0.1,0.1,0.5,0,14557,0.039637288,0.014975613,0,0,0,0,0,0,0,0,0,0,5,1.095050139
88946.7,0.51382551,0.5,6621,37,0.1619,33.5625,34.75,37.29,0,0,0.07,0,0,20,0.5,0.104,5.5,50,200,0.1,0.1,0.1,0.1,0.1,0.1,0.5,0,14201,0.040138018,0.015632702,0,0,0,0,0,0,0,0,0,0,5,1.122255121
89006.73,0.531761355,0.5,6621,37,0.1924,33.5,34.6875,37.35,0,0,0.07,0,0,20,0.5,0.104,5.5,50,200,0.1,0.1,0.1,0.1,0.1,0.1,0.5,0,14292,0.040302267,0.015603135,0,0,0,0,0,0,0,0,0,0,5,1.169075587
89066.83,0.518771792,0.5,6621,37,0.1419,33.5,34.75,36.97,0,0,0.07,0,0,20,0.5,0.104,5.5,50,200,0.1,0.1,0.1,0.1,0.1,0.1,0.5,0,14552,0.039925783,0.015461792,0,0,0,0,0,0,0,0,0,0,5,1.03642962
89126.9,0.553695426,0.5,6621,37,0.1521,33.5,34.75,37.11,0,0,0,0,0,20,0.5,0.104,5.5,50,200,0.1,0.1,0.1,0.1,0.1,0.1,0.5,0,14748,0.039937619,0.015052889,0,0,0,0,0,0,0,0,0,0,5,1.180060192
89186.96,0.55964545,0.5,6621,37,0.1976,33.4375,34.8125,37.09,0,0.02,0.25,0,0,20,0.5,0.104,5.5,50,200,0.1,0.1,0.1,0.1,0.1,0.1,0.5,0,14883,0.040516025,0.015521064,0,0,0,0,0,0,0,0,0,0,0.44,1.180060192
89247,0.494932982,0.5,6621,37,0.578875,33.1875,34.75,36.01,0,0.019369798,0.147479191,0,0,20,0.5,0.104,5.5,50,200,0.1,0.1,0.1,0.1,0.1,0.1,0.5,0,14470,0.039944713,0.015411196,0,0,0,0,0,0,0,0,0,0,0.44,1.180060192
89307.07,0.434305469,0.5,6621,37,0.649826575,33.0625,34.8125,35.75,0,0,0.07,0,0,20,0.5,0.104,5.5,50,200,0.1,0.1,0.1,0.1,0.1,0.1,0.5,0,13763,0.039453607,0.01533096,0,0,0,0,0,0,0,0,0,0,5,1.180060192
89367.13,0.441204471,0.5,6621,37,0.31405,33.375,34.875,36.85,0,0,0.07,0,0,20,0.5,0.104,5.5,50,200,0.1,0.1,0.1,0.1,0.1,0.1,0.5,0,13632,0.039539319,0.015478286,0,0,0,0,0,0,0,0,0,0,5,1.180060192
89427.16,0.44286139,0.5,6621,37,0.15505,33.625,34.875,37.27,0,0,0.07,0,0,20,0.5,0.104,5.5,50,200,0.1,0.1,0.1,0.1,0.1,0.1,0.5,0,13043,0.040404815,0.015640573,0,0,0,0,0,0,0,0,0,0,5,1.180060192
89487.19,0.463977114,0.5,6621,37,0.13805,33.75,34.9375,37.27,0,0,0.25,0,0,20,0.5,0.104,5.5,50,200,0.1,0.1,0.1,0.1,0.1,0.1,0.5,0,14137,0.039187947,0.015208319,0,0,0,0,0,0,0,0,0,0,5,1.180060192
89547.24,0.471088198,0.5,6621,37,0.16345,33.75,34.9375,37.43,0,0,0.07,0,0,20,0.5,0.104,5.5,50,200,0.1,0.1,0.1,0.1,0.1,0.1,0.5,0,13903,0.039703661,0.015032727,0,0,0,0,0,0,0,0,0,0,5,1.180060192
89607.28,0.491603592,0.5,6621,37,0.16065,33.6875,35,37.43,0,0,0.07,0,0,20,0.5,0.104,5.5,50,200,0.1,0.1,0.1,0.1,0.1,0.1,0.5,0,14150,0.039717314,0.015265018,0,0,0,0,0,0,0,0,0,0,5,1.180060192
89667.35,0.487342829,0.5,6621,37,0.15785,33.6875,35,37.19,0,0,0.07,0,0,20,0.5,0.104,5.5,50,200,0.1,0.1,0.1,0.1,0.1,0.1,0.5,0,13770,0.040522876,0.015395788,0,0,0,0,0,0,0,0,0,0,5,1.094942635
89727.43,0.510628958,0.5,6621,37,0.16475,33.6875,34.875,37.33,0,0,0.07,0,0,20,0.5,0.104,5.5,50,200,0.1,0.1,0.1,0.1,0.1,0.1,0.5,0,13611,0.040922783,0.015428697,0,0,0,0,0,0,0,0,0,0,5,1.180221647
89787.51,0.505796216,0.5,6621,37,0.17905,33.5625,34.875,37.13,0,0,0.25,0,0,20,0.5,0.104,5.5,50,200,0.1,0.1,0.1,0.1,0.1,0.1,0.5,0,14170,0.040649259,0.015243472,0,0,0,0,0,0,0,0,0,0,5,1.092682473
89847.54,0.515963185,0.5,6621,37,0.23195,33.4375,34.8125,37.03,0,0,0.07,0,0,20,0.5,0.104,5.5,50,200,0.1,0.1,0.1,0.1,0.1,0.1,0.5,0,14105,0.041049273,0.0157391,0,0,0,0,0,0,0,0,0,0,5,1.097753038
89907.6,0.536759693,0.5,6621,37,0.19105,33.375,34.75,37.21,0,0,0,0,0,20,0.5,0.104,5.5,50,200,0.1,0.1,0.1,0.1,0.1,0.1,0.5,0,13607,0.041890204,0.016021166,0,0,0,0,0,0,0,0,0,0,5,1.161410623
89967.67,0.535997803,0.5,6621,37,0.17155,33.4375,34.8125,37.21,0,0,0,0,0,20,0.5,0.104,5.5,50,200,0.1,0.1,0.1,0.1,0.1,0.1,0.5,0,14804,0.040529587,0.015603891,0,0,0,0,0,0,0,0,0,0,5,1.09907879
90027.72,0.557093727,0.5,6621,37,0.16795,33.4375,34.75,37.11,0,0,0,0,0,20,0.5,0.104,5.5,50,200,0.1,0.1,0.1,0.1,0.1,0.1,0.5,0,15114,0.039896784,0.015350007,0,0,0,0,0,0,0,0,0,0,5,1.159935156
90087.77,0.551245122,0.5,6621,37,0.18315,33.375,34.75,37.19,0,0.02,0.25,0,0,20,0.5,0.104,5.5,50,200,0.1,0.1,0.1,0.1,0.1,0.1,0.5,0,15126,0.040261801,0.015470052,0,0,0,0,0,0,0,0,0,0,0.44,1.159935156
90147.83,0.493851642,0.5,6621,37,0.55285,33.125,34.75,36.07,0,0.018392612,0.143570449,0,0,20,0.5,0.104,5.5,50,200,0.1,0.1,0.1,0.1,0.1,0.1,0.5,0,13350,0.041947566,0.01588015,0,0,0,0,0,0,0,0,0,0,0.44,1.159935156
90207.87,0.436838877,0.5,6621,37,0.646572639,33.0625,34.75,35.75,0,0,0.07,0,0,20,0.5,0.104,5.5,50,200,0.1,0.1,0.1,0.1,0.1,0.1,0.5,0,13424,0.040747914,0.015643623,0,0,0,0,0,0,0,0,0,0,5,1.159935156
90267.93,0.439977075,0.5,6621,37,0.33565,33.25,34.75,36.79,0,0,0.07,0,0,20,0.5,0.104,5.5,50,200,0.1,0.1,0.1,0.1,0.1,0.1,0.5,0,12869,0.041728184,0.015852048,0,0,0,0,0,0,0,0,0,0,5,1.159935156
90327.97,0.441658794,0.5,6621,37,0.20025,33.5625,34.75,37.29,0,0,0.07,0,0,20,0.5,0.104,5.5,50,200,0.1,0.1,0.1,0.1,0.1,0.1,0.5,0,13377,0.040816327,0.015698587,0,0,0,0,0,0,0,0,0,0,5,1.159935156
90388.02,0.453697142,0.5,6621,37,0.17825,33.625,34.875,37.29,0,0,0.25,0,0,20,0.5,0.104,5.5,50,200,0.1,0.1,0.1,0.1,0.1,0.1,0.5,0,13953,0.040063069,0.015337203,0,0,0,0,0,0,0,0,0,0,5,1.159935156
90448.06,0.47823439,0.5,6621,37,0.12295,33.6875,34.875,37.55,0,0,0.07,0,0,20,0.5,0.104,5.5,50,200,0.1,0.1,0.1,0.1,0.1,0.1,0.5,0,13824,0.040653935,0.015697338,0,0,0,0,0,0,0,0,0,0,5,1.159935156
90508.11,0.485315659,0.5,6621,37,0.15095,33.75,34.875,37.19,0,0,0.07,0,0,20,0.5,0.104,5.5,50,200,0.1,0.1,0.1,0.1,0.1,0.1,0.5,0,14393,0.04015841,0.015354686,0,0,0,0,0,0,0,0,0,0,5,1.159935156
90568.17,0.473576106,0.5,6621,37,0.18165,33.625,34.875,37.41,0,0,0.07,0,0,20,0.5,0.104,5.5,50,200,0.1,0.1,0.1,0.1,0.1,0.1,0.5,0,13866,0.04081927,0.015649791,0,0,0,0,0,0,0,0,0,0,5,1.028477719
90628.23,0.497275979,0.5,6621,37,0.15885,33.5625,34.875,37.29,0,0,0.07,0,0,20,0.5,0.104,5.5,50,200,0.1,0.1,0.1,0.1,0.1,0.1,0.5,0,14828,0.040059347,0.015443755,0,0,0,0,0,0,0,0,0,0,5,1.123551428
90688.3,0.527861696,0.5,6621,37,0.19285,33.5625,34.8125,37.13,0,0,0.25,0,0,20,0.5,0.104,5.5,50,200,0.1,0.1,0.1,0.1,0.1,0.1,0.5,0,14969,0.039949228,0.015298283,0,0,0,0,0,0,0,0,0,0,5,1.246441301
90748.36,0.524124265,0.5,6621,37,0.15975,33.4375,34.8125,36.95,0,0,0.07,0,0,20,0.5,0.104,5.5,50,200,0.1,0.1,0.1,0.1,0.1,0.1,0.5,0,14063,0.041385195,0.015857214,0,0,0,0,0,0,0,0,0,0,5,1.162802719
90808.44,0.530559747,0.5,6621,37,0.13165,33.4375,34.75,37.25,0,0,0,0,0,20,0.5,0.104,5.5,50,200,0.1,0.1,0.1,0.1,0.1,0.1,0.5,0,14977,0.040528811,0.01542365,0,0,0,0,0,0,0,0,0,0,5,1.141273899
90868.5,0.560732763,0.5,6621,37,0.17955,33.3125,34.75,37.01,0,0,0,0,0,20,0.5,0.104,5.5,50,200,0.1,0.1,0.1,0.1,0.1,0.1,0.5,0,14792,0.040968091,0.015481341,0,0,0,0,0,0,0,0,0,0,5,1.250145777
90928.57,0.543244976,0.5,6621,37,0.17245,33.3125,34.75,37.17,0,0.02,0.15,0,0,20,0.5,0.104,5.5,50,200,0.1,0.1,0.1,0.1,0.1,0.1,0.5,0,15522,0.040329854,0.0153975,0,0,0,0,0,0,0,0,0,0,0.44,1.250145777
90988.64,0.489983188,0.5,6621,37,0.56675,33.0625,34.75,35.81,0,0.017093469,0.25,0,0,20,0.5,0.104,5.5,50,200,0.1,0.1,0.1,0.1,0.1,0.1,0.5,0,13508,0.041901096,0.016064554,0,0,0,0,0,0,0,0,0,0,0.44,1.250145777
91048.69,0.435904888,0.5,6621,37,0.645674327,33,34.75,35.67,0,0,0.07,0,0,20,0.5,0.104,5.5,50,200,0.1,0.1,0.1,0.1,0.1,0.1,0.5,0,14170,0.039731828,0.015314044,0,0,0,0,0,0,0,0,0,0,5,1.250145777
91108.76,0.426310969,0.5,6621,37,0.35085,33.25,34.6875,36.71,0,0,0.07,0,0,20,0.5,0.104,5.5,50,200,0.1,0.1,0.1,0.1,0.1,0.1,0.5,0,13300,0.040902256,0.015789474,0,0,0,0,0,0,0,0,0,0,5,1.250145777
91168.82,0.447901512,0.5,6621,37,0.20925,33.5,34.6875,37.61,0,0,0.07,0,0,20,0.5,0.104,5.5,50,200,0.1,0.1,0.1,0.1,0.1,0.1,0.5,0,13640,0.040982405,0.015542522,0,0,0,0,0,0,0,0,0,0,5,1.250145777
91228.9,0.45102362,0.5,6621,37,0.19285,33.625,34.6875,37.45,0,0,0.07,0,0,20,0.5,0.104,5.5,50,200,0.1,0.1,0.1,0.1,0.1,0.1,0.5,0,14343,0.040437844,0.015408213,0,0,0,0,0,0,0,0,0,0,5,1.250145777
91288.97,0.472246721,0.5,6621,37,0.13575,33.625,34.6875,37.49,0,0,0.25,0,0,20,0.5,0.104,5.5,50,200,0.1,0.1,0.1,0.1,0.1,0.1,0.5,0,13951,0.040928966,0.015482761,0,0,0,0,0,0,0,0,0,0,5,1.250145777
91349.03,0.472740857,0.5,6621,37,0.11605,33.6875,34.75,37.51,0,0,0.07,0,0,20,0.5,0.104,5.5,50,200,0.1,0.1,0.1,0.1,0.1,0.1,0.5,0,13400,0.041865672,0.015970149,0,0,0,0,0,0,0,0,0,0,5,1.250145777
91409.09,0.49752582,0.5,6621,37,0.07605,33.625,34.8125,37.13,0,0,0.07,0,0,20,0.5,0.104,5.5,50,200,0.1,0.1,0.1,0.1,0.1,0.1,0.5,0,14556,0.040464413,0.015457543,0,0,0,0,0,0,0,0,0,0,5,1.340938753
91469.13,0.499071875,0.5,6621,37,0.12115,33.5625,34.8125,37.17,0,0,0.07,0,0,20,0.5,0.104,5.5,50,200,0.1,0.1,0.1,0.1,0.1,0.1,0.5,0,14641,0.040570999,0.015504405,0,0,0,0,0,0,0,0,0,0,5,1.283199822
91529.2,0.50780026,0.5,6621,37,0.16305,33.5,34.8125,37.05,0,0,0.07,0,0,20,0.5,0.104,5.5,50,200,0.1,0.1,0.1,0.1,0.1,0.1,0.5,0,14459,0.040874196,0.015699564,0,0,0,0,0,0,0,0,0,0,5,1.271054003
91589.24,0.526140222,0.5,6621,37,0.18685,33.4375,34.875,36.95,0,0,0.25,0,0,20,0.5,0.104,5.5,50,200,0.1,0.1,0.1,0.1,0.1,0.1,0.5,0,14380,0.041098748,0.015646732,0,0,0,0,0,0,0,0,0,0,5,1.313940039
91649.31,0.523251219,0.5,6621,37,0.20505,33.4375,34.8125,37.19,0,0,0,0,0,20,0.5,0.104,5.5,50,200,0.1,0.1,0.1,0.1,0.1,0.1,0.5,0,15057,0.041044033,0.015607359,0,0,0,0,0,0,0,0,0,0,5,1.231724829
91709.38,0.538228309,0.5,6621,37,0.13845,33.4375,34.9375,37.25,0,0,0,0,0,20,0.5,0.104,5.5,50,200,0.1,0.1,0.1,0.1,0.1,0.1,0.5,0,14612,0.041404325,0.01546674,0,0,0,0,0,0,0,0,0,0,5,1.254802027
91769.46,0.542192644,0.5,6621,37,0.14775,33.4375,34.875,37.21,0,0,0,0,0,20,0.5,0.104,5.5,50,200,0.1,0.1,0.1,0.1,0.1,0.1,0.5,0,14669,0.041788806,0.015542982,0,0,0,0,0,0,0,0,0,0,5,1.214077528
91829.51,0.555663804,0.5,6621,37,0.15475,33.375,34.875,37.17,0,0.02,0.15,0,0,20,0.5,0.104,5.5,50,200,0.1,0.1,0.1,0.1,0.1,0.1,0.5,0,15855,0.04055503,0.015389467,0,0,0,0,0,0,0,0,0,0,0.44,1.214077528
91889.57,0.490144197,0.5,6621,37,0.6014,33.125,34.8125,35.89,0,0.0183582,0.25,0,0,20,0.5,0.104,5.5,50,200,0.1,0.1,0.1,0.1,0.1,0.1,0.5,0,13647,0.042133802,0.015681102,0,0,0,0,0,0,0,0,0,0,0.44,1.214077528
91949.63,0.429904049,0.5,6621,37,0.726218831,33,34.75,35.63,0,0,0.07,0,0,20,0.5,0.104,5.5,50,200,0.1,0.1,0.1,0.1,0.1,0.1,0.5,0,13334,0.041322934,0.015674216,0,0,0,0,0,0,0,0,0,0,5,1.214077528
92009.69,0.432005467,0.5,6621,37,0.36185,33.25,34.8125,36.79,0,0,0.07,0,0,20,0.5,0.104,5.5,50,200,0.1,0.1,0.1,0.1,0.1,0.1,0.5,0,13382,0.04124944,0.01546854,0,0,0,0,0,0,0,0,0,0,5,1.214077528
92069.74,0.442693208,0.5,6621,37,0.20635,33.5625,34.75,37.11,0,0,0.07,0,0,20,0.5,0.104,5.5,50,200,0.1,0.1,0.1,0.1,0.1,0.1,0.5,0,14080,0.040625,0.015625,0,0,0,0,0,0,0,0,0,0,5,1.214077528
92129.78,0.457769321,0.5,6621,37,0.14605,33.625,34.75,37.43,0,0,0.07,0,0,20,0.5,0.104,5.5,50,200,0.1,0.1,0.1,0.1,0.1,0.1,0.5,0,13244,0.04205678,0.015931743,0,0,0,0,0,0,0,0,0,0,5,1.214077528
92189.86,0.474093911,0.5,6621,37,0.18285,33.625,34.75,37.33,0,0,0.25,0,0,20,0.5,0.104,5.5,50,200,0.1,0.1,0.1,0.1,0.1,0.1,0.5,0,13490,0.041882876,0.015863603,0,0,0,0,0,0,0,0,0,0,5,1.214077528
92249.91,0.481617935,0.5,6621,37,0.13845,33.625,34.75,37.41,0,0,0.07,0,0,20,0.5,0.104,5.5,50,200,0.1,0.1,0.1,0.1,0.1,0.1,0.5,0,14452,0.040893994,0.015499585,0,0,0,0,0,0,0,0,0,0,5,1.214077528
92309.98,0.495779244,0.5,6621,37,0.16765,33.5625,34.8125,37.37,0,0,0.07,0,0,20,0.5,0.104,5.5,50,200,0.1,0.1,0.1,0.1,0.1,0.1,0.5,0,13487,0.042633647,0.016015422,0,0,0,0,0,0,0,0,0,0,5,1.240312511
92370.02,0.496221776,0.5,6621,37,0.15895,33.5625,34.75,37.27,0,0,0.07,0,0,20,0.5,0.104,5.5,50,200,0.1,0.1,0.1,0.1,0.1,0.1,0.5,0,14513,0.041135534,0.015710053,0,0,0,0,0,0,0,0,0,0,5,1.180973487
92430.09,0.517425879,0.5,6621,37,0.17145,33.5,34.75,37.17,0,0,0.07,0,0,20,0.5,0.104,5.5,50,200,0.1,0.1,0.1,0.1,0.1,0.1,0.5,0,14828,0.041205827,0.015511195,0,0,0,0,0,0,0,0,0,0,5,1.247454803
92490.15,0.522471433,0.5,6621,37,0.19935,33.4375,34.8125,37.17,0,0,0.25,0,0,20,0.5,0.104,5.5,50,200,0.1,0.1,0.1,0.1,0.1,0.1,0.5,0,14498,0.041591944,0.015726307,0,0,0,0,0,0,0,0,0,0,5,1.214194131
92550.19,0.52472242,0.5,6621,37,0.18335,33.4375,34.8125,37.25,0,0,0,0,0,20,0.5,0.104,5.5,50,200,0.1,0.1,0.1,0.1,0.1,0.1,0.5,0,13692,0.043163891,0.016140812,0,0,0,0,0,0,0,0,0,0,5,1.166381696
92610.27,0.552444469,0.5,6621,37,0.15525,33.4375,34.8125,37.05,0,0,0,0,0,20,0.5,0.104,5.5,50,200,0.1,0.1,0.1,0.1,0.1,0.1,0.5,0,14080,0.042897727,0.016122159,0,0,0,0,0,0,0,0,0,0,5,1.262513172
92670.34,0.546746906,0.5,6621,37,0.12015,33.4375,34.875,37.21,0,0.02,0.15,0,0,20,0.5,0.104,5.5,50,200,0.1,0.1,0.1,0.1,0.1,0.1,0.5,0,15903,0.040558385,0.015405898,0,0,0,0,0,0,0,0,0,0,0.44,1.262513172
92730.39,0.495381713,0.5,6621,37,0.531,33.1875,34.875,35.91,0,0.018136092,0.142544367,0,0,20,0.5,0.104,5.5,50,200,0.1,0.1,0.1,0.1,0.1,0.1,0.5,0,14492,0.041126139,0.015663815,0,0,0,0,0,0,0,0,0,0,0.44,1.262513172
92790.42,0.421949495,0.5,6621,37,0.652195482,33.125,34.9375,35.67,0,0,0.25,0,0,20,0.5,0.104,5.5,50,200,0.1,0.1,0.1,0.1,0.1,0.1,0.5,0,12869,0.042349833,0.01600746,0,0,0,0,0,0,0,0,0,0,5,1.262513172
92850.46,0.444160527,0.5,6621,37,0.31165,33.25,34.875,36.81,0,0,0.07,0,0,20,0.5,0.104,5.5,50,200,0.1,0.1,0.1,0.1,0.1,0.1,0.5,0,13318,0.041898183,0.01584322,0,0,0,0,0,0,0,0,0,0,5,1.262513172
92910.51,0.441876348,0.5,6621,37,0.20295,33.5625,34.875,37.33,0,0,0.07,0,0,20,0.5,0.104,5.5,50,200,0.1,0.1,0.1,0.1,0.1,0.1,0.5,0,13435,0.041905471,0.01577968,0,0,0,0,0,0,0,0,0,0,5,1.262513172
92970.54,0.446357704,0.5,6621,37,0.16095,33.625,34.8125,37.25,0,0,0.07,0,0,20,0.5,0.104,5.5,50,200,0.1,0.1,0.1,0.1,0.1,0.1,0.5,0,13556,0.041752729,0.015638832,0,0,0,0,0,0,0,0,0,0,5,1.262513172
93030.59,0.452805458,0.5,6621,37,0.20345,33.6875,34.8125,37.37,0,0,0.07,0,0,20,0.5,0.104,5.5,50,200,0.1,0.1,0.1,0.1,0.1,0.1,0.5,0,14187,0.041375908,0.01536618,0,0,0,0,0,0,0,0,0,0,5,1.262513172
93090.66,0.468021628,0.5,6621,37,0.16645,33.625,34.8125,37.33,0,0,0.25,0,0,20,0.5,0.104,5.5,50,200,0.1,0.1,0.1,0.1,0.1,0.1,0.5,0,13691,0.042290556,0.015557666,0,0,0,0,0,0,0,0,0,0,5,1.262513172
93150.71,0.479330138,0.5,6621,37,0.18005,33.625,34.8125,37.35,0,0,0.07,0,0,20,0.5,0.104,5.5,50,200,0.1,0.1,0.1,0.1,0.1,0.1,0.5,0,14277,0.041815507,0.015479442,0,0,0,0,0,0,0,0,0,0,5,1.271012733
93210.76,0.484347612,0.5,6621,37,0.12775,33.5625,34.75,37.63,0,0,0.07,0,0,20,0.5,0.104,5.5,50,200,0.1,0.1,0.1,0.1,0.1,0.1,0.5,0,13860,0.042279942,0.015728716,0,0,0,0,0,0,0,0,0,0,5,1.238701916
93270.8,0.499566969,0.5,6621,37,0.13375,33.4375,34.75,37.13,0,0,0.07,0,0,20,0.5,0.104,5.5,50,200,0.1,0.1,0.1,0.1,0.1,0.1,0.5,0,13523,0.042963839,0.016120683,0,0,0,0,0,0,0,0,0,0,5,1.269583238
93330.87,0.512591296,0.5,6621,37,0.14565,33.375,34.75,37.11,0,0,0.07,0,0,20,0.5,0.104,5.5,50,200,0.1,0.1,0.1,0.1,0.1,0.1,0.5,0,15045,0.040943835,0.01555334,0,0,0,0,0,0,0,0,0,0,5,1.283315592
93390.91,0.525413884,0.5,6621,37,0.19915,33.375,34.75,37.11,0,0,0,0,0,20,0.5,0.104,5.5,50,200,0.1,0.1,0.1,0.1,0.1,0.1,0.5,0,14881,0.041462267,0.01572475,0,0,0,0,0,0,0,0,0,0,5,1.293272222
93451.02,0.533386851,0.5,6621,37,0.13965,33.3125,34.75,37.09,0,0,0,0,0,20,0.5,0.104,5.5,50,200,0.1,0.1,0.1,0.1,0.1,0.1,0.5,0,15000,0.0418,0.015666667,0,0,0,0,0,0,0,0,0,0,5,1.273790582
93511.07,0.528525345,0.5,6621,37,0.12625,33.375,34.8125,37.21,0,0,0,0,0,20,0.5,0.104,5.5,50,200,0.1,0.1,0.1,0.1,0.1,0.1,0.5,0,15131,0.041768555,0.015531029,0,0,0,0,0,0,0,0,0,0,5,1.182632454
93571.15,0.53446085,0.5,6621,37,0.20235,33.3125,34.8125,37.11,0,0,0,0,0,20,0.5,0.104,5.5,50,200,0.1,0.1,0.1,0.1,0.1,0.1,0.5,0,14708,0.042969812,0.015977699,0,0,0,0,0,0,0,0,0,0,5,1.157003992
93631.22,0.566664832,0.5,6621,37,0.23535,33.3125,34.8125,36.95,0,0,0,0,0,20,0.5,0.104,5.5,50,200,0.1,0.1,0.1,0.1,0.1,0.1,0.5,0,15221,0.042178569,0.015767689,0,0,0,0,0,0,0,0,0,0,5,1.274682361
93691.27,0.579889071,0.5,6621,37,0.17205,33.3125,34.875,36.93,0,0.02,0.25,0,0,20,0.5,0.104,5.5,50,200,0.1,0.1,0.1,0.1,0.1,0.1,0.5,0,15257,0.042406764,0.015927115,0,0,0,0,0,0,0,0,0,0,0.44,1.274682361
93751.33,0.48376491,0.5,6621,37,0.571,33.0625,34.875,35.81,0,0.01995337,0.149813481,0,0,20,0.5,0.104,5.5,50,200,0.1,0.1,0.1,0.1,0.1,0.1,0.5,0,14221,0.0424724,0.015962309,0,0,0,0,0,0,0,0,0,0,0.44,1.274682361
93811.39,0.435218099,0.5,6621,37,0.660811986,33,34.875,35.63,0,0,0.07,0,0,20,0.5,0.104,5.5,50,200,0.1,0.1,0.1,0.1,0.1,0.1,0.5,0,13356,0.042527703,0.015947889,0,0,0,0,0,0,0,0,0,0,5,1.274682361
93871.45,0.445840808,0.5,6621,37,0.37315,33.25,34.8125,36.63,0,0,0.07,0,0,20,0.5,0.104,5.5,50,200,0.1,0.1,0.1,0.1,0.1,0.1,0.5,0,13727,0.041888249,0.015808261,0,0,0,0,0,0,0,0,0,0,5,1.274682361
93931.51,0.459451902,0.5,6621,37,0.26925,33.5,34.875,37.21,0,0,0.07,0,0,20,0.5,0.104,5.5,50,200,0.1,0.1,0.1,0.1,0.1,0.1,0.5,0,13310,0.042674681,0.016003005,0,0,0,0,0,0,0,0,0,0,5,1.274682361
93991.57,0.447965155,0.5,6621,37,0.18755,33.625,34.8125,37.43,0,0,0.25,0,0,20,0.5,0.104,5.5,50,200,0.1,0.1,0.1,0.1,0.1,0.1,0.5,0,13837,0.04213341,0.01582713,0,0,0,0,0,0,0,0,0,0,5,1.274682361
94051.62,0.471783453,0.5,6621,37,0.15725,33.6875,34.8125,37.53,0,0,0.07,0,0,20,0.5,0.104,5.5,50,200,0.1,0.1,0.1,0.1,0.1,0.1,0.5,0,14273,0.042037413,0.015553843,0,0,0,0,0,0,0,0,0,0,5,1.274682361
94111.66,0.478571004,0.5,6621,37,0.12135,33.6875,34.8125,37.33,0,0,0.07,0,0,20,0.5,0.104,5.5,50,200,0.1,0.1,0.1,0.1,0.1,0.1,0.5,0,14121,0.042489909,0.015862899,0,0,0,0,0,0,0,0,0,0,5,1.274682361
94171.73,0.507363108,0.5,6621,37,0.12465,33.625,34.8125,37.29,0,0,0.07,0,0,20,0.5,0.104,5.5,50,200,0.1,0.1,0.1,0.1,0.1,0.1,0.5,0,13905,0.042502697,0.016037397,0,0,0,0,0,0,0,0,0,0,5,1.386215284
94231.77,0.497043676,0.5,6621,37,0.13235,33.5625,34.75,37.27,0,0,0.07,0,0,20,0.5,0.104,5.5,50,200,0.1,0.1,0.1,0.1,0.1,0.1,0.5,0,14176,0.042748307,0.015942438,0,0,0,0,0,0,0,0,0,0,5,1.255257418
94291.8,0.512735134,0.5,6621,37,0.17315,33.4375,34.75,37.13,0,0,0.25,0,0,20,0.5,0.104,5.5,50,200,0.1,0.1,0.1,0.1,0.1,0.1,0.5,0,14241,0.042834071,0.016010112,0,0,0,0,0,0,0,0,0,0,5,1.285739051
94351.83,0.519294576,0.5,6621,37,0.17365,33.4375,34.75,37.09,0,0,0.07,0,0,20,0.5,0.104,5.5,50,200,0.1,0.1,0.1,0.1,0.1,0.1,0.5,0,14321,0.043432721,0.015850848,0,0,0,0,0,0,0,0,0,0,5,1.259587804
94411.9,0.528429349,0.5,6621,37,0.20215,33.375,34.75,37.17,0,0,0,0,0,20,0.5,0.104,5.5,50,200,0.1,0.1,0.1,0.1,0.1,0.1,0.5,0,14470,0.043192813,0.015964064,0,0,0,0,0,0,0,0,0,0,5,1.248921838
94471.94,0.54052391,0.5,6621,37,0.18465,33.375,34.75,37.25,0,0,0,0,0,20,0.5,0.104,5.5,50,200,0.1,0.1,0.1,0.1,0.1,0.1,0.5,0,15047,0.042400479,0.015950023,0,0,0,0,0,0,0,0,0,0,5,1.254365023
94532.01,0.542732517,0.5,6621,37,0.19605,33.375,34.8125,37.11,0,0.02,0.15,0,0,20,0.5,0.104,5.5,50,200,0.1,0.1,0.1,0.1,0.1,0.1,0.5,0,16244,0.041245999,0.015328737,0,0,0,0,0,0,0,0,0,0,0.44,1.254365023
94592.07,0.499199827,0.5,6621,37,0.549425,33.125,34.75,36.05,0,0.02,0.25,0,0,20,0.5,0.104,5.5,50,200,0.1,0.1,0.1,0.1,0.1,0.1,0.5,0,14718,0.042261177,0.015763011,0,0,0,0,0,0,0,0,0,0,0.44,1.254365023
94652.14,0.42873581,0.5,6621,37,0.67315,33.0625,34.875,35.63,0,0,0.07,0,0,20,0.5,0.104,5.5,50,200,0.1,0.1,0.1,0.1,0.1,0.1,0.5,0,13075,0.043365201,0.016061185,0,0,0,0,0,0,0,0,0,0,5,1.254365023
94712.22,0.452968478,0.5,6621,37,0.37385,33.3125,34.875,36.73,0,0,0.07,0,0,20,0.5,0.104,5.5,50,200,0.1,0.1,0.1,0.1,0.1,0.1,0.5,0,13406,0.042219902,0.015888408,0,0,0,0,0,0,0,0,0,0,5,1.254365023
94772.29,0.459755842,0.5,6621,37,0.22255,33.5625,34.875,37.25,0,0,0.07,0,0,20,0.5,0.104,5.5,50,200,0.1,0.1,0.1,0.1,0.1,0.1,0.5,0,13758,0.042084605,0.015845326,0,0,0,0,0,0,0,0,0,0,5,1.254365023
94832.33,0.472090727,0.5,6621,37,0.13135,33.75,34.9375,37.43,0,0,0.07,0,0,20,0.5,0.104,5.5,50,200,0.1,0.1,0.1,0.1,0.1,0.1,0.5,0,13789,0.042207557,0.015809703,0,0,0,0,0,0,0,0,0,0,5,1.254365023
94892.38,0.465344728,0.5,6621,37,0.12895,33.75,34.9375,37.51,0,0,0.25,0,0,20,0.5,0.104,5.5,50,200,0.1,0.1,0.1,0.1,0.1,0.1,0.5,0,13669,0.042870729,0.016094813,0,0,0,0,0,0,0,0,0,0,5,1.254365023
94952.46,0.477635778,0.5,6621,37,0.15785,33.6875,34.9375,37.37,0,0,0.07,0,0,20,0.5,0.104,5.5,50,200,0.1,0.1,0.1,0.1,0.1,0.1,0.5,0,14339,0.042053142,0.015551991,0,0,0,0,0,0,0,0,0,0,5,1.254365023
95012.53,0.505531534,0.5,6621,37,0.11735,33.6875,34.9375,37.35,0,0,0.07,0,0,20,0.5,0.104,5.5,50,200,0.1,0.1,0.1,0.1,0.1,0.1,0.5,0,14129,0.042607403,0.015924694,0,0,0,0,0,0,0,0,0,0,5,1.361932612
95072.59,0.51165215,0.5,6621,37,0.14395,33.625,34.875,37.25,0,0,0.07,0,0,20,0.5,0.104,5.5,50,200,0.1,0.1,0.1,0.1,0.1,0.1,0.5,0,14351,0.042645112,0.015957076,0,0,0,0,0,0,0,0,0,0,5,1.329939727
95132.65,0.515518199,0.5,6621,37,0.17855,33.5,34.875,37.17,0,0,0.07,0,0,20,0.5,0.104,5.5,50,200,0.1,0.1,0.1,0.1,0.1,0.1,0.5,0,14966,0.042028598,0.015769077,0,0,0,0,0,0,0,0,0,0,5,1.286025565
95192.73,0.534247409,0.5,6621,37,0.12365,33.5,34.8125,37.13,0,0,0.25,0,0,20,0.5,0.104,5.5,50,200,0.1,0.1,0.1,0.1,0.1,0.1,0.5,0,14383,0.043384551,0.016060627,0,0,0,0,0,0,0,0,0,0,5,1.328783597
95252.79,0.5266058,0.5,6621,37,0.12555,33.4375,34.75,37.01,0,0,0,0,0,20,0.5,0.104,5.5,50,200,0.1,0.1,0.1,0.1,0.1,0.1,0.5,0,14636,0.043181197,0.0160563,0,0,0,0,0,0,0,0,0,0,5,1.219124066
95312.86,0.55581125,0.5,6621,37,0.20375,33.375,34.75,37.13,0,0,0,0,0,20,0.5,0.104,5.5,50,200,0.1,0.1,0.1,0.1,0.1,0.1,0.5,0,14167,0.044046022,0.016093739,0,0,0,0,0,0,0,0,0,0,5,1.320097357
95372.94,0.54985787,0.5,6621,37,0.17755,33.3125,34.75,37.09,0,0.02,0.15,0,0,20,0.5,0.104,5.5,50,200,0.1,0.1,0.1,0.1,0.1,0.1,0.5,0,15734,0.042582941,0.015634931,0,0,0,0,0,0,0,0,0,0,0.44,1.320097357
95432.97,0.488324308,0.5,6621,37,0.53045,33.0625,34.6875,35.97,0,0.017539562,0.14015825,0,0,20,0.5,0.104,5.5,50,200,0.1,0.1,0.1,0.1,0.1,0.1,0.5,0,14420,0.042926491,0.016088766,0,0,0,0,0,0,0,0,0,0,0.44,1.320097357
95493,0.43836516,0.5,6621,37,0.688092703,32.9375,34.625,35.59,0,0,0.25,0,0,20,0.5,0.104,5.5,50,200,0.1,0.1,0.1,0.1,0.1,0.1,0.5,0,13227,0.043169275,0.015876616,0,0,0,0,0,0,0,0,0,0,5,1.320097357
95553.08,0.451200974,0.5,6621,37,0.37375,33.125,34.625,36.69,0,0,0.07,0,0,20,0.5,0.104,5.5,50,200,0.1,0.1,0.1,0.1,0.1,0.1,0.5,0,13710,0.042669584,0.015754923,0,0,0,0,0,0,0,0,0,0,5,1.320097357
95613.16,0.458347872,0.5,6621,37,0.22925,33.375,34.6875,37.19,0,0,0.07,0,0,20,0.5,0.104,5.5,50,200,0.1,0.1,0.1,0.1,0.1,0.1,0.5,0,14069,0.041936172,0.015637217,0,0,0,0,0,0,0,0,0,0,5,1.320097357
95673.19,0.464422739,0.5,6621,37,0.19135,33.5625,34.75,37.41,0,0,0.07,0,0,20,0.5,0.104,5.5,50,200,0.1,0.1,0.1,0.1,0.1,0.1,0.5,0,13113,0.044078395,0.016090902,0,0,0,0,0,0,0,0,0,0,5,1.320097357
95733.27,0.462076371,0.5,6621,37,0.13345,33.5625,34.6875,37.37,0,0,0.07,0,0,20,0.5,0.104,5.5,50,200,0.1,0.1,0.1,0.1,0.1,0.1,0.5,0,14569,0.042007001,0.015512389,0,0,0,0,0,0,0,0,0,0,5,1.320097357
95793.34,0.498384705,0.5,6621,37,0.13875,33.625,34.6875,37.43,0,0,0.25,0,0,20,0.5,0.104,5.5,50,200,0.1,0.1,0.1,0.1,0.1,0.1,0.5,0,14144,0.042774321,0.016049208,0,0,0,0,0,0,0,0,0,0,5,1.320097357
95853.39,0.497144783,0.5,6621,37,0.17295,33.5,34.6875,37.17,0,0,0.07,0,0,20,0.5,0.104,5.5,50,200,0.1,0.1,0.1,0.1,0.1,0.1,0.5,0,14192,0.042911499,0.015713078,0,0,0,0,0,0,0,0,0,0,5,1.246619548
95913.44,0.495624927,0.5,6621,37,0.15985,33.4375,34.6875,37.17,0,0,0.07,0,0,20,0.5,0.104,5.5,50,200,0.1,0.1,0.1,0.1,0.1,0.1,0.5,0,14107,0.043666265,0.016233076,0,0,0,0,0,0,0,0,0,0,5,1.175103011
95973.52,0.521343984,0.5,6621,37,0.13705,33.4375,34.6875,37.33,0,0,0.07,0,0,20,0.5,0.104,5.5,50,200,0.1,0.1,0.1,0.1,0.1,0.1,0.5,0,14132,0.043942825,0.016345882,0,0,0,0,0,0,0,0,0,0,5,1.26811971
96033.58,0.5323281,0.5,6621,37,0.21255,33.4375,34.8125,37.25,0,0,0.07,0,0,20,0.5,0.104,5.5,50,200,0.1,0.1,0.1,0.1,0.1,0.1,0.5,0,13916,0.044696752,0.016240299,0,0,0,0,0,0,0,0,0,0,5,1.267263627
96093.66,0.549732019,0.5,6621,37,0.16595,33.4375,34.75,37.11,0,0,0,0,0,20,0.5,0.104,5.5,50,200,0.1,0.1,0.1,0.1,0.1,0.1,0.5,0,15413,0.042496594,0.015636151,0,0,0,0,0,0,0,0,0,0,5,1.300413124
96153.73,0.53934839,0.5,6621,37,0.19945,33.4375,34.8125,37.17,0,0,0,0,0,20,0.5,0.104,5.5,50,200,0.1,0.1,0.1,0.1,0.1,0.1,0.5,0,15033,0.04330473,0.015831837,0,0,0,0,0,0,0,0,0,0,5,1.178184881
96213.79,0.55736279,0.5,6621,37,0.13725,33.375,34.8125,37.25,0,0,0,0,0,20,0.5,0.104,5.5,50,200,0.1,0.1,0.1,0.1,0.1,0.1,0.5,0,14937,0.043583049,0.016201379,0,0,0,0,0,0,0,0,0,0,5,1.217839526
96273.87,0.563973325,0.5,6621,37,0.18045,33.375,34.875,37.19,0,0.02,0.15,0,0,20,0.5,0.104,5.5,50,200,0.1,0.1,0.1,0.1,0.1,0.1,0.5,0,15183,0.043601396,0.016202332,0,0,0,0,0,0,0,0,0,0,0.44,1.217839526
96333.94,0.491360722,0.5,6621,37,0.5958,33.1875,34.875,36.01,0,0.019342586,0.147370343,0,0,20,0.5,0.104,5.5,50,200,0.1,0.1,0.1,0.1,0.1,0.1,0.5,0,14705,0.043318599,0.015708943,0,0,0,0,0,0,0,0,0,0,0.44,1.217839526
96394,0.437543831,0.5,6621,37,0.671192001,33,34.875,35.59,0,0,0.25,0,0,20,0.5,0.104,5.5,50,200,0.1,0.1,0.1,0.1,0.1,0.1,0.5,0,13173,0.044105367,0.016397176,0,0,0,0,0,0,0,0,0,0,5,1.217839526
96454.06,0.442575834,0.5,6621,37,0.37505,33.25,34.8125,36.73,0,0,0.07,0,0,20,0.5,0.104,5.5,50,200,0.1,0.1,0.1,0.1,0.1,0.1,0.5,0,13609,0.043280182,0.016239253,0,0,0,0,0,0,0,0,0,0,5,1.217839526
96514.1,0.4583299,0.5,6621,37,0.16575,33.5,34.6875,37.27,0,0,0.07,0,0,20,0.5,0.104,5.5,50,200,0.1,0.1,0.1,0.1,0.1,0.1,0.5,0,13622,0.043532521,0.016223756,0,0,0,0,0,0,0,0,0,0,5,1.217839526
96574.2,0.475748995,0.5,6621,37,0.17015,33.625,34.75,37.45,0,0,0.07,0,0,20,0.5,0.104,5.5,50,200,0.1,0.1,0.1,0.1,0.1,0.1,0.5,0,13267,0.044320494,0.016356373,0,0,0,0,0,0,0,0,0,0,5,1.217839526
96634.27,0.481142361,0.5,6621,37,0.15315,33.625,34.6875,37.35,0,0,0.07,0,0,20,0.5,0.104,5.5,50,200,0.1,0.1,0.1,0.1,0.1,0.1,0.5,0,13971,0.043160833,0.016104788,0,0,0,0,0,0,0,0,0,0,5,1.217839526
96694.33,0.472380295,0.5,6621,37,0.14645,33.625,34.6875,37.53,0,0,0.25,0,0,20,0.5,0.104,5.5,50,200,0.1,0.1,0.1,0.1,0.1,0.1,0.5,0,13798,0.043919409,0.01594434,0,0,0,0,0,0,0,0,0,0,5,1.217839526
96754.37,0.505317829,0.5,6621,37,0.13325,33.625,34.6875,37.33,0,0,0.07,0,0,20,0.5,0.104,5.5,50,200,0.1,0.1,0.1,0.1,0.1,0.1,0.5,0,13639,0.044284772,0.016496811,0,0,0,0,0,0,0,0,0,0,5,1.35915723
96814.43,0.498836875,0.5,6621,37,0.21135,33.5,34.6875,37.33,0,0,0.07,0,0,20,0.5,0.104,5.5,50,200,0.1,0.1,0.1,0.1,0.1,0.1,0.5,0,15590,0.041821681,0.015651058,0,0,0,0,0,0,0,0,0,0,5,1.252473993
96874.47,0.513823037,0.5,6621,37,0.15175,33.5,34.75,37.29,0,0,0.07,0,0,20,0.5,0.104,5.5,50,200,0.1,0.1,0.1,0.1,0.1,0.1,0.5,0,14803,0.043031818,0.015807607,0,0,0,0,0,0,0,0,0,0,5,1.278649641
96934.57,0.525597573,0.5,6621,37,0.19105,33.375,34.75,37.11,0,0,0.07,0,0,20,0.5,0.104,5.5,50,200,0.1,0.1,0.1,0.1,0.1,0.1,0.5,0,15068,0.043005044,0.016126891,0,0,0,0,0,0,0,0,0,0,5,1.282687948
96994.64,0.531314458,0.5,6621,37,0.22805,33.375,34.8125,36.95,0,0,0,0,0,20,0.5,0.104,5.5,50,200,0.1,0.1,0.1,0.1,0.1,0.1,0.5,0,14194,0.044807665,0.016344934,0,0,0,0,0,0,0,0,0,0,5,1.251008139
97054.72,0.542837374,0.5,6621,37,0.17705,33.375,34.8125,37.13,0,0,0,0,0,20,0.5,0.104,5.5,50,200,0.1,0.1,0.1,0.1,0.1,0.1,0.5,0,15593,0.043096261,0.015712179,0,0,0,0,0,0,0,0,0,0,5,1.25282493
97114.81,0.560112122,0.5,6621,37,0.21665,33.4375,34.75,36.95,0,0.02,0.15,0,0,20,0.5,0.104,5.5,50,200,0.1,0.1,0.1,0.1,0.1,0.1,0.5,0,15141,0.043788389,0.016115184,0,0,0,0,0,0,0,0,0,0,0.44,1.25282493
97174.87,0.480044032,0.5,6621,37,0.582625,33.125,34.8125,35.83,0,0.017485057,0.139940228,0,0,20,0.5,0.104,5.5,50,200,0.1,0.1,0.1,0.1,0.1,0.1,0.5,0,14661,0.043107564,0.015756088,0,0,0,0,0,0,0,0,0,0,0.44,1.25282493
97234.91,0.45466476,0.5,6621,37,0.646882096,33.0625,34.8125,35.71,0,0,0.07,0,0,20,0.5,0.104,5.5,50,200,0.1,0.1,0.1,0.1,0.1,0.1,0.5,0,13175,0.044250474,0.016470588,0,0,0,0,0,0,0,0,0,0,5,1.25282493
97294.98,0.44745981,0.5,6621,37,0.35525,33.3125,34.8125,36.77,0,0,0.25,0,0,20,0.5,0.104,5.5,50,200,0.1,0.1,0.1,0.1,0.1,0.1,0.5,0,14140,0.042927864,0.015983027,0,0,0,0,0,0,0,0,0,0,5,1.25282493
97355.03,0.459850917,0.5,6621,37,0.18385,33.5,34.8125,37.41,0,0,0.07,0,0,20,0.5,0.104,5.5,50,200,0.1,0.1,0.1,0.1,0.1,0.1,0.5,0,14020,0.043081312,0.015905849,0,0,0,0,0,0,0,0,0,0,5,1.25282493
97415.08,0.458377247,0.5,6621,37,0.17945,33.625,34.875,37.37,0,0,0.07,0,0,20,0.5,0.104,5.5,50,200,0.1,0.1,0.1,0.1,0.1,0.1,0.5,0,14414,0.042874983,0.015887332,0,0,0,0,0,0,0,0,0,0,5,1.25282493
97475.18,0.488798699,0.5,6621,37,0.15565,33.6875,34.875,37.41,0,0,0.07,0,0,20,0.5,0.104,5.5,50,200,0.1,0.1,0.1,0.1,0.1,0.1,0.5,0,13888,0.043850806,0.015913018,0,0,0,0,0,0,0,0,0,0,5,1.25282493
97535.23,0.485515826,0.5,6621,37,0.13505,33.6875,34.875,37.43,0,0,0.07,0,0,20,0.5,0.104,5.5,50,200,0.1,0.1,0.1,0.1,0.1,0.1,0.5,0,13834,0.044094261,0.016264276,0,0,0,0,0,0,0,0,0,0,5,1.25282493
97595.27,0.501978476,0.5,6621,37,0.15225,33.5625,34.875,37.33,0,0,0.25,0,0,20,0.5,0.104,5.5,50,200,0.1,0.1,0.1,0.1,0.1,0.1,0.5,0,14285,0.043752188,0.016100805,0,0,0,0,0,0,0,0,0,0,5,1.290219758
97655.33,0.496782534,0.5,6621,37,0.15705,33.5625,34.875,37.27,0,0,0.07,0,0,20,0.5,0.104,5.5,50,200,0.1,0.1,0.1,0.1,0.1,0.1,0.5,0,14174,0.044377028,0.016367998,0,0,0,0,0,0,0,0,0,0,5,1.194494167
97715.4,0.51269807,0.5,6621,37,0.19495,33.5,34.8125,37.11,0,0,0.07,0,0,20,0.5,0.104,5.5,50,200,0.1,0.1,0.1,0.1,0.1,0.1,0.5,0,14353,0.044520309,0.016372884,0,0,0,0,0,0,0,0,0,0,5,1.22937368
97775.48,0.535186427,0.5,6621,37,0.15305,33.4375,34.75,37.25,0,0,0.07,0,0,20,0.5,0.104,5.5,50,200,0.1,0.1,0.1,0.1,0.1,0.1,0.5,0,14470,0.044644091,0.016309606,0,0,0,0,0,0,0,0,0,0,5,1.296689097
97835.51,0.539591176,0.5,6621,37,0.14115,33.375,34.75,37.27,0,0,0,0,0,20,0.5,0.104,5.5,50,200,0.1,0.1,0.1,0.1,0.1,0.1,0.5,0,14882,0.043878511,0.01619406,0,0,0,0,0,0,0,0,0,0,5,1.256444512
97895.59,0.54277052,0.5,6621,37,0.19255,33.3125,34.6875,37.05,0,0,0,0,0,20,0.5,0.104,5.5,50,200,0.1,0.1,0.1,0.1,0.1,0.1,0.5,0,15463,0.043523249,0.016038285,0,0,0,0,0,0,0,0,0,0,5,1.211246817
97955.66,0.556702714,0.5,6621,37,0.14895,33.3125,34.6875,37.21,0,0.02,0.15,0,0,20,0.5,0.104,5.5,50,200,0.1,0.1,0.1,0.1,0.1,0.1,0.5,0,15012,0.044764189,0.016320277,0,0,0,0,0,0,0,0,0,0,0.44,1.211246817
98015.71,0.486731001,0.5,6621,37,0.592575,33.0625,34.6875,35.81,0,0.018018705,0.14207482,0,0,20,0.5,0.104,5.5,50,200,0.1,0.1,0.1,0.1,0.1,0.1,0.5,0,14024,0.044566458,0.016400456,0,0,0,0,0,0,0,0,0,0,0.44,1.211246817
98075.78,0.431451625,0.5,6621,37,0.652510315,32.9375,34.6875,35.71,0,0,0.07,0,0,20,0.5,0.104,5.5,50,200,0.1,0.1,0.1,0.1,0.1,0.1,0.5,0,13434,0.044067292,0.016227483,0,0,0,0,0,0,0,0,0,0,5,1.211246817
98135.83,0.474737621,0.5,6621,37,0.33285,33.1875,34.6875,36.85,0,0,0.07,0,0,20,0.5,0.104,5.5,50,200,0.1,0.1,0.1,0.1,0.1,0.1,0.5,0,13189,0.044810069,0.016225643,0,0,0,0,0,0,0,0,0,0,5,1.211246817
98195.91,0.459551788,0.5,6621,37,0.22125,33.4375,34.6875,37.27,0,0,0.25,0,0,20,0.5,0.104,5.5,50,200,0.1,0.1,0.1,0.1,0.1,0.1,0.5,0,13560,0.044174041,0.016297935,0,0,0,0,0,0,0,0,0,0,5,1.211246817
98255.94,0.469466976,0.5,6621,37,0.18835,33.625,34.75,37.35,0,0,0.07,0,0,20,0.5,0.104,5.5,50,200,0.1,0.1,0.1,0.1,0.1,0.1,0.5,0,13631,0.044677573,0.016359768,0,0,0,0,0,0,0,0,0,0,5,1.211246817
98315.98,0.470245023,0.5,6621,37,0.13155,33.6875,34.75,37.51,0,0,0.07,0,0,20,0.5,0.104,5.5,50,200,0.1,0.1,0.1,0.1,0.1,0.1,0.5,0,13971,0.044162909,0.016247942,0,0,0,0,0,0,0,0,0,0,5,1.211246817
98376.05,0.492519647,0.5,6621,37,0.11245,33.625,34.75,37.53,0,0,0.07,0,0,20,0.5,0.104,5.5,50,200,0.1,0.1,0.1,0.1,0.1,0.1,0.5,0,14130,0.044090587,0.016277424,0,0,0,0,0,0,0,0,0,0,5,1.211246817
98436.08,0.522371507,0.5,6621,37,0.17045,33.5625,34.8125,37.25,0,0,0.07,0,0,20,0.5,0.104,5.5,50,200,0.1,0.1,0.1,0.1,0.1,0.1,0.5,0,14089,0.04485769,0.016253815,0,0,0,0,0,0,0,0,0,0,5,1.32721852
98496.15,0.50899512,0.5,6621,37,0.15855,33.5625,34.8125,37.27,0,0,0.25,0,0,20,0.5,0.104,5.5,50,200,0.1,0.1,0.1,0.1,0.1,0.1,0.5,0,14681,0.044002452,0.016143314,0,0,0,0,0,0,0,0,0,0,5,1.183035782
98556.22,0.518468476,0.5,6621,37,0.20905,33.5625,34.875,37.05,0,0,0.07,0,0,20,0.5,0.104,5.5,50,200,0.1,0.1,0.1,0.1,0.1,0.1,0.5,0,14740,0.044165536,0.01614654,0,0,0,0,0,0,0,0,0,0,5,1.179206387
98616.26,0.540607356,0.5,6621,37,0.14305,33.4375,34.875,37.29,0,0,0.07,0,0,20,0.5,0.104,5.5,50,200,0.1,0.1,0.1,0.1,0.1,0.1,0.5,0,15097,0.043849771,0.016095913,0,0,0,0,0,0,0,0,0,0,5,1.245688108
98676.31,0.542115164,0.5,6621,37,0.301825,33.5,34.8125,37.09,0,0.02,0.15,0,0,20,0.5,0.104,5.5,50,200,0.1,0.1,0.1,0.1,0.1,0.1,0.5,0,15435,0.044120505,0.016067379,0,0,0,0,0,0,0,0,0,0,0.44,1.245688108
98736.38,0.474424644,0.5,6621,37,0.536412648,33.25,34.875,35.99,0,0.014946241,0.129784966,0,0,20,0.5,0.104,5.5,50,200,0.1,0.1,0.1,0.1,0.1,0.1,0.5,0,13791,0.044739323,0.016387499,0,0,0,0,0,0,0,0,0,0,0.44,1.245688108
98796.42,0.437391534,0.5,6621,37,0.53725,33.125,34.875,35.97,0,0,0.25,0,0,20,0.5,0.104,5.5,50,200,0.1,0.1,0.1,0.1,0.1,0.1,0.5,0,13873,0.043465725,0.016074389,0,0,0,0,0,0,0,0,0,0,5,1.245688108
98856.46,0.450724717,0.5,6621,37,0.36215,33.25,34.75,36.71,0,0,0.07,0,0,20,0.5,0.104,5.5,50,200,0.1,0.1,0.1,0.1,0.1,0.1,0.5,0,13432,0.044520548,0.016378797,0,0,0,0,0,0,0,0,0,0,5,1.245688108
98916.53,0.476429628,0.5,6621,37,0.24025,33.4375,34.75,37.17,0,0,0.07,0,0,20,0.5,0.104,5.5,50,200,0.1,0.1,0.1,0.1,0.1,0.1,0.5,0,13540,0.044608567,0.015952733,0,0,0,0,0,0,0,0,0,0,5,1.245688108
98976.57,0.462526104,0.5,6621,37,0.20885,33.5625,34.75,37.25,0,0,0.07,0,0,20,0.5,0.104,5.5,50,200,0.1,0.1,0.1,0.1,0.1,0.1,0.5,0,13869,0.044487706,0.016079025,0,0,0,0,0,0,0,0,0,0,5,1.245688108
99036.66,0.468349101,0.5,6621,37,0.15065,33.5625,34.6875,37.43,0,0,0.07,0,0,20,0.5,0.104,5.5,50,200,0.1,0.1,0.1,0.1,0.1,0.1,0.5,0,14265,0.043533123,0.016123379,0,0,0,0,0,0,0,0,0,0,5,1.245688108
99096.72,0.4846033,0.5,6621,37,0.17515,33.5625,34.6875,37.29,0,0,0.25,0,0,20,0.5,0.104,5.5,50,200,0.1,0.1,0.1,0.1,0.1,0.1,0.5,0,13790,0.044525018,0.016388687,0,0,0,0,0,0,0,0,0,0,5,1.245688108
99156.76,0.501083192,0.5,6621,37,0.18825,33.5625,34.6875,37.21,0,0,0.07,0,0,20,0.5,0.104,5.5,50,200,0.1,0.1,0.1,0.1,0.1,0.1,0.5,0,14356,0.044093062,0.01616049,0,0,0,0,0,0,0,0,0,0,5,1.283728268
99216.81,0.51152451,0.5,6621,37,0.15835,33.5625,34.6875,37.29,0,0,0.07,0,0,20,0.5,0.104,5.5,50,200,0.1,0.1,0.1,0.1,0.1,0.1,0.5,0,14375,0.044173913,0.016208696,0,0,0,0,0,0,0,0,0,0,5,1.28141194
99276.88,0.507323569,0.5,6621,37,0.14785,33.4375,34.6875,37.29,0,0,0.07,0,0,20,0.5,0.104,5.5,50,200,0.1,0.1,0.1,0.1,0.1,0.1,0.5,0,14891,0.043851991,0.016117118,0,0,0,0,0,0,0,0,0,0,5,1.192601848
99336.95,0.531909553,0.5,6621,37,0.19245,33.375,34.6875,37.09,0,0,0.07,0,0,20,0.5,0.104,5.5,50,200,0.1,0.1,0.1,0.1,0.1,0.1,0.5,0,14561,0.044845821,0.016345031,0,0,0,0,0,0,0,0,0,0,5,1.274945129
99397,0.53878559,0.5,6621,37,0.20415,33.375,34.75,37.03,0,0,0,0,0,20,0.5,0.104,5.5,50,200,0.1,0.1,0.1,0.1,0.1,0.1,0.5,0,15098,0.044045569,0.016161081,0,0,0,0,0,0,0,0,0,0,5,1.249730587
99457.05,0.545764746,0.5,6621,37,0.17285,33.375,34.75,37.13,0,0,0,0,0,20,0.5,0.104,5.5,50,200,0.1,0.1,0.1,0.1,0.1,0.1,0.5,0,15628,0.043639621,0.015804965,0,0,0,0,0,0,0,0,0,0,5,1.225855003
99517.09,0.556623609,0.5,6621,37,0.33035,33.3125,34.75,36.93,0,0.02,0.15,0,0,20,0.5,0.104,5.5,50,200,0.1,0.1,0.1,0.1,0.1,0.1,0.5,0,14741,0.044773082,0.016416797,0,0,0,0,0,0,0,0,0,0,0.44,1.225855003
99577.12,0.490336543,0.5,6621,37,0.563542067,33.1875,34.75,35.91,0,0.018480023,0.143920092,0,0,20,0.5,0.104,5.5,50,200,0.1,0.1,0.1,0.1,0.1,0.1,0.5,0,14119,0.04469155,0.016360932,0,0,0,0,0,0,0,0,0,0,0.44,1.225855003
99637.25,0.429386237,0.5,6621,37,0.66855,33.0625,34.8125,35.47,0,0,0.07,0,0,20,0.5,0.104,5.5,50,200,0.1,0.1,0.1,0.1,0.1,0.1,0.5,0,13985,0.043403647,0.015945656,0,0,0,0,0,0,0,0,0,0,5,1.225855003
99697.32,0.444095284,0.5,6621,37,0.34465,33.25,34.8125,36.81,0,0,0.25,0,0,20,0.5,0.104,5.5,50,200,0.1,0.1,0.1,0.1,0.1,0.1,0.5,0,13385,0.044452746,0.016361599,0,0,0,0,0,0,0,0,0,0,5,1.225855003
99757.4,0.45114859,0.5,6621,37,0.23895,33.5625,34.8125,37.21,0,0,0.07,0,0,20,0.5,0.104,5.5,50,200,0.1,0.1,0.1,0.1,0.1,0.1,0.5,0,13480,0.04458457,0.016246291,0,0,0,0,0,0,0,0,0,0,5,1.225855003
99817.43,0.465552803,0.5,6621,37,0.15015,33.6875,34.8125,37.51,0,0,0.07,0,0,20,0.5,0.104,5.5,50,200,0.1,0.1,0.1,0.1,0.1,0.1,0.5,0,13446,0.044846051,0.016213,0,0,0,0,0,0,0,0,0,0,5,1.225855003
99877.46,0.469724818,0.5,6621,37,0.14105,33.75,34.875,37.49,0,0,0.07,0,0,20,0.5,0.104,5.5,50,200,0.1,0.1,0.1,0.1,0.1,0.1,0.5,0,13351,0.045240057,0.016478166,0,0,0,0,0,0,0,0,0,0,5,1.225855003
99937.54,0.471248404,0.5,6621,37,0.15785,33.6875,34.8125,37.37,0,0,0.07,0,0,20,0.5,0.104,5.5,50,200,0.1,0.1,0.1,0.1,0.1,0.1,0.5,0,13380,0.045964126,0.016666667,0,0,0,0,0,0,0,0,0,0,5,1.225855003
99997.61,0.492920197,0.5,6621,37,0.14875,33.6875,34.8125,37.35,0,0,0.25,0,0,20,0.5,0.104,5.5,50,200,0.1,0.1,0.1,0.1,0.1,0.1,0.5,0,14991,0.043559469,0.016009606,0,0,0,0,0,0,0,0,0,0,5,1.299448066
100057.65,0.528743555,0.5,6621,37,0.20715,33.625,34.875,37.09,0,0,0.07,0,0,20,0.5,0.104,5.5,50,200,0.1,0.1,0.1,0.1,0.1,0.1,0.5,0,13978,0.045571613,0.01659751,0,0,0,0,0,0,0,0,0,0,5,1.444944417
100117.69,0.52712815,0.5,6621,37,0.18175,33.5,34.875,37.17,0,0,0.07,0,0,20,0.5,0.104,5.5,50,200,0.1,0.1,0.1,0.1,0.1,0.1,0.5,0,14520,0.044628099,0.016391185,0,0,0,0,0,0,0,0,0,0,5,1.363517638
100177.76,0.55095586,0.5,6621,37,0.18305,33.5,34.875,37.13,0,0,0.07,0,0,20,0.5,0.104,5.5,50,200,0.1,0.1,0.1,0.1,0.1,0.1,0.5,0,14925,0.044556114,0.016348409,0,0,0,0,0,0,0,0,0,0,5,1.427974783
100237.8,0.547405341,0.5,6621,37,0.2963,33.5,34.875,37.09,0,0.02,0.15,0,0,20,0.5,0.104,5.5,50,200,0.1,0.1,0.1,0.1,0.1,0.1,0.5,0,15497,0.043685875,0.016067626,0,0,0,0,0,0,0,0,0,0,0.44,1.427974783
100297.86,0.468466121,0.5,6621,37,0.555799538,33.25,34.875,35.89,0,0.014679621,0.25,0,0,20,0.5,0.104,5.5,50,200,0.1,0.1,0.1,0.1,0.1,0.1,0.5,0,14232,0.044617763,0.0160905,0,0,0,0,0,0,0,0,0,0,0.44,1.427974783
100357.93,0.435985253,0.5,6621,37,0.58875,33.1875,34.75,35.77,0,0,0.07,0,0,20,0.5,0.104,5.5,50,200,0.1,0.1,0.1,0.1,0.1,0.1,0.5,0,13769,0.044011911,0.016050548,0,0,0,0,0,0,0,0,0,0,5,1.427974783
100417.99,0.435471325,0.5,6621,37,0.33685,33.25,34.8125,36.81,0,0,0.07,0,0,20,0.5,0.104,5.5,50,200,0.1,0.1,0.1,0.1,0.1,0.1,0.5,0,13293,0.044910855,0.016249154,0,0,0,0,0,0,0,0,0,0,5,1.427974783
100478.08,0.446694457,0.5,6621,37,0.23295,33.5,34.75,37.21,0,0,0.07,0,0,20,0.5,0.104,5.5,50,200,0.1,0.1,0.1,0.1,0.1,0.1,0.5,0,13220,0.045385779,0.016565809,0,0,0,0,0,0,0,0,0,0,5,1.427974783
100538.16,0.468636612,0.5,6621,37,0.16915,33.625,34.6875,37.41,0,0,0.07,0,0,20,0.5,0.104,5.5,50,200,0.1,0.1,0.1,0.1,0.1,0.1,0.5,0,13653,0.044678825,0.016479895,0,0,0,0,0,0,0,0,0,0,5,1.427974783
100598.22,0.466404409,0.5,6621,37,0.15415,33.625,34.6875,37.41,0,0,0.25,0,0,20,0.5,0.104,5.5,50,200,0.1,0.1,0.1,0.1,0.1,0.1,0.5,0,13577,0.045149886,0.01649849,0,0,0,0,0,0,0,0,0,0,5,1.427974783
100658.27,0.486934814,0.5,6621,37,0.17865,33.625,34.6875,37.27,0,0,0.07,0,0,20,0.5,0.104,5.5,50,200,0.1,0.1,0.1,0.1,0.1,0.1,0.5,0,14313,0.044574862,0.016069308,0,0,0,0,0,0,0,0,0,0,5,1.427974783
100718.37,0.494646913,0.5,6621,37,0.16965,33.5625,34.6875,37.27,0,0,0.07,0,0,20,0.5,0.104,5.5,50,200,0.1,0.1,0.1,0.1,0.1,0.1,0.5,0,14356,0.044580663,0.016299805,0,0,0,0,0,0,0,0,0,0,5,1.40371786
100778.43,0.50229004,0.5,6621,37,0.20685,33.5,34.6875,37.09,0,0,0.07,0,0,20,0.5,0.104,5.5,50,200,0.1,0.1,0.1,0.1,0.1,0.1,0.5,0,14591,0.044410938,0.015968748,0,0,0,0,0,0,0,0,0,0,5,1.379532528
100838.5,0.522812505,0.5,6621,37,0.16965,33.4375,34.6875,37.21,0,0,0.07,0,0,20,0.5,0.104,5.5,50,200,0.1,0.1,0.1,0.1,0.1,0.1,0.5,0,14060,0.045803698,0.01628734,0,0,0,0,0,0,0,0,0,0,5,1.430691438
100898.57,0.515693899,0.5,6621,37,0.17335,33.4375,34.75,37.17,0,0,0.25,0,0,20,0.5,0.104,5.5,50,200,0.1,0.1,0.1,0.1,0.1,0.1,0.5,0,14744,0.044628323,0.016209984,0,0,0,0,0,0,0,0,0,0,5,1.318028278
100958.61,0.537265419,0.5,6621,37,0.1602,33.4375,34.75,37.17,0,0,0,0,0,20,0.5,0.104,5.5,50,200,0.1,0.1,0.1,0.1,0.1,0.1,0.5,0,15209,0.044315866,0.016240384,0,0,0,0,0,0,0,0,0,0,5,1.375063457
101018.67,0.542157538,0.5,6621,37,0.1663,33.375,34.75,36.97,0,0,0,0,0,20,0.5,0.104,5.5,50,200,0.1,0.1,0.1,0.1,0.1,0.1,0.5,0,15318,0.044588066,0.015994255,0,0,0,0,0,0,0,0,0,0,5,1.333503439
101078.74,0.563322408,0.5,6621,37,0.28465,33.3125,34.75,37.13,0,0.02,0.15,0,0,20,0.5,0.104,5.5,50,200,0.1,0.1,0.1,0.1,0.1,0.1,0.5,0,14577,0.045962818,0.016395692,0,0,0,0,0,0,0,0,0,0,0.44,1.333503439
101138.8,0.483991492,0.5,6621,37,0.526704343,33.0625,34.75,36.05,0,0.018324413,0.143297653,0,0,20,0.5,0.104,5.5,50,200,0.1,0.1,0.1,0.1,0.1,0.1,0.5,0,13817,0.04566838,0.016573786,0,0,0,0,0,0,0,0,0,0,0.44,1.333503439
101198.87,0.433401329,0.5,6621,37,0.64865,33.0625,34.75,35.51,0,0,0.25,0,0,20,0.5,0.104,5.5,50,200,0.1,0.1,0.1,0.1,0.1,0.1,0.5,0,13390,0.044958925,0.016355489,0,0,0,0,0,0,0,0,0,0,5,1.333503439
101258.92,0.451763443,0.5,6621,37,0.39015,33.25,34.75,36.61,0,0,0.07,0,0,20,0.5,0.104,5.5,50,200,0.1,0.1,0.1,0.1,0.1,0.1,0.5,0,13248,0.045138889,0.016455314,0,0,0,0,0,0,0,0,0,0,5,1.333503439
101318.95,0.446302399,0.5,6621,37,0.23735,33.4375,34.8125,37.19,0,0,0.07,0,0,20,0.5,0.104,5.5,50,200,0.1,0.1,0.1,0.1,0.1,0.1,0.5,0,13662,0.04486898,0.016542234,0,0,0,0,0,0,0,0,0,0,5,1.333503439
101378.98,0.457399183,0.5,6621,37,0.16975,33.625,34.8125,37.41,0,0,0.07,0,0,20,0.5,0.104,5.5,50,200,0.1,0.1,0.1,0.1,0.1,0.1,0.5,0,13978,0.044140793,0.016025182,0,0,0,0,0,0,0,0,0,0,5,1.333503439
101439.04,0.47862409,0.5,6621,37,0.11855,33.625,34.75,37.55,0,0,0.07,0,0,20,0.5,0.104,5.5,50,200,0.1,0.1,0.1,0.1,0.1,0.1,0.5,0,14203,0.044497641,0.01626417,0,0,0,0,0,0,0,0,0,0,5,1.333503439
101499.11,0.484256596,0.5,6621,37,0.15685,33.625,34.75,37.35,0,0,0.25,0,0,20,0.5,0.104,5.5,50,200,0.1,0.1,0.1,0.1,0.1,0.1,0.5,0,14966,0.043699051,0.015835895,0,0,0,0,0,0,0,0,0,0,5,1.333503439
101559.17,0.499359603,0.5,6621,37,0.19405,33.5625,34.6875,37.17,0,0,0.07,0,0,20,0.5,0.104,5.5,50,200,0.1,0.1,0.1,0.1,0.1,0.1,0.5,0,14554,0.044249004,0.016284183,0,0,0,0,0,0,0,0,0,0,5,1.358962947
101619.23,0.503178706,0.5,6621,37,0.16955,33.5,34.75,37.25,0,0,0.07,0,0,20,0.5,0.104,5.5,50,200,0.1,0.1,0.1,0.1,0.1,0.1,0.5,0,14486,0.04487091,0.016360624,0,0,0,0,0,0,0,0,0,0,5,1.313871513
101679.35,0.501840494,0.5,6621,37,0.16965,33.5,34.6875,37.21,0,0,0.07,0,0,20,0.5,0.104,5.5,50,200,0.1,0.1,0.1,0.1,0.1,0.1,0.5,0,14748,0.044684025,0.016069976,0,0,0,0,0,0,0,0,0,0,5,1.24018876
101739.39,0.518960439,0.5,6621,37,0.17335,33.4375,34.625,37.17,0,0,0.07,0,0,20,0.5,0.104,5.5,50,200,0.1,0.1,0.1,0.1,0.1,0.1,0.5,0,15087,0.044541658,0.016305429,0,0,0,0,0,0,0,0,0,0,5,1.278815299
101799.45,0.543008383,0.5,6621,37,0.139,33.375,34.625,37.11,0,0,0,0,0,20,0.5,0.104,5.5,50,200,0.1,0.1,0.1,0.1,0.1,0.1,0.5,0,14672,0.045597056,0.016357688,0,0,0,0,0,0,0,0,0,0,5,1.350765847
101859.49,0.55100668,0.5,6621,37,0.3805,33.3125,34.625,36.73,0,0.02,0.15,0,0,20,0.5,0.104,5.5,50,200,0.1,0.1,0.1,0.1,0.1,0.1,0.5,0,15597,0.044175162,0.016285183,0,0,0,0,0,0,0,0,0,0,0.44,1.350765847
101919.56,0.484069209,0.5,6621,37,0.564984741,33.0625,34.6875,35.93,0,0.017105752,0.138423006,0,0,20,0.5,0.104,5.5,50,200,0.1,0.1,0.1,0.1,0.1,0.1,0.5,0,13940,0.045624103,0.016499283,0,0,0,0,0,0,0,0,0,0,0.44,1.350765847
101979.6,0.426126886,0.5,6621,37,0.63745,33,34.6875,35.61,0,0,0.07,0,0,20,0.5,0.104,5.5,50,200,0.1,0.1,0.1,0.1,0.1,0.1,0.5,0,13197,0.045086004,0.016367356,0,0,0,0,0,0,0,0,0,0,5,1.350765847
102039.68,0.431452897,0.5,6621,37,0.35885,33.1875,34.75,36.77,0,0,0.07,0,0,20,0.5,0.104,5.5,50,200,0.1,0.1,0.1,0.1,0.1,0.1,0.5,0,13435,0.044733904,0.016226275,0,0,0,0,0,0,0,0,0,0,5,1.350765847
102099.75,0.451676232,0.5,6621,37,0.26845,33.4375,34.75,37.11,0,0,0.25,0,0,20,0.5,0.104,5.5,50,200,0.1,0.1,0.1,0.1,0.1,0.1,0.5,0,14233,0.043771517,0.015878592,0,0,0,0,0,0,0,0,0,0,5,1.350765847
102159.8,0.460577369,0.5,6621,37,0.19235,33.625,34.8125,37.37,0,0,0.07,0,0,20,0.5,0.104,5.5,50,200,0.1,0.1,0.1,0.1,0.1,0.1,0.5,0,13476,0.045488275,0.016547937,0,0,0,0,0,0,0,0,0,0,5,1.350765847
102219.83,0.472547836,0.5,6621,37,0.16065,33.6875,34.8125,37.45,0,0,0.07,0,0,20,0.5,0.104,5.5,50,200,0.1,0.1,0.1,0.1,0.1,0.1,0.5,0,14025,0.044349376,0.016256684,0,0,0,0,0,0,0,0,0,0,5,1.350765847
102279.88,0.466990379,0.5,6621,37,0.12265,33.75,34.8125,37.53,0,0,0.07,0,0,20,0.5,0.104,5.5,50,200,0.1,0.1,0.1,0.1,0.1,0.1,0.5,0,13921,0.044752532,0.016449968,0,0,0,0,0,0,0,0,0,0,5,1.350765847
102339.95,0.488201825,0.5,6621,37,0.12975,33.6875,34.75,37.45,0,0,0.07,0,0,20,0.5,0.104,5.5,50,200,0.1,0.1,0.1,0.1,0.1,0.1,0.5,0,14893,0.043711811,0.016114953,0,0,0,0,0,0,0,0,0,0,5,1.41648828
102400,0.502667556,0.5,6621,37,0.20635,33.5625,34.875,37.11,0,0,0.25,0,0,20,0.5,0.104,5.5,50,200,0.1,0.1,0.1,0.1,0.1,0.1,0.5,0,13764,0.045626271,0.016637605,0,0,0,0,0,0,0,0,0,0,5,1.433264266
102460.06,0.526401899,0.5,6621,37,0.14325,33.5625,34.875,37.33,0,0,0.07,0,0,20,0.5,0.104,5.5,50,200,0.1,0.1,0.1,0.1,0.1,0.1,0.5,0,14699,0.044424791,0.016327641,0,0,0,0,0,0,0,0,0,0,5,1.500008926
102520.11,0.512319851,0.5,6621,37,0.16275,33.5625,34.8125,37.21,0,0,0.07,0,0,20,0.5,0.104,5.5,50,200,0.1,0.1,0.1,0.1,0.1,0.1,0.5,0,14493,0.045263231,0.016352722,0,0,0,0,0,0,0,0,0,0,5,1.343660931
102580.17,0.516008186,0.5,6621,37,0.1596,33.5,34.875,37.11,0,0,0,0,0,20,0.5,0.104,5.5,50,200,0.1,0.1,0.1,0.1,0.1,0.1,0.5,0,13913,0.04635952,0.016890678,0,0,0,0,0,0,0,0,0,0,5,1.297998359
102640.23,0.543637728,0.5,6621,37,0.1616,33.4375,34.875,37.05,0,0,0,0,0,20,0.5,0.104,5.5,50,200,0.1,0.1,0.1,0.1,0.1,0.1,0.5,0,15188,0.044574664,0.015999473,0,0,0,0,0,0,0,0,0,0,5,1.389579801
102700.28,0.520504419,0.5,6621,37,0.1461,33.4375,34.875,37.03,0,0,0,0,0,20,0.5,0.104,5.5,50,200,0.1,0.1,0.1,0.1,0.1,0.1,0.5,0,14389,0.046285357,0.01660991,0,0,0,0,0,0,0,0,0,0,5,1.189646696
102760.32,0.554535614,0.5,6621,37,0.1514,33.375,34.8125,37.05,0,0,0,0,0,20,0.5,0.104,5.5,50,200,0.1,0.1,0.1,0.1,0.1,0.1,0.5,0,14368,0.046770601,0.016773385,0,0,0,0,0,0,0,0,0,0,5,1.320162321
102820.41,0.564564776,0.5,6621,37,0.434525,33.375,34.8125,36.41,0,0.02,0.15,0,0,20,0.5,0.104,5.5,50,200,0.1,0.1,0.1,0.1,0.1,0.1,0.5,0,14953,0.046278339,0.016585301,0,0,0,0,0,0,0,0,0,0,0.44,1.320162321
102880.48,0.495691157,0.5,6621,37,0.524063453,33.125,34.875,36.09,0,0.019955046,0.149820185,0,0,20,0.5,0.104,5.5,50,200,0.1,0.1,0.1,0.1,0.1,0.1,0.5,0,14001,0.046210985,0.016784515,0,0,0,0,0,0,0,0,0,0,0.44,1.320162321
102940.55,0.4380712,0.5,6621,37,0.62435,33.0625,34.8125,35.63,0,0,0.07,0,0,20,0.5,0.104,5.5,50,200,0.1,0.1,0.1,0.1,0.1,0.1,0.5,0,13321,0.045642219,0.016665416,0,0,0,0,0,0,0,0,0,0,5,1.320162321
103000.59,0.452403919,0.5,6621,37,0.34665,33.25,34.8125,36.79,0,0,0.25,0,0,20,0.5,0.104,5.5,50,200,0.1,0.1,0.1,0.1,0.1,0.1,0.5,0,13129,0.045852693,0.016528296,0,0,0,0,0,0,0,0,0,0,5,1.320162321
103060.64,0.457561241,0.5,6621,37,0.21685,33.4375,34.75,37.29,0,0,0.07,0,0,20,0.5,0.104,5.5,50,200,0.1,0.1,0.1,0.1,0.1,0.1,0.5,0,13772,0.044946268,0.016192274,0,0,0,0,0,0,0,0,0,0,5,1.320162321
103120.7,0.472246913,0.5,6621,37,0.14095,33.625,34.75,37.53,0,0,0.07,0,0,20,0.5,0.104,5.5,50,200,0.1,0.1,0.1,0.1,0.1,0.1,0.5,0,14022,0.04507203,0.016545429,0,0,0,0,0,0,0,0,0,0,5,1.320162321
103180.77,0.483072999,0.5,6621,37,0.13565,33.6875,34.6875,37.49,0,0,0.07,0,0,20,0.5,0.104,5.5,50,200,0.1,0.1,0.1,0.1,0.1,0.1,0.5,0,14033,0.045036699,0.016461199,0,0,0,0,0,0,0,0,0,0,5,1.320162321
103240.84,0.490478556,0.5,6621,37,0.14305,33.6875,34.625,37.41,0,0,0.07,0,0,20,0.5,0.104,5.5,50,200,0.1,0.1,0.1,0.1,0.1,0.1,0.5,0,14101,0.045528686,0.016239983,0,0,0,0,0,0,0,0,0,0,5,1.320162321
103300.89,0.484586557,0.5,6621,37,0.15525,33.5625,34.625,37.33,0,0,0.25,0,0,20,0.5,0.104,5.5,50,200,0.1,0.1,0.1,0.1,0.1,0.1,0.5,0,15083,0.044023072,0.016110853,0,0,0,0,0,0,0,0,0,0,5,1.217897725
103360.96,0.514792911,0.5,6621,37,0.13475,33.5,34.625,37.37,0,0,0.07,0,0,20,0.5,0.104,5.5,50,200,0.1,0.1,0.1,0.1,0.1,0.1,0.5,0,14746,0.04489353,0.016343415,0,0,0,0,0,0,0,0,0,0,5,1.338408753
103421.02,0.527780622,0.5,6621,37,0.15075,33.4375,34.625,37.27,0,0,0.07,0,0,20,0.5,0.104,5.5,50,200,0.1,0.1,0.1,0.1,0.1,0.1,0.5,0,14162,0.045897472,0.016452478,0,0,0,0,0,0,0,0,0,0,5,1.346236323
103481.06,0.540373583,0.5,6621,37,0.16595,33.4375,34.6875,37.19,0,0,0.07,0,0,20,0.5,0.104,5.5,50,200,0.1,0.1,0.1,0.1,0.1,0.1,0.5,0,15082,0.045484684,0.016443443,0,0,0,0,0,0,0,0,0,0,5,1.349664546
103541.13,0.544819107,0.5,6621,37,0.31505,33.3125,34.75,37.05,0,0.02,0.15,0,0,20,0.5,0.104,5.5,50,200,0.1,0.1,0.1,0.1,0.1,0.1,0.5,0,15630,0.044081894,0.016122841,0,0,0,0,0,0,0,0,0,0,0.44,1.349664546
103601.17,0.484298581,0.5,6621,37,0.690621167,33.1875,34.75,35.35,0,0.016514111,0.25,0,0,20,0.5,0.104,5.5,50,200,0.1,0.1,0.1,0.1,0.1,0.1,0.5,0,13964,0.045760527,0.016470925,0,0,0,0,0,0,0,0,0,0,0.44,1.349664546
103661.2,0.427859399,0.5,6621,37,0.54395,33.0625,34.75,35.99,0,0,0.07,0,0,20,0.5,0.104,5.5,50,200,0.1,0.1,0.1,0.1,0.1,0.1,0.5,0,13257,0.045409972,0.016293279,0,0,0,0,0,0,0,0,0,0,5,1.349664546
103721.3,0.438294337,0.5,6621,37,0.34885,33.3125,34.75,36.81,0,0,0.07,0,0,20,0.5,0.104,5.5,50,200,0.1,0.1,0.1,0.1,0.1,0.1,0.5,0,13253,0.04497095,0.016222742,0,0,0,0,0,0,0,0,0,0,5,1.349664546
103781.33,0.448458381,0.5,6621,37,0.18665,33.625,34.8125,37.43,0,0,0.07,0,0,20,0.5,0.104,5.5,50,200,0.1,0.1,0.1,0.1,0.1,0.1,0.5,0,14149,0.044102057,0.016326242,0,0,0,0,0,0,0,0,0,0,5,1.349664546
103841.44,0.464097609,0.5,6621,37,0.15695,33.6875,34.8125,37.49,0,0,0.07,0,0,20,0.5,0.104,5.5,50,200,0.1,0.1,0.1,0.1,0.1,0.1,0.5,0,13363,0.045498765,0.016463369,0,0,0,0,0,0,0,0,0,0,5,1.349664546
103901.5,0.469177907,0.5,6621,37,0.15725,33.75,34.8125,37.43,0,0,0.25,0,0,20,0.5,0.104,5.5,50,200,0.1,0.1,0.1,0.1,0.1,0.1,0.5,0,13771,0.045094764,0.016483915,0,0,0,0,0,0,0,0,0,0,5,1.349664546
103961.56,0.475673086,0.5,6621,37,0.12405,33.6875,34.8125,37.51,0,0,0.07,0,0,20,0.5,0.104,5.5,50,200,0.1,0.1,0.1,0.1,0.1,0.1,0.5,0,13888,0.045074885,0.016633065,0,0,0,0,0,0,0,0,0,0,5,1.349664546
104021.61,0.484399749,0.5,6621,37,0.14795,33.6875,34.8125,37.37,0,0,0.07,0,0,20,0.5,0.104,5.5,50,200,0.1,0.1,0.1,0.1,0.1,0.1,0.5,0,13780,0.045936139,0.016328012,0,0,0,0,0,0,0,0,0,0,5,1.336720323
104081.65,0.490801472,0.5,6621,37,0.12775,33.625,34.75,37.41,0,0,0.07,0,0,20,0.5,0.104,5.5,50,200,0.1,0.1,0.1,0.1,0.1,0.1,0.5,0,14000,0.0455,0.016285714,0,0,0,0,0,0,0,0,0,0,5,1.309271967
104141.72,0.50955454,0.5,6621,37,0.13905,33.5,34.6875,37.33,0,0,0.07,0,0,20,0.5,0.104,5.5,50,200,0.1,0.1,0.1,0.1,0.1,0.1,0.5,0,14502,0.045304096,0.016411529,0,0,0,0,0,0,0,0,0,0,5,1.356299908
104201.79,0.524179732,0.5,6621,37,0.20515,33.5,34.75,37.05,0,0,0.25,0,0,20,0.5,0.104,5.5,50,200,0.1,0.1,0.1,0.1,0.1,0.1,0.5,0,14239,0.045930192,0.016433738,0,0,0,0,0,0,0,0,0,0,5,1.373378109
104261.85,0.52759183,0.5,6621,37,0.1726,33.375,34.6875,37.11,0,0,0,0,0,20,0.5,0.104,5.5,50,200,0.1,0.1,0.1,0.1,0.1,0.1,0.5,0,15197,0.044943081,0.015989998,0,0,0,0,0,0,0,0,0,0,5,1.324174136
104321.93,0.536852453,0.5,6621,37,0.1999,33.3125,34.6875,37.17,0,0,0,0,0,20,0.5,0.104,5.5,50,200,0.1,0.1,0.1,0.1,0.1,0.1,0.5,0,14355,0.046394984,0.016788575,0,0,0,0,0,0,0,0,0,0,5,1.310166506
104382.01,0.560717535,0.5,6621,37,0.1536,33.3125,34.625,37.13,0,0,0,0,0,20,0.5,0.104,5.5,50,200,0.1,0.1,0.1,0.1,0.1,0.1,0.5,0,15263,0.0453384,0.016510516,0,0,0,0,0,0,0,0,0,0,5,1.375140126
104442.08,0.563221645,0.5,6621,37,0.5344,33.25,34.625,36.01,0,0.02,0.15,0,0,20,0.5,0.104,5.5,50,200,0.1,0.1,0.1,0.1,0.1,0.1,0.5,0,14492,0.047129451,0.016629865,0,0,0,0,0,0,0,0,0,0,0.44,1.375140126
104502.15,0.488073912,0.5,6621,37,0.672043594,33,34.625,35.51,0,0.018844562,0.25,0,0,20,0.5,0.104,5.5,50,200,0.1,0.1,0.1,0.1,0.1,0.1,0.5,0,14135,0.045985143,0.016625398,0,0,0,0,0,0,0,0,0,0,0.44,1.375140126
104562.19,0.444148552,0.5,6621,37,0.45475,33,34.5625,36.33,0,0,0.07,0,0,20,0.5,0.104,5.5,50,200,0.1,0.1,0.1,0.1,0.1,0.1,0.5,0,14483,0.043844507,0.015880688,0,0,0,0,0,0,0,0,0,0,5,1.375140126
104622.23,0.455084273,0.5,6621,37,0.29745,33.1875,34.5625,36.97,0,0,0.07,0,0,20,0.5,0.104,5.5,50,200,0.1,0.1,0.1,0.1,0.1,0.1,0.5,0,13159,0.046584087,0.016490615,0,0,0,0,0,0,0,0,0,0,5,1.375140126
104682.3,0.470548462,0.5,6621,37,0.14665,33.375,34.625,37.53,0,0,0.07,0,0,20,0.5,0.104,5.5,50,200,0.1,0.1,0.1,0.1,0.1,0.1,0.5,0,13196,0.04637769,0.016520158,0,0,0,0,0,0,0,0,0,0,5,1.375140126
104742.34,0.494707722,0.5,6621,37,0.15225,33.5,34.625,37.45,0,0,0.07,0,0,20,0.5,0.104,5.5,50,200,0.1,0.1,0.1,0.1,0.1,0.1,0.5,0,14140,0.044837341,0.016336634,0,0,0,0,0,0,0,0,0,0,5,1.375140126
104802.4,0.484530378,0.5,6621,37,0.18645,33.5,34.625,37.27,0,0,0.25,0,0,20,0.5,0.104,5.5,50,200,0.1,0.1,0.1,0.1,0.1,0.1,0.5,0,13517,0.046903899,0.016349782,0,0,0,0,0,0,0,0,0,0,5,1.375140126
104862.45,0.496376502,0.5,6621,37,0.09505,33.5,34.625,37.59,0,0,0.07,0,0,20,0.5,0.104,5.5,50,200,0.1,0.1,0.1,0.1,0.1,0.1,0.5,0,14080,0.045951705,0.016619318,0,0,0,0,0,0,0,0,0,0,5,1.375140126
104922.49,0.503879526,0.5,6621,37,0.16285,33.5,34.625,37.29,0,0,0.07,0,0,20,0.5,0.104,5.5,50,200,0.1,0.1,0.1,0.1,0.1,0.1,0.5,0,14428,0.045467147,0.016565012,0,0,0,0,0,0,0,0,0,0,5,1.351390586
104982.53,0.525935703,0.5,6621,37,0.1691,33.4375,34.6875,37.35,0,0,0.07,0,0,20,0.5,0.104,5.5,50,200,0.1,0.1,0.1,0.1,0.1,0.1,0.5,0,13725,0.046921676,0.016903461,0,0,0,0,0,0,0,0,0,0,5,1.412346347
105042.6,0.521436816,0.5,6621,37,0.171,33.4375,34.6875,37.09,0,0,0.07,0,0,20,0.5,0.104,5.5,50,200,0.1,0.1,0.1,0.1,0.1,0.1,0.5,0,15259,0.044891539,0.015990563,0,0,0,0,0,0,0,0,0,0,5,1.315956452
105102.68,0.536784896,0.5,6621,37,0.22455,33.4375,34.75,36.97,0,0,0.25,0,0,20,0.5,0.104,5.5,50,200,0.1,0.1,0.1,0.1,0.1,0.1,0.5,0,14503,0.046542095,0.016479349,0,0,0,0,0,0,0,0,0,0,5,1.337186646
105162.74,0.554926004,0.5,6621,37,0.2038,33.375,34.75,37.19,0,0,0,0,0,20,0.5,0.104,5.5,50,200,0.1,0.1,0.1,0.1,0.1,0.1,0.5,0,15748,0.044640589,0.016129032,0,0,0,0,0,0,0,0,0,0,5,1.370039308
105222.81,0.565600095,0.5,6621,37,0.50525,33.375,34.75,36.15,0,0.02,0.15,0,0,20,0.5,0.104,5.5,50,200,0.1,0.1,0.1,0.1,0.1,0.1,0.5,0,14221,0.047605654,0.016735813,0,0,0,0,0,0,0,0,0,0,0.44,1.370039308
105282.86,0.493321975,0.5,6621,37,0.678614486,33.1875,34.75,35.47,0,0.019758048,0.149032191,0,0,20,0.5,0.104,5.5,50,200,0.1,0.1,0.1,0.1,0.1,0.1,0.5,0,13643,0.046910504,0.01693176,0,0,0,0,0,0,0,0,0,0,0.44,1.370039308
105342.91,0.435587829,0.5,6621,37,0.671379802,33.0625,34.75,35.93,0,0,0.07,0,0,20,0.5,0.104,5.5,50,200,0.1,0.1,0.1,0.1,0.1,0.1,0.5,0,12953,0.046552922,0.016598471,0,0,0,0,0,0,0,0,0,0,5,1.370039308
105402.95,0.426780427,0.5,6621,37,0.40155,33.3125,34.8125,36.61,0,0,0.25,0,0,20,0.5,0.104,5.5,50,200,0.1,0.1,0.1,0.1,0.1,0.1,0.5,0,13109,0.046685483,0.016858647,0,0,0,0,0,0,0,0,0,0,5,1.370039308
105462.98,0.435317409,0.5,6621,37,0.2272,33.5625,34.8125,37.41,0,0,0.07,0,0,20,0.5,0.104,5.5,50,200,0.1,0.1,0.1,0.1,0.1,0.1,0.5,0,13560,0.045427729,0.01659292,0,0,0,0,0,0,0,0,0,0,5,1.370039308
105523.05,0.467024908,0.5,6621,37,0.1861,33.6875,34.8125,37.43,0,0,0.07,0,0,20,0.5,0.104,5.5,50,200,0.1,0.1,0.1,0.1,0.1,0.1,0.5,0,13972,0.045233324,0.016032064,0,0,0,0,0,0,0,0,0,0,5,1.370039308
105583.13,0.48667591,0.5,6621,37,0.1034,33.75,34.8125,37.55,0,0,0.07,0,0,20,0.5,0.104,5.5,50,200,0.1,0.1,0.1,0.1,0.1,0.1,0.5,0,12949,0.047339563,0.016680825,0,0,0,0,0,0,0,0,0,0,5,1.370039308
105643.2,0.464536561,0.5,6621,37,0.1278,33.75,34.8125,37.37,0,0,0.07,0,0,20,0.5,0.104,5.5,50,200,0.1,0.1,0.1,0.1,0.1,0.1,0.5,0,13893,0.046066364,0.016699057,0,0,0,0,0,0,0,0,0,0,5,1.370039308
105703.25,0.478208045,0.5,6621,37,0.17115,33.625,34.8125,37.27,0,0,0.25,0,0,20,0.5,0.104,5.5,50,200,0.1,0.1,0.1,0.1,0.1,0.1,0.5,0,14312,0.04569592,0.016489659,0,0,0,0,0,0,0,0,0,0,5,1.38855418
105763.33,0.501300991,0.5,6621,37,0.2148,33.5,34.75,37.27,0,0,0.07,0,0,20,0.5,0.104,5.5,50,200,0.1,0.1,0.1,0.1,0.1,0.1,0.5,0,14505,0.045570493,0.016270252,0,0,0,0,0,0,0,0,0,0,5,1.460608936
105823.37,0.508271937,0.5,6621,37,0.1829,33.4375,34.6875,37.33,0,0,0.07,0,0,20,0.5,0.104,5.5,50,200,0.1,0.1,0.1,0.1,0.1,0.1,0.5,0,14270,0.046671338,0.0168185,0,0,0,0,0,0,0,0,0,0,5,1.429008229
105883.41,0.517074556,0.5,6621,37,0.1784,33.4375,34.6875,37.19,0,0,0.07,0,0,20,0.5,0.104,5.5,50,200,0.1,0.1,0.1,0.1,0.1,0.1,0.5,0,14579,0.045956513,0.016599218,0,0,0,0,0,0,0,0,0,0,5,1.409069195
105943.46,0.522939233,0.5,6621,37,0.1641,33.4375,34.6875,37.29,0,0,0,0,0,20,0.5,0.104,5.5,50,200,0.1,0.1,0.1,0.1,0.1,0.1,0.5,0,14903,0.046098101,0.016708045,0,0,0,0,0,0,0,0,0,0,5,1.372450319
106003.54,0.538136607,0.5,6621,37,0.1584,33.375,34.625,37.03,0,0,0,0,0,20,0.5,0.104,5.5,50,200,0.1,0.1,0.1,0.1,0.1,0.1,0.5,0,14636,0.046529106,0.016534572,0,0,0,0,0,0,0,0,0,0,5,1.389769335
106063.59,0.548785462,0.5,6621,37,0.1833,33.25,34.625,37.05,0,0,0,0,0,20,0.5,0.104,5.5,50,200,0.1,0.1,0.1,0.1,0.1,0.1,0.5,0,14564,0.047377094,0.016822302,0,0,0,0,0,0,0,0,0,0,5,1.379066288
106123.63,0.573662454,0.5,6621,37,0.4793,33.25,34.625,36.29,0,0.02,0.15,0,0,20,0.5,0.104,5.5,50,200,0.1,0.1,0.1,0.1,0.1,0.1,0.5,0,15144,0.046487058,0.016442155,0,0,0,0,0,0,0,0,0,0,0.44,1.379066288
106183.7,0.516648112,0.5,6621,37,1,33.0625,34.625,34.93,0,0.02,0.15,0,0,20,0.5,0.104,5.5,50,200,0.1,0.1,0.1,0.1,0.1,0.1,0.5,0,13709,0.047632942,0.017069079,0,0,0,0,0,0,0,0,0,0,0.44,1.379066288
106243.74,0.440281343,0.5,6621,37,0.6559,33,34.625,35.89,0,0.000806538,0.073226154,0,0,20,0.5,0.104,5.5,50,200,0.1,0.1,0.1,0.1,0.1,0.1,0.5,0,13640,0.045601173,0.016642229,0,0,0,0,0,0,0,0,0,0,0.44,1.379066288
106303.79,0.44984423,0.5,6621,37,0.2896,33.3125,34.6875,36.93,0,0,0.25,0,0,20,0.5,0.104,5.5,50,200,0.1,0.1,0.1,0.1,0.1,0.1,0.5,0,13374,0.046433378,0.016599372,0,0,0,0,0,0,0,0,0,0,5,1.379066288
106363.84,0.454014008,0.5,6621,37,0.20585,33.5,34.625,37.19,0,0,0.07,0,0,20,0.5,0.104,5.5,50,200,0.1,0.1,0.1,0.1,0.1,0.1,0.5,0,13218,0.046451808,0.016795279,0,0,0,0,0,0,0,0,0,0,5,1.379066288
106423.88,0.463442083,0.5,6621,37,0.11615,33.625,34.6875,37.45,0,0,0.07,0,0,20,0.5,0.104,5.5,50,200,0.1,0.1,0.1,0.1,0.1,0.1,0.5,0,13622,0.046028483,0.01673763,0,0,0,0,0,0,0,0,0,0,5,1.379066288
106483.92,0.474671274,0.5,6621,37,0.13945,33.6875,34.75,37.17,0,0,0.07,0,0,20,0.5,0.104,5.5,50,200,0.1,0.1,0.1,0.1,0.1,0.1,0.5,0,13275,0.046779661,0.016949153,0,0,0,0,0,0,0,0,0,0,5,1.379066288
106543.97,0.485132298,0.5,6621,37,0.13625,33.6875,34.75,37.29,0,0,0.07,0,0,20,0.5,0.104,5.5,50,200,0.1,0.1,0.1,0.1,0.1,0.1,0.5,0,13461,0.046801872,0.016863532,0,0,0,0,0,0,0,0,0,0,5,1.379066288
106604.04,0.50256482,0.5,6621,37,0.2068,33.5625,34.75,37.05,0,0,0.25,0,0,20,0.5,0.104,5.5,50,200,0.1,0.1,0.1,0.1,0.1,0.1,0.5,0,14597,0.045146263,0.016441735,0,0,0,0,0,0,0,0,0,0,5,1.379066288
106664.09,0.49285959,0.5,6621,37,0.14245,33.5625,34.8125,37.25,0,0,0.07,0,0,20,0.5,0.104,5.5,50,200,0.1,0.1,0.1,0.1,0.1,0.1,0.5,0,14325,0.046282723,0.016474695,0,0,0,0,0,0,0,0,0,0,5,1.251612071
106724.16,0.495139942,0.5,6621,37,0.14085,33.5,34.75,37.05,0,0,0.07,0,0,20,0.5,0.104,5.5,50,200,0.1,0.1,0.1,0.1,0.1,0.1,0.5,0,14469,0.046375009,0.016725413,0,0,0,0,0,0,0,0,0,0,5,1.202879792
106784.2,0.51496618,0.5,6621,37,0.15015,33.4375,34.75,37.11,0,0,0.07,0,0,20,0.5,0.104,5.5,50,200,0.1,0.1,0.1,0.1,0.1,0.1,0.5,0,14903,0.045762598,0.016573844,0,0,0,0,0,0,0,0,0,0,5,1.260518191
106844.25,0.544052535,0.5,6621,37,0.19835,33.375,34.8125,36.95,0,0,0.07,0,0,20,0.5,0.104,5.5,50,200,0.1,0.1,0.1,0.1,0.1,0.1,0.5,0,14703,0.046385091,0.016663266,0,0,0,0,0,0,0,0,0,0,5,1.362326035
106904.29,0.557622596,0.5,6621,37,0.4879,33.375,34.75,36.17,0,0.02,0.25,0,0,20,0.5,0.104,5.5,50,200,0.1,0.1,0.1,0.1,0.1,0.1,0.5,0,14974,0.046480566,0.016762388,0,0,0,0,0,0,0,0,0,0,0.44,1.362326035
106964.33,0.479632247,0.5,6621,37,0.75777498,33.1875,34.6875,35.05,0,0.017186185,0.138744738,0,0,20,0.5,0.104,5.5,50,200,0.1,0.1,0.1,0.1,0.1,0.1,0.5,0,14171,0.046221156,0.016583163,0,0,0,0,0,0,0,0,0,0,0.44,1.362326035
107024.37,0.442832518,0.5,6621,37,0.658244948,33.0625,34.6875,35.99,0,0,0.07,0,0,20,0.5,0.104,5.5,50,200,0.1,0.1,0.1,0.1,0.1,0.1,0.5,0,13730,0.045520757,0.016678806,0,0,0,0,0,0,0,0,0,0,5,1.362326035
107084.47,0.441219953,0.5,6621,37,0.32035,33.3125,34.625,36.85,0,0,0.07,0,0,20,0.5,0.104,5.5,50,200,0.1,0.1,0.1,0.1,0.1,0.1,0.5,0,13202,0.046735343,0.016664142,0,0,0,0,0,0,0,0,0,0,5,1.362326035
107144.52,0.446436455,0.5,6621,37,0.21795,33.4375,34.6875,37.29,0,0,0.07,0,0,20,0.5,0.104,5.5,50,200,0.1,0.1,0.1,0.1,0.1,0.1,0.5,0,13797,0.045589621,0.016670291,0,0,0,0,0,0,0,0,0,0,5,1.362326035
107204.57,0.461027696,0.5,6621,37,0.2028,33.5,34.625,37.27,0,0,0.25,0,0,20,0.5,0.104,5.5,50,200,0.1,0.1,0.1,0.1,0.1,0.1,0.5,0,13344,0.04676259,0.016861511,0,0,0,0,0,0,0,0,0,0,5,1.362326035
107264.63,0.466316514,0.5,6621,37,0.17225,33.625,34.625,37.59,0,0,0.07,0,0,20,0.5,0.104,5.5,50,200,0.1,0.1,0.1,0.1,0.1,0.1,0.5,0,13702,0.045905707,0.016712889,0,0,0,0,0,0,0,0,0,0,5,1.362326035
107324.7,0.478290413,0.5,6621,37,0.13665,33.625,34.625,37.43,0,0,0.07,0,0,20,0.5,0.104,5.5,50,200,0.1,0.1,0.1,0.1,0.1,0.1,0.5,0,13893,0.046426258,0.016699057,0,0,0,0,0,0,0,0,0,0,5,1.362326035
107384.79,0.483494483,0.5,6621,37,0.18915,33.5,34.625,37.29,0,0,0.07,0,0,20,0.5,0.104,5.5,50,200,0.1,0.1,0.1,0.1,0.1,0.1,0.5,0,13952,0.046588303,0.016413417,0,0,0,0,0,0,0,0,0,0,5,1.326675123
107444.85,0.513403506,0.5,6621,37,0.12745,33.5,34.6875,37.51,0,0,0.07,0,0,20,0.5,0.104,5.5,50,200,0.1,0.1,0.1,0.1,0.1,0.1,0.5,0,14059,0.047016146,0.016715271,0,0,0,0,0,0,0,0,0,0,5,1.440407946
107504.92,0.515407858,0.5,6621,37,0.2142,33.4375,34.6875,37.03,0,0,0.25,0,0,20,0.5,0.104,5.5,50,200,0.1,0.1,0.1,0.1,0.1,0.1,0.5,0,13801,0.047460329,0.017027752,0,0,0,0,0,0,0,0,0,0,5,1.380076891
107564.98,0.525606164,0.5,6621,37,0.17665,33.375,34.75,37.21,0,0,0.07,0,0,20,0.5,0.104,5.5,50,200,0.1,0.1,0.1,0.1,0.1,0.1,0.5,0,14922,0.04597239,0.016351695,0,0,0,0,0,0,0,0,0,0,5,1.369853999
107625.02,0.53338231,0.5,6621,37,0.15825,33.375,34.75,37.01,0,0,0,0,0,20,0.5,0.104,5.5,50,200,0.1,0.1,0.1,0.1,0.1,0.1,0.5,0,15349,0.045475275,0.016352857,0,0,0,0,0,0,0,0,0,0,5,1.345420052
107685.11,0.536143545,0.5,6621,37,0.15875,33.3125,34.75,37.13,0,0,0,0,0,20,0.5,0.104,5.5,50,200,0.1,0.1,0.1,0.1,0.1,0.1,0.5,0,15432,0.045619492,0.016524106,0,0,0,0,0,0,0,0,0,0,5,1.293639509
107745.17,0.557420617,0.5,6621,37,0.15395,33.3125,34.8125,37.27,0,0,0,0,0,20,0.5,0.104,5.5,50,200,0.1,0.1,0.1,0.1,0.1,0.1,0.5,0,15807,0.045612703,0.016321883,0,0,0,0,0,0,0,0,0,0,5,1.345712043
107805.24,0.560836361,0.5,6621,37,0.4983,33.25,34.75,36.13,0,0.02,0.25,0,0,20,0.5,0.104,5.5,50,200,0.1,0.1,0.1,0.1,0.1,0.1,0.5,0,15084,0.046870857,0.01690533,0,0,0,0,0,0,0,0,0,0,0.44,1.345712043
107865.3,0.508992988,0.5,6621,37,0.6536,33.125,34.75,35.55,0,0.02,0.15,0,0,20,0.5,0.104,5.5,50,200,0.1,0.1,0.1,0.1,0.1,0.1,0.5,0,13725,0.047358834,0.016830601,0,0,0,0,0,0,0,0,0,0,0.44,1.345712043
107925.35,0.439818577,0.5,6621,37,0.64955,33.0625,34.8125,35.89,0,0.000664082,0.07265633,0,0,20,0.5,0.104,5.5,50,200,0.1,0.1,0.1,0.1,0.1,0.1,0.5,0,13811,0.045760626,0.016363768,0,0,0,0,0,0,0,0,0,0,0.44,1.345712043
107985.41,0.44920636,0.5,6621,37,0.457835771,33.25,34.8125,36.65,0,0,0.07,0,0,20,0.5,0.104,5.5,50,200,0.1,0.1,0.1,0.1,0.1,0.1,0.5,0,13836,0.045822492,0.016623302,0,0,0,0,0,0,0,0,0,0,5,1.345712043
108045.48,0.447961474,0.5,6621,37,0.25085,33.5,34.8125,37.13,0,0,0.07,0,0,20,0.5,0.104,5.5,50,200,0.1,0.1,0.1,0.1,0.1,0.1,0.5,0,13677,0.045477809,0.016450976,0,0,0,0,0,0,0,0,0,0,5,1.345712043
108105.52,0.462814038,0.5,6621,37,0.2089,33.6875,34.8125,37.29,0,0,0.25,0,0,20,0.5,0.104,5.5,50,200,0.1,0.1,0.1,0.1,0.1,0.1,0.5,0,14108,0.045293451,0.016586334,0,0,0,0,0,0,0,0,0,0,5,1.345712043
108165.61,0.478602542,0.5,6621,37,0.16215,33.75,34.875,37.33,0,0,0.07,0,0,20,0.5,0.104,5.5,50,200,0.1,0.1,0.1,0.1,0.1,0.1,0.5,0,13909,0.046157164,0.01646416,0,0,0,0,0,0,0,0,0,0,5,1.345712043
108225.66,0.471663437,0.5,6621,37,0.16745,33.625,34.8125,37.35,0,0,0.07,0,0,20,0.5,0.104,5.5,50,200,0.1,0.1,0.1,0.1,0.1,0.1,0.5,0,14020,0.04636234,0.016761769,0,0,0,0,0,0,0,0,0,0,5,1.345712043
108285.71,0.49250952,0.5,6621,37,0.13635,33.6875,34.875,37.21,0,0,0.07,0,0,20,0.5,0.104,5.5,50,200,0.1,0.1,0.1,0.1,0.1,0.1,0.5,0,13774,0.047190359,0.016698127,0,0,0,0,0,0,0,0,0,0,5,1.345712043
108345.8,0.513669126,0.5,6621,37,0.15235,33.625,34.875,37.25,0,0,0.07,0,0,20,0.5,0.104,5.5,50,200,0.1,0.1,0.1,0.1,0.1,0.1,0.5,0,14122,0.046877213,0.016711514,0,0,0,0,0,0,0,0,0,0,5,1.404623071
108405.86,0.524381056,0.5,6621,37,0.1961,33.5625,34.75,37.13,0,0,0.25,0,0,20,0.5,0.104,5.5,50,200,0.1,0.1,0.1,0.1,0.1,0.1,0.5,0,13516,0.048609056,0.017090855,0,0,0,0,0,0,0,0,0,0,5,1.396309794
108465.9,0.52733192,0.5,6621,37,0.16235,33.5,34.6875,37.27,0,0,0.07,0,0,20,0.5,0.104,5.5,50,200,0.1,0.1,0.1,0.1,0.1,0.1,0.5,0,14970,0.046292585,0.016700067,0,0,0,0,0,0,0,0,0,0,5,1.34332896
108525.99,0.521344152,0.5,6621,37,0.17695,33.375,34.6875,37.27,0,0,0.07,0,0,20,0.5,0.104,5.5,50,200,0.1,0.1,0.1,0.1,0.1,0.1,0.5,0,15336,0.045513824,0.016562337,0,0,0,0,0,0,0,0,0,0,5,1.24190313
108586.03,0.534781968,0.5,6621,37,0.20895,33.375,34.6875,37.13,0,0,0,0,0,20,0.5,0.104,5.5,50,200,0.1,0.1,0.1,0.1,0.1,0.1,0.5,0,14321,0.047901683,0.016968089,0,0,0,0,0,0,0,0,0,0,5,1.256154198
108646.09,0.558450517,0.5,6621,37,0.16115,33.3125,34.6875,37.05,0,0,0,0,0,20,0.5,0.104,5.5,50,200,0.1,0.1,0.1,0.1,0.1,0.1,0.5,0,14378,0.048337738,0.017039922,0,0,0,0,0,0,0,0,0,0,5,1.323267151
108706.14,0.573237185,0.5,6621,37,0.51145,33.25,34.625,36.13,0,0.02,0.25,0,0,20,0.5,0.104,5.5,50,200,0.1,0.1,0.1,0.1,0.1,0.1,0.5,0,15206,0.047218203,0.016703933,0,0,0,0,0,0,0,0,0,0,0.44,1.323267151
108766.22,0.491328745,0.5,6621,37,0.71865,33.0625,34.625,35.31,0,0.02,0.15,0,0,20,0.5,0.104,5.5,50,200,0.1,0.1,0.1,0.1,0.1,0.1,0.5,0,14083,0.047220053,0.017112831,0,0,0,0,0,0,0,0,0,0,0.44,1.323267151
108826.28,0.436307556,0.5,6621,37,0.7268,33,34.625,35.91,0,0,0.07,0,0,20,0.5,0.104,5.5,50,200,0.1,0.1,0.1,0.1,0.1,0.1,0.5,0,13940,0.045911047,0.016571019,0,0,0,0,0,0,0,0,0,0,5,1.323267151
108886.36,0.451984542,0.5,6621,37,0.38185,33.3125,34.625,36.73,0,0,0.07,0,0,20,0.5,0.104,5.5,50,200,0.1,0.1,0.1,0.1,0.1,0.1,0.5,0,12835,0.047837943,0.017140631,0,0,0,0,0,0,0,0,0,0,5,1.323267151
108946.39,0.456347809,0.5,6621,37,0.21325,33.4375,34.625,37.17,0,0,0.07,0,0,20,0.5,0.104,5.5,50,200,0.1,0.1,0.1,0.1,0.1,0.1,0.5,0,13527,0.04598211,0.016707326,0,0,0,0,0,0,0,0,0,0,5,1.323267151
109006.44,0.469445662,0.5,6621,37,0.1768,33.6875,34.6875,37.41,0,0,0.25,0,0,20,0.5,0.104,5.5,50,200,0.1,0.1,0.1,0.1,0.1,0.1,0.5,0,13322,0.047290197,0.016814292,0,0,0,0,0,0,0,0,0,0,5,1.323267151
109066.49,0.477372546,0.5,6621,37,0.11765,33.6875,34.6875,37.43,0,0,0.07,0,0,20,0.5,0.104,5.5,50,200,0.1,0.1,0.1,0.1,0.1,0.1,0.5,0,14520,0.045523416,0.016528926,0,0,0,0,0,0,0,0,0,0,5,1.323267151
109126.57,0.484043748,0.5,6621,37,0.11645,33.625,34.6875,37.33,0,0,0.07,0,0,20,0.5,0.104,5.5,50,200,0.1,0.1,0.1,0.1,0.1,0.1,0.5,0,14276,0.046091342,0.016671337,0,0,0,0,0,0,0,0,0,0,5,1.323267151
109186.61,0.498443402,0.5,6621,37,0.13885,33.625,34.75,37.21,0,0,0.07,0,0,20,0.5,0.104,5.5,50,200,0.1,0.1,0.1,0.1,0.1,0.1,0.5,0,13832,0.047281666,0.016989589,0,0,0,0,0,0,0,0,0,0,5,1.345048057
109246.66,0.507816517,0.5,6621,37,0.19955,33.5625,34.6875,37.13,0,0,0.07,0,0,20,0.5,0.104,5.5,50,200,0.1,0.1,0.1,0.1,0.1,0.1,0.5,0,14867,0.045738885,0.016613977,0,0,0,0,0,0,0,0,0,0,5,1.333686102
109306.73,0.517466866,0.5,6621,37,0.2095,33.5,34.75,37.05,0,0,0.25,0,0,20,0.5,0.104,5.5,50,200,0.1,0.1,0.1,0.1,0.1,0.1,0.5,0,13700,0.048175182,0.01729927,0,0,0,0,0,0,0,0,0,0,5,1.323477699
109366.8,0.526587008,0.5,6621,37,0.18755,33.4375,34.8125,37.13,0,0,0.07,0,0,20,0.5,0.104,5.5,50,200,0.1,0.1,0.1,0.1,0.1,0.1,0.5,0,14519,0.047179558,0.016943316,0,0,0,0,0,0,0,0,0,0,5,1.309717051
109426.87,0.543091597,0.5,6621,37,0.16425,33.4375,34.8125,37.19,0,0,0,0,0,20,0.5,0.104,5.5,50,200,0.1,0.1,0.1,0.1,0.1,0.1,0.5,0,14404,0.048111636,0.017078589,0,0,0,0,0,0,0,0,0,0,5,1.336815451
109486.95,0.554614775,0.5,6621,37,0.557775,33.4375,34.8125,35.91,0,0.02,0.15,0,0,20,0.5,0.104,5.5,50,200,0.1,0.1,0.1,0.1,0.1,0.1,0.5,0,14220,0.048101266,0.017229255,0,0,0,0,0,0,0,0,0,0,0.44,1.336815451
109547.02,0.485780213,0.5,6621,37,0.501025,33.1875,34.75,36.17,0,0.017685515,0.140742062,0,0,20,0.5,0.104,5.5,50,200,0.1,0.1,0.1,0.1,0.1,0.1,0.5,0,14415,0.045993757,0.016649324,0,0,0,0,0,0,0,0,0,0,0.44,1.336815451
109607.09,0.44188527,0.5,6621,37,0.5087,33.0625,34.75,36.17,0,0,0.25,0,0,20,0.5,0.104,5.5,50,200,0.1,0.1,0.1,0.1,0.1,0.1,0.5,0,13264,0.046516888,0.016812425,0,0,0,0,0,0,0,0,0,0,5,1.336815451
109667.16,0.453394568,0.5,6621,37,0.37275,33.3125,34.6875,36.97,0,0,0.07,0,0,20,0.5,0.104,5.5,50,200,0.1,0.1,0.1,0.1,0.1,0.1,0.5,0,13701,0.046055032,0.016641121,0,0,0,0,0,0,0,0,0,0,5,1.336815451
109727.23,0.445322188,0.5,6621,37,0.16405,33.5625,34.625,37.49,0,0,0.07,0,0,20,0.5,0.104,5.5,50,200,0.1,0.1,0.1,0.1,0.1,0.1,0.5,0,13142,0.047329174,0.016816314,0,0,0,0,0,0,0,0,0,0,5,1.336815451
109787.31,0.462505111,0.5,6621,37,0.17115,33.625,34.625,37.55,0,0,0.07,0,0,20,0.5,0.104,5.5,50,200,0.1,0.1,0.1,0.1,0.1,0.1,0.5,0,13801,0.046228534,0.016737918,0,0,0,0,0,0,0,0,0,0,5,1.336815451
109847.39,0.479202248,0.5,6621,37,0.10875,33.625,34.625,37.45,0,0,0.07,0,0,20,0.5,0.104,5.5,50,200,0.1,0.1,0.1,0.1,0.1,0.1,0.5,0,13679,0.046787046,0.016887199,0,0,0,0,0,0,0,0,0,0,5,1.336815451
109907.43,0.484074173,0.5,6621,37,0.1812,33.5625,34.625,37.27,0,0,0.25,0,0,20,0.5,0.104,5.5,50,200,0.1,0.1,0.1,0.1,0.1,0.1,0.5,0,14229,0.045681355,0.016234451,0,0,0,0,0,0,0,0,0,0,5,1.336815451
109967.47,0.507491031,0.5,6621,37,0.20365,33.5625,34.625,37.45,0,0,0.07,0,0,20,0.5,0.104,5.5,50,200,0.1,0.1,0.1,0.1,0.1,0.1,0.5,0,14587,0.045451429,0.01652156,0,0,0,0,0,0,0,0,0,0,5,1.411697357
110027.54,0.526851196,0.5,6621,37,0.17585,33.5,34.625,37.21,0,0,0.07,0,0,20,0.5,0.104,5.5,50,200,0.1,0.1,0.1,0.1,0.1,0.1,0.5,0,14672,0.046142312,0.016425845,0,0,0,0,0,0,0,0,0,0,5,1.453429821
110087.59,0.518074777,0.5,6621,37,0.13885,33.4375,34.625,37.29,0,0,0.07,0,0,20,0.5,0.104,5.5,50,200,0.1,0.1,0.1,0.1,0.1,0.1,0.5,0,14159,0.047460979,0.01695035,0,0,0,0,0,0,0,0,0,0,5,1.330362652
110147.71,0.520422517,0.5,6621,37,0.16455,33.4375,34.6875,37.29,0,0,0.07,0,0,20,0.5,0.104,5.5,50,200,0.1,0.1,0.1,0.1,0.1,0.1,0.5,0,15219,0.045732308,0.01655825,0,0,0,0,0,0,0,0,0,0,5,1.277408797
110207.77,0.530587421,0.5,6621,37,0.16885,33.3125,34.6875,36.93,0,0,0,0,0,20,0.5,0.104,5.5,50,200,0.1,0.1,0.1,0.1,0.1,0.1,0.5,0,14957,0.046265962,0.016514007,0,0,0,0,0,0,0,0,0,0,5,1.271569511
110267.85,0.551416888,0.5,6621,37,0.16195,33.375,34.6875,37.11,0,0,0,0,0,20,0.5,0.104,5.5,50,200,0.1,0.1,0.1,0.1,0.1,0.1,0.5,0,14565,0.047442499,0.016683831,0,0,0,0,0,0,0,0,0,0,5,1.323510214
110327.9,0.553152798,0.5,6621,37,0.19485,33.3125,34.6875,37.11,0,0.02,0.15,0,0,20,0.5,0.104,5.5,50,200,0.1,0.1,0.1,0.1,0.1,0.1,0.5,0,15600,0.046346154,0.016666667,0,0,0,0,0,0,0,0,0,0,0.44,1.323510214
110387.94,0.496801912,0.5,6621,37,0.549975,33.125,34.75,36.07,0,0.01896004,0.145840159,0,0,20,0.5,0.104,5.5,50,200,0.1,0.1,0.1,0.1,0.1,0.1,0.5,0,14526,0.046124191,0.016659782,0,0,0,0,0,0,0,0,0,0,0.44,1.323510214
110447.99,0.43604998,0.5,6621,37,0.651206093,33.0625,34.8125,35.85,0,0,0.07,0,0,20,0.5,0.104,5.5,50,200,0.1,0.1,0.1,0.1,0.1,0.1,0.5,0,12833,0.048157095,0.017143302,0,0,0,0,0,0,0,0,0,0,5,1.323510214
110508.06,0.462194852,0.5,6621,37,0.3513,33.3125,34.75,36.79,0,0,0.25,0,0,20,0.5,0.104,5.5,50,200,0.1,0.1,0.1,0.1,0.1,0.1,0.5,0,13212,0.047229791,0.016651529,0,0,0,0,0,0,0,0,0,0,5,1.323510214
110568.12,0.451181282,0.5,6621,37,0.26965,33.5625,34.75,37.17,0,0,0.07,0,0,20,0.5,0.104,5.5,50,200,0.1,0.1,0.1,0.1,0.1,0.1,0.5,0,13960,0.045845272,0.016618911,0,0,0,0,0,0,0,0,0,0,5,1.323510214
110628.19,0.46494278,0.5,6621,37,0.13435,33.625,34.8125,37.45,0,0,0.07,0,0,20,0.5,0.104,5.5,50,200,0.1,0.1,0.1,0.1,0.1,0.1,0.5,0,13628,0.04681538,0.016877018,0,0,0,0,0,0,0,0,0,0,5,1.323510214
110688.27,0.475859797,0.5,6621,37,0.11875,33.75,34.8125,37.51,0,0,0.07,0,0,20,0.5,0.104,5.5,50,200,0.1,0.1,0.1,0.1,0.1,0.1,0.5,0,14530,0.045354439,0.016379904,0,0,0,0,0,0,0,0,0,0,5,1.323510214
110748.31,0.493549577,0.5,6621,37,0.13965,33.6875,34.8125,37.41,0,0,0.07,0,0,20,0.5,0.104,5.5,50,200,0.1,0.1,0.1,0.1,0.1,0.1,0.5,0,13605,0.047409041,0.016979052,0,0,0,0,0,0,0,0,0,0,5,1.323510214
110808.35,0.498481287,0.5,6621,37,0.1412,33.625,34.8125,37.37,0,0,0.25,0,0,20,0.5,0.104,5.5,50,200,0.1,0.1,0.1,0.1,0.1,0.1,0.5,0,14199,0.046904712,0.016761744,0,0,0,0,0,0,0,0,0,0,5,1.287162914
110868.41,0.514661329,0.5,6621,37,0.14095,33.5625,34.8125,37.27,0,0,0.07,0,0,20,0.5,0.104,5.5,50,200,0.1,0.1,0.1,0.1,0.1,0.1,0.5,0,15024,0.045926518,0.016440362,0,0,0,0,0,0,0,0,0,0,5,1.318633827
110928.46,0.523724277,0.5,6621,37,0.19235,33.5,34.75,37.09,0,0,0.07,0,0,20,0.5,0.104,5.5,50,200,0.1,0.1,0.1,0.1,0.1,0.1,0.5,0,14547,0.046882519,0.016704475,0,0,0,0,0,0,0,0,0,0,5,1.305070998
110988.5,0.52588673,0.5,6621,37,0.18785,33.5,34.6875,36.97,0,0,0.07,0,0,20,0.5,0.104,5.5,50,200,0.1,0.1,0.1,0.1,0.1,0.1,0.5,0,14319,0.047349675,0.01669111,0,0,0,0,0,0,0,0,0,0,5,1.252178917
111048.57,0.55127134,0.5,6621,37,0.19155,33.375,34.6875,37.13,0,0,0,0,0,20,0.5,0.104,5.5,50,200,0.1,0.1,0.1,0.1,0.1,0.1,0.5,0,14508,0.047353184,0.016956162,0,0,0,0,0,0,0,0,0,0,5,1.330993844
111108.65,0.542691121,0.5,6621,37,0.521725,33.375,34.6875,36.09,0,0.02,0.25,0,0,20,0.5,0.104,5.5,50,200,0.1,0.1,0.1,0.1,0.1,0.1,0.5,0,14952,0.047217764,0.016853933,0,0,0,0,0,0,0,0,0,0,0.44,1.330993844
111168.72,0.48873674,0.5,6621,37,0.604175,33.0625,34.6875,36.05,0,0.016876193,0.137504772,0,0,20,0.5,0.104,5.5,50,200,0.1,0.1,0.1,0.1,0.1,0.1,0.5,0,13346,0.048254159,0.016858984,0,0,0,0,0,0,0,0,0,0,0.44,1.330993844
111228.76,0.429010147,0.5,6621,37,0.628552626,33.0625,34.625,35.71,0,0,0.07,0,0,20,0.5,0.104,5.5,50,200,0.1,0.1,0.1,0.1,0.1,0.1,0.5,0,13611,0.046212622,0.016677687,0,0,0,0,0,0,0,0,0,0,5,1.330993844
111288.85,0.438760566,0.5,6621,37,0.39595,33.25,34.625,36.81,0,0,0.07,0,0,20,0.5,0.104,5.5,50,200,0.1,0.1,0.1,0.1,0.1,0.1,0.5,0,13483,0.046577171,0.016761848,0,0,0,0,0,0,0,0,0,0,5,1.330993844
111348.89,0.453505704,0.5,6621,37,0.27145,33.4375,34.6875,37.21,0,0,0.07,0,0,20,0.5,0.104,5.5,50,200,0.1,0.1,0.1,0.1,0.1,0.1,0.5,0,13059,0.04740026,0.016770044,0,0,0,0,0,0,0,0,0,0,5,1.330993844
111408.97,0.461916379,0.5,6621,37,0.2145,33.5625,34.6875,37.27,0,0,0.25,0,0,20,0.5,0.104,5.5,50,200,0.1,0.1,0.1,0.1,0.1,0.1,0.5,0,13880,0.04610951,0.016426513,0,0,0,0,0,0,0,0,0,0,5,1.330993844
111469.01,0.469223109,0.5,6621,37,0.11505,33.625,34.75,37.59,0,0,0.07,0,0,20,0.5,0.104,5.5,50,200,0.1,0.1,0.1,0.1,0.1,0.1,0.5,0,13372,0.047412504,0.016826204,0,0,0,0,0,0,0,0,0,0,5,1.330993844
111529.1,0.474053598,0.5,6621,37,0.14945,33.625,34.6875,37.43,0,0,0.07,0,0,20,0.5,0.104,5.5,50,200,0.1,0.1,0.1,0.1,0.1,0.1,0.5,0,13684,0.046623794,0.016807951,0,0,0,0,0,0,0,0,0,0,5,1.330993844
111589.18,0.480263991,0.5,6621,37,0.15245,33.625,34.6875,37.21,0,0,0.07,0,0,20,0.5,0.104,5.5,50,200,0.1,0.1,0.1,0.1,0.1,0.1,0.5,0,14794,0.045491415,0.016425578,0,0,0,0,0,0,0,0,0,0,5,1.303490777
111649.24,0.4926869,0.5,6621,37,0.12905,33.5,34.75,37.25,0,0,0.07,0,0,20,0.5,0.104,5.5,50,200,0.1,0.1,0.1,0.1,0.1,0.1,0.5,0,14399,0.046600458,0.016806723,0,0,0,0,0,0,0,0,0,0,5,1.314930078
111709.27,0.516210015,0.5,6621,37,0.2246,33.5625,34.75,37.01,0,0,0.25,0,0,20,0.5,0.104,5.5,50,200,0.1,0.1,0.1,0.1,0.1,0.1,0.5,0,13776,0.047909408,0.017058653,0,0,0,0,0,0,0,0,0,0,5,1.389102996
111769.33,0.541834538,0.5,6621,37,0.15025,33.4375,34.8125,37.21,0,0,0.07,0,0,20,0.5,0.104,5.5,50,200,0.1,0.1,0.1,0.1,0.1,0.1,0.5,0,15535,0.045381397,0.016414548,0,0,0,0,0,0,0,0,0,0,5,1.464988807
111829.38,0.53099008,0.5,6621,37,0.17605,33.4375,34.8125,37.29,0,0,0,0,0,20,0.5,0.104,5.5,50,200,0.1,0.1,0.1,0.1,0.1,0.1,0.5,0,14575,0.046792453,0.016672384,0,0,0,0,0,0,0,0,0,0,5,1.331087359
111889.45,0.541151276,0.5,6621,37,0.15975,33.4375,34.8125,37.19,0,0,0,0,0,20,0.5,0.104,5.5,50,200,0.1,0.1,0.1,0.1,0.1,0.1,0.5,0,14453,0.047740953,0.017020688,0,0,0,0,0,0,0,0,0,0,5,1.321399562
111949.53,0.557161255,0.5,6621,37,0.14165,33.375,34.8125,37.17,0,0.02,0.15,0,0,20,0.5,0.104,5.5,50,200,0.1,0.1,0.1,0.1,0.1,0.1,0.5,0,14788,0.047606167,0.016770354,0,0,0,0,0,0,0,0,0,0,0.44,1.321399562
112009.59,0.4839895,0.5,6621,37,0.633559626,33.125,34.8125,35.67,0,0.017707114,0.25,0,0,20,0.5,0.104,5.5,50,200,0.1,0.1,0.1,0.1,0.1,0.1,0.5,0,14350,0.046620209,0.016864111,0,0,0,0,0,0,0,0,0,0,0.44,1.321399562
112069.66,0.444202304,0.5,6621,37,0.613777827,33.0625,34.6875,35.83,0,0,0.07,0,0,20,0.5,0.104,5.5,50,200,0.1,0.1,0.1,0.1,0.1,0.1,0.5,0,13346,0.04690544,0.016784055,0,0,0,0,0,0,0,0,0,0,5,1.321399562
112129.73,0.437259944,0.5,6621,37,0.35375,33.3125,34.75,36.69,0,0,0.07,0,0,20,0.5,0.104,5.5,50,200,0.1,0.1,0.1,0.1,0.1,0.1,0.5,0,13447,0.046627501,0.016881089,0,0,0,0,0,0,0,0,0,0,5,1.321399562
112189.8,0.449517956,0.5,6621,37,0.26545,33.4375,34.75,37.25,0,0,0.07,0,0,20,0.5,0.104,5.5,50,200,0.1,0.1,0.1,0.1,0.1,0.1,0.5,0,13444,0.046935436,0.016959238,0,0,0,0,0,0,0,0,0,0,5,1.321399562
112249.85,0.462902649,0.5,6621,37,0.18935,33.5625,34.6875,37.45,0,0,0.07,0,0,20,0.5,0.104,5.5,50,200,0.1,0.1,0.1,0.1,0.1,0.1,0.5,0,13387,0.047583477,0.016956749,0,0,0,0,0,0,0,0,0,0,5,1.321399562
112309.88,0.473295962,0.5,6621,37,0.2027,33.625,34.6875,37.25,0,0,0.25,0,0,20,0.5,0.104,5.5,50,200,0.1,0.1,0.1,0.1,0.1,0.1,0.5,0,14010,0.04675232,0.016416845,0,0,0,0,0,0,0,0,0,0,5,1.321399562
112369.92,0.481725493,0.5,6621,37,0.14595,33.625,34.625,37.41,0,0,0.07,0,0,20,0.5,0.104,5.5,50,200,0.1,0.1,0.1,0.1,0.1,0.1,0.5,0,13781,0.04738408,0.0169799,0,0,0,0,0,0,0,0,0,0,5,1.321399562
112429.98,0.503857691,0.5,6621,37,0.18075,33.5625,34.625,37.45,0,0,0.07,0,0,20,0.5,0.104,5.5,50,200,0.1,0.1,0.1,0.1,0.1,0.1,0.5,0,13981,0.046920821,0.016951577,0,0,0,0,0,0,0,0,0,0,5,1.390087886
112490.05,0.51024063,0.5,6621,37,0.16495,33.5,34.6875,37.33,0,0,0.07,0,0,20,0.5,0.104,5.5,50,200,0.1,0.1,0.1,0.1,0.1,0.1,0.5,0,14369,0.046836941,0.016772218,0,0,0,0,0,0,0,0,0,0,5,1.358349199
112550.09,0.520363472,0.5,6621,37,0.09795,33.4375,34.625,37.37,0,0,0.07,0,0,20,0.5,0.104,5.5,50,200,0.1,0.1,0.1,0.1,0.1,0.1,0.5,0,14680,0.046457766,0.016825613,0,0,0,0,0,0,0,0,0,0,5,1.349367077
112610.14,0.521015382,0.5,6621,37,0.2121,33.375,34.6875,37.03,0,0,0.25,0,0,20,0.5,0.104,5.5,50,200,0.1,0.1,0.1,0.1,0.1,0.1,0.5,0,14396,0.047165879,0.016879689,0,0,0,0,0,0,0,0,0,0,5,1.285654767
112670.18,0.53584821,0.5,6621,37,0.16395,33.375,34.6875,37.19,0,0,0,0,0,20,0.5,0.104,5.5,50,200,0.1,0.1,0.1,0.1,0.1,0.1,0.5,0,14940,0.046720214,0.016733601,0,0,0,0,0,0,0,0,0,0,5,1.305586124
112730.21,0.553831598,0.5,6621,37,0.15915,33.3125,34.6875,37.27,0,0,0,0,0,20,0.5,0.104,5.5,50,200,0.1,0.1,0.1,0.1,0.1,0.1,0.5,0,15197,0.046390735,0.016713825,0,0,0,0,0,0,0,0,0,0,5,1.339336021
112790.25,0.550390164,0.5,6621,37,0.18465,33.375,34.75,37.05,0,0.02,0.15,0,0,20,0.5,0.104,5.5,50,200,0.1,0.1,0.1,0.1,0.1,0.1,0.5,0,14955,0.047408893,0.016716817,0,0,0,0,0,0,0,0,0,0,0.44,1.339336021
112850.33,0.492515236,0.5,6621,37,0.54235,33.125,34.6875,35.93,0,0.018136909,0.142547638,0,0,20,0.5,0.104,5.5,50,200,0.1,0.1,0.1,0.1,0.1,0.1,0.5,0,14323,0.047057181,0.016826084,0,0,0,0,0,0,0,0,0,0,0.44,1.339336021
112910.4,0.448489876,0.5,6621,37,0.5178,33.0625,34.75,36.13,0,0,0.25,0,0,20,0.5,0.104,5.5,50,200,0.1,0.1,0.1,0.1,0.1,0.1,0.5,0,13343,0.047140823,0.016637937,0,0,0,0,0,0,0,0,0,0,5,1.339336021
112970.47,0.447505481,0.5,6621,37,0.31355,33.3125,34.75,36.93,0,0,0.07,0,0,20,0.5,0.104,5.5,50,200,0.1,0.1,0.1,0.1,0.1,0.1,0.5,0,12747,0.048011297,0.016945164,0,0,0,0,0,0,0,0,0,0,5,1.339336021
113030.54,0.469358768,0.5,6621,37,0.21195,33.5625,34.75,37.43,0,0,0.07,0,0,20,0.5,0.104,5.5,50,200,0.1,0.1,0.1,0.1,0.1,0.1,0.5,0,13398,0.046947306,0.016569637,0,0,0,0,0,0,0,0,0,0,5,1.339336021
113090.61,0.473538204,0.5,6621,37,0.18055,33.625,34.75,37.67,0,0,0.07,0,0,20,0.5,0.104,5.5,50,200,0.1,0.1,0.1,0.1,0.1,0.1,0.5,0,14043,0.046143986,0.016734316,0,0,0,0,0,0,0,0,0,0,5,1.339336021
113150.7,0.484987363,0.5,6621,37,0.11935,33.75,34.8125,37.59,0,0,0.07,0,0,20,0.5,0.104,5.5,50,200,0.1,0.1,0.1,0.1,0.1,0.1,0.5,0,13661,0.046995096,0.01690945,0,0,0,0,0,0,0,0,0,0,5,1.339336021
113210.78,0.477904168,0.5,6621,37,0.1812,33.625,34.75,37.27,0,0,0.25,0,0,20,0.5,0.104,5.5,50,200,0.1,0.1,0.1,0.1,0.1,0.1,0.5,0,14300,0.046643357,0.016713287,0,0,0,0,0,0,0,0,0,0,5,1.339336021
113270.84,0.497840516,0.5,6621,37,0.19835,33.625,34.8125,37.25,0,0,0.07,0,0,20,0.5,0.104,5.5,50,200,0.1,0.1,0.1,0.1,0.1,0.1,0.5,0,14463,0.046255963,0.016732352,0,0,0,0,0,0,0,0,0,0,5,1.394977868
113330.92,0.512654692,0.5,6621,37,0.10225,33.5625,34.8125,37.33,0,0,0.07,0,0,20,0.5,0.104,5.5,50,200,0.1,0.1,0.1,0.1,0.1,0.1,0.5,0,13907,0.047530021,0.016754153,0,0,0,0,0,0,0,0,0,0,5,1.413197155
113390.97,0.535654599,0.5,6621,37,0.16295,33.5,34.875,37.27,0,0,0.07,0,0,20,0.5,0.104,5.5,50,200,0.1,0.1,0.1,0.1,0.1,0.1,0.5,0,15321,0.045558384,0.016186933,0,0,0,0,0,0,0,0,0,0,5,1.474198429
113451.02,0.539849177,0.5,6621,37,0.11245,33.4375,34.75,37.29,0,0,0.07,0,0,20,0.5,0.104,5.5,50,200,0.1,0.1,0.1,0.1,0.1,0.1,0.5,0,14087,0.048058494,0.016965997,0,0,0,0,0,0,0,0,0,0,5,1.423889258
113511.06,0.55331466,0.5,6621,37,0.18265,33.375,34.75,37.09,0,0,0,0,0,20,0.5,0.104,5.5,50,200,0.1,0.1,0.1,0.1,0.1,0.1,0.5,0,14523,0.047648557,0.017145218,0,0,0,0,0,0,0,0,0,0,5,1.426605934
113571.11,0.54915878,0.5,6621,37,0.23525,33.3125,34.6875,36.93,0,0.02,0.15,0,0,20,0.5,0.104,5.5,50,200,0.1,0.1,0.1,0.1,0.1,0.1,0.5,0,15129,0.046665345,0.016656752,0,0,0,0,0,0,0,0,0,0,0.44,1.426605934
113631.15,0.472481912,0.5,6621,37,0.595775,33.125,34.6875,36.01,0,0.015392014,0.131568056,0,0,20,0.5,0.104,5.5,50,200,0.1,0.1,0.1,0.1,0.1,0.1,0.5,0,13424,0.048569726,0.016910012,0,0,0,0,0,0,0,0,0,0,0.44,1.426605934
113691.19,0.43813618,0.5,6621,37,0.62551344,33.0625,34.6875,35.83,0,0,0.07,0,0,20,0.5,0.104,5.5,50,200,0.1,0.1,0.1,0.1,0.1,0.1,0.5,0,13468,0.046554797,0.016557767,0,0,0,0,0,0,0,0,0,0,5,1.426605934
113751.26,0.446348582,0.5,6621,37,0.35355,33.25,34.625,36.93,0,0,0.07,0,0,20,0.5,0.104,5.5,50,200,0.1,0.1,0.1,0.1,0.1,0.1,0.5,0,12852,0.047930283,0.017273576,0,0,0,0,0,0,0,0,0,0,5,1.426605934
113811.32,0.459804228,0.5,6621,37,0.2026,33.5,34.625,37.35,0,0,0.25,0,0,20,0.5,0.104,5.5,50,200,0.1,0.1,0.1,0.1,0.1,0.1,0.5,0,13370,0.04697083,0.016604338,0,0,0,0,0,0,0,0,0,0,5,1.426605934
113871.37,0.460783302,0.5,6621,37,0.17615,33.5625,34.5625,37.51,0,0,0.07,0,0,20,0.5,0.104,5.5,50,200,0.1,0.1,0.1,0.1,0.1,0.1,0.5,0,13782,0.046437382,0.016978668,0,0,0,0,0,0,0,0,0,0,5,1.426605934
113931.43,0.47247829,0.5,6621,37,0.15675,33.5625,34.5625,37.43,0,0,0.07,0,0,20,0.5,0.104,5.5,50,200,0.1,0.1,0.1,0.1,0.1,0.1,0.5,0,14605,0.045737761,0.016569668,0,0,0,0,0,0,0,0,0,0,5,1.426605934
113991.51,0.488648503,0.5,6621,37,0.15415,33.5625,34.5625,37.21,0,0,0.07,0,0,20,0.5,0.104,5.5,50,200,0.1,0.1,0.1,0.1,0.1,0.1,0.5,0,13789,0.047284067,0.016607441,0,0,0,0,0,0,0,0,0,0,5,1.426605934
114051.56,0.502765689,0.5,6621,37,0.15215,33.5,34.5,37.37,0,0,0.07,0,0,20,0.5,0.104,5.5,50,200,0.1,0.1,0.1,0.1,0.1,0.1,0.5,0,13999,0.046931924,0.016858347,0,0,0,0,0,0,0,0,0,0,5,1.440718072
114111.63,0.495608352,0.5,6621,37,0.2003,33.4375,34.5,37.13,0,0,0.25,0,0,20,0.5,0.104,5.5,50,200,0.1,0.1,0.1,0.1,0.1,0.1,0.5,0,14852,0.045785079,0.016361433,0,0,0,0,0,0,0,0,0,0,5,1.325667472
114171.67,0.520039213,0.5,6621,37,0.16655,33.375,34.5625,37.19,0,0,0.07,0,0,20,0.5,0.104,5.5,50,200,0.1,0.1,0.1,0.1,0.1,0.1,0.5,0,15410,0.045425049,0.016482803,0,0,0,0,0,0,0,0,0,0,5,1.403738746
114231.74,0.541721626,0.5,6621,37,0.15755,33.375,34.625,37.17,0,0,0.07,0,0,20,0.5,0.104,5.5,50,200,0.1,0.1,0.1,0.1,0.1,0.1,0.5,0,14115,0.047892313,0.017144881,0,0,0,0,0,0,0,0,0,0,5,1.456095947
114291.8,0.547463568,0.5,6621,37,0.15185,33.3125,34.625,37.21,0,0.02,0.15,0,0,20,0.5,0.104,5.5,50,200,0.1,0.1,0.1,0.1,0.1,0.1,0.5,0,14480,0.047651934,0.016781768,0,0,0,0,0,0,0,0,0,0,0.44,1.456095947
114351.88,0.475376266,0.5,6621,37,0.6089,33.125,34.5625,35.85,0,0.015606641,0.132426562,0,0,20,0.5,0.104,5.5,50,200,0.1,0.1,0.1,0.1,0.1,0.1,0.5,0,14120,0.04674221,0.016784703,0,0,0,0,0,0,0,0,0,0,0.44,1.456095947
114411.93,0.431312277,0.5,6621,37,0.4708,33.0625,34.6875,36.33,0,0,0.25,0,0,20,0.5,0.104,5.5,50,200,0.1,0.1,0.1,0.1,0.1,0.1,0.5,0,13255,0.047152018,0.01682384,0,0,0,0,0,0,0,0,0,0,5,1.456095947
114471.97,0.441961478,0.5,6621,37,0.34305,33.3125,34.625,36.93,0,0,0.07,0,0,20,0.5,0.104,5.5,50,200,0.1,0.1,0.1,0.1,0.1,0.1,0.5,0,13683,0.046188701,0.016589929,0,0,0,0,0,0,0,0,0,0,5,1.456095947
114532.01,0.440450886,0.5,6621,37,0.21735,33.5625,34.6875,37.27,0,0,0.07,0,0,20,0.5,0.104,5.5,50,200,0.1,0.1,0.1,0.1,0.1,0.1,0.5,0,13293,0.047318137,0.016700519,0,0,0,0,0,0,0,0,0,0,5,1.456095947
114592.09,0.462607394,0.5,6621,37,0.14615,33.6875,34.6875,37.71,0,0,0.07,0,0,20,0.5,0.104,5.5,50,200,0.1,0.1,0.1,0.1,0.1,0.1,0.5,0,13595,0.046781905,0.016550202,0,0,0,0,0,0,0,0,0,0,5,1.456095947
114652.16,0.462835305,0.5,6621,37,0.13495,33.75,34.6875,37.41,0,0,0.07,0,0,20,0.5,0.104,5.5,50,200,0.1,0.1,0.1,0.1,0.1,0.1,0.5,0,13704,0.046628722,0.016637478,0,0,0,0,0,0,0,0,0,0,5,1.456095947
114712.19,0.484438819,0.5,6621,37,0.1391,33.6875,34.6875,37.43,0,0,0.25,0,0,20,0.5,0.104,5.5,50,200,0.1,0.1,0.1,0.1,0.1,0.1,0.5,0,14626,0.045330234,0.016614249,0,0,0,0,0,0,0,0,0,0,5,1.456095947
114772.24,0.498455264,0.5,6621,37,0.11675,33.625,34.75,37.21,0,0,0.07,0,0,20,0.5,0.104,5.5,50,200,0.1,0.1,0.1,0.1,0.1,0.1,0.5,0,13680,0.047807018,0.017105263,0,0,0,0,0,0,0,0,0,0,5,1.46885924
114832.28,0.492552538,0.5,6621,37,0.18605,33.5625,34.8125,37.11,0,0,0.07,0,0,20,0.5,0.104,5.5,50,200,0.1,0.1,0.1,0.1,0.1,0.1,0.5,0,13795,0.047770931,0.016817688,0,0,0,0,0,0,0,0,0,0,5,1.359678139
114892.38,0.508527311,0.5,6621,37,0.19715,33.5,34.8125,37.09,0,0,0.07,0,0,20,0.5,0.104,5.5,50,200,0.1,0.1,0.1,0.1,0.1,0.1,0.5,0,14445,0.046590516,0.016476289,0,0,0,0,0,0,0,0,0,0,5,1.387447608
114952.41,0.520829742,0.5,6621,37,0.15315,33.5,34.75,37.19,0,0,0.07,0,0,20,0.5,0.104,5.5,50,200,0.1,0.1,0.1,0.1,0.1,0.1,0.5,0,15308,0.045466423,0.016527306,0,0,0,0,0,0,0,0,0,0,5,1.389788052
115012.49,0.520040641,0.5,6621,37,0.18985,33.4375,34.75,37.11,0,0,0,0,0,20,0.5,0.104,5.5,50,200,0.1,0.1,0.1,0.1,0.1,0.1,0.5,0,13934,0.04794029,0.016936989,0,0,0,0,0,0,0,0,0,0,5,1.315749947
115072.56,0.550064267,0.5,6621,37,0.16855,33.3125,34.6875,37.17,0,0,0,0,0,20,0.5,0.104,5.5,50,200,0.1,0.1,0.1,0.1,0.1,0.1,0.5,0,15114,0.046248511,0.016607119,0,0,0,0,0,0,0,0,0,0,5,1.418346921
115132.61,0.536099028,0.5,6621,37,0.16405,33.375,34.625,37.09,0,0,0,0,0,20,0.5,0.104,5.5,50,200,0.1,0.1,0.1,0.1,0.1,0.1,0.5,0,15397,0.046112879,0.01649672,0,0,0,0,0,0,0,0,0,0,5,1.270280904
115192.66,0.555650424,0.5,6621,37,0.19255,33.25,34.625,37.01,0,0,0,0,0,20,0.5,0.104,5.5,50,200,0.1,0.1,0.1,0.1,0.1,0.1,0.5,0,15282,0.046917943,0.016555425,0,0,0,0,0,0,0,0,0,0,5,1.314228253
115252.73,0.568764683,0.5,6621,37,0.12685,33.3125,34.6875,37.25,0,0.02,0.15,0,0,20,0.5,0.104,5.5,50,200,0.1,0.1,0.1,0.1,0.1,0.1,0.5,0,14889,0.048425012,0.016925247,0,0,0,0,0,0,0,0,0,0,0.44,1.314228253
115312.79,0.509776136,0.5,6621,37,0.71925,33.0625,34.625,35.31,0,0.02,0.25,0,0,20,0.5,0.104,5.5,50,200,0.1,0.1,0.1,0.1,0.1,0.1,0.5,0,14396,0.047582662,0.016671298,0,0,0,0,0,0,0,0,0,0,0.44,1.314228253
115372.86,0.441854216,0.5,6621,37,0.6672,32.9375,34.625,35.61,0,0.000961366,0.073845464,0,0,20,0.5,0.104,5.5,50,200,0.1,0.1,0.1,0.1,0.1,0.1,0.5,0,13257,0.047522064,0.016821302,0,0,0,0,0,0,0,0,0,0,0.44,1.314228253
115432.91,0.435582671,0.5,6621,37,0.451036232,33.125,34.5625,36.63,0,0,0.07,0,0,20,0.5,0.104,5.5,50,200,0.1,0.1,0.1,0.1,0.1,0.1,0.5,0,13602,0.046390237,0.016615204,0,0,0,0,0,0,0,0,0,0,5,1.314228253
115492.96,0.449670104,0.5,6621,37,0.27985,33.4375,34.625,37.19,0,0,0.07,0,0,20,0.5,0.104,5.5,50,200,0.1,0.1,0.1,0.1,0.1,0.1,0.5,0,13338,0.047383416,0.01694407,0,0,0,0,0,0,0,0,0,0,5,1.314228253
115553.04,0.457490073,0.5,6621,37,0.19225,33.5,34.625,37.35,0,0,0.07,0,0,20,0.5,0.104,5.5,50,200,0.1,0.1,0.1,0.1,0.1,0.1,0.5,0,13877,0.046335663,0.016646249,0,0,0,0,0,0,0,0,0,0,5,1.314228253
115613.14,0.462694552,0.5,6621,37,0.1255,33.625,34.625,37.59,0,0,0.25,0,0,20,0.5,0.104,5.5,50,200,0.1,0.1,0.1,0.1,0.1,0.1,0.5,0,13029,0.048046665,0.017192417,0,0,0,0,0,0,0,0,0,0,5,1.314228253
115673.2,0.480557281,0.5,6621,37,0.16435,33.6875,34.6875,37.37,0,0,0.07,0,0,20,0.5,0.104,5.5,50,200,0.1,0.1,0.1,0.1,0.1,0.1,0.5,0,13609,0.047615549,0.016680138,0,0,0,0,0,0,0,0,0,0,5,1.314228253
115733.24,0.483961326,0.5,6621,37,0.15175,33.625,34.6875,37.53,0,0,0.07,0,0,20,0.5,0.104,5.5,50,200,0.1,0.1,0.1,0.1,0.1,0.1,0.5,0,14026,0.047198061,0.016683302,0,0,0,0,0,0,0,0,0,0,5,1.314228253
115793.31,0.496173248,0.5,6621,37,0.16275,33.625,34.6875,37.25,0,0,0.07,0,0,20,0.5,0.104,5.5,50,200,0.1,0.1,0.1,0.1,0.1,0.1,0.5,0,14477,0.046625682,0.016508945,0,0,0,0,0,0,0,0,0,0,5,1.323277312
115853.38,0.499643262,0.5,6621,37,0.19585,33.5625,34.75,37.29,0,0,0.07,0,0,20,0.5,0.104,5.5,50,200,0.1,0.1,0.1,0.1,0.1,0.1,0.5,0,14573,0.046455774,0.016743292,0,0,0,0,0,0,0,0,0,0,5,1.278021084
115913.43,0.511822306,0.5,6621,37,0.11235,33.5625,34.75,37.21,0,0,0.25,0,0,20,0.5,0.104,5.5,50,200,0.1,0.1,0.1,0.1,0.1,0.1,0.5,0,13999,0.048074862,0.016858347,0,0,0,0,0,0,0,0,0,0,5,1.286369441
115973.47,0.537853007,0.5,6621,37,0.18635,33.4375,34.6875,37.25,0,0,0.07,0,0,20,0.5,0.104,5.5,50,200,0.1,0.1,0.1,0.1,0.1,0.1,0.5,0,14113,0.04832424,0.017218168,0,0,0,0,0,0,0,0,0,0,5,1.370874358
116033.54,0.550456516,0.5,6621,37,0.16415,33.375,34.75,37.05,0,0,0,0,0,20,0.5,0.104,5.5,50,200,0.1,0.1,0.1,0.1,0.1,0.1,0.5,0,15143,0.04642409,0.016575315,0,0,0,0,0,0,0,0,0,0,5,1.371818624
116093.61,0.554068965,0.5,6621,37,0.13755,33.375,34.75,37.03,0,0.02,0.15,0,0,20,0.5,0.104,5.5,50,200,0.1,0.1,0.1,0.1,0.1,0.1,0.5,0,15380,0.046358908,0.016710013,0,0,0,0,0,0,0,0,0,0,0.44,1.371818624
116153.65,0.494567683,0.5,6621,37,0.55405,33.125,34.6875,35.97,0,0.018764335,0.145057339,0,0,20,0.5,0.104,5.5,50,200,0.1,0.1,0.1,0.1,0.1,0.1,0.5,0,14140,0.047312588,0.016902405,0,0,0,0,0,0,0,0,0,0,0.44,1.371818624
116213.69,0.42522824,0.5,6621,37,0.673963464,33.0625,34.75,35.75,0,0,0.25,0,0,20,0.5,0.104,5.5,50,200,0.1,0.1,0.1,0.1,0.1,0.1,0.5,0,13244,0.047115675,0.016686802,0,0,0,0,0,0,0,0,0,0,5,1.371818624
116273.75,0.434169473,0.5,6621,37,0.33705,33.3125,34.6875,37.03,0,0,0.07,0,0,20,0.5,0.104,5.5,50,200,0.1,0.1,0.1,0.1,0.1,0.1,0.5,0,12958,0.047924062,0.017132273,0,0,0,0,0,0,0,0,0,0,5,1.371818624
116333.84,0.445755694,0.5,6621,37,0.23405,33.5625,34.75,37.33,0,0,0.07,0,0,20,0.5,0.104,5.5,50,200,0.1,0.1,0.1,0.1,0.1,0.1,0.5,0,13281,0.047059709,0.016941495,0,0,0,0,0,0,0,0,0,0,5,1.371818624
116393.99,0.451906786,0.5,6621,37,0.17435,33.6875,34.8125,37.55,0,0,0.07,0,0,20,0.5,0.104,5.5,50,200,0.1,0.1,0.1,0.1,0.1,0.1,0.5,0,13845,0.046442759,0.016973637,0,0,0,0,0,0,0,0,0,0,5,1.371818624
116454.07,0.467468456,0.5,6621,37,0.13345,33.75,34.75,37.45,0,0,0.07,0,0,20,0.5,0.104,5.5,50,200,0.1,0.1,0.1,0.1,0.1,0.1,0.5,0,14164,0.046385202,0.01666196,0,0,0,0,0,0,0,0,0,0,5,1.371818624
116514.14,0.474695434,0.5,6621,37,0.18355,33.6875,34.8125,37.33,0,0,0.25,0,0,20,0.5,0.104,5.5,50,200,0.1,0.1,0.1,0.1,0.1,0.1,0.5,0,13587,0.047545448,0.017001546,0,0,0,0,0,0,0,0,0,0,5,1.371818624
116574.18,0.483621112,0.5,6621,37,0.13155,33.625,34.8125,37.41,0,0,0.07,0,0,20,0.5,0.104,5.5,50,200,0.1,0.1,0.1,0.1,0.1,0.1,0.5,0,14259,0.046356687,0.016480819,0,0,0,0,0,0,0,0,0,0,5,1.359112793
116634.23,0.513993811,0.5,6621,37,0.18225,33.5625,34.8125,37.35,0,0,0.07,0,0,20,0.5,0.104,5.5,50,200,0.1,0.1,0.1,0.1,0.1,0.1,0.5,0,14817,0.046163191,0.016670041,0,0,0,0,0,0,0,0,0,0,5,1.473885503
116694.3,0.52207973,0.5,6621,37,0.12205,33.5625,34.75,37.05,0,0,0.07,0,0,20,0.5,0.104,5.5,50,200,0.1,0.1,0.1,0.1,0.1,0.1,0.5,0,14956,0.045934742,0.016581974,0,0,0,0,0,0,0,0,0,0,5,1.447018502
116754.35,0.526199835,0.5,6621,37,0.17045,33.4375,34.75,37.11,0,0,0.07,0,0,20,0.5,0.104,5.5,50,200,0.1,0.1,0.1,0.1,0.1,0.1,0.5,0,14252,0.047572271,0.016980073,0,0,0,0,0,0,0,0,0,0,5,1.398249794
116814.43,0.539551987,0.5,6621,37,0.11675,33.375,34.75,37.09,0,0,0,0,0,20,0.5,0.104,5.5,50,200,0.1,0.1,0.1,0.1,0.1,0.1,0.5,0,14813,0.047188281,0.016742051,0,0,0,0,0,0,0,0,0,0,5,1.403511564
116874.51,0.534872352,0.5,6621,37,0.18165,33.3125,34.6875,37.05,0,0,0,0,0,20,0.5,0.104,5.5,50,200,0.1,0.1,0.1,0.1,0.1,0.1,0.5,0,14220,0.04859353,0.017158931,0,0,0,0,0,0,0,0,0,0,5,1.307202937
116934.59,0.55975492,0.5,6621,37,0.17865,33.25,34.625,37.01,0,0,0,0,0,20,0.5,0.104,5.5,50,200,0.1,0.1,0.1,0.1,0.1,0.1,0.5,0,14779,0.047973476,0.016915894,0,0,0,0,0,0,0,0,0,0,5,1.378255549
116994.65,0.551508765,0.5,6621,37,0.20895,33.25,34.625,37.17,0,0.02,0.15,0,0,20,0.5,0.104,5.5,50,200,0.1,0.1,0.1,0.1,0.1,0.1,0.5,0,15846,0.046447053,0.016723463,0,0,0,0,0,0,0,0,0,0,0.44,1.378255549
117054.7,0.495344702,0.5,6621,37,0.5542,33,34.625,35.89,0,0.018608704,0.144434814,0,0,20,0.5,0.104,5.5,50,200,0.1,0.1,0.1,0.1,0.1,0.1,0.5,0,13886,0.048250036,0.016851505,0,0,0,0,0,0,0,0,0,0,0.44,1.378255549
117114.76,0.431610107,0.5,6621,37,0.663395673,32.875,34.625,35.69,0,0,0.25,0,0,20,0.5,0.104,5.5,50,200,0.1,0.1,0.1,0.1,0.1,0.1,0.5,0,13592,0.046718658,0.016774573,0,0,0,0,0,0,0,0,0,0,5,1.378255549
117174.82,0.450460092,0.5,6621,37,0.39265,33.125,34.5625,36.79,0,0,0.07,0,0,20,0.5,0.104,5.5,50,200,0.1,0.1,0.1,0.1,0.1,0.1,0.5,0,13156,0.047582852,0.016798419,0,0,0,0,0,0,0,0,0,0,5,1.378255549
117234.87,0.456870505,0.5,6621,37,0.22845,33.4375,34.5625,37.33,0,0,0.07,0,0,20,0.5,0.104,5.5,50,200,0.1,0.1,0.1,0.1,0.1,0.1,0.5,0,13255,0.047604677,0.016672954,0,0,0,0,0,0,0,0,0,0,5,1.378255549
117294.93,0.454055799,0.5,6621,37,0.15435,33.5,34.625,37.35,0,0,0.07,0,0,20,0.5,0.104,5.5,50,200,0.1,0.1,0.1,0.1,0.1,0.1,0.5,0,14394,0.045644018,0.016604141,0,0,0,0,0,0,0,0,0,0,5,1.378255549
117355,0.472599359,0.5,6621,37,0.11055,33.625,34.625,37.45,0,0,0.07,0,0,20,0.5,0.104,5.5,50,200,0.1,0.1,0.1,0.1,0.1,0.1,0.5,0,14210,0.046164673,0.01653765,0,0,0,0,0,0,0,0,0,0,5,1.378255549
117415.08,0.488434501,0.5,6621,37,0.16445,33.625,34.6875,37.27,0,0,0.25,0,0,20,0.5,0.104,5.5,50,200,0.1,0.1,0.1,0.1,0.1,0.1,0.5,0,13703,0.047361892,0.016711669,0,0,0,0,0,0,0,0,0,0,5,1.378255549
117475.15,0.48956769,0.5,6621,37,0.15775,33.625,34.6875,37.55,0,0,0.07,0,0,20,0.5,0.104,5.5,50,200,0.1,0.1,0.1,0.1,0.1,0.1,0.5,0,14164,0.046950014,0.016873764,0,0,0,0,0,0,0,0,0,0,5,1.316294837
117535.22,0.505842024,0.5,6621,37,0.20785,33.5625,34.75,37.35,0,0,0.07,0,0,20,0.5,0.104,5.5,50,200,0.1,0.1,0.1,0.1,0.1,0.1,0.5,0,14491,0.046994686,0.016631012,0,0,0,0,0,0,0,0,0,0,5,1.348585132
117595.27,0.521513266,0.5,6621,37,0.20335,33.5,34.75,37.37,0,0,0.07,0,0,20,0.5,0.104,5.5,50,200,0.1,0.1,0.1,0.1,0.1,0.1,0.5,0,15081,0.045819243,0.01657715,0,0,0,0,0,0,0,0,0,0,5,1.372686766
117655.34,0.521953499,0.5,6621,37,0.19795,33.5,34.75,37.21,0,0,0.07,0,0,20,0.5,0.104,5.5,50,200,0.1,0.1,0.1,0.1,0.1,0.1,0.5,0,14679,0.047074051,0.016758635,0,0,0,0,0,0,0,0,0,0,5,1.306583795
117715.39,0.531276482,0.5,6621,37,0.14365,33.4375,34.75,37.33,0,0,0,0,0,20,0.5,0.104,5.5,50,200,0.1,0.1,0.1,0.1,0.1,0.1,0.5,0,14153,0.048117007,0.016886879,0,0,0,0,0,0,0,0,0,0,5,1.294366807
117775.42,0.550066067,0.5,6621,37,0.18795,33.4375,34.75,37.13,0,0,0,0,0,20,0.5,0.104,5.5,50,200,0.1,0.1,0.1,0.1,0.1,0.1,0.5,0,15037,0.047150362,0.016625657,0,0,0,0,0,0,0,0,0,0,5,1.333915938
117835.5,0.570252448,0.5,6621,37,0.13605,33.375,34.8125,37.19,0,0.02,0.15,0,0,20,0.5,0.104,5.5,50,200,0.1,0.1,0.1,0.1,0.1,0.1,0.5,0,15349,0.046973744,0.016874063,0,0,0,0,0,0,0,0,0,0,0.44,1.333915938
117895.55,0.482524486,0.5,6621,37,0.598525,33.125,34.75,35.89,0,0.018824979,0.145299914,0,0,20,0.5,0.104,5.5,50,200,0.1,0.1,0.1,0.1,0.1,0.1,0.5,0,13774,0.048206766,0.017206331,0,0,0,0,0,0,0,0,0,0,0.44,1.333915938
117955.6,0.433259642,0.5,6621,37,0.6345387,33,34.75,35.85,0,0,0.07,0,0,20,0.5,0.104,5.5,50,200,0.1,0.1,0.1,0.1,0.1,0.1,0.5,0,13365,0.047212869,0.016760195,0,0,0,0,0,0,0,0,0,0,5,1.333915938
118015.63,0.433716765,0.5,6621,37,0.2607,33.3125,34.6875,36.97,0,0,0.25,0,0,20,0.5,0.104,5.5,50,200,0.1,0.1,0.1,0.1,0.1,0.1,0.5,0,13753,0.046535301,0.016650913,0,0,0,0,0,0,0,0,0,0,5,1.333915938
118075.69,0.441688847,0.5,6621,37,0.1682,33.4375,34.6875,37.29,0,0,0.07,0,0,20,0.5,0.104,5.5,50,200,0.1,0.1,0.1,0.1,0.1,0.1,0.5,0,14061,0.046013797,0.016286182,0,0,0,0,0,0,0,0,0,0,5,1.333915938
118135.75,0.45780475,0.5,6621,37,0.1412,33.625,34.625,37.37,0,0,0.07,0,0,20,0.5,0.104,5.5,50,200,0.1,0.1,0.1,0.1,0.1,0.1,0.5,0,13839,0.046896452,0.016908736,0,0,0,0,0,0,0,0,0,0,5,1.333915938
118195.83,0.471812509,0.5,6621,37,0.1487,33.625,34.5625,37.27,0,0,0.07,0,0,20,0.5,0.104,5.5,50,200,0.1,0.1,0.1,0.1,0.1,0.1,0.5,0,13303,0.048034278,0.016838307,0,0,0,0,0,0,0,0,0,0,5,1.333915938
118255.9,0.473037244,0.5,6621,37,0.1644,33.5625,34.625,37.37,0,0,0.07,0,0,20,0.5,0.104,5.5,50,200,0.1,0.1,0.1,0.1,0.1,0.1,0.5,0,13754,0.047404391,0.016795114,0,0,0,0,0,0,0,0,0,0,5,1.333915938
118315.94,0.492599262,0.5,6621,37,0.1507,33.4375,34.5625,37.19,0,0,0.25,0,0,20,0.5,0.104,5.5,50,200,0.1,0.1,0.1,0.1,0.1,0.1,0.5,0,14417,0.046681002,0.016785739,0,0,0,0,0,0,0,0,0,0,5,1.388785725
118375.99,0.510335158,0.5,6621,37,0.1685,33.4375,34.625,37.05,0,0,0.07,0,0,20,0.5,0.104,5.5,50,200,0.1,0.1,0.1,0.1,0.1,0.1,0.5,0,14403,0.047281816,0.016871485,0,0,0,0,0,0,0,0,0,0,5,1.425461523
118436.07,0.516190733,0.5,6621,37,0.1908,33.375,34.625,37.03,0,0,0.07,0,0,20,0.5,0.104,5.5,50,200,0.1,0.1,0.1,0.1,0.1,0.1,0.5,0,14132,0.04825927,0.017124257,0,0,0,0,0,0,0,0,0,0,5,1.388414405
118496.16,0.529632785,0.5,6621,37,0.1751,33.375,34.625,37.05,0,0,0.07,0,0,20,0.5,0.104,5.5,50,200,0.1,0.1,0.1,0.1,0.1,0.1,0.5,0,14992,0.046958378,0.016742263,0,0,0,0,0,0,0,0,0,0,5,1.396116402
118556.21,0.524996557,0.5,6621,37,0.1412,33.3125,34.625,37.33,0,0,0,0,0,20,0.5,0.104,5.5,50,200,0.1,0.1,0.1,0.1,0.1,0.1,0.5,0,14336,0.048200335,0.017159598,0,0,0,0,0,0,0,0,0,0,5,1.299933975
118616.27,0.536473269,0.5,6621,37,0.1579,33.25,34.6875,37.01,0,0,0,0,0,20,0.5,0.104,5.5,50,200,0.1,0.1,0.1,0.1,0.1,0.1,0.5,0,15281,0.04665925,0.016425627,0,0,0,0,0,0,0,0,0,0,5,1.299812371
118676.35,0.559447374,0.5,6621,37,0.1508,33.3125,34.6875,36.97,0,0,0,0,0,20,0.5,0.104,5.5,50,200,0.1,0.1,0.1,0.1,0.1,0.1,0.5,0,15161,0.047622189,0.01688543,0,0,0,0,0,0,0,0,0,0,5,1.360619933
118736.41,0.560496756,0.5,6621,37,0.1819,33.25,34.6875,37.09,0,0.02,0.15,0,0,20,0.5,0.104,5.5,50,200,0.1,0.1,0.1,0.1,0.1,0.1,0.5,0,15714,0.046900853,0.016482118,0,0,0,0,0,0,0,0,0,0,0.44,1.360619933
118796.47,0.480956781,0.5,6621,37,0.584325,33,34.75,35.91,0,0.01764588,0.140583521,0,0,20,0.5,0.104,5.5,50,200,0.1,0.1,0.1,0.1,0.1,0.1,0.5,0,13538,0.048825528,0.017432412,0,0,0,0,0,0,0,0,0,0,0.44,1.360619933
118856.54,0.439218949,0.5,6621,37,0.649167819,33,34.6875,35.67,0,0,0.07,0,0,20,0.5,0.104,5.5,50,200,0.1,0.1,0.1,0.1,0.1,0.1,0.5,0,13609,0.047395106,0.016974061,0,0,0,0,0,0,0,0,0,0,5,1.360619933
118916.59,0.443207121,0.5,6621,37,0.3465,33.25,34.6875,36.97,0,0,0.25,0,0,20,0.5,0.104,5.5,50,200,0.1,0.1,0.1,0.1,0.1,0.1,0.5,0,13852,0.046780248,0.016892867,0,0,0,0,0,0,0,0,0,0,5,1.360619933
118976.65,0.456029281,0.5,6621,37,0.2364,33.5,34.6875,37.35,0,0,0.07,0,0,20,0.5,0.104,5.5,50,200,0.1,0.1,0.1,0.1,0.1,0.1,0.5,0,14395,0.04598819,0.016602987,0,0,0,0,0,0,0,0,0,0,5,1.360619933
119036.69,0.465010184,0.5,6621,37,0.1847,33.625,34.75,37.27,0,0,0.07,0,0,20,0.5,0.104,5.5,50,200,0.1,0.1,0.1,0.1,0.1,0.1,0.5,0,14369,0.046488969,0.016493841,0,0,0,0,0,0,0,0,0,0,5,1.360619933
119096.76,0.490658761,0.5,6621,37,0.1341,33.6875,34.6875,37.53,0,0,0.07,0,0,20,0.5,0.104,5.5,50,200,0.1,0.1,0.1,0.1,0.1,0.1,0.5,0,14454,0.04690743,0.016673585,0,0,0,0,0,0,0,0,0,0,5,1.360619933
119156.84,0.50354503,0.5,6621,37,0.1597,33.6875,34.6875,37.27,0,0,0.07,0,0,20,0.5,0.104,5.5,50,200,0.1,0.1,0.1,0.1,0.1,0.1,0.5,0,13668,0.048434299,0.017266608,0,0,0,0,0,0,0,0,0,0,5,1.360619933
119216.89,0.506694904,0.5,6621,37,0.1424,33.625,34.75,37.25,0,0,0.25,0,0,20,0.5,0.104,5.5,50,200,0.1,0.1,0.1,0.1,0.1,0.1,0.5,0,15111,0.046257693,0.016544239,0,0,0,0,0,0,0,0,0,0,5,1.311296673
119276.95,0.522279513,0.5,6621,37,0.1805,33.5625,34.75,37.17,0,0,0.07,0,0,20,0.5,0.104,5.5,50,200,0.1,0.1,0.1,0.1,0.1,0.1,0.5,0,13879,0.048850782,0.017220261,0,0,0,0,0,0,0,0,0,0,5,1.336613406
119337.01,0.517843281,0.5,6621,37,0.1103,33.5,34.8125,37.09,0,0,0.07,0,0,20,0.5,0.104,5.5,50,200,0.1,0.1,0.1,0.1,0.1,0.1,0.5,0,14668,0.047654759,0.016907554,0,0,0,0,0,0,0,0,0,0,5,1.244191956
119397.07,0.535791665,0.5,6621,37,0.235,33.4375,34.75,37.01,0,0,0.07,0,0,20,0.5,0.104,5.5,50,200,0.1,0.1,0.1,0.1,0.1,0.1,0.5,0,14563,0.048410355,0.017098125,0,0,0,0,0,0,0,0,0,0,5,1.28420061
119457.11,0.54738618,0.5,6621,37,0.1687,33.375,34.6875,37.09,0,0,0,0,0,20,0.5,0.104,5.5,50,200,0.1,0.1,0.1,0.1,0.1,0.1,0.5,0,14742,0.048297382,0.01716185,0,0,0,0,0,0,0,0,0,0,5,1.284218027
119517.19,0.555528187,0.5,6621,37,0.1857,33.3125,34.625,36.93,0,0.02,0.25,0,0,20,0.5,0.104,5.5,50,200,0.1,0.1,0.1,0.1,0.1,0.1,0.5,0,15349,0.047364649,0.016874063,0,0,0,0,0,0,0,0,0,0,0.44,1.284218027
119577.24,0.496717583,0.5,6621,37,0.58065,33.125,34.6875,35.83,0,0.019183312,0.146733249,0,0,20,0.5,0.104,5.5,50,200,0.1,0.1,0.1,0.1,0.1,0.1,0.5,0,14090,0.048190206,0.017175302,0,0,0,0,0,0,0,0,0,0,0.44,1.284218027
119637.3,0.435866655,0.5,6621,37,0.661337342,33,34.625,35.59,0,0,0.07,0,0,20,0.5,0.104,5.5,50,200,0.1,0.1,0.1,0.1,0.1,0.1,0.5,0,13512,0.047365305,0.017021906,0,0,0,0,0,0,0,0,0,0,5,1.284218027
119697.36,0.441665308,0.5,6621,37,0.3537,33.25,34.5625,36.73,0,0,0.07,0,0,20,0.5,0.104,5.5,50,200,0.1,0.1,0.1,0.1,0.1,0.1,0.5,0,13456,0.047190844,0.01701843,0,0,0,0,0,0,0,0,0,0,5,1.284218027
119757.41,0.450008658,0.5,6621,37,0.2442,33.4375,34.625,37.01,0,0,0.07,0,0,20,0.5,0.104,5.5,50,200,0.1,0.1,0.1,0.1,0.1,0.1,0.5,0,13752,0.046974985,0.01694299,0,0,0,0,0,0,0,0,0,0,5,1.284218027
119817.45,0.470649292,0.5,6621,37,0.2028,33.625,34.625,37.59,0,0,0.25,0,0,20,0.5,0.104,5.5,50,200,0.1,0.1,0.1,0.1,0.1,0.1,0.5,0,13460,0.047845468,0.017087667,0,0,0,0,0,0,0,0,0,0,5,1.284218027
119877.51,0.491135633,0.5,6621,37,0.1313,33.625,34.6875,37.61,0,0,0.07,0,0,20,0.5,0.104,5.5,50,200,0.1,0.1,0.1,0.1,0.1,0.1,0.5,0,13496,0.048310611,0.017264375,0,0,0,0,0,0,0,0,0,0,5,1.284218027
119937.58,0.491749934,0.5,6621,37,0.1296,33.625,34.6875,37.33,0,0,0.07,0,0,20,0.5,0.104,5.5,50,200,0.1,0.1,0.1,0.1,0.1,0.1,0.5,0,13855,0.047780585,0.016744857,0,0,0,0,0,0,0,0,0,0,5,1.284218027
119997.64,0.488280888,0.5,6621,37,0.1844,33.625,34.6875,37.35,0,0,0.07,0,0,20,0.5,0.104,5.5,50,200,0.1,0.1,0.1,0.1,0.1,0.1,0.5,0,14025,0.04798574,0.016827094,0,0,0,0,0,0,0,0,0,0,5,1.198768648
120057.71,0.498934377,0.5,6621,37,0.1424,33.5625,34.75,37.17,0,0,0.07,0,0,20,0.5,0.104,5.5,50,200,0.1,0.1,0.1,0.1,0.1,0.1,0.5,0,13955,0.048871372,0.017269796,0,0,0,0,0,0,0,0,0,0,5,1.203581459
120117.76,0.513145953,0.5,6621,37,0.174,33.5,34.6875,37.11,0,0,0.25,0,0,20,0.5,0.104,5.5,50,200,0.1,0.1,0.1,0.1,0.1,0.1,0.5,0,14043,0.048565121,0.017303995,0,0,0,0,0,0,0,0,0,0,5,1.227659595
120177.81,0.538103314,0.5,6621,37,0.1595,33.4375,34.8125,37.29,0,0,0.07,0,0,20,0.5,0.104,5.5,50,200,0.1,0.1,0.1,0.1,0.1,0.1,0.5,0,14712,0.04812398,0.017128874,0,0,0,0,0,0,0,0,0,0,5,1.308747399
120237.88,0.541034431,0.5,6621,37,0.2112,33.375,34.75,37.11,0,0,0,0,0,20,0.5,0.104,5.5,50,200,0.1,0.1,0.1,0.1,0.1,0.1,0.5,0,14146,0.049201188,0.017390075,0,0,0,0,0,0,0,0,0,0,5,1.259607063
120297.96,0.536336141,0.5,6621,37,0.1699,33.4375,34.8125,37.29,0,0,0,0,0,20,0.5,0.104,5.5,50,200,0.1,0.1,0.1,0.1,0.1,0.1,0.5,0,15356,0.047017452,0.016866371,0,0,0,0,0,0,0,0,0,0,5,1.17046123
120358.04,0.566237567,0.5,6621,37,0.1542,33.375,34.75,37.25,0,0,0,0,0,20,0.5,0.104,5.5,50,200,0.1,0.1,0.1,0.1,0.1,0.1,0.5,0,14722,0.048566771,0.016981388,0,0,0,0,0,0,0,0,0,0,5,1.27469605
120418.14,0.575983766,0.5,6621,37,0.1827,33.3125,34.6875,36.97,0,0.02,0.25,0,0,20,0.5,0.104,5.5,50,200,0.1,0.1,0.1,0.1,0.1,0.1,0.5,0,16093,0.04679053,0.01683962,0,0,0,0,0,0,0,0,0,0,0.44,1.27469605
120478.2,0.500426631,0.5,6621,37,0.604025,33.0625,34.625,35.77,0,0.02,0.15,0,0,20,0.5,0.104,5.5,50,200,0.1,0.1,0.1,0.1,0.1,0.1,0.5,0,13968,0.048396334,0.017038946,0,0,0,0,0,0,0,0,0,0,0.44,1.27469605
120538.27,0.445650677,0.5,6621,37,0.65245,32.9375,34.5625,35.63,0,0.001404403,0.07561761,0,0,20,0.5,0.104,5.5,50,200,0.1,0.1,0.1,0.1,0.1,0.1,0.5,0,13562,0.047559357,0.01681168,0,0,0,0,0,0,0,0,0,0,0.44,1.27469605
120598.33,0.428726393,0.5,6621,37,0.430278125,33.125,34.5625,36.53,0,0,0.07,0,0,20,0.5,0.104,5.5,50,200,0.1,0.1,0.1,0.1,0.1,0.1,0.5,0,12759,0.048671526,0.017164355,0,0,0,0,0,0,0,0,0,0,5,1.27469605
120658.37,0.435912339,0.5,6621,37,0.2992,33.4375,34.5625,37.01,0,0,0.07,0,0,20,0.5,0.104,5.5,50,200,0.1,0.1,0.1,0.1,0.1,0.1,0.5,0,13447,0.047742991,0.016806723,0,0,0,0,0,0,0,0,0,0,5,1.27469605
120718.41,0.44320095,0.5,6621,37,0.1936,33.5625,34.5625,37.49,0,0,0.25,0,0,20,0.5,0.104,5.5,50,200,0.1,0.1,0.1,0.1,0.1,0.1,0.5,0,13114,0.04834528,0.016928473,0,0,0,0,0,0,0,0,0,0,5,1.27469605
120778.48,0.450637775,0.5,6621,37,0.1436,33.625,34.5625,37.45,0,0,0.07,0,0,20,0.5,0.104,5.5,50,200,0.1,0.1,0.1,0.1,0.1,0.1,0.5,0,13699,0.047448719,0.017008541,0,0,0,0,0,0,0,0,0,0,5,1.27469605
120838.55,0.476031131,0.5,6621,37,0.1642,33.6875,34.625,37.37,0,0,0.07,0,0,20,0.5,0.104,5.5,50,200,0.1,0.1,0.1,0.1,0.1,0.1,0.5,0,13977,0.047363526,0.016884882,0,0,0,0,0,0,0,0,0,0,5,1.27469605
120898.59,0.483993679,0.5,6621,37,0.1504,33.5625,34.5625,37.53,0,0,0.07,0,0,20,0.5,0.104,5.5,50,200,0.1,0.1,0.1,0.1,0.1,0.1,0.5,0,14114,0.0476123,0.01686269,0,0,0,0,0,0,0,0,0,0,5,1.27469605
120958.65,0.487165774,0.5,6621,37,0.1911,33.5625,34.625,37.29,0,0,0.07,0,0,20,0.5,0.104,5.5,50,200,0.1,0.1,0.1,0.1,0.1,0.1,0.5,0,14457,0.047105209,0.016877637,0,0,0,0,0,0,0,0,0,0,5,1.230559099
121018.73,0.490634942,0.5,6621,37,0.1883,33.5,34.625,37.21,0,0,0.25,0,0,20,0.5,0.104,5.5,50,200,0.1,0.1,0.1,0.1,0.1,0.1,0.5,0,13847,0.048530368,0.017187839,0,0,0,0,0,0,0,0,0,0,5,1.190318808
121078.8,0.509889078,0.5,6621,37,0.1776,33.4375,34.625,37.17,0,0,0.07,0,0,20,0.5,0.104,5.5,50,200,0.1,0.1,0.1,0.1,0.1,0.1,0.5,0,14949,0.047026557,0.016924209,0,0,0,0,0,0,0,0,0,0,5,1.246281437
121138.85,0.511075309,0.5,6621,37,0.1395,33.4375,34.5625,37.11,0,0,0.07,0,0,20,0.5,0.104,5.5,50,200,0.1,0.1,0.1,0.1,0.1,0.1,0.5,0,15413,0.046713813,0.016609356,0,0,0,0,0,0,0,0,0,0,5,1.190938604
121198.91,0.540246573,0.5,6621,37,0.2156,33.375,34.625,37.35,0,0,0,0,0,20,0.5,0.104,5.5,50,200,0.1,0.1,0.1,0.1,0.1,0.1,0.5,0,14814,0.04799514,0.016875928,0,0,0,0,0,0,0,0,0,0,5,1.29791777
121258.96,0.550864385,0.5,6621,37,0.1646,33.3125,34.625,37.19,0,0.02,0.15,0,0,20,0.5,0.104,5.5,50,200,0.1,0.1,0.1,0.1,0.1,0.1,0.5,0,14780,0.048240866,0.017050068,0,0,0,0,0,0,0,0,0,0,0.44,1.29791777
121319,0.486483868,0.5,6621,37,0.54805,33.0625,34.625,36.13,0,0.017404758,0.25,0,0,20,0.5,0.104,5.5,50,200,0.1,0.1,0.1,0.1,0.1,0.1,0.5,0,13980,0.0481402,0.017167382,0,0,0,0,0,0,0,0,0,0,0.44,1.29791777
121379.04,0.427151575,0.5,6621,37,0.632331835,33,34.625,35.91,0,0,0.07,0,0,20,0.5,0.104,5.5,50,200,0.1,0.1,0.1,0.1,0.1,0.1,0.5,0,13297,0.048131157,0.01692111,0,0,0,0,0,0,0,0,0,0,5,1.29791777
121439.09,0.43428262,0.5,6621,37,0.3351,33.25,34.625,36.77,0,0,0.07,0,0,20,0.5,0.104,5.5,50,200,0.1,0.1,0.1,0.1,0.1,0.1,0.5,0,13443,0.047757197,0.016886112,0,0,0,0,0,0,0,0,0,0,5,1.29791777
121499.13,0.449290245,0.5,6621,37,0.2029,33.4375,34.6875,37.27,0,0,0.07,0,0,20,0.5,0.104,5.5,50,200,0.1,0.1,0.1,0.1,0.1,0.1,0.5,0,13816,0.047191662,0.017009265,0,0,0,0,0,0,0,0,0,0,5,1.29791777
121559.19,0.453018293,0.5,6621,37,0.1897,33.5,34.6875,37.41,0,0,0.07,0,0,20,0.5,0.104,5.5,50,200,0.1,0.1,0.1,0.1,0.1,0.1,0.5,0,13937,0.047284208,0.017005094,0,0,0,0,0,0,0,0,0,0,5,1.29791777
121619.24,0.478517748,0.5,6621,37,0.1551,33.5625,34.6875,37.43,0,0,0.25,0,0,20,0.5,0.104,5.5,50,200,0.1,0.1,0.1,0.1,0.1,0.1,0.5,0,14030,0.047683535,0.016821098,0,0,0,0,0,0,0,0,0,0,5,1.29791777
121679.29,0.485222547,0.5,6621,37,0.1157,33.625,34.75,37.51,0,0,0.07,0,0,20,0.5,0.104,5.5,50,200,0.1,0.1,0.1,0.1,0.1,0.1,0.5,0,13841,0.048045661,0.017195289,0,0,0,0,0,0,0,0,0,0,5,1.29791777
121739.4,0.475980442,0.5,6621,37,0.1537,33.5625,34.6875,37.45,0,0,0.07,0,0,20,0.5,0.104,5.5,50,200,0.1,0.1,0.1,0.1,0.1,0.1,0.5,0,14093,0.047967076,0.017100688,0,0,0,0,0,0,0,0,0,0,5,1.175329242
121799.48,0.515426044,0.5,6621,37,0.2065,33.5625,34.75,37.21,0,0,0.07,0,0,20,0.5,0.104,5.5,50,200,0.1,0.1,0.1,0.1,0.1,0.1,0.5,0,14910,0.047015426,0.016834339,0,0,0,0,0,0,0,0,0,0,5,1.355413971
121859.56,0.506599756,0.5,6621,37,0.0992,33.5,34.75,37.29,0,0,0.07,0,0,20,0.5,0.104,5.5,50,200,0.1,0.1,0.1,0.1,0.1,0.1,0.5,0,14830,0.047269049,0.01679029,0,0,0,0,0,0,0,0,0,0,5,1.235825553
121919.62,0.528317211,0.5,6621,37,0.1873,33.4375,34.8125,37.17,0,0,0.25,0,0,20,0.5,0.104,5.5,50,200,0.1,0.1,0.1,0.1,0.1,0.1,0.5,0,14220,0.048945148,0.017299578,0,0,0,0,0,0,0,0,0,0,5,1.299961152
121979.68,0.521810459,0.5,6621,37,0.199,33.375,34.8125,37.25,0,0,0,0,0,20,0.5,0.104,5.5,50,200,0.1,0.1,0.1,0.1,0.1,0.1,0.5,0,14579,0.048357226,0.017010769,0,0,0,0,0,0,0,0,0,0,5,1.197785699
122039.73,0.543254732,0.5,6621,37,0.1598,33.375,34.6875,37.13,0,0,0,0,0,20,0.5,0.104,5.5,50,200,0.1,0.1,0.1,0.1,0.1,0.1,0.5,0,14370,0.049547669,0.017397356,0,0,0,0,0,0,0,0,0,0,5,1.258718151
122099.81,0.549888204,0.5,6621,37,0.2145,33.3125,34.6875,37.13,0,0.02,0.15,0,0,20,0.5,0.104,5.5,50,200,0.1,0.1,0.1,0.1,0.1,0.1,0.5,0,14260,0.049719495,0.017531557,0,0,0,0,0,0,0,0,0,0,0.44,1.258718151
122159.88,0.475930899,0.5,6621,37,0.593525,33.0625,34.6875,35.83,0,0.015921079,0.133684316,0,0,20,0.5,0.104,5.5,50,200,0.1,0.1,0.1,0.1,0.1,0.1,0.5,0,14023,0.048277829,0.017186051,0,0,0,0,0,0,0,0,0,0,0.44,1.258718151
122219.95,0.426700088,0.5,6621,37,0.641590366,32.9375,34.625,35.77,0,0,0.25,0,0,20,0.5,0.104,5.5,50,200,0.1,0.1,0.1,0.1,0.1,0.1,0.5,0,13000,0.048692308,0.017076923,0,0,0,0,0,0,0,0,0,0,5,1.258718151
122280.01,0.434580754,0.5,6621,37,0.3354,33.1875,34.625,36.63,0,0,0.07,0,0,20,0.5,0.104,5.5,50,200,0.1,0.1,0.1,0.1,0.1,0.1,0.5,0,13591,0.047825767,0.016996542,0,0,0,0,0,0,0,0,0,0,5,1.258718151
122340.09,0.464961434,0.5,6621,37,0.2468,33.4375,34.625,37.19,0,0,0.07,0,0,20,0.5,0.104,5.5,50,200,0.1,0.1,0.1,0.1,0.1,0.1,0.5,0,14323,0.046847727,0.016826084,0,0,0,0,0,0,0,0,0,0,5,1.258718151
122400.13,0.46746675,0.5,6621,37,0.1032,33.5625,34.625,37.45,0,0,0.07,0,0,20,0.5,0.104,5.5,50,200,0.1,0.1,0.1,0.1,0.1,0.1,0.5,0,14427,0.046371387,0.016635475,0,0,0,0,0,0,0,0,0,0,5,1.258718151
122460.23,0.472226636,0.5,6621,37,0.1933,33.625,34.6875,37.45,0,0,0.07,0,0,20,0.5,0.104,5.5,50,200,0.1,0.1,0.1,0.1,0.1,0.1,0.5,0,13480,0.048813056,0.01735905,0,0,0,0,0,0,0,0,0,0,5,1.258718151
122520.3,0.497187777,0.5,6621,37,0.1454,33.5625,34.6875,37.21,0,0,0.25,0,0,20,0.5,0.104,5.5,50,200,0.1,0.1,0.1,0.1,0.1,0.1,0.5,0,14381,0.047354148,0.016897295,0,0,0,0,0,0,0,0,0,0,5,1.258718151
122580.35,0.491384914,0.5,6621,37,0.1752,33.5,34.6875,37.29,0,0,0.07,0,0,20,0.5,0.104,5.5,50,200,0.1,0.1,0.1,0.1,0.1,0.1,0.5,0,13850,0.048880866,0.017256318,0,0,0,0,0,0,0,0,0,0,5,1.160562192
122640.39,0.508458903,0.5,6621,37,0.1724,33.5,34.625,37.37,0,0,0.07,0,0,20,0.5,0.104,5.5,50,200,0.1,0.1,0.1,0.1,0.1,0.1,0.5,0,13938,0.048572249,0.017003874,0,0,0,0,0,0,0,0,0,0,5,1.205003986
122700.44,0.521632117,0.5,6621,37,0.1784,33.4375,34.6875,37.11,0,0,0.07,0,0,20,0.5,0.104,5.5,50,200,0.1,0.1,0.1,0.1,0.1,0.1,0.5,0,13949,0.049035773,0.017277224,0,0,0,0,0,0,0,0,0,0,5,1.221488358
122760.48,0.532769012,0.5,6621,37,0.1739,33.375,34.625,37.19,0,0,0.07,0,0,20,0.5,0.104,5.5,50,200,0.1,0.1,0.1,0.1,0.1,0.1,0.5,0,13944,0.049196787,0.017355135,0,0,0,0,0,0,0,0,0,0,5,1.223790062
122820.55,0.552211212,0.5,6621,37,0.1467,33.375,34.6875,37.11,0,0,0,0,0,20,0.5,0.104,5.5,50,200,0.1,0.1,0.1,0.1,0.1,0.1,0.5,0,14713,0.048324611,0.017195677,0,0,0,0,0,0,0,0,0,0,5,1.270128498
122880.62,0.545275734,0.5,6621,37,0.1619,33.375,34.75,37.09,0,0.02,0.15,0,0,20,0.5,0.104,5.5,50,200,0.1,0.1,0.1,0.1,0.1,0.1,0.5,0,14912,0.048283262,0.017100322,0,0,0,0,0,0,0,0,0,0,0.44,1.270128498
122940.68,0.484240655,0.5,6621,37,0.5747,33.0625,34.75,35.83,0,0.016552225,0.136208901,0,0,20,0.5,0.104,5.5,50,200,0.1,0.1,0.1,0.1,0.1,0.1,0.5,0,14109,0.048196187,0.017152172,0,0,0,0,0,0,0,0,0,0,0.44,1.270128498
123000.72,0.430861299,0.5,6621,37,0.622491008,33.0625,34.8125,35.99,0,0,0.07,0,0,20,0.5,0.104,5.5,50,200,0.1,0.1,0.1,0.1,0.1,0.1,0.5,0,13865,0.047024883,0.016877028,0,0,0,0,0,0,0,0,0,0,5,1.270128498
123060.79,0.446161008,0.5,6621,37,0.3563,33.25,34.8125,36.71,0,0,0.07,0,0,20,0.5,0.104,5.5,50,200,0.1,0.1,0.1,0.1,0.1,0.1,0.5,0,14137,0.046544529,0.016905991,0,0,0,0,0,0,0,0,0,0,5,1.270128498
123120.85,0.445180605,0.5,6621,37,0.2044,33.5625,34.75,37.35,0,0,0.25,0,0,20,0.5,0.104,5.5,50,200,0.1,0.1,0.1,0.1,0.1,0.1,0.5,0,13801,0.047532787,0.016665459,0,0,0,0,0,0,0,0,0,0,5,1.270128498
123180.92,0.467136541,0.5,6621,37,0.1491,33.6875,34.75,37.43,0,0,0.07,0,0,20,0.5,0.104,5.5,50,200,0.1,0.1,0.1,0.1,0.1,0.1,0.5,0,13281,0.04856562,0.017317973,0,0,0,0,0,0,0,0,0,0,5,1.270128498
123240.97,0.491131187,0.5,6621,37,0.1241,33.6875,34.8125,37.43,0,0,0.07,0,0,20,0.5,0.104,5.5,50,200,0.1,0.1,0.1,0.1,0.1,0.1,0.5,0,13784,0.048389437,0.017048752,0,0,0,0,0,0,0,0,0,0,5,1.270128498
123301.02,0.492355963,0.5,6621,37,0.1436,33.625,34.75,37.27,0,0,0.07,0,0,20,0.5,0.104,5.5,50,200,0.1,0.1,0.1,0.1,0.1,0.1,0.5,0,13687,0.048659312,0.017242639,0,0,0,0,0,0,0,0,0,0,5,1.270128498
123361.09,0.500078137,0.5,6621,37,0.1333,33.5625,34.75,37.35,0,0,0.07,0,0,20,0.5,0.104,5.5,50,200,0.1,0.1,0.1,0.1,0.1,0.1,0.5,0,13905,0.048543689,0.017116145,0,0,0,0,0,0,0,0,0,0,5,1.253309282
123421.17,0.506492564,0.5,6621,37,0.1434,33.5,34.75,37.33,0,0,0.25,0,0,20,0.5,0.104,5.5,50,200,0.1,0.1,0.1,0.1,0.1,0.1,0.5,0,14813,0.047255789,0.016809559,0,0,0,0,0,0,0,0,0,0,5,1.228879663
123481.21,0.52389464,0.5,6621,37,0.1948,33.4375,34.6875,37.25,0,0,0.07,0,0,20,0.5,0.104,5.5,50,200,0.1,0.1,0.1,0.1,0.1,0.1,0.5,0,14758,0.04797398,0.017007725,0,0,0,0,0,0,0,0,0,0,5,1.26877854
123541.27,0.54108332,0.5,6621,37,0.1641,33.375,34.625,37.05,0,0,0.07,0,0,20,0.5,0.104,5.5,50,200,0.1,0.1,0.1,0.1,0.1,0.1,0.5,0,14895,0.048002685,0.017119839,0,0,0,0,0,0,0,0,0,0,5,1.30218766
123601.33,0.532404807,0.5,6621,37,0.1407,33.3125,34.625,37.01,0,0,0,0,0,20,0.5,0.104,5.5,50,200,0.1,0.1,0.1,0.1,0.1,0.1,0.5,0,14232,0.049676785,0.01742552,0,0,0,0,0,0,0,0,0,0,5,1.188570789
123661.37,0.547111065,0.5,6621,37,0.1945,33.25,34.5,37.11,0,0,0,0,0,20,0.5,0.104,5.5,50,200,0.1,0.1,0.1,0.1,0.1,0.1,0.5,0,15831,0.047375403,0.016739309,0,0,0,0,0,0,0,0,0,0,5,1.210885382
123721.44,0.551831877,0.5,6621,37,0.1812,33.1875,34.5,37.09,0,0.02,0.25,0,0,20,0.5,0.104,5.5,50,200,0.1,0.1,0.1,0.1,0.1,0.1,0.5,0,15249,0.048068726,0.01698472,0,0,0,0,0,0,0,0,0,0,0.44,1.210885382
123781.5,0.480380154,0.5,6621,37,0.6266,32.9375,34.5,35.63,0,0.016702865,0.136811461,0,0,20,0.5,0.104,5.5,50,200,0.1,0.1,0.1,0.1,0.1,0.1,0.5,0,14455,0.048011069,0.017018333,0,0,0,0,0,0,0,0,0,0,0.44,1.210885382
123841.56,0.438586565,0.5,6621,37,0.666091024,32.875,34.625,35.81,0,0,0.07,0,0,20,0.5,0.104,5.5,50,200,0.1,0.1,0.1,0.1,0.1,0.1,0.5,0,13560,0.047935103,0.016666667,0,0,0,0,0,0,0,0,0,0,5,1.210885382
123901.6,0.45123048,0.5,6621,37,0.3764,33.125,34.625,36.65,0,0,0.07,0,0,20,0.5,0.104,5.5,50,200,0.1,0.1,0.1,0.1,0.1,0.1,0.5,0,13681,0.047803523,0.016884731,0,0,0,0,0,0,0,0,0,0,5,1.210885382
123961.65,0.462356096,0.5,6621,37,0.2486,33.375,34.5625,37.25,0,0,0.07,0,0,20,0.5,0.104,5.5,50,200,0.1,0.1,0.1,0.1,0.1,0.1,0.5,0,13643,0.048009968,0.017005058,0,0,0,0,0,0,0,0,0,0,5,1.210885382
124021.72,0.468498983,0.5,6621,37,0.176,33.5625,34.625,37.43,0,0,0.25,0,0,20,0.5,0.104,5.5,50,200,0.1,0.1,0.1,0.1,0.1,0.1,0.5,0,13904,0.047756041,0.016973533,0,0,0,0,0,0,0,0,0,0,5,1.210885382
124081.75,0.473168063,0.5,6621,37,0.1351,33.625,34.625,37.49,0,0,0.07,0,0,20,0.5,0.104,5.5,50,200,0.1,0.1,0.1,0.1,0.1,0.1,0.5,0,13501,0.048588993,0.017035775,0,0,0,0,0,0,0,0,0,0,5,1.210885382
124141.8,0.482096652,0.5,6621,37,0.141,33.5625,34.6875,37.41,0,0,0.07,0,0,20,0.5,0.104,5.5,50,200,0.1,0.1,0.1,0.1,0.1,0.1,0.5,0,13931,0.048237743,0.016868854,0,0,0,0,0,0,0,0,0,0,5,1.210885382
124201.84,0.500357608,0.5,6621,37,0.1599,33.5625,34.6875,37.33,0,0,0.07,0,0,20,0.5,0.104,5.5,50,200,0.1,0.1,0.1,0.1,0.1,0.1,0.5,0,14619,0.047267255,0.016759012,0,0,0,0,0,0,0,0,0,0,5,1.26187644
124261.91,0.514018697,0.5,6621,37,0.1824,33.5625,34.6875,37.29,0,0,0.07,0,0,20,0.5,0.104,5.5,50,200,0.1,0.1,0.1,0.1,0.1,0.1,0.5,0,14897,0.046989327,0.016781902,0,0,0,0,0,0,0,0,0,0,5,1.279592357
124321.95,0.537981444,0.5,6621,37,0.1434,33.5,34.75,37.35,0,0,0.25,0,0,20,0.5,0.104,5.5,50,200,0.1,0.1,0.1,0.1,0.1,0.1,0.5,0,14987,0.047374391,0.016948022,0,0,0,0,0,0,0,0,0,0,5,1.352306026
124382.02,0.52324665,0.5,6621,37,0.1674,33.375,34.8125,37.21,0,0,0.07,0,0,20,0.5,0.104,5.5,50,200,0.1,0.1,0.1,0.1,0.1,0.1,0.5,0,14108,0.049333711,0.017295152,0,0,0,0,0,0,0,0,0,0,5,1.201377395
124442.08,0.541167204,0.5,6621,37,0.1611,33.3125,34.8125,37.33,0,0,0,0,0,20,0.5,0.104,5.5,50,200,0.1,0.1,0.1,0.1,0.1,0.1,0.5,0,14854,0.048202504,0.017099771,0,0,0,0,0,0,0,0,0,0,5,1.242334537
124502.17,0.550603227,0.5,6621,37,0.1625,33.375,34.8125,37.11,0,0.02,0.15,0,0,20,0.5,0.104,5.5,50,200,0.1,0.1,0.1,0.1,0.1,0.1,0.5,0,15157,0.048162565,0.016955862,0,0,0,0,0,0,0,0,0,0,0.44,1.242334537
124562.2,0.483451629,0.5,6621,37,0.586275,33.1875,34.8125,35.89,0,0.016980242,0.137920969,0,0,20,0.5,0.104,5.5,50,200,0.1,0.1,0.1,0.1,0.1,0.1,0.5,0,13993,0.048667191,0.017222897,0,0,0,0,0,0,0,0,0,0,0.44,1.242334537
124622.31,0.428088161,0.5,6621,37,0.675654358,33.0625,34.8125,35.63,0,0,0.25,0,0,20,0.5,0.104,5.5,50,200,0.1,0.1,0.1,0.1,0.1,0.1,0.5,0,13919,0.047129823,0.016883397,0,0,0,0,0,0,0,0,0,0,5,1.242334537
124682.36,0.435119654,0.5,6621,37,0.3444,33.25,34.8125,36.65,0,0,0.07,0,0,20,0.5,0.104,5.5,50,200,0.1,0.1,0.1,0.1,0.1,0.1,0.5,0,13478,0.048449325,0.017287431,0,0,0,0,0,0,0,0,0,0,5,1.242334537
124742.44,0.454097326,0.5,6621,37,0.2578,33.5,34.75,37.37,0,0,0.07,0,0,20,0.5,0.104,5.5,50,200,0.1,0.1,0.1,0.1,0.1,0.1,0.5,0,14262,0.046557285,0.016687702,0,0,0,0,0,0,0,0,0,0,5,1.242334537
124802.52,0.473906471,0.5,6621,37,0.1039,33.6875,34.75,37.53,0,0,0.07,0,0,20,0.5,0.104,5.5,50,200,0.1,0.1,0.1,0.1,0.1,0.1,0.5,0,13890,0.047156228,0.016702664,0,0,0,0,0,0,0,0,0,0,5,1.242334537
124862.57,0.482644123,0.5,6621,37,0.1639,33.6875,34.6875,37.59,0,0,0.07,0,0,20,0.5,0.104,5.5,50,200,0.1,0.1,0.1,0.1,0.1,0.1,0.5,0,13557,0.048388286,0.017112931,0,0,0,0,0,0,0,0,0,0,5,1.242334537
124922.65,0.4734587,0.5,6621,37,0.1036,33.625,34.6875,37.33,0,0,0.25,0,0,20,0.5,0.104,5.5,50,200,0.1,0.1,0.1,0.1,0.1,0.1,0.5,0,14164,0.047797232,0.017014968,0,0,0,0,0,0,0,0,0,0,5,1.242334537
124982.7,0.493781616,0.5,6621,37,0.1743,33.5625,34.75,37.17,0,0,0.07,0,0,20,0.5,0.104,5.5,50,200,0.1,0.1,0.1,0.1,0.1,0.1,0.5,0,14489,0.047691352,0.01690938,0,0,0,0,0,0,0,0,0,0,5,1.306303796
125042.74,0.499916358,0.5,6621,37,0.173,33.5,34.75,37.29,0,0,0.07,0,0,20,0.5,0.104,5.5,50,200,0.1,0.1,0.1,0.1,0.1,0.1,0.5,0,14156,0.048248093,0.017236507,0,0,0,0,0,0,0,0,0,0,5,1.278030964
125102.82,0.526850252,0.5,6621,37,0.1961,33.4375,34.6875,37.25,0,0,0.07,0,0,20,0.5,0.104,5.5,50,200,0.1,0.1,0.1,0.1,0.1,0.1,0.5,0,15211,0.047202682,0.0166327,0,0,0,0,0,0,0,0,0,0,5,1.371556087
125162.86,0.524637143,0.5,6621,37,0.1901,33.5,34.6875,37.19,0,0,0.07,0,0,20,0.5,0.104,5.5,50,200,0.1,0.1,0.1,0.1,0.1,0.1,0.5,0,14036,0.049658022,0.01738387,0,0,0,0,0,0,0,0,0,0,5,1.290349817
125222.93,0.540978447,0.5,6621,37,0.1231,33.4375,34.75,37.13,0,0,0,0,0,20,0.5,0.104,5.5,50,200,0.1,0.1,0.1,0.1,0.1,0.1,0.5,0,14380,0.048817803,0.017315716,0,0,0,0,0,0,0,0,0,0,5,1.317850038
125282.98,0.541009335,0.5,6621,37,0.2001,33.375,34.8125,36.89,0,0.02,0.15,0,0,20,0.5,0.104,5.5,50,200,0.1,0.1,0.1,0.1,0.1,0.1,0.5,0,14929,0.048295264,0.017214817,0,0,0,0,0,0,0,0,0,0,0.44,1.317850038
125343.04,0.479592152,0.5,6621,37,0.573475,33.0625,34.8125,35.85,0,0.015518748,0.132074991,0,0,20,0.5,0.104,5.5,50,200,0.1,0.1,0.1,0.1,0.1,0.1,0.5,0,13304,0.049684305,0.01766386,0,0,0,0,0,0,0,0,0,0,0.44,1.317850038
125403.12,0.439475689,0.5,6621,37,0.666740503,33,34.8125,35.55,0,0,0.07,0,0,20,0.5,0.104,5.5,50,200,0.1,0.1,0.1,0.1,0.1,0.1,0.5,0,12976,0.048628237,0.017416769,0,0,0,0,0,0,0,0,0,0,5,1.317850038
125463.21,0.436673908,0.5,6621,37,0.3893,33.25,34.8125,36.73,0,0,0.07,0,0,20,0.5,0.104,5.5,50,200,0.1,0.1,0.1,0.1,0.1,0.1,0.5,0,14096,0.046679909,0.016671396,0,0,0,0,0,0,0,0,0,0,5,1.317850038
125523.26,0.441540653,0.5,6621,37,0.2242,33.5,34.8125,37.25,0,0,0.25,0,0,20,0.5,0.104,5.5,50,200,0.1,0.1,0.1,0.1,0.1,0.1,0.5,0,13385,0.04818827,0.017183414,0,0,0,0,0,0,0,0,0,0,5,1.317850038
125583.34,0.453251114,0.5,6621,37,0.1695,33.625,34.8125,37.33,0,0,0.07,0,0,20,0.5,0.104,5.5,50,200,0.1,0.1,0.1,0.1,0.1,0.1,0.5,0,13629,0.047839166,0.016802407,0,0,0,0,0,0,0,0,0,0,5,1.317850038
125643.41,0.470991027,0.5,6621,37,0.1739,33.6875,34.75,37.29,0,0,0.07,0,0,20,0.5,0.104,5.5,50,200,0.1,0.1,0.1,0.1,0.1,0.1,0.5,0,13933,0.047943731,0.017081748,0,0,0,0,0,0,0,0,0,0,5,1.317850038
125703.49,0.482679068,0.5,6621,37,0.1716,33.6875,34.8125,37.27,0,0,0.07,0,0,20,0.5,0.104,5.5,50,200,0.1,0.1,0.1,0.1,0.1,0.1,0.5,0,13961,0.047847575,0.017262374,0,0,0,0,0,0,0,0,0,0,5,1.317850038
125763.56,0.484255124,0.5,6621,37,0.2329,33.5625,34.8125,37.33,0,0,0.07,0,0,20,0.5,0.104,5.5,50,200,0.1,0.1,0.1,0.1,0.1,0.1,0.5,0,14164,0.048009037,0.017085569,0,0,0,0,0,0,0,0,0,0,5,1.261737253
125823.62,0.496279395,0.5,6621,37,0.1686,33.5625,34.75,37.25,0,0,0.25,0,0,20,0.5,0.104,5.5,50,200,0.1,0.1,0.1,0.1,0.1,0.1,0.5,0,13612,0.049147811,0.017411108,0,0,0,0,0,0,0,0,0,0,5,1.272231933
125883.71,0.523475607,0.5,6621,37,0.162,33.4375,34.75,37.29,0,0,0.07,0,0,20,0.5,0.104,5.5,50,200,0.1,0.1,0.1,0.1,0.1,0.1,0.5,0,14008,0.048972016,0.017275842,0,0,0,0,0,0,0,0,0,0,5,1.368674445
125943.78,0.52086145,0.5,6621,37,0.1942,33.4375,34.75,37.11,0,0,0.07,0,0,20,0.5,0.104,5.5,50,200,0.1,0.1,0.1,0.1,0.1,0.1,0.5,0,14659,0.047888669,0.017122587,0,0,0,0,0,0,0,0,0,0,5,1.285221652
126003.86,0.522199292,0.5,6621,37,0.1432,33.375,34.75,37.21,0,0,0,0,0,20,0.5,0.104,5.5,50,200,0.1,0.1,0.1,0.1,0.1,0.1,0.5,0,14176,0.049308691,0.017494357,0,0,0,0,0,0,0,0,0,0,5,1.228656243
126063.94,0.538379789,0.5,6621,37,0.2093,33.375,34.75,37.37,0,0,0,0,0,20,0.5,0.104,5.5,50,200,0.1,0.1,0.1,0.1,0.1,0.1,0.5,0,14420,0.049029126,0.01740638,0,0,0,0,0,0,0,0,0,0,5,1.258768243
126124.02,0.533512476,0.5,6621,37,0.1824,33.3125,34.75,37.09,0,0,0,0,0,20,0.5,0.104,5.5,50,200,0.1,0.1,0.1,0.1,0.1,0.1,0.5,0,14312,0.049678591,0.017467859,0,0,0,0,0,0,0,0,0,0,5,1.16858448
126184.07,0.559125739,0.5,6621,37,0.1815,33.375,34.75,37.09,0,0,0,0,0,20,0.5,0.104,5.5,50,200,0.1,0.1,0.1,0.1,0.1,0.1,0.5,0,15215,0.048044693,0.017154124,0,0,0,0,0,0,0,0,0,0,5,1.250831041
126244.15,0.581319924,0.5,6621,37,0.1517,33.3125,34.8125,37.19,0,0.02,0.15,0,0,20,0.5,0.104,5.5,50,200,0.1,0.1,0.1,0.1,0.1,0.1,0.5,0,15805,0.047769693,0.016640304,0,0,0,0,0,0,0,0,0,0,0.44,1.250831041
126304.19,0.506979731,0.5,6621,37,0.579775,33.0625,34.8125,35.83,0,0.02,0.15,0,0,20,0.5,0.104,5.5,50,200,0.1,0.1,0.1,0.1,0.1,0.1,0.5,0,14371,0.048570037,0.017256976,0,0,0,0,0,0,0,0,0,0,0.44,1.250831041
126364.26,0.455532416,0.5,6621,37,0.677575,33,34.8125,35.59,0,0.016979475,0.137917898,0,0,20,0.5,0.104,5.5,50,200,0.1,0.1,0.1,0.1,0.1,0.1,0.5,0,13922,0.047406982,0.016879759,0,0,0,0,0,0,0,0,0,0,0.44,1.250831041
126424.29,0.398247502,0.5,6621,37,0.689444653,33.125,34.875,35.71,0,0,0.25,0,0,20,0.5,0.104,5.5,50,200,0.1,0.1,0.1,0.1,0.1,0.1,0.5,0,13027,0.047286405,0.016811238,0,0,0,0,0,0,0,0,0,0,5,1.250831041
126484.41,0.407961391,0.5,6621,37,0.3486,33.375,34.875,36.97,0,0,0.07,0,0,20,0.5,0.104,5.5,50,200,0.1,0.1,0.1,0.1,0.1,0.1,0.5,0,13051,0.047122826,0.016856946,0,0,0,0,0,0,0,0,0,0,5,1.250831041
126544.48,0.428494011,0.5,6621,37,0.1491,33.75,34.8125,37.69,0,0,0.07,0,0,20,0.5,0.104,5.5,50,200,0.1,0.1,0.1,0.1,0.1,0.1,0.5,0,13075,0.047801147,0.016826004,0,0,0,0,0,0,0,0,0,0,5,1.250831041
126604.51,0.424156554,0.5,6621,37,0.1431,33.8125,34.8125,37.63,0,0,0.07,0,0,20,0.5,0.104,5.5,50,200,0.1,0.1,0.1,0.1,0.1,0.1,0.5,0,13105,0.047768027,0.016787486,0,0,0,0,0,0,0,0,0,0,5,1.250831041
126664.56,0.434815266,0.5,6621,37,0.1719,33.875,34.8125,37.45,0,0,0.07,0,0,20,0.5,0.104,5.5,50,200,0.1,0.1,0.1,0.1,0.1,0.1,0.5,0,13174,0.047745559,0.017230909,0,0,0,0,0,0,0,0,0,0,5,1.250831041
126724.63,0.456624678,0.5,6621,37,0.2102,33.8125,34.8125,37.25,0,0,0.25,0,0,20,0.5,0.104,5.5,50,200,0.1,0.1,0.1,0.1,0.1,0.1,0.5,0,13176,0.048649059,0.017228294,0,0,0,0,0,0,0,0,0,0,5,1.250831041
126784.69,0.461218579,0.5,6621,37,0.1573,33.75,34.75,37.41,0,0,0.07,0,0,20,0.5,0.104,5.5,50,200,0.1,0.1,0.1,0.1,0.1,0.1,0.5,0,13924,0.047256535,0.016661879,0,0,0,0,0,0,0,0,0,0,5,1.218320365
126844.73,0.463665913,0.5,6621,37,0.1391,33.6875,34.75,37.43,0,0,0.07,0,0,20,0.5,0.104,5.5,50,200,0.1,0.1,0.1,0.1,0.1,0.1,0.5,0,13502,0.048141016,0.017256703,0,0,0,0,0,0,0,0,0,0,5,1.173280969
126904.77,0.470754791,0.5,6621,37,0.1695,33.625,34.8125,37.27,0,0,0.07,0,0,20,0.5,0.104,5.5,50,200,0.1,0.1,0.1,0.1,0.1,0.1,0.5,0,13281,0.049469166,0.017468564,0,0,0,0,0,0,0,0,0,0,5,1.160136117
126964.82,0.481880281,0.5,6621,37,0.1546,33.625,34.75,37.29,0,0,0.07,0,0,20,0.5,0.104,5.5,50,200,0.1,0.1,0.1,0.1,0.1,0.1,0.5,0,14072,0.048109721,0.017268334,0,0,0,0,0,0,0,0,0,0,5,1.172204389
127024.88,0.482525421,0.5,6621,37,0.2163,33.5,34.8125,37.03,0,0,0,0,0,20,0.5,0.104,5.5,50,200,0.1,0.1,0.1,0.1,0.1,0.1,0.5,0,13484,0.049614358,0.017502225,0,0,0,0,0,0,0,0,0,0,5,1.117607873
127084.95,0.503362389,0.5,6621,37,0.152,33.4375,34.75,37.25,0,0,0,0,0,20,0.5,0.104,5.5,50,200,0.1,0.1,0.1,0.1,0.1,0.1,0.5,0,14210,0.048627727,0.017100633,0,0,0,0,0,0,0,0,0,0,5,1.188557764
127145.02,0.515222374,0.5,6621,37,0.2187,33.4375,34.75,36.97,0,0,0,0,0,20,0.5,0.104,5.5,50,200,0.1,0.1,0.1,0.1,0.1,0.1,0.5,0,14185,0.048783927,0.017342263,0,0,0,0,0,0,0,0,0,0,5,1.198994583
127205.08,0.52472222,0.5,6621,37,0.1736,33.375,34.8125,37.13,0,0,0,0,0,20,0.5,0.104,5.5,50,200,0.1,0.1,0.1,0.1,0.1,0.1,0.5,0,15582,0.046528045,0.016750096,0,0,0,0,0,0,0,0,0,0,5,1.193856101
127265.14,0.540336372,0.5,6621,37,0.1888,33.375,34.8125,37.05,0,0,0,0,0,20,0.5,0.104,5.5,50,200,0.1,0.1,0.1,0.1,0.1,0.1,0.5,0,14503,0.048817486,0.017375715,0,0,0,0,0,0,0,0,0,0,5,1.222131815
127325.22,0.548090355,0.5,6621,37,0.269075,33.3125,34.8125,37.19,0,0.02,0.25,0,0,20,0.5,0.104,5.5,50,200,0.1,0.1,0.1,0.1,0.1,0.1,0.5,0,15019,0.048005859,0.016978494,0,0,0,0,0,0,0,0,0,0,0.44,1.222131815
127385.27,0.466227313,0.5,6621,37,0.590709238,33.125,34.8125,35.71,0,0.014444229,0.127776915,0,0,20,0.5,0.104,5.5,50,200,0.1,0.1,0.1,0.1,0.1,0.1,0.5,0,13429,0.049519696,0.017499442,0,0,0,0,0,0,0,0,0,0,0.44,1.222131815
127445.33,0.429232665,0.5,6621,37,0.5741,33.0625,34.875,35.81,0,0,0.07,0,0,20,0.5,0.104,5.5,50,200,0.1,0.1,0.1,0.1,0.1,0.1,0.5,0,13567,0.047468121,0.017174025,0,0,0,0,0,0,0,0,0,0,5,1.222131815
127505.37,0.437534784,0.5,6621,37,0.3152,33.3125,34.875,36.89,0,0,0.07,0,0,20,0.5,0.104,5.5,50,200,0.1,0.1,0.1,0.1,0.1,0.1,0.5,0,13384,0.048266587,0.017259414,0,0,0,0,0,0,0,0,0,0,5,1.222131815
127565.44,0.438404144,0.5,6621,37,0.2189,33.5625,34.875,37.25,0,0,0.07,0,0,20,0.5,0.104,5.5,50,200,0.1,0.1,0.1,0.1,0.1,0.1,0.5,0,13517,0.048235555,0.017237553,0,0,0,0,0,0,0,0,0,0,5,1.222131815
127625.5,0.454074133,0.5,6621,37,0.2022,33.6875,34.875,37.27,0,0,0.25,0,0,20,0.5,0.104,5.5,50,200,0.1,0.1,0.1,0.1,0.1,0.1,0.5,0,13578,0.047945205,0.016865518,0,0,0,0,0,0,0,0,0,0,5,1.222131815
127685.55,0.484582152,0.5,6621,37,0.1634,33.6875,34.75,37.37,0,0,0.07,0,0,20,0.5,0.104,5.5,50,200,0.1,0.1,0.1,0.1,0.1,0.1,0.5,0,13571,0.048264682,0.016947904,0,0,0,0,0,0,0,0,0,0,5,1.222131815
127745.59,0.480786192,0.5,6621,37,0.1143,33.6875,34.75,37.51,0,0,0.07,0,0,20,0.5,0.104,5.5,50,200,0.1,0.1,0.1,0.1,0.1,0.1,0.5,0,13627,0.048800176,0.016878256,0,0,0,0,0,0,0,0,0,0,5,1.222131815
127805.63,0.501458284,0.5,6621,37,0.17,33.5625,34.6875,37.25,0,0,0.07,0,0,20,0.5,0.104,5.5,50,200,0.1,0.1,0.1,0.1,0.1,0.1,0.5,0,15318,0.046220133,0.016320668,0,0,0,0,0,0,0,0,0,0,5,1.287318497
127865.7,0.520076078,0.5,6621,37,0.199,33.5,34.6875,37.11,0,0,0.07,0,0,20,0.5,0.104,5.5,50,200,0.1,0.1,0.1,0.1,0.1,0.1,0.5,0,14586,0.047854107,0.016865487,0,0,0,0,0,0,0,0,0,0,5,1.332316617
127925.77,0.507545986,0.5,6621,37,0.1942,33.4375,34.75,37.11,0,0,0.25,0,0,20,0.5,0.104,5.5,50,200,0.1,0.1,0.1,0.1,0.1,0.1,0.5,0,14817,0.047647972,0.017007491,0,0,0,0,0,0,0,0,0,0,5,1.192537433
127985.83,0.53348183,0.5,6621,37,0.1885,33.4375,34.75,37.11,0,0,0.07,0,0,20,0.5,0.104,5.5,50,200,0.1,0.1,0.1,0.1,0.1,0.1,0.5,0,15780,0.046641318,0.016603295,0,0,0,0,0,0,0,0,0,0,5,1.28242364
128045.89,0.534488199,0.5,6621,37,0.1613,33.375,34.75,37.19,0,0,0,0,0,20,0.5,0.104,5.5,50,200,0.1,0.1,0.1,0.1,0.1,0.1,0.5,0,15488,0.047068698,0.01678719,0,0,0,0,0,0,0,0,0,0,5,1.223956373
128105.97,0.556746693,0.5,6621,37,0.1765,33.375,34.8125,37.11,0,0,0,0,0,20,0.5,0.104,5.5,50,200,0.1,0.1,0.1,0.1,0.1,0.1,0.5,0,14986,0.048645402,0.017149339,0,0,0,0,0,0,0,0,0,0,5,1.285160699
128166.05,0.547929511,0.5,6621,37,0.290275,33.3125,34.8125,37.09,0,0.02,0.15,0,0,20,0.5,0.104,5.5,50,200,0.1,0.1,0.1,0.1,0.1,0.1,0.5,0,14880,0.04858871,0.017271505,0,0,0,0,0,0,0,0,0,0,0.44,1.285160699
128226.1,0.478839795,0.5,6621,37,0.531821676,33.125,34.8125,35.99,0,0.016109274,0.25,0,0,20,0.5,0.104,5.5,50,200,0.1,0.1,0.1,0.1,0.1,0.1,0.5,0,14810,0.046927752,0.016880486,0,0,0,0,0,0,0,0,0,0,0.44,1.285160699
128286.17,0.439474876,0.5,6621,37,0.605,33.0625,34.8125,35.69,0,0,0.07,0,0,20,0.5,0.104,5.5,50,200,0.1,0.1,0.1,0.1,0.1,0.1,0.5,0,13369,0.048171142,0.017129179,0,0,0,0,0,0,0,0,0,0,5,1.285160699
128346.22,0.431171823,0.5,6621,37,0.3667,33.3125,34.875,36.69,0,0,0.07,0,0,20,0.5,0.104,5.5,50,200,0.1,0.1,0.1,0.1,0.1,0.1,0.5,0,13563,0.04785077,0.01681044,0,0,0,0,0,0,0,0,0,0,5,1.285160699
128406.28,0.445001882,0.5,6621,37,0.2434,33.5625,34.9375,37.17,0,0,0.07,0,0,20,0.5,0.104,5.5,50,200,0.1,0.1,0.1,0.1,0.1,0.1,0.5,0,12782,0.049835706,0.017289939,0,0,0,0,0,0,0,0,0,0,5,1.285160699
128466.33,0.457202656,0.5,6621,37,0.1932,33.6875,34.875,37.33,0,0,0.07,0,0,20,0.5,0.104,5.5,50,200,0.1,0.1,0.1,0.1,0.1,0.1,0.5,0,13552,0.04803719,0.017193034,0,0,0,0,0,0,0,0,0,0,5,1.285160699
128526.37,0.481813988,0.5,6621,37,0.137,33.6875,34.9375,37.49,0,0,0.25,0,0,20,0.5,0.104,5.5,50,200,0.1,0.1,0.1,0.1,0.1,0.1,0.5,0,13532,0.048994975,0.016996748,0,0,0,0,0,0,0,0,0,0,5,1.285160699
128586.42,0.477873614,0.5,6621,37,0.1753,33.6875,34.875,37.29,0,0,0.07,0,0,20,0.5,0.104,5.5,50,200,0.1,0.1,0.1,0.1,0.1,0.1,0.5,0,14168,0.047995483,0.017080745,0,0,0,0,0,0,0,0,0,0,5,1.285160699
128646.49,0.497100338,0.5,6621,37,0.1854,33.625,34.8125,37.21,0,0,0.07,0,0,20,0.5,0.104,5.5,50,200,0.1,0.1,0.1,0.1,0.1,0.1,0.5,0,13948,0.048537425,0.017063378,0,0,0,0,0,0,0,0,0,0,5,1.339239468
128706.54,0.50482974,0.5,6621,37,0.1785,33.5625,34.8125,37.21,0,0,0.07,0,0,20,0.5,0.104,5.5,50,200,0.1,0.1,0.1,0.1,0.1,0.1,0.5,0,14335,0.048133938,0.016881758,0,0,0,0,0,0,0,0,0,0,5,1.318565488
128766.61,0.526801791,0.5,6621,37,0.1751,33.5625,34.75,37.19,0,0,0.07,0,0,20,0.5,0.104,5.5,50,200,0.1,0.1,0.1,0.1,0.1,0.1,0.5,0,14252,0.048344092,0.017330901,0,0,0,0,0,0,0,0,0,0,5,1.38044665
128826.65,0.525769338,0.5,6621,37,0.1756,33.5,34.75,37.17,0,0,0.25,0,0,20,0.5,0.104,5.5,50,200,0.1,0.1,0.1,0.1,0.1,0.1,0.5,0,13951,0.04945882,0.017489786,0,0,0,0,0,0,0,0,0,0,5,1.305538992
128886.71,0.547665661,0.5,6621,37,0.1487,33.4375,34.75,37.25,0,0,0,0,0,20,0.5,0.104,5.5,50,200,0.1,0.1,0.1,0.1,0.1,0.1,0.5,0,14773,0.048331415,0.016990456,0,0,0,0,0,0,0,0,0,0,5,1.362669236
128946.79,0.543220306,0.5,6621,37,0.304325,33.375,34.6875,37.09,0,0.02,0.15,0,0,20,0.5,0.104,5.5,50,200,0.1,0.1,0.1,0.1,0.1,0.1,0.5,0,15289,0.047812153,0.01700569,0,0,0,0,0,0,0,0,0,0,0.44,1.362669236
129006.86,0.480140214,0.5,6621,37,0.55563759,33.125,34.75,35.93,0,0.015809353,0.13323741,0,0,20,0.5,0.104,5.5,50,200,0.1,0.1,0.1,0.1,0.1,0.1,0.5,0,13518,0.049415594,0.017532179,0,0,0,0,0,0,0,0,0,0,0.44,1.362669236
129066.93,0.445810109,0.5,6621,37,0.5562,33.125,34.75,35.89,0,0,0.07,0,0,20,0.5,0.104,5.5,50,200,0.1,0.1,0.1,0.1,0.1,0.1,0.5,0,13512,0.04758733,0.016947898,0,0,0,0,0,0,0,0,0,0,5,1.362669236
129127.01,0.444325954,0.5,6621,37,0.3184,33.3125,34.8125,36.87,0,0,0.25,0,0,20,0.5,0.104,5.5,50,200,0.1,0.1,0.1,0.1,0.1,0.1,0.5,0,13946,0.047899039,0.0167073,0,0,0,0,0,0,0,0,0,0,5,1.362669236
129187.07,0.458544785,0.5,6621,37,0.1924,33.5625,34.8125,37.35,0,0,0.07,0,0,20,0.5,0.104,5.5,50,200,0.1,0.1,0.1,0.1,0.1,0.1,0.5,0,13574,0.048106675,0.016944158,0,0,0,0,0,0,0,0,0,0,5,1.362669236
129247.12,0.480394531,0.5,6621,37,0.1268,33.6875,34.8125,37.55,0,0,0.07,0,0,20,0.5,0.104,5.5,50,200,0.1,0.1,0.1,0.1,0.1,0.1,0.5,0,14100,0.04787234,0.016950355,0,0,0,0,0,0,0,0,0,0,5,1.362669236
129307.17,0.46999702,0.5,6621,37,0.1825,33.75,34.875,37.29,0,0,0.07,0,0,20,0.5,0.104,5.5,50,200,0.1,0.1,0.1,0.1,0.1,0.1,0.5,0,13917,0.048573687,0.017245096,0,0,0,0,0,0,0,0,0,0,5,1.362669236
129367.21,0.489577471,0.5,6621,37,0.139,33.75,34.875,37.41,0,0,0.07,0,0,20,0.5,0.104,5.5,50,200,0.1,0.1,0.1,0.1,0.1,0.1,0.5,0,14319,0.047908373,0.016830784,0,0,0,0,0,0,0,0,0,0,5,1.362669236
129427.25,0.496335927,0.5,6621,37,0.1064,33.625,34.875,37.49,0,0,0.25,0,0,20,0.5,0.104,5.5,50,200,0.1,0.1,0.1,0.1,0.1,0.1,0.5,0,14646,0.047589786,0.016796395,0,0,0,0,0,0,0,0,0,0,5,1.33566654
129487.32,0.512585236,0.5,6621,37,0.1495,33.625,34.8125,37.29,0,0,0.07,0,0,20,0.5,0.104,5.5,50,200,0.1,0.1,0.1,0.1,0.1,0.1,0.5,0,14522,0.048271588,0.017077538,0,0,0,0,0,0,0,0,0,0,5,1.365525339
129547.41,0.516784595,0.5,6621,37,0.1691,33.5,34.8125,37.19,0,0,0.07,0,0,20,0.5,0.104,5.5,50,200,0.1,0.1,0.1,0.1,0.1,0.1,0.5,0,14855,0.048131942,0.016896668,0,0,0,0,0,0,0,0,0,0,5,1.321726465
129607.45,0.53604131,0.5,6621,37,0.1849,33.5,34.8125,37.11,0,0,0.07,0,0,20,0.5,0.104,5.5,50,200,0.1,0.1,0.1,0.1,0.1,0.1,0.5,0,14643,0.048965376,0.017004712,0,0,0,0,0,0,0,0,0,0,5,1.365395399
129667.54,0.534089004,0.5,6621,37,0.1539,33.4375,34.75,37.21,0,0,0,0,0,20,0.5,0.104,5.5,50,200,0.1,0.1,0.1,0.1,0.1,0.1,0.5,0,14758,0.049058138,0.017278764,0,0,0,0,0,0,0,0,0,0,5,1.286179443
129727.62,0.546551474,0.5,6621,37,0.107,33.375,34.8125,37.37,0,0,0,0,0,20,0.5,0.104,5.5,50,200,0.1,0.1,0.1,0.1,0.1,0.1,0.5,0,15256,0.048177766,0.017042475,0,0,0,0,0,0,0,0,0,0,5,1.291068443
129787.67,0.576496456,0.5,6621,37,0.3147,33.375,34.75,36.97,0,0.02,0.15,0,0,20,0.5,0.104,5.5,50,200,0.1,0.1,0.1,0.1,0.1,0.1,0.5,0,15576,0.0480868,0.016949153,0,0,0,0,0,0,0,0,0,0,0.44,1.291068443
129847.71,0.491556744,0.5,6621,37,0.5651,33.0625,34.75,35.91,0,0.02,0.15,0,0,20,0.5,0.104,5.5,50,200,0.1,0.1,0.1,0.1,0.1,0.1,0.5,0,13567,0.049826786,0.017542567,0,0,0,0,0,0,0,0,0,0,0.44,1.291068443
129907.76,0.42234597,0.5,6621,37,0.6743,32.9375,34.75,35.45,0,0,0.07,0,0,20,0.5,0.104,5.5,50,200,0.1,0.1,0.1,0.1,0.1,0.1,0.5,0,13073,0.048496902,0.017287539,0,0,0,0,0,0,0,0,0,0,5,1.291068443
129967.8,0.434903485,0.5,6621,37,0.3743,33.125,34.75,36.71,0,0,0.07,0,0,20,0.5,0.104,5.5,50,200,0.1,0.1,0.1,0.1,0.1,0.1,0.5,0,13059,0.049008347,0.017306072,0,0,0,0,0,0,0,0,0,0,5,1.291068443
130027.87,0.448609509,0.5,6621,37,0.2666,33.375,34.6875,37.13,0,0,0.25,0,0,20,0.5,0.104,5.5,50,200,0.1,0.1,0.1,0.1,0.1,0.1,0.5,0,13382,0.047974892,0.017112539,0,0,0,0,0,0,0,0,0,0,5,1.291068443
130087.93,0.461066645,0.5,6621,37,0.1439,33.625,34.625,37.55,0,0,0.07,0,0,20,0.5,0.104,5.5,50,200,0.1,0.1,0.1,0.1,0.1,0.1,0.5,0,13904,0.047899885,0.017045455,0,0,0,0,0,0,0,0,0,0,5,1.291068443
130147.99,0.474655612,0.5,6621,37,0.1427,33.625,34.625,37.49,0,0,0.07,0,0,20,0.5,0.104,5.5,50,200,0.1,0.1,0.1,0.1,0.1,0.1,0.5,0,14378,0.047016275,0.016483516,0,0,0,0,0,0,0,0,0,0,5,1.291068443
130208.06,0.484017047,0.5,6621,37,0.1698,33.625,34.625,37.33,0,0,0.07,0,0,20,0.5,0.104,5.5,50,200,0.1,0.1,0.1,0.1,0.1,0.1,0.5,0,13931,0.048237743,0.017155983,0,0,0,0,0,0,0,0,0,0,5,1.291068443
130268.12,0.511747105,0.5,6621,37,0.1755,33.5625,34.625,37.27,0,0,0.07,0,0,20,0.5,0.104,5.5,50,200,0.1,0.1,0.1,0.1,0.1,0.1,0.5,0,14681,0.047340099,0.016960698,0,0,0,0,0,0,0,0,0,0,5,1.39364634
130328.19,0.490015862,0.5,6621,37,0.1886,33.5,34.6875,37.19,0,0,0.25,0,0,20,0.5,0.104,5.5,50,200,0.1,0.1,0.1,0.1,0.1,0.1,0.5,0,14161,0.048513523,0.017230422,0,0,0,0,0,0,0,0,0,0,5,1.193785606
130388.24,0.523012456,0.5,6621,37,0.1979,33.5,34.75,37.13,0,0,0.07,0,0,20,0.5,0.104,5.5,50,200,0.1,0.1,0.1,0.1,0.1,0.1,0.5,0,13396,0.050164228,0.017691848,0,0,0,0,0,0,0,0,0,0,5,1.329598883
130448.31,0.525311219,0.5,6621,37,0.2119,33.4375,34.6875,37.05,0,0,0.07,0,0,20,0.5,0.104,5.5,50,200,0.1,0.1,0.1,0.1,0.1,0.1,0.5,0,13980,0.049499285,0.017238913,0,0,0,0,0,0,0,0,0,0,5,1.276275752
130508.35,0.545111196,0.5,6621,37,0.15815,33.4375,34.75,37.21,0,0,0,0,0,20,0.5,0.104,5.5,50,200,0.1,0.1,0.1,0.1,0.1,0.1,0.5,0,15208,0.047475013,0.016833246,0,0,0,0,0,0,0,0,0,0,5,1.323458721
130568.42,0.532314099,0.5,6621,37,0.15125,33.375,34.8125,37.05,0,0,0,0,0,20,0.5,0.104,5.5,50,200,0.1,0.1,0.1,0.1,0.1,0.1,0.5,0,15054,0.04835924,0.016739737,0,0,0,0,0,0,0,0,0,0,5,1.186017558
130628.48,0.555011187,0.5,6621,37,0.14025,33.375,34.75,37.05,0,0,0,0,0,20,0.5,0.104,5.5,50,200,0.1,0.1,0.1,0.1,0.1,0.1,0.5,0,15132,0.048902987,0.017182131,0,0,0,0,0,0,0,0,0,0,5,1.251980306
130688.59,0.5548777,0.5,6621,37,0.344575,33.3125,34.8125,36.85,0,0.02,0.15,0,0,20,0.5,0.104,5.5,50,200,0.1,0.1,0.1,0.1,0.1,0.1,0.5,0,14983,0.049055596,0.017219515,0,0,0,0,0,0,0,0,0,0,0.44,1.251980306
130748.66,0.4944762,0.5,6621,37,0.546727836,33.1875,34.8125,35.99,0,0.018828989,0.145315956,0,0,20,0.5,0.104,5.5,50,200,0.1,0.1,0.1,0.1,0.1,0.1,0.5,0,14517,0.04808156,0.017083419,0,0,0,0,0,0,0,0,0,0,0.44,1.251980306
130808.72,0.434108685,0.5,6621,37,0.6101,33.0625,34.875,35.69,0,0,0.07,0,0,20,0.5,0.104,5.5,50,200,0.1,0.1,0.1,0.1,0.1,0.1,0.5,0,13281,0.048942098,0.017317973,0,0,0,0,0,0,0,0,0,0,5,1.251980306
130868.75,0.444041641,0.5,6621,37,0.3633,33.25,34.875,36.73,0,0,0.07,0,0,20,0.5,0.104,5.5,50,200,0.1,0.1,0.1,0.1,0.1,0.1,0.5,0,13245,0.048848622,0.017289543,0,0,0,0,0,0,0,0,0,0,5,1.251980306
130928.83,0.463215367,0.5,6621,37,0.2409,33.5625,34.8125,37.21,0,0,0.25,0,0,20,0.5,0.104,5.5,50,200,0.1,0.1,0.1,0.1,0.1,0.1,0.5,0,13164,0.049149195,0.017471893,0,0,0,0,0,0,0,0,0,0,5,1.251980306
130988.89,0.472208591,0.5,6621,37,0.1933,33.6875,34.8125,37.35,0,0,0.07,0,0,20,0.5,0.104,5.5,50,200,0.1,0.1,0.1,0.1,0.1,0.1,0.5,0,14353,0.047237511,0.016860587,0,0,0,0,0,0,0,0,0,0,5,1.251980306
131048.93,0.465400195,0.5,6621,37,0.1563,33.75,34.8125,37.45,0,0,0.07,0,0,20,0.5,0.104,5.5,50,200,0.1,0.1,0.1,0.1,0.1,0.1,0.5,0,13471,0.04929107,0.017444882,0,0,0,0,0,0,0,0,0,0,5,1.251980306
131109,0.496398665,0.5,6621,37,0.1272,33.6875,34.75,37.51,0,0,0.07,0,0,20,0.5,0.104,5.5,50,200,0.1,0.1,0.1,0.1,0.1,0.1,0.5,0,13674,0.049217493,0.017332163,0,0,0,0,0,0,0,0,0,0,5,1.251980306
131169.07,0.493953357,0.5,6621,37,0.1487,33.625,34.75,37.37,0,0,0.07,0,0,20,0.5,0.104,5.5,50,200,0.1,0.1,0.1,0.1,0.1,0.1,0.5,0,14361,0.048603858,0.017199359,0,0,0,0,0,0,0,0,0,0,5,1.174566478
131229.14,0.513189614,0.5,6621,37,0.1824,33.5,34.6875,37.21,0,0,0.25,0,0,20,0.5,0.104,5.5,50,200,0.1,0.1,0.1,0.1,0.1,0.1,0.5,0,14732,0.047990768,0.01710562,0,0,0,0,0,0,0,0,0,0,5,1.230451058
131289.19,0.521848356,0.5,6621,37,0.2029,33.5,34.75,37.11,0,0,0.07,0,0,20,0.5,0.104,5.5,50,200,0.1,0.1,0.1,0.1,0.1,0.1,0.5,0,14804,0.048230208,0.017089976,0,0,0,0,0,0,0,0,0,0,5,1.219123444
131349.27,0.529083189,0.5,6621,37,0.1168,33.5,34.75,37.41,0,0,0.07,0,0,20,0.5,0.104,5.5,50,200,0.1,0.1,0.1,0.1,0.1,0.1,0.5,0,15559,0.046918182,0.016710586,0,0,0,0,0,0,0,0,0,0,5,1.19947318
131409.32,0.55956479,0.5,6621,37,0.13185,33.375,34.75,37.09,0,0,0,0,0,20,0.5,0.104,5.5,50,200,0.1,0.1,0.1,0.1,0.1,0.1,0.5,0,15103,0.048268556,0.017016487,0,0,0,0,0,0,0,0,0,0,5,1.307540452
131469.4,0.553202892,0.5,6621,37,0.3448,33.4375,34.75,36.89,0,0.02,0.15,0,0,20,0.5,0.104,5.5,50,200,0.1,0.1,0.1,0.1,0.1,0.1,0.5,0,15178,0.048425352,0.017130057,0,0,0,0,0,0,0,0,0,0,0.44,1.307540452
131529.43,0.490930062,0.5,6621,37,0.601435894,33.125,34.75,35.77,0,0.018210154,0.25,0,0,20,0.5,0.104,5.5,50,200,0.1,0.1,0.1,0.1,0.1,0.1,0.5,0,14465,0.048530937,0.01679917,0,0,0,0,0,0,0,0,0,0,0.44,1.307540452
131589.5,0.430774539,0.5,6621,37,0.5967,33.0625,34.75,35.77,0,0,0.07,0,0,20,0.5,0.104,5.5,50,200,0.1,0.1,0.1,0.1,0.1,0.1,0.5,0,13781,0.047674334,0.016907336,0,0,0,0,0,0,0,0,0,0,5,1.307540452
131649.57,0.44031346,0.5,6621,37,0.3678,33.3125,34.75,36.73,0,0,0.07,0,0,20,0.5,0.104,5.5,50,200,0.1,0.1,0.1,0.1,0.1,0.1,0.5,0,13987,0.047544148,0.016801316,0,0,0,0,0,0,0,0,0,0,5,1.307540452
131709.64,0.451780313,0.5,6621,37,0.2459,33.5,34.75,37.19,0,0,0.07,0,0,20,0.5,0.104,5.5,50,200,0.1,0.1,0.1,0.1,0.1,0.1,0.5,0,13527,0.04871738,0.017298736,0,0,0,0,0,0,0,0,0,0,5,1.307540452
131769.74,0.468760949,0.5,6621,37,0.1453,33.6875,34.75,37.53,0,0,0.07,0,0,20,0.5,0.104,5.5,50,200,0.1,0.1,0.1,0.1,0.1,0.1,0.5,0,13712,0.048351809,0.016992415,0,0,0,0,0,0,0,0,0,0,5,1.307540452
131829.81,0.471393519,0.5,6621,37,0.1512,33.6875,34.625,37.45,0,0,0.25,0,0,20,0.5,0.104,5.5,50,200,0.1,0.1,0.1,0.1,0.1,0.1,0.5,0,14422,0.047774234,0.016641243,0,0,0,0,0,0,0,0,0,0,5,1.307540452
131889.87,0.483710044,0.5,6621,37,0.166,33.625,34.625,37.35,0,0,0.07,0,0,20,0.5,0.104,5.5,50,200,0.1,0.1,0.1,0.1,0.1,0.1,0.5,0,14333,0.047931347,0.01716319,0,0,0,0,0,0,0,0,0,0,5,1.307540452
131949.91,0.502754453,0.5,6621,37,0.1478,33.5625,34.625,37.37,0,0,0.07,0,0,20,0.5,0.104,5.5,50,200,0.1,0.1,0.1,0.1,0.1,0.1,0.5,0,14189,0.048699697,0.017266897,0,0,0,0,0,0,0,0,0,0,5,1.358012153
132009.95,0.515443573,0.5,6621,37,0.1912,33.5625,34.625,37.17,0,0,0.07,0,0,20,0.5,0.104,5.5,50,200,0.1,0.1,0.1,0.1,0.1,0.1,0.5,0,14554,0.048440291,0.01683386,0,0,0,0,0,0,0,0,0,0,5,1.364889399
132070.02,0.519784487,0.5,6621,37,0.1749,33.5,34.625,37.21,0,0,0.07,0,0,20,0.5,0.104,5.5,50,200,0.1,0.1,0.1,0.1,0.1,0.1,0.5,0,14597,0.048229088,0.0170583,0,0,0,0,0,0,0,0,0,0,5,1.321804251
132130.09,0.533306677,0.5,6621,37,0.1954,33.4375,34.625,37.11,0,0,0.25,0,0,20,0.5,0.104,5.5,50,200,0.1,0.1,0.1,0.1,0.1,0.1,0.5,0,15040,0.048204787,0.017021277,0,0,0,0,0,0,0,0,0,0,5,1.332761122
132190.13,0.542267026,0.5,6621,37,0.13545,33.375,34.5625,37.25,0,0,0,0,0,20,0.5,0.104,5.5,50,200,0.1,0.1,0.1,0.1,0.1,0.1,0.5,0,14434,0.049743661,0.017320216,0,0,0,0,0,0,0,0,0,0,5,1.316108796
132250.17,0.530417327,0.5,6621,37,0.16385,33.4375,34.625,37.11,0,0,0,0,0,20,0.5,0.104,5.5,50,200,0.1,0.1,0.1,0.1,0.1,0.1,0.5,0,15225,0.048538588,0.017142857,0,0,0,0,0,0,0,0,0,0,5,1.184020027
132310.22,0.560689106,0.5,6621,37,0.15665,33.3125,34.625,37.11,0,0,0,0,0,20,0.5,0.104,5.5,50,200,0.1,0.1,0.1,0.1,0.1,0.1,0.5,0,15233,0.049103919,0.017133854,0,0,0,0,0,0,0,0,0,0,5,1.29132643
132370.28,0.566436758,0.5,6621,37,0.45195,33.3125,34.625,36.39,0,0.02,0.15,0,0,20,0.5,0.104,5.5,50,200,0.1,0.1,0.1,0.1,0.1,0.1,0.5,0,14694,0.050156526,0.017558187,0,0,0,0,0,0,0,0,0,0,0.44,1.29132643
132430.32,0.515330415,0.5,6621,37,0.527825,33.125,34.6875,36.13,0,0.02,0.25,0,0,20,0.5,0.104,5.5,50,200,0.1,0.1,0.1,0.1,0.1,0.1,0.5,0,14088,0.049687677,0.017603634,0,0,0,0,0,0,0,0,0,0,0.44,1.29132643
132490.38,0.451667505,0.5,6621,37,0.645992278,33.0625,34.6875,35.69,0,0.015039313,0.130157252,0,0,20,0.5,0.104,5.5,50,200,0.1,0.1,0.1,0.1,0.1,0.1,0.5,0,12763,0.050536708,0.01739403,0,0,0,0,0,0,0,0,0,0,0.44,1.29132643
132550.44,0.400794533,0.5,6621,37,0.557,33.0625,34.6875,36.05,0,0,0.07,0,0,20,0.5,0.104,5.5,50,200,0.1,0.1,0.1,0.1,0.1,0.1,0.5,0,13169,0.047991495,0.017009644,0,0,0,0,0,0,0,0,0,0,5,1.29132643
132610.51,0.412487077,0.5,6621,37,0.3195,33.375,34.625,37.03,0,0,0.07,0,0,20,0.5,0.104,5.5,50,200,0.1,0.1,0.1,0.1,0.1,0.1,0.5,0,13812,0.047132928,0.016796988,0,0,0,0,0,0,0,0,0,0,5,1.29132643
132670.57,0.427263909,0.5,6621,37,0.2069,33.6875,34.625,37.43,0,0,0.07,0,0,20,0.5,0.104,5.5,50,200,0.1,0.1,0.1,0.1,0.1,0.1,0.5,0,13087,0.048521433,0.017116222,0,0,0,0,0,0,0,0,0,0,5,1.29132643
132730.6,0.430853205,0.5,6621,37,0.1875,33.8125,34.625,37.45,0,0,0.25,0,0,20,0.5,0.104,5.5,50,200,0.1,0.1,0.1,0.1,0.1,0.1,0.5,0,13469,0.04736803,0.01692776,0,0,0,0,0,0,0,0,0,0,5,1.29132643
132790.65,0.43524873,0.5,6621,37,0.0921,33.8125,34.625,37.75,0,0,0.07,0,0,20,0.5,0.104,5.5,50,200,0.1,0.1,0.1,0.1,0.1,0.1,0.5,0,13515,0.047946726,0.017018128,0,0,0,0,0,0,0,0,0,0,5,1.29132643
132850.7,0.445087195,0.5,6621,37,0.1618,33.75,34.5625,37.41,0,0,0.07,0,0,20,0.5,0.104,5.5,50,200,0.1,0.1,0.1,0.1,0.1,0.1,0.5,0,13783,0.048102735,0.016759777,0,0,0,0,0,0,0,0,0,0,5,1.29132643
132910.74,0.465708148,0.5,6621,37,0.1595,33.625,34.5625,37.37,0,0,0.07,0,0,20,0.5,0.104,5.5,50,200,0.1,0.1,0.1,0.1,0.1,0.1,0.5,0,14144,0.047440611,0.016826923,0,0,0,0,0,0,0,0,0,0,5,1.362626925
132970.79,0.453936077,0.5,6621,37,0.1708,33.625,34.5625,37.29,0,0,0.07,0,0,20,0.5,0.104,5.5,50,200,0.1,0.1,0.1,0.1,0.1,0.1,0.5,0,14173,0.047837437,0.017004163,0,0,0,0,0,0,0,0,0,0,5,1.217687305
133030.86,0.480614208,0.5,6621,37,0.1698,33.5,34.5625,37.27,0,0,0.25,0,0,20,0.5,0.104,5.5,50,200,0.1,0.1,0.1,0.1,0.1,0.1,0.5,0,13969,0.048321283,0.016966139,0,0,0,0,0,0,0,0,0,0,5,1.328128436
133090.91,0.505024283,0.5,6621,37,0.1694,33.5,34.5625,37.25,0,0,0.07,0,0,20,0.5,0.104,5.5,50,200,0.1,0.1,0.1,0.1,0.1,0.1,0.5,0,14504,0.047573083,0.016891892,0,0,0,0,0,0,0,0,0,0,5,1.410346896
133150.98,0.482576338,0.5,6621,37,0.16565,33.4375,34.5625,37.35,0,0,0,0,0,20,0.5,0.104,5.5,50,200,0.1,0.1,0.1,0.1,0.1,0.1,0.5,0,14833,0.04773141,0.016989146,0,0,0,0,0,0,0,0,0,0,5,1.203427377
133211.06,0.518863844,0.5,6621,37,0.15905,33.375,34.625,37.17,0,0,0,0,0,20,0.5,0.104,5.5,50,200,0.1,0.1,0.1,0.1,0.1,0.1,0.5,0,14642,0.048217457,0.016937577,0,0,0,0,0,0,0,0,0,0,5,1.360763158
133271.13,0.520770478,0.5,6621,37,0.17095,33.375,34.6875,37.11,0,0,0,0,0,20,0.5,0.104,5.5,50,200,0.1,0.1,0.1,0.1,0.1,0.1,0.5,0,14305,0.049283467,0.01726669,0,0,0,0,0,0,0,0,0,0,5,1.303728693
133331.17,0.536864987,0.5,6621,37,0.18355,33.4375,34.5625,37.29,0,0,0,0,0,20,0.5,0.104,5.5,50,200,0.1,0.1,0.1,0.1,0.1,0.1,0.5,0,14669,0.048878587,0.017315427,0,0,0,0,0,0,0,0,0,0,5,1.329853974
133391.2,0.550843393,0.5,6621,37,0.15165,33.3125,34.625,37.17,0,0,0,0,0,20,0.5,0.104,5.5,50,200,0.1,0.1,0.1,0.1,0.1,0.1,0.5,0,14563,0.049234361,0.017372794,0,0,0,0,0,0,0,0,0,0,5,1.340472984
133451.28,0.547294041,0.5,6621,37,0.429825,33.375,34.6875,36.47,0,0.02,0.15,0,0,20,0.5,0.104,5.5,50,200,0.1,0.1,0.1,0.1,0.1,0.1,0.5,0,15002,0.049060125,0.017131049,0,0,0,0,0,0,0,0,0,0,0.44,1.340472984
133511.35,0.496183151,0.5,6621,37,0.58474607,33.1875,34.6875,35.83,0,0.018291841,0.143167363,0,0,20,0.5,0.104,5.5,50,200,0.1,0.1,0.1,0.1,0.1,0.1,0.5,0,13251,0.051241416,0.017583579,0,0,0,0,0,0,0,0,0,0,0.44,1.340472984
133571.41,0.431413056,0.5,6621,37,0.5518,33.125,34.625,35.91,0,0,0.07,0,0,20,0.5,0.104,5.5,50,200,0.1,0.1,0.1,0.1,0.1,0.1,0.5,0,13449,0.048628151,0.017250353,0,0,0,0,0,0,0,0,0,0,5,1.340472984
133631.47,0.452618332,0.5,6621,37,0.314,33.25,34.625,36.89,0,0,0.25,0,0,20,0.5,0.104,5.5,50,200,0.1,0.1,0.1,0.1,0.1,0.1,0.5,0,13644,0.048079742,0.017223688,0,0,0,0,0,0,0,0,0,0,5,1.340472984
133691.54,0.441995497,0.5,6621,37,0.2071,33.4375,34.5625,37.29,0,0,0.07,0,0,20,0.5,0.104,5.5,50,200,0.1,0.1,0.1,0.1,0.1,0.1,0.5,0,13900,0.048129496,0.01705036,0,0,0,0,0,0,0,0,0,0,5,1.340472984
133751.58,0.455051703,0.5,6621,37,0.1383,33.5625,34.5625,37.51,0,0,0.07,0,0,20,0.5,0.104,5.5,50,200,0.1,0.1,0.1,0.1,0.1,0.1,0.5,0,13995,0.048588782,0.017077528,0,0,0,0,0,0,0,0,0,0,5,1.340472984
133811.64,0.483219877,0.5,6621,37,0.1251,33.625,34.5625,37.51,0,0,0.07,0,0,20,0.5,0.104,5.5,50,200,0.1,0.1,0.1,0.1,0.1,0.1,0.5,0,13442,0.049323017,0.017259336,0,0,0,0,0,0,0,0,0,0,5,1.340472984
133871.71,0.481264237,0.5,6621,37,0.1472,33.5625,34.5625,37.37,0,0,0.07,0,0,20,0.5,0.104,5.5,50,200,0.1,0.1,0.1,0.1,0.1,0.1,0.5,0,14192,0.048407554,0.017192785,0,0,0,0,0,0,0,0,0,0,5,1.340472984
133931.77,0.50836069,0.5,6621,37,0.2021,33.5625,34.5625,37.13,0,0,0.25,0,0,20,0.5,0.104,5.5,50,200,0.1,0.1,0.1,0.1,0.1,0.1,0.5,0,14807,0.048085365,0.016883906,0,0,0,0,0,0,0,0,0,0,5,1.437773571
133991.83,0.51203844,0.5,6621,37,0.1646,33.4375,34.5625,37.25,0,0,0.07,0,0,20,0.5,0.104,5.5,50,200,0.1,0.1,0.1,0.1,0.1,0.1,0.5,0,13776,0.050159698,0.017349013,0,0,0,0,0,0,0,0,0,0,5,1.387510351
134051.86,0.527272585,0.5,6621,37,0.1559,33.4375,34.5625,37.25,0,0,0.07,0,0,20,0.5,0.104,5.5,50,200,0.1,0.1,0.1,0.1,0.1,0.1,0.5,0,14255,0.049175728,0.017397404,0,0,0,0,0,0,0,0,0,0,5,1.406088691
134111.91,0.530562467,0.5,6621,37,0.1802,33.4375,34.625,37.13,0,0,0.07,0,0,20,0.5,0.104,5.5,50,200,0.1,0.1,0.1,0.1,0.1,0.1,0.5,0,14319,0.050003492,0.01745932,0,0,0,0,0,0,0,0,0,0,5,1.354444404
134171.95,0.537481967,0.5,6621,37,0.16765,33.375,34.625,37.05,0,0,0,0,0,20,0.5,0.104,5.5,50,200,0.1,0.1,0.1,0.1,0.1,0.1,0.5,0,15087,0.048850003,0.016835686,0,0,0,0,0,0,0,0,0,0,5,1.325594702
134231.99,0.554559593,0.5,6621,37,0.17405,33.3125,34.625,37.03,0,0,0,0,0,20,0.5,0.104,5.5,50,200,0.1,0.1,0.1,0.1,0.1,0.1,0.5,0,14525,0.050258176,0.017418244,0,0,0,0,0,0,0,0,0,0,5,1.353152156
134292.03,0.551352029,0.5,6621,37,0.57845,33.25,34.625,35.81,0,0.02,0.15,0,0,20,0.5,0.104,5.5,50,200,0.1,0.1,0.1,0.1,0.1,0.1,0.5,0,15547,0.048819708,0.017173731,0,0,0,0,0,0,0,0,0,0,0.44,1.353152156
134352.1,0.495797158,0.5,6621,37,0.589090357,33.0625,34.625,35.89,0,0.018653077,0.144612309,0,0,20,0.5,0.104,5.5,50,200,0.1,0.1,0.1,0.1,0.1,0.1,0.5,0,14916,0.047801019,0.016827568,0,0,0,0,0,0,0,0,0,0,0.44,1.353152156
134412.15,0.430524248,0.5,6621,37,0.697454626,33.0625,34.625,35.71,0,0,0.07,0,0,20,0.5,0.104,5.5,50,200,0.1,0.1,0.1,0.1,0.1,0.1,0.5,0,13944,0.047977625,0.017068273,0,0,0,0,0,0,0,0,0,0,5,1.353152156
134472.22,0.441253241,0.5,6621,37,0.40255,33.25,34.625,36.65,0,0,0.07,0,0,20,0.5,0.104,5.5,50,200,0.1,0.1,0.1,0.1,0.1,0.1,0.5,0,13201,0.049844709,0.017422923,0,0,0,0,0,0,0,0,0,0,5,1.353152156
134532.3,0.44974128,0.5,6621,37,0.2361,33.5,34.5625,37.21,0,0,0.25,0,0,20,0.5,0.104,5.5,50,200,0.1,0.1,0.1,0.1,0.1,0.1,0.5,0,13630,0.048569332,0.017314747,0,0,0,0,0,0,0,0,0,0,5,1.353152156
134592.34,0.458781969,0.5,6621,37,0.17995,33.5625,34.5,37.51,0,0,0.07,0,0,20,0.5,0.104,5.5,50,200,0.1,0.1,0.1,0.1,0.1,0.1,0.5,0,13751,0.048869173,0.01723511,0,0,0,0,0,0,0,0,0,0,5,1.353152156
134652.41,0.479503769,0.5,6621,37,0.15435,33.625,34.5625,37.43,0,0,0.07,0,0,20,0.5,0.104,5.5,50,200,0.1,0.1,0.1,0.1,0.1,0.1,0.5,0,13500,0.049851852,0.017185185,0,0,0,0,0,0,0,0,0,0,5,1.353152156
134712.45,0.493654391,0.5,6621,37,0.13055,33.625,34.5,37.29,0,0,0.07,0,0,20,0.5,0.104,5.5,50,200,0.1,0.1,0.1,0.1,0.1,0.1,0.5,0,14489,0.047898406,0.017047415,0,0,0,0,0,0,0,0,0,0,5,1.353152156
134772.52,0.479899318,0.5,6621,37,0.11945,33.5625,34.5,37.27,0,0,0.07,0,0,20,0.5,0.104,5.5,50,200,0.1,0.1,0.1,0.1,0.1,0.1,0.5,0,13987,0.049260027,0.01730178,0,0,0,0,0,0,0,0,0,0,5,1.200716552
134832.56,0.517026894,0.5,6621,37,0.2268,33.5,34.5,37.03,0,0,0.25,0,0,20,0.5,0.104,5.5,50,200,0.1,0.1,0.1,0.1,0.1,0.1,0.5,0,13580,0.050736377,0.017452135,0,0,0,0,0,0,0,0,0,0,5,1.36423642
134892.6,0.517430942,0.5,6621,37,0.14685,33.4375,34.5625,37.09,0,0,0.07,0,0,20,0.5,0.104,5.5,50,200,0.1,0.1,0.1,0.1,0.1,0.1,0.5,0,14026,0.05054898,0.017324968,0,0,0,0,0,0,0,0,0,0,5,1.298368134
134952.63,0.532850753,0.5,6621,37,0.16995,33.375,34.5625,37.05,0,0,0.07,0,0,20,0.5,0.104,5.5,50,200,0.1,0.1,0.1,0.1,0.1,0.1,0.5,0,14143,0.050272219,0.01746447,0,0,0,0,0,0,0,0,0,0,5,1.321545629
135012.67,0.521237571,0.5,6621,37,0.16245,33.375,34.5625,36.97,0,0,0,0,0,20,0.5,0.104,5.5,50,200,0.1,0.1,0.1,0.1,0.1,0.1,0.5,0,15014,0.049287332,0.017317171,0,0,0,0,0,0,0,0,0,0,5,1.189362016
135072.71,0.560158389,0.5,6621,37,0.16265,33.3125,34.5625,37.21,0,0,0,0,0,20,0.5,0.104,5.5,50,200,0.1,0.1,0.1,0.1,0.1,0.1,0.5,0,14677,0.050146488,0.01751039,0,0,0,0,0,0,0,0,0,0,5,1.345934874
135132.76,0.563205132,0.5,6621,37,0.428875,33.3125,34.5625,36.53,0,0.02,0.25,0,0,20,0.5,0.104,5.5,50,200,0.1,0.1,0.1,0.1,0.1,0.1,0.5,0,15360,0.048697917,0.017122396,0,0,0,0,0,0,0,0,0,0,0.44,1.345934874
135192.82,0.490706698,0.5,6621,37,0.64524259,33.125,34.625,35.61,0,0.019184808,0.146739232,0,0,20,0.5,0.104,5.5,50,200,0.1,0.1,0.1,0.1,0.1,0.1,0.5,0,14760,0.049119241,0.017208672,0,0,0,0,0,0,0,0,0,0,0.44,1.345934874
135252.86,0.446575706,0.5,6621,37,0.653070311,33,34.5625,35.83,0,0,0.07,0,0,20,0.5,0.104,5.5,50,200,0.1,0.1,0.1,0.1,0.1,0.1,0.5,0,13804,0.048536656,0.017241379,0,0,0,0,0,0,0,0,0,0,5,1.345934874
135312.89,0.459048533,0.5,6621,37,0.40925,33.3125,34.625,36.85,0,0,0.07,0,0,20,0.5,0.104,5.5,50,200,0.1,0.1,0.1,0.1,0.1,0.1,0.5,0,13575,0.048913444,0.017016575,0,0,0,0,0,0,0,0,0,0,5,1.345934874
135372.96,0.44840014,0.5,6621,37,0.22535,33.4375,34.5,37.35,0,0,0.07,0,0,20,0.5,0.104,5.5,50,200,0.1,0.1,0.1,0.1,0.1,0.1,0.5,0,13297,0.049710461,0.017447545,0,0,0,0,0,0,0,0,0,0,5,1.345934874
135433.01,0.466361394,0.5,6621,37,0.2494,33.5625,34.5625,37.11,0,0,0.25,0,0,20,0.5,0.104,5.5,50,200,0.1,0.1,0.1,0.1,0.1,0.1,0.5,0,13786,0.049107791,0.017408966,0,0,0,0,0,0,0,0,0,0,5,1.345934874
135493.06,0.468286273,0.5,6621,37,0.14705,33.625,34.5,37.45,0,0,0.07,0,0,20,0.5,0.104,5.5,50,200,0.1,0.1,0.1,0.1,0.1,0.1,0.5,0,14327,0.048719202,0.017170378,0,0,0,0,0,0,0,0,0,0,5,1.345934874
135553.15,0.493217838,0.5,6621,37,0.14475,33.625,34.5,37.27,0,0,0.07,0,0,20,0.5,0.104,5.5,50,200,0.1,0.1,0.1,0.1,0.1,0.1,0.5,0,13752,0.050101803,0.01759744,0,0,0,0,0,0,0,0,0,0,5,1.345934874
135613.21,0.491368097,0.5,6621,37,0.15275,33.5625,34.4375,37.35,0,0,0.07,0,0,20,0.5,0.104,5.5,50,200,0.1,0.1,0.1,0.1,0.1,0.1,0.5,0,14936,0.047670059,0.016938939,0,0,0,0,0,0,0,0,0,0,5,1.26736592
135673.28,0.509536724,0.5,6621,37,0.18195,33.5,34.5,37.25,0,0,0.07,0,0,20,0.5,0.104,5.5,50,200,0.1,0.1,0.1,0.1,0.1,0.1,0.5,0,14536,0.049257017,0.017336269,0,0,0,0,0,0,0,0,0,0,5,1.312922808
135733.32,0.52404399,0.5,6621,37,0.1996,33.4375,34.4375,37.11,0,0,0.25,0,0,20,0.5,0.104,5.5,50,200,0.1,0.1,0.1,0.1,0.1,0.1,0.5,0,14408,0.050111049,0.017351471,0,0,0,0,0,0,0,0,0,0,5,1.331497772
135793.37,0.537470347,0.5,6621,37,0.13965,33.375,34.375,37.27,0,0,0.07,0,0,20,0.5,0.104,5.5,50,200,0.1,0.1,0.1,0.1,0.1,0.1,0.5,0,14966,0.048777228,0.017105439,0,0,0,0,0,0,0,0,0,0,5,1.340816764
135853.45,0.550893033,0.5,6621,37,0.16275,33.25,34.4375,36.95,0,0,0,0,0,20,0.5,0.104,5.5,50,200,0.1,0.1,0.1,0.1,0.1,0.1,0.5,0,14678,0.049734296,0.017168552,0,0,0,0,0,0,0,0,0,0,5,1.347777124
135913.51,0.54539651,0.5,6621,37,0.603025,33.1875,34.4375,35.77,0,0.02,0.15,0,0,20,0.5,0.104,5.5,50,200,0.1,0.1,0.1,0.1,0.1,0.1,0.5,0,16249,0.047510616,0.016924118,0,0,0,0,0,0,0,0,0,0,0.44,1.347777124
135973.56,0.474578971,0.5,6621,37,0.734330932,33,34.4375,35.27,0,0.015294142,0.131176566,0,0,20,0.5,0.104,5.5,50,200,0.1,0.1,0.1,0.1,0.1,0.1,0.5,0,14201,0.049503556,0.017393141,0,0,0,0,0,0,0,0,0,0,0.44,1.347777124
136033.61,0.437370714,0.5,6621,37,0.5626,32.9375,34.4375,35.97,0,0,0.25,0,0,20,0.5,0.104,5.5,50,200,0.1,0.1,0.1,0.1,0.1,0.1,0.5,0,13257,0.049558724,0.017198461,0,0,0,0,0,0,0,0,0,0,5,1.347777124
136093.67,0.443749902,0.5,6621,37,0.36605,33.1875,34.4375,36.93,0,0,0.07,0,0,20,0.5,0.104,5.5,50,200,0.1,0.1,0.1,0.1,0.1,0.1,0.5,0,14154,0.047689699,0.016956337,0,0,0,0,0,0,0,0,0,0,5,1.347777124
136153.73,0.458666946,0.5,6621,37,0.19035,33.4375,34.4375,37.41,0,0,0.07,0,0,20,0.5,0.104,5.5,50,200,0.1,0.1,0.1,0.1,0.1,0.1,0.5,0,13298,0.049706723,0.017521432,0,0,0,0,0,0,0,0,0,0,5,1.347777124
136213.8,0.463876848,0.5,6621,37,0.13325,33.5625,34.4375,37.49,0,0,0.07,0,0,20,0.5,0.104,5.5,50,200,0.1,0.1,0.1,0.1,0.1,0.1,0.5,0,13987,0.048831057,0.0170158,0,0,0,0,0,0,0,0,0,0,5,1.347777124
136273.87,0.471018592,0.5,6621,37,0.16765,33.5625,34.4375,37.33,0,0,0.07,0,0,20,0.5,0.104,5.5,50,200,0.1,0.1,0.1,0.1,0.1,0.1,0.5,0,13855,0.049007578,0.016961386,0,0,0,0,0,0,0,0,0,0,5,1.347777124
136333.94,0.493445955,0.5,6621,37,0.2007,33.5625,34.4375,37.21,0,0,0.25,0,0,20,0.5,0.104,5.5,50,200,0.1,0.1,0.1,0.1,0.1,0.1,0.5,0,13865,0.049477101,0.017454021,0,0,0,0,0,0,0,0,0,0,5,1.347777124
136394,0.486837028,0.5,6621,37,0.11805,33.5625,34.5,37.25,0,0,0.07,0,0,20,0.5,0.104,5.5,50,200,0.1,0.1,0.1,0.1,0.1,0.1,0.5,0,14368,0.048510579,0.016912584,0,0,0,0,0,0,0,0,0,0,5,1.239936519
136454.05,0.517747128,0.5,6621,37,0.17235,33.4375,34.5625,37.29,0,0,0.07,0,0,20,0.5,0.104,5.5,50,200,0.1,0.1,0.1,0.1,0.1,0.1,0.5,0,14570,0.048387097,0.017089911,0,0,0,0,0,0,0,0,0,0,5,1.362612284
136514.13,0.521253963,0.5,6621,37,0.17775,33.5,34.5625,37.17,0,0,0.07,0,0,20,0.5,0.104,5.5,50,200,0.1,0.1,0.1,0.1,0.1,0.1,0.5,0,14006,0.049978581,0.017278309,0,0,0,0,0,0,0,0,0,0,5,1.31473294
136574.18,0.534881676,0.5,6621,37,0.15965,33.4375,34.5625,37.05,0,0,0.07,0,0,20,0.5,0.104,5.5,50,200,0.1,0.1,0.1,0.1,0.1,0.1,0.5,0,14290,0.050104969,0.017494752,0,0,0,0,0,0,0,0,0,0,5,1.326420833
136634.23,0.537045553,0.5,6621,37,0.14565,33.375,34.625,37.09,0,0,0,0,0,20,0.5,0.104,5.5,50,200,0.1,0.1,0.1,0.1,0.1,0.1,0.5,0,15513,0.048475472,0.017082447,0,0,0,0,0,0,0,0,0,0,5,1.272211882
136694.27,0.545421631,0.5,6621,37,0.17705,33.375,34.625,37.09,0,0,0,0,0,20,0.5,0.104,5.5,50,200,0.1,0.1,0.1,0.1,0.1,0.1,0.5,0,14490,0.050172533,0.017529331,0,0,0,0,0,0,0,0,0,0,5,1.255029921
136754.31,0.547396254,0.5,6621,37,0.540975,33.375,34.5625,36.01,0,0.02,0.15,0,0,20,0.5,0.104,5.5,50,200,0.1,0.1,0.1,0.1,0.1,0.1,0.5,0,14757,0.050010165,0.017550993,0,0,0,0,0,0,0,0,0,0,0.44,1.255029921
136814.36,0.486207342,0.5,6621,37,0.670834251,33.125,34.5,35.53,0,0.01702301,0.13809204,0,0,20,0.5,0.104,5.5,50,200,0.1,0.1,0.1,0.1,0.1,0.1,0.5,0,13934,0.050165064,0.017224056,0,0,0,0,0,0,0,0,0,0,0.44,1.255029921
136874.4,0.438528821,0.5,6621,37,0.657293455,33,34.5,35.93,0,0,0.07,0,0,20,0.5,0.104,5.5,50,200,0.1,0.1,0.1,0.1,0.1,0.1,0.5,0,13258,0.049102429,0.017348016,0,0,0,0,0,0,0,0,0,0,5,1.255029921
136934.45,0.440772861,0.5,6621,37,0.3475,33.1875,34.5,36.81,0,0,0.25,0,0,20,0.5,0.104,5.5,50,200,0.1,0.1,0.1,0.1,0.1,0.1,0.5,0,13819,0.048701064,0.017367393,0,0,0,0,0,0,0,0,0,0,5,1.255029921
136994.49,0.452445983,0.5,6621,37,0.27085,33.4375,34.5,37.33,0,0,0.07,0,0,20,0.5,0.104,5.5,50,200,0.1,0.1,0.1,0.1,0.1,0.1,0.5,0,13514,0.049356223,0.017463371,0,0,0,0,0,0,0,0,0,0,5,1.255029921
137054.55,0.462071087,0.5,6621,37,0.18355,33.5625,34.4375,37.41,0,0,0.07,0,0,20,0.5,0.104,5.5,50,200,0.1,0.1,0.1,0.1,0.1,0.1,0.5,0,13604,0.049617759,0.017274331,0,0,0,0,0,0,0,0,0,0,5,1.255029921
137114.61,0.48902357,0.5,6621,37,0.12325,33.6875,34.4375,37.41,0,0,0.07,0,0,20,0.5,0.104,5.5,50,200,0.1,0.1,0.1,0.1,0.1,0.1,0.5,0,14622,0.047804678,0.016687184,0,0,0,0,0,0,0,0,0,0,5,1.255029921
137174.69,0.48405741,0.5,6621,37,0.15005,33.625,34.5,37.37,0,0,0.07,0,0,20,0.5,0.104,5.5,50,200,0.1,0.1,0.1,0.1,0.1,0.1,0.5,0,13870,0.049747657,0.017231435,0,0,0,0,0,0,0,0,0,0,5,1.255029921
137234.73,0.497975546,0.5,6621,37,0.1725,33.625,34.5,37.27,0,0,0.25,0,0,20,0.5,0.104,5.5,50,200,0.1,0.1,0.1,0.1,0.1,0.1,0.5,0,14149,0.049402785,0.017315711,0,0,0,0,0,0,0,0,0,0,5,1.277320795
137294.79,0.502725016,0.5,6621,37,0.14725,33.5,34.5,37.33,0,0,0.07,0,0,20,0.5,0.104,5.5,50,200,0.1,0.1,0.1,0.1,0.1,0.1,0.5,0,14778,0.048653404,0.016849371,0,0,0,0,0,0,0,0,0,0,5,1.241931838
137354.83,0.507341319,0.5,6621,37,0.15385,33.4375,34.5625,37.35,0,0,0.07,0,0,20,0.5,0.104,5.5,50,200,0.1,0.1,0.1,0.1,0.1,0.1,0.5,0,14625,0.049025641,0.017094017,0,0,0,0,0,0,0,0,0,0,5,1.207257217
137414.9,0.527939866,0.5,6621,37,0.16695,33.375,34.5625,37.11,0,0,0.07,0,0,20,0.5,0.104,5.5,50,200,0.1,0.1,0.1,0.1,0.1,0.1,0.5,0,14666,0.04950225,0.017046229,0,0,0,0,0,0,0,0,0,0,5,1.266289547
137474.95,0.538305582,0.5,6621,37,0.17245,33.375,34.5625,37.27,0,0,0,0,0,20,0.5,0.104,5.5,50,200,0.1,0.1,0.1,0.1,0.1,0.1,0.5,0,14624,0.049986324,0.017231947,0,0,0,0,0,0,0,0,0,0,5,1.261307092
137535.02,0.553734434,0.5,6621,37,0.17855,33.375,34.5625,37.19,0,0,0,0,0,20,0.5,0.104,5.5,50,200,0.1,0.1,0.1,0.1,0.1,0.1,0.5,0,14847,0.049976426,0.017377248,0,0,0,0,0,0,0,0,0,0,5,1.283018188
137595.07,0.562559364,0.5,6621,37,0.54675,33.375,34.625,35.97,0,0.02,0.15,0,0,20,0.5,0.104,5.5,50,200,0.1,0.1,0.1,0.1,0.1,0.1,0.5,0,15609,0.049010186,0.01704145,0,0,0,0,0,0,0,0,0,0,0.44,1.283018188
137655.13,0.485252167,0.5,6621,37,0.738130745,33.125,34.625,35.21,0,0.018414184,0.143656737,0,0,20,0.5,0.104,5.5,50,200,0.1,0.1,0.1,0.1,0.1,0.1,0.5,0,13666,0.050563442,0.017854529,0,0,0,0,0,0,0,0,0,0,0.44,1.283018188
137715.18,0.423687721,0.5,6621,37,0.616084858,33.0625,34.5625,36.05,0,0,0.07,0,0,20,0.5,0.104,5.5,50,200,0.1,0.1,0.1,0.1,0.1,0.1,0.5,0,13108,0.049969484,0.017393958,0,0,0,0,0,0,0,0,0,0,5,1.283018188
137775.23,0.429676472,0.5,6621,37,0.40435,33.3125,34.5,36.79,0,0,0.07,0,0,20,0.5,0.104,5.5,50,200,0.1,0.1,0.1,0.1,0.1,0.1,0.5,0,14430,0.047609148,0.016770617,0,0,0,0,0,0,0,0,0,0,5,1.283018188
137835.3,0.467569227,0.5,6621,37,0.2812,33.5625,34.5,37.05,0,0,0.25,0,0,20,0.5,0.104,5.5,50,200,0.1,0.1,0.1,0.1,0.1,0.1,0.5,0,13213,0.050026489,0.017255733,0,0,0,0,0,0,0,0,0,0,5,1.283018188
137895.34,0.461690602,0.5,6621,37,0.17975,33.5625,34.5,37.51,0,0,0.07,0,0,20,0.5,0.104,5.5,50,200,0.1,0.1,0.1,0.1,0.1,0.1,0.5,0,13199,0.050306841,0.017804379,0,0,0,0,0,0,0,0,0,0,5,1.283018188
137955.4,0.484907384,0.5,6621,37,0.13505,33.625,34.5,37.69,0,0,0.07,0,0,20,0.5,0.104,5.5,50,200,0.1,0.1,0.1,0.1,0.1,0.1,0.5,0,14148,0.048487419,0.017387617,0,0,0,0,0,0,0,0,0,0,5,1.283018188
138015.47,0.487405725,0.5,6621,37,0.13445,33.625,34.5,37.41,0,0,0.07,0,0,20,0.5,0.104,5.5,50,200,0.1,0.1,0.1,0.1,0.1,0.1,0.5,0,14068,0.0489764,0.017131078,0,0,0,0,0,0,0,0,0,0,5,1.283018188
138075.53,0.505495921,0.5,6621,37,0.15455,33.625,34.4375,37.33,0,0,0.07,0,0,20,0.5,0.104,5.5,50,200,0.1,0.1,0.1,0.1,0.1,0.1,0.5,0,14339,0.048678429,0.017365228,0,0,0,0,0,0,0,0,0,0,5,1.328196529
138135.61,0.499455749,0.5,6621,37,0.1697,33.5625,34.5,37.25,0,0,0.25,0,0,20,0.5,0.104,5.5,50,200,0.1,0.1,0.1,0.1,0.1,0.1,0.5,0,14026,0.049907315,0.017538856,0,0,0,0,0,0,0,0,0,0,5,1.225723805
138195.67,0.516833565,0.5,6621,37,0.16595,33.5,34.5625,37.13,0,0,0.07,0,0,20,0.5,0.104,5.5,50,200,0.1,0.1,0.1,0.1,0.1,0.1,0.5,0,13661,0.051094356,0.017934265,0,0,0,0,0,0,0,0,0,0,5,1.2670433
138255.74,0.524327929,0.5,6621,37,0.18785,33.375,34.4375,37.11,0,0,0.07,0,0,20,0.5,0.104,5.5,50,200,0.1,0.1,0.1,0.1,0.1,0.1,0.5,0,15054,0.04889066,0.017271157,0,0,0,0,0,0,0,0,0,0,5,1.246880362
138315.79,0.536278556,0.5,6621,37,0.16925,33.375,34.5625,37.17,0,0,0,0,0,20,0.5,0.104,5.5,50,200,0.1,0.1,0.1,0.1,0.1,0.1,0.5,0,14790,0.049560514,0.017173766,0,0,0,0,0,0,0,0,0,0,5,1.252145581
138375.83,0.551085182,0.5,6621,37,0.21005,33.375,34.5625,37.21,0,0,0,0,0,20,0.5,0.104,5.5,50,200,0.1,0.1,0.1,0.1,0.1,0.1,0.5,0,15227,0.049123268,0.017074933,0,0,0,0,0,0,0,0,0,0,5,1.271245319
138435.87,0.549977862,0.5,6621,37,0.4497,33.375,34.5,36.47,0,0.02,0.25,0,0,20,0.5,0.104,5.5,50,200,0.1,0.1,0.1,0.1,0.1,0.1,0.5,0,15698,0.048604918,0.017199643,0,0,0,0,0,0,0,0,0,0,0.44,1.271245319
138495.91,0.494378348,0.5,6621,37,0.56085,33.125,34.5625,35.99,0,0.018334413,0.143337654,0,0,20,0.5,0.104,5.5,50,200,0.1,0.1,0.1,0.1,0.1,0.1,0.5,0,14113,0.0500248,0.017501594,0,0,0,0,0,0,0,0,0,0,0.44,1.271245319
138555.96,0.453317434,0.5,6621,37,0.581297659,33.125,34.5625,36.05,0,0,0.07,0,0,20,0.5,0.104,5.5,50,200,0.1,0.1,0.1,0.1,0.1,0.1,0.5,0,13194,0.05047749,0.017507958,0,0,0,0,0,0,0,0,0,0,5,1.271245319
138616.01,0.455177336,0.5,6621,37,0.33605,33.3125,34.5625,36.71,0,0,0.07,0,0,20,0.5,0.104,5.5,50,200,0.1,0.1,0.1,0.1,0.1,0.1,0.5,0,13168,0.050804982,0.017542527,0,0,0,0,0,0,0,0,0,0,5,1.271245319
138676.04,0.475733722,0.5,6621,37,0.27105,33.4375,34.5625,37.17,0,0,0.07,0,0,20,0.5,0.104,5.5,50,200,0.1,0.1,0.1,0.1,0.1,0.1,0.5,0,13506,0.049903746,0.017695839,0,0,0,0,0,0,0,0,0,0,5,1.271245319
138736.11,0.489991095,0.5,6621,37,0.1661,33.5625,34.5625,37.37,0,0,0.25,0,0,20,0.5,0.104,5.5,50,200,0.1,0.1,0.1,0.1,0.1,0.1,0.5,0,13274,0.051077294,0.017553111,0,0,0,0,0,0,0,0,0,0,5,1.271245319
138796.16,0.502394467,0.5,6621,37,0.17115,33.625,34.5,37.27,0,0,0.07,0,0,20,0.5,0.104,5.5,50,200,0.1,0.1,0.1,0.1,0.1,0.1,0.5,0,13389,0.051086713,0.017477033,0,0,0,0,0,0,0,0,0,0,5,1.271245319
138856.23,0.511538763,0.5,6621,37,0.13765,33.5,34.5,37.43,0,0,0.07,0,0,20,0.5,0.104,5.5,50,200,0.1,0.1,0.1,0.1,0.1,0.1,0.5,0,13847,0.050552466,0.017404492,0,0,0,0,0,0,0,0,0,0,5,1.271245319
138916.28,0.530101225,0.5,6621,37,0.16985,33.5,34.4375,37.11,0,0,0.07,0,0,20,0.5,0.104,5.5,50,200,0.1,0.1,0.1,0.1,0.1,0.1,0.5,0,13967,0.050762512,0.017684542,0,0,0,0,0,0,0,0,0,0,5,1.314616893
138976.37,0.525002037,0.5,6621,37,0.16355,33.4375,34.4375,37.17,0,0,0.07,0,0,20,0.5,0.104,5.5,50,200,0.1,0.1,0.1,0.1,0.1,0.1,0.5,0,14287,0.050535452,0.017638413,0,0,0,0,0,0,0,0,0,0,5,1.219888542
139036.44,0.532777704,0.5,6621,37,0.2501,33.375,34.5,36.89,0,0,0.25,0,0,20,0.5,0.104,5.5,50,200,0.1,0.1,0.1,0.1,0.1,0.1,0.5,0,14860,0.049798116,0.017227456,0,0,0,0,0,0,0,0,0,0,5,1.203000502
139096.5,0.542051023,0.5,6621,37,0.16695,33.3125,34.5,37.17,0,0,0.07,0,0,20,0.5,0.104,5.5,50,200,0.1,0.1,0.1,0.1,0.1,0.1,0.5,0,15126,0.049847944,0.017255058,0,0,0,0,0,0,0,0,0,0,5,1.194618071
139156.55,0.551823378,0.5,6621,37,0.18215,33.3125,34.5,37.09,0,0.02,0.15,0,0,20,0.5,0.104,5.5,50,200,0.1,0.1,0.1,0.1,0.1,0.1,0.5,0,15068,0.050172551,0.01725511,0,0,0,0,0,0,0,0,0,0,0.44,1.194618071
139216.59,0.491914427,0.5,6621,37,0.56115,33.0625,34.4375,35.97,0,0.018201984,0.142807937,0,0,20,0.5,0.104,5.5,50,200,0.1,0.1,0.1,0.1,0.1,0.1,0.5,0,14283,0.049779458,0.017223272,0,0,0,0,0,0,0,0,0,0,0.44,1.194618071
139276.63,0.432992502,0.5,6621,37,0.662775261,33,34.5,35.99,0,0,0.07,0,0,20,0.5,0.104,5.5,50,200,0.1,0.1,0.1,0.1,0.1,0.1,0.5,0,13459,0.049260718,0.017460435,0,0,0,0,0,0,0,0,0,0,5,1.194618071
139336.71,0.459694883,0.5,6621,37,0.3577,33.25,34.5625,36.81,0,0,0.25,0,0,20,0.5,0.104,5.5,50,200,0.1,0.1,0.1,0.1,0.1,0.1,0.5,0,13238,0.049554313,0.017298686,0,0,0,0,0,0,0,0,0,0,5,1.194618071
139396.74,0.450923207,0.5,6621,37,0.21745,33.5,34.4375,37.75,0,0,0.07,0,0,20,0.5,0.104,5.5,50,200,0.1,0.1,0.1,0.1,0.1,0.1,0.5,0,13378,0.049708477,0.017267155,0,0,0,0,0,0,0,0,0,0,5,1.194618071
139456.79,0.482163382,0.5,6621,37,0.16505,33.625,34.5,37.53,0,0,0.07,0,0,20,0.5,0.104,5.5,50,200,0.1,0.1,0.1,0.1,0.1,0.1,0.5,0,13518,0.049711496,0.017236278,0,0,0,0,0,0,0,0,0,0,5,1.194618071
139516.84,0.47075622,0.5,6621,37,0.18035,33.6875,34.5625,37.33,0,0,0.07,0,0,20,0.5,0.104,5.5,50,200,0.1,0.1,0.1,0.1,0.1,0.1,0.5,0,13313,0.050627206,0.017651919,0,0,0,0,0,0,0,0,0,0,5,1.194618071
139576.87,0.470941594,0.5,6621,37,0.15655,33.6875,34.5625,37.49,0,0,0.07,0,0,20,0.5,0.104,5.5,50,200,0.1,0.1,0.1,0.1,0.1,0.1,0.5,0,13562,0.050213833,0.017401563,0,0,0,0,0,0,0,0,0,0,5,1.194618071
139636.94,0.497813119,0.5,6621,37,0.1737,33.5625,34.5,37.27,0,0,0.25,0,0,20,0.5,0.104,5.5,50,200,0.1,0.1,0.1,0.1,0.1,0.1,0.5,0,13417,0.050905568,0.017664157,0,0,0,0,0,0,0,0,0,0,5,1.301359151
139697,0.509696897,0.5,6621,37,0.17495,33.5625,34.5625,37.25,0,0,0.07,0,0,20,0.5,0.104,5.5,50,200,0.1,0.1,0.1,0.1,0.1,0.1,0.5,0,13859,0.050364384,0.017317267,0,0,0,0,0,0,0,0,0,0,5,1.307065651
139757.05,0.511733812,0.5,6621,37,0.20865,33.5,34.5625,37.41,0,0,0.07,0,0,20,0.5,0.104,5.5,50,200,0.1,0.1,0.1,0.1,0.1,0.1,0.5,0,14749,0.049630483,0.017018103,0,0,0,0,0,0,0,0,0,0,5,1.253677459
139817.08,0.521516623,0.5,6621,37,0.15525,33.5,34.625,37.13,0,0,0.07,0,0,20,0.5,0.104,5.5,50,200,0.1,0.1,0.1,0.1,0.1,0.1,0.5,0,14694,0.049680142,0.017422077,0,0,0,0,0,0,0,0,0,0,5,1.24780326
139877.14,0.534338939,0.5,6621,37,0.17045,33.4375,34.5625,37.21,0,0,0,0,0,20,0.5,0.104,5.5,50,200,0.1,0.1,0.1,0.1,0.1,0.1,0.5,0,14091,0.051309346,0.017670854,0,0,0,0,0,0,0,0,0,0,5,1.25828071
139937.21,0.539053717,0.5,6621,37,0.15005,33.375,34.5,37.05,0,0,0,0,0,20,0.5,0.104,5.5,50,200,0.1,0.1,0.1,0.1,0.1,0.1,0.5,0,15072,0.049495754,0.017250531,0,0,0,0,0,0,0,0,0,0,5,1.221721293
139997.26,0.537363432,0.5,6621,37,0.19645,33.3125,34.5,37.11,0,0,0,0,0,20,0.5,0.104,5.5,50,200,0.1,0.1,0.1,0.1,0.1,0.1,0.5,0,15021,0.050396112,0.017641968,0,0,0,0,0,0,0,0,0,0,5,1.15121349
140057.34,0.563324431,0.5,6621,37,0.15895,33.3125,34.5,37.09,0,0,0,0,0,20,0.5,0.104,5.5,50,200,0.1,0.1,0.1,0.1,0.1,0.1,0.5,0,14740,0.050746269,0.01743555,0,0,0,0,0,0,0,0,0,0,5,1.23519602
140117.41,0.578530268,0.5,6621,37,0.13355,33.25,34.5,36.95,0,0.02,0.15,0,0,20,0.5,0.104,5.5,50,200,0.1,0.1,0.1,0.1,0.1,0.1,0.5,0,16171,0.048791046,0.017005751,0,0,0,0,0,0,0,0,0,0,0.44,1.23519602
140177.46,0.496292105,0.5,6621,37,0.57195,33,34.4375,36.07,0,0.02,0.15,0,0,20,0.5,0.104,5.5,50,200,0.1,0.1,0.1,0.1,0.1,0.1,0.5,0,14219,0.050636472,0.017652437,0,0,0,0,0,0,0,0,0,0,0.44,1.23519602
140237.52,0.443124317,0.5,6621,37,0.6081,32.9375,34.4375,35.77,0,0,0.25,0,0,20,0.5,0.104,5.5,50,200,0.1,0.1,0.1,0.1,0.1,0.1,0.5,0,13232,0.050256953,0.017684401,0,0,0,0,0,0,0,0,0,0,5,1.23519602
140297.57,0.454694359,0.5,6621,37,0.35095,33.1875,34.4375,37.01,0,0,0.07,0,0,20,0.5,0.104,5.5,50,200,0.1,0.1,0.1,0.1,0.1,0.1,0.5,0,13155,0.050931205,0.01763588,0,0,0,0,0,0,0,0,0,0,5,1.23519602
140357.64,0.470629327,0.5,6621,37,0.19315,33.5,34.5,37.43,0,0,0.07,0,0,20,0.5,0.104,5.5,50,200,0.1,0.1,0.1,0.1,0.1,0.1,0.5,0,13807,0.049467661,0.017165206,0,0,0,0,0,0,0,0,0,0,5,1.23519602
140417.67,0.486519627,0.5,6621,37,0.12255,33.5625,34.5625,37.33,0,0,0.07,0,0,20,0.5,0.104,5.5,50,200,0.1,0.1,0.1,0.1,0.1,0.1,0.5,0,13764,0.049840163,0.017436792,0,0,0,0,0,0,0,0,0,0,5,1.23519602
140477.72,0.487401444,0.5,6621,37,0.13165,33.625,34.5,37.35,0,0,0.07,0,0,20,0.5,0.104,5.5,50,200,0.1,0.1,0.1,0.1,0.1,0.1,0.5,0,13945,0.049551811,0.017497311,0,0,0,0,0,0,0,0,0,0,5,1.23519602
140537.79,0.494433257,0.5,6621,37,0.2504,33.625,34.5625,37.01,0,0,0.25,0,0,20,0.5,0.104,5.5,50,200,0.1,0.1,0.1,0.1,0.1,0.1,0.5,0,13608,0.051146384,0.017416226,0,0,0,0,0,0,0,0,0,0,5,1.23519602
140597.85,0.504899405,0.5,6621,37,0.17605,33.5625,34.5625,37.33,0,0,0.07,0,0,20,0.5,0.104,5.5,50,200,0.1,0.1,0.1,0.1,0.1,0.1,0.5,0,13994,0.050092897,0.017650422,0,0,0,0,0,0,0,0,0,0,5,1.236277341
140657.89,0.514006002,0.5,6621,37,0.14675,33.5625,34.5625,37.29,0,0,0.07,0,0,20,0.5,0.104,5.5,50,200,0.1,0.1,0.1,0.1,0.1,0.1,0.5,0,14147,0.05075281,0.017671591,0,0,0,0,0,0,0,0,0,0,5,1.228090665
140717.96,0.540980441,0.5,6621,37,0.13505,33.4375,34.5625,37.41,0,0,0.07,0,0,20,0.5,0.104,5.5,50,200,0.1,0.1,0.1,0.1,0.1,0.1,0.5,0,14860,0.049596231,0.017362046,0,0,0,0,0,0,0,0,0,0,5,1.320130677
140778.04,0.540489921,0.5,6621,37,0.19525,33.4375,34.5625,37.19,0,0.02,0.15,0,0,20,0.5,0.104,5.5,50,200,0.1,0.1,0.1,0.1,0.1,0.1,0.5,0,14545,0.050532829,0.017463046,0,0,0,0,0,0,0,0,0,0,0.44,1.320130677
140838.1,0.463146704,0.5,6621,37,0.7460396,33.25,34.5625,35.23,0,0.013267176,0.25,0,0,20,0.5,0.104,5.5,50,200,0.1,0.1,0.1,0.1,0.1,0.1,0.5,0,13804,0.049985511,0.017241379,0,0,0,0,0,0,0,0,0,0,0.44,1.320130677
140898.16,0.427364155,0.5,6621,37,0.573214029,33.1875,34.625,36.07,0,0,0.07,0,0,20,0.5,0.104,5.5,50,200,0.1,0.1,0.1,0.1,0.1,0.1,0.5,0,13269,0.049815359,0.017408998,0,0,0,0,0,0,0,0,0,0,5,1.320130677
140958.23,0.437275414,0.5,6621,37,0.25145,33.375,34.5625,37.03,0,0,0.07,0,0,20,0.5,0.104,5.5,50,200,0.1,0.1,0.1,0.1,0.1,0.1,0.5,0,12691,0.050902214,0.017886691,0,0,0,0,0,0,0,0,0,0,5,1.320130677
141018.28,0.450627633,0.5,6621,37,0.16655,33.5625,34.5,37.37,0,0,0.07,0,0,20,0.5,0.104,5.5,50,200,0.1,0.1,0.1,0.1,0.1,0.1,0.5,0,13430,0.04988831,0.017274758,0,0,0,0,0,0,0,0,0,0,5,1.320130677
141078.32,0.451978079,0.5,6621,37,0.14425,33.6875,34.5,37.45,0,0,0.07,0,0,20,0.5,0.104,5.5,50,200,0.1,0.1,0.1,0.1,0.1,0.1,0.5,0,13430,0.050260611,0.017647059,0,0,0,0,0,0,0,0,0,0,5,1.320130677
141138.39,0.467531319,0.5,6621,37,0.187,33.625,34.5,37.29,0,0,0.25,0,0,20,0.5,0.104,5.5,50,200,0.1,0.1,0.1,0.1,0.1,0.1,0.5,0,13932,0.049382716,0.01744186,0,0,0,0,0,0,0,0,0,0,5,1.320130677
141198.43,0.484256766,0.5,6621,37,0.18265,33.625,34.4375,37.41,0,0,0.07,0,0,20,0.5,0.104,5.5,50,200,0.1,0.1,0.1,0.1,0.1,0.1,0.5,0,13874,0.0500937,0.017442699,0,0,0,0,0,0,0,0,0,0,5,1.320130677
141258.47,0.494659509,0.5,6621,37,0.11625,33.5625,34.4375,37.27,0,0,0.07,0,0,20,0.5,0.104,5.5,50,200,0.1,0.1,0.1,0.1,0.1,0.1,0.5,0,14051,0.04967618,0.017080635,0,0,0,0,0,0,0,0,0,0,5,1.317887315
141318.52,0.512279814,0.5,6621,37,0.19315,33.5,34.5,37.17,0,0,0.07,0,0,20,0.5,0.104,5.5,50,200,0.1,0.1,0.1,0.1,0.1,0.1,0.5,0,14322,0.04978355,0.017455663,0,0,0,0,0,0,0,0,0,0,5,1.356996916
141378.59,0.509899821,0.5,6621,37,0.17795,33.4375,34.5,37.29,0,0,0.07,0,0,20,0.5,0.104,5.5,50,200,0.1,0.1,0.1,0.1,0.1,0.1,0.5,0,14015,0.050731359,0.017695326,0,0,0,0,0,0,0,0,0,0,5,1.275176934
141438.67,0.530800132,0.5,6621,37,0.1915,33.375,34.5,37.11,0,0,0.25,0,0,20,0.5,0.104,5.5,50,200,0.1,0.1,0.1,0.1,0.1,0.1,0.5,0,14365,0.050400278,0.017681866,0,0,0,0,0,0,0,0,0,0,5,1.331931911
141498.73,0.53436443,0.5,6621,37,0.12625,33.375,34.5,37.21,0,0,0,0,0,20,0.5,0.104,5.5,50,200,0.1,0.1,0.1,0.1,0.1,0.1,0.5,0,14980,0.05,0.017222964,0,0,0,0,0,0,0,0,0,0,5,1.28541284
141558.79,0.540688587,0.5,6621,37,0.20385,33.3125,34.5,37.09,0,0,0,0,0,20,0.5,0.104,5.5,50,200,0.1,0.1,0.1,0.1,0.1,0.1,0.5,0,14488,0.051283821,0.017393705,0,0,0,0,0,0,0,0,0,0,5,1.256438484
141618.83,0.556168222,0.5,6621,37,0.17285,33.3125,34.5625,36.89,0,0.02,0.15,0,0,20,0.5,0.104,5.5,50,200,0.1,0.1,0.1,0.1,0.1,0.1,0.5,0,15445,0.049530592,0.01741664,0,0,0,0,0,0,0,0,0,0,0.44,1.256438484
141678.9,0.483979321,0.5,6621,37,0.568325,33.0625,34.5625,35.91,0,0.017610181,0.140440724,0,0,20,0.5,0.104,5.5,50,200,0.1,0.1,0.1,0.1,0.1,0.1,0.5,0,13846,0.050556117,0.017694641,0,0,0,0,0,0,0,0,0,0,0.44,1.256438484
141738.95,0.43412447,0.5,6621,37,0.6377,33,34.6875,35.69,0,0,0.25,0,0,20,0.5,0.104,5.5,50,200,0.1,0.1,0.1,0.1,0.1,0.1,0.5,0,13068,0.050198959,0.017600245,0,0,0,0,0,0,0,0,0,0,5,1.256438484
141798.99,0.431268581,0.5,6621,37,0.34995,33.3125,34.6875,36.89,0,0,0.07,0,0,20,0.5,0.104,5.5,50,200,0.1,0.1,0.1,0.1,0.1,0.1,0.5,0,13491,0.049143874,0.017493144,0,0,0,0,0,0,0,0,0,0,5,1.256438484
141859.1,0.458940662,0.5,6621,37,0.19655,33.5625,34.6875,37.45,0,0,0.07,0,0,20,0.5,0.104,5.5,50,200,0.1,0.1,0.1,0.1,0.1,0.1,0.5,0,12897,0.050864542,0.017911142,0,0,0,0,0,0,0,0,0,0,5,1.256438484
141919.18,0.456701363,0.5,6621,37,0.11705,33.6875,34.625,37.51,0,0,0.07,0,0,20,0.5,0.104,5.5,50,200,0.1,0.1,0.1,0.1,0.1,0.1,0.5,0,13412,0.049955264,0.017670743,0,0,0,0,0,0,0,0,0,0,5,1.256438484
141979.23,0.470917141,0.5,6621,37,0.08875,33.75,34.6875,37.51,0,0,0.07,0,0,20,0.5,0.104,5.5,50,200,0.1,0.1,0.1,0.1,0.1,0.1,0.5,0,13377,0.050384989,0.017268446,0,0,0,0,0,0,0,0,0,0,5,1.256438484
142039.3,0.484587472,0.5,6621,37,0.1553,33.6875,34.75,37.37,0,0,0.25,0,0,20,0.5,0.104,5.5,50,200,0.1,0.1,0.1,0.1,0.1,0.1,0.5,0,13806,0.050050703,0.017673475,0,0,0,0,0,0,0,0,0,0,5,1.256438484
142099.35,0.498009377,0.5,6621,37,0.19215,33.5625,34.6875,37.27,0,0,0.07,0,0,20,0.5,0.104,5.5,50,200,0.1,0.1,0.1,0.1,0.1,0.1,0.5,0,13804,0.050854825,0.017603593,0,0,0,0,0,0,0,0,0,0,5,1.275579413
142159.42,0.505148521,0.5,6621,37,0.19115,33.5625,34.6875,37.29,0,0,0.07,0,0,20,0.5,0.104,5.5,50,200,0.1,0.1,0.1,0.1,0.1,0.1,0.5,0,13881,0.050644766,0.017650025,0,0,0,0,0,0,0,0,0,0,5,1.254501187
142219.46,0.507109565,0.5,6621,37,0.12065,33.5,34.625,37.35,0,0,0.07,0,0,20,0.5,0.104,5.5,50,200,0.1,0.1,0.1,0.1,0.1,0.1,0.5,0,14906,0.048973568,0.017308466,0,0,0,0,0,0,0,0,0,0,5,1.203399918
142279.51,0.53174237,0.5,6621,37,0.15055,33.4375,34.625,37.25,0,0,0.07,0,0,20,0.5,0.104,5.5,50,200,0.1,0.1,0.1,0.1,0.1,0.1,0.5,0,14526,0.050117032,0.017417045,0,0,0,0,0,0,0,0,0,0,5,1.285525985
142339.57,0.540110747,0.5,6621,37,0.18775,33.375,34.5625,37.11,0,0,0,0,0,20,0.5,0.104,5.5,50,200,0.1,0.1,0.1,0.1,0.1,0.1,0.5,0,14633,0.050160596,0.017426365,0,0,0,0,0,0,0,0,0,0,5,1.268094984
142399.64,0.54252298,0.5,6621,37,0.18475,33.3125,34.5625,37.05,0,0.02,0.15,0,0,20,0.5,0.104,5.5,50,200,0.1,0.1,0.1,0.1,0.1,0.1,0.5,0,15120,0.049404762,0.01739418,0,0,0,0,0,0,0,0,0,0,0.44,1.268094984
142459.68,0.464623086,0.5,6621,37,0.633225,33,34.5625,35.93,0,0.013671181,0.124684726,0,0,20,0.5,0.104,5.5,50,200,0.1,0.1,0.1,0.1,0.1,0.1,0.5,0,13313,0.051303237,0.01750169,0,0,0,0,0,0,0,0,0,0,0.44,1.268094984
142519.74,0.411176663,0.5,6621,37,0.669002084,33,34.625,35.89,0,0,0.07,0,0,20,0.5,0.104,5.5,50,200,0.1,0.1,0.1,0.1,0.1,0.1,0.5,0,12675,0.051282051,0.017672584,0,0,0,0,0,0,0,0,0,0,5,1.268094984
142579.82,0.425678252,0.5,6621,37,0.32755,33.3125,34.5625,36.81,0,0,0.07,0,0,20,0.5,0.104,5.5,50,200,0.1,0.1,0.1,0.1,0.1,0.1,0.5,0,13327,0.050123809,0.01755834,0,0,0,0,0,0,0,0,0,0,5,1.268094984
142639.89,0.444151928,0.5,6621,37,0.2472,33.5,34.625,37.21,0,0,0.25,0,0,20,0.5,0.104,5.5,50,200,0.1,0.1,0.1,0.1,0.1,0.1,0.5,0,13567,0.049753077,0.01739515,0,0,0,0,0,0,0,0,0,0,5,1.268094984
142699.95,0.481913611,0.5,6621,37,0.13275,33.625,34.5625,37.67,0,0,0.07,0,0,20,0.5,0.104,5.5,50,200,0.1,0.1,0.1,0.1,0.1,0.1,0.5,0,13734,0.049657784,0.017402068,0,0,0,0,0,0,0,0,0,0,5,1.268094984
142759.98,0.477550341,0.5,6621,37,0.11825,33.6875,34.625,37.45,0,0,0.07,0,0,20,0.5,0.104,5.5,50,200,0.1,0.1,0.1,0.1,0.1,0.1,0.5,0,13312,0.051156851,0.017728365,0,0,0,0,0,0,0,0,0,0,5,1.268094984
142820.05,0.481466649,0.5,6621,37,0.13085,33.625,34.6875,37.55,0,0,0.07,0,0,20,0.5,0.104,5.5,50,200,0.1,0.1,0.1,0.1,0.1,0.1,0.5,0,13944,0.050272519,0.017570281,0,0,0,0,0,0,0,0,0,0,5,1.268094984
142880.13,0.486435256,0.5,6621,37,0.15445,33.5625,34.6875,37.19,0,0,0.07,0,0,20,0.5,0.104,5.5,50,200,0.1,0.1,0.1,0.1,0.1,0.1,0.5,0,13885,0.050702197,0.017716961,0,0,0,0,0,0,0,0,0,0,5,1.235490779
142940.2,0.494211337,0.5,6621,37,0.1782,33.5625,34.75,37.21,0,0,0.25,0,0,20,0.5,0.104,5.5,50,200,0.1,0.1,0.1,0.1,0.1,0.1,0.5,0,13767,0.051790514,0.017941454,0,0,0,0,0,0,0,0,0,0,5,1.221294507
143000.25,0.516730575,0.5,6621,37,0.16445,33.5,34.75,37.09,0,0,0.07,0,0,20,0.5,0.104,5.5,50,200,0.1,0.1,0.1,0.1,0.1,0.1,0.5,0,14731,0.049691128,0.017310434,0,0,0,0,0,0,0,0,0,0,5,1.293904901
143060.3,0.529916672,0.5,6621,37,0.19645,33.4375,34.75,37.29,0,0,0.07,0,0,20,0.5,0.104,5.5,50,200,0.1,0.1,0.1,0.1,0.1,0.1,0.5,0,13610,0.052755327,0.018221896,0,0,0,0,0,0,0,0,0,0,5,1.30480415
143120.37,0.523388417,0.5,6621,37,0.18455,33.375,34.6875,37.13,0,0,0,0,0,20,0.5,0.104,5.5,50,200,0.1,0.1,0.1,0.1,0.1,0.1,0.5,0,15213,0.049825807,0.017156379,0,0,0,0,0,0,0,0,0,0,5,1.202376207
143180.42,0.5416115,0.5,6621,37,0.18095,33.375,34.6875,37.11,0,0,0,0,0,20,0.5,0.104,5.5,50,200,0.1,0.1,0.1,0.1,0.1,0.1,0.5,0,14371,0.05135342,0.017883237,0,0,0,0,0,0,0,0,0,0,5,1.244932683
143240.47,0.54326722,0.5,6621,37,0.598325,33.3125,34.6875,35.71,0,0.02,0.25,0,0,20,0.5,0.104,5.5,50,200,0.1,0.1,0.1,0.1,0.1,0.1,0.5,0,14677,0.051713565,0.017851059,0,0,0,0,0,0,0,0,0,0,0.44,1.244932683
143300.57,0.498718507,0.5,6621,37,0.578975,33.0625,34.625,35.91,0,0.02,0.15,0,0,20,0.5,0.104,5.5,50,200,0.1,0.1,0.1,0.1,0.1,0.1,0.5,0,13849,0.051483862,0.017618601,0,0,0,0,0,0,0,0,0,0,0.44,1.244932683
143360.62,0.423524533,0.5,6621,37,0.6578,32.9375,34.5625,35.69,0,0,0.07,0,0,20,0.5,0.104,5.5,50,200,0.1,0.1,0.1,0.1,0.1,0.1,0.5,0,13139,0.05061268,0.017581247,0,0,0,0,0,0,0,0,0,0,5,1.244932683
143420.7,0.439454209,0.5,6621,37,0.33505,33.1875,34.625,36.73,0,0,0.07,0,0,20,0.5,0.104,5.5,50,200,0.1,0.1,0.1,0.1,0.1,0.1,0.5,0,13414,0.050022365,0.017593559,0,0,0,0,0,0,0,0,0,0,5,1.244932683
143480.77,0.443373067,0.5,6621,37,0.27145,33.375,34.625,37.25,0,0,0.07,0,0,20,0.5,0.104,5.5,50,200,0.1,0.1,0.1,0.1,0.1,0.1,0.5,0,13809,0.04960533,0.01716272,0,0,0,0,0,0,0,0,0,0,5,1.244932683
143540.82,0.447597463,0.5,6621,37,0.2324,33.5,34.5,37.19,0,0,0.25,0,0,20,0.5,0.104,5.5,50,200,0.1,0.1,0.1,0.1,0.1,0.1,0.5,0,12880,0.051940994,0.017624224,0,0,0,0,0,0,0,0,0,0,5,1.244932683
143600.86,0.461028281,0.5,6621,37,0.13945,33.5,34.4375,37.55,0,0,0.07,0,0,20,0.5,0.104,5.5,50,200,0.1,0.1,0.1,0.1,0.1,0.1,0.5,0,13632,0.05032277,0.017605634,0,0,0,0,0,0,0,0,0,0,5,1.244932683
143660.9,0.471134675,0.5,6621,37,0.12125,33.4375,34.5,37.45,0,0,0.07,0,0,20,0.5,0.104,5.5,50,200,0.1,0.1,0.1,0.1,0.1,0.1,0.5,0,14547,0.048807314,0.017254417,0,0,0,0,0,0,0,0,0,0,5,1.244932683
143720.96,0.490182437,0.5,6621,37,0.17875,33.4375,34.5,37.41,0,0,0.07,0,0,20,0.5,0.104,5.5,50,200,0.1,0.1,0.1,0.1,0.1,0.1,0.5,0,13637,0.051550928,0.017745839,0,0,0,0,0,0,0,0,0,0,5,1.301587018
143781.03,0.487559112,0.5,6621,37,0.17035,33.375,34.5625,37.45,0,0,0.07,0,0,20,0.5,0.104,5.5,50,200,0.1,0.1,0.1,0.1,0.1,0.1,0.5,0,14535,0.049879601,0.017199862,0,0,0,0,0,0,0,0,0,0,5,1.220409354
143841.08,0.509317074,0.5,6621,37,0.1988,33.375,34.625,37.13,0,0,0.25,0,0,20,0.5,0.104,5.5,50,200,0.1,0.1,0.1,0.1,0.1,0.1,0.5,0,14759,0.050071143,0.017480859,0,0,0,0,0,0,0,0,0,0,5,1.290366543
143901.19,0.514365458,0.5,6621,37,0.18625,33.375,34.625,37.21,0,0,0.07,0,0,20,0.5,0.104,5.5,50,200,0.1,0.1,0.1,0.1,0.1,0.1,0.5,0,14505,0.051223716,0.01737332,0,0,0,0,0,0,0,0,0,0,5,1.255438003
143961.25,0.522296352,0.5,6621,37,0.17465,33.375,34.625,37.13,0,0,0,0,0,20,0.5,0.104,5.5,50,200,0.1,0.1,0.1,0.1,0.1,0.1,0.5,0,14560,0.051167582,0.017651099,0,0,0,0,0,0,0,0,0,0,5,1.238569495
144021.33,0.545836875,0.5,6621,37,0.19425,33.375,34.6875,37.25,0,0,0,0,0,20,0.5,0.104,5.5,50,200,0.1,0.1,0.1,0.1,0.1,0.1,0.5,0,14512,0.051199008,0.017502756,0,0,0,0,0,0,0,0,0,0,5,1.308896071
144081.41,0.552635484,0.5,6621,37,0.14855,33.375,34.6875,37.19,0,0.02,0.15,0,0,20,0.5,0.104,5.5,50,200,0.1,0.1,0.1,0.1,0.1,0.1,0.5,0,13978,0.052940335,0.01802833,0,0,0,0,0,0,0,0,0,0,0.44,1.308896071
144141.48,0.469474038,0.5,6621,37,0.741131978,33.0625,34.6875,35.21,0,0.015335485,0.25,0,0,20,0.5,0.104,5.5,50,200,0.1,0.1,0.1,0.1,0.1,0.1,0.5,0,13948,0.050616576,0.017565242,0,0,0,0,0,0,0,0,0,0,0.44,1.308896071
144201.55,0.444111454,0.5,6621,37,0.595719399,33.0625,34.75,36.15,0,0,0.07,0,0,20,0.5,0.104,5.5,50,200,0.1,0.1,0.1,0.1,0.1,0.1,0.5,0,12490,0.052281825,0.017934347,0,0,0,0,0,0,0,0,0,0,5,1.308896071
144261.63,0.439227327,0.5,6621,37,0.32765,33.3125,34.75,36.77,0,0,0.07,0,0,20,0.5,0.104,5.5,50,200,0.1,0.1,0.1,0.1,0.1,0.1,0.5,0,12982,0.051147743,0.017947928,0,0,0,0,0,0,0,0,0,0,5,1.308896071
144321.71,0.465734493,0.5,6621,37,0.22665,33.5,34.6875,37.37,0,0,0.07,0,0,20,0.5,0.104,5.5,50,200,0.1,0.1,0.1,0.1,0.1,0.1,0.5,0,13317,0.050912368,0.017946985,0,0,0,0,0,0,0,0,0,0,5,1.308896071
144381.78,0.469831811,0.5,6621,37,0.19055,33.5625,34.625,37.43,0,0,0.07,0,0,20,0.5,0.104,5.5,50,200,0.1,0.1,0.1,0.1,0.1,0.1,0.5,0,13105,0.052193819,0.017932087,0,0,0,0,0,0,0,0,0,0,5,1.308896071
144441.85,0.480030501,0.5,6621,37,0.1394,33.625,34.6875,37.49,0,0,0.25,0,0,20,0.5,0.104,5.5,50,200,0.1,0.1,0.1,0.1,0.1,0.1,0.5,0,13650,0.050769231,0.017728938,0,0,0,0,0,0,0,0,0,0,5,1.308896071
144501.92,0.485437998,0.5,6621,37,0.12145,33.5625,34.5625,37.29,0,0,0.07,0,0,20,0.5,0.104,5.5,50,200,0.1,0.1,0.1,0.1,0.1,0.1,0.5,0,13289,0.051997893,0.017834299,0,0,0,0,0,0,0,0,0,0,5,1.308896071
144561.97,0.496416754,0.5,6621,37,0.17065,33.5,34.625,37.49,0,0,0.07,0,0,20,0.5,0.104,5.5,50,200,0.1,0.1,0.1,0.1,0.1,0.1,0.5,0,14387,0.05053173,0.01758532,0,0,0,0,0,0,0,0,0,0,5,1.310543958
144622.04,0.511247845,0.5,6621,37,0.16435,33.4375,34.5625,37.25,0,0,0.07,0,0,20,0.5,0.104,5.5,50,200,0.1,0.1,0.1,0.1,0.1,0.1,0.5,0,14702,0.049857162,0.017276561,0,0,0,0,0,0,0,0,0,0,5,1.333332825
144682.08,0.508857633,0.5,6621,37,0.18215,33.375,34.5625,37.19,0,0,0.07,0,0,20,0.5,0.104,5.5,50,200,0.1,0.1,0.1,0.1,0.1,0.1,0.5,0,13726,0.052236631,0.017849337,0,0,0,0,0,0,0,0,0,0,5,1.252607544
144742.12,0.521924052,0.5,6621,37,0.13845,33.375,34.5625,37.19,0,0,0.25,0,0,20,0.5,0.104,5.5,50,200,0.1,0.1,0.1,0.1,0.1,0.1,0.5,0,14744,0.051003798,0.017227347,0,0,0,0,0,0,0,0,0,0,5,1.26603858
144802.18,0.528550796,0.5,6621,37,0.18365,33.3125,34.625,36.97,0,0,0,0,0,20,0.5,0.104,5.5,50,200,0.1,0.1,0.1,0.1,0.1,0.1,0.5,0,14280,0.052030812,0.017717087,0,0,0,0,0,0,0,0,0,0,5,1.240587145
144862.25,0.552657284,0.5,6621,37,0.14735,33.375,34.6875,37.19,0,0,0,0,0,20,0.5,0.104,5.5,50,200,0.1,0.1,0.1,0.1,0.1,0.1,0.5,0,15235,0.050672793,0.017591073,0,0,0,0,0,0,0,0,0,0,5,1.312355257
144922.32,0.54927203,0.5,6621,37,0.18405,33.3125,34.625,37.13,0,0.02,0.15,0,0,20,0.5,0.104,5.5,50,200,0.1,0.1,0.1,0.1,0.1,0.1,0.5,0,14971,0.051232383,0.017500501,0,0,0,0,0,0,0,0,0,0,0.44,1.312355257
144982.39,0.487923181,0.5,6621,37,0.5437,33.0625,34.6875,35.91,0,0.017430097,0.139720387,0,0,20,0.5,0.104,5.5,50,200,0.1,0.1,0.1,0.1,0.1,0.1,0.5,0,13747,0.051793118,0.017894813,0,0,0,0,0,0,0,0,0,0,0.44,1.312355257
145042.44,0.427687313,0.5,6621,37,0.627434714,33,34.75,35.91,0,0,0.25,0,0,20,0.5,0.104,5.5,50,200,0.1,0.1,0.1,0.1,0.1,0.1,0.5,0,12894,0.051729487,0.017915309,0,0,0,0,0,0,0,0,0,0,5,1.312355257
145102.5,0.439257338,0.5,6621,37,0.36585,33.25,34.75,36.93,0,0,0.07,0,0,20,0.5,0.104,5.5,50,200,0.1,0.1,0.1,0.1,0.1,0.1,0.5,0,13002,0.0512998,0.017843409,0,0,0,0,0,0,0,0,0,0,5,1.312355257
145162.54,0.444883073,0.5,6621,37,0.21955,33.4375,34.75,37.27,0,0,0.07,0,0,20,0.5,0.104,5.5,50,200,0.1,0.1,0.1,0.1,0.1,0.1,0.5,0,13852,0.049595726,0.017542593,0,0,0,0,0,0,0,0,0,0,5,1.312355257
145222.6,0.448152212,0.5,6621,37,0.15695,33.6875,34.75,37.41,0,0,0.07,0,0,20,0.5,0.104,5.5,50,200,0.1,0.1,0.1,0.1,0.1,0.1,0.5,0,14086,0.04990771,0.017251171,0,0,0,0,0,0,0,0,0,0,5,1.312355257
145282.67,0.469989955,0.5,6621,37,0.16435,33.6875,34.8125,37.41,0,0,0.07,0,0,20,0.5,0.104,5.5,50,200,0.1,0.1,0.1,0.1,0.1,0.1,0.5,0,13353,0.051598892,0.0178986,0,0,0,0,0,0,0,0,0,0,5,1.312355257
145342.74,0.496809436,0.5,6621,37,0.12345,33.6875,34.875,37.35,0,0,0.25,0,0,20,0.5,0.104,5.5,50,200,0.1,0.1,0.1,0.1,0.1,0.1,0.5,0,13659,0.051101838,0.017936891,0,0,0,0,0,0,0,0,0,0,5,1.312355257
145402.8,0.489833188,0.5,6621,37,0.17125,33.5625,34.75,37.29,0,0,0.07,0,0,20,0.5,0.104,5.5,50,200,0.1,0.1,0.1,0.1,0.1,0.1,0.5,0,14065,0.051190899,0.017703519,0,0,0,0,0,0,0,0,0,0,5,1.204312624
145462.85,0.49271524,0.5,6621,37,0.19225,33.5,34.75,37.13,0,0,0.07,0,0,20,0.5,0.104,5.5,50,200,0.1,0.1,0.1,0.1,0.1,0.1,0.5,0,14453,0.050646925,0.017435826,0,0,0,0,0,0,0,0,0,0,5,1.161696492
145522.9,0.518054967,0.5,6621,37,0.18035,33.4375,34.6875,37.13,0,0,0.07,0,0,20,0.5,0.104,5.5,50,200,0.1,0.1,0.1,0.1,0.1,0.1,0.5,0,13954,0.052314748,0.018059338,0,0,0,0,0,0,0,0,0,0,5,1.25406152
145582.98,0.523743041,0.5,6621,37,0.11485,33.375,34.625,37.17,0,0,0.07,0,0,20,0.5,0.104,5.5,50,200,0.1,0.1,0.1,0.1,0.1,0.1,0.5,0,14089,0.052310313,0.017673362,0,0,0,0,0,0,0,0,0,0,5,1.224117943
145643.05,0.539831047,0.5,6621,37,0.18215,33.25,34.625,37.09,0,0,0,0,0,20,0.5,0.104,5.5,50,200,0.1,0.1,0.1,0.1,0.1,0.1,0.5,0,14398,0.05195166,0.01798861,0,0,0,0,0,0,0,0,0,0,5,1.253677137
145703.11,0.540137231,0.5,6621,37,0.11935,33.3125,34.625,37.09,0,0,0,0,0,20,0.5,0.104,5.5,50,200,0.1,0.1,0.1,0.1,0.1,0.1,0.5,0,14518,0.052211048,0.018046563,0,0,0,0,0,0,0,0,0,0,5,1.192694355
145763.22,0.541142137,0.5,6621,37,0.17755,33.25,34.6875,36.87,0,0.02,0.15,0,0,20,0.5,0.104,5.5,50,200,0.1,0.1,0.1,0.1,0.1,0.1,0.5,0,14871,0.051845875,0.017819918,0,0,0,0,0,0,0,0,0,0,0.44,1.192694355
145823.29,0.483937938,0.5,6621,37,0.571275,33,34.625,35.93,0,0.016095713,0.13438285,0,0,20,0.5,0.104,5.5,50,200,0.1,0.1,0.1,0.1,0.1,0.1,0.5,0,14465,0.050397511,0.017697891,0,0,0,0,0,0,0,0,0,0,0.44,1.192694355
145883.34,0.431313553,0.5,6621,37,0.62224312,33,34.6875,35.89,0,0,0.07,0,0,20,0.5,0.104,5.5,50,200,0.1,0.1,0.1,0.1,0.1,0.1,0.5,0,13402,0.050887927,0.017609312,0,0,0,0,0,0,0,0,0,0,5,1.192694355
145943.38,0.429693039,0.5,6621,37,0.32935,33.25,34.75,36.89,0,0,0.25,0,0,20,0.5,0.104,5.5,50,200,0.1,0.1,0.1,0.1,0.1,0.1,0.5,0,13387,0.051318443,0.017629043,0,0,0,0,0,0,0,0,0,0,5,1.192694355
146003.44,0.453704275,0.5,6621,37,0.19505,33.5,34.75,37.25,0,0,0.07,0,0,20,0.5,0.104,5.5,50,200,0.1,0.1,0.1,0.1,0.1,0.1,0.5,0,13730,0.050910415,0.017479971,0,0,0,0,0,0,0,0,0,0,5,1.192694355
146063.51,0.462647442,0.5,6621,37,0.21285,33.625,34.75,37.51,0,0,0.07,0,0,20,0.5,0.104,5.5,50,200,0.1,0.1,0.1,0.1,0.1,0.1,0.5,0,13246,0.051789219,0.01766571,0,0,0,0,0,0,0,0,0,0,5,1.192694355
146123.58,0.492702696,0.5,6621,37,0.12695,33.6875,34.8125,37.43,0,0,0.07,0,0,20,0.5,0.104,5.5,50,200,0.1,0.1,0.1,0.1,0.1,0.1,0.5,0,14588,0.049287085,0.017137373,0,0,0,0,0,0,0,0,0,0,5,1.192694355
146183.62,0.492512617,0.5,6621,37,0.13025,33.625,34.8125,37.51,0,0,0.07,0,0,20,0.5,0.104,5.5,50,200,0.1,0.1,0.1,0.1,0.1,0.1,0.5,0,14567,0.050250566,0.017230727,0,0,0,0,0,0,0,0,0,0,5,1.192694355
146243.69,0.500978285,0.5,6621,37,0.13735,33.625,34.75,37.25,0,0,0.25,0,0,20,0.5,0.104,5.5,50,200,0.1,0.1,0.1,0.1,0.1,0.1,0.5,0,14268,0.051163443,0.017521727,0,0,0,0,0,0,0,0,0,0,5,1.18418767
146303.75,0.524646354,0.5,6621,37,0.17105,33.5,34.75,37.13,0,0,0.07,0,0,20,0.5,0.104,5.5,50,200,0.1,0.1,0.1,0.1,0.1,0.1,0.5,0,14156,0.051709522,0.017730997,0,0,0,0,0,0,0,0,0,0,5,1.263463291
146363.8,0.519923383,0.5,6621,37,0.14175,33.4375,34.6875,37.25,0,0,0.07,0,0,20,0.5,0.104,5.5,50,200,0.1,0.1,0.1,0.1,0.1,0.1,0.5,0,13913,0.052397039,0.017825056,0,0,0,0,0,0,0,0,0,0,5,1.173161235
146423.87,0.537713356,0.5,6621,37,0.18785,33.375,34.625,37.17,0,0,0.07,0,0,20,0.5,0.104,5.5,50,200,0.1,0.1,0.1,0.1,0.1,0.1,0.5,0,14228,0.052502109,0.018062974,0,0,0,0,0,0,0,0,0,0,5,1.215435661
146483.95,0.547235168,0.5,6621,37,0.14185,33.3125,34.5625,37.19,0,0,0,0,0,20,0.5,0.104,5.5,50,200,0.1,0.1,0.1,0.1,0.1,0.1,0.5,0,14203,0.052312892,0.018165176,0,0,0,0,0,0,0,0,0,0,5,1.207322906
146544.02,0.552505564,0.5,6621,37,0.12525,33.25,34.625,37.13,0,0.02,0.25,0,0,20,0.5,0.104,5.5,50,200,0.1,0.1,0.1,0.1,0.1,0.1,0.5,0,14946,0.051719524,0.017596681,0,0,0,0,0,0,0,0,0,0,0.44,1.207322906
146604.07,0.484430808,0.5,6621,37,0.575,33,34.6875,35.77,0,0.017299985,0.13919994,0,0,20,0.5,0.104,5.5,50,200,0.1,0.1,0.1,0.1,0.1,0.1,0.5,0,13491,0.052405307,0.018234378,0,0,0,0,0,0,0,0,0,0,0.44,1.207322906
146664.14,0.443636532,0.5,6621,37,0.615018084,33.0625,34.75,35.83,0,0,0.07,0,0,20,0.5,0.104,5.5,50,200,0.1,0.1,0.1,0.1,0.1,0.1,0.5,0,13603,0.04991546,0.017422627,0,0,0,0,0,0,0,0,0,0,5,1.207322906
146724.21,0.433923196,0.5,6621,37,0.2751,33.3125,34.75,36.89,0,0,0.07,0,0,20,0.5,0.104,5.5,50,200,0.1,0.1,0.1,0.1,0.1,0.1,0.5,0,13382,0.050590345,0.017859812,0,0,0,0,0,0,0,0,0,0,5,1.207322906
146784.25,0.44844809,0.5,6621,37,0.1446,33.5625,34.75,37.29,0,0,0.07,0,0,20,0.5,0.104,5.5,50,200,0.1,0.1,0.1,0.1,0.1,0.1,0.5,0,13679,0.050515389,0.017398933,0,0,0,0,0,0,0,0,0,0,5,1.207322906
146844.32,0.464553329,0.5,6621,37,0.1364,33.625,34.75,37.33,0,0,0.25,0,0,20,0.5,0.104,5.5,50,200,0.1,0.1,0.1,0.1,0.1,0.1,0.5,0,13204,0.052105423,0.017949106,0,0,0,0,0,0,0,0,0,0,5,1.207322906
146904.39,0.470938586,0.5,6621,37,0.2278,33.5625,34.8125,37.45,0,0,0.07,0,0,20,0.5,0.104,5.5,50,200,0.1,0.1,0.1,0.1,0.1,0.1,0.5,0,13755,0.050817884,0.017884406,0,0,0,0,0,0,0,0,0,0,5,1.207322906
146964.45,0.492694591,0.5,6621,37,0.1673,33.625,34.8125,37.09,0,0,0.07,0,0,20,0.5,0.104,5.5,50,200,0.1,0.1,0.1,0.1,0.1,0.1,0.5,0,13098,0.052756146,0.018247061,0,0,0,0,0,0,0,0,0,0,5,1.207322906
147024.53,0.497283718,0.5,6621,37,0.1477,33.5625,34.75,37.29,0,0,0.07,0,0,20,0.5,0.104,5.5,50,200,0.1,0.1,0.1,0.1,0.1,0.1,0.5,0,13507,0.051899015,0.017990672,0,0,0,0,0,0,0,0,0,0,5,1.174770463
147084.57,0.50626686,0.5,6621,37,0.1484,33.5,34.75,37.13,0,0,0.07,0,0,20,0.5,0.104,5.5,50,200,0.1,0.1,0.1,0.1,0.1,0.1,0.5,0,14179,0.051202483,0.017420128,0,0,0,0,0,0,0,0,0,0,5,1.169741527
147144.63,0.52234425,0.5,6621,37,0.1875,33.4375,34.75,37.21,0,0,0.25,0,0,20,0.5,0.104,5.5,50,200,0.1,0.1,0.1,0.1,0.1,0.1,0.5,0,14299,0.051472131,0.01748374,0,0,0,0,0,0,0,0,0,0,5,1.205043249
147204.68,0.528419739,0.5,6621,37,0.15,33.375,34.6875,37.29,0,0,0.07,0,0,20,0.5,0.104,5.5,50,200,0.1,0.1,0.1,0.1,0.1,0.1,0.5,0,15163,0.050122008,0.017410803,0,0,0,0,0,0,0,0,0,0,5,1.179483311
147264.72,0.549170944,0.5,6621,37,0.1334,33.3125,34.625,37.01,0,0,0,0,0,20,0.5,0.104,5.5,50,200,0.1,0.1,0.1,0.1,0.1,0.1,0.5,0,14971,0.050831608,0.017366909,0,0,0,0,0,0,0,0,0,0,5,1.23606566
147324.82,0.545023344,0.5,6621,37,0.1931,33.25,34.625,37.03,0,0.02,0.15,0,0,20,0.5,0.104,5.5,50,200,0.1,0.1,0.1,0.1,0.1,0.1,0.5,0,15467,0.050429948,0.017262559,0,0,0,0,0,0,0,0,0,0,0.44,1.23606566
147384.87,0.480453571,0.5,6621,37,0.59965,33,34.625,35.89,0,0.016029092,0.134116369,0,0,20,0.5,0.104,5.5,50,200,0.1,0.1,0.1,0.1,0.1,0.1,0.5,0,13754,0.05154864,0.017958412,0,0,0,0,0,0,0,0,0,0,0.44,1.23606566
147444.92,0.44030921,0.5,6621,37,0.624286185,32.9375,34.625,35.89,0,0,0.25,0,0,20,0.5,0.104,5.5,50,200,0.1,0.1,0.1,0.1,0.1,0.1,0.5,0,13517,0.050454983,0.017459495,0,0,0,0,0,0,0,0,0,0,5,1.23606566
147504.98,0.451493788,0.5,6621,37,0.3008,33.1875,34.6875,36.81,0,0,0.07,0,0,20,0.5,0.104,5.5,50,200,0.1,0.1,0.1,0.1,0.1,0.1,0.5,0,13150,0.051330798,0.017642586,0,0,0,0,0,0,0,0,0,0,5,1.23606566
147565.02,0.451246772,0.5,6621,37,0.2139,33.4375,34.75,37.33,0,0,0.07,0,0,20,0.5,0.104,5.5,50,200,0.1,0.1,0.1,0.1,0.1,0.1,0.5,0,13317,0.051062552,0.017871893,0,0,0,0,0,0,0,0,0,0,5,1.23606566
147625.09,0.459940819,0.5,6621,37,0.1463,33.5,34.75,37.35,0,0,0.07,0,0,20,0.5,0.104,5.5,50,200,0.1,0.1,0.1,0.1,0.1,0.1,0.5,0,13916,0.050229951,0.017390055,0,0,0,0,0,0,0,0,0,0,5,1.23606566
147685.14,0.472564249,0.5,6621,37,0.2058,33.5625,34.8125,37.43,0,0,0.07,0,0,20,0.5,0.104,5.5,50,200,0.1,0.1,0.1,0.1,0.1,0.1,0.5,0,14306,0.049769328,0.017335384,0,0,0,0,0,0,0,0,0,0,5,1.23606566
147745.22,0.494454811,0.5,6621,37,0.1753,33.5625,34.8125,37.35,0,0,0.25,0,0,20,0.5,0.104,5.5,50,200,0.1,0.1,0.1,0.1,0.1,0.1,0.5,0,13576,0.05141426,0.017825575,0,0,0,0,0,0,0,0,0,0,5,1.23606566
147805.3,0.486735844,0.5,6621,37,0.1283,33.5,34.8125,37.21,0,0,0.07,0,0,20,0.5,0.104,5.5,50,200,0.1,0.1,0.1,0.1,0.1,0.1,0.5,0,14159,0.050921675,0.017515361,0,0,0,0,0,0,0,0,0,0,5,1.127059769
147865.38,0.508265541,0.5,6621,37,0.1817,33.5,34.75,37.37,0,0,0.07,0,0,20,0.5,0.104,5.5,50,200,0.1,0.1,0.1,0.1,0.1,0.1,0.5,0,14072,0.051805003,0.017836839,0,0,0,0,0,0,0,0,0,0,5,1.200554186
147925.45,0.49560643,0.5,6621,37,0.1368,33.375,34.75,37.29,0,0,0.07,0,0,20,0.5,0.104,5.5,50,200,0.1,0.1,0.1,0.1,0.1,0.1,0.5,0,14169,0.051873809,0.017855883,0,0,0,0,0,0,0,0,0,0,5,1.064860761
147985.49,0.525352199,0.5,6621,37,0.1372,33.375,34.6875,37.01,0,0,0.07,0,0,20,0.5,0.104,5.5,50,200,0.1,0.1,0.1,0.1,0.1,0.1,0.5,0,14263,0.051602047,0.01801865,0,0,0,0,0,0,0,0,0,0,5,1.186478028
148045.56,0.534600182,0.5,6621,37,0.196,33.3125,34.6875,36.89,0,0,0,0,0,20,0.5,0.104,5.5,50,200,0.1,0.1,0.1,0.1,0.1,0.1,0.5,0,14919,0.051142838,0.017695556,0,0,0,0,0,0,0,0,0,0,5,1.17950488
148105.64,0.548818482,0.5,6621,37,0.1992,33.3125,34.625,37.09,0,0,0,0,0,20,0.5,0.104,5.5,50,200,0.1,0.1,0.1,0.1,0.1,0.1,0.5,0,14566,0.051627077,0.017575175,0,0,0,0,0,0,0,0,0,0,5,1.199275463
148165.71,0.554435638,0.5,6621,37,0.1939,33.1875,34.5625,36.89,0,0.02,0.15,0,0,20,0.5,0.104,5.5,50,200,0.1,0.1,0.1,0.1,0.1,0.1,0.5,0,15342,0.05090601,0.017663929,0,0,0,0,0,0,0,0,0,0,0.44,1.199275463
148225.75,0.486714697,0.5,6621,37,0.553375,32.9375,34.625,36.07,0,0.017789883,0.141159531,0,0,20,0.5,0.104,5.5,50,200,0.1,0.1,0.1,0.1,0.1,0.1,0.5,0,13949,0.051401534,0.017707363,0,0,0,0,0,0,0,0,0,0,0.44,1.199275463
148285.79,0.440485893,0.5,6621,37,0.618460504,32.9375,34.5625,35.81,0,0,0.07,0,0,20,0.5,0.104,5.5,50,200,0.1,0.1,0.1,0.1,0.1,0.1,0.5,0,14215,0.048962364,0.017305663,0,0,0,0,0,0,0,0,0,0,5,1.199275463
148345.85,0.436902109,0.5,6621,37,0.3498,33.125,34.6875,36.85,0,0,0.25,0,0,20,0.5,0.104,5.5,50,200,0.1,0.1,0.1,0.1,0.1,0.1,0.5,0,13460,0.050817236,0.017384844,0,0,0,0,0,0,0,0,0,0,5,1.199275463
148405.89,0.454661269,0.5,6621,37,0.2032,33.4375,34.6875,37.21,0,0,0.07,0,0,20,0.5,0.104,5.5,50,200,0.1,0.1,0.1,0.1,0.1,0.1,0.5,0,13867,0.050118988,0.017523617,0,0,0,0,0,0,0,0,0,0,5,1.199275463
148465.96,0.451799089,0.5,6621,37,0.1677,33.5625,34.75,37.55,0,0,0.07,0,0,20,0.5,0.104,5.5,50,200,0.1,0.1,0.1,0.1,0.1,0.1,0.5,0,14005,0.04976794,0.017565155,0,0,0,0,0,0,0,0,0,0,5,1.199275463
148526.03,0.471531379,0.5,6621,37,0.1347,33.5625,34.75,37.41,0,0,0.07,0,0,20,0.5,0.104,5.5,50,200,0.1,0.1,0.1,0.1,0.1,0.1,0.5,0,13816,0.051027794,0.017660683,0,0,0,0,0,0,0,0,0,0,5,1.199275463
148586.1,0.493348449,0.5,6621,37,0.1601,33.625,34.75,37.27,0,0,0.07,0,0,20,0.5,0.104,5.5,50,200,0.1,0.1,0.1,0.1,0.1,0.1,0.5,0,14326,0.050188469,0.017520592,0,0,0,0,0,0,0,0,0,0,5,1.199275463
148646.13,0.49683959,0.5,6621,37,0.1313,33.5625,34.75,37.33,0,0,0.25,0,0,20,0.5,0.104,5.5,50,200,0.1,0.1,0.1,0.1,0.1,0.1,0.5,0,13775,0.051397459,0.017568058,0,0,0,0,0,0,0,0,0,0,5,1.16046619
148706.2,0.50972805,0.5,6621,37,0.1697,33.5,34.75,37.17,0,0,0.07,0,0,20,0.5,0.104,5.5,50,200,0.1,0.1,0.1,0.1,0.1,0.1,0.5,0,14420,0.050762829,0.01740638,0,0,0,0,0,0,0,0,0,0,5,1.17927327
148766.26,0.510330858,0.5,6621,37,0.2002,33.4375,34.6875,37.51,0,0,0.07,0,0,20,0.5,0.104,5.5,50,200,0.1,0.1,0.1,0.1,0.1,0.1,0.5,0,14435,0.051195012,0.017388292,0,0,0,0,0,0,0,0,0,0,5,1.123855331
148826.29,0.521764141,0.5,6621,37,0.1786,33.375,34.6875,37.25,0,0,0.07,0,0,20,0.5,0.104,5.5,50,200,0.1,0.1,0.1,0.1,0.1,0.1,0.5,0,14479,0.051108502,0.01781891,0,0,0,0,0,0,0,0,0,0,5,1.134131743
148886.36,0.532545631,0.5,6621,37,0.1499,33.375,34.6875,37.19,0,0,0,0,0,20,0.5,0.104,5.5,50,200,0.1,0.1,0.1,0.1,0.1,0.1,0.5,0,14518,0.051453368,0.017908803,0,0,0,0,0,0,0,0,0,0,5,1.138783967
148946.4,0.539815283,0.5,6621,37,0.1819,33.3125,34.625,37.05,0,0,0,0,0,20,0.5,0.104,5.5,50,200,0.1,0.1,0.1,0.1,0.1,0.1,0.5,0,15156,0.050475059,0.017418844,0,0,0,0,0,0,0,0,0,0,5,1.122520045
149006.45,0.555146589,0.5,6621,37,0.1786,33.25,34.5625,37.17,0,0,0,0,0,20,0.5,0.104,5.5,50,200,0.1,0.1,0.1,0.1,0.1,0.1,0.5,0,14844,0.052074912,0.017650229,0,0,0,0,0,0,0,0,0,0,5,1.150409618
149066.53,0.553343311,0.5,6621,37,0.1526,33.1875,34.5625,37.19,0,0.02,0.15,0,0,20,0.5,0.104,5.5,50,200,0.1,0.1,0.1,0.1,0.1,0.1,0.5,0,15246,0.051554506,0.017709563,0,0,0,0,0,0,0,0,0,0,0.44,1.150409618
149126.59,0.506480773,0.5,6621,37,0.611275,32.9375,34.5625,35.77,0,0.02,0.15,0,0,20,0.5,0.104,5.5,50,200,0.1,0.1,0.1,0.1,0.1,0.1,0.5,0,13765,0.052379223,0.018089357,0,0,0,0,0,0,0,0,0,0,0.44,1.150409618
149186.63,0.428136866,0.5,6621,37,0.673025,32.875,34.625,35.81,0,0,0.07,0,0,20,0.5,0.104,5.5,50,200,0.1,0.1,0.1,0.1,0.1,0.1,0.5,0,13421,0.050964906,0.017807913,0,0,0,0,0,0,0,0,0,0,0.44,1.150409618
149246.68,0.455930014,0.5,6621,37,0.30385,33.1875,34.625,36.81,0,0,0.25,0,0,20,0.5,0.104,5.5,50,200,0.1,0.1,0.1,0.1,0.1,0.1,0.5,0,13780,0.049709724,0.017489115,0,0,0,0,0,0,0,0,0,0,5,1.150409618
149306.75,0.451796124,0.5,6621,37,0.17575,33.5,34.6875,37.27,0,0,0.07,0,0,20,0.5,0.104,5.5,50,200,0.1,0.1,0.1,0.1,0.1,0.1,0.5,0,13585,0.050496872,0.017372102,0,0,0,0,0,0,0,0,0,0,5,1.150409618
149366.79,0.458764969,0.5,6621,37,0.16495,33.5625,34.6875,37.37,0,0,0.07,0,0,20,0.5,0.104,5.5,50,200,0.1,0.1,0.1,0.1,0.1,0.1,0.5,0,13466,0.051165899,0.017822664,0,0,0,0,0,0,0,0,0,0,5,1.150409618
149426.86,0.465173046,0.5,6621,37,0.13205,33.625,34.75,37.25,0,0,0.07,0,0,20,0.5,0.104,5.5,50,200,0.1,0.1,0.1,0.1,0.1,0.1,0.5,0,13335,0.051968504,0.01799775,0,0,0,0,0,0,0,0,0,0,5,1.150409618
149486.93,0.476942763,0.5,6621,37,0.13505,33.625,34.75,37.17,0,0,0.07,0,0,20,0.5,0.104,5.5,50,200,0.1,0.1,0.1,0.1,0.1,0.1,0.5,0,14036,0.050655457,0.017668852,0,0,0,0,0,0,0,0,0,0,5,1.150409618
149546.99,0.488388458,0.5,6621,37,0.17935,33.5,34.75,37.25,0,0,0.25,0,0,20,0.5,0.104,5.5,50,200,0.1,0.1,0.1,0.1,0.1,0.1,0.5,0,14795,0.049814126,0.017505914,0,0,0,0,0,0,0,0,0,0,5,1.150409618
149607.05,0.512730213,0.5,6621,37,0.12715,33.5,34.6875,37.03,0,0,0.07,0,0,20,0.5,0.104,5.5,50,200,0.1,0.1,0.1,0.1,0.1,0.1,0.5,0,14105,0.051896491,0.017866005,0,0,0,0,0,0,0,0,0,0,5,1.23880523
149667.11,0.519410275,0.5,6621,37,0.18705,33.375,34.75,37.09,0,0,0.07,0,0,20,0.5,0.104,5.5,50,200,0.1,0.1,0.1,0.1,0.1,0.1,0.5,0,14524,0.050743597,0.017419444,0,0,0,0,0,0,0,0,0,0,5,1.215697791
149727.17,0.506435982,0.5,6621,37,0.17345,33.375,34.625,36.95,0,0,0.07,0,0,20,0.5,0.104,5.5,50,200,0.1,0.1,0.1,0.1,0.1,0.1,0.5,0,14532,0.051541426,0.017822736,0,0,0,0,0,0,0,0,0,0,5,1.079024427
149787.24,0.547406568,0.5,6621,37,0.19665,33.3125,34.625,36.97,0,0,0,0,0,20,0.5,0.104,5.5,50,200,0.1,0.1,0.1,0.1,0.1,0.1,0.5,0,15273,0.050677666,0.017678256,0,0,0,0,0,0,0,0,0,0,5,1.258454824
149847.29,0.532072816,0.5,6621,37,0.17455,33.25,34.6875,36.95,0,0,0,0,0,20,0.5,0.104,5.5,50,200,0.1,0.1,0.1,0.1,0.1,0.1,0.5,0,15125,0.050842975,0.017520661,0,0,0,0,0,0,0,0,0,0,5,1.110297755
149907.33,0.553850542,0.5,6621,37,0.17325,33.25,34.6875,37.11,0,0,0,0,0,20,0.5,0.104,5.5,50,200,0.1,0.1,0.1,0.1,0.1,0.1,0.5,0,15176,0.051396943,0.017659462,0,0,0,0,0,0,0,0,0,0,5,1.175126422
149967.41,0.555836721,0.5,6621,37,0.15055,33.25,34.625,36.89,0,0.02,0.15,0,0,20,0.5,0.104,5.5,50,200,0.1,0.1,0.1,0.1,0.1,0.1,0.5,0,14830,0.052258935,0.018071477,0,0,0,0,0,0,0,0,0,0,0.44,1.175126422
150027.48,0.498020647,0.5,6621,37,0.5796,33,34.625,35.99,0,0.019379821,0.147519285,0,0,20,0.5,0.104,5.5,50,200,0.1,0.1,0.1,0.1,0.1,0.1,0.5,0,14353,0.051069463,0.017696649,0,0,0,0,0,0,0,0,0,0,0.44,1.175126422
150087.52,0.425501341,0.5,6621,37,0.688996846,32.875,34.5625,35.55,0,0,0.07,0,0,20,0.5,0.104,5.5,50,200,0.1,0.1,0.1,0.1,0.1,0.1,0.5,0,13125,0.051809524,0.018057143,0,0,0,0,0,0,0,0,0,0,5,1.175126422
150147.59,0.448111944,0.5,6621,37,0.38985,33.125,34.5625,36.53,0,0,0.25,0,0,20,0.5,0.104,5.5,50,200,0.1,0.1,0.1,0.1,0.1,0.1,0.5,0,14109,0.050322489,0.017293926,0,0,0,0,0,0,0,0,0,0,5,1.175126422
150207.63,0.455479002,0.5,6621,37,0.26105,33.375,34.625,37.11,0,0,0.07,0,0,20,0.5,0.104,5.5,50,200,0.1,0.1,0.1,0.1,0.1,0.1,0.5,0,13554,0.051423934,0.01770695,0,0,0,0,0,0,0,0,0,0,5,1.175126422
150267.7,0.461393887,0.5,6621,37,0.19435,33.5625,34.6875,37.45,0,0,0.07,0,0,20,0.5,0.104,5.5,50,200,0.1,0.1,0.1,0.1,0.1,0.1,0.5,0,14652,0.049276549,0.017267267,0,0,0,0,0,0,0,0,0,0,5,1.175126422
150327.77,0.478116634,0.5,6621,37,0.15495,33.625,34.6875,37.51,0,0,0.07,0,0,20,0.5,0.104,5.5,50,200,0.1,0.1,0.1,0.1,0.1,0.1,0.5,0,13530,0.05195861,0.018033999,0,0,0,0,0,0,0,0,0,0,5,1.175126422
150387.84,0.487872136,0.5,6621,37,0.16025,33.625,34.6875,37.29,0,0,0.07,0,0,20,0.5,0.104,5.5,50,200,0.1,0.1,0.1,0.1,0.1,0.1,0.5,0,13801,0.051880299,0.017897254,0,0,0,0,0,0,0,0,0,0,5,1.175126422
150447.9,0.514391475,0.5,6621,37,0.14915,33.625,34.75,37.37,0,0,0.25,0,0,20,0.5,0.104,5.5,50,200,0.1,0.1,0.1,0.1,0.1,0.1,0.5,0,14706,0.050319597,0.01754386,0,0,0,0,0,0,0,0,0,0,5,1.275163832
150507.93,0.501970906,0.5,6621,37,0.15015,33.5625,34.75,37.37,0,0,0.07,0,0,20,0.5,0.104,5.5,50,200,0.1,0.1,0.1,0.1,0.1,0.1,0.5,0,14632,0.050505741,0.017632586,0,0,0,0,0,0,0,0,0,0,5,1.138078326
150567.97,0.521445322,0.5,6621,37,0.12935,33.5625,34.8125,37.25,0,0,0.07,0,0,20,0.5,0.104,5.5,50,200,0.1,0.1,0.1,0.1,0.1,0.1,0.5,0,13754,0.053293587,0.017958412,0,0,0,0,0,0,0,0,0,0,5,1.195361192
150628.01,0.536693004,0.5,6621,37,0.20425,33.375,34.8125,37.19,0,0,0.07,0,0,20,0.5,0.104,5.5,50,200,0.1,0.1,0.1,0.1,0.1,0.1,0.5,0,14554,0.051600934,0.017795795,0,0,0,0,0,0,0,0,0,0,5,1.222058596
150688.08,0.551604524,0.5,6621,37,0.21155,33.375,34.8125,37.27,0,0,0,0,0,20,0.5,0.104,5.5,50,200,0.1,0.1,0.1,0.1,0.1,0.1,0.5,0,15309,0.050558495,0.017440721,0,0,0,0,0,0,0,0,0,0,5,1.243170977
150748.13,0.547189178,0.5,6621,37,0.19915,33.375,34.75,37.09,0,0.02,0.25,0,0,20,0.5,0.104,5.5,50,200,0.1,0.1,0.1,0.1,0.1,0.1,0.5,0,15812,0.050151783,0.017455097,0,0,0,0,0,0,0,0,0,0,0.44,1.243170977
150808.21,0.504994142,0.5,6621,37,0.49075,33.1875,34.75,36.29,0,0.02,0.15,0,0,20,0.5,0.104,5.5,50,200,0.1,0.1,0.1,0.1,0.1,0.1,0.5,0,14369,0.051638945,0.017885726,0,0,0,0,0,0,0,0,0,0,0.44,1.243170977
150868.26,0.455499421,0.5,6621,37,0.62875,33.125,34.75,35.91,0,0.02,0.15,0,0,20,0.5,0.104,5.5,50,200,0.1,0.1,0.1,0.1,0.1,0.1,0.5,0,13053,0.052248525,0.018156746,0,0,0,0,0,0,0,0,0,0,0.44,1.243170977
150928.3,0.384812352,0.5,6621,37,0.6724,33.125,34.75,35.59,0,0,0.07,0,0,20,0.5,0.104,5.5,50,200,0.1,0.1,0.1,0.1,0.1,0.1,0.5,0,12463,0.051031052,0.017572013,0,0,0,0,0,0,0,0,0,0,5,1.243170977
150988.35,0.398980422,0.5,6621,37,0.3232,33.4375,34.6875,37.01,0,0,0.07,0,0,20,0.5,0.104,5.5,50,200,0.1,0.1,0.1,0.1,0.1,0.1,0.5,0,13167,0.049289891,0.017316017,0,0,0,0,0,0,0,0,0,0,5,1.243170977
151048.39,0.399037744,0.5,6621,37,0.1585,33.6875,34.75,37.59,0,0,0.25,0,0,20,0.5,0.104,5.5,50,200,0.1,0.1,0.1,0.1,0.1,0.1,0.5,0,12899,0.050391503,0.017753314,0,0,0,0,0,0,0,0,0,0,5,1.243170977
151108.45,0.413283685,0.5,6621,37,0.1517,33.75,34.6875,37.35,0,0,0.07,0,0,20,0.5,0.104,5.5,50,200,0.1,0.1,0.1,0.1,0.1,0.1,0.5,0,12539,0.051280006,0.017545259,0,0,0,0,0,0,0,0,0,0,5,1.243170977
151168.52,0.425996304,0.5,6621,37,0.1747,33.8125,34.6875,37.45,0,0,0.07,0,0,20,0.5,0.104,5.5,50,200,0.1,0.1,0.1,0.1,0.1,0.1,0.5,0,13253,0.050177318,0.01765638,0,0,0,0,0,0,0,0,0,0,5,1.243170977
151228.55,0.434939172,0.5,6621,37,0.1483,33.75,34.75,37.21,0,0,0.07,0,0,20,0.5,0.104,5.5,50,200,0.1,0.1,0.1,0.1,0.1,0.1,0.5,0,12570,0.052187749,0.017979316,0,0,0,0,0,0,0,0,0,0,5,1.243170977
151288.58,0.440445884,0.5,6621,37,0.1584,33.6875,34.75,37.51,0,0,0.07,0,0,20,0.5,0.104,5.5,50,200,0.1,0.1,0.1,0.1,0.1,0.1,0.5,0,13029,0.051500499,0.017883184,0,0,0,0,0,0,0,0,0,0,5,1.21875663
151348.65,0.45787176,0.5,6621,37,0.1691,33.6875,34.75,37.43,0,0,0.25,0,0,20,0.5,0.104,5.5,50,200,0.1,0.1,0.1,0.1,0.1,0.1,0.5,0,13520,0.051257396,0.017751479,0,0,0,0,0,0,0,0,0,0,5,1.274223475
151408.7,0.479420969,0.5,6621,37,0.1716,33.5625,34.75,37.19,0,0,0.07,0,0,20,0.5,0.104,5.5,50,200,0.1,0.1,0.1,0.1,0.1,0.1,0.5,0,14099,0.050429108,0.017518973,0,0,0,0,0,0,0,0,0,0,5,1.348482048
151468.76,0.490862567,0.5,6621,37,0.1129,33.5625,34.75,37.35,0,0,0.07,0,0,20,0.5,0.104,5.5,50,200,0.1,0.1,0.1,0.1,0.1,0.1,0.5,0,14126,0.050474303,0.017414696,0,0,0,0,0,0,0,0,0,0,5,1.351813315
151528.84,0.491636663,0.5,6621,37,0.1578,33.4375,34.75,37.09,0,0,0,0,0,20,0.5,0.104,5.5,50,200,0.1,0.1,0.1,0.1,0.1,0.1,0.5,0,13373,0.052568608,0.018096164,0,0,0,0,0,0,0,0,0,0,5,1.288949959
151588.91,0.509815521,0.5,6621,37,0.14,33.5,34.8125,37.19,0,0,0,0,0,20,0.5,0.104,5.5,50,200,0.1,0.1,0.1,0.1,0.1,0.1,0.5,0,14237,0.051274847,0.017770598,0,0,0,0,0,0,0,0,0,0,5,1.333429406
151648.99,0.507214223,0.5,6621,37,0.2297,33.375,34.75,37.01,0,0,0,0,0,20,0.5,0.104,5.5,50,200,0.1,0.1,0.1,0.1,0.1,0.1,0.5,0,14667,0.049976137,0.017454149,0,0,0,0,0,0,0,0,0,0,5,1.251411466
151709.06,0.540854412,0.5,6621,37,0.1876,33.375,34.8125,37.01,0,0,0,0,0,20,0.5,0.104,5.5,50,200,0.1,0.1,0.1,0.1,0.1,0.1,0.5,0,14471,0.051067653,0.017552346,0,0,0,0,0,0,0,0,0,0,5,1.381490955
151769.12,0.518043932,0.5,6621,37,0.2158,33.3125,34.75,37.01,0,0,0,0,0,20,0.5,0.104,5.5,50,200,0.1,0.1,0.1,0.1,0.1,0.1,0.5,0,14128,0.052307475,0.018049264,0,0,0,0,0,0,0,0,0,0,5,1.183146154
151829.17,0.543227862,0.5,6621,37,0.1304,33.375,34.75,37.25,0,0,0,0,0,20,0.5,0.104,5.5,50,200,0.1,0.1,0.1,0.1,0.1,0.1,0.5,0,14354,0.052041243,0.017974084,0,0,0,0,0,0,0,0,0,0,5,1.2663953
151889.26,0.53337259,0.5,6621,37,0.1995,33.25,34.6875,37.09,0,0,0,0,0,20,0.5,0.104,5.5,50,200,0.1,0.1,0.1,0.1,0.1,0.1,0.5,0,14300,0.052657343,0.018041958,0,0,0,0,0,0,0,0,0,0,5,1.148149602
151949.33,0.540798684,0.5,6621,37,0.2192,33.25,34.625,36.97,0,0,0,0,0,20,0.5,0.104,5.5,50,200,0.1,0.1,0.1,0.1,0.1,0.1,0.5,0,15319,0.050786605,0.017494615,0,0,0,0,0,0,0,0,0,0,5,1.132222728
152009.38,0.567673741,0.5,6621,37,0.1553,33.1875,34.5625,37.03,0,0.02,0.15,0,0,20,0.5,0.104,5.5,50,200,0.1,0.1,0.1,0.1,0.1,0.1,0.5,0,15568,0.050552415,0.01766444,0,0,0,0,0,0,0,0,0,0,0.44,1.132222728
152069.42,0.50138614,0.5,6621,37,0.616175,33,34.6875,35.83,0,0.02,0.15,0,0,20,0.5,0.104,5.5,50,200,0.1,0.1,0.1,0.1,0.1,0.1,0.5,0,14013,0.051809034,0.017983301,0,0,0,0,0,0,0,0,0,0,0.44,1.132222728
152129.51,0.445213664,0.5,6621,37,0.667125,32.875,34.6875,35.61,0,0.001352683,0.075410731,0,0,20,0.5,0.104,5.5,50,200,0.1,0.1,0.1,0.1,0.1,0.1,0.5,0,13108,0.052105584,0.017927983,0,0,0,0,0,0,0,0,0,0,0.44,1.132222728
152189.57,0.435080519,0.5,6621,37,0.395768965,33.0625,34.6875,36.41,0,0,0.07,0,0,20,0.5,0.104,5.5,50,200,0.1,0.1,0.1,0.1,0.1,0.1,0.5,0,13341,0.050445994,0.017689828,0,0,0,0,0,0,0,0,0,0,5,1.132222728
152249.64,0.453866078,0.5,6621,37,0.2895,33.4375,34.75,36.97,0,0,0.25,0,0,20,0.5,0.104,5.5,50,200,0.1,0.1,0.1,0.1,0.1,0.1,0.5,0,13357,0.050834768,0.017593771,0,0,0,0,0,0,0,0,0,0,5,1.132222728
152309.71,0.449276114,0.5,6621,37,0.1828,33.5625,34.8125,37.45,0,0,0.07,0,0,20,0.5,0.104,5.5,50,200,0.1,0.1,0.1,0.1,0.1,0.1,0.5,0,13400,0.051044776,0.017462687,0,0,0,0,0,0,0,0,0,0,5,1.132222728
152369.76,0.459581023,0.5,6621,37,0.1811,33.6875,34.8125,37.41,0,0,0.07,0,0,20,0.5,0.104,5.5,50,200,0.1,0.1,0.1,0.1,0.1,0.1,0.5,0,12901,0.052244012,0.018060615,0,0,0,0,0,0,0,0,0,0,5,1.132222728
152429.8,0.465369324,0.5,6621,37,0.1046,33.6875,34.875,37.59,0,0,0.07,0,0,20,0.5,0.104,5.5,50,200,0.1,0.1,0.1,0.1,0.1,0.1,0.5,0,13993,0.050382334,0.017580219,0,0,0,0,0,0,0,0,0,0,5,1.132222728
152489.85,0.476864158,0.5,6621,37,0.1535,33.625,34.75,37.35,0,0,0.07,0,0,20,0.5,0.104,5.5,50,200,0.1,0.1,0.1,0.1,0.1,0.1,0.5,0,14178,0.050571308,0.017632952,0,0,0,0,0,0,0,0,0,0,5,1.132222728
152549.9,0.497129461,0.5,6621,37,0.1468,33.5625,34.75,37.21,0,0,0.25,0,0,20,0.5,0.104,5.5,50,200,0.1,0.1,0.1,0.1,0.1,0.1,0.5,0,13271,0.052972647,0.018159898,0,0,0,0,0,0,0,0,0,0,5,1.200468028
152609.94,0.493797158,0.5,6621,37,0.2161,33.5625,34.75,37.29,0,0,0.07,0,0,20,0.5,0.104,5.5,50,200,0.1,0.1,0.1,0.1,0.1,0.1,0.5,0,13897,0.051809743,0.017917536,0,0,0,0,0,0,0,0,0,0,5,1.120267656
152669.98,0.496188978,0.5,6621,37,0.1592,33.4375,34.6875,37.33,0,0,0.07,0,0,20,0.5,0.104,5.5,50,200,0.1,0.1,0.1,0.1,0.1,0.1,0.5,0,14650,0.050511945,0.017679181,0,0,0,0,0,0,0,0,0,0,5,1.078750383
152730.06,0.520467829,0.5,6621,37,0.1953,33.375,34.6875,37.03,0,0,0.07,0,0,20,0.5,0.104,5.5,50,200,0.1,0.1,0.1,0.1,0.1,0.1,0.5,0,14475,0.051260794,0.017823834,0,0,0,0,0,0,0,0,0,0,5,1.168126527
152790.13,0.544972629,0.5,6621,37,0.1001,33.3125,34.6875,37.17,0,0,0,0,0,20,0.5,0.104,5.5,50,200,0.1,0.1,0.1,0.1,0.1,0.1,0.5,0,14592,0.051672149,0.01754386,0,0,0,0,0,0,0,0,0,0,5,1.247742678
152850.21,0.540567263,0.5,6621,37,0.1736,33.3125,34.6875,36.95,0,0.02,0.25,0,0,20,0.5,0.104,5.5,50,200,0.1,0.1,0.1,0.1,0.1,0.1,0.5,0,13938,0.053379251,0.018008323,0,0,0,0,0,0,0,0,0,0,0.44,1.247742678
152910.26,0.477858465,0.5,6621,37,0.537125,33.125,34.75,36.13,0,0.015243725,0.1309749,0,0,20,0.5,0.104,5.5,50,200,0.1,0.1,0.1,0.1,0.1,0.1,0.5,0,14770,0.050033852,0.017264726,0,0,0,0,0,0,0,0,0,0,0.44,1.247742678
152970.33,0.437976117,0.5,6621,37,0.587268989,33.0625,34.8125,35.99,0,0,0.07,0,0,20,0.5,0.104,5.5,50,200,0.1,0.1,0.1,0.1,0.1,0.1,0.5,0,13701,0.05058025,0.017370995,0,0,0,0,0,0,0,0,0,0,5,1.247742678
153030.41,0.45458597,0.5,6621,37,0.3437,33.25,34.75,36.77,0,0,0.07,0,0,20,0.5,0.104,5.5,50,200,0.1,0.1,0.1,0.1,0.1,0.1,0.5,0,13613,0.050760303,0.017556747,0,0,0,0,0,0,0,0,0,0,5,1.247742678
153090.48,0.456559595,0.5,6621,37,0.1732,33.5625,34.8125,37.25,0,0,0.07,0,0,20,0.5,0.104,5.5,50,200,0.1,0.1,0.1,0.1,0.1,0.1,0.5,0,13822,0.050426856,0.017580668,0,0,0,0,0,0,0,0,0,0,5,1.247742678
153150.51,0.479400037,0.5,6621,37,0.203,33.625,34.8125,37.49,0,0,0.25,0,0,20,0.5,0.104,5.5,50,200,0.1,0.1,0.1,0.1,0.1,0.1,0.5,0,13586,0.051376417,0.017665244,0,0,0,0,0,0,0,0,0,0,5,1.247742678
153210.58,0.488426131,0.5,6621,37,0.1492,33.625,34.8125,37.37,0,0,0.07,0,0,20,0.5,0.104,5.5,50,200,0.1,0.1,0.1,0.1,0.1,0.1,0.5,0,14076,0.050653595,0.017476556,0,0,0,0,0,0,0,0,0,0,5,1.247742678
153270.65,0.490920505,0.5,6621,37,0.1817,33.5625,34.875,37.17,0,0,0.07,0,0,20,0.5,0.104,5.5,50,200,0.1,0.1,0.1,0.1,0.1,0.1,0.5,0,13940,0.051291248,0.017934003,0,0,0,0,0,0,0,0,0,0,5,1.247742678
153330.72,0.508200712,0.5,6621,37,0.1824,33.625,34.8125,37.19,0,0,0.07,0,0,20,0.5,0.104,5.5,50,200,0.1,0.1,0.1,0.1,0.1,0.1,0.5,0,14233,0.051148739,0.017494555,0,0,0,0,0,0,0,0,0,0,5,1.289138332
153390.78,0.510626308,0.5,6621,37,0.1443,33.5625,34.75,37.11,0,0,0.07,0,0,20,0.5,0.104,5.5,50,200,0.1,0.1,0.1,0.1,0.1,0.1,0.5,0,14572,0.050850947,0.017705188,0,0,0,0,0,0,0,0,0,0,5,1.23896608
153450.82,0.529317566,0.5,6621,37,0.11,33.5,34.8125,37.13,0,0,0.25,0,0,20,0.5,0.104,5.5,50,200,0.1,0.1,0.1,0.1,0.1,0.1,0.5,0,15393,0.049503021,0.017215617,0,0,0,0,0,0,0,0,0,0,5,1.284869387
153510.87,0.539007859,0.5,6621,37,0.204,33.4375,34.75,37.17,0,0,0.07,0,0,20,0.5,0.104,5.5,50,200,0.1,0.1,0.1,0.1,0.1,0.1,0.5,0,14676,0.051921504,0.01764786,0,0,0,0,0,0,0,0,0,0,5,1.275050681
153570.91,0.55167521,0.5,6621,37,0.2175,33.4375,34.75,37.05,0,0,0,0,0,20,0.5,0.104,5.5,50,200,0.1,0.1,0.1,0.1,0.1,0.1,0.5,0,15288,0.050824176,0.017660911,0,0,0,0,0,0,0,0,0,0,5,1.280986148
153630.98,0.566262358,0.5,6621,37,0.2166,33.3125,34.6875,36.97,0,0.02,0.15,0,0,20,0.5,0.104,5.5,50,200,0.1,0.1,0.1,0.1,0.1,0.1,0.5,0,15200,0.051513158,0.017894737,0,0,0,0,0,0,0,0,0,0,0.44,1.280986148
153691.04,0.503287507,0.5,6621,37,0.572025,33.0625,34.6875,35.93,0,0.02,0.15,0,0,20,0.5,0.104,5.5,50,200,0.1,0.1,0.1,0.1,0.1,0.1,0.5,0,13663,0.052477494,0.018004831,0,0,0,0,0,0,0,0,0,0,0.44,1.280986148
153751.11,0.431086288,0.5,6621,37,0.714125,33,34.75,35.63,0,0,0.25,0,0,20,0.5,0.104,5.5,50,200,0.1,0.1,0.1,0.1,0.1,0.1,0.5,0,12765,0.052330591,0.018174696,0,0,0,0,0,0,0,0,0,0,0.44,1.280986148
153811.15,0.441696128,0.5,6621,37,0.3765,33.25,34.75,36.63,0,0,0.07,0,0,20,0.5,0.104,5.5,50,200,0.1,0.1,0.1,0.1,0.1,0.1,0.5,0,13107,0.05195697,0.017929351,0,0,0,0,0,0,0,0,0,0,5,1.280986148
153871.2,0.461743152,0.5,6621,37,0.1872,33.5625,34.8125,37.27,0,0,0.07,0,0,20,0.5,0.104,5.5,50,200,0.1,0.1,0.1,0.1,0.1,0.1,0.5,0,13244,0.051570523,0.018045908,0,0,0,0,0,0,0,0,0,0,5,1.280986148
153931.25,0.450127188,0.5,6621,37,0.146,33.6875,34.8125,37.51,0,0,0.07,0,0,20,0.5,0.104,5.5,50,200,0.1,0.1,0.1,0.1,0.1,0.1,0.5,0,13607,0.05100316,0.017784964,0,0,0,0,0,0,0,0,0,0,5,1.280986148
153991.31,0.471793914,0.5,6621,37,0.1469,33.8125,34.875,37.49,0,0,0.07,0,0,20,0.5,0.104,5.5,50,200,0.1,0.1,0.1,0.1,0.1,0.1,0.5,0,13849,0.050906203,0.017690808,0,0,0,0,0,0,0,0,0,0,5,1.280986148
154051.35,0.48672282,0.5,6621,37,0.134,33.6875,34.875,37.27,0,0,0.25,0,0,20,0.5,0.104,5.5,50,200,0.1,0.1,0.1,0.1,0.1,0.1,0.5,0,14013,0.051095411,0.017555127,0,0,0,0,0,0,0,0,0,0,5,1.280986148
154111.41,0.489207136,0.5,6621,37,0.1402,33.6875,34.8125,37.27,0,0,0.07,0,0,20,0.5,0.104,5.5,50,200,0.1,0.1,0.1,0.1,0.1,0.1,0.5,0,13434,0.052925413,0.01816287,0,0,0,0,0,0,0,0,0,0,5,1.280986148
154171.47,0.503073349,0.5,6621,37,0.1721,33.625,34.8125,37.25,0,0,0.07,0,0,20,0.5,0.104,5.5,50,200,0.1,0.1,0.1,0.1,0.1,0.1,0.5,0,14047,0.051398875,0.017655015,0,0,0,0,0,0,0,0,0,0,5,1.300786813
154231.6,0.520435321,0.5,6621,37,0.1952,33.5,34.75,37.27,0,0,0.07,0,0,20,0.5,0.104,5.5,50,200,0.1,0.1,0.1,0.1,0.1,0.1,0.5,0,14255,0.051771308,0.017818309,0,0,0,0,0,0,0,0,0,0,5,1.337536381
154291.67,0.520543771,0.5,6621,37,0.133,33.5,34.75,37.35,0,0,0.07,0,0,20,0.5,0.104,5.5,50,200,0.1,0.1,0.1,0.1,0.1,0.1,0.5,0,14590,0.051610692,0.017888965,0,0,0,0,0,0,0,0,0,0,5,1.271284643
154351.71,0.52647404,0.5,6621,37,0.1464,33.4375,34.75,37.27,0,0,0,0,0,20,0.5,0.104,5.5,50,200,0.1,0.1,0.1,0.1,0.1,0.1,0.5,0,14423,0.05186161,0.017957429,0,0,0,0,0,0,0,0,0,0,5,1.241704546
154411.74,0.545575148,0.5,6621,37,0.1951,33.3125,34.6875,37.05,0,0,0,0,0,20,0.5,0.104,5.5,50,200,0.1,0.1,0.1,0.1,0.1,0.1,0.5,0,14516,0.0524938,0.01798016,0,0,0,0,0,0,0,0,0,0,5,1.286534915
154471.79,0.560625772,0.5,6621,37,0.2401,33.3125,34.625,36.87,0,0.02,0.15,0,0,20,0.5,0.104,5.5,50,200,0.1,0.1,0.1,0.1,0.1,0.1,0.5,0,14484,0.05274786,0.018088926,0,0,0,0,0,0,0,0,0,0,0.44,1.286534915
154531.84,0.495797936,0.5,6621,37,0.59415,33,34.625,35.85,0,0.019579392,0.148317567,0,0,20,0.5,0.104,5.5,50,200,0.1,0.1,0.1,0.1,0.1,0.1,0.5,0,13546,0.052487819,0.018160343,0,0,0,0,0,0,0,0,0,0,0.44,1.286534915
154591.91,0.419941729,0.5,6621,37,0.707360124,32.9375,34.6875,35.51,0,0,0.07,0,0,20,0.5,0.104,5.5,50,200,0.1,0.1,0.1,0.1,0.1,0.1,0.5,0,12862,0.052169181,0.01803763,0,0,0,0,0,0,0,0,0,0,5,1.286534915
154651.98,0.426953148,0.5,6621,37,0.3423,33.25,34.75,36.85,0,0,0.25,0,0,20,0.5,0.104,5.5,50,200,0.1,0.1,0.1,0.1,0.1,0.1,0.5,0,13402,0.050813311,0.017833159,0,0,0,0,0,0,0,0,0,0,5,1.286534915
154712.05,0.44262496,0.5,6621,37,0.2528,33.5,34.75,37.19,0,0,0.07,0,0,20,0.5,0.104,5.5,50,200,0.1,0.1,0.1,0.1,0.1,0.1,0.5,0,14032,0.050313569,0.017745154,0,0,0,0,0,0,0,0,0,0,5,1.286534915
154772.08,0.456112303,0.5,6621,37,0.1578,33.6875,34.75,37.51,0,0,0.07,0,0,20,0.5,0.104,5.5,50,200,0.1,0.1,0.1,0.1,0.1,0.1,0.5,0,13375,0.051738318,0.01764486,0,0,0,0,0,0,0,0,0,0,5,1.286534915
154832.13,0.465534694,0.5,6621,37,0.1148,33.75,34.8125,37.61,0,0,0.07,0,0,20,0.5,0.104,5.5,50,200,0.1,0.1,0.1,0.1,0.1,0.1,0.5,0,13021,0.052684126,0.018201367,0,0,0,0,0,0,0,0,0,0,5,1.286534915
154892.19,0.469420106,0.5,6621,37,0.1419,33.6875,34.8125,37.45,0,0,0.07,0,0,20,0.5,0.104,5.5,50,200,0.1,0.1,0.1,0.1,0.1,0.1,0.5,0,13976,0.050944476,0.017673154,0,0,0,0,0,0,0,0,0,0,5,1.286534915
154952.26,0.489746094,0.5,6621,37,0.1543,33.6875,34.8125,37.35,0,0,0.25,0,0,20,0.5,0.104,5.5,50,200,0.1,0.1,0.1,0.1,0.1,0.1,0.5,0,14978,0.049672854,0.017292028,0,0,0,0,0,0,0,0,0,0,5,1.349375063
155012.32,0.489720581,0.5,6621,37,0.1662,33.5625,34.8125,37.27,0,0,0.07,0,0,20,0.5,0.104,5.5,50,200,0.1,0.1,0.1,0.1,0.1,0.1,0.5,0,13698,0.052781428,0.018031829,0,0,0,0,0,0,0,0,0,0,5,1.281750023
155072.39,0.511046257,0.5,6621,37,0.2049,33.5,34.75,37.09,0,0,0.07,0,0,20,0.5,0.104,5.5,50,200,0.1,0.1,0.1,0.1,0.1,0.1,0.5,0,14449,0.051560662,0.017855907,0,0,0,0,0,0,0,0,0,0,5,1.345537894
155132.44,0.528078528,0.5,6621,37,0.1562,33.375,34.6875,37.25,0,0,0.07,0,0,20,0.5,0.104,5.5,50,200,0.1,0.1,0.1,0.1,0.1,0.1,0.5,0,14162,0.052676176,0.018005931,0,0,0,0,0,0,0,0,0,0,5,1.376615675
155192.52,0.512035649,0.5,6621,37,0.1222,33.375,34.6875,37.35,0,0,0,0,0,20,0.5,0.104,5.5,50,200,0.1,0.1,0.1,0.1,0.1,0.1,0.5,0,14362,0.052499652,0.017894444,0,0,0,0,0,0,0,0,0,0,5,1.215232639
155252.57,0.547979286,0.5,6621,37,0.2051,33.3125,34.625,37.01,0,0,0,0,0,20,0.5,0.104,5.5,50,200,0.1,0.1,0.1,0.1,0.1,0.1,0.5,0,14048,0.053317198,0.018365604,0,0,0,0,0,0,0,0,0,0,5,1.358000719
155312.61,0.532341401,0.5,6621,37,0.2033,33.25,34.5625,37.01,0,0,0,0,0,20,0.5,0.104,5.5,50,200,0.1,0.1,0.1,0.1,0.1,0.1,0.5,0,15096,0.051470588,0.017554319,0,0,0,0,0,0,0,0,0,0,5,1.203243265
155372.66,0.562377077,0.5,6621,37,0.1994,33.3125,34.5625,37.01,0,0,0,0,0,20,0.5,0.104,5.5,50,200,0.1,0.1,0.1,0.1,0.1,0.1,0.5,0,14997,0.052477162,0.018003601,0,0,0,0,0,0,0,0,0,0,5,1.307743797
155432.74,0.573165269,0.5,6621,37,0.32975,33.1875,34.625,36.95,0,0.02,0.15,0,0,20,0.5,0.104,5.5,50,200,0.1,0.1,0.1,0.1,0.1,0.1,0.5,0,15431,0.051778887,0.017756464,0,0,0,0,0,0,0,0,0,0,0.44,1.307743797
155492.79,0.507863176,0.5,6621,37,0.556675,33,34.5625,35.99,0,0.02,0.15,0,0,20,0.5,0.104,5.5,50,200,0.1,0.1,0.1,0.1,0.1,0.1,0.5,0,14027,0.052684109,0.018250517,0,0,0,0,0,0,0,0,0,0,0.44,1.307743797
155552.83,0.446313307,0.5,6621,37,0.648856913,32.9375,34.625,35.53,0,0.001572116,0.25,0,0,20,0.5,0.104,5.5,50,200,0.1,0.1,0.1,0.1,0.1,0.1,0.5,0,13669,0.051796035,0.017850611,0,0,0,0,0,0,0,0,0,0,0.44,1.307743797
155612.89,0.443935037,0.5,6621,37,0.4319,33.0625,34.625,36.47,0,0,0.07,0,0,20,0.5,0.104,5.5,50,200,0.1,0.1,0.1,0.1,0.1,0.1,0.5,0,12907,0.052917022,0.017974742,0,0,0,0,0,0,0,0,0,0,5,1.307743797
155672.96,0.45562519,0.5,6621,37,0.2283,33.375,34.6875,37.27,0,0,0.07,0,0,20,0.5,0.104,5.5,50,200,0.1,0.1,0.1,0.1,0.1,0.1,0.5,0,13864,0.051067513,0.017671668,0,0,0,0,0,0,0,0,0,0,5,1.307743797
155733.03,0.456972477,0.5,6621,37,0.191,33.5625,34.8125,37.37,0,0,0.07,0,0,20,0.5,0.104,5.5,50,200,0.1,0.1,0.1,0.1,0.1,0.1,0.5,0,13558,0.05199882,0.017922997,0,0,0,0,0,0,0,0,0,0,5,1.307743797
155793.09,0.470913322,0.5,6621,37,0.1843,33.75,34.75,37.35,0,0,0.07,0,0,20,0.5,0.104,5.5,50,200,0.1,0.1,0.1,0.1,0.1,0.1,0.5,0,13734,0.052133392,0.017911752,0,0,0,0,0,0,0,0,0,0,5,1.307743797
155853.15,0.485638929,0.5,6621,37,0.1759,33.6875,34.8125,37.35,0,0,0.25,0,0,20,0.5,0.104,5.5,50,200,0.1,0.1,0.1,0.1,0.1,0.1,0.5,0,13816,0.052041112,0.018022583,0,0,0,0,0,0,0,0,0,0,5,1.307743797
155913.2,0.493638073,0.5,6621,37,0.1286,33.6875,34.8125,37.49,0,0,0.07,0,0,20,0.5,0.104,5.5,50,200,0.1,0.1,0.1,0.1,0.1,0.1,0.5,0,13982,0.051780861,0.018023173,0,0,0,0,0,0,0,0,0,0,5,1.307743797
155973.27,0.508579786,0.5,6621,37,0.1477,33.625,34.8125,37.35,0,0,0.07,0,0,20,0.5,0.104,5.5,50,200,0.1,0.1,0.1,0.1,0.1,0.1,0.5,0,14732,0.051113223,0.017309259,0,0,0,0,0,0,0,0,0,0,5,1.331815126
156033.31,0.511391913,0.5,6621,37,0.1731,33.5625,34.75,37.21,0,0,0.07,0,0,20,0.5,0.104,5.5,50,200,0.1,0.1,0.1,0.1,0.1,0.1,0.5,0,14726,0.051405677,0.017452125,0,0,0,0,0,0,0,0,0,0,5,1.281766793
156093.37,0.527412808,0.5,6621,37,0.1974,33.5,34.75,37.09,0,0,0.07,0,0,20,0.5,0.104,5.5,50,200,0.1,0.1,0.1,0.1,0.1,0.1,0.5,0,14409,0.052744812,0.017974877,0,0,0,0,0,0,0,0,0,0,5,1.310220379
156153.43,0.534328877,0.5,6621,37,0.2247,33.4375,34.625,36.97,0,0,0.25,0,0,20,0.5,0.104,5.5,50,200,0.1,0.1,0.1,0.1,0.1,0.1,0.5,0,13823,0.054257397,0.018375172,0,0,0,0,0,0,0,0,0,0,5,1.283793256
156213.5,0.558535683,0.5,6621,37,0.1493,33.375,34.625,37.25,0,0,0,0,0,20,0.5,0.104,5.5,50,200,0.1,0.1,0.1,0.1,0.1,0.1,0.5,0,15014,0.052351139,0.017916611,0,0,0,0,0,0,0,0,0,0,5,1.352524543
156273.54,0.560602201,0.5,6621,37,0.31605,33.3125,34.625,37.05,0,0.02,0.15,0,0,20,0.5,0.104,5.5,50,200,0.1,0.1,0.1,0.1,0.1,0.1,0.5,0,15915,0.05070688,0.017467798,0,0,0,0,0,0,0,0,0,0,0.44,1.352524543
156333.6,0.495366494,0.5,6621,37,0.564997012,33.0625,34.5625,35.97,0,0.019523129,0.148092518,0,0,20,0.5,0.104,5.5,50,200,0.1,0.1,0.1,0.1,0.1,0.1,0.5,0,14052,0.052163393,0.018004555,0,0,0,0,0,0,0,0,0,0,0.44,1.352524543
156393.69,0.426701778,0.5,6621,37,0.6331,33,34.625,35.61,0,0,0.07,0,0,20,0.5,0.104,5.5,50,200,0.1,0.1,0.1,0.1,0.1,0.1,0.5,0,13462,0.051701085,0.017753677,0,0,0,0,0,0,0,0,0,0,5,1.352524543
156453.76,0.455590036,0.5,6621,37,0.386,33.125,34.625,36.65,0,0,0.25,0,0,20,0.5,0.104,5.5,50,200,0.1,0.1,0.1,0.1,0.1,0.1,0.5,0,13445,0.051245816,0.017627371,0,0,0,0,0,0,0,0,0,0,5,1.352524543
156513.8,0.437296476,0.5,6621,37,0.2509,33.4375,34.625,37.17,0,0,0.07,0,0,20,0.5,0.104,5.5,50,200,0.1,0.1,0.1,0.1,0.1,0.1,0.5,0,13238,0.052047137,0.018054087,0,0,0,0,0,0,0,0,0,0,5,1.352524543
156573.87,0.457041183,0.5,6621,37,0.1733,33.5625,34.75,37.43,0,0,0.07,0,0,20,0.5,0.104,5.5,50,200,0.1,0.1,0.1,0.1,0.1,0.1,0.5,0,13040,0.053144172,0.018251534,0,0,0,0,0,0,0,0,0,0,5,1.352524543
156633.92,0.474358035,0.5,6621,37,0.0953,33.6875,34.75,37.67,0,0,0.07,0,0,20,0.5,0.104,5.5,50,200,0.1,0.1,0.1,0.1,0.1,0.1,0.5,0,14119,0.05106594,0.017706636,0,0,0,0,0,0,0,0,0,0,5,1.352524543
156693.99,0.489297889,0.5,6621,37,0.1586,33.6875,34.8125,37.37,0,0,0.07,0,0,20,0.5,0.104,5.5,50,200,0.1,0.1,0.1,0.1,0.1,0.1,0.5,0,13835,0.052041923,0.017853271,0,0,0,0,0,0,0,0,0,0,5,1.352524543
156754.06,0.487638773,0.5,6621,37,0.2188,33.6875,34.75,37.11,0,0,0.25,0,0,20,0.5,0.104,5.5,50,200,0.1,0.1,0.1,0.1,0.1,0.1,0.5,0,13998,0.051650236,0.017931133,0,0,0,0,0,0,0,0,0,0,5,1.2747086
156814.12,0.505671953,0.5,6621,37,0.1259,33.625,34.75,37.43,0,0,0.07,0,0,20,0.5,0.104,5.5,50,200,0.1,0.1,0.1,0.1,0.1,0.1,0.5,0,13629,0.053562257,0.017976374,0,0,0,0,0,0,0,0,0,0,5,1.319912868
156874.17,0.523328579,0.5,6621,37,0.1127,33.5,34.6875,37.43,0,0,0.07,0,0,20,0.5,0.104,5.5,50,200,0.1,0.1,0.1,0.1,0.1,0.1,0.5,0,13785,0.053826623,0.017990569,0,0,0,0,0,0,0,0,0,0,5,1.356881364
156934.24,0.553557214,0.5,6621,37,0.1661,33.4375,34.6875,37.19,0,0,0.07,0,0,20,0.5,0.104,5.5,50,200,0.1,0.1,0.1,0.1,0.1,0.1,0.5,0,14244,0.053215389,0.0182533,0,0,0,0,0,0,0,0,0,0,5,1.457504068
156994.3,0.54353349,0.5,6621,37,0.339825,33.375,34.6875,36.95,0,0.02,0.15,0,0,20,0.5,0.104,5.5,50,200,0.1,0.1,0.1,0.1,0.1,0.1,0.5,0,13877,0.05433451,0.01837573,0,0,0,0,0,0,0,0,0,0,0.44,1.457504068
157054.34,0.480005909,0.5,6621,37,0.551901852,33.125,34.625,35.99,0,0.015824718,0.25,0,0,20,0.5,0.104,5.5,50,200,0.1,0.1,0.1,0.1,0.1,0.1,0.5,0,13593,0.052894872,0.017950416,0,0,0,0,0,0,0,0,0,0,0.44,1.457504068
157114.37,0.425107597,0.5,6621,37,0.5534,33,34.625,35.93,0,0,0.07,0,0,20,0.5,0.104,5.5,50,200,0.1,0.1,0.1,0.1,0.1,0.1,0.5,0,13099,0.051759676,0.017634934,0,0,0,0,0,0,0,0,0,0,5,1.457504068
157174.45,0.433482256,0.5,6621,37,0.3427,33.1875,34.625,36.81,0,0,0.07,0,0,20,0.5,0.104,5.5,50,200,0.1,0.1,0.1,0.1,0.1,0.1,0.5,0,13211,0.051926425,0.017863901,0,0,0,0,0,0,0,0,0,0,5,1.457504068
157234.52,0.448969144,0.5,6621,37,0.2576,33.4375,34.625,37.13,0,0,0.07,0,0,20,0.5,0.104,5.5,50,200,0.1,0.1,0.1,0.1,0.1,0.1,0.5,0,13770,0.050689906,0.01771968,0,0,0,0,0,0,0,0,0,0,5,1.457504068
157294.58,0.454336552,0.5,6621,37,0.1565,33.5625,34.6875,37.49,0,0,0.07,0,0,20,0.5,0.104,5.5,50,200,0.1,0.1,0.1,0.1,0.1,0.1,0.5,0,13829,0.050835201,0.017716393,0,0,0,0,0,0,0,0,0,0,5,1.457504068
157354.65,0.461233366,0.5,6621,37,0.1574,33.6875,34.6875,37.43,0,0,0.25,0,0,20,0.5,0.104,5.5,50,200,0.1,0.1,0.1,0.1,0.1,0.1,0.5,0,13006,0.053129325,0.018145471,0,0,0,0,0,0,0,0,0,0,5,1.457504068
157414.72,0.47781312,0.5,6621,37,0.1277,33.625,34.6875,37.49,0,0,0.07,0,0,20,0.5,0.104,5.5,50,200,0.1,0.1,0.1,0.1,0.1,0.1,0.5,0,13837,0.051528511,0.01785069,0,0,0,0,0,0,0,0,0,0,5,1.457504068
157474.79,0.489117686,0.5,6621,37,0.156,33.625,34.75,37.33,0,0,0.07,0,0,20,0.5,0.104,5.5,50,200,0.1,0.1,0.1,0.1,0.1,0.1,0.5,0,13258,0.05340172,0.018102278,0,0,0,0,0,0,0,0,0,0,5,1.454779165
157534.86,0.504810483,0.5,6621,37,0.1658,33.5625,34.75,37.25,0,0,0.07,0,0,20,0.5,0.104,5.5,50,200,0.1,0.1,0.1,0.1,0.1,0.1,0.5,0,14049,0.052245711,0.017652502,0,0,0,0,0,0,0,0,0,0,5,1.476780058
157594.91,0.520275956,0.5,6621,37,0.2107,33.4375,34.8125,37.05,0,0,0.07,0,0,20,0.5,0.104,5.5,50,200,0.1,0.1,0.1,0.1,0.1,0.1,0.5,0,14639,0.051301318,0.017624155,0,0,0,0,0,0,0,0,0,0,5,1.493469888
157654.98,0.511384122,0.5,6621,37,0.1838,33.4375,34.8125,37.13,0,0,0.25,0,0,20,0.5,0.104,5.5,50,200,0.1,0.1,0.1,0.1,0.1,0.1,0.5,0,14032,0.053164196,0.018101482,0,0,0,0,0,0,0,0,0,0,5,1.367081371
157715.01,0.528314235,0.5,6621,37,0.1882,33.375,34.75,37.11,0,0,0,0,0,20,0.5,0.104,5.5,50,200,0.1,0.1,0.1,0.1,0.1,0.1,0.5,0,14236,0.053315538,0.018193313,0,0,0,0,0,0,0,0,0,0,5,1.396438004
157775.07,0.532882966,0.5,6621,37,0.1039,33.3125,34.6875,37.41,0,0,0,0,0,20,0.5,0.104,5.5,50,200,0.1,0.1,0.1,0.1,0.1,0.1,0.5,0,15053,0.051816914,0.01780376,0,0,0,0,0,0,0,0,0,0,5,1.352447832
157835.11,0.551096372,0.5,6621,37,0.2018,33.3125,34.6875,37.01,0,0,0,0,0,20,0.5,0.104,5.5,50,200,0.1,0.1,0.1,0.1,0.1,0.1,0.5,0,14828,0.052535743,0.018141354,0,0,0,0,0,0,0,0,0,0,5,1.38564906
157895.18,0.558959882,0.5,6621,37,0.305175,33.25,34.5625,37.09,0,0.02,0.15,0,0,20,0.5,0.104,5.5,50,200,0.1,0.1,0.1,0.1,0.1,0.1,0.5,0,14078,0.054269072,0.018468532,0,0,0,0,0,0,0,0,0,0,0.44,1.38564906
157955.22,0.488626404,0.5,6621,37,0.584300611,33,34.625,35.83,0,0.018489829,0.25,0,0,20,0.5,0.104,5.5,50,200,0.1,0.1,0.1,0.1,0.1,0.1,0.5,0,14655,0.051381781,0.017400205,0,0,0,0,0,0,0,0,0,0,0.44,1.38564906
158015.27,0.432603468,0.5,6621,37,0.6354,32.9375,34.625,35.59,0,0,0.07,0,0,20,0.5,0.104,5.5,50,200,0.1,0.1,0.1,0.1,0.1,0.1,0.5,0,13229,0.052233729,0.018066369,0,0,0,0,0,0,0,0,0,0,5,1.38564906
158075.31,0.44084155,0.5,6621,37,0.3677,33.125,34.5625,36.71,0,0,0.07,0,0,20,0.5,0.104,5.5,50,200,0.1,0.1,0.1,0.1,0.1,0.1,0.5,0,13465,0.051095433,0.017526922,0,0,0,0,0,0,0,0,0,0,5,1.38564906
158135.35,0.444318791,0.5,6621,37,0.197,33.3125,34.625,37.37,0,0,0.07,0,0,20,0.5,0.104,5.5,50,200,0.1,0.1,0.1,0.1,0.1,0.1,0.5,0,13329,0.052216971,0.018005852,0,0,0,0,0,0,0,0,0,0,5,1.38564906
158195.42,0.459334994,0.5,6621,37,0.1912,33.4375,34.625,37.35,0,0,0.07,0,0,20,0.5,0.104,5.5,50,200,0.1,0.1,0.1,0.1,0.1,0.1,0.5,0,13363,0.052533114,0.018034872,0,0,0,0,0,0,0,0,0,0,5,1.38564906
158255.46,0.463297988,0.5,6621,37,0.1265,33.5625,34.625,37.55,0,0,0.25,0,0,20,0.5,0.104,5.5,50,200,0.1,0.1,0.1,0.1,0.1,0.1,0.5,0,13203,0.053321215,0.018253427,0,0,0,0,0,0,0,0,0,0,5,1.38564906
158315.53,0.478067072,0.5,6621,37,0.1465,33.625,34.6875,37.41,0,0,0.07,0,0,20,0.5,0.104,5.5,50,200,0.1,0.1,0.1,0.1,0.1,0.1,0.5,0,13660,0.052928258,0.017935578,0,0,0,0,0,0,0,0,0,0,5,1.38564906
158375.6,0.497627646,0.5,6621,37,0.2149,33.5,34.6875,37.11,0,0,0.07,0,0,20,0.5,0.104,5.5,50,200,0.1,0.1,0.1,0.1,0.1,0.1,0.5,0,14012,0.052597773,0.018127319,0,0,0,0,0,0,0,0,0,0,5,1.436669784
158435.67,0.497278553,0.5,6621,37,0.1447,33.5,34.75,37.35,0,0,0.07,0,0,20,0.5,0.104,5.5,50,200,0.1,0.1,0.1,0.1,0.1,0.1,0.5,0,14505,0.051637366,0.017855912,0,0,0,0,0,0,0,0,0,0,5,1.362731011
158495.82,0.51966279,0.5,6621,37,0.2146,33.5,34.75,37.05,0,0,0.07,0,0,20,0.5,0.104,5.5,50,200,0.1,0.1,0.1,0.1,0.1,0.1,0.5,0,14062,0.053193002,0.018062864,0,0,0,0,0,0,0,0,0,0,5,1.426683809
158555.9,0.51734626,0.5,6621,37,0.1641,33.5,34.8125,37.21,0,0,0.25,0,0,20,0.5,0.104,5.5,50,200,0.1,0.1,0.1,0.1,0.1,0.1,0.5,0,14803,0.052151591,0.017834223,0,0,0,0,0,0,0,0,0,0,5,1.341946454
158615.96,0.535290264,0.5,6621,37,0.12915,33.4375,34.75,37.05,0,0,0,0,0,20,0.5,0.104,5.5,50,200,0.1,0.1,0.1,0.1,0.1,0.1,0.5,0,14653,0.052890193,0.017743807,0,0,0,0,0,0,0,0,0,0,5,1.377139385
158675.99,0.539578296,0.5,6621,37,0.23095,33.3125,34.6875,37.11,0,0,0,0,0,20,0.5,0.104,5.5,50,200,0.1,0.1,0.1,0.1,0.1,0.1,0.5,0,15840,0.050315657,0.017361111,0,0,0,0,0,0,0,0,0,0,5,1.332218668
158736.07,0.552779032,0.5,6621,37,0.15405,33.3125,34.6875,37.13,0,0,0,0,0,20,0.5,0.104,5.5,50,200,0.1,0.1,0.1,0.1,0.1,0.1,0.5,0,14094,0.054916986,0.018518519,0,0,0,0,0,0,0,0,0,0,5,1.338119056
158796.12,0.557683097,0.5,6621,37,0.32665,33.25,34.625,36.97,0,0.02,0.15,0,0,20,0.5,0.104,5.5,50,200,0.1,0.1,0.1,0.1,0.1,0.1,0.5,0,14948,0.053385068,0.018129516,0,0,0,0,0,0,0,0,0,0,0.44,1.338119056
158856.17,0.528142816,0.5,6621,37,0.53885,33,34.625,36.05,0,0.02,0.25,0,0,20,0.5,0.104,5.5,50,200,0.1,0.1,0.1,0.1,0.1,0.1,0.5,0,13814,0.054292746,0.018387143,0,0,0,0,0,0,0,0,0,0,0.44,1.338119056
158916.21,0.475860954,0.5,6621,37,0.669475,32.875,34.5625,35.63,0,0.02,0.15,0,0,20,0.5,0.104,5.5,50,200,0.1,0.1,0.1,0.1,0.1,0.1,0.5,0,13173,0.053290822,0.018294997,0,0,0,0,0,0,0,0,0,0,0.44,1.338119056
158976.25,0.404445081,0.5,6621,37,0.7395,32.875,34.625,35.35,0,0,0.07,0,0,20,0.5,0.104,5.5,50,200,0.1,0.1,0.1,0.1,0.1,0.1,0.5,0,13306,0.05065384,0.017661205,0,0,0,0,0,0,0,0,0,0,5,1.338119056
159036.3,0.413801922,0.5,6621,37,0.4074,33.1875,34.625,36.73,0,0,0.07,0,0,20,0.5,0.104,5.5,50,200,0.1,0.1,0.1,0.1,0.1,0.1,0.5,0,12495,0.051940776,0.017927171,0,0,0,0,0,0,0,0,0,0,5,1.338119056
159096.34,0.41853224,0.5,6621,37,0.2081,33.5,34.5625,37.49,0,0,0.07,0,0,20,0.5,0.104,5.5,50,200,0.1,0.1,0.1,0.1,0.1,0.1,0.5,0,13170,0.050569476,0.017615793,0,0,0,0,0,0,0,0,0,0,5,1.338119056
159156.41,0.427253829,0.5,6621,37,0.1342,33.75,34.625,37.71,0,0,0.25,0,0,20,0.5,0.104,5.5,50,200,0.1,0.1,0.1,0.1,0.1,0.1,0.5,0,12664,0.052195199,0.018082754,0,0,0,0,0,0,0,0,0,0,5,1.338119056
159216.47,0.42338067,0.5,6621,37,0.1609,33.8125,34.625,37.53,0,0,0.07,0,0,20,0.5,0.104,5.5,50,200,0.1,0.1,0.1,0.1,0.1,0.1,0.5,0,13506,0.050422035,0.017547757,0,0,0,0,0,0,0,0,0,0,5,1.338119056
159276.55,0.435599629,0.5,6621,37,0.1441,33.8125,34.6875,37.53,0,0,0.07,0,0,20,0.5,0.104,5.5,50,200,0.1,0.1,0.1,0.1,0.1,0.1,0.5,0,13627,0.051001688,0.017685477,0,0,0,0,0,0,0,0,0,0,5,1.338119056
159336.62,0.439959766,0.5,6621,37,0.1511,33.75,34.75,37.43,0,0,0.07,0,0,20,0.5,0.104,5.5,50,200,0.1,0.1,0.1,0.1,0.1,0.1,0.5,0,13404,0.051551776,0.017755894,0,0,0,0,0,0,0,0,0,0,5,1.301092334
159396.68,0.465811683,0.5,6621,37,0.1818,33.625,34.8125,37.27,0,0,0.07,0,0,20,0.5,0.104,5.5,50,200,0.1,0.1,0.1,0.1,0.1,0.1,0.5,0,12974,0.053106212,0.018267304,0,0,0,0,0,0,0,0,0,0,5,1.407332188
159456.73,0.466291487,0.5,6621,37,0.1787,33.625,34.75,37.25,0,0,0.25,0,0,20,0.5,0.104,5.5,50,200,0.1,0.1,0.1,0.1,0.1,0.1,0.5,0,13652,0.051787284,0.01772634,0,0,0,0,0,0,0,0,0,0,5,1.340054105
159516.79,0.476505849,0.5,6621,37,0.1685,33.5625,34.75,37.25,0,0,0.07,0,0,20,0.5,0.104,5.5,50,200,0.1,0.1,0.1,0.1,0.1,0.1,0.5,0,14113,0.051371076,0.017572451,0,0,0,0,0,0,0,0,0,0,5,1.338058551
159576.86,0.4717476,0.5,6621,37,0.15945,33.5,34.6875,37.25,0,0,0,0,0,20,0.5,0.104,5.5,50,200,0.1,0.1,0.1,0.1,0.1,0.1,0.5,0,13545,0.053082318,0.018309339,0,0,0,0,0,0,0,0,0,0,5,1.241047917
159636.9,0.487513009,0.5,6621,37,0.13515,33.4375,34.625,37.09,0,0,0,0,0,20,0.5,0.104,5.5,50,200,0.1,0.1,0.1,0.1,0.1,0.1,0.5,0,13607,0.053207908,0.018152422,0,0,0,0,0,0,0,0,0,0,5,1.277614156
159696.97,0.496806296,0.5,6621,37,0.12235,33.375,34.625,37.11,0,0,0,0,0,20,0.5,0.104,5.5,50,200,0.1,0.1,0.1,0.1,0.1,0.1,0.5,0,13887,0.053215237,0.018290488,0,0,0,0,0,0,0,0,0,0,5,1.270383134
159757.04,0.507484448,0.5,6621,37,0.18585,33.3125,34.625,36.95,0,0,0,0,0,20,0.5,0.104,5.5,50,200,0.1,0.1,0.1,0.1,0.1,0.1,0.5,0,14144,0.052884615,0.017958145,0,0,0,0,0,0,0,0,0,0,5,1.270661566
159817.12,0.546095049,0.5,6621,37,0.18285,33.25,34.5625,36.97,0,0,0,0,0,20,0.5,0.104,5.5,50,200,0.1,0.1,0.1,0.1,0.1,0.1,0.5,0,14332,0.052749093,0.018141222,0,0,0,0,0,0,0,0,0,0,5,1.427109417
159877.16,0.528706938,0.5,6621,37,0.18015,33.1875,34.625,37.05,0,0,0,0,0,20,0.5,0.104,5.5,50,200,0.1,0.1,0.1,0.1,0.1,0.1,0.5,0,14533,0.052982867,0.018096745,0,0,0,0,0,0,0,0,0,0,5,1.25867768
159937.2,0.547377068,0.5,6621,37,0.17805,33.1875,34.625,37.17,0,0,0,0,0,20,0.5,0.104,5.5,50,200,0.1,0.1,0.1,0.1,0.1,0.1,0.5,0,15367,0.051604087,0.017700267,0,0,0,0,0,0,0,0,0,0,5,1.299854644
159997.24,0.547263959,0.5,6621,37,0.39615,33.1875,34.625,36.63,0,0.02,0.15,0,0,20,0.5,0.104,5.5,50,200,0.1,0.1,0.1,0.1,0.1,0.1,0.5,0,14591,0.053046398,0.018161881,0,0,0,0,0,0,0,0,0,0,0.44,1.299854644
160057.29,0.479465252,0.5,6621,37,0.592167404,33,34.625,35.77,0,0.016128351,0.25,0,0,20,0.5,0.104,5.5,50,200,0.1,0.1,0.1,0.1,0.1,0.1,0.5,0,13433,0.053971563,0.018238666,0,0,0,0,0,0,0,0,0,0,0.44,1.299854644
160117.35,0.445657337,0.5,6621,37,0.5685,32.9375,34.6875,35.83,0,0,0.07,0,0,20,0.5,0.104,5.5,50,200,0.1,0.1,0.1,0.1,0.1,0.1,0.5,0,12921,0.052782292,0.017955267,0,0,0,0,0,0,0,0,0,0,5,1.299854644
160177.41,0.446018563,0.5,6621,37,0.3617,33.1875,34.6875,36.71,0,0,0.07,0,0,20,0.5,0.104,5.5,50,200,0.1,0.1,0.1,0.1,0.1,0.1,0.5,0,13298,0.052263498,0.017596631,0,0,0,0,0,0,0,0,0,0,5,1.299854644
160237.47,0.458701837,0.5,6621,37,0.2304,33.5,34.6875,37.21,0,0,0.07,0,0,20,0.5,0.104,5.5,50,200,0.1,0.1,0.1,0.1,0.1,0.1,0.5,0,13008,0.053198032,0.018296433,0,0,0,0,0,0,0,0,0,0,5,1.299854644
160297.53,0.478010174,0.5,6621,37,0.1787,33.5625,34.75,37.37,0,0,0.07,0,0,20,0.5,0.104,5.5,50,200,0.1,0.1,0.1,0.1,0.1,0.1,0.5,0,13998,0.050935848,0.017716817,0,0,0,0,0,0,0,0,0,0,5,1.299854644
160357.58,0.466347195,0.5,6621,37,0.1549,33.6875,34.75,37.41,0,0,0.25,0,0,20,0.5,0.104,5.5,50,200,0.1,0.1,0.1,0.1,0.1,0.1,0.5,0,13617,0.052361019,0.018065653,0,0,0,0,0,0,0,0,0,0,5,1.299854644
160417.63,0.487141862,0.5,6621,37,0.1314,33.625,34.8125,37.45,0,0,0.07,0,0,20,0.5,0.104,5.5,50,200,0.1,0.1,0.1,0.1,0.1,0.1,0.5,0,13228,0.053825219,0.018067735,0,0,0,0,0,0,0,0,0,0,5,1.299854644
160477.71,0.49589215,0.5,6621,37,0.1421,33.5625,34.75,37.37,0,0,0.07,0,0,20,0.5,0.104,5.5,50,200,0.1,0.1,0.1,0.1,0.1,0.1,0.5,0,13373,0.054064159,0.018395274,0,0,0,0,0,0,0,0,0,0,5,1.288271167
160537.77,0.504936946,0.5,6621,37,0.1952,33.4375,34.6875,37.13,0,0,0.07,0,0,20,0.5,0.104,5.5,50,200,0.1,0.1,0.1,0.1,0.1,0.1,0.5,0,14399,0.05208695,0.01798736,0,0,0,0,0,0,0,0,0,0,5,1.278082903
160597.86,0.527196706,0.5,6621,37,0.1518,33.4375,34.625,37.27,0,0,0.07,0,0,20,0.5,0.104,5.5,50,200,0.1,0.1,0.1,0.1,0.1,0.1,0.5,0,14138,0.053189984,0.01817796,0,0,0,0,0,0,0,0,0,0,5,1.343599273
160657.91,0.528376,0.5,6621,37,0.182,33.3125,34.625,37.13,0,0,0.25,0,0,20,0.5,0.104,5.5,50,200,0.1,0.1,0.1,0.1,0.1,0.1,0.5,0,14465,0.05267888,0.017974421,0,0,0,0,0,0,0,0,0,0,5,1.28312256
160717.97,0.559081195,0.5,6621,37,0.18005,33.25,34.625,37.01,0,0,0,0,0,20,0.5,0.104,5.5,50,200,0.1,0.1,0.1,0.1,0.1,0.1,0.5,0,15151,0.051943766,0.017820606,0,0,0,0,0,0,0,0,0,0,5,1.388426119
160778.02,0.543374057,0.5,6621,37,0.54425,33.25,34.625,35.99,0,0.02,0.15,0,0,20,0.5,0.104,5.5,50,200,0.1,0.1,0.1,0.1,0.1,0.1,0.5,0,15000,0.0526,0.017666667,0,0,0,0,0,0,0,0,0,0,0.44,1.388426119
160838.09,0.474911518,0.5,6621,37,0.669655255,33.0625,34.5625,35.51,0,0.015136783,0.130547132,0,0,20,0.5,0.104,5.5,50,200,0.1,0.1,0.1,0.1,0.1,0.1,0.5,0,13357,0.053829453,0.018042974,0,0,0,0,0,0,0,0,0,0,0.44,1.388426119
160898.15,0.441350286,0.5,6621,37,0.49,33,34.5,36.21,0,0,0.07,0,0,20,0.5,0.104,5.5,50,200,0.1,0.1,0.1,0.1,0.1,0.1,0.5,0,12740,0.053453689,0.018288854,0,0,0,0,0,0,0,0,0,0,5,1.388426119
160958.23,0.445013159,0.5,6621,37,0.308,33.1875,34.5,36.95,0,0,0.25,0,0,20,0.5,0.104,5.5,50,200,0.1,0.1,0.1,0.1,0.1,0.1,0.5,0,13321,0.052623677,0.017866527,0,0,0,0,0,0,0,0,0,0,5,1.388426119
161018.29,0.455323214,0.5,6621,37,0.1655,33.375,34.5,37.49,0,0,0.07,0,0,20,0.5,0.104,5.5,50,200,0.1,0.1,0.1,0.1,0.1,0.1,0.5,0,13392,0.051971326,0.017995818,0,0,0,0,0,0,0,0,0,0,5,1.388426119
161078.36,0.457960129,0.5,6621,37,0.1729,33.4375,34.4375,37.41,0,0,0.07,0,0,20,0.5,0.104,5.5,50,200,0.1,0.1,0.1,0.1,0.1,0.1,0.5,0,13560,0.052359882,0.0179941,0,0,0,0,0,0,0,0,0,0,5,1.388426119
161138.43,0.460207728,0.5,6621,37,0.15,33.5,34.4375,37.45,0,0,0.07,0,0,20,0.5,0.104,5.5,50,200,0.1,0.1,0.1,0.1,0.1,0.1,0.5,0,13083,0.053504548,0.018344416,0,0,0,0,0,0,0,0,0,0,5,1.388426119
161198.47,0.471277492,0.5,6621,37,0.1265,33.4375,34.4375,37.49,0,0,0.07,0,0,20,0.5,0.104,5.5,50,200,0.1,0.1,0.1,0.1,0.1,0.1,0.5,0,13350,0.053258427,0.018202247,0,0,0,0,0,0,0,0,0,0,5,1.388426119
161258.54,0.504037927,0.5,6621,37,0.1775,33.4375,34.4375,37.25,0,0,0.25,0,0,20,0.5,0.104,5.5,50,200,0.1,0.1,0.1,0.1,0.1,0.1,0.5,0,14860,0.050672948,0.017496635,0,0,0,0,0,0,0,0,0,0,5,1.520618137
161318.58,0.514046929,0.5,6621,37,0.1818,33.375,34.5625,37.21,0,0,0.07,0,0,20,0.5,0.104,5.5,50,200,0.1,0.1,0.1,0.1,0.1,0.1,0.5,0,14156,0.052274654,0.018013563,0,0,0,0,0,0,0,0,0,0,5,1.503576369
161378.64,0.522775601,0.5,6621,37,0.1602,33.3125,34.5625,37.27,0,0,0.07,0,0,20,0.5,0.104,5.5,50,200,0.1,0.1,0.1,0.1,0.1,0.1,0.5,0,14620,0.052120383,0.017920657,0,0,0,0,0,0,0,0,0,0,5,1.478910793
161438.72,0.524924778,0.5,6621,37,0.1754,33.375,34.625,37.19,0,0,0.07,0,0,20,0.5,0.104,5.5,50,200,0.1,0.1,0.1,0.1,0.1,0.1,0.5,0,14212,0.053616662,0.018153673,0,0,0,0,0,0,0,0,0,0,5,1.417273237
161498.75,0.531985883,0.5,6621,37,0.12485,33.3125,34.625,37.21,0,0,0,0,0,20,0.5,0.104,5.5,50,200,0.1,0.1,0.1,0.1,0.1,0.1,0.5,0,14437,0.052988848,0.018147815,0,0,0,0,0,0,0,0,0,0,5,1.386495523
161558.82,0.53559171,0.5,6621,37,0.16145,33.3125,34.625,37.19,0,0,0,0,0,20,0.5,0.104,5.5,50,200,0.1,0.1,0.1,0.1,0.1,0.1,0.5,0,14592,0.053659539,0.018160636,0,0,0,0,0,0,0,0,0,0,5,1.337436292
161618.86,0.56153198,0.5,6621,37,0.19645,33.3125,34.6875,37.13,0,0,0,0,0,20,0.5,0.104,5.5,50,200,0.1,0.1,0.1,0.1,0.1,0.1,0.5,0,15691,0.051430756,0.017653432,0,0,0,0,0,0,0,0,0,0,5,1.412454252
161678.89,0.569214034,0.5,6621,37,0.422325,33.25,34.6875,36.53,0,0.02,0.15,0,0,20,0.5,0.104,5.5,50,200,0.1,0.1,0.1,0.1,0.1,0.1,0.5,0,14371,0.054623895,0.018370329,0,0,0,0,0,0,0,0,0,0,0.44,1.412454252
161738.93,0.494100956,0.5,6621,37,0.6634,33.125,34.75,35.51,0,0.02,0.15,0,0,20,0.5,0.104,5.5,50,200,0.1,0.1,0.1,0.1,0.1,0.1,0.5,0,14320,0.052863128,0.017946927,0,0,0,0,0,0,0,0,0,0,0.44,1.412454252
161799,0.43689274,0.5,6621,37,0.5647,33,34.6875,35.91,0,0,0.07,0,0,20,0.5,0.104,5.5,50,200,0.1,0.1,0.1,0.1,0.1,0.1,0.5,0,13140,0.05281583,0.018188737,0,0,0,0,0,0,0,0,0,0,5,1.412454252
161859.04,0.441365189,0.5,6621,37,0.3958,33.1875,34.6875,36.63,0,0,0.25,0,0,20,0.5,0.104,5.5,50,200,0.1,0.1,0.1,0.1,0.1,0.1,0.5,0,12525,0.053892216,0.018443114,0,0,0,0,0,0,0,0,0,0,5,1.412454252
161919.1,0.46114567,0.5,6621,37,0.23705,33.4375,34.6875,37.29,0,0,0.07,0,0,20,0.5,0.104,5.5,50,200,0.1,0.1,0.1,0.1,0.1,0.1,0.5,0,13091,0.053166297,0.018027653,0,0,0,0,0,0,0,0,0,0,5,1.412454252
161979.17,0.453785592,0.5,6621,37,0.18065,33.625,34.625,37.41,0,0,0.07,0,0,20,0.5,0.104,5.5,50,200,0.1,0.1,0.1,0.1,0.1,0.1,0.5,0,14049,0.051249199,0.017367784,0,0,0,0,0,0,0,0,0,0,5,1.412454252
162039.23,0.465325767,0.5,6621,37,0.16775,33.625,34.5625,37.53,0,0,0.07,0,0,20,0.5,0.104,5.5,50,200,0.1,0.1,0.1,0.1,0.1,0.1,0.5,0,13656,0.052357938,0.017721148,0,0,0,0,0,0,0,0,0,0,5,1.412454252
162099.3,0.480063365,0.5,6621,37,0.10805,33.5625,34.5625,37.37,0,0,0.07,0,0,20,0.5,0.104,5.5,50,200,0.1,0.1,0.1,0.1,0.1,0.1,0.5,0,13573,0.053046489,0.018271569,0,0,0,0,0,0,0,0,0,0,5,1.412454252
162159.35,0.500907943,0.5,6621,37,0.1417,33.5625,34.5625,37.41,0,0,0.25,0,0,20,0.5,0.104,5.5,50,200,0.1,0.1,0.1,0.1,0.1,0.1,0.5,0,13471,0.054635884,0.018484151,0,0,0,0,0,0,0,0,0,0,5,1.469344238
162219.39,0.500861278,0.5,6621,37,0.18855,33.5,34.5625,37.43,0,0,0.07,0,0,20,0.5,0.104,5.5,50,200,0.1,0.1,0.1,0.1,0.1,0.1,0.5,0,14689,0.052079788,0.017768398,0,0,0,0,0,0,0,0,0,0,5,1.395597529
162279.47,0.506998795,0.5,6621,37,0.14185,33.375,34.5625,37.35,0,0,0.07,0,0,20,0.5,0.104,5.5,50,200,0.1,0.1,0.1,0.1,0.1,0.1,0.5,0,13973,0.053531811,0.018249481,0,0,0,0,0,0,0,0,0,0,5,1.362356013
162339.53,0.522445587,0.5,6621,37,0.15755,33.3125,34.5625,37.09,0,0,0.07,0,0,20,0.5,0.104,5.5,50,200,0.1,0.1,0.1,0.1,0.1,0.1,0.5,0,14555,0.052971487,0.018069392,0,0,0,0,0,0,0,0,0,0,5,1.384274852
162399.58,0.543505976,0.5,6621,37,0.16775,33.25,34.5625,37.13,0,0,0,0,0,20,0.5,0.104,5.5,50,200,0.1,0.1,0.1,0.1,0.1,0.1,0.5,0,14417,0.053825345,0.018242353,0,0,0,0,0,0,0,0,0,0,5,1.433620694
162459.62,0.544462346,0.5,6621,37,0.554575,33.3125,34.5625,35.99,0,0.02,0.25,0,0,20,0.5,0.104,5.5,50,200,0.1,0.1,0.1,0.1,0.1,0.1,0.5,0,15184,0.052489463,0.017979452,0,0,0,0,0,0,0,0,0,0,0.44,1.433620694
162519.69,0.475830575,0.5,6621,37,0.564744143,33.125,34.625,35.99,0,0.015368247,0.131472988,0,0,20,0.5,0.104,5.5,50,200,0.1,0.1,0.1,0.1,0.1,0.1,0.5,0,13645,0.053865885,0.018395016,0,0,0,0,0,0,0,0,0,0,0.44,1.433620694
162579.73,0.43950967,0.5,6621,37,0.602552081,33.0625,34.6875,35.93,0,0,0.07,0,0,20,0.5,0.104,5.5,50,200,0.1,0.1,0.1,0.1,0.1,0.1,0.5,0,13459,0.052307006,0.018054833,0,0,0,0,0,0,0,0,0,0,5,1.433620694
162639.8,0.448589159,0.5,6621,37,0.35745,33.25,34.6875,36.81,0,0,0.07,0,0,20,0.5,0.104,5.5,50,200,0.1,0.1,0.1,0.1,0.1,0.1,0.5,0,13194,0.053584963,0.018265878,0,0,0,0,0,0,0,0,0,0,5,1.433620694
162699.88,0.4646002,0.5,6621,37,0.24125,33.4375,34.75,37.11,0,0,0.07,0,0,20,0.5,0.104,5.5,50,200,0.1,0.1,0.1,0.1,0.1,0.1,0.5,0,12764,0.054763397,0.018332811,0,0,0,0,0,0,0,0,0,0,5,1.433620694
162760.02,0.492896394,0.5,6621,37,0.1846,33.5625,34.75,37.35,0,0,0.25,0,0,20,0.5,0.104,5.5,50,200,0.1,0.1,0.1,0.1,0.1,0.1,0.5,0,12908,0.054694763,0.018593121,0,0,0,0,0,0,0,0,0,0,5,1.433620694
162820.07,0.488595255,0.5,6621,37,0.15285,33.625,34.75,37.45,0,0,0.07,0,0,20,0.5,0.104,5.5,50,200,0.1,0.1,0.1,0.1,0.1,0.1,0.5,0,13782,0.053257873,0.018139602,0,0,0,0,0,0,0,0,0,0,5,1.433620694
162880.12,0.50104682,0.5,6621,37,0.12405,33.5625,34.625,37.29,0,0,0.07,0,0,20,0.5,0.104,5.5,50,200,0.1,0.1,0.1,0.1,0.1,0.1,0.5,0,13429,0.054434433,0.018467496,0,0,0,0,0,0,0,0,0,0,5,1.433620694
162940.21,0.502839915,0.5,6621,37,0.17385,33.5,34.625,37.13,0,0,0.07,0,0,20,0.5,0.104,5.5,50,200,0.1,0.1,0.1,0.1,0.1,0.1,0.5,0,14010,0.053675946,0.017915774,0,0,0,0,0,0,0,0,0,0,5,1.372656587
163000.29,0.500872802,0.5,6621,37,0.24495,33.4375,34.5625,37.19,0,0,0.07,0,0,20,0.5,0.104,5.5,50,200,0.1,0.1,0.1,0.1,0.1,0.1,0.5,0,14145,0.053517144,0.018239661,0,0,0,0,0,0,0,0,0,0,5,1.292264722
163060.34,0.528303373,0.5,6621,37,0.2243,33.4375,34.5625,37.01,0,0,0.25,0,0,20,0.5,0.104,5.5,50,200,0.1,0.1,0.1,0.1,0.1,0.1,0.5,0,14866,0.052266918,0.017691376,0,0,0,0,0,0,0,0,0,0,5,1.387607013
163120.41,0.517294356,0.5,6621,37,0.18175,33.3125,34.5625,37.05,0,0,0.07,0,0,20,0.5,0.104,5.5,50,200,0.1,0.1,0.1,0.1,0.1,0.1,0.5,0,14854,0.052847718,0.017974956,0,0,0,0,0,0,0,0,0,0,5,1.255050795
163180.47,0.545382726,0.5,6621,37,0.15635,33.3125,34.5625,37.27,0,0,0,0,0,20,0.5,0.104,5.5,50,200,0.1,0.1,0.1,0.1,0.1,0.1,0.5,0,14251,0.054662831,0.018384675,0,0,0,0,0,0,0,0,0,0,5,1.350925447
163240.52,0.566125262,0.5,6621,37,0.521475,33.3125,34.5625,36.13,0,0.02,0.15,0,0,20,0.5,0.104,5.5,50,200,0.1,0.1,0.1,0.1,0.1,0.1,0.5,0,14565,0.054651562,0.018400275,0,0,0,0,0,0,0,0,0,0,0.44,1.350925447
163300.56,0.470653325,0.5,6621,37,0.66748453,33.0625,34.5625,35.55,0,0.016844367,0.137377467,0,0,20,0.5,0.104,5.5,50,200,0.1,0.1,0.1,0.1,0.1,0.1,0.5,0,13562,0.054490488,0.01858133,0,0,0,0,0,0,0,0,0,0,0.44,1.350925447
163360.61,0.42554837,0.5,6621,37,0.6017,32.9375,34.625,35.81,0,0,0.25,0,0,20,0.5,0.104,5.5,50,200,0.1,0.1,0.1,0.1,0.1,0.1,0.5,0,12839,0.054131942,0.018381494,0,0,0,0,0,0,0,0,0,0,5,1.350925447
163420.65,0.43664165,0.5,6621,37,0.38105,33.1875,34.625,36.95,0,0,0.07,0,0,20,0.5,0.104,5.5,50,200,0.1,0.1,0.1,0.1,0.1,0.1,0.5,0,13787,0.052078045,0.017625299,0,0,0,0,0,0,0,0,0,0,5,1.350925447
163480.72,0.44561178,0.5,6621,37,0.22855,33.5,34.5625,37.43,0,0,0.07,0,0,20,0.5,0.104,5.5,50,200,0.1,0.1,0.1,0.1,0.1,0.1,0.5,0,13339,0.052927506,0.017842417,0,0,0,0,0,0,0,0,0,0,5,1.350925447
163540.78,0.463618962,0.5,6621,37,0.15825,33.5625,34.625,37.37,0,0,0.07,0,0,20,0.5,0.104,5.5,50,200,0.1,0.1,0.1,0.1,0.1,0.1,0.5,0,12867,0.054869045,0.018652367,0,0,0,0,0,0,0,0,0,0,5,1.350925447
163600.85,0.471937054,0.5,6621,37,0.14945,33.5625,34.6875,37.55,0,0,0.07,0,0,20,0.5,0.104,5.5,50,200,0.1,0.1,0.1,0.1,0.1,0.1,0.5,0,13937,0.052450312,0.018009615,0,0,0,0,0,0,0,0,0,0,5,1.350925447
163660.89,0.483263927,0.5,6621,37,0.1501,33.5625,34.6875,37.41,0,0,0.25,0,0,20,0.5,0.104,5.5,50,200,0.1,0.1,0.1,0.1,0.1,0.1,0.5,0,14159,0.052546084,0.01793912,0,0,0,0,0,0,0,0,0,0,5,1.350925447
163720.95,0.501641644,0.5,6621,37,0.15455,33.5625,34.6875,37.29,0,0,0.07,0,0,20,0.5,0.104,5.5,50,200,0.1,0.1,0.1,0.1,0.1,0.1,0.5,0,13070,0.056082632,0.018821729,0,0,0,0,0,0,0,0,0,0,5,1.395348386
163780.99,0.508103651,0.5,6621,37,0.12105,33.5,34.6875,37.21,0,0,0.07,0,0,20,0.5,0.104,5.5,50,200,0.1,0.1,0.1,0.1,0.1,0.1,0.5,0,14230,0.05319747,0.017709065,0,0,0,0,0,0,0,0,0,0,5,1.363979332
163841.06,0.510845844,0.5,6621,37,0.19385,33.5,34.75,37.21,0,0,0.07,0,0,20,0.5,0.104,5.5,50,200,0.1,0.1,0.1,0.1,0.1,0.1,0.5,0,13794,0.055023923,0.018703784,0,0,0,0,0,0,0,0,0,0,5,1.311927582
163901.13,0.516708227,0.5,6621,37,0.15725,33.4375,34.75,37.21,0,0,0.07,0,0,20,0.5,0.104,5.5,50,200,0.1,0.1,0.1,0.1,0.1,0.1,0.5,0,14354,0.053991919,0.018183085,0,0,0,0,0,0,0,0,0,0,5,1.280562666
163961.19,0.526330519,0.5,6621,37,0.12415,33.375,34.6875,37.21,0,0,0,0,0,20,0.5,0.104,5.5,50,200,0.1,0.1,0.1,0.1,0.1,0.1,0.5,0,13669,0.055892896,0.018509035,0,0,0,0,0,0,0,0,0,0,5,1.2718876
164021.27,0.554229422,0.5,6621,37,0.18615,33.3125,34.6875,37.09,0,0,0,0,0,20,0.5,0.104,5.5,50,200,0.1,0.1,0.1,0.1,0.1,0.1,0.5,0,14324,0.054733315,0.018430606,0,0,0,0,0,0,0,0,0,0,5,1.363241241
164081.35,0.559041789,0.5,6621,37,0.40855,33.3125,34.625,36.61,0,0.02,0.15,0,0,20,0.5,0.104,5.5,50,200,0.1,0.1,0.1,0.1,0.1,0.1,0.5,0,14511,0.054992764,0.018399835,0,0,0,0,0,0,0,0,0,0,0.44,1.363241241
164141.42,0.498152418,0.5,6621,37,0.704065461,33.0625,34.625,35.31,0,0.019717058,0.14886823,0,0,20,0.5,0.104,5.5,50,200,0.1,0.1,0.1,0.1,0.1,0.1,0.5,0,14245,0.053632854,0.018252018,0,0,0,0,0,0,0,0,0,0,0.44,1.363241241
164201.47,0.429199518,0.5,6621,37,0.681959843,32.9375,34.5625,35.67,0,0,0.07,0,0,20,0.5,0.104,5.5,50,200,0.1,0.1,0.1,0.1,0.1,0.1,0.5,0,13382,0.05290689,0.018083993,0,0,0,0,0,0,0,0,0,0,5,1.363241241
164261.51,0.444965305,0.5,6621,37,0.3933,33.125,34.5625,36.61,0,0,0.25,0,0,20,0.5,0.104,5.5,50,200,0.1,0.1,0.1,0.1,0.1,0.1,0.5,0,13593,0.052600603,0.018171117,0,0,0,0,0,0,0,0,0,0,5,1.363241241
164321.58,0.452287703,0.5,6621,37,0.24015,33.375,34.5625,37.29,0,0,0.07,0,0,20,0.5,0.104,5.5,50,200,0.1,0.1,0.1,0.1,0.1,0.1,0.5,0,13232,0.053808948,0.018213422,0,0,0,0,0,0,0,0,0,0,5,1.363241241
164381.62,0.458413902,0.5,6621,37,0.17575,33.4375,34.625,37.49,0,0,0.07,0,0,20,0.5,0.104,5.5,50,200,0.1,0.1,0.1,0.1,0.1,0.1,0.5,0,13347,0.05379486,0.018356185,0,0,0,0,0,0,0,0,0,0,5,1.363241241
164441.66,0.481034315,0.5,6621,37,0.16225,33.5,34.5625,37.43,0,0,0.07,0,0,20,0.5,0.104,5.5,50,200,0.1,0.1,0.1,0.1,0.1,0.1,0.5,0,13513,0.054022053,0.0184267,0,0,0,0,0,0,0,0,0,0,5,1.363241241
164501.73,0.476605875,0.5,6621,37,0.16235,33.5,34.5625,37.45,0,0,0.07,0,0,20,0.5,0.104,5.5,50,200,0.1,0.1,0.1,0.1,0.1,0.1,0.5,0,13196,0.05471355,0.018642013,0,0,0,0,0,0,0,0,0,0,5,1.363241241
164561.81,0.49512124,0.5,6621,37,0.1896,33.5,34.5625,37.21,0,0,0.25,0,0,20,0.5,0.104,5.5,50,200,0.1,0.1,0.1,0.1,0.1,0.1,0.5,0,13765,0.054122775,0.018234653,0,0,0,0,0,0,0,0,0,0,5,1.409417489
164621.86,0.529595697,0.5,6621,37,0.16525,33.4375,34.6875,37.29,0,0,0.07,0,0,20,0.5,0.104,5.5,50,200,0.1,0.1,0.1,0.1,0.1,0.1,0.5,0,13320,0.055930931,0.018468468,0,0,0,0,0,0,0,0,0,0,5,1.54088027
164681.93,0.527913458,0.5,6621,37,0.13535,33.375,34.6875,37.43,0,0,0.07,0,0,20,0.5,0.104,5.5,50,200,0.1,0.1,0.1,0.1,0.1,0.1,0.5,0,14214,0.05410159,0.018432531,0,0,0,0,0,0,0,0,0,0,5,1.454291715
164742.04,0.524183925,0.5,6621,37,0.15635,33.375,34.6875,37.13,0,0,0.07,0,0,20,0.5,0.104,5.5,50,200,0.1,0.1,0.1,0.1,0.1,0.1,0.5,0,13849,0.055310853,0.018485089,0,0,0,0,0,0,0,0,0,0,5,1.360307905
164802.08,0.53471537,0.5,6621,37,0.16445,33.375,34.6875,37.13,0,0,0,0,0,20,0.5,0.104,5.5,50,200,0.1,0.1,0.1,0.1,0.1,0.1,0.5,0,13972,0.055468079,0.018393931,0,0,0,0,0,0,0,0,0,0,5,1.351968398
164862.15,0.554335182,0.5,6621,37,0.17615,33.3125,34.625,37.13,0,0,0,0,0,20,0.5,0.104,5.5,50,200,0.1,0.1,0.1,0.1,0.1,0.1,0.5,0,14712,0.053901577,0.018080479,0,0,0,0,0,0,0,0,0,0,5,1.392474794
164922.2,0.559265118,0.5,6621,37,0.51085,33.25,34.625,36.13,0,0.02,0.15,0,0,20,0.5,0.104,5.5,50,200,0.1,0.1,0.1,0.1,0.1,0.1,0.5,0,14298,0.055322423,0.018604001,0,0,0,0,0,0,0,0,0,0,0.44,1.392474794
164982.27,0.48913718,0.5,6621,37,0.767213439,33,34.5625,35.09,0,0.01858839,0.144353559,0,0,20,0.5,0.104,5.5,50,200,0.1,0.1,0.1,0.1,0.1,0.1,0.5,0,14236,0.053175049,0.018123068,0,0,0,0,0,0,0,0,0,0,0.44,1.392474794
165042.3,0.429522272,0.5,6621,37,0.704081248,32.875,34.5625,35.81,0,0,0.07,0,0,20,0.5,0.104,5.5,50,200,0.1,0.1,0.1,0.1,0.1,0.1,0.5,0,12422,0.055144099,0.018596039,0,0,0,0,0,0,0,0,0,0,5,1.392474794
165102.36,0.426346914,0.5,6621,37,0.37835,33.1875,34.5625,36.81,0,0,0.07,0,0,20,0.5,0.104,5.5,50,200,0.1,0.1,0.1,0.1,0.1,0.1,0.5,0,13294,0.052655333,0.018128479,0,0,0,0,0,0,0,0,0,0,5,1.392474794
165162.39,0.445828501,0.5,6621,37,0.2463,33.4375,34.5625,37.21,0,0,0.25,0,0,20,0.5,0.104,5.5,50,200,0.1,0.1,0.1,0.1,0.1,0.1,0.5,0,12843,0.054504399,0.018142179,0,0,0,0,0,0,0,0,0,0,5,1.392474794
165222.46,0.466884387,0.5,6621,37,0.17955,33.5625,34.5,37.45,0,0,0.07,0,0,20,0.5,0.104,5.5,50,200,0.1,0.1,0.1,0.1,0.1,0.1,0.5,0,13386,0.05348872,0.018227999,0,0,0,0,0,0,0,0,0,0,5,1.392474794
165282.52,0.483325137,0.5,6621,37,0.11355,33.5625,34.5,37.27,0,0,0.07,0,0,20,0.5,0.104,5.5,50,200,0.1,0.1,0.1,0.1,0.1,0.1,0.5,0,13454,0.053738665,0.018284525,0,0,0,0,0,0,0,0,0,0,5,1.392474794
165342.59,0.489790711,0.5,6621,37,0.15065,33.5625,34.5625,37.41,0,0,0.07,0,0,20,0.5,0.104,5.5,50,200,0.1,0.1,0.1,0.1,0.1,0.1,0.5,0,13393,0.054580751,0.018293138,0,0,0,0,0,0,0,0,0,0,5,1.392474794
165402.66,0.483702037,0.5,6621,37,0.13005,33.5625,34.5625,37.35,0,0,0.07,0,0,20,0.5,0.104,5.5,50,200,0.1,0.1,0.1,0.1,0.1,0.1,0.5,0,13770,0.054103123,0.018228032,0,0,0,0,0,0,0,0,0,0,5,1.285323785
165462.74,0.490826272,0.5,6621,37,0.1897,33.5,34.625,37.17,0,0,0.25,0,0,20,0.5,0.104,5.5,50,200,0.1,0.1,0.1,0.1,0.1,0.1,0.5,0,14155,0.053267397,0.018156129,0,0,0,0,0,0,0,0,0,0,5,1.264921043
165522.81,0.520745724,0.5,6621,37,0.16595,33.4375,34.625,37.19,0,0,0.07,0,0,20,0.5,0.104,5.5,50,200,0.1,0.1,0.1,0.1,0.1,0.1,0.5,0,13432,0.055762359,0.018835616,0,0,0,0,0,0,0,0,0,0,5,1.379189875
165582.87,0.52754958,0.5,6621,37,0.16845,33.3125,34.625,37.05,0,0,0.07,0,0,20,0.5,0.104,5.5,50,200,0.1,0.1,0.1,0.1,0.1,0.1,0.5,0,14533,0.053877383,0.018303172,0,0,0,0,0,0,0,0,0,0,5,1.349173331
165642.95,0.541487266,0.5,6621,37,0.16655,33.3125,34.6875,37.09,0,0,0,0,0,20,0.5,0.104,5.5,50,200,0.1,0.1,0.1,0.1,0.1,0.1,0.5,0,15516,0.052461975,0.01772364,0,0,0,0,0,0,0,0,0,0,5,1.359944759
165703,0.547095716,0.5,6621,37,0.460225,33.3125,34.6875,36.39,0,0.02,0.15,0,0,20,0.5,0.104,5.5,50,200,0.1,0.1,0.1,0.1,0.1,0.1,0.5,0,14210,0.05531316,0.018648839,0,0,0,0,0,0,0,0,0,0,0.44,1.359944759
165763.07,0.516556294,0.5,6621,37,0.63265,33.125,34.625,35.71,0,0.02,0.25,0,0,20,0.5,0.104,5.5,50,200,0.1,0.1,0.1,0.1,0.1,0.1,0.5,0,14416,0.053551609,0.018174251,0,0,0,0,0,0,0,0,0,0,0.44,1.359944759
165823.14,0.428631925,0.5,6621,37,0.652,33,34.625,35.99,0,0,0.07,0,0,20,0.5,0.104,5.5,50,200,0.1,0.1,0.1,0.1,0.1,0.1,0.5,0,12888,0.054469274,0.018544382,0,0,0,0,0,0,0,0,0,0,0.44,1.359944759
165883.22,0.448012246,0.5,6621,37,0.38515,33.25,34.625,36.77,0,0,0.07,0,0,20,0.5,0.104,5.5,50,200,0.1,0.1,0.1,0.1,0.1,0.1,0.5,0,13215,0.05395384,0.018236852,0,0,0,0,0,0,0,0,0,0,5,1.359944759
165943.27,0.451252038,0.5,6621,37,0.28015,33.375,34.5625,37.13,0,0,0.07,0,0,20,0.5,0.104,5.5,50,200,0.1,0.1,0.1,0.1,0.1,0.1,0.5,0,12860,0.055132193,0.018584759,0,0,0,0,0,0,0,0,0,0,5,1.359944759
166003.31,0.468707687,0.5,6621,37,0.16965,33.5,34.5625,37.51,0,0,0.07,0,0,20,0.5,0.104,5.5,50,200,0.1,0.1,0.1,0.1,0.1,0.1,0.5,0,13250,0.054415094,0.018490566,0,0,0,0,0,0,0,0,0,0,5,1.359944759
166063.38,0.475517441,0.5,6621,37,0.175,33.5625,34.5625,37.35,0,0,0.25,0,0,20,0.5,0.104,5.5,50,200,0.1,0.1,0.1,0.1,0.1,0.1,0.5,0,14086,0.052818401,0.017890104,0,0,0,0,0,0,0,0,0,0,5,1.359944759
166123.44,0.486529397,0.5,6621,37,0.16445,33.5625,34.5625,37.33,0,0,0.07,0,0,20,0.5,0.104,5.5,50,200,0.1,0.1,0.1,0.1,0.1,0.1,0.5,0,13074,0.055606547,0.018815971,0,0,0,0,0,0,0,0,0,0,5,1.359944759
166183.53,0.499302285,0.5,6621,37,0.19925,33.4375,34.5625,37.27,0,0,0.07,0,0,20,0.5,0.104,5.5,50,200,0.1,0.1,0.1,0.1,0.1,0.1,0.5,0,13997,0.053725798,0.018289633,0,0,0,0,0,0,0,0,0,0,5,1.359944759
166243.6,0.520762117,0.5,6621,37,0.13135,33.4375,34.5625,37.27,0,0,0.07,0,0,20,0.5,0.104,5.5,50,200,0.1,0.1,0.1,0.1,0.1,0.1,0.5,0,14185,0.053789214,0.018329221,0,0,0,0,0,0,0,0,0,0,5,1.418192482
166303.67,0.51102179,0.5,6621,37,0.13795,33.375,34.5625,37.25,0,0,0.07,0,0,20,0.5,0.104,5.5,50,200,0.1,0.1,0.1,0.1,0.1,0.1,0.5,0,13758,0.054877162,0.018680041,0,0,0,0,0,0,0,0,0,0,5,1.290639509
166363.73,0.518470469,0.5,6621,37,0.2407,33.375,34.625,36.93,0,0,0.25,0,0,20,0.5,0.104,5.5,50,200,0.1,0.1,0.1,0.1,0.1,0.1,0.5,0,13935,0.05489774,0.018371008,0,0,0,0,0,0,0,0,0,0,5,1.269520049
166423.79,0.53224142,0.5,6621,37,0.15165,33.3125,34.625,37.21,0,0,0,0,0,20,0.5,0.104,5.5,50,200,0.1,0.1,0.1,0.1,0.1,0.1,0.5,0,14452,0.054456131,0.018474952,0,0,0,0,0,0,0,0,0,0,5,1.284686383
166483.84,0.532447087,0.5,6621,37,0.16745,33.3125,34.6875,37.13,0,0,0,0,0,20,0.5,0.104,5.5,50,200,0.1,0.1,0.1,0.1,0.1,0.1,0.5,0,14282,0.0553844,0.018694861,0,0,0,0,0,0,0,0,0,0,5,1.221611092
166543.92,0.556452389,0.5,6621,37,0.15555,33.25,34.6875,37.03,0,0,0,0,0,20,0.5,0.104,5.5,50,200,0.1,0.1,0.1,0.1,0.1,0.1,0.5,0,14581,0.055208833,0.018311501,0,0,0,0,0,0,0,0,0,0,5,1.292824799
166603.97,0.559827749,0.5,6621,37,0.534525,33.3125,34.6875,35.99,0,0.02,0.15,0,0,20,0.5,0.104,5.5,50,200,0.1,0.1,0.1,0.1,0.1,0.1,0.5,0,14537,0.055651097,0.018573296,0,0,0,0,0,0,0,0,0,0,0.44,1.292824799
166664.02,0.510261531,0.5,6621,37,1,33.0625,34.75,34.91,0,0.02,0.25,0,0,20,0.5,0.104,5.5,50,200,0.1,0.1,0.1,0.1,0.1,0.1,0.5,0,13184,0.056052791,0.018962379,0,0,0,0,0,0,0,0,0,0,0.44,1.292824799
166724.12,0.436253432,0.5,6621,37,0.6769,33,34.75,35.93,0,0.000166734,0.070666936,0,0,20,0.5,0.104,5.5,50,200,0.1,0.1,0.1,0.1,0.1,0.1,0.5,0,13102,0.054495497,0.018623111,0,0,0,0,0,0,0,0,0,0,0.44,1.292824799
166784.19,0.445987219,0.5,6621,37,0.35010866,33.25,34.75,36.93,0,0,0.07,0,0,20,0.5,0.104,5.5,50,200,0.1,0.1,0.1,0.1,0.1,0.1,0.5,0,13243,0.053537718,0.018198293,0,0,0,0,0,0,0,0,0,0,5,1.292824799
166844.23,0.447921455,0.5,6621,37,0.2708,33.5,34.6875,37.25,0,0,0.07,0,0,20,0.5,0.104,5.5,50,200,0.1,0.1,0.1,0.1,0.1,0.1,0.5,0,13311,0.053714973,0.01840583,0,0,0,0,0,0,0,0,0,0,5,1.292824799
166904.27,0.460955919,0.5,6621,37,0.135,33.5625,34.625,37.49,0,0,0.07,0,0,20,0.5,0.104,5.5,50,200,0.1,0.1,0.1,0.1,0.1,0.1,0.5,0,13953,0.052390167,0.018060632,0,0,0,0,0,0,0,0,0,0,5,1.292824799
166964.3,0.467660146,0.5,6621,37,0.18035,33.5625,34.625,37.25,0,0,0.25,0,0,20,0.5,0.104,5.5,50,200,0.1,0.1,0.1,0.1,0.1,0.1,0.5,0,13026,0.055274067,0.018731767,0,0,0,0,0,0,0,0,0,0,5,1.292824799
167024.37,0.485293873,0.5,6621,37,0.166,33.5625,34.5625,37.41,0,0,0.07,0,0,20,0.5,0.104,5.5,50,200,0.1,0.1,0.1,0.1,0.1,0.1,0.5,0,13584,0.053886926,0.018404005,0,0,0,0,0,0,0,0,0,0,5,1.292824799
167084.43,0.487835002,0.5,6621,37,0.1661,33.5,34.5625,37.19,0,0,0.07,0,0,20,0.5,0.104,5.5,50,200,0.1,0.1,0.1,0.1,0.1,0.1,0.5,0,13747,0.054775587,0.018622245,0,0,0,0,0,0,0,0,0,0,5,1.292824799
167144.5,0.500227766,0.5,6621,37,0.1745,33.4375,34.5,37.27,0,0,0.07,0,0,20,0.5,0.104,5.5,50,200,0.1,0.1,0.1,0.1,0.1,0.1,0.5,0,13693,0.055283722,0.018549624,0,0,0,0,0,0,0,0,0,0,5,1.303442423
167204.6,0.515832858,0.5,6621,37,0.1285,33.375,34.5,37.37,0,0,0.07,0,0,20,0.5,0.104,5.5,50,200,0.1,0.1,0.1,0.1,0.1,0.1,0.5,0,14072,0.054292211,0.01854747,0,0,0,0,0,0,0,0,0,0,5,1.330428108
167264.66,0.51299962,0.5,6621,37,0.22475,33.375,34.5625,36.95,0,0,0.25,0,0,20,0.5,0.104,5.5,50,200,0.1,0.1,0.1,0.1,0.1,0.1,0.5,0,14337,0.054265188,0.018413894,0,0,0,0,0,0,0,0,0,0,5,1.247383635
167324.71,0.527206141,0.5,6621,37,0.2043,33.3125,34.5625,37.13,0,0,0.07,0,0,20,0.5,0.104,5.5,50,200,0.1,0.1,0.1,0.1,0.1,0.1,0.5,0,13598,0.057067216,0.019046919,0,0,0,0,0,0,0,0,0,0,5,1.266964029
167384.77,0.542574463,0.5,6621,37,0.1436,33.25,34.5625,37.21,0,0,0,0,0,20,0.5,0.104,5.5,50,200,0.1,0.1,0.1,0.1,0.1,0.1,0.5,0,13863,0.056048474,0.018754959,0,0,0,0,0,0,0,0,0,0,5,1.289816938
167444.85,0.547941828,0.5,6621,37,0.1821,33.3125,34.5625,37.19,0,0.02,0.15,0,0,20,0.5,0.104,5.5,50,200,0.1,0.1,0.1,0.1,0.1,0.1,0.5,0,14852,0.054672771,0.018448694,0,0,0,0,0,0,0,0,0,0,0.44,1.289816938
167504.89,0.478394296,0.5,6621,37,0.558475,33.0625,34.5625,36.01,0,0.016051826,0.134207306,0,0,20,0.5,0.104,5.5,50,200,0.1,0.1,0.1,0.1,0.1,0.1,0.5,0,13994,0.053951694,0.018436473,0,0,0,0,0,0,0,0,0,0,0.44,1.289816938
167564.96,0.431996365,0.5,6621,37,0.53895,33.0625,34.625,36.01,0,0,0.25,0,0,20,0.5,0.104,5.5,50,200,0.1,0.1,0.1,0.1,0.1,0.1,0.5,0,13589,0.052984031,0.018176466,0,0,0,0,0,0,0,0,0,0,5,1.289816938
167625.02,0.446557112,0.5,6621,37,0.3524,33.3125,34.6875,37.03,0,0,0.07,0,0,20,0.5,0.104,5.5,50,200,0.1,0.1,0.1,0.1,0.1,0.1,0.5,0,13690,0.052593134,0.017969321,0,0,0,0,0,0,0,0,0,0,5,1.289816938
167685.05,0.457630409,0.5,6621,37,0.1928,33.5625,34.6875,37.41,0,0,0.07,0,0,20,0.5,0.104,5.5,50,200,0.1,0.1,0.1,0.1,0.1,0.1,0.5,0,13264,0.054433052,0.018244873,0,0,0,0,0,0,0,0,0,0,5,1.289816938
167745.1,0.456483481,0.5,6621,37,0.1116,33.625,34.75,37.45,0,0,0.07,0,0,20,0.5,0.104,5.5,50,200,0.1,0.1,0.1,0.1,0.1,0.1,0.5,0,13453,0.053816992,0.018137218,0,0,0,0,0,0,0,0,0,0,5,1.289816938
167805.14,0.464047289,0.5,6621,37,0.1313,33.6875,34.6875,37.41,0,0,0.07,0,0,20,0.5,0.104,5.5,50,200,0.1,0.1,0.1,0.1,0.1,0.1,0.5,0,13294,0.054761547,0.01857981,0,0,0,0,0,0,0,0,0,0,5,1.289816938
167865.21,0.47617354,0.5,6621,37,0.17145,33.5625,34.6875,37.27,0,0,0.25,0,0,20,0.5,0.104,5.5,50,200,0.1,0.1,0.1,0.1,0.1,0.1,0.5,0,14403,0.052419635,0.017982365,0,0,0,0,0,0,0,0,0,0,5,1.289816938
167925.27,0.49611234,0.5,6621,37,0.1515,33.5,34.625,37.21,0,0,0.07,0,0,20,0.5,0.104,5.5,50,200,0.1,0.1,0.1,0.1,0.1,0.1,0.5,0,13319,0.055784969,0.018544936,0,0,0,0,0,0,0,0,0,0,5,1.348386166
167985.31,0.504097213,0.5,6621,37,0.1434,33.4375,34.625,37.27,0,0,0.07,0,0,20,0.5,0.104,5.5,50,200,0.1,0.1,0.1,0.1,0.1,0.1,0.5,0,14934,0.052631579,0.017878666,0,0,0,0,0,0,0,0,0,0,5,1.328867077
168045.38,0.51940024,0.5,6621,37,0.1294,33.375,34.5625,37.17,0,0,0.07,0,0,20,0.5,0.104,5.5,50,200,0.1,0.1,0.1,0.1,0.1,0.1,0.5,0,13529,0.056101707,0.018700569,0,0,0,0,0,0,0,0,0,0,5,1.352140608
168105.46,0.529922458,0.5,6621,37,0.2023,33.3125,34.5625,37.09,0,0,0.07,0,0,20,0.5,0.104,5.5,50,200,0.1,0.1,0.1,0.1,0.1,0.1,0.5,0,14035,0.055076594,0.018453865,0,0,0,0,0,0,0,0,0,0,5,1.344701367
168165.49,0.529023947,0.5,6621,37,0.1843,33.25,34.5625,37.09,0,0,0,0,0,20,0.5,0.104,5.5,50,200,0.1,0.1,0.1,0.1,0.1,0.1,0.5,0,14136,0.055673458,0.018675722,0,0,0,0,0,0,0,0,0,0,5,1.272375328
168225.55,0.54576667,0.5,6621,37,0.2148,33.1875,34.5,37.11,0,0,0,0,0,20,0.5,0.104,5.5,50,200,0.1,0.1,0.1,0.1,0.1,0.1,0.5,0,14073,0.056349037,0.018901442,0,0,0,0,0,0,0,0,0,0,5,1.302230082
168285.61,0.557779811,0.5,6621,37,0.1992,33.1875,34.5,37.13,0,0.02,0.15,0,0,20,0.5,0.104,5.5,50,200,0.1,0.1,0.1,0.1,0.1,0.1,0.5,0,13949,0.056706574,0.018926088,0,0,0,0,0,0,0,0,0,0,0.44,1.302230082
168345.68,0.489998742,0.5,6621,37,0.5688,32.9375,34.5,36.05,0,0.018550002,0.144200009,0,0,20,0.5,0.104,5.5,50,200,0.1,0.1,0.1,0.1,0.1,0.1,0.5,0,13512,0.0553582,0.018650089,0,0,0,0,0,0,0,0,0,0,0.44,1.302230082
168405.73,0.436189707,0.5,6621,37,0.617901257,32.9375,34.5,35.93,0,0,0.07,0,0,20,0.5,0.104,5.5,50,200,0.1,0.1,0.1,0.1,0.1,0.1,0.5,0,13006,0.054128864,0.018376134,0,0,0,0,0,0,0,0,0,0,5,1.302230082
168465.79,0.426972143,0.5,6621,37,0.3064,33.1875,34.5,36.87,0,0,0.25,0,0,20,0.5,0.104,5.5,50,200,0.1,0.1,0.1,0.1,0.1,0.1,0.5,0,12671,0.054928577,0.018704128,0,0,0,0,0,0,0,0,0,0,5,1.302230082
168525.85,0.445481378,0.5,6621,37,0.17585,33.4375,34.5,37.51,0,0,0.07,0,0,20,0.5,0.104,5.5,50,200,0.1,0.1,0.1,0.1,0.1,0.1,0.5,0,13244,0.053684687,0.018347931,0,0,0,0,0,0,0,0,0,0,5,1.302230082
168585.9,0.451023844,0.5,6621,37,0.15235,33.5,34.5625,37.51,0,0,0.07,0,0,20,0.5,0.104,5.5,50,200,0.1,0.1,0.1,0.1,0.1,0.1,0.5,0,12880,0.055512422,0.01878882,0,0,0,0,0,0,0,0,0,0,5,1.302230082
168645.94,0.477333909,0.5,6621,37,0.17065,33.5,34.5,37.37,0,0,0.07,0,0,20,0.5,0.104,5.5,50,200,0.1,0.1,0.1,0.1,0.1,0.1,0.5,0,13205,0.05460053,0.018553578,0,0,0,0,0,0,0,0,0,0,5,1.302230082
168705.99,0.482519113,0.5,6621,37,0.12835,33.5625,34.5625,37.33,0,0,0.07,0,0,20,0.5,0.104,5.5,50,200,0.1,0.1,0.1,0.1,0.1,0.1,0.5,0,13264,0.055036188,0.018772618,0,0,0,0,0,0,0,0,0,0,5,1.302230082
168766.06,0.489857068,0.5,6621,37,0.2213,33.5,34.5,37.01,0,0,0.25,0,0,20,0.5,0.104,5.5,50,200,0.1,0.1,0.1,0.1,0.1,0.1,0.5,0,14206,0.053920879,0.018231733,0,0,0,0,0,0,0,0,0,0,5,1.282397935
168826.11,0.506296617,0.5,6621,37,0.17345,33.4375,34.5625,37.13,0,0,0.07,0,0,20,0.5,0.104,5.5,50,200,0.1,0.1,0.1,0.1,0.1,0.1,0.5,0,13243,0.055803066,0.018575851,0,0,0,0,0,0,0,0,0,0,5,1.317305177
168886.2,0.516770672,0.5,6621,37,0.18745,33.375,34.5625,37.11,0,0,0.07,0,0,20,0.5,0.104,5.5,50,200,0.1,0.1,0.1,0.1,0.1,0.1,0.5,0,14169,0.054273414,0.018208766,0,0,0,0,0,0,0,0,0,0,5,1.312869431
168946.27,0.517057435,0.5,6621,37,0.14825,33.375,34.625,37.17,0,0,0.07,0,0,20,0.5,0.104,5.5,50,200,0.1,0.1,0.1,0.1,0.1,0.1,0.5,0,13788,0.055410502,0.01856687,0,0,0,0,0,0,0,0,0,0,5,1.248890234
169006.33,0.545406622,0.5,6621,37,0.17905,33.3125,34.625,37.19,0,0,0,0,0,20,0.5,0.104,5.5,50,200,0.1,0.1,0.1,0.1,0.1,0.1,0.5,0,13987,0.055551584,0.018374205,0,0,0,0,0,0,0,0,0,0,5,1.346578675
169066.39,0.54765779,0.5,6621,37,0.56715,33.3125,34.625,35.85,0,0.02,0.25,0,0,20,0.5,0.104,5.5,50,200,0.1,0.1,0.1,0.1,0.1,0.1,0.5,0,14110,0.056201276,0.018568391,0,0,0,0,0,0,0,0,0,0,0.44,1.346578675
169126.44,0.471257669,0.5,6621,37,0.6145,33.0625,34.625,35.77,0,0.01507779,0.130311158,0,0,20,0.5,0.104,5.5,50,200,0.1,0.1,0.1,0.1,0.1,0.1,0.5,0,13085,0.056247612,0.018800153,0,0,0,0,0,0,0,0,0,0,0.44,1.346578675
169186.51,0.417794503,0.5,6621,37,0.601887399,33,34.625,36.01,0,0,0.07,0,0,20,0.5,0.104,5.5,50,200,0.1,0.1,0.1,0.1,0.1,0.1,0.5,0,12592,0.054955527,0.018344981,0,0,0,0,0,0,0,0,0,0,5,1.346578675
169246.55,0.423002885,0.5,6621,37,0.36285,33.25,34.5625,36.79,0,0,0.07,0,0,20,0.5,0.104,5.5,50,200,0.1,0.1,0.1,0.1,0.1,0.1,0.5,0,13020,0.053917051,0.01812596,0,0,0,0,0,0,0,0,0,0,5,1.346578675
169306.6,0.440251968,0.5,6621,37,0.23775,33.4375,34.5,37.17,0,0,0.07,0,0,20,0.5,0.104,5.5,50,200,0.1,0.1,0.1,0.1,0.1,0.1,0.5,0,13387,0.053484724,0.01800254,0,0,0,0,0,0,0,0,0,0,5,1.346578675
169366.67,0.443111498,0.5,6621,37,0.1687,33.5,34.5,37.41,0,0,0.25,0,0,20,0.5,0.104,5.5,50,200,0.1,0.1,0.1,0.1,0.1,0.1,0.5,0,13307,0.054257158,0.018561659,0,0,0,0,0,0,0,0,0,0,5,1.346578675
169426.73,0.453682383,0.5,6621,37,0.15195,33.5625,34.5,37.41,0,0,0.07,0,0,20,0.5,0.104,5.5,50,200,0.1,0.1,0.1,0.1,0.1,0.1,0.5,0,12889,0.055784002,0.018465358,0,0,0,0,0,0,0,0,0,0,5,1.346578675
169486.8,0.48231985,0.5,6621,37,0.14845,33.5,34.5,37.33,0,0,0.07,0,0,20,0.5,0.104,5.5,50,200,0.1,0.1,0.1,0.1,0.1,0.1,0.5,0,13381,0.0544055,0.018533742,0,0,0,0,0,0,0,0,0,0,5,1.346578675
169546.87,0.473803414,0.5,6621,37,0.17505,33.4375,34.4375,37.29,0,0,0.07,0,0,20,0.5,0.104,5.5,50,200,0.1,0.1,0.1,0.1,0.1,0.1,0.5,0,13505,0.054424287,0.018289522,0,0,0,0,0,0,0,0,0,0,5,1.225804783
169606.94,0.494294682,0.5,6621,37,0.19375,33.375,34.5,37.25,0,0,0.07,0,0,20,0.5,0.104,5.5,50,200,0.1,0.1,0.1,0.1,0.1,0.1,0.5,0,13548,0.054915855,0.018379097,0,0,0,0,0,0,0,0,0,0,5,1.291532639
169666.99,0.510546739,0.5,6621,37,0.1858,33.375,34.5,37.17,0,0,0.25,0,0,20,0.5,0.104,5.5,50,200,0.1,0.1,0.1,0.1,0.1,0.1,0.5,0,13893,0.054703808,0.018426546,0,0,0,0,0,0,0,0,0,0,5,1.324006985
169727.05,0.514516778,0.5,6621,37,0.17265,33.375,34.5,37.27,0,0,0.07,0,0,20,0.5,0.104,5.5,50,200,0.1,0.1,0.1,0.1,0.1,0.1,0.5,0,13980,0.054935622,0.018311874,0,0,0,0,0,0,0,0,0,0,5,1.28104457
169787.13,0.520081767,0.5,6621,37,0.18755,33.3125,34.5,37.25,0,0,0,0,0,20,0.5,0.104,5.5,50,200,0.1,0.1,0.1,0.1,0.1,0.1,0.5,0,13404,0.056774097,0.018651149,0,0,0,0,0,0,0,0,0,0,5,1.249265974
169847.2,0.528263992,0.5,6621,37,0.15185,33.3125,34.5625,37.27,0,0,0,0,0,20,0.5,0.104,5.5,50,200,0.1,0.1,0.1,0.1,0.1,0.1,0.5,0,14450,0.054809689,0.018477509,0,0,0,0,0,0,0,0,0,0,5,1.233632978
169907.28,0.558098107,0.5,6621,37,0.12435,33.25,34.625,37.13,0,0,0,0,0,20,0.5,0.104,5.5,50,200,0.1,0.1,0.1,0.1,0.1,0.1,0.5,0,14269,0.055575023,0.018711893,0,0,0,0,0,0,0,0,0,0,5,1.336767192
169967.34,0.554975928,0.5,6621,37,0.45315,33.25,34.625,36.39,0,0.02,0.25,0,0,20,0.5,0.104,5.5,50,200,0.1,0.1,0.1,0.1,0.1,0.1,0.5,0,14208,0.056165541,0.01879223,0,0,0,0,0,0,0,0,0,0,0.44,1.336767192
170027.39,0.486622079,0.5,6621,37,0.5698,33,34.625,35.97,0,0.017832874,0.141331496,0,0,20,0.5,0.104,5.5,50,200,0.1,0.1,0.1,0.1,0.1,0.1,0.5,0,13033,0.056702217,0.019182076,0,0,0,0,0,0,0,0,0,0,0.44,1.336767192
170087.45,0.444426911,0.5,6621,37,0.682288521,32.875,34.625,35.81,0,0,0.07,0,0,20,0.5,0.104,5.5,50,200,0.1,0.1,0.1,0.1,0.1,0.1,0.5,0,12648,0.05558191,0.01873814,0,0,0,0,0,0,0,0,0,0,5,1.336767192
170147.52,0.454632476,0.5,6621,37,0.35135,33.1875,34.6875,36.81,0,0,0.07,0,0,20,0.5,0.104,5.5,50,200,0.1,0.1,0.1,0.1,0.1,0.1,0.5,0,12653,0.055955109,0.018493638,0,0,0,0,0,0,0,0,0,0,5,1.336767192
170207.6,0.453190005,0.5,6621,37,0.22595,33.4375,34.6875,37.41,0,0,0.07,0,0,20,0.5,0.104,5.5,50,200,0.1,0.1,0.1,0.1,0.1,0.1,0.5,0,13109,0.055000381,0.018384316,0,0,0,0,0,0,0,0,0,0,5,1.336767192
170267.66,0.474032541,0.5,6621,37,0.2069,33.625,34.6875,37.25,0,0,0.25,0,0,20,0.5,0.104,5.5,50,200,0.1,0.1,0.1,0.1,0.1,0.1,0.5,0,13506,0.054790463,0.018584333,0,0,0,0,0,0,0,0,0,0,5,1.336767192
170327.72,0.483538185,0.5,6621,37,0.08655,33.625,34.6875,37.49,0,0,0.07,0,0,20,0.5,0.104,5.5,50,200,0.1,0.1,0.1,0.1,0.1,0.1,0.5,0,13777,0.054148218,0.018436525,0,0,0,0,0,0,0,0,0,0,5,1.336767192
170387.76,0.488631209,0.5,6621,37,0.12665,33.5625,34.6875,37.53,0,0,0.07,0,0,20,0.5,0.104,5.5,50,200,0.1,0.1,0.1,0.1,0.1,0.1,0.5,0,13454,0.055448194,0.01843318,0,0,0,0,0,0,0,0,0,0,5,1.336767192
170447.81,0.511621798,0.5,6621,37,0.11105,33.5,34.625,37.27,0,0,0.07,0,0,20,0.5,0.104,5.5,50,200,0.1,0.1,0.1,0.1,0.1,0.1,0.5,0,13729,0.055138757,0.018282468,0,0,0,0,0,0,0,0,0,0,5,1.407861771
170507.87,0.516555147,0.5,6621,37,0.17945,33.4375,34.5625,37.13,0,0,0.07,0,0,20,0.5,0.104,5.5,50,200,0.1,0.1,0.1,0.1,0.1,0.1,0.5,0,13132,0.056807798,0.019113616,0,0,0,0,0,0,0,0,0,0,5,1.366257811
170567.94,0.520343443,0.5,6621,37,0.2195,33.3125,34.5625,37.01,0,0,0.25,0,0,20,0.5,0.104,5.5,50,200,0.1,0.1,0.1,0.1,0.1,0.1,0.5,0,13352,0.057519473,0.019098262,0,0,0,0,0,0,0,0,0,0,5,1.319865945
170627.99,0.529501292,0.5,6621,37,0.17695,33.3125,34.5625,37.11,0,0,0.07,0,0,20,0.5,0.104,5.5,50,200,0.1,0.1,0.1,0.1,0.1,0.1,0.5,0,14608,0.054422234,0.018140745,0,0,0,0,0,0,0,0,0,0,5,1.306212278
170688.07,0.53998513,0.5,6621,37,0.16065,33.25,34.5625,37.11,0,0,0,0,0,20,0.5,0.104,5.5,50,200,0.1,0.1,0.1,0.1,0.1,0.1,0.5,0,14146,0.056411706,0.018874594,0,0,0,0,0,0,0,0,0,0,5,1.299719657
170748.14,0.554278709,0.5,6621,37,0.20765,33.1875,34.5625,37.11,0,0,0,0,0,20,0.5,0.104,5.5,50,200,0.1,0.1,0.1,0.1,0.1,0.1,0.5,0,14519,0.055513465,0.018734073,0,0,0,0,0,0,0,0,0,0,5,1.313111801
170808.23,0.557158123,0.5,6621,37,0.17495,33.125,34.5,37.21,0,0.02,0.15,0,0,20,0.5,0.104,5.5,50,200,0.1,0.1,0.1,0.1,0.1,0.1,0.5,0,14826,0.055712937,0.018750843,0,0,0,0,0,0,0,0,0,0,0.44,1.313111801
170868.31,0.501825245,0.5,6621,37,0.593671693,33,34.5,35.93,0,0.019992082,0.25,0,0,20,0.5,0.104,5.5,50,200,0.1,0.1,0.1,0.1,0.1,0.1,0.5,0,13388,0.056543173,0.019121601,0,0,0,0,0,0,0,0,0,0,0.44,1.313111801
170928.37,0.436331238,0.5,6621,37,0.66562684,32.875,34.5625,35.69,0,9.38E-05,0.070375149,0,0,20,0.5,0.104,5.5,50,200,0.1,0.1,0.1,0.1,0.1,0.1,0.5,0,12995,0.055098115,0.018468642,0,0,0,0,0,0,0,0,0,0,0.44,1.313111801
170988.42,0.419632986,0.5,6621,37,0.53370815,33.0625,34.5625,36.53,0,0,0.07,0,0,20,0.5,0.104,5.5,50,200,0.1,0.1,0.1,0.1,0.1,0.1,0.5,0,12734,0.055049474,0.018690121,0,0,0,0,0,0,0,0,0,0,5,1.313111801
171048.47,0.435563055,0.5,6621,37,0.25335,33.3125,34.625,37.05,0,0,0.07,0,0,20,0.5,0.104,5.5,50,200,0.1,0.1,0.1,0.1,0.1,0.1,0.5,0,12513,0.055861904,0.018700551,0,0,0,0,0,0,0,0,0,0,5,1.313111801
171108.55,0.439682742,0.5,6621,37,0.21465,33.5625,34.625,37.35,0,0,0.07,0,0,20,0.5,0.104,5.5,50,200,0.1,0.1,0.1,0.1,0.1,0.1,0.5,0,12940,0.055023184,0.0187017,0,0,0,0,0,0,0,0,0,0,5,1.313111801
171168.62,0.462805363,0.5,6621,37,0.215,33.625,34.625,37.25,0,0,0.25,0,0,20,0.5,0.104,5.5,50,200,0.1,0.1,0.1,0.1,0.1,0.1,0.5,0,12679,0.056865683,0.019165549,0,0,0,0,0,0,0,0,0,0,5,1.313111801
171228.67,0.475335556,0.5,6621,37,0.16355,33.625,34.6875,37.49,0,0,0.07,0,0,20,0.5,0.104,5.5,50,200,0.1,0.1,0.1,0.1,0.1,0.1,0.5,0,13981,0.053930334,0.018167513,0,0,0,0,0,0,0,0,0,0,5,1.313111801
171288.71,0.482641726,0.5,6621,37,0.11975,33.625,34.6875,37.51,0,0,0.07,0,0,20,0.5,0.104,5.5,50,200,0.1,0.1,0.1,0.1,0.1,0.1,0.5,0,13008,0.056426814,0.019065191,0,0,0,0,0,0,0,0,0,0,5,1.313111801
171348.78,0.490329071,0.5,6621,37,0.11655,33.5625,34.6875,37.45,0,0,0.07,0,0,20,0.5,0.104,5.5,50,200,0.1,0.1,0.1,0.1,0.1,0.1,0.5,0,14157,0.054248782,0.0182242,0,0,0,0,0,0,0,0,0,0,5,1.294862598
171408.86,0.506678807,0.5,6621,37,0.17405,33.5,34.6875,37.09,0,0,0.07,0,0,20,0.5,0.104,5.5,50,200,0.1,0.1,0.1,0.1,0.1,0.1,0.5,0,13822,0.055563594,0.018593547,0,0,0,0,0,0,0,0,0,0,5,1.328521111
171468.89,0.51159469,0.5,6621,37,0.1622,33.4375,34.5625,37.25,0,0,0.25,0,0,20,0.5,0.104,5.5,50,200,0.1,0.1,0.1,0.1,0.1,0.1,0.5,0,13932,0.055340224,0.018446741,0,0,0,0,0,0,0,0,0,0,5,1.291061266
171528.95,0.518896689,0.5,6621,37,0.17435,33.375,34.5625,37.19,0,0,0.07,0,0,20,0.5,0.104,5.5,50,200,0.1,0.1,0.1,0.1,0.1,0.1,0.5,0,14210,0.05531316,0.018578466,0,0,0,0,0,0,0,0,0,0,5,1.269024549
171588.99,0.544026058,0.5,6621,37,0.18815,33.3125,34.5,37.27,0,0,0,0,0,20,0.5,0.104,5.5,50,200,0.1,0.1,0.1,0.1,0.1,0.1,0.5,0,14361,0.055915326,0.01859202,0,0,0,0,0,0,0,0,0,0,5,1.347450347
171649.08,0.545734675,0.5,6621,37,0.18425,33.3125,34.4375,37.17,0,0.02,0.15,0,0,20,0.5,0.104,5.5,50,200,0.1,0.1,0.1,0.1,0.1,0.1,0.5,0,14135,0.056667846,0.018960028,0,0,0,0,0,0,0,0,0,0,0.44,1.347450347
171709.13,0.479363095,0.5,6621,37,0.577675,33.0625,34.5,36.07,0,0.015957823,0.133831292,0,0,20,0.5,0.104,5.5,50,200,0.1,0.1,0.1,0.1,0.1,0.1,0.5,0,13404,0.055953447,0.018427335,0,0,0,0,0,0,0,0,0,0,0.44,1.347450347
171769.18,0.437225468,0.5,6621,37,0.5453,32.9375,34.4375,36.05,0,0,0.25,0,0,20,0.5,0.104,5.5,50,200,0.1,0.1,0.1,0.1,0.1,0.1,0.5,0,12803,0.055533859,0.018589393,0,0,0,0,0,0,0,0,0,0,5,1.347450347
171829.25,0.442188916,0.5,6621,37,0.32105,33.1875,34.5,36.95,0,0,0.07,0,0,20,0.5,0.104,5.5,50,200,0.1,0.1,0.1,0.1,0.1,0.1,0.5,0,13264,0.05435766,0.018471049,0,0,0,0,0,0,0,0,0,0,5,1.347450347
171889.31,0.451682054,0.5,6621,37,0.14495,33.4375,34.5,37.49,0,0,0.07,0,0,20,0.5,0.104,5.5,50,200,0.1,0.1,0.1,0.1,0.1,0.1,0.5,0,12359,0.056962537,0.018771745,0,0,0,0,0,0,0,0,0,0,5,1.347450347
171949.36,0.452917602,0.5,6621,37,0.13165,33.5,34.4375,37.55,0,0,0.07,0,0,20,0.5,0.104,5.5,50,200,0.1,0.1,0.1,0.1,0.1,0.1,0.5,0,12542,0.056848987,0.019055972,0,0,0,0,0,0,0,0,0,0,5,1.347450347
172009.41,0.470496143,0.5,6621,37,0.14135,33.5625,34.5,37.37,0,0,0.07,0,0,20,0.5,0.104,5.5,50,200,0.1,0.1,0.1,0.1,0.1,0.1,0.5,0,13826,0.054100969,0.018298857,0,0,0,0,0,0,0,0,0,0,5,1.347450347
172069.46,0.489935951,0.5,6621,37,0.1579,33.5,34.5,37.35,0,0,0.25,0,0,20,0.5,0.104,5.5,50,200,0.1,0.1,0.1,0.1,0.1,0.1,0.5,0,13590,0.054966887,0.018395879,0,0,0,0,0,0,0,0,0,0,5,1.347450347
172129.5,0.487450678,0.5,6621,37,0.17385,33.4375,34.5625,37.35,0,0,0.07,0,0,20,0.5,0.104,5.5,50,200,0.1,0.1,0.1,0.1,0.1,0.1,0.5,0,13318,0.056540021,0.018546328,0,0,0,0,0,0,0,0,0,0,5,1.264821158
172189.55,0.521157575,0.5,6621,37,0.16605,33.375,34.625,37.09,0,0,0.07,0,0,20,0.5,0.104,5.5,50,200,0.1,0.1,0.1,0.1,0.1,0.1,0.5,0,13983,0.055424444,0.018665522,0,0,0,0,0,0,0,0,0,0,5,1.40217009
172249.6,0.514266884,0.5,6621,37,0.19415,33.3125,34.625,37.11,0,0,0.07,0,0,20,0.5,0.104,5.5,50,200,0.1,0.1,0.1,0.1,0.1,0.1,0.5,0,14022,0.055341606,0.018399658,0,0,0,0,0,0,0,0,0,0,5,1.292131341
172309.67,0.530114466,0.5,6621,37,0.15845,33.3125,34.6875,37.05,0,0,0.07,0,0,20,0.5,0.104,5.5,50,200,0.1,0.1,0.1,0.1,0.1,0.1,0.5,0,14121,0.05587423,0.018412294,0,0,0,0,0,0,0,0,0,0,5,1.318576562
172369.71,0.543004534,0.5,6621,37,0.17015,33.375,34.625,37.13,0,0,0,0,0,20,0.5,0.104,5.5,50,200,0.1,0.1,0.1,0.1,0.1,0.1,0.5,0,15007,0.053974812,0.018258146,0,0,0,0,0,0,0,0,0,0,5,1.32472187
172429.8,0.535835936,0.5,6621,37,0.17885,33.3125,34.6875,37.03,0,0,0,0,0,20,0.5,0.104,5.5,50,200,0.1,0.1,0.1,0.1,0.1,0.1,0.5,0,13698,0.05759965,0.01934589,0,0,0,0,0,0,0,0,0,0,5,1.218616845
172489.86,0.56860478,0.5,6621,37,0.18375,33.25,34.6875,37.09,0,0,0,0,0,20,0.5,0.104,5.5,50,200,0.1,0.1,0.1,0.1,0.1,0.1,0.5,0,14727,0.055680043,0.018741088,0,0,0,0,0,0,0,0,0,0,5,1.335758742
172549.93,0.567394584,0.5,6621,37,0.14925,33.25,34.6875,37.01,0,0.02,0.15,0,0,20,0.5,0.104,5.5,50,200,0.1,0.1,0.1,0.1,0.1,0.1,0.5,0,14902,0.055898537,0.018789424,0,0,0,0,0,0,0,0,0,0,0.44,1.335758742
172609.99,0.501248495,0.5,6621,37,0.583075,33,34.6875,35.83,0,0.02,0.15,0,0,20,0.5,0.104,5.5,50,200,0.1,0.1,0.1,0.1,0.1,0.1,0.5,0,14924,0.053001876,0.017890646,0,0,0,0,0,0,0,0,0,0,0.44,1.335758742
172670.06,0.42987555,0.5,6621,37,0.4701,32.9375,34.6875,36.31,0,0,0.25,0,0,20,0.5,0.104,5.5,50,200,0.1,0.1,0.1,0.1,0.1,0.1,0.5,0,12372,0.05633689,0.018994504,0,0,0,0,0,0,0,0,0,0,0.44,1.335758742
172730.12,0.436107224,0.5,6621,37,0.36915,33.1875,34.6875,36.65,0,0,0.07,0,0,20,0.5,0.104,5.5,50,200,0.1,0.1,0.1,0.1,0.1,0.1,0.5,0,13213,0.054416105,0.018315296,0,0,0,0,0,0,0,0,0,0,5,1.335758742
172790.19,0.44976618,0.5,6621,37,0.25115,33.4375,34.6875,37.25,0,0,0.07,0,0,20,0.5,0.104,5.5,50,200,0.1,0.1,0.1,0.1,0.1,0.1,0.5,0,12494,0.056507123,0.01872899,0,0,0,0,0,0,0,0,0,0,5,1.335758742
172850.26,0.465191645,0.5,6621,37,0.16265,33.5625,34.6875,37.49,0,0,0.07,0,0,20,0.5,0.104,5.5,50,200,0.1,0.1,0.1,0.1,0.1,0.1,0.5,0,13268,0.055094965,0.01854085,0,0,0,0,0,0,0,0,0,0,5,1.335758742
172910.31,0.46888969,0.5,6621,37,0.18275,33.5625,34.6875,37.35,0,0,0.07,0,0,20,0.5,0.104,5.5,50,200,0.1,0.1,0.1,0.1,0.1,0.1,0.5,0,12669,0.056594838,0.019101744,0,0,0,0,0,0,0,0,0,0,5,1.335758742
172970.4,0.481126935,0.5,6621,37,0.15655,33.5625,34.625,37.27,0,0,0.25,0,0,20,0.5,0.104,5.5,50,200,0.1,0.1,0.1,0.1,0.1,0.1,0.5,0,13785,0.054624592,0.018425825,0,0,0,0,0,0,0,0,0,0,5,1.335758742
173030.43,0.488983222,0.5,6621,37,0.13835,33.5625,34.5625,37.35,0,0,0.07,0,0,20,0.5,0.104,5.5,50,200,0.1,0.1,0.1,0.1,0.1,0.1,0.5,0,13292,0.055973518,0.018582606,0,0,0,0,0,0,0,0,0,0,5,1.335758742
173090.46,0.517185762,0.5,6621,37,0.19145,33.4375,34.5625,37.33,0,0,0.07,0,0,20,0.5,0.104,5.5,50,200,0.1,0.1,0.1,0.1,0.1,0.1,0.5,0,14831,0.052794822,0.017800553,0,0,0,0,0,0,0,0,0,0,5,1.437192626
173150.5,0.523246133,0.5,6621,37,0.15895,33.375,34.5625,37.29,0,0,0.07,0,0,20,0.5,0.104,5.5,50,200,0.1,0.1,0.1,0.1,0.1,0.1,0.5,0,14035,0.055290346,0.018596366,0,0,0,0,0,0,0,0,0,0,5,1.400282555
173210.55,0.520757858,0.5,6621,37,0.15705,33.3125,34.5,37.25,0,0,0.07,0,0,20,0.5,0.104,5.5,50,200,0.1,0.1,0.1,0.1,0.1,0.1,0.5,0,14362,0.054936638,0.018242585,0,0,0,0,0,0,0,0,0,0,5,1.315968022
173270.62,0.535825321,0.5,6621,37,0.12745,33.25,34.5,37.13,0,0,0,0,0,20,0.5,0.104,5.5,50,200,0.1,0.1,0.1,0.1,0.1,0.1,0.5,0,14013,0.056447584,0.018911011,0,0,0,0,0,0,0,0,0,0,5,1.335738758
173330.69,0.543273393,0.5,6621,37,0.18295,33.1875,34.5,37.13,0,0,0,0,0,20,0.5,0.104,5.5,50,200,0.1,0.1,0.1,0.1,0.1,0.1,0.5,0,14463,0.055382701,0.018391758,0,0,0,0,0,0,0,0,0,0,5,1.310365213
173390.76,0.53736663,0.5,6621,37,0.20705,33.1875,34.5,37.13,0,0,0,0,0,20,0.5,0.104,5.5,50,200,0.1,0.1,0.1,0.1,0.1,0.1,0.5,0,14458,0.055955181,0.018743948,0,0,0,0,0,0,0,0,0,0,5,1.212050712
173450.8,0.563033883,0.5,6621,37,0.17495,33.1875,34.5625,37.01,0,0,0,0,0,20,0.5,0.104,5.5,50,200,0.1,0.1,0.1,0.1,0.1,0.1,0.5,0,14466,0.056615512,0.018940965,0,0,0,0,0,0,0,0,0,0,5,1.291425807
173510.88,0.583484945,0.5,6621,37,0.15835,33.1875,34.5625,37.01,0,0.02,0.15,0,0,20,0.5,0.104,5.5,50,200,0.1,0.1,0.1,0.1,0.1,0.1,0.5,0,14648,0.056526488,0.018705625,0,0,0,0,0,0,0,0,0,0,0.44,1.291425807
173570.92,0.489808453,0.5,6621,37,0.592125,32.9375,34.5625,35.97,0,0.02,0.25,0,0,20,0.5,0.104,5.5,50,200,0.1,0.1,0.1,0.1,0.1,0.1,0.5,0,13064,0.057945499,0.019213105,0,0,0,0,0,0,0,0,0,0,0.44,1.291425807
173630.97,0.429803444,0.5,6621,37,0.690225,32.9375,34.5625,35.89,0,0,0.07,0,0,20,0.5,0.104,5.5,50,200,0.1,0.1,0.1,0.1,0.1,0.1,0.5,0,12809,0.056210477,0.018971036,0,0,0,0,0,0,0,0,0,0,5,1.291425807
173691.01,0.438904071,0.5,6621,37,0.35885,33.125,34.625,36.85,0,0,0.07,0,0,20,0.5,0.104,5.5,50,200,0.1,0.1,0.1,0.1,0.1,0.1,0.5,0,12994,0.054948438,0.018470063,0,0,0,0,0,0,0,0,0,0,5,1.291425807
173751.07,0.474568351,0.5,6621,37,0.27495,33.3125,34.625,37.11,0,0,0.07,0,0,20,0.5,0.104,5.5,50,200,0.1,0.1,0.1,0.1,0.1,0.1,0.5,0,12969,0.055748323,0.018891202,0,0,0,0,0,0,0,0,0,0,5,1.291425807
173811.11,0.473306805,0.5,6621,37,0.15325,33.5,34.625,37.41,0,0,0.07,0,0,20,0.5,0.104,5.5,50,200,0.1,0.1,0.1,0.1,0.1,0.1,0.5,0,13444,0.054819994,0.018298126,0,0,0,0,0,0,0,0,0,0,5,1.291425807
173871.15,0.475512795,0.5,6621,37,0.13795,33.5625,34.625,37.43,0,0,0.25,0,0,20,0.5,0.104,5.5,50,200,0.1,0.1,0.1,0.1,0.1,0.1,0.5,0,13631,0.055388453,0.018707358,0,0,0,0,0,0,0,0,0,0,5,1.291425807
173931.22,0.492868047,0.5,6621,37,0.12265,33.625,34.6875,37.41,0,0,0.07,0,0,20,0.5,0.104,5.5,50,200,0.1,0.1,0.1,0.1,0.1,0.1,0.5,0,13499,0.055633751,0.018816209,0,0,0,0,0,0,0,0,0,0,5,1.291425807
173991.3,0.498724798,0.5,6621,37,0.18515,33.5625,34.625,37.21,0,0,0.07,0,0,20,0.5,0.104,5.5,50,200,0.1,0.1,0.1,0.1,0.1,0.1,0.5,0,13287,0.057048243,0.018965907,0,0,0,0,0,0,0,0,0,0,5,1.262293373
174051.35,0.511739253,0.5,6621,37,0.17585,33.4375,34.625,37.27,0,0,0.07,0,0,20,0.5,0.104,5.5,50,200,0.1,0.1,0.1,0.1,0.1,0.1,0.5,0,14023,0.054767168,0.018683591,0,0,0,0,0,0,0,0,0,0,5,1.276461067
174111.39,0.531739697,0.5,6621,37,0.18305,33.4375,34.5625,37.19,0,0,0.07,0,0,20,0.5,0.104,5.5,50,200,0.1,0.1,0.1,0.1,0.1,0.1,0.5,0,14535,0.054351565,0.018575851,0,0,0,0,0,0,0,0,0,0,5,1.327654573
174171.43,0.548340679,0.5,6621,37,0.13405,33.3125,34.5625,37.35,0,0,0.25,0,0,20,0.5,0.104,5.5,50,200,0.1,0.1,0.1,0.1,0.1,0.1,0.5,0,13834,0.056888825,0.018938846,0,0,0,0,0,0,0,0,0,0,5,1.353499922
174231.48,0.549711758,0.5,6621,37,0.17335,33.25,34.5,36.93,0,0.02,0.15,0,0,20,0.5,0.104,5.5,50,200,0.1,0.1,0.1,0.1,0.1,0.1,0.5,0,14413,0.055505446,0.018455561,0,0,0,0,0,0,0,0,0,0,0.44,1.353499922
174291.54,0.48119548,0.5,6621,37,0.59555,33,34.5625,36.09,0,0.016599551,0.136398203,0,0,20,0.5,0.104,5.5,50,200,0.1,0.1,0.1,0.1,0.1,0.1,0.5,0,13195,0.056233422,0.018946571,0,0,0,0,0,0,0,0,0,0,0.44,1.353499922
174351.6,0.429417412,0.5,6621,37,0.616899714,32.9375,34.5625,35.83,0,0,0.07,0,0,20,0.5,0.104,5.5,50,200,0.1,0.1,0.1,0.1,0.1,0.1,0.5,0,12679,0.055682625,0.018613455,0,0,0,0,0,0,0,0,0,0,5,1.353499922
174411.64,0.438351051,0.5,6621,37,0.33745,33.1875,34.5625,36.81,0,0,0.07,0,0,20,0.5,0.104,5.5,50,200,0.1,0.1,0.1,0.1,0.1,0.1,0.5,0,13164,0.054846551,0.018307505,0,0,0,0,0,0,0,0,0,0,5,1.353499922
174471.71,0.45624592,0.5,6621,37,0.21825,33.375,34.5,37.35,0,0,0.25,0,0,20,0.5,0.104,5.5,50,200,0.1,0.1,0.1,0.1,0.1,0.1,0.5,0,12933,0.056058146,0.018711822,0,0,0,0,0,0,0,0,0,0,5,1.353499922
174531.78,0.459647897,0.5,6621,37,0.12585,33.5,34.5,37.45,0,0,0.07,0,0,20,0.5,0.104,5.5,50,200,0.1,0.1,0.1,0.1,0.1,0.1,0.5,0,13097,0.056119722,0.018477514,0,0,0,0,0,0,0,0,0,0,5,1.353499922
174591.85,0.481578678,0.5,6621,37,0.15615,33.5,34.5625,37.21,0,0,0.07,0,0,20,0.5,0.104,5.5,50,200,0.1,0.1,0.1,0.1,0.1,0.1,0.5,0,13466,0.054953216,0.018639537,0,0,0,0,0,0,0,0,0,0,5,1.353499922
174651.9,0.480839645,0.5,6621,37,0.21335,33.5,34.5625,37.21,0,0,0.07,0,0,20,0.5,0.104,5.5,50,200,0.1,0.1,0.1,0.1,0.1,0.1,0.5,0,12585,0.057767183,0.019229241,0,0,0,0,0,0,0,0,0,0,5,1.353499922
174711.98,0.505015962,0.5,6621,37,0.14575,33.4375,34.5625,37.33,0,0,0.07,0,0,20,0.5,0.104,5.5,50,200,0.1,0.1,0.1,0.1,0.1,0.1,0.5,0,13931,0.055057067,0.01859163,0,0,0,0,0,0,0,0,0,0,5,1.432993528
174772.05,0.498815472,0.5,6621,37,0.09875,33.4375,34.625,37.37,0,0,0.25,0,0,20,0.5,0.104,5.5,50,200,0.1,0.1,0.1,0.1,0.1,0.1,0.5,0,14207,0.054269022,0.018441613,0,0,0,0,0,0,0,0,0,0,5,1.324282436
174832.1,0.513897638,0.5,6621,37,0.14805,33.375,34.625,37.01,0,0,0.07,0,0,20,0.5,0.104,5.5,50,200,0.1,0.1,0.1,0.1,0.1,0.1,0.5,0,13237,0.057868097,0.019188638,0,0,0,0,0,0,0,0,0,0,5,1.347431916
174892.17,0.535822521,0.5,6621,37,0.13405,33.3125,34.5625,37.13,0,0,0.07,0,0,20,0.5,0.104,5.5,50,200,0.1,0.1,0.1,0.1,0.1,0.1,0.5,0,14028,0.055888224,0.018676932,0,0,0,0,0,0,0,0,0,0,5,1.405396989
174952.21,0.538195599,0.5,6621,37,0.16275,33.3125,34.625,37.13,0,0,0,0,0,20,0.5,0.104,5.5,50,200,0.1,0.1,0.1,0.1,0.1,0.1,0.5,0,14215,0.056559972,0.018501583,0,0,0,0,0,0,0,0,0,0,5,1.348384358
175012.25,0.539488177,0.5,6621,37,0.14885,33.25,34.625,37.03,0,0,0,0,0,20,0.5,0.104,5.5,50,200,0.1,0.1,0.1,0.1,0.1,0.1,0.5,0,14815,0.055484306,0.018629767,0,0,0,0,0,0,0,0,0,0,5,1.288161567
175072.34,0.55158986,0.5,6621,37,0.17645,33.1875,34.6875,37.11,0,0,0,0,0,20,0.5,0.104,5.5,50,200,0.1,0.1,0.1,0.1,0.1,0.1,0.5,0,14899,0.055507081,0.01865897,0,0,0,0,0,0,0,0,0,0,5,1.290305166
175132.41,0.562031948,0.5,6621,37,0.17195,33.1875,34.625,37.27,0,0.02,0.15,0,0,20,0.5,0.104,5.5,50,200,0.1,0.1,0.1,0.1,0.1,0.1,0.5,0,13881,0.058137022,0.019090844,0,0,0,0,0,0,0,0,0,0,0.44,1.290305166
175192.49,0.506608696,0.5,6621,37,0.5072,33,34.6875,35.97,0,0.02,0.15,0,0,20,0.5,0.104,5.5,50,200,0.1,0.1,0.1,0.1,0.1,0.1,0.5,0,13718,0.056349322,0.018807406,0,0,0,0,0,0,0,0,0,0,0.44,1.290305166
175252.56,0.440425578,0.5,6621,37,0.657375,32.9375,34.6875,35.69,0,0.000726662,0.072906647,0,0,20,0.5,0.104,5.5,50,200,0.1,0.1,0.1,0.1,0.1,0.1,0.5,0,13726,0.053766574,0.018359318,0,0,0,0,0,0,0,0,0,0,0.44,1.290305166
175312.63,0.437055209,0.5,6621,37,0.499652189,33.0625,34.625,36.37,0,0,0.07,0,0,20,0.5,0.104,5.5,50,200,0.1,0.1,0.1,0.1,0.1,0.1,0.5,0,12918,0.054962068,0.018346493,0,0,0,0,0,0,0,0,0,0,5,1.290305166
175372.71,0.444332037,0.5,6621,37,0.25685,33.3125,34.5625,37.35,0,0,0.25,0,0,20,0.5,0.104,5.5,50,200,0.1,0.1,0.1,0.1,0.1,0.1,0.5,0,13648,0.053194607,0.018244431,0,0,0,0,0,0,0,0,0,0,5,1.290305166
175432.75,0.441324791,0.5,6621,37,0.21075,33.5,34.5625,37.29,0,0,0.07,0,0,20,0.5,0.104,5.5,50,200,0.1,0.1,0.1,0.1,0.1,0.1,0.5,0,12718,0.05629816,0.019106778,0,0,0,0,0,0,0,0,0,0,5,1.290305166
175492.81,0.463156579,0.5,6621,37,0.15545,33.5625,34.5,37.71,0,0,0.07,0,0,20,0.5,0.104,5.5,50,200,0.1,0.1,0.1,0.1,0.1,0.1,0.5,0,12277,0.057668812,0.019385843,0,0,0,0,0,0,0,0,0,0,5,1.290305166
175552.85,0.467611839,0.5,6621,37,0.17465,33.5625,34.5,37.41,0,0,0.07,0,0,20,0.5,0.104,5.5,50,200,0.1,0.1,0.1,0.1,0.1,0.1,0.5,0,13698,0.054825522,0.018542853,0,0,0,0,0,0,0,0,0,0,5,1.290305166
175612.92,0.483348222,0.5,6621,37,0.17415,33.5625,34.625,37.43,0,0,0.07,0,0,20,0.5,0.104,5.5,50,200,0.1,0.1,0.1,0.1,0.1,0.1,0.5,0,13880,0.054610951,0.018227666,0,0,0,0,0,0,0,0,0,0,5,1.290305166
175672.96,0.486779859,0.5,6621,37,0.13065,33.4375,34.5625,37.35,0,0,0.25,0,0,20,0.5,0.104,5.5,50,200,0.1,0.1,0.1,0.1,0.1,0.1,0.5,0,13842,0.055122092,0.018494437,0,0,0,0,0,0,0,0,0,0,5,1.247013814
175733.01,0.50044957,0.5,6621,37,0.22555,33.4375,34.5,37.37,0,0,0.07,0,0,20,0.5,0.104,5.5,50,200,0.1,0.1,0.1,0.1,0.1,0.1,0.5,0,13542,0.056047851,0.018534928,0,0,0,0,0,0,0,0,0,0,5,1.267747666
175793.08,0.514497702,0.5,6621,37,0.16805,33.375,34.5625,37.21,0,0,0.07,0,0,20,0.5,0.104,5.5,50,200,0.1,0.1,0.1,0.1,0.1,0.1,0.5,0,13888,0.056019585,0.018793203,0,0,0,0,0,0,0,0,0,0,5,1.287413048
175853.13,0.518194838,0.5,6621,37,0.16025,33.375,34.5625,37.01,0,0,0.07,0,0,20,0.5,0.104,5.5,50,200,0.1,0.1,0.1,0.1,0.1,0.1,0.5,0,14117,0.055960898,0.018488347,0,0,0,0,0,0,0,0,0,0,5,1.244523047
175913.2,0.54239466,0.5,6621,37,0.15515,33.3125,34.625,37.21,0,0,0,0,0,20,0.5,0.104,5.5,50,200,0.1,0.1,0.1,0.1,0.1,0.1,0.5,0,14138,0.056797284,0.018956005,0,0,0,0,0,0,0,0,0,0,5,1.31922465
175973.24,0.552935855,0.5,6621,37,0.20685,33.3125,34.625,37.17,0,0.02,0.25,0,0,20,0.5,0.104,5.5,50,200,0.1,0.1,0.1,0.1,0.1,0.1,0.5,0,14398,0.056674538,0.018891513,0,0,0,0,0,0,0,0,0,0,0.44,1.31922465
176033.28,0.480561413,0.5,6621,37,0.5374,33.0625,34.625,36.09,0,0.016839624,0.137358495,0,0,20,0.5,0.104,5.5,50,200,0.1,0.1,0.1,0.1,0.1,0.1,0.5,0,14242,0.054556944,0.018115433,0,0,0,0,0,0,0,0,0,0,0.44,1.31922465
176093.35,0.425848888,0.5,6621,37,0.643253423,32.9375,34.6875,35.89,0,0,0.07,0,0,20,0.5,0.104,5.5,50,200,0.1,0.1,0.1,0.1,0.1,0.1,0.5,0,12840,0.055529595,0.01876947,0,0,0,0,0,0,0,0,0,0,5,1.31922465
176153.42,0.434895917,0.5,6621,37,0.35615,33.1875,34.6875,36.77,0,0,0.07,0,0,20,0.5,0.104,5.5,50,200,0.1,0.1,0.1,0.1,0.1,0.1,0.5,0,12984,0.055375847,0.01840727,0,0,0,0,0,0,0,0,0,0,5,1.31922465
176213.49,0.447773794,0.5,6621,37,0.20425,33.4375,34.625,37.37,0,0,0.07,0,0,20,0.5,0.104,5.5,50,200,0.1,0.1,0.1,0.1,0.1,0.1,0.5,0,12971,0.056279392,0.018888289,0,0,0,0,0,0,0,0,0,0,5,1.31922465
176273.55,0.464451744,0.5,6621,37,0.18995,33.5625,34.6875,37.35,0,0,0.25,0,0,20,0.5,0.104,5.5,50,200,0.1,0.1,0.1,0.1,0.1,0.1,0.5,0,13598,0.054934549,0.018164436,0,0,0,0,0,0,0,0,0,0,5,1.31922465
176333.6,0.471738401,0.5,6621,37,0.11935,33.625,34.6875,37.49,0,0,0.07,0,0,20,0.5,0.104,5.5,50,200,0.1,0.1,0.1,0.1,0.1,0.1,0.5,0,13288,0.055915111,0.018889223,0,0,0,0,0,0,0,0,0,0,5,1.31922465
176393.68,0.487889105,0.5,6621,37,0.15055,33.5625,34.6875,37.41,0,0,0.07,0,0,20,0.5,0.104,5.5,50,200,0.1,0.1,0.1,0.1,0.1,0.1,0.5,0,12904,0.058044017,0.018986361,0,0,0,0,0,0,0,0,0,0,5,1.31922465
176453.72,0.494368987,0.5,6621,37,0.14615,33.5625,34.625,37.17,0,0,0.07,0,0,20,0.5,0.104,5.5,50,200,0.1,0.1,0.1,0.1,0.1,0.1,0.5,0,14299,0.054829009,0.018253025,0,0,0,0,0,0,0,0,0,0,5,1.292845534
176513.79,0.494838302,0.5,6621,37,0.15535,33.4375,34.5625,37.09,0,0,0.07,0,0,20,0.5,0.104,5.5,50,200,0.1,0.1,0.1,0.1,0.1,0.1,0.5,0,14200,0.055352113,0.018661972,0,0,0,0,0,0,0,0,0,0,5,1.231049871
176573.83,0.516427131,0.5,6621,37,0.18025,33.375,34.5625,37.25,0,0,0.25,0,0,20,0.5,0.104,5.5,50,200,0.1,0.1,0.1,0.1,0.1,0.1,0.5,0,14371,0.055389326,0.018300745,0,0,0,0,0,0,0,0,0,0,5,1.297606827
176633.87,0.533843477,0.5,6621,37,0.19165,33.3125,34.5625,36.97,0,0,0.07,0,0,20,0.5,0.104,5.5,50,200,0.1,0.1,0.1,0.1,0.1,0.1,0.5,0,13814,0.057405531,0.019111047,0,0,0,0,0,0,0,0,0,0,5,1.332231943
176693.91,0.52829736,0.5,6621,37,0.19365,33.25,34.5,37.09,0,0,0,0,0,20,0.5,0.104,5.5,50,200,0.1,0.1,0.1,0.1,0.1,0.1,0.5,0,14009,0.057534442,0.018845028,0,0,0,0,0,0,0,0,0,0,5,1.234290219
176753.99,0.5362373,0.5,6621,37,0.21095,33.25,34.5,37.17,0,0,0,0,0,20,0.5,0.104,5.5,50,200,0.1,0.1,0.1,0.1,0.1,0.1,0.5,0,14671,0.056028901,0.018744462,0,0,0,0,0,0,0,0,0,0,5,1.217328151
176814.06,0.54582734,0.5,6621,37,0.18265,33.1875,34.4375,37.05,0,0,0,0,0,20,0.5,0.104,5.5,50,200,0.1,0.1,0.1,0.1,0.1,0.1,0.5,0,15153,0.055434567,0.018412196,0,0,0,0,0,0,0,0,0,0,5,1.209639479
176874.13,0.563349592,0.5,6621,37,0.20265,33.125,34.4375,37.05,0,0.02,0.25,0,0,20,0.5,0.104,5.5,50,200,0.1,0.1,0.1,0.1,0.1,0.1,0.5,0,14395,0.057728378,0.019103856,0,0,0,0,0,0,0,0,0,0,0.44,1.209639479
176934.19,0.504954891,0.5,6621,37,0.554775,32.9375,34.5,35.99,0,0.02,0.15,0,0,20,0.5,0.104,5.5,50,200,0.1,0.1,0.1,0.1,0.1,0.1,0.5,0,14157,0.055802783,0.018436109,0,0,0,0,0,0,0,0,0,0,0.44,1.209639479
176994.24,0.431392721,0.5,6621,37,0.66185,32.875,34.5,35.67,0,0,0.07,0,0,20,0.5,0.104,5.5,50,200,0.1,0.1,0.1,0.1,0.1,0.1,0.5,0,12669,0.056989502,0.019101744,0,0,0,0,0,0,0,0,0,0,0.44,1.209639479
177054.31,0.446694472,0.5,6621,37,0.33855,33.0625,34.5,36.69,0,0,0.07,0,0,20,0.5,0.104,5.5,50,200,0.1,0.1,0.1,0.1,0.1,0.1,0.5,0,12410,0.058340048,0.019016922,0,0,0,0,0,0,0,0,0,0,5,1.209639479
177114.39,0.468878603,0.5,6621,37,0.18755,33.375,34.5,37.17,0,0,0.07,0,0,20,0.5,0.104,5.5,50,200,0.1,0.1,0.1,0.1,0.1,0.1,0.5,0,12807,0.057156243,0.019052081,0,0,0,0,0,0,0,0,0,0,5,1.209639479
177174.44,0.478564002,0.5,6621,37,0.18965,33.5,34.5,37.59,0,0,0.25,0,0,20,0.5,0.104,5.5,50,200,0.1,0.1,0.1,0.1,0.1,0.1,0.5,0,13107,0.056992447,0.019073777,0,0,0,0,0,0,0,0,0,0,5,1.209639479
177234.5,0.47649948,0.5,6621,37,0.11965,33.5,34.5625,37.43,0,0,0.07,0,0,20,0.5,0.104,5.5,50,200,0.1,0.1,0.1,0.1,0.1,0.1,0.5,0,12645,0.05867932,0.019533412,0,0,0,0,0,0,0,0,0,0,5,1.209639479
177294.58,0.497970966,0.5,6621,37,0.17005,33.5625,34.5,37.37,0,0,0.07,0,0,20,0.5,0.104,5.5,50,200,0.1,0.1,0.1,0.1,0.1,0.1,0.5,0,13078,0.057883468,0.019039609,0,0,0,0,0,0,0,0,0,0,5,1.209639479
177354.65,0.519029812,0.5,6621,37,0.17395,33.4375,34.5625,37.43,0,0,0.07,0,0,20,0.5,0.104,5.5,50,200,0.1,0.1,0.1,0.1,0.1,0.1,0.5,0,14213,0.055723633,0.018644903,0,0,0,0,0,0,0,0,0,0,5,1.209639479
177414.71,0.515003457,0.5,6621,37,0.13165,33.5,34.625,37.45,0,0,0.07,0,0,20,0.5,0.104,5.5,50,200,0.1,0.1,0.1,0.1,0.1,0.1,0.5,0,14408,0.055941144,0.018461966,0,0,0,0,0,0,0,0,0,0,5,1.125794377
177474.75,0.526886021,0.5,6621,37,0.20535,33.375,34.625,37.11,0,0,0.25,0,0,20,0.5,0.104,5.5,50,200,0.1,0.1,0.1,0.1,0.1,0.1,0.5,0,13929,0.05743413,0.019096848,0,0,0,0,0,0,0,0,0,0,5,1.137936559
177534.8,0.535999118,0.5,6621,37,0.17905,33.375,34.625,37.13,0,0,0.07,0,0,20,0.5,0.104,5.5,50,200,0.1,0.1,0.1,0.1,0.1,0.1,0.5,0,14550,0.056563574,0.01862543,0,0,0,0,0,0,0,0,0,0,5,1.132484539
177594.88,0.545886155,0.5,6621,37,0.19105,33.3125,34.625,37.29,0,0,0,0,0,20,0.5,0.104,5.5,50,200,0.1,0.1,0.1,0.1,0.1,0.1,0.5,0,14936,0.055570434,0.018344938,0,0,0,0,0,0,0,0,0,0,5,1.130694103
177654.96,0.560883919,0.5,6621,37,0.15645,33.25,34.625,37.13,0,0.02,0.15,0,0,20,0.5,0.104,5.5,50,200,0.1,0.1,0.1,0.1,0.1,0.1,0.5,0,14354,0.057544935,0.01922809,0,0,0,0,0,0,0,0,0,0,0.44,1.130694103
177714.99,0.488847571,0.5,6621,37,0.5709,33,34.625,35.81,0,0.01870979,0.144839161,0,0,20,0.5,0.104,5.5,50,200,0.1,0.1,0.1,0.1,0.1,0.1,0.5,0,12950,0.059073359,0.019305019,0,0,0,0,0,0,0,0,0,0,0.44,1.130694103
177775.03,0.431206309,0.5,6621,37,0.656571285,32.9375,34.625,35.83,0,0,0.25,0,0,20,0.5,0.104,5.5,50,200,0.1,0.1,0.1,0.1,0.1,0.1,0.5,0,12033,0.059253719,0.019778941,0,0,0,0,0,0,0,0,0,0,5,1.130694103
177835.08,0.45075268,0.5,6621,37,0.35865,33.125,34.6875,36.81,0,0,0.07,0,0,20,0.5,0.104,5.5,50,200,0.1,0.1,0.1,0.1,0.1,0.1,0.5,0,12973,0.056347799,0.01896246,0,0,0,0,0,0,0,0,0,0,5,1.130694103
177895.12,0.458343323,0.5,6621,37,0.18315,33.375,34.625,37.25,0,0,0.07,0,0,20,0.5,0.104,5.5,50,200,0.1,0.1,0.1,0.1,0.1,0.1,0.5,0,12816,0.057116105,0.019116729,0,0,0,0,0,0,0,0,0,0,5,1.130694103
177955.19,0.458181317,0.5,6621,37,0.08955,33.5625,34.625,37.51,0,0,0.07,0,0,20,0.5,0.104,5.5,50,200,0.1,0.1,0.1,0.1,0.1,0.1,0.5,0,13194,0.05722298,0.019023799,0,0,0,0,0,0,0,0,0,0,5,1.130694103
178015.27,0.470940431,0.5,6621,37,0.12925,33.5625,34.625,37.43,0,0,0.07,0,0,20,0.5,0.104,5.5,50,200,0.1,0.1,0.1,0.1,0.1,0.1,0.5,0,13681,0.056136247,0.018712082,0,0,0,0,0,0,0,0,0,0,5,1.130694103
178075.34,0.496662121,0.5,6621,37,0.17845,33.5,34.6875,37.21,0,0,0.25,0,0,20,0.5,0.104,5.5,50,200,0.1,0.1,0.1,0.1,0.1,0.1,0.5,0,14204,0.055336525,0.018304703,0,0,0,0,0,0,0,0,0,0,5,1.130694103
178135.41,0.506511919,0.5,6621,37,0.19485,33.4375,34.6875,37.35,0,0,0.07,0,0,20,0.5,0.104,5.5,50,200,0.1,0.1,0.1,0.1,0.1,0.1,0.5,0,14047,0.056026198,0.018722859,0,0,0,0,0,0,0,0,0,0,5,1.13307309
178195.45,0.50892053,0.5,6621,37,0.17735,33.4375,34.6875,37.35,0,0,0.07,0,0,20,0.5,0.104,5.5,50,200,0.1,0.1,0.1,0.1,0.1,0.1,0.5,0,13341,0.058241511,0.019413837,0,0,0,0,0,0,0,0,0,0,5,1.09065149
178255.53,0.510102989,0.5,6621,37,0.16045,33.4375,34.6875,37.19,0,0,0.07,0,0,20,0.5,0.104,5.5,50,200,0.1,0.1,0.1,0.1,0.1,0.1,0.5,0,13266,0.059173828,0.019222071,0,0,0,0,0,0,0,0,0,0,5,1.043081226
178315.57,0.536285257,0.5,6621,37,0.16235,33.4375,34.625,37.33,0,0,0.07,0,0,20,0.5,0.104,5.5,50,200,0.1,0.1,0.1,0.1,0.1,0.1,0.5,0,13910,0.057153127,0.018979152,0,0,0,0,0,0,0,0,0,0,5,1.141087876
178375.64,0.53768548,0.5,6621,37,0.17335,33.375,34.625,37.19,0,0,0,0,0,20,0.5,0.104,5.5,50,200,0.1,0.1,0.1,0.1,0.1,0.1,0.5,0,14329,0.057156815,0.019052272,0,0,0,0,0,0,0,0,0,0,5,1.091856176
178435.68,0.564296877,0.5,6621,37,0.17945,33.3125,34.5625,37.11,0,0,0,0,0,20,0.5,0.104,5.5,50,200,0.1,0.1,0.1,0.1,0.1,0.1,0.5,0,14088,0.05834753,0.019023282,0,0,0,0,0,0,0,0,0,0,5,1.1821835
178495.74,0.568826502,0.5,6621,37,0.13225,33.25,34.5625,37.13,0,0.02,0.15,0,0,20,0.5,0.104,5.5,50,200,0.1,0.1,0.1,0.1,0.1,0.1,0.5,0,15520,0.055347938,0.018685567,0,0,0,0,0,0,0,0,0,0,0.44,1.1821835
178555.81,0.501787161,0.5,6621,37,0.601825,32.9375,34.5,35.91,0,0.02,0.15,0,0,20,0.5,0.104,5.5,50,200,0.1,0.1,0.1,0.1,0.1,0.1,0.5,0,13446,0.057340473,0.018816005,0,0,0,0,0,0,0,0,0,0,0.44,1.1821835
178615.85,0.428829571,0.5,6621,37,0.6357,32.875,34.5,35.75,0,0,0.07,0,0,20,0.5,0.104,5.5,50,200,0.1,0.1,0.1,0.1,0.1,0.1,0.5,0,12671,0.057059427,0.018861968,0,0,0,0,0,0,0,0,0,0,0.44,1.1821835
178675.89,0.437691931,0.5,6621,37,0.3163,33.1875,34.5,36.93,0,0,0.25,0,0,20,0.5,0.104,5.5,50,200,0.1,0.1,0.1,0.1,0.1,0.1,0.5,0,13017,0.056925559,0.018744718,0,0,0,0,0,0,0,0,0,0,5,1.1821835
178735.96,0.471683715,0.5,6621,37,0.1971,33.3125,34.5625,37.33,0,0,0.07,0,0,20,0.5,0.104,5.5,50,200,0.1,0.1,0.1,0.1,0.1,0.1,0.5,0,12413,0.058970434,0.019576251,0,0,0,0,0,0,0,0,0,0,5,1.1821835
178796.02,0.471099631,0.5,6621,37,0.1495,33.5,34.5,37.45,0,0,0.07,0,0,20,0.5,0.104,5.5,50,200,0.1,0.1,0.1,0.1,0.1,0.1,0.5,0,13461,0.056385113,0.018943615,0,0,0,0,0,0,0,0,0,0,5,1.1821835
178856.09,0.468745447,0.5,6621,37,0.1172,33.5,34.5625,37.67,0,0,0.07,0,0,20,0.5,0.104,5.5,50,200,0.1,0.1,0.1,0.1,0.1,0.1,0.5,0,13158,0.057303542,0.018923849,0,0,0,0,0,0,0,0,0,0,5,1.1821835
178916.13,0.472275792,0.5,6621,37,0.1414,33.4375,34.5,37.29,0,0,0.07,0,0,20,0.5,0.104,5.5,50,200,0.1,0.1,0.1,0.1,0.1,0.1,0.5,0,13706,0.056836422,0.018969794,0,0,0,0,0,0,0,0,0,0,5,1.1821835
178976.19,0.497032365,0.5,6621,37,0.1786,33.4375,34.625,37.09,0,0,0.25,0,0,20,0.5,0.104,5.5,50,200,0.1,0.1,0.1,0.1,0.1,0.1,0.5,0,13470,0.057757981,0.019227914,0,0,0,0,0,0,0,0,0,0,5,1.1821835
179036.25,0.504307053,0.5,6621,37,0.1308,33.375,34.625,37.09,0,0,0.07,0,0,20,0.5,0.104,5.5,50,200,0.1,0.1,0.1,0.1,0.1,0.1,0.5,0,14460,0.055532503,0.018741355,0,0,0,0,0,0,0,0,0,0,5,1.166664837
179096.3,0.515514963,0.5,6621,37,0.1592,33.375,34.625,37.21,0,0,0.07,0,0,20,0.5,0.104,5.5,50,200,0.1,0.1,0.1,0.1,0.1,0.1,0.5,0,13920,0.058117816,0.018965517,0,0,0,0,0,0,0,0,0,0,5,1.174274636
179156.35,0.523792846,0.5,6621,37,0.2174,33.3125,34.6875,37.05,0,0,0.07,0,0,20,0.5,0.104,5.5,50,200,0.1,0.1,0.1,0.1,0.1,0.1,0.5,0,14467,0.056749844,0.018732287,0,0,0,0,0,0,0,0,0,0,5,1.16335074
179216.41,0.536453675,0.5,6621,37,0.2251,33.25,34.6875,37.01,0,0,0,0,0,20,0.5,0.104,5.5,50,200,0.1,0.1,0.1,0.1,0.1,0.1,0.5,0,14569,0.057176196,0.019012973,0,0,0,0,0,0,0,0,0,0,5,1.176835014
179276.46,0.57157404,0.5,6621,37,0.1364,33.25,34.75,37.13,0,0,0,0,0,20,0.5,0.104,5.5,50,200,0.1,0.1,0.1,0.1,0.1,0.1,0.5,0,14935,0.056779377,0.018747908,0,0,0,0,0,0,0,0,0,0,5,1.308234712
179336.52,0.561370941,0.5,6621,37,0.1881,33.3125,34.6875,36.93,0,0.02,0.15,0,0,20,0.5,0.104,5.5,50,200,0.1,0.1,0.1,0.1,0.1,0.1,0.5,0,15261,0.056221742,0.018478475,0,0,0,0,0,0,0,0,0,0,0.44,1.308234712
179396.6,0.494051207,0.5,6621,37,0.570725,33,34.6875,35.67,0,0.019429613,0.147718454,0,0,20,0.5,0.104,5.5,50,200,0.1,0.1,0.1,0.1,0.1,0.1,0.5,0,13594,0.058555245,0.019052523,0,0,0,0,0,0,0,0,0,0,0.44,1.308234712
179456.67,0.445654085,0.5,6621,37,0.669981027,32.9375,34.625,35.55,0,0,0.07,0,0,20,0.5,0.104,5.5,50,200,0.1,0.1,0.1,0.1,0.1,0.1,0.5,0,12680,0.058753943,0.019321767,0,0,0,0,0,0,0,0,0,0,5,1.308234712
179516.75,0.458998599,0.5,6621,37,0.3539,33.125,34.5625,36.79,0,0,0.07,0,0,20,0.5,0.104,5.5,50,200,0.1,0.1,0.1,0.1,0.1,0.1,0.5,0,12909,0.058099001,0.019056472,0,0,0,0,0,0,0,0,0,0,5,1.308234712
179576.82,0.460237858,0.5,6621,37,0.2391,33.4375,34.625,37.21,0,0,0.25,0,0,20,0.5,0.104,5.5,50,200,0.1,0.1,0.1,0.1,0.1,0.1,0.5,0,13382,0.056942161,0.018831266,0,0,0,0,0,0,0,0,0,0,5,1.308234712
179636.87,0.480185063,0.5,6621,37,0.1715,33.5,34.5,37.43,0,0,0.07,0,0,20,0.5,0.104,5.5,50,200,0.1,0.1,0.1,0.1,0.1,0.1,0.5,0,13392,0.057721027,0.018966547,0,0,0,0,0,0,0,0,0,0,5,1.308234712
179696.95,0.485799002,0.5,6621,37,0.1171,33.5,34.5,37.49,0,0,0.07,0,0,20,0.5,0.104,5.5,50,200,0.1,0.1,0.1,0.1,0.1,0.1,0.5,0,12962,0.05901867,0.019364296,0,0,0,0,0,0,0,0,0,0,5,1.308234712
179757.02,0.494728566,0.5,6621,37,0.148,33.5625,34.5,37.55,0,0,0.07,0,0,20,0.5,0.104,5.5,50,200,0.1,0.1,0.1,0.1,0.1,0.1,0.5,0,13544,0.058254578,0.019196692,0,0,0,0,0,0,0,0,0,0,5,1.308234712
179817.1,0.513983978,0.5,6621,37,0.1746,33.4375,34.5,37.51,0,0,0.07,0,0,20,0.5,0.104,5.5,50,200,0.1,0.1,0.1,0.1,0.1,0.1,0.5,0,14439,0.056582866,0.01883787,0,0,0,0,0,0,0,0,0,0,5,1.357371475
179877.17,0.498017667,0.5,6621,37,0.145,33.375,34.5,37.37,0,0,0.25,0,0,20,0.5,0.104,5.5,50,200,0.1,0.1,0.1,0.1,0.1,0.1,0.5,0,13922,0.05854044,0.019250108,0,0,0,0,0,0,0,0,0,0,5,1.194833278
179937.22,0.523003323,0.5,6621,37,0.1572,33.3125,34.4375,37.11,0,0,0.07,0,0,20,0.5,0.104,5.5,50,200,0.1,0.1,0.1,0.1,0.1,0.1,0.5,0,14287,0.057744803,0.01910828,0,0,0,0,0,0,0,0,0,0,5,1.281948411
179997.29,0.525270304,0.5,6621,37,0.1889,33.25,34.5,37.19,0,0,0.07,0,0,20,0.5,0.104,5.5,50,200,0.1,0.1,0.1,0.1,0.1,0.1,0.5,0,14355,0.057819575,0.01922675,0,0,0,0,0,0,0,0,0,0,5,1.230826516
180057.39,0.548208089,0.5,6621,37,0.1679,33.1875,34.5,37.19,0,0,0,0,0,20,0.5,0.104,5.5,50,200,0.1,0.1,0.1,0.1,0.1,0.1,0.5,0,14891,0.057350077,0.018736149,0,0,0,0,0,0,0,0,0,0,5,1.297511024
180117.43,0.54978065,0.5,6621,37,0.1801,33.125,34.5,37.05,0,0.02,0.15,0,0,20,0.5,0.104,5.5,50,200,0.1,0.1,0.1,0.1,0.1,0.1,0.5,0,15294,0.056754283,0.018830914,0,0,0,0,0,0,0,0,0,0,0.44,1.297511024
180177.48,0.495750166,0.5,6621,37,0.5811,32.9375,34.5,35.97,0,0.018489944,0.25,0,0,20,0.5,0.104,5.5,50,200,0.1,0.1,0.1,0.1,0.1,0.1,0.5,0,13713,0.05848465,0.019105958,0,0,0,0,0,0,0,0,0,0,0.44,1.297511024
180237.54,0.455056411,0.5,6621,37,0.629152555,32.875,34.5,35.67,0,0,0.07,0,0,20,0.5,0.104,5.5,50,200,0.1,0.1,0.1,0.1,0.1,0.1,0.5,0,13033,0.057316044,0.019258805,0,0,0,0,0,0,0,0,0,0,5,1.297511024
180297.62,0.450803879,0.5,6621,37,0.3672,33.125,34.5,36.71,0,0,0.07,0,0,20,0.5,0.104,5.5,50,200,0.1,0.1,0.1,0.1,0.1,0.1,0.5,0,13075,0.057131931,0.019196941,0,0,0,0,0,0,0,0,0,0,5,1.297511024
180357.67,0.455040884,0.5,6621,37,0.2227,33.3125,34.5,37.19,0,0,0.07,0,0,20,0.5,0.104,5.5,50,200,0.1,0.1,0.1,0.1,0.1,0.1,0.5,0,12849,0.05813682,0.019145459,0,0,0,0,0,0,0,0,0,0,5,1.297511024
180417.74,0.473062998,0.5,6621,37,0.1539,33.5,34.5625,37.33,0,0,0.07,0,0,20,0.5,0.104,5.5,50,200,0.1,0.1,0.1,0.1,0.1,0.1,0.5,0,12647,0.058986321,0.019451253,0,0,0,0,0,0,0,0,0,0,5,1.297511024
180477.8,0.483586409,0.5,6621,37,0.1792,33.5625,34.5625,37.35,0,0,0.25,0,0,20,0.5,0.104,5.5,50,200,0.1,0.1,0.1,0.1,0.1,0.1,0.5,0,13684,0.056708565,0.01870798,0,0,0,0,0,0,0,0,0,0,5,1.297511024
180537.85,0.506829614,0.5,6621,37,0.1908,33.5625,34.5625,37.33,0,0,0.07,0,0,20,0.5,0.104,5.5,50,200,0.1,0.1,0.1,0.1,0.1,0.1,0.5,0,13344,0.058303357,0.019034772,0,0,0,0,0,0,0,0,0,0,5,1.297511024
180597.92,0.51078006,0.5,6621,37,0.1347,33.5625,34.5625,37.37,0,0,0.07,0,0,20,0.5,0.104,5.5,50,200,0.1,0.1,0.1,0.1,0.1,0.1,0.5,0,13622,0.058067831,0.019307003,0,0,0,0,0,0,0,0,0,0,5,1.255928092
180657.99,0.509024448,0.5,6621,37,0.1648,33.5,34.5625,37.21,0,0,0.07,0,0,20,0.5,0.104,5.5,50,200,0.1,0.1,0.1,0.1,0.1,0.1,0.5,0,14870,0.055211836,0.018560861,0,0,0,0,0,0,0,0,0,0,5,1.182802566
180718.06,0.535221785,0.5,6621,37,0.1461,33.4375,34.625,37.27,0,0,0.07,0,0,20,0.5,0.104,5.5,50,200,0.1,0.1,0.1,0.1,0.1,0.1,0.5,0,14175,0.057213404,0.019118166,0,0,0,0,0,0,0,0,0,0,5,1.274217935
180778.14,0.544096502,0.5,6621,37,0.1586,33.375,34.625,37.33,0,0,0.25,0,0,20,0.5,0.104,5.5,50,200,0.1,0.1,0.1,0.1,0.1,0.1,0.5,0,14485,0.057369693,0.01891612,0,0,0,0,0,0,0,0,0,0,5,1.25984328
180838.2,0.554135445,0.5,6621,37,0.2082,33.3125,34.5625,36.95,0,0.02,0.15,0,0,20,0.5,0.104,5.5,50,200,0.1,0.1,0.1,0.1,0.1,0.1,0.5,0,15193,0.056341736,0.018626999,0,0,0,0,0,0,0,0,0,0,0.44,1.25984328
180898.27,0.481773089,0.5,6621,37,0.604475,33.125,34.5625,35.89,0,0.017116736,0.138466945,0,0,20,0.5,0.104,5.5,50,200,0.1,0.1,0.1,0.1,0.1,0.1,0.5,0,13211,0.058436152,0.019150708,0,0,0,0,0,0,0,0,0,0,0.44,1.25984328
180958.32,0.423858418,0.5,6621,37,0.638994495,33,34.6875,35.75,0,0,0.07,0,0,20,0.5,0.104,5.5,50,200,0.1,0.1,0.1,0.1,0.1,0.1,0.5,0,12747,0.057189927,0.018906409,0,0,0,0,0,0,0,0,0,0,5,1.25984328
181018.39,0.440674519,0.5,6621,37,0.3438,33.25,34.5625,36.81,0,0,0.07,0,0,20,0.5,0.104,5.5,50,200,0.1,0.1,0.1,0.1,0.1,0.1,0.5,0,13293,0.055818852,0.018656436,0,0,0,0,0,0,0,0,0,0,5,1.25984328
181078.43,0.4439206,0.5,6621,37,0.1839,33.5,34.5625,37.33,0,0,0.25,0,0,20,0.5,0.104,5.5,50,200,0.1,0.1,0.1,0.1,0.1,0.1,0.5,0,13135,0.056109631,0.018956985,0,0,0,0,0,0,0,0,0,0,5,1.25984328
181138.48,0.462046083,0.5,6621,37,0.1601,33.5625,34.5,37.61,0,0,0.07,0,0,20,0.5,0.104,5.5,50,200,0.1,0.1,0.1,0.1,0.1,0.1,0.5,0,13097,0.056806902,0.018859281,0,0,0,0,0,0,0,0,0,0,5,1.25984328
181198.53,0.460099944,0.5,6621,37,0.1074,33.625,34.4375,37.35,0,0,0.07,0,0,20,0.5,0.104,5.5,50,200,0.1,0.1,0.1,0.1,0.1,0.1,0.5,0,13094,0.057659997,0.019092714,0,0,0,0,0,0,0,0,0,0,5,1.25984328
181258.58,0.473794231,0.5,6621,37,0.1507,33.5,34.4375,37.35,0,0,0.07,0,0,20,0.5,0.104,5.5,50,200,0.1,0.1,0.1,0.1,0.1,0.1,0.5,0,12954,0.058128763,0.019299058,0,0,0,0,0,0,0,0,0,0,5,1.25984328
181318.62,0.497199922,0.5,6621,37,0.1761,33.4375,34.5,37.27,0,0,0.07,0,0,20,0.5,0.104,5.5,50,200,0.1,0.1,0.1,0.1,0.1,0.1,0.5,0,13325,0.058386492,0.019287054,0,0,0,0,0,0,0,0,0,0,5,1.341508376
181378.67,0.487990653,0.5,6621,37,0.2148,33.4375,34.375,37.35,0,0,0.25,0,0,20,0.5,0.104,5.5,50,200,0.1,0.1,0.1,0.1,0.1,0.1,0.5,0,13039,0.059130301,0.019173249,0,0,0,0,0,0,0,0,0,0,5,1.218345104
181438.72,0.506292021,0.5,6621,37,0.2197,33.3125,34.4375,37.13,0,0,0.07,0,0,20,0.5,0.104,5.5,50,200,0.1,0.1,0.1,0.1,0.1,0.1,0.5,0,13685,0.05801973,0.019218122,0,0,0,0,0,0,0,0,0,0,5,1.267879948
181498.79,0.528988735,0.5,6621,37,0.1698,33.3125,34.4375,37.13,0,0,0.07,0,0,20,0.5,0.104,5.5,50,200,0.1,0.1,0.1,0.1,0.1,0.1,0.5,0,13191,0.060040937,0.019710409,0,0,0,0,0,0,0,0,0,0,5,1.336046505
181558.86,0.52618249,0.5,6621,37,0.152,33.25,34.4375,37.29,0,0,0,0,0,20,0.5,0.104,5.5,50,200,0.1,0.1,0.1,0.1,0.1,0.1,0.5,0,14278,0.057571088,0.019120325,0,0,0,0,0,0,0,0,0,0,5,1.253287042
181618.91,0.552719128,0.5,6621,37,0.1999,33.1875,34.4375,37.05,0,0,0,0,0,20,0.5,0.104,5.5,50,200,0.1,0.1,0.1,0.1,0.1,0.1,0.5,0,13932,0.058857307,0.019164513,0,0,0,0,0,0,0,0,0,0,5,1.338228315
181678.95,0.545941713,0.5,6621,37,0.2013,33.1875,34.5,37.13,0,0.02,0.25,0,0,20,0.5,0.104,5.5,50,200,0.1,0.1,0.1,0.1,0.1,0.1,0.5,0,14471,0.058047129,0.019072628,0,0,0,0,0,0,0,0,0,0,0.44,1.338228315
181739.01,0.470926247,0.5,6621,37,0.593,32.9375,34.5,35.99,0,0.014863189,0.129452755,0,0,20,0.5,0.104,5.5,50,200,0.1,0.1,0.1,0.1,0.1,0.1,0.5,0,14076,0.056479113,0.018897414,0,0,0,0,0,0,0,0,0,0,0.44,1.338228315
181799.06,0.430436207,0.5,6621,37,0.633276943,32.9375,34.5,35.89,0,0,0.07,0,0,20,0.5,0.104,5.5,50,200,0.1,0.1,0.1,0.1,0.1,0.1,0.5,0,12887,0.057034221,0.019166602,0,0,0,0,0,0,0,0,0,0,5,1.338228315
181859.1,0.444126691,0.5,6621,37,0.3919,33.125,34.5,36.77,0,0,0.07,0,0,20,0.5,0.104,5.5,50,200,0.1,0.1,0.1,0.1,0.1,0.1,0.5,0,13058,0.056823403,0.018762444,0,0,0,0,0,0,0,0,0,0,5,1.338228315
181919.15,0.451294943,0.5,6621,37,0.2324,33.4375,34.5625,37.29,0,0,0.07,0,0,20,0.5,0.104,5.5,50,200,0.1,0.1,0.1,0.1,0.1,0.1,0.5,0,12969,0.057444676,0.018891202,0,0,0,0,0,0,0,0,0,0,5,1.338228315
181979.21,0.462161921,0.5,6621,37,0.1456,33.5625,34.5625,37.51,0,0,0.25,0,0,20,0.5,0.104,5.5,50,200,0.1,0.1,0.1,0.1,0.1,0.1,0.5,0,12973,0.058351962,0.019347876,0,0,0,0,0,0,0,0,0,0,5,1.338228315
182039.27,0.486422603,0.5,6621,37,0.1288,33.625,34.5625,37.33,0,0,0.07,0,0,20,0.5,0.104,5.5,50,200,0.1,0.1,0.1,0.1,0.1,0.1,0.5,0,13436,0.05738315,0.019202143,0,0,0,0,0,0,0,0,0,0,5,1.338228315
182099.32,0.496735952,0.5,6621,37,0.1686,33.625,34.5625,37.49,0,0,0.07,0,0,20,0.5,0.104,5.5,50,200,0.1,0.1,0.1,0.1,0.1,0.1,0.5,0,13438,0.058639679,0.019422533,0,0,0,0,0,0,0,0,0,0,5,1.338228315
182159.38,0.493724434,0.5,6621,37,0.1372,33.5,34.5625,37.43,0,0,0.07,0,0,20,0.5,0.104,5.5,50,200,0.1,0.1,0.1,0.1,0.1,0.1,0.5,0,12832,0.060707606,0.019560474,0,0,0,0,0,0,0,0,0,0,5,1.253073706
182219.42,0.49774869,0.5,6621,37,0.1579,33.5,34.5625,37.29,0,0,0.07,0,0,20,0.5,0.104,5.5,50,200,0.1,0.1,0.1,0.1,0.1,0.1,0.5,0,13350,0.06,0.019700375,0,0,0,0,0,0,0,0,0,0,5,1.214773341
182279.45,0.520463761,0.5,6621,37,0.1739,33.4375,34.5625,37.19,0,0,0.25,0,0,20,0.5,0.104,5.5,50,200,0.1,0.1,0.1,0.1,0.1,0.1,0.5,0,13936,0.058553387,0.019015499,0,0,0,0,0,0,0,0,0,0,5,1.287909531
182339.51,0.528451774,0.5,6621,37,0.195,33.3125,34.5,37.09,0,0,0.07,0,0,20,0.5,0.104,5.5,50,200,0.1,0.1,0.1,0.1,0.1,0.1,0.5,0,14741,0.057187436,0.018791127,0,0,0,0,0,0,0,0,0,0,5,1.269207919
182399.59,0.527800684,0.5,6621,37,0.1426,33.3125,34.5,37.29,0,0,0,0,0,20,0.5,0.104,5.5,50,200,0.1,0.1,0.1,0.1,0.1,0.1,0.5,0,14305,0.058790633,0.019433764,0,0,0,0,0,0,0,0,0,0,5,1.202049034
182459.64,0.548989979,0.5,6621,37,0.1439,33.25,34.4375,37.25,0,0,0,0,0,20,0.5,0.104,5.5,50,200,0.1,0.1,0.1,0.1,0.1,0.1,0.5,0,14550,0.058900344,0.019243986,0,0,0,0,0,0,0,0,0,0,5,1.260030985
182519.68,0.560905524,0.5,6621,37,0.1888,33.1875,34.375,37.05,0,0.02,0.15,0,0,20,0.5,0.104,5.5,50,200,0.1,0.1,0.1,0.1,0.1,0.1,0.5,0,14378,0.060091807,0.019543747,0,0,0,0,0,0,0,0,0,0,0.44,1.260030985
182579.71,0.491830799,0.5,6621,37,0.626425,32.875,34.4375,35.71,0,0.019100534,0.25,0,0,20,0.5,0.104,5.5,50,200,0.1,0.1,0.1,0.1,0.1,0.1,0.5,0,13751,0.060068359,0.019344048,0,0,0,0,0,0,0,0,0,0,0.44,1.260030985
182639.77,0.446222273,0.5,6621,37,0.691788441,32.8125,34.4375,35.61,0,0,0.07,0,0,20,0.5,0.104,5.5,50,200,0.1,0.1,0.1,0.1,0.1,0.1,0.5,0,12634,0.060155137,0.019471268,0,0,0,0,0,0,0,0,0,0,5,1.260030985
182699.82,0.456507848,0.5,6621,37,0.3357,33.125,34.4375,36.85,0,0,0.07,0,0,20,0.5,0.104,5.5,50,200,0.1,0.1,0.1,0.1,0.1,0.1,0.5,0,13192,0.058747726,0.01917829,0,0,0,0,0,0,0,0,0,0,5,1.260030985
182759.87,0.468238916,0.5,6621,37,0.2465,33.3125,34.4375,37.19,0,0,0.07,0,0,20,0.5,0.104,5.5,50,200,0.1,0.1,0.1,0.1,0.1,0.1,0.5,0,12932,0.059232911,0.019486545,0,0,0,0,0,0,0,0,0,0,5,1.260030985
182819.91,0.472232487,0.5,6621,37,0.1692,33.5,34.4375,37.45,0,0,0.07,0,0,20,0.5,0.104,5.5,50,200,0.1,0.1,0.1,0.1,0.1,0.1,0.5,0,12940,0.059659969,0.019629057,0,0,0,0,0,0,0,0,0,0,5,1.260030985
182879.95,0.479003855,0.5,6621,37,0.1651,33.5,34.4375,37.41,0,0,0.25,0,0,20,0.5,0.104,5.5,50,200,0.1,0.1,0.1,0.1,0.1,0.1,0.5,0,13667,0.058022975,0.019243433,0,0,0,0,0,0,0,0,0,0,5,1.260030985
182940,0.508969594,0.5,6621,37,0.191,33.5,34.4375,37.25,0,0,0.07,0,0,20,0.5,0.104,5.5,50,200,0.1,0.1,0.1,0.1,0.1,0.1,0.5,0,13907,0.058315956,0.018983246,0,0,0,0,0,0,0,0,0,0,5,1.260030985
183000.04,0.499044163,0.5,6621,37,0.1372,33.5,34.4375,37.41,0,0,0.07,0,0,20,0.5,0.104,5.5,50,200,0.1,0.1,0.1,0.1,0.1,0.1,0.5,0,13478,0.059355988,0.019513281,0,0,0,0,0,0,0,0,0,0,5,1.137948388
183060.09,0.509160235,0.5,6621,37,0.1597,33.4375,34.5,37.29,0,0,0.07,0,0,20,0.5,0.104,5.5,50,200,0.1,0.1,0.1,0.1,0.1,0.1,0.5,0,14070,0.058635394,0.019260839,0,0,0,0,0,0,0,0,0,0,5,1.141255496
183120.12,0.522338101,0.5,6621,37,0.1846,33.375,34.4375,37.17,0,0,0.07,0,0,20,0.5,0.104,5.5,50,200,0.1,0.1,0.1,0.1,0.1,0.1,0.5,0,13578,0.060465459,0.019516866,0,0,0,0,0,0,0,0,0,0,5,1.160849651
183180.17,0.531160776,0.5,6621,37,0.1589,33.3125,34.5,37.25,0,0,0.25,0,0,20,0.5,0.104,5.5,50,200,0.1,0.1,0.1,0.1,0.1,0.1,0.5,0,13661,0.061122905,0.019837494,0,0,0,0,0,0,0,0,0,0,5,1.153056189
183240.22,0.547702623,0.5,6621,37,0.1685,33.25,34.5625,37.19,0,0,0,0,0,20,0.5,0.104,5.5,50,200,0.1,0.1,0.1,0.1,0.1,0.1,0.5,0,13853,0.060564499,0.019706923,0,0,0,0,0,0,0,0,0,0,5,1.18740656
183300.26,0.557433996,0.5,6621,37,0.2942,33.1875,34.5,37.21,0,0.02,0.15,0,0,20,0.5,0.104,5.5,50,200,0.1,0.1,0.1,0.1,0.1,0.1,0.5,0,14767,0.058508837,0.019367509,0,0,0,0,0,0,0,0,0,0,0.44,1.18740656
183360.32,0.506802063,0.5,6621,37,0.5743,33,34.5,35.97,0,0.02,0.15,0,0,20,0.5,0.104,5.5,50,200,0.1,0.1,0.1,0.1,0.1,0.1,0.5,0,13074,0.06080771,0.019657335,0,0,0,0,0,0,0,0,0,0,0.44,1.18740656
183420.38,0.424934181,0.5,6621,37,0.5778,32.875,34.5,35.83,0,0,0.07,0,0,20,0.5,0.104,5.5,50,200,0.1,0.1,0.1,0.1,0.1,0.1,0.5,0,12751,0.059289467,0.019292605,0,0,0,0,0,0,0,0,0,0,0.44,1.18740656
183480.46,0.441926412,0.5,6621,37,0.4187,33.125,34.5,36.53,0,0,0.25,0,0,20,0.5,0.104,5.5,50,200,0.1,0.1,0.1,0.1,0.1,0.1,0.5,0,12369,0.060231223,0.019484194,0,0,0,0,0,0,0,0,0,0,5,1.18740656
183540.5,0.44409444,0.5,6621,37,0.2477,33.3125,34.5625,37.19,0,0,0.07,0,0,20,0.5,0.104,5.5,50,200,0.1,0.1,0.1,0.1,0.1,0.1,0.5,0,13076,0.058810034,0.019118997,0,0,0,0,0,0,0,0,0,0,5,1.18740656
183600.57,0.455794647,0.5,6621,37,0.1533,33.5,34.5625,37.51,0,0,0.07,0,0,20,0.5,0.104,5.5,50,200,0.1,0.1,0.1,0.1,0.1,0.1,0.5,0,13141,0.058519139,0.01925272,0,0,0,0,0,0,0,0,0,0,5,1.18740656
183660.63,0.4765803,0.5,6621,37,0.1274,33.5,34.5625,37.55,0,0,0.07,0,0,20,0.5,0.104,5.5,50,200,0.1,0.1,0.1,0.1,0.1,0.1,0.5,0,12872,0.0595867,0.019422001,0,0,0,0,0,0,0,0,0,0,5,1.18740656
183720.69,0.486334377,0.5,6621,37,0.1654,33.5,34.5625,37.35,0,0,0.07,0,0,20,0.5,0.104,5.5,50,200,0.1,0.1,0.1,0.1,0.1,0.1,0.5,0,13741,0.057856051,0.019212576,0,0,0,0,0,0,0,0,0,0,5,1.18740656
183780.74,0.500858163,0.5,6621,37,0.2129,33.5,34.5625,37.13,0,0,0.25,0,0,20,0.5,0.104,5.5,50,200,0.1,0.1,0.1,0.1,0.1,0.1,0.5,0,13442,0.059440559,0.019193572,0,0,0,0,0,0,0,0,0,0,5,1.18740656
183840.8,0.510020288,0.5,6621,37,0.1672,33.4375,34.5625,37.29,0,0,0.07,0,0,20,0.5,0.104,5.5,50,200,0.1,0.1,0.1,0.1,0.1,0.1,0.5,0,13063,0.060552706,0.019826992,0,0,0,0,0,0,0,0,0,0,5,1.182418883
183900.87,0.51294235,0.5,6621,37,0.1258,33.375,34.4375,37.41,0,0,0.07,0,0,20,0.5,0.104,5.5,50,200,0.1,0.1,0.1,0.1,0.1,0.1,0.5,0,14279,0.057707122,0.019118986,0,0,0,0,0,0,0,0,0,0,5,1.140436805
183960.94,0.525222067,0.5,6621,37,0.2016,33.3125,34.5,37.09,0,0,0.07,0,0,20,0.5,0.104,5.5,50,200,0.1,0.1,0.1,0.1,0.1,0.1,0.5,0,13637,0.060350517,0.019432426,0,0,0,0,0,0,0,0,0,0,5,1.154388057
184020.98,0.5353554,0.5,6621,37,0.1786,33.3125,34.4375,37.17,0,0,0,0,0,20,0.5,0.104,5.5,50,200,0.1,0.1,0.1,0.1,0.1,0.1,0.5,0,13957,0.059468367,0.019273483,0,0,0,0,0,0,0,0,0,0,5,1.153997656
184081.06,0.529136281,0.5,6621,37,0.1664,33.3125,34.4375,37.19,0,0,0,0,0,20,0.5,0.104,5.5,50,200,0.1,0.1,0.1,0.1,0.1,0.1,0.5,0,14213,0.059311898,0.019559558,0,0,0,0,0,0,0,0,0,0,5,1.061243356
184141.13,0.557279358,0.5,6621,37,0.2193,33.3125,34.4375,36.97,0,0,0,0,0,20,0.5,0.104,5.5,50,200,0.1,0.1,0.1,0.1,0.1,0.1,0.5,0,14118,0.060135997,0.019549511,0,0,0,0,0,0,0,0,0,0,5,1.163643094
184201.18,0.557827185,0.5,6621,37,0.31685,33.25,34.375,37.11,0,0.02,0.15,0,0,20,0.5,0.104,5.5,50,200,0.1,0.1,0.1,0.1,0.1,0.1,0.5,0,14882,0.058056713,0.019150652,0,0,0,0,0,0,0,0,0,0,0.44,1.163643094
184261.24,0.494258776,0.5,6621,37,0.569928041,33,34.375,35.99,0,0.01910292,0.146411681,0,0,20,0.5,0.104,5.5,50,200,0.1,0.1,0.1,0.1,0.1,0.1,0.5,0,13367,0.060073315,0.01967532,0,0,0,0,0,0,0,0,0,0,0.44,1.163643094
184321.31,0.443549729,0.5,6621,37,0.6175,32.9375,34.4375,35.67,0,0,0.07,0,0,20,0.5,0.104,5.5,50,200,0.1,0.1,0.1,0.1,0.1,0.1,0.5,0,13159,0.057831142,0.019226385,0,0,0,0,0,0,0,0,0,0,5,1.163643094
184381.39,0.447688435,0.5,6621,37,0.3486,33.125,34.375,36.79,0,0,0.25,0,0,20,0.5,0.104,5.5,50,200,0.1,0.1,0.1,0.1,0.1,0.1,0.5,0,12862,0.058466801,0.019203856,0,0,0,0,0,0,0,0,0,0,5,1.163643094
184441.44,0.461669826,0.5,6621,37,0.1846,33.375,34.375,37.41,0,0,0.07,0,0,20,0.5,0.104,5.5,50,200,0.1,0.1,0.1,0.1,0.1,0.1,0.5,0,13161,0.058278246,0.019147481,0,0,0,0,0,0,0,0,0,0,5,1.163643094
184501.48,0.464001337,0.5,6621,37,0.2147,33.5,34.4375,37.25,0,0,0.07,0,0,20,0.5,0.104,5.5,50,200,0.1,0.1,0.1,0.1,0.1,0.1,0.5,0,13190,0.058529189,0.019332828,0,0,0,0,0,0,0,0,0,0,5,1.163643094
184561.55,0.482567918,0.5,6621,37,0.2042,33.5625,34.4375,37.25,0,0,0.07,0,0,20,0.5,0.104,5.5,50,200,0.1,0.1,0.1,0.1,0.1,0.1,0.5,0,13610,0.057604702,0.019177076,0,0,0,0,0,0,0,0,0,0,5,1.163643094
184621.6,0.487477442,0.5,6621,37,0.1504,33.5625,34.4375,37.41,0,0,0.07,0,0,20,0.5,0.104,5.5,50,200,0.1,0.1,0.1,0.1,0.1,0.1,0.5,0,13528,0.058175636,0.019293318,0,0,0,0,0,0,0,0,0,0,5,1.163643094
184681.64,0.509301363,0.5,6621,37,0.1466,33.5,34.4375,37.37,0,0,0.25,0,0,20,0.5,0.104,5.5,50,200,0.1,0.1,0.1,0.1,0.1,0.1,0.5,0,12993,0.060648041,0.019472023,0,0,0,0,0,0,0,0,0,0,5,1.236848621
184741.71,0.500887323,0.5,6621,37,0.1888,33.5,34.5,37.17,0,0,0.07,0,0,20,0.5,0.104,5.5,50,200,0.1,0.1,0.1,0.1,0.1,0.1,0.5,0,13747,0.059358405,0.019276933,0,0,0,0,0,0,0,0,0,0,5,1.125029973
184801.75,0.522043968,0.5,6621,37,0.1781,33.375,34.5,37.19,0,0,0.07,0,0,20,0.5,0.104,5.5,50,200,0.1,0.1,0.1,0.1,0.1,0.1,0.5,0,13759,0.059451995,0.01947816,0,0,0,0,0,0,0,0,0,0,5,1.192890403
184861.79,0.533760459,0.5,6621,37,0.2115,33.4375,34.5625,37.03,0,0,0.07,0,0,20,0.5,0.104,5.5,50,200,0.1,0.1,0.1,0.1,0.1,0.1,0.5,0,13958,0.05932082,0.019558676,0,0,0,0,0,0,0,0,0,0,5,1.199831919
184921.82,0.532750285,0.5,6621,37,0.2032,33.3125,34.5625,37.05,0,0,0,0,0,20,0.5,0.104,5.5,50,200,0.1,0.1,0.1,0.1,0.1,0.1,0.5,0,14174,0.059333992,0.019472273,0,0,0,0,0,0,0,0,0,0,5,1.134157266
184981.86,0.571259412,0.5,6621,37,0.1828,33.3125,34.5,37.11,0,0,0,0,0,20,0.5,0.104,5.5,50,200,0.1,0.1,0.1,0.1,0.1,0.1,0.5,0,14671,0.058687206,0.019289755,0,0,0,0,0,0,0,0,0,0,5,1.286821236
185041.94,0.554970215,0.5,6621,37,0.3244,33.25,34.5,37.05,0,0.02,0.15,0,0,20,0.5,0.104,5.5,50,200,0.1,0.1,0.1,0.1,0.1,0.1,0.5,0,15004,0.058051186,0.019194881,0,0,0,0,0,0,0,0,0,0,0.44,1.286821236
185101.98,0.484946154,0.5,6621,37,0.531123361,33.0625,34.4375,36.13,0,0.017612611,0.140450444,0,0,20,0.5,0.104,5.5,50,200,0.1,0.1,0.1,0.1,0.1,0.1,0.5,0,14278,0.057150861,0.018980249,0,0,0,0,0,0,0,0,0,0,0.44,1.286821236
185162.04,0.447440144,0.5,6621,37,0.55,32.9375,34.4375,35.91,0,0,0.07,0,0,20,0.5,0.104,5.5,50,200,0.1,0.1,0.1,0.1,0.1,0.1,0.5,0,13087,0.057538015,0.019179338,0,0,0,0,0,0,0,0,0,0,5,1.286821236
185222.08,0.460999171,0.5,6621,37,0.342,33.1875,34.4375,36.79,0,0,0.07,0,0,20,0.5,0.104,5.5,50,200,0.1,0.1,0.1,0.1,0.1,0.1,0.5,0,12833,0.058443076,0.019403101,0,0,0,0,0,0,0,0,0,0,5,1.286821236
185282.12,0.459117335,0.5,6621,37,0.2319,33.375,34.375,37.21,0,0,0.25,0,0,20,0.5,0.104,5.5,50,200,0.1,0.1,0.1,0.1,0.1,0.1,0.5,0,13653,0.056397861,0.01860397,0,0,0,0,0,0,0,0,0,0,5,1.286821236
185342.18,0.461851626,0.5,6621,37,0.1796,33.5,34.375,37.37,0,0,0.07,0,0,20,0.5,0.104,5.5,50,200,0.1,0.1,0.1,0.1,0.1,0.1,0.5,0,12960,0.059027778,0.019521605,0,0,0,0,0,0,0,0,0,0,5,1.286821236
185402.22,0.486437745,0.5,6621,37,0.1932,33.5,34.375,37.27,0,0,0.07,0,0,20,0.5,0.104,5.5,50,200,0.1,0.1,0.1,0.1,0.1,0.1,0.5,0,13616,0.05787309,0.018874853,0,0,0,0,0,0,0,0,0,0,5,1.286821236
185462.27,0.496535427,0.5,6621,37,0.1138,33.5,34.375,37.53,0,0,0.07,0,0,20,0.5,0.104,5.5,50,200,0.1,0.1,0.1,0.1,0.1,0.1,0.5,0,13437,0.058271936,0.019349557,0,0,0,0,0,0,0,0,0,0,5,1.286821236
185522.32,0.500532538,0.5,6621,37,0.1539,33.4375,34.3125,37.33,0,0,0.07,0,0,20,0.5,0.104,5.5,50,200,0.1,0.1,0.1,0.1,0.1,0.1,0.5,0,13408,0.059069212,0.01946599,0,0,0,0,0,0,0,0,0,0,5,1.246533494
185582.37,0.513834667,0.5,6621,37,0.1808,33.375,34.3125,37.19,0,0,0.25,0,0,20,0.5,0.104,5.5,50,200,0.1,0.1,0.1,0.1,0.1,0.1,0.5,0,14276,0.057369011,0.019052956,0,0,0,0,0,0,0,0,0,0,5,1.262893658
185642.41,0.528616266,0.5,6621,37,0.2113,33.25,34.375,37.05,0,0,0.07,0,0,20,0.5,0.104,5.5,50,200,0.1,0.1,0.1,0.1,0.1,0.1,0.5,0,14879,0.056388198,0.01875126,0,0,0,0,0,0,0,0,0,0,5,1.284832632
185702.45,0.538267432,0.5,6621,37,0.1865,33.1875,34.3125,37.13,0,0,0.07,0,0,20,0.5,0.104,5.5,50,200,0.1,0.1,0.1,0.1,0.1,0.1,0.5,0,14580,0.057270233,0.018861454,0,0,0,0,0,0,0,0,0,0,5,1.27486925
185762.53,0.549791315,0.5,6621,37,0.16865,33.125,34.4375,37.11,0,0,0,0,0,20,0.5,0.104,5.5,50,200,0.1,0.1,0.1,0.1,0.1,0.1,0.5,0,14238,0.058926816,0.019174041,0,0,0,0,0,0,0,0,0,0,5,1.274675554
185822.58,0.559922441,0.5,6621,37,0.312525,33.125,34.4375,37.11,0,0.02,0.15,0,0,20,0.5,0.104,5.5,50,200,0.1,0.1,0.1,0.1,0.1,0.1,0.5,0,13736,0.061225976,0.019656377,0,0,0,0,0,0,0,0,0,0,0.44,1.274675554
185882.65,0.493884053,0.5,6621,37,0.57190709,32.9375,34.4375,35.97,0,0.019264493,0.25,0,0,20,0.5,0.104,5.5,50,200,0.1,0.1,0.1,0.1,0.1,0.1,0.5,0,13757,0.058079523,0.019335611,0,0,0,0,0,0,0,0,0,0,0.44,1.274675554
185942.72,0.44373416,0.5,6621,37,0.6611,32.8125,34.4375,35.51,0,0,0.07,0,0,20,0.5,0.104,5.5,50,200,0.1,0.1,0.1,0.1,0.1,0.1,0.5,0,13215,0.057056375,0.01906924,0,0,0,0,0,0,0,0,0,0,5,1.274675554
186002.79,0.444152423,0.5,6621,37,0.4102,33.125,34.5,36.57,0,0,0.07,0,0,20,0.5,0.104,5.5,50,200,0.1,0.1,0.1,0.1,0.1,0.1,0.5,0,12673,0.058234041,0.019332439,0,0,0,0,0,0,0,0,0,0,5,1.274675554
186062.87,0.44626751,0.5,6621,37,0.2351,33.3125,34.5,37.25,0,0,0.07,0,0,20,0.5,0.104,5.5,50,200,0.1,0.1,0.1,0.1,0.1,0.1,0.5,0,13467,0.056657013,0.018860919,0,0,0,0,0,0,0,0,0,0,5,1.274675554
186122.96,0.471365052,0.5,6621,37,0.2037,33.5,34.4375,37.33,0,0,0.07,0,0,20,0.5,0.104,5.5,50,200,0.1,0.1,0.1,0.1,0.1,0.1,0.5,0,13329,0.057393653,0.019206242,0,0,0,0,0,0,0,0,0,0,5,1.274675554
186182.99,0.467483322,0.5,6621,37,0.1799,33.5625,34.5,37.37,0,0,0.25,0,0,20,0.5,0.104,5.5,50,200,0.1,0.1,0.1,0.1,0.1,0.1,0.5,0,13644,0.056801524,0.018909411,0,0,0,0,0,0,0,0,0,0,5,1.274675554
186243.07,0.484741857,0.5,6621,37,0.1546,33.625,34.5,37.41,0,0,0.07,0,0,20,0.5,0.104,5.5,50,200,0.1,0.1,0.1,0.1,0.1,0.1,0.5,0,13214,0.059179658,0.019449069,0,0,0,0,0,0,0,0,0,0,5,1.274675554
186303.13,0.504602684,0.5,6621,37,0.1391,33.5625,34.5,37.43,0,0,0.07,0,0,20,0.5,0.104,5.5,50,200,0.1,0.1,0.1,0.1,0.1,0.1,0.5,0,12679,0.0605726,0.019796514,0,0,0,0,0,0,0,0,0,0,5,1.331406352
186363.18,0.506960934,0.5,6621,37,0.1421,33.5,34.5625,37.37,0,0,0.07,0,0,20,0.5,0.104,5.5,50,200,0.1,0.1,0.1,0.1,0.1,0.1,0.5,0,14143,0.057554974,0.018737184,0,0,0,0,0,0,0,0,0,0,5,1.278823811
186423.24,0.521511365,0.5,6621,37,0.1864,33.5,34.5,37.17,0,0,0.07,0,0,20,0.5,0.104,5.5,50,200,0.1,0.1,0.1,0.1,0.1,0.1,0.5,0,14228,0.057632837,0.019187518,0,0,0,0,0,0,0,0,0,0,5,1.299773983
186483.29,0.52599395,0.5,6621,37,0.1754,33.4375,34.5625,37.19,0,0,0.25,0,0,20,0.5,0.104,5.5,50,200,0.1,0.1,0.1,0.1,0.1,0.1,0.5,0,13717,0.059415324,0.019319093,0,0,0,0,0,0,0,0,0,0,5,1.260461211
186543.33,0.53686828,0.5,6621,37,0.15665,33.4375,34.5625,37.17,0,0,0,0,0,20,0.5,0.104,5.5,50,200,0.1,0.1,0.1,0.1,0.1,0.1,0.5,0,13983,0.058857184,0.019523707,0,0,0,0,0,0,0,0,0,0,5,1.25882735
186603.38,0.55073037,0.5,6621,37,0.15975,33.3125,34.5625,37.05,0,0,0,0,0,20,0.5,0.104,5.5,50,200,0.1,0.1,0.1,0.1,0.1,0.1,0.5,0,14087,0.059629446,0.019521545,0,0,0,0,0,0,0,0,0,0,5,1.272363684
186663.42,0.551779269,0.5,6621,37,0.354275,33.3125,34.5625,36.87,0,0.02,0.15,0,0,20,0.5,0.104,5.5,50,200,0.1,0.1,0.1,0.1,0.1,0.1,0.5,0,14958,0.057828587,0.018919642,0,0,0,0,0,0,0,0,0,0,0.44,1.272363684
186723.47,0.476709716,0.5,6621,37,0.612020614,33.0625,34.5625,35.71,0,0.016216336,0.134865344,0,0,20,0.5,0.104,5.5,50,200,0.1,0.1,0.1,0.1,0.1,0.1,0.5,0,13136,0.05998782,0.019564555,0,0,0,0,0,0,0,0,0,0,0.44,1.272363684
186783.51,0.432055454,0.5,6621,37,0.6178,33,34.625,35.67,0,0,0.25,0,0,20,0.5,0.104,5.5,50,200,0.1,0.1,0.1,0.1,0.1,0.1,0.5,0,13174,0.057006224,0.018749051,0,0,0,0,0,0,0,0,0,0,5,1.272363684
186843.57,0.46440216,0.5,6621,37,0.3545,33.25,34.625,36.77,0,0,0.07,0,0,20,0.5,0.104,5.5,50,200,0.1,0.1,0.1,0.1,0.1,0.1,0.5,0,12667,0.058814242,0.019499487,0,0,0,0,0,0,0,0,0,0,5,1.272363684
186903.63,0.461421737,0.5,6621,37,0.2161,33.4375,34.5625,37.29,0,0,0.07,0,0,20,0.5,0.104,5.5,50,200,0.1,0.1,0.1,0.1,0.1,0.1,0.5,0,14208,0.055391329,0.018651464,0,0,0,0,0,0,0,0,0,0,5,1.272363684
186963.67,0.468239671,0.5,6621,37,0.152,33.5625,34.4375,37.49,0,0,0.07,0,0,20,0.5,0.104,5.5,50,200,0.1,0.1,0.1,0.1,0.1,0.1,0.5,0,13728,0.056963869,0.018939394,0,0,0,0,0,0,0,0,0,0,5,1.272363684
187023.73,0.487128897,0.5,6621,37,0.1452,33.625,34.4375,37.45,0,0,0.07,0,0,20,0.5,0.104,5.5,50,200,0.1,0.1,0.1,0.1,0.1,0.1,0.5,0,13632,0.058098592,0.018926056,0,0,0,0,0,0,0,0,0,0,5,1.272363684
187083.79,0.491563733,0.5,6621,37,0.1573,33.5,34.375,37.35,0,0,0.25,0,0,20,0.5,0.104,5.5,50,200,0.1,0.1,0.1,0.1,0.1,0.1,0.5,0,13134,0.060073093,0.019643673,0,0,0,0,0,0,0,0,0,0,5,1.272363684
187143.87,0.515989856,0.5,6621,37,0.1436,33.5,34.375,37.37,0,0,0.07,0,0,20,0.5,0.104,5.5,50,200,0.1,0.1,0.1,0.1,0.1,0.1,0.5,0,13168,0.06022175,0.019365128,0,0,0,0,0,0,0,0,0,0,5,1.354232012
187203.94,0.510352762,0.5,6621,37,0.1434,33.375,34.375,37.33,0,0,0.07,0,0,20,0.5,0.104,5.5,50,200,0.1,0.1,0.1,0.1,0.1,0.1,0.5,0,13092,0.060800489,0.019935839,0,0,0,0,0,0,0,0,0,0,5,1.253565621
187264.01,0.514136023,0.5,6621,37,0.198,33.375,34.375,37.09,0,0,0.07,0,0,20,0.5,0.104,5.5,50,200,0.1,0.1,0.1,0.1,0.1,0.1,0.5,0,13916,0.059715435,0.019473987,0,0,0,0,0,0,0,0,0,0,5,1.213044408
187324.07,0.530548556,0.5,6621,37,0.2094,33.3125,34.375,37.03,0,0,0.07,0,0,20,0.5,0.104,5.5,50,200,0.1,0.1,0.1,0.1,0.1,0.1,0.5,0,13746,0.060162956,0.019714826,0,0,0,0,0,0,0,0,0,0,5,1.246663038
187384.14,0.55236065,0.5,6621,37,0.17185,33.25,34.375,36.97,0,0,0,0,0,20,0.5,0.104,5.5,50,200,0.1,0.1,0.1,0.1,0.1,0.1,0.5,0,14116,0.05986115,0.01948144,0,0,0,0,0,0,0,0,0,0,5,1.30519899
187444.2,0.558691412,0.5,6621,37,0.43235,33.25,34.375,36.57,0,0.02,0.15,0,0,20,0.5,0.104,5.5,50,200,0.1,0.1,0.1,0.1,0.1,0.1,0.5,0,14037,0.06076797,0.01951984,0,0,0,0,0,0,0,0,0,0,0.44,1.30519899
187504.27,0.486993867,0.5,6621,37,0.659642414,33,34.375,35.59,0,0.018252647,0.143010586,0,0,20,0.5,0.104,5.5,50,200,0.1,0.1,0.1,0.1,0.1,0.1,0.5,0,13292,0.060562745,0.019786338,0,0,0,0,0,0,0,0,0,0,0.44,1.30519899
187564.34,0.434836584,0.5,6621,37,0.6459,32.9375,34.375,35.59,0,0,0.07,0,0,20,0.5,0.104,5.5,50,200,0.1,0.1,0.1,0.1,0.1,0.1,0.5,0,12903,0.058823529,0.019065334,0,0,0,0,0,0,0,0,0,0,5,1.30519899
187624.39,0.44498659,0.5,6621,37,0.3343,33.125,34.4375,36.87,0,0,0.07,0,0,20,0.5,0.104,5.5,50,200,0.1,0.1,0.1,0.1,0.1,0.1,0.5,0,12260,0.061011419,0.019902121,0,0,0,0,0,0,0,0,0,0,5,1.30519899
187684.42,0.462882688,0.5,6621,37,0.2312,33.4375,34.375,37.25,0,0,0.25,0,0,20,0.5,0.104,5.5,50,200,0.1,0.1,0.1,0.1,0.1,0.1,0.5,0,13208,0.058827983,0.019003634,0,0,0,0,0,0,0,0,0,0,5,1.30519899
187744.49,0.479102025,0.5,6621,37,0.1506,33.5,34.375,37.51,0,0,0.07,0,0,20,0.5,0.104,5.5,50,200,0.1,0.1,0.1,0.1,0.1,0.1,0.5,0,13013,0.05932529,0.019595789,0,0,0,0,0,0,0,0,0,0,5,1.30519899
187804.56,0.478951491,0.5,6621,37,0.1948,33.5625,34.375,37.29,0,0,0.07,0,0,20,0.5,0.104,5.5,50,200,0.1,0.1,0.1,0.1,0.1,0.1,0.5,0,13232,0.059325877,0.019498186,0,0,0,0,0,0,0,0,0,0,5,1.30519899
187864.63,0.493451924,0.5,6621,37,0.1457,33.5,34.4375,37.43,0,0,0.07,0,0,20,0.5,0.104,5.5,50,200,0.1,0.1,0.1,0.1,0.1,0.1,0.5,0,13129,0.059943636,0.019727321,0,0,0,0,0,0,0,0,0,0,5,1.30519899
187924.68,0.496990213,0.5,6621,37,0.1119,33.4375,34.4375,37.51,0,0,0.07,0,0,20,0.5,0.104,5.5,50,200,0.1,0.1,0.1,0.1,0.1,0.1,0.5,0,13733,0.058909197,0.019442219,0,0,0,0,0,0,0,0,0,0,5,1.261373736
187984.75,0.521908868,0.5,6621,37,0.1464,33.375,34.375,37.33,0,0,0.25,0,0,20,0.5,0.104,5.5,50,200,0.1,0.1,0.1,0.1,0.1,0.1,0.5,0,14372,0.058099082,0.019064848,0,0,0,0,0,0,0,0,0,0,5,1.345073018
188044.81,0.52664081,0.5,6621,37,0.179,33.375,34.4375,37.19,0,0,0.07,0,0,20,0.5,0.104,5.5,50,200,0.1,0.1,0.1,0.1,0.1,0.1,0.5,0,15106,0.056600026,0.018800477,0,0,0,0,0,0,0,0,0,0,5,1.304896623
188104.87,0.544915004,0.5,6621,37,0.1565,33.375,34.4375,37.25,0,0,0.07,0,0,20,0.5,0.104,5.5,50,200,0.1,0.1,0.1,0.1,0.1,0.1,0.5,0,14163,0.059097649,0.019204971,0,0,0,0,0,0,0,0,0,0,5,1.341985046
188164.93,0.551292721,0.5,6621,37,0.481225,33.3125,34.4375,36.37,0,0.02,0.15,0,0,20,0.5,0.104,5.5,50,200,0.1,0.1,0.1,0.1,0.1,0.1,0.5,0,14638,0.058546249,0.019128296,0,0,0,0,0,0,0,0,0,0,0.44,1.341985046
188224.97,0.476103825,0.5,6621,37,0.624068602,33.0625,34.5,35.75,0,0.016085953,0.134343811,0,0,20,0.5,0.104,5.5,50,200,0.1,0.1,0.1,0.1,0.1,0.1,0.5,0,12847,0.06110376,0.019537635,0,0,0,0,0,0,0,0,0,0,0.44,1.341985046
188285.02,0.430598686,0.5,6621,37,0.5454,32.9375,34.4375,36.01,0,0,0.25,0,0,20,0.5,0.104,5.5,50,200,0.1,0.1,0.1,0.1,0.1,0.1,0.5,0,12774,0.058165023,0.0191013,0,0,0,0,0,0,0,0,0,0,5,1.341985046
188345.06,0.434533191,0.5,6621,37,0.2772,33.1875,34.4375,37.09,0,0,0.07,0,0,20,0.5,0.104,5.5,50,200,0.1,0.1,0.1,0.1,0.1,0.1,0.5,0,12544,0.058832908,0.019292092,0,0,0,0,0,0,0,0,0,0,5,1.341985046
188405.11,0.441772809,0.5,6621,37,0.1861,33.375,34.5,37.41,0,0,0.07,0,0,20,0.5,0.104,5.5,50,200,0.1,0.1,0.1,0.1,0.1,0.1,0.5,0,12359,0.059713569,0.019419047,0,0,0,0,0,0,0,0,0,0,5,1.341985046
188465.19,0.456023253,0.5,6621,37,0.1853,33.5625,34.5,37.37,0,0,0.07,0,0,20,0.5,0.104,5.5,50,200,0.1,0.1,0.1,0.1,0.1,0.1,0.5,0,12595,0.060103216,0.01976975,0,0,0,0,0,0,0,0,0,0,5,1.341985046
188525.23,0.46896102,0.5,6621,37,0.1642,33.5625,34.5,37.41,0,0,0.07,0,0,20,0.5,0.104,5.5,50,200,0.1,0.1,0.1,0.1,0.1,0.1,0.5,0,12737,0.05959017,0.019392322,0,0,0,0,0,0,0,0,0,0,5,1.341985046
188585.28,0.481351139,0.5,6621,37,0.1009,33.625,34.5,37.59,0,0,0.25,0,0,20,0.5,0.104,5.5,50,200,0.1,0.1,0.1,0.1,0.1,0.1,0.5,0,13467,0.058290636,0.019157942,0,0,0,0,0,0,0,0,0,0,5,1.341985046
188645.32,0.482520191,0.5,6621,37,0.1121,33.5,34.5,37.49,0,0,0.07,0,0,20,0.5,0.104,5.5,50,200,0.1,0.1,0.1,0.1,0.1,0.1,0.5,0,12992,0.059729064,0.019627463,0,0,0,0,0,0,0,0,0,0,5,1.282163031
188705.36,0.488563579,0.5,6621,37,0.1578,33.375,34.4375,37.27,0,0,0.07,0,0,20,0.5,0.104,5.5,50,200,0.1,0.1,0.1,0.1,0.1,0.1,0.5,0,13231,0.060237321,0.01949966,0,0,0,0,0,0,0,0,0,0,5,1.255395421
188765.39,0.501057714,0.5,6621,37,0.1562,33.3125,34.5625,37.25,0,0,0.07,0,0,20,0.5,0.104,5.5,50,200,0.1,0.1,0.1,0.1,0.1,0.1,0.5,0,13767,0.059126898,0.019394204,0,0,0,0,0,0,0,0,0,0,5,1.268380683
188825.44,0.503141191,0.5,6621,37,0.2144,33.25,34.5,37.01,0,0,0.07,0,0,20,0.5,0.104,5.5,50,200,0.1,0.1,0.1,0.1,0.1,0.1,0.5,0,13415,0.060380171,0.019679463,0,0,0,0,0,0,0,0,0,0,5,1.217410256
188885.49,0.528544445,0.5,6621,37,0.18245,33.25,34.5,37.09,0,0,0,0,0,20,0.5,0.104,5.5,50,200,0.1,0.1,0.1,0.1,0.1,0.1,0.5,0,13920,0.059554598,0.01954023,0,0,0,0,0,0,0,0,0,0,5,1.304307956
188945.56,0.552419008,0.5,6621,37,0.20565,33.25,34.5,36.95,0,0,0,0,0,20,0.5,0.104,5.5,50,200,0.1,0.1,0.1,0.1,0.1,0.1,0.5,0,14453,0.058465371,0.019373141,0,0,0,0,0,0,0,0,0,0,5,1.371632353
189005.64,0.5443956,0.5,6621,37,0.4255,33.25,34.5,36.57,0,0.02,0.15,0,0,20,0.5,0.104,5.5,50,200,0.1,0.1,0.1,0.1,0.1,0.1,0.5,0,14100,0.059716312,0.019574468,0,0,0,0,0,0,0,0,0,0,0.44,1.371632353
189065.71,0.4719143,0.5,6621,37,0.587917659,33.0625,34.5625,35.83,0,0.01483792,0.12935168,0,0,20,0.5,0.104,5.5,50,200,0.1,0.1,0.1,0.1,0.1,0.1,0.5,0,12990,0.060277136,0.019630485,0,0,0,0,0,0,0,0,0,0,0.44,1.371632353
189125.78,0.440099025,0.5,6621,37,0.4856,33,34.5,36.17,0,0,0.07,0,0,20,0.5,0.104,5.5,50,200,0.1,0.1,0.1,0.1,0.1,0.1,0.5,0,12770,0.058339859,0.019420517,0,0,0,0,0,0,0,0,0,0,5,1.371632353
189185.84,0.462183352,0.5,6621,37,0.3697,33.1875,34.5625,36.69,0,0,0.25,0,0,20,0.5,0.104,5.5,50,200,0.1,0.1,0.1,0.1,0.1,0.1,0.5,0,12681,0.058985884,0.019714534,0,0,0,0,0,0,0,0,0,0,5,1.371632353
189245.9,0.456735632,0.5,6621,37,0.1966,33.4375,34.5625,37.35,0,0,0.07,0,0,20,0.5,0.104,5.5,50,200,0.1,0.1,0.1,0.1,0.1,0.1,0.5,0,12916,0.058299783,0.019355838,0,0,0,0,0,0,0,0,0,0,5,1.371632353
189305.95,0.467780429,0.5,6621,37,0.1256,33.5625,34.5625,37.55,0,0,0.07,0,0,20,0.5,0.104,5.5,50,200,0.1,0.1,0.1,0.1,0.1,0.1,0.5,0,12619,0.059830414,0.019573659,0,0,0,0,0,0,0,0,0,0,5,1.371632353
189365.99,0.477300306,0.5,6621,37,0.1415,33.625,34.5,37.43,0,0,0.07,0,0,20,0.5,0.104,5.5,50,200,0.1,0.1,0.1,0.1,0.1,0.1,0.5,0,13899,0.056838621,0.018634434,0,0,0,0,0,0,0,0,0,0,5,1.371632353
189426.04,0.492568686,0.5,6621,37,0.1366,33.5,34.5,37.41,0,0,0.07,0,0,20,0.5,0.104,5.5,50,200,0.1,0.1,0.1,0.1,0.1,0.1,0.5,0,13628,0.057822131,0.019298503,0,0,0,0,0,0,0,0,0,0,5,1.371632353
189486.08,0.486296746,0.5,6621,37,0.19,33.4375,34.5,37.17,0,0,0.25,0,0,20,0.5,0.104,5.5,50,200,0.1,0.1,0.1,0.1,0.1,0.1,0.5,0,13598,0.058832181,0.01934108,0,0,0,0,0,0,0,0,0,0,5,1.264606068
189546.17,0.502221243,0.5,6621,37,0.2037,33.375,34.4375,37.09,0,0,0.07,0,0,20,0.5,0.104,5.5,50,200,0.1,0.1,0.1,0.1,0.1,0.1,0.5,0,12972,0.06097749,0.02004317,0,0,0,0,0,0,0,0,0,0,5,1.298040923
189606.21,0.513286046,0.5,6621,37,0.168,33.3125,34.4375,37.21,0,0,0.07,0,0,20,0.5,0.104,5.5,50,200,0.1,0.1,0.1,0.1,0.1,0.1,0.5,0,14468,0.057575339,0.018800111,0,0,0,0,0,0,0,0,0,0,5,1.298516495
189666.26,0.549858644,0.5,6621,37,0.1835,33.25,34.375,37.13,0,0,0.07,0,0,20,0.5,0.104,5.5,50,200,0.1,0.1,0.1,0.1,0.1,0.1,0.5,0,13614,0.060085206,0.019612164,0,0,0,0,0,0,0,0,0,0,5,1.440074518
189726.29,0.543933096,0.5,6621,37,0.519425,33.1875,34.4375,36.17,0,0.02,0.15,0,0,20,0.5,0.104,5.5,50,200,0.1,0.1,0.1,0.1,0.1,0.1,0.5,0,13843,0.059813624,0.019576681,0,0,0,0,0,0,0,0,0,0,0.44,1.440074518
189786.34,0.477479597,0.5,6621,37,0.691748378,33,34.375,35.45,0,0.01553428,0.25,0,0,20,0.5,0.104,5.5,50,200,0.1,0.1,0.1,0.1,0.1,0.1,0.5,0,13222,0.060429587,0.019512933,0,0,0,0,0,0,0,0,0,0,0.44,1.440074518
189846.39,0.43296319,0.5,6621,37,0.660718946,32.9375,34.375,36.01,0,0,0.07,0,0,20,0.5,0.104,5.5,50,200,0.1,0.1,0.1,0.1,0.1,0.1,0.5,0,12657,0.059492771,0.019593901,0,0,0,0,0,0,0,0,0,0,5,1.440074518
189906.47,0.448365264,0.5,6621,37,0.34815,33.1875,34.375,36.97,0,0,0.07,0,0,20,0.5,0.104,5.5,50,200,0.1,0.1,0.1,0.1,0.1,0.1,0.5,0,13278,0.057990661,0.0192047,0,0,0,0,0,0,0,0,0,0,5,1.440074518
189966.54,0.447692084,0.5,6621,37,0.26045,33.375,34.4375,37.13,0,0,0.07,0,0,20,0.5,0.104,5.5,50,200,0.1,0.1,0.1,0.1,0.1,0.1,0.5,0,13589,0.0571786,0.018912356,0,0,0,0,0,0,0,0,0,0,5,1.440074518
190026.61,0.466884235,0.5,6621,37,0.15495,33.5,34.4375,37.49,0,0,0.07,0,0,20,0.5,0.104,5.5,50,200,0.1,0.1,0.1,0.1,0.1,0.1,0.5,0,13609,0.057608935,0.019031523,0,0,0,0,0,0,0,0,0,0,5,1.440074518
190086.65,0.47875604,0.5,6621,37,0.1956,33.5625,34.4375,37.27,0,0,0.25,0,0,20,0.5,0.104,5.5,50,200,0.1,0.1,0.1,0.1,0.1,0.1,0.5,0,13596,0.057958223,0.019417476,0,0,0,0,0,0,0,0,0,0,5,1.440074518
190146.69,0.493594589,0.5,6621,37,0.15445,33.5,34.4375,37.33,0,0,0.07,0,0,20,0.5,0.104,5.5,50,200,0.1,0.1,0.1,0.1,0.1,0.1,0.5,0,13435,0.0591738,0.019650167,0,0,0,0,0,0,0,0,0,0,5,1.440074518
190206.73,0.493396671,0.5,6621,37,0.14095,33.4375,34.5,37.29,0,0,0.07,0,0,20,0.5,0.104,5.5,50,200,0.1,0.1,0.1,0.1,0.1,0.1,0.5,0,13177,0.060635957,0.01965546,0,0,0,0,0,0,0,0,0,0,5,1.366867633
190266.8,0.510063227,0.5,6621,37,0.17285,33.375,34.5625,37.35,0,0,0.07,0,0,20,0.5,0.104,5.5,50,200,0.1,0.1,0.1,0.1,0.1,0.1,0.5,0,14017,0.058500392,0.01911964,0,0,0,0,0,0,0,0,0,0,5,1.398187958
190326.86,0.52373754,0.5,6621,37,0.15975,33.375,34.5625,37.11,0,0,0.07,0,0,20,0.5,0.104,5.5,50,200,0.1,0.1,0.1,0.1,0.1,0.1,0.5,0,13684,0.059923999,0.019511839,0,0,0,0,0,0,0,0,0,0,5,1.407646523
190386.94,0.526469484,0.5,6621,37,0.2151,33.3125,34.5625,37.03,0,0,0.25,0,0,20,0.5,0.104,5.5,50,200,0.1,0.1,0.1,0.1,0.1,0.1,0.5,0,13111,0.062695447,0.020288308,0,0,0,0,0,0,0,0,0,0,5,1.352872261
190447,0.537707363,0.5,6621,37,0.19875,33.3125,34.5,37.25,0,0,0,0,0,20,0.5,0.104,5.5,50,200,0.1,0.1,0.1,0.1,0.1,0.1,0.5,0,13517,0.062069986,0.019900866,0,0,0,0,0,0,0,0,0,0,5,1.34859197
190507.06,0.53301413,0.5,6621,37,0.12685,33.3125,34.5625,37.21,0,0,0,0,0,20,0.5,0.104,5.5,50,200,0.1,0.1,0.1,0.1,0.1,0.1,0.5,0,13994,0.060668858,0.019794198,0,0,0,0,0,0,0,0,0,0,5,1.254862748
190567.1,0.572758004,0.5,6621,37,0.18675,33.3125,34.5625,37.11,0,0,0,0,0,20,0.5,0.104,5.5,50,200,0.1,0.1,0.1,0.1,0.1,0.1,0.5,0,14301,0.060625131,0.019648976,0,0,0,0,0,0,0,0,0,0,5,1.407865692
190627.15,0.574760739,0.5,6621,37,0.3879,33.25,34.5,36.71,0,0.02,0.15,0,0,20,0.5,0.104,5.5,50,200,0.1,0.1,0.1,0.1,0.1,0.1,0.5,0,14606,0.060660003,0.019786389,0,0,0,0,0,0,0,0,0,0,0.44,1.407865692
190687.19,0.497813357,0.5,6621,37,0.6653,33,34.5,35.53,0,0.02,0.25,0,0,20,0.5,0.104,5.5,50,200,0.1,0.1,0.1,0.1,0.1,0.1,0.5,0,14118,0.058861028,0.019195353,0,0,0,0,0,0,0,0,0,0,0.44,1.407865692
190747.23,0.445053177,0.5,6621,37,0.70455,32.875,34.4375,35.81,0,0,0.07,0,0,20,0.5,0.104,5.5,50,200,0.1,0.1,0.1,0.1,0.1,0.1,0.5,0,12745,0.059788152,0.01977246,0,0,0,0,0,0,0,0,0,0,5,1.407865692
190807.3,0.450469438,0.5,6621,37,0.39895,33.125,34.4375,36.69,0,0,0.07,0,0,20,0.5,0.104,5.5,50,200,0.1,0.1,0.1,0.1,0.1,0.1,0.5,0,13795,0.056759696,0.018919899,0,0,0,0,0,0,0,0,0,0,5,1.407865692
190867.35,0.47461472,0.5,6621,37,0.28015,33.375,34.4375,37.19,0,0,0.07,0,0,20,0.5,0.104,5.5,50,200,0.1,0.1,0.1,0.1,0.1,0.1,0.5,0,13440,0.058333333,0.019196429,0,0,0,0,0,0,0,0,0,0,5,1.407865692
190927.42,0.473084256,0.5,6621,37,0.19465,33.5,34.4375,37.33,0,0,0.07,0,0,20,0.5,0.104,5.5,50,200,0.1,0.1,0.1,0.1,0.1,0.1,0.5,0,13185,0.059385666,0.019264316,0,0,0,0,0,0,0,0,0,0,5,1.407865692
190987.49,0.497660265,0.5,6621,37,0.1744,33.5,34.4375,37.35,0,0,0.25,0,0,20,0.5,0.104,5.5,50,200,0.1,0.1,0.1,0.1,0.1,0.1,0.5,0,13606,0.058871086,0.019182714,0,0,0,0,0,0,0,0,0,0,5,1.407865692
191047.55,0.501070381,0.5,6621,37,0.13205,33.5,34.4375,37.29,0,0,0.07,0,0,20,0.5,0.104,5.5,50,200,0.1,0.1,0.1,0.1,0.1,0.1,0.5,0,14114,0.057885787,0.019129942,0,0,0,0,0,0,0,0,0,0,5,1.407865692
191107.61,0.500635846,0.5,6621,37,0.18305,33.4375,34.4375,37.17,0,0,0.07,0,0,20,0.5,0.104,5.5,50,200,0.1,0.1,0.1,0.1,0.1,0.1,0.5,0,14214,0.057971014,0.019276769,0,0,0,0,0,0,0,0,0,0,5,1.334869638
191167.68,0.515347201,0.5,6621,37,0.16665,33.375,34.4375,37.29,0,0,0.07,0,0,20,0.5,0.104,5.5,50,200,0.1,0.1,0.1,0.1,0.1,0.1,0.5,0,13958,0.059679037,0.019558676,0,0,0,0,0,0,0,0,0,0,5,1.35501176
191227.75,0.512628764,0.5,6621,37,0.19685,33.3125,34.4375,37.17,0,0,0.07,0,0,20,0.5,0.104,5.5,50,200,0.1,0.1,0.1,0.1,0.1,0.1,0.5,0,14614,0.057958122,0.019022855,0,0,0,0,0,0,0,0,0,0,5,1.271394401
191287.81,0.527427447,0.5,6621,37,0.2219,33.3125,34.4375,37.01,0,0,0.25,0,0,20,0.5,0.104,5.5,50,200,0.1,0.1,0.1,0.1,0.1,0.1,0.5,0,15178,0.05738569,0.018645408,0,0,0,0,0,0,0,0,0,0,5,1.293202845
191347.85,0.542006261,0.5,6621,37,0.14755,33.3125,34.4375,37.27,0,0,0,0,0,20,0.5,0.104,5.5,50,200,0.1,0.1,0.1,0.1,0.1,0.1,0.5,0,14380,0.059248957,0.019332406,0,0,0,0,0,0,0,0,0,0,5,1.310341417
191407.9,0.557476129,0.5,6621,37,0.402025,33.25,34.4375,36.73,0,0.02,0.15,0,0,20,0.5,0.104,5.5,50,200,0.1,0.1,0.1,0.1,0.1,0.1,0.5,0,14658,0.059489698,0.019443307,0,0,0,0,0,0,0,0,0,0,0.44,1.310341417
191467.97,0.49392161,0.5,6621,37,0.744041393,33.0625,34.4375,35.21,0,0.01902467,0.146098678,0,0,20,0.5,0.104,5.5,50,200,0.1,0.1,0.1,0.1,0.1,0.1,0.5,0,13217,0.060830748,0.019747295,0,0,0,0,0,0,0,0,0,0,0.44,1.310341417
191528.03,0.450368455,0.5,6621,37,0.679567296,33,34.5,35.91,0,0,0.07,0,0,20,0.5,0.104,5.5,50,200,0.1,0.1,0.1,0.1,0.1,0.1,0.5,0,12885,0.058983314,0.019480016,0,0,0,0,0,0,0,0,0,0,5,1.310341417
191588.1,0.447897209,0.5,6621,37,0.3542,33.25,34.5,36.77,0,0,0.25,0,0,20,0.5,0.104,5.5,50,200,0.1,0.1,0.1,0.1,0.1,0.1,0.5,0,13374,0.057798714,0.01921639,0,0,0,0,0,0,0,0,0,0,5,1.310341417
191648.15,0.467209219,0.5,6621,37,0.21985,33.4375,34.5,37.51,0,0,0.07,0,0,20,0.5,0.104,5.5,50,200,0.1,0.1,0.1,0.1,0.1,0.1,0.5,0,13395,0.058006719,0.019111609,0,0,0,0,0,0,0,0,0,0,5,1.310341417
191708.18,0.488556374,0.5,6621,37,0.13045,33.5,34.5,37.55,0,0,0.07,0,0,20,0.5,0.104,5.5,50,200,0.1,0.1,0.1,0.1,0.1,0.1,0.5,0,13312,0.05851863,0.019155649,0,0,0,0,0,0,0,0,0,0,5,1.310341417
191768.24,0.495245983,0.5,6621,37,0.12335,33.5625,34.5,37.37,0,0,0.07,0,0,20,0.5,0.104,5.5,50,200,0.1,0.1,0.1,0.1,0.1,0.1,0.5,0,12581,0.061839281,0.020109689,0,0,0,0,0,0,0,0,0,0,5,1.310341417
191828.29,0.496414364,0.5,6621,37,0.16255,33.5625,34.5,37.33,0,0,0.07,0,0,20,0.5,0.104,5.5,50,200,0.1,0.1,0.1,0.1,0.1,0.1,0.5,0,13298,0.059858625,0.019401414,0,0,0,0,0,0,0,0,0,0,5,1.310341417
191888.36,0.495538616,0.5,6621,37,0.2066,33.5,34.5,37.13,0,0,0.25,0,0,20,0.5,0.104,5.5,50,200,0.1,0.1,0.1,0.1,0.1,0.1,0.5,0,14036,0.058349957,0.01923625,0,0,0,0,0,0,0,0,0,0,5,1.239527233
191948.39,0.521449945,0.5,6621,37,0.14635,33.5,34.5,37.17,0,0,0.07,0,0,20,0.5,0.104,5.5,50,200,0.1,0.1,0.1,0.1,0.1,0.1,0.5,0,13576,0.059885091,0.019519741,0,0,0,0,0,0,0,0,0,0,5,1.330454876
192008.47,0.536175007,0.5,6621,37,0.15555,33.375,34.5625,37.29,0,0,0.07,0,0,20,0.5,0.104,5.5,50,200,0.1,0.1,0.1,0.1,0.1,0.1,0.5,0,13953,0.059628754,0.019565685,0,0,0,0,0,0,0,0,0,0,5,1.347474115
192068.51,0.547176069,0.5,6621,37,0.17425,33.3125,34.5625,37.11,0,0,0.07,0,0,20,0.5,0.104,5.5,50,200,0.1,0.1,0.1,0.1,0.1,0.1,0.5,0,14276,0.05975063,0.019333147,0,0,0,0,0,0,0,0,0,0,5,1.341030464
192128.55,0.551959615,0.5,6621,37,0.494175,33.3125,34.5625,36.25,0,0.02,0.15,0,0,20,0.5,0.104,5.5,50,200,0.1,0.1,0.1,0.1,0.1,0.1,0.5,0,14413,0.060015264,0.019635052,0,0,0,0,0,0,0,0,0,0,0.44,1.341030464
192188.59,0.472894092,0.5,6621,37,0.643730874,33.0625,34.5,35.63,0,0.015727743,0.25,0,0,20,0.5,0.104,5.5,50,200,0.1,0.1,0.1,0.1,0.1,0.1,0.5,0,12969,0.060991595,0.019662272,0,0,0,0,0,0,0,0,0,0,0.44,1.341030464
192248.65,0.440729849,0.5,6621,37,0.655253649,33,34.5,35.77,0,0,0.07,0,0,20,0.5,0.104,5.5,50,200,0.1,0.1,0.1,0.1,0.1,0.1,0.5,0,13277,0.057693756,0.018980191,0,0,0,0,0,0,0,0,0,0,5,1.341030464
192308.74,0.455485446,0.5,6621,37,0.32365,33.1875,34.5,36.89,0,0,0.07,0,0,20,0.5,0.104,5.5,50,200,0.1,0.1,0.1,0.1,0.1,0.1,0.5,0,12875,0.059106796,0.019262136,0,0,0,0,0,0,0,0,0,0,5,1.341030464
192368.8,0.468044208,0.5,6621,37,0.23505,33.4375,34.4375,37.21,0,0,0.07,0,0,20,0.5,0.104,5.5,50,200,0.1,0.1,0.1,0.1,0.1,0.1,0.5,0,13420,0.057749627,0.018926975,0,0,0,0,0,0,0,0,0,0,5,1.341030464
192428.84,0.473452522,0.5,6621,37,0.16455,33.5,34.375,37.41,0,0,0.07,0,0,20,0.5,0.104,5.5,50,200,0.1,0.1,0.1,0.1,0.1,0.1,0.5,0,13421,0.058043365,0.019447135,0,0,0,0,0,0,0,0,0,0,5,1.341030464
192488.88,0.483452724,0.5,6621,37,0.1953,33.5,34.375,37.27,0,0,0.25,0,0,20,0.5,0.104,5.5,50,200,0.1,0.1,0.1,0.1,0.1,0.1,0.5,0,13804,0.057302231,0.019124891,0,0,0,0,0,0,0,0,0,0,5,1.341030464
192548.93,0.509699188,0.5,6621,37,0.14355,33.5,34.375,37.29,0,0,0.07,0,0,20,0.5,0.104,5.5,50,200,0.1,0.1,0.1,0.1,0.1,0.1,0.5,0,13572,0.058723843,0.019157088,0,0,0,0,0,0,0,0,0,0,5,1.341030464
192609.03,0.50275004,0.5,6621,37,0.16215,33.5,34.4375,37.37,0,0,0.07,0,0,20,0.5,0.104,5.5,50,200,0.1,0.1,0.1,0.1,0.1,0.1,0.5,0,13978,0.058520532,0.019029904,0,0,0,0,0,0,0,0,0,0,5,1.232796093
192669.1,0.516311796,0.5,6621,37,0.14545,33.4375,34.375,37.19,0,0,0.07,0,0,20,0.5,0.104,5.5,50,200,0.1,0.1,0.1,0.1,0.1,0.1,0.5,0,14057,0.058333926,0.019136373,0,0,0,0,0,0,0,0,0,0,5,1.251009477
192729.17,0.536008295,0.5,6621,37,0.12115,33.3125,34.4375,37.03,0,0,0.07,0,0,20,0.5,0.104,5.5,50,200,0.1,0.1,0.1,0.1,0.1,0.1,0.5,0,14128,0.059102492,0.019181767,0,0,0,0,0,0,0,0,0,0,5,1.300775397
192789.24,0.531596438,0.5,6621,37,0.2336,33.25,34.4375,36.95,0,0,0.25,0,0,20,0.5,0.104,5.5,50,200,0.1,0.1,0.1,0.1,0.1,0.1,0.5,0,14394,0.058774489,0.019522023,0,0,0,0,0,0,0,0,0,0,5,1.210941597
192849.28,0.546755873,0.5,6621,37,0.17605,33.1875,34.4375,37.05,0,0,0,0,0,20,0.5,0.104,5.5,50,200,0.1,0.1,0.1,0.1,0.1,0.1,0.5,0,14107,0.059970228,0.019706529,0,0,0,0,0,0,0,0,0,0,5,1.234747842
192909.35,0.556673103,0.5,6621,37,0.541525,33.1875,34.4375,36.07,0,0.02,0.15,0,0,20,0.5,0.104,5.5,50,200,0.1,0.1,0.1,0.1,0.1,0.1,0.5,0,14461,0.059608602,0.019431575,0,0,0,0,0,0,0,0,0,0,0.44,1.234747842
192969.43,0.472855029,0.5,6621,37,0.674533414,33,34.4375,35.55,0,0.016191789,0.134767157,0,0,20,0.5,0.104,5.5,50,200,0.1,0.1,0.1,0.1,0.1,0.1,0.5,0,13580,0.058910162,0.01921944,0,0,0,0,0,0,0,0,0,0,0.44,1.234747842
193029.47,0.445739721,0.5,6621,37,0.597494382,33.0625,34.4375,36.13,0,0,0.07,0,0,20,0.5,0.104,5.5,50,200,0.1,0.1,0.1,0.1,0.1,0.1,0.5,0,13230,0.057823129,0.019274376,0,0,0,0,0,0,0,0,0,0,5,1.234747842
193089.52,0.456758812,0.5,6621,37,0.348,33.25,34.5,36.79,0,0,0.25,0,0,20,0.5,0.104,5.5,50,200,0.1,0.1,0.1,0.1,0.1,0.1,0.5,0,13136,0.05861754,0.019488429,0,0,0,0,0,0,0,0,0,0,5,1.234747842
193149.56,0.456564294,0.5,6621,37,0.24515,33.5,34.5,37.35,0,0,0.07,0,0,20,0.5,0.104,5.5,50,200,0.1,0.1,0.1,0.1,0.1,0.1,0.5,0,13580,0.057952872,0.01892489,0,0,0,0,0,0,0,0,0,0,5,1.234747842
193209.62,0.473625234,0.5,6621,37,0.15395,33.5,34.4375,37.43,0,0,0.07,0,0,20,0.5,0.104,5.5,50,200,0.1,0.1,0.1,0.1,0.1,0.1,0.5,0,13544,0.057959244,0.019196692,0,0,0,0,0,0,0,0,0,0,5,1.234747842
193269.7,0.489157215,0.5,6621,37,0.15105,33.5,34.4375,37.51,0,0,0.07,0,0,20,0.5,0.104,5.5,50,200,0.1,0.1,0.1,0.1,0.1,0.1,0.5,0,13381,0.059188401,0.019355803,0,0,0,0,0,0,0,0,0,0,5,1.234747842
193329.73,0.492069605,0.5,6621,37,0.11545,33.5625,34.4375,37.41,0,0,0.07,0,0,20,0.5,0.104,5.5,50,200,0.1,0.1,0.1,0.1,0.1,0.1,0.5,0,13655,0.058952765,0.019187111,0,0,0,0,0,0,0,0,0,0,5,1.234747842
193389.8,0.524368324,0.5,6621,37,0.1818,33.5,34.4375,37.21,0,0,0.25,0,0,20,0.5,0.104,5.5,50,200,0.1,0.1,0.1,0.1,0.1,0.1,0.5,0,14286,0.057888842,0.019039619,0,0,0,0,0,0,0,0,0,0,5,1.363732947
193449.83,0.501615768,0.5,6621,37,0.18395,33.375,34.5,37.25,0,0,0.07,0,0,20,0.5,0.104,5.5,50,200,0.1,0.1,0.1,0.1,0.1,0.1,0.5,0,13644,0.059879801,0.019495749,0,0,0,0,0,0,0,0,0,0,5,1.162466534
193509.9,0.526383434,0.5,6621,37,0.21855,33.3125,34.5,37.21,0,0,0.07,0,0,20,0.5,0.104,5.5,50,200,0.1,0.1,0.1,0.1,0.1,0.1,0.5,0,13832,0.06007808,0.019809138,0,0,0,0,0,0,0,0,0,0,5,1.248929667
193569.96,0.545391258,0.5,6621,37,0.15785,33.3125,34.5,37.29,0,0,0.07,0,0,20,0.5,0.104,5.5,50,200,0.1,0.1,0.1,0.1,0.1,0.1,0.5,0,13670,0.060863204,0.019678127,0,0,0,0,0,0,0,0,0,0,5,1.292903776
193630.03,0.543643131,0.5,6621,37,0.59,33.25,34.5,35.83,0,0.02,0.15,0,0,20,0.5,0.104,5.5,50,200,0.1,0.1,0.1,0.1,0.1,0.1,0.5,0,13667,0.061535085,0.02012146,0,0,0,0,0,0,0,0,0,0,0.44,1.292903776
193690.09,0.481622625,0.5,6621,37,0.634034603,33.0625,34.5625,35.71,0,0.01604692,0.25,0,0,20,0.5,0.104,5.5,50,200,0.1,0.1,0.1,0.1,0.1,0.1,0.5,0,13740,0.058660844,0.019213974,0,0,0,0,0,0,0,0,0,0,0.44,1.292903776
193750.15,0.451673063,0.5,6621,37,0.626398679,33.125,34.5,36.13,0,0,0.07,0,0,20,0.5,0.104,5.5,50,200,0.1,0.1,0.1,0.1,0.1,0.1,0.5,0,12799,0.059535901,0.019454645,0,0,0,0,0,0,0,0,0,0,5,1.292903776
193810.21,0.453838918,0.5,6621,37,0.34105,33.25,34.5625,37.05,0,0,0.07,0,0,20,0.5,0.104,5.5,50,200,0.1,0.1,0.1,0.1,0.1,0.1,0.5,0,13201,0.058404666,0.019240967,0,0,0,0,0,0,0,0,0,0,5,1.292903776
193870.24,0.464372273,0.5,6621,37,0.21915,33.4375,34.5625,37.45,0,0,0.07,0,0,20,0.5,0.104,5.5,50,200,0.1,0.1,0.1,0.1,0.1,0.1,0.5,0,13261,0.058819094,0.019229319,0,0,0,0,0,0,0,0,0,0,5,1.292903776
193930.29,0.478874762,0.5,6621,37,0.16655,33.5625,34.5625,37.29,0,0,0.07,0,0,20,0.5,0.104,5.5,50,200,0.1,0.1,0.1,0.1,0.1,0.1,0.5,0,12868,0.060226919,0.019505751,0,0,0,0,0,0,0,0,0,0,5,1.292903776
193990.33,0.495376639,0.5,6621,37,0.1731,33.5625,34.5625,37.33,0,0,0.25,0,0,20,0.5,0.104,5.5,50,200,0.1,0.1,0.1,0.1,0.1,0.1,0.5,0,13772,0.058234098,0.01924194,0,0,0,0,0,0,0,0,0,0,5,1.292903776
194050.37,0.529572466,0.5,6621,37,0.12045,33.5,34.5625,37.41,0,0,0.07,0,0,20,0.5,0.104,5.5,50,200,0.1,0.1,0.1,0.1,0.1,0.1,0.5,0,13471,0.059312597,0.01930072,0,0,0,0,0,0,0,0,0,0,5,1.292903776
194110.43,0.508508938,0.5,6621,37,0.16585,33.4375,34.625,37.25,0,0,0.07,0,0,20,0.5,0.104,5.5,50,200,0.1,0.1,0.1,0.1,0.1,0.1,0.5,0,13906,0.059039264,0.019272257,0,0,0,0,0,0,0,0,0,0,5,1.106496923
194170.51,0.541370915,0.5,6621,37,0.14775,33.375,34.5625,37.41,0,0,0.07,0,0,20,0.5,0.104,5.5,50,200,0.1,0.1,0.1,0.1,0.1,0.1,0.5,0,14043,0.05889055,0.019226661,0,0,0,0,0,0,0,0,0,0,5,1.239037661
194230.57,0.521717655,0.5,6621,37,0.19145,33.375,34.625,37.03,0,0,0.07,0,0,20,0.5,0.104,5.5,50,200,0.1,0.1,0.1,0.1,0.1,0.1,0.5,0,14144,0.05938914,0.019372172,0,0,0,0,0,0,0,0,0,0,5,1.066151471
194290.64,0.551590227,0.5,6621,37,0.2283,33.375,34.5625,36.97,0,0,0.25,0,0,20,0.5,0.104,5.5,50,200,0.1,0.1,0.1,0.1,0.1,0.1,0.5,0,13990,0.060042888,0.019799857,0,0,0,0,0,0,0,0,0,0,5,1.17988053
194350.69,0.550173068,0.5,6621,37,0.492775,33.3125,34.5625,36.29,0,0.02,0.15,0,0,20,0.5,0.104,5.5,50,200,0.1,0.1,0.1,0.1,0.1,0.1,0.5,0,14111,0.060378428,0.019417476,0,0,0,0,0,0,0,0,0,0,0.44,1.17988053
194410.76,0.496809063,0.5,6621,37,0.709609034,33.0625,34.5625,35.39,0,0.018662977,0.144651908,0,0,20,0.5,0.104,5.5,50,200,0.1,0.1,0.1,0.1,0.1,0.1,0.5,0,13567,0.059482568,0.019385273,0,0,0,0,0,0,0,0,0,0,0.44,1.17988053
194470.83,0.429727518,0.5,6621,37,0.672623118,33,34.5,35.93,0,0,0.07,0,0,20,0.5,0.104,5.5,50,200,0.1,0.1,0.1,0.1,0.1,0.1,0.5,0,12505,0.059416234,0.019832067,0,0,0,0,0,0,0,0,0,0,5,1.17988053
194530.86,0.456011263,0.5,6621,37,0.35415,33.25,34.4375,36.89,0,0,0.07,0,0,20,0.5,0.104,5.5,50,200,0.1,0.1,0.1,0.1,0.1,0.1,0.5,0,12681,0.058907026,0.019477959,0,0,0,0,0,0,0,0,0,0,5,1.17988053
194590.91,0.447412783,0.5,6621,37,0.2647,33.5,34.5,37.11,0,0,0.25,0,0,20,0.5,0.104,5.5,50,200,0.1,0.1,0.1,0.1,0.1,0.1,0.5,0,12684,0.059602649,0.019394513,0,0,0,0,0,0,0,0,0,0,5,1.17988053
194650.95,0.476151561,0.5,6621,37,0.14645,33.5625,34.4375,37.53,0,0,0.07,0,0,20,0.5,0.104,5.5,50,200,0.1,0.1,0.1,0.1,0.1,0.1,0.5,0,13209,0.058142176,0.019305019,0,0,0,0,0,0,0,0,0,0,5,1.17988053
194710.99,0.480091364,0.5,6621,37,0.16585,33.5625,34.4375,37.45,0,0,0.07,0,0,20,0.5,0.104,5.5,50,200,0.1,0.1,0.1,0.1,0.1,0.1,0.5,0,12869,0.059989121,0.019426529,0,0,0,0,0,0,0,0,0,0,5,1.17988053
194771.06,0.487344237,0.5,6621,37,0.16415,33.5625,34.4375,37.43,0,0,0.07,0,0,20,0.5,0.104,5.5,50,200,0.1,0.1,0.1,0.1,0.1,0.1,0.5,0,13455,0.058937198,0.01924935,0,0,0,0,0,0,0,0,0,0,5,1.17988053
194831.12,0.497621847,0.5,6621,37,0.17745,33.4375,34.4375,37.51,0,0,0.07,0,0,20,0.5,0.104,5.5,50,200,0.1,0.1,0.1,0.1,0.1,0.1,0.5,0,13993,0.058386336,0.019080969,0,0,0,0,0,0,0,0,0,0,5,1.183495666
194891.17,0.522812613,0.5,6621,37,0.1623,33.375,34.4375,37.27,0,0,0.25,0,0,20,0.5,0.104,5.5,50,200,0.1,0.1,0.1,0.1,0.1,0.1,0.5,0,13882,0.058565048,0.01923354,0,0,0,0,0,0,0,0,0,0,5,1.272468867
194951.2,0.51110779,0.5,6621,37,0.17415,33.3125,34.375,37.25,0,0,0.07,0,0,20,0.5,0.104,5.5,50,200,0.1,0.1,0.1,0.1,0.1,0.1,0.5,0,13632,0.060079225,0.019659624,0,0,0,0,0,0,0,0,0,0,5,1.140917625
195011.27,0.553338698,0.5,6621,37,0.16905,33.25,34.4375,37.21,0,0,0.07,0,0,20,0.5,0.104,5.5,50,200,0.1,0.1,0.1,0.1,0.1,0.1,0.5,0,14048,0.059367882,0.019362187,0,0,0,0,0,0,0,0,0,0,5,1.322041082
195071.35,0.532833605,0.5,6621,37,0.16745,33.1875,34.4375,37.11,0,0,0,0,0,20,0.5,0.104,5.5,50,200,0.1,0.1,0.1,0.1,0.1,0.1,0.5,0,14084,0.059642147,0.019667708,0,0,0,0,0,0,0,0,0,0,5,1.142655733
195131.42,0.546952552,0.5,6621,37,0.18385,33.125,34.4375,37.11,0,0,0,0,0,20,0.5,0.104,5.5,50,200,0.1,0.1,0.1,0.1,0.1,0.1,0.5,0,14064,0.060366894,0.019624573,0,0,0,0,0,0,0,0,0,0,5,1.163981546
195191.49,0.535888257,0.5,6621,37,0.19525,33.125,34.4375,37.17,0,0,0,0,0,20,0.5,0.104,5.5,50,200,0.1,0.1,0.1,0.1,0.1,0.1,0.5,0,14054,0.060552156,0.019638537,0,0,0,0,0,0,0,0,0,0,5,1.044473294
195251.57,0.557850169,0.5,6621,37,0.21845,33.1875,34.5,37.17,0,0,0,0,0,20,0.5,0.104,5.5,50,200,0.1,0.1,0.1,0.1,0.1,0.1,0.5,0,14174,0.06088613,0.019683928,0,0,0,0,0,0,0,0,0,0,5,1.112743874
195311.66,0.572584274,0.5,6621,37,0.14955,33.125,34.5625,37.01,0,0.02,0.15,0,0,20,0.5,0.104,5.5,50,200,0.1,0.1,0.1,0.1,0.1,0.1,0.5,0,14717,0.059930692,0.019433308,0,0,0,0,0,0,0,0,0,0,0.44,1.112743874
195371.73,0.49346867,0.5,6621,37,0.592025,33,34.5625,36.05,0,0.02,0.15,0,0,20,0.5,0.104,5.5,50,200,0.1,0.1,0.1,0.1,0.1,0.1,0.5,0,13965,0.059291085,0.019262442,0,0,0,0,0,0,0,0,0,0,0.44,1.112743874
195431.79,0.46254121,0.5,6621,37,0.585525,33,34.5,36.31,0,0.016929517,0.13771807,0,0,20,0.5,0.104,5.5,50,200,0.1,0.1,0.1,0.1,0.1,0.1,0.5,0,12875,0.060116505,0.019650485,0,0,0,0,0,0,0,0,0,0,0.44,1.112743874
195491.83,0.403980112,0.5,6621,37,0.5461,33.0625,34.5625,36.15,0,0,0.25,0,0,20,0.5,0.104,5.5,50,200,0.1,0.1,0.1,0.1,0.1,0.1,0.5,0,11768,0.060333107,0.019969409,0,0,0,0,0,0,0,0,0,0,5,1.112743874
195551.9,0.411372651,0.5,6621,37,0.30975,33.375,34.5625,37.43,0,0,0.07,0,0,20,0.5,0.104,5.5,50,200,0.1,0.1,0.1,0.1,0.1,0.1,0.5,0,12053,0.059736165,0.019580188,0,0,0,0,0,0,0,0,0,0,5,1.112743874
195611.96,0.444819223,0.5,6621,37,0.16505,33.625,34.5625,37.63,0,0,0.07,0,0,20,0.5,0.104,5.5,50,200,0.1,0.1,0.1,0.1,0.1,0.1,0.5,0,12706,0.058082796,0.01904612,0,0,0,0,0,0,0,0,0,0,5,1.112743874
195672.04,0.433944914,0.5,6621,37,0.09905,33.75,34.5,37.71,0,0,0.07,0,0,20,0.5,0.104,5.5,50,200,0.1,0.1,0.1,0.1,0.1,0.1,0.5,0,12271,0.059734333,0.019476815,0,0,0,0,0,0,0,0,0,0,5,1.112743874
195732.11,0.447323615,0.5,6621,37,0.12015,33.6875,34.4375,37.51,0,0,0.07,0,0,20,0.5,0.104,5.5,50,200,0.1,0.1,0.1,0.1,0.1,0.1,0.5,0,12453,0.059584036,0.019433068,0,0,0,0,0,0,0,0,0,0,5,1.112743874
195792.15,0.465031283,0.5,6621,37,0.2403,33.625,34.375,37.09,0,0,0.25,0,0,20,0.5,0.104,5.5,50,200,0.1,0.1,0.1,0.1,0.1,0.1,0.5,0,12681,0.059537891,0.019635675,0,0,0,0,0,0,0,0,0,0,5,1.112743874
195852.21,0.46585089,0.5,6621,37,0.14885,33.5625,34.375,37.45,0,0,0.07,0,0,20,0.5,0.104,5.5,50,200,0.1,0.1,0.1,0.1,0.1,0.1,0.5,0,13131,0.058868327,0.019267383,0,0,0,0,0,0,0,0,0,0,5,1.062389459
195912.28,0.473580614,0.5,6621,37,0.14275,33.5,34.4375,37.25,0,0,0.07,0,0,20,0.5,0.104,5.5,50,200,0.1,0.1,0.1,0.1,0.1,0.1,0.5,0,12781,0.060871606,0.019638526,0,0,0,0,0,0,0,0,0,0,5,1.058639619
195972.34,0.487102247,0.5,6621,37,0.10485,33.375,34.375,37.35,0,0,0.07,0,0,20,0.5,0.104,5.5,50,200,0.1,0.1,0.1,0.1,0.1,0.1,0.5,0,13851,0.057974153,0.019132193,0,0,0,0,0,0,0,0,0,0,5,1.090163351
196032.41,0.498980753,0.5,6621,37,0.18295,33.375,34.375,37.25,0,0,0.07,0,0,20,0.5,0.104,5.5,50,200,0.1,0.1,0.1,0.1,0.1,0.1,0.5,0,13159,0.060566912,0.019606353,0,0,0,0,0,0,0,0,0,0,5,1.107935596
196092.45,0.514245065,0.5,6621,37,0.17255,33.25,34.375,37.09,0,0,0,0,0,20,0.5,0.104,5.5,50,200,0.1,0.1,0.1,0.1,0.1,0.1,0.5,0,13173,0.060502543,0.019737342,0,0,0,0,0,0,0,0,0,0,5,1.142936035
196152.48,0.519922048,0.5,6621,37,0.16245,33.25,34.375,37.05,0,0,0,0,0,20,0.5,0.104,5.5,50,200,0.1,0.1,0.1,0.1,0.1,0.1,0.5,0,13357,0.060792094,0.019914651,0,0,0,0,0,0,0,0,0,0,5,1.118726116
196212.56,0.533958104,0.5,6621,37,0.22505,33.1875,34.375,37.13,0,0,0,0,0,20,0.5,0.104,5.5,50,200,0.1,0.1,0.1,0.1,0.1,0.1,0.5,0,13898,0.059504965,0.019643114,0,0,0,0,0,0,0,0,0,0,5,1.142705271
196272.61,0.54772763,0.5,6621,37,0.17255,33.1875,34.4375,37.03,0,0,0,0,0,20,0.5,0.104,5.5,50,200,0.1,0.1,0.1,0.1,0.1,0.1,0.5,0,13963,0.060230609,0.019766526,0,0,0,0,0,0,0,0,0,0,5,1.161952285
196332.65,0.543071489,0.5,6621,37,0.15835,33.125,34.4375,37.19,0,0.02,0.15,0,0,20,0.5,0.104,5.5,50,200,0.1,0.1,0.1,0.1,0.1,0.1,0.5,0,13575,0.061510129,0.019815838,0,0,0,0,0,0,0,0,0,0,0.44,1.161952285
196392.69,0.475366044,0.5,6621,37,0.690534553,32.9375,34.4375,35.43,0,0.015167578,0.25,0,0,20,0.5,0.104,5.5,50,200,0.1,0.1,0.1,0.1,0.1,0.1,0.5,0,12713,0.061826477,0.01974357,0,0,0,0,0,0,0,0,0,0,0.44,1.161952285
196452.74,0.43800578,0.5,6621,37,0.600544026,32.875,34.4375,35.99,0,0,0.07,0,0,20,0.5,0.104,5.5,50,200,0.1,0.1,0.1,0.1,0.1,0.1,0.5,0,12580,0.059618442,0.019554849,0,0,0,0,0,0,0,0,0,0,5,1.161952285
196512.8,0.43850455,0.5,6621,37,0.31625,33.125,34.5,36.89,0,0,0.07,0,0,20,0.5,0.104,5.5,50,200,0.1,0.1,0.1,0.1,0.1,0.1,0.5,0,12200,0.060819672,0.019754098,0,0,0,0,0,0,0,0,0,0,5,1.161952285
196572.84,0.461462754,0.5,6621,37,0.19055,33.375,34.4375,37.19,0,0,0.07,0,0,20,0.5,0.104,5.5,50,200,0.1,0.1,0.1,0.1,0.1,0.1,0.5,0,13089,0.058598823,0.019482008,0,0,0,0,0,0,0,0,0,0,5,1.161952285
196632.89,0.466991382,0.5,6621,37,0.15735,33.4375,34.4375,37.35,0,0,0.07,0,0,20,0.5,0.104,5.5,50,200,0.1,0.1,0.1,0.1,0.1,0.1,0.5,0,13427,0.057868474,0.019140538,0,0,0,0,0,0,0,0,0,0,5,1.161952285
196692.93,0.491025563,0.5,6621,37,0.2143,33.5,34.4375,37.17,0,0,0.25,0,0,20,0.5,0.104,5.5,50,200,0.1,0.1,0.1,0.1,0.1,0.1,0.5,0,13699,0.057887437,0.018979488,0,0,0,0,0,0,0,0,0,0,5,1.161952285
196753,0.491567468,0.5,6621,37,0.14285,33.4375,34.5,37.21,0,0,0.07,0,0,20,0.5,0.104,5.5,50,200,0.1,0.1,0.1,0.1,0.1,0.1,0.5,0,13034,0.060227098,0.019640939,0,0,0,0,0,0,0,0,0,0,5,1.161952285
196813.03,0.498051487,0.5,6621,37,0.16735,33.375,34.5,37.25,0,0,0.07,0,0,20,0.5,0.104,5.5,50,200,0.1,0.1,0.1,0.1,0.1,0.1,0.5,0,13170,0.060136674,0.019893698,0,0,0,0,0,0,0,0,0,0,5,1.143167451
196873.11,0.52362239,0.5,6621,37,0.14985,33.375,34.5,37.27,0,0,0.07,0,0,20,0.5,0.104,5.5,50,200,0.1,0.1,0.1,0.1,0.1,0.1,0.5,0,13885,0.059056536,0.019157364,0,0,0,0,0,0,0,0,0,0,5,1.236211085
196933.18,0.534999896,0.5,6621,37,0.18535,33.3125,34.5,37.19,0,0,0.07,0,0,20,0.5,0.104,5.5,50,200,0.1,0.1,0.1,0.1,0.1,0.1,0.5,0,14471,0.057908921,0.019210835,0,0,0,0,0,0,0,0,0,0,5,1.238887806
196993.24,0.547818296,0.5,6621,37,0.1538,33.25,34.5,37.25,0,0,0.25,0,0,20,0.5,0.104,5.5,50,200,0.1,0.1,0.1,0.1,0.1,0.1,0.5,0,13749,0.060222562,0.019565059,0,0,0,0,0,0,0,0,0,0,5,1.247974725
197053.32,0.538905925,0.5,6621,37,0.16065,33.25,34.5625,37.13,0,0,0,0,0,20,0.5,0.104,5.5,50,200,0.1,0.1,0.1,0.1,0.1,0.1,0.5,0,13800,0.060869565,0.02,0,0,0,0,0,0,0,0,0,0,5,1.136368081
197113.37,0.546091715,0.5,6621,37,0.15345,33.25,34.5625,37.09,0,0,0,0,0,20,0.5,0.104,5.5,50,200,0.1,0.1,0.1,0.1,0.1,0.1,0.5,0,13758,0.061491496,0.019915685,0,0,0,0,0,0,0,0,0,0,5,1.119287427
197173.44,0.541196008,0.5,6621,37,0.18315,33.25,34.5625,36.95,0,0.02,0.15,0,0,20,0.5,0.104,5.5,50,200,0.1,0.1,0.1,0.1,0.1,0.1,0.5,0,13790,0.06200145,0.019796954,0,0,0,0,0,0,0,0,0,0,0.44,1.119287427
197233.49,0.501189849,0.5,6621,37,0.560025,32.9375,34.5625,35.89,0,0.02,0.15,0,0,20,0.5,0.104,5.5,50,200,0.1,0.1,0.1,0.1,0.1,0.1,0.5,0,13066,0.061380683,0.019592836,0,0,0,0,0,0,0,0,0,0,0.44,1.119287427
197293.54,0.435180562,0.5,6621,37,0.4536,32.9375,34.5625,36.37,0,0,0.25,0,0,20,0.5,0.104,5.5,50,200,0.1,0.1,0.1,0.1,0.1,0.1,0.5,0,12827,0.058626335,0.019100335,0,0,0,0,0,0,0,0,0,0,0.44,1.119287427
197353.6,0.441817924,0.5,6621,37,0.37295,33.1875,34.5625,36.97,0,0,0.07,0,0,20,0.5,0.104,5.5,50,200,0.1,0.1,0.1,0.1,0.1,0.1,0.5,0,12979,0.058402034,0.019184837,0,0,0,0,0,0,0,0,0,0,5,1.119287427
197413.67,0.456306389,0.5,6621,37,0.16865,33.4375,34.5625,37.49,0,0,0.07,0,0,20,0.5,0.104,5.5,50,200,0.1,0.1,0.1,0.1,0.1,0.1,0.5,0,12875,0.059184466,0.019262136,0,0,0,0,0,0,0,0,0,0,5,1.119287427
197473.75,0.454048321,0.5,6621,37,0.15515,33.5,34.5,37.43,0,0,0.07,0,0,20,0.5,0.104,5.5,50,200,0.1,0.1,0.1,0.1,0.1,0.1,0.5,0,13125,0.058895238,0.019047619,0,0,0,0,0,0,0,0,0,0,5,1.119287427
197533.81,0.481729942,0.5,6621,37,0.17345,33.5625,34.5,37.21,0,0,0.07,0,0,20,0.5,0.104,5.5,50,200,0.1,0.1,0.1,0.1,0.1,0.1,0.5,0,13516,0.058301273,0.019310447,0,0,0,0,0,0,0,0,0,0,5,1.119287427
197593.88,0.488670694,0.5,6621,37,0.1621,33.5625,34.4375,37.35,0,0,0.25,0,0,20,0.5,0.104,5.5,50,200,0.1,0.1,0.1,0.1,0.1,0.1,0.5,0,13423,0.058630708,0.019593235,0,0,0,0,0,0,0,0,0,0,5,1.119287427
197653.92,0.496765526,0.5,6621,37,0.15155,33.5,34.4375,37.27,0,0,0.07,0,0,20,0.5,0.104,5.5,50,200,0.1,0.1,0.1,0.1,0.1,0.1,0.5,0,12865,0.061018267,0.019976681,0,0,0,0,0,0,0,0,0,0,5,1.119287427
197714.01,0.51716257,0.5,6621,37,0.12895,33.4375,34.375,37.19,0,0,0.07,0,0,20,0.5,0.104,5.5,50,200,0.1,0.1,0.1,0.1,0.1,0.1,0.5,0,13711,0.05900372,0.019327547,0,0,0,0,0,0,0,0,0,0,5,1.184040473
197774.06,0.51301771,0.5,6621,37,0.15085,33.375,34.375,37.25,0,0,0.07,0,0,20,0.5,0.104,5.5,50,200,0.1,0.1,0.1,0.1,0.1,0.1,0.5,0,13883,0.059137074,0.019232154,0,0,0,0,0,0,0,0,0,0,5,1.100697728
197834.08,0.529640013,0.5,6621,37,0.21285,33.25,34.375,37.09,0,0,0.07,0,0,20,0.5,0.104,5.5,50,200,0.1,0.1,0.1,0.1,0.1,0.1,0.5,0,13623,0.060559348,0.019746018,0,0,0,0,0,0,0,0,0,0,5,1.141324406
197894.16,0.535953263,0.5,6621,37,0.20925,33.1875,34.4375,37.17,0,0,0,0,0,20,0.5,0.104,5.5,50,200,0.1,0.1,0.1,0.1,0.1,0.1,0.5,0,13886,0.060132508,0.019804119,0,0,0,0,0,0,0,0,0,0,5,1.119806403
197954.24,0.53862369,0.5,6621,37,0.16445,33.1875,34.375,37.17,0,0,0,0,0,20,0.5,0.104,5.5,50,200,0.1,0.1,0.1,0.1,0.1,0.1,0.5,0,14675,0.058739353,0.019216354,0,0,0,0,0,0,0,0,0,0,5,1.078726689
198014.31,0.557382368,0.5,6621,37,0.16495,33.1875,34.375,37.19,0,0,0,0,0,20,0.5,0.104,5.5,50,200,0.1,0.1,0.1,0.1,0.1,0.1,0.5,0,14641,0.059353869,0.019260979,0,0,0,0,0,0,0,0,0,0,5,1.12749331
198074.39,0.571590328,0.5,6621,37,0.17375,33.1875,34.4375,37.29,0,0.02,0.15,0,0,20,0.5,0.104,5.5,50,200,0.1,0.1,0.1,0.1,0.1,0.1,0.5,0,14732,0.059598154,0.01961716,0,0,0,0,0,0,0,0,0,0,0.44,1.12749331
198134.44,0.487390284,0.5,6621,37,0.565675,33,34.4375,35.97,0,0.019591935,0.14836774,0,0,20,0.5,0.104,5.5,50,200,0.1,0.1,0.1,0.1,0.1,0.1,0.5,0,13468,0.060513811,0.01952777,0,0,0,0,0,0,0,0,0,0,0.44,1.12749331
198194.51,0.433193504,0.5,6621,37,0.54505,32.9375,34.4375,35.91,0,0,0.25,0,0,20,0.5,0.104,5.5,50,200,0.1,0.1,0.1,0.1,0.1,0.1,0.5,0,12573,0.059810705,0.019883878,0,0,0,0,0,0,0,0,0,0,5,1.12749331
198254.57,0.444373294,0.5,6621,37,0.307,33.1875,34.4375,37.19,0,0,0.07,0,0,20,0.5,0.104,5.5,50,200,0.1,0.1,0.1,0.1,0.1,0.1,0.5,0,12199,0.061234527,0.019837692,0,0,0,0,0,0,0,0,0,0,5,1.12749331
198314.63,0.46866473,0.5,6621,37,0.183,33.5,34.5,37.41,0,0,0.07,0,0,20,0.5,0.104,5.5,50,200,0.1,0.1,0.1,0.1,0.1,0.1,0.5,0,12592,0.060276366,0.019377382,0,0,0,0,0,0,0,0,0,0,5,1.12749331
198374.67,0.478893739,0.5,6621,37,0.1156,33.5625,34.5,37.55,0,0,0.07,0,0,20,0.5,0.104,5.5,50,200,0.1,0.1,0.1,0.1,0.1,0.1,0.5,0,13088,0.059214548,0.019330685,0,0,0,0,0,0,0,0,0,0,5,1.12749331
198434.72,0.477539034,0.5,6621,37,0.1669,33.625,34.5625,37.29,0,0,0.07,0,0,20,0.5,0.104,5.5,50,200,0.1,0.1,0.1,0.1,0.1,0.1,0.5,0,12599,0.060877847,0.019604731,0,0,0,0,0,0,0,0,0,0,5,1.12749331
198494.76,0.48700948,0.5,6621,37,0.20065,33.5,34.5,37.11,0,0,0.25,0,0,20,0.5,0.104,5.5,50,200,0.1,0.1,0.1,0.1,0.1,0.1,0.5,0,13798,0.058269314,0.019060733,0,0,0,0,0,0,0,0,0,0,5,1.12749331
198554.83,0.503573927,0.5,6621,37,0.1566,33.4375,34.5,37.11,0,0,0.07,0,0,20,0.5,0.104,5.5,50,200,0.1,0.1,0.1,0.1,0.1,0.1,0.5,0,13231,0.060539642,0.01987756,0,0,0,0,0,0,0,0,0,0,5,1.17145946
198614.92,0.526376906,0.5,6621,37,0.1311,33.375,34.4375,37.13,0,0,0.07,0,0,20,0.5,0.104,5.5,50,200,0.1,0.1,0.1,0.1,0.1,0.1,0.5,0,13783,0.059348473,0.019226583,0,0,0,0,0,0,0,0,0,0,5,1.245747428
198674.95,0.523148642,0.5,6621,37,0.1813,33.3125,34.4375,37.11,0,0,0.07,0,0,20,0.5,0.104,5.5,50,200,0.1,0.1,0.1,0.1,0.1,0.1,0.5,0,13951,0.059278905,0.019281772,0,0,0,0,0,0,0,0,0,0,5,1.165004434
198735.01,0.506622257,0.5,6621,37,0.2257,33.3125,34.5,36.95,0,0,0.07,0,0,20,0.5,0.104,5.5,50,200,0.1,0.1,0.1,0.1,0.1,0.1,0.5,0,13671,0.0609319,0.019676688,0,0,0,0,0,0,0,0,0,0,5,1.010454325
198795.04,0.528506212,0.5,6621,37,0.1506,33.25,34.4375,37.09,0,0,0,0,0,20,0.5,0.104,5.5,50,200,0.1,0.1,0.1,0.1,0.1,0.1,0.5,0,13995,0.060164344,0.019792783,0,0,0,0,0,0,0,0,0,0,5,1.086798271
198855.13,0.557390862,0.5,6621,37,0.1316,33.1875,34.5,37.05,0,0,0,0,0,20,0.5,0.104,5.5,50,200,0.1,0.1,0.1,0.1,0.1,0.1,0.5,0,13926,0.061036909,0.019819044,0,0,0,0,0,0,0,0,0,0,5,1.192094846
198915.18,0.566999122,0.5,6621,37,0.2231,33.1875,34.4375,36.95,0,0.02,0.15,0,0,20,0.5,0.104,5.5,50,200,0.1,0.1,0.1,0.1,0.1,0.1,0.5,0,14449,0.060073361,0.019516922,0,0,0,0,0,0,0,0,0,0,0.44,1.192094846
198975.25,0.482362459,0.5,6621,37,0.614225,32.9375,34.375,35.71,0,0.018481136,0.143924544,0,0,20,0.5,0.104,5.5,50,200,0.1,0.1,0.1,0.1,0.1,0.1,0.5,0,13076,0.060874885,0.019730805,0,0,0,0,0,0,0,0,0,0,0.44,1.192094846
199035.32,0.434533864,0.5,6621,37,0.674032677,32.9375,34.375,35.83,0,0,0.07,0,0,20,0.5,0.104,5.5,50,200,0.1,0.1,0.1,0.1,0.1,0.1,0.5,0,13255,0.05771407,0.019087137,0,0,0,0,0,0,0,0,0,0,5,1.192094846
199095.39,0.447232296,0.5,6621,37,0.32585,33.125,34.375,36.89,0,0,0.25,0,0,20,0.5,0.104,5.5,50,200,0.1,0.1,0.1,0.1,0.1,0.1,0.5,0,12471,0.059898966,0.019485206,0,0,0,0,0,0,0,0,0,0,5,1.192094846
199155.45,0.447730188,0.5,6621,37,0.2639,33.375,34.375,37.29,0,0,0.07,0,0,20,0.5,0.104,5.5,50,200,0.1,0.1,0.1,0.1,0.1,0.1,0.5,0,12325,0.060527383,0.020121704,0,0,0,0,0,0,0,0,0,0,5,1.192094846
199215.52,0.462971374,0.5,6621,37,0.1412,33.5,34.3125,37.41,0,0,0.07,0,0,20,0.5,0.104,5.5,50,200,0.1,0.1,0.1,0.1,0.1,0.1,0.5,0,13273,0.05831387,0.019362616,0,0,0,0,0,0,0,0,0,0,5,1.192094846
199275.58,0.479773146,0.5,6621,37,0.1398,33.5,34.3125,37.41,0,0,0.07,0,0,20,0.5,0.104,5.5,50,200,0.1,0.1,0.1,0.1,0.1,0.1,0.5,0,12855,0.060132244,0.019603267,0,0,0,0,0,0,0,0,0,0,5,1.192094846
199335.62,0.491180784,0.5,6621,37,0.1154,33.5,34.25,37.67,0,0,0.07,0,0,20,0.5,0.104,5.5,50,200,0.1,0.1,0.1,0.1,0.1,0.1,0.5,0,13497,0.058679707,0.019337631,0,0,0,0,0,0,0,0,0,0,5,1.192094846
199395.67,0.511146758,0.5,6621,37,0.24795,33.375,34.25,36.97,0,0,0.25,0,0,20,0.5,0.104,5.5,50,200,0.1,0.1,0.1,0.1,0.1,0.1,0.5,0,13705,0.058883619,0.019117111,0,0,0,0,0,0,0,0,0,0,5,1.252023575
199455.71,0.502974287,0.5,6621,37,0.1,33.3125,34.3125,37.17,0,0,0.07,0,0,20,0.5,0.104,5.5,50,200,0.1,0.1,0.1,0.1,0.1,0.1,0.5,0,13666,0.059929753,0.019318016,0,0,0,0,0,0,0,0,0,0,5,1.141069304
199515.78,0.532205598,0.5,6621,37,0.2005,33.25,34.1875,37.11,0,0,0.07,0,0,20,0.5,0.104,5.5,50,200,0.1,0.1,0.1,0.1,0.1,0.1,0.5,0,14179,0.058960434,0.01939488,0,0,0,0,0,0,0,0,0,0,5,1.253488324
199575.83,0.527369234,0.5,6621,37,0.1933,33.1875,34.25,37.09,0,0,0.07,0,0,20,0.5,0.104,5.5,50,200,0.1,0.1,0.1,0.1,0.1,0.1,0.5,0,13268,0.061425987,0.020123606,0,0,0,0,0,0,0,0,0,0,5,1.163427086
199635.89,0.541785429,0.5,6621,37,0.1888,33.125,34.3125,37.13,0,0,0,0,0,20,0.5,0.104,5.5,50,200,0.1,0.1,0.1,0.1,0.1,0.1,0.5,0,13693,0.061272183,0.020010224,0,0,0,0,0,0,0,0,0,0,5,1.186163029
199695.97,0.550722383,0.5,6621,37,0.64535,33.125,34.25,35.63,0,0.02,0.25,0,0,20,0.5,0.104,5.5,50,200,0.1,0.1,0.1,0.1,0.1,0.1,0.5,0,14719,0.058971398,0.01915891,0,0,0,0,0,0,0,0,0,0,0.44,1.186163029
199756.03,0.494267313,0.5,6621,37,0.5756,33,34.25,35.97,0,0.018390147,0.14356059,0,0,20,0.5,0.104,5.5,50,200,0.1,0.1,0.1,0.1,0.1,0.1,0.5,0,13014,0.06139542,0.019671123,0,0,0,0,0,0,0,0,0,0,0.44,1.186163029
199816.08,0.431473054,0.5,6621,37,0.689204531,32.8125,34.3125,35.89,0,0,0.07,0,0,20,0.5,0.104,5.5,50,200,0.1,0.1,0.1,0.1,0.1,0.1,0.5,0,12242,0.060447639,0.02001307,0,0,0,0,0,0,0,0,0,0,5,1.186163029
199876.14,0.441375108,0.5,6621,37,0.3762,33.0625,34.3125,36.97,0,0,0.07,0,0,20,0.5,0.104,5.5,50,200,0.1,0.1,0.1,0.1,0.1,0.1,0.5,0,12765,0.058597728,0.019428124,0,0,0,0,0,0,0,0,0,0,5,1.186163029
199936.21,0.442085207,0.5,6621,37,0.2087,33.375,34.4375,37.27,0,0,0.07,0,0,20,0.5,0.104,5.5,50,200,0.1,0.1,0.1,0.1,0.1,0.1,0.5,0,12820,0.059126365,0.019422777,0,0,0,0,0,0,0,0,0,0,5,1.186163029
199996.28,0.457080869,0.5,6621,37,0.16875,33.4375,34.375,37.45,0,0,0.25,0,0,20,0.5,0.104,5.5,50,200,0.1,0.1,0.1,0.1,0.1,0.1,0.5,0,12278,0.061329207,0.020117283,0,0,0,0,0,0,0,0,0,0,5,1.186163029
200056.33,0.461551828,0.5,6621,37,0.1355,33.5,34.4375,37.37,0,0,0.07,0,0,20,0.5,0.104,5.5,50,200,0.1,0.1,0.1,0.1,0.1,0.1,0.5,0,12323,0.061754443,0.020287268,0,0,0,0,0,0,0,0,0,0,5,1.186163029
200116.38,0.479068819,0.5,6621,37,0.1193,33.5,34.4375,37.17,0,0,0.07,0,0,20,0.5,0.104,5.5,50,200,0.1,0.1,0.1,0.1,0.1,0.1,0.5,0,13653,0.058888156,0.01933641,0,0,0,0,0,0,0,0,0,0,5,1.186163029
200176.45,0.494132453,0.5,6621,37,0.1862,33.4375,34.5,37.29,0,0,0.07,0,0,20,0.5,0.104,5.5,50,200,0.1,0.1,0.1,0.1,0.1,0.1,0.5,0,12738,0.061626629,0.020097347,0,0,0,0,0,0,0,0,0,0,5,1.219732915
200236.49,0.508598118,0.5,6621,37,0.1018,33.4375,34.5,37.35,0,0,0.07,0,0,20,0.5,0.104,5.5,50,200,0.1,0.1,0.1,0.1,0.1,0.1,0.5,0,13074,0.061419611,0.020039774,0,0,0,0,0,0,0,0,0,0,5,1.245309914
200296.53,0.502511312,0.5,6621,37,0.17405,33.3125,34.5,37.19,0,0,0.25,0,0,20,0.5,0.104,5.5,50,200,0.1,0.1,0.1,0.1,0.1,0.1,0.5,0,13555,0.060494283,0.019697529,0,0,0,0,0,0,0,0,0,0,5,1.146924413
200356.58,0.518724297,0.5,6621,37,0.1871,33.3125,34.5,37.01,0,0,0.07,0,0,20,0.5,0.104,5.5,50,200,0.1,0.1,0.1,0.1,0.1,0.1,0.5,0,14552,0.058479934,0.018966465,0,0,0,0,0,0,0,0,0,0,5,1.184841304
200416.65,0.530548503,0.5,6621,37,0.1623,33.25,34.5625,37.11,0,0,0,0,0,20,0.5,0.104,5.5,50,200,0.1,0.1,0.1,0.1,0.1,0.1,0.5,0,14048,0.059866173,0.019362187,0,0,0,0,0,0,0,0,0,0,5,1.193215821
200476.72,0.540161067,0.5,6621,37,0.2028,33.1875,34.5,36.89,0,0,0,0,0,20,0.5,0.104,5.5,50,200,0.1,0.1,0.1,0.1,0.1,0.1,0.5,0,14354,0.059425944,0.019576425,0,0,0,0,0,0,0,0,0,0,5,1.187422985
200536.78,0.55869824,0.5,6621,37,0.2275,33.1875,34.5625,37.03,0,0.02,0.15,0,0,20,0.5,0.104,5.5,50,200,0.1,0.1,0.1,0.1,0.1,0.1,0.5,0,14270,0.060406447,0.019691661,0,0,0,0,0,0,0,0,0,0,0.44,1.187422985
200596.85,0.488282835,0.5,6621,37,0.710635071,33.0625,34.5,35.39,0,0.018420257,0.25,0,0,20,0.5,0.104,5.5,50,200,0.1,0.1,0.1,0.1,0.1,0.1,0.5,0,13176,0.060716454,0.019732848,0,0,0,0,0,0,0,0,0,0,0.44,1.187422985
200656.89,0.449188914,0.5,6621,37,0.620931405,33,34.5625,35.97,0,0,0.07,0,0,20,0.5,0.104,5.5,50,200,0.1,0.1,0.1,0.1,0.1,0.1,0.5,0,12472,0.060615779,0.019563823,0,0,0,0,0,0,0,0,0,0,5,1.187422985
200716.95,0.454545672,0.5,6621,37,0.3191,33.1875,34.5625,36.89,0,0,0.07,0,0,20,0.5,0.104,5.5,50,200,0.1,0.1,0.1,0.1,0.1,0.1,0.5,0,13287,0.058327689,0.019266953,0,0,0,0,0,0,0,0,0,0,5,1.187422985
200776.99,0.471014668,0.5,6621,37,0.194,33.375,34.5,37.25,0,0,0.07,0,0,20,0.5,0.104,5.5,50,200,0.1,0.1,0.1,0.1,0.1,0.1,0.5,0,13536,0.057919622,0.019134161,0,0,0,0,0,0,0,0,0,0,5,1.187422985
200837.05,0.467713248,0.5,6621,37,0.169,33.5,34.4375,37.41,0,0,0.07,0,0,20,0.5,0.104,5.5,50,200,0.1,0.1,0.1,0.1,0.1,0.1,0.5,0,12965,0.060161975,0.019591207,0,0,0,0,0,0,0,0,0,0,5,1.187422985
200897.1,0.500918747,0.5,6621,37,0.15725,33.5,34.4375,37.37,0,0,0.25,0,0,20,0.5,0.104,5.5,50,200,0.1,0.1,0.1,0.1,0.1,0.1,0.5,0,13593,0.05863312,0.019274627,0,0,0,0,0,0,0,0,0,0,5,1.187422985
200957.14,0.483083789,0.5,6621,37,0.2047,33.4375,34.4375,37.09,0,0,0.07,0,0,20,0.5,0.104,5.5,50,200,0.1,0.1,0.1,0.1,0.1,0.1,0.5,0,13204,0.060814905,0.019691003,0,0,0,0,0,0,0,0,0,0,5,1.187422985
201017.19,0.516155517,0.5,6621,37,0.2102,33.4375,34.375,37.21,0,0,0.07,0,0,20,0.5,0.104,5.5,50,200,0.1,0.1,0.1,0.1,0.1,0.1,0.5,0,14321,0.058096502,0.01920257,0,0,0,0,0,0,0,0,0,0,5,1.326705822
201077.22,0.528456049,0.5,6621,37,0.1456,33.375,34.375,37.13,0,0,0.07,0,0,20,0.5,0.104,5.5,50,200,0.1,0.1,0.1,0.1,0.1,0.1,0.5,0,14234,0.058521849,0.019319938,0,0,0,0,0,0,0,0,0,0,5,1.33102512
201137.27,0.54781272,0.5,6621,37,0.1519,33.375,34.375,37.19,0,0,0.07,0,0,20,0.5,0.104,5.5,50,200,0.1,0.1,0.1,0.1,0.1,0.1,0.5,0,14347,0.058827629,0.019098069,0,0,0,0,0,0,0,0,0,0,5,1.372395377
201197.31,0.54738467,0.5,6621,37,0.1762,33.25,34.375,37.11,0,0.02,0.25,0,0,20,0.5,0.104,5.5,50,200,0.1,0.1,0.1,0.1,0.1,0.1,0.5,0,13508,0.062407462,0.020284276,0,0,0,0,0,0,0,0,0,0,0.44,1.372395377
201257.37,0.46970105,0.5,6621,37,0.56405,33,34.375,35.85,0,0.014843371,0.129373486,0,0,20,0.5,0.104,5.5,50,200,0.1,0.1,0.1,0.1,0.1,0.1,0.5,0,13317,0.059848314,0.019448825,0,0,0,0,0,0,0,0,0,0,0.44,1.372395377
201317.43,0.449107159,0.5,6621,37,0.607387944,33,34.375,35.81,0,0,0.07,0,0,20,0.5,0.104,5.5,50,200,0.1,0.1,0.1,0.1,0.1,0.1,0.5,0,12764,0.059699154,0.019664682,0,0,0,0,0,0,0,0,0,0,5,1.372395377
201377.47,0.438115448,0.5,6621,37,0.2969,33.125,34.3125,36.79,0,0,0.07,0,0,20,0.5,0.104,5.5,50,200,0.1,0.1,0.1,0.1,0.1,0.1,0.5,0,13387,0.057891985,0.018973631,0,0,0,0,0,0,0,0,0,0,5,1.372395377
201437.53,0.44937197,0.5,6621,37,0.2424,33.375,34.375,37.43,0,0,0.07,0,0,20,0.5,0.104,5.5,50,200,0.1,0.1,0.1,0.1,0.1,0.1,0.5,0,12872,0.059742076,0.019655065,0,0,0,0,0,0,0,0,0,0,5,1.372395377
201497.57,0.456666502,0.5,6621,37,0.1415,33.5,34.375,37.41,0,0,0.25,0,0,20,0.5,0.104,5.5,50,200,0.1,0.1,0.1,0.1,0.1,0.1,0.5,0,12821,0.060369706,0.019889244,0,0,0,0,0,0,0,0,0,0,5,1.372395377
201557.62,0.481804312,0.5,6621,37,0.143,33.5,34.4375,37.27,0,0,0.07,0,0,20,0.5,0.104,5.5,50,200,0.1,0.1,0.1,0.1,0.1,0.1,0.5,0,13354,0.059607608,0.019469822,0,0,0,0,0,0,0,0,0,0,5,1.372395377
201617.7,0.479824454,0.5,6621,37,0.1401,33.5,34.4375,37.27,0,0,0.07,0,0,20,0.5,0.104,5.5,50,200,0.1,0.1,0.1,0.1,0.1,0.1,0.5,0,12885,0.061311603,0.019945673,0,0,0,0,0,0,0,0,0,0,5,1.372395377
201677.77,0.4989154,0.5,6621,37,0.1558,33.375,34.4375,37.27,0,0,0.07,0,0,20,0.5,0.104,5.5,50,200,0.1,0.1,0.1,0.1,0.1,0.1,0.5,0,13233,0.060983904,0.019874556,0,0,0,0,0,0,0,0,0,0,5,1.420824284
201737.81,0.5238064,0.5,6621,37,0.1506,33.375,34.4375,37.29,0,0,0.07,0,0,20,0.5,0.104,5.5,50,200,0.1,0.1,0.1,0.1,0.1,0.1,0.5,0,13492,0.060776757,0.019789505,0,0,0,0,0,0,0,0,0,0,5,1.495839893
201797.88,0.522155198,0.5,6621,37,0.1608,33.3125,34.4375,37.21,0,0,0.25,0,0,20,0.5,0.104,5.5,50,200,0.1,0.1,0.1,0.1,0.1,0.1,0.5,0,13973,0.059758105,0.01975238,0,0,0,0,0,0,0,0,0,0,5,1.411576023
201857.93,0.539829229,0.5,6621,37,0.1701,33.25,34.4375,36.87,0,0,0.07,0,0,20,0.5,0.104,5.5,50,200,0.1,0.1,0.1,0.1,0.1,0.1,0.5,0,13685,0.061308001,0.019729631,0,0,0,0,0,0,0,0,0,0,5,1.44086119
201918.01,0.53822834,0.5,6621,37,0.1974,33.25,34.4375,37.09,0,0,0,0,0,20,0.5,0.104,5.5,50,200,0.1,0.1,0.1,0.1,0.1,0.1,0.5,0,13858,0.061625054,0.020060615,0,0,0,0,0,0,0,0,0,0,5,1.359908272
201978.1,0.544167066,0.5,6621,37,0.1882,33.25,34.4375,37.29,0,0,0,0,0,20,0.5,0.104,5.5,50,200,0.1,0.1,0.1,0.1,0.1,0.1,0.5,0,14377,0.06051332,0.019405996,0,0,0,0,0,0,0,0,0,0,5,1.324833096
202038.18,0.537731445,0.5,6621,37,0.1251,33.25,34.4375,37.17,0,0,0,0,0,20,0.5,0.104,5.5,50,200,0.1,0.1,0.1,0.1,0.1,0.1,0.5,0,13675,0.062595978,0.020329068,0,0,0,0,0,0,0,0,0,0,5,1.222900306
202098.22,0.566016942,0.5,6621,37,0.2192,33.1875,34.5,37.13,0,0,0,0,0,20,0.5,0.104,5.5,50,200,0.1,0.1,0.1,0.1,0.1,0.1,0.5,0,15461,0.058728413,0.019144945,0,0,0,0,0,0,0,0,0,0,5,1.315549538
202158.28,0.577650146,0.5,6621,37,0.1821,33.125,34.5,37.21,0,0.02,0.15,0,0,20,0.5,0.104,5.5,50,200,0.1,0.1,0.1,0.1,0.1,0.1,0.5,0,14212,0.06227132,0.020194202,0,0,0,0,0,0,0,0,0,0,0.44,1.315549538
202218.35,0.498755419,0.5,6621,37,0.5646,33,34.4375,35.89,0,0.02,0.15,0,0,20,0.5,0.104,5.5,50,200,0.1,0.1,0.1,0.1,0.1,0.1,0.5,0,13425,0.061973929,0.01981378,0,0,0,0,0,0,0,0,0,0,0.44,1.315549538
202278.43,0.448292896,0.5,6621,37,0.642825,32.875,34.5,35.83,0,0,0.07,0,0,20,0.5,0.104,5.5,50,200,0.1,0.1,0.1,0.1,0.1,0.1,0.5,0,12401,0.062172405,0.01983711,0,0,0,0,0,0,0,0,0,0,5,1.315549538
202338.5,0.453706988,0.5,6621,37,0.3569,33.125,34.5,36.73,0,0,0.07,0,0,20,0.5,0.104,5.5,50,200,0.1,0.1,0.1,0.1,0.1,0.1,0.5,0,12483,0.062004326,0.019947128,0,0,0,0,0,0,0,0,0,0,5,1.315549538
202398.54,0.450543578,0.5,6621,37,0.2483,33.375,34.5,37.37,0,0,0.25,0,0,20,0.5,0.104,5.5,50,200,0.1,0.1,0.1,0.1,0.1,0.1,0.5,0,12821,0.061071679,0.019811247,0,0,0,0,0,0,0,0,0,0,5,1.315549538
202458.58,0.489992908,0.5,6621,37,0.1763,33.5625,34.5,37.41,0,0,0.07,0,0,20,0.5,0.104,5.5,50,200,0.1,0.1,0.1,0.1,0.1,0.1,0.5,0,12583,0.061908925,0.019947548,0,0,0,0,0,0,0,0,0,0,5,1.315549538
202518.65,0.482998973,0.5,6621,37,0.1372,33.625,34.5625,37.49,0,0,0.07,0,0,20,0.5,0.104,5.5,50,200,0.1,0.1,0.1,0.1,0.1,0.1,0.5,0,12786,0.06194275,0.019865478,0,0,0,0,0,0,0,0,0,0,5,1.315549538
202578.71,0.498984938,0.5,6621,37,0.1549,33.5625,34.5,37.49,0,0,0.07,0,0,20,0.5,0.104,5.5,50,200,0.1,0.1,0.1,0.1,0.1,0.1,0.5,0,13276,0.061163001,0.019960832,0,0,0,0,0,0,0,0,0,0,5,1.315549538
202638.79,0.511887753,0.5,6621,37,0.1526,33.5625,34.5,37.43,0,0,0.07,0,0,20,0.5,0.104,5.5,50,200,0.1,0.1,0.1,0.1,0.1,0.1,0.5,0,13708,0.060037934,0.019550627,0,0,0,0,0,0,0,0,0,0,5,1.326360431
202698.82,0.516179017,0.5,6621,37,0.1468,33.5,34.5625,37.05,0,0,0.25,0,0,20,0.5,0.104,5.5,50,200,0.1,0.1,0.1,0.1,0.1,0.1,0.5,0,13816,0.061088593,0.019904459,0,0,0,0,0,0,0,0,0,0,5,1.285087216
202758.87,0.527640719,0.5,6621,37,0.1755,33.4375,34.5,37.29,0,0,0.07,0,0,20,0.5,0.104,5.5,50,200,0.1,0.1,0.1,0.1,0.1,0.1,0.5,0,13722,0.061725696,0.019822183,0,0,0,0,0,0,0,0,0,0,5,1.286718733
202818.93,0.54218909,0.5,6621,37,0.1092,33.375,34.625,37.13,0,0,0.07,0,0,20,0.5,0.104,5.5,50,200,0.1,0.1,0.1,0.1,0.1,0.1,0.5,0,13733,0.061821889,0.020170392,0,0,0,0,0,0,0,0,0,0,5,1.303980454
202878.99,0.564746512,0.5,6621,37,0.1835,33.375,34.625,37.21,0,0.02,0.15,0,0,20,0.5,0.104,5.5,50,200,0.1,0.1,0.1,0.1,0.1,0.1,0.5,0,14295,0.060790486,0.019867086,0,0,0,0,0,0,0,0,0,0,0.44,1.303980454
202939.03,0.501597023,0.5,6621,37,0.51275,33.125,34.5,36.37,0,0.02,0.15,0,0,20,0.5,0.104,5.5,50,200,0.1,0.1,0.1,0.1,0.1,0.1,0.5,0,13854,0.060487946,0.019633319,0,0,0,0,0,0,0,0,0,0,0.44,1.303980454
202999.06,0.441272314,0.5,6621,37,0.6284,33.0625,34.5625,35.89,0,0.000797016,0.25,0,0,20,0.5,0.104,5.5,50,200,0.1,0.1,0.1,0.1,0.1,0.1,0.5,0,13088,0.060055012,0.019559902,0,0,0,0,0,0,0,0,0,0,0.44,1.303980454
203059.13,0.448475051,0.5,6621,37,0.391059426,33.1875,34.5,36.69,0,0,0.07,0,0,20,0.5,0.104,5.5,50,200,0.1,0.1,0.1,0.1,0.1,0.1,0.5,0,11998,0.063093849,0.020170028,0,0,0,0,0,0,0,0,0,0,5,1.303980454
203119.2,0.453113661,0.5,6621,37,0.233,33.375,34.5,37.09,0,0,0.07,0,0,20,0.5,0.104,5.5,50,200,0.1,0.1,0.1,0.1,0.1,0.1,0.5,0,12592,0.061467598,0.020250953,0,0,0,0,0,0,0,0,0,0,5,1.303980454
203179.25,0.462543871,0.5,6621,37,0.1813,33.5625,34.4375,37.33,0,0,0.07,0,0,20,0.5,0.104,5.5,50,200,0.1,0.1,0.1,0.1,0.1,0.1,0.5,0,12854,0.061070484,0.02014937,0,0,0,0,0,0,0,0,0,0,5,1.303980454
203239.32,0.49125605,0.5,6621,37,0.1899,33.625,34.375,37.53,0,0,0.07,0,0,20,0.5,0.104,5.5,50,200,0.1,0.1,0.1,0.1,0.1,0.1,0.5,0,12980,0.061248074,0.01972265,0,0,0,0,0,0,0,0,0,0,5,1.303980454
203299.37,0.482266145,0.5,6621,37,0.1735,33.625,34.375,37.45,0,0,0.25,0,0,20,0.5,0.104,5.5,50,200,0.1,0.1,0.1,0.1,0.1,0.1,0.5,0,12832,0.061954489,0.020028055,0,0,0,0,0,0,0,0,0,0,5,1.303980454
203359.43,0.490457828,0.5,6621,37,0.1353,33.5,34.375,37.41,0,0,0.07,0,0,20,0.5,0.104,5.5,50,200,0.1,0.1,0.1,0.1,0.1,0.1,0.5,0,13174,0.061332928,0.019735843,0,0,0,0,0,0,0,0,0,0,5,1.303980454
203419.48,0.503689763,0.5,6621,37,0.179,33.375,34.375,37.33,0,0,0.07,0,0,20,0.5,0.104,5.5,50,200,0.1,0.1,0.1,0.1,0.1,0.1,0.5,0,14120,0.059490085,0.019546742,0,0,0,0,0,0,0,0,0,0,5,1.318645126
203479.51,0.517472774,0.5,6621,37,0.17,33.375,34.375,37.11,0,0,0.07,0,0,20,0.5,0.104,5.5,50,200,0.1,0.1,0.1,0.1,0.1,0.1,0.5,0,13839,0.06026447,0.019437821,0,0,0,0,0,0,0,0,0,0,5,1.333702024
203539.56,0.521068946,0.5,6621,37,0.2137,33.3125,34.375,37.17,0,0,0.07,0,0,20,0.5,0.104,5.5,50,200,0.1,0.1,0.1,0.1,0.1,0.1,0.5,0,13670,0.061228969,0.020117045,0,0,0,0,0,0,0,0,0,0,5,1.287793281
203599.61,0.529020621,0.5,6621,37,0.2154,33.3125,34.375,37.09,0,0,0.25,0,0,20,0.5,0.104,5.5,50,200,0.1,0.1,0.1,0.1,0.1,0.1,0.5,0,14124,0.060818465,0.019612008,0,0,0,0,0,0,0,0,0,0,5,1.268838755
203659.65,0.550747241,0.5,6621,37,0.1888,33.25,34.4375,37.17,0,0,0,0,0,20,0.5,0.104,5.5,50,200,0.1,0.1,0.1,0.1,0.1,0.1,0.5,0,13612,0.062885689,0.020423156,0,0,0,0,0,0,0,0,0,0,5,1.32614251
203719.73,0.545317809,0.5,6621,37,0.1428,33.25,34.4375,37.13,0,0.02,0.15,0,0,20,0.5,0.104,5.5,50,200,0.1,0.1,0.1,0.1,0.1,0.1,0.5,0,14535,0.060956312,0.019883041,0,0,0,0,0,0,0,0,0,0,0.44,1.32614251
203779.81,0.499019705,0.5,6621,37,0.552825,33,34.4375,35.99,0,0.02,0.15,0,0,20,0.5,0.104,5.5,50,200,0.1,0.1,0.1,0.1,0.1,0.1,0.5,0,12886,0.063867763,0.020409747,0,0,0,0,0,0,0,0,0,0,0.44,1.32614251
203839.86,0.437651342,0.5,6621,37,0.652625,32.875,34.4375,35.69,0,0,0.07,0,0,20,0.5,0.104,5.5,50,200,0.1,0.1,0.1,0.1,0.1,0.1,0.5,0,12728,0.061517913,0.020034569,0,0,0,0,0,0,0,0,0,0,5,1.32614251
203899.9,0.451010261,0.5,6621,37,0.3472,33.125,34.5,36.69,0,0,0.25,0,0,20,0.5,0.104,5.5,50,200,0.1,0.1,0.1,0.1,0.1,0.1,0.5,0,12500,0.062,0.02016,0,0,0,0,0,0,0,0,0,0,5,1.32614251
203959.95,0.452456578,0.5,6621,37,0.248,33.375,34.4375,37.13,0,0,0.07,0,0,20,0.5,0.104,5.5,50,200,0.1,0.1,0.1,0.1,0.1,0.1,0.5,0,13429,0.05987043,0.019658947,0,0,0,0,0,0,0,0,0,0,5,1.32614251
204020.03,0.468215346,0.5,6621,37,0.1978,33.5,34.5,37.45,0,0,0.07,0,0,20,0.5,0.104,5.5,50,200,0.1,0.1,0.1,0.1,0.1,0.1,0.5,0,13741,0.059311549,0.01928535,0,0,0,0,0,0,0,0,0,0,5,1.32614251
204080.09,0.484929299,0.5,6621,37,0.1566,33.625,34.5625,37.37,0,0,0.07,0,0,20,0.5,0.104,5.5,50,200,0.1,0.1,0.1,0.1,0.1,0.1,0.5,0,12743,0.062701091,0.020403359,0,0,0,0,0,0,0,0,0,0,5,1.32614251
204140.17,0.486143827,0.5,6621,37,0.1649,33.5625,34.5625,37.33,0,0,0.07,0,0,20,0.5,0.104,5.5,50,200,0.1,0.1,0.1,0.1,0.1,0.1,0.5,0,13427,0.061070976,0.019959783,0,0,0,0,0,0,0,0,0,0,5,1.32614251
204200.24,0.493629357,0.5,6621,37,0.2271,33.5,34.5,37.33,0,0,0.25,0,0,20,0.5,0.104,5.5,50,200,0.1,0.1,0.1,0.1,0.1,0.1,0.5,0,13284,0.061803674,0.020249925,0,0,0,0,0,0,0,0,0,0,5,1.305676664
204260.29,0.497790287,0.5,6621,37,0.1277,33.4375,34.5,37.41,0,0,0.07,0,0,20,0.5,0.104,5.5,50,200,0.1,0.1,0.1,0.1,0.1,0.1,0.5,0,13995,0.060378707,0.019864237,0,0,0,0,0,0,0,0,0,0,5,1.265574629
204320.34,0.530245719,0.5,6621,37,0.1328,33.375,34.5625,37.21,0,0,0.07,0,0,20,0.5,0.104,5.5,50,200,0.1,0.1,0.1,0.1,0.1,0.1,0.5,0,13512,0.062314979,0.019982238,0,0,0,0,0,0,0,0,0,0,5,1.391780818
204380.4,0.551970772,0.5,6621,37,0.1553,33.375,34.5625,37.13,0,0,0.07,0,0,20,0.5,0.104,5.5,50,200,0.1,0.1,0.1,0.1,0.1,0.1,0.5,0,13942,0.061540668,0.020226653,0,0,0,0,0,0,0,0,0,0,5,1.442655508
204440.46,0.537186013,0.5,6621,37,0.2091,33.3125,34.5,36.97,0,0,0,0,0,20,0.5,0.104,5.5,50,200,0.1,0.1,0.1,0.1,0.1,0.1,0.5,0,14131,0.061354469,0.019673059,0,0,0,0,0,0,0,0,0,0,5,1.289070729
204500.54,0.556089093,0.5,6621,37,0.1467,33.25,34.5625,37.29,0,0,0,0,0,20,0.5,0.104,5.5,50,200,0.1,0.1,0.1,0.1,0.1,0.1,0.5,0,14284,0.061607393,0.019812377,0,0,0,0,0,0,0,0,0,0,5,1.328369469
204560.57,0.554909687,0.5,6621,37,0.2084,33.25,34.5,37.17,0,0.02,0.15,0,0,20,0.5,0.104,5.5,50,200,0.1,0.1,0.1,0.1,0.1,0.1,0.5,0,14927,0.060561399,0.019561868,0,0,0,0,0,0,0,0,0,0,0.44,1.328369469
204620.62,0.491097635,0.5,6621,37,0.5537,33.0625,34.5,36.05,0,0.018407722,0.143630889,0,0,20,0.5,0.104,5.5,50,200,0.1,0.1,0.1,0.1,0.1,0.1,0.5,0,13591,0.061364138,0.019866088,0,0,0,0,0,0,0,0,0,0,0.44,1.328369469
204680.66,0.429099204,0.5,6621,37,0.695161043,32.9375,34.5625,35.67,0,0,0.07,0,0,20,0.5,0.104,5.5,50,200,0.1,0.1,0.1,0.1,0.1,0.1,0.5,0,12662,0.060416996,0.01942821,0,0,0,0,0,0,0,0,0,0,5,1.328369469
204740.7,0.436952981,0.5,6621,37,0.3582,33.1875,34.5,36.69,0,0,0.07,0,0,20,0.5,0.104,5.5,50,200,0.1,0.1,0.1,0.1,0.1,0.1,0.5,0,12164,0.062068399,0.020059191,0,0,0,0,0,0,0,0,0,0,5,1.328369469
204800.73,0.455900641,0.5,6621,37,0.2139,33.375,34.5625,37.17,0,0,0.25,0,0,20,0.5,0.104,5.5,50,200,0.1,0.1,0.1,0.1,0.1,0.1,0.5,0,12814,0.060636803,0.019900109,0,0,0,0,0,0,0,0,0,0,5,1.328369469
204860.79,0.452059752,0.5,6621,37,0.1745,33.5,34.5,37.33,0,0,0.07,0,0,20,0.5,0.104,5.5,50,200,0.1,0.1,0.1,0.1,0.1,0.1,0.5,0,12219,0.062525575,0.02021442,0,0,0,0,0,0,0,0,0,0,5,1.328369469
204920.87,0.468932915,0.5,6621,37,0.1136,33.5625,34.5625,37.43,0,0,0.07,0,0,20,0.5,0.104,5.5,50,200,0.1,0.1,0.1,0.1,0.1,0.1,0.5,0,12716,0.061733249,0.019896194,0,0,0,0,0,0,0,0,0,0,5,1.328369469
204980.92,0.475289689,0.5,6621,37,0.1722,33.625,34.5625,37.33,0,0,0.07,0,0,20,0.5,0.104,5.5,50,200,0.1,0.1,0.1,0.1,0.1,0.1,0.5,0,12852,0.061858077,0.020152505,0,0,0,0,0,0,0,0,0,0,5,1.328369469
205040.98,0.486891946,0.5,6621,37,0.1287,33.5,34.625,37.19,0,0,0.07,0,0,20,0.5,0.104,5.5,50,200,0.1,0.1,0.1,0.1,0.1,0.1,0.5,0,13332,0.061131113,0.019726973,0,0,0,0,0,0,0,0,0,0,5,1.334304189
205101.04,0.498245477,0.5,6621,37,0.142,33.4375,34.625,37.05,0,0,0.25,0,0,20,0.5,0.104,5.5,50,200,0.1,0.1,0.1,0.1,0.1,0.1,0.5,0,14174,0.05926344,0.019472273,0,0,0,0,0,0,0,0,0,0,5,1.336740959
205161.07,0.520622746,0.5,6621,37,0.1901,33.375,34.5625,37.05,0,0,0.07,0,0,20,0.5,0.104,5.5,50,200,0.1,0.1,0.1,0.1,0.1,0.1,0.5,0,14341,0.059619273,0.01952444,0,0,0,0,0,0,0,0,0,0,5,1.401702317
205221.13,0.534771211,0.5,6621,37,0.2492,33.3125,34.5625,37.01,0,0,0.07,0,0,20,0.5,0.104,5.5,50,200,0.1,0.1,0.1,0.1,0.1,0.1,0.5,0,13223,0.062996294,0.020267715,0,0,0,0,0,0,0,0,0,0,5,1.412057189
205281.17,0.53151088,0.5,6621,37,0.2495,33.25,34.5625,36.97,0,0,0,0,0,20,0.5,0.104,5.5,50,200,0.1,0.1,0.1,0.1,0.1,0.1,0.5,0,13595,0.06244943,0.020154469,0,0,0,0,0,0,0,0,0,0,5,1.323108296
205341.25,0.545511376,0.5,6621,37,0.1835,33.3125,34.5,37.13,0,0,0,0,0,20,0.5,0.104,5.5,50,200,0.1,0.1,0.1,0.1,0.1,0.1,0.5,0,14522,0.060046826,0.019487674,0,0,0,0,0,0,0,0,0,0,5,1.334952857
205401.33,0.554403535,0.5,6621,37,0.1454,33.25,34.5,37.17,0,0.02,0.25,0,0,20,0.5,0.104,5.5,50,200,0.1,0.1,0.1,0.1,0.1,0.1,0.5,0,14350,0.061881533,0.020139373,0,0,0,0,0,0,0,0,0,0,0.44,1.334952857
205461.38,0.482402693,0.5,6621,37,0.5838,33,34.4375,35.85,0,0.017224163,0.138896653,0,0,20,0.5,0.104,5.5,50,200,0.1,0.1,0.1,0.1,0.1,0.1,0.5,0,13005,0.062437524,0.019992311,0,0,0,0,0,0,0,0,0,0,0.44,1.334952857
205521.45,0.432337587,0.5,6621,37,0.623006451,32.875,34.4375,35.81,0,0,0.07,0,0,20,0.5,0.104,5.5,50,200,0.1,0.1,0.1,0.1,0.1,0.1,0.5,0,12482,0.060967794,0.01970838,0,0,0,0,0,0,0,0,0,0,5,1.334952857
205581.49,0.441491576,0.5,6621,37,0.3454,33.125,34.375,36.85,0,0,0.07,0,0,20,0.5,0.104,5.5,50,200,0.1,0.1,0.1,0.1,0.1,0.1,0.5,0,12240,0.062173203,0.02001634,0,0,0,0,0,0,0,0,0,0,5,1.334952857
205641.53,0.445875477,0.5,6621,37,0.1891,33.375,34.375,37.27,0,0,0.07,0,0,20,0.5,0.104,5.5,50,200,0.1,0.1,0.1,0.1,0.1,0.1,0.5,0,12596,0.061289298,0.019926961,0,0,0,0,0,0,0,0,0,0,5,1.334952857
205701.61,0.456313831,0.5,6621,37,0.1553,33.5625,34.375,37.59,0,0,0.25,0,0,20,0.5,0.104,5.5,50,200,0.1,0.1,0.1,0.1,0.1,0.1,0.5,0,12491,0.061964615,0.019854295,0,0,0,0,0,0,0,0,0,0,5,1.334952857
205761.67,0.467980863,0.5,6621,37,0.193,33.5,34.375,37.37,0,0,0.07,0,0,20,0.5,0.104,5.5,50,200,0.1,0.1,0.1,0.1,0.1,0.1,0.5,0,12478,0.063311428,0.020516108,0,0,0,0,0,0,0,0,0,0,5,1.334952857
205821.72,0.482605927,0.5,6621,37,0.1707,33.5,34.375,37.25,0,0,0.07,0,0,20,0.5,0.104,5.5,50,200,0.1,0.1,0.1,0.1,0.1,0.1,0.5,0,13020,0.061367127,0.020046083,0,0,0,0,0,0,0,0,0,0,5,1.334952857
205881.79,0.489605646,0.5,6621,37,0.1566,33.4375,34.4375,37.35,0,0,0.07,0,0,20,0.5,0.104,5.5,50,200,0.1,0.1,0.1,0.1,0.1,0.1,0.5,0,13255,0.061410788,0.019766126,0,0,0,0,0,0,0,0,0,0,5,1.311404698
205941.87,0.505864458,0.5,6621,37,0.1797,33.3125,34.4375,37.37,0,0,0.07,0,0,20,0.5,0.104,5.5,50,200,0.1,0.1,0.1,0.1,0.1,0.1,0.5,0,13550,0.061328413,0.019704797,0,0,0,0,0,0,0,0,0,0,5,1.343839963
206001.94,0.515213494,0.5,6621,37,0.2011,33.25,34.4375,37.13,0,0,0.25,0,0,20,0.5,0.104,5.5,50,200,0.1,0.1,0.1,0.1,0.1,0.1,0.5,0,13333,0.062851571,0.020250506,0,0,0,0,0,0,0,0,0,0,5,1.331585776
206061.98,0.525395225,0.5,6621,37,0.1904,33.25,34.4375,37.11,0,0,0.07,0,0,20,0.5,0.104,5.5,50,200,0.1,0.1,0.1,0.1,0.1,0.1,0.5,0,13617,0.061614159,0.020048469,0,0,0,0,0,0,0,0,0,0,5,1.323714752
206122.02,0.548327238,0.5,6621,37,0.188,33.1875,34.4375,37.17,0,0,0,0,0,20,0.5,0.104,5.5,50,200,0.1,0.1,0.1,0.1,0.1,0.1,0.5,0,13718,0.062181076,0.020192448,0,0,0,0,0,0,0,0,0,0,5,1.385693425
206182.1,0.542409208,0.5,6621,37,0.1417,33.1875,34.5,37.11,0,0.02,0.15,0,0,20,0.5,0.104,5.5,50,200,0.1,0.1,0.1,0.1,0.1,0.1,0.5,0,13156,0.064153238,0.020598966,0,0,0,0,0,0,0,0,0,0,0.44,1.385693425
206242.17,0.481375492,0.5,6621,37,0.5769,32.9375,34.5,36.07,0,0.01589028,0.13356112,0,0,20,0.5,0.104,5.5,50,200,0.1,0.1,0.1,0.1,0.1,0.1,0.5,0,13114,0.061537288,0.019978649,0,0,0,0,0,0,0,0,0,0,0.44,1.385693425
206302.22,0.438459877,0.5,6621,37,0.639640667,32.9375,34.5,36.05,0,0,0.25,0,0,20,0.5,0.104,5.5,50,200,0.1,0.1,0.1,0.1,0.1,0.1,0.5,0,12395,0.061315046,0.020088745,0,0,0,0,0,0,0,0,0,0,5,1.385693425
206362.28,0.447141921,0.5,6621,37,0.3366,33.1875,34.5,36.87,0,0,0.07,0,0,20,0.5,0.104,5.5,50,200,0.1,0.1,0.1,0.1,0.1,0.1,0.5,0,12490,0.061729384,0.020096077,0,0,0,0,0,0,0,0,0,0,5,1.385693425
206422.35,0.458173944,0.5,6621,37,0.2373,33.375,34.5625,37.21,0,0,0.07,0,0,20,0.5,0.104,5.5,50,200,0.1,0.1,0.1,0.1,0.1,0.1,0.5,0,12408,0.061573179,0.020148291,0,0,0,0,0,0,0,0,0,0,5,1.385693425
206482.42,0.480687288,0.5,6621,37,0.1258,33.5,34.5,37.51,0,0,0.07,0,0,20,0.5,0.104,5.5,50,200,0.1,0.1,0.1,0.1,0.1,0.1,0.5,0,12964,0.060937982,0.019746992,0,0,0,0,0,0,0,0,0,0,5,1.385693425
206542.49,0.472658654,0.5,6621,37,0.1715,33.5,34.5625,37.19,0,0,0.07,0,0,20,0.5,0.104,5.5,50,200,0.1,0.1,0.1,0.1,0.1,0.1,0.5,0,13176,0.061020036,0.019960534,0,0,0,0,0,0,0,0,0,0,5,1.385693425
206602.54,0.484821644,0.5,6621,37,0.1722,33.5,34.5,37.45,0,0,0.25,0,0,20,0.5,0.104,5.5,50,200,0.1,0.1,0.1,0.1,0.1,0.1,0.5,0,12689,0.062416266,0.020332572,0,0,0,0,0,0,0,0,0,0,5,1.385693425
206662.6,0.480034485,0.5,6621,37,0.169,33.5,34.5625,37.19,0,0,0.07,0,0,20,0.5,0.104,5.5,50,200,0.1,0.1,0.1,0.1,0.1,0.1,0.5,0,13405,0.061096606,0.019843342,0,0,0,0,0,0,0,0,0,0,5,1.286639355
206722.68,0.509073801,0.5,6621,37,0.1503,33.5,34.5625,37.21,0,0,0.07,0,0,20,0.5,0.104,5.5,50,200,0.1,0.1,0.1,0.1,0.1,0.1,0.5,0,12935,0.062852725,0.020100503,0,0,0,0,0,0,0,0,0,0,5,1.398512549
206782.74,0.505665401,0.5,6621,37,0.1613,33.375,34.5,37.25,0,0,0.07,0,0,20,0.5,0.104,5.5,50,200,0.1,0.1,0.1,0.1,0.1,0.1,0.5,0,14009,0.060818046,0.019773003,0,0,0,0,0,0,0,0,0,0,5,1.308433491
206842.79,0.539776261,0.5,6621,37,0.1453,33.3125,34.5,36.97,0,0,0.07,0,0,20,0.5,0.104,5.5,50,200,0.1,0.1,0.1,0.1,0.1,0.1,0.5,0,13046,0.063621033,0.020542695,0,0,0,0,0,0,0,0,0,0,5,1.438850419
206902.86,0.535615604,0.5,6621,37,0.1902,33.25,34.4375,37.29,0,0,0,0,0,20,0.5,0.104,5.5,50,200,0.1,0.1,0.1,0.1,0.1,0.1,0.5,0,14001,0.061709878,0.019712878,0,0,0,0,0,0,0,0,0,0,5,1.343693969
206962.91,0.55070282,0.5,6621,37,0.1554,33.25,34.4375,37.05,0,0,0,0,0,20,0.5,0.104,5.5,50,200,0.1,0.1,0.1,0.1,0.1,0.1,0.5,0,14180,0.061142454,0.019605078,0,0,0,0,0,0,0,0,0,0,5,1.359844983
207022.97,0.563554247,0.5,6621,37,0.2236,33.1875,34.375,37.01,0,0.02,0.15,0,0,20,0.5,0.104,5.5,50,200,0.1,0.1,0.1,0.1,0.1,0.1,0.5,0,14200,0.061619718,0.019788732,0,0,0,0,0,0,0,0,0,0,0.44,1.359844983
207083.04,0.483370215,0.5,6621,37,0.57665,33,34.375,35.89,0,0.018267456,0.143069823,0,0,20,0.5,0.104,5.5,50,200,0.1,0.1,0.1,0.1,0.1,0.1,0.5,0,13562,0.061052942,0.019761097,0,0,0,0,0,0,0,0,0,0,0.44,1.359844983
207143.11,0.451664414,0.5,6621,37,0.705360651,32.875,34.375,35.51,0,0,0.07,0,0,20,0.5,0.104,5.5,50,200,0.1,0.1,0.1,0.1,0.1,0.1,0.5,0,12071,0.062877972,0.020296579,0,0,0,0,0,0,0,0,0,0,5,1.359844983
207203.16,0.449222839,0.5,6621,37,0.336,33.125,34.375,36.87,0,0,0.25,0,0,20,0.5,0.104,5.5,50,200,0.1,0.1,0.1,0.1,0.1,0.1,0.5,0,12460,0.061797753,0.019983949,0,0,0,0,0,0,0,0,0,0,5,1.359844983
207263.23,0.453666412,0.5,6621,37,0.2191,33.375,34.4375,37.27,0,0,0.07,0,0,20,0.5,0.104,5.5,50,200,0.1,0.1,0.1,0.1,0.1,0.1,0.5,0,12974,0.060582704,0.019654694,0,0,0,0,0,0,0,0,0,0,5,1.359844983
207323.27,0.459008423,0.5,6621,37,0.2098,33.5,34.4375,37.49,0,0,0.07,0,0,20,0.5,0.104,5.5,50,200,0.1,0.1,0.1,0.1,0.1,0.1,0.5,0,12901,0.061235563,0.019688396,0,0,0,0,0,0,0,0,0,0,5,1.359844983
207383.34,0.474551141,0.5,6621,37,0.1357,33.4375,34.4375,37.51,0,0,0.07,0,0,20,0.5,0.104,5.5,50,200,0.1,0.1,0.1,0.1,0.1,0.1,0.5,0,12944,0.061881953,0.020086527,0,0,0,0,0,0,0,0,0,0,5,1.359844983
207443.38,0.494767296,0.5,6621,37,0.169,33.5,34.4375,37.45,0,0,0.07,0,0,20,0.5,0.104,5.5,50,200,0.1,0.1,0.1,0.1,0.1,0.1,0.5,0,13185,0.061812666,0.019871066,0,0,0,0,0,0,0,0,0,0,5,1.359844983
207503.44,0.507984486,0.5,6621,37,0.1597,33.4375,34.375,37.27,0,0,0.25,0,0,20,0.5,0.104,5.5,50,200,0.1,0.1,0.1,0.1,0.1,0.1,0.5,0,13794,0.059808612,0.019718718,0,0,0,0,0,0,0,0,0,0,5,1.370942825
207563.48,0.51740936,0.5,6621,37,0.1504,33.4375,34.4375,37.35,0,0,0.07,0,0,20,0.5,0.104,5.5,50,200,0.1,0.1,0.1,0.1,0.1,0.1,0.5,0,13537,0.061535052,0.020093078,0,0,0,0,0,0,0,0,0,0,5,1.357546041
207623.55,0.510412342,0.5,6621,37,0.1811,33.375,34.375,37.21,0,0,0.07,0,0,20,0.5,0.104,5.5,50,200,0.1,0.1,0.1,0.1,0.1,0.1,0.5,0,13501,0.062587956,0.01992445,0,0,0,0,0,0,0,0,0,0,5,1.248822399
207683.6,0.529072037,0.5,6621,37,0.1598,33.3125,34.4375,37.13,0,0,0.07,0,0,20,0.5,0.104,5.5,50,200,0.1,0.1,0.1,0.1,0.1,0.1,0.5,0,13395,0.063456514,0.02023143,0,0,0,0,0,0,0,0,0,0,5,1.294098336
207743.67,0.541378214,0.5,6621,37,0.1838,33.25,34.4375,37.11,0,0,0,0,0,20,0.5,0.104,5.5,50,200,0.1,0.1,0.1,0.1,0.1,0.1,0.5,0,14496,0.060430464,0.019798565,0,0,0,0,0,0,0,0,0,0,5,1.298374032
207803.74,0.55126204,0.5,6621,37,0.1905,33.3125,34.5,37.05,0,0.02,0.25,0,0,20,0.5,0.104,5.5,50,200,0.1,0.1,0.1,0.1,0.1,0.1,0.5,0,13938,0.062706271,0.020017219,0,0,0,0,0,0,0,0,0,0,0.44,1.298374032
207863.81,0.479396616,0.5,6621,37,0.6117,33.0625,34.5,35.85,0,0.016516631,0.136066522,0,0,20,0.5,0.104,5.5,50,200,0.1,0.1,0.1,0.1,0.1,0.1,0.5,0,13106,0.062185259,0.020219747,0,0,0,0,0,0,0,0,0,0,0.44,1.298374032
207923.84,0.428761041,0.5,6621,37,0.590401944,32.9375,34.4375,35.75,0,0,0.07,0,0,20,0.5,0.104,5.5,50,200,0.1,0.1,0.1,0.1,0.1,0.1,0.5,0,11963,0.062944078,0.020563404,0,0,0,0,0,0,0,0,0,0,5,1.298374032
207983.9,0.44587916,0.5,6621,37,0.3669,33.1875,34.5,36.81,0,0,0.07,0,0,20,0.5,0.104,5.5,50,200,0.1,0.1,0.1,0.1,0.1,0.1,0.5,0,12691,0.061145694,0.019777795,0,0,0,0,0,0,0,0,0,0,5,1.298374032
208043.96,0.444048086,0.5,6621,37,0.185,33.4375,34.5,37.33,0,0,0.07,0,0,20,0.5,0.104,5.5,50,200,0.1,0.1,0.1,0.1,0.1,0.1,0.5,0,12853,0.060764024,0.019839726,0,0,0,0,0,0,0,0,0,0,5,1.298374032
208104.04,0.476737954,0.5,6621,37,0.1957,33.5625,34.5625,37.53,0,0,0.25,0,0,20,0.5,0.104,5.5,50,200,0.1,0.1,0.1,0.1,0.1,0.1,0.5,0,13347,0.060013486,0.019779726,0,0,0,0,0,0,0,0,0,0,5,1.298374032
208164.09,0.465933449,0.5,6621,37,0.1327,33.5625,34.5,37.45,0,0,0.07,0,0,20,0.5,0.104,5.5,50,200,0.1,0.1,0.1,0.1,0.1,0.1,0.5,0,12679,0.062386624,0.019954255,0,0,0,0,0,0,0,0,0,0,5,1.298374032
208224.15,0.494568478,0.5,6621,37,0.1795,33.5,34.5625,37.35,0,0,0.07,0,0,20,0.5,0.104,5.5,50,200,0.1,0.1,0.1,0.1,0.1,0.1,0.5,0,12993,0.061725545,0.019856846,0,0,0,0,0,0,0,0,0,0,5,1.298374032
208284.2,0.506209042,0.5,6621,37,0.1593,33.5,34.5625,37.25,0,0,0.07,0,0,20,0.5,0.104,5.5,50,200,0.1,0.1,0.1,0.1,0.1,0.1,0.5,0,13096,0.06246182,0.020158827,0,0,0,0,0,0,0,0,0,0,5,1.303247602
208344.24,0.527201492,0.5,6621,37,0.183,33.5625,34.5625,37.35,0,0,0.07,0,0,20,0.5,0.104,5.5,50,200,0.1,0.1,0.1,0.1,0.1,0.1,0.5,0,13322,0.06215283,0.020267227,0,0,0,0,0,0,0,0,0,0,5,1.359984528
208404.29,0.520315507,0.5,6621,37,0.1525,33.5,34.5625,37.11,0,0,0.25,0,0,20,0.5,0.104,5.5,50,200,0.1,0.1,0.1,0.1,0.1,0.1,0.5,0,13673,0.062020039,0.020112631,0,0,0,0,0,0,0,0,0,0,5,1.252542976
208464.33,0.525147342,0.5,6621,37,0.1968,33.375,34.5,37.21,0,0,0.07,0,0,20,0.5,0.104,5.5,50,200,0.1,0.1,0.1,0.1,0.1,0.1,0.5,0,13384,0.062985655,0.02039749,0,0,0,0,0,0,0,0,0,0,5,1.21764634
208524.38,0.532022532,0.5,6621,37,0.1717,33.3125,34.5,37.17,0,0,0,0,0,20,0.5,0.104,5.5,50,200,0.1,0.1,0.1,0.1,0.1,0.1,0.5,0,13820,0.062445731,0.02040521,0,0,0,0,0,0,0,0,0,0,5,1.19578492
208584.45,0.545907722,0.5,6621,37,0.179,33.3125,34.4375,37.13,0,0,0,0,0,20,0.5,0.104,5.5,50,200,0.1,0.1,0.1,0.1,0.1,0.1,0.5,0,13668,0.064164472,0.02055897,0,0,0,0,0,0,0,0,0,0,5,1.213288015
208644.53,0.576704926,0.5,6621,37,0.1786,33.1875,34.4375,37.19,0,0.02,0.15,0,0,20,0.5,0.104,5.5,50,200,0.1,0.1,0.1,0.1,0.1,0.1,0.5,0,14770,0.061002031,0.019498984,0,0,0,0,0,0,0,0,0,0,0.44,1.213288015
208704.57,0.495395701,0.5,6621,37,0.583625,33,34.5,35.91,0,0.02,0.25,0,0,20,0.5,0.104,5.5,50,200,0.1,0.1,0.1,0.1,0.1,0.1,0.5,0,13620,0.061967695,0.020044053,0,0,0,0,0,0,0,0,0,0,0.44,1.213288015
208764.63,0.436458133,0.5,6621,37,0.6707,32.875,34.4375,35.71,0,0,0.07,0,0,20,0.5,0.104,5.5,50,200,0.1,0.1,0.1,0.1,0.1,0.1,0.5,0,12272,0.062662973,0.020290091,0,0,0,0,0,0,0,0,0,0,5,1.213288015
208824.69,0.448063432,0.5,6621,37,0.3522,33.125,34.4375,36.87,0,0,0.07,0,0,20,0.5,0.104,5.5,50,200,0.1,0.1,0.1,0.1,0.1,0.1,0.5,0,12889,0.060283963,0.019861898,0,0,0,0,0,0,0,0,0,0,5,1.213288015
208884.76,0.452566991,0.5,6621,37,0.2003,33.375,34.5,37.25,0,0,0.07,0,0,20,0.5,0.104,5.5,50,200,0.1,0.1,0.1,0.1,0.1,0.1,0.5,0,12366,0.062429241,0.020378457,0,0,0,0,0,0,0,0,0,0,5,1.213288015
208944.81,0.460309965,0.5,6621,37,0.1653,33.5,34.4375,37.41,0,0,0.07,0,0,20,0.5,0.104,5.5,50,200,0.1,0.1,0.1,0.1,0.1,0.1,0.5,0,13135,0.060220784,0.019794442,0,0,0,0,0,0,0,0,0,0,5,1.213288015
209004.87,0.464736015,0.5,6621,37,0.1624,33.5,34.4375,37.41,0,0,0.25,0,0,20,0.5,0.104,5.5,50,200,0.1,0.1,0.1,0.1,0.1,0.1,0.5,0,12769,0.062416791,0.020283499,0,0,0,0,0,0,0,0,0,0,5,1.213288015
209064.93,0.470360682,0.5,6621,37,0.151,33.4375,34.5,37.35,0,0,0.07,0,0,20,0.5,0.104,5.5,50,200,0.1,0.1,0.1,0.1,0.1,0.1,0.5,0,12914,0.06233545,0.020288059,0,0,0,0,0,0,0,0,0,0,5,1.213288015
209125,0.495578276,0.5,6621,37,0.1555,33.4375,34.4375,37.11,0,0,0.07,0,0,20,0.5,0.104,5.5,50,200,0.1,0.1,0.1,0.1,0.1,0.1,0.5,0,13710,0.06083151,0.019693654,0,0,0,0,0,0,0,0,0,0,5,1.309300136
209185.06,0.508949408,0.5,6621,37,0.1409,33.375,34.4375,37.25,0,0,0.07,0,0,20,0.5,0.104,5.5,50,200,0.1,0.1,0.1,0.1,0.1,0.1,0.5,0,13563,0.062080661,0.0199071,0,0,0,0,0,0,0,0,0,0,5,1.323705036
209245.14,0.526979831,0.5,6621,37,0.1646,33.3125,34.375,37.19,0,0,0.07,0,0,20,0.5,0.104,5.5,50,200,0.1,0.1,0.1,0.1,0.1,0.1,0.5,0,13188,0.063770094,0.020473157,0,0,0,0,0,0,0,0,0,0,5,1.361960759
209305.17,0.539702363,0.5,6621,37,0.2301,33.3125,34.4375,37.09,0,0,0.25,0,0,20,0.5,0.104,5.5,50,200,0.1,0.1,0.1,0.1,0.1,0.1,0.5,0,13889,0.061631507,0.019727842,0,0,0,0,0,0,0,0,0,0,5,1.365429316
209365.21,0.532020798,0.5,6621,37,0.2186,33.1875,34.4375,37.27,0,0,0,0,0,20,0.5,0.104,5.5,50,200,0.1,0.1,0.1,0.1,0.1,0.1,0.5,0,13874,0.062635145,0.020181635,0,0,0,0,0,0,0,0,0,0,5,1.254152177
209425.28,0.535442902,0.5,6621,37,0.1829,33.25,34.5,37.21,0,0,0,0,0,20,0.5,0.104,5.5,50,200,0.1,0.1,0.1,0.1,0.1,0.1,0.5,0,14266,0.061615029,0.019837376,0,0,0,0,0,0,0,0,0,0,5,1.210679595
209485.37,0.555427435,0.5,6621,37,0.1766,33.1875,34.5,37.09,0,0,0,0,0,20,0.5,0.104,5.5,50,200,0.1,0.1,0.1,0.1,0.1,0.1,0.5,0,14421,0.061784897,0.019832189,0,0,0,0,0,0,0,0,0,0,5,1.260076753
209545.42,0.558958017,0.5,6621,37,0.1939,33.1875,34.5,37.01,0,0.02,0.15,0,0,20,0.5,0.104,5.5,50,200,0.1,0.1,0.1,0.1,0.1,0.1,0.5,0,14488,0.062396466,0.019947543,0,0,0,0,0,0,0,0,0,0,0.44,1.260076753
209605.49,0.476367146,0.5,6621,37,0.6014,33,34.5,35.71,0,0.016888108,0.25,0,0,20,0.5,0.104,5.5,50,200,0.1,0.1,0.1,0.1,0.1,0.1,0.5,0,13224,0.063142771,0.020341803,0,0,0,0,0,0,0,0,0,0,0.44,1.260076753
209665.56,0.440684601,0.5,6621,37,0.631852958,32.875,34.5625,35.69,0,0,0.07,0,0,20,0.5,0.104,5.5,50,200,0.1,0.1,0.1,0.1,0.1,0.1,0.5,0,12307,0.063378565,0.020557406,0,0,0,0,0,0,0,0,0,0,5,1.260076753
209725.62,0.468163404,0.5,6621,37,0.3509,33.0625,34.5,36.71,0,0,0.07,0,0,20,0.5,0.104,5.5,50,200,0.1,0.1,0.1,0.1,0.1,0.1,0.5,0,12124,0.063922798,0.020702738,0,0,0,0,0,0,0,0,0,0,5,1.260076753
209785.69,0.470261642,0.5,6621,37,0.2255,33.3125,34.5,37.29,0,0,0.07,0,0,20,0.5,0.104,5.5,50,200,0.1,0.1,0.1,0.1,0.1,0.1,0.5,0,12968,0.062230105,0.020126465,0,0,0,0,0,0,0,0,0,0,5,1.260076753
209845.75,0.481869388,0.5,6621,37,0.1261,33.5,34.5,37.45,0,0,0.07,0,0,20,0.5,0.104,5.5,50,200,0.1,0.1,0.1,0.1,0.1,0.1,0.5,0,12631,0.063573747,0.020584277,0,0,0,0,0,0,0,0,0,0,5,1.260076753
209905.79,0.488213513,0.5,6621,37,0.1514,33.5,34.4375,37.37,0,0,0.25,0,0,20,0.5,0.104,5.5,50,200,0.1,0.1,0.1,0.1,0.1,0.1,0.5,0,13082,0.062452224,0.02010396,0,0,0,0,0,0,0,0,0,0,5,1.260076753
209965.84,0.498706518,0.5,6621,37,0.1777,33.5,34.4375,37.35,0,0,0.07,0,0,20,0.5,0.104,5.5,50,200,0.1,0.1,0.1,0.1,0.1,0.1,0.5,0,12947,0.063875801,0.02015911,0,0,0,0,0,0,0,0,0,0,5,1.260076753
210025.88,0.506763319,0.5,6621,37,0.1513,33.4375,34.4375,37.27,0,0,0.07,0,0,20,0.5,0.104,5.5,50,200,0.1,0.1,0.1,0.1,0.1,0.1,0.5,0,13733,0.061821889,0.020170392,0,0,0,0,0,0,0,0,0,0,5,1.245151773
210085.93,0.52310596,0.5,6621,37,0.1697,33.375,34.4375,37.21,0,0,0.07,0,0,20,0.5,0.104,5.5,50,200,0.1,0.1,0.1,0.1,0.1,0.1,0.5,0,13221,0.063535285,0.02057333,0,0,0,0,0,0,0,0,0,0,5,1.278114107
210145.97,0.525900521,0.5,6621,37,0.2255,33.3125,34.375,37.27,0,0,0.07,0,0,20,0.5,0.104,5.5,50,200,0.1,0.1,0.1,0.1,0.1,0.1,0.5,0,14068,0.061558146,0.019690077,0,0,0,0,0,0,0,0,0,0,5,1.230192485
210206.01,0.562180847,0.5,6621,37,0.2213,33.25,34.4375,37.05,0,0,0.25,0,0,20,0.5,0.104,5.5,50,200,0.1,0.1,0.1,0.1,0.1,0.1,0.5,0,14317,0.061674932,0.019976252,0,0,0,0,0,0,0,0,0,0,5,1.368817419
210266.07,0.553108976,0.5,6621,37,0.1518,33.25,34.4375,37.19,0,0.02,0.15,0,0,20,0.5,0.104,5.5,50,200,0.1,0.1,0.1,0.1,0.1,0.1,0.5,0,14282,0.061966111,0.020235261,0,0,0,0,0,0,0,0,0,0,0.44,1.368817419
210326.13,0.497786924,0.5,6621,37,0.570125,33,34.4375,36.07,0,0.019079757,0.146319029,0,0,20,0.5,0.104,5.5,50,200,0.1,0.1,0.1,0.1,0.1,0.1,0.5,0,12517,0.064791883,0.020691859,0,0,0,0,0,0,0,0,0,0,0.44,1.368817419
210386.19,0.451972024,0.5,6621,37,0.671505453,32.9375,34.4375,35.83,0,0,0.07,0,0,20,0.5,0.104,5.5,50,200,0.1,0.1,0.1,0.1,0.1,0.1,0.5,0,12581,0.061600827,0.019791749,0,0,0,0,0,0,0,0,0,0,5,1.368817419
210446.25,0.435004928,0.5,6621,37,0.3335,33.125,34.375,36.79,0,0,0.07,0,0,20,0.5,0.104,5.5,50,200,0.1,0.1,0.1,0.1,0.1,0.1,0.5,0,12825,0.061052632,0.019883041,0,0,0,0,0,0,0,0,0,0,5,1.368817419
210506.31,0.458890083,0.5,6621,37,0.2242,33.375,34.4375,37.29,0,0,0.25,0,0,20,0.5,0.104,5.5,50,200,0.1,0.1,0.1,0.1,0.1,0.1,0.5,0,13232,0.060232769,0.019498186,0,0,0,0,0,0,0,0,0,0,5,1.368817419
210566.36,0.467284959,0.5,6621,37,0.1472,33.5,34.375,37.63,0,0,0.07,0,0,20,0.5,0.104,5.5,50,200,0.1,0.1,0.1,0.1,0.1,0.1,0.5,0,13036,0.060831543,0.0201749,0,0,0,0,0,0,0,0,0,0,5,1.368817419
210626.4,0.48069096,0.5,6621,37,0.1672,33.5,34.4375,37.67,0,0,0.07,0,0,20,0.5,0.104,5.5,50,200,0.1,0.1,0.1,0.1,0.1,0.1,0.5,0,12887,0.062078063,0.020330566,0,0,0,0,0,0,0,0,0,0,5,1.368817419
210686.48,0.49198588,0.5,6621,37,0.1175,33.5,34.375,37.49,0,0,0.07,0,0,20,0.5,0.104,5.5,50,200,0.1,0.1,0.1,0.1,0.1,0.1,0.5,0,12967,0.062312023,0.020205136,0,0,0,0,0,0,0,0,0,0,5,1.368817419
210746.53,0.484968831,0.5,6621,37,0.1732,33.4375,34.5,37.19,0,0,0.07,0,0,20,0.5,0.104,5.5,50,200,0.1,0.1,0.1,0.1,0.1,0.1,0.5,0,13235,0.062183604,0.020324896,0,0,0,0,0,0,0,0,0,0,5,1.257280368
210806.61,0.521391793,0.5,6621,37,0.1521,33.4375,34.5,37.33,0,0,0.25,0,0,20,0.5,0.104,5.5,50,200,0.1,0.1,0.1,0.1,0.1,0.1,0.5,0,13071,0.063269834,0.020350394,0,0,0,0,0,0,0,0,0,0,5,1.411667761
210866.64,0.528795771,0.5,6621,37,0.207,33.375,34.5625,37.09,0,0,0.07,0,0,20,0.5,0.104,5.5,50,200,0.1,0.1,0.1,0.1,0.1,0.1,0.5,0,13715,0.062048852,0.019978126,0,0,0,0,0,0,0,0,0,0,5,1.383385966
210926.69,0.528249996,0.5,6621,37,0.1619,33.25,34.5,37.25,0,0,0.07,0,0,20,0.5,0.104,5.5,50,200,0.1,0.1,0.1,0.1,0.1,0.1,0.5,0,13194,0.063816886,0.020615431,0,0,0,0,0,0,0,0,0,0,5,1.311118738
210986.76,0.545199218,0.5,6621,37,0.1532,33.3125,34.5625,37.25,0,0,0,0,0,20,0.5,0.104,5.5,50,200,0.1,0.1,0.1,0.1,0.1,0.1,0.5,0,13479,0.063506195,0.020327918,0,0,0,0,0,0,0,0,0,0,5,1.340307653
211046.83,0.551211622,0.5,6621,37,0.2093,33.25,34.5625,37.01,0,0.02,0.15,0,0,20,0.5,0.104,5.5,50,200,0.1,0.1,0.1,0.1,0.1,0.1,0.5,0,13773,0.063239672,0.020184419,0,0,0,0,0,0,0,0,0,0,0.44,1.340307653
211106.9,0.481000521,0.5,6621,37,0.590175,33,34.5625,35.89,0,0.016722239,0.25,0,0,20,0.5,0.104,5.5,50,200,0.1,0.1,0.1,0.1,0.1,0.1,0.5,0,12530,0.063846768,0.020351157,0,0,0,0,0,0,0,0,0,0,0.44,1.340307653
211166.96,0.426499328,0.5,6621,37,0.64949311,32.9375,34.5,35.77,0,0,0.07,0,0,20,0.5,0.104,5.5,50,200,0.1,0.1,0.1,0.1,0.1,0.1,0.5,0,12412,0.061956171,0.019980664,0,0,0,0,0,0,0,0,0,0,5,1.340307653
211227.01,0.43863821,0.5,6621,37,0.3522,33.1875,34.5,36.79,0,0,0.07,0,0,20,0.5,0.104,5.5,50,200,0.1,0.1,0.1,0.1,0.1,0.1,0.5,0,12464,0.061617458,0.019736842,0,0,0,0,0,0,0,0,0,0,5,1.340307653
211287.08,0.45133979,0.5,6621,37,0.2091,33.375,34.4375,37.33,0,0,0.07,0,0,20,0.5,0.104,5.5,50,200,0.1,0.1,0.1,0.1,0.1,0.1,0.5,0,12725,0.060903733,0.019960707,0,0,0,0,0,0,0,0,0,0,5,1.340307653
211347.16,0.462357834,0.5,6621,37,0.1435,33.5,34.5,37.53,0,0,0.07,0,0,20,0.5,0.104,5.5,50,200,0.1,0.1,0.1,0.1,0.1,0.1,0.5,0,12280,0.063192182,0.020114007,0,0,0,0,0,0,0,0,0,0,5,1.340307653
211407.22,0.478991863,0.5,6621,37,0.1836,33.5625,34.5,37.33,0,0,0.25,0,0,20,0.5,0.104,5.5,50,200,0.1,0.1,0.1,0.1,0.1,0.1,0.5,0,12531,0.06336286,0.020269731,0,0,0,0,0,0,0,0,0,0,5,1.340307653
211467.28,0.488179566,0.5,6621,37,0.1492,33.5,34.4375,37.41,0,0,0.07,0,0,20,0.5,0.104,5.5,50,200,0.1,0.1,0.1,0.1,0.1,0.1,0.5,0,12965,0.062553027,0.019976861,0,0,0,0,0,0,0,0,0,0,5,1.340307653
211527.35,0.494166131,0.5,6621,37,0.1566,33.4375,34.375,37.33,0,0,0.07,0,0,20,0.5,0.104,5.5,50,200,0.1,0.1,0.1,0.1,0.1,0.1,0.5,0,13340,0.061469265,0.01994003,0,0,0,0,0,0,0,0,0,0,5,1.309857644
211587.41,0.506167591,0.5,6621,37,0.1685,33.4375,34.375,37.25,0,0,0.07,0,0,20,0.5,0.104,5.5,50,200,0.1,0.1,0.1,0.1,0.1,0.1,0.5,0,13767,0.060942834,0.019684753,0,0,0,0,0,0,0,0,0,0,5,1.316352951
211647.48,0.505901516,0.5,6621,37,0.1616,33.375,34.4375,37.25,0,0,0.07,0,0,20,0.5,0.104,5.5,50,200,0.1,0.1,0.1,0.1,0.1,0.1,0.5,0,12686,0.064795838,0.020810342,0,0,0,0,0,0,0,0,0,0,5,1.248957893
211707.52,0.52282612,0.5,6621,37,0.1718,33.3125,34.4375,37.19,0,0,0.25,0,0,20,0.5,0.104,5.5,50,200,0.1,0.1,0.1,0.1,0.1,0.1,0.5,0,14216,0.060846933,0.019907147,0,0,0,0,0,0,0,0,0,0,5,1.285230772
211767.58,0.529941273,0.5,6621,37,0.1861,33.25,34.4375,37.11,0,0,0,0,0,20,0.5,0.104,5.5,50,200,0.1,0.1,0.1,0.1,0.1,0.1,0.5,0,13375,0.064074766,0.020635514,0,0,0,0,0,0,0,0,0,0,5,1.261520991
211827.63,0.548279374,0.5,6621,37,0.1751,33.1875,34.4375,37.13,0,0,0,0,0,20,0.5,0.104,5.5,50,200,0.1,0.1,0.1,0.1,0.1,0.1,0.5,0,13932,0.062446167,0.020241171,0,0,0,0,0,0,0,0,0,0,5,1.300501248
211887.71,0.558879069,0.5,6621,37,0.2136,33.1875,34.5,36.97,0,0.02,0.15,0,0,20,0.5,0.104,5.5,50,200,0.1,0.1,0.1,0.1,0.1,0.1,0.5,0,13765,0.063349074,0.02019615,0,0,0,0,0,0,0,0,0,0,0.44,1.300501248
211947.76,0.492713791,0.5,6621,37,0.583,32.9375,34.5,35.91,0,0.01900689,0.14602756,0,0,20,0.5,0.104,5.5,50,200,0.1,0.1,0.1,0.1,0.1,0.1,0.5,0,13403,0.061777214,0.020070134,0,0,0,0,0,0,0,0,0,0,0.44,1.300501248
212007.8,0.432534403,0.5,6621,37,0.6078,32.875,34.5,35.71,0,0,0.25,0,0,20,0.5,0.104,5.5,50,200,0.1,0.1,0.1,0.1,0.1,0.1,0.5,0,11742,0.064213933,0.020439448,0,0,0,0,0,0,0,0,0,0,5,1.300501248
212067.85,0.445787614,0.5,6621,37,0.439,33.0625,34.5,36.45,0,0,0.07,0,0,20,0.5,0.104,5.5,50,200,0.1,0.1,0.1,0.1,0.1,0.1,0.5,0,13255,0.059222935,0.019690683,0,0,0,0,0,0,0,0,0,0,5,1.300501248
212127.9,0.450566019,0.5,6621,37,0.2666,33.3125,34.5625,37.13,0,0,0.07,0,0,20,0.5,0.104,5.5,50,200,0.1,0.1,0.1,0.1,0.1,0.1,0.5,0,12214,0.062960537,0.020468315,0,0,0,0,0,0,0,0,0,0,5,1.300501248
212187.94,0.465114056,0.5,6621,37,0.1613,33.5,34.5625,37.49,0,0,0.07,0,0,20,0.5,0.104,5.5,50,200,0.1,0.1,0.1,0.1,0.1,0.1,0.5,0,13235,0.059539101,0.019644881,0,0,0,0,0,0,0,0,0,0,5,1.300501248
212247.98,0.475613157,0.5,6621,37,0.1313,33.5625,34.5625,37.55,0,0,0.07,0,0,20,0.5,0.104,5.5,50,200,0.1,0.1,0.1,0.1,0.1,0.1,0.5,0,12749,0.062122519,0.020080006,0,0,0,0,0,0,0,0,0,0,5,1.300501248
212308.01,0.486820018,0.5,6621,37,0.1699,33.625,34.5625,37.35,0,0,0.25,0,0,20,0.5,0.104,5.5,50,200,0.1,0.1,0.1,0.1,0.1,0.1,0.5,0,12441,0.064223133,0.020416365,0,0,0,0,0,0,0,0,0,0,5,1.300501248
212368.07,0.502368437,0.5,6621,37,0.1314,33.5,34.5625,37.45,0,0,0.07,0,0,20,0.5,0.104,5.5,50,200,0.1,0.1,0.1,0.1,0.1,0.1,0.5,0,13209,0.062154592,0.020213491,0,0,0,0,0,0,0,0,0,0,5,1.329794106
212428.14,0.515433553,0.5,6621,37,0.1833,33.5,34.5625,37.21,0,0,0.07,0,0,20,0.5,0.104,5.5,50,200,0.1,0.1,0.1,0.1,0.1,0.1,0.5,0,12782,0.063839775,0.02057581,0,0,0,0,0,0,0,0,0,0,5,1.340328224
212488.19,0.520624852,0.5,6621,37,0.1546,33.375,34.5,37.29,0,0,0.07,0,0,20,0.5,0.104,5.5,50,200,0.1,0.1,0.1,0.1,0.1,0.1,0.5,0,13421,0.062812011,0.020341256,0,0,0,0,0,0,0,0,0,0,5,1.30337581
212548.26,0.528682208,0.5,6621,37,0.198,33.375,34.5,37.09,0,0,0.07,0,0,20,0.5,0.104,5.5,50,200,0.1,0.1,0.1,0.1,0.1,0.1,0.5,0,13515,0.06281909,0.020125786,0,0,0,0,0,0,0,0,0,0,5,1.284280366
212608.31,0.547078404,0.5,6621,37,0.195,33.3125,34.5,37.09,0,0,0,0,0,20,0.5,0.104,5.5,50,200,0.1,0.1,0.1,0.1,0.1,0.1,0.5,0,14259,0.06122449,0.019636721,0,0,0,0,0,0,0,0,0,0,5,1.322680198
212668.35,0.550512156,0.5,6621,37,0.2776,33.3125,34.5,37.29,0,0.02,0.15,0,0,20,0.5,0.104,5.5,50,200,0.1,0.1,0.1,0.1,0.1,0.1,0.5,0,14233,0.061687627,0.019742851,0,0,0,0,0,0,0,0,0,0,0.44,1.322680198
212728.39,0.49415443,0.5,6621,37,0.534282342,33.125,34.4375,36.13,0,0.018359195,0.143436778,0,0,20,0.5,0.104,5.5,50,200,0.1,0.1,0.1,0.1,0.1,0.1,0.5,0,13041,0.063415382,0.020090484,0,0,0,0,0,0,0,0,0,0,0.44,1.322680198
212788.44,0.441058828,0.5,6621,37,0.6298,32.9375,34.4375,35.61,0,0,0.07,0,0,20,0.5,0.104,5.5,50,200,0.1,0.1,0.1,0.1,0.1,0.1,0.5,0,12124,0.063510393,0.020537776,0,0,0,0,0,0,0,0,0,0,5,1.322680198
212848.48,0.434251591,0.5,6621,37,0.3394,33.125,34.5,36.81,0,0,0.07,0,0,20,0.5,0.104,5.5,50,200,0.1,0.1,0.1,0.1,0.1,0.1,0.5,0,11943,0.064054258,0.020849033,0,0,0,0,0,0,0,0,0,0,5,1.322680198
212908.52,0.450511828,0.5,6621,37,0.2396,33.375,34.4375,37.19,0,0,0.25,0,0,20,0.5,0.104,5.5,50,200,0.1,0.1,0.1,0.1,0.1,0.1,0.5,0,12530,0.062410215,0.020351157,0,0,0,0,0,0,0,0,0,0,5,1.322680198
212968.55,0.465592543,0.5,6621,37,0.1717,33.5,34.4375,37.41,0,0,0.07,0,0,20,0.5,0.104,5.5,50,200,0.1,0.1,0.1,0.1,0.1,0.1,0.5,0,12395,0.063493344,0.020572812,0,0,0,0,0,0,0,0,0,0,5,1.322680198
213028.59,0.481503403,0.5,6621,37,0.1938,33.5,34.5,37.27,0,0,0.07,0,0,20,0.5,0.104,5.5,50,200,0.1,0.1,0.1,0.1,0.1,0.1,0.5,0,13508,0.060408647,0.019840095,0,0,0,0,0,0,0,0,0,0,5,1.322680198
213088.63,0.497395271,0.5,6621,37,0.178,33.5,34.5,37.29,0,0,0.07,0,0,20,0.5,0.104,5.5,50,200,0.1,0.1,0.1,0.1,0.1,0.1,0.5,0,13361,0.061672031,0.019983534,0,0,0,0,0,0,0,0,0,0,5,1.322680198
213148.7,0.501947772,0.5,6621,37,0.1516,33.5,34.4375,37.35,0,0,0.07,0,0,20,0.5,0.104,5.5,50,200,0.1,0.1,0.1,0.1,0.1,0.1,0.5,0,13194,0.063134758,0.020388055,0,0,0,0,0,0,0,0,0,0,5,1.283879343
213208.77,0.51257268,0.5,6621,37,0.1867,33.4375,34.4375,37.17,0,0,0.25,0,0,20,0.5,0.104,5.5,50,200,0.1,0.1,0.1,0.1,0.1,0.1,0.5,0,13311,0.06333108,0.020509353,0,0,0,0,0,0,0,0,0,0,5,1.282524699
213268.83,0.538093847,0.5,6621,37,0.1748,33.375,34.5,37.19,0,0,0.07,0,0,20,0.5,0.104,5.5,50,200,0.1,0.1,0.1,0.1,0.1,0.1,0.5,0,13636,0.062334996,0.020313875,0,0,0,0,0,0,0,0,0,0,5,1.364169861
213328.89,0.528284929,0.5,6621,37,0.1279,33.375,34.5625,37.35,0,0,0.07,0,0,20,0.5,0.104,5.5,50,200,0.1,0.1,0.1,0.1,0.1,0.1,0.5,0,14039,0.062397607,0.020300591,0,0,0,0,0,0,0,0,0,0,5,1.240769753
213388.96,0.54558042,0.5,6621,37,0.1793,33.3125,34.625,37.13,0,0,0,0,0,20,0.5,0.104,5.5,50,200,0.1,0.1,0.1,0.1,0.1,0.1,0.5,0,14056,0.062749004,0.020133751,0,0,0,0,0,0,0,0,0,0,5,1.275374588
213449.01,0.55394821,0.5,6621,37,0.323675,33.3125,34.5625,37.05,0,0.02,0.15,0,0,20,0.5,0.104,5.5,50,200,0.1,0.1,0.1,0.1,0.1,0.1,0.5,0,14032,0.063212657,0.02045325,0,0,0,0,0,0,0,0,0,0,0.44,1.275374588
213509.07,0.501773182,0.5,6621,37,0.571512489,33.125,34.5625,35.97,0,0.019669624,0.25,0,0,20,0.5,0.104,5.5,50,200,0.1,0.1,0.1,0.1,0.1,0.1,0.5,0,12168,0.066896778,0.021285339,0,0,0,0,0,0,0,0,0,0,0.44,1.275374588
213569.11,0.428110648,0.5,6621,37,0.5837,33,34.5625,35.81,0,0,0.07,0,0,20,0.5,0.104,5.5,50,200,0.1,0.1,0.1,0.1,0.1,0.1,0.5,0,12307,0.063053547,0.020476152,0,0,0,0,0,0,0,0,0,0,0.44,1.275374588
213629.16,0.453055571,0.5,6621,37,0.3563,33.1875,34.5625,36.77,0,0,0.07,0,0,20,0.5,0.104,5.5,50,200,0.1,0.1,0.1,0.1,0.1,0.1,0.5,0,12224,0.06315445,0.020369764,0,0,0,0,0,0,0,0,0,0,5,1.275374588
213689.2,0.453906853,0.5,6621,37,0.1652,33.4375,34.5625,37.49,0,0,0.07,0,0,20,0.5,0.104,5.5,50,200,0.1,0.1,0.1,0.1,0.1,0.1,0.5,0,12525,0.062994012,0.020439122,0,0,0,0,0,0,0,0,0,0,5,1.275374588
213749.25,0.456838973,0.5,6621,37,0.122,33.625,34.5,37.61,0,0,0.07,0,0,20,0.5,0.104,5.5,50,200,0.1,0.1,0.1,0.1,0.1,0.1,0.5,0,12778,0.062216309,0.020347472,0,0,0,0,0,0,0,0,0,0,5,1.275374588
213809.29,0.48501561,0.5,6621,37,0.1541,33.625,34.5,37.43,0,0,0.25,0,0,20,0.5,0.104,5.5,50,200,0.1,0.1,0.1,0.1,0.1,0.1,0.5,0,13301,0.061499135,0.019923314,0,0,0,0,0,0,0,0,0,0,5,1.275374588
213869.35,0.491804722,0.5,6621,37,0.1583,33.5625,34.5,37.37,0,0,0.07,0,0,20,0.5,0.104,5.5,50,200,0.1,0.1,0.1,0.1,0.1,0.1,0.5,0,12363,0.064628326,0.020787835,0,0,0,0,0,0,0,0,0,0,5,1.275374588
213929.4,0.478221096,0.5,6621,37,0.179,33.5,34.4375,37.25,0,0,0.07,0,0,20,0.5,0.104,5.5,50,200,0.1,0.1,0.1,0.1,0.1,0.1,0.5,0,13304,0.062462417,0.019993987,0,0,0,0,0,0,0,0,0,0,5,1.275374588
213989.47,0.495914383,0.5,6621,37,0.2121,33.5,34.5,37.09,0,0,0.07,0,0,20,0.5,0.104,5.5,50,200,0.1,0.1,0.1,0.1,0.1,0.1,0.5,0,13224,0.063369631,0.020266183,0,0,0,0,0,0,0,0,0,0,5,1.320596241
214049.54,0.509371825,0.5,6621,37,0.1864,33.4375,34.5,37.17,0,0,0.07,0,0,20,0.5,0.104,5.5,50,200,0.1,0.1,0.1,0.1,0.1,0.1,0.5,0,12921,0.064623481,0.020741429,0,0,0,0,0,0,0,0,0,0,5,1.334891291
214109.61,0.529211145,0.5,6621,37,0.1721,33.4375,34.5,37.19,0,0,0.25,0,0,20,0.5,0.104,5.5,50,200,0.1,0.1,0.1,0.1,0.1,0.1,0.5,0,13288,0.064343769,0.020695364,0,0,0,0,0,0,0,0,0,0,5,1.382774451
214169.67,0.548046369,0.5,6621,37,0.1184,33.3125,34.5,37.37,0,0,0,0,0,20,0.5,0.104,5.5,50,200,0.1,0.1,0.1,0.1,0.1,0.1,0.5,0,13884,0.063094209,0.020383175,0,0,0,0,0,0,0,0,0,0,5,1.418552948
214229.74,0.530100383,0.5,6621,37,0.1606,33.3125,34.5625,37.17,0,0,0,0,0,20,0.5,0.104,5.5,50,200,0.1,0.1,0.1,0.1,0.1,0.1,0.5,0,13973,0.063193301,0.020396479,0,0,0,0,0,0,0,0,0,0,5,1.247744772
214289.83,0.567691362,0.5,6621,37,0.2012,33.3125,34.625,37.01,0,0,0,0,0,20,0.5,0.104,5.5,50,200,0.1,0.1,0.1,0.1,0.1,0.1,0.5,0,13492,0.065223836,0.020753039,0,0,0,0,0,0,0,0,0,0,5,1.390892049
214349.87,0.556460931,0.5,6621,37,0.30975,33.3125,34.625,37.05,0,0.02,0.15,0,0,20,0.5,0.104,5.5,50,200,0.1,0.1,0.1,0.1,0.1,0.1,0.5,0,14654,0.062303808,0.020131022,0,0,0,0,0,0,0,0,0,0,0.44,1.390892049
214409.93,0.520673154,0.5,6621,37,0.48485,33.125,34.625,36.29,0,0.02,0.25,0,0,20,0.5,0.104,5.5,50,200,0.1,0.1,0.1,0.1,0.1,0.1,0.5,0,13118,0.065101387,0.020582406,0,0,0,0,0,0,0,0,0,0,0.44,1.390892049
214469.98,0.475677492,0.5,6621,37,0.60325,33,34.625,35.89,0,0.02,0.15,0,0,20,0.5,0.104,5.5,50,200,0.1,0.1,0.1,0.1,0.1,0.1,0.5,0,12767,0.06289653,0.02020835,0,0,0,0,0,0,0,0,0,0,0.44,1.390892049
214530.02,0.409276741,0.5,6621,37,0.6565,33,34.625,35.61,0,0,0.07,0,0,20,0.5,0.104,5.5,50,200,0.1,0.1,0.1,0.1,0.1,0.1,0.5,0,11605,0.064024128,0.020680741,0,0,0,0,0,0,0,0,0,0,5,1.390892049
214590.07,0.418960375,0.5,6621,37,0.3428,33.3125,34.625,36.89,0,0,0.07,0,0,20,0.5,0.104,5.5,50,200,0.1,0.1,0.1,0.1,0.1,0.1,0.5,0,11215,0.065448061,0.020864913,0,0,0,0,0,0,0,0,0,0,5,1.390892049
214650.11,0.429478129,0.5,6621,37,0.2341,33.5625,34.5625,37.29,0,0,0.07,0,0,20,0.5,0.104,5.5,50,200,0.1,0.1,0.1,0.1,0.1,0.1,0.5,0,11841,0.062916983,0.020184106,0,0,0,0,0,0,0,0,0,0,5,1.390892049
214710.15,0.441063607,0.5,6621,37,0.1608,33.6875,34.5,37.51,0,0,0.25,0,0,20,0.5,0.104,5.5,50,200,0.1,0.1,0.1,0.1,0.1,0.1,0.5,0,12156,0.062356038,0.020483712,0,0,0,0,0,0,0,0,0,0,5,1.390892049
214770.2,0.453427211,0.5,6621,37,0.1466,33.6875,34.5,37.49,0,0,0.07,0,0,20,0.5,0.104,5.5,50,200,0.1,0.1,0.1,0.1,0.1,0.1,0.5,0,12353,0.062252085,0.020399903,0,0,0,0,0,0,0,0,0,0,5,1.390892049
214830.24,0.465111764,0.5,6621,37,0.1437,33.6875,34.5,37.45,0,0,0.07,0,0,20,0.5,0.104,5.5,50,200,0.1,0.1,0.1,0.1,0.1,0.1,0.5,0,12687,0.062189643,0.020020493,0,0,0,0,0,0,0,0,0,0,5,1.390892049
214890.29,0.473931217,0.5,6621,37,0.1493,33.5625,34.5,37.37,0,0,0.07,0,0,20,0.5,0.104,5.5,50,200,0.1,0.1,0.1,0.1,0.1,0.1,0.5,0,12594,0.06264888,0.020406543,0,0,0,0,0,0,0,0,0,0,5,1.377700854
214950.32,0.481470165,0.5,6621,37,0.1939,33.5625,34.5,37.17,0,0,0.07,0,0,20,0.5,0.104,5.5,50,200,0.1,0.1,0.1,0.1,0.1,0.1,0.5,0,12105,0.064931846,0.020983065,0,0,0,0,0,0,0,0,0,0,5,1.356162012
215010.4,0.496390981,0.5,6621,37,0.2179,33.5,34.5,37.05,0,0,0.25,0,0,20,0.5,0.104,5.5,50,200,0.1,0.1,0.1,0.1,0.1,0.1,0.5,0,12371,0.064829036,0.020774392,0,0,0,0,0,0,0,0,0,0,5,1.379912766
215070.46,0.498689687,0.5,6621,37,0.1828,33.5,34.625,37.17,0,0,0.07,0,0,20,0.5,0.104,5.5,50,200,0.1,0.1,0.1,0.1,0.1,0.1,0.5,0,13299,0.062109933,0.020151891,0,0,0,0,0,0,0,0,0,0,5,1.324777571
215130.54,0.513668182,0.5,6621,37,0.14845,33.4375,34.5625,37.33,0,0,0,0,0,20,0.5,0.104,5.5,50,200,0.1,0.1,0.1,0.1,0.1,0.1,0.5,0,14073,0.06025723,0.019754139,0,0,0,0,0,0,0,0,0,0,5,1.347319087
215190.61,0.51369446,0.5,6621,37,0.15155,33.375,34.6875,37.09,0,0,0,0,0,20,0.5,0.104,5.5,50,200,0.1,0.1,0.1,0.1,0.1,0.1,0.5,0,13393,0.06309266,0.020309117,0,0,0,0,0,0,0,0,0,0,5,1.280106598
215250.7,0.529020542,0.5,6621,37,0.20705,33.375,34.625,37.03,0,0,0,0,0,20,0.5,0.104,5.5,50,200,0.1,0.1,0.1,0.1,0.1,0.1,0.5,0,13811,0.062341612,0.019911665,0,0,0,0,0,0,0,0,0,0,5,1.3042971
215310.74,0.54658625,0.5,6621,37,0.15845,33.375,34.75,37.05,0,0,0,0,0,20,0.5,0.104,5.5,50,200,0.1,0.1,0.1,0.1,0.1,0.1,0.5,0,13632,0.063453638,0.020319836,0,0,0,0,0,0,0,0,0,0,5,1.337076811
215370.79,0.552511791,0.5,6621,37,0.312525,33.375,34.6875,37.01,0,0.02,0.15,0,0,20,0.5,0.104,5.5,50,200,0.1,0.1,0.1,0.1,0.1,0.1,0.5,0,14235,0.061819459,0.019950825,0,0,0,0,0,0,0,0,0,0,0.44,1.337076811
215430.83,0.463395914,0.5,6621,37,0.68118977,33.1875,34.625,35.35,0,0.014504701,0.128018804,0,0,20,0.5,0.104,5.5,50,200,0.1,0.1,0.1,0.1,0.1,0.1,0.5,0,12687,0.06376606,0.020335777,0,0,0,0,0,0,0,0,0,0,0.44,1.337076811
215490.87,0.445320342,0.5,6621,37,0.5423,33.0625,34.625,35.93,0,0,0.07,0,0,20,0.5,0.104,5.5,50,200,0.1,0.1,0.1,0.1,0.1,0.1,0.5,0,12253,0.063494654,0.020566392,0,0,0,0,0,0,0,0,0,0,5,1.337076811
215550.91,0.465188023,0.5,6621,37,0.3286,33.3125,34.625,36.81,0,0,0.07,0,0,20,0.5,0.104,5.5,50,200,0.1,0.1,0.1,0.1,0.1,0.1,0.5,0,12392,0.063750807,0.0203357,0,0,0,0,0,0,0,0,0,0,5,1.337076811
215610.99,0.467128454,0.5,6621,37,0.2235,33.5,34.5625,37.21,0,0,0.25,0,0,20,0.5,0.104,5.5,50,200,0.1,0.1,0.1,0.1,0.1,0.1,0.5,0,12550,0.062868526,0.020398406,0,0,0,0,0,0,0,0,0,0,5,1.337076811
215671.02,0.464727288,0.5,6621,37,0.1971,33.625,34.625,37.27,0,0,0.07,0,0,20,0.5,0.104,5.5,50,200,0.1,0.1,0.1,0.1,0.1,0.1,0.5,0,12945,0.062031672,0.020162225,0,0,0,0,0,0,0,0,0,0,5,1.337076811
215731.07,0.485373187,0.5,6621,37,0.1952,33.625,34.5625,37.25,0,0,0.07,0,0,20,0.5,0.104,5.5,50,200,0.1,0.1,0.1,0.1,0.1,0.1,0.5,0,12781,0.063531805,0.020420937,0,0,0,0,0,0,0,0,0,0,5,1.337076811
215791.11,0.506966616,0.5,6621,37,0.1308,33.625,34.625,37.45,0,0,0.07,0,0,20,0.5,0.104,5.5,50,200,0.1,0.1,0.1,0.1,0.1,0.1,0.5,0,13730,0.061325564,0.020029133,0,0,0,0,0,0,0,0,0,0,5,1.337076811
215851.18,0.514238645,0.5,6621,37,0.1441,33.625,34.5625,37.35,0,0,0.07,0,0,20,0.5,0.104,5.5,50,200,0.1,0.1,0.1,0.1,0.1,0.1,0.5,0,13948,0.061012332,0.019644393,0,0,0,0,0,0,0,0,0,0,5,1.312949844
215911.25,0.525694988,0.5,6621,37,0.176,33.5625,34.625,37.19,0,0,0.25,0,0,20,0.5,0.104,5.5,50,200,0.1,0.1,0.1,0.1,0.1,0.1,0.5,0,13527,0.063132993,0.020181859,0,0,0,0,0,0,0,0,0,0,5,1.313403531