exp_time,od_measured,od_setpoint,od_zero_setpoint,thermostat_setpoint,heating_rate,internal_air_temp,external_air_temp,media_temp,opt_gen_act_int,pump_1_rate,pump_2_rate,pump_3_rate,pump_4_rate,media_vol,stirring_rate,LED_395nm_setpoint,Van,OC6,IPTG,LED_457nm_setpoint,LED_500nm_setpoint,LED_523nm_setpoint,LED_595nm_setpoint,LED_623nm_setpoint,LED_6500K_setpoint,laser_setpoint,LED_UV_int,FP1_base,FP1_emit1,FP1_emit2,FP2_base,FP2_emit1,FP2_emit2,FP3_base,FP3_emit1,FP3_emit2,custom_prog_param1,custom_prog_param2,custom_prog_param3,custom_prog_status,zigzag_target,growth_rate
0.19,0.000870843,0.5,6404,37,0.18245,30.8125,34.1875,36.65,0,0,0.25,0,0,20,0.5,0.1,0,0,0,0.1,0.1,0.1,0.1,0.1,0.1,0.5,0,11737,0.031779842,0.014058107,0,0,0,0,0,0,0,0,0,0,5,2
60.25,-0.000527894,0.5,6404,37,0.1347,30.8125,34.1875,36.49,0,0,0.07,0,0,20,0.5,0.1,0,0,0,0.1,0.1,0.1,0.1,0.1,0.1,0.5,0,11668,0.031710662,0.013712719,0,0,0,0,0,0,0,0,0,0,5,2
120.33,0.000248759,0.5,6404,37,0.1793,30.9375,34.25,36.69,0,0,0.07,0,0,20,0.5,0.1,0,0,0,0.1,0.1,0.1,0.1,0.1,0.1,0.5,0,11607,0.031877315,0.01387094,0,0,0,0,0,0,0,0,0,0,5,2
180.42,-0.000806885,0.5,6404,37,0.1868,31.1875,34.3125,36.81,0,0,0.07,0,0,20,0.5,0.1,0,0,0,0.1,0.1,0.1,0.1,0.1,0.1,0.5,0,11605,0.031968979,0.013528651,0,0,0,0,0,0,0,0,0,0,5,2
240.53,-9.26E-05,0.5,6404,37,0.1707,31.25,34.3125,36.65,0,0,0.07,0,0,20,0.5,0.1,0,0,0,0.1,0.1,0.1,0.1,0.1,0.1,0.5,0,11533,0.031995144,0.013526402,0,0,0,0,0,0,0,0,0,0,5,2
300.61,-0.001237767,0.5,6404,37,0.1175,31.3125,34.375,36.65,0,0,0.25,0,0,20,0.5,0.1,0,0,0,0.1,0.1,0.1,0.1,0.1,0.1,0.5,0,11582,0.031687101,0.013555517,0,0,0,0,0,0,0,0,0,0,5,2
360.69,-0.001705034,0.5,6404,37,0.1747,31.375,34.4375,36.61,0,0,0.07,0,0,20,0.5,0.1,0,0,0,0.1,0.1,0.1,0.1,0.1,0.1,0.5,0,11563,0.031912134,0.013577791,0,0,0,0,0,0,0,0,0,0,5,2
420.77,-0.003378732,0.5,6404,37,0.1639,31.4375,34.4375,36.89,0,0,0.07,0,0,20,0.5,0.1,0,0,0,0.1,0.1,0.1,0.1,0.1,0.1,0.5,0,11688,0.031741958,0.013945927,0,0,0,0,0,0,0,0,0,0,5,2
480.85,-0.004367902,0.5,6404,37,0.1413,31.625,34.4375,36.95,0,0,0.07,0,0,20,0.5,0.1,0,0,0,0.1,0.1,0.1,0.1,0.1,0.1,0.5,0,11595,0.031824062,0.013885295,0,0,0,0,0,0,0,0,0,0,5,2
540.93,-0.004859726,0.5,6404,37,0.1487,31.625,34.5,36.73,0,0,0.07,0,0,20,0.5,0.1,0,0,0,0.1,0.1,0.1,0.1,0.1,0.1,0.5,0,11601,0.031635204,0.013447117,0,0,0,0,0,0,0,0,0,0,5,2
601.01,-0.003193377,0.5,6404,37,0.109,31.5,34.4375,36.93,0,0,0.25,0,0,20,0.5,0.1,0,0,0,0.1,0.1,0.1,0.1,0.1,0.1,0.5,0,11537,0.031637341,0.013521713,0,0,0,0,0,0,0,0,0,0,5,2
661.07,-0.004152261,0.5,6404,37,0.1549,31.5,34.4375,36.97,0,0,0.07,0,0,20,0.5,0.1,0,0,0,0.1,0.1,0.1,0.1,0.1,0.1,0.5,0,11664,0.031721536,0.013888889,0,0,0,0,0,0,0,0,0,0,5,2
721.15,-0.008003479,0.5,6404,37,0.1343,31.5625,34.4375,36.81,0,0,0.07,0,0,20,0.5,0.1,0,0,0,0.1,0.1,0.1,0.1,0.1,0.1,0.5,0,11593,0.031484517,0.013456396,0,0,0,0,0,0,0,0,0,0,5,2
781.26,-0.006218789,0.5,6404,37,0.1305,31.5625,34.4375,36.69,0,0,0.07,0,0,20,0.5,0.1,0,0,0,0.1,0.1,0.1,0.1,0.1,0.1,0.5,0,11597,0.031646115,0.013451755,0,0,0,0,0,0,0,0,0,0,5,2
841.34,-0.006588413,0.5,6404,37,0.1935,31.625,34.4375,36.77,0,0,0.07,0,0,20,0.5,0.1,0,0,0,0.1,0.1,0.1,0.1,0.1,0.1,0.5,0,11518,0.031515888,0.013457197,0,0,0,0,0,0,0,0,0,0,5,2
901.42,-0.003255449,0.5,6404,37,0.0982,31.625,34.5,36.97,0,0,0,0,0,20,0.5,0.1,0,0,0,0.1,0.1,0.1,0.1,0.1,0.1,0.5,0,11493,0.031932481,0.014008527,0,0,0,0,0,0,0,0,0,0,5,2
961.48,-0.007142598,0.5,6404,37,0.1473,31.625,34.5,36.93,0,0,0,0,0,20,0.5,0.1,0,0,0,0.1,0.1,0.1,0.1,0.1,0.1,0.5,0,11525,0.03175705,0.013709328,0,0,0,0,0,0,0,0,0,0,5,2
1021.52,-0.005293085,0.5,6404,37,0.2018,31.6875,34.5,36.95,0,0,0,0,0,20,0.5,0.1,0,0,0,0.1,0.1,0.1,0.1,0.1,0.1,0.5,0,11540,0.031889081,0.013518198,0,0,0,0,0,0,0,0,0,0,5,2
1081.6,-0.005725051,0.5,6404,37,0.1333,31.75,34.5625,36.97,0,0,0,0,0,20,0.5,0.1,0,0,0,0.1,0.1,0.1,0.1,0.1,0.1,0.5,0,11545,0.032135123,0.013772196,0,0,0,0,0,0,0,0,0,0,5,2
1141.65,-0.007788389,0.5,6404,37,0.107,31.75,34.5,37.01,0,0,0,0,0,20,0.5,0.1,0,0,0,0.1,0.1,0.1,0.1,0.1,0.1,0.5,0,11691,0.031391669,0.013514669,0,0,0,0,0,0,0,0,0,0,5,2
1201.72,-0.000807319,0.5,6404,37,0.127,31.75,34.5625,36.81,0,0,0,0,0,20,0.5,0.1,0,0,0,0.1,0.1,0.1,0.1,0.1,0.1,0.5,0,11570,0.031460674,0.013656007,0,0,0,0,0,0,0,0,0,0,5,2
1261.79,-0.004522901,0.5,6404,37,0.1323,31.75,34.625,36.89,0,0,0,0,0,20,0.5,0.1,0,0,0,0.1,0.1,0.1,0.1,0.1,0.1,0.5,0,11610,0.031869078,0.013436693,0,0,0,0,0,0,0,0,0,0,5,2
1321.86,-0.00130348,0.5,6404,37,0.1058,31.75,34.5625,37.09,0,0,0,0,0,20,0.5,0.1,0,0,0,0.1,0.1,0.1,0.1,0.1,0.1,0.5,0,11568,0.031552559,0.013744813,0,0,0,0,0,0,0,0,0,0,5,2
1381.9,-0.003193228,0.5,6404,37,0.1461,31.8125,34.5,36.97,0,0,0,0,0,20,0.5,0.1,0,0,0,0.1,0.1,0.1,0.1,0.1,0.1,0.5,0,11550,0.031861472,0.013766234,0,0,0,0,0,0,0,0,0,0,5,2
1441.97,-0.000590031,0.5,6404,37,0.1111,31.8125,34.5,36.71,0,0,0,0,0,20,0.5,0.1,0,0,0,0.1,0.1,0.1,0.1,0.1,0.1,0.5,0,11535,0.031902904,0.013437365,0,0,0,0,0,0,0,0,0,0,5,2
1502.08,-0.001086819,0.5,6404,37,0.1894,31.8125,34.5,36.79,0,0,0,0,0,20,0.5,0.1,0,0,0,0.1,0.1,0.1,0.1,0.1,0.1,0.5,0,11556,0.032017999,0.013932156,0,0,0,0,0,0,0,0,0,0,5,2
1562.15,0.000497658,0.5,6404,37,0.1123,31.8125,34.5,36.87,0,0,0,0,0,20,0.5,0.1,0,0,0,0.1,0.1,0.1,0.1,0.1,0.1,0.5,0,11629,0.03138705,0.013328747,0,0,0,0,0,0,0,0,0,0,5,2
1622.22,-0.003626632,0.5,6404,37,0.1538,31.8125,34.5,36.93,0,0,0,0,0,20,0.5,0.1,0,0,0,0.1,0.1,0.1,0.1,0.1,0.1,0.5,0,11482,0.031440516,0.01349939,0,0,0,0,0,0,0,0,0,0,5,2
1682.27,-0.002047875,0.5,6404,37,0.1541,31.875,34.5625,37.17,0,0,0,0,0,20,0.5,0.1,0,0,0,0.1,0.1,0.1,0.1,0.1,0.1,0.5,0,11496,0.031924148,0.013743911,0,0,0,0,0,0,0,0,0,0,5,2
1742.35,-0.003285856,0.5,6404,37,0.1082,31.9375,34.5625,37.05,0,0,0,0,0,20,0.5,0.1,0,0,0,0.1,0.1,0.1,0.1,0.1,0.1,0.5,0,11467,0.032004884,0.013517049,0,0,0,0,0,0,0,0,0,0,5,2
1802.43,-0.000682418,0.5,6404,37,0.1108,32,34.625,36.89,0,0,0,0,0,20,0.5,0.1,0,0,0,0.1,0.1,0.1,0.1,0.1,0.1,0.5,0,11533,0.031561606,0.013873233,0,0,0,0,0,0,0,0,0,0,5,2
1862.51,-0.002543336,0.5,6404,37,0.1308,31.9375,34.625,37.05,0,0,0,0,0,20,0.5,0.1,0,0,0,0.1,0.1,0.1,0.1,0.1,0.1,0.5,0,11427,0.032029404,0.013826901,0,0,0,0,0,0,0,0,0,0,5,2
1922.58,-0.000185826,0.5,6404,37,0.1337,31.9375,34.625,36.85,0,0,0,0,0,20,0.5,0.1,0,0,0,0.1,0.1,0.1,0.1,0.1,0.1,0.5,0,11550,0.031428571,0.013766234,0,0,0,0,0,0,0,0,0,0,5,2
1982.63,0.004364321,0.5,6404,37,0.1664,32,34.6875,37.01,0,0,0,0,0,20,0.5,0.101,0,0,0,0.1,0.1,0.1,0.1,0.1,0.1,0.5,0,11508,0.032064651,0.013903372,0,0,0,0,0,0,0,0,0,0,5,2
2042.67,0.004647223,0.5,6404,37,0.1741,32,34.75,36.95,0,0,0,0,0,20,0.5,0.101,0,0,0,0.1,0.1,0.1,0.1,0.1,0.1,0.5,0,11573,0.032057375,0.013738875,0,0,0,0,0,0,0,0,0,0,5,2.088421709
2102.73,0.004614502,0.5,6404,37,0.061,32,34.6875,36.89,0,0,0,0,0,20,0.5,0.101,0,0,0,0.1,0.1,0.1,0.1,0.1,0.1,0.5,0,11511,0.032143167,0.013812875,0,0,0,0,0,0,0,0,0,0,5,1.962803207
2162.8,0.00549091,0.5,6404,37,0.141,31.9375,34.625,36.85,0,0,0,0,0,20,0.5,0.101,0,0,0,0.1,0.1,0.1,0.1,0.1,0.1,0.5,0,11519,0.032034031,0.013890095,0,0,0,0,0,0,0,0,0,0,5,2.386333089
2222.88,0.006367792,0.5,6404,37,0.0795,31.9375,34.6875,36.93,0,0,0,0,0,20,0.5,0.101,0,0,0,0.1,0.1,0.1,0.1,0.1,0.1,0.5,0,11543,0.031707528,0.013428052,0,0,0,0,0,0,0,0,0,0,5,2.711492446
2282.96,0.005396587,0.5,6404,37,0.1828,31.9375,34.6875,36.89,0,0,0,0,0,20,0.5,0.101,0,0,0,0.1,0.1,0.1,0.1,0.1,0.1,0.5,0,11484,0.031783351,0.013758272,0,0,0,0,0,0,0,0,0,0,5,2.079459695
2343.03,0.005898361,0.5,6404,37,0.1652,31.9375,34.6875,36.81,0,0,0,0,0,20,0.5,0.101,0,0,0,0.1,0.1,0.1,0.1,0.1,0.1,0.5,0,11401,0.031751601,0.013419875,0,0,0,0,0,0,0,0,0,0,5,2.242210391
2403.1,0.00602332,0.5,6404,37,0.1337,31.9375,34.625,36.93,0,0,0,0,0,20,0.5,0.101,0,0,0,0.1,0.1,0.1,0.1,0.1,0.1,0.5,0,11465,0.032097689,0.013432185,0,0,0,0,0,0,0,0,0,0,5,2.192992075
2463.18,0.005772529,0.5,6404,37,0.1861,31.9375,34.625,36.73,0,0,0,0,0,20,0.5,0.101,0,0,0,0.1,0.1,0.1,0.1,0.1,0.1,0.5,0,11498,0.031918595,0.01374152,0,0,0,0,0,0,0,0,0,0,5,1.955757204
2523.25,0.005929657,0.5,6404,37,0.1037,31.9375,34.625,37.01,0,0,0,0,0,20,0.5,0.101,0,0,0,0.1,0.1,0.1,0.1,0.1,0.1,0.5,0,11426,0.032382286,0.014003151,0,0,0,0,0,0,0,0,0,0,5,1.938537773
2583.34,0.005428226,0.5,6404,37,0.1601,31.9375,34.5625,36.85,0,0,0,0,0,20,0.5,0.101,0,0,0,0.1,0.1,0.1,0.1,0.1,0.1,0.5,0,11459,0.031678157,0.013788289,0,0,0,0,0,0,0,0,0,0,5,1.576548839
2643.37,0.00561684,0.5,6404,37,0.1622,31.9375,34.6875,36.85,0,0,0,0,0,20,0.5,0.101,0,0,0,0.1,0.1,0.1,0.1,0.1,0.1,0.5,0,11472,0.031903766,0.013685495,0,0,0,0,0,0,0,0,0,0,5,1.600191971
2703.44,0.006746103,0.5,6404,37,0.1858,31.9375,34.6875,36.77,0,0,0,0,0,20,0.5,0.101,0,0,0,0.1,0.1,0.1,0.1,0.1,0.1,0.5,0,11525,0.032017354,0.013362256,0,0,0,0,0,0,0,0,0,0,5,2.069769701
2763.51,0.005366409,0.5,6404,37,0.1143,31.9375,34.6875,36.97,0,0,0,0,0,20,0.5,0.101,0,0,0,0.1,0.1,0.1,0.1,0.1,0.1,0.5,0,11505,0.031986093,0.013646241,0,0,0,0,0,0,0,0,0,0,5,1.279863425
2823.59,0.00574156,0.5,6404,37,0.1125,32,34.75,37.03,0,0,0,0,0,20,0.5,0.101,0,0,0,0.1,0.1,0.1,0.1,0.1,0.1,0.5,0,11434,0.032097254,0.013468602,0,0,0,0,0,0,0,0,0,0,5,1.418585823
2883.67,0.006806909,0.5,6404,37,0.1413,32,34.6875,37.01,0,0,0,0,0,20,0.5,0.101,0,0,0,0.1,0.1,0.1,0.1,0.1,0.1,0.5,0,11437,0.031913963,0.013552505,0,0,0,0,0,0,0,0,0,0,5,1.858278254
2943.71,0.007373744,0.5,6404,37,0.1319,32,34.75,37.17,0,0,0,0,0,20,0.5,0.101,0,0,0,0.1,0.1,0.1,0.1,0.1,0.1,0.5,0,11580,0.031692573,0.013644214,0,0,0,0,0,0,0,0,0,0,5,2.005326694
3003.76,0.008314422,0.5,6404,37,0.141,32,34.6875,37.11,0,0,0,0,0,20,0.5,0.101,0,0,0,0.1,0.1,0.1,0.1,0.1,0.1,0.5,0,11421,0.031783557,0.013571491,0,0,0,0,0,0,0,0,0,0,5,2.265258494
3063.82,0.009447596,0.5,6404,37,0.1295,31.9375,34.6875,36.81,0,0,0,0,0,20,0.5,0.101,0,0,0,0.1,0.1,0.1,0.1,0.1,0.1,0.5,0,11565,0.031993083,0.013488975,0,0,0,0,0,0,0,0,0,0,5,2.535301742
3123.89,0.00957304,0.5,6404,37,0.151,32,34.625,37.01,0,0,0,0,0,20,0.5,0.101,0,0,0,0.1,0.1,0.1,0.1,0.1,0.1,0.5,0,11551,0.031858714,0.013505324,0,0,0,0,0,0,0,0,0,0,5,2.448107931
3183.92,0.008503143,0.5,6404,37,0.1251,31.9375,34.5625,36.85,0,0,0,0,0,20,0.5,0.101,0,0,0,0.1,0.1,0.1,0.1,0.1,0.1,0.5,0,11436,0.032004197,0.01355369,0,0,0,0,0,0,0,0,0,0,5,1.970157914
3243.98,0.007436099,0.5,6404,37,0.1404,32.0625,34.625,36.85,0,0,0,0,0,20,0.5,0.101,0,0,0,0.1,0.1,0.1,0.1,0.1,0.1,0.5,0,11462,0.032193334,0.013522945,0,0,0,0,0,0,0,0,0,0,5,1.469381441
3304.05,0.008471782,0.5,6404,37,0.1828,31.9375,34.625,36.81,0,0,0,0,0,20,0.5,0.101,0,0,0,0.1,0.1,0.1,0.1,0.1,0.1,0.5,0,11420,0.03178634,0.013397548,0,0,0,0,0,0,0,0,0,0,5,1.787095995
3364.09,0.009352821,0.5,6404,37,0.106,31.875,34.5625,36.71,0,0,0,0,0,20,0.5,0.101,0,0,0,0.1,0.1,0.1,0.1,0.1,0.1,0.5,0,11406,0.032176048,0.014027705,0,0,0,0,0,0,0,0,0,0,5,1.994552275
3424.17,0.01080291,0.5,6404,37,0.1634,31.875,34.5625,37.03,0,0,0,0,0,20,0.5,0.101,0,0,0,0.1,0.1,0.1,0.1,0.1,0.1,0.5,0,11445,0.031629533,0.013892529,0,0,0,0,0,0,0,0,0,0,5,2.327237295
3484.24,0.010551076,0.5,6404,37,0.134,31.875,34.5625,36.85,0,0,0,0,0,20,0.5,0.101,0,0,0,0.1,0.1,0.1,0.1,0.1,0.1,0.5,0,11531,0.032174139,0.013788917,0,0,0,0,0,0,0,0,0,0,5,2.140112508
3544.32,0.010045815,0.5,6404,37,0.1449,31.875,34.5625,36.89,0,0,0,0,0,20,0.5,0.101,0,0,0,0.1,0.1,0.1,0.1,0.1,0.1,0.5,0,11544,0.032051282,0.013340263,0,0,0,0,0,0,0,0,0,0,5,1.885891577
3604.4,0.009007404,0.5,6404,37,0.1358,31.9375,34.5625,36.95,0,0,0,0,0,20,0.5,0.101,0,0,0,0.1,0.1,0.1,0.1,0.1,0.1,0.5,0,11393,0.031773896,0.013780391,0,0,0,0,0,0,0,0,0,0,5,1.464269573
3664.48,0.010109286,0.5,6404,37,0.1072,31.875,34.5625,36.95,0,0,0,0,0,20,0.5,0.101,0,0,0,0.1,0.1,0.1,0.1,0.1,0.1,0.5,0,11478,0.031974212,0.013765464,0,0,0,0,0,0,0,0,0,0,5,1.737278542
3724.55,0.011056033,0.5,6404,37,0.154,31.9375,34.625,36.85,0,0,0,0,0,20,0.5,0.101,0,0,0,0.1,0.1,0.1,0.1,0.1,0.1,0.5,0,11492,0.031674208,0.014009746,0,0,0,0,0,0,0,0,0,0,5,1.918980055
3784.62,0.01162366,0.5,6404,37,0.124,31.9375,34.625,37.01,0,0,0,0,0,20,0.5,0.101,0,0,0,0.1,0.1,0.1,0.1,0.1,0.1,0.5,0,11446,0.032063603,0.013978683,0,0,0,0,0,0,0,0,0,0,5,1.973230265
3844.69,0.011970479,0.5,6404,37,0.1693,31.9375,34.6875,36.87,0,0,0,0,0,20,0.5,0.101,0,0,0,0.1,0.1,0.1,0.1,0.1,0.1,0.5,0,11403,0.031746032,0.013943699,0,0,0,0,0,0,0,0,0,0,5,1.962771453
3904.76,0.012508939,0.5,6404,37,0.1517,32,34.6875,36.87,0,0,0,0,0,20,0.5,0.101,0,0,0,0.1,0.1,0.1,0.1,0.1,0.1,0.5,0,11431,0.032105678,0.013734581,0,0,0,0,0,0,0,0,0,0,5,1.996632651
3964.83,0.013805432,0.5,6404,37,0.1146,32,34.75,36.89,0,0,0,0,0,20,0.5,0.101,0,0,0,0.1,0.1,0.1,0.1,0.1,0.1,0.5,0,11514,0.03187424,0.013375022,0,0,0,0,0,0,0,0,0,0,5,2.192657028
4024.88,0.013205199,0.5,6404,37,0.1478,32,34.75,37.11,0,0,0,0,0,20,0.5,0.101,0,0,0,0.1,0.1,0.1,0.1,0.1,0.1,0.5,0,11441,0.032165021,0.013372957,0,0,0,0,0,0,0,0,0,0,5,1.949669628
4084.96,0.013551993,0.5,6404,37,0.131,31.9375,34.6875,36.93,0,0,0,0,0,20,0.5,0.101,0,0,0,0.1,0.1,0.1,0.1,0.1,0.1,0.5,0,11491,0.032025063,0.013575842,0,0,0,0,0,0,0,0,0,0,5,1.929955045
4145,0.015518228,0.5,6404,37,0.1104,31.9375,34.625,36.87,0,0,0,0,0,20,0.5,0.101,0,0,0,0.1,0.1,0.1,0.1,0.1,0.1,0.5,0,11432,0.032015395,0.013820854,0,0,0,0,0,0,0,0,0,0,5,2.239902414
4205.08,0.014661626,0.5,6404,37,0.1042,31.9375,34.625,36.93,0,0,0,0,0,20,0.5,0.101,0,0,0,0.1,0.1,0.1,0.1,0.1,0.1,0.5,0,11396,0.032204282,0.013776764,0,0,0,0,0,0,0,0,0,0,5,1.957562224
4265.18,0.014502862,0.5,6404,37,0.146,32,34.6875,36.97,0,0,0,0,0,20,0.5,0.101,0,0,0,0.1,0.1,0.1,0.1,0.1,0.1,0.5,0,11419,0.032051843,0.014011735,0,0,0,0,0,0,0,0,0,0,5,1.827021301
4325.23,0.015296403,0.5,6404,37,0.1092,31.9375,34.6875,36.65,0,0,0,0,0,20,0.5,0.101,0,0,0,0.1,0.1,0.1,0.1,0.1,0.1,0.5,0,11452,0.032046804,0.013884038,0,0,0,0,0,0,0,0,0,0,5,1.895485415
4385.3,0.01342564,0.5,6404,37,0.1413,32,34.6875,36.79,0,0,0,0,0,20,0.5,0.101,0,0,0,0.1,0.1,0.1,0.1,0.1,0.1,0.5,0,11475,0.031721133,0.014030501,0,0,0,0,0,0,0,0,0,0,5,1.409356898
4445.35,0.015806895,0.5,6404,37,0.1269,31.9375,34.625,36.97,0,0,0,0,0,20,0.5,0.101,0,0,0,0.1,0.1,0.1,0.1,0.1,0.1,0.5,0,11462,0.032018845,0.013871925,0,0,0,0,0,0,0,0,0,0,5,1.828728902
4505.41,0.014788591,0.5,6404,37,0.1516,31.9375,34.5625,36.97,0,0,0,0,0,20,0.5,0.101,0,0,0,0.1,0.1,0.1,0.1,0.1,0.1,0.5,0,11481,0.032052957,0.013674767,0,0,0,0,0,0,0,0,0,0,5,1.537521641
4565.45,0.015550043,0.5,6404,37,0.1024,31.9375,34.625,36.89,0,0,0,0,0,20,0.5,0.101,0,0,0,0.1,0.1,0.1,0.1,0.1,0.1,0.5,0,11415,0.031887867,0.013753833,0,0,0,0,0,0,0,0,0,0,5,1.6112678
4625.52,0.015361423,0.5,6404,37,0.194,31.875,34.625,36.77,0,0,0,0,0,20,0.5,0.101,0,0,0,0.1,0.1,0.1,0.1,0.1,0.1,0.5,0,11511,0.031882547,0.013899748,0,0,0,0,0,0,0,0,0,0,5,1.494092359
4685.59,0.01742957,0.5,6404,37,0.1254,31.9375,34.6875,36.95,0,0,0,0,0,20,0.5,0.101,0,0,0,0.1,0.1,0.1,0.1,0.1,0.1,0.5,0,11538,0.031981279,0.013780551,0,0,0,0,0,0,0,0,0,0,5,1.798314177
4745.67,0.014027168,0.5,6404,37,0.1961,31.9375,34.6875,36.85,0,0,0,0,0,20,0.5,0.101,0,0,0,0.1,0.1,0.1,0.1,0.1,0.1,0.5,0,11527,0.032011798,0.013706949,0,0,0,0,0,0,0,0,0,0,5,1.056881907
4805.74,0.01523308,0.5,6404,37,0.1499,32,34.6875,37.01,0,0,0,0,0,20,0.5,0.101,0,0,0,0.1,0.1,0.1,0.1,0.1,0.1,0.5,0,11475,0.032156863,0.013856209,0,0,0,0,0,0,0,0,0,0,5,1.251457945
4865.83,0.016312928,0.5,6404,37,0.1069,31.9375,34.625,36.95,0,0,0,0,0,20,0.5,0.101,0,0,0,0.1,0.1,0.1,0.1,0.1,0.1,0.5,0,11556,0.032104534,0.013932156,0,0,0,0,0,0,0,0,0,0,5,1.394350652
4925.91,0.01491516,0.5,6404,37,0.164,32,34.5625,37.09,0,0,0,0,0,20,0.5,0.101,0,0,0,0.1,0.1,0.1,0.1,0.1,0.1,0.5,0,11577,0.031700786,0.013474994,0,0,0,0,0,0,0,0,0,0,5,1.055893785
4985.94,0.015073846,0.5,6404,37,0.0901,31.9375,34.5625,37.03,0,0,0,0,0,20,0.5,0.101,0,0,0,0.1,0.1,0.1,0.1,0.1,0.1,0.5,0,11418,0.032054651,0.014012962,0,0,0,0,0,0,0,0,0,0,5,1.034848174
5046.01,0.012477389,0.5,6404,37,0.1813,31.9375,34.6875,36.79,0,0,0,0,0,20,0.5,0.101,0,0,0,0.1,0.1,0.1,0.1,0.1,0.1,0.5,0,11492,0.031935259,0.013835712,0,0,0,0,0,0,0,0,0,0,5,0.415976556
5106.04,0.015676941,0.5,6404,37,0.1334,31.875,34.625,37.11,0,0,0,0,0,20,0.5,0.101,0,0,0,0.1,0.1,0.1,0.1,0.1,0.1,0.5,0,11363,0.032209804,0.013816774,0,0,0,0,0,0,0,0,0,0,5,1.079996167
5166.11,0.013900549,0.5,6404,37,0.1296,31.9375,34.5625,36.95,0,0,0,0,0,20,0.5,0.101,0,0,0,0.1,0.1,0.1,0.1,0.1,0.1,0.5,0,11585,0.032196806,0.013897281,0,0,0,0,0,0,0,0,0,0,5,0.665208493
5226.18,0.017362226,0.5,6404,37,0.1237,31.9375,34.5625,36.95,0,0,0,0,0,20,0.5,0.101,0,0,0,0.1,0.1,0.1,0.1,0.1,0.1,0.5,0,11534,0.03199237,0.013872031,0,0,0,0,0,0,0,0,0,0,5,1.299053875
5286.22,0.016503378,0.5,6404,37,0.1567,32,34.5625,36.93,0,0,0,0,0,20,0.5,0.101,0,0,0,0.1,0.1,0.1,0.1,0.1,0.1,0.5,0,11451,0.032398917,0.01388525,0,0,0,0,0,0,0,0,0,0,5,1.081905808
5346.3,0.016726498,0.5,6404,37,0.1458,31.875,34.5,37.01,0,0,0,0,0,20,0.5,0.101,0,0,0,0.1,0.1,0.1,0.1,0.1,0.1,0.5,0,11506,0.032330958,0.013645055,0,0,0,0,0,0,0,0,0,0,5,1.068097649
5406.37,0.016440285,0.5,6404,37,0.1116,31.9375,34.5625,36.89,0,0,0,0,0,20,0.5,0.101,0,0,0,0.1,0.1,0.1,0.1,0.1,0.1,0.5,0,11497,0.032182308,0.013829695,0,0,0,0,0,0,0,0,0,0,5,0.962914555
5466.42,0.015583062,0.5,6404,37,0.1392,31.9375,34.625,36.93,0,0,0,0,0,20,0.5,0.101,0,0,0,0.1,0.1,0.1,0.1,0.1,0.1,0.5,0,11488,0.032207521,0.013753482,0,0,0,0,0,0,0,0,0,0,5,0.754118253
5526.5,0.016725908,0.5,6404,37,0.1884,31.875,34.625,36.71,0,0,0,0,0,20,0.5,0.101,0,0,0,0.1,0.1,0.1,0.1,0.1,0.1,0.5,0,11475,0.031982571,0.013856209,0,0,0,0,0,0,0,0,0,0,5,0.928735334
5586.57,0.018892268,0.5,6404,37,0.1552,31.875,34.625,36.85,0,0,0,0,0,20,0.5,0.101,0,0,0,0.1,0.1,0.1,0.1,0.1,0.1,0.5,0,11500,0.03226087,0.014,0,0,0,0,0,0,0,0,0,0,5,1.247680098
5646.65,0.019402805,0.5,6404,37,0.1278,31.875,34.6875,37.05,0,0,0,0,0,20,0.5,0.101,0,0,0,0.1,0.1,0.1,0.1,0.1,0.1,0.5,0,11595,0.03199655,0.013799051,0,0,0,0,0,0,0,0,0,0,5,1.265290793
5706.73,0.016821658,0.5,6404,37,0.1643,31.9375,34.6875,36.95,0,0,0,0,0,20,0.5,0.101,0,0,0,0.1,0.1,0.1,0.1,0.1,0.1,0.5,0,11573,0.032143783,0.013652467,0,0,0,0,0,0,0,0,0,0,5,0.773775028
5766.8,0.017363047,0.5,6404,37,0.1431,31.875,34.6875,37.11,0,0,0,0,0,20,0.5,0.101,0,0,0,0.1,0.1,0.1,0.1,0.1,0.1,0.5,0,11498,0.032353453,0.013828492,0,0,0,0,0,0,0,0,0,0,5,0.830117259
5826.86,0.020330108,0.5,6404,37,0.144,32,34.75,36.89,0,0,0,0,0,20,0.5,0.101,0,0,0,0.1,0.1,0.1,0.1,0.1,0.1,0.5,0,11496,0.032359081,0.013917884,0,0,0,0,0,0,0,0,0,0,5,1.261887576
5886.93,0.020392848,0.5,6404,37,0.1343,31.9375,34.75,37.03,0,0,0,0,0,20,0.5,0.101,0,0,0,0.1,0.1,0.1,0.1,0.1,0.1,0.5,0,11487,0.03212327,0.013580569,0,0,0,0,0,0,0,0,0,0,5,1.20803718
5946.99,0.022282702,0.5,6404,37,0.1546,31.9375,34.6875,36.85,0,0,0,0,0,20,0.5,0.101,0,0,0,0.1,0.1,0.1,0.1,0.1,0.1,0.5,0,11495,0.032187908,0.013832101,0,0,0,0,0,0,0,0,0,0,5,1.413514562
6007.07,0.01851041,0.5,6404,37,0.1107,32,34.6875,36.97,0,0,0,0,0,20,0.5,0.101,0,0,0,0.1,0.1,0.1,0.1,0.1,0.1,0.5,0,11485,0.032128864,0.013757074,0,0,0,0,0,0,0,0,0,0,5,0.786406612
6067.14,0.019403212,0.5,6404,37,0.1537,31.9375,34.625,36.81,0,0,0,0,0,20,0.5,0.101,0,0,0,0.1,0.1,0.1,0.1,0.1,0.1,0.5,0,11493,0.03201949,0.013834508,0,0,0,0,0,0,0,0,0,0,5,0.8884023
6127.22,0.020456898,0.5,6404,37,0.1505,32,34.6875,36.95,0,0,0,0,0,20,0.5,0.101,0,0,0,0.1,0.1,0.1,0.1,0.1,0.1,0.5,0,11479,0.032058542,0.013502918,0,0,0,0,0,0,0,0,0,0,5,1.002626689
6187.3,0.018989775,0.5,6404,37,0.1243,32.0625,34.6875,37.05,0,0,0,0,0,20,0.5,0.101,0,0,0,0.1,0.1,0.1,0.1,0.1,0.1,0.5,0,11561,0.032350143,0.013407145,0,0,0,0,0,0,0,0,0,0,5,0.729236945
6247.33,0.020106945,0.5,6404,37,0.1699,31.9375,34.625,36.95,0,0,0,0,0,20,0.5,0.101,0,0,0,0.1,0.1,0.1,0.1,0.1,0.1,0.5,0,11486,0.032213129,0.013668814,0,0,0,0,0,0,0,0,0,0,5,0.864268991
6307.37,0.019694778,0.5,6404,37,0.1066,31.9375,34.625,37.09,0,0,0,0,0,20,0.5,0.101,0,0,0,0.1,0.1,0.1,0.1,0.1,0.1,0.5,0,11563,0.032171582,0.013837239,0,0,0,0,0,0,0,0,0,0,5,0.758920234
6367.42,0.020840848,0.5,6404,37,0.1725,31.9375,34.5625,36.85,0,0,0,0,0,20,0.5,0.101,0,0,0,0.1,0.1,0.1,0.1,0.1,0.1,0.5,0,11510,0.032232841,0.013987837,0,0,0,0,0,0,0,0,0,0,5,0.89065838
6427.46,0.021641228,0.5,6404,37,0.1107,31.9375,34.625,37.03,0,0,0,0,0,20,0.5,0.101,0,0,0,0.1,0.1,0.1,0.1,0.1,0.1,0.5,0,11437,0.032526012,0.013989683,0,0,0,0,0,0,0,0,0,0,5,0.959181293
6487.54,0.021736921,0.5,6404,37,0.1398,31.875,34.6875,36.89,0,0,0,0,0,20,0.5,0.101,0,0,0,0.1,0.1,0.1,0.1,0.1,0.1,0.5,0,11574,0.031881804,0.013564887,0,0,0,0,0,0,0,0,0,0,5,0.924458385
6547.62,0.022474275,0.5,6404,37,0.1619,31.9375,34.625,36.85,0,0,0,0,0,20,0.5,0.101,0,0,0,0.1,0.1,0.1,0.1,0.1,0.1,0.5,0,11495,0.032187908,0.013832101,0,0,0,0,0,0,0,0,0,0,5,0.978312785
6607.7,0.022571866,0.5,6404,37,0.1484,31.875,34.75,36.89,0,0,0,0,0,20,0.5,0.101,0,0,0,0.1,0.1,0.1,0.1,0.1,0.1,0.5,0,11526,0.032448378,0.013968419,0,0,0,0,0,0,0,0,0,0,5,0.942395912
6667.78,0.026202958,0.5,6404,37,0.1684,32,34.75,37.01,0,0,0,0,0,20,0.5,0.101,0,0,0,0.1,0.1,0.1,0.1,0.1,0.1,0.5,0,11621,0.032183117,0.013940281,0,0,0,0,0,0,0,0,0,0,5,1.342780305
6727.84,0.024498965,0.5,6404,37,0.1543,31.9375,34.6875,37.09,0,0,0,0,0,20,0.5,0.101,0,0,0,0.1,0.1,0.1,0.1,0.1,0.1,0.5,0,11529,0.032353196,0.013964784,0,0,0,0,0,0,0,0,0,0,5,1.073916995
6787.89,0.023693889,0.5,6404,37,0.1481,31.9375,34.75,36.95,0,0,0,0,0,20,0.5,0.101,0,0,0,0.1,0.1,0.1,0.1,0.1,0.1,0.5,0,11563,0.032344547,0.013837239,0,0,0,0,0,0,0,0,0,0,5,0.91997998
6847.96,0.024883843,0.5,6404,37,0.1269,32,34.6875,36.87,0,0,0,0,0,20,0.5,0.101,0,0,0,0.1,0.1,0.1,0.1,0.1,0.1,0.5,0,11542,0.032490036,0.013862416,0,0,0,0,0,0,0,0,0,0,5,1.020985674
6908,0.025462818,0.5,6404,37,0.1219,32,34.6875,36.89,0,0,0,0,0,20,0.5,0.101,0,0,0,0.1,0.1,0.1,0.1,0.1,0.1,0.5,0,11490,0.032463011,0.013925152,0,0,0,0,0,0,0,0,0,0,5,1.03893798
6968.04,0.027978435,0.5,6404,37,0.1472,31.9375,34.6875,37.03,0,0,0,0,0,20,0.5,0.101,0,0,0,0.1,0.1,0.1,0.1,0.1,0.1,0.5,0,11549,0.032037406,0.013940601,0,0,0,0,0,0,0,0,0,0,5,1.269635404
7028.09,0.028819142,0.5,6404,37,0.1307,31.9375,34.75,36.95,0,0,0,0,0,20,0.5,0.101,0,0,0,0.1,0.1,0.1,0.1,0.1,0.1,0.5,0,11566,0.032249697,0.014006571,0,0,0,0,0,0,0,0,0,0,5,1.294970957
7088.16,0.02749493,0.5,6404,37,0.1516,32,34.6875,36.81,0,0,0,0,0,20,0.5,0.101,0,0,0,0.1,0.1,0.1,0.1,0.1,0.1,0.5,0,11398,0.032461835,0.01403755,0,0,0,0,0,0,0,0,0,0,5,1.089107813
7148.24,0.029497719,0.5,6404,37,0.1301,32,34.625,36.85,0,0,0,0,0,20,0.5,0.101,0,0,0,0.1,0.1,0.1,0.1,0.1,0.1,0.5,0,11560,0.03200692,0.013581315,0,0,0,0,0,0,0,0,0,0,5,1.24558641
7208.28,0.028721629,0.5,6404,37,0.1201,31.9375,34.625,36.97,0,0,0,0,0,20,0.5,0.101,0,0,0,0.1,0.1,0.1,0.1,0.1,0.1,0.5,0,11461,0.032283396,0.013873135,0,0,0,0,0,0,0,0,0,0,5,1.103319703
7268.32,0.02953024,0.5,6404,37,0.1298,31.8125,34.5,36.79,0,0,0,0,0,20,0.5,0.101,0,0,0,0.1,0.1,0.1,0.1,0.1,0.1,0.5,0,11687,0.031915804,0.013690425,0,0,0,0,0,0,0,0,0,0,5,1.131446731
7328.41,0.02865732,0.5,6404,37,0.1307,31.9375,34.5625,37.05,0,0,0,0,0,20,0.5,0.101,0,0,0,0.1,0.1,0.1,0.1,0.1,0.1,0.5,0,11536,0.03242025,0.013696255,0,0,0,0,0,0,0,0,0,0,5,0.984856662
7388.45,0.030082072,0.5,6404,37,0.131,31.875,34.625,36.97,0,0,0,0,0,20,0.5,0.101,0,0,0,0.1,0.1,0.1,0.1,0.1,0.1,0.5,0,11446,0.032587804,0.013891316,0,0,0,0,0,0,0,0,0,0,5,1.081175263
7448.53,0.033820258,0.5,6404,37,0.1451,31.875,34.625,36.71,0,0,0,0,0,20,0.5,0.101,0,0,0,0.1,0.1,0.1,0.1,0.1,0.1,0.5,0,11517,0.032386906,0.013632022,0,0,0,0,0,0,0,0,0,0,5,1.378508277
7508.58,0.031735592,0.5,6404,37,0.1586,31.875,34.6875,36.73,0,0,0,0,0,20,0.5,0.101,0,0,0,0.1,0.1,0.1,0.1,0.1,0.1,0.5,0,11468,0.032612487,0.013777468,0,0,0,0,0,0,0,0,0,0,5,1.11871946
7568.66,0.031248641,0.5,6404,37,0.2043,31.8125,34.6875,36.79,0,0,0,0,0,20,0.5,0.101,0,0,0,0.1,0.1,0.1,0.1,0.1,0.1,0.5,0,11570,0.032324978,0.013915298,0,0,0,0,0,0,0,0,0,0,5,1.016394666
7628.72,0.033430444,0.5,6404,37,0.1973,31.9375,34.6875,37.05,0,0,0,0,0,20,0.5,0.101,0,0,0,0.1,0.1,0.1,0.1,0.1,0.1,0.5,0,11583,0.032288699,0.013554347,0,0,0,0,0,0,0,0,0,0,5,1.168048148
7688.8,0.035187481,0.5,6404,37,0.1326,32,34.6875,37.11,0,0,0,0,0,20,0.5,0.101,0,0,0,0.1,0.1,0.1,0.1,0.1,0.1,0.5,0,11582,0.032291487,0.014332585,0,0,0,0,0,0,0,0,0,0,5,1.263315926
7748.84,0.035609951,0.5,6404,37,0.1131,32,34.6875,37.01,0,0,0,0,0,20,0.5,0.101,0,0,0,0.1,0.1,0.1,0.1,0.1,0.1,0.5,0,11471,0.032516781,0.013948217,0,0,0,0,0,0,0,0,0,0,5,1.235954371
7808.88,0.037540951,0.5,6404,37,0.1334,32,34.6875,37.01,0,0,0,0,0,20,0.5,0.101,0,0,0,0.1,0.1,0.1,0.1,0.1,0.1,0.5,0,11584,0.032285912,0.013984807,0,0,0,0,0,0,0,0,0,0,5,1.332578394
7868.93,0.037409705,0.5,6404,37,0.1643,32,34.6875,36.89,0,0,0,0,0,20,0.5,0.101,0,0,0,0.1,0.1,0.1,0.1,0.1,0.1,0.5,0,11540,0.032235702,0.014124783,0,0,0,0,0,0,0,0,0,0,5,1.255442875
7928.97,0.037115415,0.5,6404,37,0.1843,32,34.625,36.93,0,0,0,0,0,20,0.5,0.101,0,0,0,0.1,0.1,0.1,0.1,0.1,0.1,0.5,0,11611,0.032383085,0.013866161,0,0,0,0,0,0,0,0,0,0,5,1.168977362
7989.05,0.038817373,0.5,6404,37,0.1867,31.9375,34.6875,36.89,0,0,0,0,0,20,0.5,0.101,0,0,0,0.1,0.1,0.1,0.1,0.1,0.1,0.5,0,11613,0.032377508,0.014035994,0,0,0,0,0,0,0,0,0,0,5,1.245035093
8049.1,0.039869922,0.5,6404,37,0.1305,32,34.625,37.03,0,0,0,0,0,20,0.5,0.101,0,0,0,0.1,0.1,0.1,0.1,0.1,0.1,0.5,0,11535,0.031989597,0.013957521,0,0,0,0,0,0,0,0,0,0,5,1.26304626
8109.18,0.037900086,0.5,6404,37,0.1549,31.875,34.5625,37.17,0,0,0,0,0,20,0.5,0.101,0,0,0,0.1,0.1,0.1,0.1,0.1,0.1,0.5,0,11609,0.032216384,0.01386855,0,0,0,0,0,0,0,0,0,0,5,1.047887469
8169.25,0.040525324,0.5,6404,37,0.154,31.875,34.5,37.09,0,0,0,0,0,20,0.5,0.101,0,0,0,0.1,0.1,0.1,0.1,0.1,0.1,0.5,0,11508,0.032499131,0.013990268,0,0,0,0,0,0,0,0,0,0,5,1.196414133
8229.36,0.042565902,0.5,6404,37,0.1755,31.9375,34.4375,36.89,0,0,0,0,0,20,0.5,0.101,0,0,0,0.1,0.1,0.1,0.1,0.1,0.1,0.5,0,11633,0.032407805,0.014097825,0,0,0,0,0,0,0,0,0,0,5,1.283972777
8289.4,0.042467733,0.5,6404,37,0.1252,31.9375,34.5,36.87,0,0,0,0,0,20,0.5,0.101,0,0,0,0.1,0.1,0.1,0.1,0.1,0.1,0.5,0,11729,0.03231307,0.013811919,0,0,0,0,0,0,0,0,0,0,5,1.212847258
8349.48,0.045244626,0.5,6404,37,0.1146,31.9375,34.5,37.05,0,0,0,0,0,20,0.5,0.101,0,0,0,0.1,0.1,0.1,0.1,0.1,0.1,0.5,0,11632,0.032324622,0.014013067,0,0,0,0,0,0,0,0,0,0,5,1.342222903
8409.53,0.044975858,0.5,6404,37,0.1776,31.9375,34.5,36.95,0,0,0,0,0,20,0.5,0.101,0,0,0,0.1,0.1,0.1,0.1,0.1,0.1,0.5,0,11541,0.032406204,0.013950264,0,0,0,0,0,0,0,0,0,0,5,1.257237621
8469.56,0.046500253,0.5,6404,37,0.109,32,34.5625,37.03,0,0,0,0,0,20,0.5,0.101,0,0,0,0.1,0.1,0.1,0.1,0.1,0.1,0.5,0,11652,0.032440783,0.01381737,0,0,0,0,0,0,0,0,0,0,5,1.294371458
8529.6,0.047330542,0.5,6404,37,0.1334,32,34.625,37.11,0,0,0,0,0,20,0.5,0.101,0,0,0,0.1,0.1,0.1,0.1,0.1,0.1,0.5,0,11707,0.032459212,0.013667037,0,0,0,0,0,0,0,0,0,0,5,1.282746986
8589.66,0.0488914,0.5,6404,37,0.1567,31.9375,34.6875,37.03,0,0,0,0,0,20,0.5,0.101,0,0,0,0.1,0.1,0.1,0.1,0.1,0.1,0.5,0,11453,0.0326552,0.013970139,0,0,0,0,0,0,0,0,0,0,5,1.315946803
8649.7,0.045738239,0.5,6404,37,0.1646,32,34.6875,36.93,0,0,0,0,0,20,0.5,0.101,0,0,0,0.1,0.1,0.1,0.1,0.1,0.1,0.5,0,11441,0.032602045,0.013635172,0,0,0,0,0,0,0,0,0,0,5,1.050148973
8709.73,0.047730783,0.5,6404,37,0.1487,32,34.6875,37.03,0,0,0,0,0,20,0.5,0.101,0,0,0,0.1,0.1,0.1,0.1,0.1,0.1,0.5,0,11467,0.032702538,0.013865876,0,0,0,0,0,0,0,0,0,0,5,1.125567119
8769.79,0.051221847,0.5,6404,37,0.1502,32,34.6875,37.03,0,0,0,0,0,20,0.5,0.101,0,0,0,0.1,0.1,0.1,0.1,0.1,0.1,0.5,0,11714,0.032439816,0.013914974,0,0,0,0,0,0,0,0,0,0,5,1.281057567
8829.83,0.047594027,0.5,6404,37,0.1219,32,34.6875,36.87,0,0,0,0,0,20,0.5,0.101,0,0,0,0.1,0.1,0.1,0.1,0.1,0.1,0.5,0,11829,0.032208978,0.014033308,0,0,0,0,0,0,0,0,0,0,5,0.996628053
8889.9,0.052125858,0.5,6404,37,0.1192,32,34.625,36.97,0,0,0,0,0,20,0.5,0.101,0,0,0,0.1,0.1,0.1,0.1,0.1,0.1,0.5,0,11665,0.032061723,0.013973425,0,0,0,0,0,0,0,0,0,0,5,1.21965829
8949.93,0.052493041,0.5,6404,37,0.1286,31.875,34.625,36.85,0,0,0,0,0,20,0.5,0.101,0,0,0,0.1,0.1,0.1,0.1,0.1,0.1,0.5,0,11395,0.032996928,0.013777973,0,0,0,0,0,0,0,0,0,0,5,1.179733776
9009.99,0.053997785,0.5,6404,37,0.1684,31.9375,34.625,37.05,0,0,0,0,0,20,0.5,0.101,0,0,0,0.1,0.1,0.1,0.1,0.1,0.1,0.5,0,11515,0.032392531,0.01389492,0,0,0,0,0,0,0,0,0,0,5,1.205534331
9070.07,0.055371196,0.5,6404,37,0.1755,31.9375,34.625,36.87,0,0,0,0,0,20,0.5,0.101,0,0,0,0.1,0.1,0.1,0.1,0.1,0.1,0.5,0,11493,0.0321065,0.013834508,0,0,0,0,0,0,0,0,0,0,5,1.220607098
9130.13,0.056209581,0.5,6404,37,0.1708,31.9375,34.625,36.93,0,0,0,0,0,20,0.5,0.101,0,0,0,0.1,0.1,0.1,0.1,0.1,0.1,0.5,0,11660,0.032590051,0.014150943,0,0,0,0,0,0,0,0,0,0,5,1.204659831
9190.21,0.057797411,0.5,6404,37,0.1234,32,34.625,36.97,0,0,0,0,0,20,0.5,0.101,0,0,0,0.1,0.1,0.1,0.1,0.1,0.1,0.5,0,11639,0.032648853,0.01400464,0,0,0,0,0,0,0,0,0,0,5,1.227997125
9250.27,0.05775817,0.5,6404,37,0.1643,32,34.5625,36.97,0,0,0,0,0,20,0.5,0.101,0,0,0,0.1,0.1,0.1,0.1,0.1,0.1,0.5,0,11552,0.032721607,0.01359072,0,0,0,0,0,0,0,0,0,0,5,1.164559778
9310.35,0.059543888,0.5,6404,37,0.164,31.875,34.5625,37.11,0,0,0,0,0,20,0.5,0.101,0,0,0,0.1,0.1,0.1,0.1,0.1,0.1,0.5,0,11701,0.032646782,0.013844971,0,0,0,0,0,0,0,0,0,0,5,1.197678323
9370.43,0.059140136,0.5,6404,37,0.1531,31.8125,34.625,36.95,0,0,0,0,0,20,0.5,0.101,0,0,0,0.1,0.1,0.1,0.1,0.1,0.1,0.5,0,11666,0.032401852,0.014057946,0,0,0,0,0,0,0,0,0,0,5,1.117382863
9430.47,0.062895373,0.5,6404,37,0.1328,31.875,34.5625,37.11,0,0,0,0,0,20,0.5,0.101,0,0,0,0.1,0.1,0.1,0.1,0.1,0.1,0.5,0,11607,0.032825019,0.013784785,0,0,0,0,0,0,0,0,0,0,5,1.246202081
9490.51,0.065033082,0.5,6404,37,0.1207,31.875,34.625,36.79,0,0,0,0,0,20,0.5,0.101,0,0,0,0.1,0.1,0.1,0.1,0.1,0.1,0.5,0,11712,0.032445355,0.014002732,0,0,0,0,0,0,0,0,0,0,5,1.284162469
9550.57,0.063914814,0.5,6404,37,0.1675,31.9375,34.625,37.01,0,0,0,0,0,20,0.5,0.101,0,0,0,0.1,0.1,0.1,0.1,0.1,0.1,0.5,0,11835,0.032530629,0.013772708,0,0,0,0,0,0,0,0,0,0,5,1.167919561
9610.61,0.066835358,0.5,6404,37,0.134,31.875,34.6875,36.93,0,0,0,0,0,20,0.5,0.101,0,0,0,0.1,0.1,0.1,0.1,0.1,0.1,0.5,0,11938,0.032333724,0.013570112,0,0,0,0,0,0,0,0,0,0,5,1.243566828
9670.65,0.068133204,0.5,6404,37,0.1146,31.9375,34.625,36.95,0,0,0,0,0,20,0.5,0.101,0,0,0,0.1,0.1,0.1,0.1,0.1,0.1,0.5,0,11594,0.032689322,0.013800242,0,0,0,0,0,0,0,0,0,0,5,1.239085735
9730.7,0.070460136,0.5,6404,37,0.1528,31.875,34.6875,37.13,0,0,0,0,0,20,0.5,0.101,0,0,0,0.1,0.1,0.1,0.1,0.1,0.1,0.5,0,11494,0.033060727,0.013920306,0,0,0,0,0,0,0,0,0,0,5,1.277878765
9790.74,0.071931598,0.5,6404,37,0.1649,31.875,34.625,36.89,0,0,0,0,0,20,0.5,0.101,0,0,0,0.1,0.1,0.1,0.1,0.1,0.1,0.5,0,11568,0.032849239,0.013658368,0,0,0,0,0,0,0,0,0,0,5,1.275990448
9850.79,0.071176483,0.5,6404,37,0.1334,31.9375,34.5625,37.01,0,0,0,0,0,20,0.5,0.101,0,0,0,0.1,0.1,0.1,0.1,0.1,0.1,0.5,0,11516,0.032737061,0.014067385,0,0,0,0,0,0,0,0,0,0,5,1.18053139
9910.83,0.076625854,0.5,6404,37,0.1328,32.0625,34.625,37.01,0,0,0,0,0,20,0.5,0.101,0,0,0,0.1,0.1,0.1,0.1,0.1,0.1,0.5,0,11641,0.032643244,0.013744524,0,0,0,0,0,0,0,0,0,0,5,1.342821037
9970.88,0.074959056,0.5,6404,37,0.1534,31.9375,34.5625,37.03,0,0,0,0,0,20,0.5,0.101,0,0,0,0.1,0.1,0.1,0.1,0.1,0.1,0.5,0,11828,0.032380791,0.013949949,0,0,0,0,0,0,0,0,0,0,5,1.209702493
10030.95,0.076202203,0.5,6404,37,0.1328,31.9375,34.5625,37.03,0,0,0,0,0,20,0.5,0.101,0,0,0,0.1,0.1,0.1,0.1,0.1,0.1,0.5,0,11497,0.032443246,0.014090632,0,0,0,0,0,0,0,0,0,0,5,1.198562359
10091.03,0.079558368,0.5,6404,37,0.1095,31.9375,34.5,36.97,0,0,0,0,0,20,0.5,0.101,0,0,0,0.1,0.1,0.1,0.1,0.1,0.1,0.5,0,11667,0.032570498,0.013713894,0,0,0,0,0,0,0,0,0,0,5,1.267935949
10151.09,0.077931898,0.5,6404,37,0.161,31.9375,34.5625,36.81,0,0,0,0,0,20,0.5,0.101,0,0,0,0.1,0.1,0.1,0.1,0.1,0.1,0.5,0,11661,0.032844524,0.013806706,0,0,0,0,0,0,0,0,0,0,5,1.142572367
10211.13,0.079037599,0.5,6404,37,0.1743,31.875,34.5,36.73,0,0,0,0,0,20,0.5,0.101,0,0,0,0.1,0.1,0.1,0.1,0.1,0.1,0.5,0,11849,0.032660984,0.014009621,0,0,0,0,0,0,0,0,0,0,5,1.127708751
10271.21,0.083494046,0.5,6404,37,0.1308,31.9375,34.375,36.85,0,0,0,0,0,20,0.5,0.101,0,0,0,0.1,0.1,0.1,0.1,0.1,0.1,0.5,0,11715,0.032351686,0.013657704,0,0,0,0,0,0,0,0,0,0,5,1.235878253
10331.29,0.086529628,0.5,6404,37,0.1431,31.9375,34.375,36.97,0,0,0,0,0,20,0.5,0.101,0,0,0,0.1,0.1,0.1,0.1,0.1,0.1,0.5,0,11654,0.032692638,0.013900807,0,0,0,0,0,0,0,0,0,0,5,1.281218967
10391.36,0.083352145,0.5,6404,37,0.1457,31.875,34.375,36.81,0,0,0,0,0,20,0.5,0.101,0,0,0,0.1,0.1,0.1,0.1,0.1,0.1,0.5,0,11827,0.032468082,0.013866576,0,0,0,0,0,0,0,0,0,0,5,1.104920428
10451.43,0.090815346,0.5,6404,37,0.1749,31.875,34.375,36.97,0,0,0,0,0,20,0.5,0.101,0,0,0,0.1,0.1,0.1,0.1,0.1,0.1,0.5,0,11683,0.032953865,0.014208679,0,0,0,0,0,0,0,0,0,0,5,1.306936223
10511.47,0.091669272,0.5,6404,37,0.1346,31.875,34.375,37.09,0,0,0,0,0,20,0.5,0.101,0,0,0,0.1,0.1,0.1,0.1,0.1,0.1,0.5,0,11468,0.033135682,0.013951866,0,0,0,0,0,0,0,0,0,0,5,1.269666281
10571.52,0.090993704,0.5,6404,37,0.1699,31.875,34.4375,36.89,0,0,0,0,0,20,0.5,0.101,0,0,0,0.1,0.1,0.1,0.1,0.1,0.1,0.5,0,11637,0.032740397,0.014007046,0,0,0,0,0,0,0,0,0,0,5,1.183992223
10631.56,0.095877927,0.5,6404,37,0.1873,31.875,34.5,37.03,0,0,0,0,0,20,0.5,0.101,0,0,0,0.1,0.1,0.1,0.1,0.1,0.1,0.5,0,11863,0.032538144,0.013824496,0,0,0,0,0,0,0,0,0,0,5,1.281649001
10691.63,0.093957446,0.5,6404,37,0.1461,31.9375,34.5,37.11,0,0,0,0,0,20,0.5,0.101,0,0,0,0.1,0.1,0.1,0.1,0.1,0.1,0.5,0,11916,0.032561262,0.013763008,0,0,0,0,0,0,0,0,0,0,5,1.156865144
10751.69,0.096438432,0.5,6404,37,0.1449,31.875,34.5625,36.95,0,0,0,0,0,20,0.5,0.101,0,0,0,0.1,0.1,0.1,0.1,0.1,0.1,0.5,0,11695,0.032834545,0.014023087,0,0,0,0,0,0,0,0,0,0,5,1.177210326
10811.76,0.099359531,0.5,6404,37,0.1876,32,34.5625,37.05,0,0,0,0,0,20,0.5,0.101,0,0,0,0.1,0.1,0.1,0.1,0.1,0.1,0.5,0,11991,0.032774581,0.013843716,0,0,0,0,0,0,0,0,0,0,5,1.207870113
10871.84,0.101247129,0.5,6404,37,0.1267,32,34.625,37.13,0,0,0,0,0,20,0.5,0.101,0,0,0,0.1,0.1,0.1,0.1,0.1,0.1,0.5,0,11662,0.032927457,0.013977019,0,0,0,0,0,0,0,0,0,0,5,1.203934976
10931.89,0.098968058,0.5,6404,37,0.1443,31.9375,34.5625,36.95,0,0,0,0,0,20,0.5,0.101,0,0,0,0.1,0.1,0.1,0.1,0.1,0.1,0.5,0,11724,0.032838622,0.01415899,0,0,0,0,0,0,0,0,0,0,5,1.075436631
10991.96,0.105627811,0.5,6404,37,0.1643,31.9375,34.5625,36.93,0,0,0,0,0,20,0.5,0.101,0,0,0,0.1,0.1,0.1,0.1,0.1,0.1,0.5,0,11691,0.032589171,0.014027885,0,0,0,0,0,0,0,0,0,0,5,1.21703843
11052.04,0.105623789,0.5,6404,37,0.1122,31.9375,34.5625,36.97,0,0,0,0,0,20,0.5,0.101,0,0,0,0.1,0.1,0.1,0.1,0.1,0.1,0.5,0,12050,0.03253112,0.014024896,0,0,0,0,0,0,0,0,0,0,5,1.156072282
11112.11,0.109309257,0.5,6404,37,0.1307,31.9375,34.5625,37.01,0,0,0,0,0,20,0.5,0.101,0,0,0,0.1,0.1,0.1,0.1,0.1,0.1,0.5,0,12032,0.032662899,0.013713431,0,0,0,0,0,0,0,0,0,0,5,1.20116107
11172.15,0.109154387,0.5,6404,37,0.1481,31.9375,34.5,37.05,0,0,0,0,0,20,0.5,0.101,0,0,0,0.1,0.1,0.1,0.1,0.1,0.1,0.5,0,11904,0.032846102,0.014112903,0,0,0,0,0,0,0,0,0,0,5,1.136849576
11232.21,0.118574437,0.5,6404,37,0.1631,32,34.5625,36.89,0,0,0,0,0,20,0.5,0.101,0,0,0,0.1,0.1,0.1,0.1,0.1,0.1,0.5,0,11757,0.032746449,0.014204304,0,0,0,0,0,0,0,0,0,0,5,1.328340039
11292.27,0.11419245,0.5,6404,37,0.1252,31.9375,34.5,37.05,0,0,0,0,0,20,0.5,0.101,0,0,0,0.1,0.1,0.1,0.1,0.1,0.1,0.5,0,11810,0.032853514,0.013886537,0,0,0,0,0,0,0,0,0,0,5,1.148955816
11352.32,0.119030646,0.5,6404,37,0.1967,32,34.5,36.77,0,0,0,0,0,20,0.5,0.101,0,0,0,0.1,0.1,0.1,0.1,0.1,0.1,0.5,0,12093,0.032746217,0.014223104,0,0,0,0,0,0,0,0,0,0,5,1.215995453
11412.38,0.124082202,0.5,6404,37,0.0828,32,34.4375,37.21,0,0,0,0,0,20,0.5,0.101,0,0,0,0.1,0.1,0.1,0.1,0.1,0.1,0.5,0,12140,0.032289951,0.014003295,0,0,0,0,0,0,0,0,0,0,5,1.279885509
11472.42,0.12352951,0.5,6404,37,0.1643,31.9375,34.4375,36.89,0,0,0,0,0,20,0.5,0.101,0,0,0,0.1,0.1,0.1,0.1,0.1,0.1,0.5,0,12053,0.032771924,0.014187339,0,0,0,0,0,0,0,0,0,0,5,1.202498653
11532.45,0.125823034,0.5,6404,37,0.1234,31.9375,34.375,37.05,0,0,0,0,0,20,0.5,0.101,0,0,0,0.1,0.1,0.1,0.1,0.1,0.1,0.5,0,12045,0.032627646,0.01411374,0,0,0,0,0,0,0,0,0,0,5,1.197562781
11592.51,0.124898783,0.5,6404,37,0.1251,31.875,34.4375,37.03,0,0,0,0,0,20,0.5,0.101,0,0,0,0.1,0.1,0.1,0.1,0.1,0.1,0.5,0,12045,0.032710668,0.013781652,0,0,0,0,0,0,0,0,0,0,5,1.115566378
11652.55,0.130165622,0.5,6404,37,0.1469,31.875,34.4375,36.95,0,0,0,0,0,20,0.5,0.101,0,0,0,0.1,0.1,0.1,0.1,0.1,0.1,0.5,0,12067,0.032816773,0.013839397,0,0,0,0,0,0,0,0,0,0,5,1.183700006
11712.6,0.134060714,0.5,6404,37,0.1911,31.875,34.4375,36.79,0,0,0,0,0,20,0.5,0.101,0,0,0,0.1,0.1,0.1,0.1,0.1,0.1,0.5,0,12034,0.032989862,0.01379425,0,0,0,0,0,0,0,0,0,0,5,1.212970412
11772.68,0.136665084,0.5,6404,37,0.1261,31.875,34.5,37.05,0,0,0,0,0,20,0.5,0.101,0,0,0,0.1,0.1,0.1,0.1,0.1,0.1,0.5,0,12039,0.032477781,0.013788521,0,0,0,0,0,0,0,0,0,0,5,1.210043395
11832.76,0.136130945,0.5,6404,37,0.1555,31.9375,34.5,36.93,0,0,0,0,0,20,0.5,0.101,0,0,0,0.1,0.1,0.1,0.1,0.1,0.1,0.5,0,12035,0.032654757,0.013959285,0,0,0,0,0,0,0,0,0,0,5,1.13779311
11892.81,0.13737362,0.5,6404,37,0.167,31.875,34.5625,36.89,0,0,0,0,0,20,0.5,0.101,0,0,0,0.1,0.1,0.1,0.1,0.1,0.1,0.5,0,11826,0.033147303,0.014205987,0,0,0,0,0,0,0,0,0,0,5,1.108164791
11952.85,0.141134226,0.5,6404,37,0.1364,31.875,34.5625,37.01,0,0,0,0,0,20,0.5,0.101,0,0,0,0.1,0.1,0.1,0.1,0.1,0.1,0.5,0,12119,0.032923509,0.013945045,0,0,0,0,0,0,0,0,0,0,5,1.133777651
12012.91,0.148188793,0.5,6404,37,0.1267,32,34.5625,37.05,0,0,0,0,0,20,0.5,0.101,0,0,0,0.1,0.1,0.1,0.1,0.1,0.1,0.5,0,11875,0.033094737,0.014147368,0,0,0,0,0,0,0,0,0,0,5,1.22341584
12072.95,0.148232356,0.5,6404,37,0.1311,32,34.5625,37.03,0,0,0,0,0,20,0.5,0.101,0,0,0,0.1,0.1,0.1,0.1,0.1,0.1,0.5,0,12249,0.032737366,0.014041963,0,0,0,0,0,0,0,0,0,0,5,1.163126838
12133.02,0.147960621,0.5,6404,37,0.1237,32,34.5,37.05,0,0,0,0,0,20,0.5,0.101,0,0,0,0.1,0.1,0.1,0.1,0.1,0.1,0.5,0,12232,0.032537606,0.013897973,0,0,0,0,0,0,0,0,0,0,5,1.099465934
12193.06,0.155962142,0.5,6404,37,0.1446,31.9375,34.5,36.97,0,0,0,0,0,20,0.5,0.101,0,0,0,0.1,0.1,0.1,0.1,0.1,0.1,0.5,0,12178,0.032435539,0.014041715,0,0,0,0,0,0,0,0,0,0,5,1.202494041
12253.1,0.156727923,0.5,6404,37,0.1231,32,34.5,37.05,0,0,0,0,0,20,0.5,0.101,0,0,0,0.1,0.1,0.1,0.1,0.1,0.1,0.5,0,11830,0.033220626,0.014032122,0,0,0,0,0,0,0,0,0,0,5,1.157063425
12313.15,0.168517282,0.5,6404,37,0.1245,31.9375,34.5625,37.03,0,0,0,0,0,20,0.5,0.101,0,0,0,0.1,0.1,0.1,0.1,0.1,0.1,0.5,0,12188,0.032655071,0.01378405,0,0,0,0,0,0,0,0,0,0,5,1.316791201
12373.19,0.16102553,0.5,6404,37,0.1469,31.9375,34.5,36.95,0,0,0,0,0,20,0.5,0.101,0,0,0,0.1,0.1,0.1,0.1,0.1,0.1,0.5,0,12130,0.033140973,0.01417972,0,0,0,0,0,0,0,0,0,0,5,1.114525479
12433.23,0.172130349,0.5,6404,37,0.1228,31.875,34.4375,37.05,0,0,0,0,0,20,0.5,0.101,0,0,0,0.1,0.1,0.1,0.1,0.1,0.1,0.5,0,12036,0.033067464,0.014373546,0,0,0,0,0,0,0,0,0,0,5,1.258866531
12493.3,0.170590671,0.5,6404,37,0.1225,31.9375,34.5,37.05,0,0,0,0,0,20,0.5,0.101,0,0,0,0.1,0.1,0.1,0.1,0.1,0.1,0.5,0,12154,0.033240086,0.014069442,0,0,0,0,0,0,0,0,0,0,5,1.168967962
12553.38,0.167106718,0.5,6404,37,0.1637,31.875,34.4375,36.89,0,0,0,0,0,20,0.5,0.101,0,0,0,0.1,0.1,0.1,0.1,0.1,0.1,0.5,0,12166,0.033125103,0.014055565,0,0,0,0,0,0,0,0,0,0,5,1.048616635
12613.46,0.174481859,0.5,6404,37,0.1487,31.8125,34.4375,36.95,0,0,0,0,0,20,0.5,0.101,0,0,0,0.1,0.1,0.1,0.1,0.1,0.1,0.5,0,12285,0.032885633,0.013756614,0,0,0,0,0,0,0,0,0,0,5,1.125750201
12673.53,0.174721468,0.5,6404,37,0.1493,31.875,34.4375,36.95,0,0,0,0,0,20,0.5,0.101,0,0,0,0.1,0.1,0.1,0.1,0.1,0.1,0.5,0,12471,0.032796087,0.013791997,0,0,0,0,0,0,0,0,0,0,5,1.073579645
12733.57,0.181245419,0.5,6404,37,0.1484,31.875,34.5,36.95,0,0,0,0,0,20,0.5,0.101,0,0,0,0.1,0.1,0.1,0.1,0.1,0.1,0.5,0,12205,0.033101188,0.014256452,0,0,0,0,0,0,0,0,0,0,5,1.129877445
12793.65,0.187228449,0.5,6404,37,0.1319,31.875,34.5625,37.01,0,0,0,0,0,20,0.5,0.101,0,0,0,0.1,0.1,0.1,0.1,0.1,0.1,0.5,0,12881,0.032606164,0.014051704,0,0,0,0,0,0,0,0,0,0,5,1.170816093
12853.71,0.192963119,0.5,6404,37,0.1546,31.8125,34.5625,36.93,0,0,0,0,0,20,0.5,0.101,0,0,0,0.1,0.1,0.1,0.1,0.1,0.1,0.5,0,12558,0.032329989,0.014094601,0,0,0,0,0,0,0,0,0,0,5,1.202783941
12913.78,0.184142427,0.5,6404,37,0.1231,31.875,34.625,37.05,0,0,0,0,0,20,0.5,0.101,0,0,0,0.1,0.1,0.1,0.1,0.1,0.1,0.5,0,12590,0.032724384,0.014217633,0,0,0,0,0,0,0,0,0,0,5,1.002276065
12973.86,0.190497479,0.5,6404,37,0.1422,31.875,34.5625,36.97,0,0,0,0,0,20,0.5,0.101,0,0,0,0.1,0.1,0.1,0.1,0.1,0.1,0.5,0,12582,0.032904149,0.014226673,0,0,0,0,0,0,0,0,0,0,5,1.053950601
13033.9,0.196364545,0.5,6404,37,0.1943,31.875,34.5,36.77,0,0,0,0,0,20,0.5,0.101,0,0,0,0.1,0.1,0.1,0.1,0.1,0.1,0.5,0,12779,0.032709915,0.014007356,0,0,0,0,0,0,0,0,0,0,5,1.092254744
13093.94,0.200572235,0.5,6404,37,0.1243,31.875,34.5,37.05,0,0,0,0,0,20,0.5,0.101,0,0,0,0.1,0.1,0.1,0.1,0.1,0.1,0.5,0,13057,0.032319828,0.013862296,0,0,0,0,0,0,0,0,0,0,5,1.101246813
13153.98,0.203502183,0.5,6404,37,0.1493,31.9375,34.5,36.95,0,0,0,0,0,20,0.5,0.101,0,0,0,0.1,0.1,0.1,0.1,0.1,0.1,0.5,0,12744,0.032956685,0.013967357,0,0,0,0,0,0,0,0,0,0,5,1.089691303
13214.05,0.214027811,0.5,6404,37,0.1549,31.9375,34.5625,36.93,0,0,0,0,0,20,0.5,0.101,0,0,0,0.1,0.1,0.1,0.1,0.1,0.1,0.5,0,12456,0.032996146,0.013888889,0,0,0,0,0,0,0,0,0,0,5,1.186494436
13274.09,0.217258925,0.5,6404,37,0.1564,31.875,34.5,36.93,0,0,0,0,0,20,0.5,0.101,0,0,0,0.1,0.1,0.1,0.1,0.1,0.1,0.5,0,12697,0.032921162,0.013861542,0,0,0,0,0,0,0,0,0,0,5,1.172121355
13334.13,0.216174301,0.5,6404,37,0.109,31.9375,34.5,37.11,0,0,0,0,0,20,0.5,0.101,0,0,0,0.1,0.1,0.1,0.1,0.1,0.1,0.5,0,13166,0.032507975,0.014127298,0,0,0,0,0,0,0,0,0,0,5,1.098500844
13394.18,0.223627076,0.5,6404,37,0.1284,31.9375,34.4375,37.03,0,0,0,0,0,20,0.5,0.101,0,0,0,0.1,0.1,0.1,0.1,0.1,0.1,0.5,0,12768,0.032659774,0.014176065,0,0,0,0,0,0,0,0,0,0,5,1.145260176
13454.24,0.232281909,0.5,6404,37,0.1731,31.875,34.4375,36.85,0,0,0,0,0,20,0.5,0.101,0,0,0,0.1,0.1,0.1,0.1,0.1,0.1,0.5,0,12918,0.03289983,0.014088868,0,0,0,0,0,0,0,0,0,0,5,1.201912973
13514.32,0.228474792,0.5,6404,37,0.1699,31.875,34.3125,36.87,0,0,0,0,0,20,0.5,0.101,0,0,0,0.1,0.1,0.1,0.1,0.1,0.1,0.5,0,12720,0.032940252,0.013993711,0,0,0,0,0,0,0,0,0,0,5,1.092239701
13574.39,0.229443777,0.5,6404,37,0.1852,31.8125,34.375,36.81,0,0,0,0,0,20,0.5,0.101,0,0,0,0.1,0.1,0.1,0.1,0.1,0.1,0.5,0,13073,0.03266274,0.014151304,0,0,0,0,0,0,0,0,0,0,5,1.050324117
13634.44,0.239456052,0.5,6404,37,0.1467,31.8125,34.4375,36.97,0,0,0,0,0,20,0.5,0.101,0,0,0,0.1,0.1,0.1,0.1,0.1,0.1,0.5,0,13045,0.032502875,0.014181679,0,0,0,0,0,0,0,0,0,0,5,1.125943556
13694.51,0.23920144,0.5,6404,37,0.192,31.8125,34.4375,36.79,0,0,0,0,0,20,0.5,0.101,0,0,0,0.1,0.1,0.1,0.1,0.1,0.1,0.5,0,13491,0.032317842,0.014083463,0,0,0,0,0,0,0,0,0,0,5,1.066454805
13754.59,0.247671237,0.5,6404,37,0.1764,31.875,34.5,36.85,0,0,0,0,0,20,0.5,0.101,0,0,0,0.1,0.1,0.1,0.1,0.1,0.1,0.5,0,13185,0.032764505,0.014182783,0,0,0,0,0,0,0,0,0,0,5,1.11752057
13814.66,0.259159149,0.5,6404,37,0.1355,31.875,34.5,37.01,0,0,0,0,0,20,0.5,0.101,0,0,0,0.1,0.1,0.1,0.1,0.1,0.1,0.5,0,13416,0.032498509,0.013789505,0,0,0,0,0,0,0,0,0,0,5,1.197664952
13874.74,0.260329076,0.5,6404,37,0.1911,31.875,34.5625,36.79,0,0,0,0,0,20,0.5,0.101,0,0,0,0.1,0.1,0.1,0.1,0.1,0.1,0.5,0,13593,0.032369602,0.013757081,0,0,0,0,0,0,0,0,0,0,5,1.151294191
13934.82,0.26778753,0.5,6404,37,0.1328,31.9375,34.625,37.01,0,0,0,0,0,20,0.5,0.101,0,0,0,0.1,0.1,0.1,0.1,0.1,0.1,0.5,0,12984,0.03288663,0.014248306,0,0,0,0,0,0,0,0,0,0,5,1.178471558
13994.86,0.267141551,0.5,6404,37,0.1761,31.875,34.5625,36.85,0,0,0,0,0,20,0.5,0.101,0,0,0,0.1,0.1,0.1,0.1,0.1,0.1,0.5,0,13347,0.032591594,0.014010639,0,0,0,0,0,0,0,0,0,0,5,1.112302386
14054.91,0.275220465,0.5,6404,37,0.0928,31.9375,34.625,37.17,0,0,0,0,0,20,0.5,0.101,0,0,0,0.1,0.1,0.1,0.1,0.1,0.1,0.5,0,12913,0.032912569,0.014326648,0,0,0,0,0,0,0,0,0,0,5,1.146068653
14114.94,0.278194722,0.5,6404,37,0.1113,32,34.625,37.09,0,0,0,0,0,20,0.5,0.101,0,0,0,0.1,0.1,0.1,0.1,0.1,0.1,0.5,0,13180,0.03262519,0.013808801,0,0,0,0,0,0,0,0,0,0,5,1.121011743
14174.97,0.288004617,0.5,6404,37,0.111,31.9375,34.5625,37.09,0,0,0,0,0,20,0.5,0.101,0,0,0,0.1,0.1,0.1,0.1,0.1,0.1,0.5,0,13799,0.032611059,0.013986521,0,0,0,0,0,0,0,0,0,0,5,1.168926773
14235.02,0.283205558,0.5,6404,37,0.1634,31.9375,34.4375,36.89,0,0,0,0,0,20,0.5,0.101,0,0,0,0.1,0.1,0.1,0.1,0.1,0.1,0.5,0,13315,0.032594818,0.013969208,0,0,0,0,0,0,0,0,0,0,5,1.060069855
14295.06,0.289527729,0.5,6404,37,0.1646,31.9375,34.5,36.89,0,0,0,0,0,20,0.5,0.101,0,0,0,0.1,0.1,0.1,0.1,0.1,0.1,0.5,0,13764,0.032693984,0.014167393,0,0,0,0,0,0,0,0,0,0,5,1.073300626
14355.11,0.297018386,0.5,6404,37,0.1443,31.9375,34.5,36.97,0,0,0,0,0,20,0.5,0.101,0,0,0,0.1,0.1,0.1,0.1,0.1,0.1,0.5,0,14417,0.031906777,0.013664424,0,0,0,0,0,0,0,0,0,0,5,1.096264501
14415.15,0.305337812,0.5,6404,37,0.0857,31.9375,34.5,37.19,0,0,0,0,0,20,0.5,0.101,0,0,0,0.1,0.1,0.1,0.1,0.1,0.1,0.5,0,13679,0.032604723,0.013889904,0,0,0,0,0,0,0,0,0,0,5,1.124325385
14475.19,0.314717394,0.5,6404,37,0.1448,32,34.5625,36.95,0,0,0,0,0,20,0.5,0.101,0,0,0,0.1,0.1,0.1,0.1,0.1,0.1,0.5,0,14352,0.032120959,0.013656633,0,0,0,0,0,0,0,0,0,0,5,1.158878101
14535.24,0.320825753,0.5,6404,37,0.1307,31.875,34.375,37.01,0,0,0,0,0,20,0.5,0.101,0,0,0,0.1,0.1,0.1,0.1,0.1,0.1,0.5,0,14118,0.032511687,0.013812155,0,0,0,0,0,0,0,0,0,0,5,1.158603425
14595.29,0.31546032,0.5,6404,37,0.1304,31.9375,34.375,37.01,0,0,0,0,0,20,0.5,0.101,0,0,0,0.1,0.1,0.1,0.1,0.1,0.1,0.5,0,13802,0.032531517,0.013983481,0,0,0,0,0,0,0,0,0,0,5,1.050077518
14655.36,0.326800147,0.5,6404,37,0.1684,31.875,34.375,36.87,0,0,0,0,0,20,0.5,0.101,0,0,0,0.1,0.1,0.1,0.1,0.1,0.1,0.5,0,14233,0.032389517,0.013981592,0,0,0,0,0,0,0,0,0,0,5,1.103521365
14715.42,0.324613548,0.5,6404,37,0.106,31.875,34.375,37.11,0,0,0,0,0,20,0.5,0.101,0,0,0,0.1,0.1,0.1,0.1,0.1,0.1,0.5,0,13953,0.032537805,0.013760482,0,0,0,0,0,0,0,0,0,0,5,1.028205037
14775.49,0.339507304,0.5,6404,37,0.1846,31.875,34.375,36.81,0,0,0,0,0,20,0.5,0.101,0,0,0,0.1,0.1,0.1,0.1,0.1,0.1,0.5,0,13432,0.03305539,0.014294223,0,0,0,0,0,0,0,0,0,0,5,1.111374994
14835.56,0.333290077,0.5,6404,37,0.1914,31.875,34.4375,36.79,0,0,0,0,0,20,0.5,0.101,0,0,0,0.1,0.1,0.1,0.1,0.1,0.1,0.5,0,14682,0.03228443,0.013894565,0,0,0,0,0,0,0,0,0,0,5,1.000359495
14895.61,0.343249874,0.5,6404,37,0.1043,31.875,34.5,37.13,0,0,0,0,0,20,0.5,0.101,0,0,0,0.1,0.1,0.1,0.1,0.1,0.1,0.5,0,14444,0.032124065,0.014192744,0,0,0,0,0,0,0,0,0,0,5,1.038677912
14955.64,0.360443576,0.5,6404,37,0.1084,31.9375,34.5,37.11,0,0,0,0,0,20,0.5,0.101,0,0,0,0.1,0.1,0.1,0.1,0.1,0.1,0.5,0,15189,0.03199684,0.013957469,0,0,0,0,0,0,0,0,0,0,5,1.133374273
15015.69,0.359583423,0.5,6404,37,0.1484,31.875,34.5625,36.95,0,0,0,0,0,20,0.5,0.101,0,0,0,0.1,0.1,0.1,0.1,0.1,0.1,0.5,0,14284,0.032763932,0.013931672,0,0,0,0,0,0,0,0,0,0,5,1.069537882
15075.73,0.367412816,0.5,6404,37,0.1434,31.9375,34.625,36.97,0,0,0,0,0,20,0.5,0.101,0,0,0,0.1,0.1,0.1,0.1,0.1,0.1,0.5,0,15050,0.032159468,0.013953488,0,0,0,0,0,0,0,0,0,0,5,1.080680545
15135.8,0.373411972,0.5,6404,37,0.1525,31.875,34.5625,36.93,0,0,0,0,0,20,0.5,0.101,0,0,0,0.1,0.1,0.1,0.1,0.1,0.1,0.5,0,14804,0.032153472,0.014252905,0,0,0,0,0,0,0,0,0,0,5,1.07523523
15195.87,0.367598919,0.5,6404,37,0.1237,31.9375,34.5625,37.05,0,0,0,0,0,20,0.5,0.101,0,0,0,0.1,0.1,0.1,0.1,0.1,0.1,0.5,0,14029,0.032860503,0.01397106,0,0,0,0,0,0,0,0,0,0,5,0.974403943
15255.95,0.381000172,0.5,6404,37,0.1481,31.9375,34.5625,36.95,0,0,0,0,0,20,0.5,0.101,0,0,0,0.1,0.1,0.1,0.1,0.1,0.1,0.5,0,15450,0.03197411,0.013656958,0,0,0,0,0,0,0,0,0,0,5,1.03310587
15316.04,0.38930827,0.5,6404,37,0.0698,31.9375,34.5,37.25,0,0,0,0,0,20,0.5,0.101,0,0,0,0.1,0.1,0.1,0.1,0.1,0.1,0.5,0,14808,0.032414911,0.014113992,0,0,0,0,0,0,0,0,0,0,5,1.046165594
15376.1,0.393720865,0.5,6404,37,0.18795,31.875,34.5625,36.85,0,0,0,0,0,20,0.5,0.101,0,0,0,0.1,0.1,0.1,0.1,0.1,0.1,0.5,0,14777,0.032618258,0.013872911,0,0,0,0,0,0,0,0,0,0,5,1.027669404
15436.14,0.405453813,0.5,6404,37,0.12085,31.9375,34.5,36.85,0,0,0,0,0,20,0.5,0.101,0,0,0,0.1,0.1,0.1,0.1,0.1,0.1,0.5,0,15397,0.03214912,0.013963759,0,0,0,0,0,0,0,0,0,0,5,1.064380245
15496.21,0.40495459,0.5,6404,37,0.17625,31.9375,34.4375,36.89,0,0,0,0,0,20,0.5,0.101,0,0,0,0.1,0.1,0.1,0.1,0.1,0.1,0.5,0,14981,0.032374341,0.013951005,0,0,0,0,0,0,0,0,0,0,5,1.007465149
15556.25,0.407853293,0.5,6404,37,0.10265,31.9375,34.375,36.81,0,0,0,0,0,20,0.5,0.101,0,0,0,0.1,0.1,0.1,0.1,0.1,0.1,0.5,0,15374,0.031937037,0.01385456,0,0,0,0,0,0,0,0,0,0,5,0.978489684
15616.33,0.41741539,0.5,6404,37,0.13085,31.9375,34.4375,36.87,0,0,0,0,0,20,0.5,0.101,0,0,0,0.1,0.1,0.1,0.1,0.1,0.1,0.5,0,15171,0.032232549,0.013710368,0,0,0,0,0,0,0,0,0,0,5,0.999088189
15676.41,0.421870432,0.5,6404,37,0.16765,31.875,34.4375,36.93,0,0,0,0,0,20,0.5,0.101,0,0,0,0.1,0.1,0.1,0.1,0.1,0.1,0.5,0,15305,0.032211696,0.014113035,0,0,0,0,0,0,0,0,0,0,5,0.980982888
15736.45,0.431789265,0.5,6404,37,0.11115,31.9375,34.4375,37.03,0,0,0,0,0,20,0.5,0.101,0,0,0,0.1,0.1,0.1,0.1,0.1,0.1,0.5,0,16175,0.031468315,0.01366306,0,0,0,0,0,0,0,0,0,0,5,1.00165201
15796.52,0.439679578,0.5,6404,37,0.14855,31.875,34.4375,36.85,0,0,0,0,0,20,0.5,0.101,0,0,0,0.1,0.1,0.1,0.1,0.1,0.1,0.5,0,15531,0.032064902,0.013907669,0,0,0,0,0,0,0,0,0,0,5,1.005895132
15856.57,0.440576527,0.5,6404,37,0.13745,31.875,34.5,37.11,0,0,0,0,0,20,0.5,0.101,0,0,0,0.1,0.1,0.1,0.1,0.1,0.1,0.5,0,16267,0.031597713,0.013954632,0,0,0,0,0,0,0,0,0,0,5,0.961714162
15916.64,0.450706048,0.5,6404,37,0.13125,31.875,34.5,36.89,0,0,0,0,0,20,0.5,0.101,0,0,0,0.1,0.1,0.1,0.1,0.1,0.1,0.5,0,15977,0.032171246,0.013707204,0,0,0,0,0,0,0,0,0,0,5,0.981822022
15976.72,0.454131165,0.5,6404,37,0.12915,31.875,34.5,37.19,0,0,0,0,0,20,0.5,0.101,0,0,0,0.1,0.1,0.1,0.1,0.1,0.1,0.5,0,16079,0.031904969,0.013931215,0,0,0,0,0,0,0,0,0,0,5,0.955443076
16036.77,0.480225182,0.5,6404,37,0.14975,31.8125,34.5,37.19,0,0,0,0,0,20,0.5,0.101,0,0,0,0.1,0.1,0.1,0.1,0.1,0.1,0.5,0,16575,0.031553544,0.01387632,0,0,0,0,0,0,0,0,0,0,5,1.07527809
16096.81,0.46578573,0.5,6404,37,0.13415,31.9375,34.5,36.93,0,0,0,0,0,20,0.5,0.101,0,0,0,0.1,0.1,0.1,0.1,0.1,0.1,0.5,0,15337,0.032535698,0.014213992,0,0,0,0,0,0,0,0,0,0,5,0.92992598
16156.85,0.473215476,0.5,6404,37,0.18945,31.8125,34.5625,36.95,0,0,0,0,0,20,0.5,0.101,0,0,0,0.1,0.1,0.1,0.1,0.1,0.1,0.5,0,16086,0.032201915,0.013800821,0,0,0,0,0,0,0,0,0,0,5,0.93090503
16216.95,0.490432799,0.5,6404,37,0.15005,31.875,34.5625,36.97,0,0,0,0,0,20,0.5,0.101,0,0,0,0.1,0.1,0.1,0.1,0.1,0.1,0.5,0,17007,0.031634033,0.01375904,0,0,0,0,0,0,0,0,0,0,5,0.991572059
16276.98,0.48838281,0.5,6404,37,0.10675,31.875,34.5625,37.03,0,0,0,0,0,20,0.5,0.101,0,0,0,0.1,0.1,0.1,0.1,0.1,0.1,0.5,0,16610,0.031908489,0.013606261,0,0,0,0,0,0,0,0,0,0,5,0.929427303
16337.07,0.502683598,0.5,6404,37,0.15325,31.8125,34.5625,36.95,0,0,0,0,0,20,0.5,0.101,0,0,0,0.1,0.1,0.1,0.1,0.1,0.1,0.5,0,16459,0.031897442,0.014034875,0,0,0,0,0,0,0,0,0,0,5,0.969540129
16397.15,0.520871315,0.5,6404,37,0.08495,31.875,34.5,36.89,0,0,0,0,0,20,0.5,0.101,0,0,0,0.1,0.1,0.1,0.1,0.1,0.1,0.5,0,17564,0.031484855,0.013721248,0,0,0,0,0,0,0,0,0,0,5,1.027689336
16457.22,0.530866903,0.5,6404,37,0.12615,31.875,34.5,36.93,0,0,0,0,0,20,0.5,0.101,0,0,0,0.1,0.1,0.1,0.1,0.1,0.1,0.5,0,17647,0.031336771,0.013600045,0,0,0,0,0,0,0,0,0,0,5,1.033329837
16517.3,0.52357938,0.5,6404,37,0.15385,31.9375,34.5,36.97,0,0,0,0,0,20,0.5,0.101,0,0,0,0.1,0.1,0.1,0.1,0.1,0.1,0.5,0,17239,0.031788387,0.013747897,0,0,0,0,0,0,0,0,0,0,5,0.940195288
16577.37,0.544213234,0.5,6404,37,0.11295,31.9375,34.5,37.01,0,0,0,0,0,20,0.5,0.101,0,0,0,0.1,0.1,0.1,0.1,0.1,0.1,0.5,0,17682,0.031331297,0.013969008,0,0,0,0,0,0,0,0,0,0,5,1.009143002
16637.45,0.535494681,0.5,6404,37,0.10585,31.9375,34.4375,36.89,0,0,0,0,0,20,0.5,0.101,0,0,0,0.1,0.1,0.1,0.1,0.1,0.1,0.5,0,16824,0.032037565,0.01402758,0,0,0,0,0,0,0,0,0,0,5,0.910235289
16697.53,0.55413495,0.5,6404,37,0.18415,31.875,34.375,36.89,0,0,0,0,0,20,0.5,0.101,0,0,0,0.1,0.1,0.1,0.1,0.1,0.1,0.5,0,17799,0.031350076,0.013877184,0,0,0,0,0,0,0,0,0,0,5,0.967375404
16757.6,0.568557815,0.5,6404,37,0.33665,31.875,34.375,36.69,0,0.02,0.15,0,0,20,0.5,0.101,0,0,0,0.1,0.1,0.1,0.1,0.1,0.1,0.5,0,17961,0.031290017,0.013919047,0,0,0,0,0,0,0,0,0,0,0.44,0.967375404
16817.66,0.494468145,0.5,6404,37,0.468975,31.6875,34.3125,36.17,0,0.02,0.25,0,0,20,0.5,0.101,0,0,0,0.1,0.1,0.1,0.1,0.1,0.1,0.5,0,17696,0.03141953,0.013844937,0,0,0,0,0,0,0,0,0,0,0.44,0.967375404
16877.71,0.438198547,0.5,6404,37,0.4164,31.625,34.375,36.13,0,0,0.07,0,0,20,0.5,0.101,0,0,0,0.1,0.1,0.1,0.1,0.1,0.1,0.5,0,15960,0.031892231,0.014035088,0,0,0,0,0,0,0,0,0,0,5,0.967375404
16937.78,0.450128725,0.5,6404,37,0.2757,31.75,34.375,36.73,0,0,0.07,0,0,20,0.5,0.101,0,0,0,0.1,0.1,0.1,0.1,0.1,0.1,0.5,0,15703,0.031904732,0.014010062,0,0,0,0,0,0,0,0,0,0,5,0.967375404
16997.85,0.463750255,0.5,6404,37,0.137,31.9375,34.375,37.25,0,0,0.07,0,0,20,0.5,0.101,0,0,0,0.1,0.1,0.1,0.1,0.1,0.1,0.5,0,14801,0.032835619,0.013850416,0,0,0,0,0,0,0,0,0,0,5,0.967375404
17057.92,0.466047957,0.5,6404,37,0.1377,32.0625,34.375,37.21,0,0,0.07,0,0,20,0.5,0.101,0,0,0,0.1,0.1,0.1,0.1,0.1,0.1,0.5,0,16431,0.031769217,0.013997931,0,0,0,0,0,0,0,0,0,0,5,0.967375404
17117.96,0.46432846,0.5,6404,37,0.2056,32,34.4375,36.93,0,0,0.25,0,0,20,0.5,0.101,0,0,0,0.1,0.1,0.1,0.1,0.1,0.1,0.5,0,16267,0.031966558,0.013954632,0,0,0,0,0,0,0,0,0,0,5,0.967375404
17178.02,0.487989504,0.5,6404,37,0.1549,32.0625,34.5,37.11,0,0,0.07,0,0,20,0.5,0.101,0,0,0,0.1,0.1,0.1,0.1,0.1,0.1,0.5,0,16504,0.03181047,0.013936016,0,0,0,0,0,0,0,0,0,0,5,0.967375404
17238.08,0.506350627,0.5,6404,37,0.1345,32.125,34.5,37.17,0,0,0.07,0,0,20,0.5,0.101,0,0,0,0.1,0.1,0.1,0.1,0.1,0.1,0.5,0,15825,0.031974724,0.013965245,0,0,0,0,0,0,0,0,0,0,5,1.029813047
17298.16,0.499772522,0.5,6404,37,0.17,32.1875,34.5,37.01,0,0,0.07,0,0,20,0.5,0.101,0,0,0,0.1,0.1,0.1,0.1,0.1,0.1,0.5,0,16742,0.032015291,0.014036555,0,0,0,0,0,0,0,0,0,0,5,0.939093405
17358.24,0.512938289,0.5,6404,37,0.1361,32.125,34.5625,37.13,0,0,0.07,0,0,20,0.5,0.101,0,0,0,0.1,0.1,0.1,0.1,0.1,0.1,0.5,0,16675,0.031964018,0.013673163,0,0,0,0,0,0,0,0,0,0,5,0.970146249
17418.3,0.531497935,0.5,6404,37,0.1133,32.0625,34.5,37.19,0,0,0.25,0,0,20,0.5,0.101,0,0,0,0.1,0.1,0.1,0.1,0.1,0.1,0.5,0,17227,0.031520288,0.013989667,0,0,0,0,0,0,0,0,0,0,5,1.028270248
17478.34,0.534158639,0.5,6404,37,0.09455,32,34.4375,37.25,0,0,0,0,0,20,0.5,0.101,0,0,0,0.1,0.1,0.1,0.1,0.1,0.1,0.5,0,16898,0.031897266,0.014084507,0,0,0,0,0,0,0,0,0,0,5,0.991837409
17538.42,0.54915044,0.5,6404,37,0.13975,32,34.5,36.87,0,0,0,0,0,20,0.5,0.101,0,0,0,0.1,0.1,0.1,0.1,0.1,0.1,0.5,0,17727,0.031533818,0.013651492,0,0,0,0,0,0,0,0,0,0,5,1.025284213
17598.48,0.549862209,0.5,6404,37,0.336,32,34.5,36.71,0,0.02,0.15,0,0,20,0.5,0.101,0,0,0,0.1,0.1,0.1,0.1,0.1,0.1,0.5,0,17365,0.031730492,0.013936078,0,0,0,0,0,0,0,0,0,0,0.44,1.025284213
17658.54,0.522434955,0.5,6404,37,0.4542,31.875,34.5,36.23,0,0.02,0.15,0,0,20,0.5,0.101,0,0,0,0.1,0.1,0.1,0.1,0.1,0.1,0.5,0,16190,0.032242125,0.013835701,0,0,0,0,0,0,0,0,0,0,0.44,1.025284213
17718.59,0.45739147,0.5,6404,37,0.555225,31.75,34.4375,35.91,0,0.02,0.25,0,0,20,0.5,0.101,0,0,0,0.1,0.1,0.1,0.1,0.1,0.1,0.5,0,15818,0.03224175,0.013781768,0,0,0,0,0,0,0,0,0,0,0.44,1.025284213
17778.63,0.407867315,0.5,6404,37,0.4666,31.8125,34.375,36.09,0,0,0.07,0,0,20,0.5,0.101,0,0,0,0.1,0.1,0.1,0.1,0.1,0.1,0.5,0,14763,0.032513717,0.014292488,0,0,0,0,0,0,0,0,0,0,5,1.025284213
17838.7,0.418909544,0.5,6404,37,0.1948,32,34.375,37.17,0,0,0.07,0,0,20,0.5,0.101,0,0,0,0.1,0.1,0.1,0.1,0.1,0.1,0.5,0,15691,0.031929131,0.013702122,0,0,0,0,0,0,0,0,0,0,5,1.025284213
17898.77,0.423330112,0.5,6404,37,0.1219,32.1875,34.375,37.41,0,0,0.07,0,0,20,0.5,0.101,0,0,0,0.1,0.1,0.1,0.1,0.1,0.1,0.5,0,15176,0.032287823,0.014035319,0,0,0,0,0,0,0,0,0,0,5,1.025284213
17958.82,0.445000205,0.5,6404,37,0.089,32.25,34.25,37.49,0,0,0.07,0,0,20,0.5,0.101,0,0,0,0.1,0.1,0.1,0.1,0.1,0.1,0.5,0,16056,0.031826109,0.013577479,0,0,0,0,0,0,0,0,0,0,5,1.025284213
18018.89,0.437869418,0.5,6404,37,0.1558,32.1875,34.3125,37.17,0,0,0.25,0,0,20,0.5,0.101,0,0,0,0.1,0.1,0.1,0.1,0.1,0.1,0.5,0,16097,0.032117786,0.013915636,0,0,0,0,0,0,0,0,0,0,5,1.025284213
18078.94,0.454503987,0.5,6404,37,0.1813,32.125,34.375,37.05,0,0,0.07,0,0,20,0.5,0.101,0,0,0,0.1,0.1,0.1,0.1,0.1,0.1,0.5,0,15411,0.032119914,0.014080851,0,0,0,0,0,0,0,0,0,0,5,1.025284213
18138.98,0.469935489,0.5,6404,37,0.1777,32.0625,34.3125,37.05,0,0,0.07,0,0,20,0.5,0.101,0,0,0,0.1,0.1,0.1,0.1,0.1,0.1,0.5,0,15140,0.032694848,0.013936592,0,0,0,0,0,0,0,0,0,0,5,1.074186225
18199.05,0.467925092,0.5,6404,37,0.1284,32.0625,34.375,37.21,0,0,0.07,0,0,20,0.5,0.101,0,0,0,0.1,0.1,0.1,0.1,0.1,0.1,0.5,0,15856,0.032101413,0.014064077,0,0,0,0,0,0,0,0,0,0,5,1.007615301
18259.09,0.479009361,0.5,6404,37,0.1445,32.0625,34.375,37.13,0,0,0.07,0,0,20,0.5,0.101,0,0,0,0.1,0.1,0.1,0.1,0.1,0.1,0.5,0,15866,0.032207236,0.014181268,0,0,0,0,0,0,0,0,0,0,5,1.027470283
18319.17,0.492323875,0.5,6404,37,0.1394,32,34.375,37.13,0,0,0.25,0,0,20,0.5,0.101,0,0,0,0.1,0.1,0.1,0.1,0.1,0.1,0.5,0,16761,0.0315017,0.013901319,0,0,0,0,0,0,0,0,0,0,5,1.058346697
18379.23,0.50213675,0.5,6404,37,0.08445,32,34.4375,37.25,0,0,0,0,0,20,0.5,0.101,0,0,0,0.1,0.1,0.1,0.1,0.1,0.1,0.5,0,15904,0.032130282,0.013770121,0,0,0,0,0,0,0,0,0,0,5,1.064636493
18439.31,0.51457263,0.5,6404,37,0.11935,32,34.4375,37.11,0,0,0,0,0,20,0.5,0.101,0,0,0,0.1,0.1,0.1,0.1,0.1,0.1,0.5,0,16526,0.031768123,0.013977974,0,0,0,0,0,0,0,0,0,0,5,1.084797324
18499.4,0.535279505,0.5,6404,37,0.16695,32,34.4375,37.03,0,0,0,0,0,20,0.5,0.101,0,0,0,0.1,0.1,0.1,0.1,0.1,0.1,0.5,0,16675,0.031664168,0.013853073,0,0,0,0,0,0,0,0,0,0,5,1.148914473
18559.47,0.522833387,0.5,6404,37,0.09245,32,34.4375,37.03,0,0,0,0,0,20,0.5,0.101,0,0,0,0.1,0.1,0.1,0.1,0.1,0.1,0.5,0,16632,0.031685907,0.013708514,0,0,0,0,0,0,0,0,0,0,5,1.020890125
18619.51,0.528958728,0.5,6404,37,0.12385,32,34.5,36.87,0,0,0,0,0,20,0.5,0.101,0,0,0,0.1,0.1,0.1,0.1,0.1,0.1,0.5,0,16458,0.031717098,0.014096488,0,0,0,0,0,0,0,0,0,0,5,1.004788324
18679.58,0.543353068,0.5,6404,37,0.17065,32,34.5,37.11,0,0,0,0,0,20,0.5,0.101,0,0,0,0.1,0.1,0.1,0.1,0.1,0.1,0.5,0,17062,0.03153206,0.013890517,0,0,0,0,0,0,0,0,0,0,5,1.035095656
18739.66,0.542045854,0.5,6404,37,0.301875,32.0625,34.5625,36.85,0,0.02,0.15,0,0,20,0.5,0.101,0,0,0,0.1,0.1,0.1,0.1,0.1,0.1,0.5,0,17074,0.031685604,0.013939323,0,0,0,0,0,0,0,0,0,0,0.44,1.035095656
18799.7,0.494712015,0.5,6404,37,0.6354,31.8125,34.5,35.39,0,0.02,0.15,0,0,20,0.5,0.101,0,0,0,0.1,0.1,0.1,0.1,0.1,0.1,0.5,0,15805,0.032458083,0.013919646,0,0,0,0,0,0,0,0,0,0,0.44,1.035095656
18859.75,0.444794747,0.5,6404,37,0.3832,31.75,34.5,36.33,0,0,0.07,0,0,20,0.5,0.101,0,0,0,0.1,0.1,0.1,0.1,0.1,0.1,0.5,0,15341,0.032266475,0.014079917,0,0,0,0,0,0,0,0,0,0,5,1.035095656
18919.78,0.44406099,0.5,6404,37,0.25,31.9375,34.4375,36.87,0,0,0.25,0,0,20,0.5,0.101,0,0,0,0.1,0.1,0.1,0.1,0.1,0.1,0.5,0,14936,0.032739689,0.013926085,0,0,0,0,0,0,0,0,0,0,5,1.035095656
18979.84,0.463905635,0.5,6404,37,0.1481,32.0625,34.5,37.25,0,0,0.07,0,0,20,0.5,0.101,0,0,0,0.1,0.1,0.1,0.1,0.1,0.1,0.5,0,15543,0.031975809,0.013832593,0,0,0,0,0,0,0,0,0,0,5,1.035095656
19039.92,0.472692452,0.5,6404,37,0.094,32.1875,34.4375,37.41,0,0,0.07,0,0,20,0.5,0.101,0,0,0,0.1,0.1,0.1,0.1,0.1,0.1,0.5,0,16516,0.031787358,0.013623153,0,0,0,0,0,0,0,0,0,0,5,1.035095656
19099.96,0.477172792,0.5,6404,37,0.1377,32.1875,34.4375,37.21,0,0,0.07,0,0,20,0.5,0.101,0,0,0,0.1,0.1,0.1,0.1,0.1,0.1,0.5,0,15575,0.032423756,0.01399679,0,0,0,0,0,0,0,0,0,0,5,1.035095656
19160.02,0.485488823,0.5,6404,37,0.155,32.125,34.4375,37.13,0,0,0.07,0,0,20,0.5,0.101,0,0,0,0.1,0.1,0.1,0.1,0.1,0.1,0.5,0,16504,0.031749879,0.013996607,0,0,0,0,0,0,0,0,0,0,5,1.035095656
19220.08,0.492776523,0.5,6404,37,0.1346,32.125,34.375,37.19,0,0,0.25,0,0,20,0.5,0.101,0,0,0,0.1,0.1,0.1,0.1,0.1,0.1,0.5,0,15857,0.032225516,0.014000126,0,0,0,0,0,0,0,0,0,0,5,1.028039385
19280.14,0.503182588,0.5,6404,37,0.1,32.125,34.375,37.29,0,0,0.07,0,0,20,0.5,0.101,0,0,0,0.1,0.1,0.1,0.1,0.1,0.1,0.5,0,16212,0.032013323,0.013940291,0,0,0,0,0,0,0,0,0,0,5,1.039329411
19340.22,0.510477399,0.5,6404,37,0.1352,32.0625,34.375,37.13,0,0,0.07,0,0,20,0.5,0.101,0,0,0,0.1,0.1,0.1,0.1,0.1,0.1,0.5,0,17222,0.031471374,0.013935664,0,0,0,0,0,0,0,0,0,0,5,1.030542724
19400.27,0.514814957,0.5,6404,37,0.113,32.0625,34.4375,37.19,0,0,0.07,0,0,20,0.5,0.101,0,0,0,0.1,0.1,0.1,0.1,0.1,0.1,0.5,0,16881,0.031751673,0.013920976,0,0,0,0,0,0,0,0,0,0,5,1.004399084
19460.34,0.528214323,0.5,6404,37,0.12605,32,34.4375,36.97,0,0,0,0,0,20,0.5,0.101,0,0,0,0.1,0.1,0.1,0.1,0.1,0.1,0.5,0,17043,0.031508537,0.013964678,0,0,0,0,0,0,0,0,0,0,5,1.031262893
19520.43,0.546210833,0.5,6404,37,0.11455,32,34.4375,36.97,0,0,0,0,0,20,0.5,0.101,0,0,0,0.1,0.1,0.1,0.1,0.1,0.1,0.5,0,17108,0.031739537,0.013970072,0,0,0,0,0,0,0,0,0,0,5,1.080208522
19580.46,0.552296983,0.5,6404,37,0.3961,32,34.5,36.45,0,0.02,0.15,0,0,20,0.5,0.101,0,0,0,0.1,0.1,0.1,0.1,0.1,0.1,0.5,0,16978,0.031864766,0.013782542,0,0,0,0,0,0,0,0,0,0,0.44,1.080208522
19640.49,0.48510717,0.5,6404,37,0.49621252,31.875,34.5,36.05,0,0.017370973,0.139483891,0,0,20,0.5,0.101,0,0,0,0.1,0.1,0.1,0.1,0.1,0.1,0.5,0,15988,0.032024018,0.013885414,0,0,0,0,0,0,0,0,0,0,0.44,1.080208522
19700.56,0.441718102,0.5,6404,37,0.3432,31.875,34.5,36.49,0,0,0.07,0,0,20,0.5,0.101,0,0,0,0.1,0.1,0.1,0.1,0.1,0.1,0.5,0,15586,0.031951752,0.014051071,0,0,0,0,0,0,0,0,0,0,5,1.080208522
19760.61,0.441117491,0.5,6404,37,0.2029,32,34.5,37.05,0,0,0.07,0,0,20,0.5,0.101,0,0,0,0.1,0.1,0.1,0.1,0.1,0.1,0.5,0,15354,0.032499674,0.013937736,0,0,0,0,0,0,0,0,0,0,5,1.080208522
19820.65,0.455490396,0.5,6404,37,0.1837,32.125,34.5625,37.11,0,0,0.25,0,0,20,0.5,0.101,0,0,0,0.1,0.1,0.1,0.1,0.1,0.1,0.5,0,15611,0.032092755,0.014092627,0,0,0,0,0,0,0,0,0,0,5,1.080208522
19880.71,0.459837912,0.5,6404,37,0.1382,32.1875,34.5625,37.25,0,0,0.07,0,0,20,0.5,0.101,0,0,0,0.1,0.1,0.1,0.1,0.1,0.1,0.5,0,15735,0.032094058,0.01398157,0,0,0,0,0,0,0,0,0,0,5,1.080208522
19940.75,0.463491905,0.5,6404,37,0.13445,32.25,34.5625,37.37,0,0,0.07,0,0,20,0.5,0.101,0,0,0,0.1,0.1,0.1,0.1,0.1,0.1,0.5,0,15392,0.032549376,0.014098233,0,0,0,0,0,0,0,0,0,0,5,1.080208522
20000.82,0.478454085,0.5,6404,37,0.11455,32.1875,34.5,37.09,0,0,0.07,0,0,20,0.5,0.101,0,0,0,0.1,0.1,0.1,0.1,0.1,0.1,0.5,0,16778,0.031290976,0.013827631,0,0,0,0,0,0,0,0,0,0,5,1.080208522
20060.87,0.512944958,0.5,6404,37,0.16855,32.1875,34.5,37.05,0,0,0.07,0,0,20,0.5,0.101,0,0,0,0.1,0.1,0.1,0.1,0.1,0.1,0.5,0,16480,0.031674757,0.01401699,0,0,0,0,0,0,0,0,0,0,5,1.235022982
20120.94,0.498789461,0.5,6404,37,0.1388,32.25,34.5,37.13,0,0,0.25,0,0,20,0.5,0.101,0,0,0,0.1,0.1,0.1,0.1,0.1,0.1,0.5,0,16356,0.031914894,0.013817559,0,0,0,0,0,0,0,0,0,0,5,1.089318457
20180.99,0.505716081,0.5,6404,37,0.10505,32.125,34.4375,37.19,0,0,0.07,0,0,20,0.5,0.101,0,0,0,0.1,0.1,0.1,0.1,0.1,0.1,0.5,0,16907,0.031584551,0.013899568,0,0,0,0,0,0,0,0,0,0,5,1.0762265
20241.06,0.518952614,0.5,6404,37,0.11935,32.125,34.4375,37.05,0,0,0.07,0,0,20,0.5,0.101,0,0,0,0.1,0.1,0.1,0.1,0.1,0.1,0.5,0,16468,0.031819286,0.013845033,0,0,0,0,0,0,0,0,0,0,5,1.099926682
20301.14,0.529749134,0.5,6404,37,0.16935,32.0625,34.5,36.95,0,0,0,0,0,20,0.5,0.101,0,0,0,0.1,0.1,0.1,0.1,0.1,0.1,0.5,0,16460,0.031956258,0.014034022,0,0,0,0,0,0,0,0,0,0,5,1.106703305
20361.22,0.543697624,0.5,6404,37,0.10665,32,34.4375,37.17,0,0,0,0,0,20,0.5,0.101,0,0,0,0.1,0.1,0.1,0.1,0.1,0.1,0.5,0,17925,0.031297071,0.013779637,0,0,0,0,0,0,0,0,0,0,5,1.129337213
20421.28,0.572747637,0.5,6404,37,0.384125,32,34.4375,36.53,0,0.02,0.25,0,0,20,0.5,0.101,0,0,0,0.1,0.1,0.1,0.1,0.1,0.1,0.5,0,16365,0.032263978,0.014054384,0,0,0,0,0,0,0,0,0,0,0.44,1.129337213
20481.31,0.489842037,0.5,6404,37,0.43715,31.8125,34.375,36.39,0,0.02,0.15,0,0,20,0.5,0.101,0,0,0,0.1,0.1,0.1,0.1,0.1,0.1,0.5,0,16018,0.03215133,0.013734549,0,0,0,0,0,0,0,0,0,0,0.44,1.129337213
20541.4,0.442420443,0.5,6404,37,0.5796,31.8125,34.4375,36.09,0,0,0.07,0,0,20,0.5,0.101,0,0,0,0.1,0.1,0.1,0.1,0.1,0.1,0.5,0,16088,0.031638488,0.013799105,0,0,0,0,0,0,0,0,0,0,5,1.129337213
20601.47,0.450361125,0.5,6404,37,0.27215,31.9375,34.4375,36.93,0,0,0.07,0,0,20,0.5,0.101,0,0,0,0.1,0.1,0.1,0.1,0.1,0.1,0.5,0,15237,0.032355451,0.013782241,0,0,0,0,0,0,0,0,0,0,5,1.129337213
20661.55,0.456668524,0.5,6404,37,0.14885,32.125,34.5,37.09,0,0,0.07,0,0,20,0.5,0.101,0,0,0,0.1,0.1,0.1,0.1,0.1,0.1,0.5,0,15791,0.031980242,0.013995314,0,0,0,0,0,0,0,0,0,0,5,1.129337213
20721.62,0.470795585,0.5,6404,37,0.1558,32.25,34.5625,37.17,0,0,0.25,0,0,20,0.5,0.101,0,0,0,0.1,0.1,0.1,0.1,0.1,0.1,0.5,0,15601,0.032241523,0.013845266,0,0,0,0,0,0,0,0,0,0,5,1.129337213
20781.68,0.490734659,0.5,6404,37,0.12675,32.1875,34.5625,37.17,0,0,0.07,0,0,20,0.5,0.101,0,0,0,0.1,0.1,0.1,0.1,0.1,0.1,0.5,0,15860,0.031904161,0.013808323,0,0,0,0,0,0,0,0,0,0,5,1.129337213
20841.72,0.490720258,0.5,6404,37,0.09775,32.1875,34.5,37.21,0,0,0.07,0,0,20,0.5,0.101,0,0,0,0.1,0.1,0.1,0.1,0.1,0.1,0.5,0,16110,0.031967722,0.014028554,0,0,0,0,0,0,0,0,0,0,5,1.129337213
20901.78,0.492840097,0.5,6404,37,0.14795,32.1875,34.5,37.17,0,0,0.07,0,0,20,0.5,0.101,0,0,0,0.1,0.1,0.1,0.1,0.1,0.1,0.5,0,16721,0.031636864,0.013934573,0,0,0,0,0,0,0,0,0,0,5,1.085801999
20961.86,0.512836281,0.5,6404,37,0.11255,32.1875,34.5625,37.13,0,0,0.07,0,0,20,0.5,0.101,0,0,0,0.1,0.1,0.1,0.1,0.1,0.1,0.5,0,16501,0.031937458,0.014059754,0,0,0,0,0,0,0,0,0,0,5,1.150827539
21021.9,0.51528957,0.5,6404,37,0.1599,32.125,34.5,37.03,0,0,0.25,0,0,20,0.5,0.101,0,0,0,0.1,0.1,0.1,0.1,0.1,0.1,0.5,0,16969,0.031587012,0.013848783,0,0,0,0,0,0,0,0,0,0,5,1.107603241
21081.97,0.528136293,0.5,6404,37,0.13295,32.125,34.5,36.93,0,0,0.07,0,0,20,0.5,0.101,0,0,0,0.1,0.1,0.1,0.1,0.1,0.1,0.5,0,16454,0.031907135,0.014099915,0,0,0,0,0,0,0,0,0,0,5,1.126099178
21142.01,0.53702199,0.5,6404,37,0.10575,32.125,34.5,37.11,0,0,0,0,0,20,0.5,0.101,0,0,0,0.1,0.1,0.1,0.1,0.1,0.1,0.5,0,17081,0.031614074,0.01393361,0,0,0,0,0,0,0,0,0,0,5,1.11984821
21202.05,0.545821721,0.5,6404,37,0.12895,32,34.5625,36.97,0,0,0,0,0,20,0.5,0.101,0,0,0,0.1,0.1,0.1,0.1,0.1,0.1,0.5,0,17062,0.031590669,0.013656078,0,0,0,0,0,0,0,0,0,0,5,1.112615883
21262.13,0.564576926,0.5,6404,37,0.4446,32,34.5,36.23,0,0.02,0.15,0,0,20,0.5,0.101,0,0,0,0.1,0.1,0.1,0.1,0.1,0.1,0.5,0,18350,0.031171662,0.013514986,0,0,0,0,0,0,0,0,0,0,0.44,1.112615883
21322.19,0.500051156,0.5,6404,37,0.546625,31.9375,34.4375,35.89,0,0.02,0.25,0,0,20,0.5,0.101,0,0,0,0.1,0.1,0.1,0.1,0.1,0.1,0.5,0,16171,0.032032651,0.013913796,0,0,0,0,0,0,0,0,0,0,0.44,1.112615883
21382.23,0.456433814,0.5,6404,37,0.573337895,31.875,34.375,35.85,0,0.015359429,0.131437716,0,0,20,0.5,0.101,0,0,0,0.1,0.1,0.1,0.1,0.1,0.1,0.5,0,15858,0.031529827,0.013683945,0,0,0,0,0,0,0,0,0,0,0.44,1.112615883
21442.31,0.397428699,0.5,6404,37,0.499947324,31.9375,34.375,36.45,0,0,0.07,0,0,20,0.5,0.101,0,0,0,0.1,0.1,0.1,0.1,0.1,0.1,0.5,0,14674,0.032574622,0.014038435,0,0,0,0,0,0,0,0,0,0,5,1.112615883
21502.38,0.413020875,0.5,6404,37,0.20945,32.125,34.4375,37.09,0,0,0.07,0,0,20,0.5,0.101,0,0,0,0.1,0.1,0.1,0.1,0.1,0.1,0.5,0,14465,0.032768752,0.013964742,0,0,0,0,0,0,0,0,0,0,5,1.112615883
21562.45,0.425278927,0.5,6404,37,0.09775,32.25,34.4375,37.33,0,0,0.07,0,0,20,0.5,0.101,0,0,0,0.1,0.1,0.1,0.1,0.1,0.1,0.5,0,14864,0.032427341,0.013993541,0,0,0,0,0,0,0,0,0,0,5,1.112615883
21622.52,0.44191758,0.5,6404,37,0.1329,32.3125,34.375,37.33,0,0,0.25,0,0,20,0.5,0.101,0,0,0,0.1,0.1,0.1,0.1,0.1,0.1,0.5,0,14595,0.032202809,0.014045906,0,0,0,0,0,0,0,0,0,0,5,1.112615883
21682.58,0.435788398,0.5,6404,37,0.11735,32.25,34.4375,37.35,0,0,0.07,0,0,20,0.5,0.101,0,0,0,0.1,0.1,0.1,0.1,0.1,0.1,0.5,0,15786,0.031927024,0.01368301,0,0,0,0,0,0,0,0,0,0,5,1.112615883
21742.65,0.450735159,0.5,6404,37,0.05855,32.25,34.5,37.21,0,0,0.07,0,0,20,0.5,0.101,0,0,0,0.1,0.1,0.1,0.1,0.1,0.1,0.5,0,15497,0.032070723,0.013938182,0,0,0,0,0,0,0,0,0,0,5,1.112615883
21802.72,0.456592306,0.5,6404,37,0.15845,32.25,34.5,37.35,0,0,0.07,0,0,20,0.5,0.101,0,0,0,0.1,0.1,0.1,0.1,0.1,0.1,0.5,0,16297,0.031662269,0.013928944,0,0,0,0,0,0,0,0,0,0,5,1.095717929
21862.77,0.461679915,0.5,6404,37,0.09825,32.1875,34.5,37.03,0,0,0.07,0,0,20,0.5,0.101,0,0,0,0.1,0.1,0.1,0.1,0.1,0.1,0.5,0,15483,0.032035135,0.013692437,0,0,0,0,0,0,0,0,0,0,5,1.074174861
21922.85,0.474959019,0.5,6404,37,0.2045,32.1875,34.5625,36.89,0,0,0.25,0,0,20,0.5,0.101,0,0,0,0.1,0.1,0.1,0.1,0.1,0.1,0.5,0,16179,0.031831386,0.013659682,0,0,0,0,0,0,0,0,0,0,5,1.105536214
21982.89,0.486714872,0.5,6404,37,0.12135,32.125,34.5625,37.21,0,0,0.07,0,0,20,0.5,0.101,0,0,0,0.1,0.1,0.1,0.1,0.1,0.1,0.5,0,16171,0.03209449,0.013728279,0,0,0,0,0,0,0,0,0,0,5,1.123609251
22042.93,0.489185318,0.5,6404,37,0.11445,32.125,34.5625,37.09,0,0,0,0,0,20,0.5,0.101,0,0,0,0.1,0.1,0.1,0.1,0.1,0.1,0.5,0,15703,0.03215946,0.014073744,0,0,0,0,0,0,0,0,0,0,5,1.082617542
22102.96,0.511630782,0.5,6404,37,0.11645,32.125,34.5625,37.19,0,0,0,0,0,20,0.5,0.101,0,0,0,0.1,0.1,0.1,0.1,0.1,0.1,0.5,0,15864,0.032211296,0.013741805,0,0,0,0,0,0,0,0,0,0,5,1.163072197
22163.04,0.511194817,0.5,6404,37,0.13285,32.125,34.5625,37.01,0,0,0,0,0,20,0.5,0.101,0,0,0,0.1,0.1,0.1,0.1,0.1,0.1,0.5,0,16687,0.031581471,0.013663331,0,0,0,0,0,0,0,0,0,0,5,1.102361172
22223.12,0.522437263,0.5,6404,37,0.08975,32.125,34.5625,37.13,0,0,0,0,0,20,0.5,0.101,0,0,0,0.1,0.1,0.1,0.1,0.1,0.1,0.5,0,16719,0.031521024,0.013696991,0,0,0,0,0,0,0,0,0,0,5,1.112505542
22283.15,0.536725788,0.5,6404,37,0.08675,32.0625,34.5625,36.81,0,0,0,0,0,20,0.5,0.101,0,0,0,0.1,0.1,0.1,0.1,0.1,0.1,0.5,0,17386,0.031347061,0.013689175,0,0,0,0,0,0,0,0,0,0,5,1.137827529
22343.23,0.532813315,0.5,6404,37,0.17795,32.0625,34.5625,36.87,0,0,0,0,0,20,0.5,0.101,0,0,0,0.1,0.1,0.1,0.1,0.1,0.1,0.5,0,17672,0.03129244,0.013580806,0,0,0,0,0,0,0,0,0,0,5,1.058987496
22403.31,0.552404663,0.5,6404,37,0.09695,32.0625,34.5625,36.71,0,0,0,0,0,20,0.5,0.101,0,0,0,0.1,0.1,0.1,0.1,0.1,0.1,0.5,0,16517,0.032148695,0.014046134,0,0,0,0,0,0,0,0,0,0,5,1.114367383
22463.39,0.55199266,0.5,6404,37,0.5072,32.0625,34.5,35.89,0,0.02,0.15,0,0,20,0.5,0.101,0,0,0,0.1,0.1,0.1,0.1,0.1,0.1,0.5,0,17282,0.031477838,0.013655827,0,0,0,0,0,0,0,0,0,0,0.44,1.114367383
22523.47,0.50147883,0.5,6404,37,0.397959497,31.9375,34.4375,36.53,0,0.019433118,0.25,0,0,20,0.5,0.101,0,0,0,0.1,0.1,0.1,0.1,0.1,0.1,0.5,0,16273,0.032016223,0.013949487,0,0,0,0,0,0,0,0,0,0,0.44,1.114367383
22583.53,0.441038263,0.5,6404,37,0.569486573,31.875,34.4375,35.93,0,0.000762474,0.073049897,0,0,20,0.5,0.101,0,0,0,0.1,0.1,0.1,0.1,0.1,0.1,0.5,0,14868,0.032418617,0.013788001,0,0,0,0,0,0,0,0,0,0,0.44,1.114367383
22643.61,0.452758329,0.5,6404,37,0.24172492,32,34.5,36.85,0,0,0.07,0,0,20,0.5,0.101,0,0,0,0.1,0.1,0.1,0.1,0.1,0.1,0.5,0,16096,0.031560636,0.013916501,0,0,0,0,0,0,0,0,0,0,5,1.114367383
22703.69,0.462470803,0.5,6404,37,0.20615,32.1875,34.4375,37.17,0,0,0.07,0,0,20,0.5,0.101,0,0,0,0.1,0.1,0.1,0.1,0.1,0.1,0.5,0,16387,0.031488375,0.01379142,0,0,0,0,0,0,0,0,0,0,5,1.114367383
22763.75,0.465410118,0.5,6404,37,0.09095,32.1875,34.375,37.21,0,0,0.07,0,0,20,0.5,0.101,0,0,0,0.1,0.1,0.1,0.1,0.1,0.1,0.5,0,15308,0.032466684,0.013783643,0,0,0,0,0,0,0,0,0,0,5,1.114367383
22823.79,0.474428237,0.5,6404,37,0.1044,32.125,34.4375,37.33,0,0,0.25,0,0,20,0.5,0.101,0,0,0,0.1,0.1,0.1,0.1,0.1,0.1,0.5,0,16227,0.031798854,0.013804154,0,0,0,0,0,0,0,0,0,0,5,1.114367383
22883.83,0.484934636,0.5,6404,37,0.11535,32.125,34.375,37.21,0,0,0.07,0,0,20,0.5,0.101,0,0,0,0.1,0.1,0.1,0.1,0.1,0.1,0.5,0,15570,0.032498394,0.014193963,0,0,0,0,0,0,0,0,0,0,5,1.114367383
22943.88,0.504914507,0.5,6404,37,0.16555,32.125,34.4375,37.19,0,0,0.07,0,0,20,0.5,0.101,0,0,0,0.1,0.1,0.1,0.1,0.1,0.1,0.5,0,16751,0.031639902,0.013790221,0,0,0,0,0,0,0,0,0,0,5,1.114367383
23003.92,0.522633931,0.5,6404,37,0.08745,32,34.375,37.17,0,0,0.07,0,0,20,0.5,0.101,0,0,0,0.1,0.1,0.1,0.1,0.1,0.1,0.5,0,16126,0.031687957,0.014138658,0,0,0,0,0,0,0,0,0,0,5,1.162125483
23063.97,0.515284458,0.5,6404,37,0.14325,32,34.375,37.03,0,0,0.07,0,0,20,0.5,0.101,0,0,0,0.1,0.1,0.1,0.1,0.1,0.1,0.5,0,16552,0.031899468,0.013956017,0,0,0,0,0,0,0,0,0,0,5,1.061532656
23124.04,0.542368524,0.5,6404,37,0.1975,31.9375,34.4375,36.87,0,0,0.25,0,0,20,0.5,0.101,0,0,0,0.1,0.1,0.1,0.1,0.1,0.1,0.5,0,16965,0.031771294,0.013852048,0,0,0,0,0,0,0,0,0,0,5,1.162135854
23184.1,0.533017784,0.5,6404,37,0.14115,31.9375,34.5,37.09,0,0,0.07,0,0,20,0.5,0.101,0,0,0,0.1,0.1,0.1,0.1,0.1,0.1,0.5,0,16577,0.031670387,0.013693672,0,0,0,0,0,0,0,0,0,0,5,1.051856318
23244.17,0.534306381,0.5,6404,37,0.15315,32,34.5625,36.97,0,0,0,0,0,20,0.5,0.101,0,0,0,0.1,0.1,0.1,0.1,0.1,0.1,0.5,0,16306,0.03213541,0.013798602,0,0,0,0,0,0,0,0,0,0,5,1.006507402
23304.25,0.550446855,0.5,6404,37,0.10185,32.0625,34.5,37.03,0,0,0,0,0,20,0.5,0.101,0,0,0,0.1,0.1,0.1,0.1,0.1,0.1,0.5,0,17156,0.031767312,0.013697832,0,0,0,0,0,0,0,0,0,0,5,1.045465003
23364.33,0.560956291,0.5,6404,37,0.3807,32.0625,34.5,36.53,0,0.02,0.15,0,0,20,0.5,0.101,0,0,0,0.1,0.1,0.1,0.1,0.1,0.1,0.5,0,17425,0.031621234,0.013888092,0,0,0,0,0,0,0,0,0,0,0.44,1.045465003
23424.4,0.526788709,0.5,6404,37,0.455875,31.9375,34.5625,36.23,0,0.02,0.25,0,0,20,0.5,0.101,0,0,0,0.1,0.1,0.1,0.1,0.1,0.1,0.5,0,17211,0.031665795,0.014002673,0,0,0,0,0,0,0,0,0,0,0.44,1.045465003
23484.45,0.48293865,0.5,6404,37,0.524225,31.9375,34.4375,36.05,0,0.02,0.15,0,0,20,0.5,0.101,0,0,0,0.1,0.1,0.1,0.1,0.1,0.1,0.5,0,15729,0.032169877,0.01405048,0,0,0,0,0,0,0,0,0,0,0.44,1.045465003
23544.52,0.438526235,0.5,6404,37,0.534175,31.9375,34.5,36.15,0,0,0.07,0,0,20,0.5,0.101,0,0,0,0.1,0.1,0.1,0.1,0.1,0.1,0.5,0,15058,0.032474432,0.014145305,0,0,0,0,0,0,0,0,0,0,5,1.045465003
23604.6,0.446574591,0.5,6404,37,0.21355,32.125,34.5,36.95,0,0,0.07,0,0,20,0.5,0.101,0,0,0,0.1,0.1,0.1,0.1,0.1,0.1,0.5,0,15237,0.032224191,0.01397913,0,0,0,0,0,0,0,0,0,0,5,1.045465003
23664.67,0.446958537,0.5,6404,37,0.17255,32.1875,34.5,37.35,0,0,0.07,0,0,20,0.5,0.101,0,0,0,0.1,0.1,0.1,0.1,0.1,0.1,0.5,0,15137,0.032238885,0.013873291,0,0,0,0,0,0,0,0,0,0,5,1.045465003
23724.75,0.458859034,0.5,6404,37,0.1784,32.25,34.4375,37.13,0,0,0.25,0,0,20,0.5,0.101,0,0,0,0.1,0.1,0.1,0.1,0.1,0.1,0.5,0,15511,0.031912836,0.01373219,0,0,0,0,0,0,0,0,0,0,5,1.045465003
23784.78,0.465858153,0.5,6404,37,0.06515,32.3125,34.4375,37.41,0,0,0.07,0,0,20,0.5,0.101,0,0,0,0.1,0.1,0.1,0.1,0.1,0.1,0.5,0,15485,0.032095576,0.014013562,0,0,0,0,0,0,0,0,0,0,5,1.045465003
23844.81,0.486437312,0.5,6404,37,0.05285,32.25,34.4375,37.41,0,0,0.07,0,0,20,0.5,0.101,0,0,0,0.1,0.1,0.1,0.1,0.1,0.1,0.5,0,16263,0.031666974,0.013896575,0,0,0,0,0,0,0,0,0,0,5,1.045465003
23904.85,0.498462436,0.5,6404,37,0.09735,32.1875,34.375,37.05,0,0,0.07,0,0,20,0.5,0.101,0,0,0,0.1,0.1,0.1,0.1,0.1,0.1,0.5,0,15326,0.032493801,0.013832703,0,0,0,0,0,0,0,0,0,0,5,1.066452335
23964.89,0.499146953,0.5,6404,37,0.15105,32.125,34.375,36.95,0,0,0.07,0,0,20,0.5,0.101,0,0,0,0.1,0.1,0.1,0.1,0.1,0.1,0.5,0,15776,0.032264199,0.013818458,0,0,0,0,0,0,0,0,0,0,5,1.017246664
24024.97,0.508795473,0.5,6404,37,0.2197,32,34.375,36.81,0,0,0.25,0,0,20,0.5,0.101,0,0,0,0.1,0.1,0.1,0.1,0.1,0.1,0.5,0,15583,0.032535455,0.013861259,0,0,0,0,0,0,0,0,0,0,5,1.023821029
24085,0.528830875,0.5,6404,37,0.12185,32.0625,34.375,37.17,0,0,0.07,0,0,20,0.5,0.101,0,0,0,0.1,0.1,0.1,0.1,0.1,0.1,0.5,0,15766,0.032157808,0.014080934,0,0,0,0,0,0,0,0,0,0,5,1.088497658
24145.07,0.519441379,0.5,6404,37,0.13885,32.0625,34.4375,37.13,0,0,0,0,0,20,0.5,0.101,0,0,0,0.1,0.1,0.1,0.1,0.1,0.1,0.5,0,16622,0.032005775,0.013897245,0,0,0,0,0,0,0,0,0,0,5,0.980328641
24205.16,0.537623541,0.5,6404,37,0.09575,32.0625,34.4375,37.11,0,0,0,0,0,20,0.5,0.101,0,0,0,0.1,0.1,0.1,0.1,0.1,0.1,0.5,0,16845,0.031878896,0.013713268,0,0,0,0,0,0,0,0,0,0,5,1.034526054
24265.23,0.559065481,0.5,6404,37,0.13185,32.0625,34.4375,36.95,0,0,0,0,0,20,0.5,0.101,0,0,0,0.1,0.1,0.1,0.1,0.1,0.1,0.5,0,16451,0.032034527,0.01385934,0,0,0,0,0,0,0,0,0,0,5,1.100123837
24325.31,0.545877767,0.5,6404,37,0.4352,32,34.5,36.25,0,0.02,0.25,0,0,20,0.5,0.101,0,0,0,0.1,0.1,0.1,0.1,0.1,0.1,0.5,0,16895,0.03190293,0.013731873,0,0,0,0,0,0,0,0,0,0,0.44,1.100123837
24385.37,0.53291395,0.5,6404,37,0.5306,31.875,34.5,35.89,0,0.02,0.15,0,0,20,0.5,0.101,0,0,0,0.1,0.1,0.1,0.1,0.1,0.1,0.5,0,16303,0.032018647,0.013862479,0,0,0,0,0,0,0,0,0,0,0.44,1.100123837
24445.44,0.47182651,0.5,6404,37,0.5867,31.875,34.5,35.77,0,0.02,0.15,0,0,20,0.5,0.101,0,0,0,0.1,0.1,0.1,0.1,0.1,0.1,0.5,0,15170,0.032366513,0.01410679,0,0,0,0,0,0,0,0,0,0,0.44,1.100123837
24505.52,0.4110595,0.5,6404,37,0.49335,31.9375,34.5,36.33,0,0,0.07,0,0,20,0.5,0.101,0,0,0,0.1,0.1,0.1,0.1,0.1,0.1,0.5,0,15703,0.032032096,0.013691651,0,0,0,0,0,0,0,0,0,0,5,1.100123837
24565.59,0.425716847,0.5,6404,37,0.16445,32.125,34.5625,37.13,0,0,0.07,0,0,20,0.5,0.101,0,0,0,0.1,0.1,0.1,0.1,0.1,0.1,0.5,0,15561,0.031938821,0.013688066,0,0,0,0,0,0,0,0,0,0,5,1.100123837
24625.66,0.440927667,0.5,6404,37,0.1456,32.1875,34.625,37.29,0,0,0.25,0,0,20,0.5,0.101,0,0,0,0.1,0.1,0.1,0.1,0.1,0.1,0.5,0,15086,0.032347872,0.013721331,0,0,0,0,0,0,0,0,0,0,5,1.100123837
24685.71,0.449676529,0.5,6404,37,0.08825,32.25,34.5625,37.33,0,0,0.07,0,0,20,0.5,0.101,0,0,0,0.1,0.1,0.1,0.1,0.1,0.1,0.5,0,15591,0.031813226,0.013725867,0,0,0,0,0,0,0,0,0,0,5,1.100123837
24745.77,0.454526806,0.5,6404,37,0.08595,32.3125,34.625,37.33,0,0,0.07,0,0,20,0.5,0.101,0,0,0,0.1,0.1,0.1,0.1,0.1,0.1,0.5,0,15903,0.031880777,0.014022511,0,0,0,0,0,0,0,0,0,0,5,1.100123837
24805.81,0.483687449,0.5,6404,37,0.13845,32.25,34.5,37.19,0,0,0.07,0,0,20,0.5,0.101,0,0,0,0.1,0.1,0.1,0.1,0.1,0.1,0.5,0,14948,0.032512711,0.013848006,0,0,0,0,0,0,0,0,0,0,5,1.100123837
24865.85,0.484858869,0.5,6404,37,0.09915,32.25,34.5,37.17,0,0,0.07,0,0,20,0.5,0.101,0,0,0,0.1,0.1,0.1,0.1,0.1,0.1,0.5,0,15100,0.032516556,0.01410596,0,0,0,0,0,0,0,0,0,0,5,1.052374423
24925.92,0.495940171,0.5,6404,37,0.1624,32.25,34.5625,37.05,0,0,0.25,0,0,20,0.5,0.101,0,0,0,0.1,0.1,0.1,0.1,0.1,0.1,0.5,0,16467,0.031517581,0.013542236,0,0,0,0,0,0,0,0,0,0,5,1.067548021
24985.96,0.493261483,0.5,6404,37,0.14045,32.1875,34.5625,37.25,0,0,0.07,0,0,20,0.5,0.101,0,0,0,0.1,0.1,0.1,0.1,0.1,0.1,0.5,0,16351,0.031496545,0.01400526,0,0,0,0,0,0,0,0,0,0,5,0.997923006
25046.03,0.507115141,0.5,6404,37,0.09115,32.125,34.5,37.17,0,0,0.07,0,0,20,0.5,0.101,0,0,0,0.1,0.1,0.1,0.1,0.1,0.1,0.5,0,15646,0.03227662,0.013805445,0,0,0,0,0,0,0,0,0,0,5,1.03112282
25106.11,0.516544206,0.5,6404,37,0.11435,32.125,34.5,37.13,0,0,0,0,0,20,0.5,0.101,0,0,0,0.1,0.1,0.1,0.1,0.1,0.1,0.5,0,16661,0.031810816,0.013684653,0,0,0,0,0,0,0,0,0,0,5,1.034835057
25166.19,0.521540551,0.5,6404,37,0.12605,32.125,34.5,37.13,0,0,0,0,0,20,0.5,0.101,0,0,0,0.1,0.1,0.1,0.1,0.1,0.1,0.5,0,16668,0.031737461,0.013858891,0,0,0,0,0,0,0,0,0,0,5,1.011971773
25226.26,0.546653427,0.5,6404,37,0.12335,32.125,34.4375,37.13,0,0,0,0,0,20,0.5,0.101,0,0,0,0.1,0.1,0.1,0.1,0.1,0.1,0.5,0,17344,0.03125,0.013952952,0,0,0,0,0,0,0,0,0,0,5,1.102457138
25286.34,0.556105728,0.5,6404,37,0.12595,32.0625,34.375,37.13,0,0.02,0.15,0,0,20,0.5,0.101,0,0,0,0.1,0.1,0.1,0.1,0.1,0.1,0.5,0,17184,0.031308194,0.013733706,0,0,0,0,0,0,0,0,0,0,0.44,1.102457138
25346.4,0.521662326,0.5,6404,37,0.4112,31.9375,34.375,36.77,0,0.02,0.15,0,0,20,0.5,0.101,0,0,0,0.1,0.1,0.1,0.1,0.1,0.1,0.5,0,16210,0.031955583,0.014003701,0,0,0,0,0,0,0,0,0,0,0.44,1.102457138
25406.47,0.453288148,0.5,6404,37,0.4972,31.875,34.375,36.23,0,0.02,0.15,0,0,20,0.5,0.101,0,0,0,0.1,0.1,0.1,0.1,0.1,0.1,0.5,0,15797,0.032031398,0.013800089,0,0,0,0,0,0,0,0,0,0,0.44,1.102457138
25466.54,0.413455203,0.5,6404,37,0.4615,31.9375,34.5,36.61,0,0,0.07,0,0,20,0.5,0.101,0,0,0,0.1,0.1,0.1,0.1,0.1,0.1,0.5,0,15787,0.031861658,0.013745487,0,0,0,0,0,0,0,0,0,0,5,1.102457138
25526.58,0.42061913,0.5,6404,37,0.196,32.1875,34.5625,37.11,0,0,0.25,0,0,20,0.5,0.101,0,0,0,0.1,0.1,0.1,0.1,0.1,0.1,0.5,0,14908,0.032331634,0.013818084,0,0,0,0,0,0,0,0,0,0,5,1.102457138
25586.63,0.449450257,0.5,6404,37,0.14665,32.25,34.625,37.53,0,0,0.07,0,0,20,0.5,0.101,0,0,0,0.1,0.1,0.1,0.1,0.1,0.1,0.5,0,15357,0.032297975,0.014065247,0,0,0,0,0,0,0,0,0,0,5,1.102457138
25646.71,0.454279687,0.5,6404,37,0.05665,32.3125,34.625,37.51,0,0,0.07,0,0,20,0.5,0.101,0,0,0,0.1,0.1,0.1,0.1,0.1,0.1,0.5,0,15137,0.032371011,0.013675101,0,0,0,0,0,0,0,0,0,0,5,1.102457138
25706.78,0.449848337,0.5,6404,37,0.11965,32.3125,34.625,37.17,0,0,0.07,0,0,20,0.5,0.101,0,0,0,0.1,0.1,0.1,0.1,0.1,0.1,0.5,0,15719,0.032190343,0.013677715,0,0,0,0,0,0,0,0,0,0,5,1.102457138
25766.84,0.458329546,0.5,6404,37,0.09855,32.3125,34.625,37.21,0,0,0.07,0,0,20,0.5,0.101,0,0,0,0.1,0.1,0.1,0.1,0.1,0.1,0.5,0,14850,0.032659933,0.014006734,0,0,0,0,0,0,0,0,0,0,5,1.102457138
25826.91,0.47787846,0.5,6404,37,0.1533,32.25,34.5625,37.09,0,0,0.25,0,0,20,0.5,0.101,0,0,0,0.1,0.1,0.1,0.1,0.1,0.1,0.5,0,15989,0.032209644,0.014072175,0,0,0,0,0,0,0,0,0,0,5,1.172638204
25886.97,0.496901829,0.5,6404,37,0.08835,32.25,34.5,37.25,0,0,0.07,0,0,20,0.5,0.101,0,0,0,0.1,0.1,0.1,0.1,0.1,0.1,0.5,0,15754,0.032182303,0.013901231,0,0,0,0,0,0,0,0,0,0,5,1.231114432
25947.04,0.497566344,0.5,6404,37,0.08265,32.1875,34.625,37.13,0,0,0.07,0,0,20,0.5,0.101,0,0,0,0.1,0.1,0.1,0.1,0.1,0.1,0.5,0,16521,0.031898795,0.013982204,0,0,0,0,0,0,0,0,0,0,5,1.173567981
26007.11,0.511043774,0.5,6404,37,0.14875,32.1875,34.625,37.03,0,0,0.07,0,0,20,0.5,0.101,0,0,0,0.1,0.1,0.1,0.1,0.1,0.1,0.5,0,15472,0.032445708,0.014154602,0,0,0,0,0,0,0,0,0,0,5,1.195068626
26067.19,0.515113494,0.5,6404,37,0.16665,32.125,34.5625,37.09,0,0,0,0,0,20,0.5,0.101,0,0,0,0.1,0.1,0.1,0.1,0.1,0.1,0.5,0,17397,0.031212278,0.013623038,0,0,0,0,0,0,0,0,0,0,5,1.159111206
26127.27,0.524749373,0.5,6404,37,0.13455,32.125,34.5,37.05,0,0,0,0,0,20,0.5,0.101,0,0,0,0.1,0.1,0.1,0.1,0.1,0.1,0.5,0,16854,0.031327875,0.013705945,0,0,0,0,0,0,0,0,0,0,5,1.156756177
26187.35,0.531672622,0.5,6404,37,0.13005,32.0625,34.5,37.05,0,0,0,0,0,20,0.5,0.101,0,0,0,0.1,0.1,0.1,0.1,0.1,0.1,0.5,0,17612,0.031058369,0.013513514,0,0,0,0,0,0,0,0,0,0,5,1.138239856
26247.43,0.548993505,0.5,6404,37,0.15975,32,34.4375,37.01,0,0,0,0,0,20,0.5,0.101,0,0,0,0.1,0.1,0.1,0.1,0.1,0.1,0.5,0,17470,0.031539782,0.013909559,0,0,0,0,0,0,0,0,0,0,5,1.177503917
26307.5,0.547737226,0.5,6404,37,0.11615,32,34.375,37.17,0,0.02,0.15,0,0,20,0.5,0.101,0,0,0,0.1,0.1,0.1,0.1,0.1,0.1,0.5,0,16889,0.032091894,0.013795962,0,0,0,0,0,0,0,0,0,0,0.44,1.177503917
26367.57,0.494961424,0.5,6404,37,0.4916,31.875,34.375,36.29,0,0.018181467,0.142725866,0,0,20,0.5,0.101,0,0,0,0.1,0.1,0.1,0.1,0.1,0.1,0.5,0,16930,0.031541642,0.013644418,0,0,0,0,0,0,0,0,0,0,0.44,1.177503917
26427.61,0.449753481,0.5,6404,37,0.3289,31.8125,34.3125,36.57,0,0,0.25,0,0,20,0.5,0.101,0,0,0,0.1,0.1,0.1,0.1,0.1,0.1,0.5,0,15083,0.032155407,0.01392296,0,0,0,0,0,0,0,0,0,0,5,1.177503917
26487.65,0.454079355,0.5,6404,37,0.18695,32,34.3125,37.27,0,0,0.07,0,0,20,0.5,0.101,0,0,0,0.1,0.1,0.1,0.1,0.1,0.1,0.5,0,15326,0.032363304,0.013702205,0,0,0,0,0,0,0,0,0,0,5,1.177503917
26547.69,0.458754003,0.5,6404,37,0.12265,32.125,34.375,37.59,0,0,0.07,0,0,20,0.5,0.101,0,0,0,0.1,0.1,0.1,0.1,0.1,0.1,0.5,0,15251,0.032325749,0.013769589,0,0,0,0,0,0,0,0,0,0,5,1.177503917
26607.77,0.487948357,0.5,6404,37,0.08535,32.125,34.4375,37.21,0,0,0.07,0,0,20,0.5,0.101,0,0,0,0.1,0.1,0.1,0.1,0.1,0.1,0.5,0,16152,0.031698861,0.013620604,0,0,0,0,0,0,0,0,0,0,5,1.177503917
26667.8,0.479107228,0.5,6404,37,0.12545,32.125,34.375,37.13,0,0,0.07,0,0,20,0.5,0.101,0,0,0,0.1,0.1,0.1,0.1,0.1,0.1,0.5,0,15855,0.032103437,0.013749606,0,0,0,0,0,0,0,0,0,0,5,1.177503917
26727.88,0.496704534,0.5,6404,37,0.2072,32.125,34.4375,36.89,0,0,0.25,0,0,20,0.5,0.101,0,0,0,0.1,0.1,0.1,0.1,0.1,0.1,0.5,0,16550,0.031480363,0.013655589,0,0,0,0,0,0,0,0,0,0,5,1.177503917
26787.92,0.498095412,0.5,6404,37,0.12405,32.0625,34.4375,37.17,0,0,0.07,0,0,20,0.5,0.101,0,0,0,0.1,0.1,0.1,0.1,0.1,0.1,0.5,0,16147,0.032142194,0.013748684,0,0,0,0,0,0,0,0,0,0,5,1.127017619
26847.99,0.517754248,0.5,6404,37,0.10865,32.0625,34.4375,37.25,0,0,0.07,0,0,20,0.5,0.101,0,0,0,0.1,0.1,0.1,0.1,0.1,0.1,0.5,0,15523,0.032532371,0.014172518,0,0,0,0,0,0,0,0,0,0,5,1.186793906
26908.07,0.513126995,0.5,6404,37,0.13915,32.125,34.4375,37.13,0,0,0.07,0,0,20,0.5,0.101,0,0,0,0.1,0.1,0.1,0.1,0.1,0.1,0.5,0,17432,0.031321707,0.013595686,0,0,0,0,0,0,0,0,0,0,5,1.100522201
26968.14,0.520073073,0.5,6404,37,0.11225,32,34.5,36.95,0,0,0.07,0,0,20,0.5,0.101,0,0,0,0.1,0.1,0.1,0.1,0.1,0.1,0.5,0,16569,0.031927093,0.014183113,0,0,0,0,0,0,0,0,0,0,5,1.085833964
27028.21,0.545959525,0.5,6404,37,0.16515,32,34.4375,37.01,0,0,0,0,0,20,0.5,0.101,0,0,0,0.1,0.1,0.1,0.1,0.1,0.1,0.5,0,16797,0.031850926,0.014050128,0,0,0,0,0,0,0,0,0,0,5,1.177268816
27088.27,0.55365478,0.5,6404,37,0.08885,32,34.5,37.03,0,0.02,0.15,0,0,20,0.5,0.101,0,0,0,0.1,0.1,0.1,0.1,0.1,0.1,0.5,0,17153,0.03165627,0.013700227,0,0,0,0,0,0,0,0,0,0,0.44,1.177268816
27148.34,0.502426785,0.5,6404,37,0.39605,31.8125,34.5,36.45,0,0.019721401,0.148885604,0,0,20,0.5,0.101,0,0,0,0.1,0.1,0.1,0.1,0.1,0.1,0.5,0,16105,0.032288109,0.013784539,0,0,0,0,0,0,0,0,0,0,0.44,1.177268816
27208.42,0.452589468,0.5,6404,37,0.498600779,31.8125,34.5625,36.25,0,0.013759349,0.125037397,0,0,20,0.5,0.101,0,0,0,0.1,0.1,0.1,0.1,0.1,0.1,0.5,0,16116,0.031459419,0.01365103,0,0,0,0,0,0,0,0,0,0,0.44,1.177268816
27268.5,0.43048371,0.5,6404,37,0.424652864,31.875,34.5,36.63,0,0,0.07,0,0,20,0.5,0.101,0,0,0,0.1,0.1,0.1,0.1,0.1,0.1,0.5,0,14320,0.032960894,0.01396648,0,0,0,0,0,0,0,0,0,0,5,1.177268816
27328.57,0.434477617,0.5,6404,37,0.1616,32.125,34.5625,37.25,0,0,0.25,0,0,20,0.5,0.101,0,0,0,0.1,0.1,0.1,0.1,0.1,0.1,0.5,0,15389,0.031970888,0.013646111,0,0,0,0,0,0,0,0,0,0,5,1.177268816
27388.61,0.447403948,0.5,6404,37,0.15255,32.25,34.5625,37.29,0,0,0.07,0,0,20,0.5,0.101,0,0,0,0.1,0.1,0.1,0.1,0.1,0.1,0.5,0,16370,0.031582162,0.01362248,0,0,0,0,0,0,0,0,0,0,5,1.177268816
27448.68,0.463302239,0.5,6404,37,0.14885,32.1875,34.625,37.37,0,0,0.07,0,0,20,0.5,0.101,0,0,0,0.1,0.1,0.1,0.1,0.1,0.1,0.5,0,15724,0.031989316,0.013736963,0,0,0,0,0,0,0,0,0,0,5,1.177268816
27508.74,0.465927607,0.5,6404,37,0.06655,32.3125,34.5,37.37,0,0,0.07,0,0,20,0.5,0.101,0,0,0,0.1,0.1,0.1,0.1,0.1,0.1,0.5,0,15242,0.032541661,0.013843328,0,0,0,0,0,0,0,0,0,0,5,1.177268816
27568.82,0.481855507,0.5,6404,37,0.07985,32.25,34.4375,37.11,0,0,0.07,0,0,20,0.5,0.101,0,0,0,0.1,0.1,0.1,0.1,0.1,0.1,0.5,0,16030,0.031752963,0.013911416,0,0,0,0,0,0,0,0,0,0,5,1.177268816
27628.85,0.486340691,0.5,6404,37,0.1342,32.25,34.4375,37.17,0,0,0.25,0,0,20,0.5,0.101,0,0,0,0.1,0.1,0.1,0.1,0.1,0.1,0.5,0,16683,0.031768867,0.013606665,0,0,0,0,0,0,0,0,0,0,5,1.146200665
27688.89,0.489468772,0.5,6404,37,0.10515,32.1875,34.4375,37.11,0,0,0.07,0,0,20,0.5,0.101,0,0,0,0.1,0.1,0.1,0.1,0.1,0.1,0.5,0,15809,0.032260105,0.014105889,0,0,0,0,0,0,0,0,0,0,5,1.10812446
27748.96,0.502609154,0.5,6404,37,0.18105,32.125,34.5,36.87,0,0,0.07,0,0,20,0.5,0.101,0,0,0,0.1,0.1,0.1,0.1,0.1,0.1,0.5,0,16746,0.031589633,0.013854055,0,0,0,0,0,0,0,0,0,0,5,1.132194757
27809.03,0.513447404,0.5,6404,37,0.16065,32.125,34.4375,37.01,0,0,0.07,0,0,20,0.5,0.101,0,0,0,0.1,0.1,0.1,0.1,0.1,0.1,0.5,0,16894,0.031904818,0.013673494,0,0,0,0,0,0,0,0,0,0,5,1.139589296
27869.11,0.521133873,0.5,6404,37,0.07815,32.125,34.375,37.25,0,0,0,0,0,20,0.5,0.101,0,0,0,0.1,0.1,0.1,0.1,0.1,0.1,0.5,0,16564,0.031815986,0.014006279,0,0,0,0,0,0,0,0,0,0,5,1.127187931
27929.19,0.539691818,0.5,6404,37,0.15315,32.0625,34.375,37.05,0,0,0,0,0,20,0.5,0.101,0,0,0,0.1,0.1,0.1,0.1,0.1,0.1,0.5,0,17050,0.031554252,0.013607038,0,0,0,0,0,0,0,0,0,0,5,1.175802454
27989.26,0.545232111,0.5,6404,37,0.13365,32,34.375,37.11,0,0,0,0,0,20,0.5,0.101,0,0,0,0.1,0.1,0.1,0.1,0.1,0.1,0.5,0,16394,0.032084909,0.014090521,0,0,0,0,0,0,0,0,0,0,5,1.147652309
28049.34,0.551105823,0.5,6404,37,0.11855,32,34.375,36.97,0,0.02,0.15,0,0,20,0.5,0.101,0,0,0,0.1,0.1,0.1,0.1,0.1,0.1,0.5,0,17332,0.031617817,0.013674129,0,0,0,0,0,0,0,0,0,0,0.44,1.147652309
28109.41,0.49809879,0.5,6404,37,0.4952,31.875,34.375,36.09,0,0.018916653,0.145666611,0,0,20,0.5,0.101,0,0,0,0.1,0.1,0.1,0.1,0.1,0.1,0.5,0,16154,0.032252074,0.01380463,0,0,0,0,0,0,0,0,0,0,0.44,1.147652309
28169.47,0.445628841,0.5,6404,37,0.517846814,31.8125,34.4375,36.23,0,0,0.07,0,0,20,0.5,0.101,0,0,0,0.1,0.1,0.1,0.1,0.1,0.1,0.5,0,14656,0.032819323,0.013987445,0,0,0,0,0,0,0,0,0,0,5,1.147652309
28229.55,0.44871037,0.5,6404,37,0.2115,32,34.4375,37.03,0,0,0.25,0,0,20,0.5,0.101,0,0,0,0.1,0.1,0.1,0.1,0.1,0.1,0.5,0,15892,0.031776995,0.013717594,0,0,0,0,0,0,0,0,0,0,5,1.147652309
28289.6,0.459982021,0.5,6404,37,0.12625,32.1875,34.5,37.37,0,0,0.07,0,0,20,0.5,0.101,0,0,0,0.1,0.1,0.1,0.1,0.1,0.1,0.5,0,15041,0.032378166,0.013961838,0,0,0,0,0,0,0,0,0,0,5,1.147652309
28349.67,0.4787835,0.5,6404,37,0.10015,32.1875,34.5,37.29,0,0,0.07,0,0,20,0.5,0.101,0,0,0,0.1,0.1,0.1,0.1,0.1,0.1,0.5,0,15602,0.032303551,0.013972568,0,0,0,0,0,0,0,0,0,0,5,1.147652309
28409.73,0.491280584,0.5,6404,37,0.16735,32.1875,34.5625,37.37,0,0,0.07,0,0,20,0.5,0.101,0,0,0,0.1,0.1,0.1,0.1,0.1,0.1,0.5,0,16159,0.031499474,0.013924129,0,0,0,0,0,0,0,0,0,0,5,1.147652309
28469.79,0.508511382,0.5,6404,37,0.10215,32.25,34.5625,37.37,0,0,0.07,0,0,20,0.5,0.101,0,0,0,0.1,0.1,0.1,0.1,0.1,0.1,0.5,0,15604,0.032171238,0.013842604,0,0,0,0,0,0,0,0,0,0,5,1.147652309
28529.87,0.491944687,0.5,6404,37,0.1539,32.25,34.5625,37.09,0,0,0.25,0,0,20,0.5,0.101,0,0,0,0.1,0.1,0.1,0.1,0.1,0.1,0.5,0,16844,0.031524578,0.013535977,0,0,0,0,0,0,0,0,0,0,5,0.990905756
28589.9,0.519671218,0.5,6404,37,0.14195,32.125,34.4375,37.03,0,0,0.07,0,0,20,0.5,0.101,0,0,0,0.1,0.1,0.1,0.1,0.1,0.1,0.5,0,16078,0.03178256,0.013932081,0,0,0,0,0,0,0,0,0,0,5,1.105850631
28649.97,0.532163258,0.5,6404,37,0.15925,32.0625,34.5,37.21,0,0,0.07,0,0,20,0.5,0.101,0,0,0,0.1,0.1,0.1,0.1,0.1,0.1,0.5,0,15934,0.032383582,0.014120748,0,0,0,0,0,0,0,0,0,0,5,1.121820038
28710.05,0.539991136,0.5,6404,37,0.15445,32.125,34.5,37.29,0,0,0.07,0,0,20,0.5,0.101,0,0,0,0.1,0.1,0.1,0.1,0.1,0.1,0.5,0,16334,0.032080323,0.014019836,0,0,0,0,0,0,0,0,0,0,5,1.109536253
28770.12,0.529953656,0.5,6404,37,0.07545,32.0625,34.5,37.19,0,0,0,0,0,20,0.5,0.101,0,0,0,0.1,0.1,0.1,0.1,0.1,0.1,0.5,0,17239,0.031556355,0.013863913,0,0,0,0,0,0,0,0,0,0,5,0.997769949
28830.2,0.542068522,0.5,6404,37,0.13005,32.0625,34.4375,36.93,0,0,0,0,0,20,0.5,0.101,0,0,0,0.1,0.1,0.1,0.1,0.1,0.1,0.5,0,16410,0.032175503,0.014076782,0,0,0,0,0,0,0,0,0,0,5,1.015690025
28890.28,0.543668867,0.5,6404,37,0.12795,32,34.5,36.97,0,0.02,0.15,0,0,20,0.5,0.101,0,0,0,0.1,0.1,0.1,0.1,0.1,0.1,0.5,0,16806,0.032131382,0.014042604,0,0,0,0,0,0,0,0,0,0,0.44,1.015690025
28950.35,0.493069539,0.5,6404,37,0.49605,31.75,34.375,36.21,0,0.017531474,0.140125895,0,0,20,0.5,0.101,0,0,0,0.1,0.1,0.1,0.1,0.1,0.1,0.5,0,16543,0.031795926,0.013782264,0,0,0,0,0,0,0,0,0,0,0.44,1.015690025
29010.42,0.452588617,0.5,6404,37,0.474281931,31.8125,34.4375,36.15,0,0,0.07,0,0,20,0.5,0.101,0,0,0,0.1,0.1,0.1,0.1,0.1,0.1,0.5,0,14848,0.032596983,0.01407597,0,0,0,0,0,0,0,0,0,0,5,1.015690025
29070.5,0.467506458,0.5,6404,37,0.18005,31.875,34.375,37.01,0,0,0.07,0,0,20,0.5,0.101,0,0,0,0.1,0.1,0.1,0.1,0.1,0.1,0.5,0,15356,0.032365199,0.0138708,0,0,0,0,0,0,0,0,0,0,5,1.015690025
29130.56,0.476838529,0.5,6404,37,0.2177,32.125,34.4375,36.95,0,0,0.25,0,0,20,0.5,0.101,0,0,0,0.1,0.1,0.1,0.1,0.1,0.1,0.5,0,15157,0.032394273,0.013986937,0,0,0,0,0,0,0,0,0,0,5,1.015690025
29190.6,0.482080961,0.5,6404,37,0.13365,32.125,34.4375,37.21,0,0,0.07,0,0,20,0.5,0.101,0,0,0,0.1,0.1,0.1,0.1,0.1,0.1,0.5,0,15510,0.03243069,0.014184397,0,0,0,0,0,0,0,0,0,0,5,1.015690025
29250.7,0.49672548,0.5,6404,37,0.08305,32.125,34.375,37.25,0,0,0.07,0,0,20,0.5,0.101,0,0,0,0.1,0.1,0.1,0.1,0.1,0.1,0.5,0,16913,0.03151422,0.013658133,0,0,0,0,0,0,0,0,0,0,5,1.015690025
29310.78,0.509914509,0.5,6404,37,0.13645,32.125,34.4375,37.03,0,0,0.07,0,0,20,0.5,0.101,0,0,0,0.1,0.1,0.1,0.1,0.1,0.1,0.5,0,16217,0.031880126,0.013874329,0,0,0,0,0,0,0,0,0,0,5,1.015690025
29370.85,0.509419365,0.5,6404,37,0.12195,32.125,34.4375,37.13,0,0,0.07,0,0,20,0.5,0.101,0,0,0,0.1,0.1,0.1,0.1,0.1,0.1,0.5,0,16133,0.031922147,0.014070539,0,0,0,0,0,0,0,0,0,0,5,0.961991008
29430.93,0.514847124,0.5,6404,37,0.1676,32.0625,34.4375,37.01,0,0,0.25,0,0,20,0.5,0.101,0,0,0,0.1,0.1,0.1,0.1,0.1,0.1,0.5,0,16275,0.031889401,0.013763441,0,0,0,0,0,0,0,0,0,0,5,0.945686755
29491,0.537672389,0.5,6404,37,0.09855,32.0625,34.4375,36.95,0,0,0.07,0,0,20,0.5,0.101,0,0,0,0.1,0.1,0.1,0.1,0.1,0.1,0.5,0,17106,0.031450953,0.013679411,0,0,0,0,0,0,0,0,0,0,5,1.028540689
29551.05,0.54149873,0.5,6404,37,0.11375,32.0625,34.4375,37.21,0,0,0.07,0,0,20,0.5,0.101,0,0,0,0.1,0.1,0.1,0.1,0.1,0.1,0.5,0,16421,0.032214847,0.01388466,0,0,0,0,0,0,0,0,0,0,5,0.998387516
29611.13,0.545692081,0.5,6404,37,0.14755,32,34.4375,36.89,0,0.02,0.15,0,0,20,0.5,0.101,0,0,0,0.1,0.1,0.1,0.1,0.1,0.1,0.5,0,16230,0.032101047,0.014109673,0,0,0,0,0,0,0,0,0,0,0.44,0.998387516
29671.18,0.526643885,0.5,6404,37,0.432475,31.9375,34.4375,36.57,0,0.02,0.15,0,0,20,0.5,0.101,0,0,0,0.1,0.1,0.1,0.1,0.1,0.1,0.5,0,16241,0.032140878,0.013853827,0,0,0,0,0,0,0,0,0,0,0.44,0.998387516
29731.22,0.465653544,0.5,6404,37,0.484325,31.875,34.4375,36.29,0,0.02,0.25,0,0,20,0.5,0.101,0,0,0,0.1,0.1,0.1,0.1,0.1,0.1,0.5,0,15838,0.032011618,0.013827503,0,0,0,0,0,0,0,0,0,0,0.44,0.998387516
29791.27,0.434007785,0.5,6404,37,0.443375,31.875,34.5625,36.61,0,0,0.07,0,0,20,0.5,0.101,0,0,0,0.1,0.1,0.1,0.1,0.1,0.1,0.5,0,14758,0.032389213,0.01422957,0,0,0,0,0,0,0,0,0,0,5,0.998387516
29851.31,0.467049827,0.5,6404,37,0.17365,32.125,34.5,36.85,0,0,0.07,0,0,20,0.5,0.101,0,0,0,0.1,0.1,0.1,0.1,0.1,0.1,0.5,0,15011,0.032576111,0.013923123,0,0,0,0,0,0,0,0,0,0,5,0.998387516
29911.35,0.461177907,0.5,6404,37,0.10255,32.25,34.5,37.17,0,0,0.07,0,0,20,0.5,0.101,0,0,0,0.1,0.1,0.1,0.1,0.1,0.1,0.5,0,14810,0.032410533,0.013977043,0,0,0,0,0,0,0,0,0,0,5,0.998387516
29971.44,0.470516198,0.5,6404,37,0.14915,32.3125,34.5,37.05,0,0,0.07,0,0,20,0.5,0.101,0,0,0,0.1,0.1,0.1,0.1,0.1,0.1,0.5,0,16725,0.031509716,0.013572496,0,0,0,0,0,0,0,0,0,0,5,0.998387516
30031.5,0.469848938,0.5,6404,37,0.1426,32.25,34.5625,37.17,0,0,0.25,0,0,20,0.5,0.101,0,0,0,0.1,0.1,0.1,0.1,0.1,0.1,0.5,0,15458,0.032410402,0.013843964,0,0,0,0,0,0,0,0,0,0,5,0.998387516
30091.57,0.480231808,0.5,6404,37,0.15595,32.1875,34.5,37.13,0,0,0.07,0,0,20,0.5,0.101,0,0,0,0.1,0.1,0.1,0.1,0.1,0.1,0.5,0,15343,0.032588151,0.014012905,0,0,0,0,0,0,0,0,0,0,5,0.998387516
30151.64,0.491083992,0.5,6404,37,0.08875,32.1875,34.5,37.19,0,0,0.07,0,0,20,0.5,0.101,0,0,0,0.1,0.1,0.1,0.1,0.1,0.1,0.5,0,15765,0.032350143,0.013764669,0,0,0,0,0,0,0,0,0,0,5,1.015506907
30211.72,0.510078107,0.5,6404,37,0.15165,32.125,34.5,37.09,0,0,0.07,0,0,20,0.5,0.101,0,0,0,0.1,0.1,0.1,0.1,0.1,0.1,0.5,0,15961,0.031952885,0.014159514,0,0,0,0,0,0,0,0,0,0,5,1.078577629
30271.78,0.511105105,0.5,6404,37,0.10295,32.125,34.4375,37.09,0,0,0.07,0,0,20,0.5,0.101,0,0,0,0.1,0.1,0.1,0.1,0.1,0.1,0.5,0,16368,0.03195259,0.013685239,0,0,0,0,0,0,0,0,0,0,5,1.030682914
30331.81,0.520444873,0.5,6404,37,0.1124,32.125,34.4375,37.19,0,0,0.25,0,0,20,0.5,0.101,0,0,0,0.1,0.1,0.1,0.1,0.1,0.1,0.5,0,16356,0.031853754,0.014062118,0,0,0,0,0,0,0,0,0,0,5,1.033474918
30391.88,0.54487984,0.5,6404,37,0.08835,32.0625,34.4375,37.11,0,0,0,0,0,20,0.5,0.101,0,0,0,0.1,0.1,0.1,0.1,0.1,0.1,0.5,0,17433,0.031262548,0.013652269,0,0,0,0,0,0,0,0,0,0,5,1.119445144
30451.96,0.552442596,0.5,6404,37,0.10915,32.0625,34.4375,36.95,0,0.02,0.15,0,0,20,0.5,0.101,0,0,0,0.1,0.1,0.1,0.1,0.1,0.1,0.5,0,16958,0.031548532,0.013621889,0,0,0,0,0,0,0,0,0,0,0.44,1.119445144
30512.03,0.481325353,0.5,6404,37,0.499675,31.875,34.4375,36.13,0,0.016887049,0.137548197,0,0,20,0.5,0.101,0,0,0,0.1,0.1,0.1,0.1,0.1,0.1,0.5,0,15993,0.031826424,0.01419371,0,0,0,0,0,0,0,0,0,0,0.44,1.119445144
30572.13,0.430048652,0.5,6404,37,0.48642509,31.8125,34.4375,36.33,0,0,0.07,0,0,20,0.5,0.101,0,0,0,0.1,0.1,0.1,0.1,0.1,0.1,0.5,0,15065,0.032459343,0.013806837,0,0,0,0,0,0,0,0,0,0,5,1.119445144
30632.2,0.442076726,0.5,6404,37,0.1509,32,34.5,37.27,0,0,0.25,0,0,20,0.5,0.101,0,0,0,0.1,0.1,0.1,0.1,0.1,0.1,0.5,0,14983,0.032436762,0.014216112,0,0,0,0,0,0,0,0,0,0,5,1.119445144
30692.25,0.45571672,0.5,6404,37,0.09915,32.125,34.5,37.21,0,0,0.07,0,0,20,0.5,0.101,0,0,0,0.1,0.1,0.1,0.1,0.1,0.1,0.5,0,15471,0.03212462,0.013767694,0,0,0,0,0,0,0,0,0,0,5,1.119445144
30752.35,0.464741593,0.5,6404,37,0.12045,32.1875,34.5,37.13,0,0,0.07,0,0,20,0.5,0.101,0,0,0,0.1,0.1,0.1,0.1,0.1,0.1,0.5,0,15742,0.031952738,0.013657731,0,0,0,0,0,0,0,0,0,0,5,1.119445144
30812.42,0.488356065,0.5,6404,37,0.14735,32.1875,34.5625,37.19,0,0,0.07,0,0,20,0.5,0.101,0,0,0,0.1,0.1,0.1,0.1,0.1,0.1,0.5,0,15672,0.031967841,0.01384635,0,0,0,0,0,0,0,0,0,0,5,1.119445144
30872.49,0.475579133,0.5,6404,37,0.16665,32.1875,34.5625,37.13,0,0,0.07,0,0,20,0.5,0.101,0,0,0,0.1,0.1,0.1,0.1,0.1,0.1,0.5,0,15359,0.032358878,0.013802982,0,0,0,0,0,0,0,0,0,0,5,1.119445144
30932.56,0.48767805,0.5,6404,37,0.1475,32.3125,34.625,37.13,0,0,0.25,0,0,20,0.5,0.101,0,0,0,0.1,0.1,0.1,0.1,0.1,0.1,0.5,0,16385,0.031919439,0.014037229,0,0,0,0,0,0,0,0,0,0,5,1.138839386
30992.62,0.514877827,0.5,6404,37,0.10845,32.125,34.625,37.35,0,0,0.07,0,0,20,0.5,0.101,0,0,0,0.1,0.1,0.1,0.1,0.1,0.1,0.5,0,15669,0.032165422,0.013849001,0,0,0,0,0,0,0,0,0,0,5,1.244719982
31052.7,0.522749315,0.5,6404,37,0.09595,32.1875,34.5,37.17,0,0,0.07,0,0,20,0.5,0.101,0,0,0,0.1,0.1,0.1,0.1,0.1,0.1,0.5,0,16791,0.031385861,0.013936037,0,0,0,0,0,0,0,0,0,0,5,1.228001141
31112.77,0.514216188,0.5,6404,37,0.07525,32.1875,34.5,37.13,0,0,0.07,0,0,20,0.5,0.101,0,0,0,0.1,0.1,0.1,0.1,0.1,0.1,0.5,0,17364,0.031214006,0.0138217,0,0,0,0,0,0,0,0,0,0,5,1.117226324
31172.85,0.559165237,0.5,6404,37,0.12545,32.125,34.5,36.85,0,0,0,0,0,20,0.5,0.101,0,0,0,0.1,0.1,0.1,0.1,0.1,0.1,0.5,0,16578,0.03190976,0.013813488,0,0,0,0,0,0,0,0,0,0,5,1.312768753
31232.93,0.546528799,0.5,6404,37,0.488225,32.0625,34.4375,36.05,0,0.02,0.25,0,0,20,0.5,0.101,0,0,0,0.1,0.1,0.1,0.1,0.1,0.1,0.5,0,17675,0.031287129,0.013578501,0,0,0,0,0,0,0,0,0,0,0.44,1.312768753
31293.02,0.490898488,0.5,6404,37,0.480975,31.9375,34.5,36.25,0,0.017538683,0.140154731,0,0,20,0.5,0.101,0,0,0,0.1,0.1,0.1,0.1,0.1,0.1,0.5,0,15677,0.031766282,0.013778146,0,0,0,0,0,0,0,0,0,0,0.44,1.312768753
31353.09,0.441562915,0.5,6404,37,0.453543342,31.9375,34.4375,36.37,0,0,0.07,0,0,20,0.5,0.101,0,0,0,0.1,0.1,0.1,0.1,0.1,0.1,0.5,0,14922,0.032368315,0.01393915,0,0,0,0,0,0,0,0,0,0,5,1.312768753
31413.16,0.44840019,0.5,6404,37,0.16365,32.0625,34.375,37.11,0,0,0.07,0,0,20,0.5,0.101,0,0,0,0.1,0.1,0.1,0.1,0.1,0.1,0.5,0,15857,0.031910197,0.013937062,0,0,0,0,0,0,0,0,0,0,5,1.312768753
31473.21,0.45390158,0.5,6404,37,0.12675,32.1875,34.375,37.11,0,0,0.07,0,0,20,0.5,0.101,0,0,0,0.1,0.1,0.1,0.1,0.1,0.1,0.5,0,14352,0.032887402,0.014005017,0,0,0,0,0,0,0,0,0,0,5,1.312768753
31533.25,0.473266681,0.5,6404,37,0.12625,32.1875,34.4375,37.27,0,0,0.25,0,0,20,0.5,0.101,0,0,0,0.1,0.1,0.1,0.1,0.1,0.1,0.5,0,15062,0.032664985,0.014008764,0,0,0,0,0,0,0,0,0,0,5,1.312768753
31593.29,0.476282232,0.5,6404,37,0.07515,32.125,34.4375,37.21,0,0,0.07,0,0,20,0.5,0.101,0,0,0,0.1,0.1,0.1,0.1,0.1,0.1,0.5,0,16472,0.031811559,0.013780962,0,0,0,0,0,0,0,0,0,0,5,1.312768753
31653.36,0.491610972,0.5,6404,37,0.13125,32.1875,34.4375,37.01,0,0,0.07,0,0,20,0.5,0.101,0,0,0,0.1,0.1,0.1,0.1,0.1,0.1,0.5,0,15641,0.032095135,0.014065597,0,0,0,0,0,0,0,0,0,0,5,1.312768753
31713.4,0.499315678,0.5,6404,37,0.15085,32.1875,34.5,37.13,0,0,0.07,0,0,20,0.5,0.101,0,0,0,0.1,0.1,0.1,0.1,0.1,0.1,0.5,0,16287,0.031865905,0.0137533,0,0,0,0,0,0,0,0,0,0,5,1.29378278
31773.45,0.515546174,0.5,6404,37,0.06895,32.125,34.5625,37.17,0,0,0.07,0,0,20,0.5,0.101,0,0,0,0.1,0.1,0.1,0.1,0.1,0.1,0.5,0,15975,0.031737089,0.014021909,0,0,0,0,0,0,0,0,0,0,5,1.325058703
31833.49,0.512626655,0.5,6404,37,0.12265,32.125,34.5625,37.11,0,0,0.25,0,0,20,0.5,0.101,0,0,0,0.1,0.1,0.1,0.1,0.1,0.1,0.5,0,16293,0.032038299,0.014116492,0,0,0,0,0,0,0,0,0,0,5,1.241768589
31893.51,0.519460404,0.5,6404,37,0.10695,32.125,34.5625,36.95,0,0,0.07,0,0,20,0.5,0.101,0,0,0,0.1,0.1,0.1,0.1,0.1,0.1,0.5,0,16645,0.03196155,0.01393812,0,0,0,0,0,0,0,0,0,0,5,1.219408492
31953.6,0.55086694,0.5,6404,37,0.13315,32.0625,34.5625,37.09,0,0,0,0,0,20,0.5,0.101,0,0,0,0.1,0.1,0.1,0.1,0.1,0.1,0.5,0,16295,0.032218472,0.014053391,0,0,0,0,0,0,0,0,0,0,5,1.334546173
32013.67,0.554454184,0.5,6404,37,0.15105,32.0625,34.625,37.05,0,0.02,0.15,0,0,20,0.5,0.101,0,0,0,0.1,0.1,0.1,0.1,0.1,0.1,0.5,0,16334,0.032263989,0.014081058,0,0,0,0,0,0,0,0,0,0,0.44,1.334546173
32073.71,0.546379345,0.5,6404,37,0.3648,32.0625,34.5625,36.55,0,0.02,0.15,0,0,20,0.5,0.101,0,0,0,0.1,0.1,0.1,0.1,0.1,0.1,0.5,0,15758,0.032427973,0.013770783,0,0,0,0,0,0,0,0,0,0,0.44,1.334546173
32133.78,0.459728601,0.5,6404,37,0.462625,31.9375,34.5,36.23,0,0.02,0.25,0,0,20,0.5,0.101,0,0,0,0.1,0.1,0.1,0.1,0.1,0.1,0.5,0,16051,0.031836023,0.013581708,0,0,0,0,0,0,0,0,0,0,0.44,1.334546173
32193.84,0.42370617,0.5,6404,37,0.52885,31.9375,34.5,36.23,0,0,0.07,0,0,20,0.5,0.101,0,0,0,0.1,0.1,0.1,0.1,0.1,0.1,0.5,0,14250,0.032631579,0.013894737,0,0,0,0,0,0,0,0,0,0,5,1.334546173
32253.92,0.416063706,0.5,6404,37,0.21435,32.125,34.5,37.13,0,0,0.07,0,0,20,0.5,0.101,0,0,0,0.1,0.1,0.1,0.1,0.1,0.1,0.5,0,15278,0.032399529,0.014137976,0,0,0,0,0,0,0,0,0,0,5,1.334546173
32313.97,0.425665573,0.5,6404,37,0.09115,32.3125,34.5,37.45,0,0,0.07,0,0,20,0.5,0.101,0,0,0,0.1,0.1,0.1,0.1,0.1,0.1,0.5,0,15764,0.031908145,0.01363867,0,0,0,0,0,0,0,0,0,0,5,1.334546173
32374.03,0.453930437,0.5,6404,37,0.08325,32.3125,34.5,37.29,0,0,0.07,0,0,20,0.5,0.101,0,0,0,0.1,0.1,0.1,0.1,0.1,0.1,0.5,0,14983,0.032370019,0.014082627,0,0,0,0,0,0,0,0,0,0,5,1.334546173
32434.07,0.462694697,0.5,6404,37,0.09415,32.3125,34.5,37.03,0,0,0.25,0,0,20,0.5,0.101,0,0,0,0.1,0.1,0.1,0.1,0.1,0.1,0.5,0,15837,0.031761066,0.01389152,0,0,0,0,0,0,0,0,0,0,5,1.334546173
32494.13,0.462846966,0.5,6404,37,0.14905,32.25,34.4375,37.21,0,0,0.07,0,0,20,0.5,0.101,0,0,0,0.1,0.1,0.1,0.1,0.1,0.1,0.5,0,15578,0.032289126,0.013737322,0,0,0,0,0,0,0,0,0,0,5,1.334546173
32554.18,0.472218616,0.5,6404,37,0.14365,32.1875,34.4375,37.11,0,0,0.07,0,0,20,0.5,0.101,0,0,0,0.1,0.1,0.1,0.1,0.1,0.1,0.5,0,15223,0.032056756,0.013991986,0,0,0,0,0,0,0,0,0,0,5,1.327955587
32614.23,0.482012297,0.5,6404,37,0.12735,32.125,34.4375,37.13,0,0,0.07,0,0,20,0.5,0.101,0,0,0,0.1,0.1,0.1,0.1,0.1,0.1,0.5,0,15852,0.032046429,0.013815291,0,0,0,0,0,0,0,0,0,0,5,1.323140541
32674.27,0.493499298,0.5,6404,37,0.10835,32.125,34.4375,37.11,0,0,0.07,0,0,20,0.5,0.101,0,0,0,0.1,0.1,0.1,0.1,0.1,0.1,0.5,0,15998,0.031816477,0.013751719,0,0,0,0,0,0,0,0,0,0,5,1.327638945
32734.31,0.515034692,0.5,6404,37,0.13445,32.0625,34.375,36.93,0,0,0.25,0,0,20,0.5,0.101,0,0,0,0.1,0.1,0.1,0.1,0.1,0.1,0.5,0,15628,0.032057845,0.014013309,0,0,0,0,0,0,0,0,0,0,5,1.389395472
32794.37,0.510271505,0.5,6404,37,0.14175,32.0625,34.4375,37.17,0,0,0,0,0,20,0.5,0.101,0,0,0,0.1,0.1,0.1,0.1,0.1,0.1,0.5,0,15527,0.032395183,0.014168867,0,0,0,0,0,0,0,0,0,0,5,1.292051754
32854.45,0.51236197,0.5,6404,37,0.11345,32.0625,34.4375,37.01,0,0,0,0,0,20,0.5,0.101,0,0,0,0.1,0.1,0.1,0.1,0.1,0.1,0.5,0,17135,0.031689524,0.013597899,0,0,0,0,0,0,0,0,0,0,5,1.239714371
32914.53,0.536681186,0.5,6404,37,0.11395,32,34.5,36.95,0,0,0,0,0,20,0.5,0.101,0,0,0,0.1,0.1,0.1,0.1,0.1,0.1,0.5,0,15922,0.032407989,0.01381736,0,0,0,0,0,0,0,0,0,0,5,1.316847281
32974.59,0.537204361,0.5,6404,37,0.12185,31.9375,34.4375,37.05,0,0,0,0,0,20,0.5,0.101,0,0,0,0.1,0.1,0.1,0.1,0.1,0.1,0.5,0,16444,0.031926539,0.014047677,0,0,0,0,0,0,0,0,0,0,5,1.253927994
33034.67,0.551534208,0.5,6404,37,0.14885,32,34.5,37.01,0,0,0,0,0,20,0.5,0.101,0,0,0,0.1,0.1,0.1,0.1,0.1,0.1,0.5,0,18245,0.030857769,0.013812003,0,0,0,0,0,0,0,0,0,0,5,1.27020744
33094.73,0.541725219,0.5,6404,37,0.17885,32,34.5,37.03,0,0.02,0.15,0,0,20,0.5,0.101,0,0,0,0.1,0.1,0.1,0.1,0.1,0.1,0.5,0,16952,0.031677678,0.013803681,0,0,0,0,0,0,0,0,0,0,0.44,1.27020744
33154.79,0.543923728,0.5,6404,37,0.36655,31.9375,34.5625,36.47,0,0.02,0.15,0,0,20,0.5,0.101,0,0,0,0.1,0.1,0.1,0.1,0.1,0.1,0.5,0,16811,0.031824401,0.014038427,0,0,0,0,0,0,0,0,0,0,0.44,1.27020744
33214.83,0.462198104,0.5,6404,37,0.509025,31.8125,34.5625,36.21,0,0.02,0.15,0,0,20,0.5,0.101,0,0,0,0.1,0.1,0.1,0.1,0.1,0.1,0.5,0,15276,0.032534695,0.014074365,0,0,0,0,0,0,0,0,0,0,0.44,1.27020744
33274.87,0.412740032,0.5,6404,37,0.513725,31.9375,34.5625,36.29,0,0,0.07,0,0,20,0.5,0.101,0,0,0,0.1,0.1,0.1,0.1,0.1,0.1,0.5,0,15145,0.032419941,0.013865962,0,0,0,0,0,0,0,0,0,0,5,1.27020744
33334.95,0.413633353,0.5,6404,37,0.21105,32.125,34.5625,36.95,0,0,0.25,0,0,20,0.5,0.101,0,0,0,0.1,0.1,0.1,0.1,0.1,0.1,0.5,0,14708,0.03256731,0.014209954,0,0,0,0,0,0,0,0,0,0,5,1.27020744
33395,0.41718599,0.5,6404,37,0.11995,32.25,34.5625,37.33,0,0,0.07,0,0,20,0.5,0.101,0,0,0,0.1,0.1,0.1,0.1,0.1,0.1,0.5,0,15245,0.032404067,0.013709413,0,0,0,0,0,0,0,0,0,0,5,1.27020744
33455.03,0.448852675,0.5,6404,37,0.10175,32.25,34.5,37.13,0,0,0.07,0,0,20,0.5,0.101,0,0,0,0.1,0.1,0.1,0.1,0.1,0.1,0.5,0,14612,0.032575965,0.014234875,0,0,0,0,0,0,0,0,0,0,5,1.27020744
33515.07,0.463414051,0.5,6404,37,0.13395,32.3125,34.4375,37.33,0,0,0.07,0,0,20,0.5,0.101,0,0,0,0.1,0.1,0.1,0.1,0.1,0.1,0.5,0,15783,0.031806374,0.013622252,0,0,0,0,0,0,0,0,0,0,5,1.27020744
33575.11,0.466765826,0.5,6404,37,0.08905,32.25,34.5625,37.33,0,0,0.07,0,0,20,0.5,0.101,0,0,0,0.1,0.1,0.1,0.1,0.1,0.1,0.5,0,16118,0.031765728,0.013711379,0,0,0,0,0,0,0,0,0,0,5,1.27020744
33635.16,0.472030773,0.5,6404,37,0.09475,32.25,34.5,37.17,0,0,0.25,0,0,20,0.5,0.101,0,0,0,0.1,0.1,0.1,0.1,0.1,0.1,0.5,0,15843,0.031812157,0.013949378,0,0,0,0,0,0,0,0,0,0,5,1.240346542
33695.2,0.496897625,0.5,6404,37,0.12635,32.25,34.5,36.93,0,0,0.07,0,0,20,0.5,0.101,0,0,0,0.1,0.1,0.1,0.1,0.1,0.1,0.5,0,15868,0.032077136,0.013738341,0,0,0,0,0,0,0,0,0,0,5,1.332348733
33755.28,0.492957325,0.5,6404,37,0.14275,32.1875,34.375,37.13,0,0,0.07,0,0,20,0.5,0.101,0,0,0,0.1,0.1,0.1,0.1,0.1,0.1,0.5,0,15786,0.032180413,0.013999747,0,0,0,0,0,0,0,0,0,0,5,1.241847064
33815.32,0.498256493,0.5,6404,37,0.14035,32.125,34.375,37.13,0,0,0.07,0,0,20,0.5,0.101,0,0,0,0.1,0.1,0.1,0.1,0.1,0.1,0.5,0,16482,0.031792258,0.013954617,0,0,0,0,0,0,0,0,0,0,5,1.211831856
33875.39,0.502094254,0.5,6404,37,0.11435,32.125,34.375,37.05,0,0,0,0,0,20,0.5,0.101,0,0,0,0.1,0.1,0.1,0.1,0.1,0.1,0.5,0,16419,0.031914246,0.013947256,0,0,0,0,0,0,0,0,0,0,5,1.17425887
33935.47,0.507996395,0.5,6404,37,0.11195,32,34.4375,36.95,0,0,0,0,0,20,0.5,0.101,0,0,0,0.1,0.1,0.1,0.1,0.1,0.1,0.5,0,15935,0.03213053,0.013994352,0,0,0,0,0,0,0,0,0,0,5,1.150605401
33995.53,0.528305845,0.5,6404,37,0.10575,32,34.5,36.95,0,0,0,0,0,20,0.5,0.101,0,0,0,0.1,0.1,0.1,0.1,0.1,0.1,0.5,0,16003,0.032181466,0.013809911,0,0,0,0,0,0,0,0,0,0,5,1.21067818
34055.61,0.539741993,0.5,6404,37,0.12305,32.0625,34.5,37.21,0,0,0,0,0,20,0.5,0.101,0,0,0,0.1,0.1,0.1,0.1,0.1,0.1,0.5,0,16846,0.031639558,0.013593731,0,0,0,0,0,0,0,0,0,0,5,1.214391874
34115.69,0.553072192,0.5,6404,37,0.13915,32.0625,34.5,36.93,0,0,0,0,0,20,0.5,0.101,0,0,0,0.1,0.1,0.1,0.1,0.1,0.1,0.5,0,16654,0.031884232,0.013930587,0,0,0,0,0,0,0,0,0,0,5,1.226864193
34175.76,0.551920404,0.5,6404,37,0.19005,32.0625,34.5625,37.01,0,0.02,0.15,0,0,20,0.5,0.101,0,0,0,0.1,0.1,0.1,0.1,0.1,0.1,0.5,0,17522,0.031160826,0.013754138,0,0,0,0,0,0,0,0,0,0,0.44,1.226864193
34235.8,0.543032538,0.5,6404,37,0.364325,31.9375,34.5625,36.69,0,0.02,0.25,0,0,20,0.5,0.101,0,0,0,0.1,0.1,0.1,0.1,0.1,0.1,0.5,0,16754,0.031932673,0.013907127,0,0,0,0,0,0,0,0,0,0,0.44,1.226864193
34295.86,0.468049743,0.5,6404,37,0.465025,31.9375,34.5625,36.33,0,0.02,0.15,0,0,20,0.5,0.101,0,0,0,0.1,0.1,0.1,0.1,0.1,0.1,0.5,0,14664,0.032937807,0.014252591,0,0,0,0,0,0,0,0,0,0,0.44,1.226864193
34355.93,0.411008388,0.5,6404,37,0.488225,31.9375,34.5625,36.23,0,0,0.07,0,0,20,0.5,0.101,0,0,0,0.1,0.1,0.1,0.1,0.1,0.1,0.5,0,15338,0.031946799,0.014017473,0,0,0,0,0,0,0,0,0,0,5,1.226864193
34415.97,0.411577937,0.5,6404,37,0.20785,32.1875,34.5,37.03,0,0,0.07,0,0,20,0.5,0.101,0,0,0,0.1,0.1,0.1,0.1,0.1,0.1,0.5,0,14531,0.032826371,0.014245406,0,0,0,0,0,0,0,0,0,0,5,1.226864193
34476.06,0.413743905,0.5,6404,37,0.09995,32.25,34.5,37.25,0,0,0.07,0,0,20,0.5,0.101,0,0,0,0.1,0.1,0.1,0.1,0.1,0.1,0.5,0,15210,0.032215648,0.014003945,0,0,0,0,0,0,0,0,0,0,5,1.226864193
34536.11,0.432753013,0.5,6404,37,0.11705,32.375,34.5,37.27,0,0,0.25,0,0,20,0.5,0.101,0,0,0,0.1,0.1,0.1,0.1,0.1,0.1,0.5,0,15495,0.032074863,0.014004518,0,0,0,0,0,0,0,0,0,0,5,1.226864193
34596.15,0.465874104,0.5,6404,37,0.09775,32.3125,34.5625,37.21,0,0,0.07,0,0,20,0.5,0.101,0,0,0,0.1,0.1,0.1,0.1,0.1,0.1,0.5,0,14690,0.032402995,0.014091219,0,0,0,0,0,0,0,0,0,0,5,1.226864193
34656.22,0.455278358,0.5,6404,37,0.12055,32.3125,34.5,37.25,0,0,0.07,0,0,20,0.5,0.101,0,0,0,0.1,0.1,0.1,0.1,0.1,0.1,0.5,0,15646,0.032148792,0.013805445,0,0,0,0,0,0,0,0,0,0,5,1.226864193
34716.27,0.487294713,0.5,6404,37,0.13305,32.25,34.5,37.27,0,0,0.07,0,0,20,0.5,0.101,0,0,0,0.1,0.1,0.1,0.1,0.1,0.1,0.5,0,15805,0.031825372,0.013729832,0,0,0,0,0,0,0,0,0,0,5,1.369401257
34776.34,0.47628024,0.5,6404,37,0.06465,32.1875,34.4375,37.21,0,0,0.07,0,0,20,0.5,0.101,0,0,0,0.1,0.1,0.1,0.1,0.1,0.1,0.5,0,15982,0.032036041,0.013953197,0,0,0,0,0,0,0,0,0,0,5,1.232343156
34836.38,0.497362557,0.5,6404,37,0.13865,32.1875,34.375,37.13,0,0,0.25,0,0,20,0.5,0.101,0,0,0,0.1,0.1,0.1,0.1,0.1,0.1,0.5,0,16325,0.03179173,0.013598775,0,0,0,0,0,0,0,0,0,0,5,1.300664494
34896.43,0.493860726,0.5,6404,37,0.13945,32.125,34.5,37.05,0,0,0.07,0,0,20,0.5,0.101,0,0,0,0.1,0.1,0.1,0.1,0.1,0.1,0.5,0,15996,0.031882971,0.014003501,0,0,0,0,0,0,0,0,0,0,5,1.214434151
34956.5,0.50742781,0.5,6404,37,0.15475,32.125,34.375,37.09,0,0,0,0,0,20,0.5,0.101,0,0,0,0.1,0.1,0.1,0.1,0.1,0.1,0.5,0,16465,0.032007288,0.013969025,0,0,0,0,0,0,0,0,0,0,5,1.235015169
35016.56,0.512862158,0.5,6404,37,0.09575,32.0625,34.3125,37.09,0,0,0,0,0,20,0.5,0.101,0,0,0,0.1,0.1,0.1,0.1,0.1,0.1,0.5,0,15860,0.032471627,0.014249685,0,0,0,0,0,0,0,0,0,0,5,1.20522238
35076.6,0.522786939,0.5,6404,37,0.12365,32,34.3125,36.93,0,0,0,0,0,20,0.5,0.101,0,0,0,0.1,0.1,0.1,0.1,0.1,0.1,0.5,0,16649,0.031593489,0.013694516,0,0,0,0,0,0,0,0,0,0,5,1.202461922
35136.68,0.549771488,0.5,6404,37,0.16565,32,34.3125,37.09,0,0,0,0,0,20,0.5,0.101,0,0,0,0.1,0.1,0.1,0.1,0.1,0.1,0.5,0,15765,0.032413574,0.014018395,0,0,0,0,0,0,0,0,0,0,5,1.293324978
35196.73,0.543953386,0.5,6404,37,0.14475,31.9375,34.25,36.95,0,0.02,0.15,0,0,20,0.5,0.101,0,0,0,0.1,0.1,0.1,0.1,0.1,0.1,0.5,0,17247,0.03165768,0.013915464,0,0,0,0,0,0,0,0,0,0,0.44,1.293324978
35256.77,0.495934744,0.5,6404,37,0.47745,31.75,34.3125,36.15,0,0.02,0.15,0,0,20,0.5,0.101,0,0,0,0.1,0.1,0.1,0.1,0.1,0.1,0.5,0,16084,0.03170853,0.01367819,0,0,0,0,0,0,0,0,0,0,0.44,1.293324978
35316.82,0.432890764,0.5,6404,37,0.523225,31.6875,34.3125,35.97,0,0,0.07,0,0,20,0.5,0.101,0,0,0,0.1,0.1,0.1,0.1,0.1,0.1,0.5,0,15367,0.032276957,0.013795796,0,0,0,0,0,0,0,0,0,0,5,1.293324978
35376.85,0.445289832,0.5,6404,37,0.21405,31.9375,34.3125,37.01,0,0,0.07,0,0,20,0.5,0.101,0,0,0,0.1,0.1,0.1,0.1,0.1,0.1,0.5,0,16446,0.031618631,0.013863553,0,0,0,0,0,0,0,0,0,0,5,1.293324978
35436.93,0.459494821,0.5,6404,37,0.12505,32.125,34.375,37.33,0,0,0.25,0,0,20,0.5,0.101,0,0,0,0.1,0.1,0.1,0.1,0.1,0.1,0.5,0,15195,0.032510694,0.013951958,0,0,0,0,0,0,0,0,0,0,5,1.293324978
35496.97,0.464593341,0.5,6404,37,0.12925,32.1875,34.375,37.13,0,0,0.07,0,0,20,0.5,0.101,0,0,0,0.1,0.1,0.1,0.1,0.1,0.1,0.5,0,16192,0.031620553,0.013586957,0,0,0,0,0,0,0,0,0,0,5,1.293324978
35557.05,0.477242883,0.5,6404,37,0.13235,32.1875,34.375,37.37,0,0,0.07,0,0,20,0.5,0.101,0,0,0,0.1,0.1,0.1,0.1,0.1,0.1,0.5,0,16254,0.031499938,0.0137197,0,0,0,0,0,0,0,0,0,0,5,1.293324978
35617.12,0.483160637,0.5,6404,37,0.11895,32.0625,34.375,37.37,0,0,0.07,0,0,20,0.5,0.101,0,0,0,0.1,0.1,0.1,0.1,0.1,0.1,0.5,0,15985,0.031904911,0.013950579,0,0,0,0,0,0,0,0,0,0,5,1.293324978
35677.17,0.491268419,0.5,6404,37,0.13825,32.125,34.4375,37.21,0,0,0.07,0,0,20,0.5,0.101,0,0,0,0.1,0.1,0.1,0.1,0.1,0.1,0.5,0,15939,0.03187151,0.014116318,0,0,0,0,0,0,0,0,0,0,5,1.278583157
35737.24,0.509784455,0.5,6404,37,0.08955,32.1875,34.5,37.05,0,0,0.25,0,0,20,0.5,0.101,0,0,0,0.1,0.1,0.1,0.1,0.1,0.1,0.5,0,16563,0.03205941,0.013705247,0,0,0,0,0,0,0,0,0,0,5,1.325646025
35797.3,0.511185667,0.5,6404,37,0.11975,32.0625,34.5,37.21,0,0,0.07,0,0,20,0.5,0.101,0,0,0,0.1,0.1,0.1,0.1,0.1,0.1,0.5,0,16704,0.031429598,0.013769157,0,0,0,0,0,0,0,0,0,0,5,1.267598324
35857.38,0.52093451,0.5,6404,37,0.17645,32.0625,34.5,36.87,0,0,0.07,0,0,20,0.5,0.101,0,0,0,0.1,0.1,0.1,0.1,0.1,0.1,0.5,0,16468,0.031819286,0.014087928,0,0,0,0,0,0,0,0,0,0,5,1.260892811
35917.45,0.542028686,0.5,6404,37,0.13225,32.0625,34.5,37.03,0,0,0,0,0,20,0.5,0.101,0,0,0,0.1,0.1,0.1,0.1,0.1,0.1,0.5,0,16249,0.032125054,0.013908548,0,0,0,0,0,0,0,0,0,0,5,1.31693195
35977.53,0.539998405,0.5,6404,37,0.12985,32.0625,34.5,37.01,0,0,0,0,0,20,0.5,0.101,0,0,0,0.1,0.1,0.1,0.1,0.1,0.1,0.5,0,16471,0.03223848,0.014085362,0,0,0,0,0,0,0,0,0,0,5,1.23982713
36037.61,0.550940764,0.5,6404,37,0.14035,32.125,34.5,37.01,0,0,0,0,0,20,0.5,0.101,0,0,0,0.1,0.1,0.1,0.1,0.1,0.1,0.5,0,17477,0.031355496,0.013789552,0,0,0,0,0,0,0,0,0,0,5,1.238019109
36097.68,0.564053018,0.5,6404,37,0.12825,32.0625,34.5625,37.01,0,0.02,0.15,0,0,20,0.5,0.101,0,0,0,0.1,0.1,0.1,0.1,0.1,0.1,0.5,0,16597,0.032114238,0.013797674,0,0,0,0,0,0,0,0,0,0,0.44,1.238019109
36157.74,0.499214249,0.5,6404,37,0.453025,31.9375,34.5625,36.15,0,0.02,0.15,0,0,20,0.5,0.101,0,0,0,0.1,0.1,0.1,0.1,0.1,0.1,0.5,0,15453,0.032550314,0.014172005,0,0,0,0,0,0,0,0,0,0,0.44,1.238019109
36217.78,0.438129033,0.5,6404,37,0.570725,31.9375,34.5625,35.99,0,0,0.07,0,0,20,0.5,0.101,0,0,0,0.1,0.1,0.1,0.1,0.1,0.1,0.5,0,15574,0.031719533,0.014126108,0,0,0,0,0,0,0,0,0,0,5,1.238019109
36277.86,0.456090553,0.5,6404,37,0.20905,32.0625,34.5625,37.03,0,0,0.07,0,0,20,0.5,0.101,0,0,0,0.1,0.1,0.1,0.1,0.1,0.1,0.5,0,15770,0.031769182,0.013760304,0,0,0,0,0,0,0,0,0,0,5,1.238019109
36337.9,0.46275795,0.5,6404,37,0.16975,32.1875,34.5,37.35,0,0,0.25,0,0,20,0.5,0.101,0,0,0,0.1,0.1,0.1,0.1,0.1,0.1,0.5,0,15186,0.032332411,0.014026077,0,0,0,0,0,0,0,0,0,0,5,1.238019109
36397.93,0.487281406,0.5,6404,37,0.15405,32.1875,34.5625,37.45,0,0,0.07,0,0,20,0.5,0.101,0,0,0,0.1,0.1,0.1,0.1,0.1,0.1,0.5,0,15639,0.032163182,0.013747682,0,0,0,0,0,0,0,0,0,0,5,1.238019109
36458.01,0.491446842,0.5,6404,37,0.11535,32.25,34.5,37.25,0,0,0.07,0,0,20,0.5,0.101,0,0,0,0.1,0.1,0.1,0.1,0.1,0.1,0.5,0,16301,0.031838538,0.013986872,0,0,0,0,0,0,0,0,0,0,5,1.238019109
36518.09,0.491057916,0.5,6404,37,0.10545,32.25,34.5,37.13,0,0,0.07,0,0,20,0.5,0.101,0,0,0,0.1,0.1,0.1,0.1,0.1,0.1,0.5,0,16696,0.031504552,0.013655966,0,0,0,0,0,0,0,0,0,0,5,1.238019109
36578.16,0.521174996,0.5,6404,37,0.09495,32.1875,34.4375,37.17,0,0,0.07,0,0,20,0.5,0.101,0,0,0,0.1,0.1,0.1,0.1,0.1,0.1,0.5,0,15938,0.032438198,0.013928975,0,0,0,0,0,0,0,0,0,0,5,1.35468954
36638.21,0.510825457,0.5,6404,37,0.14105,32.1875,34.375,37.35,0,0,0.25,0,0,20,0.5,0.101,0,0,0,0.1,0.1,0.1,0.1,0.1,0.1,0.5,0,16199,0.032100747,0.013828014,0,0,0,0,0,0,0,0,0,0,5,1.226781333
36698.27,0.531994746,0.5,6404,37,0.14155,32.125,34.375,37.17,0,0,0.07,0,0,20,0.5,0.101,0,0,0,0.1,0.1,0.1,0.1,0.1,0.1,0.5,0,16829,0.031730941,0.013785727,0,0,0,0,0,0,0,0,0,0,5,1.287259221
36758.34,0.540809928,0.5,6404,37,0.12205,32.125,34.4375,37.25,0,0,0.07,0,0,20,0.5,0.101,0,0,0,0.1,0.1,0.1,0.1,0.1,0.1,0.5,0,16575,0.032156863,0.014117647,0,0,0,0,0,0,0,0,0,0,5,1.272199069
36818.41,0.534292987,0.5,6404,37,0.12965,32.125,34.4375,37.21,0,0,0,0,0,20,0.5,0.101,0,0,0,0.1,0.1,0.1,0.1,0.1,0.1,0.5,0,17350,0.031700288,0.013544669,0,0,0,0,0,0,0,0,0,0,5,1.172218531
36878.49,0.577105112,0.5,6404,37,0.11335,32.0625,34.4375,37.03,0,0,0,0,0,20,0.5,0.101,0,0,0,0.1,0.1,0.1,0.1,0.1,0.1,0.5,0,17026,0.0318924,0.013684952,0,0,0,0,0,0,0,0,0,0,5,1.344847799
36938.53,0.560226937,0.5,6404,37,0.16715,32,34.4375,36.95,0,0.02,0.25,0,0,20,0.5,0.101,0,0,0,0.1,0.1,0.1,0.1,0.1,0.1,0.5,0,17092,0.031710742,0.013807629,0,0,0,0,0,0,0,0,0,0,0.44,1.344847799
36998.57,0.513740657,0.5,6404,37,0.448975,31.9375,34.5,36.23,0,0.02,0.15,0,0,20,0.5,0.101,0,0,0,0.1,0.1,0.1,0.1,0.1,0.1,0.5,0,16314,0.031813167,0.013914429,0,0,0,0,0,0,0,0,0,0,0.44,1.344847799
37058.62,0.456964701,0.5,6404,37,0.48375,31.8125,34.5,35.97,0,0.02,0.15,0,0,20,0.5,0.101,0,0,0,0.1,0.1,0.1,0.1,0.1,0.1,0.5,0,14612,0.032575965,0.013961128,0,0,0,0,0,0,0,0,0,0,0.44,1.344847799
37118.67,0.410541518,0.5,6404,37,0.52725,31.875,34.5625,36.29,0,0,0.07,0,0,20,0.5,0.101,0,0,0,0.1,0.1,0.1,0.1,0.1,0.1,0.5,0,14607,0.032518655,0.014102827,0,0,0,0,0,0,0,0,0,0,5,1.344847799
37178.7,0.414989045,0.5,6404,37,0.19545,32.1875,34.5625,37.09,0,0,0.07,0,0,20,0.5,0.101,0,0,0,0.1,0.1,0.1,0.1,0.1,0.1,0.5,0,14554,0.032705785,0.014016765,0,0,0,0,0,0,0,0,0,0,5,1.344847799
37238.75,0.420323861,0.5,6404,37,0.08545,32.3125,34.5,37.29,0,0,0.25,0,0,20,0.5,0.101,0,0,0,0.1,0.1,0.1,0.1,0.1,0.1,0.5,0,15186,0.032332411,0.013894376,0,0,0,0,0,0,0,0,0,0,5,1.344847799
37298.84,0.434628726,0.5,6404,37,0.12845,32.3125,34.4375,37.35,0,0,0.07,0,0,20,0.5,0.101,0,0,0,0.1,0.1,0.1,0.1,0.1,0.1,0.5,0,14873,0.032407719,0.01405231,0,0,0,0,0,0,0,0,0,0,5,1.344847799
37358.88,0.44319083,0.5,6404,37,0.14825,32.3125,34.5,37.27,0,0,0.07,0,0,20,0.5,0.101,0,0,0,0.1,0.1,0.1,0.1,0.1,0.1,0.5,0,14686,0.032616097,0.014299333,0,0,0,0,0,0,0,0,0,0,5,1.344847799
37418.93,0.450825413,0.5,6404,37,0.13135,32.3125,34.5,37.33,0,0,0.07,0,0,20,0.5,0.101,0,0,0,0.1,0.1,0.1,0.1,0.1,0.1,0.5,0,15599,0.031732803,0.013975255,0,0,0,0,0,0,0,0,0,0,5,1.344847799
37479,0.461443509,0.5,6404,37,0.16295,32.3125,34.4375,37.35,0,0,0.07,0,0,20,0.5,0.101,0,0,0,0.1,0.1,0.1,0.1,0.1,0.1,0.5,0,16199,0.031792086,0.013642817,0,0,0,0,0,0,0,0,0,0,5,1.347443865
37539.06,0.480136403,0.5,6404,37,0.14135,32.25,34.4375,37.41,0,0,0.25,0,0,20,0.5,0.101,0,0,0,0.1,0.1,0.1,0.1,0.1,0.1,0.5,0,15030,0.032601464,0.01423819,0,0,0,0,0,0,0,0,0,0,5,1.399203464
37599.11,0.476555356,0.5,6404,37,0.11705,32.25,34.375,37.17,0,0,0.07,0,0,20,0.5,0.101,0,0,0,0.1,0.1,0.1,0.1,0.1,0.1,0.5,0,15567,0.032440419,0.013811267,0,0,0,0,0,0,0,0,0,0,5,1.306784247
37659.18,0.49559245,0.5,6404,37,0.14315,32.1875,34.375,37.19,0,0,0.07,0,0,20,0.5,0.101,0,0,0,0.1,0.1,0.1,0.1,0.1,0.1,0.5,0,15635,0.032107451,0.013623281,0,0,0,0,0,0,0,0,0,0,5,1.358955118
37719.26,0.496958559,0.5,6404,37,0.10035,32.125,34.375,37.11,0,0,0,0,0,20,0.5,0.101,0,0,0,0.1,0.1,0.1,0.1,0.1,0.1,0.5,0,16257,0.031924709,0.01408624,0,0,0,0,0,0,0,0,0,0,5,1.299265536
37779.31,0.515177722,0.5,6404,37,0.10605,32.125,34.3125,37.01,0,0,0,0,0,20,0.5,0.101,0,0,0,0.1,0.1,0.1,0.1,0.1,0.1,0.5,0,16648,0.03153532,0.013575204,0,0,0,0,0,0,0,0,0,0,5,1.342318134
37839.39,0.516959582,0.5,6404,37,0.14695,32.0625,34.3125,37.05,0,0,0,0,0,20,0.5,0.101,0,0,0,0.1,0.1,0.1,0.1,0.1,0.1,0.5,0,17075,0.031683748,0.013587116,0,0,0,0,0,0,0,0,0,0,5,1.285560511
37899.42,0.522114996,0.5,6404,37,0.13635,32,34.25,37.11,0,0,0,0,0,20,0.5,0.101,0,0,0,0.1,0.1,0.1,0.1,0.1,0.1,0.5,0,17032,0.031763739,0.013914984,0,0,0,0,0,0,0,0,0,0,5,1.251051994
37959.49,0.528395649,0.5,6404,37,0.12245,32,34.3125,37.33,0,0,0,0,0,20,0.5,0.101,0,0,0,0.1,0.1,0.1,0.1,0.1,0.1,0.5,0,17095,0.03182217,0.013688213,0,0,0,0,0,0,0,0,0,0,5,1.224371817
38019.53,0.545764049,0.5,6404,37,0.10855,32,34.375,37.27,0,0,0,0,0,20,0.5,0.101,0,0,0,0.1,0.1,0.1,0.1,0.1,0.1,0.5,0,17352,0.031350853,0.013888889,0,0,0,0,0,0,0,0,0,0,5,1.260177429
38079.57,0.561708345,0.5,6404,37,0.11285,32,34.4375,37.01,0,0.02,0.15,0,0,20,0.5,0.101,0,0,0,0.1,0.1,0.1,0.1,0.1,0.1,0.5,0,17370,0.031721359,0.013644214,0,0,0,0,0,0,0,0,0,0,0.44,1.260177429
38139.61,0.532338532,0.5,6404,37,0.396875,31.875,34.5,36.31,0,0.02,0.25,0,0,20,0.5,0.101,0,0,0,0.1,0.1,0.1,0.1,0.1,0.1,0.5,0,16897,0.031662425,0.013966976,0,0,0,0,0,0,0,0,0,0,0.44,1.260177429
38199.66,0.508267697,0.5,6404,37,0.39485,31.875,34.4375,36.41,0,0.02,0.15,0,0,20,0.5,0.101,0,0,0,0.1,0.1,0.1,0.1,0.1,0.1,0.5,0,17049,0.031262831,0.013901109,0,0,0,0,0,0,0,0,0,0,0.44,1.260177429
38259.73,0.453355531,0.5,6404,37,0.522975,31.8125,34.4375,36.29,0,0.02,0.15,0,0,20,0.5,0.101,0,0,0,0.1,0.1,0.1,0.1,0.1,0.1,0.5,0,15776,0.031883874,0.013945233,0,0,0,0,0,0,0,0,0,0,0.44,1.260177429
38319.8,0.404371952,0.5,6404,37,0.509675,31.875,34.4375,36.31,0,0,0.07,0,0,20,0.5,0.101,0,0,0,0.1,0.1,0.1,0.1,0.1,0.1,0.5,0,14748,0.03247898,0.014239219,0,0,0,0,0,0,0,0,0,0,5,1.260177429
38379.85,0.404871002,0.5,6404,37,0.19025,32.125,34.5,37.33,0,0,0.07,0,0,20,0.5,0.101,0,0,0,0.1,0.1,0.1,0.1,0.1,0.1,0.5,0,14715,0.032347944,0.01399932,0,0,0,0,0,0,0,0,0,0,5,1.260177429
38439.92,0.423782792,0.5,6404,37,0.11115,32.3125,34.5625,37.33,0,0,0.25,0,0,20,0.5,0.101,0,0,0,0.1,0.1,0.1,0.1,0.1,0.1,0.5,0,14765,0.032170674,0.014019641,0,0,0,0,0,0,0,0,0,0,5,1.260177429
38499.97,0.427065025,0.5,6404,37,0.12535,32.3125,34.5625,37.43,0,0,0.07,0,0,20,0.5,0.101,0,0,0,0.1,0.1,0.1,0.1,0.1,0.1,0.5,0,14916,0.032247251,0.013743631,0,0,0,0,0,0,0,0,0,0,5,1.260177429
38560.05,0.433980652,0.5,6404,37,0.13575,32.3125,34.5625,37.25,0,0,0.07,0,0,20,0.5,0.101,0,0,0,0.1,0.1,0.1,0.1,0.1,0.1,0.5,0,14496,0.032698675,0.014210817,0,0,0,0,0,0,0,0,0,0,5,1.260177429
38620.09,0.453161708,0.5,6404,37,0.14325,32.25,34.5625,37.19,0,0,0.07,0,0,20,0.5,0.101,0,0,0,0.1,0.1,0.1,0.1,0.1,0.1,0.5,0,15436,0.032327028,0.013669344,0,0,0,0,0,0,0,0,0,0,5,1.260177429
38680.16,0.447230988,0.5,6404,37,0.11275,32.3125,34.5,37.43,0,0,0.07,0,0,20,0.5,0.101,0,0,0,0.1,0.1,0.1,0.1,0.1,0.1,0.5,0,16044,0.031725256,0.013899277,0,0,0,0,0,0,0,0,0,0,5,1.157647094
38740.2,0.463327759,0.5,6404,37,0.15975,32.3125,34.5625,37.33,0,0,0.25,0,0,20,0.5,0.101,0,0,0,0.1,0.1,0.1,0.1,0.1,0.1,0.5,0,15134,0.03270781,0.014140346,0,0,0,0,0,0,0,0,0,0,5,1.205843223
38800.25,0.468685972,0.5,6404,37,0.08985,32.25,34.5625,37.11,0,0,0.07,0,0,20,0.5,0.101,0,0,0,0.1,0.1,0.1,0.1,0.1,0.1,0.5,0,16377,0.031568663,0.013494535,0,0,0,0,0,0,0,0,0,0,5,1.180045864
38860.29,0.486385849,0.5,6404,37,0.13595,32.1875,34.5625,37.11,0,0,0.07,0,0,20,0.5,0.101,0,0,0,0.1,0.1,0.1,0.1,0.1,0.1,0.5,0,16504,0.031749879,0.013936016,0,0,0,0,0,0,0,0,0,0,5,1.23225136
38920.33,0.508234667,0.5,6404,37,0.12265,32.1875,34.5,37.09,0,0,0,0,0,20,0.5,0.101,0,0,0,0.1,0.1,0.1,0.1,0.1,0.1,0.5,0,16281,0.031816228,0.013881211,0,0,0,0,0,0,0,0,0,0,5,1.302461929
38980.38,0.499927758,0.5,6404,37,0.13525,32.125,34.4375,37.03,0,0,0,0,0,20,0.5,0.101,0,0,0,0.1,0.1,0.1,0.1,0.1,0.1,0.5,0,16553,0.031837129,0.013894762,0,0,0,0,0,0,0,0,0,0,5,1.187899793
39040.48,0.512220039,0.5,6404,37,0.12395,32.125,34.4375,37.21,0,0,0,0,0,20,0.5,0.101,0,0,0,0.1,0.1,0.1,0.1,0.1,0.1,0.5,0,16504,0.031689287,0.013875424,0,0,0,0,0,0,0,0,0,0,5,1.201376886
39100.53,0.526952841,0.5,6404,37,0.12125,32.0625,34.4375,37.05,0,0,0,0,0,20,0.5,0.101,0,0,0,0.1,0.1,0.1,0.1,0.1,0.1,0.5,0,16450,0.032097264,0.013981763,0,0,0,0,0,0,0,0,0,0,5,1.226378324
39160.58,0.532077879,0.5,6404,37,0.19185,32.0625,34.4375,36.97,0,0,0,0,0,20,0.5,0.101,0,0,0,0.1,0.1,0.1,0.1,0.1,0.1,0.5,0,16400,0.031829268,0.013902439,0,0,0,0,0,0,0,0,0,0,5,1.194095836
39220.66,0.53003445,0.5,6404,37,0.09555,32.125,34.5625,37.11,0,0,0,0,0,20,0.5,0.101,0,0,0,0.1,0.1,0.1,0.1,0.1,0.1,0.5,0,16273,0.032139126,0.013765132,0,0,0,0,0,0,0,0,0,0,5,1.122847458
39280.7,0.563334543,0.5,6404,37,0.15645,32.0625,34.5625,37.11,0,0,0,0,0,20,0.5,0.101,0,0,0,0.1,0.1,0.1,0.1,0.1,0.1,0.5,0,16078,0.032280134,0.013869884,0,0,0,0,0,0,0,0,0,0,5,1.249500071
39340.78,0.567427297,0.5,6404,37,0.13525,32,34.5625,37.05,0,0.02,0.25,0,0,20,0.5,0.101,0,0,0,0.1,0.1,0.1,0.1,0.1,0.1,0.5,0,17178,0.031493771,0.013854931,0,0,0,0,0,0,0,0,0,0,0.44,1.249500071
39400.84,0.516863704,0.5,6404,37,0.492625,31.9375,34.5625,36.05,0,0.02,0.15,0,0,20,0.5,0.101,0,0,0,0.1,0.1,0.1,0.1,0.1,0.1,0.5,0,15930,0.03220339,0.013873195,0,0,0,0,0,0,0,0,0,0,0.44,1.249500071
39460.89,0.452530297,0.5,6404,37,0.485425,31.875,34.5625,36.15,0,0.015273033,0.131092131,0,0,20,0.5,0.101,0,0,0,0.1,0.1,0.1,0.1,0.1,0.1,0.5,0,15965,0.031694331,0.013968055,0,0,0,0,0,0,0,0,0,0,0.44,1.249500071
39520.95,0.409033615,0.5,6404,37,0.458528668,31.9375,34.625,36.29,0,0,0.07,0,0,20,0.5,0.101,0,0,0,0.1,0.1,0.1,0.1,0.1,0.1,0.5,0,15936,0.031814759,0.013554217,0,0,0,0,0,0,0,0,0,0,5,1.249500071
39581.03,0.411612456,0.5,6404,37,0.18285,32.125,34.6875,37.11,0,0,0.07,0,0,20,0.5,0.101,0,0,0,0.1,0.1,0.1,0.1,0.1,0.1,0.5,0,14907,0.032535051,0.013819011,0,0,0,0,0,0,0,0,0,0,5,1.249500071
39641.1,0.437237411,0.5,6404,37,0.10995,32.3125,34.625,37.35,0,0,0.25,0,0,20,0.5,0.101,0,0,0,0.1,0.1,0.1,0.1,0.1,0.1,0.5,0,15034,0.032526274,0.014034854,0,0,0,0,0,0,0,0,0,0,5,1.249500071
39701.15,0.436052148,0.5,6404,37,0.07525,32.3125,34.5625,37.49,0,0,0.07,0,0,20,0.5,0.101,0,0,0,0.1,0.1,0.1,0.1,0.1,0.1,0.5,0,14626,0.032544783,0.014016136,0,0,0,0,0,0,0,0,0,0,5,1.249500071
39761.21,0.441511696,0.5,6404,37,0.13655,32.3125,34.5,37.09,0,0,0.07,0,0,20,0.5,0.101,0,0,0,0.1,0.1,0.1,0.1,0.1,0.1,0.5,0,15509,0.032045909,0.013991876,0,0,0,0,0,0,0,0,0,0,5,1.249500071
39821.28,0.465859451,0.5,6404,37,0.12055,32.3125,34.5,37.29,0,0,0.07,0,0,20,0.5,0.101,0,0,0,0.1,0.1,0.1,0.1,0.1,0.1,0.5,0,14692,0.032875034,0.014225429,0,0,0,0,0,0,0,0,0,0,5,1.249500071
39881.32,0.460389591,0.5,6404,37,0.15425,32.375,34.5625,37.19,0,0,0.07,0,0,20,0.5,0.101,0,0,0,0.1,0.1,0.1,0.1,0.1,0.1,0.5,0,15331,0.032352749,0.013958646,0,0,0,0,0,0,0,0,0,0,5,1.151592329
39941.37,0.485645672,0.5,6404,37,0.12705,32.3125,34.5,37.25,0,0,0.25,0,0,20,0.5,0.101,0,0,0,0.1,0.1,0.1,0.1,0.1,0.1,0.5,0,15212,0.03227715,0.013804891,0,0,0,0,0,0,0,0,0,0,5,1.254231369
40001.41,0.488604631,0.5,6404,37,0.11895,32.25,34.5,37.25,0,0,0.07,0,0,20,0.5,0.101,0,0,0,0.1,0.1,0.1,0.1,0.1,0.1,0.5,0,15845,0.032123698,0.013884506,0,0,0,0,0,0,0,0,0,0,5,1.209742851
40061.48,0.488935152,0.5,6404,37,0.16035,32.1875,34.5,37.13,0,0,0.07,0,0,20,0.5,0.101,0,0,0,0.1,0.1,0.1,0.1,0.1,0.1,0.5,0,15344,0.032390511,0.014142336,0,0,0,0,0,0,0,0,0,0,5,1.151284397
40121.55,0.504251779,0.5,6404,37,0.17415,32.1875,34.5625,36.97,0,0,0,0,0,20,0.5,0.101,0,0,0,0.1,0.1,0.1,0.1,0.1,0.1,0.5,0,16344,0.031693588,0.013827704,0,0,0,0,0,0,0,0,0,0,5,1.186257693
40181.62,0.52044952,0.5,6404,37,0.12725,32.1875,34.625,37.21,0,0,0,0,0,20,0.5,0.101,0,0,0,0.1,0.1,0.1,0.1,0.1,0.1,0.5,0,16238,0.031962064,0.013979554,0,0,0,0,0,0,0,0,0,0,5,1.221796389
40241.67,0.525132469,0.5,6404,37,0.14455,32.1875,34.625,37.05,0,0,0,0,0,20,0.5,0.101,0,0,0,0.1,0.1,0.1,0.1,0.1,0.1,0.5,0,16620,0.031708785,0.013838748,0,0,0,0,0,0,0,0,0,0,5,1.187579531
40301.74,0.528910887,0.5,6404,37,0.07705,32.125,34.5625,37.05,0,0,0,0,0,20,0.5,0.101,0,0,0,0.1,0.1,0.1,0.1,0.1,0.1,0.5,0,16402,0.031947323,0.01402268,0,0,0,0,0,0,0,0,0,0,5,1.149708782
40361.82,0.534689597,0.5,6404,37,0.13615,32.0625,34.5625,36.93,0,0,0,0,0,20,0.5,0.101,0,0,0,0.1,0.1,0.1,0.1,0.1,0.1,0.5,0,15815,0.03250079,0.014100537,0,0,0,0,0,0,0,0,0,0,5,1.124822618
40421.86,0.551947403,0.5,6404,37,0.16025,32.0625,34.625,36.93,0,0,0,0,0,20,0.5,0.101,0,0,0,0.1,0.1,0.1,0.1,0.1,0.1,0.5,0,17403,0.031833592,0.013618342,0,0,0,0,0,0,0,0,0,0,5,1.163880601
40481.93,0.564916373,0.5,6404,37,0.12225,32.0625,34.6875,37.03,0,0.02,0.15,0,0,20,0.5,0.101,0,0,0,0.1,0.1,0.1,0.1,0.1,0.1,0.5,0,17278,0.031774511,0.013890497,0,0,0,0,0,0,0,0,0,0,0.44,1.163880601
40541.97,0.489023984,0.5,6404,37,0.518375,31.875,34.6875,35.89,0,0.019136844,0.25,0,0,20,0.5,0.101,0,0,0,0.1,0.1,0.1,0.1,0.1,0.1,0.5,0,15414,0.032438043,0.013883483,0,0,0,0,0,0,0,0,0,0,0.44,1.163880601
40602.01,0.466418842,0.5,6404,37,0.518234873,31.9375,34.6875,36.05,0,0.01928706,0.14714824,0,0,20,0.5,0.101,0,0,0,0.1,0.1,0.1,0.1,0.1,0.1,0.5,0,14900,0.032751678,0.013892617,0,0,0,0,0,0,0,0,0,0,0.44,1.163880601
40662.06,0.401248466,0.5,6404,37,0.552346548,31.9375,34.6875,36.01,0,0,0.07,0,0,20,0.5,0.101,0,0,0,0.1,0.1,0.1,0.1,0.1,0.1,0.5,0,15098,0.032255928,0.014107829,0,0,0,0,0,0,0,0,0,0,5,1.163880601
40722.1,0.421140619,0.5,6404,37,0.22045,32.1875,34.6875,37.03,0,0,0.07,0,0,20,0.5,0.101,0,0,0,0.1,0.1,0.1,0.1,0.1,0.1,0.5,0,15206,0.032092595,0.013941865,0,0,0,0,0,0,0,0,0,0,5,1.163880601
40782.15,0.409091209,0.5,6404,37,0.14785,32.375,34.6875,37.41,0,0,0.07,0,0,20,0.5,0.101,0,0,0,0.1,0.1,0.1,0.1,0.1,0.1,0.5,0,14785,0.0323977,0.013865404,0,0,0,0,0,0,0,0,0,0,5,1.163880601
40842.22,0.427414842,0.5,6404,37,0.09875,32.3125,34.625,37.27,0,0,0.25,0,0,20,0.5,0.101,0,0,0,0.1,0.1,0.1,0.1,0.1,0.1,0.5,0,13931,0.033019884,0.014284689,0,0,0,0,0,0,0,0,0,0,5,1.163880601
40902.27,0.428560103,0.5,6404,37,0.12325,32.4375,34.625,37.37,0,0,0.07,0,0,20,0.5,0.101,0,0,0,0.1,0.1,0.1,0.1,0.1,0.1,0.5,0,14707,0.03236554,0.013938941,0,0,0,0,0,0,0,0,0,0,5,1.163880601
40962.35,0.446669633,0,6404,37,0.12015,32.375,34.625,37.41,0,0,0,0,0,20,0.5,0.101,0,0,0,0.1,0.1,0.1,0.1,0.1,0.1,0.5,0,15363,0.032350452,0.013929571,0,0,0,0,0,0,0,0,0,0,5,1.163880601
41022.39,0.468437385,0,6404,37,0.13965,32.5,34.625,37.33,0,0,0,0,0,20,0.5,0.101,0,0,0,0.1,0.1,0.1,0.1,0.1,0.1,0.5,0,14988,0.032492661,0.014211369,0,0,0,0,0,0,0,0,0,0,5,1.163880601
41082.47,0.484560528,0,6404,37,0.13945,32.5,34.625,37.19,0,1,0,0,0,20,0.5,0.101,0,0,0,0.1,0.1,0.1,0.1,0.1,0.1,0.5,0,14551,0.032643805,0.01429455,0,0,0,0,0,0,0,0,0,0,5,1.163880601
41142.51,0.47079879,0,6404,37,0.14465,32.4375,34.625,37.05,0,0,0,0,0,20,0.5,0.101,0,0,0,0.1,0.1,0.1,0.1,0.1,0.1,0.5,0,15086,0.032679305,0.014185337,0,0,0,0,0,0,0,0,0,0,5,1.163880601
41202.55,0.495653329,0,6404,37,0.16485,32.375,34.625,37.03,0,0,0,0,0,20,0.5,0.101,0,0,0,0.1,0.1,0.1,0.1,0.1,0.1,0.5,0,15793,0.031786234,0.013803584,0,0,0,0,0,0,0,0,0,0,5,1.163880601
41262.61,0.503337628,0,6404,37,0.13885,32.375,34.625,37.11,0,0,0,0,0,20,0.5,0.102,5.5,0,0,0.1,0.1,0.1,0.1,0.1,0.1,0.5,0,15555,0.032658309,0.014079074,0,0,0,0,0,0,0,0,0,0,5,1.163880601
41322.64,0.484240351,0.5,6404,37,0.27405,32.3125,34.6875,36.61,0,0,0.07,0,0,20,0.5,0.102,5.5,0,0,0.1,0.1,0.1,0.1,0.1,0.1,0.5,0,15318,0.032576054,0.01416634,0,0,0,0,0,0,0,0,0,0,5,0.98964718
41382.71,0.497214655,0.5,6404,37,0.11345,32.25,34.6875,37.25,0,0,0.07,0,0,20,0.5,0.102,5.5,0,0,0.1,0.1,0.1,0.1,0.1,0.1,0.5,0,15672,0.031967841,0.013782542,0,0,0,0,0,0,0,0,0,0,5,1.019486196
41442.81,0.497287082,0.5,6404,37,0.12955,32.3125,34.6875,37.17,0,0,0.25,0,0,20,0.5,0.102,5.5,0,0,0.1,0.1,0.1,0.1,0.1,0.1,0.5,0,15848,0.032306916,0.013944977,0,0,0,0,0,0,0,0,0,0,5,0.968948848
41502.86,0.517353653,0.5,6404,37,0.13475,32.3125,34.6875,37.13,0,0,0.07,0,0,20,0.5,0.102,5.5,0,0,0.1,0.1,0.1,0.1,0.1,0.1,0.5,0,16807,0.031474981,0.013863271,0,0,0,0,0,0,0,0,0,0,5,1.039179008
41562.94,0.512944585,0.5,6404,37,0.12905,32.25,34.8125,37.13,0,0,0.07,0,0,20,0.5,0.102,5.5,0,0,0.1,0.1,0.1,0.1,0.1,0.1,0.5,0,15997,0.032256048,0.014190161,0,0,0,0,0,0,0,0,0,0,5,0.961543444
41622.99,0.520361438,0.5,6404,37,0.20935,32.25,34.8125,36.81,0,0,0.07,0,0,20,0.5,0.102,5.5,0,0,0.1,0.1,0.1,0.1,0.1,0.1,0.5,0,15864,0.032463439,0.013930913,0,0,0,0,0,0,0,0,0,0,5,0.956533747
41683.03,0.544210733,0.5,6404,37,0.13605,32.25,34.75,37.09,0,0,0.07,0,0,20,0.5,0.102,5.5,0,0,0.1,0.1,0.1,0.1,0.1,0.1,0.5,0,16929,0.031661646,0.013763365,0,0,0,0,0,0,0,0,0,0,5,1.043145778
41743.08,0.552631958,0.5,6404,37,0.08325,32.25,34.6875,37.27,0,0.02,0.25,0,0,20,0.5,0.102,5.5,0,0,0.1,0.1,0.1,0.1,0.1,0.1,0.5,0,16645,0.032261941,0.013817963,0,0,0,0,0,0,0,0,0,0,0.44,1.043145778
41803.12,0.498467715,0.5,6404,37,0.5058,32.0625,34.625,35.97,0,0.019119719,0.146478875,0,0,20,0.5,0.102,5.5,0,0,0.1,0.1,0.1,0.1,0.1,0.1,0.5,0,15286,0.032317153,0.0138689,0,0,0,0,0,0,0,0,0,0,0.44,1.043145778
41863.19,0.444323729,0.5,6404,37,0.53479604,31.9375,34.625,35.99,0,0,0.07,0,0,20,0.5,0.102,5.5,0,0,0.1,0.1,0.1,0.1,0.1,0.1,0.5,0,16488,0.031538088,0.013706938,0,0,0,0,0,0,0,0,0,0,5,1.043145778
41923.25,0.46835785,0.5,6404,37,0.18785,32.125,34.6875,37.13,0,0,0.07,0,0,20,0.5,0.102,5.5,0,0,0.1,0.1,0.1,0.1,0.1,0.1,0.5,0,15427,0.032345887,0.013806962,0,0,0,0,0,0,0,0,0,0,5,1.043145778
41983.3,0.463520312,0.5,6404,37,0.18355,32.25,34.6875,37.11,0,0,0.07,0,0,20,0.5,0.102,5.5,0,0,0.1,0.1,0.1,0.1,0.1,0.1,0.5,0,14846,0.033005523,0.014212583,0,0,0,0,0,0,0,0,0,0,5,1.043145778
42043.37,0.464705479,0.5,6404,37,0.12895,32.3125,34.6875,37.29,0,0,0.25,0,0,20,0.5,0.102,5.5,0,0,0.1,0.1,0.1,0.1,0.1,0.1,0.5,0,15164,0.033104722,0.014046426,0,0,0,0,0,0,0,0,0,0,5,1.043145778
42103.47,0.476803942,0.5,6404,37,0.12055,32.3125,34.75,37.29,0,0,0.07,0,0,20,0.5,0.102,5.5,0,0,0.1,0.1,0.1,0.1,0.1,0.1,0.5,0,15654,0.032771177,0.01379839,0,0,0,0,0,0,0,0,0,0,5,1.043145778
42163.54,0.488084947,0.5,6404,37,0.11005,32.3125,34.75,37.29,0,0,0.07,0,0,20,0.5,0.102,5.5,0,0,0.1,0.1,0.1,0.1,0.1,0.1,0.5,0,15789,0.032807651,0.014123757,0,0,0,0,0,0,0,0,0,0,5,1.043145778
42223.59,0.506721163,0.5,6404,37,0.13315,32.3125,34.6875,37.17,0,0,0.07,0,0,20,0.5,0.102,5.5,0,0,0.1,0.1,0.1,0.1,0.1,0.1,0.5,0,16121,0.032504187,0.01389492,0,0,0,0,0,0,0,0,0,0,5,1.103402733
42283.64,0.521115854,0.5,6404,37,0.13835,32.3125,34.6875,37.13,0,0,0.07,0,0,20,0.5,0.102,5.5,0,0,0.1,0.1,0.1,0.1,0.1,0.1,0.5,0,16237,0.032887849,0.013918827,0,0,0,0,0,0,0,0,0,0,5,1.132267121
42343.73,0.514904931,0.5,6404,37,0.11115,32.25,34.75,37.21,0,0,0.25,0,0,20,0.5,0.102,5.5,0,0,0.1,0.1,0.1,0.1,0.1,0.1,0.5,0,16258,0.033337434,0.013962357,0,0,0,0,0,0,0,0,0,0,5,1.039683457
42403.76,0.539211596,0.5,6404,37,0.17965,32.25,34.75,36.93,0,0,0.07,0,0,20,0.5,0.102,5.5,0,0,0.1,0.1,0.1,0.1,0.1,0.1,0.5,0,16329,0.033559924,0.014024129,0,0,0,0,0,0,0,0,0,0,5,1.126076628
42463.81,0.549706897,0.5,6404,37,0.14575,32.25,34.75,37.05,0,0,0,0,0,20,0.5,0.102,5.5,0,0,0.1,0.1,0.1,0.1,0.1,0.1,0.5,0,17645,0.032303769,0.013771607,0,0,0,0,0,0,0,0,0,0,5,1.127604265
42523.85,0.563972644,0.5,6404,37,0.24025,32.25,34.75,37.13,0,0.02,0.15,0,0,20,0.5,0.102,5.5,0,0,0.1,0.1,0.1,0.1,0.1,0.1,0.5,0,17413,0.032791592,0.013840234,0,0,0,0,0,0,0,0,0,0,0.44,1.127604265
42583.89,0.52386113,0.5,6404,37,0.39055,32.1875,34.75,36.47,0,0.02,0.15,0,0,20,0.5,0.102,5.5,0,0,0.1,0.1,0.1,0.1,0.1,0.1,0.5,0,16980,0.033274441,0.01401649,0,0,0,0,0,0,0,0,0,0,0.44,1.127604265
42643.94,0.460077206,0.5,6404,37,0.492,32.0625,34.625,36.15,0,0.02,0.25,0,0,20,0.5,0.102,5.5,0,0,0.1,0.1,0.1,0.1,0.1,0.1,0.5,0,15525,0.033558776,0.014363929,0,0,0,0,0,0,0,0,0,0,0.44,1.127604265
42703.98,0.404979435,0.5,6404,37,0.44255,32.0625,34.625,36.17,0,0,0.07,0,0,20,0.5,0.102,5.5,0,0,0.1,0.1,0.1,0.1,0.1,0.1,0.5,0,14813,0.033889151,0.014176737,0,0,0,0,0,0,0,0,0,0,5,1.127604265
42764.06,0.423535688,0.5,6404,37,0.24645,32.1875,34.6875,36.97,0,0,0.07,0,0,20,0.5,0.102,5.5,0,0,0.1,0.1,0.1,0.1,0.1,0.1,0.5,0,14574,0.034582133,0.014546453,0,0,0,0,0,0,0,0,0,0,5,1.127604265
42824.12,0.437884436,0.5,6404,37,0.16335,32.375,34.625,37.27,0,0,0.07,0,0,20,0.5,0.102,5.5,0,0,0.1,0.1,0.1,0.1,0.1,0.1,0.5,0,15387,0.034054722,0.014232794,0,0,0,0,0,0,0,0,0,0,5,1.127604265
42884.2,0.440348986,0.5,6404,37,0.12365,32.4375,34.625,37.37,0,0,0.07,0,0,20,0.5,0.102,5.5,0,0,0.1,0.1,0.1,0.1,0.1,0.1,0.5,0,15501,0.034255854,0.014515193,0,0,0,0,0,0,0,0,0,0,5,1.127604265
42944.28,0.452398001,0.5,6404,37,0.15165,32.4375,34.5625,37.21,0,0,0.25,0,0,20,0.5,0.102,5.5,0,0,0.1,0.1,0.1,0.1,0.1,0.1,0.5,0,15700,0.034140127,0.014076433,0,0,0,0,0,0,0,0,0,0,5,1.127604265
43004.34,0.452403989,0.5,6404,37,0.16235,32.375,34.5625,37.13,0,0,0.07,0,0,20,0.5,0.102,5.5,0,0,0.1,0.1,0.1,0.1,0.1,0.1,0.5,0,15721,0.034603397,0.014566503,0,0,0,0,0,0,0,0,0,0,5,1.127604265
43064.41,0.474382546,0.5,6404,37,0.11805,32.3125,34.5,37.27,0,0,0.07,0,0,20,0.5,0.102,5.5,0,0,0.1,0.1,0.1,0.1,0.1,0.1,0.5,0,15521,0.034727144,0.014560917,0,0,0,0,0,0,0,0,0,0,5,1.213539534
43124.45,0.473430802,0.5,6404,37,0.13645,32.25,34.5,37.17,0,0,0.07,0,0,20,0.5,0.102,5.5,0,0,0.1,0.1,0.1,0.1,0.1,0.1,0.5,0,14966,0.035814513,0.014833623,0,0,0,0,0,0,0,0,0,0,5,1.14683767
43184.5,0.481354564,0.5,6404,37,0.18285,32.1875,34.5,36.97,0,0,0.07,0,0,20,0.5,0.102,5.5,0,0,0.1,0.1,0.1,0.1,0.1,0.1,0.5,0,16340,0.034638923,0.014565483,0,0,0,0,0,0,0,0,0,0,5,1.139290922
43244.54,0.504135608,0.5,6404,37,0.14455,32.1875,34.4375,37.11,0,0,0.25,0,0,20,0.5,0.102,5.5,0,0,0.1,0.1,0.1,0.1,0.1,0.1,0.5,0,15593,0.035785288,0.014686077,0,0,0,0,0,0,0,0,0,0,5,1.221049847
43304.61,0.498891118,0.5,6404,37,0.11855,32.25,34.5,37.19,0,0,0,0,0,20,0.5,0.102,5.5,0,0,0.1,0.1,0.1,0.1,0.1,0.1,0.5,0,17039,0.034978579,0.014613534,0,0,0,0,0,0,0,0,0,0,5,1.128625082
43364.67,0.522455769,0.5,6404,37,0.11695,32.125,34.5625,37.17,0,0,0,0,0,20,0.5,0.102,5.5,0,0,0.1,0.1,0.1,0.1,0.1,0.1,0.5,0,17046,0.035198874,0.014607533,0,0,0,0,0,0,0,0,0,0,5,1.210651199
43424.71,0.524639942,0.5,6404,37,0.17015,32.1875,34.5,36.95,0,0,0,0,0,20,0.5,0.102,5.5,0,0,0.1,0.1,0.1,0.1,0.1,0.1,0.5,0,16447,0.036298413,0.014531526,0,0,0,0,0,0,0,0,0,0,5,1.16263426
43484.75,0.524185347,0.5,6404,37,0.15185,32.125,34.5625,37.01,0,0,0,0,0,20,0.5,0.102,5.5,0,0,0.1,0.1,0.1,0.1,0.1,0.1,0.5,0,16956,0.035621609,0.014390186,0,0,0,0,0,0,0,0,0,0,5,1.101901954
43544.82,0.548964776,0.5,6404,37,0.15125,32.0625,34.5625,37.01,0,0,0,0,0,20,0.5,0.102,5.5,0,0,0.1,0.1,0.1,0.1,0.1,0.1,0.5,0,16550,0.036374622,0.014803625,0,0,0,0,0,0,0,0,0,0,5,1.185373683
43604.87,0.560882556,0.5,6404,37,0.2785,32.125,34.625,36.97,0,0.02,0.15,0,0,20,0.5,0.102,5.5,0,0,0.1,0.1,0.1,0.1,0.1,0.1,0.5,0,16460,0.036998785,0.015006075,0,0,0,0,0,0,0,0,0,0,0.44,1.185373683
43664.91,0.5145257,0.5,6404,37,0.3892,32,34.625,36.49,0,0.02,0.15,0,0,20,0.5,0.102,5.5,0,0,0.1,0.1,0.1,0.1,0.1,0.1,0.5,0,15853,0.03734309,0.014949852,0,0,0,0,0,0,0,0,0,0,0.44,1.185373683
43724.95,0.457851805,0.5,6404,37,0.47,32,34.625,36.23,0,0.02,0.15,0,0,20,0.5,0.102,5.5,0,0,0.1,0.1,0.1,0.1,0.1,0.1,0.5,0,15632,0.037039406,0.014585466,0,0,0,0,0,0,0,0,0,0,0.44,1.185373683
43785.01,0.412670201,0.5,6404,37,0.52695,31.875,34.6875,35.83,0,0,0.07,0,0,20,0.5,0.102,5.5,0,0,0.1,0.1,0.1,0.1,0.1,0.1,0.5,0,14885,0.037017131,0.014847162,0,0,0,0,0,0,0,0,0,0,5,1.185373683
43845.07,0.41476323,0.5,6404,37,0.24875,32.125,34.6875,36.95,0,0,0.25,0,0,20,0.5,0.102,5.5,0,0,0.1,0.1,0.1,0.1,0.1,0.1,0.5,0,15317,0.036887119,0.014754848,0,0,0,0,0,0,0,0,0,0,5,1.185373683
43905.11,0.437322764,0.5,6404,37,0.08615,32.25,34.6875,37.55,0,0,0.07,0,0,20,0.5,0.102,5.5,0,0,0.1,0.1,0.1,0.1,0.1,0.1,0.5,0,15064,0.037506638,0.015069039,0,0,0,0,0,0,0,0,0,0,5,1.185373683
43965.17,0.436654373,0.5,6404,37,0.11795,32.375,34.625,37.37,0,0,0.07,0,0,20,0.5,0.102,5.5,0,0,0.1,0.1,0.1,0.1,0.1,0.1,0.5,0,15446,0.037096983,0.01502007,0,0,0,0,0,0,0,0,0,0,5,1.185373683
44025.25,0.443668964,0.5,6404,37,0.12685,32.4375,34.625,37.29,0,0,0.07,0,0,20,0.5,0.102,5.5,0,0,0.1,0.1,0.1,0.1,0.1,0.1,0.5,0,16250,0.036984615,0.014892308,0,0,0,0,0,0,0,0,0,0,5,1.185373683
44085.3,0.452458199,0.5,6404,37,0.12665,32.375,34.625,37.25,0,0,0.07,0,0,20,0.5,0.102,5.5,0,0,0.1,0.1,0.1,0.1,0.1,0.1,0.5,0,15468,0.037755366,0.015063357,0,0,0,0,0,0,0,0,0,0,5,1.185373683
44145.34,0.478888691,0.5,6404,37,0.16035,32.3125,34.625,37.09,0,0,0.25,0,0,20,0.5,0.102,5.5,0,0,0.1,0.1,0.1,0.1,0.1,0.1,0.5,0,16541,0.037059428,0.014872136,0,0,0,0,0,0,0,0,0,0,5,1.296423439
44205.39,0.484736177,0.5,6404,37,0.13055,32.3125,34.625,37.19,0,0,0.07,0,0,20,0.5,0.102,5.5,0,0,0.1,0.1,0.1,0.1,0.1,0.1,0.5,0,15733,0.038136401,0.015318121,0,0,0,0,0,0,0,0,0,0,5,1.268012023
44265.48,0.485495396,0.5,6404,37,0.13805,32.3125,34.625,37.13,0,0,0.07,0,0,20,0.5,0.102,5.5,0,0,0.1,0.1,0.1,0.1,0.1,0.1,0.5,0,16188,0.037682234,0.015072894,0,0,0,0,0,0,0,0,0,0,5,1.209306498
44325.56,0.503344683,0.5,6404,37,0.11585,32.25,34.625,37.19,0,0,0.07,0,0,20,0.5,0.102,5.5,0,0,0.1,0.1,0.1,0.1,0.1,0.1,0.5,0,16414,0.038077251,0.015109053,0,0,0,0,0,0,0,0,0,0,5,1.257157331
44385.64,0.507809536,0.5,6404,37,0.14935,32.1875,34.625,37.05,0,0,0,0,0,20,0.5,0.102,5.5,0,0,0.1,0.1,0.1,0.1,0.1,0.1,0.5,0,16877,0.038217693,0.015168573,0,0,0,0,0,0,0,0,0,0,5,1.220793237
44445.71,0.518967812,0.5,6404,37,0.13545,32.1875,34.5625,37.09,0,0,0,0,0,20,0.5,0.102,5.5,0,0,0.1,0.1,0.1,0.1,0.1,0.1,0.5,0,15430,0.0404407,0.015878159,0,0,0,0,0,0,0,0,0,0,5,1.224959817
44505.79,0.529754344,0.5,6404,37,0.18215,32.1875,34.5625,36.89,0,0,0,0,0,20,0.5,0.102,5.5,0,0,0.1,0.1,0.1,0.1,0.1,0.1,0.5,0,16541,0.038994015,0.015355783,0,0,0,0,0,0,0,0,0,0,5,1.225426433
44565.86,0.525929308,0.5,6404,37,0.10915,32.1875,34.5625,37.17,0,0,0,0,0,20,0.5,0.102,5.5,0,0,0.1,0.1,0.1,0.1,0.1,0.1,0.5,0,16819,0.039419704,0.015399251,0,0,0,0,0,0,0,0,0,0,5,1.142415346
44625.94,0.540615785,0.5,6404,37,0.10255,32.125,34.5625,37.17,0,0,0,0,0,20,0.5,0.102,5.5,0,0,0.1,0.1,0.1,0.1,0.1,0.1,0.5,0,17229,0.039236172,0.015148877,0,0,0,0,0,0,0,0,0,0,5,1.167920648
44686.02,0.564420712,0.5,6404,37,0.28345,32.1875,34.5,36.93,0,0.02,0.15,0,0,20,0.5,0.102,5.5,0,0,0.1,0.1,0.1,0.1,0.1,0.1,0.5,0,16837,0.040030884,0.015323395,0,0,0,0,0,0,0,0,0,0,0.44,1.167920648
44746.08,0.499024336,0.5,6404,37,0.49005,32,34.5,36.05,0,0.02,0.25,0,0,20,0.5,0.102,5.5,0,0,0.1,0.1,0.1,0.1,0.1,0.1,0.5,0,16010,0.039912555,0.015677701,0,0,0,0,0,0,0,0,0,0,0.44,1.167920648
44806.13,0.43876712,0.5,6404,37,0.55105,31.875,34.625,35.67,0,0,0.07,0,0,20,0.5,0.102,5.5,0,0,0.1,0.1,0.1,0.1,0.1,0.1,0.5,0,15554,0.039346792,0.015237238,0,0,0,0,0,0,0,0,0,0,5,1.167920648
44866.2,0.44051514,0.5,6404,37,0.21045,32.125,34.625,37.03,0,0,0.07,0,0,20,0.5,0.102,5.5,0,0,0.1,0.1,0.1,0.1,0.1,0.1,0.5,0,15655,0.039667838,0.015522197,0,0,0,0,0,0,0,0,0,0,5,1.167920648
44926.24,0.448185477,0.5,6404,37,0.12855,32.25,34.6875,37.33,0,0,0.07,0,0,20,0.5,0.102,5.5,0,0,0.1,0.1,0.1,0.1,0.1,0.1,0.5,0,15465,0.039896541,0.015648238,0,0,0,0,0,0,0,0,0,0,5,1.167920648
44986.29,0.445142531,0.5,6404,37,0.13515,32.3125,34.625,37.27,0,0,0.07,0,0,20,0.5,0.102,5.5,0,0,0.1,0.1,0.1,0.1,0.1,0.1,0.5,0,15899,0.040379898,0.015661362,0,0,0,0,0,0,0,0,0,0,5,1.167920648
45046.33,0.452409725,0.5,6404,37,0.08635,32.3125,34.6875,37.41,0,0,0.25,0,0,20,0.5,0.102,5.5,0,0,0.1,0.1,0.1,0.1,0.1,0.1,0.5,0,15346,0.040792389,0.015899909,0,0,0,0,0,0,0,0,0,0,5,1.167920648
45106.39,0.476448281,0.5,6404,37,0.15065,32.3125,34.6875,37.13,0,0,0.07,0,0,20,0.5,0.102,5.5,0,0,0.1,0.1,0.1,0.1,0.1,0.1,0.5,0,16496,0.039949079,0.015337051,0,0,0,0,0,0,0,0,0,0,5,1.167920648
45166.44,0.502511655,0.5,6404,37,0.11085,32.25,34.625,37.27,0,0,0.07,0,0,20,0.5,0.102,5.5,0,0,0.1,0.1,0.1,0.1,0.1,0.1,0.5,0,16318,0.040139723,0.015504351,0,0,0,0,0,0,0,0,0,0,5,1.269303586
45226.52,0.489749813,0.5,6404,37,0.12515,32.3125,34.625,37.19,0,0,0.07,0,0,20,0.5,0.102,5.5,0,0,0.1,0.1,0.1,0.1,0.1,0.1,0.5,0,16865,0.040379484,0.015535132,0,0,0,0,0,0,0,0,0,0,5,1.128665932
45286.61,0.519382315,0.5,6404,37,0.16445,32.3125,34.5625,37.01,0,0,0.07,0,0,20,0.5,0.102,5.5,0,0,0.1,0.1,0.1,0.1,0.1,0.1,0.5,0,16955,0.040460041,0.015747567,0,0,0,0,0,0,0,0,0,0,5,1.248469357
45346.65,0.532880876,0.5,6404,37,0.13405,32.25,34.625,37.11,0,0,0.25,0,0,20,0.5,0.102,5.5,0,0,0.1,0.1,0.1,0.1,0.1,0.1,0.5,0,16281,0.041397949,0.015969535,0,0,0,0,0,0,0,0,0,0,5,1.263018847
45406.72,0.527714075,0.5,6404,37,0.15285,32.1875,34.5625,37.03,0,0,0,0,0,20,0.5,0.102,5.5,0,0,0.1,0.1,0.1,0.1,0.1,0.1,0.5,0,16794,0.041324282,0.016017625,0,0,0,0,0,0,0,0,0,0,5,1.170638034
45466.77,0.530565901,0.5,6404,37,0.1153,32.1875,34.5625,37.19,0,0,0,0,0,20,0.5,0.102,5.5,0,0,0.1,0.1,0.1,0.1,0.1,0.1,0.5,0,16940,0.041381346,0.015761511,0,0,0,0,0,0,0,0,0,0,5,1.128274818
45526.86,0.565571821,0.5,6404,37,0.1502,32.1875,34.5625,37.11,0,0,0,0,0,20,0.5,0.102,5.5,0,0,0.1,0.1,0.1,0.1,0.1,0.1,0.5,0,17123,0.041756702,0.01606027,0,0,0,0,0,0,0,0,0,0,5,1.263540431
45586.93,0.557564247,0.5,6404,37,0.28855,32.125,34.5,36.93,0,0.02,0.15,0,0,20,0.5,0.102,5.5,0,0,0.1,0.1,0.1,0.1,0.1,0.1,0.5,0,17275,0.042026049,0.016034732,0,0,0,0,0,0,0,0,0,0,0.44,1.263540431
45646.97,0.484818401,0.5,6404,37,0.530015109,31.9375,34.5,35.85,0,0.017856329,0.25,0,0,20,0.5,0.102,5.5,0,0,0.1,0.1,0.1,0.1,0.1,0.1,0.5,0,16738,0.041522285,0.015593261,0,0,0,0,0,0,0,0,0,0,0.44,1.263540431
45707.04,0.445967272,0.5,6404,37,0.50695,31.9375,34.5,35.85,0,0,0.07,0,0,20,0.5,0.102,5.5,0,0,0.1,0.1,0.1,0.1,0.1,0.1,0.5,0,14931,0.042595941,0.015939991,0,0,0,0,0,0,0,0,0,0,5,1.263540431
45767.1,0.450203334,0.5,6404,37,0.17605,32.125,34.5625,37.17,0,0,0.07,0,0,20,0.5,0.102,5.5,0,0,0.1,0.1,0.1,0.1,0.1,0.1,0.5,0,15817,0.041537586,0.015679332,0,0,0,0,0,0,0,0,0,0,5,1.263540431
45827.17,0.451218725,0.5,6404,37,0.14495,32.25,34.5625,37.25,0,0,0.07,0,0,20,0.5,0.102,5.5,0,0,0.1,0.1,0.1,0.1,0.1,0.1,0.5,0,15629,0.042229189,0.015931921,0,0,0,0,0,0,0,0,0,0,5,1.263540431
45887.21,0.461211573,0.5,6404,37,0.09065,32.25,34.625,37.43,0,0,0.07,0,0,20,0.5,0.102,5.5,0,0,0.1,0.1,0.1,0.1,0.1,0.1,0.5,0,15674,0.042426949,0.016205181,0,0,0,0,0,0,0,0,0,0,5,1.263540431
45947.25,0.479965469,0.5,6404,37,0.13845,32.3125,34.625,37.21,0,0,0.25,0,0,20,0.5,0.102,5.5,0,0,0.1,0.1,0.1,0.1,0.1,0.1,0.5,0,16738,0.041522285,0.015951727,0,0,0,0,0,0,0,0,0,0,5,1.263540431
46007.3,0.485763363,0.5,6404,37,0.13215,32.25,34.625,37.21,0,0,0.07,0,0,20,0.5,0.102,5.5,0,0,0.1,0.1,0.1,0.1,0.1,0.1,0.5,0,16164,0.042687454,0.015961396,0,0,0,0,0,0,0,0,0,0,5,1.263540431
46067.34,0.500273559,0.5,6404,37,0.08575,32.25,34.625,37.35,0,0,0.07,0,0,20,0.5,0.102,5.5,0,0,0.1,0.1,0.1,0.1,0.1,0.1,0.5,0,16076,0.042796716,0.016110973,0,0,0,0,0,0,0,0,0,0,5,1.288663819
46127.43,0.515540809,0.5,6404,37,0.13745,32.3125,34.625,37.13,0,0,0.07,0,0,20,0.5,0.102,5.5,0,0,0.1,0.1,0.1,0.1,0.1,0.1,0.5,0,16465,0.042635894,0.015912542,0,0,0,0,0,0,0,0,0,0,5,1.314414818
46187.46,0.529281124,0.5,6404,37,0.16475,32.25,34.625,37.01,0,0,0.07,0,0,20,0.5,0.102,5.5,0,0,0.1,0.1,0.1,0.1,0.1,0.1,0.5,0,17847,0.041351488,0.015744943,0,0,0,0,0,0,0,0,0,0,5,1.327603834
46247.54,0.529742015,0.5,6404,37,0.16175,32.25,34.6875,37.01,0,0,0.25,0,0,20,0.5,0.102,5.5,0,0,0.1,0.1,0.1,0.1,0.1,0.1,0.5,0,16235,0.043794272,0.016569141,0,0,0,0,0,0,0,0,0,0,5,1.263834862
46307.61,0.532996291,0.5,6404,37,0.1351,32.25,34.6875,37.17,0,0,0,0,0,20,0.5,0.102,5.5,0,0,0.1,0.1,0.1,0.1,0.1,0.1,0.5,0,16518,0.043952052,0.016527425,0,0,0,0,0,0,0,0,0,0,5,1.219016146
46367.68,0.549576074,0.5,6404,37,0.0841,32.25,34.6875,37.05,0,0,0,0,0,20,0.5,0.102,5.5,0,0,0.1,0.1,0.1,0.1,0.1,0.1,0.5,0,16804,0.043858605,0.01660319,0,0,0,0,0,0,0,0,0,0,5,1.249963562
46427.72,0.54657666,0.5,6404,37,0.3259,32.1875,34.625,36.73,0,0.02,0.15,0,0,20,0.5,0.102,5.5,0,0,0.1,0.1,0.1,0.1,0.1,0.1,0.5,0,16812,0.044432548,0.016416845,0,0,0,0,0,0,0,0,0,0,0.44,1.249963562
46487.77,0.484359748,0.5,6404,37,0.511700784,32.0625,34.625,35.91,0,0.016700633,0.136802532,0,0,20,0.5,0.102,5.5,0,0,0.1,0.1,0.1,0.1,0.1,0.1,0.5,0,15970,0.044082655,0.016280526,0,0,0,0,0,0,0,0,0,0,0.44,1.249963562
46547.82,0.446029461,0.5,6404,37,0.43575,32,34.625,36.13,0,0,0.25,0,0,20,0.5,0.102,5.5,0,0,0.1,0.1,0.1,0.1,0.1,0.1,0.5,0,14600,0.044863014,0.016780822,0,0,0,0,0,0,0,0,0,0,5,1.249963562
46607.89,0.446775224,0.5,6404,37,0.23755,32.1875,34.5625,36.93,0,0,0.07,0,0,20,0.5,0.102,5.5,0,0,0.1,0.1,0.1,0.1,0.1,0.1,0.5,0,15623,0.04320553,0.016066056,0,0,0,0,0,0,0,0,0,0,5,1.249963562
46667.96,0.46073561,0.5,6404,37,0.10585,32.1875,34.5625,37.41,0,0,0.07,0,0,20,0.5,0.102,5.5,0,0,0.1,0.1,0.1,0.1,0.1,0.1,0.5,0,15435,0.044120505,0.01665047,0,0,0,0,0,0,0,0,0,0,5,1.249963562
46728.01,0.47693076,0.5,6404,37,0.15955,32.25,34.5,37.17,0,0,0.07,0,0,20,0.5,0.102,5.5,0,0,0.1,0.1,0.1,0.1,0.1,0.1,0.5,0,15413,0.044702524,0.016674236,0,0,0,0,0,0,0,0,0,0,5,1.249963562
46788.05,0.499939008,0.5,6404,37,0.16495,32.3125,34.5,37.11,0,0,0.07,0,0,20,0.5,0.102,5.5,0,0,0.1,0.1,0.1,0.1,0.1,0.1,0.5,0,15994,0.043766412,0.016381143,0,0,0,0,0,0,0,0,0,0,5,1.249963562
46848.08,0.48768155,0.5,6404,37,0.15395,32.3125,34.5625,37.13,0,0,0.25,0,0,20,0.5,0.102,5.5,0,0,0.1,0.1,0.1,0.1,0.1,0.1,0.5,0,15748,0.044323089,0.016319533,0,0,0,0,0,0,0,0,0,0,5,1.249963562
46908.12,0.505928204,0.5,6404,37,0.16765,32.25,34.5,37.05,0,0,0.07,0,0,20,0.5,0.102,5.5,0,0,0.1,0.1,0.1,0.1,0.1,0.1,0.5,0,15416,0.045537104,0.016541256,0,0,0,0,0,0,0,0,0,0,5,1.297661803
46968.17,0.503447669,0.5,6404,37,0.10725,32.25,34.5625,37.27,0,0,0.07,0,0,20,0.5,0.102,5.5,0,0,0.1,0.1,0.1,0.1,0.1,0.1,0.5,0,16085,0.044762201,0.016412807,0,0,0,0,0,0,0,0,0,0,5,1.21803372
47028.25,0.511356274,0.5,6404,37,0.12325,32.25,34.625,37.17,0,0,0.07,0,0,20,0.5,0.102,5.5,0,0,0.1,0.1,0.1,0.1,0.1,0.1,0.5,0,16798,0.043993333,0.01660912,0,0,0,0,0,0,0,0,0,0,5,1.203892386
47088.31,0.540236591,0.5,6404,37,0.17115,32.25,34.625,36.97,0,0,0.07,0,0,20,0.5,0.102,5.5,0,0,0.1,0.1,0.1,0.1,0.1,0.1,0.5,0,17104,0.044200187,0.016604303,0,0,0,0,0,0,0,0,0,0,5,1.308519621
47148.38,0.521660612,0.5,6404,37,0.0868,32.1875,34.6875,37.09,0,0,0,0,0,20,0.5,0.102,5.5,0,0,0.1,0.1,0.1,0.1,0.1,0.1,0.5,0,16358,0.045787994,0.016750214,0,0,0,0,0,0,0,0,0,0,5,1.138123741
47208.46,0.555472132,0.5,6404,37,0.1058,32.1875,34.6875,37.01,0,0,0,0,0,20,0.5,0.102,5.5,0,0,0.1,0.1,0.1,0.1,0.1,0.1,0.5,0,16441,0.046043428,0.0167873,0,0,0,0,0,0,0,0,0,0,5,1.269621249
47268.53,0.558804683,0.5,6404,37,0.328,32.125,34.625,36.73,0,0.02,0.15,0,0,20,0.5,0.102,5.5,0,0,0.1,0.1,0.1,0.1,0.1,0.1,0.5,0,17154,0.045237262,0.016847383,0,0,0,0,0,0,0,0,0,0,0.44,1.269621249
47328.58,0.500974067,0.5,6404,37,0.497375,32.0625,34.6875,36.01,0,0.02,0.15,0,0,20,0.5,0.102,5.5,0,0,0.1,0.1,0.1,0.1,0.1,0.1,0.5,0,16463,0.044767053,0.016400413,0,0,0,0,0,0,0,0,0,0,0.44,1.269621249
47388.63,0.444307193,0.5,6404,37,0.459498359,32,34.625,36.05,0,0.001220592,0.074882368,0,0,20,0.5,0.102,5.5,0,0,0.1,0.1,0.1,0.1,0.1,0.1,0.5,0,15829,0.043717228,0.016551898,0,0,0,0,0,0,0,0,0,0,0.44,1.269621249
47448.7,0.437952491,0.5,6404,37,0.30325,32.125,34.625,36.69,0,0,0.25,0,0,20,0.5,0.102,5.5,0,0,0.1,0.1,0.1,0.1,0.1,0.1,0.5,0,14701,0.045711176,0.016529488,0,0,0,0,0,0,0,0,0,0,5,1.269621249
47508.76,0.445424176,0.5,6404,37,0.15015,32.25,34.625,37.27,0,0,0.07,0,0,20,0.5,0.102,5.5,0,0,0.1,0.1,0.1,0.1,0.1,0.1,0.5,0,15323,0.044573517,0.016772173,0,0,0,0,0,0,0,0,0,0,5,1.269621249
47568.81,0.46039273,0.5,6404,37,0.20065,32.375,34.625,37.05,0,0,0.07,0,0,20,0.5,0.102,5.5,0,0,0.1,0.1,0.1,0.1,0.1,0.1,0.5,0,16125,0.043906977,0.016062016,0,0,0,0,0,0,0,0,0,0,5,1.269621249
47628.87,0.464750641,0.5,6404,37,0.08975,32.25,34.5625,37.43,0,0,0.07,0,0,20,0.5,0.102,5.5,0,0,0.1,0.1,0.1,0.1,0.1,0.1,0.5,0,16322,0.043989707,0.016480823,0,0,0,0,0,0,0,0,0,0,5,1.269621249
47688.91,0.473008848,0.5,6404,37,0.18495,32.3125,34.625,37.03,0,0,0.07,0,0,20,0.5,0.102,5.5,0,0,0.1,0.1,0.1,0.1,0.1,0.1,0.5,0,15985,0.044791992,0.016703159,0,0,0,0,0,0,0,0,0,0,5,1.269621249
47748.94,0.481953856,0.5,6404,37,0.13365,32.25,34.5625,37.21,0,0,0.25,0,0,20,0.5,0.102,5.5,0,0,0.1,0.1,0.1,0.1,0.1,0.1,0.5,0,16069,0.045304624,0.016740307,0,0,0,0,0,0,0,0,0,0,5,1.269621249
47808.99,0.488669915,0.5,6404,37,0.11145,32.25,34.5625,37.27,0,0,0.07,0,0,20,0.5,0.102,5.5,0,0,0.1,0.1,0.1,0.1,0.1,0.1,0.5,0,16336,0.045359941,0.016589128,0,0,0,0,0,0,0,0,0,0,5,1.247656787
47869.03,0.497223541,0.5,6404,37,0.18165,32.3125,34.5,36.97,0,0,0.07,0,0,20,0.5,0.102,5.5,0,0,0.1,0.1,0.1,0.1,0.1,0.1,0.5,0,15918,0.045985677,0.01696193,0,0,0,0,0,0,0,0,0,0,5,1.237331338
47929.07,0.511587936,0.5,6404,37,0.14655,32.25,34.5625,37.09,0,0,0.07,0,0,20,0.5,0.102,5.5,0,0,0.1,0.1,0.1,0.1,0.1,0.1,0.5,0,16028,0.046356376,0.016970302,0,0,0,0,0,0,0,0,0,0,5,1.260904122
47989.13,0.538582273,0.5,6404,37,0.13325,32.25,34.5625,37.13,0,0,0.07,0,0,20,0.5,0.102,5.5,0,0,0.1,0.1,0.1,0.1,0.1,0.1,0.5,0,17065,0.045297392,0.016349253,0,0,0,0,0,0,0,0,0,0,5,1.352121251
48049.17,0.528496742,0.5,6404,37,0.0942,32.25,34.5625,37.21,0,0,0,0,0,20,0.5,0.102,5.5,0,0,0.1,0.1,0.1,0.1,0.1,0.1,0.5,0,17830,0.044924285,0.016601234,0,0,0,0,0,0,0,0,0,0,5,1.227804311
48109.26,0.55732253,0.5,6404,37,0.0823,32.25,34.625,37.11,0,0,0,0,0,20,0.5,0.102,5.5,0,0,0.1,0.1,0.1,0.1,0.1,0.1,0.5,0,17965,0.044419705,0.016476482,0,0,0,0,0,0,0,0,0,0,5,1.325736534
48169.29,0.551415675,0.5,6404,37,0.2951,32.1875,34.625,36.89,0,0.02,0.15,0,0,20,0.5,0.102,5.5,0,0,0.1,0.1,0.1,0.1,0.1,0.1,0.5,0,15823,0.048347342,0.017190166,0,0,0,0,0,0,0,0,0,0,0.44,1.325736534
48229.34,0.487328407,0.5,6404,37,0.502779405,32,34.5625,35.97,0,0.017571412,0.140285647,0,0,20,0.5,0.102,5.5,0,0,0.1,0.1,0.1,0.1,0.1,0.1,0.5,0,16135,0.045986985,0.016981717,0,0,0,0,0,0,0,0,0,0,0.44,1.325736534
48289.41,0.438302613,0.5,6404,37,0.45455,31.9375,34.625,36.05,0,0,0.07,0,0,20,0.5,0.102,5.5,0,0,0.1,0.1,0.1,0.1,0.1,0.1,0.5,0,15799,0.045192734,0.016709918,0,0,0,0,0,0,0,0,0,0,5,1.325736534
48349.48,0.445526174,0.5,6404,37,0.25905,32.125,34.625,36.85,0,0,0.25,0,0,20,0.5,0.102,5.5,0,0,0.1,0.1,0.1,0.1,0.1,0.1,0.5,0,14917,0.046591138,0.016692364,0,0,0,0,0,0,0,0,0,0,5,1.325736534
48409.54,0.46474123,0.5,6404,37,0.12565,32.25,34.6875,37.35,0,0,0.07,0,0,20,0.5,0.102,5.5,0,0,0.1,0.1,0.1,0.1,0.1,0.1,0.5,0,15656,0.045286152,0.016543178,0,0,0,0,0,0,0,0,0,0,5,1.325736534
48469.59,0.464531916,0.5,6404,37,0.11805,32.375,34.625,37.33,0,0,0.07,0,0,20,0.5,0.102,5.5,0,0,0.1,0.1,0.1,0.1,0.1,0.1,0.5,0,16191,0.045333827,0.016737694,0,0,0,0,0,0,0,0,0,0,5,1.325736534
48529.66,0.478196985,0.5,6404,37,0.16705,32.3125,34.6875,37.11,0,0,0.07,0,0,20,0.5,0.102,5.5,0,0,0.1,0.1,0.1,0.1,0.1,0.1,0.5,0,15756,0.045950749,0.01681899,0,0,0,0,0,0,0,0,0,0,5,1.325736534
48589.72,0.4815292,0.5,6404,37,0.11805,32.25,34.625,37.27,0,0,0.07,0,0,20,0.5,0.102,5.5,0,0,0.1,0.1,0.1,0.1,0.1,0.1,0.5,0,16130,0.045877247,0.016676999,0,0,0,0,0,0,0,0,0,0,5,1.325736534
48649.77,0.505513961,0.5,6404,37,0.15765,32.3125,34.625,37.09,0,0,0.25,0,0,20,0.5,0.102,5.5,0,0,0.1,0.1,0.1,0.1,0.1,0.1,0.5,0,17149,0.044609015,0.016560732,0,0,0,0,0,0,0,0,0,0,5,1.405276061
48709.81,0.510861382,0.5,6404,37,0.09955,32.25,34.5625,37.29,0,0,0.07,0,0,20,0.5,0.102,5.5,0,0,0.1,0.1,0.1,0.1,0.1,0.1,0.5,0,17245,0.044882575,0.016642505,0,0,0,0,0,0,0,0,0,0,5,1.366580143
48769.85,0.512913275,0.5,6404,37,0.11675,32.25,34.5625,37.19,0,0,0.07,0,0,20,0.5,0.102,5.5,0,0,0.1,0.1,0.1,0.1,0.1,0.1,0.5,0,16560,0.046497585,0.017028986,0,0,0,0,0,0,0,0,0,0,5,1.310276609
48829.93,0.51058895,0.5,6404,37,0.12695,32.25,34.5625,37.13,0,0,0.07,0,0,20,0.5,0.102,5.5,0,0,0.1,0.1,0.1,0.1,0.1,0.1,0.5,0,15988,0.047848386,0.017325494,0,0,0,0,0,0,0,0,0,0,5,1.231137038
48890.01,0.529128713,0.5,6404,37,0.1144,32.125,34.5625,37.03,0,0,0,0,0,20,0.5,0.102,5.5,0,0,0.1,0.1,0.1,0.1,0.1,0.1,0.5,0,16226,0.047886109,0.017009737,0,0,0,0,0,0,0,0,0,0,5,1.276580748
48950.07,0.524976458,0.5,6404,37,0.1659,32.1875,34.625,37.19,0,0,0,0,0,20,0.5,0.102,5.5,0,0,0.1,0.1,0.1,0.1,0.1,0.1,0.5,0,16846,0.047073489,0.017155408,0,0,0,0,0,0,0,0,0,0,5,1.189116819
49010.14,0.562611617,0.5,6404,37,0.069,32.125,34.5625,36.93,0,0,0,0,0,20,0.5,0.102,5.5,0,0,0.1,0.1,0.1,0.1,0.1,0.1,0.5,0,17779,0.046121829,0.016761348,0,0,0,0,0,0,0,0,0,0,5,1.337369352
49070.22,0.552285081,0.5,6404,37,0.414225,32.125,34.5625,36.31,0,0.02,0.15,0,0,20,0.5,0.102,5.5,0,0,0.1,0.1,0.1,0.1,0.1,0.1,0.5,0,17019,0.047770139,0.017333568,0,0,0,0,0,0,0,0,0,0,0.44,1.337369352
49130.3,0.500060555,0.5,6404,37,0.638564934,32,34.625,35.37,0,0.019283186,0.147132743,0,0,20,0.5,0.102,5.5,0,0,0.1,0.1,0.1,0.1,0.1,0.1,0.5,0,17177,0.045642429,0.01647552,0,0,0,0,0,0,0,0,0,0,0.44,1.337369352
49190.36,0.443915797,0.5,6404,37,0.44205694,31.9375,34.625,36.15,0,0.001155919,0.074623675,0,0,20,0.5,0.102,5.5,0,0,0.1,0.1,0.1,0.1,0.1,0.1,0.5,0,16147,0.045209636,0.016721372,0,0,0,0,0,0,0,0,0,0,0.44,1.337369352
49250.43,0.438758863,0.5,6404,37,0.29045,32.125,34.625,36.77,0,0,0.25,0,0,20,0.5,0.102,5.5,0,0,0.1,0.1,0.1,0.1,0.1,0.1,0.5,0,15691,0.045694984,0.016570008,0,0,0,0,0,0,0,0,0,0,5,1.337369352
49310.49,0.445712402,0.5,6404,37,0.12055,32.1875,34.625,37.41,0,0,0.07,0,0,20,0.5,0.102,5.5,0,0,0.1,0.1,0.1,0.1,0.1,0.1,0.5,0,16541,0.044676864,0.016564899,0,0,0,0,0,0,0,0,0,0,5,1.337369352
49370.54,0.455978366,0.5,6404,37,0.10825,32.375,34.625,37.41,0,0,0.07,0,0,20,0.5,0.102,5.5,0,0,0.1,0.1,0.1,0.1,0.1,0.1,0.5,0,16065,0.045502646,0.016557734,0,0,0,0,0,0,0,0,0,0,5,1.337369352
49430.6,0.46982215,0.5,6404,37,0.12655,32.375,34.625,37.29,0,0,0.07,0,0,20,0.5,0.102,5.5,0,0,0.1,0.1,0.1,0.1,0.1,0.1,0.5,0,16292,0.045666585,0.016449791,0,0,0,0,0,0,0,0,0,0,5,1.337369352
49490.67,0.479227524,0.5,6404,37,0.09785,32.3125,34.6875,37.37,0,0,0.07,0,0,20,0.5,0.102,5.5,0,0,0.1,0.1,0.1,0.1,0.1,0.1,0.5,0,16472,0.045956775,0.016573579,0,0,0,0,0,0,0,0,0,0,5,1.337369352
49550.71,0.487348815,0.5,6404,37,0.15685,32.375,34.6875,37.11,0,0,0.25,0,0,20,0.5,0.102,5.5,0,0,0.1,0.1,0.1,0.1,0.1,0.1,0.5,0,16045,0.046494235,0.016765347,0,0,0,0,0,0,0,0,0,0,5,1.337369352
49610.75,0.492202733,0.5,6404,37,0.10725,32.25,34.625,37.27,0,0,0.07,0,0,20,0.5,0.102,5.5,0,0,0.1,0.1,0.1,0.1,0.1,0.1,0.5,0,16731,0.046261431,0.016735401,0,0,0,0,0,0,0,0,0,0,5,1.3002326
49670.82,0.509415365,0.5,6404,37,0.12685,32.25,34.625,37.17,0,0,0.07,0,0,20,0.5,0.102,5.5,0,0,0.1,0.1,0.1,0.1,0.1,0.1,0.5,0,17108,0.046060323,0.016600421,0,0,0,0,0,0,0,0,0,0,5,1.338340069
49730.85,0.521517089,0.5,6404,37,0.10725,32.1875,34.625,37.21,0,0,0.07,0,0,20,0.5,0.102,5.5,0,0,0.1,0.1,0.1,0.1,0.1,0.1,0.5,0,15653,0.048808535,0.017440746,0,0,0,0,0,0,0,0,0,0,5,1.341858019
49790.89,0.521771568,0.5,6404,37,0.1359,32.25,34.5625,37.01,0,0,0.07,0,0,20,0.5,0.102,5.5,0,0,0.1,0.1,0.1,0.1,0.1,0.1,0.5,0,17137,0.04656591,0.016864095,0,0,0,0,0,0,0,0,0,0,5,1.276228643
49850.93,0.527784046,0.5,6404,37,0.1497,32.1875,34.5625,36.81,0,0,0,0,0,20,0.5,0.102,5.5,0,0,0.1,0.1,0.1,0.1,0.1,0.1,0.5,0,15632,0.049449846,0.017720061,0,0,0,0,0,0,0,0,0,0,5,1.246789147
49911,0.539500393,0.5,6404,37,0.1744,32.1875,34.5,37.03,0,0,0,0,0,20,0.5,0.102,5.5,0,0,0.1,0.1,0.1,0.1,0.1,0.1,0.5,0,17009,0.047386678,0.016932212,0,0,0,0,0,0,0,0,0,0,5,1.250318641
49971.08,0.555707048,0.5,6404,37,0.1473,32.1875,34.5625,37.11,0,0,0,0,0,20,0.5,0.102,5.5,0,0,0.1,0.1,0.1,0.1,0.1,0.1,0.5,0,16905,0.048033126,0.017213842,0,0,0,0,0,0,0,0,0,0,5,1.276595958
50031.15,0.553823206,0.5,6404,37,0.445625,32.125,34.5625,36.21,0,0.02,0.15,0,0,20,0.5,0.102,5.5,0,0,0.1,0.1,0.1,0.1,0.1,0.1,0.5,0,17453,0.047613591,0.017074428,0,0,0,0,0,0,0,0,0,0,0.44,1.276595958
50091.21,0.501049073,0.5,6404,37,0.634877667,32,34.5625,35.43,0,0.01956319,0.148252758,0,0,20,0.5,0.102,5.5,0,0,0.1,0.1,0.1,0.1,0.1,0.1,0.5,0,16830,0.046761735,0.017112299,0,0,0,0,0,0,0,0,0,0,0.44,1.276595958
50151.29,0.442188682,0.5,6404,37,0.40708589,32,34.625,36.29,0,0.000921535,0.25,0,0,20,0.5,0.102,5.5,0,0,0.1,0.1,0.1,0.1,0.1,0.1,0.5,0,16189,0.045833591,0.016925073,0,0,0,0,0,0,0,0,0,0,0.44,1.276595958
50211.33,0.447900903,0.5,6404,37,0.281133886,32.1875,34.625,36.93,0,0,0.07,0,0,20,0.5,0.102,5.5,0,0,0.1,0.1,0.1,0.1,0.1,0.1,0.5,0,16132,0.045623605,0.016488966,0,0,0,0,0,0,0,0,0,0,5,1.276595958
50271.41,0.435275707,0.5,6404,37,0.1583,32.25,34.625,37.11,0,0,0.07,0,0,20,0.5,0.102,5.5,0,0,0.1,0.1,0.1,0.1,0.1,0.1,0.5,0,15947,0.046403712,0.016993792,0,0,0,0,0,0,0,0,0,0,5,1.276595958
50331.46,0.461072872,0.5,6404,37,0.124,32.375,34.625,37.29,0,0,0.07,0,0,20,0.5,0.102,5.5,0,0,0.1,0.1,0.1,0.1,0.1,0.1,0.5,0,15805,0.046630813,0.016830117,0,0,0,0,0,0,0,0,0,0,5,1.276595958
50391.51,0.467873918,0.5,6404,37,0.1306,32.3125,34.6875,37.27,0,0,0.07,0,0,20,0.5,0.102,5.5,0,0,0.1,0.1,0.1,0.1,0.1,0.1,0.5,0,15989,0.046844706,0.017136782,0,0,0,0,0,0,0,0,0,0,5,1.276595958
50451.59,0.479480455,0.5,6404,37,0.13965,32.3125,34.6875,37.21,0,0,0.25,0,0,20,0.5,0.102,5.5,0,0,0.1,0.1,0.1,0.1,0.1,0.1,0.5,0,16087,0.046807982,0.016783738,0,0,0,0,0,0,0,0,0,0,5,1.276595958
50511.65,0.483437232,0.5,6404,37,0.0729,32.4375,34.6875,37.19,0,0,0.07,0,0,20,0.5,0.102,5.5,0,0,0.1,0.1,0.1,0.1,0.1,0.1,0.5,0,16109,0.046992365,0.017071202,0,0,0,0,0,0,0,0,0,0,5,1.276595958
50571.72,0.505759529,0.5,6404,37,0.1045,32.25,34.625,37.33,0,0,0.07,0,0,20,0.5,0.102,5.5,0,0,0.1,0.1,0.1,0.1,0.1,0.1,0.5,0,16631,0.046719981,0.016896158,0,0,0,0,0,0,0,0,0,0,5,1.34818565
50631.77,0.51496977,0.5,6404,37,0.1865,32.25,34.625,37.27,0,0,0.07,0,0,20,0.5,0.102,5.5,0,0,0.1,0.1,0.1,0.1,0.1,0.1,0.5,0,17156,0.046514339,0.016728841,0,0,0,0,0,0,0,0,0,0,5,1.334917017
50691.83,0.513026005,0.5,6404,37,0.1049,32.25,34.625,37.05,0,0,0.07,0,0,20,0.5,0.102,5.5,0,0,0.1,0.1,0.1,0.1,0.1,0.1,0.5,0,17086,0.046997542,0.016914433,0,0,0,0,0,0,0,0,0,0,5,1.256826178
50751.88,0.521205444,0.5,6404,37,0.15115,32.1875,34.625,37.05,0,0,0.25,0,0,20,0.5,0.102,5.5,0,0,0.1,0.1,0.1,0.1,0.1,0.1,0.5,0,16020,0.049126092,0.017166042,0,0,0,0,0,0,0,0,0,0,5,1.241438128
50811.92,0.536330194,0.5,6404,37,0.1292,32.1875,34.625,37.05,0,0,0,0,0,20,0.5,0.102,5.5,0,0,0.1,0.1,0.1,0.1,0.1,0.1,0.5,0,16938,0.0481757,0.017180305,0,0,0,0,0,0,0,0,0,0,5,1.265183366
50871.99,0.543224853,0.5,6404,37,0.11,32.1875,34.625,37.13,0,0,0,0,0,20,0.5,0.102,5.5,0,0,0.1,0.1,0.1,0.1,0.1,0.1,0.5,0,17342,0.047457041,0.017126052,0,0,0,0,0,0,0,0,0,0,5,1.240244168
50932.05,0.543390209,0.5,6404,37,0.32685,32.125,34.5,36.77,0,0.02,0.15,0,0,20,0.5,0.102,5.5,0,0,0.1,0.1,0.1,0.1,0.1,0.1,0.5,0,17057,0.048367239,0.017177698,0,0,0,0,0,0,0,0,0,0,0.44,1.240244168
50992.15,0.509159661,0.5,6404,37,0.548425,32,34.5625,35.81,0,0.02,0.15,0,0,20,0.5,0.102,5.5,0,0,0.1,0.1,0.1,0.1,0.1,0.1,0.5,0,15783,0.048533232,0.017613888,0,0,0,0,0,0,0,0,0,0,0.44,1.240244168
51052.19,0.441978525,0.5,6404,37,0.481424536,31.875,34.5,35.97,0,0.000972663,0.25,0,0,20,0.5,0.102,5.5,0,0,0.1,0.1,0.1,0.1,0.1,0.1,0.5,0,15437,0.047094643,0.017036989,0,0,0,0,0,0,0,0,0,0,0.44,1.240244168
51112.25,0.430484651,0.5,6404,37,0.307825329,32,34.5,36.61,0,0,0.07,0,0,20,0.5,0.102,5.5,0,0,0.1,0.1,0.1,0.1,0.1,0.1,0.5,0,15171,0.046931646,0.017072045,0,0,0,0,0,0,0,0,0,0,5,1.240244168
51172.32,0.446285014,0.5,6404,37,0.1545,32.125,34.5625,37.11,0,0,0.07,0,0,20,0.5,0.102,5.5,0,0,0.1,0.1,0.1,0.1,0.1,0.1,0.5,0,15944,0.046098846,0.01693427,0,0,0,0,0,0,0,0,0,0,5,1.240244168
51232.39,0.442915482,0.5,6404,37,0.0843,32.25,34.5625,36.97,0,0,0.07,0,0,20,0.5,0.102,5.5,0,0,0.1,0.1,0.1,0.1,0.1,0.1,0.5,0,16464,0.045675413,0.016520894,0,0,0,0,0,0,0,0,0,0,5,1.240244168
51292.45,0.458385642,0.5,6404,37,0.1636,32.3125,34.5625,37.27,0,0,0.07,0,0,20,0.5,0.102,5.5,0,0,0.1,0.1,0.1,0.1,0.1,0.1,0.5,0,14643,0.048692208,0.017346172,0,0,0,0,0,0,0,0,0,0,5,1.240244168
51352.5,0.465178808,0.5,6404,37,0.13085,32.25,34.5625,37.25,0,0,0.25,0,0,20,0.5,0.102,5.5,0,0,0.1,0.1,0.1,0.1,0.1,0.1,0.5,0,16450,0.04662614,0.016656535,0,0,0,0,0,0,0,0,0,0,5,1.240244168
51412.54,0.477016534,0.5,6404,37,0.1218,32.1875,34.5625,37.09,0,0,0.07,0,0,20,0.5,0.102,5.5,0,0,0.1,0.1,0.1,0.1,0.1,0.1,0.5,0,16025,0.047301092,0.017285491,0,0,0,0,0,0,0,0,0,0,5,1.240244168
51472.61,0.488641363,0.5,6404,37,0.1402,32.25,34.5625,37.17,0,0,0.07,0,0,20,0.5,0.102,5.5,0,0,0.1,0.1,0.1,0.1,0.1,0.1,0.5,0,16925,0.046558346,0.017016248,0,0,0,0,0,0,0,0,0,0,5,1.250464936
51532.65,0.498216384,0.5,6404,37,0.1333,32.1875,34.5625,37.17,0,0,0.07,0,0,20,0.5,0.102,5.5,0,0,0.1,0.1,0.1,0.1,0.1,0.1,0.5,0,16143,0.047636747,0.017221087,0,0,0,0,0,0,0,0,0,0,5,1.246158719
51592.72,0.514656562,0.5,6404,37,0.127,32.25,34.625,37.33,0,0,0.07,0,0,20,0.5,0.102,5.5,0,0,0.1,0.1,0.1,0.1,0.1,0.1,0.5,0,15948,0.048971658,0.01755706,0,0,0,0,0,0,0,0,0,0,5,1.281246745
51652.8,0.512183757,0.5,6404,37,0.14055,32.1875,34.6875,37.09,0,0,0.25,0,0,20,0.5,0.102,5.5,0,0,0.1,0.1,0.1,0.1,0.1,0.1,0.5,0,15964,0.048859935,0.017602105,0,0,0,0,0,0,0,0,0,0,5,1.202735364
51712.86,0.519856419,0.5,6404,37,0.1286,32.1875,34.6875,37.05,0,0,0,0,0,20,0.5,0.102,5.5,0,0,0.1,0.1,0.1,0.1,0.1,0.1,0.5,0,16206,0.048809083,0.017524374,0,0,0,0,0,0,0,0,0,0,5,1.187206182
51772.89,0.541269016,0.5,6404,37,0.178,32.1875,34.6875,37.21,0,0,0,0,0,20,0.5,0.102,5.5,0,0,0.1,0.1,0.1,0.1,0.1,0.1,0.5,0,17435,0.047146544,0.017149412,0,0,0,0,0,0,0,0,0,0,5,1.248937143
51832.97,0.538163725,0.5,6404,37,0.0661,32.25,34.6875,37.03,0,0,0,0,0,20,0.5,0.102,5.5,0,0,0.1,0.1,0.1,0.1,0.1,0.1,0.5,0,17964,0.046760187,0.017145402,0,0,0,0,0,0,0,0,0,0,5,1.169229555
51893.02,0.555013083,0.5,6404,37,0.1269,32.1875,34.6875,37.01,0,0,0,0,0,20,0.5,0.102,5.5,0,0,0.1,0.1,0.1,0.1,0.1,0.1,0.5,0,17572,0.048258593,0.017129524,0,0,0,0,0,0,0,0,0,0,5,1.203254628
51953.1,0.571488269,0.5,6404,37,0.37375,32.1875,34.75,36.47,0,0.02,0.25,0,0,20,0.5,0.102,5.5,0,0,0.1,0.1,0.1,0.1,0.1,0.1,0.5,0,18304,0.047202797,0.016990822,0,0,0,0,0,0,0,0,0,0,0.44,1.203254628
52013.16,0.520643584,0.5,6404,37,0.597675,32.125,34.6875,35.51,0,0.02,0.15,0,0,20,0.5,0.102,5.5,0,0,0.1,0.1,0.1,0.1,0.1,0.1,0.5,0,16544,0.049020793,0.017649903,0,0,0,0,0,0,0,0,0,0,0.44,1.203254628
52073.19,0.448132219,0.5,6404,37,0.486725,32,34.6875,36.17,0,0.001954984,0.077819935,0,0,20,0.5,0.102,5.5,0,0,0.1,0.1,0.1,0.1,0.1,0.1,0.5,0,15018,0.049007857,0.017712079,0,0,0,0,0,0,0,0,0,0,0.44,1.203254628
52133.25,0.46135006,0.5,6404,37,0.208848874,32.125,34.625,37.05,0,0.003863849,0.085455397,0,0,20,0.5,0.102,5.5,0,0,0.1,0.1,0.1,0.1,0.1,0.1,0.5,0,16753,0.046439444,0.016713424,0,0,0,0,0,0,0,0,0,0,0.44,1.203254628
52193.33,0.463742682,0.5,6404,37,0.214624586,32.25,34.625,36.97,0,0.004401337,0.087605349,0,0,20,0.5,0.102,5.5,0,0,0.1,0.1,0.1,0.1,0.1,0.1,0.5,0,15999,0.047315457,0.016876055,0,0,0,0,0,0,0,0,0,0,0.44,1.203254628
52253.38,0.475099013,0.5,6404,37,0.418238043,32.3125,34.625,36.37,0,0.009670612,0.25,0,0,20,0.5,0.102,5.5,0,0,0.1,0.1,0.1,0.1,0.1,0.1,0.5,0,16301,0.046622907,0.016808785,0,0,0,0,0,0,0,0,0,0,0.44,1.203254628
52313.43,0.422165327,0.5,6404,37,0.379523349,32.25,34.625,36.65,0,0,0.07,0,0,20,0.5,0.102,5.5,0,0,0.1,0.1,0.1,0.1,0.1,0.1,0.5,0,15260,0.047444299,0.016972477,0,0,0,0,0,0,0,0,0,0,5,1.203254628
52373.49,0.437401055,0.5,6404,37,0.1065,32.375,34.625,37.27,0,0,0.07,0,0,20,0.5,0.102,5.5,0,0,0.1,0.1,0.1,0.1,0.1,0.1,0.5,0,15229,0.047409548,0.017138354,0,0,0,0,0,0,0,0,0,0,5,1.203254628
52433.53,0.448843509,0.5,6404,37,0.0995,32.375,34.625,37.29,0,0,0.07,0,0,20,0.5,0.102,5.5,0,0,0.1,0.1,0.1,0.1,0.1,0.1,0.5,0,15305,0.047827507,0.017053251,0,0,0,0,0,0,0,0,0,0,5,1.203254628
52493.61,0.471788384,0.5,6404,37,0.1111,32.375,34.6875,37.45,0,0,0.07,0,0,20,0.5,0.102,5.5,0,0,0.1,0.1,0.1,0.1,0.1,0.1,0.5,0,15631,0.047469772,0.017273367,0,0,0,0,0,0,0,0,0,0,5,1.203254628
52553.68,0.466657391,0.5,6404,37,0.16635,32.375,34.6875,37.09,0,0,0.25,0,0,20,0.5,0.102,5.5,0,0,0.1,0.1,0.1,0.1,0.1,0.1,0.5,0,15805,0.047832964,0.017336286,0,0,0,0,0,0,0,0,0,0,5,1.203254628
52613.74,0.473898076,0.5,6404,37,0.1173,32.3125,34.6875,37.25,0,0,0.07,0,0,20,0.5,0.102,5.5,0,0,0.1,0.1,0.1,0.1,0.1,0.1,0.5,0,15990,0.047779862,0.017010632,0,0,0,0,0,0,0,0,0,0,5,1.203254628
52673.82,0.489402404,0.5,6404,37,0.0895,32.25,34.6875,37.17,0,0,0.07,0,0,20,0.5,0.102,5.5,0,0,0.1,0.1,0.1,0.1,0.1,0.1,0.5,0,16048,0.04804337,0.017385344,0,0,0,0,0,0,0,0,0,0,5,1.239670279
52733.9,0.520709067,0.5,6404,37,0.0761,32.25,34.75,36.97,0,0,0.07,0,0,20,0.5,0.102,5.5,0,0,0.1,0.1,0.1,0.1,0.1,0.1,0.5,0,16694,0.046962981,0.0170121,0,0,0,0,0,0,0,0,0,0,5,1.363705993
52793.94,0.514447306,0.5,6404,37,0.1195,32.3125,34.75,37.03,0,0,0.07,0,0,20,0.5,0.102,5.5,0,0,0.1,0.1,0.1,0.1,0.1,0.1,0.5,0,16981,0.047700371,0.017313468,0,0,0,0,0,0,0,0,0,0,5,1.25922567
52854.02,0.516803784,0.5,6404,37,0.21345,32.25,34.75,36.79,0,0,0.25,0,0,20,0.5,0.102,5.5,0,0,0.1,0.1,0.1,0.1,0.1,0.1,0.5,0,16645,0.04842295,0.017242415,0,0,0,0,0,0,0,0,0,0,5,1.209974812
52914.07,0.531425085,0.5,6404,37,0.1583,32.1875,34.625,37.05,0,0,0,0,0,20,0.5,0.102,5.5,0,0,0.1,0.1,0.1,0.1,0.1,0.1,0.5,0,16884,0.048092869,0.017353708,0,0,0,0,0,0,0,0,0,0,5,1.233172965
52974.14,0.538872897,0.5,6404,37,0.1023,32.1875,34.625,37.19,0,0,0,0,0,20,0.5,0.102,5.5,0,0,0.1,0.1,0.1,0.1,0.1,0.1,0.5,0,16625,0.049022556,0.017383459,0,0,0,0,0,0,0,0,0,0,5,1.213266791
53034.18,0.54356342,0.5,6404,37,0.1148,32.1875,34.5625,36.89,0,0,0,0,0,20,0.5,0.102,5.5,0,0,0.1,0.1,0.1,0.1,0.1,0.1,0.5,0,16433,0.049838739,0.01770827,0,0,0,0,0,0,0,0,0,0,5,1.178603427
53094.24,0.545284279,0.5,6404,37,0.52175,32.1875,34.5,35.83,0,0.02,0.15,0,0,20,0.5,0.102,5.5,0,0,0.1,0.1,0.1,0.1,0.1,0.1,0.5,0,16397,0.050558029,0.017747149,0,0,0,0,0,0,0,0,0,0,0.44,1.178603427
53154.29,0.50228477,0.5,6404,37,0.485925,32,34.5625,36.13,0,0.02,0.25,0,0,20,0.5,0.102,5.5,0,0,0.1,0.1,0.1,0.1,0.1,0.1,0.5,0,16071,0.048596851,0.017547135,0,0,0,0,0,0,0,0,0,0,0.44,1.178603427
53214.33,0.469533548,0.5,6404,37,0.57355,32,34.5,35.85,0,0.02,0.15,0,0,20,0.5,0.102,5.5,0,0,0.1,0.1,0.1,0.1,0.1,0.1,0.5,0,16138,0.046969885,0.017102491,0,0,0,0,0,0,0,0,0,0,0.44,1.178603427
53274.37,0.409586412,0.5,6404,37,0.4747,32.0625,34.5625,36.63,0,0,0.07,0,0,20,0.5,0.102,5.5,0,0,0.1,0.1,0.1,0.1,0.1,0.1,0.5,0,14869,0.047279575,0.017284283,0,0,0,0,0,0,0,0,0,0,5,1.178603427
53334.41,0.423310413,0.5,6404,37,0.1814,32.25,34.5625,37.17,0,0,0.07,0,0,20,0.5,0.102,5.5,0,0,0.1,0.1,0.1,0.1,0.1,0.1,0.5,0,15306,0.046844375,0.016921469,0,0,0,0,0,0,0,0,0,0,5,1.178603427
53394.44,0.431171971,0.5,6404,37,0.1044,32.3125,34.5625,37.17,0,0,0.07,0,0,20,0.5,0.102,5.5,0,0,0.1,0.1,0.1,0.1,0.1,0.1,0.5,0,14608,0.048535049,0.017182366,0,0,0,0,0,0,0,0,0,0,5,1.178603427
53454.48,0.424232113,0.5,6404,37,0.13835,32.375,34.5625,37.25,0,0,0.25,0,0,20,0.5,0.102,5.5,0,0,0.1,0.1,0.1,0.1,0.1,0.1,0.5,0,15509,0.047133922,0.017086853,0,0,0,0,0,0,0,0,0,0,5,1.178603427
53514.54,0.45373356,0.5,6404,37,0.1505,32.3125,34.5625,37.29,0,0,0.07,0,0,20,0.5,0.102,5.5,0,0,0.1,0.1,0.1,0.1,0.1,0.1,0.5,0,15703,0.047061071,0.01700312,0,0,0,0,0,0,0,0,0,0,5,1.178603427
53574.6,0.459554263,0.5,6404,37,0.1277,32.3125,34.625,37.35,0,0,0.07,0,0,20,0.5,0.102,5.5,0,0,0.1,0.1,0.1,0.1,0.1,0.1,0.5,0,15431,0.04789061,0.017367637,0,0,0,0,0,0,0,0,0,0,5,1.178603427
53634.67,0.479226901,0.5,6404,37,0.1131,32.375,34.5625,37.41,0,0,0.07,0,0,20,0.5,0.102,5.5,0,0,0.1,0.1,0.1,0.1,0.1,0.1,0.5,0,16092,0.047787721,0.017027094,0,0,0,0,0,0,0,0,0,0,5,1.24542472
53694.72,0.478203788,0.5,6404,37,0.0894,32.25,34.625,37.11,0,0,0.07,0,0,20,0.5,0.102,5.5,0,0,0.1,0.1,0.1,0.1,0.1,0.1,0.5,0,15160,0.049472296,0.017744063,0,0,0,0,0,0,0,0,0,0,5,1.17674187
53754.8,0.494026185,0.5,6404,37,0.13735,32.3125,34.6875,37.11,0,0,0.25,0,0,20,0.5,0.102,5.5,0,0,0.1,0.1,0.1,0.1,0.1,0.1,0.5,0,15377,0.049229369,0.017688756,0,0,0,0,0,0,0,0,0,0,5,1.215559413
53814.84,0.505480246,0.5,6404,37,0.1728,32.25,34.6875,37.25,0,0,0.07,0,0,20,0.5,0.102,5.5,0,0,0.1,0.1,0.1,0.1,0.1,0.1,0.5,0,15605,0.049471323,0.017686639,0,0,0,0,0,0,0,0,0,0,5,1.223542751
53874.88,0.50984982,0.5,6404,37,0.1148,32.1875,34.5625,37.13,0,0,0,0,0,20,0.5,0.102,5.5,0,0,0.1,0.1,0.1,0.1,0.1,0.1,0.5,0,16907,0.047731709,0.016975217,0,0,0,0,0,0,0,0,0,0,5,1.188187373
53934.96,0.51971906,0.5,6404,37,0.0893,32.25,34.5625,37.11,0,0,0,0,0,20,0.5,0.102,5.5,0,0,0.1,0.1,0.1,0.1,0.1,0.1,0.5,0,16199,0.048891907,0.017531946,0,0,0,0,0,0,0,0,0,0,5,1.186294557
53995.03,0.539881991,0.5,6404,37,0.1581,32.1875,34.5625,37.09,0,0,0,0,0,20,0.5,0.102,5.5,0,0,0.1,0.1,0.1,0.1,0.1,0.1,0.5,0,17160,0.047668998,0.017365967,0,0,0,0,0,0,0,0,0,0,5,1.241166382
54055.09,0.523164593,0.5,6404,37,0.141,32.1875,34.5625,36.89,0,0,0,0,0,20,0.5,0.102,5.5,0,0,0.1,0.1,0.1,0.1,0.1,0.1,0.5,0,17064,0.048171589,0.01734646,0,0,0,0,0,0,0,0,0,0,5,1.084744692
54115.17,0.547067497,0.5,6404,37,0.1445,32.1875,34.5,37.09,0,0,0,0,0,20,0.5,0.102,5.5,0,0,0.1,0.1,0.1,0.1,0.1,0.1,0.5,0,16537,0.0499486,0.017778315,0,0,0,0,0,0,0,0,0,0,5,1.164535657
54175.25,0.551755477,0.5,6404,37,0.1239,32.1875,34.4375,37.11,0,0.02,0.15,0,0,20,0.5,0.102,5.5,0,0,0.1,0.1,0.1,0.1,0.1,0.1,0.5,0,17208,0.049221292,0.017608089,0,0,0,0,0,0,0,0,0,0,0.44,1.164535657
54235.3,0.487624348,0.5,6404,37,0.490525,32,34.4375,36.29,0,0.01763876,0.140555042,0,0,20,0.5,0.102,5.5,0,0,0.1,0.1,0.1,0.1,0.1,0.1,0.5,0,16222,0.048452719,0.017507089,0,0,0,0,0,0,0,0,0,0,0.44,1.164535657
54295.35,0.443710592,0.5,6404,37,0.493597881,31.9375,34.4375,36.39,0,0,0.07,0,0,20,0.5,0.102,5.5,0,0,0.1,0.1,0.1,0.1,0.1,0.1,0.5,0,15248,0.048268625,0.017051417,0,0,0,0,0,0,0,0,0,0,5,1.164535657
54355.41,0.442845828,0.5,6404,37,0.25275,32.0625,34.4375,36.85,0,0,0.25,0,0,20,0.5,0.102,5.5,0,0,0.1,0.1,0.1,0.1,0.1,0.1,0.5,0,15353,0.048133915,0.017455872,0,0,0,0,0,0,0,0,0,0,5,1.164535657
54415.47,0.467820268,0.5,6404,37,0.1437,32.25,34.5,37.35,0,0,0.07,0,0,20,0.5,0.102,5.5,0,0,0.1,0.1,0.1,0.1,0.1,0.1,0.5,0,16052,0.047283828,0.016820334,0,0,0,0,0,0,0,0,0,0,5,1.164535657
54475.55,0.477191974,0.5,6404,37,0.1123,32.375,34.625,37.19,0,0,0.07,0,0,20,0.5,0.102,5.5,0,0,0.1,0.1,0.1,0.1,0.1,0.1,0.5,0,15946,0.047598144,0.017308416,0,0,0,0,0,0,0,0,0,0,5,1.164535657
54535.63,0.472917382,0.5,6404,37,0.1498,32.3125,34.625,37.27,0,0,0.07,0,0,20,0.5,0.102,5.5,0,0,0.1,0.1,0.1,0.1,0.1,0.1,0.5,0,15831,0.048322911,0.017307814,0,0,0,0,0,0,0,0,0,0,5,1.164535657
54595.7,0.485052749,0.5,6404,37,0.1302,32.375,34.6875,37.13,0,0,0.07,0,0,20,0.5,0.102,5.5,0,0,0.1,0.1,0.1,0.1,0.1,0.1,0.5,0,15385,0.049138772,0.01761456,0,0,0,0,0,0,0,0,0,0,5,1.164535657
54655.77,0.497394068,0.5,6404,37,0.13045,32.375,34.75,37.17,0,0,0.25,0,0,20,0.5,0.102,5.5,0,0,0.1,0.1,0.1,0.1,0.1,0.1,0.5,0,16552,0.047667956,0.017278879,0,0,0,0,0,0,0,0,0,0,5,1.181683751
54715.82,0.518650561,0.5,6404,37,0.1279,32.3125,34.6875,37.21,0,0,0.07,0,0,20,0.5,0.102,5.5,0,0,0.1,0.1,0.1,0.1,0.1,0.1,0.5,0,16382,0.048773044,0.017397143,0,0,0,0,0,0,0,0,0,0,5,1.248142839
54775.85,0.51775287,0.5,6404,37,0.1131,32.25,34.6875,37.09,0,0,0.07,0,0,20,0.5,0.102,5.5,0,0,0.1,0.1,0.1,0.1,0.1,0.1,0.5,0,17266,0.047260512,0.017259354,0,0,0,0,0,0,0,0,0,0,5,1.180538736
54835.89,0.531226464,0.5,6404,37,0.1115,32.25,34.625,37.11,0,0,0.07,0,0,20,0.5,0.102,5.5,0,0,0.1,0.1,0.1,0.1,0.1,0.1,0.5,0,15996,0.050012503,0.017504376,0,0,0,0,0,0,0,0,0,0,5,1.198582917
54895.93,0.521615972,0.5,6404,37,0.1285,32.1875,34.5625,37.01,0,0,0,0,0,20,0.5,0.102,5.5,0,0,0.1,0.1,0.1,0.1,0.1,0.1,0.5,0,17347,0.047789243,0.017466997,0,0,0,0,0,0,0,0,0,0,5,1.083883418
54955.98,0.534898914,0.5,6404,37,0.0819,32.1875,34.5625,37.05,0,0,0,0,0,20,0.5,0.102,5.5,0,0,0.1,0.1,0.1,0.1,0.1,0.1,0.5,0,17580,0.048122867,0.017349261,0,0,0,0,0,0,0,0,0,0,5,1.105127704
55016.02,0.556067835,0.5,6404,37,0.1475,32.125,34.5625,36.97,0,0,0,0,0,20,0.5,0.102,5.5,0,0,0.1,0.1,0.1,0.1,0.1,0.1,0.5,0,16389,0.050582708,0.017694795,0,0,0,0,0,0,0,0,0,0,5,1.166308847
55076.06,0.567158567,0.5,6404,37,0.1192,32.1875,34.5625,37.03,0,0.02,0.15,0,0,20,0.5,0.102,5.5,0,0,0.1,0.1,0.1,0.1,0.1,0.1,0.5,0,16565,0.050347117,0.017989737,0,0,0,0,0,0,0,0,0,0,0.44,1.166308847
55136.11,0.493761466,0.5,6404,37,0.474075,32,34.5,36.31,0,0.01997353,0.149894121,0,0,20,0.5,0.102,5.5,0,0,0.1,0.1,0.1,0.1,0.1,0.1,0.5,0,16741,0.047966071,0.017083806,0,0,0,0,0,0,0,0,0,0,0.44,1.166308847
55196.15,0.433165341,0.5,6404,37,0.560706694,31.9375,34.5,36.13,0,0,0.07,0,0,20,0.5,0.102,5.5,0,0,0.1,0.1,0.1,0.1,0.1,0.1,0.5,0,15836,0.047549886,0.017239202,0,0,0,0,0,0,0,0,0,0,5,1.166308847
55256.19,0.450841018,0.5,6404,37,0.21995,32.125,34.5625,37.01,0,0,0.25,0,0,20,0.5,0.102,5.5,0,0,0.1,0.1,0.1,0.1,0.1,0.1,0.5,0,15737,0.047340662,0.017347652,0,0,0,0,0,0,0,0,0,0,5,1.166308847
55316.26,0.451259703,0.5,6404,37,0.135,32.3125,34.625,37.25,0,0,0.07,0,0,20,0.5,0.102,5.5,0,0,0.1,0.1,0.1,0.1,0.1,0.1,0.5,0,15104,0.048861229,0.017280191,0,0,0,0,0,0,0,0,0,0,5,1.166308847
55376.3,0.457406848,0.5,6404,37,0.0821,32.375,34.625,37.35,0,0,0.07,0,0,20,0.5,0.102,5.5,0,0,0.1,0.1,0.1,0.1,0.1,0.1,0.5,0,15420,0.048832685,0.017444877,0,0,0,0,0,0,0,0,0,0,5,1.166308847
55436.37,0.465606225,0.5,6404,37,0.1036,32.3125,34.625,37.33,0,0,0.07,0,0,20,0.5,0.102,5.5,0,0,0.1,0.1,0.1,0.1,0.1,0.1,0.5,0,15451,0.048864151,0.017409876,0,0,0,0,0,0,0,0,0,0,5,1.166308847
55496.41,0.48929028,0.5,6404,37,0.1335,32.25,34.75,37.05,0,0,0.07,0,0,20,0.5,0.102,5.5,0,0,0.1,0.1,0.1,0.1,0.1,0.1,0.5,0,15991,0.048277156,0.017447314,0,0,0,0,0,0,0,0,0,0,5,1.166308847
55556.49,0.499438021,0.5,6404,37,0.17205,32.3125,34.75,37.03,0,0,0.25,0,0,20,0.5,0.102,5.5,0,0,0.1,0.1,0.1,0.1,0.1,0.1,0.5,0,15911,0.04883414,0.017472189,0,0,0,0,0,0,0,0,0,0,5,1.169576134
55616.53,0.49709075,0.5,6404,37,0.1557,32.3125,34.75,37.11,0,0,0.07,0,0,20,0.5,0.102,5.5,0,0,0.1,0.1,0.1,0.1,0.1,0.1,0.5,0,17002,0.047582637,0.016939184,0,0,0,0,0,0,0,0,0,0,5,1.096964614
55676.57,0.505799856,0.5,6404,37,0.0537,32.3125,34.6875,37.09,0,0,0.07,0,0,20,0.5,0.102,5.5,0,0,0.1,0.1,0.1,0.1,0.1,0.1,0.5,0,15933,0.049582627,0.017761878,0,0,0,0,0,0,0,0,0,0,5,1.09422172
55736.61,0.519859589,0.5,6404,37,0.0921,32.25,34.6875,36.95,0,0,0.07,0,0,20,0.5,0.102,5.5,0,0,0.1,0.1,0.1,0.1,0.1,0.1,0.5,0,17174,0.047921276,0.017351811,0,0,0,0,0,0,0,0,0,0,5,1.121763749
55796.69,0.541193618,0.5,6404,37,0.1544,32.1875,34.625,36.87,0,0,0,0,0,20,0.5,0.102,5.5,0,0,0.1,0.1,0.1,0.1,0.1,0.1,0.5,0,16961,0.048758918,0.01751076,0,0,0,0,0,0,0,0,0,0,5,1.186330612
55856.75,0.532543596,0.5,6404,37,0.1423,32.1875,34.625,36.93,0,0,0,0,0,20,0.5,0.102,5.5,0,0,0.1,0.1,0.1,0.1,0.1,0.1,0.5,0,16439,0.050124703,0.017823469,0,0,0,0,0,0,0,0,0,0,5,1.078677062
55916.78,0.543257481,0.5,6404,37,0.1623,32.1875,34.5625,36.93,0,0,0,0,0,20,0.5,0.102,5.5,0,0,0.1,0.1,0.1,0.1,0.1,0.1,0.5,0,16763,0.049692776,0.017478972,0,0,0,0,0,0,0,0,0,0,5,1.084499084
55976.85,0.573492195,0.5,6404,37,0.1296,32.1875,34.5625,37.17,0,0.02,0.15,0,0,20,0.5,0.102,5.5,0,0,0.1,0.1,0.1,0.1,0.1,0.1,0.5,0,17470,0.048998283,0.017286777,0,0,0,0,0,0,0,0,0,0,0.44,1.084499084
56036.89,0.489907024,0.5,6404,37,0.486875,32.0625,34.5625,36.17,0,0.02,0.15,0,0,20,0.5,0.102,5.5,0,0,0.1,0.1,0.1,0.1,0.1,0.1,0.5,0,16434,0.048497018,0.017524644,0,0,0,0,0,0,0,0,0,0,0.44,1.084499084
56096.93,0.458590178,0.5,6404,37,0.485775,32.0625,34.5625,36.49,0,0,0.07,0,0,20,0.5,0.102,5.5,0,0,0.1,0.1,0.1,0.1,0.1,0.1,0.5,0,15568,0.048304214,0.017150565,0,0,0,0,0,0,0,0,0,0,5,1.084499084
56156.98,0.457735751,0.5,6404,37,0.16505,32.25,34.5,37.19,0,0,0.25,0,0,20,0.5,0.102,5.5,0,0,0.1,0.1,0.1,0.1,0.1,0.1,0.5,0,15634,0.048292184,0.017142126,0,0,0,0,0,0,0,0,0,0,5,1.084499084
56217.03,0.468359571,0.5,6404,37,0.0933,32.1875,34.5,37.37,0,0,0.07,0,0,20,0.5,0.102,5.5,0,0,0.1,0.1,0.1,0.1,0.1,0.1,0.5,0,15602,0.048968081,0.017305474,0,0,0,0,0,0,0,0,0,0,5,1.084499084
56277.11,0.477479729,0.5,6404,37,0.1222,32.375,34.625,37.25,0,0,0.07,0,0,20,0.5,0.102,5.5,0,0,0.1,0.1,0.1,0.1,0.1,0.1,0.5,0,15693,0.04900274,0.017205123,0,0,0,0,0,0,0,0,0,0,5,1.084499084
56337.15,0.492462366,0.5,6404,37,0.1244,32.375,34.6875,37.19,0,0,0.07,0,0,20,0.5,0.102,5.5,0,0,0.1,0.1,0.1,0.1,0.1,0.1,0.5,0,14948,0.050709125,0.017594327,0,0,0,0,0,0,0,0,0,0,5,1.084499084
56397.22,0.484965466,0.5,6404,37,0.1166,32.375,34.6875,37.17,0,0,0.07,0,0,20,0.5,0.102,5.5,0,0,0.1,0.1,0.1,0.1,0.1,0.1,0.5,0,16650,0.048168168,0.017177177,0,0,0,0,0,0,0,0,0,0,5,1.084499084
56457.27,0.514487386,0.5,6404,37,0.15955,32.375,34.625,37.05,0,0,0.25,0,0,20,0.5,0.102,5.5,0,0,0.1,0.1,0.1,0.1,0.1,0.1,0.5,0,16573,0.048633319,0.017317323,0,0,0,0,0,0,0,0,0,0,5,1.207554191
56517.33,0.517090376,0.5,6404,37,0.1058,32.3125,34.75,37.13,0,0,0.07,0,0,20,0.5,0.102,5.5,0,0,0.1,0.1,0.1,0.1,0.1,0.1,0.5,0,16294,0.0491592,0.017306984,0,0,0,0,0,0,0,0,0,0,5,1.162316375
56577.39,0.524797015,0.5,6404,37,0.0966,32.3125,34.75,37.17,0,0,0.07,0,0,20,0.5,0.102,5.5,0,0,0.1,0.1,0.1,0.1,0.1,0.1,0.5,0,17296,0.048277058,0.0171716,0,0,0,0,0,0,0,0,0,0,5,1.148582198
56637.43,0.534558399,0.5,6404,37,0.1089,32.3125,34.75,37.17,0,0,0.07,0,0,20,0.5,0.102,5.5,0,0,0.1,0.1,0.1,0.1,0.1,0.1,0.5,0,15668,0.051123309,0.018189941,0,0,0,0,0,0,0,0,0,0,5,1.146441394
56697.5,0.560510543,0.5,6404,37,0.1253,32.25,34.75,37.11,0,0,0,0,0,20,0.5,0.102,5.5,0,0,0.1,0.1,0.1,0.1,0.1,0.1,0.5,0,17363,0.048724299,0.017162933,0,0,0,0,0,0,0,0,0,0,5,1.231340527
56757.54,0.559338336,0.5,6404,37,0.425475,32.25,34.6875,36.29,0,0.02,0.25,0,0,20,0.5,0.102,5.5,0,0,0.1,0.1,0.1,0.1,0.1,0.1,0.5,0,17127,0.049337304,0.017691365,0,0,0,0,0,0,0,0,0,0,0.44,1.231340527
56817.6,0.496333377,0.5,6404,37,0.444725,32.125,34.6875,36.31,0,0.019520083,0.148080333,0,0,20,0.5,0.102,5.5,0,0,0.1,0.1,0.1,0.1,0.1,0.1,0.5,0,15748,0.049720599,0.017399035,0,0,0,0,0,0,0,0,0,0,0.44,1.231340527
56877.63,0.443366204,0.5,6404,37,0.55518225,32.0625,34.5625,36.21,0,0,0.07,0,0,20,0.5,0.102,5.5,0,0,0.1,0.1,0.1,0.1,0.1,0.1,0.5,0,16259,0.046620333,0.016790701,0,0,0,0,0,0,0,0,0,0,5,1.231340527
56937.67,0.436913365,0.5,6404,37,0.2028,32.25,34.625,36.93,0,0,0.07,0,0,20,0.5,0.102,5.5,0,0,0.1,0.1,0.1,0.1,0.1,0.1,0.5,0,15566,0.047732237,0.017345497,0,0,0,0,0,0,0,0,0,0,5,1.231340527
56997.78,0.456305305,0.5,6404,37,0.1241,32.375,34.625,37.25,0,0,0.07,0,0,20,0.5,0.102,5.5,0,0,0.1,0.1,0.1,0.1,0.1,0.1,0.5,0,15421,0.048375592,0.017314052,0,0,0,0,0,0,0,0,0,0,5,1.231340527
57057.82,0.469997729,0.5,6404,37,0.14045,32.375,34.625,37.25,0,0,0.25,0,0,20,0.5,0.102,5.5,0,0,0.1,0.1,0.1,0.1,0.1,0.1,0.5,0,15553,0.04905806,0.017359995,0,0,0,0,0,0,0,0,0,0,5,1.231340527
57117.87,0.483394064,0.5,6404,37,0.0837,32.375,34.625,37.35,0,0,0.07,0,0,20,0.5,0.102,5.5,0,0,0.1,0.1,0.1,0.1,0.1,0.1,0.5,0,16518,0.047463373,0.017011745,0,0,0,0,0,0,0,0,0,0,5,1.231340527
57177.94,0.486200058,0.5,6404,37,0.0982,32.375,34.5625,37.27,0,0,0.07,0,0,20,0.5,0.102,5.5,0,0,0.1,0.1,0.1,0.1,0.1,0.1,0.5,0,16001,0.04912193,0.017373914,0,0,0,0,0,0,0,0,0,0,5,1.231340527
57238,0.48809106,0.5,6404,37,0.0845,32.3125,34.5625,37.17,0,0,0.07,0,0,20,0.5,0.102,5.5,0,0,0.1,0.1,0.1,0.1,0.1,0.1,0.5,0,16098,0.048577463,0.017269226,0,0,0,0,0,0,0,0,0,0,5,1.181418917
57298.05,0.509723255,0.5,6404,37,0.0976,32.25,34.5,37.29,0,0,0.07,0,0,20,0.5,0.102,5.5,0,0,0.1,0.1,0.1,0.1,0.1,0.1,0.5,0,15776,0.049632353,0.017558316,0,0,0,0,0,0,0,0,0,0,5,1.252445833
57358.12,0.507255617,0.5,6404,37,0.20835,32.25,34.5625,36.85,0,0,0.25,0,0,20,0.5,0.102,5.5,0,0,0.1,0.1,0.1,0.1,0.1,0.1,0.5,0,16877,0.04846833,0.01747941,0,0,0,0,0,0,0,0,0,0,5,1.175264871
57418.18,0.516089328,0.5,6404,37,0.0834,32.1875,34.5625,37.11,0,0,0.07,0,0,20,0.5,0.102,5.5,0,0,0.1,0.1,0.1,0.1,0.1,0.1,0.5,0,16889,0.048137841,0.01734857,0,0,0,0,0,0,0,0,0,0,5,1.168296072
57478.25,0.53515244,0.5,6404,37,0.133,32.125,34.625,37.29,0,0,0,0,0,20,0.5,0.102,5.5,0,0,0.1,0.1,0.1,0.1,0.1,0.1,0.5,0,16597,0.04976803,0.017774297,0,0,0,0,0,0,0,0,0,0,5,1.218696591
57538.3,0.53770411,0.5,6404,37,0.1223,32.125,34.625,37.11,0,0,0,0,0,20,0.5,0.102,5.5,0,0,0.1,0.1,0.1,0.1,0.1,0.1,0.5,0,16601,0.050057225,0.017649539,0,0,0,0,0,0,0,0,0,0,5,1.172032124
57598.37,0.552961075,0.5,6404,37,0.1211,32.125,34.6875,37.01,0,0,0,0,0,20,0.5,0.102,5.5,0,0,0.1,0.1,0.1,0.1,0.1,0.1,0.5,0,17819,0.048487569,0.017116561,0,0,0,0,0,0,0,0,0,0,5,1.197368066
57658.41,0.584832894,0.5,6404,37,0.464375,32.125,34.6875,36.07,0,0.02,0.25,0,0,20,0.5,0.102,5.5,0,0,0.1,0.1,0.1,0.1,0.1,0.1,0.5,0,17341,0.049478115,0.01730004,0,0,0,0,0,0,0,0,0,0,0.44,1.197368066
57718.45,0.504915022,0.5,6404,37,0.491225,32,34.75,36.13,0,0.02,0.15,0,0,20,0.5,0.102,5.5,0,0,0.1,0.1,0.1,0.1,0.1,0.1,0.5,0,16197,0.049515342,0.017410632,0,0,0,0,0,0,0,0,0,0,0.44,1.197368066
57778.49,0.450125573,0.5,6404,37,0.5344,31.9375,34.75,36.21,0,0.016560003,0.136240014,0,0,20,0.5,0.102,5.5,0,0,0.1,0.1,0.1,0.1,0.1,0.1,0.5,0,14386,0.050813291,0.018003615,0,0,0,0,0,0,0,0,0,0,0.44,1.197368066
57838.52,0.405887278,0.5,6404,37,0.468796014,32.0625,34.75,36.49,0,0,0.07,0,0,20,0.5,0.102,5.5,0,0,0.1,0.1,0.1,0.1,0.1,0.1,0.5,0,15687,0.046344107,0.016574233,0,0,0,0,0,0,0,0,0,0,5,1.197368066
57898.56,0.409999327,0.5,6404,37,0.1838,32.25,34.6875,37.13,0,0,0.07,0,0,20,0.5,0.102,5.5,0,0,0.1,0.1,0.1,0.1,0.1,0.1,0.5,0,15311,0.047286265,0.017177193,0,0,0,0,0,0,0,0,0,0,5,1.197368066
57958.61,0.419915075,0.5,6404,37,0.20045,32.375,34.5625,37.13,0,0,0.25,0,0,20,0.5,0.102,5.5,0,0,0.1,0.1,0.1,0.1,0.1,0.1,0.5,0,14876,0.048400108,0.017343372,0,0,0,0,0,0,0,0,0,0,5,1.197368066
58018.67,0.435265014,0.5,6404,37,0.1137,32.375,34.5625,37.45,0,0,0.07,0,0,20,0.5,0.102,5.5,0,0,0.1,0.1,0.1,0.1,0.1,0.1,0.5,0,15284,0.047893222,0.017272965,0,0,0,0,0,0,0,0,0,0,5,1.197368066
58078.74,0.450897469,0.5,6404,37,0.0831,32.4375,34.5,37.41,0,0,0.07,0,0,20,0.5,0.102,5.5,0,0,0.1,0.1,0.1,0.1,0.1,0.1,0.5,0,15858,0.046979443,0.016899987,0,0,0,0,0,0,0,0,0,0,5,1.197368066
58138.82,0.463400069,0.5,6404,37,0.1258,32.4375,34.5,37.25,0,0,0.07,0,0,20,0.5,0.102,5.5,0,0,0.1,0.1,0.1,0.1,0.1,0.1,0.5,0,15489,0.048034089,0.017431726,0,0,0,0,0,0,0,0,0,0,5,1.197368066
58198.87,0.456059527,0.5,6404,37,0.1012,32.3125,34.5,37.25,0,0,0.07,0,0,20,0.5,0.102,5.5,0,0,0.1,0.1,0.1,0.1,0.1,0.1,0.5,0,15983,0.047738222,0.017268348,0,0,0,0,0,0,0,0,0,0,5,1.08959741
58258.95,0.462660644,0.5,6404,37,0.20005,32.25,34.5,36.93,0,0,0.25,0,0,20,0.5,0.102,5.5,0,0,0.1,0.1,0.1,0.1,0.1,0.1,0.5,0,15336,0.048904538,0.017605634,0,0,0,0,0,0,0,0,0,0,5,1.078229015
58319.02,0.487085621,0.5,6404,37,0.1269,32.25,34.5,37.17,0,0,0.07,0,0,20,0.5,0.102,5.5,0,0,0.1,0.1,0.1,0.1,0.1,0.1,0.5,0,15750,0.048888889,0.017587302,0,0,0,0,0,0,0,0,0,0,5,1.178655825
58379.07,0.481404967,0.5,6404,37,0.0549,32.25,34.5,37.09,0,0,0.07,0,0,20,0.5,0.102,5.5,0,0,0.1,0.1,0.1,0.1,0.1,0.1,0.5,0,15922,0.04898882,0.017334506,0,0,0,0,0,0,0,0,0,0,5,1.084529801
58439.1,0.495128826,0.5,6404,37,0.1207,32.25,34.5625,36.89,0,0,0,0,0,20,0.5,0.102,5.5,0,0,0.1,0.1,0.1,0.1,0.1,0.1,0.5,0,15955,0.049451583,0.017424005,0,0,0,0,0,0,0,0,0,0,5,1.114630728
58499.15,0.505714188,0.5,6404,37,0.1389,32.125,34.625,37.11,0,0,0,0,0,20,0.5,0.102,5.5,0,0,0.1,0.1,0.1,0.1,0.1,0.1,0.5,0,15670,0.050223357,0.01767709,0,0,0,0,0,0,0,0,0,0,5,1.122360231
58559.22,0.50805894,0.5,6404,37,0.1362,32.1875,34.625,37.01,0,0,0,0,0,20,0.5,0.102,5.5,0,0,0.1,0.1,0.1,0.1,0.1,0.1,0.5,0,16464,0.049380466,0.017371234,0,0,0,0,0,0,0,0,0,0,5,1.080119627
58619.3,0.531437401,0.5,6404,37,0.1129,32.1875,34.6875,37.25,0,0,0,0,0,20,0.5,0.102,5.5,0,0,0.1,0.1,0.1,0.1,0.1,0.1,0.5,0,17686,0.047551736,0.017188737,0,0,0,0,0,0,0,0,0,0,5,1.161077487
58679.38,0.529247171,0.5,6404,37,0.1037,32.25,34.6875,37.03,0,0,0,0,0,20,0.5,0.102,5.5,0,0,0.1,0.1,0.1,0.1,0.1,0.1,0.5,0,16816,0.04923882,0.017304948,0,0,0,0,0,0,0,0,0,0,5,1.09063407
58739.44,0.536549091,0.5,6404,37,0.136,32.1875,34.6875,37.01,0,0,0,0,0,20,0.5,0.102,5.5,0,0,0.1,0.1,0.1,0.1,0.1,0.1,0.5,0,17102,0.049234008,0.017541808,0,0,0,0,0,0,0,0,0,0,5,1.077209852
58799.49,0.554869305,0.5,6404,37,0.123,32.1875,34.6875,37.05,0,0,0,0,0,20,0.5,0.102,5.5,0,0,0.1,0.1,0.1,0.1,0.1,0.1,0.5,0,17300,0.049479769,0.017514451,0,0,0,0,0,0,0,0,0,0,5,1.124072977
58859.53,0.561478069,0.5,6404,37,0.499625,32.1875,34.5625,35.91,0,0.02,0.25,0,0,20,0.5,0.102,5.5,0,0,0.1,0.1,0.1,0.1,0.1,0.1,0.5,0,17061,0.049762616,0.017408124,0,0,0,0,0,0,0,0,0,0,0.44,1.124072977
58919.58,0.511282333,0.5,6404,37,0.447175,31.9375,34.5625,36.01,0,0.02,0.15,0,0,20,0.5,0.102,5.5,0,0,0.1,0.1,0.1,0.1,0.1,0.1,0.5,0,16358,0.049394792,0.017667196,0,0,0,0,0,0,0,0,0,0,0.44,1.124072977
58979.64,0.445240721,0.5,6404,37,0.498875,31.875,34.4375,36.15,0,0.001455343,0.075821371,0,0,20,0.5,0.102,5.5,0,0,0.1,0.1,0.1,0.1,0.1,0.1,0.5,0,15863,0.047279834,0.016894661,0,0,0,0,0,0,0,0,0,0,0.44,1.124072977
59039.7,0.43362051,0.5,6404,37,0.261550304,32.0625,34.5,36.95,0,0,0.07,0,0,20,0.5,0.102,5.5,0,0,0.1,0.1,0.1,0.1,0.1,0.1,0.5,0,16205,0.046837396,0.016846652,0,0,0,0,0,0,0,0,0,0,5,1.124072977
59099.77,0.443992855,0.5,6404,37,0.1535,32.1875,34.4375,37.03,0,0,0.07,0,0,20,0.5,0.102,5.5,0,0,0.1,0.1,0.1,0.1,0.1,0.1,0.5,0,15565,0.048249277,0.017089624,0,0,0,0,0,0,0,0,0,0,5,1.124072977
59159.81,0.467310033,0.5,6404,37,0.16715,32.25,34.4375,37.13,0,0,0.25,0,0,20,0.5,0.102,5.5,0,0,0.1,0.1,0.1,0.1,0.1,0.1,0.5,0,15240,0.048687664,0.017454068,0,0,0,0,0,0,0,0,0,0,5,1.124072977
59219.88,0.459587378,0.5,6404,37,0.144,32.25,34.5,37.13,0,0,0.07,0,0,20,0.5,0.102,5.5,0,0,0.1,0.1,0.1,0.1,0.1,0.1,0.5,0,16154,0.047728117,0.017271264,0,0,0,0,0,0,0,0,0,0,5,1.124072977
59279.95,0.482001463,0.5,6404,37,0.0776,32.1875,34.5,37.19,0,0,0.07,0,0,20,0.5,0.102,5.5,0,0,0.1,0.1,0.1,0.1,0.1,0.1,0.5,0,15634,0.049571447,0.017525905,0,0,0,0,0,0,0,0,0,0,5,1.124072977
59340.01,0.495326609,0.5,6404,37,0.1457,32.1875,34.5625,37.01,0,0,0.07,0,0,20,0.5,0.102,5.5,0,0,0.1,0.1,0.1,0.1,0.1,0.1,0.5,0,16581,0.048127375,0.017308968,0,0,0,0,0,0,0,0,0,0,5,1.124072977
59400.07,0.483128035,0.5,6404,37,0.1409,32.25,34.5625,36.97,0,0,0.07,0,0,20,0.5,0.102,5.5,0,0,0.1,0.1,0.1,0.1,0.1,0.1,0.5,0,15940,0.049372647,0.017628607,0,0,0,0,0,0,0,0,0,0,5,0.993062355
59460.11,0.511844112,0.5,6404,37,0.17505,32.125,34.625,36.97,0,0,0.25,0,0,20,0.5,0.102,5.5,0,0,0.1,0.1,0.1,0.1,0.1,0.1,0.5,0,17388,0.04779158,0.017195767,0,0,0,0,0,0,0,0,0,0,5,1.116624462
59520.16,0.522293861,0.5,6404,37,0.1225,32.1875,34.6875,37.05,0,0,0.07,0,0,20,0.5,0.102,5.5,0,0,0.1,0.1,0.1,0.1,0.1,0.1,0.5,0,16016,0.050137363,0.01791958,0,0,0,0,0,0,0,0,0,0,5,1.121424053
59580.24,0.54153049,0.5,6404,37,0.1077,32.125,34.75,37.03,0,0,0.07,0,0,20,0.5,0.102,5.5,0,0,0.1,0.1,0.1,0.1,0.1,0.1,0.5,0,16839,0.049349724,0.017281311,0,0,0,0,0,0,0,0,0,0,5,1.173859818
59640.29,0.539717458,0.5,6404,37,0.1677,32.1875,34.8125,36.93,0,0,0,0,0,20,0.5,0.102,5.5,0,0,0.1,0.1,0.1,0.1,0.1,0.1,0.5,0,17586,0.048333902,0.017400205,0,0,0,0,0,0,0,0,0,0,5,1.105106042
59700.35,0.538794699,0.5,6404,37,0.112,32.1875,34.75,36.87,0,0,0,0,0,20,0.5,0.102,5.5,0,0,0.1,0.1,0.1,0.1,0.1,0.1,0.5,0,17458,0.048860121,0.01741322,0,0,0,0,0,0,0,0,0,0,5,1.044717228
59760.41,0.576915468,0.5,6404,37,0.1705,32.1875,34.75,37.09,0,0,0,0,0,20,0.5,0.102,5.5,0,0,0.1,0.1,0.1,0.1,0.1,0.1,0.5,0,17031,0.050026422,0.017497505,0,0,0,0,0,0,0,0,0,0,5,1.19756481
59820.46,0.55022663,0.5,6404,37,0.1154,32.125,34.6875,37.05,0,0.02,0.15,0,0,20,0.5,0.102,5.5,0,0,0.1,0.1,0.1,0.1,0.1,0.1,0.5,0,16943,0.05010919,0.017883492,0,0,0,0,0,0,0,0,0,0,0.44,1.19756481
59880.52,0.484979105,0.5,6404,37,0.446625,32,34.625,36.25,0,0.017145373,0.138581492,0,0,20,0.5,0.102,5.5,0,0,0.1,0.1,0.1,0.1,0.1,0.1,0.5,0,16786,0.048611939,0.017276302,0,0,0,0,0,0,0,0,0,0,0.44,1.19756481
59940.57,0.438011753,0.5,6404,37,0.476338541,31.875,34.625,36.09,0,0,0.07,0,0,20,0.5,0.102,5.5,0,0,0.1,0.1,0.1,0.1,0.1,0.1,0.5,0,15953,0.048141415,0.017363505,0,0,0,0,0,0,0,0,0,0,5,1.19756481
60000.65,0.459981753,0.5,6404,37,0.1817,32.125,34.5625,37.01,0,0,0.07,0,0,20,0.5,0.102,5.5,0,0,0.1,0.1,0.1,0.1,0.1,0.1,0.5,0,15809,0.048643178,0.017395155,0,0,0,0,0,0,0,0,0,0,5,1.19756481
60060.72,0.47379571,0.5,6404,37,0.16285,32.25,34.625,37.17,0,0,0.25,0,0,20,0.5,0.102,5.5,0,0,0.1,0.1,0.1,0.1,0.1,0.1,0.5,0,15971,0.048337612,0.017469163,0,0,0,0,0,0,0,0,0,0,5,1.19756481
60120.78,0.485505493,0.5,6404,37,0.0967,32.3125,34.625,37.27,0,0,0.07,0,0,20,0.5,0.102,5.5,0,0,0.1,0.1,0.1,0.1,0.1,0.1,0.5,0,15989,0.048658453,0.017136782,0,0,0,0,0,0,0,0,0,0,5,1.19756481
60180.83,0.480290894,0.5,6404,37,0.1224,32.3125,34.6875,37.25,0,0,0.07,0,0,20,0.5,0.102,5.5,0,0,0.1,0.1,0.1,0.1,0.1,0.1,0.5,0,16667,0.04799904,0.017159657,0,0,0,0,0,0,0,0,0,0,5,1.19756481
60240.87,0.501734547,0.5,6404,37,0.1835,32.25,34.6875,37.25,0,0,0.07,0,0,20,0.5,0.102,5.5,0,0,0.1,0.1,0.1,0.1,0.1,0.1,0.5,0,16469,0.048636833,0.0171838,0,0,0,0,0,0,0,0,0,0,5,1.19756481
60300.98,0.516153276,0.5,6404,37,0.0824,32.3125,34.75,37.05,0,0,0.07,0,0,20,0.5,0.102,5.5,0,0,0.1,0.1,0.1,0.1,0.1,0.1,0.5,0,16585,0.048779017,0.017425384,0,0,0,0,0,0,0,0,0,0,5,1.222684306
60361.02,0.512768195,0.5,6404,37,0.1285,32.3125,34.75,36.95,0,0,0.25,0,0,20,0.5,0.102,5.5,0,0,0.1,0.1,0.1,0.1,0.1,0.1,0.5,0,16564,0.049444579,0.017387105,0,0,0,0,0,0,0,0,0,0,5,1.141810434
60421.06,0.537372213,0.5,6404,37,0.1325,32.25,34.75,36.89,0,0,0.07,0,0,20,0.5,0.102,5.5,0,0,0.1,0.1,0.1,0.1,0.1,0.1,0.5,0,16507,0.049675895,0.017568304,0,0,0,0,0,0,0,0,0,0,5,1.225321233
60481.14,0.527265627,0.5,6404,37,0.0921,32.25,34.8125,37.13,0,0,0.07,0,0,20,0.5,0.102,5.5,0,0,0.1,0.1,0.1,0.1,0.1,0.1,0.5,0,17327,0.049056386,0.017314019,0,0,0,0,0,0,0,0,0,0,5,1.107095574
60541.27,0.545888023,0.5,6404,37,0.1108,32.25,34.8125,36.93,0,0,0,0,0,20,0.5,0.102,5.5,0,0,0.1,0.1,0.1,0.1,0.1,0.1,0.5,0,17330,0.04899019,0.017657242,0,0,0,0,0,0,0,0,0,0,5,1.155869029
60601.33,0.575225277,0.5,6404,37,0.1714,32.25,34.75,37.01,0,0.02,0.15,0,0,20,0.5,0.102,5.5,0,0,0.1,0.1,0.1,0.1,0.1,0.1,0.5,0,17800,0.049101124,0.01747191,0,0,0,0,0,0,0,0,0,0,0.44,1.155869029
60661.38,0.517026938,0.5,6404,37,0.4185,32.125,34.75,36.31,0,0.02,0.25,0,0,20,0.5,0.102,5.5,0,0,0.1,0.1,0.1,0.1,0.1,0.1,0.5,0,16417,0.049765487,0.017725528,0,0,0,0,0,0,0,0,0,0,0.44,1.155869029
60721.42,0.449523321,0.5,6404,37,0.4897,32.125,34.6875,36.39,0,0.002113555,0.078454219,0,0,20,0.5,0.102,5.5,0,0,0.1,0.1,0.1,0.1,0.1,0.1,0.5,0,15614,0.048610222,0.017484309,0,0,0,0,0,0,0,0,0,0,0.44,1.155869029
60781.52,0.460361253,0.5,6404,37,0.25963776,32.1875,34.625,36.87,0,0.00370617,0.084824679,0,0,20,0.5,0.102,5.5,0,0,0.1,0.1,0.1,0.1,0.1,0.1,0.5,0,15606,0.048442907,0.017365116,0,0,0,0,0,0,0,0,0,0,0.44,1.155869029
60841.6,0.444460012,0.5,6404,37,0.200680504,32.25,34.6875,37.13,0,0,0.07,0,0,20,0.5,0.102,5.5,0,0,0.1,0.1,0.1,0.1,0.1,0.1,0.5,0,14971,0.049495692,0.01783448,0,0,0,0,0,0,0,0,0,0,5,1.155869029
60901.7,0.470686632,0.5,6404,37,0.0992,32.3125,34.625,37.17,0,0,0.07,0,0,20,0.5,0.102,5.5,0,0,0.1,0.1,0.1,0.1,0.1,0.1,0.5,0,15563,0.048319733,0.01734884,0,0,0,0,0,0,0,0,0,0,5,1.155869029
60961.75,0.468864511,0.5,6404,37,0.1649,32.3125,34.625,37.01,0,0,0.25,0,0,20,0.5,0.102,5.5,0,0,0.1,0.1,0.1,0.1,0.1,0.1,0.5,0,15329,0.049057342,0.017809381,0,0,0,0,0,0,0,0,0,0,5,1.155869029
61021.79,0.484096737,0.5,6404,37,0.1486,32.3125,34.625,37.17,0,0,0.07,0,0,20,0.5,0.102,5.5,0,0,0.1,0.1,0.1,0.1,0.1,0.1,0.5,0,15901,0.048550406,0.017105842,0,0,0,0,0,0,0,0,0,0,5,1.155869029
61081.85,0.482235337,0.5,6404,37,0.1117,32.3125,34.625,37.25,0,0,0.07,0,0,20,0.5,0.102,5.5,0,0,0.1,0.1,0.1,0.1,0.1,0.1,0.5,0,16702,0.047778709,0.017243444,0,0,0,0,0,0,0,0,0,0,5,1.155869029
61141.93,0.490121144,0.5,6404,37,0.1457,32.3125,34.625,37.17,0,0,0.07,0,0,20,0.5,0.102,5.5,0,0,0.1,0.1,0.1,0.1,0.1,0.1,0.5,0,16740,0.048088411,0.016965352,0,0,0,0,0,0,0,0,0,0,5,1.155869029
61202,0.506943252,0.5,6404,37,0.1447,32.25,34.625,37.17,0,0,0.07,0,0,20,0.5,0.102,5.5,0,0,0.1,0.1,0.1,0.1,0.1,0.1,0.5,0,16062,0.049371187,0.017619226,0,0,0,0,0,0,0,0,0,0,5,1.199315003
61262.07,0.514910188,0.5,6404,37,0.1402,32.1875,34.6875,37.13,0,0,0.25,0,0,20,0.5,0.102,5.5,0,0,0.1,0.1,0.1,0.1,0.1,0.1,0.5,0,16636,0.04880981,0.017432075,0,0,0,0,0,0,0,0,0,0,5,1.186129531
61322.14,0.514223423,0.5,6404,37,0.134,32.25,34.6875,37.05,0,0,0.07,0,0,20,0.5,0.102,5.5,0,0,0.1,0.1,0.1,0.1,0.1,0.1,0.5,0,17672,0.04787234,0.017202354,0,0,0,0,0,0,0,0,0,0,5,1.12281911
61382.21,0.53237315,0.5,6404,37,0.1056,32.25,34.6875,37.27,0,0,0.07,0,0,20,0.5,0.102,5.5,0,0,0.1,0.1,0.1,0.1,0.1,0.1,0.5,0,16245,0.050600185,0.017605417,0,0,0,0,0,0,0,0,0,0,5,1.170738573
61442.25,0.539958864,0.5,6404,37,0.1223,32.3125,34.75,37.11,0,0,0,0,0,20,0.5,0.102,5.5,0,0,0.1,0.1,0.1,0.1,0.1,0.1,0.5,0,17300,0.049132948,0.017514451,0,0,0,0,0,0,0,0,0,0,5,1.154646563
61502.32,0.55013319,0.5,6404,37,0.1402,32.3125,34.8125,37.05,0,0,0,0,0,20,0.5,0.102,5.5,0,0,0.1,0.1,0.1,0.1,0.1,0.1,0.5,0,17342,0.049648253,0.01758736,0,0,0,0,0,0,0,0,0,0,5,1.152916598
61562.4,0.56786752,0.5,6404,37,0.1375,32.25,34.8125,37.03,0,0.02,0.25,0,0,20,0.5,0.102,5.5,0,0,0.1,0.1,0.1,0.1,0.1,0.1,0.5,0,18390,0.04834149,0.017455139,0,0,0,0,0,0,0,0,0,0,0.44,1.152916598
61622.43,0.50247601,0.5,6404,37,0.542275,32,34.75,36.09,0,0.02,0.15,0,0,20,0.5,0.102,5.5,0,0,0.1,0.1,0.1,0.1,0.1,0.1,0.5,0,16547,0.048709736,0.017163232,0,0,0,0,0,0,0,0,0,0,0.44,1.152916598
61682.48,0.440048314,0.5,6404,37,0.4836,32,34.6875,36.33,0,0.000631645,0.07252658,0,0,20,0.5,0.102,5.5,0,0,0.1,0.1,0.1,0.1,0.1,0.1,0.5,0,15933,0.047888031,0.017197012,0,0,0,0,0,0,0,0,0,0,0.44,1.152916598
61742.53,0.455988072,0.5,6404,37,0.227967488,32.1875,34.6875,37.05,0,0,0.07,0,0,20,0.5,0.102,5.5,0,0,0.1,0.1,0.1,0.1,0.1,0.1,0.5,0,15138,0.048817545,0.017241379,0,0,0,0,0,0,0,0,0,0,5,1.152916598
61802.62,0.44837341,0.5,6404,37,0.1686,32.3125,34.5625,37.41,0,0,0.07,0,0,20,0.5,0.102,5.5,0,0,0.1,0.1,0.1,0.1,0.1,0.1,0.5,0,15629,0.048115682,0.017339561,0,0,0,0,0,0,0,0,0,0,5,1.152916598
61862.68,0.452414688,0.5,6404,37,0.1452,32.3125,34.5625,37.19,0,0,0.25,0,0,20,0.5,0.102,5.5,0,0,0.1,0.1,0.1,0.1,0.1,0.1,0.5,0,15884,0.048224629,0.016998237,0,0,0,0,0,0,0,0,0,0,5,1.152916598
61922.73,0.473754194,0.5,6404,37,0.0967,32.3125,34.5625,37.37,0,0,0.07,0,0,20,0.5,0.102,5.5,0,0,0.1,0.1,0.1,0.1,0.1,0.1,0.5,0,15556,0.048534328,0.017485215,0,0,0,0,0,0,0,0,0,0,5,1.152916598
61982.79,0.474668742,0.5,6404,37,0.1248,32.3125,34.625,37.25,0,0,0.07,0,0,20,0.5,0.102,5.5,0,0,0.1,0.1,0.1,0.1,0.1,0.1,0.5,0,15789,0.049148141,0.017290519,0,0,0,0,0,0,0,0,0,0,5,1.152916598
62042.87,0.47632965,0.5,6404,37,0.1317,32.3125,34.625,37.25,0,0,0.07,0,0,20,0.5,0.102,5.5,0,0,0.1,0.1,0.1,0.1,0.1,0.1,0.5,0,15664,0.049348825,0.01762002,0,0,0,0,0,0,0,0,0,0,5,1.152916598
62102.91,0.487192121,0.5,6404,37,0.1372,32.375,34.625,37.19,0,0,0.07,0,0,20,0.5,0.102,5.5,0,0,0.1,0.1,0.1,0.1,0.1,0.1,0.5,0,16291,0.048984102,0.017494322,0,0,0,0,0,0,0,0,0,0,5,1.162915935
62162.97,0.504963193,0.5,6404,37,0.067,32.3125,34.75,37.13,0,0,0.25,0,0,20,0.5,0.102,5.5,0,0,0.1,0.1,0.1,0.1,0.1,0.1,0.5,0,17390,0.047613571,0.01719379,0,0,0,0,0,0,0,0,0,0,5,1.212251125
62223.01,0.52417106,0.5,6404,37,0.1637,32.3125,34.75,37.01,0,0,0.07,0,0,20,0.5,0.102,5.5,0,0,0.1,0.1,0.1,0.1,0.1,0.1,0.5,0,16547,0.049374509,0.017404968,0,0,0,0,0,0,0,0,0,0,5,1.263636193
62283.05,0.539153916,0.5,6404,37,0.1142,32.25,34.75,36.95,0,0,0.07,0,0,20,0.5,0.102,5.5,0,0,0.1,0.1,0.1,0.1,0.1,0.1,0.5,0,17532,0.047969427,0.017054529,0,0,0,0,0,0,0,0,0,0,5,1.285003402
62343.13,0.530655272,0.5,6404,37,0.1135,32.3125,34.8125,37.01,0,0,0,0,0,20,0.5,0.102,5.5,0,0,0.1,0.1,0.1,0.1,0.1,0.1,0.5,0,16995,0.049249779,0.017534569,0,0,0,0,0,0,0,0,0,0,5,1.173087784
62403.16,0.544037207,0.5,6404,37,0.0896,32.25,34.75,37.09,0,0,0,0,0,20,0.5,0.102,5.5,0,0,0.1,0.1,0.1,0.1,0.1,0.1,0.5,0,17659,0.048587123,0.017384903,0,0,0,0,0,0,0,0,0,0,5,1.189148499
62463.24,0.558415985,0.5,6404,37,0.1216,32.1875,34.875,37.09,0,0.02,0.25,0,0,20,0.5,0.102,5.5,0,0,0.1,0.1,0.1,0.1,0.1,0.1,0.5,0,16674,0.050857623,0.018052057,0,0,0,0,0,0,0,0,0,0,0.44,1.189148499
62523.28,0.481841828,0.5,6404,37,0.46885,32.1875,34.8125,36.25,0,0.017552029,0.140208117,0,0,20,0.5,0.102,5.5,0,0,0.1,0.1,0.1,0.1,0.1,0.1,0.5,0,16451,0.049054769,0.017263388,0,0,0,0,0,0,0,0,0,0,0.44,1.189148499
62583.36,0.443485883,0.5,6404,37,0.447988011,32.125,34.8125,36.17,0,0,0.07,0,0,20,0.5,0.102,5.5,0,0,0.1,0.1,0.1,0.1,0.1,0.1,0.5,0,15774,0.047673387,0.017433752,0,0,0,0,0,0,0,0,0,0,5,1.189148499
62643.4,0.458787522,0.5,6404,37,0.2365,32.25,34.75,37.05,0,0,0.07,0,0,20,0.5,0.102,5.5,0,0,0.1,0.1,0.1,0.1,0.1,0.1,0.5,0,14997,0.049609922,0.017736881,0,0,0,0,0,0,0,0,0,0,5,1.189148499
62703.47,0.465897143,0.5,6404,37,0.1443,32.3125,34.6875,37.33,0,0,0.07,0,0,20,0.5,0.102,5.5,0,0,0.1,0.1,0.1,0.1,0.1,0.1,0.5,0,15838,0.048427832,0.017552721,0,0,0,0,0,0,0,0,0,0,5,1.189148499
62763.51,0.471472215,0.5,6404,37,0.0693,32.375,34.75,37.21,0,0,0.25,0,0,20,0.5,0.102,5.5,0,0,0.1,0.1,0.1,0.1,0.1,0.1,0.5,0,16722,0.047003947,0.01680421,0,0,0,0,0,0,0,0,0,0,5,1.189148499
62823.55,0.486222793,0.5,6404,37,0.1675,32.25,34.625,37.25,0,0,0.07,0,0,20,0.5,0.102,5.5,0,0,0.1,0.1,0.1,0.1,0.1,0.1,0.5,0,17194,0.046876817,0.016924509,0,0,0,0,0,0,0,0,0,0,5,1.189148499
62883.59,0.491524268,0.5,6404,37,0.0908,32.3125,34.5625,37.45,0,0,0.07,0,0,20,0.5,0.102,5.5,0,0,0.1,0.1,0.1,0.1,0.1,0.1,0.5,0,17001,0.047644256,0.01694018,0,0,0,0,0,0,0,0,0,0,5,1.189148499
62943.67,0.510115157,0.5,6404,37,0.1092,32.3125,34.5625,37.29,0,0,0.07,0,0,20,0.5,0.102,5.5,0,0,0.1,0.1,0.1,0.1,0.1,0.1,0.5,0,15778,0.04975282,0.017429332,0,0,0,0,0,0,0,0,0,0,5,1.24106663
63003.74,0.510345141,0.5,6404,37,0.1288,32.25,34.5625,37.27,0,0,0.07,0,0,20,0.5,0.102,5.5,0,0,0.1,0.1,0.1,0.1,0.1,0.1,0.5,0,16667,0.048899022,0.017399652,0,0,0,0,0,0,0,0,0,0,5,1.180365534
63063.81,0.50585146,0.5,6404,37,0.1225,32.25,34.5625,37.19,0,0,0.25,0,0,20,0.5,0.102,5.5,0,0,0.1,0.1,0.1,0.1,0.1,0.1,0.5,0,16420,0.049756395,0.017783191,0,0,0,0,0,0,0,0,0,0,5,1.09481473
63123.89,0.518287697,0.5,6404,37,0.1527,32.1875,34.625,37.01,0,0,0.07,0,0,20,0.5,0.102,5.5,0,0,0.1,0.1,0.1,0.1,0.1,0.1,0.5,0,15956,0.050639258,0.017986964,0,0,0,0,0,0,0,0,0,0,5,1.112936253
63183.94,0.542909742,0.5,6404,37,0.0885,32.25,34.625,37.11,0,0,0,0,0,20,0.5,0.102,5.5,0,0,0.1,0.1,0.1,0.1,0.1,0.1,0.5,0,16728,0.049557628,0.017694883,0,0,0,0,0,0,0,0,0,0,5,1.196527232
63244.02,0.538998667,0.5,6404,37,0.1508,32.25,34.6875,37.01,0,0,0,0,0,20,0.5,0.102,5.5,0,0,0.1,0.1,0.1,0.1,0.1,0.1,0.5,0,17439,0.049028041,0.017489535,0,0,0,0,0,0,0,0,0,0,5,1.115010909
63304.08,0.554048686,0.5,6404,37,0.1225,32.25,34.6875,37.11,0,0,0,0,0,20,0.5,0.102,5.5,0,0,0.1,0.1,0.1,0.1,0.1,0.1,0.5,0,17647,0.049073497,0.017396725,0,0,0,0,0,0,0,0,0,0,5,1.141878763
63364.13,0.560227193,0.5,6404,37,0.1804,32.25,34.6875,36.93,0,0.02,0.25,0,0,20,0.5,0.102,5.5,0,0,0.1,0.1,0.1,0.1,0.1,0.1,0.5,0,17703,0.0492007,0.017624132,0,0,0,0,0,0,0,0,0,0,0.44,1.141878763
63424.19,0.490032755,0.5,6404,37,0.496025,32.125,34.75,36.09,0,0.018800171,0.145200682,0,0,20,0.5,0.102,5.5,0,0,0.1,0.1,0.1,0.1,0.1,0.1,0.5,0,16158,0.049511078,0.01770021,0,0,0,0,0,0,0,0,0,0,0.44,1.141878763
63484.24,0.446107185,0.5,6404,37,0.508280572,32.0625,34.8125,36.13,0,0,0.07,0,0,20,0.5,0.102,5.5,0,0,0.1,0.1,0.1,0.1,0.1,0.1,0.5,0,15954,0.048075718,0.017299737,0,0,0,0,0,0,0,0,0,0,5,1.141878763
63544.3,0.453480258,0.5,6404,37,0.1774,32.3125,34.75,37.01,0,0,0.07,0,0,20,0.5,0.102,5.5,0,0,0.1,0.1,0.1,0.1,0.1,0.1,0.5,0,15727,0.048260953,0.017358683,0,0,0,0,0,0,0,0,0,0,5,1.141878763
63604.38,0.471737713,0.5,6404,37,0.1387,32.3125,34.75,37.13,0,0,0.07,0,0,20,0.5,0.102,5.5,0,0,0.1,0.1,0.1,0.1,0.1,0.1,0.5,0,15594,0.048736694,0.01712197,0,0,0,0,0,0,0,0,0,0,5,1.141878763
63664.45,0.481590444,0.5,6404,37,0.1353,32.375,34.75,37.25,0,0,0.25,0,0,20,0.5,0.102,5.5,0,0,0.1,0.1,0.1,0.1,0.1,0.1,0.5,0,16322,0.048094596,0.017338561,0,0,0,0,0,0,0,0,0,0,5,1.141878763
63724.53,0.482050019,0.5,6404,37,0.1281,32.375,34.6875,37.43,0,0,0.07,0,0,20,0.5,0.102,5.5,0,0,0.1,0.1,0.1,0.1,0.1,0.1,0.5,0,15721,0.049551555,0.017746963,0,0,0,0,0,0,0,0,0,0,5,1.141878763
63784.56,0.494309067,0.5,6404,37,0.1147,32.375,34.625,37.29,0,0,0.07,0,0,20,0.5,0.102,5.5,0,0,0.1,0.1,0.1,0.1,0.1,0.1,0.5,0,16729,0.048538466,0.017335166,0,0,0,0,0,0,0,0,0,0,5,1.141878763
63844.6,0.502388044,0.5,6404,37,0.0848,32.4375,34.625,37.35,0,0,0.07,0,0,20,0.5,0.102,5.5,0,0,0.1,0.1,0.1,0.1,0.1,0.1,0.5,0,16610,0.048765804,0.017098134,0,0,0,0,0,0,0,0,0,0,5,1.133420384
63904.67,0.511308752,0.5,6404,37,0.1379,32.375,34.625,37.27,0,0,0.07,0,0,20,0.5,0.102,5.5,0,0,0.1,0.1,0.1,0.1,0.1,0.1,0.5,0,16075,0.050264386,0.017791602,0,0,0,0,0,0,0,0,0,0,5,1.129551774
63964.74,0.537408114,0.5,6404,37,0.1204,32.3125,34.625,37.03,0,0,0.25,0,0,20,0.5,0.102,5.5,0,0,0.1,0.1,0.1,0.1,0.1,0.1,0.5,0,17210,0.048518303,0.01737362,0,0,0,0,0,0,0,0,0,0,5,1.222426711
64024.79,0.544711796,0.5,6404,37,0.1477,32.25,34.6875,36.97,0,0,0.07,0,0,20,0.5,0.102,5.5,0,0,0.1,0.1,0.1,0.1,0.1,0.1,0.5,0,16721,0.049578374,0.017403265,0,0,0,0,0,0,0,0,0,0,5,1.201802512
64084.86,0.543283622,0.5,6404,37,0.1592,32.25,34.75,37.03,0,0.02,0.15,0,0,20,0.5,0.102,5.5,0,0,0.1,0.1,0.1,0.1,0.1,0.1,0.5,0,17614,0.048824798,0.017315772,0,0,0,0,0,0,0,0,0,0,0.44,1.201802512
64144.91,0.480082756,0.5,6404,37,0.4325,32.1875,34.75,36.17,0,0.015808983,0.133235933,0,0,20,0.5,0.102,5.5,0,0,0.1,0.1,0.1,0.1,0.1,0.1,0.5,0,16040,0.049376559,0.017705736,0,0,0,0,0,0,0,0,0,0,0.44,1.201802512
64204.96,0.432342181,0.5,6404,37,0.451664586,32.125,34.75,36.39,0,0,0.07,0,0,20,0.5,0.102,5.5,0,0,0.1,0.1,0.1,0.1,0.1,0.1,0.5,0,16111,0.047669294,0.017255291,0,0,0,0,0,0,0,0,0,0,5,1.201802512
64265.04,0.463817615,0.5,6404,37,0.1393,32.3125,34.8125,37.11,0,0,0.25,0,0,20,0.5,0.102,5.5,0,0,0.1,0.1,0.1,0.1,0.1,0.1,0.5,0,15173,0.049232189,0.017333421,0,0,0,0,0,0,0,0,0,0,5,1.201802512
64325.07,0.467306911,0.5,6404,37,0.1642,32.375,34.75,36.95,0,0,0.07,0,0,20,0.5,0.102,5.5,0,0,0.1,0.1,0.1,0.1,0.1,0.1,0.5,0,15720,0.048091603,0.017175573,0,0,0,0,0,0,0,0,0,0,5,1.201802512
64385.15,0.459277837,0.5,6404,37,0.1152,32.4375,34.8125,37.13,0,0,0.07,0,0,20,0.5,0.102,5.5,0,0,0.1,0.1,0.1,0.1,0.1,0.1,0.5,0,16438,0.047390193,0.017277041,0,0,0,0,0,0,0,0,0,0,5,1.201802512
64445.22,0.487922053,0.5,6404,37,0.1209,32.375,34.8125,37.17,0,0,0.07,0,0,20,0.5,0.102,5.5,0,0,0.1,0.1,0.1,0.1,0.1,0.1,0.5,0,14962,0.05026066,0.0176447,0,0,0,0,0,0,0,0,0,0,5,1.201802512
64505.29,0.489307244,0.5,6404,37,0.1331,32.4375,34.8125,37.17,0,0,0.07,0,0,20,0.5,0.102,5.5,0,0,0.1,0.1,0.1,0.1,0.1,0.1,0.5,0,16014,0.04939428,0.017609592,0,0,0,0,0,0,0,0,0,0,5,1.201802512
64565.33,0.492992484,0.5,6404,37,0.1324,32.4375,34.75,37.21,0,0,0.25,0,0,20,0.5,0.102,5.5,0,0,0.1,0.1,0.1,0.1,0.1,0.1,0.5,0,17199,0.047735333,0.017210303,0,0,0,0,0,0,0,0,0,0,5,1.164222365
64625.38,0.503704252,0.5,6404,37,0.1482,32.3125,34.75,37.09,0,0,0.07,0,0,20,0.5,0.102,5.5,0,0,0.1,0.1,0.1,0.1,0.1,0.1,0.5,0,16565,0.048777543,0.017265318,0,0,0,0,0,0,0,0,0,0,5,1.170497344
64685.46,0.517156526,0.5,6404,37,0.0801,32.375,34.625,37.13,0,0,0.07,0,0,20,0.5,0.102,5.5,0,0,0.1,0.1,0.1,0.1,0.1,0.1,0.5,0,16856,0.049121974,0.017560513,0,0,0,0,0,0,0,0,0,0,5,1.191041352
64745.51,0.531016631,0.5,6404,37,0.1568,32.375,34.6875,37.09,0,0,0.07,0,0,20,0.5,0.102,5.5,0,0,0.1,0.1,0.1,0.1,0.1,0.1,0.5,0,16102,0.05030431,0.017823873,0,0,0,0,0,0,0,0,0,0,5,1.210832547
64805.56,0.530027858,0.5,6404,37,0.1282,32.25,34.6875,37.11,0,0,0,0,0,20,0.5,0.102,5.5,0,0,0.1,0.1,0.1,0.1,0.1,0.1,0.5,0,16161,0.050863189,0.017882557,0,0,0,0,0,0,0,0,0,0,5,1.144699597
64865.6,0.541145675,0.5,6404,37,0.149,32.25,34.6875,37.09,0,0,0,0,0,20,0.5,0.102,5.5,0,0,0.1,0.1,0.1,0.1,0.1,0.1,0.5,0,17162,0.049586295,0.017597017,0,0,0,0,0,0,0,0,0,0,5,1.149741456
64925.64,0.545821911,0.5,6404,37,0.1663,32.1875,34.75,36.95,0,0.02,0.15,0,0,20,0.5,0.102,5.5,0,0,0.1,0.1,0.1,0.1,0.1,0.1,0.5,0,17851,0.048848804,0.017478012,0,0,0,0,0,0,0,0,0,0,0.44,1.149741456
64985.7,0.495509422,0.5,6404,37,0.4994,32.0625,34.75,35.97,0,0.018063347,0.142253388,0,0,20,0.5,0.102,5.5,0,0,0.1,0.1,0.1,0.1,0.1,0.1,0.5,0,16044,0.05017452,0.017514336,0,0,0,0,0,0,0,0,0,0,0.44,1.149741456
65045.73,0.458315585,0.5,6404,37,0.506909045,32.0625,34.8125,36.25,0,0,0.07,0,0,20,0.5,0.102,5.5,0,0,0.1,0.1,0.1,0.1,0.1,0.1,0.5,0,16217,0.047234384,0.017204168,0,0,0,0,0,0,0,0,0,0,5,1.149741456
65105.81,0.456669643,0.5,6404,37,0.1464,32.25,34.8125,37.17,0,0,0.07,0,0,20,0.5,0.102,5.5,0,0,0.1,0.1,0.1,0.1,0.1,0.1,0.5,0,15875,0.047559055,0.017259843,0,0,0,0,0,0,0,0,0,0,5,1.149741456
65165.88,0.453887165,0.5,6404,37,0.1869,32.3125,34.8125,37.25,0,0,0.25,0,0,20,0.5,0.102,5.5,0,0,0.1,0.1,0.1,0.1,0.1,0.1,0.5,0,15673,0.048682448,0.017482294,0,0,0,0,0,0,0,0,0,0,5,1.149741456
65225.93,0.462384583,0.5,6404,37,0.1326,32.375,34.875,37.41,0,0,0.07,0,0,20,0.5,0.102,5.5,0,0,0.1,0.1,0.1,0.1,0.1,0.1,0.5,0,15929,0.048527842,0.017012995,0,0,0,0,0,0,0,0,0,0,5,1.149741456
65286.01,0.467930513,0.5,6404,37,0.1442,32.375,34.875,37.25,0,0,0.07,0,0,20,0.5,0.102,5.5,0,0,0.1,0.1,0.1,0.1,0.1,0.1,0.5,0,15931,0.048647291,0.017261942,0,0,0,0,0,0,0,0,0,0,5,1.149741456
65346.07,0.493059709,0.5,6404,37,0.1376,32.4375,34.875,37.17,0,0,0.07,0,0,20,0.5,0.102,5.5,0,0,0.1,0.1,0.1,0.1,0.1,0.1,0.5,0,15521,0.049674634,0.017846788,0,0,0,0,0,0,0,0,0,0,5,1.149741456
65406.15,0.501210118,0.5,6404,37,0.0686,32.375,34.875,37.29,0,0,0.07,0,0,20,0.5,0.102,5.5,0,0,0.1,0.1,0.1,0.1,0.1,0.1,0.5,0,17222,0.047265126,0.016955057,0,0,0,0,0,0,0,0,0,0,5,1.141439774
65466.2,0.515804315,0.5,6404,37,0.0981,32.4375,34.875,37.05,0,0,0.25,0,0,20,0.5,0.102,5.5,0,0,0.1,0.1,0.1,0.1,0.1,0.1,0.5,0,16083,0.049804141,0.017658397,0,0,0,0,0,0,0,0,0,0,5,1.170473931
65526.26,0.503067471,0.5,6404,37,0.1734,32.3125,34.875,37.09,0,0,0.07,0,0,20,0.5,0.102,5.5,0,0,0.1,0.1,0.1,0.1,0.1,0.1,0.5,0,16123,0.050300813,0.017924704,0,0,0,0,0,0,0,0,0,0,5,1.03694075
65586.33,0.520306146,0.5,6404,37,0.1563,32.375,34.875,37.09,0,0,0.07,0,0,20,0.5,0.102,5.5,0,0,0.1,0.1,0.1,0.1,0.1,0.1,0.5,0,17669,0.048050258,0.017318467,0,0,0,0,0,0,0,0,0,0,5,1.086172965
65646.39,0.531520442,0.5,6404,37,0.1106,32.3125,34.875,37.03,0,0,0,0,0,20,0.5,0.102,5.5,0,0,0.1,0.1,0.1,0.1,0.1,0.1,0.5,0,16857,0.049652963,0.017440826,0,0,0,0,0,0,0,0,0,0,5,1.095837146
65706.46,0.54791023,0.5,6404,37,0.1252,32.375,34.75,36.89,0,0,0,0,0,20,0.5,0.102,5.5,0,0,0.1,0.1,0.1,0.1,0.1,0.1,0.5,0,17584,0.048851228,0.017345314,0,0,0,0,0,0,0,0,0,0,5,1.132154692
65766.5,0.550996884,0.5,6404,37,0.1219,32.3125,34.8125,36.97,0,0.02,0.25,0,0,20,0.5,0.102,5.5,0,0,0.1,0.1,0.1,0.1,0.1,0.1,0.5,0,16887,0.050393794,0.017883579,0,0,0,0,0,0,0,0,0,0,0.44,1.132154692
65826.54,0.492229337,0.5,6404,37,0.460275,32.1875,34.75,36.07,0,0.018160873,0.142643493,0,0,20,0.5,0.102,5.5,0,0,0.1,0.1,0.1,0.1,0.1,0.1,0.5,0,15789,0.050351511,0.017987206,0,0,0,0,0,0,0,0,0,0,0.44,1.132154692
65886.59,0.446573348,0.5,6404,37,0.511322838,32.125,34.6875,36.17,0,0,0.07,0,0,20,0.5,0.102,5.5,0,0,0.1,0.1,0.1,0.1,0.1,0.1,0.5,0,15563,0.048383988,0.017284585,0,0,0,0,0,0,0,0,0,0,5,1.132154692
65946.65,0.454822605,0.5,6404,37,0.2127,32.25,34.6875,37.05,0,0,0.07,0,0,20,0.5,0.102,5.5,0,0,0.1,0.1,0.1,0.1,0.1,0.1,0.5,0,16062,0.047565683,0.017245673,0,0,0,0,0,0,0,0,0,0,5,1.132154692
66006.73,0.457112607,0,6404,37,0.1258,32.4375,34.6875,37.51,0,0,0,0,0,20,0.5,0.102,5.5,0,0,0.1,0.1,0.1,0.1,0.1,0.1,0.5,0,15808,0.048393219,0.017206478,0,0,0,0,0,0,0,0,0,0,5,1.132154692
66066.78,0.487045112,0,6404,37,0.0652,32.5625,34.75,37.45,0,0,0,0,0,20,0.5,0.102,5.5,0,0,0.1,0.1,0.1,0.1,0.1,0.1,0.5,0,17014,0.047078876,0.016927236,0,0,0,0,0,0,0,0,0,0,5,1.132154692
66126.86,0.476244619,0,6404,37,0.1356,32.5625,34.75,37.21,0,0,0,0,0,20,0.5,0.102,5.5,0,0,0.1,0.1,0.1,0.1,0.1,0.1,0.5,0,16351,0.048376246,0.017063177,0,0,0,0,0,0,0,0,0,0,5,1.132154692
66186.91,0.480973638,0,6404,37,0.1316,32.5625,34.8125,37.05,0,0,0,0,0,20,0.5,0.102,5.5,0,0,0.1,0.1,0.1,0.1,0.1,0.1,0.5,0,15816,0.049506829,0.017577137,0,0,0,0,0,0,0,0,0,0,5,1.132154692
66246.98,0.493642023,0,6404,37,0.1068,32.5625,34.8125,37.19,0,0,0,0,0,20,0.5,0.102,5.5,0,0,0.1,0.1,0.1,0.1,0.1,0.1,0.5,0,16203,0.048941554,0.017342467,0,0,0,0,0,0,0,0,0,0,5,1.132154692
66307.02,0.504516847,0,6404,37,0.1626,32.5625,34.8125,37.01,0,0,0,0,0,20,0.5,0.102,5.5,0,0,0.1,0.1,0.1,0.1,0.1,0.1,0.5,0,16821,0.048748588,0.017299804,0,0,0,0,0,0,0,0,0,0,5,1.132154692
66367.14,0.513742627,0,6404,37,0.101,32.5,34.8125,37.09,0,0,0,0,0,20,0.5,0.102,5.5,0,0,0.1,0.1,0.1,0.1,0.1,0.1,0.5,0,15906,0.050672702,0.017792028,0,0,0,0,0,0,0,0,0,0,5,1.132154692
66427.21,0.51053147,0.5,6404,37,0.2715,32.5625,34.875,36.71,0,0,0.07,0,0,20,0.5,0.103,5.5,50,0,0.1,0.1,0.1,0.1,0.1,0.1,0.5,0,16934,0.04883666,0.017361521,0,0,0,0,0,0,0,0,0,0,5,1.056736553
66487.27,0.527550238,0.5,6404,37,0.1624,32.4375,34.9375,37.01,0,0,0,0,0,20,0.5,0.103,5.5,50,0,0.1,0.1,0.1,0.1,0.1,0.1,0.5,0,16180,0.050432633,0.017552534,0,0,0,0,0,0,0,0,0,0,5,1.102275181
66547.32,0.544585557,0.5,6404,37,0.127,32.5625,34.9375,37.01,0,0,0,0,0,20,0.5,0.103,5.5,50,0,0.1,0.1,0.1,0.1,0.1,0.1,0.5,0,16104,0.050794834,0.018007948,0,0,0,0,0,0,0,0,0,0,5,1.142504307
66607.39,0.543569363,0.5,6404,37,0.1216,32.5,34.875,37.19,0,0.02,0.15,0,0,20,0.5,0.103,5.5,50,0,0.1,0.1,0.1,0.1,0.1,0.1,0.5,0,16885,0.049985194,0.017530352,0,0,0,0,0,0,0,0,0,0,0.44,1.142504307
66667.45,0.497814269,0.5,6404,37,0.37075,32.375,34.9375,36.39,0,0.02,0.25,0,0,20,0.5,0.103,5.5,50,0,0.1,0.1,0.1,0.1,0.1,0.1,0.5,0,16805,0.049449569,0.017673312,0,0,0,0,0,0,0,0,0,0,0.44,1.142504307
66727.49,0.454340147,0.5,6404,37,0.443225,32.25,34.875,36.31,0,0,0.07,0,0,20,0.5,0.103,5.5,50,0,0.1,0.1,0.1,0.1,0.1,0.1,0.5,0,16510,0.047607511,0.016898849,0,0,0,0,0,0,0,0,0,0,5,1.142504307
66787.55,0.471381931,0.5,6404,37,0.1845,32.375,34.875,37.03,0,0,0.07,0,0,20,0.5,0.103,5.5,50,0,0.1,0.1,0.1,0.1,0.1,0.1,0.5,0,15824,0.048533873,0.017252275,0,0,0,0,0,0,0,0,0,0,5,1.142504307
66847.6,0.469895403,0.5,6404,37,0.1364,32.4375,34.8125,37.29,0,0,0.07,0,0,20,0.5,0.103,5.5,50,0,0.1,0.1,0.1,0.1,0.1,0.1,0.5,0,16460,0.04744836,0.017314702,0,0,0,0,0,0,0,0,0,0,5,1.142504307
66907.67,0.484998511,0.5,6404,37,0.1589,32.5,34.8125,37.29,0,0,0.07,0,0,20,0.5,0.103,5.5,50,0,0.1,0.1,0.1,0.1,0.1,0.1,0.5,0,15604,0.049794924,0.017815945,0,0,0,0,0,0,0,0,0,0,5,1.142504307
66967.74,0.481548605,0.5,6404,37,0.0937,32.375,34.75,37.25,0,0,0.25,0,0,20,0.5,0.103,5.5,50,0,0.1,0.1,0.1,0.1,0.1,0.1,0.5,0,15779,0.049622917,0.017618354,0,0,0,0,0,0,0,0,0,0,5,1.142504307
67027.8,0.478710722,0.5,6404,37,0.1065,32.4375,34.75,36.95,0,0,0.07,0,0,20,0.5,0.103,5.5,50,0,0.1,0.1,0.1,0.1,0.1,0.1,0.5,0,15987,0.049477701,0.017764434,0,0,0,0,0,0,0,0,0,0,5,1.142504307
67087.87,0.492216594,0.5,6404,37,0.1791,32.375,34.8125,37.11,0,0,0.07,0,0,20,0.5,0.103,5.5,50,0,0.1,0.1,0.1,0.1,0.1,0.1,0.5,0,16208,0.048988154,0.017398815,0,0,0,0,0,0,0,0,0,0,5,1.168846161
67147.92,0.516812661,0.5,6404,37,0.182,32.3125,34.8125,37.09,0,0,0.07,0,0,20,0.5,0.103,5.5,50,0,0.1,0.1,0.1,0.1,0.1,0.1,0.5,0,16525,0.049198185,0.017367625,0,0,0,0,0,0,0,0,0,0,5,1.256688652
67207.97,0.504616728,0.5,6404,37,0.1767,32.375,34.875,37.11,0,0,0.07,0,0,20,0.5,0.103,5.5,50,0,0.1,0.1,0.1,0.1,0.1,0.1,0.5,0,16302,0.049503128,0.017421175,0,0,0,0,0,0,0,0,0,0,5,1.122210425
67268.01,0.533155259,0.5,6404,37,0.0974,32.3125,34.875,37.09,0,0,0.25,0,0,20,0.5,0.103,5.5,50,0,0.1,0.1,0.1,0.1,0.1,0.1,0.5,0,17202,0.048424602,0.017323567,0,0,0,0,0,0,0,0,0,0,5,1.231140368
67328.05,0.533069727,0.5,6404,37,0.1217,32.375,34.875,37.11,0,0,0,0,0,20,0.5,0.103,5.5,50,0,0.1,0.1,0.1,0.1,0.1,0.1,0.5,0,16364,0.050171107,0.017538499,0,0,0,0,0,0,0,0,0,0,5,1.169102033
67388.14,0.554228183,0.5,6404,37,0.182,32.3125,34.875,36.97,0,0,0,0,0,20,0.5,0.103,5.5,50,0,0.1,0.1,0.1,0.1,0.1,0.1,0.5,0,18026,0.04765339,0.017030955,0,0,0,0,0,0,0,0,0,0,5,1.227419681
67448.21,0.554022039,0.5,6404,37,0.1208,32.3125,34.9375,37.25,0,0.02,0.15,0,0,20,0.5,0.103,5.5,50,0,0.1,0.1,0.1,0.1,0.1,0.1,0.5,0,16949,0.049147442,0.017346156,0,0,0,0,0,0,0,0,0,0,0.44,1.227419681
67508.25,0.487469515,0.5,6404,37,0.455225,32.1875,34.9375,36.21,0,0.017846361,0.141385445,0,0,20,0.5,0.103,5.5,50,0,0.1,0.1,0.1,0.1,0.1,0.1,0.5,0,17008,0.047095484,0.0170508,0,0,0,0,0,0,0,0,0,0,0.44,1.227419681
67568.29,0.451469327,0.5,6404,37,0.466673737,32.125,34.875,36.25,0,0,0.25,0,0,20,0.5,0.103,5.5,50,0,0.1,0.1,0.1,0.1,0.1,0.1,0.5,0,16090,0.046737104,0.016842759,0,0,0,0,0,0,0,0,0,0,5,1.227419681
67628.32,0.466036083,0.5,6404,37,0.1705,32.3125,34.875,37.19,0,0,0.07,0,0,20,0.5,0.103,5.5,50,0,0.1,0.1,0.1,0.1,0.1,0.1,0.5,0,15811,0.046802859,0.017139966,0,0,0,0,0,0,0,0,0,0,5,1.227419681
67688.36,0.480221036,0.5,6404,37,0.1336,32.3125,34.8125,37.43,0,0,0.07,0,0,20,0.5,0.103,5.5,50,0,0.1,0.1,0.1,0.1,0.1,0.1,0.5,0,16530,0.045856019,0.016636419,0,0,0,0,0,0,0,0,0,0,5,1.227419681
67748.4,0.476731773,0.5,6404,37,0.1325,32.375,34.75,37.27,0,0,0.07,0,0,20,0.5,0.103,5.5,50,0,0.1,0.1,0.1,0.1,0.1,0.1,0.5,0,16050,0.046915888,0.017009346,0,0,0,0,0,0,0,0,0,0,5,1.227419681
67808.47,0.499265281,0.5,6404,37,0.1615,32.375,34.75,37.29,0,0,0.07,0,0,20,0.5,0.103,5.5,50,0,0.1,0.1,0.1,0.1,0.1,0.1,0.5,0,16810,0.045627603,0.016537775,0,0,0,0,0,0,0,0,0,0,5,1.227419681
67868.58,0.489148542,0.5,6404,37,0.0951,32.375,34.6875,37.29,0,0,0.25,0,0,20,0.5,0.103,5.5,50,0,0.1,0.1,0.1,0.1,0.1,0.1,0.5,0,15959,0.047559371,0.016918353,0,0,0,0,0,0,0,0,0,0,5,1.227419681
67928.64,0.499098684,0.5,6404,37,0.14,32.3125,34.6875,37.01,0,0,0.07,0,0,20,0.5,0.103,5.5,50,0,0.1,0.1,0.1,0.1,0.1,0.1,0.5,0,16233,0.04681821,0.016817594,0,0,0,0,0,0,0,0,0,0,5,1.226461585
67988.71,0.516425417,0.5,6404,37,0.1237,32.3125,34.75,37.21,0,0,0.07,0,0,20,0.5,0.103,5.5,50,0,0.1,0.1,0.1,0.1,0.1,0.1,0.5,0,16935,0.046058459,0.016888102,0,0,0,0,0,0,0,0,0,0,5,1.267519617
68048.76,0.540342738,0.5,6404,37,0.1525,32.25,34.75,36.97,0,0,0.07,0,0,20,0.5,0.103,5.5,50,0,0.1,0.1,0.1,0.1,0.1,0.1,0.5,0,17362,0.045559267,0.016587951,0,0,0,0,0,0,0,0,0,0,5,1.339961921
68108.83,0.538067774,0.5,6404,37,0.1309,32.25,34.75,37.03,0,0,0.07,0,0,20,0.5,0.103,5.5,50,0,0.1,0.1,0.1,0.1,0.1,0.1,0.5,0,16867,0.04636272,0.016837612,0,0,0,0,0,0,0,0,0,0,5,1.260306489
68168.87,0.551392637,0.5,6404,37,0.1635,32.1875,34.75,37.11,0,0,0,0,0,20,0.5,0.103,5.5,50,0,0.1,0.1,0.1,0.1,0.1,0.1,0.5,0,16732,0.046796557,0.016853933,0,0,0,0,0,0,0,0,0,0,5,1.27067902
68228.91,0.555502663,0.5,6404,37,0.144,32.25,34.8125,37.01,0,0.02,0.15,0,0,20,0.5,0.103,5.5,50,0,0.1,0.1,0.1,0.1,0.1,0.1,0.5,0,18358,0.044558231,0.016287177,0,0,0,0,0,0,0,0,0,0,0.44,1.27067902
68288.95,0.514026457,0.5,6404,37,0.433675,32.125,34.8125,36.49,0,0.02,0.15,0,0,20,0.5,0.103,5.5,50,0,0.1,0.1,0.1,0.1,0.1,0.1,0.5,0,17846,0.044099518,0.01625014,0,0,0,0,0,0,0,0,0,0,0.44,1.27067902
68348.99,0.466844636,0.5,6404,37,0.506875,32.0625,34.875,36.05,0,0.02,0.15,0,0,20,0.5,0.103,5.5,50,0,0.1,0.1,0.1,0.1,0.1,0.1,0.5,0,16052,0.044418141,0.016321954,0,0,0,0,0,0,0,0,0,0,0.44,1.27067902
68409.06,0.412295887,0.5,6404,37,0.54525,32.125,34.875,35.93,0,0,0.07,0,0,20,0.5,0.103,5.5,50,0,0.1,0.1,0.1,0.1,0.1,0.1,0.5,0,15051,0.043850907,0.016211547,0,0,0,0,0,0,0,0,0,0,5,1.27067902
68469.12,0.416149058,0.5,6404,37,0.2033,32.3125,34.875,36.97,0,0,0.25,0,0,20,0.5,0.103,5.5,50,0,0.1,0.1,0.1,0.1,0.1,0.1,0.5,0,14779,0.044319643,0.016509913,0,0,0,0,0,0,0,0,0,0,5,1.27067902
68529.16,0.411661081,0.5,6404,37,0.0895,32.5,34.875,37.53,0,0,0.07,0,0,20,0.5,0.103,5.5,50,0,0.1,0.1,0.1,0.1,0.1,0.1,0.5,0,15906,0.042814032,0.016157425,0,0,0,0,0,0,0,0,0,0,5,1.27067902
68589.2,0.444099803,0.5,6404,37,0.0877,32.625,34.875,37.41,0,0,0.07,0,0,20,0.5,0.103,5.5,50,0,0.1,0.1,0.1,0.1,0.1,0.1,0.5,0,15285,0.043637553,0.016486752,0,0,0,0,0,0,0,0,0,0,5,1.27067902
68649.25,0.431200564,0.5,6404,37,0.1431,32.5625,34.875,37.25,0,0,0.07,0,0,20,0.5,0.103,5.5,50,0,0.1,0.1,0.1,0.1,0.1,0.1,0.5,0,15327,0.043778952,0.016637307,0,0,0,0,0,0,0,0,0,0,5,1.27067902
68709.32,0.448828892,0.5,6404,37,0.0979,32.5,34.8125,37.35,0,0,0.07,0,0,20,0.5,0.103,5.5,50,0,0.1,0.1,0.1,0.1,0.1,0.1,0.5,0,16554,0.042104627,0.015706174,0,0,0,0,0,0,0,0,0,0,5,1.27067902
68769.39,0.451335873,0.5,6404,37,0.118,32.5,34.75,37.35,0,0,0.25,0,0,20,0.5,0.103,5.5,50,0,0.1,0.1,0.1,0.1,0.1,0.1,0.5,0,16933,0.041811847,0.015768027,0,0,0,0,0,0,0,0,0,0,5,1.223855259
68829.44,0.477377817,0.5,6404,37,0.1305,32.3125,34.75,37.27,0,0,0.07,0,0,20,0.5,0.103,5.5,50,0,0.1,0.1,0.1,0.1,0.1,0.1,0.5,0,16020,0.042821473,0.016354557,0,0,0,0,0,0,0,0,0,0,5,1.330951862
68889.49,0.479437011,0.5,6404,37,0.1318,32.3125,34.6875,37.11,0,0,0.07,0,0,20,0.5,0.103,5.5,50,0,0.1,0.1,0.1,0.1,0.1,0.1,0.5,0,16056,0.043285999,0.016317887,0,0,0,0,0,0,0,0,0,0,5,1.27731709
68949.57,0.488837458,0.5,6404,37,0.1276,32.3125,34.6875,37.33,0,0,0.07,0,0,20,0.5,0.103,5.5,50,0,0.1,0.1,0.1,0.1,0.1,0.1,0.5,0,16118,0.042933366,0.016068991,0,0,0,0,0,0,0,0,0,0,5,1.271703784
69009.63,0.499023491,0.5,6404,37,0.0813,32.3125,34.625,37.21,0,0,0,0,0,20,0.5,0.103,5.5,50,0,0.1,0.1,0.1,0.1,0.1,0.1,0.5,0,17038,0.042082404,0.015729546,0,0,0,0,0,0,0,0,0,0,5,1.269987995
69069.7,0.515162377,0.5,6404,37,0.1318,32.25,34.6875,36.87,0,0,0,0,0,20,0.5,0.103,5.5,50,0,0.1,0.1,0.1,0.1,0.1,0.1,0.5,0,16898,0.042490236,0.015859865,0,0,0,0,0,0,0,0,0,0,5,1.301975519
69129.74,0.507946469,0.5,6404,37,0.1482,32.3125,34.6875,37.09,0,0,0,0,0,20,0.5,0.103,5.5,50,0,0.1,0.1,0.1,0.1,0.1,0.1,0.5,0,15861,0.044007314,0.016581552,0,0,0,0,0,0,0,0,0,0,5,1.194558508
69189.8,0.525618169,0.5,6404,37,0.1673,32.1875,34.75,36.95,0,0,0,0,0,20,0.5,0.103,5.5,50,0,0.1,0.1,0.1,0.1,0.1,0.1,0.5,0,16614,0.043096184,0.015950403,0,0,0,0,0,0,0,0,0,0,5,1.237427487
69249.87,0.526727969,0.5,6404,37,0.124,32.1875,34.8125,37.01,0,0,0,0,0,20,0.5,0.103,5.5,50,0,0.1,0.1,0.1,0.1,0.1,0.1,0.5,0,16392,0.043374817,0.016227428,0,0,0,0,0,0,0,0,0,0,5,1.18188369
69309.93,0.541190391,0.5,6404,37,0.1154,32.25,34.875,37.03,0,0,0,0,0,20,0.5,0.103,5.5,50,0,0.1,0.1,0.1,0.1,0.1,0.1,0.5,0,17081,0.042796089,0.016041215,0,0,0,0,0,0,0,0,0,0,5,1.204050246
69369.98,0.570489021,0.5,6404,37,0.1186,32.3125,34.875,37.05,0,0.02,0.25,0,0,20,0.5,0.103,5.5,50,0,0.1,0.1,0.1,0.1,0.1,0.1,0.5,0,17038,0.042786712,0.015964315,0,0,0,0,0,0,0,0,0,0,0.44,1.204050246
69430.02,0.505672229,0.5,6404,37,0.48985,32.1875,34.875,36.07,0,0.02,0.15,0,0,20,0.5,0.103,5.5,50,0,0.1,0.1,0.1,0.1,0.1,0.1,0.5,0,15530,0.043399871,0.016548616,0,0,0,0,0,0,0,0,0,0,0.44,1.204050246
69490.09,0.450709979,0.5,6404,37,0.49175,32.0625,34.8125,36.07,0,0.015214668,0.130858672,0,0,20,0.5,0.103,5.5,50,0,0.1,0.1,0.1,0.1,0.1,0.1,0.5,0,15433,0.041923152,0.015875073,0,0,0,0,0,0,0,0,0,0,0.44,1.204050246
69550.13,0.40349492,0.5,6404,37,0.490016979,32.125,34.8125,36.23,0,0,0.07,0,0,20,0.5,0.103,5.5,50,0,0.1,0.1,0.1,0.1,0.1,0.1,0.5,0,15683,0.040362176,0.015558248,0,0,0,0,0,0,0,0,0,0,5,1.204050246
69610.17,0.422201717,0.5,6404,37,0.1916,32.3125,34.8125,37.41,0,0,0.07,0,0,20,0.5,0.103,5.5,50,0,0.1,0.1,0.1,0.1,0.1,0.1,0.5,0,14381,0.04220847,0.015993325,0,0,0,0,0,0,0,0,0,0,5,1.204050246
69670.24,0.423639911,0.5,6404,37,0.0943,32.375,34.6875,37.33,0,0,0.25,0,0,20,0.5,0.103,5.5,50,0,0.1,0.1,0.1,0.1,0.1,0.1,0.5,0,14784,0.041599026,0.016030844,0,0,0,0,0,0,0,0,0,0,5,1.204050246
69730.29,0.433430426,0.5,6404,37,0.1034,32.4375,34.75,37.25,0,0,0.07,0,0,20,0.5,0.103,5.5,50,0,0.1,0.1,0.1,0.1,0.1,0.1,0.5,0,15200,0.04125,0.015723684,0,0,0,0,0,0,0,0,0,0,5,1.204050246
69790.36,0.43602099,0.5,6404,37,0.117,32.4375,34.6875,37.37,0,0,0.07,0,0,20,0.5,0.103,5.5,50,0,0.1,0.1,0.1,0.1,0.1,0.1,0.5,0,15149,0.041718925,0.015974652,0,0,0,0,0,0,0,0,0,0,5,1.204050246
69850.41,0.456385665,0.5,6404,37,0.126,32.375,34.625,37.27,0,0,0.07,0,0,20,0.5,0.103,5.5,50,0,0.1,0.1,0.1,0.1,0.1,0.1,0.5,0,15296,0.041383368,0.015690377,0,0,0,0,0,0,0,0,0,0,5,1.204050246
69910.48,0.462374561,0.5,6404,37,0.142,32.375,34.625,37.03,0,0,0.07,0,0,20,0.5,0.103,5.5,50,0,0.1,0.1,0.1,0.1,0.1,0.1,0.5,0,15888,0.040848439,0.015735146,0,0,0,0,0,0,0,0,0,0,5,1.182959017
69970.54,0.475514553,0.5,6404,37,0.1554,32.375,34.625,37.25,0,0,0.25,0,0,20,0.5,0.103,5.5,50,0,0.1,0.1,0.1,0.1,0.1,0.1,0.5,0,14920,0.042292225,0.015884718,0,0,0,0,0,0,0,0,0,0,5,1.207877625
70030.6,0.481434015,0.5,6404,37,0.1497,32.25,34.6875,37.19,0,0,0.07,0,0,20,0.5,0.103,5.5,50,0,0.1,0.1,0.1,0.1,0.1,0.1,0.5,0,16370,0.040562004,0.015760538,0,0,0,0,0,0,0,0,0,0,5,1.184598826
70090.68,0.495256409,0.5,6404,37,0.1761,32.1875,34.6875,36.97,0,0,0.07,0,0,20,0.5,0.103,5.5,50,0,0.1,0.1,0.1,0.1,0.1,0.1,0.5,0,16267,0.040818836,0.015614434,0,0,0,0,0,0,0,0,0,0,5,1.210288215
70150.73,0.507687575,0.5,6404,37,0.144,32.25,34.75,37.09,0,0,0,0,0,20,0.5,0.103,5.5,50,0,0.1,0.1,0.1,0.1,0.1,0.1,0.5,0,16693,0.040496016,0.015635296,0,0,0,0,0,0,0,0,0,0,5,1.224145673
70210.8,0.509089019,0.5,6404,37,0.1177,32.3125,34.75,37.17,0,0,0,0,0,20,0.5,0.103,5.5,50,0,0.1,0.1,0.1,0.1,0.1,0.1,0.5,0,16024,0.041437843,0.015976036,0,0,0,0,0,0,0,0,0,0,5,1.171208316
70270.83,0.524896319,0.5,6404,37,0.1049,32.3125,34.8125,37.19,0,0,0,0,0,20,0.5,0.103,5.5,50,0,0.1,0.1,0.1,0.1,0.1,0.1,0.5,0,15748,0.041592583,0.016065532,0,0,0,0,0,0,0,0,0,0,5,1.204381496
70330.91,0.527929243,0.5,6404,37,0.1472,32.1875,34.875,37.01,0,0,0,0,0,20,0.5,0.103,5.5,50,0,0.1,0.1,0.1,0.1,0.1,0.1,0.5,0,16549,0.04084839,0.015771346,0,0,0,0,0,0,0,0,0,0,5,1.161446947
70390.95,0.54035208,0.5,6404,37,0.1775,32.1875,34.875,36.89,0,0,0,0,0,20,0.5,0.103,5.5,50,0,0.1,0.1,0.1,0.1,0.1,0.1,0.5,0,16960,0.040566038,0.015448113,0,0,0,0,0,0,0,0,0,0,5,1.173150585
70450.99,0.544130935,0.5,6404,37,0.1348,32.1875,34.875,37.05,0,0.02,0.15,0,0,20,0.5,0.103,5.5,50,0,0.1,0.1,0.1,0.1,0.1,0.1,0.5,0,17187,0.040495724,0.015767731,0,0,0,0,0,0,0,0,0,0,0.44,1.173150585
70511.06,0.483348309,0.5,6404,37,0.50395,32.0625,34.875,35.91,0,0.016324088,0.135296354,0,0,20,0.5,0.103,5.5,50,0,0.1,0.1,0.1,0.1,0.1,0.1,0.5,0,17135,0.039042895,0.015407062,0,0,0,0,0,0,0,0,0,0,0.44,1.173150585
70571.13,0.445845689,0.5,6404,37,0.511320879,32,34.75,36.01,0,0,0.25,0,0,20,0.5,0.103,5.5,50,0,0.1,0.1,0.1,0.1,0.1,0.1,0.5,0,15200,0.040328947,0.015460526,0,0,0,0,0,0,0,0,0,0,5,1.173150585
70631.19,0.453790612,0.5,6404,37,0.2512,32.125,34.75,36.87,0,0,0.07,0,0,20,0.5,0.103,5.5,50,0,0.1,0.1,0.1,0.1,0.1,0.1,0.5,0,15475,0.04,0.015379645,0,0,0,0,0,0,0,0,0,0,5,1.173150585
70691.27,0.44591,0.5,6404,37,0.1151,32.25,34.75,37.37,0,0,0.07,0,0,20,0.5,0.103,5.5,50,0,0.1,0.1,0.1,0.1,0.1,0.1,0.5,0,15992,0.03951976,0.015382691,0,0,0,0,0,0,0,0,0,0,5,1.173150585
70751.32,0.481528679,0.5,6404,37,0.1152,32.3125,34.6875,37.33,0,0,0.07,0,0,20,0.5,0.103,5.5,50,0,0.1,0.1,0.1,0.1,0.1,0.1,0.5,0,15713,0.039903265,0.015655826,0,0,0,0,0,0,0,0,0,0,5,1.173150585
70811.37,0.473389368,0.5,6404,37,0.0835,32.3125,34.75,37.41,0,0,0.07,0,0,20,0.5,0.103,5.5,50,0,0.1,0.1,0.1,0.1,0.1,0.1,0.5,0,15868,0.039702546,0.015565919,0,0,0,0,0,0,0,0,0,0,5,1.173150585
70871.44,0.497320851,0.5,6404,37,0.106,32.25,34.6875,37.29,0,0,0.25,0,0,20,0.5,0.103,5.5,50,0,0.1,0.1,0.1,0.1,0.1,0.1,0.5,0,16899,0.03899639,0.015148825,0,0,0,0,0,0,0,0,0,0,5,1.173150585
70931.49,0.504161841,0.5,6404,37,0.1303,32.3125,34.6875,37.17,0,0,0.07,0,0,20,0.5,0.103,5.5,50,0,0.1,0.1,0.1,0.1,0.1,0.1,0.5,0,16666,0.03924157,0.015420617,0,0,0,0,0,0,0,0,0,0,5,1.155478869
70991.53,0.51842305,0.5,6404,37,0.1429,32.25,34.6875,37.11,0,0,0.07,0,0,20,0.5,0.103,5.5,50,0,0.1,0.1,0.1,0.1,0.1,0.1,0.5,0,16241,0.039529586,0.015516286,0,0,0,0,0,0,0,0,0,0,5,1.181387756
71051.58,0.52824953,0.5,6404,37,0.1572,32.1875,34.75,37.03,0,0,0.07,0,0,20,0.5,0.103,5.5,50,0,0.1,0.1,0.1,0.1,0.1,0.1,0.5,0,17371,0.039030568,0.015082609,0,0,0,0,0,0,0,0,0,0,5,1.178649845
71111.62,0.530478362,0.5,6404,37,0.1701,32.1875,34.75,36.97,0,0,0.07,0,0,20,0.5,0.103,5.5,50,0,0.1,0.1,0.1,0.1,0.1,0.1,0.5,0,17277,0.039011402,0.015338311,0,0,0,0,0,0,0,0,0,0,5,1.132348562
71171.67,0.543481865,0.5,6404,37,0.1465,32.125,34.6875,37.05,0,0,0,0,0,20,0.5,0.103,5.5,50,0,0.1,0.1,0.1,0.1,0.1,0.1,0.5,0,17388,0.038589832,0.015125374,0,0,0,0,0,0,0,0,0,0,5,1.14838264
71231.71,0.558735702,0.5,6404,37,0.1925,32.1875,34.75,37.35,0,0.02,0.15,0,0,20,0.5,0.103,5.5,50,0,0.1,0.1,0.1,0.1,0.1,0.1,0.5,0,16511,0.039912785,0.015323118,0,0,0,0,0,0,0,0,0,0,0.44,1.14838264
71291.77,0.47516756,0.5,6404,37,0.445101653,32.0625,34.8125,36.17,0,0.016707669,0.136830677,0,0,20,0.5,0.103,5.5,50,0,0.1,0.1,0.1,0.1,0.1,0.1,0.5,0,15274,0.040199031,0.015647506,0,0,0,0,0,0,0,0,0,0,0.44,1.14838264
71351.88,0.444344998,0.5,6404,37,0.4387,32,34.8125,36.09,0,0,0.07,0,0,20,0.5,0.103,5.5,50,0,0.1,0.1,0.1,0.1,0.1,0.1,0.5,0,15965,0.038396492,0.01534607,0,0,0,0,0,0,0,0,0,0,5,1.14838264
71411.96,0.452157337,0.5,6404,37,0.1876,32.25,34.8125,37.11,0,0,0.07,0,0,20,0.5,0.103,5.5,50,0,0.1,0.1,0.1,0.1,0.1,0.1,0.5,0,16236,0.037940379,0.014843558,0,0,0,0,0,0,0,0,0,0,5,1.14838264
71472,0.470131297,0.5,6404,37,0.1463,32.3125,34.8125,37.25,0,0,0.25,0,0,20,0.5,0.103,5.5,50,0,0.1,0.1,0.1,0.1,0.1,0.1,0.5,0,15992,0.03851926,0.015195098,0,0,0,0,0,0,0,0,0,0,5,1.14838264
71532.05,0.475796763,0.5,6404,37,0.0764,32.375,34.8125,37.49,0,0,0.07,0,0,20,0.5,0.103,5.5,50,0,0.1,0.1,0.1,0.1,0.1,0.1,0.5,0,16207,0.038378478,0.01530203,0,0,0,0,0,0,0,0,0,0,5,1.14838264
71592.12,0.491434774,0.5,6404,37,0.1397,32.4375,34.75,37.19,0,0,0.07,0,0,20,0.5,0.103,5.5,50,0,0.1,0.1,0.1,0.1,0.1,0.1,0.5,0,15870,0.038878387,0.015500945,0,0,0,0,0,0,0,0,0,0,5,1.14838264
71652.2,0.489367711,0.5,6404,37,0.1384,32.375,34.75,37.17,0,0,0.07,0,0,20,0.5,0.103,5.5,50,0,0.1,0.1,0.1,0.1,0.1,0.1,0.5,0,15636,0.039140445,0.015477104,0,0,0,0,0,0,0,0,0,0,5,1.14838264
71712.27,0.496799621,0.5,6404,37,0.1424,32.3125,34.75,37.13,0,0,0.07,0,0,20,0.5,0.103,5.5,50,0,0.1,0.1,0.1,0.1,0.1,0.1,0.5,0,16872,0.038110479,0.015054528,0,0,0,0,0,0,0,0,0,0,5,1.136181292
71772.31,0.518659693,0.5,6404,37,0.1673,32.1875,34.6875,37.01,0,0,0.25,0,0,20,0.5,0.103,5.5,50,0,0.1,0.1,0.1,0.1,0.1,0.1,0.5,0,16562,0.038703055,0.015396691,0,0,0,0,0,0,0,0,0,0,5,1.208555841
71832.35,0.527687343,0.5,6404,37,0.1204,32.25,34.6875,37.17,0,0,0.07,0,0,20,0.5,0.103,5.5,50,0,0.1,0.1,0.1,0.1,0.1,0.1,0.5,0,16756,0.038433994,0.015278109,0,0,0,0,0,0,0,0,0,0,5,1.199896001
71892.4,0.539600711,0.5,6404,37,0.1477,32.1875,34.625,37.05,0,0,0.07,0,0,20,0.5,0.103,5.5,50,0,0.1,0.1,0.1,0.1,0.1,0.1,0.5,0,16760,0.038424821,0.015274463,0,0,0,0,0,0,0,0,0,0,5,1.206877662
71952.44,0.543331854,0.5,6404,37,0.1261,32.1875,34.625,37.11,0,0,0,0,0,20,0.5,0.103,5.5,50,0,0.1,0.1,0.1,0.1,0.1,0.1,0.5,0,16882,0.038561782,0.015282549,0,0,0,0,0,0,0,0,0,0,5,1.167206297
72012.49,0.544033736,0.5,6404,37,0.25905,32.125,34.625,37.05,0,0.02,0.15,0,0,20,0.5,0.103,5.5,50,0,0.1,0.1,0.1,0.1,0.1,0.1,0.5,0,17503,0.038107753,0.014968862,0,0,0,0,0,0,0,0,0,0,0.44,1.167206297
72072.53,0.496350436,0.5,6404,37,0.47485,31.9375,34.625,36.13,0,0.02,0.25,0,0,20,0.5,0.103,5.5,50,0,0.1,0.1,0.1,0.1,0.1,0.1,0.5,0,14807,0.040183697,0.015803336,0,0,0,0,0,0,0,0,0,0,0.44,1.167206297
72132.57,0.432695201,0.5,6404,37,0.4123,31.875,34.5625,36.21,0,0,0.07,0,0,20,0.5,0.103,5.5,50,0,0.1,0.1,0.1,0.1,0.1,0.1,0.5,0,15990,0.037523452,0.014821764,0,0,0,0,0,0,0,0,0,0,5,1.167206297
72192.64,0.436728831,0.5,6404,37,0.2539,32.0625,34.625,36.87,0,0,0.07,0,0,20,0.5,0.103,5.5,50,0,0.1,0.1,0.1,0.1,0.1,0.1,0.5,0,14784,0.038555195,0.015354437,0,0,0,0,0,0,0,0,0,0,5,1.167206297
72252.7,0.457509744,0.5,6404,37,0.205,32.125,34.6875,37.05,0,0,0.07,0,0,20,0.5,0.103,5.5,50,0,0.1,0.1,0.1,0.1,0.1,0.1,0.5,0,15879,0.037848731,0.015177278,0,0,0,0,0,0,0,0,0,0,5,1.167206297
72312.75,0.462407663,0.5,6404,37,0.1392,32.25,34.6875,37.27,0,0,0.07,0,0,20,0.5,0.103,5.5,50,0,0.1,0.1,0.1,0.1,0.1,0.1,0.5,0,16106,0.037563641,0.014963368,0,0,0,0,0,0,0,0,0,0,5,1.167206297
72372.79,0.479305328,0.5,6404,37,0.1573,32.4375,34.75,37.17,0,0,0.25,0,0,20,0.5,0.103,5.5,50,0,0.1,0.1,0.1,0.1,0.1,0.1,0.5,0,15196,0.038694393,0.015398789,0,0,0,0,0,0,0,0,0,0,5,1.167206297
72432.83,0.496501663,0.5,6404,37,0.0662,32.4375,34.8125,37.49,0,0,0.07,0,0,20,0.5,0.103,5.5,50,0,0.1,0.1,0.1,0.1,0.1,0.1,0.5,0,16404,0.037368934,0.014752499,0,0,0,0,0,0,0,0,0,0,5,1.167206297
72492.91,0.496870687,0.5,6404,37,0.1145,32.375,34.75,37.25,0,0,0.07,0,0,20,0.5,0.103,5.5,50,0,0.1,0.1,0.1,0.1,0.1,0.1,0.5,0,16592,0.037608486,0.014946962,0,0,0,0,0,0,0,0,0,0,5,1.111074902
72552.94,0.516541389,0.5,6404,37,0.1506,32.375,34.6875,37.09,0,0,0.07,0,0,20,0.5,0.103,5.5,50,0,0.1,0.1,0.1,0.1,0.1,0.1,0.5,0,16936,0.03743505,0.014761455,0,0,0,0,0,0,0,0,0,0,5,1.171997998
72613.02,0.514973834,0.5,6404,37,0.1228,32.3125,34.6875,37.17,0,0,0.07,0,0,20,0.5,0.103,5.5,50,0,0.1,0.1,0.1,0.1,0.1,0.1,0.5,0,16687,0.037933721,0.015101576,0,0,0,0,0,0,0,0,0,0,5,1.104280113
72673.09,0.517780089,0.5,6404,37,0.1772,32.25,34.6875,36.95,0,0,0.25,0,0,20,0.5,0.103,5.5,50,0,0.1,0.1,0.1,0.1,0.1,0.1,0.5,0,15800,0.038291139,0.015316456,0,0,0,0,0,0,0,0,0,0,5,1.065369675
72733.14,0.522789797,0.5,6404,37,0.1262,32.1875,34.6875,37.13,0,0,0,0,0,20,0.5,0.103,5.5,50,0,0.1,0.1,0.1,0.1,0.1,0.1,0.5,0,17654,0.036592274,0.014670896,0,0,0,0,0,0,0,0,0,0,5,1.040987748
72793.18,0.538825844,0.5,6404,37,0.1029,32.1875,34.625,37.21,0,0,0,0,0,20,0.5,0.103,5.5,50,0,0.1,0.1,0.1,0.1,0.1,0.1,0.5,0,16152,0.038447251,0.015230312,0,0,0,0,0,0,0,0,0,0,5,1.079577193
72853.27,0.55355567,0.5,6404,37,0.0866,32.0625,34.5625,37.25,0,0,0,0,0,20,0.5,0.103,5.5,50,0,0.1,0.1,0.1,0.1,0.1,0.1,0.5,0,16669,0.03821465,0.015057892,0,0,0,0,0,0,0,0,0,0,5,1.106508083
72913.33,0.56424446,0.5,6404,37,0.30705,32.125,34.625,36.81,0,0.02,0.15,0,0,20,0.5,0.103,5.5,50,0,0.1,0.1,0.1,0.1,0.1,0.1,0.5,0,19147,0.036245887,0.014675928,0,0,0,0,0,0,0,0,0,0,0.44,1.106508083
72973.4,0.496754886,0.5,6404,37,0.45375,32,34.625,36.21,0,0.02,0.25,0,0,20,0.5,0.103,5.5,50,0,0.1,0.1,0.1,0.1,0.1,0.1,0.5,0,15760,0.038324873,0.015101523,0,0,0,0,0,0,0,0,0,0,0.44,1.106508083
73033.48,0.442012447,0.5,6404,37,0.4879,31.875,34.625,35.91,0,0,0.07,0,0,20,0.5,0.103,5.5,50,0,0.1,0.1,0.1,0.1,0.1,0.1,0.5,0,15004,0.038189816,0.01506265,0,0,0,0,0,0,0,0,0,0,5,1.106508083
73093.54,0.446176248,0.5,6404,37,0.2604,32.0625,34.6875,36.85,0,0,0.07,0,0,20,0.5,0.103,5.5,50,0,0.1,0.1,0.1,0.1,0.1,0.1,0.5,0,16764,0.036327845,0.014554999,0,0,0,0,0,0,0,0,0,0,5,1.106508083
73153.61,0.475178931,0.5,6404,37,0.1323,32.25,34.625,37.33,0,0,0.07,0,0,20,0.5,0.103,5.5,50,0,0.1,0.1,0.1,0.1,0.1,0.1,0.5,0,16519,0.036563957,0.01477087,0,0,0,0,0,0,0,0,0,0,5,1.106508083
73213.68,0.472141499,0.5,6404,37,0.0776,32.375,34.6875,37.49,0,0,0.07,0,0,20,0.5,0.103,5.5,50,0,0.1,0.1,0.1,0.1,0.1,0.1,0.5,0,15877,0.037286641,0.014864269,0,0,0,0,0,0,0,0,0,0,5,1.106508083
73273.73,0.472549757,0.5,6404,37,0.1501,32.375,34.75,37.17,0,0,0.25,0,0,20,0.5,0.103,5.5,50,0,0.1,0.1,0.1,0.1,0.1,0.1,0.5,0,15814,0.037498419,0.015113191,0,0,0,0,0,0,0,0,0,0,5,1.106508083
73333.79,0.504022077,0.5,6404,37,0.1432,32.375,34.75,37.17,0,0,0.07,0,0,20,0.5,0.103,5.5,50,0,0.1,0.1,0.1,0.1,0.1,0.1,0.5,0,14952,0.038456394,0.0155832,0,0,0,0,0,0,0,0,0,0,5,1.106508083
73393.86,0.518008722,0.5,6404,37,0.131,32.375,34.75,37.19,0,0,0.07,0,0,20,0.5,0.103,5.5,50,0,0.1,0.1,0.1,0.1,0.1,0.1,0.5,0,16445,0.037093341,0.014776528,0,0,0,0,0,0,0,0,0,0,5,1.133298706
73453.93,0.508664368,0.5,6404,37,0.1403,32.3125,34.8125,37.13,0,0,0.07,0,0,20,0.5,0.103,5.5,50,0,0.1,0.1,0.1,0.1,0.1,0.1,0.5,0,16001,0.037685145,0.014999063,0,0,0,0,0,0,0,0,0,0,5,1.022022742
73514,0.512269422,0.5,6404,37,0.1458,32.3125,34.75,37.09,0,0,0.07,0,0,20,0.5,0.103,5.5,50,0,0.1,0.1,0.1,0.1,0.1,0.1,0.5,0,17977,0.036101685,0.014518551,0,0,0,0,0,0,0,0,0,0,5,0.992108499
73574.04,0.531911776,0.5,6404,37,0.1207,32.1875,34.6875,37.17,0,0,0.25,0,0,20,0.5,0.103,5.5,50,0,0.1,0.1,0.1,0.1,0.1,0.1,0.5,0,18651,0.035601308,0.014315586,0,0,0,0,0,0,0,0,0,0,5,1.055383893
73634.08,0.543283287,0.5,6404,37,0.0929,32.1875,34.6875,37.25,0,0,0,0,0,20,0.5,0.103,5.5,50,0,0.1,0.1,0.1,0.1,0.1,0.1,0.5,0,17033,0.036752187,0.014736101,0,0,0,0,0,0,0,0,0,0,5,1.066074445
73694.17,0.571168225,0.5,6404,37,0.26915,32.0625,34.625,37.01,0,0.02,0.15,0,0,20,0.5,0.103,5.5,50,0,0.1,0.1,0.1,0.1,0.1,0.1,0.5,0,16942,0.037303742,0.015110377,0,0,0,0,0,0,0,0,0,0,0.44,1.066074445
73754.21,0.490560362,0.5,6404,37,0.436556937,32,34.6875,36.29,0,0.01995805,0.149832199,0,0,20,0.5,0.103,5.5,50,0,0.1,0.1,0.1,0.1,0.1,0.1,0.5,0,16842,0.036872105,0.014903218,0,0,0,0,0,0,0,0,0,0,0.44,1.066074445
73814.28,0.433648635,0.5,6404,37,0.4461,31.875,34.625,36.07,0,0,0.07,0,0,20,0.5,0.103,5.5,50,0,0.1,0.1,0.1,0.1,0.1,0.1,0.5,0,15736,0.036794611,0.014679715,0,0,0,0,0,0,0,0,0,0,5,1.066074445
73874.34,0.458666657,0.5,6404,37,0.2232,32.0625,34.625,36.97,0,0,0.25,0,0,20,0.5,0.103,5.5,50,0,0.1,0.1,0.1,0.1,0.1,0.1,0.5,0,15508,0.036819706,0.014831055,0,0,0,0,0,0,0,0,0,0,5,1.066074445
73934.39,0.463690936,0.5,6404,37,0.2011,32.25,34.625,37.05,0,0,0.07,0,0,20,0.5,0.103,5.5,50,0,0.1,0.1,0.1,0.1,0.1,0.1,0.5,0,15688,0.036970933,0.01472463,0,0,0,0,0,0,0,0,0,0,5,1.066074445
73994.45,0.471943203,0.5,6404,37,0.1527,32.3125,34.625,37.21,0,0,0.07,0,0,20,0.5,0.103,5.5,50,0,0.1,0.1,0.1,0.1,0.1,0.1,0.5,0,16218,0.036502651,0.014613393,0,0,0,0,0,0,0,0,0,0,5,1.066074445
74054.52,0.478205956,0.5,6404,37,0.1305,32.3125,34.625,37.27,0,0,0.07,0,0,20,0.5,0.103,5.5,50,0,0.1,0.1,0.1,0.1,0.1,0.1,0.5,0,17671,0.035368683,0.014373833,0,0,0,0,0,0,0,0,0,0,5,1.066074445
74114.59,0.494236253,0.5,6404,37,0.0935,32.3125,34.625,37.37,0,0,0.07,0,0,20,0.5,0.103,5.5,50,0,0.1,0.1,0.1,0.1,0.1,0.1,0.5,0,15946,0.03718801,0.014925373,0,0,0,0,0,0,0,0,0,0,5,1.066074445
74174.66,0.497361583,0.5,6404,37,0.1902,32.25,34.6875,36.97,0,0,0.25,0,0,20,0.5,0.103,5.5,50,0,0.1,0.1,0.1,0.1,0.1,0.1,0.5,0,16910,0.036546422,0.014902425,0,0,0,0,0,0,0,0,0,0,5,1.031681656
74234.72,0.509204081,0.5,6404,37,0.128,32.25,34.75,37.19,0,0,0.07,0,0,20,0.5,0.103,5.5,50,0,0.1,0.1,0.1,0.1,0.1,0.1,0.5,0,16711,0.036622584,0.014780683,0,0,0,0,0,0,0,0,0,0,5,1.050692343
74294.78,0.527095809,0.5,6404,37,0.1273,32.1875,34.6875,37.17,0,0,0.07,0,0,20,0.5,0.103,5.5,50,0,0.1,0.1,0.1,0.1,0.1,0.1,0.5,0,16614,0.036595642,0.01492717,0,0,0,0,0,0,0,0,0,0,5,1.101758077
74354.86,0.531787696,0.5,6404,37,0.0966,32.25,34.75,37.27,0,0,0.07,0,0,20,0.5,0.103,5.5,50,0,0.1,0.1,0.1,0.1,0.1,0.1,0.5,0,17454,0.036094878,0.014437951,0,0,0,0,0,0,0,0,0,0,5,1.073256204
74414.93,0.549272582,0.5,6404,37,0.10845,32.1875,34.6875,37.03,0,0,0,0,0,20,0.5,0.103,5.5,50,0,0.1,0.1,0.1,0.1,0.1,0.1,0.5,0,17332,0.03634895,0.01453958,0,0,0,0,0,0,0,0,0,0,5,1.116644842
74474.96,0.544108595,0.5,6404,37,0.302425,32.1875,34.6875,36.87,0,0.02,0.25,0,0,20,0.5,0.103,5.5,50,0,0.1,0.1,0.1,0.1,0.1,0.1,0.5,0,17841,0.03598453,0.014517123,0,0,0,0,0,0,0,0,0,0,0.44,1.116644842
74535.05,0.511814527,0.5,6404,37,0.43755,32.0625,34.625,36.33,0,0.02,0.15,0,0,20,0.5,0.103,5.5,50,0,0.1,0.1,0.1,0.1,0.1,0.1,0.5,0,16513,0.036577242,0.014897354,0,0,0,0,0,0,0,0,0,0,0.44,1.116644842
74595.09,0.428658595,0.5,6404,37,0.4468,31.875,34.625,36.09,0,0,0.07,0,0,20,0.5,0.103,5.5,50,0,0.1,0.1,0.1,0.1,0.1,0.1,0.5,0,15268,0.036612523,0.014867697,0,0,0,0,0,0,0,0,0,0,0.44,1.116644842
74655.15,0.42605531,0.5,6404,37,0.2525,32.0625,34.625,36.89,0,0,0.07,0,0,20,0.5,0.103,5.5,50,0,0.1,0.1,0.1,0.1,0.1,0.1,0.5,0,14840,0.037264151,0.01509434,0,0,0,0,0,0,0,0,0,0,5,1.116644842
74715.2,0.456902191,0.5,6404,37,0.1535,32.125,34.625,37.25,0,0,0.07,0,0,20,0.5,0.103,5.5,50,0,0.1,0.1,0.1,0.1,0.1,0.1,0.5,0,16267,0.035593533,0.01481527,0,0,0,0,0,0,0,0,0,0,5,1.116644842
74775.24,0.473630252,0.5,6404,37,0.1368,32.25,34.625,37.27,0,0,0.25,0,0,20,0.5,0.103,5.5,50,0,0.1,0.1,0.1,0.1,0.1,0.1,0.5,0,14640,0.037431694,0.01489071,0,0,0,0,0,0,0,0,0,0,5,1.116644842
74835.29,0.467660262,0.5,6404,37,0.1422,32.25,34.5625,37.21,0,0,0.07,0,0,20,0.5,0.103,5.5,50,0,0.1,0.1,0.1,0.1,0.1,0.1,0.5,0,16108,0.036131115,0.014589024,0,0,0,0,0,0,0,0,0,0,5,1.116644842
74895.33,0.496512193,0.5,6404,37,0.1029,32.1875,34.5,37.33,0,0,0.07,0,0,20,0.5,0.103,5.5,50,0,0.1,0.1,0.1,0.1,0.1,0.1,0.5,0,16449,0.036050824,0.014833728,0,0,0,0,0,0,0,0,0,0,5,1.116644842
74955.37,0.492204892,0.5,6404,37,0.0833,32.1875,34.5625,37.37,0,0,0.07,0,0,20,0.5,0.103,5.5,50,0,0.1,0.1,0.1,0.1,0.1,0.1,0.5,0,16596,0.036032779,0.014822849,0,0,0,0,0,0,0,0,0,0,5,1.116644842
75015.45,0.500042288,0.5,6404,37,0.1588,32.125,34.5625,37.05,0,0,0.07,0,0,20,0.5,0.103,5.5,50,0,0.1,0.1,0.1,0.1,0.1,0.1,0.5,0,17605,0.035330872,0.014427719,0,0,0,0,0,0,0,0,0,0,5,1.108205384
75075.5,0.512567798,0.5,6404,37,0.1446,32.0625,34.5625,37.09,0,0,0.25,0,0,20,0.5,0.103,5.5,50,0,0.1,0.1,0.1,0.1,0.1,0.1,0.5,0,16630,0.036019242,0.014852676,0,0,0,0,0,0,0,0,0,0,5,1.127016074
75135.56,0.519513417,0.5,6404,37,0.1837,32.125,34.625,36.93,0,0,0.07,0,0,20,0.5,0.103,5.5,50,0,0.1,0.1,0.1,0.1,0.1,0.1,0.5,0,15791,0.037299728,0.015135204,0,0,0,0,0,0,0,0,0,0,5,1.111044211
75195.59,0.54974104,0.5,6404,37,0.13705,32.125,34.625,37.25,0,0,0,0,0,20,0.5,0.103,5.5,50,0,0.1,0.1,0.1,0.1,0.1,0.1,0.5,0,17060,0.035990621,0.014712778,0,0,0,0,0,0,0,0,0,0,5,1.225156078
75255.69,0.535325442,0.5,6404,37,0.11635,32.1875,34.6875,37.11,0,0,0,0,0,20,0.5,0.103,5.5,50,0,0.1,0.1,0.1,0.1,0.1,0.1,0.5,0,16753,0.036411389,0.0149227,0,0,0,0,0,0,0,0,0,0,5,1.08418088
75315.74,0.55585704,0.5,6404,37,0.12005,32.125,34.6875,37.01,0,0,0,0,0,20,0.5,0.103,5.5,50,0,0.1,0.1,0.1,0.1,0.1,0.1,0.5,0,17444,0.036172896,0.014732859,0,0,0,0,0,0,0,0,0,0,5,1.142880656
75375.81,0.565310141,0.5,6404,37,0.3367,32.0625,34.75,36.65,0,0.02,0.25,0,0,20,0.5,0.103,5.5,50,0,0.1,0.1,0.1,0.1,0.1,0.1,0.5,0,17570,0.036084234,0.014797951,0,0,0,0,0,0,0,0,0,0,0.44,1.142880656
75435.85,0.507724302,0.5,6404,37,0.4849,32,34.75,36.05,0,0.02,0.15,0,0,20,0.5,0.103,5.5,50,0,0.1,0.1,0.1,0.1,0.1,0.1,0.5,0,16726,0.036111443,0.014707641,0,0,0,0,0,0,0,0,0,0,0.44,1.142880656
75495.89,0.441341066,0.5,6404,37,0.466698748,31.875,34.8125,36.01,0,0.000868058,0.073472231,0,0,20,0.5,0.103,5.5,50,0,0.1,0.1,0.1,0.1,0.1,0.1,0.5,0,15503,0.036122041,0.014642327,0,0,0,0,0,0,0,0,0,0,0.44,1.142880656
75555.97,0.45306672,0.5,6404,37,0.2545,31.9375,34.6875,36.87,0,0,0.07,0,0,20,0.5,0.103,5.5,50,0,0.1,0.1,0.1,0.1,0.1,0.1,0.5,0,15438,0.036338904,0.014574427,0,0,0,0,0,0,0,0,0,0,5,1.142880656
75616.03,0.463464705,0.5,6404,37,0.1932,32.25,34.625,37.09,0,0,0.07,0,0,20,0.5,0.103,5.5,50,0,0.1,0.1,0.1,0.1,0.1,0.1,0.5,0,15964,0.036018542,0.01459534,0,0,0,0,0,0,0,0,0,0,5,1.142880656
75676.07,0.45905772,0.5,6404,37,0.1321,32.3125,34.5625,37.29,0,0,0.25,0,0,20,0.5,0.103,5.5,50,0,0.1,0.1,0.1,0.1,0.1,0.1,0.5,0,16285,0.035677003,0.014614676,0,0,0,0,0,0,0,0,0,0,5,1.142880656
75736.11,0.468537973,0.5,6404,37,0.0842,32.25,34.625,37.43,0,0,0.07,0,0,20,0.5,0.103,5.5,50,0,0.1,0.1,0.1,0.1,0.1,0.1,0.5,0,16357,0.036070184,0.014917161,0,0,0,0,0,0,0,0,0,0,5,1.142880656
75796.15,0.481880093,0.5,6404,37,0.1087,32.25,34.625,37.29,0,0,0.07,0,0,20,0.5,0.103,5.5,50,0,0.1,0.1,0.1,0.1,0.1,0.1,0.5,0,15651,0.036547185,0.015015015,0,0,0,0,0,0,0,0,0,0,5,1.142880656
75856.2,0.505450021,0.5,6404,37,0.186,32.25,34.625,36.97,0,0,0.07,0,0,20,0.5,0.103,5.5,50,0,0.1,0.1,0.1,0.1,0.1,0.1,0.5,0,16212,0.035961017,0.014803849,0,0,0,0,0,0,0,0,0,0,5,1.142880656
75916.27,0.511942806,0.5,6404,37,0.1014,32.1875,34.5625,37.27,0,0,0.07,0,0,20,0.5,0.103,5.5,50,0,0.1,0.1,0.1,0.1,0.1,0.1,0.5,0,16148,0.036289324,0.014800595,0,0,0,0,0,0,0,0,0,0,5,1.12402787
75976.31,0.53510249,0.5,6404,37,0.1422,32.125,34.6875,37.09,0,0,0.25,0,0,20,0.5,0.103,5.5,50,0,0.1,0.1,0.1,0.1,0.1,0.1,0.5,0,16515,0.035785649,0.014532243,0,0,0,0,0,0,0,0,0,0,5,1.200562633
76036.38,0.538362348,0.5,6404,37,0.0953,32.125,34.6875,37.25,0,0,0.07,0,0,20,0.5,0.103,5.5,50,0,0.1,0.1,0.1,0.1,0.1,0.1,0.5,0,16163,0.036564994,0.01460125,0,0,0,0,0,0,0,0,0,0,5,1.158755135
76096.44,0.553579455,0.5,6404,37,0.1744,32.1875,34.5625,36.93,0,0,0.07,0,0,20,0.5,0.103,5.5,50,0,0.1,0.1,0.1,0.1,0.1,0.1,0.5,0,17323,0.035675114,0.014720314,0,0,0,0,0,0,0,0,0,0,5,1.184437725
76156.49,0.543279693,0.5,6404,37,0.281475,32.0625,34.5625,36.97,0,0.02,0.15,0,0,20,0.5,0.103,5.5,50,0,0.1,0.1,0.1,0.1,0.1,0.1,0.5,0,17148,0.036039188,0.01457896,0,0,0,0,0,0,0,0,0,0,0.44,1.184437725
76216.54,0.520368258,0.5,6404,37,0.414875,31.875,34.5625,36.39,0,0.02,0.15,0,0,20,0.5,0.103,5.5,50,0,0.1,0.1,0.1,0.1,0.1,0.1,0.5,0,17267,0.035443331,0.014652227,0,0,0,0,0,0,0,0,0,0,0.44,1.184437725
76276.6,0.458372176,0.5,6404,37,0.5998,31.875,34.5,35.67,0,0.02,0.25,0,0,20,0.5,0.103,5.5,50,0,0.1,0.1,0.1,0.1,0.1,0.1,0.5,0,15788,0.035533316,0.014821383,0,0,0,0,0,0,0,0,0,0,0.44,1.184437725
76336.66,0.396056338,0.5,6404,37,0.4537,31.875,34.5625,36.15,0,0,0.07,0,0,20,0.5,0.103,5.5,50,0,0.1,0.1,0.1,0.1,0.1,0.1,0.5,0,15286,0.035457281,0.014719351,0,0,0,0,0,0,0,0,0,0,5,1.184437725
76396.72,0.413542932,0.5,6404,37,0.2331,32.0625,34.625,37.03,0,0,0.07,0,0,20,0.5,0.103,5.5,50,0,0.1,0.1,0.1,0.1,0.1,0.1,0.5,0,14836,0.035858722,0.014828795,0,0,0,0,0,0,0,0,0,0,5,1.184437725
76456.82,0.424240097,0.5,6404,37,0.1031,32.25,34.5625,37.49,0,0,0.07,0,0,20,0.5,0.103,5.5,50,0,0.1,0.1,0.1,0.1,0.1,0.1,0.5,0,14926,0.035843495,0.014739381,0,0,0,0,0,0,0,0,0,0,5,1.184437725
76516.87,0.422587054,0.5,6404,37,0.122,32.25,34.625,37.37,0,0,0.07,0,0,20,0.5,0.103,5.5,50,0,0.1,0.1,0.1,0.1,0.1,0.1,0.5,0,15624,0.035586278,0.014720942,0,0,0,0,0,0,0,0,0,0,5,1.184437725
76576.91,0.437082771,0.5,6404,37,0.1736,32.25,34.625,37.13,0,0,0.25,0,0,20,0.5,0.103,5.5,50,0,0.1,0.1,0.1,0.1,0.1,0.1,0.5,0,16020,0.035018727,0.01423221,0,0,0,0,0,0,0,0,0,0,5,1.184437725
76636.96,0.452790642,0.5,6404,37,0.144,32.3125,34.6875,37.21,0,0,0.07,0,0,20,0.5,0.103,5.5,50,0,0.1,0.1,0.1,0.1,0.1,0.1,0.5,0,15319,0.035837848,0.014426529,0,0,0,0,0,0,0,0,0,0,5,1.184437725
76697,0.452195562,0.5,6404,37,0.0973,32.3125,34.6875,37.35,0,0,0.07,0,0,20,0.5,0.103,5.5,50,0,0.1,0.1,0.1,0.1,0.1,0.1,0.5,0,15836,0.035741349,0.014397575,0,0,0,0,0,0,0,0,0,0,5,1.121270499
76757.04,0.45985768,0.5,6404,37,0.1678,32.25,34.75,37.05,0,0,0.07,0,0,20,0.5,0.103,5.5,50,0,0.1,0.1,0.1,0.1,0.1,0.1,0.5,0,16075,0.035520995,0.014494557,0,0,0,0,0,0,0,0,0,0,5,1.115613889
76817.11,0.480909902,0.5,6404,37,0.1247,32.25,34.75,37.19,0,0,0.07,0,0,20,0.5,0.103,5.5,50,0,0.1,0.1,0.1,0.1,0.1,0.1,0.5,0,16300,0.035460123,0.014355828,0,0,0,0,0,0,0,0,0,0,5,1.194121856
76877.19,0.481530331,0.5,6404,37,0.1676,32.25,34.75,37.01,0,0,0.25,0,0,20,0.5,0.103,5.5,50,0,0.1,0.1,0.1,0.1,0.1,0.1,0.5,0,16138,0.035692155,0.014561904,0,0,0,0,0,0,0,0,0,0,5,1.138283613
76937.26,0.496007788,0.5,6404,37,0.09855,32.25,34.75,37.21,0,0,0,0,0,20,0.5,0.103,5.5,50,0,0.1,0.1,0.1,0.1,0.1,0.1,0.5,0,17233,0.034932977,0.014449022,0,0,0,0,0,0,0,0,0,0,5,1.170236652
76997.29,0.497022032,0.5,6404,37,0.09045,32.125,34.6875,37.01,0,0,0,0,0,20,0.5,0.103,5.5,50,0,0.1,0.1,0.1,0.1,0.1,0.1,0.5,0,16373,0.035668479,0.014719355,0,0,0,0,0,0,0,0,0,0,5,1.117853001
77057.34,0.51744824,0.5,6404,37,0.10915,32.125,34.6875,36.93,0,0,0,0,0,20,0.5,0.103,5.5,50,0,0.1,0.1,0.1,0.1,0.1,0.1,0.5,0,16439,0.035464444,0.014538597,0,0,0,0,0,0,0,0,0,0,5,1.182785789
77117.43,0.523321347,0.5,6404,37,0.09405,32.0625,34.625,36.95,0,0,0,0,0,20,0.5,0.103,5.5,50,0,0.1,0.1,0.1,0.1,0.1,0.1,0.5,0,16430,0.035666464,0.014546561,0,0,0,0,0,0,0,0,0,0,5,1.157505112
77177.49,0.536155352,0.5,6404,37,0.14225,32,34.6875,36.87,0,0,0,0,0,20,0.5,0.103,5.5,50,0,0.1,0.1,0.1,0.1,0.1,0.1,0.5,0,16392,0.036115178,0.014824305,0,0,0,0,0,0,0,0,0,0,5,1.172314605
77237.59,0.535777214,0.5,6404,37,0.13345,32.0625,34.625,36.89,0,0,0,0,0,20,0.5,0.103,5.5,50,0,0.1,0.1,0.1,0.1,0.1,0.1,0.5,0,16530,0.035934664,0.014519056,0,0,0,0,0,0,0,0,0,0,5,1.111582298
77297.66,0.535099519,0.5,6404,37,0.07015,32.0625,34.625,36.95,0,0,0,0,0,20,0.5,0.103,5.5,50,0,0.1,0.1,0.1,0.1,0.1,0.1,0.5,0,18189,0.034856232,0.014514267,0,0,0,0,0,0,0,0,0,0,5,1.052206136
77357.69,0.561454833,0.5,6404,37,0.13925,31.9375,34.5,36.97,0,0,0,0,0,20,0.5,0.103,5.5,50,0,0.1,0.1,0.1,0.1,0.1,0.1,0.5,0,17212,0.035905182,0.014699047,0,0,0,0,0,0,0,0,0,0,5,1.143831584
77417.73,0.558794322,0.5,6404,37,0.473225,32,34.4375,36.05,0,0.02,0.15,0,0,20,0.5,0.103,5.5,50,0,0.1,0.1,0.1,0.1,0.1,0.1,0.5,0,18458,0.034781666,0.01451945,0,0,0,0,0,0,0,0,0,0,0.44,1.143831584
77477.79,0.503286292,0.5,6404,37,0.6245,31.875,34.5,35.47,0,0.02,0.25,0,0,20,0.5,0.103,5.5,50,0,0.1,0.1,0.1,0.1,0.1,0.1,0.5,0,17044,0.035085661,0.014550575,0,0,0,0,0,0,0,0,0,0,0.44,1.143831584
77537.84,0.442666739,0.5,6404,37,0.401627161,31.875,34.5,36.29,0,0.001011656,0.074046624,0,0,20,0.5,0.103,5.5,50,0,0.1,0.1,0.1,0.1,0.1,0.1,0.5,0,15613,0.035483251,0.014603215,0,0,0,0,0,0,0,0,0,0,0.44,1.143831584
77597.91,0.455380194,0.5,6404,37,0.1753,32,34.5,37.17,0,0,0.07,0,0,20,0.5,0.103,5.5,50,0,0.1,0.1,0.1,0.1,0.1,0.1,0.5,0,14972,0.036200908,0.014961261,0,0,0,0,0,0,0,0,0,0,5,1.143831584
77657.95,0.461370214,0.5,6404,37,0.0989,32.125,34.5625,37.43,0,0,0.07,0,0,20,0.5,0.103,5.5,50,0,0.1,0.1,0.1,0.1,0.1,0.1,0.5,0,15643,0.035415202,0.01438343,0,0,0,0,0,0,0,0,0,0,5,1.143831584
77717.99,0.47178579,0.5,6404,37,0.0881,32.1875,34.625,37.43,0,0,0.07,0,0,20,0.5,0.103,5.5,50,0,0.1,0.1,0.1,0.1,0.1,0.1,0.5,0,16375,0.035236641,0.014656489,0,0,0,0,0,0,0,0,0,0,5,1.143831584
77778.04,0.475406775,0.5,6404,37,0.1374,32.25,34.625,37.21,0,0,0.25,0,0,20,0.5,0.103,5.5,50,0,0.1,0.1,0.1,0.1,0.1,0.1,0.5,0,15964,0.035329491,0.014344776,0,0,0,0,0,0,0,0,0,0,5,1.143831584
77838.12,0.484316139,0.5,6404,37,0.1376,32.25,34.6875,37.19,0,0,0.07,0,0,20,0.5,0.103,5.5,50,0,0.1,0.1,0.1,0.1,0.1,0.1,0.5,0,15067,0.036437247,0.014866928,0,0,0,0,0,0,0,0,0,0,5,1.143831584
77898.2,0.492712639,0.5,6404,37,0.1475,32.3125,34.6875,37.13,0,0,0.07,0,0,20,0.5,0.103,5.5,50,0,0.1,0.1,0.1,0.1,0.1,0.1,0.5,0,15733,0.03610246,0.014746075,0,0,0,0,0,0,0,0,0,0,5,1.143831584
77958.27,0.512593357,0.5,6404,37,0.0829,32.25,34.625,37.35,0,0,0.07,0,0,20,0.5,0.103,5.5,50,0,0.1,0.1,0.1,0.1,0.1,0.1,0.5,0,16668,0.035337173,0.014338853,0,0,0,0,0,0,0,0,0,0,5,1.205310205
78018.34,0.527002113,0.5,6404,37,0.1425,32.1875,34.625,37.09,0,0,0.07,0,0,20,0.5,0.103,5.5,50,0,0.1,0.1,0.1,0.1,0.1,0.1,0.5,0,15933,0.036088621,0.014937551,0,0,0,0,0,0,0,0,0,0,5,1.228209804
78078.38,0.51996842,0.5,6404,37,0.1327,32.1875,34.625,37.11,0,0,0.25,0,0,20,0.5,0.103,5.5,50,0,0.1,0.1,0.1,0.1,0.1,0.1,0.5,0,15571,0.036734956,0.014771049,0,0,0,0,0,0,0,0,0,0,5,1.126489875
78138.44,0.539255844,0.5,6404,37,0.12575,32.0625,34.5625,37.19,0,0,0.07,0,0,20,0.5,0.103,5.5,50,0,0.1,0.1,0.1,0.1,0.1,0.1,0.5,0,16303,0.03612832,0.014905232,0,0,0,0,0,0,0,0,0,0,5,1.179431516
78198.49,0.535838108,0.5,6404,37,0.14215,32.125,34.5,37.17,0,0,0,0,0,20,0.5,0.103,5.5,50,0,0.1,0.1,0.1,0.1,0.1,0.1,0.5,0,16873,0.03555977,0.014698038,0,0,0,0,0,0,0,0,0,0,5,1.101385805
78258.55,0.561322176,0.5,6404,37,0.08645,32.0625,34.5,37.13,0,0,0,0,0,20,0.5,0.103,5.5,50,0,0.1,0.1,0.1,0.1,0.1,0.1,0.5,0,16556,0.035878231,0.014677458,0,0,0,0,0,0,0,0,0,0,5,1.185705369
78318.61,0.540622389,0.5,6404,37,0.3222,32,34.5,36.77,0,0.02,0.15,0,0,20,0.5,0.103,5.5,50,0,0.1,0.1,0.1,0.1,0.1,0.1,0.5,0,17194,0.035710131,0.014772595,0,0,0,0,0,0,0,0,0,0,0.44,1.185705369
78378.66,0.50668624,0.5,6404,37,0.471675,31.875,34.5625,36.13,0,0.02,0.25,0,0,20,0.5,0.103,5.5,50,0,0.1,0.1,0.1,0.1,0.1,0.1,0.5,0,16612,0.035576692,0.01486877,0,0,0,0,0,0,0,0,0,0,0.44,1.185705369
78438.72,0.448416075,0.5,6404,37,0.429670589,31.875,34.5625,36.13,0,0.001855334,0.077421334,0,0,20,0.5,0.103,5.5,50,0,0.1,0.1,0.1,0.1,0.1,0.1,0.5,0,15577,0.036014637,0.014636965,0,0,0,0,0,0,0,0,0,0,0.44,1.185705369
78498.75,0.447262776,0.5,6404,37,0.296918056,31.9375,34.5625,36.71,0,0,0.07,0,0,20,0.5,0.103,5.5,50,0,0.1,0.1,0.1,0.1,0.1,0.1,0.5,0,15907,0.035141761,0.014396178,0,0,0,0,0,0,0,0,0,0,5,1.185705369
78558.79,0.462358667,0.5,6404,37,0.18205,32.0625,34.625,36.97,0,0,0.07,0,0,20,0.5,0.103,5.5,50,0,0.1,0.1,0.1,0.1,0.1,0.1,0.5,0,16044,0.034966343,0.014584892,0,0,0,0,0,0,0,0,0,0,5,1.185705369
78618.84,0.466962527,0.5,6404,37,0.13895,32.1875,34.625,37.29,0,0,0.07,0,0,20,0.5,0.103,5.5,50,0,0.1,0.1,0.1,0.1,0.1,0.1,0.5,0,15630,0.035956494,0.014523353,0,0,0,0,0,0,0,0,0,0,5,1.185705369
78678.87,0.484290127,0.5,6404,37,0.1153,32.1875,34.625,37.29,0,0,0.25,0,0,20,0.5,0.103,5.5,50,0,0.1,0.1,0.1,0.1,0.1,0.1,0.5,0,16203,0.035425538,0.014688638,0,0,0,0,0,0,0,0,0,0,5,1.185705369
78738.93,0.484408985,0.5,6404,37,0.11625,32.1875,34.6875,37.11,0,0,0.07,0,0,20,0.5,0.103,5.5,50,0,0.1,0.1,0.1,0.1,0.1,0.1,0.5,0,16026,0.035567203,0.014476476,0,0,0,0,0,0,0,0,0,0,5,1.185705369
78798.99,0.502636717,0.5,6404,37,0.12965,32.1875,34.75,37.05,0,0,0.07,0,0,20,0.5,0.103,5.5,50,0,0.1,0.1,0.1,0.1,0.1,0.1,0.5,0,16509,0.035314071,0.014416379,0,0,0,0,0,0,0,0,0,0,5,1.185705369
78859.07,0.515159666,0.5,6404,37,0.12425,32.1875,34.75,37.09,0,0,0.07,0,0,20,0.5,0.103,5.5,50,0,0.1,0.1,0.1,0.1,0.1,0.1,0.5,0,16173,0.035491251,0.014654053,0,0,0,0,0,0,0,0,0,0,5,1.200247724
78919.11,0.515804484,0.5,6404,37,0.13325,32.1875,34.6875,37.03,0,0,0.07,0,0,20,0.5,0.103,5.5,50,0,0.1,0.1,0.1,0.1,0.1,0.1,0.5,0,16374,0.0356663,0.014535239,0,0,0,0,0,0,0,0,0,0,5,1.143988049
78979.19,0.54026221,0.5,6404,37,0.1789,32.1875,34.75,36.93,0,0,0.25,0,0,20,0.5,0.103,5.5,50,0,0.1,0.1,0.1,0.1,0.1,0.1,0.5,0,16480,0.035679612,0.014502427,0,0,0,0,0,0,0,0,0,0,5,1.225769071
79039.23,0.545169935,0.5,6404,37,0.424925,32.125,34.6875,36.31,0,0.02,0.15,0,0,20,0.5,0.103,5.5,50,0,0.1,0.1,0.1,0.1,0.1,0.1,0.5,0,16012,0.03616038,0.014801399,0,0,0,0,0,0,0,0,0,0,0.44,1.225769071
79099.27,0.48242999,0.5,6404,37,0.519604673,32,34.625,35.93,0,0.016307946,0.135231783,0,0,20,0.5,0.103,5.5,50,0,0.1,0.1,0.1,0.1,0.1,0.1,0.5,0,16466,0.035102636,0.014393295,0,0,0,0,0,0,0,0,0,0,0.44,1.225769071
79159.33,0.446855386,0.5,6404,37,0.463901029,31.9375,34.625,36.29,0,0,0.07,0,0,20,0.5,0.103,5.5,50,0,0.1,0.1,0.1,0.1,0.1,0.1,0.5,0,16465,0.034618889,0.0142727,0,0,0,0,0,0,0,0,0,0,5,1.225769071
79219.4,0.454911189,0.5,6404,37,0.19975,31.9375,34.6875,37.01,0,0,0.07,0,0,20,0.5,0.103,5.5,50,0,0.1,0.1,0.1,0.1,0.1,0.1,0.5,0,16436,0.034801655,0.014237041,0,0,0,0,0,0,0,0,0,0,5,1.225769071
79279.44,0.455810254,0.5,6404,37,0.1942,32.1875,34.625,37.05,0,0,0.25,0,0,20,0.5,0.103,5.5,50,0,0.1,0.1,0.1,0.1,0.1,0.1,0.5,0,15401,0.035647036,0.014609441,0,0,0,0,0,0,0,0,0,0,5,1.225769071
79339.51,0.472352931,0.5,6404,37,0.09805,32.25,34.625,37.27,0,0,0.07,0,0,20,0.5,0.103,5.5,50,0,0.1,0.1,0.1,0.1,0.1,0.1,0.5,0,15666,0.035682369,0.014426146,0,0,0,0,0,0,0,0,0,0,5,1.225769071
79399.58,0.485300297,0.5,6404,37,0.12815,32.1875,34.5625,37.41,0,0,0.07,0,0,20,0.5,0.103,5.5,50,0,0.1,0.1,0.1,0.1,0.1,0.1,0.5,0,16093,0.035481265,0.014789039,0,0,0,0,0,0,0,0,0,0,5,1.225769071
79459.64,0.486437373,0.5,6404,37,0.05235,32.1875,34.5625,37.05,0,0,0.07,0,0,20,0.5,0.103,5.5,50,0,0.1,0.1,0.1,0.1,0.1,0.1,0.5,0,15712,0.035768839,0.014511202,0,0,0,0,0,0,0,0,0,0,5,1.225769071
79519.72,0.495981137,0.5,6404,37,0.14575,32.1875,34.5625,36.97,0,0,0.07,0,0,20,0.5,0.103,5.5,50,0,0.1,0.1,0.1,0.1,0.1,0.1,0.5,0,15985,0.03565843,0.014638724,0,0,0,0,0,0,0,0,0,0,5,1.222769811
79579.8,0.515043724,0.5,6404,37,0.1537,32.1875,34.5625,37.05,0,0,0.25,0,0,20,0.5,0.103,5.5,50,0,0.1,0.1,0.1,0.1,0.1,0.1,0.5,0,16195,0.035443038,0.014448904,0,0,0,0,0,0,0,0,0,0,5,1.274773031
79639.83,0.522720913,0.5,6404,37,0.16355,32.0625,34.5625,37.13,0,0,0.07,0,0,20,0.5,0.103,5.5,50,0,0.1,0.1,0.1,0.1,0.1,0.1,0.5,0,16267,0.035655007,0.014569374,0,0,0,0,0,0,0,0,0,0,5,1.255422064
79699.9,0.528174165,0.5,6404,37,0.17205,32,34.5625,37.11,0,0,0.07,0,0,20,0.5,0.103,5.5,50,0,0.1,0.1,0.1,0.1,0.1,0.1,0.5,0,17046,0.035316203,0.014666197,0,0,0,0,0,0,0,0,0,0,5,1.223786139
79759.96,0.543202834,0.5,6404,37,0.12365,32.125,34.5625,37.17,0,0,0,0,0,20,0.5,0.103,5.5,50,0,0.1,0.1,0.1,0.1,0.1,0.1,0.5,0,16801,0.035533599,0.014463425,0,0,0,0,0,0,0,0,0,0,5,1.246766951
79820.01,0.553263405,0.5,6404,37,0.447575,32.0625,34.5625,36.21,0,0.02,0.15,0,0,20,0.5,0.103,5.5,50,0,0.1,0.1,0.1,0.1,0.1,0.1,0.5,0,16923,0.035336524,0.014418247,0,0,0,0,0,0,0,0,0,0,0.44,1.246766951
79880.07,0.485602529,0.5,6404,37,0.546194011,31.9375,34.6875,35.81,0,0.01753016,0.25,0,0,20,0.5,0.103,5.5,50,0,0.1,0.1,0.1,0.1,0.1,0.1,0.5,0,16351,0.035288362,0.014555685,0,0,0,0,0,0,0,0,0,0,0.44,1.246766951
79940.15,0.448735923,0.5,6404,37,0.488844646,31.9375,34.6875,36.37,0,0,0.07,0,0,20,0.5,0.103,5.5,50,0,0.1,0.1,0.1,0.1,0.1,0.1,0.5,0,16147,0.03499102,0.014491856,0,0,0,0,0,0,0,0,0,0,5,1.246766951
80000.19,0.445879568,0.5,6404,37,0.15155,32,34.625,37.03,0,0,0.07,0,0,20,0.5,0.103,5.5,50,0,0.1,0.1,0.1,0.1,0.1,0.1,0.5,0,15914,0.034812115,0.014641196,0,0,0,0,0,0,0,0,0,0,5,1.246766951
80060.26,0.462269419,0.5,6404,37,0.12085,32.125,34.625,37.35,0,0,0.07,0,0,20,0.5,0.103,5.5,50,0,0.1,0.1,0.1,0.1,0.1,0.1,0.5,0,16304,0.035083415,0.014658979,0,0,0,0,0,0,0,0,0,0,5,1.246766951
80120.3,0.472698662,0.5,6404,37,0.15955,32.1875,34.625,37.19,0,0,0.07,0,0,20,0.5,0.103,5.5,50,0,0.1,0.1,0.1,0.1,0.1,0.1,0.5,0,16165,0.035075781,0.014599443,0,0,0,0,0,0,0,0,0,0,5,1.246766951
80180.38,0.475960887,0.5,6404,37,0.1436,32.125,34.625,37.19,0,0,0.25,0,0,20,0.5,0.103,5.5,50,0,0.1,0.1,0.1,0.1,0.1,0.1,0.5,0,16119,0.035113841,0.014703145,0,0,0,0,0,0,0,0,0,0,5,1.246766951
80240.41,0.481549193,0.5,6404,37,0.14075,32.1875,34.5,37.19,0,0,0.07,0,0,20,0.5,0.103,5.5,50,0,0.1,0.1,0.1,0.1,0.1,0.1,0.5,0,16583,0.034975577,0.014291745,0,0,0,0,0,0,0,0,0,0,5,1.246766951
80300.45,0.474815241,0.5,6404,37,0.08615,32.1875,34.5625,37.35,0,0,0.07,0,0,20,0.5,0.103,5.5,50,0,0.1,0.1,0.1,0.1,0.1,0.1,0.5,0,16639,0.035098263,0.014664343,0,0,0,0,0,0,0,0,0,0,5,1.142180712
80360.5,0.506132567,0.5,6404,37,0.08865,32.1875,34.5,37.19,0,0,0.07,0,0,20,0.5,0.103,5.5,50,0,0.1,0.1,0.1,0.1,0.1,0.1,0.5,0,16319,0.035235002,0.01446167,0,0,0,0,0,0,0,0,0,0,5,1.276690268
80420.56,0.502074347,0.5,6404,37,0.11265,32.0625,34.5625,37.13,0,0,0.07,0,0,20,0.5,0.103,5.5,50,0,0.1,0.1,0.1,0.1,0.1,0.1,0.5,0,16807,0.034985423,0.014636758,0,0,0,0,0,0,0,0,0,0,5,1.18870451
80480.63,0.54773479,0.5,6404,37,0.1874,32.0625,34.5625,36.89,0,0,0.25,0,0,20,0.5,0.103,5.5,50,0,0.1,0.1,0.1,0.1,0.1,0.1,0.5,0,16841,0.035152307,0.014488451,0,0,0,0,0,0,0,0,0,0,5,1.390398284
80540.68,0.528459883,0.5,6404,37,0.10425,32,34.5625,37.05,0,0,0,0,0,20,0.5,0.103,5.5,50,0,0.1,0.1,0.1,0.1,0.1,0.1,0.5,0,17923,0.034369246,0.0145065,0,0,0,0,0,0,0,0,0,0,5,1.213405422
80600.76,0.539371276,0.5,6404,37,0.12095,32,34.625,37.17,0,0,0,0,0,20,0.5,0.103,5.5,50,0,0.1,0.1,0.1,0.1,0.1,0.1,0.5,0,17823,0.034730405,0.014251248,0,0,0,0,0,0,0,0,0,0,5,1.214046938
80660.81,0.552814504,0.5,6404,37,0.09645,32.0625,34.625,36.89,0,0,0,0,0,20,0.5,0.103,5.5,50,0,0.1,0.1,0.1,0.1,0.1,0.1,0.5,0,18570,0.034302639,0.014431879,0,0,0,0,0,0,0,0,0,0,5,1.227199649
80720.88,0.555413769,0.5,6404,37,0.432325,32.0625,34.6875,36.21,0,0.02,0.15,0,0,20,0.5,0.103,5.5,50,0,0.1,0.1,0.1,0.1,0.1,0.1,0.5,0,16888,0.035587399,0.014744197,0,0,0,0,0,0,0,0,0,0,0.44,1.227199649
80780.93,0.513430812,0.5,6404,37,0.544125,31.875,34.6875,35.81,0,0.02,0.25,0,0,20,0.5,0.103,5.5,50,0,0.1,0.1,0.1,0.1,0.1,0.1,0.5,0,16319,0.035786507,0.014768062,0,0,0,0,0,0,0,0,0,0,0.44,1.227199649
80840.97,0.47345323,0.5,6404,37,0.443625,31.875,34.6875,36.41,0,0.02,0.15,0,0,20,0.5,0.103,5.5,50,0,0.1,0.1,0.1,0.1,0.1,0.1,0.5,0,15582,0.035425491,0.014760621,0,0,0,0,0,0,0,0,0,0,0.44,1.227199649
80901.02,0.426444669,0.5,6404,37,0.486875,31.9375,34.6875,36.41,0,0,0.07,0,0,20,0.5,0.103,5.5,50,0,0.1,0.1,0.1,0.1,0.1,0.1,0.5,0,16373,0.034630184,0.014230746,0,0,0,0,0,0,0,0,0,0,5,1.227199649
80961.06,0.43069646,0.5,6404,37,0.23915,32.1875,34.6875,37.01,0,0,0.07,0,0,20,0.5,0.103,5.5,50,0,0.1,0.1,0.1,0.1,0.1,0.1,0.5,0,15481,0.034946063,0.01459854,0,0,0,0,0,0,0,0,0,0,5,1.227199649
81021.13,0.434613172,0.5,6404,37,0.18785,32.3125,34.6875,37.21,0,0,0.07,0,0,20,0.5,0.103,5.5,50,0,0.1,0.1,0.1,0.1,0.1,0.1,0.5,0,15662,0.034861448,0.014557528,0,0,0,0,0,0,0,0,0,0,5,1.227199649
81081.2,0.44795794,0.5,6404,37,0.1636,32.3125,34.625,37.17,0,0,0.25,0,0,20,0.5,0.103,5.5,50,0,0.1,0.1,0.1,0.1,0.1,0.1,0.5,0,14800,0.036081081,0.014594595,0,0,0,0,0,0,0,0,0,0,5,1.227199649
81141.25,0.461345148,0.5,6404,37,0.11865,32.3125,34.6875,37.27,0,0,0.07,0,0,20,0.5,0.103,5.5,50,0,0.1,0.1,0.1,0.1,0.1,0.1,0.5,0,16095,0.035041938,0.014352283,0,0,0,0,0,0,0,0,0,0,5,1.227199649
81201.31,0.471397195,0.5,6404,37,0.08225,32.3125,34.6875,37.19,0,0,0.07,0,0,20,0.5,0.103,5.5,50,0,0.1,0.1,0.1,0.1,0.1,0.1,0.5,0,16797,0.034768113,0.014526404,0,0,0,0,0,0,0,0,0,0,5,1.227199649
81261.34,0.470753111,0.5,6404,37,0.15035,32.3125,34.6875,37.17,0,0,0.07,0,0,20,0.5,0.103,5.5,50,0,0.1,0.1,0.1,0.1,0.1,0.1,0.5,0,15682,0.035454661,0.014730264,0,0,0,0,0,0,0,0,0,0,5,1.161737875
81321.38,0.498741649,0.5,6404,37,0.07045,32.25,34.6875,37.25,0,0,0.07,0,0,20,0.5,0.103,5.5,50,0,0.1,0.1,0.1,0.1,0.1,0.1,0.5,0,16646,0.035143578,0.014357804,0,0,0,0,0,0,0,0,0,0,5,1.276914327
81381.42,0.496047463,0.5,6404,37,0.2067,32.1875,34.6875,36.85,0,0,0.25,0,0,20,0.5,0.103,5.5,50,0,0.1,0.1,0.1,0.1,0.1,0.1,0.5,0,16840,0.034738717,0.014489311,0,0,0,0,0,0,0,0,0,0,5,1.196818778
81441.47,0.512391933,0.5,6404,37,0.13475,32.1875,34.5625,37.13,0,0,0.07,0,0,20,0.5,0.103,5.5,50,0,0.1,0.1,0.1,0.1,0.1,0.1,0.5,0,16025,0.035881435,0.014851794,0,0,0,0,0,0,0,0,0,0,5,1.234232479
81501.54,0.516894297,0.5,6404,37,0.09455,32.1875,34.5625,37.03,0,0,0,0,0,20,0.5,0.103,5.5,50,0,0.1,0.1,0.1,0.1,0.1,0.1,0.5,0,15923,0.035860077,0.014821328,0,0,0,0,0,0,0,0,0,0,5,1.198766571
81561.61,0.520182156,0.5,6404,37,0.10535,32.0625,34.625,36.93,0,0,0,0,0,20,0.5,0.103,5.5,50,0,0.1,0.1,0.1,0.1,0.1,0.1,0.5,0,16313,0.035799669,0.014773494,0,0,0,0,0,0,0,0,0,0,5,1.1578502
81621.7,0.54354888,0.5,6404,37,0.12945,32,34.5625,37.09,0,0,0,0,0,20,0.5,0.103,5.5,50,0,0.1,0.1,0.1,0.1,0.1,0.1,0.5,0,17264,0.03487025,0.014423077,0,0,0,0,0,0,0,0,0,0,5,1.231779451
81681.77,0.519711058,0.5,6404,37,0.14795,32,34.625,36.89,0,0,0,0,0,20,0.5,0.103,5.5,50,0,0.1,0.1,0.1,0.1,0.1,0.1,0.5,0,17401,0.034768117,0.01436699,0,0,0,0,0,0,0,0,0,0,5,1.035650562
81741.82,0.554992125,0.5,6404,37,0.14585,32.0625,34.6875,36.95,0,0,0,0,0,20,0.5,0.103,5.5,50,0,0.1,0.1,0.1,0.1,0.1,0.1,0.5,0,16257,0.035984499,0.014885895,0,0,0,0,0,0,0,0,0,0,5,1.180910812
81801.91,0.561711482,0.5,6404,37,0.497425,32,34.6875,35.91,0,0.02,0.15,0,0,20,0.5,0.103,5.5,50,0,0.1,0.1,0.1,0.1,0.1,0.1,0.5,0,18472,0.034376353,0.014454309,0,0,0,0,0,0,0,0,0,0,0.44,1.180910812
81861.97,0.497794078,0.5,6404,37,0.484490043,31.875,34.75,36.09,0,0.019937326,0.149749305,0,0,20,0.5,0.103,5.5,50,0,0.1,0.1,0.1,0.1,0.1,0.1,0.5,0,15799,0.035698462,0.014494588,0,0,0,0,0,0,0,0,0,0,0.44,1.180910812
81922.03,0.472608857,0.5,6404,37,0.5022,31.9375,34.75,36.13,0,0.02,0.15,0,0,20,0.5,0.103,5.5,50,0,0.1,0.1,0.1,0.1,0.1,0.1,0.5,0,15874,0.035214817,0.014804082,0,0,0,0,0,0,0,0,0,0,0.44,1.180910812
81982.07,0.405212754,0.5,6404,37,0.4104,32,34.8125,36.31,0,0,0.25,0,0,20,0.5,0.103,5.5,50,0,0.1,0.1,0.1,0.1,0.1,0.1,0.5,0,15006,0.035385846,0.014394242,0,0,0,0,0,0,0,0,0,0,5,1.180910812
82042.12,0.429398131,0.5,6404,37,0.19285,32.1875,34.8125,37.19,0,0,0.07,0,0,20,0.5,0.103,5.5,50,0,0.1,0.1,0.1,0.1,0.1,0.1,0.5,0,15595,0.034818852,0.014299455,0,0,0,0,0,0,0,0,0,0,5,1.180910812
82102.18,0.441909643,0.5,6404,37,0.12355,32.375,34.75,37.53,0,0,0.07,0,0,20,0.5,0.103,5.5,50,0,0.1,0.1,0.1,0.1,0.1,0.1,0.5,0,15707,0.034888903,0.014261157,0,0,0,0,0,0,0,0,0,0,5,1.180910812
82162.23,0.435511965,0.5,6404,37,0.10005,32.375,34.625,37.29,0,0,0.07,0,0,20,0.5,0.103,5.5,50,0,0.1,0.1,0.1,0.1,0.1,0.1,0.5,0,15693,0.034983751,0.014401325,0,0,0,0,0,0,0,0,0,0,5,1.180910812
82222.29,0.453394575,0.5,6404,37,0.13425,32.3125,34.625,37.21,0,0,0.07,0,0,20,0.5,0.103,5.5,50,0,0.1,0.1,0.1,0.1,0.1,0.1,0.5,0,15065,0.035778294,0.014802522,0,0,0,0,0,0,0,0,0,0,5,1.180910812
82282.36,0.453053552,0.5,6404,37,0.1571,32.25,34.5625,37.13,0,0,0.25,0,0,20,0.5,0.103,5.5,50,0,0.1,0.1,0.1,0.1,0.1,0.1,0.5,0,15986,0.035093207,0.014700363,0,0,0,0,0,0,0,0,0,0,5,1.180910812
82342.4,0.457511716,0.5,6404,37,0.11275,32.25,34.5625,37.27,0,0,0.07,0,0,20,0.5,0.103,5.5,50,0,0.1,0.1,0.1,0.1,0.1,0.1,0.5,0,15301,0.035618587,0.014835632,0,0,0,0,0,0,0,0,0,0,5,1.151241743
82402.47,0.485161728,0.5,6404,37,0.04985,32.1875,34.5625,37.13,0,0,0.07,0,0,20,0.5,0.103,5.5,50,0,0.1,0.1,0.1,0.1,0.1,0.1,0.5,0,15791,0.035336584,0.014438604,0,0,0,0,0,0,0,0,0,0,5,1.269719061
82462.56,0.487780566,0.5,6404,37,0.07115,32.0625,34.5625,37.03,0,0,0.07,0,0,20,0.5,0.103,5.5,50,0,0.1,0.1,0.1,0.1,0.1,0.1,0.5,0,16497,0.034976056,0.014366248,0,0,0,0,0,0,0,0,0,0,5,1.222383162
82522.63,0.491353309,0.5,6404,37,0.13405,32.125,34.625,36.93,0,0,0.07,0,0,20,0.5,0.103,5.5,50,0,0.1,0.1,0.1,0.1,0.1,0.1,0.5,0,16580,0.035162847,0.014656212,0,0,0,0,0,0,0,0,0,0,5,1.183157387
82582.66,0.504332206,0.5,6404,37,0.13605,32.0625,34.5625,36.89,0,0,0,0,0,20,0.5,0.103,5.5,50,0,0.1,0.1,0.1,0.1,0.1,0.1,0.5,0,16025,0.03550702,0.014664587,0,0,0,0,0,0,0,0,0,0,5,1.202214767
82642.75,0.516245203,0.5,6404,37,0.10865,32.125,34.5625,37.11,0,0,0,0,0,20,0.5,0.103,5.5,50,0,0.1,0.1,0.1,0.1,0.1,0.1,0.5,0,16438,0.035466602,0.014721986,0,0,0,0,0,0,0,0,0,0,5,1.212144016
82702.79,0.54386998,0.5,6404,37,0.08585,32,34.5625,37.03,0,0,0,0,0,20,0.5,0.103,5.5,50,0,0.1,0.1,0.1,0.1,0.1,0.1,0.5,0,17517,0.03470914,0.01427185,0,0,0,0,0,0,0,0,0,0,5,1.307921891
82762.86,0.533735701,0.5,6404,37,0.16555,31.9375,34.625,37.05,0,0,0,0,0,20,0.5,0.103,5.5,50,0,0.1,0.1,0.1,0.1,0.1,0.1,0.5,0,17311,0.03489111,0.014672751,0,0,0,0,0,0,0,0,0,0,5,1.186097491
82822.96,0.545871084,0.5,6404,37,0.11285,31.9375,34.625,37.03,0,0,0,0,0,20,0.5,0.103,5.5,50,0,0.1,0.1,0.1,0.1,0.1,0.1,0.5,0,18249,0.03452244,0.014466546,0,0,0,0,0,0,0,0,0,0,5,1.194238803
82883,0.55305438,0.5,6404,37,0.45855,32,34.625,36.09,0,0.02,0.25,0,0,20,0.5,0.103,5.5,50,0,0.1,0.1,0.1,0.1,0.1,0.1,0.5,0,17567,0.035179598,0.014345079,0,0,0,0,0,0,0,0,0,0,0.44,1.194238803
82943.04,0.49349383,0.5,6404,37,0.4808,31.8125,34.625,36.33,0,0.018528829,0.144115316,0,0,20,0.5,0.103,5.5,50,0,0.1,0.1,0.1,0.1,0.1,0.1,0.5,0,16850,0.03495549,0.014243323,0,0,0,0,0,0,0,0,0,0,0.44,1.194238803
83003.09,0.447288284,0.5,6404,37,0.492264719,31.8125,34.625,36.39,0,0,0.07,0,0,20,0.5,0.103,5.5,50,0,0.1,0.1,0.1,0.1,0.1,0.1,0.5,0,17289,0.034125745,0.014344381,0,0,0,0,0,0,0,0,0,0,5,1.194238803
83063.13,0.462171379,0.5,6404,37,0.19645,31.9375,34.6875,37.01,0,0,0.07,0,0,20,0.5,0.103,5.5,50,0,0.1,0.1,0.1,0.1,0.1,0.1,0.5,0,15046,0.036022863,0.014688289,0,0,0,0,0,0,0,0,0,0,5,1.194238803
83123.2,0.47857011,0.5,6404,37,0.08955,32.0625,34.75,37.33,0,0,0.07,0,0,20,0.5,0.103,5.5,50,0,0.1,0.1,0.1,0.1,0.1,0.1,0.5,0,16631,0.03451386,0.014310625,0,0,0,0,0,0,0,0,0,0,5,1.194238803
83183.28,0.478217105,0.5,6404,37,0.1922,32.125,34.8125,37.01,0,0,0.25,0,0,20,0.5,0.103,5.5,50,0,0.1,0.1,0.1,0.1,0.1,0.1,0.5,0,16468,0.034855477,0.014391547,0,0,0,0,0,0,0,0,0,0,5,1.194238803
83243.32,0.492530254,0.5,6404,37,0.09665,32.1875,34.8125,37.25,0,0,0.07,0,0,20,0.5,0.103,5.5,50,0,0.1,0.1,0.1,0.1,0.1,0.1,0.5,0,17385,0.034282427,0.014150129,0,0,0,0,0,0,0,0,0,0,5,1.194238803
83303.4,0.50704605,0.5,6404,37,0.06965,32.1875,34.8125,37.33,0,0,0.07,0,0,20,0.5,0.103,5.5,50,0,0.1,0.1,0.1,0.1,0.1,0.1,0.5,0,15815,0.035535884,0.014543155,0,0,0,0,0,0,0,0,0,0,5,1.194238803
83363.49,0.517216328,0.5,6404,37,0.11955,32.25,34.8125,37.09,0,0,0.07,0,0,20,0.5,0.103,5.5,50,0,0.1,0.1,0.1,0.1,0.1,0.1,0.5,0,16474,0.034964186,0.014447007,0,0,0,0,0,0,0,0,0,0,5,1.194105027
83423.57,0.526336536,0.5,6404,37,0.10415,32.25,34.8125,37.11,0,0,0.07,0,0,20,0.5,0.103,5.5,50,0,0.1,0.1,0.1,0.1,0.1,0.1,0.5,0,16904,0.03519877,0.014316138,0,0,0,0,0,0,0,0,0,0,5,1.186838559
83483.6,0.527333123,0.5,6404,37,0.173,32.25,34.8125,36.95,0,0,0.25,0,0,20,0.5,0.103,5.5,50,0,0.1,0.1,0.1,0.1,0.1,0.1,0.5,0,16679,0.035253912,0.014809041,0,0,0,0,0,0,0,0,0,0,5,1.13317158
83543.64,0.538926829,0.5,6404,37,0.13135,32.1875,34.75,37.21,0,0,0.07,0,0,20,0.5,0.103,5.5,50,0,0.1,0.1,0.1,0.1,0.1,0.1,0.5,0,16392,0.03556613,0.014702294,0,0,0,0,0,0,0,0,0,0,5,1.141755047
83603.69,0.554321387,0.5,6404,37,0.09945,32.0625,34.75,37.03,0,0,0,0,0,20,0.5,0.103,5.5,50,0,0.1,0.1,0.1,0.1,0.1,0.1,0.5,0,18621,0.034316095,0.014392353,0,0,0,0,0,0,0,0,0,0,5,1.169161787
83663.75,0.560693792,0.5,6404,37,0.14235,32,34.625,37.03,0,0.02,0.15,0,0,20,0.5,0.103,5.5,50,0,0.1,0.1,0.1,0.1,0.1,0.1,0.5,0,16963,0.035489005,0.014561104,0,0,0,0,0,0,0,0,0,0,0.44,1.169161787
83723.8,0.523510491,0.5,6404,37,0.4533,32,34.625,36.31,0,0.02,0.15,0,0,20,0.5,0.103,5.5,50,0,0.1,0.1,0.1,0.1,0.1,0.1,0.5,0,15619,0.035981817,0.01466163,0,0,0,0,0,0,0,0,0,0,0.44,1.169161787
83783.84,0.448628625,0.5,6404,37,0.367089114,31.875,34.5625,36.45,0,0.002053322,0.25,0,0,20,0.5,0.103,5.5,50,0,0.1,0.1,0.1,0.1,0.1,0.1,0.5,0,16178,0.034738534,0.014525899,0,0,0,0,0,0,0,0,0,0,0.44,1.169161787
83843.89,0.459031509,0.5,6404,37,0.18303776,32,34.5625,37.11,0,0,0.07,0,0,20,0.5,0.103,5.5,50,0,0.1,0.1,0.1,0.1,0.1,0.1,0.5,0,15870,0.035160681,0.014555766,0,0,0,0,0,0,0,0,0,0,5,1.169161787
83903.93,0.469860836,0.5,6404,37,0.15705,32.125,34.5625,37.29,0,0,0.07,0,0,20,0.5,0.103,5.5,50,0,0.1,0.1,0.1,0.1,0.1,0.1,0.5,0,15693,0.035429809,0.014465048,0,0,0,0,0,0,0,0,0,0,5,1.169161787
83964.01,0.476141725,0.5,6404,37,0.12595,32.25,34.625,37.21,0,0,0.07,0,0,20,0.5,0.103,5.5,50,0,0.1,0.1,0.1,0.1,0.1,0.1,0.5,0,16932,0.034490905,0.014351524,0,0,0,0,0,0,0,0,0,0,5,1.169161787
84024.06,0.487162852,0.5,6404,37,0.10015,32.1875,34.6875,37.19,0,0,0.07,0,0,20,0.5,0.103,5.5,50,0,0.1,0.1,0.1,0.1,0.1,0.1,0.5,0,16074,0.035398781,0.014744308,0,0,0,0,0,0,0,0,0,0,5,1.169161787
84084.14,0.492198923,0.5,6404,37,0.1342,32.25,34.75,37.17,0,0,0.25,0,0,20,0.5,0.103,5.5,50,0,0.1,0.1,0.1,0.1,0.1,0.1,0.5,0,16016,0.035526973,0.014547952,0,0,0,0,0,0,0,0,0,0,5,1.169161787
84144.2,0.506167564,0.5,6404,37,0.10515,32.25,34.8125,37.17,0,0,0.07,0,0,20,0.5,0.103,5.5,50,0,0.1,0.1,0.1,0.1,0.1,0.1,0.5,0,15859,0.035626458,0.014565862,0,0,0,0,0,0,0,0,0,0,5,1.169161787
84204.27,0.516726304,0.5,6404,37,0.13805,32.125,34.875,37.11,0,0,0.07,0,0,20,0.5,0.103,5.5,50,0,0.1,0.1,0.1,0.1,0.1,0.1,0.5,0,16434,0.035353535,0.014786418,0,0,0,0,0,0,0,0,0,0,5,1.172640413
84264.33,0.535829731,0.5,6404,37,0.06875,32.25,34.875,37.05,0,0,0.07,0,0,20,0.5,0.103,5.5,50,0,0.1,0.1,0.1,0.1,0.1,0.1,0.5,0,16876,0.03525717,0.01463617,0,0,0,0,0,0,0,0,0,0,5,1.222917705
84324.37,0.527066295,0.5,6404,37,0.15075,32.1875,34.875,36.95,0,0,0.07,0,0,20,0.5,0.103,5.5,50,0,0.1,0.1,0.1,0.1,0.1,0.1,0.5,0,17763,0.034735124,0.014468277,0,0,0,0,0,0,0,0,0,0,5,1.112301499
84384.41,0.551832842,0.5,6404,37,0.1941,32.125,34.875,36.85,0,0,0.25,0,0,20,0.5,0.103,5.5,50,0,0.1,0.1,0.1,0.1,0.1,0.1,0.5,0,17304,0.035020804,0.014563107,0,0,0,0,0,0,0,0,0,0,5,1.194442944
84444.49,0.548762687,0.5,6404,37,0.10625,32.1875,34.9375,37.01,0,0.02,0.15,0,0,20,0.5,0.103,5.5,50,0,0.1,0.1,0.1,0.1,0.1,0.1,0.5,0,16891,0.035285063,0.01438636,0,0,0,0,0,0,0,0,0,0,0.44,1.194442944
84504.57,0.52649797,0.5,6404,37,0.373575,32.0625,34.875,36.63,0,0.02,0.15,0,0,20,0.5,0.103,5.5,50,0,0.1,0.1,0.1,0.1,0.1,0.1,0.5,0,16569,0.035367252,0.014484881,0,0,0,0,0,0,0,0,0,0,0.44,1.194442944
84564.64,0.468496527,0.5,6404,37,0.4602,31.9375,34.75,36.25,0,0.02,0.15,0,0,20,0.5,0.103,5.5,50,0,0.1,0.1,0.1,0.1,0.1,0.1,0.5,0,16198,0.035066058,0.014693172,0,0,0,0,0,0,0,0,0,0,0.44,1.194442944
84624.68,0.421406557,0.5,6404,37,0.52895,32,34.6875,36.33,0,0,0.07,0,0,20,0.5,0.103,5.5,50,0,0.1,0.1,0.1,0.1,0.1,0.1,0.5,0,16551,0.03413691,0.014319376,0,0,0,0,0,0,0,0,0,0,5,1.194442944
84684.73,0.40939638,0.5,6404,37,0.2139,32.125,34.625,37.09,0,0,0.25,0,0,20,0.5,0.103,5.5,50,0,0.1,0.1,0.1,0.1,0.1,0.1,0.5,0,14989,0.035159117,0.014744146,0,0,0,0,0,0,0,0,0,0,5,1.194442944
84744.77,0.440304156,0.5,6404,37,0.12245,32.25,34.625,37.51,0,0,0.07,0,0,20,0.5,0.103,5.5,50,0,0.1,0.1,0.1,0.1,0.1,0.1,0.5,0,15627,0.034811544,0.014270173,0,0,0,0,0,0,0,0,0,0,5,1.194442944
84804.83,0.452547958,0.5,6404,37,0.08035,32.3125,34.5625,37.51,0,0,0.07,0,0,20,0.5,0.103,5.5,50,0,0.1,0.1,0.1,0.1,0.1,0.1,0.5,0,15846,0.035024612,0.014577811,0,0,0,0,0,0,0,0,0,0,5,1.194442944
84864.9,0.459794425,0.5,6404,37,0.09775,32.3125,34.5625,37.29,0,0,0.07,0,0,20,0.5,0.103,5.5,50,0,0.1,0.1,0.1,0.1,0.1,0.1,0.5,0,16499,0.034608158,0.014243287,0,0,0,0,0,0,0,0,0,0,5,1.194442944
84924.95,0.465681348,0.5,6404,37,0.12465,32.25,34.625,37.27,0,0,0.07,0,0,20,0.5,0.103,5.5,50,0,0.1,0.1,0.1,0.1,0.1,0.1,0.5,0,16762,0.034303782,0.014377759,0,0,0,0,0,0,0,0,0,0,5,1.194442944
84985.01,0.476733419,0.5,6404,37,0.1787,32.25,34.625,37.01,0,0,0.25,0,0,20,0.5,0.103,5.5,50,0,0.1,0.1,0.1,0.1,0.1,0.1,0.5,0,15875,0.035401575,0.014425197,0,0,0,0,0,0,0,0,0,0,5,1.2050884
85045.1,0.498401301,0.5,6404,37,0.14675,32.1875,34.625,37.35,0,0,0.07,0,0,20,0.5,0.103,5.5,50,0,0.1,0.1,0.1,0.1,0.1,0.1,0.5,0,16401,0.034936894,0.014633254,0,0,0,0,0,0,0,0,0,0,5,1.278178317
85105.16,0.490375538,0.5,6404,37,0.07975,32.1875,34.625,37.33,0,0,0.07,0,0,20,0.5,0.103,5.5,50,0,0.1,0.1,0.1,0.1,0.1,0.1,0.5,0,16115,0.035184611,0.014334471,0,0,0,0,0,0,0,0,0,0,5,1.165567171
85165.21,0.514761078,0.5,6404,37,0.11555,32.0625,34.6875,37.17,0,0,0.07,0,0,20,0.5,0.103,5.5,50,0,0.1,0.1,0.1,0.1,0.1,0.1,0.5,0,15477,0.035988887,0.014796149,0,0,0,0,0,0,0,0,0,0,5,1.252882912
85225.28,0.516882158,0.5,6404,37,0.15345,32.125,34.75,37.09,0,0,0,0,0,20,0.5,0.103,5.5,50,0,0.1,0.1,0.1,0.1,0.1,0.1,0.5,0,16010,0.035602748,0.014865709,0,0,0,0,0,0,0,0,0,0,5,1.202574907
85285.35,0.522017374,0.5,6404,37,0.12575,32.125,34.8125,37.03,0,0,0,0,0,20,0.5,0.103,5.5,50,0,0.1,0.1,0.1,0.1,0.1,0.1,0.5,0,16732,0.035082477,0.014642601,0,0,0,0,0,0,0,0,0,0,5,1.172104028
85345.41,0.533298036,0.5,6404,37,0.12185,32.125,34.875,37.03,0,0,0,0,0,20,0.5,0.103,5.5,50,0,0.1,0.1,0.1,0.1,0.1,0.1,0.5,0,16092,0.035856326,0.014914243,0,0,0,0,0,0,0,0,0,0,5,1.177637522
85405.45,0.550528189,0.5,6404,37,0.09615,32.125,34.8125,37.19,0,0,0,0,0,20,0.5,0.103,5.5,50,0,0.1,0.1,0.1,0.1,0.1,0.1,0.5,0,17248,0.034728664,0.014436456,0,0,0,0,0,0,0,0,0,0,5,1.214148821
85465.51,0.571750856,0.5,6404,37,0.07215,32.125,34.75,36.87,0,0.02,0.15,0,0,20,0.5,0.103,5.5,50,0,0.1,0.1,0.1,0.1,0.1,0.1,0.5,0,18208,0.034325571,0.014114675,0,0,0,0,0,0,0,0,0,0,0.44,1.214148821
85525.57,0.511736132,0.5,6404,37,0.47265,32,34.6875,36.07,0,0.02,0.15,0,0,20,0.5,0.103,5.5,50,0,0.1,0.1,0.1,0.1,0.1,0.1,0.5,0,16449,0.035321296,0.014408171,0,0,0,0,0,0,0,0,0,0,0.44,1.214148821
85585.61,0.444892825,0.5,6404,37,0.422090037,31.9375,34.625,36.21,0,0.001410735,0.25,0,0,20,0.5,0.103,5.5,50,0,0.1,0.1,0.1,0.1,0.1,0.1,0.5,0,16241,0.034542208,0.014592697,0,0,0,0,0,0,0,0,0,0,0.44,1.214148821
85645.69,0.439256519,0.5,6404,37,0.297973993,32,34.625,37.05,0,0,0.07,0,0,20,0.5,0.103,5.5,50,0,0.1,0.1,0.1,0.1,0.1,0.1,0.5,0,16599,0.03397795,0.014338213,0,0,0,0,0,0,0,0,0,0,5,1.214148821
85705.74,0.45031618,0.5,6404,37,0.13605,32.125,34.5625,37.35,0,0,0.07,0,0,20,0.5,0.103,5.5,50,0,0.1,0.1,0.1,0.1,0.1,0.1,0.5,0,15605,0.035245114,0.014418456,0,0,0,0,0,0,0,0,0,0,5,1.214148821
85765.77,0.458821475,0.5,6404,37,0.07905,32.25,34.5,37.25,0,0,0.07,0,0,20,0.5,0.103,5.5,50,0,0.1,0.1,0.1,0.1,0.1,0.1,0.5,0,16535,0.034593287,0.014454188,0,0,0,0,0,0,0,0,0,0,5,1.214148821
85825.86,0.468230548,0.5,6404,37,0.06085,32.1875,34.5,37.33,0,0,0.07,0,0,20,0.5,0.103,5.5,50,0,0.1,0.1,0.1,0.1,0.1,0.1,0.5,0,16799,0.034287755,0.014107983,0,0,0,0,0,0,0,0,0,0,5,1.214148821
85885.91,0.46984914,0.5,6404,37,0.1334,32.125,34.5,37.19,0,0,0.25,0,0,20,0.5,0.103,5.5,50,0,0.1,0.1,0.1,0.1,0.1,0.1,0.5,0,15417,0.035350587,0.014594279,0,0,0,0,0,0,0,0,0,0,5,1.214148821
85945.98,0.480789989,0.5,6404,37,0.14645,32.125,34.5625,36.97,0,0,0.07,0,0,20,0.5,0.103,5.5,50,0,0.1,0.1,0.1,0.1,0.1,0.1,0.5,0,15921,0.03517367,0.014446329,0,0,0,0,0,0,0,0,0,0,5,1.214148821
86006.01,0.483278552,0.5,6404,37,0.12425,32.1875,34.5625,37.01,0,0,0.07,0,0,20,0.5,0.103,5.5,50,0,0.1,0.1,0.1,0.1,0.1,0.1,0.5,0,16779,0.034745813,0.014184397,0,0,0,0,0,0,0,0,0,0,5,1.168929291
86066.08,0.510579994,0.5,6404,37,0.13535,32.125,34.6875,37.13,0,0,0.07,0,0,20,0.5,0.103,5.5,50,0,0.1,0.1,0.1,0.1,0.1,0.1,0.5,0,16400,0.035060976,0.014268293,0,0,0,0,0,0,0,0,0,0,5,1.2753452
86126.15,0.506393868,0.5,6404,37,0.10905,32,34.6875,37.01,0,0,0.07,0,0,20,0.5,0.103,5.5,50,0,0.1,0.1,0.1,0.1,0.1,0.1,0.5,0,16737,0.034713509,0.014638227,0,0,0,0,0,0,0,0,0,0,5,1.186880251
86186.19,0.501369246,0.5,6404,37,0.1759,32.0625,34.75,36.93,0,0,0.25,0,0,20,0.5,0.103,5.5,50,0,0.1,0.1,0.1,0.1,0.1,0.1,0.5,0,16141,0.035437705,0.014807013,0,0,0,0,0,0,0,0,0,0,5,1.0976205
86246.24,0.536664947,0.5,6404,37,0.06565,32.0625,34.8125,37.03,0,0,0,0,0,20,0.5,0.103,5.5,50,0,0.1,0.1,0.1,0.1,0.1,0.1,0.5,0,17077,0.03501786,0.014405341,0,0,0,0,0,0,0,0,0,0,5,1.246832826
86306.31,0.525124843,0.5,6404,37,0.12115,32.0625,34.875,36.97,0,0,0,0,0,20,0.5,0.103,5.5,50,0,0.1,0.1,0.1,0.1,0.1,0.1,0.5,0,16376,0.035784074,0.014533464,0,0,0,0,0,0,0,0,0,0,5,1.119277383
86366.39,0.558110586,0.5,6404,37,0.11935,32.125,34.875,36.87,0,0,0,0,0,20,0.5,0.103,5.5,50,0,0.1,0.1,0.1,0.1,0.1,0.1,0.5,0,16540,0.035489722,0.014631197,0,0,0,0,0,0,0,0,0,0,5,1.246076797
86426.43,0.571738016,0.5,6404,37,0.12105,32,34.875,36.89,0,0.02,0.15,0,0,20,0.5,0.103,5.5,50,0,0.1,0.1,0.1,0.1,0.1,0.1,0.5,0,17342,0.03517472,0.014473532,0,0,0,0,0,0,0,0,0,0,0.44,1.246076797
86486.5,0.508060478,0.5,6404,37,0.61485,31.9375,34.875,35.45,0,0.02,0.25,0,0,20,0.5,0.103,5.5,50,0,0.1,0.1,0.1,0.1,0.1,0.1,0.5,0,17373,0.034651471,0.014275024,0,0,0,0,0,0,0,0,0,0,0.44,1.246076797
86546.54,0.443073431,0.5,6404,37,0.4833,31.875,34.875,36.23,0,0.001116912,0.074467647,0,0,20,0.5,0.103,5.5,50,0,0.1,0.1,0.1,0.1,0.1,0.1,0.5,0,16224,0.035071499,0.014238166,0,0,0,0,0,0,0,0,0,0,0.44,1.246076797
86606.58,0.449700061,0.5,6404,37,0.263064752,32,34.6875,36.89,0,0,0.07,0,0,20,0.5,0.103,5.5,50,0,0.1,0.1,0.1,0.1,0.1,0.1,0.5,0,15925,0.034725275,0.014693878,0,0,0,0,0,0,0,0,0,0,5,1.246076797
86666.65,0.460746299,0.5,6404,37,0.11335,32.1875,34.6875,37.35,0,0,0.07,0,0,20,0.5,0.103,5.5,50,0,0.1,0.1,0.1,0.1,0.1,0.1,0.5,0,15870,0.035223693,0.014303718,0,0,0,0,0,0,0,0,0,0,5,1.246076797
86726.74,0.460455635,0.5,6404,37,0.09635,32.1875,34.6875,37.17,0,0,0.07,0,0,20,0.5,0.103,5.5,50,0,0.1,0.1,0.1,0.1,0.1,0.1,0.5,0,16524,0.034737352,0.014282256,0,0,0,0,0,0,0,0,0,0,5,1.246076797
86786.8,0.469676298,0.5,6404,37,0.1651,32.25,34.625,37.11,0,0,0.25,0,0,20,0.5,0.103,5.5,50,0,0.1,0.1,0.1,0.1,0.1,0.1,0.5,0,16683,0.034705988,0.014565726,0,0,0,0,0,0,0,0,0,0,5,1.246076797
86846.86,0.485089647,0.5,6404,37,0.09985,32.1875,34.5625,37.25,0,0,0.07,0,0,20,0.5,0.103,5.5,50,0,0.1,0.1,0.1,0.1,0.1,0.1,0.5,0,15768,0.035578387,0.014776763,0,0,0,0,0,0,0,0,0,0,5,1.246076797
86906.93,0.505085836,0.5,6404,37,0.14765,32.125,34.5625,37.17,0,0,0.07,0,0,20,0.5,0.103,5.5,50,0,0.1,0.1,0.1,0.1,0.1,0.1,0.5,0,15889,0.035244509,0.014412487,0,0,0,0,0,0,0,0,0,0,5,1.246076797
86966.99,0.508669859,0.5,6404,37,0.10985,32.125,34.625,37.21,0,0,0.07,0,0,20,0.5,0.103,5.5,50,0,0.1,0.1,0.1,0.1,0.1,0.1,0.5,0,17518,0.034478822,0.01432812,0,0,0,0,0,0,0,0,0,0,5,1.204985393
87027.06,0.507351354,0.5,6404,37,0.09825,32.0625,34.625,37.13,0,0,0.07,0,0,20,0.5,0.103,5.5,50,0,0.1,0.1,0.1,0.1,0.1,0.1,0.5,0,16178,0.035789344,0.014525899,0,0,0,0,0,0,0,0,0,0,5,1.136949834
87087.12,0.518194295,0.5,6404,37,0.196,32.0625,34.625,36.87,0,0,0.25,0,0,20,0.5,0.103,5.5,50,0,0.1,0.1,0.1,0.1,0.1,0.1,0.5,0,17470,0.034745278,0.014253005,0,0,0,0,0,0,0,0,0,0,5,1.143541807
87147.18,0.550387049,0.5,6404,37,0.12905,32.0625,34.625,37.17,0,0,0.07,0,0,20,0.5,0.103,5.5,50,0,0.1,0.1,0.1,0.1,0.1,0.1,0.5,0,17117,0.035111293,0.014430099,0,0,0,0,0,0,0,0,0,0,5,1.26717921
87207.25,0.537362649,0.5,6404,37,0.09245,32.0625,34.6875,37.19,0,0,0,0,0,20,0.5,0.103,5.5,50,0,0.1,0.1,0.1,0.1,0.1,0.1,0.5,0,17609,0.034925322,0.014254075,0,0,0,0,0,0,0,0,0,0,5,1.131974555
87267.32,0.547611759,0.5,6404,37,0.12855,32.0625,34.75,37.01,0,0,0,0,0,20,0.5,0.103,5.5,50,0,0.1,0.1,0.1,0.1,0.1,0.1,0.5,0,16963,0.035724813,0.014561104,0,0,0,0,0,0,0,0,0,0,5,1.132055951
87327.43,0.565798696,0.5,6404,37,0.12525,32.0625,34.75,37.13,0,0.02,0.15,0,0,20,0.5,0.103,5.5,50,0,0.1,0.1,0.1,0.1,0.1,0.1,0.5,0,17983,0.034810655,0.014346883,0,0,0,0,0,0,0,0,0,0,0.44,1.132055951
87387.49,0.506505965,0.5,6404,37,0.539675,31.875,34.8125,35.81,0,0.02,0.25,0,0,20,0.5,0.103,5.5,50,0,0.1,0.1,0.1,0.1,0.1,0.1,0.5,0,15566,0.036297058,0.014904279,0,0,0,0,0,0,0,0,0,0,0.44,1.132055951
87447.52,0.455995358,0.5,6404,37,0.514525,31.9375,34.8125,35.91,0,0.015485763,0.131943052,0,0,20,0.5,0.103,5.5,50,0,0.1,0.1,0.1,0.1,0.1,0.1,0.5,0,16115,0.034688179,0.014458579,0,0,0,0,0,0,0,0,0,0,0.44,1.132055951
87507.59,0.410930381,0.5,6404,37,0.502904808,32,34.8125,36.25,0,0,0.07,0,0,20,0.5,0.103,5.5,50,0,0.1,0.1,0.1,0.1,0.1,0.1,0.5,0,14670,0.035514656,0.014451261,0,0,0,0,0,0,0,0,0,0,5,1.132055951
87567.65,0.403247498,0.5,6404,37,0.23125,32.125,34.875,37.11,0,0,0.07,0,0,20,0.5,0.103,5.5,50,0,0.1,0.1,0.1,0.1,0.1,0.1,0.5,0,15444,0.035029785,0.014374514,0,0,0,0,0,0,0,0,0,0,5,1.132055951
87627.72,0.420659512,0.5,6404,37,0.15135,32.3125,34.8125,37.37,0,0,0.07,0,0,20,0.5,0.103,5.5,50,0,0.1,0.1,0.1,0.1,0.1,0.1,0.5,0,15769,0.03500539,0.014331917,0,0,0,0,0,0,0,0,0,0,5,1.132055951
87687.79,0.42516658,0.5,6404,37,0.0793,32.4375,34.8125,37.53,0,0,0.25,0,0,20,0.5,0.103,5.5,50,0,0.1,0.1,0.1,0.1,0.1,0.1,0.5,0,14698,0.035923255,0.014899986,0,0,0,0,0,0,0,0,0,0,5,1.132055951
87747.83,0.434572473,0.5,6404,37,0.09785,32.375,34.75,37.37,0,0,0.07,0,0,20,0.5,0.103,5.5,50,0,0.1,0.1,0.1,0.1,0.1,0.1,0.5,0,15469,0.035037818,0.014739156,0,0,0,0,0,0,0,0,0,0,5,1.132055951
87807.89,0.456537638,0.5,6404,37,0.12765,32.375,34.75,37.27,0,0,0.07,0,0,20,0.5,0.103,5.5,50,0,0.1,0.1,0.1,0.1,0.1,0.1,0.5,0,16491,0.034806864,0.014553393,0,0,0,0,0,0,0,0,0,0,5,1.132055951
87867.92,0.471245685,0,6404,37,0.12485,32.375,34.75,37.21,0,1,0,0,0,20,0.5,0.103,5.5,50,0,0.1,0.1,0.1,0.1,0.1,0.1,0.5,0,16634,0.034627871,0.014608633,0,0,0,0,0,0,0,0,0,0,5,1.132055951
87927.96,0.469633247,0,6404,37,0.13205,32.3125,34.625,37.19,0,0,0,0,0,20,0.5,0.103,5.5,50,0,0.1,0.1,0.1,0.1,0.1,0.1,0.5,0,15508,0.035659015,0.014573124,0,0,0,0,0,0,0,0,0,0,5,1.132055951
87988.03,0.500960916,0,6404,37,0.14845,32.25,34.5625,37.09,0,0,0,0,0,20,0.5,0.103,5.5,50,0,0.1,0.1,0.1,0.1,0.1,0.1,0.5,0,16971,0.034234871,0.01455424,0,0,0,0,0,0,0,0,0,0,5,1.132055951
88048.09,0.501311472,0,6404,37,0.12595,32.25,34.5,37.09,0,0,0,0,0,20,0.5,0.103,5.5,50,0,0.1,0.1,0.1,0.1,0.1,0.1,0.5,0,15386,0.036006759,0.014688678,0,0,0,0,0,0,0,0,0,0,5,1.132055951
88108.19,0.523154361,0,6404,37,0.11435,32.1875,34.5,36.71,0,0,0,0,0,20,0.5,0.104,5.5,50,25,0.1,0.1,0.1,0.1,0.1,0.1,0.5,0,22054,0.032465766,0.013875034,0,0,0,0,0,0,0,0,0,0,5,1.132055951
88168.29,0.488674012,0.5,6404,37,0.27925,32.125,34.4375,36.79,0,0,0.07,0,0,20,0.5,0.104,5.5,50,25,0.1,0.1,0.1,0.1,0.1,0.1,0.5,0,16983,0.034740623,0.014602838,0,0,0,0,0,0,0,0,0,0,5,0.87091033
88228.32,0.506974715,0.5,6404,37,0.13835,32.1875,34.4375,37.03,0,0,0.07,0,0,20,0.5,0.104,5.5,50,25,0.1,0.1,0.1,0.1,0.1,0.1,0.5,0,17317,0.034243807,0.014263441,0,0,0,0,0,0,0,0,0,0,5,0.937661332
88288.36,0.513943932,0.5,6404,37,0.1145,32.1875,34.4375,37.19,0,0,0.25,0,0,20,0.5,0.104,5.5,50,25,0.1,0.1,0.1,0.1,0.1,0.1,0.5,0,17022,0.035189754,0.014275643,0,0,0,0,0,0,0,0,0,0,5,0.931737409
88348.4,0.527105078,0.5,6404,37,0.11695,32.1875,34.5,37.11,0,0,0.07,0,0,20,0.5,0.104,5.5,50,25,0.1,0.1,0.1,0.1,0.1,0.1,0.5,0,16382,0.03558784,0.014711268,0,0,0,0,0,0,0,0,0,0,5,0.961007755
88408.45,0.523219037,0.5,6404,37,0.11005,32.3125,34.625,37.09,0,0,0.07,0,0,20,0.5,0.104,5.5,50,25,0.1,0.1,0.1,0.1,0.1,0.1,0.5,0,16617,0.035626166,0.014743937,0,0,0,0,0,0,0,0,0,0,5,0.890758173
88468.49,0.537191237,0.5,6404,37,0.16735,32.1875,34.6875,36.87,0,0,0.07,0,0,20,0.5,0.104,5.5,50,25,0.1,0.1,0.1,0.1,0.1,0.1,0.5,0,18460,0.034561213,0.014301192,0,0,0,0,0,0,0,0,0,0,5,0.925282165
88528.57,0.543350885,0.5,6404,37,0.10465,32.125,34.6875,36.95,0,0,0,0,0,20,0.5,0.104,5.5,50,25,0.1,0.1,0.1,0.1,0.1,0.1,0.5,0,17584,0.035031847,0.01427434,0,0,0,0,0,0,0,0,0,0,5,0.913221525
88588.64,0.552290748,0.5,6404,37,0.11725,32.125,34.75,36.77,0,0.02,0.25,0,0,20,0.5,0.104,5.5,50,25,0.1,0.1,0.1,0.1,0.1,0.1,0.5,0,17529,0.035255862,0.014718467,0,0,0,0,0,0,0,0,0,0,0.44,0.913221525
88648.72,0.488439534,0.5,6404,37,0.47115,32.0625,34.6875,36.21,0,0.01779876,0.14119504,0,0,20,0.5,0.104,5.5,50,25,0.1,0.1,0.1,0.1,0.1,0.1,0.5,0,16636,0.035345035,0.014847319,0,0,0,0,0,0,0,0,0,0,0.44,0.913221525
88708.79,0.463567897,0.5,6404,37,0.439936158,32,34.75,35.99,0,0.014988821,0.129955283,0,0,20,0.5,0.104,5.5,50,25,0.1,0.1,0.1,0.1,0.1,0.1,0.5,0,15673,0.035730237,0.014866331,0,0,0,0,0,0,0,0,0,0,0.44,0.913221525
88768.83,0.428413984,0.5,6404,37,0.399999693,32.125,34.6875,36.61,0,0,0.07,0,0,20,0.5,0.104,5.5,50,25,0.1,0.1,0.1,0.1,0.1,0.1,0.5,0,16099,0.034536307,0.014410833,0,0,0,0,0,0,0,0,0,0,5,0.913221525
88828.86,0.426678299,0.5,6404,37,0.17485,32.25,34.6875,37.09,0,0,0.07,0,0,20,0.5,0.104,5.5,50,25,0.1,0.1,0.1,0.1,0.1,0.1,0.5,0,15507,0.035274392,0.014767524,0,0,0,0,0,0,0,0,0,0,5,0.913221525
88888.93,0.438838627,0.5,6404,37,0.12025,32.3125,34.75,37.35,0,0,0.25,0,0,20,0.5,0.104,5.5,50,25,0.1,0.1,0.1,0.1,0.1,0.1,0.5,0,15772,0.035252346,0.014392594,0,0,0,0,0,0,0,0,0,0,5,0.913221525
88948.99,0.459846437,0.5,6404,37,0.13215,32.375,34.75,37.29,0,0,0.07,0,0,20,0.5,0.104,5.5,50,25,0.1,0.1,0.1,0.1,0.1,0.1,0.5,0,16081,0.034948075,0.014551334,0,0,0,0,0,0,0,0,0,0,5,0.913221525
89009.06,0.47274514,0.5,6404,37,0.10575,32.375,34.75,37.25,0,0,0.07,0,0,20,0.5,0.104,5.5,50,25,0.1,0.1,0.1,0.1,0.1,0.1,0.5,0,16312,0.035188818,0.014283963,0,0,0,0,0,0,0,0,0,0,5,0.913221525
89069.14,0.484258861,0.5,6404,37,0.11825,32.375,34.75,37.21,0,0,0.07,0,0,20,0.5,0.104,5.5,50,25,0.1,0.1,0.1,0.1,0.1,0.1,0.5,0,16619,0.035020158,0.01468199,0,0,0,0,0,0,0,0,0,0,5,0.913221525
89129.21,0.484888522,0.5,6404,37,0.10425,32.375,34.6875,37.13,0,0,0.07,0,0,20,0.5,0.104,5.5,50,25,0.1,0.1,0.1,0.1,0.1,0.1,0.5,0,16548,0.034928692,0.014624124,0,0,0,0,0,0,0,0,0,0,5,0.871458684
89189.27,0.498081863,0.5,6404,37,0.13475,32.375,34.8125,37.09,0,0,0.25,0,0,20,0.5,0.104,5.5,50,25,0.1,0.1,0.1,0.1,0.1,0.1,0.5,0,15812,0.035669112,0.014482671,0,0,0,0,0,0,0,0,0,0,5,0.908422055
89249.31,0.513959717,0.5,6404,37,0.14085,32.25,34.8125,37.03,0,0,0.07,0,0,20,0.5,0.104,5.5,50,25,0.1,0.1,0.1,0.1,0.1,0.1,0.5,0,17772,0.034323655,0.01446095,0,0,0,0,0,0,0,0,0,0,5,0.957142282
89309.38,0.50835915,0.5,6404,37,0.10365,32.3125,34.8125,37.09,0,0,0.07,0,0,20,0.5,0.104,5.5,50,25,0.1,0.1,0.1,0.1,0.1,0.1,0.5,0,17057,0.035293428,0.014422231,0,0,0,0,0,0,0,0,0,0,5,0.87641505
89369.47,0.522092336,0.5,6404,37,0.16035,32.25,34.875,36.97,0,0,0,0,0,20,0.5,0.104,5.5,50,25,0.1,0.1,0.1,0.1,0.1,0.1,0.5,0,17571,0.034545558,0.014341813,0,0,0,0,0,0,0,0,0,0,5,0.912563128
89429.51,0.551140303,0.5,6404,37,0.11825,32.1875,34.8125,37.05,0,0,0,0,0,20,0.5,0.104,5.5,50,25,0.1,0.1,0.1,0.1,0.1,0.1,0.5,0,17044,0.035144332,0.014667918,0,0,0,0,0,0,0,0,0,0,5,1.029369814
89489.56,0.541644718,0.5,6404,37,0.13585,32.25,34.875,37.05,0,0.02,0.25,0,0,20,0.5,0.104,5.5,50,25,0.1,0.1,0.1,0.1,0.1,0.1,0.5,0,16870,0.035328986,0.014582098,0,0,0,0,0,0,0,0,0,0,0.44,1.029369814
89549.62,0.484877769,0.5,6404,37,0.4408,32.125,34.9375,36.21,0,0.016273989,0.135095955,0,0,20,0.5,0.104,5.5,50,25,0.1,0.1,0.1,0.1,0.1,0.1,0.5,0,16239,0.035470164,0.014471334,0,0,0,0,0,0,0,0,0,0,0.44,1.029369814
89609.65,0.470417072,0.5,6404,37,0.451035326,32.0625,34.9375,36.29,0,0.017854521,0.141418086,0,0,20,0.5,0.104,5.5,50,25,0.1,0.1,0.1,0.1,0.1,0.1,0.5,0,15911,0.035195777,0.014392559,0,0,0,0,0,0,0,0,0,0,0.44,1.029369814
89669.71,0.40132918,0.5,6404,37,0.407618766,32.125,34.9375,36.41,0,0,0.07,0,0,20,0.5,0.104,5.5,50,25,0.1,0.1,0.1,0.1,0.1,0.1,0.5,0,14306,0.036348385,0.014539354,0,0,0,0,0,0,0,0,0,0,5,1.029369814
89729.79,0.425044863,0.5,6404,37,0.16025,32.3125,34.9375,37.11,0,0,0.07,0,0,20,0.5,0.104,5.5,50,25,0.1,0.1,0.1,0.1,0.1,0.1,0.5,0,14878,0.035757494,0.01471972,0,0,0,0,0,0,0,0,0,0,5,1.029369814
89789.86,0.428234863,0.5,6404,37,0.10855,32.4375,34.875,37.17,0,0,0.25,0,0,20,0.5,0.104,5.5,50,25,0.1,0.1,0.1,0.1,0.1,0.1,0.5,0,15320,0.035182768,0.014360313,0,0,0,0,0,0,0,0,0,0,5,1.029369814
89849.92,0.458175335,0.5,6404,37,0.07385,32.4375,34.8125,37.37,0,0,0.07,0,0,20,0.5,0.104,5.5,50,25,0.1,0.1,0.1,0.1,0.1,0.1,0.5,0,16391,0.034409127,0.014459154,0,0,0,0,0,0,0,0,0,0,5,1.029369814
89909.98,0.461021608,0.5,6404,37,0.15695,32.375,34.75,37.19,0,0,0.07,0,0,20,0.5,0.104,5.5,50,25,0.1,0.1,0.1,0.1,0.1,0.1,0.5,0,15342,0.035784122,0.014470082,0,0,0,0,0,0,0,0,0,0,5,1.029369814
89970.02,0.450618958,0.5,6404,37,0.11265,32.3125,34.8125,37.19,0,0,0.07,0,0,20,0.5,0.104,5.5,50,25,0.1,0.1,0.1,0.1,0.1,0.1,0.5,0,16087,0.035183689,0.014483745,0,0,0,0,0,0,0,0,0,0,5,1.029369814
90030.09,0.479296362,0.5,6404,37,0.13225,32.3125,34.75,37.09,0,0,0.07,0,0,20,0.5,0.104,5.5,50,25,0.1,0.1,0.1,0.1,0.1,0.1,0.5,0,16303,0.03496289,0.014537202,0,0,0,0,0,0,0,0,0,0,5,1.16299237
90090.14,0.481726267,0.5,6404,37,0.08445,32.3125,34.75,37.29,0,0,0.25,0,0,20,0.5,0.104,5.5,50,25,0.1,0.1,0.1,0.1,0.1,0.1,0.5,0,16651,0.03471263,0.014533662,0,0,0,0,0,0,0,0,0,0,5,1.120013534
90150.17,0.501124426,0.5,6404,37,0.12605,32.125,34.6875,37.05,0,0,0.07,0,0,20,0.5,0.104,5.5,50,25,0.1,0.1,0.1,0.1,0.1,0.1,0.5,0,16654,0.034886514,0.014350907,0,0,0,0,0,0,0,0,0,0,5,1.182448003
90210.23,0.503210282,0.5,6404,37,0.13545,32.25,34.75,37.01,0,0,0.07,0,0,20,0.5,0.104,5.5,50,25,0.1,0.1,0.1,0.1,0.1,0.1,0.5,0,17005,0.034695678,0.014466333,0,0,0,0,0,0,0,0,0,0,5,1.135786743
90270.27,0.51999653,0.5,6404,37,0.13095,32.1875,34.6875,37.05,0,0,0,0,0,20,0.5,0.104,5.5,50,25,0.1,0.1,0.1,0.1,0.1,0.1,0.5,0,17545,0.03476774,0.01430607,0,0,0,0,0,0,0,0,0,0,5,1.177439407
90330.3,0.537184894,0.5,6404,37,0.14355,32.125,34.75,36.89,0,0,0,0,0,20,0.5,0.104,5.5,50,25,0.1,0.1,0.1,0.1,0.1,0.1,0.5,0,16808,0.035221323,0.014457401,0,0,0,0,0,0,0,0,0,0,5,1.216128052
90390.38,0.518969403,0.5,6404,37,0.11345,32.125,34.75,37.01,0,0,0,0,0,20,0.5,0.104,5.5,50,25,0.1,0.1,0.1,0.1,0.1,0.1,0.5,0,17120,0.03510514,0.014369159,0,0,0,0,0,0,0,0,0,0,5,1.051829404
90450.45,0.537315201,0.5,6404,37,0.15785,32.0625,34.75,36.93,0,0,0,0,0,20,0.5,0.104,5.5,50,25,0.1,0.1,0.1,0.1,0.1,0.1,0.5,0,17384,0.034974689,0.01438104,0,0,0,0,0,0,0,0,0,0,5,1.103457816
90510.51,0.554048511,0.5,6404,37,0.09745,32.125,34.875,36.87,0,0,0,0,0,20,0.5,0.104,5.5,50,25,0.1,0.1,0.1,0.1,0.1,0.1,0.5,0,17197,0.035413153,0.014711868,0,0,0,0,0,0,0,0,0,0,5,1.140287001
90570.58,0.572921333,0.5,6404,37,0.13655,32.125,34.9375,37.01,0,0.02,0.15,0,0,20,0.5,0.104,5.5,50,25,0.1,0.1,0.1,0.1,0.1,0.1,0.5,0,17838,0.03486938,0.014519565,0,0,0,0,0,0,0,0,0,0,0.44,1.140287001
90630.63,0.511664167,0.5,6404,37,0.403475,32,34.875,36.31,0,0.02,0.15,0,0,20,0.5,0.104,5.5,50,25,0.1,0.1,0.1,0.1,0.1,0.1,0.5,0,16942,0.035119821,0.014638177,0,0,0,0,0,0,0,0,0,0,0.44,1.140287001
90690.67,0.44752874,0.5,6404,37,0.4774,31.9375,34.875,36.01,0,0.00178079,0.25,0,0,20,0.5,0.104,5.5,50,25,0.1,0.1,0.1,0.1,0.1,0.1,0.5,0,16034,0.035112885,0.014656355,0,0,0,0,0,0,0,0,0,0,0.44,1.140287001
90750.74,0.458817167,0.5,6404,37,0.246920731,32.0625,34.8125,36.85,0,0,0.07,0,0,20,0.5,0.104,5.5,50,25,0.1,0.1,0.1,0.1,0.1,0.1,0.5,0,16262,0.034805067,0.014450867,0,0,0,0,0,0,0,0,0,0,5,1.140287001
90810.81,0.467155392,0.5,6404,37,0.09515,32.25,34.75,37.17,0,0,0.07,0,0,20,0.5,0.104,5.5,50,25,0.1,0.1,0.1,0.1,0.1,0.1,0.5,0,15882,0.035134114,0.014607732,0,0,0,0,0,0,0,0,0,0,5,1.140287001
90870.92,0.471910173,0.5,6404,37,0.15235,32.25,34.75,37.13,0,0,0.07,0,0,20,0.5,0.104,5.5,50,25,0.1,0.1,0.1,0.1,0.1,0.1,0.5,0,16363,0.034773575,0.014483897,0,0,0,0,0,0,0,0,0,0,5,1.140287001
90930.99,0.471697856,0.5,6404,37,0.13365,32.25,34.75,37.03,0,0,0.07,0,0,20,0.5,0.104,5.5,50,25,0.1,0.1,0.1,0.1,0.1,0.1,0.5,0,15861,0.034928441,0.014374882,0,0,0,0,0,0,0,0,0,0,5,1.140287001
90991.05,0.484030366,0.5,6404,37,0.12735,32.1875,34.75,37.09,0,0,0.25,0,0,20,0.5,0.104,5.5,50,25,0.1,0.1,0.1,0.1,0.1,0.1,0.5,0,17327,0.03451261,0.014543776,0,0,0,0,0,0,0,0,0,0,5,1.140287001
91051.1,0.496244853,0.5,6404,37,0.11225,32.125,34.75,37.27,0,0,0.07,0,0,20,0.5,0.104,5.5,50,25,0.1,0.1,0.1,0.1,0.1,0.1,0.5,0,16480,0.034951456,0.014563107,0,0,0,0,0,0,0,0,0,0,5,1.140287001
91111.17,0.520565742,0.5,6404,37,0.12595,32.125,34.75,37.29,0,0,0.07,0,0,20,0.5,0.104,5.5,50,25,0.1,0.1,0.1,0.1,0.1,0.1,0.5,0,16554,0.035520116,0.014437598,0,0,0,0,0,0,0,0,0,0,5,1.226812827
91171.22,0.524671799,0.5,6404,37,0.13205,32.25,34.75,37.01,0,0,0.07,0,0,20,0.5,0.104,5.5,50,25,0.1,0.1,0.1,0.1,0.1,0.1,0.5,0,16857,0.035000297,0.014593344,0,0,0,0,0,0,0,0,0,0,5,1.189042395
91231.28,0.538242555,0.5,6404,37,0.13875,32.125,34.75,37.11,0,0,0.07,0,0,20,0.5,0.104,5.5,50,25,0.1,0.1,0.1,0.1,0.1,0.1,0.5,0,18170,0.034012108,0.014144194,0,0,0,0,0,0,0,0,0,0,5,1.206199421
91291.34,0.534848977,0.5,6404,37,0.15045,32.125,34.75,37.05,0,0,0.25,0,0,20,0.5,0.104,5.5,50,25,0.1,0.1,0.1,0.1,0.1,0.1,0.5,0,17418,0.034849007,0.014352968,0,0,0,0,0,0,0,0,0,0,5,1.126914798
91351.41,0.555590244,0.5,6404,37,0.11915,32.1875,34.75,37.03,0,0,0,0,0,20,0.5,0.104,5.5,50,25,0.1,0.1,0.1,0.1,0.1,0.1,0.5,0,16996,0.035302424,0.014473994,0,0,0,0,0,0,0,0,0,0,5,1.184708948
91411.48,0.559908648,0.5,6404,37,0.12705,32.125,34.8125,36.97,0,0.02,0.15,0,0,20,0.5,0.104,5.5,50,25,0.1,0.1,0.1,0.1,0.1,0.1,0.5,0,16715,0.035776249,0.014597667,0,0,0,0,0,0,0,0,0,0,0.44,1.184708948
91471.57,0.498382723,0.5,6404,37,0.435625,32,34.8125,36.07,0,0.019834181,0.149336725,0,0,20,0.5,0.104,5.5,50,25,0.1,0.1,0.1,0.1,0.1,0.1,0.5,0,16647,0.034901183,0.01429687,0,0,0,0,0,0,0,0,0,0,0.44,1.184708948
91531.62,0.446934256,0.5,6404,37,0.489870543,31.9375,34.8125,36.15,0,0,0.07,0,0,20,0.5,0.104,5.5,50,25,0.1,0.1,0.1,0.1,0.1,0.1,0.5,0,16047,0.034835172,0.014582165,0,0,0,0,0,0,0,0,0,0,5,1.184708948
91591.69,0.453411111,0.5,6404,37,0.21305,32.125,34.875,36.97,0,0,0.25,0,0,20,0.5,0.104,5.5,50,25,0.1,0.1,0.1,0.1,0.1,0.1,0.5,0,15998,0.034941868,0.014439305,0,0,0,0,0,0,0,0,0,0,5,1.184708948
91651.73,0.462841937,0.5,6404,37,0.16445,32.3125,34.875,37.35,0,0,0.07,0,0,20,0.5,0.104,5.5,50,25,0.1,0.1,0.1,0.1,0.1,0.1,0.5,0,15401,0.035322382,0.014804233,0,0,0,0,0,0,0,0,0,0,5,1.184708948
91711.78,0.4708854,0.5,6404,37,0.08655,32.375,34.875,37.29,0,0,0.07,0,0,20,0.5,0.104,5.5,50,25,0.1,0.1,0.1,0.1,0.1,0.1,0.5,0,16400,0.034512195,0.014207317,0,0,0,0,0,0,0,0,0,0,5,1.184708948
91771.82,0.498867372,0.5,6404,37,0.15695,32.375,34.875,37.17,0,0,0.07,0,0,20,0.5,0.104,5.5,50,25,0.1,0.1,0.1,0.1,0.1,0.1,0.5,0,16519,0.034808402,0.014165506,0,0,0,0,0,0,0,0,0,0,5,1.184708948
91831.87,0.500623128,0.5,6404,37,0.09885,32.375,34.875,37.29,0,0,0.07,0,0,20,0.5,0.104,5.5,50,25,0.1,0.1,0.1,0.1,0.1,0.1,0.5,0,17517,0.033967003,0.01427185,0,0,0,0,0,0,0,0,0,0,5,1.184708948
91891.92,0.509199508,0.5,6404,37,0.10575,32.3125,34.875,37.25,0,0,0.25,0,0,20,0.5,0.104,5.5,50,25,0.1,0.1,0.1,0.1,0.1,0.1,0.5,0,16545,0.035055908,0.014566334,0,0,0,0,0,0,0,0,0,0,5,1.176432464
91951.98,0.532003873,0.5,6404,37,0.14655,32.3125,34.8125,37.05,0,0,0.07,0,0,20,0.5,0.104,5.5,50,25,0.1,0.1,0.1,0.1,0.1,0.1,0.5,0,16534,0.035139712,0.014394581,0,0,0,0,0,0,0,0,0,0,5,1.249043449
92012.05,0.534185124,0.5,6404,37,0.12235,32.25,34.8125,37.01,0,0,0.07,0,0,20,0.5,0.104,5.5,50,25,0.1,0.1,0.1,0.1,0.1,0.1,0.5,0,16985,0.034618781,0.014365617,0,0,0,0,0,0,0,0,0,0,5,1.198866329
92072.11,0.54345157,0.5,6404,37,0.12605,32.1875,34.75,37.19,0,0,0.07,0,0,20,0.5,0.104,5.5,50,25,0.1,0.1,0.1,0.1,0.1,0.1,0.5,0,16818,0.035200381,0.014627185,0,0,0,0,0,0,0,0,0,0,5,1.190517435
92132.17,0.546731106,0.5,6404,37,0.12655,32.1875,34.75,37.21,0,0.02,0.15,0,0,20,0.5,0.104,5.5,50,25,0.1,0.1,0.1,0.1,0.1,0.1,0.5,0,17002,0.035054699,0.014527703,0,0,0,0,0,0,0,0,0,0,0.44,1.190517435
92192.24,0.486447899,0.5,6404,37,0.49815,32.0625,34.75,36.21,0,0.016985788,0.25,0,0,20,0.5,0.104,5.5,50,25,0.1,0.1,0.1,0.1,0.1,0.1,0.5,0,15437,0.035628684,0.014510591,0,0,0,0,0,0,0,0,0,0,0.44,1.190517435
92252.3,0.428213092,0.5,6404,37,0.477748125,32,34.75,36.31,0,0,0.07,0,0,20,0.5,0.104,5.5,50,25,0.1,0.1,0.1,0.1,0.1,0.1,0.5,0,15512,0.035069624,0.014569366,0,0,0,0,0,0,0,0,0,0,5,1.190517435
92312.36,0.452468945,0.5,6404,37,0.18785,32.125,34.75,37.21,0,0,0.07,0,0,20,0.5,0.104,5.5,50,25,0.1,0.1,0.1,0.1,0.1,0.1,0.5,0,15263,0.035183123,0.014676014,0,0,0,0,0,0,0,0,0,0,5,1.190517435
92372.46,0.456429151,0.5,6404,37,0.09735,32.25,34.75,37.17,0,0,0.07,0,0,20,0.5,0.104,5.5,50,25,0.1,0.1,0.1,0.1,0.1,0.1,0.5,0,16437,0.034373669,0.014175336,0,0,0,0,0,0,0,0,0,0,5,1.190517435
92432.5,0.470048482,0.5,6404,37,0.13035,32.3125,34.75,37.25,0,0,0.07,0,0,20,0.5,0.104,5.5,50,25,0.1,0.1,0.1,0.1,0.1,0.1,0.5,0,15863,0.035176196,0.014562189,0,0,0,0,0,0,0,0,0,0,5,1.190517435
92492.57,0.498349968,0.5,6404,37,0.16375,32.3125,34.75,37.13,0,0,0.25,0,0,20,0.5,0.104,5.5,50,25,0.1,0.1,0.1,0.1,0.1,0.1,0.5,0,16414,0.034726453,0.014317046,0,0,0,0,0,0,0,0,0,0,5,1.190517435
92552.63,0.496907352,0.5,6404,37,0.13835,32.375,34.8125,37.17,0,0,0.07,0,0,20,0.5,0.104,5.5,50,25,0.1,0.1,0.1,0.1,0.1,0.1,0.5,0,16515,0.034998486,0.014290039,0,0,0,0,0,0,0,0,0,0,5,1.190517435
92612.67,0.503744089,0.5,6404,37,0.10345,32.3125,34.75,37.19,0,0,0.07,0,0,20,0.5,0.104,5.5,50,25,0.1,0.1,0.1,0.1,0.1,0.1,0.5,0,15757,0.035285905,0.014723615,0,0,0,0,0,0,0,0,0,0,5,1.171985917
92672.71,0.51916035,0.5,6404,37,0.10565,32.25,34.875,37.03,0,0,0.07,0,0,20,0.5,0.104,5.5,50,25,0.1,0.1,0.1,0.1,0.1,0.1,0.5,0,17723,0.033967161,0.014331659,0,0,0,0,0,0,0,0,0,0,5,1.203819868
92732.79,0.509939508,0.5,6404,37,0.13055,32.25,34.875,37.09,0,0,0.07,0,0,20,0.5,0.104,5.5,50,25,0.1,0.1,0.1,0.1,0.1,0.1,0.5,0,16703,0.03484404,0.014248937,0,0,0,0,0,0,0,0,0,0,5,1.089866812
92792.85,0.516995054,0.5,6404,37,0.13105,32.25,34.875,37.13,0,0,0.25,0,0,20,0.5,0.104,5.5,50,25,0.1,0.1,0.1,0.1,0.1,0.1,0.5,0,16997,0.034947344,0.014531976,0,0,0,0,0,0,0,0,0,0,5,1.076597075
92852.91,0.547826335,0.5,6404,37,0.14865,32.25,34.875,36.85,0,0,0,0,0,20,0.5,0.104,5.5,50,25,0.1,0.1,0.1,0.1,0.1,0.1,0.5,0,17475,0.034735336,0.014477825,0,0,0,0,0,0,0,0,0,0,5,1.196542283
92913.03,0.533904619,0.5,6404,37,0.06795,32.1875,34.875,37.17,0,0,0,0,0,20,0.5,0.104,5.5,50,25,0.1,0.1,0.1,0.1,0.1,0.1,0.5,0,17155,0.035033518,0.014398135,0,0,0,0,0,0,0,0,0,0,5,1.059491802
92973.07,0.554530878,0.5,6404,37,0.15935,32.1875,34.875,36.87,0,0,0,0,0,20,0.5,0.104,5.5,50,25,0.1,0.1,0.1,0.1,0.1,0.1,0.5,0,16889,0.035348452,0.014328853,0,0,0,0,0,0,0,0,0,0,5,1.120233069
93033.14,0.565624959,0.5,6404,37,0.08955,32.125,34.8125,36.93,0,0.02,0.15,0,0,20,0.5,0.104,5.5,50,25,0.1,0.1,0.1,0.1,0.1,0.1,0.5,0,17587,0.03462785,0.014215045,0,0,0,0,0,0,0,0,0,0,0.44,1.120233069
93093.18,0.521958634,0.5,6404,37,0.491625,31.875,34.75,36.13,0,0.02,0.25,0,0,20,0.5,0.104,5.5,50,25,0.1,0.1,0.1,0.1,0.1,0.1,0.5,0,17308,0.034377167,0.014501964,0,0,0,0,0,0,0,0,0,0,0.44,1.120233069
93153.25,0.455044196,0.5,6404,37,0.48715,31.875,34.8125,36.07,0,0.02,0.15,0,0,20,0.5,0.104,5.5,50,25,0.1,0.1,0.1,0.1,0.1,0.1,0.5,0,17010,0.034215168,0.014285714,0,0,0,0,0,0,0,0,0,0,0.44,1.120233069
93213.29,0.397139204,0.5,6404,37,0.493925,31.9375,34.75,36.21,0,0,0.07,0,0,20,0.5,0.104,5.5,50,25,0.1,0.1,0.1,0.1,0.1,0.1,0.5,0,15248,0.035217733,0.014690451,0,0,0,0,0,0,0,0,0,0,5,1.120233069
93273.36,0.410161878,0.5,6404,37,0.20035,32.125,34.75,37.25,0,0,0.07,0,0,20,0.5,0.104,5.5,50,25,0.1,0.1,0.1,0.1,0.1,0.1,0.5,0,15566,0.034819478,0.014261853,0,0,0,0,0,0,0,0,0,0,5,1.120233069
93333.4,0.426820973,0.5,6404,37,0.10655,32.25,34.75,37.41,0,0,0.07,0,0,20,0.5,0.104,5.5,50,25,0.1,0.1,0.1,0.1,0.1,0.1,0.5,0,14987,0.035363982,0.014412491,0,0,0,0,0,0,0,0,0,0,5,1.120233069
93393.45,0.439686386,0.5,6404,37,0.10595,32.375,34.75,37.13,0,0,0.25,0,0,20,0.5,0.104,5.5,50,25,0.1,0.1,0.1,0.1,0.1,0.1,0.5,0,15774,0.034740713,0.014137188,0,0,0,0,0,0,0,0,0,0,5,1.120233069
93453.49,0.438577176,0.5,6404,37,0.15045,32.25,34.75,37.29,0,0,0.07,0,0,20,0.5,0.104,5.5,50,25,0.1,0.1,0.1,0.1,0.1,0.1,0.5,0,15122,0.035114403,0.014416083,0,0,0,0,0,0,0,0,0,0,5,1.120233069
93513.59,0.449720333,0.5,6404,37,0.10175,32.3125,34.75,37.19,0,0,0.07,0,0,20,0.5,0.104,5.5,50,25,0.1,0.1,0.1,0.1,0.1,0.1,0.5,0,16265,0.034429757,0.014079311,0,0,0,0,0,0,0,0,0,0,5,1.120233069
93573.66,0.457918583,0.5,6404,37,0.14425,32.3125,34.8125,37.27,0,0,0.07,0,0,20,0.5,0.104,5.5,50,25,0.1,0.1,0.1,0.1,0.1,0.1,0.5,0,15872,0.03484123,0.014490927,0,0,0,0,0,0,0,0,0,0,5,1.118417901
93633.72,0.470309785,0.5,6404,37,0.13265,32.25,34.75,37.21,0,0,0.07,0,0,20,0.5,0.104,5.5,50,25,0.1,0.1,0.1,0.1,0.1,0.1,0.5,0,16404,0.03456474,0.014447696,0,0,0,0,0,0,0,0,0,0,5,1.142597584
93693.77,0.472466411,0.5,6404,37,0.07775,32.25,34.8125,37.27,0,0,0.25,0,0,20,0.5,0.104,5.5,50,25,0.1,0.1,0.1,0.1,0.1,0.1,0.5,0,16297,0.034791679,0.01429711,0,0,0,0,0,0,0,0,0,0,5,1.099192889
93753.81,0.492609062,0.5,6404,37,0.15915,32.1875,34.875,37.21,0,0,0.07,0,0,20,0.5,0.104,5.5,50,25,0.1,0.1,0.1,0.1,0.1,0.1,0.5,0,16261,0.034930201,0.014574749,0,0,0,0,0,0,0,0,0,0,5,1.169480921
93813.89,0.491894731,0.5,6404,37,0.13465,32.1875,34.875,37.19,0,0,0,0,0,20,0.5,0.104,5.5,50,25,0.1,0.1,0.1,0.1,0.1,0.1,0.5,0,16123,0.035167153,0.014637474,0,0,0,0,0,0,0,0,0,0,5,1.106653424
93873.97,0.526350705,0.5,6404,37,0.13165,32.25,34.875,37.01,0,0,0,0,0,20,0.5,0.104,5.5,50,25,0.1,0.1,0.1,0.1,0.1,0.1,0.5,0,17466,0.034295202,0.014199015,0,0,0,0,0,0,0,0,0,0,5,1.254429745
93934.05,0.533673087,0.5,6404,37,0.13395,32.125,34.875,37.01,0,0,0,0,0,20,0.5,0.104,5.5,50,25,0.1,0.1,0.1,0.1,0.1,0.1,0.5,0,16503,0.03520572,0.014603405,0,0,0,0,0,0,0,0,0,0,5,1.233155436
93994.1,0.522357177,0.5,6404,37,0.12705,32.1875,34.8125,37.05,0,0,0,0,0,20,0.5,0.104,5.5,50,25,0.1,0.1,0.1,0.1,0.1,0.1,0.5,0,16603,0.035114136,0.014635909,0,0,0,0,0,0,0,0,0,0,5,1.107202102
94054.18,0.549408686,0.5,6404,37,0.10315,32.1875,34.75,37.13,0,0,0,0,0,20,0.5,0.104,5.5,50,25,0.1,0.1,0.1,0.1,0.1,0.1,0.5,0,17600,0.034034091,0.014090909,0,0,0,0,0,0,0,0,0,0,5,1.203314941
94114.22,0.534037352,0.5,6404,37,0.14225,32.125,34.8125,36.87,0,0,0,0,0,20,0.5,0.104,5.5,50,25,0.1,0.1,0.1,0.1,0.1,0.1,0.5,0,16869,0.034916118,0.014464402,0,0,0,0,0,0,0,0,0,0,5,1.058018798
94174.26,0.554892684,0.5,6404,37,0.18025,32.125,34.75,37.09,0,0,0,0,0,20,0.5,0.104,5.5,50,25,0.1,0.1,0.1,0.1,0.1,0.1,0.5,0,17910,0.03400335,0.014126186,0,0,0,0,0,0,0,0,0,0,5,1.120044704
94234.31,0.567069549,0.5,6404,37,0.13255,32.125,34.8125,36.97,0,0.02,0.15,0,0,20,0.5,0.104,5.5,50,25,0.1,0.1,0.1,0.1,0.1,0.1,0.5,0,17646,0.034682081,0.014224187,0,0,0,0,0,0,0,0,0,0,0.44,1.120044704
94294.38,0.516482351,0.5,6404,37,0.397425,32,34.75,36.31,0,0.02,0.25,0,0,20,0.5,0.104,5.5,50,25,0.1,0.1,0.1,0.1,0.1,0.1,0.5,0,16297,0.03546665,0.014481193,0,0,0,0,0,0,0,0,0,0,0.44,1.120044704
94354.41,0.465011046,0.5,6404,37,0.51965,31.9375,34.75,35.83,0,0.016943173,0.13777269,0,0,20,0.5,0.104,5.5,50,25,0.1,0.1,0.1,0.1,0.1,0.1,0.5,0,15484,0.035133041,0.014466546,0,0,0,0,0,0,0,0,0,0,0.44,1.120044704
94414.45,0.405081144,0.5,6404,37,0.476281215,31.9375,34.75,36.25,0,0,0.07,0,0,20,0.5,0.104,5.5,50,25,0.1,0.1,0.1,0.1,0.1,0.1,0.5,0,14662,0.035261219,0.014459146,0,0,0,0,0,0,0,0,0,0,5,1.120044704
94474.5,0.424134591,0.5,6404,37,0.17955,32.0625,34.75,37.19,0,0,0.07,0,0,20,0.5,0.104,5.5,50,25,0.1,0.1,0.1,0.1,0.1,0.1,0.5,0,15629,0.034359204,0.01414038,0,0,0,0,0,0,0,0,0,0,5,1.120044704
94534.55,0.438013384,0.5,6404,37,0.15405,32.3125,34.75,37.37,0,0,0.07,0,0,20,0.5,0.104,5.5,50,25,0.1,0.1,0.1,0.1,0.1,0.1,0.5,0,14900,0.035234899,0.014362416,0,0,0,0,0,0,0,0,0,0,5,1.120044704
94594.62,0.434091534,0.5,6404,37,0.13915,32.3125,34.8125,37.35,0,0,0.25,0,0,20,0.5,0.104,5.5,50,25,0.1,0.1,0.1,0.1,0.1,0.1,0.5,0,15646,0.034385786,0.014252844,0,0,0,0,0,0,0,0,0,0,5,1.120044704
94654.68,0.445653649,0.5,6404,37,0.11395,32.3125,34.8125,37.21,0,0,0.07,0,0,20,0.5,0.104,5.5,50,25,0.1,0.1,0.1,0.1,0.1,0.1,0.5,0,15833,0.03499021,0.014589781,0,0,0,0,0,0,0,0,0,0,5,1.120044704
94714.78,0.459951628,0.5,6404,37,0.12375,32.375,34.875,37.35,0,0,0.07,0,0,20,0.5,0.104,5.5,50,25,0.1,0.1,0.1,0.1,0.1,0.1,0.5,0,15685,0.034874084,0.01428116,0,0,0,0,0,0,0,0,0,0,5,1.120044704
94774.83,0.469296843,0.5,6404,37,0.07295,32.375,34.875,37.19,0,0,0.07,0,0,20,0.5,0.104,5.5,50,25,0.1,0.1,0.1,0.1,0.1,0.1,0.5,0,16400,0.03445122,0.01445122,0,0,0,0,0,0,0,0,0,0,5,1.124384976
94834.87,0.484249551,0.5,6404,37,0.10925,32.25,34.9375,37.09,0,0,0.07,0,0,20,0.5,0.104,5.5,50,25,0.1,0.1,0.1,0.1,0.1,0.1,0.5,0,16676,0.034780523,0.014331974,0,0,0,0,0,0,0,0,0,0,5,1.162260363
94894.93,0.477779001,0.5,6404,37,0.16655,32.3125,34.875,37.09,0,0,0.25,0,0,20,0.5,0.104,5.5,50,25,0.1,0.1,0.1,0.1,0.1,0.1,0.5,0,17280,0.03443287,0.014178241,0,0,0,0,0,0,0,0,0,0,5,1.063791076
94954.99,0.492813411,0.5,6404,37,0.13855,32.25,34.9375,37.01,0,0,0.07,0,0,20,0.5,0.104,5.5,50,25,0.1,0.1,0.1,0.1,0.1,0.1,0.5,0,17026,0.03459415,0.014154822,0,0,0,0,0,0,0,0,0,0,5,1.103548543
95015.09,0.52199333,0.5,6404,37,0.11315,32.25,34.9375,37.21,0,0,0,0,0,20,0.5,0.104,5.5,50,25,0.1,0.1,0.1,0.1,0.1,0.1,0.5,0,16067,0.035414203,0.014315056,0,0,0,0,0,0,0,0,0,0,5,1.220943669
95075.17,0.51242636,0.5,6404,37,0.16365,32.25,34.9375,37.13,0,0,0,0,0,20,0.5,0.104,5.5,50,25,0.1,0.1,0.1,0.1,0.1,0.1,0.5,0,16770,0.034824091,0.014549791,0,0,0,0,0,0,0,0,0,0,5,1.104403095
95135.23,0.531500864,0.5,6404,37,0.11155,32.1875,34.875,37.09,0,0,0,0,0,20,0.5,0.104,5.5,50,25,0.1,0.1,0.1,0.1,0.1,0.1,0.5,0,16512,0.034823159,0.014595446,0,0,0,0,0,0,0,0,0,0,5,1.158826369
95195.31,0.534057563,0.5,6404,37,0.12115,32.125,34.8125,37.09,0,0,0,0,0,20,0.5,0.104,5.5,50,25,0.1,0.1,0.1,0.1,0.1,0.1,0.5,0,16744,0.035057334,0.014632107,0,0,0,0,0,0,0,0,0,0,5,1.115281467
95255.38,0.532908997,0.5,6404,37,0.16345,32.125,34.8125,36.97,0,0,0,0,0,20,0.5,0.104,5.5,50,25,0.1,0.1,0.1,0.1,0.1,0.1,0.5,0,16791,0.034780537,0.014412483,0,0,0,0,0,0,0,0,0,0,5,1.053058522
95315.44,0.552912686,0.5,6404,37,0.15345,32.0625,34.8125,37.05,0,0,0,0,0,20,0.5,0.104,5.5,50,25,0.1,0.1,0.1,0.1,0.1,0.1,0.5,0,17787,0.03429471,0.014223871,0,0,0,0,0,0,0,0,0,0,5,1.110953875
95375.51,0.571435399,0.5,6404,37,0.13955,32,34.75,37.13,0,0.02,0.15,0,0,20,0.5,0.104,5.5,50,25,0.1,0.1,0.1,0.1,0.1,0.1,0.5,0,17050,0.034897361,0.014193548,0,0,0,0,0,0,0,0,0,0,0.44,1.110953875
95435.54,0.517552988,0.5,6404,37,0.45395,31.8125,34.6875,36.17,0,0.02,0.15,0,0,20,0.5,0.104,5.5,50,25,0.1,0.1,0.1,0.1,0.1,0.1,0.5,0,16996,0.034655213,0.014473994,0,0,0,0,0,0,0,0,0,0,0.44,1.110953875
95495.59,0.455721485,0.5,6404,37,0.511275,31.875,34.6875,36.15,0,0.016123176,0.25,0,0,20,0.5,0.104,5.5,50,25,0.1,0.1,0.1,0.1,0.1,0.1,0.5,0,16715,0.034101107,0.014119055,0,0,0,0,0,0,0,0,0,0,0.44,1.110953875
95555.63,0.421626701,0.5,6404,37,0.447780429,31.875,34.625,36.29,0,0,0.07,0,0,20,0.5,0.104,5.5,50,25,0.1,0.1,0.1,0.1,0.1,0.1,0.5,0,15116,0.034797565,0.01422334,0,0,0,0,0,0,0,0,0,0,5,1.110953875
95615.66,0.435301725,0.5,6404,37,0.15915,32.125,34.625,37.21,0,0,0.07,0,0,20,0.5,0.104,5.5,50,25,0.1,0.1,0.1,0.1,0.1,0.1,0.5,0,15618,0.034703547,0.014278397,0,0,0,0,0,0,0,0,0,0,5,1.110953875
95675.74,0.440912399,0.5,6404,37,0.09035,32.25,34.625,37.35,0,0,0.07,0,0,20,0.5,0.104,5.5,50,25,0.1,0.1,0.1,0.1,0.1,0.1,0.5,0,15386,0.035031847,0.014428701,0,0,0,0,0,0,0,0,0,0,5,1.110953875
95735.8,0.445497033,0.5,6404,37,0.13635,32.25,34.6875,37.33,0,0,0.07,0,0,20,0.5,0.104,5.5,50,25,0.1,0.1,0.1,0.1,0.1,0.1,0.5,0,16192,0.034337945,0.014266304,0,0,0,0,0,0,0,0,0,0,5,1.110953875
95795.88,0.45281875,0.5,6404,37,0.10435,32.1875,34.6875,37.27,0,0,0.25,0,0,20,0.5,0.104,5.5,50,25,0.1,0.1,0.1,0.1,0.1,0.1,0.5,0,16232,0.03419172,0.014292755,0,0,0,0,0,0,0,0,0,0,5,1.110953875
95855.92,0.461972358,0.5,6404,37,0.12035,32.1875,34.6875,37.19,0,0,0.07,0,0,20,0.5,0.104,5.5,50,25,0.1,0.1,0.1,0.1,0.1,0.1,0.5,0,15461,0.035120626,0.01429403,0,0,0,0,0,0,0,0,0,0,5,1.110953875
95915.97,0.48538317,0.5,6404,37,0.17645,32.1875,34.6875,37.11,0,0,0.07,0,0,20,0.5,0.104,5.5,50,25,0.1,0.1,0.1,0.1,0.1,0.1,0.5,0,16202,0.0350574,0.014751265,0,0,0,0,0,0,0,0,0,0,5,1.203706868
95976.03,0.492735117,0.5,6404,37,0.16435,32.125,34.6875,37.09,0,0,0.07,0,0,20,0.5,0.104,5.5,50,25,0.1,0.1,0.1,0.1,0.1,0.1,0.5,0,16023,0.035136991,0.014416776,0,0,0,0,0,0,0,0,0,0,5,1.188620892
96036.1,0.485492558,0.5,6404,37,0.11685,32.1875,34.75,37.13,0,0,0.07,0,0,20,0.5,0.104,5.5,50,25,0.1,0.1,0.1,0.1,0.1,0.1,0.5,0,17122,0.034049761,0.014133863,0,0,0,0,0,0,0,0,0,0,5,1.084766498
96096.14,0.527519708,0.5,6404,37,0.13735,32.1875,34.8125,37.29,0,0,0.25,0,0,20,0.5,0.104,5.5,50,25,0.1,0.1,0.1,0.1,0.1,0.1,0.5,0,17116,0.034353821,0.014197242,0,0,0,0,0,0,0,0,0,0,5,1.279594974
96156.18,0.509668017,0.5,6404,37,0.15965,32.25,34.8125,37.21,0,0,0,0,0,20,0.5,0.104,5.5,50,25,0.1,0.1,0.1,0.1,0.1,0.1,0.5,0,17068,0.034216077,0.01417858,0,0,0,0,0,0,0,0,0,0,5,1.112335247
96216.25,0.53425863,0.5,6404,37,0.10925,32.1875,34.75,37.19,0,0,0,0,0,20,0.5,0.104,5.5,50,25,0.1,0.1,0.1,0.1,0.1,0.1,0.5,0,16861,0.034517526,0.014471265,0,0,0,0,0,0,0,0,0,0,5,1.198079924
96276.32,0.54301264,0.5,6404,37,0.15975,32.1875,34.8125,36.95,0,0,0,0,0,20,0.5,0.104,5.5,50,25,0.1,0.1,0.1,0.1,0.1,0.1,0.5,0,16510,0.035009085,0.014415506,0,0,0,0,0,0,0,0,0,0,5,1.18693358
96336.37,0.54346765,0.5,6404,37,0.11705,32.1875,34.875,37.05,0,0.02,0.15,0,0,20,0.5,0.104,5.5,50,25,0.1,0.1,0.1,0.1,0.1,0.1,0.5,0,17045,0.035083602,0.014373717,0,0,0,0,0,0,0,0,0,0,0.44,1.18693358
96396.42,0.47598035,0.5,6404,37,0.4435,32,34.875,36.09,0,0.015287858,0.25,0,0,20,0.5,0.104,5.5,50,25,0.1,0.1,0.1,0.1,0.1,0.1,0.5,0,16564,0.03447235,0.014489254,0,0,0,0,0,0,0,0,0,0,0.44,1.18693358
96456.47,0.436171969,0.5,6404,37,0.447802013,32,34.8125,36.25,0,0,0.07,0,0,20,0.5,0.104,5.5,50,25,0.1,0.1,0.1,0.1,0.1,0.1,0.5,0,15867,0.034348018,0.014621542,0,0,0,0,0,0,0,0,0,0,5,1.18693358
96516.53,0.454567641,0.5,6404,37,0.20675,32.125,34.75,37.25,0,0,0.07,0,0,20,0.5,0.104,5.5,50,25,0.1,0.1,0.1,0.1,0.1,0.1,0.5,0,15327,0.034970966,0.014810465,0,0,0,0,0,0,0,0,0,0,5,1.18693358
96576.63,0.459936342,0.5,6404,37,0.15395,32.1875,34.6875,37.35,0,0,0.07,0,0,20,0.5,0.104,5.5,50,25,0.1,0.1,0.1,0.1,0.1,0.1,0.5,0,16083,0.03444631,0.014549524,0,0,0,0,0,0,0,0,0,0,5,1.18693358
96636.7,0.471909445,0.5,6404,37,0.14025,32.25,34.75,37.17,0,0,0.07,0,0,20,0.5,0.104,5.5,50,25,0.1,0.1,0.1,0.1,0.1,0.1,0.5,0,16331,0.034719246,0.014144878,0,0,0,0,0,0,0,0,0,0,5,1.18693358
96696.75,0.476939562,0.5,6404,37,0.13505,32.25,34.6875,37.11,0,0,0.25,0,0,20,0.5,0.104,5.5,50,25,0.1,0.1,0.1,0.1,0.1,0.1,0.5,0,16014,0.035031847,0.014299988,0,0,0,0,0,0,0,0,0,0,5,1.18693358
96756.81,0.490760965,0.5,6404,37,0.12495,32.125,34.6875,37.09,0,0,0.07,0,0,20,0.5,0.104,5.5,50,25,0.1,0.1,0.1,0.1,0.1,0.1,0.5,0,17002,0.034407717,0.014410069,0,0,0,0,0,0,0,0,0,0,5,1.18693358
96816.87,0.509191989,0.5,6404,37,0.11655,32.1875,34.6875,37.27,0,0,0.07,0,0,20,0.5,0.104,5.5,50,25,0.1,0.1,0.1,0.1,0.1,0.1,0.5,0,16695,0.034681042,0.014255765,0,0,0,0,0,0,0,0,0,0,5,1.238190772
96876.95,0.528468925,0.5,6404,37,0.17445,32.1875,34.75,37.19,0,0,0.07,0,0,20,0.5,0.104,5.5,50,25,0.1,0.1,0.1,0.1,0.1,0.1,0.5,0,17633,0.033800261,0.014291385,0,0,0,0,0,0,0,0,0,0,5,1.287757847
96936.99,0.526595243,0.5,6404,37,0.09255,32.1875,34.75,37.27,0,0,0.07,0,0,20,0.5,0.104,5.5,50,25,0.1,0.1,0.1,0.1,0.1,0.1,0.5,0,16942,0.034706646,0.014343053,0,0,0,0,0,0,0,0,0,0,5,1.212714577
96997.04,0.529740543,0.5,6404,37,0.12155,32.1875,34.75,37.19,0,0,0.25,0,0,20,0.5,0.104,5.5,50,25,0.1,0.1,0.1,0.1,0.1,0.1,0.5,0,16753,0.034740047,0.014206411,0,0,0,0,0,0,0,0,0,0,5,1.169944247
97057.1,0.545533101,0.5,6404,37,0.17095,32.0625,34.75,37.11,0,0,0,0,0,20,0.5,0.104,5.5,50,25,0.1,0.1,0.1,0.1,0.1,0.1,0.5,0,18305,0.033979787,0.01409451,0,0,0,0,0,0,0,0,0,0,5,1.199575447
97117.18,0.574374463,0.5,6404,37,0.10765,32.125,34.75,37.19,0,0.02,0.15,0,0,20,0.5,0.104,5.5,50,25,0.1,0.1,0.1,0.1,0.1,0.1,0.5,0,17755,0.034581808,0.014305829,0,0,0,0,0,0,0,0,0,0,0.44,1.199575447
97177.21,0.498776022,0.5,6404,37,0.46325,31.9375,34.8125,36.15,0,0.02,0.15,0,0,20,0.5,0.104,5.5,50,25,0.1,0.1,0.1,0.1,0.1,0.1,0.5,0,16875,0.034548148,0.014518519,0,0,0,0,0,0,0,0,0,0,0.44,1.199575447
97237.28,0.445661408,0.5,6404,37,0.545325,31.8125,34.875,35.93,0,0,0.07,0,0,20,0.5,0.104,5.5,50,25,0.1,0.1,0.1,0.1,0.1,0.1,0.5,0,16119,0.034431416,0.014454991,0,0,0,0,0,0,0,0,0,0,5,1.199575447
97297.35,0.453295969,0.5,6404,37,0.19635,31.9375,34.8125,37.05,0,0,0.25,0,0,20,0.5,0.104,5.5,50,25,0.1,0.1,0.1,0.1,0.1,0.1,0.5,0,16509,0.034223757,0.014113514,0,0,0,0,0,0,0,0,0,0,5,1.199575447
97357.42,0.457834932,0.5,6404,37,0.16125,32.1875,34.875,37.25,0,0,0.07,0,0,20,0.5,0.104,5.5,50,25,0.1,0.1,0.1,0.1,0.1,0.1,0.5,0,16699,0.034313432,0.014372118,0,0,0,0,0,0,0,0,0,0,5,1.199575447
97417.48,0.466037869,0.5,6404,37,0.11015,32.3125,34.875,37.27,0,0,0.07,0,0,20,0.5,0.104,5.5,50,25,0.1,0.1,0.1,0.1,0.1,0.1,0.5,0,16288,0.034196955,0.01418222,0,0,0,0,0,0,0,0,0,0,5,1.199575447
97477.55,0.474910097,0.5,6404,37,0.15145,32.3125,34.875,37.37,0,0,0.07,0,0,20,0.5,0.104,5.5,50,25,0.1,0.1,0.1,0.1,0.1,0.1,0.5,0,16661,0.034211632,0.014284857,0,0,0,0,0,0,0,0,0,0,5,1.199575447
97537.59,0.481731883,0.5,6404,37,0.09565,32.3125,34.875,37.13,0,0,0.07,0,0,20,0.5,0.104,5.5,50,25,0.1,0.1,0.1,0.1,0.1,0.1,0.5,0,17604,0.033799137,0.014201318,0,0,0,0,0,0,0,0,0,0,5,1.199575447
97597.66,0.518837569,0.5,6404,37,0.13315,32.3125,34.875,37.19,0,0,0.25,0,0,20,0.5,0.104,5.5,50,25,0.1,0.1,0.1,0.1,0.1,0.1,0.5,0,16647,0.034781042,0.01429687,0,0,0,0,0,0,0,0,0,0,5,1.36220617
97657.71,0.521251306,0.5,6404,37,0.12155,32.1875,34.875,37.13,0,0,0.07,0,0,20,0.5,0.104,5.5,50,25,0.1,0.1,0.1,0.1,0.1,0.1,0.5,0,16793,0.034776395,0.014589412,0,0,0,0,0,0,0,0,0,0,5,1.308020101
97717.79,0.515595613,0.5,6404,37,0.15415,32.1875,34.8125,37.11,0,0,0.07,0,0,20,0.5,0.104,5.5,50,25,0.1,0.1,0.1,0.1,0.1,0.1,0.5,0,16662,0.034989797,0.014704117,0,0,0,0,0,0,0,0,0,0,5,1.209890546
97777.86,0.53277738,0.5,6404,37,0.13875,32.1875,34.8125,37.01,0,0,0.07,0,0,20,0.5,0.104,5.5,50,25,0.1,0.1,0.1,0.1,0.1,0.1,0.5,0,17727,0.034241552,0.014272014,0,0,0,0,0,0,0,0,0,0,5,1.247738725
97837.94,0.542492463,0.5,6404,37,0.14725,32.125,34.75,36.97,0,0,0,0,0,20,0.5,0.104,5.5,50,25,0.1,0.1,0.1,0.1,0.1,0.1,0.5,0,16880,0.035130332,0.014395735,0,0,0,0,0,0,0,0,0,0,5,1.239563375
97897.99,0.544950932,0.5,6404,37,0.08445,32.1875,34.75,37.13,0,0.02,0.25,0,0,20,0.5,0.104,5.5,50,25,0.1,0.1,0.1,0.1,0.1,0.1,0.5,0,18256,0.033851884,0.014077564,0,0,0,0,0,0,0,0,0,0,0.44,1.239563375
97958.04,0.493470285,0.5,6404,37,0.46905,32,34.6875,36.17,0,0.017714354,0.140857416,0,0,20,0.5,0.104,5.5,50,25,0.1,0.1,0.1,0.1,0.1,0.1,0.5,0,17031,0.034583994,0.014502965,0,0,0,0,0,0,0,0,0,0,0.44,1.239563375
98018.1,0.435640801,0.5,6404,37,0.504260954,31.9375,34.6875,36.17,0,0,0.07,0,0,20,0.5,0.104,5.5,50,25,0.1,0.1,0.1,0.1,0.1,0.1,0.5,0,15155,0.035235896,0.0147806,0,0,0,0,0,0,0,0,0,0,5,1.239563375
98078.16,0.461848866,0.5,6404,37,0.21365,32.0625,34.625,37.11,0,0,0.07,0,0,20,0.5,0.104,5.5,50,25,0.1,0.1,0.1,0.1,0.1,0.1,0.5,0,16580,0.03437877,0.014173703,0,0,0,0,0,0,0,0,0,0,5,1.239563375
98138.2,0.466574751,0.5,6404,37,0.13785,32.25,34.6875,37.25,0,0,0.07,0,0,20,0.5,0.104,5.5,50,25,0.1,0.1,0.1,0.1,0.1,0.1,0.5,0,16533,0.034355531,0.014334966,0,0,0,0,0,0,0,0,0,0,5,1.239563375
98198.28,0.464673128,0.5,6404,37,0.13235,32.25,34.6875,37.25,0,0,0.25,0,0,20,0.5,0.104,5.5,50,25,0.1,0.1,0.1,0.1,0.1,0.1,0.5,0,16579,0.034622112,0.014174558,0,0,0,0,0,0,0,0,0,0,5,1.239563375
98258.34,0.488331844,0.5,6404,37,0.17665,32.1875,34.75,37.05,0,0,0.07,0,0,20,0.5,0.104,5.5,50,25,0.1,0.1,0.1,0.1,0.1,0.1,0.5,0,16586,0.034547208,0.014409743,0,0,0,0,0,0,0,0,0,0,5,1.239563375
98318.39,0.496879846,0.5,6404,37,0.13445,32.3125,34.75,37.19,0,0,0.07,0,0,20,0.5,0.104,5.5,50,25,0.1,0.1,0.1,0.1,0.1,0.1,0.5,0,15925,0.035164835,0.014631083,0,0,0,0,0,0,0,0,0,0,5,1.239563375
98378.45,0.513622664,0.5,6404,37,0.10635,32.3125,34.75,37.27,0,0,0.07,0,0,20,0.5,0.104,5.5,50,25,0.1,0.1,0.1,0.1,0.1,0.1,0.5,0,17113,0.033892363,0.014258166,0,0,0,0,0,0,0,0,0,0,5,1.277007127
98438.51,0.529612078,0.5,6404,37,0.12095,32.25,34.8125,37.19,0,0,0.07,0,0,20,0.5,0.104,5.5,50,25,0.1,0.1,0.1,0.1,0.1,0.1,0.5,0,16899,0.034617433,0.014261199,0,0,0,0,0,0,0,0,0,0,5,1.305124566
98498.57,0.529902161,0.5,6404,37,0.13025,32.1875,34.8125,37.13,0,0,0.25,0,0,20,0.5,0.104,5.5,50,25,0.1,0.1,0.1,0.1,0.1,0.1,0.5,0,16925,0.034682422,0.014475628,0,0,0,0,0,0,0,0,0,0,5,1.24151107
98558.63,0.541475618,0.5,6404,37,0.16905,32.25,34.8125,36.97,0,0,0.07,0,0,20,0.5,0.104,5.5,50,25,0.1,0.1,0.1,0.1,0.1,0.1,0.5,0,16911,0.034770268,0.014369345,0,0,0,0,0,0,0,0,0,0,5,1.244252466
98618.67,0.532399293,0.5,6404,37,0.13455,32.25,34.8125,37.09,0,0,0,0,0,20,0.5,0.104,5.5,50,25,0.1,0.1,0.1,0.1,0.1,0.1,0.5,0,17196,0.034484764,0.014305652,0,0,0,0,0,0,0,0,0,0,5,1.131327003
98678.74,0.546724968,0.5,6404,37,0.12715,32.1875,34.8125,37.11,0,0,0,0,0,20,0.5,0.104,5.5,50,25,0.1,0.1,0.1,0.1,0.1,0.1,0.5,0,17716,0.034375706,0.014506661,0,0,0,0,0,0,0,0,0,0,5,1.154417003
98738.78,0.573931658,0.5,6404,37,0.10115,32.1875,34.875,37.19,0,0.02,0.15,0,0,20,0.5,0.104,5.5,50,25,0.1,0.1,0.1,0.1,0.1,0.1,0.5,0,17701,0.034630812,0.014518954,0,0,0,0,0,0,0,0,0,0,0.44,1.154417003
98798.84,0.513094119,0.5,6404,37,0.423425,32,34.8125,36.29,0,0.02,0.25,0,0,20,0.5,0.104,5.5,50,25,0.1,0.1,0.1,0.1,0.1,0.1,0.5,0,16420,0.034652862,0.014433618,0,0,0,0,0,0,0,0,0,0,0.44,1.154417003
98858.93,0.458774948,0.5,6404,37,0.531425,31.875,34.8125,35.93,0,0.016746883,0.136987532,0,0,20,0.5,0.104,5.5,50,25,0.1,0.1,0.1,0.1,0.1,0.1,0.5,0,15375,0.035317073,0.014439024,0,0,0,0,0,0,0,0,0,0,0.44,1.154417003
98919,0.418485669,0.5,6404,37,0.475908799,31.9375,34.8125,36.29,0,0,0.07,0,0,20,0.5,0.104,5.5,50,25,0.1,0.1,0.1,0.1,0.1,0.1,0.5,0,15520,0.034342784,0.014239691,0,0,0,0,0,0,0,0,0,0,5,1.154417003
98979.04,0.424370466,0.5,6404,37,0.16455,32.1875,34.75,37.27,0,0,0.07,0,0,20,0.5,0.104,5.5,50,25,0.1,0.1,0.1,0.1,0.1,0.1,0.5,0,14597,0.035418237,0.014866068,0,0,0,0,0,0,0,0,0,0,5,1.154417003
99039.09,0.440368193,0.5,6404,37,0.13905,32.3125,34.75,37.33,0,0,0.07,0,0,20,0.5,0.104,5.5,50,25,0.1,0.1,0.1,0.1,0.1,0.1,0.5,0,15859,0.034554512,0.014502806,0,0,0,0,0,0,0,0,0,0,5,1.154417003
99099.16,0.447465149,0.5,6404,37,0.14385,32.3125,34.6875,37.27,0,0,0.25,0,0,20,0.5,0.104,5.5,50,25,0.1,0.1,0.1,0.1,0.1,0.1,0.5,0,15771,0.034747321,0.014456915,0,0,0,0,0,0,0,0,0,0,5,1.154417003
99159.26,0.458233258,0.5,6404,37,0.13895,32.3125,34.6875,37.25,0,0,0.07,0,0,20,0.5,0.104,5.5,50,25,0.1,0.1,0.1,0.1,0.1,0.1,0.5,0,15354,0.034974599,0.014328514,0,0,0,0,0,0,0,0,0,0,5,1.154417003
99219.3,0.47121663,0.5,6404,37,0.08195,32.3125,34.6875,37.43,0,0,0.07,0,0,20,0.5,0.104,5.5,50,25,0.1,0.1,0.1,0.1,0.1,0.1,0.5,0,16498,0.034246575,0.014183537,0,0,0,0,0,0,0,0,0,0,5,1.154417003
99279.37,0.48233487,0.5,6404,37,0.15125,32.3125,34.6875,37.13,0,0,0.07,0,0,20,0.5,0.104,5.5,50,25,0.1,0.1,0.1,0.1,0.1,0.1,0.5,0,16604,0.034690436,0.014574801,0,0,0,0,0,0,0,0,0,0,5,1.166658256
99339.44,0.489962531,0.5,6404,37,0.10695,32.25,34.6875,37.27,0,0,0.07,0,0,20,0.5,0.104,5.5,50,25,0.1,0.1,0.1,0.1,0.1,0.1,0.5,0,16108,0.034951577,0.014402781,0,0,0,0,0,0,0,0,0,0,5,1.155396231
99399.5,0.497614985,0.5,6404,37,0.12095,32.25,34.75,37.19,0,0,0.25,0,0,20,0.5,0.104,5.5,50,25,0.1,0.1,0.1,0.1,0.1,0.1,0.5,0,16082,0.034883721,0.014363885,0,0,0,0,0,0,0,0,0,0,5,1.144119624
99459.56,0.520255184,0.5,6404,37,0.14415,32.1875,34.6875,37.09,0,0,0.07,0,0,20,0.5,0.104,5.5,50,25,0.1,0.1,0.1,0.1,0.1,0.1,0.5,0,17398,0.034371767,0.014254512,0,0,0,0,0,0,0,0,0,0,5,1.220391964
99519.6,0.520408078,0.5,6404,37,0.17615,32.1875,34.8125,36.95,0,0,0,0,0,20,0.5,0.104,5.5,50,25,0.1,0.1,0.1,0.1,0.1,0.1,0.5,0,17642,0.034349847,0.014170729,0,0,0,0,0,0,0,0,0,0,5,1.160253884
99579.67,0.527831858,0.5,6404,37,0.17695,32.125,34.8125,36.93,0,0,0,0,0,20,0.5,0.104,5.5,50,25,0.1,0.1,0.1,0.1,0.1,0.1,0.5,0,17000,0.034823529,0.014529412,0,0,0,0,0,0,0,0,0,0,5,1.144734732
99639.71,0.547449969,0.5,6404,37,0.12655,32.1875,34.8125,37.11,0,0,0,0,0,20,0.5,0.104,5.5,50,25,0.1,0.1,0.1,0.1,0.1,0.1,0.5,0,17460,0.034478809,0.014089347,0,0,0,0,0,0,0,0,0,0,5,1.196977877
99699.77,0.567241518,0.5,6404,37,0.265525,32.1875,34.8125,36.97,0,0.02,0.25,0,0,20,0.5,0.104,5.5,50,25,0.1,0.1,0.1,0.1,0.1,0.1,0.5,0,19809,0.033217224,0.013781614,0,0,0,0,0,0,0,0,0,0,0.44,1.196977877
99759.82,0.519654411,0.5,6404,37,0.445025,32.0625,34.8125,36.17,0,0.02,0.15,0,0,20,0.5,0.104,5.5,50,25,0.1,0.1,0.1,0.1,0.1,0.1,0.5,0,16059,0.035058223,0.014695809,0,0,0,0,0,0,0,0,0,0,0.44,1.196977877
99819.86,0.464443319,0.5,6404,37,0.4532,32,34.875,36.25,0,0.02,0.15,0,0,20,0.5,0.104,5.5,50,25,0.1,0.1,0.1,0.1,0.1,0.1,0.5,0,16089,0.034682081,0.01441979,0,0,0,0,0,0,0,0,0,0,0.44,1.196977877
99879.95,0.415740396,0.5,6404,37,0.44155,32,34.875,36.15,0,0,0.07,0,0,20,0.5,0.104,5.5,50,25,0.1,0.1,0.1,0.1,0.1,0.1,0.5,0,14927,0.035037181,0.014738394,0,0,0,0,0,0,0,0,0,0,5,1.196977877
99940.01,0.422830236,0.5,6404,37,0.27075,32.25,34.8125,36.85,0,0,0.07,0,0,20,0.5,0.104,5.5,50,25,0.1,0.1,0.1,0.1,0.1,0.1,0.5,0,15433,0.034730772,0.014255167,0,0,0,0,0,0,0,0,0,0,5,1.196977877
100000.04,0.427616981,0.5,6404,37,0.18265,32.25,34.8125,37.17,0,0,0.25,0,0,20,0.5,0.104,5.5,50,25,0.1,0.1,0.1,0.1,0.1,0.1,0.5,0,15760,0.034327411,0.014149746,0,0,0,0,0,0,0,0,0,0,5,1.196977877
100060.13,0.442593864,0.5,6404,37,0.06235,32.4375,34.875,37.59,0,0,0.07,0,0,20,0.5,0.104,5.5,50,25,0.1,0.1,0.1,0.1,0.1,0.1,0.5,0,14635,0.035531261,0.014964127,0,0,0,0,0,0,0,0,0,0,5,1.196977877
100120.2,0.447286403,0.5,6404,37,0.14745,32.375,34.875,37.21,0,0,0.07,0,0,20,0.5,0.104,5.5,50,25,0.1,0.1,0.1,0.1,0.1,0.1,0.5,0,15861,0.034297964,0.014122691,0,0,0,0,0,0,0,0,0,0,5,1.196977877
100180.28,0.464720061,0.5,6404,37,0.09515,32.375,34.875,37.37,0,0,0.07,0,0,20,0.5,0.104,5.5,50,25,0.1,0.1,0.1,0.1,0.1,0.1,0.5,0,16624,0.034408085,0.014436959,0,0,0,0,0,0,0,0,0,0,5,1.196977877
100240.34,0.474675064,0.5,6404,37,0.11055,32.375,34.9375,37.27,0,0,0.07,0,0,20,0.5,0.104,5.5,50,25,0.1,0.1,0.1,0.1,0.1,0.1,0.5,0,15663,0.035050757,0.014428909,0,0,0,0,0,0,0,0,0,0,5,1.20071485
100300.42,0.474532966,0.5,6404,37,0.14105,32.3125,34.875,37.13,0,0,0.25,0,0,20,0.5,0.104,5.5,50,25,0.1,0.1,0.1,0.1,0.1,0.1,0.5,0,15914,0.035000628,0.014327008,0,0,0,0,0,0,0,0,0,0,5,1.139780899
100360.47,0.483277625,0.5,6404,37,0.15655,32.3125,34.8125,37.05,0,0,0.07,0,0,20,0.5,0.104,5.5,50,25,0.1,0.1,0.1,0.1,0.1,0.1,0.5,0,15978,0.034923019,0.014645137,0,0,0,0,0,0,0,0,0,0,5,1.137572428
100420.51,0.496926655,0.5,6404,37,0.13495,32.125,34.75,37.11,0,0,0.07,0,0,20,0.5,0.104,5.5,50,25,0.1,0.1,0.1,0.1,0.1,0.1,0.5,0,15892,0.035363705,0.014346841,0,0,0,0,0,0,0,0,0,0,5,1.164247282
100480.55,0.510923258,0.5,6404,37,0.11455,32.125,34.6875,37.17,0,0,0,0,0,20,0.5,0.104,5.5,50,25,0.1,0.1,0.1,0.1,0.1,0.1,0.5,0,16697,0.03479667,0.014553513,0,0,0,0,0,0,0,0,0,0,5,1.189365795
100540.59,0.513111596,0.5,6404,37,0.16895,32.1875,34.75,36.95,0,0,0,0,0,20,0.5,0.104,5.5,50,25,0.1,0.1,0.1,0.1,0.1,0.1,0.5,0,16833,0.034634349,0.014554744,0,0,0,0,0,0,0,0,0,0,5,1.142719377
100600.64,0.533609961,0.5,6404,37,0.07675,32.0625,34.6875,37.29,0,0,0,0,0,20,0.5,0.104,5.5,50,25,0.1,0.1,0.1,0.1,0.1,0.1,0.5,0,16774,0.034696554,0.01472517,0,0,0,0,0,0,0,0,0,0,5,1.203098824
100660.72,0.529316159,0.5,6404,37,0.14765,32.125,34.625,37.01,0,0,0,0,0,20,0.5,0.104,5.5,50,25,0.1,0.1,0.1,0.1,0.1,0.1,0.5,0,16625,0.034887218,0.014255639,0,0,0,0,0,0,0,0,0,0,5,1.118706119
100720.79,0.546080971,0.5,6404,37,0.11165,32.125,34.6875,37.13,0,0,0,0,0,20,0.5,0.104,5.5,50,25,0.1,0.1,0.1,0.1,0.1,0.1,0.5,0,18245,0.033762675,0.014031241,0,0,0,0,0,0,0,0,0,0,5,1.156314881
100780.86,0.574317732,0.5,6404,37,0.257175,32.0625,34.6875,37.01,0,0.02,0.15,0,0,20,0.5,0.104,5.5,50,25,0.1,0.1,0.1,0.1,0.1,0.1,0.5,0,17415,0.034797588,0.014527706,0,0,0,0,0,0,0,0,0,0,0.44,1.156314881
100840.9,0.491759941,0.5,6404,37,0.453075,31.9375,34.6875,36.17,0,0.02,0.15,0,0,20,0.5,0.104,5.5,50,25,0.1,0.1,0.1,0.1,0.1,0.1,0.5,0,16108,0.035075739,0.014775267,0,0,0,0,0,0,0,0,0,0,0.44,1.156314881
100900.97,0.436682302,0.5,6404,37,0.41225,31.875,34.6875,36.17,0,0,0.25,0,0,20,0.5,0.104,5.5,50,25,0.1,0.1,0.1,0.1,0.1,0.1,0.5,0,15779,0.034729704,0.014322834,0,0,0,0,0,0,0,0,0,0,5,1.156314881
100961.01,0.452665551,0.5,6404,37,0.26685,31.9375,34.6875,36.79,0,0,0.07,0,0,20,0.5,0.104,5.5,50,25,0.1,0.1,0.1,0.1,0.1,0.1,0.5,0,15286,0.035457281,0.01478477,0,0,0,0,0,0,0,0,0,0,5,1.156314881
101021.05,0.464278787,0.5,6404,37,0.16435,32.125,34.8125,37.17,0,0,0.07,0,0,20,0.5,0.104,5.5,50,25,0.1,0.1,0.1,0.1,0.1,0.1,0.5,0,15929,0.034653776,0.014313516,0,0,0,0,0,0,0,0,0,0,5,1.156314881
101081.13,0.457454728,0.5,6404,37,0.15535,32.25,34.8125,37.17,0,0,0.07,0,0,20,0.5,0.104,5.5,50,25,0.1,0.1,0.1,0.1,0.1,0.1,0.5,0,16239,0.034484882,0.014409754,0,0,0,0,0,0,0,0,0,0,5,1.156314881
101141.2,0.475340093,0.5,6404,37,0.07185,32.3125,34.8125,37.45,0,0,0.07,0,0,20,0.5,0.104,5.5,50,25,0.1,0.1,0.1,0.1,0.1,0.1,0.5,0,16842,0.03437834,0.014190714,0,0,0,0,0,0,0,0,0,0,5,1.156314881
101201.26,0.491557966,0.5,6404,37,0.15525,32.25,34.8125,37.09,0,0,0.25,0,0,20,0.5,0.104,5.5,50,25,0.1,0.1,0.1,0.1,0.1,0.1,0.5,0,16791,0.034542314,0.014352927,0,0,0,0,0,0,0,0,0,0,5,1.156314881
101261.36,0.501644467,0.5,6404,37,0.17435,32.1875,34.75,37.01,0,0,0.07,0,0,20,0.5,0.104,5.5,50,25,0.1,0.1,0.1,0.1,0.1,0.1,0.5,0,17272,0.034448819,0.014474294,0,0,0,0,0,0,0,0,0,0,5,1.159434432
101321.43,0.509036019,0.5,6404,37,0.14215,32.1875,34.75,37.11,0,0,0.07,0,0,20,0.5,0.104,5.5,50,25,0.1,0.1,0.1,0.1,0.1,0.1,0.5,0,16730,0.034668261,0.014644351,0,0,0,0,0,0,0,0,0,0,5,1.145344142
101381.5,0.516145623,0.5,6404,37,0.13795,32.125,34.875,37.11,0,0,0.07,0,0,20,0.5,0.104,5.5,50,25,0.1,0.1,0.1,0.1,0.1,0.1,0.5,0,17461,0.034362293,0.014374893,0,0,0,0,0,0,0,0,0,0,5,1.129687422
101441.57,0.536311479,0.5,6404,37,0.08545,32.1875,34.8125,37.29,0,0,0.07,0,0,20,0.5,0.104,5.5,50,25,0.1,0.1,0.1,0.1,0.1,0.1,0.5,0,17411,0.034173798,0.014186434,0,0,0,0,0,0,0,0,0,0,5,1.188181559
101501.63,0.525385932,0.5,6404,37,0.10275,32.125,34.75,37.21,0,0,0,0,0,20,0.5,0.104,5.5,50,25,0.1,0.1,0.1,0.1,0.1,0.1,0.5,0,17867,0.034141154,0.014216153,0,0,0,0,0,0,0,0,0,0,5,1.067026454
101561.7,0.566169077,0.5,6404,37,0.13675,32.125,34.6875,37.05,0,0,0,0,0,20,0.5,0.104,5.5,50,25,0.1,0.1,0.1,0.1,0.1,0.1,0.5,0,17232,0.034644847,0.014507892,0,0,0,0,0,0,0,0,0,0,5,1.237954097
101621.73,0.576032531,0.5,6404,37,0.25675,32.0625,34.75,37.01,0,0.02,0.15,0,0,20,0.5,0.104,5.5,50,25,0.1,0.1,0.1,0.1,0.1,0.1,0.5,0,18741,0.033776213,0.014246838,0,0,0,0,0,0,0,0,0,0,0.44,1.237954097
101681.77,0.496956467,0.5,6404,37,0.461875,31.875,34.6875,36.15,0,0.02,0.15,0,0,20,0.5,0.104,5.5,50,25,0.1,0.1,0.1,0.1,0.1,0.1,0.5,0,15831,0.035499968,0.014717958,0,0,0,0,0,0,0,0,0,0,0.44,1.237954097
101741.83,0.445979975,0.5,6404,37,0.50275,31.8125,34.625,35.85,0,0,0.07,0,0,20,0.5,0.104,5.5,50,25,0.1,0.1,0.1,0.1,0.1,0.1,0.5,0,15853,0.034946067,0.014571375,0,0,0,0,0,0,0,0,0,0,5,1.237954097
101801.9,0.445023191,0.5,6404,37,0.23135,32,34.625,36.95,0,0,0.25,0,0,20,0.5,0.104,5.5,50,25,0.1,0.1,0.1,0.1,0.1,0.1,0.5,0,15646,0.035088841,0.014508501,0,0,0,0,0,0,0,0,0,0,5,1.237954097
101861.95,0.470524115,0.5,6404,37,0.10495,32.0625,34.5625,37.41,0,0,0.07,0,0,20,0.5,0.104,5.5,50,25,0.1,0.1,0.1,0.1,0.1,0.1,0.5,0,15766,0.035075479,0.014398072,0,0,0,0,0,0,0,0,0,0,5,1.237954097
101922.02,0.484689273,0.5,6404,37,0.17155,32.25,34.625,37.11,0,0,0.07,0,0,20,0.5,0.104,5.5,50,25,0.1,0.1,0.1,0.1,0.1,0.1,0.5,0,16817,0.034310519,0.014092882,0,0,0,0,0,0,0,0,0,0,5,1.237954097
101982.07,0.470892077,0.5,6404,37,0.12255,32.25,34.625,37.27,0,0,0.07,0,0,20,0.5,0.104,5.5,50,25,0.1,0.1,0.1,0.1,0.1,0.1,0.5,0,15192,0.03580832,0.014612954,0,0,0,0,0,0,0,0,0,0,5,1.237954097
102042.13,0.486559024,0.5,6404,37,0.17305,32.25,34.6875,37.05,0,0,0.07,0,0,20,0.5,0.104,5.5,50,25,0.1,0.1,0.1,0.1,0.1,0.1,0.5,0,16537,0.034830985,0.01445244,0,0,0,0,0,0,0,0,0,0,5,1.237954097
102102.2,0.507072101,0.5,6404,37,0.10135,32.1875,34.75,37.29,0,0,0.25,0,0,20,0.5,0.104,5.5,50,25,0.1,0.1,0.1,0.1,0.1,0.1,0.5,0,17232,0.034180594,0.014217734,0,0,0,0,0,0,0,0,0,0,5,1.299941352
102162.23,0.500534787,0.5,6404,37,0.13975,32.1875,34.75,37.11,0,0,0.07,0,0,20,0.5,0.104,5.5,50,25,0.1,0.1,0.1,0.1,0.1,0.1,0.5,0,16883,0.034887165,0.014393177,0,0,0,0,0,0,0,0,0,0,5,1.196015976
102222.29,0.520232342,0.5,6404,37,0.15975,32.125,34.75,37.03,0,0,0.07,0,0,20,0.5,0.104,5.5,50,25,0.1,0.1,0.1,0.1,0.1,0.1,0.5,0,18357,0.033720107,0.014054584,0,0,0,0,0,0,0,0,0,0,5,1.252010442
102282.37,0.538246392,0.5,6404,37,0.13785,32.1875,34.6875,37.09,0,0,0.07,0,0,20,0.5,0.104,5.5,50,25,0.1,0.1,0.1,0.1,0.1,0.1,0.5,0,17108,0.035012859,0.014379238,0,0,0,0,0,0,0,0,0,0,5,1.291532647
102342.42,0.554266647,0.5,6404,37,0.1047,32.1875,34.8125,37.11,0,0,0,0,0,20,0.5,0.104,5.5,50,25,0.1,0.1,0.1,0.1,0.1,0.1,0.5,0,16658,0.035238324,0.014767679,0,0,0,0,0,0,0,0,0,0,5,1.314944364
102402.5,0.551335663,0.5,6404,37,0.269225,32.1875,34.8125,36.95,0,0.02,0.25,0,0,20,0.5,0.104,5.5,50,25,0.1,0.1,0.1,0.1,0.1,0.1,0.5,0,17690,0.034595817,0.014358395,0,0,0,0,0,0,0,0,0,0,0.44,1.314944364
102462.55,0.47585658,0.5,6404,37,0.494606406,31.9375,34.8125,35.93,0,0.016055984,0.134223937,0,0,20,0.5,0.104,5.5,50,25,0.1,0.1,0.1,0.1,0.1,0.1,0.5,0,16874,0.034727984,0.014460116,0,0,0,0,0,0,0,0,0,0,0.44,1.314944364
102522.6,0.456714237,0.5,6404,37,0.44595,31.875,34.8125,36.07,0,0,0.07,0,0,20,0.5,0.104,5.5,50,25,0.1,0.1,0.1,0.1,0.1,0.1,0.5,0,17261,0.033949366,0.014425584,0,0,0,0,0,0,0,0,0,0,5,1.314944364
102582.66,0.461186288,0.5,6404,37,0.23275,32.0625,34.875,36.93,0,0,0.07,0,0,20,0.5,0.104,5.5,50,25,0.1,0.1,0.1,0.1,0.1,0.1,0.5,0,15915,0.034935595,0.014388941,0,0,0,0,0,0,0,0,0,0,5,1.314944364
102642.71,0.4622705,0.5,6404,37,0.11815,32.25,34.875,37.35,0,0,0.07,0,0,20,0.5,0.104,5.5,50,25,0.1,0.1,0.1,0.1,0.1,0.1,0.5,0,16153,0.034420851,0.014362657,0,0,0,0,0,0,0,0,0,0,5,1.314944364
102702.75,0.481982071,0.5,6404,37,0.12855,32.3125,34.8125,37.27,0,0,0.25,0,0,20,0.5,0.104,5.5,50,25,0.1,0.1,0.1,0.1,0.1,0.1,0.5,0,16986,0.034322383,0.014070411,0,0,0,0,0,0,0,0,0,0,5,1.314944364
102762.8,0.490970211,0.5,6404,37,0.15665,32.3125,34.875,37.13,0,0,0.07,0,0,20,0.5,0.104,5.5,50,25,0.1,0.1,0.1,0.1,0.1,0.1,0.5,0,15876,0.035021416,0.014298312,0,0,0,0,0,0,0,0,0,0,5,1.314944364
102822.84,0.50042222,0.5,6404,37,0.11675,32.3125,34.875,37.25,0,0,0.07,0,0,20,0.5,0.104,5.5,50,25,0.1,0.1,0.1,0.1,0.1,0.1,0.5,0,17167,0.034193511,0.014038562,0,0,0,0,0,0,0,0,0,0,5,1.314944364
102882.91,0.510861509,0.5,6404,37,0.14845,32.3125,34.8125,37.11,0,0,0.07,0,0,20,0.5,0.104,5.5,50,25,0.1,0.1,0.1,0.1,0.1,0.1,0.5,0,16873,0.034552243,0.014283174,0,0,0,0,0,0,0,0,0,0,5,1.311136205
102942.99,0.533599589,0.5,6404,37,0.11505,32.25,34.8125,37.21,0,0,0.07,0,0,20,0.5,0.104,5.5,50,25,0.1,0.1,0.1,0.1,0.1,0.1,0.5,0,17129,0.034794792,0.014303228,0,0,0,0,0,0,0,0,0,0,5,1.376220967
103003.06,0.538250482,0.5,6404,37,0.11225,32.25,34.8125,37.19,0,0,0.25,0,0,20,0.5,0.104,5.5,50,25,0.1,0.1,0.1,0.1,0.1,0.1,0.5,0,17572,0.034543592,0.014397906,0,0,0,0,0,0,0,0,0,0,5,1.333444837
103063.09,0.542806896,0.5,6404,37,0.17105,32.0625,34.8125,36.95,0,0,0.07,0,0,20,0.5,0.104,5.5,50,25,0.1,0.1,0.1,0.1,0.1,0.1,0.5,0,18166,0.033964549,0.014147308,0,0,0,0,0,0,0,0,0,0,5,1.292061402
103123.13,0.564958461,0.5,6404,37,0.29155,32.0625,34.75,36.89,0,0.02,0.15,0,0,20,0.5,0.104,5.5,50,25,0.1,0.1,0.1,0.1,0.1,0.1,0.5,0,16548,0.035170413,0.014321972,0,0,0,0,0,0,0,0,0,0,0.44,1.292061402
103183.2,0.495612839,0.5,6404,37,0.426611296,32,34.75,36.33,0,0.019990201,0.149960806,0,0,20,0.5,0.104,5.5,50,25,0.1,0.1,0.1,0.1,0.1,0.1,0.5,0,16410,0.035100548,0.014442413,0,0,0,0,0,0,0,0,0,0,0.44,1.292061402
103243.25,0.447066961,0.5,6404,37,0.44385,31.875,34.6875,36.07,0,0,0.07,0,0,20,0.5,0.104,5.5,50,25,0.1,0.1,0.1,0.1,0.1,0.1,0.5,0,15857,0.034811124,0.014504635,0,0,0,0,0,0,0,0,0,0,5,1.292061402
103303.32,0.452762887,0.5,6404,37,0.18505,32.0625,34.6875,37.11,0,0,0.25,0,0,20,0.5,0.104,5.5,50,25,0.1,0.1,0.1,0.1,0.1,0.1,0.5,0,15913,0.034814303,0.014265066,0,0,0,0,0,0,0,0,0,0,5,1.292061402
103363.36,0.466068268,0.5,6404,37,0.13365,32.1875,34.6875,37.27,0,0,0.07,0,0,20,0.5,0.104,5.5,50,25,0.1,0.1,0.1,0.1,0.1,0.1,0.5,0,15712,0.035005092,0.014574847,0,0,0,0,0,0,0,0,0,0,5,1.292061402
103423.48,0.48331567,0.5,6404,37,0.14585,32.25,34.6875,37.19,0,0,0.07,0,0,20,0.5,0.104,5.5,50,25,0.1,0.1,0.1,0.1,0.1,0.1,0.5,0,15753,0.035167905,0.014409954,0,0,0,0,0,0,0,0,0,0,5,1.292061402
103483.54,0.49226094,0.5,6404,37,0.12185,32.1875,34.6875,37.25,0,0,0.07,0,0,20,0.5,0.104,5.5,50,25,0.1,0.1,0.1,0.1,0.1,0.1,0.5,0,17279,0.034029747,0.01400544,0,0,0,0,0,0,0,0,0,0,5,1.292061402
103543.62,0.501212919,0.5,6404,37,0.12995,32.25,34.75,37.19,0,0,0.07,0,0,20,0.5,0.104,5.5,50,25,0.1,0.1,0.1,0.1,0.1,0.1,0.5,0,17427,0.034027658,0.014058645,0,0,0,0,0,0,0,0,0,0,5,1.292061402
103603.66,0.507475864,0.5,6404,37,0.14015,32.125,34.6875,37.13,0,0,0.25,0,0,20,0.5,0.104,5.5,50,25,0.1,0.1,0.1,0.1,0.1,0.1,0.5,0,17162,0.034611351,0.014275725,0,0,0,0,0,0,0,0,0,0,5,1.264712792
103663.71,0.513546439,0.5,6404,37,0.16215,32.1875,34.75,37.03,0,0,0.07,0,0,20,0.5,0.104,5.5,50,25,0.1,0.1,0.1,0.1,0.1,0.1,0.5,0,17873,0.033905892,0.014043529,0,0,0,0,0,0,0,0,0,0,5,1.237151082
103723.81,0.515452546,0.5,6404,37,0.14995,32.125,34.8125,37.05,0,0,0.07,0,0,20,0.5,0.104,5.5,50,25,0.1,0.1,0.1,0.1,0.1,0.1,0.5,0,16455,0.035126101,0.014706776,0,0,0,0,0,0,0,0,0,0,5,1.186407878
103783.85,0.543067827,0.5,6404,37,0.19405,32.0625,34.75,36.87,0,0,0.07,0,0,20,0.5,0.104,5.5,50,25,0.1,0.1,0.1,0.1,0.1,0.1,0.5,0,16222,0.03556898,0.014609789,0,0,0,0,0,0,0,0,0,0,5,1.283654421
103843.92,0.53846695,0.5,6404,37,0.1059,32.125,34.8125,37.11,0,0,0,0,0,20,0.5,0.104,5.5,50,25,0.1,0.1,0.1,0.1,0.1,0.1,0.5,0,17326,0.034976336,0.014371465,0,0,0,0,0,0,0,0,0,0,5,1.193947388
103903.97,0.556605724,0.5,6404,37,0.0849,32.125,34.8125,37.05,0,0,0,0,0,20,0.5,0.104,5.5,50,25,0.1,0.1,0.1,0.1,0.1,0.1,0.5,0,18064,0.034322409,0.014393268,0,0,0,0,0,0,0,0,0,0,5,1.233643057
103964.04,0.570117677,0.5,6404,37,0.2995,32.0625,34.875,36.81,0,0.02,0.15,0,0,20,0.5,0.104,5.5,50,25,0.1,0.1,0.1,0.1,0.1,0.1,0.5,0,17549,0.034759815,0.014359793,0,0,0,0,0,0,0,0,0,0,0.44,1.233643057
104024.08,0.522343769,0.5,6404,37,0.5129,32,34.875,35.89,0,0.02,0.15,0,0,20,0.5,0.104,5.5,50,25,0.1,0.1,0.1,0.1,0.1,0.1,0.5,0,17445,0.034164517,0.014216108,0,0,0,0,0,0,0,0,0,0,0.44,1.233643057
104084.13,0.457792313,0.5,6404,37,0.577025,31.8125,34.8125,35.75,0,0.02,0.15,0,0,20,0.5,0.104,5.5,50,25,0.1,0.1,0.1,0.1,0.1,0.1,0.5,0,15941,0.034815884,0.01424001,0,0,0,0,0,0,0,0,0,0,0.44,1.233643057
104144.19,0.411353445,0.5,6404,37,0.44455,31.9375,34.75,36.21,0,0,0.07,0,0,20,0.5,0.104,5.5,50,25,0.1,0.1,0.1,0.1,0.1,0.1,0.5,0,15488,0.034542872,0.014527376,0,0,0,0,0,0,0,0,0,0,5,1.233643057
104204.24,0.430066591,0.5,6404,37,0.19745,32.0625,34.75,37.19,0,0,0.25,0,0,20,0.5,0.104,5.5,50,25,0.1,0.1,0.1,0.1,0.1,0.1,0.5,0,15616,0.034579918,0.014536373,0,0,0,0,0,0,0,0,0,0,5,1.233643057
104264.28,0.426236574,0.5,6404,37,0.12565,32.25,34.75,37.41,0,0,0.07,0,0,20,0.5,0.104,5.5,50,25,0.1,0.1,0.1,0.1,0.1,0.1,0.5,0,15286,0.034868507,0.014523093,0,0,0,0,0,0,0,0,0,0,5,1.233643057
104324.36,0.435357551,0.5,6404,37,0.09185,32.3125,34.6875,37.49,0,0,0.07,0,0,20,0.5,0.104,5.5,50,25,0.1,0.1,0.1,0.1,0.1,0.1,0.5,0,15529,0.034902441,0.014424625,0,0,0,0,0,0,0,0,0,0,5,1.233643057
104384.45,0.45114217,0.5,6404,37,0.15435,32.3125,34.625,37.21,0,0,0.07,0,0,20,0.5,0.104,5.5,50,25,0.1,0.1,0.1,0.1,0.1,0.1,0.5,0,15517,0.035058323,0.014371335,0,0,0,0,0,0,0,0,0,0,5,1.233643057
104444.5,0.457087224,0.5,6404,37,0.14565,32.25,34.625,37.21,0,0,0.07,0,0,20,0.5,0.104,5.5,50,25,0.1,0.1,0.1,0.1,0.1,0.1,0.5,0,15366,0.03527268,0.014577639,0,0,0,0,0,0,0,0,0,0,5,1.233643057
104504.56,0.461857437,0.5,6404,37,0.12665,32.1875,34.625,37.25,0,0,0.25,0,0,20,0.5,0.104,5.5,50,25,0.1,0.1,0.1,0.1,0.1,0.1,0.5,0,16183,0.034604214,0.014336032,0,0,0,0,0,0,0,0,0,0,5,1.203106998
104564.61,0.482058374,0.5,6404,37,0.11115,32.1875,34.5625,37.27,0,0,0.07,0,0,20,0.5,0.104,5.5,50,25,0.1,0.1,0.1,0.1,0.1,0.1,0.5,0,15785,0.035286665,0.014634146,0,0,0,0,0,0,0,0,0,0,5,1.271378492
104624.66,0.484564768,0.5,6404,37,0.13925,32.0625,34.625,37.13,0,0,0.07,0,0,20,0.5,0.104,5.5,50,25,0.1,0.1,0.1,0.1,0.1,0.1,0.5,0,16276,0.034959449,0.014622757,0,0,0,0,0,0,0,0,0,0,5,1.223367234
104684.73,0.506020386,0.5,6404,37,0.15775,32.0625,34.625,37.05,0,0,0.07,0,0,20,0.5,0.104,5.5,50,25,0.1,0.1,0.1,0.1,0.1,0.1,0.5,0,16054,0.035131431,0.014700386,0,0,0,0,0,0,0,0,0,0,5,1.292176436
104744.81,0.504604784,0.5,6404,37,0.1252,32,34.625,37.09,0,0,0,0,0,20,0.5,0.104,5.5,50,25,0.1,0.1,0.1,0.1,0.1,0.1,0.5,0,16862,0.034218954,0.014470407,0,0,0,0,0,0,0,0,0,0,5,1.219163295
104804.84,0.509922124,0.5,6404,37,0.1289,32,34.625,37.25,0,0,0,0,0,20,0.5,0.104,5.5,50,25,0.1,0.1,0.1,0.1,0.1,0.1,0.5,0,16565,0.034892846,0.014669484,0,0,0,0,0,0,0,0,0,0,5,1.189652627
104864.9,0.515546845,0.5,6404,37,0.1079,32.0625,34.625,37.03,0,0,0,0,0,20,0.5,0.104,5.5,50,25,0.1,0.1,0.1,0.1,0.1,0.1,0.5,0,17153,0.034512913,0.014283216,0,0,0,0,0,0,0,0,0,0,5,1.163080464
104924.95,0.541113252,0.5,6404,37,0.1396,32.0625,34.6875,36.95,0,0,0,0,0,20,0.5,0.104,5.5,50,25,0.1,0.1,0.1,0.1,0.1,0.1,0.5,0,17347,0.03464576,0.014584654,0,0,0,0,0,0,0,0,0,0,5,1.250127711
104985.01,0.54223241,0.5,6404,37,0.4297,32,34.625,36.25,0,0.02,0.15,0,0,20,0.5,0.104,5.5,50,25,0.1,0.1,0.1,0.1,0.1,0.1,0.5,0,17170,0.034653465,0.014327315,0,0,0,0,0,0,0,0,0,0,0.44,1.250127711
105045.05,0.490368841,0.5,6404,37,0.536876812,31.8125,34.6875,35.81,0,0.017042962,0.138171847,0,0,20,0.5,0.104,5.5,50,25,0.1,0.1,0.1,0.1,0.1,0.1,0.5,0,17049,0.034019591,0.014370344,0,0,0,0,0,0,0,0,0,0,0.44,1.250127711
105105.1,0.44200859,0.5,6404,37,0.42755,31.875,34.6875,36.17,0,0,0.25,0,0,20,0.5,0.104,5.5,50,25,0.1,0.1,0.1,0.1,0.1,0.1,0.5,0,16332,0.034288513,0.014144012,0,0,0,0,0,0,0,0,0,0,5,1.250127711
105165.16,0.454022809,0.5,6404,37,0.12715,32.0625,34.75,37.35,0,0,0.07,0,0,20,0.5,0.104,5.5,50,25,0.1,0.1,0.1,0.1,0.1,0.1,0.5,0,15608,0.03498206,0.014415684,0,0,0,0,0,0,0,0,0,0,5,1.250127711
105225.25,0.46417574,0.5,6404,37,0.14165,32.125,34.75,37.25,0,0,0.07,0,0,20,0.5,0.104,5.5,50,25,0.1,0.1,0.1,0.1,0.1,0.1,0.5,0,15391,0.035345332,0.014813852,0,0,0,0,0,0,0,0,0,0,5,1.250127711
105285.31,0.460362279,0.5,6404,37,0.15475,32.1875,34.75,37.17,0,0,0.07,0,0,20,0.5,0.104,5.5,50,25,0.1,0.1,0.1,0.1,0.1,0.1,0.5,0,16744,0.034460105,0.014154324,0,0,0,0,0,0,0,0,0,0,5,1.250127711
105345.35,0.467594037,0.5,6404,37,0.12075,32.125,34.8125,37.27,0,0,0.07,0,0,20,0.5,0.104,5.5,50,25,0.1,0.1,0.1,0.1,0.1,0.1,0.5,0,16318,0.034501777,0.014523839,0,0,0,0,0,0,0,0,0,0,5,1.250127711
105405.4,0.483103043,0.5,6404,37,0.14735,32.1875,34.8125,37.13,0,0,0.25,0,0,20,0.5,0.104,5.5,50,25,0.1,0.1,0.1,0.1,0.1,0.1,0.5,0,17213,0.034102132,0.014001046,0,0,0,0,0,0,0,0,0,0,5,1.250127711
105465.46,0.488206089,0.5,6404,37,0.16635,32.125,34.8125,37.03,0,0,0.07,0,0,20,0.5,0.104,5.5,50,25,0.1,0.1,0.1,0.1,0.1,0.1,0.5,0,16870,0.03432128,0.014404268,0,0,0,0,0,0,0,0,0,0,5,1.219144309
105525.55,0.503337676,0.5,6404,37,0.11975,32.1875,34.875,37.19,0,0,0.07,0,0,20,0.5,0.104,5.5,50,25,0.1,0.1,0.1,0.1,0.1,0.1,0.5,0,16768,0.034708969,0.014491889,0,0,0,0,0,0,0,0,0,0,5,1.249758007
105585.62,0.530200638,0.5,6404,37,0.14085,32.1875,34.8125,37.09,0,0,0.07,0,0,20,0.5,0.104,5.5,50,25,0.1,0.1,0.1,0.1,0.1,0.1,0.5,0,17061,0.034523182,0.01441885,0,0,0,0,0,0,0,0,0,0,5,1.343252792
105645.69,0.513798918,0.5,6404,37,0.14635,32.1875,34.875,37.05,0,0,0.07,0,0,20,0.5,0.104,5.5,50,25,0.1,0.1,0.1,0.1,0.1,0.1,0.5,0,16761,0.034962114,0.014378617,0,0,0,0,0,0,0,0,0,0,5,1.181819596
105705.72,0.551438162,0.5,6404,37,0.1244,32.1875,34.875,37.21,0,0,0,0,0,20,0.5,0.104,5.5,50,25,0.1,0.1,0.1,0.1,0.1,0.1,0.5,0,17173,0.034356257,0.014441274,0,0,0,0,0,0,0,0,0,0,5,1.334821798
105765.79,0.541990673,0.5,6404,37,0.32845,32.125,34.75,36.71,0,0.02,0.15,0,0,20,0.5,0.104,5.5,50,25,0.1,0.1,0.1,0.1,0.1,0.1,0.5,0,17052,0.034658691,0.014367816,0,0,0,0,0,0,0,0,0,0,0.44,1.334821798
105825.85,0.491605968,0.5,6404,37,0.544592294,32,34.75,35.75,0,0.017176918,0.138707671,0,0,20,0.5,0.104,5.5,50,25,0.1,0.1,0.1,0.1,0.1,0.1,0.5,0,17522,0.033729026,0.014210707,0,0,0,0,0,0,0,0,0,0,0.44,1.334821798
105885.89,0.458493065,0.5,6404,37,0.541136524,31.875,34.6875,36.29,0,0,0.07,0,0,20,0.5,0.104,5.5,50,25,0.1,0.1,0.1,0.1,0.1,0.1,0.5,0,15978,0.034672675,0.014269621,0,0,0,0,0,0,0,0,0,0,5,1.334821798
105945.94,0.460414986,0.5,6404,37,0.272,32,34.6875,36.97,0,0,0.07,0,0,20,0.5,0.104,5.5,50,25,0.1,0.1,0.1,0.1,0.1,0.1,0.5,0,14894,0.035920505,0.014569625,0,0,0,0,0,0,0,0,0,0,5,1.334821798
106005.98,0.456816176,0.5,6404,37,0.11805,32.125,34.625,37.33,0,0,0.25,0,0,20,0.5,0.104,5.5,50,25,0.1,0.1,0.1,0.1,0.1,0.1,0.5,0,15895,0.034727902,0.014532872,0,0,0,0,0,0,0,0,0,0,5,1.334821798
106066.04,0.481037532,0.5,6404,37,0.1078,32.1875,34.6875,37.27,0,0,0.07,0,0,20,0.5,0.104,5.5,50,25,0.1,0.1,0.1,0.1,0.1,0.1,0.5,0,15738,0.035519126,0.014423688,0,0,0,0,0,0,0,0,0,0,5,1.334821798
106126.07,0.506945306,0.5,6404,37,0.0705,32.25,34.625,37.25,0,0,0.07,0,0,20,0.5,0.104,5.5,50,25,0.1,0.1,0.1,0.1,0.1,0.1,0.5,0,15913,0.03544272,0.014830642,0,0,0,0,0,0,0,0,0,0,5,1.334821798
106186.13,0.487947205,0.5,6404,37,0.1118,32.0625,34.625,37.19,0,0,0.07,0,0,20,0.5,0.104,5.5,50,25,0.1,0.1,0.1,0.1,0.1,0.1,0.5,0,16476,0.034595776,0.014566642,0,0,0,0,0,0,0,0,0,0,5,1.334821798
106246.19,0.516759714,0.5,6404,37,0.0864,32.125,34.625,37.19,0,0,0.07,0,0,20,0.5,0.104,5.5,50,25,0.1,0.1,0.1,0.1,0.1,0.1,0.5,0,16237,0.035228183,0.01465788,0,0,0,0,0,0,0,0,0,0,5,1.440193058
106306.27,0.515338606,0.5,6404,37,0.15675,32.125,34.625,37.03,0,0,0.25,0,0,20,0.5,0.104,5.5,50,25,0.1,0.1,0.1,0.1,0.1,0.1,0.5,0,16455,0.035247645,0.014342145,0,0,0,0,0,0,0,0,0,0,5,1.359921928
106366.31,0.529045316,0.5,6404,37,0.1351,32.125,34.625,37.05,0,0,0.07,0,0,20,0.5,0.104,5.5,50,25,0.1,0.1,0.1,0.1,0.1,0.1,0.5,0,15496,0.036073826,0.014907073,0,0,0,0,0,0,0,0,0,0,5,1.370675594
106426.38,0.533874211,0.5,6404,37,0.1498,32.125,34.6875,37.11,0,0,0.07,0,0,20,0.5,0.104,5.5,50,25,0.1,0.1,0.1,0.1,0.1,0.1,0.5,0,17202,0.034821532,0.014533194,0,0,0,0,0,0,0,0,0,0,5,1.329400291
106486.43,0.541860067,0.5,6404,37,0.0882,32.0625,34.6875,37.11,0,0,0,0,0,20,0.5,0.104,5.5,50,25,0.1,0.1,0.1,0.1,0.1,0.1,0.5,0,16306,0.035385748,0.0144732,0,0,0,0,0,0,0,0,0,0,5,1.307472892
106546.52,0.551499867,0.5,6404,37,0.37765,32.125,34.75,36.47,0,0.02,0.15,0,0,20,0.5,0.104,5.5,50,25,0.1,0.1,0.1,0.1,0.1,0.1,0.5,0,18033,0.03421505,0.014418011,0,0,0,0,0,0,0,0,0,0,0.44,1.307472892
106606.59,0.487956253,0.5,6404,37,0.548787886,31.9375,34.75,35.75,0,0.017655154,0.25,0,0,20,0.5,0.104,5.5,50,25,0.1,0.1,0.1,0.1,0.1,0.1,0.5,0,16616,0.035086663,0.014323544,0,0,0,0,0,0,0,0,0,0,0.44,1.307472892
106666.63,0.453135186,0.5,6404,37,0.51894822,31.9375,34.75,36.33,0,0,0.07,0,0,20,0.5,0.104,5.5,50,25,0.1,0.1,0.1,0.1,0.1,0.1,0.5,0,15580,0.035365854,0.014441592,0,0,0,0,0,0,0,0,0,0,5,1.307472892
106726.71,0.468310654,0.5,6404,37,0.23,32.0625,34.75,36.97,0,0,0.07,0,0,20,0.5,0.104,5.5,50,25,0.1,0.1,0.1,0.1,0.1,0.1,0.5,0,15511,0.035200825,0.014505835,0,0,0,0,0,0,0,0,0,0,5,1.307472892
106786.78,0.457107561,0.5,6404,37,0.113,32.1875,34.8125,37.19,0,0,0.07,0,0,20,0.5,0.104,5.5,50,25,0.1,0.1,0.1,0.1,0.1,0.1,0.5,0,15773,0.035059913,0.014264883,0,0,0,0,0,0,0,0,0,0,5,1.307472892
106846.86,0.477257858,0.5,6404,37,0.0887,32.25,34.75,37.27,0,0,0.07,0,0,20,0.5,0.104,5.5,50,25,0.1,0.1,0.1,0.1,0.1,0.1,0.5,0,16347,0.034746437,0.014375726,0,0,0,0,0,0,0,0,0,0,5,1.307472892
106906.89,0.48577479,0.5,6404,37,0.13455,32.1875,34.75,37.21,0,0,0.25,0,0,20,0.5,0.104,5.5,50,25,0.1,0.1,0.1,0.1,0.1,0.1,0.5,0,16048,0.035206879,0.014643569,0,0,0,0,0,0,0,0,0,0,5,1.307472892
106966.95,0.494034943,0.5,6404,37,0.1155,32.1875,34.75,37.27,0,0,0.07,0,0,20,0.5,0.104,5.5,50,25,0.1,0.1,0.1,0.1,0.1,0.1,0.5,0,16934,0.03466399,0.014467934,0,0,0,0,0,0,0,0,0,0,5,1.307472892
107027.01,0.502784148,0.5,6404,37,0.1318,32.1875,34.6875,37.13,0,0,0.07,0,0,20,0.5,0.104,5.5,50,25,0.1,0.1,0.1,0.1,0.1,0.1,0.5,0,16079,0.035512159,0.014739723,0,0,0,0,0,0,0,0,0,0,5,1.294763346
107087.06,0.514349888,0.5,6404,37,0.1346,32.125,34.625,36.89,0,0,0.07,0,0,20,0.5,0.104,5.5,50,25,0.1,0.1,0.1,0.1,0.1,0.1,0.5,0,16546,0.034993352,0.014323704,0,0,0,0,0,0,0,0,0,0,5,1.298253584
107147.13,0.520272401,0.5,6404,37,0.1416,32.0625,34.625,37.01,0,0,0.07,0,0,20,0.5,0.104,5.5,50,25,0.1,0.1,0.1,0.1,0.1,0.1,0.5,0,18111,0.033846833,0.014190271,0,0,0,0,0,0,0,0,0,0,5,1.267687219
107207.19,0.547517922,0.5,6404,37,0.17375,32.0625,34.6875,36.95,0,0,0.25,0,0,20,0.5,0.104,5.5,50,25,0.1,0.1,0.1,0.1,0.1,0.1,0.5,0,18381,0.034056907,0.014036233,0,0,0,0,0,0,0,0,0,0,5,1.357430882
107267.25,0.550944624,0.5,6404,37,0.426225,32,34.5625,36.31,0,0.02,0.15,0,0,20,0.5,0.104,5.5,50,25,0.1,0.1,0.1,0.1,0.1,0.1,0.5,0,16644,0.035267964,0.014720019,0,0,0,0,0,0,0,0,0,0,0.44,1.357430882
107327.33,0.487688854,0.5,6404,37,0.415523895,31.8125,34.6875,36.39,0,0.017568022,0.140272089,0,0,20,0.5,0.104,5.5,50,25,0.1,0.1,0.1,0.1,0.1,0.1,0.5,0,17220,0.034436702,0.01416957,0,0,0,0,0,0,0,0,0,0,0.44,1.357430882
107387.43,0.459376044,0.5,6404,37,0.517527472,31.875,34.625,36.21,0,0,0.07,0,0,20,0.5,0.104,5.5,50,25,0.1,0.1,0.1,0.1,0.1,0.1,0.5,0,16056,0.034691081,0.014200299,0,0,0,0,0,0,0,0,0,0,5,1.357430882
107447.49,0.462485272,0.5,6404,37,0.2293,31.9375,34.6875,37.17,0,0,0.07,0,0,20,0.5,0.104,5.5,50,25,0.1,0.1,0.1,0.1,0.1,0.1,0.5,0,16685,0.034342224,0.014384177,0,0,0,0,0,0,0,0,0,0,5,1.357430882
107507.55,0.464856687,0.5,6404,37,0.19575,32.0625,34.625,37.03,0,0,0.25,0,0,20,0.5,0.104,5.5,50,25,0.1,0.1,0.1,0.1,0.1,0.1,0.5,0,16595,0.034648991,0.014100633,0,0,0,0,0,0,0,0,0,0,5,1.357430882
107567.63,0.483304258,0.5,6404,37,0.0893,32.125,34.6875,37.33,0,0,0.07,0,0,20,0.5,0.104,5.5,50,25,0.1,0.1,0.1,0.1,0.1,0.1,0.5,0,16063,0.035111747,0.014380875,0,0,0,0,0,0,0,0,0,0,5,1.357430882
107627.7,0.475465356,0.5,6404,37,0.1224,32.1875,34.6875,37.33,0,0,0.07,0,0,20,0.5,0.104,5.5,50,25,0.1,0.1,0.1,0.1,0.1,0.1,0.5,0,16105,0.034895995,0.014281279,0,0,0,0,0,0,0,0,0,0,5,1.357430882
107687.79,0.497935988,0.5,6404,37,0.0972,32.1875,34.75,37.09,0,0,0.07,0,0,20,0.5,0.104,5.5,50,25,0.1,0.1,0.1,0.1,0.1,0.1,0.5,0,16263,0.034618459,0.014265511,0,0,0,0,0,0,0,0,0,0,5,1.357430882
107747.85,0.512308872,0.5,6404,37,0.1421,32.1875,34.75,37.05,0,0,0.07,0,0,20,0.5,0.104,5.5,50,25,0.1,0.1,0.1,0.1,0.1,0.1,0.5,0,16389,0.035084508,0.014704985,0,0,0,0,0,0,0,0,0,0,5,1.37492787
107807.89,0.516209729,0.5,6404,37,0.14655,32.125,34.75,37.09,0,0,0.25,0,0,20,0.5,0.104,5.5,50,25,0.1,0.1,0.1,0.1,0.1,0.1,0.5,0,16202,0.035366004,0.014812986,0,0,0,0,0,0,0,0,0,0,5,1.328937756
107867.94,0.539447047,0.5,6404,37,0.124,32.125,34.75,37.03,0,0,0.07,0,0,20,0.5,0.104,5.5,50,25,0.1,0.1,0.1,0.1,0.1,0.1,0.5,0,18309,0.033863127,0.013982195,0,0,0,0,0,0,0,0,0,0,5,1.394585347
107928,0.537292956,0.5,6404,37,0.1386,32.125,34.75,37.09,0,0,0.07,0,0,20,0.5,0.104,5.5,50,25,0.1,0.1,0.1,0.1,0.1,0.1,0.5,0,16239,0.035778065,0.014532915,0,0,0,0,0,0,0,0,0,0,5,1.312852661
107988.05,0.550391734,0.5,6404,37,0.1294,32.0625,34.8125,36.93,0,0,0,0,0,20,0.5,0.104,5.5,50,25,0.1,0.1,0.1,0.1,0.1,0.1,0.5,0,16043,0.035716512,0.014523468,0,0,0,0,0,0,0,0,0,0,5,1.319470369
108048.1,0.57693112,0.5,6404,37,0.341825,32.0625,34.8125,36.65,0,0.02,0.15,0,0,20,0.5,0.104,5.5,50,25,0.1,0.1,0.1,0.1,0.1,0.1,0.5,0,17074,0.035082582,0.014407872,0,0,0,0,0,0,0,0,0,0,0.44,1.319470369
108108.14,0.494385203,0.5,6404,37,0.641725,31.9375,34.8125,35.35,0,0.02,0.25,0,0,20,0.5,0.104,5.5,50,25,0.1,0.1,0.1,0.1,0.1,0.1,0.5,0,16838,0.034742844,0.014253474,0,0,0,0,0,0,0,0,0,0,0.44,1.319470369
108168.2,0.448370699,0.5,6404,37,0.533175,32.0625,34.8125,36.47,0,0,0.07,0,0,20,0.5,0.104,5.5,50,25,0.1,0.1,0.1,0.1,0.1,0.1,0.5,0,15548,0.034924106,0.014728582,0,0,0,0,0,0,0,0,0,0,5,1.319470369
108228.29,0.455055405,0.5,6404,37,0.1992,32.0625,34.875,37.19,0,0,0.07,0,0,20,0.5,0.104,5.5,50,25,0.1,0.1,0.1,0.1,0.1,0.1,0.5,0,15703,0.035152519,0.014710565,0,0,0,0,0,0,0,0,0,0,5,1.319470369
108288.33,0.45297795,0.5,6404,37,0.1258,32.1875,34.875,37.25,0,0,0.07,0,0,20,0.5,0.104,5.5,50,25,0.1,0.1,0.1,0.1,0.1,0.1,0.5,0,15836,0.034920434,0.014397575,0,0,0,0,0,0,0,0,0,0,5,1.319470369
108348.42,0.476660488,0.5,6404,37,0.1433,32.25,34.875,37.25,0,0,0.07,0,0,20,0.5,0.104,5.5,50,25,0.1,0.1,0.1,0.1,0.1,0.1,0.5,0,15794,0.035076611,0.014435862,0,0,0,0,0,0,0,0,0,0,5,1.319470369
108408.45,0.485670772,0.5,6404,37,0.15905,32.3125,34.8125,37.13,0,0,0.25,0,0,20,0.5,0.104,5.5,50,25,0.1,0.1,0.1,0.1,0.1,0.1,0.5,0,16906,0.034248196,0.014196143,0,0,0,0,0,0,0,0,0,0,5,1.319470369
108468.51,0.499300195,0.5,6404,37,0.0617,32.25,34.75,37.25,0,0,0.07,0,0,20,0.5,0.104,5.5,50,25,0.1,0.1,0.1,0.1,0.1,0.1,0.5,0,15934,0.035270491,0.014434542,0,0,0,0,0,0,0,0,0,0,5,1.319470369
108528.56,0.499442908,0.5,6404,37,0.1086,32.25,34.75,37.17,0,0,0.07,0,0,20,0.5,0.104,5.5,50,25,0.1,0.1,0.1,0.1,0.1,0.1,0.5,0,15960,0.035213033,0.014411028,0,0,0,0,0,0,0,0,0,0,5,1.25435421
108588.63,0.5315591,0.5,6404,37,0.107,32.0625,34.6875,37.11,0,0,0.07,0,0,20,0.5,0.104,5.5,50,25,0.1,0.1,0.1,0.1,0.1,0.1,0.5,0,17024,0.034950658,0.014273966,0,0,0,0,0,0,0,0,0,0,5,1.378599774
108648.72,0.536965401,0.5,6404,37,0.1337,32.1875,34.625,37.25,0,0,0.07,0,0,20,0.5,0.104,5.5,50,25,0.1,0.1,0.1,0.1,0.1,0.1,0.5,0,16855,0.034648472,0.014357757,0,0,0,0,0,0,0,0,0,0,5,1.340027619
108708.78,0.530319548,0.5,6404,37,0.19145,32.1875,34.625,36.89,0,0,0.25,0,0,20,0.5,0.104,5.5,50,25,0.1,0.1,0.1,0.1,0.1,0.1,0.5,0,16909,0.035010941,0.014785026,0,0,0,0,0,0,0,0,0,0,5,1.235664488
108768.84,0.543811071,0.5,6404,37,0.0924,32.0625,34.6875,37.11,0,0,0,0,0,20,0.5,0.104,5.5,50,25,0.1,0.1,0.1,0.1,0.1,0.1,0.5,0,16882,0.035185405,0.014690203,0,0,0,0,0,0,0,0,0,0,5,1.249247697
108828.91,0.543257161,0.5,6404,37,0.4858,32.0625,34.625,36.01,0,0.02,0.15,0,0,20,0.5,0.104,5.5,50,25,0.1,0.1,0.1,0.1,0.1,0.1,0.5,0,17160,0.035081585,0.01451049,0,0,0,0,0,0,0,0,0,0,0.44,1.249247697
108888.95,0.500862406,0.5,6404,37,0.5143,31.9375,34.625,36.01,0,0.02,0.15,0,0,20,0.5,0.104,5.5,50,25,0.1,0.1,0.1,0.1,0.1,0.1,0.5,0,16140,0.035254027,0.014436183,0,0,0,0,0,0,0,0,0,0,0.44,1.249247697
108949,0.436721577,0.5,6404,37,0.53775,31.9375,34.6875,36.37,0,0.000139864,0.070559455,0,0,20,0.5,0.104,5.5,50,25,0.1,0.1,0.1,0.1,0.1,0.1,0.5,0,16548,0.03450568,0.014442833,0,0,0,0,0,0,0,0,0,0,0.44,1.249247697
109009.07,0.447644692,0.5,6404,37,0.23435,32.0625,34.6875,36.95,0,0,0.25,0,0,20,0.5,0.104,5.5,50,25,0.1,0.1,0.1,0.1,0.1,0.1,0.5,0,16051,0.034826491,0.014578531,0,0,0,0,0,0,0,0,0,0,5,1.249247697
109069.11,0.45279532,0.5,6404,37,0.1503,32.1875,34.6875,37.25,0,0,0.07,0,0,20,0.5,0.104,5.5,50,25,0.1,0.1,0.1,0.1,0.1,0.1,0.5,0,16278,0.034647991,0.014252365,0,0,0,0,0,0,0,0,0,0,5,1.249247697
109129.17,0.467005849,0.5,6404,37,0.1207,32.25,34.6875,37.37,0,0,0.07,0,0,20,0.5,0.104,5.5,50,25,0.1,0.1,0.1,0.1,0.1,0.1,0.5,0,15636,0.035175237,0.014325915,0,0,0,0,0,0,0,0,0,0,5,1.249247697
109189.21,0.479812977,0.5,6404,37,0.114,32.25,34.6875,37.21,0,0,0.07,0,0,20,0.5,0.104,5.5,50,25,0.1,0.1,0.1,0.1,0.1,0.1,0.5,0,16029,0.034936677,0.014348992,0,0,0,0,0,0,0,0,0,0,5,1.249247697
109249.25,0.484863916,0.5,6404,37,0.0994,32.3125,34.75,37.35,0,0,0.07,0,0,20,0.5,0.104,5.5,50,25,0.1,0.1,0.1,0.1,0.1,0.1,0.5,0,15529,0.03535321,0.014553416,0,0,0,0,0,0,0,0,0,0,5,1.249247697
109309.33,0.499266158,0.5,6404,37,0.17235,32.25,34.75,37.03,0,0,0.25,0,0,20,0.5,0.104,5.5,50,25,0.1,0.1,0.1,0.1,0.1,0.1,0.5,0,16659,0.034635933,0.014526682,0,0,0,0,0,0,0,0,0,0,5,1.249247697
109369.42,0.509597357,0.5,6404,37,0.103,32.25,34.8125,37.17,0,0,0.07,0,0,20,0.5,0.104,5.5,50,25,0.1,0.1,0.1,0.1,0.1,0.1,0.5,0,16324,0.03516295,0.01457976,0,0,0,0,0,0,0,0,0,0,5,1.24823006
109429.52,0.518081142,0.5,6404,37,0.1426,32.25,34.8125,37.33,0,0,0.07,0,0,20,0.5,0.104,5.5,50,25,0.1,0.1,0.1,0.1,0.1,0.1,0.5,0,16541,0.035064385,0.014690768,0,0,0,0,0,0,0,0,0,0,5,1.235351425
109489.59,0.541461913,0.5,6404,37,0.154,32.1875,34.8125,37.19,0,0,0.07,0,0,20,0.5,0.104,5.5,50,25,0.1,0.1,0.1,0.1,0.1,0.1,0.5,0,16513,0.035123842,0.014412887,0,0,0,0,0,0,0,0,0,0,5,1.306006415
109549.7,0.532028927,0.5,6404,37,0.1133,32.1875,34.75,37.05,0,0,0.07,0,0,20,0.5,0.104,5.5,50,25,0.1,0.1,0.1,0.1,0.1,0.1,0.5,0,17525,0.034522111,0.014436519,0,0,0,0,0,0,0,0,0,0,5,1.187981494
109609.76,0.541301237,0.5,6404,37,0.1132,32,34.75,37.17,0,0,0,0,0,20,0.5,0.104,5.5,50,25,0.1,0.1,0.1,0.1,0.1,0.1,0.5,0,17560,0.03428246,0.014123007,0,0,0,0,0,0,0,0,0,0,5,1.180416653
109669.83,0.570528734,0.5,6404,37,0.427475,32.125,34.6875,36.25,0,0.02,0.15,0,0,20,0.5,0.104,5.5,50,25,0.1,0.1,0.1,0.1,0.1,0.1,0.5,0,17722,0.034759057,0.014501749,0,0,0,0,0,0,0,0,0,0,0.44,1.180416653
109729.89,0.493333039,0.5,6404,37,0.5829,32,34.625,35.67,0,0.02,0.15,0,0,20,0.5,0.104,5.5,50,25,0.1,0.1,0.1,0.1,0.1,0.1,0.5,0,15911,0.035258626,0.014643957,0,0,0,0,0,0,0,0,0,0,0.44,1.180416653
109789.96,0.451348113,0.5,6404,37,0.55125,31.875,34.625,36.25,0,0,0.07,0,0,20,0.5,0.104,5.5,50,25,0.1,0.1,0.1,0.1,0.1,0.1,0.5,0,15509,0.035205365,0.014636663,0,0,0,0,0,0,0,0,0,0,5,1.180416653
109850.02,0.455226555,0.5,6404,37,0.233,32.125,34.625,37.03,0,0,0.07,0,0,20,0.5,0.104,5.5,50,25,0.1,0.1,0.1,0.1,0.1,0.1,0.5,0,15983,0.034786961,0.014515423,0,0,0,0,0,0,0,0,0,0,5,1.180416653
109910.1,0.471304886,0.5,6404,37,0.16295,32.1875,34.625,37.19,0,0,0.25,0,0,20,0.5,0.104,5.5,50,25,0.1,0.1,0.1,0.1,0.1,0.1,0.5,0,15380,0.03550065,0.014889467,0,0,0,0,0,0,0,0,0,0,5,1.180416653
109970.15,0.474236593,0.5,6404,37,0.0965,32.25,34.625,37.41,0,0,0.07,0,0,20,0.5,0.104,5.5,50,25,0.1,0.1,0.1,0.1,0.1,0.1,0.5,0,15960,0.034899749,0.014598997,0,0,0,0,0,0,0,0,0,0,5,1.180416653
110030.22,0.486210893,0.5,6404,37,0.0886,32.25,34.625,37.35,0,0,0.07,0,0,20,0.5,0.104,5.5,50,25,0.1,0.1,0.1,0.1,0.1,0.1,0.5,0,15234,0.035972168,0.01490088,0,0,0,0,0,0,0,0,0,0,5,1.180416653
110090.28,0.502114179,0.5,6404,37,0.1199,32.25,34.625,37.13,0,0,0.07,0,0,20,0.5,0.104,5.5,50,25,0.1,0.1,0.1,0.1,0.1,0.1,0.5,0,16383,0.034731124,0.014588293,0,0,0,0,0,0,0,0,0,0,5,1.180416653
110150.32,0.500527026,0.5,6404,37,0.1145,32.1875,34.6875,37.41,0,0,0.07,0,0,20,0.5,0.104,5.5,50,25,0.1,0.1,0.1,0.1,0.1,0.1,0.5,0,16348,0.035233668,0.014680695,0,0,0,0,0,0,0,0,0,0,5,1.111897985
110210.36,0.528531324,0.5,6404,37,0.16365,32.1875,34.6875,37.03,0,0,0.25,0,0,20,0.5,0.104,5.5,50,25,0.1,0.1,0.1,0.1,0.1,0.1,0.5,0,16039,0.035288983,0.014464742,0,0,0,0,0,0,0,0,0,0,5,1.219624518
110270.44,0.531952714,0.5,6404,37,0.0784,32.1875,34.6875,37.13,0,0,0.07,0,0,20,0.5,0.104,5.5,50,25,0.1,0.1,0.1,0.1,0.1,0.1,0.5,0,17138,0.034309721,0.014295717,0,0,0,0,0,0,0,0,0,0,5,1.178000877
110330.48,0.53479131,0.5,6404,37,0.1071,32.125,34.75,37.17,0,0,0.07,0,0,20,0.5,0.104,5.5,50,25,0.1,0.1,0.1,0.1,0.1,0.1,0.5,0,17001,0.034997941,0.014528557,0,0,0,0,0,0,0,0,0,0,5,1.135066819
110390.51,0.554007933,0.5,6404,37,0.1485,32.125,34.75,37.01,0,0,0,0,0,20,0.5,0.104,5.5,50,25,0.1,0.1,0.1,0.1,0.1,0.1,0.5,0,17188,0.034733535,0.014370491,0,0,0,0,0,0,0,0,0,0,5,1.184220703
110450.6,0.56608821,0.5,6404,37,0.1055,32.0625,34.75,36.85,0,0.02,0.15,0,0,20,0.5,0.104,5.5,50,25,0.1,0.1,0.1,0.1,0.1,0.1,0.5,0,18830,0.033510356,0.014232608,0,0,0,0,0,0,0,0,0,0,0.44,1.184220703
110510.64,0.493489229,0.5,6404,37,0.594984721,31.9375,34.75,35.59,0,0.019826058,0.25,0,0,20,0.5,0.104,5.5,50,25,0.1,0.1,0.1,0.1,0.1,0.1,0.5,0,17280,0.03443287,0.014178241,0,0,0,0,0,0,0,0,0,0,0.44,1.184220703
110570.71,0.445535026,0.5,6404,37,0.525652081,32,34.8125,36.15,0,0,0.07,0,0,20,0.5,0.104,5.5,50,25,0.1,0.1,0.1,0.1,0.1,0.1,0.5,0,16015,0.034717452,0.014361536,0,0,0,0,0,0,0,0,0,0,5,1.184220703
110630.75,0.443493764,0.5,6404,37,0.2177,32.125,34.75,36.97,0,0,0.07,0,0,20,0.5,0.104,5.5,50,25,0.1,0.1,0.1,0.1,0.1,0.1,0.5,0,15883,0.034691179,0.014480892,0,0,0,0,0,0,0,0,0,0,5,1.184220703
110690.79,0.45832379,0.5,6404,37,0.1261,32.25,34.8125,37.13,0,0,0.07,0,0,20,0.5,0.104,5.5,50,25,0.1,0.1,0.1,0.1,0.1,0.1,0.5,0,15055,0.035669213,0.014745932,0,0,0,0,0,0,0,0,0,0,5,1.184220703
110750.85,0.466641265,0.5,6404,37,0.1221,32.25,34.8125,37.17,0,0,0.07,0,0,20,0.5,0.104,5.5,50,25,0.1,0.1,0.1,0.1,0.1,0.1,0.5,0,16532,0.034418098,0.014396322,0,0,0,0,0,0,0,0,0,0,5,1.184220703
110810.93,0.477861034,0.5,6404,37,0.17175,32.3125,34.8125,37.09,0,0,0.25,0,0,20,0.5,0.104,5.5,50,25,0.1,0.1,0.1,0.1,0.1,0.1,0.5,0,16331,0.034535546,0.014512277,0,0,0,0,0,0,0,0,0,0,5,1.184220703
110870.99,0.493977716,0.5,6404,37,0.1015,32.25,34.8125,37.27,0,0,0.07,0,0,20,0.5,0.104,5.5,50,25,0.1,0.1,0.1,0.1,0.1,0.1,0.5,0,16273,0.034904443,0.014379647,0,0,0,0,0,0,0,0,0,0,5,1.184220703
110931.06,0.505631122,0.5,6404,37,0.1178,32.1875,34.75,37.17,0,0,0.07,0,0,20,0.5,0.104,5.5,50,25,0.1,0.1,0.1,0.1,0.1,0.1,0.5,0,16222,0.035137468,0.014424855,0,0,0,0,0,0,0,0,0,0,5,1.194960638
110991.12,0.503830197,0.5,6404,37,0.1421,32.1875,34.75,37.11,0,0,0.07,0,0,20,0.5,0.104,5.5,50,25,0.1,0.1,0.1,0.1,0.1,0.1,0.5,0,16842,0.034734592,0.014546966,0,0,0,0,0,0,0,0,0,0,5,1.124508318
111051.16,0.514268043,0.5,6404,37,0.1447,32.125,34.75,37.19,0,0,0.07,0,0,20,0.5,0.104,5.5,50,25,0.1,0.1,0.1,0.1,0.1,0.1,0.5,0,17274,0.034734283,0.014414727,0,0,0,0,0,0,0,0,0,0,5,1.129798841
111111.21,0.530960326,0.5,6404,37,0.11495,32.0625,34.6875,37.19,0,0,0.25,0,0,20,0.5,0.104,5.5,50,25,0.1,0.1,0.1,0.1,0.1,0.1,0.5,0,17499,0.034401966,0.014172238,0,0,0,0,0,0,0,0,0,0,5,1.169136968
111171.24,0.550082895,0.5,6404,37,0.1704,32.0625,34.6875,37.17,0,0,0,0,0,20,0.5,0.104,5.5,50,25,0.1,0.1,0.1,0.1,0.1,0.1,0.5,0,16782,0.034977953,0.014301037,0,0,0,0,0,0,0,0,0,0,5,1.216825166
111231.31,0.561032883,0.5,6404,37,0.1153,32.0625,34.6875,37.29,0,0.02,0.15,0,0,20,0.5,0.104,5.5,50,25,0.1,0.1,0.1,0.1,0.1,0.1,0.5,0,17975,0.033880389,0.014353268,0,0,0,0,0,0,0,0,0,0,0.44,1.216825166
111291.36,0.503676352,0.5,6404,37,0.464925,31.875,34.6875,36.39,0,0.02,0.15,0,0,20,0.5,0.104,5.5,50,25,0.1,0.1,0.1,0.1,0.1,0.1,0.5,0,16012,0.035098676,0.014364227,0,0,0,0,0,0,0,0,0,0,0.44,1.216825166
111351.42,0.44246988,0.5,6404,37,0.481025,31.9375,34.6875,36.21,0,0.000987721,0.073950884,0,0,20,0.5,0.104,5.5,50,25,0.1,0.1,0.1,0.1,0.1,0.1,0.5,0,16072,0.034345445,0.014248382,0,0,0,0,0,0,0,0,0,0,0.44,1.216825166
111411.5,0.444784125,0.5,6404,37,0.25205,32.0625,34.6875,36.89,0,0,0.25,0,0,20,0.5,0.104,5.5,50,25,0.1,0.1,0.1,0.1,0.1,0.1,0.5,0,15909,0.034571626,0.014268653,0,0,0,0,0,0,0,0,0,0,5,1.216825166
111471.56,0.455901631,0.5,6404,37,0.1053,32.125,34.6875,37.29,0,0,0.07,0,0,20,0.5,0.104,5.5,50,25,0.1,0.1,0.1,0.1,0.1,0.1,0.5,0,16424,0.034644423,0.014308329,0,0,0,0,0,0,0,0,0,0,5,1.216825166
111531.6,0.470453274,0.5,6404,37,0.0795,32.25,34.6875,37.35,0,0,0.07,0,0,20,0.5,0.104,5.5,50,25,0.1,0.1,0.1,0.1,0.1,0.1,0.5,0,16862,0.033981734,0.014055272,0,0,0,0,0,0,0,0,0,0,5,1.216825166
111591.68,0.489046447,0.5,6404,37,0.1355,32.1875,34.6875,37.19,0,0,0.07,0,0,20,0.5,0.104,5.5,50,25,0.1,0.1,0.1,0.1,0.1,0.1,0.5,0,16010,0.034853217,0.014553404,0,0,0,0,0,0,0,0,0,0,5,1.216825166
111651.79,0.487874065,0.5,6404,37,0.1268,32.25,34.75,37.03,0,0,0.07,0,0,20,0.5,0.104,5.5,50,25,0.1,0.1,0.1,0.1,0.1,0.1,0.5,0,16461,0.034445052,0.014519167,0,0,0,0,0,0,0,0,0,0,5,1.216825166
111711.86,0.488697588,0.5,6404,37,0.15265,32.25,34.75,37.11,0,0,0.25,0,0,20,0.5,0.104,5.5,50,25,0.1,0.1,0.1,0.1,0.1,0.1,0.5,0,16432,0.034870983,0.014544791,0,0,0,0,0,0,0,0,0,0,5,1.216825166
111771.9,0.50930756,0.5,6404,37,0.1351,32.1875,34.8125,37.27,0,0,0.07,0,0,20,0.5,0.104,5.5,50,25,0.1,0.1,0.1,0.1,0.1,0.1,0.5,0,15881,0.0353882,0.014419747,0,0,0,0,0,0,0,0,0,0,5,1.279908533
111831.95,0.524708986,0.5,6404,37,0.1388,32.0625,34.8125,37.17,0,0,0.07,0,0,20,0.5,0.104,5.5,50,25,0.1,0.1,0.1,0.1,0.1,0.1,0.5,0,16985,0.034618781,0.014247866,0,0,0,0,0,0,0,0,0,0,5,1.305288267
111892.02,0.536016809,0.5,6404,37,0.0984,32.125,34.8125,37.17,0,0,0.07,0,0,20,0.5,0.104,5.5,50,25,0.1,0.1,0.1,0.1,0.1,0.1,0.5,0,18311,0.033695593,0.014199115,0,0,0,0,0,0,0,0,0,0,5,1.303989024
111952.1,0.540441397,0.5,6404,37,0.153,32.125,34.8125,37.05,0,0,0.07,0,0,20,0.5,0.104,5.5,50,25,0.1,0.1,0.1,0.1,0.1,0.1,0.5,0,17269,0.034686432,0.014245179,0,0,0,0,0,0,0,0,0,0,5,1.263451635
112012.14,0.534866037,0.5,6404,37,0.1459,32.125,34.8125,37.17,0,0,0,0,0,20,0.5,0.104,5.5,50,25,0.1,0.1,0.1,0.1,0.1,0.1,0.5,0,17225,0.03436865,0.014455733,0,0,0,0,0,0,0,0,0,0,5,1.16916938
112072.22,0.547443571,0.5,6404,37,0.0881,32.125,34.8125,36.87,0,0,0,0,0,20,0.5,0.104,5.5,50,25,0.1,0.1,0.1,0.1,0.1,0.1,0.5,0,16606,0.03528845,0.014633265,0,0,0,0,0,0,0,0,0,0,5,1.180440132
112132.29,0.56218079,0.5,6404,37,0.1439,32.0625,34.6875,36.73,0,0.02,0.15,0,0,20,0.5,0.104,5.5,50,25,0.1,0.1,0.1,0.1,0.1,0.1,0.5,0,18031,0.034662526,0.014197771,0,0,0,0,0,0,0,0,0,0,0.44,1.180440132
112192.34,0.491756838,0.5,6404,37,0.496425,31.875,34.6875,36.13,0,0.019215316,0.146861266,0,0,20,0.5,0.104,5.5,50,25,0.1,0.1,0.1,0.1,0.1,0.1,0.5,0,15453,0.035850644,0.014819129,0,0,0,0,0,0,0,0,0,0,0.44,1.180440132
112252.41,0.44328292,0.5,6404,37,0.478699064,31.9375,34.625,36.41,0,0,0.07,0,0,20,0.5,0.104,5.5,50,25,0.1,0.1,0.1,0.1,0.1,0.1,0.5,0,15712,0.035132383,0.014574847,0,0,0,0,0,0,0,0,0,0,5,1.180440132
112312.45,0.473138461,0.5,6404,37,0.18035,32,34.6875,37.13,0,0,0.25,0,0,20,0.5,0.104,5.5,50,25,0.1,0.1,0.1,0.1,0.1,0.1,0.5,0,17126,0.034041808,0.014305734,0,0,0,0,0,0,0,0,0,0,5,1.180440132
112372.51,0.476239169,0.5,6404,37,0.0936,32.125,34.6875,37.45,0,0,0.07,0,0,20,0.5,0.104,5.5,50,25,0.1,0.1,0.1,0.1,0.1,0.1,0.5,0,15926,0.035350998,0.014692955,0,0,0,0,0,0,0,0,0,0,5,1.180440132
112432.57,0.487980976,0.5,6404,37,0.086,32.125,34.625,37.27,0,0,0.07,0,0,20,0.5,0.104,5.5,50,25,0.1,0.1,0.1,0.1,0.1,0.1,0.5,0,16584,0.034551375,0.014290883,0,0,0,0,0,0,0,0,0,0,5,1.180440132
112492.65,0.504623518,0.5,6404,37,0.0905,32.125,34.625,37.33,0,0,0.07,0,0,20,0.5,0.104,5.5,50,25,0.1,0.1,0.1,0.1,0.1,0.1,0.5,0,16120,0.035173697,0.014702233,0,0,0,0,0,0,0,0,0,0,5,1.180440132
112552.71,0.501066675,0.5,6404,37,0.0871,32.125,34.6875,36.97,0,0,0.07,0,0,20,0.5,0.104,5.5,50,25,0.1,0.1,0.1,0.1,0.1,0.1,0.5,0,16088,0.035492292,0.014669319,0,0,0,0,0,0,0,0,0,0,5,1.180440132
112612.79,0.526409739,0.5,6404,37,0.18805,32.125,34.6875,36.93,0,0,0.25,0,0,20,0.5,0.104,5.5,50,25,0.1,0.1,0.1,0.1,0.1,0.1,0.5,0,16672,0.035028791,0.014335413,0,0,0,0,0,0,0,0,0,0,5,1.269440238
112672.85,0.553730679,0.5,6404,37,0.1626,32.0625,34.6875,37.29,0,0,0.07,0,0,20,0.5,0.104,5.5,50,25,0.1,0.1,0.1,0.1,0.1,0.1,0.5,0,17341,0.034946082,0.0142437,0,0,0,0,0,0,0,0,0,0,5,1.357763874
112732.88,0.553511074,0.5,6404,37,0.1019,32.125,34.75,37.11,0,0.02,0.15,0,0,20,0.5,0.104,5.5,50,25,0.1,0.1,0.1,0.1,0.1,0.1,0.5,0,17814,0.034411137,0.014033906,0,0,0,0,0,0,0,0,0,0,0.44,1.357763874
112792.93,0.486559012,0.5,6404,37,0.41,31.9375,34.75,36.41,0,0.017681134,0.140724537,0,0,20,0.5,0.104,5.5,50,25,0.1,0.1,0.1,0.1,0.1,0.1,0.5,0,15989,0.035336794,0.014635062,0,0,0,0,0,0,0,0,0,0,0.44,1.357763874
112852.97,0.441688809,0.5,6404,37,0.491368027,32,34.75,36.33,0,0,0.07,0,0,20,0.5,0.104,5.5,50,25,0.1,0.1,0.1,0.1,0.1,0.1,0.5,0,15655,0.035004791,0.01450016,0,0,0,0,0,0,0,0,0,0,5,1.357763874
112913.02,0.450711848,0.5,6404,37,0.20115,32.125,34.6875,37.09,0,0,0.25,0,0,20,0.5,0.104,5.5,50,25,0.1,0.1,0.1,0.1,0.1,0.1,0.5,0,16113,0.034630423,0.014522435,0,0,0,0,0,0,0,0,0,0,5,1.357763874
112973.08,0.474944865,0.5,6404,37,0.1468,32.1875,34.75,37.27,0,0,0.07,0,0,20,0.5,0.104,5.5,50,25,0.1,0.1,0.1,0.1,0.1,0.1,0.5,0,16361,0.034655583,0.014241183,0,0,0,0,0,0,0,0,0,0,5,1.357763874
113033.12,0.469932378,0.5,6404,37,0.1239,32.25,34.75,37.33,0,0,0.07,0,0,20,0.5,0.104,5.5,50,25,0.1,0.1,0.1,0.1,0.1,0.1,0.5,0,16320,0.034620098,0.014522059,0,0,0,0,0,0,0,0,0,0,5,1.357763874
113093.17,0.478828976,0.5,6404,37,0.0851,32.25,34.8125,37.29,0,0,0.07,0,0,20,0.5,0.104,5.5,50,25,0.1,0.1,0.1,0.1,0.1,0.1,0.5,0,17516,0.033968943,0.014329756,0,0,0,0,0,0,0,0,0,0,5,1.357763874
113153.23,0.474302804,0.5,6404,37,0.1126,32.1875,34.75,37.05,0,0,0.07,0,0,20,0.5,0.104,5.5,50,25,0.1,0.1,0.1,0.1,0.1,0.1,0.5,0,17214,0.034274428,0.014116417,0,0,0,0,0,0,0,0,0,0,5,1.357763874
113213.27,0.493834265,0.5,6404,37,0.14965,32.1875,34.8125,37.11,0,0,0.25,0,0,20,0.5,0.104,5.5,50,25,0.1,0.1,0.1,0.1,0.1,0.1,0.5,0,16700,0.034610778,0.014431138,0,0,0,0,0,0,0,0,0,0,5,1.410937742
113273.34,0.508146197,0.5,6404,37,0.0897,32.1875,34.75,37.13,0,0,0.07,0,0,20,0.5,0.104,5.5,50,25,0.1,0.1,0.1,0.1,0.1,0.1,0.5,0,16396,0.034764577,0.014515736,0,0,0,0,0,0,0,0,0,0,5,1.426098548
113333.41,0.527665542,0.5,6404,37,0.1116,32.1875,34.8125,37.19,0,0,0.07,0,0,20,0.5,0.104,5.5,50,25,0.1,0.1,0.1,0.1,0.1,0.1,0.5,0,16768,0.034708969,0.014491889,0,0,0,0,0,0,0,0,0,0,5,1.467873956
113393.49,0.531572956,0.5,6404,37,0.1253,32.1875,34.875,37.09,0,0,0.07,0,0,20,0.5,0.104,5.5,50,25,0.1,0.1,0.1,0.1,0.1,0.1,0.5,0,17339,0.034661745,0.014418363,0,0,0,0,0,0,0,0,0,0,5,1.416613696
113453.55,0.542508612,0.5,6404,37,0.1238,32.125,34.8125,37.09,0,0,0,0,0,20,0.5,0.104,5.5,50,25,0.1,0.1,0.1,0.1,0.1,0.1,0.5,0,16496,0.035463143,0.014791465,0,0,0,0,0,0,0,0,0,0,5,1.406873532
113513.63,0.558729395,0.5,6404,37,0.46335,32.125,34.75,36.07,0,0.02,0.25,0,0,20,0.5,0.104,5.5,50,25,0.1,0.1,0.1,0.1,0.1,0.1,0.5,0,16902,0.034966276,0.014376997,0,0,0,0,0,0,0,0,0,0,0.44,1.406873532
113573.72,0.509478961,0.5,6404,37,0.4472,31.875,34.6875,36.41,0,0.02,0.15,0,0,20,0.5,0.104,5.5,50,25,0.1,0.1,0.1,0.1,0.1,0.1,0.5,0,17017,0.034729976,0.014573662,0,0,0,0,0,0,0,0,0,0,0.44,1.406873532
113633.76,0.441116531,0.5,6404,37,0.495925,31.875,34.6875,36.33,0,0.000853571,0.073414284,0,0,20,0.5,0.104,5.5,50,25,0.1,0.1,0.1,0.1,0.1,0.1,0.5,0,15406,0.035310918,0.014669609,0,0,0,0,0,0,0,0,0,0,0.44,1.406873532
113693.9,0.452633989,0.5,6404,37,0.230770689,32,34.6875,36.87,0,0,0.07,0,0,20,0.5,0.104,5.5,50,25,0.1,0.1,0.1,0.1,0.1,0.1,0.5,0,16489,0.0345685,0.014251926,0,0,0,0,0,0,0,0,0,0,5,1.406873532
113753.97,0.463932639,0.5,6404,37,0.1481,32.125,34.625,37.27,0,0,0.07,0,0,20,0.5,0.104,5.5,50,25,0.1,0.1,0.1,0.1,0.1,0.1,0.5,0,15029,0.035664382,0.014704904,0,0,0,0,0,0,0,0,0,0,5,1.406873532
113814.04,0.471532697,0.5,6404,37,0.16885,32.125,34.625,37.11,0,0,0.25,0,0,20,0.5,0.104,5.5,50,25,0.1,0.1,0.1,0.1,0.1,0.1,0.5,0,15691,0.035051941,0.014721815,0,0,0,0,0,0,0,0,0,0,5,1.406873532
113874.08,0.494502873,0.5,6404,37,0.1036,32.1875,34.625,37.27,0,0,0.07,0,0,20,0.5,0.104,5.5,50,25,0.1,0.1,0.1,0.1,0.1,0.1,0.5,0,15828,0.035443518,0.014720748,0,0,0,0,0,0,0,0,0,0,5,1.406873532
113934.14,0.50255166,0.5,6404,37,0.1358,32.125,34.5625,37.33,0,0,0.07,0,0,20,0.5,0.104,5.5,50,25,0.1,0.1,0.1,0.1,0.1,0.1,0.5,0,16998,0.034474644,0.014531121,0,0,0,0,0,0,0,0,0,0,5,1.406873532
113994.21,0.49927048,0.5,6404,37,0.0927,32.125,34.5,37.13,0,0,0.07,0,0,20,0.5,0.104,5.5,50,25,0.1,0.1,0.1,0.1,0.1,0.1,0.5,0,16929,0.034437947,0.014117786,0,0,0,0,0,0,0,0,0,0,5,1.406873532
114054.25,0.515436511,0.5,6404,37,0.0864,32.125,34.5625,37.09,0,0,0.07,0,0,20,0.5,0.104,5.5,50,25,0.1,0.1,0.1,0.1,0.1,0.1,0.5,0,16362,0.03520352,0.014668133,0,0,0,0,0,0,0,0,0,0,5,1.432128287
114114.32,0.534647984,0.5,6404,37,0.19765,32,34.5,36.87,0,0,0.25,0,0,20,0.5,0.104,5.5,50,25,0.1,0.1,0.1,0.1,0.1,0.1,0.5,0,16778,0.03462868,0.01442365,0,0,0,0,0,0,0,0,0,0,5,1.470305132
114174.37,0.546450804,0.5,6404,37,0.1413,31.9375,34.5,37.03,0,0,0.07,0,0,20,0.5,0.104,5.5,50,25,0.1,0.1,0.1,0.1,0.1,0.1,0.5,0,17323,0.034636033,0.014547134,0,0,0,0,0,0,0,0,0,0,5,1.46229706
114234.43,0.552851087,0.5,6404,37,0.0956,32,34.5625,37.11,0,0.02,0.15,0,0,20,0.5,0.104,5.5,50,25,0.1,0.1,0.1,0.1,0.1,0.1,0.5,0,19206,0.033270853,0.01400604,0,0,0,0,0,0,0,0,0,0,0.44,1.46229706
114294.5,0.498407412,0.5,6404,37,0.423575,31.875,34.5625,36.49,0,0.019132767,0.14653107,0,0,20,0.5,0.104,5.5,50,25,0.1,0.1,0.1,0.1,0.1,0.1,0.5,0,17430,0.034193919,0.014343087,0,0,0,0,0,0,0,0,0,0,0.44,1.46229706
114354.57,0.443632968,0.5,6404,37,0.477616363,31.75,34.625,36.17,0,0,0.07,0,0,20,0.5,0.104,5.5,50,25,0.1,0.1,0.1,0.1,0.1,0.1,0.5,0,15756,0.035161208,0.014470678,0,0,0,0,0,0,0,0,0,0,5,1.46229706
114414.64,0.461545727,0.5,6404,37,0.27545,32,34.6875,36.77,0,0,0.25,0,0,20,0.5,0.104,5.5,50,25,0.1,0.1,0.1,0.1,0.1,0.1,0.5,0,15256,0.035461458,0.014748296,0,0,0,0,0,0,0,0,0,0,5,1.46229706
114474.69,0.457060337,0.5,6404,37,0.1252,32.0625,34.6875,37.25,0,0,0.07,0,0,20,0.5,0.104,5.5,50,25,0.1,0.1,0.1,0.1,0.1,0.1,0.5,0,15742,0.035256003,0.014483547,0,0,0,0,0,0,0,0,0,0,5,1.46229706
114534.73,0.470675411,0.5,6404,37,0.1209,32.1875,34.6875,37.55,0,0,0.07,0,0,20,0.5,0.104,5.5,50,25,0.1,0.1,0.1,0.1,0.1,0.1,0.5,0,16024,0.035072391,0.014540689,0,0,0,0,0,0,0,0,0,0,5,1.46229706
114594.81,0.486649706,0.5,6404,37,0.0577,32.3125,34.6875,37.13,0,0,0.07,0,0,20,0.5,0.104,5.5,50,25,0.1,0.1,0.1,0.1,0.1,0.1,0.5,0,16718,0.034573514,0.0144156,0,0,0,0,0,0,0,0,0,0,5,1.46229706
114654.84,0.495984535,0.5,6404,37,0.1399,32.25,34.6875,37.09,0,0,0.07,0,0,20,0.5,0.104,5.5,50,25,0.1,0.1,0.1,0.1,0.1,0.1,0.5,0,15984,0.035222723,0.014577077,0,0,0,0,0,0,0,0,0,0,5,1.46229706
114714.91,0.520840428,0.5,6404,37,0.20645,32.25,34.75,36.89,0,0,0.25,0,0,20,0.5,0.104,5.5,50,25,0.1,0.1,0.1,0.1,0.1,0.1,0.5,0,16602,0.035176485,0.014697024,0,0,0,0,0,0,0,0,0,0,5,1.53587911
114774.97,0.516037403,0.5,6404,37,0.1286,32.25,34.75,37.11,0,0,0.07,0,0,20,0.5,0.104,5.5,50,25,0.1,0.1,0.1,0.1,0.1,0.1,0.5,0,17351,0.034349605,0.014408391,0,0,0,0,0,0,0,0,0,0,5,1.431291758
114835.03,0.512323161,0.5,6404,37,0.0766,32.1875,34.75,37.27,0,0,0.07,0,0,20,0.5,0.104,5.5,50,25,0.1,0.1,0.1,0.1,0.1,0.1,0.5,0,15827,0.035572124,0.014784861,0,0,0,0,0,0,0,0,0,0,5,1.338056227
114895.1,0.517429234,0.5,6404,37,0.1165,32.125,34.75,37.05,0,0,0.07,0,0,20,0.5,0.104,5.5,50,25,0.1,0.1,0.1,0.1,0.1,0.1,0.5,0,16820,0.034839477,0.014328181,0,0,0,0,0,0,0,0,0,0,5,1.300904922
114955.14,0.550481173,0.5,6404,37,0.1308,32.0625,34.75,36.95,0,0,0,0,0,20,0.5,0.104,5.5,50,25,0.1,0.1,0.1,0.1,0.1,0.1,0.5,0,16656,0.035422671,0.014589337,0,0,0,0,0,0,0,0,0,0,5,1.421619634
115015.19,0.564561334,0.5,6404,37,0.493025,32.125,34.8125,35.93,0,0.02,0.25,0,0,20,0.5,0.104,5.5,50,25,0.1,0.1,0.1,0.1,0.1,0.1,0.5,0,17990,0.034352418,0.014452474,0,0,0,0,0,0,0,0,0,0,0.44,1.421619634
115075.26,0.502666125,0.5,6404,37,0.431675,31.9375,34.75,36.25,0,0.02,0.15,0,0,20,0.5,0.104,5.5,50,25,0.1,0.1,0.1,0.1,0.1,0.1,0.5,0,16292,0.035293396,0.014424257,0,0,0,0,0,0,0,0,0,0,0.44,1.421619634
115135.31,0.443560363,0.5,6404,37,0.5305,31.875,34.6875,36.29,0,0.001131835,0.074527342,0,0,20,0.5,0.104,5.5,50,25,0.1,0.1,0.1,0.1,0.1,0.1,0.5,0,15869,0.034910832,0.014304619,0,0,0,0,0,0,0,0,0,0,0.44,1.421619634
115195.38,0.442262178,0.5,6404,37,0.264575577,32.0625,34.625,36.89,0,0,0.07,0,0,20,0.5,0.104,5.5,50,25,0.1,0.1,0.1,0.1,0.1,0.1,0.5,0,15453,0.03520352,0.014430855,0,0,0,0,0,0,0,0,0,0,5,1.421619634
115255.45,0.453460523,0.5,6404,37,0.173,32.1875,34.6875,37.05,0,0,0.07,0,0,20,0.5,0.104,5.5,50,25,0.1,0.1,0.1,0.1,0.1,0.1,0.5,0,15616,0.034772029,0.01460041,0,0,0,0,0,0,0,0,0,0,5,1.421619634
115315.52,0.472493074,0.5,6404,37,0.12345,32.25,34.6875,37.33,0,0,0.25,0,0,20,0.5,0.104,5.5,50,25,0.1,0.1,0.1,0.1,0.1,0.1,0.5,0,16650,0.034294294,0.014474474,0,0,0,0,0,0,0,0,0,0,5,1.421619634
115375.57,0.470867573,0.5,6404,37,0.0973,32.25,34.5625,37.29,0,0,0.07,0,0,20,0.5,0.104,5.5,50,25,0.1,0.1,0.1,0.1,0.1,0.1,0.5,0,16577,0.034686614,0.014296917,0,0,0,0,0,0,0,0,0,0,5,1.421619634
115435.64,0.484435597,0.5,6404,37,0.1504,32.1875,34.625,37.27,0,0,0.07,0,0,20,0.5,0.104,5.5,50,25,0.1,0.1,0.1,0.1,0.1,0.1,0.5,0,16353,0.034794839,0.014492754,0,0,0,0,0,0,0,0,0,0,5,1.421619634
115495.71,0.502337715,0.5,6404,37,0.077,32.125,34.625,37.43,0,0,0.07,0,0,20,0.5,0.104,5.5,50,25,0.1,0.1,0.1,0.1,0.1,0.1,0.5,0,17557,0.034003531,0.01412542,0,0,0,0,0,0,0,0,0,0,5,1.421619634
115555.76,0.496816608,0.5,6404,37,0.151,32.0625,34.625,37.19,0,0,0.07,0,0,20,0.5,0.104,5.5,50,25,0.1,0.1,0.1,0.1,0.1,0.1,0.5,0,17683,0.033930894,0.014307527,0,0,0,0,0,0,0,0,0,0,5,1.317383635
115615.83,0.504704422,0.5,6404,37,0.10355,32.125,34.6875,37.25,0,0,0.25,0,0,20,0.5,0.104,5.5,50,25,0.1,0.1,0.1,0.1,0.1,0.1,0.5,0,17124,0.034396169,0.0144242,0,0,0,0,0,0,0,0,0,0,5,1.298770436
115675.89,0.524497037,0.5,6404,37,0.0998,32.0625,34.6875,37.13,0,0,0.07,0,0,20,0.5,0.104,5.5,50,25,0.1,0.1,0.1,0.1,0.1,0.1,0.5,0,16582,0.035098299,0.014533832,0,0,0,0,0,0,0,0,0,0,5,1.349232389
115735.98,0.526172663,0.5,6404,37,0.1683,32.0625,34.6875,37.11,0,0,0.07,0,0,20,0.5,0.104,5.5,50,25,0.1,0.1,0.1,0.1,0.1,0.1,0.5,0,16494,0.034982418,0.014672002,0,0,0,0,0,0,0,0,0,0,5,1.291339676
115796.05,0.544132261,0.5,6404,37,0.1586,32,34.6875,37.25,0,0,0,0,0,20,0.5,0.104,5.5,50,25,0.1,0.1,0.1,0.1,0.1,0.1,0.5,0,17040,0.035093897,0.014495305,0,0,0,0,0,0,0,0,0,0,5,1.327461482
115856.12,0.566404999,0.5,6404,37,0.0944,32.0625,34.6875,37.21,0,0.02,0.15,0,0,20,0.5,0.104,5.5,50,25,0.1,0.1,0.1,0.1,0.1,0.1,0.5,0,17623,0.034500369,0.014356239,0,0,0,0,0,0,0,0,0,0,0.44,1.327461482
115916.19,0.510143344,0.5,6404,37,0.59225,31.875,34.75,35.61,0,0.02,0.25,0,0,20,0.5,0.104,5.5,50,25,0.1,0.1,0.1,0.1,0.1,0.1,0.5,0,15956,0.035284532,0.014539985,0,0,0,0,0,0,0,0,0,0,0.44,1.327461482
115976.27,0.443544687,0.5,6404,37,0.5357,31.8125,34.6875,36.05,0,0.001204392,0.074817566,0,0,20,0.5,0.104,5.5,50,25,0.1,0.1,0.1,0.1,0.1,0.1,0.5,0,15980,0.03485607,0.014518148,0,0,0,0,0,0,0,0,0,0,0.44,1.327461482
116036.33,0.443696899,0.5,6404,37,0.24925212,32,34.75,36.93,0,0,0.07,0,0,20,0.5,0.104,5.5,50,25,0.1,0.1,0.1,0.1,0.1,0.1,0.5,0,15751,0.03485493,0.014284807,0,0,0,0,0,0,0,0,0,0,5,1.327461482
116096.38,0.448429126,0.5,6404,37,0.1371,32.1875,34.75,37.19,0,0,0.07,0,0,20,0.5,0.104,5.5,50,25,0.1,0.1,0.1,0.1,0.1,0.1,0.5,0,16618,0.034119629,0.014261644,0,0,0,0,0,0,0,0,0,0,5,1.327461482
116156.46,0.452455478,0.5,6404,37,0.1213,32.1875,34.75,37.01,0,0,0.07,0,0,20,0.5,0.104,5.5,50,25,0.1,0.1,0.1,0.1,0.1,0.1,0.5,0,16024,0.034510734,0.014540689,0,0,0,0,0,0,0,0,0,0,5,1.327461482
116216.5,0.478949108,0.5,6404,37,0.1282,32.1875,34.6875,37.21,0,0,0.25,0,0,20,0.5,0.104,5.5,50,25,0.1,0.1,0.1,0.1,0.1,0.1,0.5,0,18256,0.033413672,0.014187117,0,0,0,0,0,0,0,0,0,0,5,1.327461482
116276.53,0.48167037,0.5,6404,37,0.1174,32.3125,34.75,37.11,0,0,0.07,0,0,20,0.5,0.104,5.5,50,25,0.1,0.1,0.1,0.1,0.1,0.1,0.5,0,16038,0.035104128,0.014465644,0,0,0,0,0,0,0,0,0,0,5,1.327461482
116336.58,0.474194515,0.5,6404,37,0.1591,32.25,34.6875,37.05,0,0,0.07,0,0,20,0.5,0.104,5.5,50,25,0.1,0.1,0.1,0.1,0.1,0.1,0.5,0,17106,0.034373904,0.014439378,0,0,0,0,0,0,0,0,0,0,5,1.327461482
116396.63,0.499452186,0.5,6404,37,0.1366,32.1875,34.75,37.11,0,0,0.07,0,0,20,0.5,0.104,5.5,50,25,0.1,0.1,0.1,0.1,0.1,0.1,0.5,0,17426,0.03443131,0.014288993,0,0,0,0,0,0,0,0,0,0,5,1.416771195
116456.69,0.493585188,0.5,6404,37,0.1182,32.25,34.75,37.33,0,0,0.07,0,0,20,0.5,0.104,5.5,50,25,0.1,0.1,0.1,0.1,0.1,0.1,0.5,0,16841,0.03443976,0.014607209,0,0,0,0,0,0,0,0,0,0,5,1.310483419
116516.77,0.542817674,0.5,6404,37,0.1113,32.125,34.75,37.03,0,0,0.25,0,0,20,0.5,0.104,5.5,50,25,0.1,0.1,0.1,0.1,0.1,0.1,0.5,0,16709,0.035011072,0.014483213,0,0,0,0,0,0,0,0,0,0,5,1.53019332
116576.81,0.545657501,0.5,6404,37,0.1398,32.1875,34.8125,36.97,0,0.02,0.15,0,0,20,0.5,0.104,5.5,50,25,0.1,0.1,0.1,0.1,0.1,0.1,0.5,0,16620,0.035018051,0.014500602,0,0,0,0,0,0,0,0,0,0,0.44,1.53019332
116636.85,0.453372952,0.5,6404,37,0.494375,32,34.8125,36.23,0,0.012444837,0.119779346,0,0,20,0.5,0.104,5.5,50,25,0.1,0.1,0.1,0.1,0.1,0.1,0.5,0,16411,0.034549997,0.014380598,0,0,0,0,0,0,0,0,0,0,0.44,1.53019332
116696.88,0.418606744,0.5,6404,37,0.420701566,32,34.8125,36.33,0,0,0.07,0,0,20,0.5,0.104,5.5,50,25,0.1,0.1,0.1,0.1,0.1,0.1,0.5,0,15306,0.034757611,0.014308114,0,0,0,0,0,0,0,0,0,0,5,1.53019332
116756.95,0.444027108,0.5,6404,37,0.1519,32.125,34.75,37.05,0,0,0.07,0,0,20,0.5,0.104,5.5,50,25,0.1,0.1,0.1,0.1,0.1,0.1,0.5,0,16313,0.033960645,0.014099185,0,0,0,0,0,0,0,0,0,0,5,1.53019332
116817.01,0.450335065,0.5,6404,37,0.1076,32.25,34.75,37.35,0,0,0.25,0,0,20,0.5,0.104,5.5,50,25,0.1,0.1,0.1,0.1,0.1,0.1,0.5,0,15755,0.035099968,0.014535068,0,0,0,0,0,0,0,0,0,0,5,1.53019332
116877.05,0.456636475,0.5,6404,37,0.0959,32.25,34.6875,37.33,0,0,0.07,0,0,20,0.5,0.104,5.5,50,25,0.1,0.1,0.1,0.1,0.1,0.1,0.5,0,16451,0.034405203,0.014527992,0,0,0,0,0,0,0,0,0,0,5,1.53019332
116937.13,0.472343581,0.5,6404,37,0.0798,32.1875,34.6875,37.35,0,0,0.07,0,0,20,0.5,0.104,5.5,50,25,0.1,0.1,0.1,0.1,0.1,0.1,0.5,0,15870,0.034971645,0.014303718,0,0,0,0,0,0,0,0,0,0,5,1.53019332
116997.2,0.478103351,0.5,6404,37,0.1123,32.1875,34.625,37.25,0,0,0.07,0,0,20,0.5,0.104,5.5,50,25,0.1,0.1,0.1,0.1,0.1,0.1,0.5,0,15679,0.035333886,0.014669303,0,0,0,0,0,0,0,0,0,0,5,1.53019332
117057.23,0.49829939,0.5,6404,37,0.0677,32.25,34.625,37.09,0,0,0.07,0,0,20,0.5,0.104,5.5,50,25,0.1,0.1,0.1,0.1,0.1,0.1,0.5,0,16370,0.034453268,0.014416616,0,0,0,0,0,0,0,0,0,0,5,1.577806125
117117.3,0.483841466,0.5,6404,37,0.1064,32.0625,34.625,37.19,0,0,0.25,0,0,20,0.5,0.104,5.5,50,25,0.1,0.1,0.1,0.1,0.1,0.1,0.5,0,15533,0.03573038,0.014742806,0,0,0,0,0,0,0,0,0,0,5,1.410584484
117177.34,0.508098784,0.5,6404,37,0.0966,32.125,34.5625,36.87,0,0,0.07,0,0,20,0.5,0.104,5.5,50,25,0.1,0.1,0.1,0.1,0.1,0.1,0.5,0,18423,0.033979265,0.014329914,0,0,0,0,0,0,0,0,0,0,5,1.486811007
117237.38,0.503565569,0.5,6404,37,0.1948,32.0625,34.625,37.09,0,0,0.07,0,0,20,0.5,0.104,5.5,50,25,0.1,0.1,0.1,0.1,0.1,0.1,0.5,0,16266,0.035288331,0.014693225,0,0,0,0,0,0,0,0,0,0,5,1.385584588
117297.43,0.505831192,0.5,6404,37,0.1094,32.0625,34.625,37.11,0,0,0,0,0,20,0.5,0.104,5.5,50,25,0.1,0.1,0.1,0.1,0.1,0.1,0.5,0,17571,0.034545558,0.014455637,0,0,0,0,0,0,0,0,0,0,5,1.329772572
117357.5,0.534913067,0.5,6404,37,0.064,32,34.625,37.13,0,0,0,0,0,20,0.5,0.104,5.5,50,25,0.1,0.1,0.1,0.1,0.1,0.1,0.5,0,16263,0.035786755,0.014511468,0,0,0,0,0,0,0,0,0,0,5,1.430987667
117417.58,0.535122806,0.5,6404,37,0.1069,31.9375,34.6875,36.93,0,0,0,0,0,20,0.5,0.104,5.5,50,25,0.1,0.1,0.1,0.1,0.1,0.1,0.5,0,16197,0.03587084,0.014570599,0,0,0,0,0,0,0,0,0,0,5,1.360614351
117477.62,0.567184488,0.5,6404,37,0.1036,32,34.6875,37.05,0,0,0,0,0,20,0.5,0.104,5.5,50,25,0.1,0.1,0.1,0.1,0.1,0.1,0.5,0,17899,0.034359461,0.014190737,0,0,0,0,0,0,0,0,0,0,5,1.467148722
117537.66,0.568982331,0.5,6404,37,0.1009,32,34.75,36.87,0,0.02,0.15,0,0,20,0.5,0.104,5.5,50,25,0.1,0.1,0.1,0.1,0.1,0.1,0.5,0,17089,0.035285856,0.014687811,0,0,0,0,0,0,0,0,0,0,0.44,1.467148722
117597.73,0.519904674,0.5,6404,37,0.4629,31.8125,34.6875,35.99,0,0.02,0.15,0,0,20,0.5,0.104,5.5,50,25,0.1,0.1,0.1,0.1,0.1,0.1,0.5,0,17035,0.034986792,0.014558262,0,0,0,0,0,0,0,0,0,0,0.44,1.467148722
117657.78,0.459545676,0.5,6404,37,0.480525,31.8125,34.75,36.13,0,0.02,0.15,0,0,20,0.5,0.104,5.5,50,25,0.1,0.1,0.1,0.1,0.1,0.1,0.5,0,15488,0.035317665,0.014591942,0,0,0,0,0,0,0,0,0,0,0.44,1.467148722
117717.84,0.404444567,0.5,6404,37,0.5473,31.9375,34.75,35.99,0,0,0.25,0,0,20,0.5,0.104,5.5,50,25,0.1,0.1,0.1,0.1,0.1,0.1,0.5,0,15109,0.035012244,0.014362301,0,0,0,0,0,0,0,0,0,0,5,1.467148722
117777.9,0.404726244,0.5,6404,37,0.2559,32.125,34.75,37.11,0,0,0.07,0,0,20,0.5,0.104,5.5,50,25,0.1,0.1,0.1,0.1,0.1,0.1,0.5,0,14391,0.036133695,0.014939893,0,0,0,0,0,0,0,0,0,0,5,1.467148722
117837.97,0.419610159,0.5,6404,37,0.1366,32.25,34.8125,37.45,0,0,0.07,0,0,20,0.5,0.104,5.5,50,25,0.1,0.1,0.1,0.1,0.1,0.1,0.5,0,16174,0.034314332,0.014158526,0,0,0,0,0,0,0,0,0,0,5,1.467148722
117898.1,0.426164924,0.5,6404,37,0.0483,32.375,34.75,37.49,0,0,0.07,0,0,20,0.5,0.104,5.5,50,25,0.1,0.1,0.1,0.1,0.1,0.1,0.5,0,14546,0.035817407,0.014643201,0,0,0,0,0,0,0,0,0,0,5,1.467148722
117958.17,0.441821781,0.5,6404,37,0.0701,32.375,34.75,37.37,0,0,0.07,0,0,20,0.5,0.104,5.5,50,25,0.1,0.1,0.1,0.1,0.1,0.1,0.5,0,15381,0.035173266,0.014433392,0,0,0,0,0,0,0,0,0,0,5,1.467148722
118018.21,0.450328224,0.5,6404,37,0.1582,32.3125,34.6875,37.35,0,0,0.25,0,0,20,0.5,0.104,5.5,50,25,0.1,0.1,0.1,0.1,0.1,0.1,0.5,0,16601,0.034335281,0.014155774,0,0,0,0,0,0,0,0,0,0,5,1.467148722
118078.25,0.448075978,0.5,6404,37,0.1059,32.25,34.6875,37.27,0,0,0.07,0,0,20,0.5,0.104,5.5,50,25,0.1,0.1,0.1,0.1,0.1,0.1,0.5,0,15125,0.035504132,0.014413223,0,0,0,0,0,0,0,0,0,0,5,1.378749612
118138.3,0.482103788,0.5,6404,37,0.1396,32.25,34.625,37.09,0,0,0.07,0,0,20,0.5,0.104,5.5,50,25,0.1,0.1,0.1,0.1,0.1,0.1,0.5,0,15458,0.035580282,0.014620261,0,0,0,0,0,0,0,0,0,0,5,1.529401954
118198.35,0.474363847,0.5,6404,37,0.1065,32.1875,34.625,37.27,0,0,0.07,0,0,20,0.5,0.104,5.5,50,25,0.1,0.1,0.1,0.1,0.1,0.1,0.5,0,16483,0.034763089,0.014499788,0,0,0,0,0,0,0,0,0,0,5,1.404377505
118258.39,0.490977164,0.5,6404,37,0.1261,32.125,34.625,37.17,0,0,0.07,0,0,20,0.5,0.104,5.5,50,25,0.1,0.1,0.1,0.1,0.1,0.1,0.5,0,16084,0.034755036,0.014610793,0,0,0,0,0,0,0,0,0,0,5,1.437427577
118318.43,0.502601892,0.5,6404,37,0.1222,32.0625,34.5625,37.11,0,0,0,0,0,20,0.5,0.104,5.5,50,25,0.1,0.1,0.1,0.1,0.1,0.1,0.5,0,16432,0.034992697,0.014544791,0,0,0,0,0,0,0,0,0,0,5,1.43575851
118378.48,0.496665652,0.5,6404,37,0.0906,32.0625,34.5625,37.03,0,0,0,0,0,20,0.5,0.104,5.5,50,25,0.1,0.1,0.1,0.1,0.1,0.1,0.5,0,15970,0.035378835,0.014777708,0,0,0,0,0,0,0,0,0,0,5,1.328326618
118438.53,0.518116214,0.5,6404,37,0.1541,32.0625,34.5625,37.19,0,0,0,0,0,20,0.5,0.104,5.5,50,25,0.1,0.1,0.1,0.1,0.1,0.1,0.5,0,17122,0.034458591,0.014250672,0,0,0,0,0,0,0,0,0,0,5,1.388757793
118498.61,0.522387566,0.5,6404,37,0.1441,32,34.625,37.25,0,0,0,0,0,20,0.5,0.104,5.5,50,25,0.1,0.1,0.1,0.1,0.1,0.1,0.5,0,16908,0.034776437,0.014608469,0,0,0,0,0,0,0,0,0,0,5,1.343950523
118558.68,0.543746896,0.5,6404,37,0.1243,32,34.6875,37.03,0,0,0,0,0,20,0.5,0.104,5.5,50,25,0.1,0.1,0.1,0.1,0.1,0.1,0.5,0,16508,0.035195057,0.014720136,0,0,0,0,0,0,0,0,0,0,5,1.396975292
118618.71,0.556206786,0.5,6404,37,0.1154,32.0625,34.6875,37.11,0,0.02,0.25,0,0,20,0.5,0.104,5.5,50,25,0.1,0.1,0.1,0.1,0.1,0.1,0.5,0,17490,0.03464837,0.014236707,0,0,0,0,0,0,0,0,0,0,0.44,1.396975292
118678.79,0.501093938,0.5,6404,37,0.391725,31.9375,34.6875,36.39,0,0.019812261,0.149249044,0,0,20,0.5,0.104,5.5,50,25,0.1,0.1,0.1,0.1,0.1,0.1,0.5,0,16839,0.034978324,0.014252628,0,0,0,0,0,0,0,0,0,0,0.44,1.396975292
118738.87,0.440970054,0.5,6404,37,0.54436061,31.875,34.75,36.15,0,0.000748933,0.072995732,0,0,20,0.5,0.104,5.5,50,25,0.1,0.1,0.1,0.1,0.1,0.1,0.5,0,15659,0.035315154,0.014432595,0,0,0,0,0,0,0,0,0,0,0.44,1.396975292
118798.95,0.442787532,0.5,6404,37,0.225856578,32.0625,34.6875,36.93,0,0,0.07,0,0,20,0.5,0.104,5.5,50,25,0.1,0.1,0.1,0.1,0.1,0.1,0.5,0,14968,0.035475681,0.014497595,0,0,0,0,0,0,0,0,0,0,5,1.396975292
118859,0.447684816,0.5,6404,37,0.1475,32.1875,34.6875,37.13,0,0,0.07,0,0,20,0.5,0.104,5.5,50,25,0.1,0.1,0.1,0.1,0.1,0.1,0.5,0,15751,0.035045394,0.014475271,0,0,0,0,0,0,0,0,0,0,5,1.396975292
118919.07,0.484217357,0.5,6404,37,0.1382,32.25,34.6875,37.17,0,0,0.25,0,0,20,0.5,0.104,5.5,50,25,0.1,0.1,0.1,0.1,0.1,0.1,0.5,0,15949,0.03467302,0.014546367,0,0,0,0,0,0,0,0,0,0,5,1.396975292
118979.11,0.481201633,0.5,6404,37,0.121,32.25,34.75,37.29,0,0,0.07,0,0,20,0.5,0.104,5.5,50,25,0.1,0.1,0.1,0.1,0.1,0.1,0.5,0,16201,0.035059564,0.014505277,0,0,0,0,0,0,0,0,0,0,5,1.396975292
119039.18,0.478682856,0.5,6404,37,0.137,32.25,34.75,37.29,0,0,0.07,0,0,20,0.5,0.104,5.5,50,25,0.1,0.1,0.1,0.1,0.1,0.1,0.5,0,16132,0.034899578,0.014691297,0,0,0,0,0,0,0,0,0,0,5,1.396975292
119099.26,0.525361738,0.5,6404,37,0.1227,32.1875,34.6875,37.29,0,0,0.07,0,0,20,0.5,0.104,5.5,50,25,0.1,0.1,0.1,0.1,0.1,0.1,0.5,0,16190,0.035083385,0.014329833,0,0,0,0,0,0,0,0,0,0,5,1.396975292
119159.3,0.503971437,0.5,6404,37,0.1017,32.1875,34.6875,37.17,0,0,0.07,0,0,20,0.5,0.104,5.5,50,25,0.1,0.1,0.1,0.1,0.1,0.1,0.5,0,15436,0.036019694,0.014511531,0,0,0,0,0,0,0,0,0,0,5,1.202424159
119219.34,0.513356616,0.5,6404,37,0.1416,32.1875,34.6875,37.03,0,0,0.25,0,0,20,0.5,0.104,5.5,50,25,0.1,0.1,0.1,0.1,0.1,0.1,0.5,0,15430,0.035904083,0.014646792,0,0,0,0,0,0,0,0,0,0,5,1.197656452
119279.39,0.519496216,0.5,6404,37,0.148,32.1875,34.75,36.79,0,0,0.07,0,0,20,0.5,0.104,5.5,50,25,0.1,0.1,0.1,0.1,0.1,0.1,0.5,0,17584,0.034406278,0.01438808,0,0,0,0,0,0,0,0,0,0,5,1.173439923
119339.43,0.525406988,0.5,6404,37,0.1318,32.1875,34.75,37.11,0,0,0.07,0,0,20,0.5,0.104,5.5,50,25,0.1,0.1,0.1,0.1,0.1,0.1,0.5,0,17216,0.034851301,0.014230948,0,0,0,0,0,0,0,0,0,0,5,1.148708881
119399.5,0.551089794,0.5,6404,37,0.1244,32.1875,34.75,37.01,0,0,0,0,0,20,0.5,0.104,5.5,50,25,0.1,0.1,0.1,0.1,0.1,0.1,0.5,0,17583,0.034237616,0.014388898,0,0,0,0,0,0,0,0,0,0,5,1.234447186
119459.61,0.551269321,0.5,6404,37,0.1225,32.125,34.75,36.95,0,0.02,0.15,0,0,20,0.5,0.104,5.5,50,25,0.1,0.1,0.1,0.1,0.1,0.1,0.5,0,17978,0.034486595,0.01429525,0,0,0,0,0,0,0,0,0,0,0.44,1.234447186
119519.68,0.483539246,0.5,6404,37,0.433,31.9375,34.6875,36.13,0,0.017056454,0.25,0,0,20,0.5,0.104,5.5,50,25,0.1,0.1,0.1,0.1,0.1,0.1,0.5,0,16859,0.034818198,0.014354351,0,0,0,0,0,0,0,0,0,0,0.44,1.234447186
119579.75,0.453683385,0.5,6404,37,0.518040079,31.875,34.625,36.07,0,0,0.07,0,0,20,0.5,0.104,5.5,50,25,0.1,0.1,0.1,0.1,0.1,0.1,0.5,0,16675,0.034842579,0.014512744,0,0,0,0,0,0,0,0,0,0,5,1.234447186
119639.79,0.451044751,0.5,6404,37,0.2267,32.0625,34.6875,37.11,0,0,0.07,0,0,20,0.5,0.104,5.5,50,25,0.1,0.1,0.1,0.1,0.1,0.1,0.5,0,16161,0.035022585,0.014355547,0,0,0,0,0,0,0,0,0,0,5,1.234447186
119699.86,0.463744625,0.5,6404,37,0.0644,32.1875,34.625,37.29,0,0,0.07,0,0,20,0.5,0.104,5.5,50,25,0.1,0.1,0.1,0.1,0.1,0.1,0.5,0,16174,0.034932608,0.014653147,0,0,0,0,0,0,0,0,0,0,5,1.234447186
119759.91,0.492907614,0.5,6404,37,0.1189,32.25,34.5625,37.13,0,0,0.07,0,0,20,0.5,0.104,5.5,50,25,0.1,0.1,0.1,0.1,0.1,0.1,0.5,0,16553,0.03485773,0.014498882,0,0,0,0,0,0,0,0,0,0,5,1.234447186
119819.97,0.497041425,0.5,6404,37,0.1011,32.1875,34.625,37.09,0,0,0.25,0,0,20,0.5,0.104,5.5,50,25,0.1,0.1,0.1,0.1,0.1,0.1,0.5,0,16255,0.035004614,0.014580129,0,0,0,0,0,0,0,0,0,0,5,1.234447186
119880.02,0.50537498,0.5,6404,37,0.1578,32.25,34.625,37.13,0,0,0.07,0,0,20,0.5,0.104,5.5,50,25,0.1,0.1,0.1,0.1,0.1,0.1,0.5,0,16568,0.034826171,0.014546113,0,0,0,0,0,0,0,0,0,0,5,1.234447186
119940.14,0.519632746,0.5,6404,37,0.0856,32.1875,34.6875,37.19,0,0,0.07,0,0,20,0.5,0.104,5.5,50,25,0.1,0.1,0.1,0.1,0.1,0.1,0.5,0,17117,0.034877607,0.014663785,0,0,0,0,0,0,0,0,0,0,5,1.256189673
120000.18,0.51983534,0.5,6404,37,0.1076,32.1875,34.6875,37.09,0,0,0.07,0,0,20,0.5,0.104,5.5,50,25,0.1,0.1,0.1,0.1,0.1,0.1,0.5,0,17730,0.03429216,0.014156796,0,0,0,0,0,0,0,0,0,0,5,1.194549603
120060.25,0.526755536,0.5,6404,37,0.0748,32.125,34.6875,37.19,0,0,0.07,0,0,20,0.5,0.104,5.5,50,25,0.1,0.1,0.1,0.1,0.1,0.1,0.5,0,17052,0.035186488,0.014661037,0,0,0,0,0,0,0,0,0,0,5,1.174495485
120120.31,0.550890113,0.5,6404,37,0.1503,32.125,34.6875,36.97,0,0,0.25,0,0,20,0.5,0.104,5.5,50,25,0.1,0.1,0.1,0.1,0.1,0.1,0.5,0,17472,0.034798535,0.014251374,0,0,0,0,0,0,0,0,0,0,5,1.250167093
120180.35,0.567761701,0.5,6404,37,0.1208,32.0625,34.6875,37.03,0,0.02,0.15,0,0,20,0.5,0.104,5.5,50,25,0.1,0.1,0.1,0.1,0.1,0.1,0.5,0,17953,0.034478917,0.014259455,0,0,0,0,0,0,0,0,0,0,0.44,1.250167093
120240.39,0.490903657,0.5,6404,37,0.496925,32,34.75,36.07,0,0.019666887,0.148667547,0,0,20,0.5,0.104,5.5,50,25,0.1,0.1,0.1,0.1,0.1,0.1,0.5,0,16580,0.035162847,0.014656212,0,0,0,0,0,0,0,0,0,0,0.44,1.250167093
120300.46,0.444060062,0.5,6404,37,0.515500726,31.9375,34.75,36.31,0,0,0.07,0,0,20,0.5,0.104,5.5,50,25,0.1,0.1,0.1,0.1,0.1,0.1,0.5,0,16396,0.034459624,0.014515736,0,0,0,0,0,0,0,0,0,0,5,1.250167093
120360.51,0.461866753,0.5,6404,37,0.1977,32.1875,34.8125,36.89,0,0,0.07,0,0,20,0.5,0.104,5.5,50,25,0.1,0.1,0.1,0.1,0.1,0.1,0.5,0,15248,0.03567681,0.014559286,0,0,0,0,0,0,0,0,0,0,5,1.250167093
120420.58,0.481205165,0.5,6404,37,0.1207,32.1875,34.6875,37.19,0,0,0.25,0,0,20,0.5,0.104,5.5,50,25,0.1,0.1,0.1,0.1,0.1,0.1,0.5,0,16667,0.03449931,0.014279714,0,0,0,0,0,0,0,0,0,0,5,1.250167093
120480.66,0.485565216,0.5,6404,37,0.1688,32.25,34.625,37.27,0,0,0.07,0,0,20,0.5,0.104,5.5,50,25,0.1,0.1,0.1,0.1,0.1,0.1,0.5,0,16272,0.034722222,0.014626352,0,0,0,0,0,0,0,0,0,0,5,1.250167093
120540.76,0.486046009,0.5,6404,37,0.1074,32.25,34.625,37.25,0,0,0.07,0,0,20,0.5,0.104,5.5,50,25,0.1,0.1,0.1,0.1,0.1,0.1,0.5,0,16340,0.035067319,0.014687882,0,0,0,0,0,0,0,0,0,0,5,1.250167093
120600.83,0.5018698,0.5,6404,37,0.1535,32.25,34.5625,37.25,0,0,0.07,0,0,20,0.5,0.104,5.5,50,25,0.1,0.1,0.1,0.1,0.1,0.1,0.5,0,17565,0.03381725,0.014403644,0,0,0,0,0,0,0,0,0,0,5,1.250167093
120660.89,0.509673226,0.5,6404,37,0.0701,32.1875,34.5625,37.11,0,0,0.07,0,0,20,0.5,0.104,5.5,50,25,0.1,0.1,0.1,0.1,0.1,0.1,0.5,0,15993,0.035390483,0.014506347,0,0,0,0,0,0,0,0,0,0,5,1.233945927
120720.95,0.51240802,0.5,6404,37,0.1612,32.125,34.5625,37.25,0,0,0.25,0,0,20,0.5,0.104,5.5,50,25,0.1,0.1,0.1,0.1,0.1,0.1,0.5,0,16730,0.035086671,0.014704124,0,0,0,0,0,0,0,0,0,0,5,1.188302938
120780.99,0.535670967,0.5,6404,37,0.1037,32.1875,34.5625,37.13,0,0,0.07,0,0,20,0.5,0.104,5.5,50,25,0.1,0.1,0.1,0.1,0.1,0.1,0.5,0,16843,0.035148133,0.014367987,0,0,0,0,0,0,0,0,0,0,5,1.262084439
120841.06,0.556494494,0.5,6404,37,0.1342,32.0625,34.625,37.09,0,0,0.07,0,0,20,0.5,0.104,5.5,50,25,0.1,0.1,0.1,0.1,0.1,0.1,0.5,0,18020,0.03418424,0.014428413,0,0,0,0,0,0,0,0,0,0,5,1.313391734
120901.1,0.5469656,0.5,6404,37,0.1329,32.125,34.5,37.05,0,0.02,0.15,0,0,20,0.5,0.104,5.5,50,25,0.1,0.1,0.1,0.1,0.1,0.1,0.5,0,17128,0.03503036,0.014654367,0,0,0,0,0,0,0,0,0,0,0.44,1.313391734
120961.17,0.503776679,0.5,6404,37,0.5,32,34.625,36.09,0,0.02,0.15,0,0,20,0.5,0.104,5.5,50,25,0.1,0.1,0.1,0.1,0.1,0.1,0.5,0,16070,0.035407592,0.014436839,0,0,0,0,0,0,0,0,0,0,0.44,1.313391734
121021.21,0.450132809,0.5,6404,37,0.49755,31.8125,34.625,36.15,0,0.019139905,0.25,0,0,20,0.5,0.104,5.5,50,25,0.1,0.1,0.1,0.1,0.1,0.1,0.5,0,15535,0.035146444,0.014354683,0,0,0,0,0,0,0,0,0,0,0.44,1.313391734
121081.27,0.391333543,0.5,6404,37,0.537627883,31.9375,34.625,36.21,0,0,0.07,0,0,20,0.5,0.104,5.5,50,25,0.1,0.1,0.1,0.1,0.1,0.1,0.5,0,15078,0.034951585,0.014590795,0,0,0,0,0,0,0,0,0,0,5,1.313391734
121141.34,0.400122959,0.5,6404,37,0.1663,32.1875,34.625,37.03,0,0,0.07,0,0,20,0.5,0.104,5.5,50,25,0.1,0.1,0.1,0.1,0.1,0.1,0.5,0,15466,0.034721324,0.014095435,0,0,0,0,0,0,0,0,0,0,5,1.313391734
121201.38,0.407281053,0.5,6404,37,0.1543,32.375,34.5625,37.29,0,0,0.07,0,0,20,0.5,0.104,5.5,50,25,0.1,0.1,0.1,0.1,0.1,0.1,0.5,0,15340,0.034550196,0.014537158,0,0,0,0,0,0,0,0,0,0,5,1.313391734
121261.43,0.413246585,0.5,6404,37,0.124,32.4375,34.625,37.53,0,0,0.07,0,0,20,0.5,0.104,5.5,50,25,0.1,0.1,0.1,0.1,0.1,0.1,0.5,0,15994,0.034012755,0.014380393,0,0,0,0,0,0,0,0,0,0,5,1.313391734
121321.49,0.446438896,0.5,6404,37,0.0878,32.4375,34.625,37.43,0,0,0.25,0,0,20,0.5,0.104,5.5,50,25,0.1,0.1,0.1,0.1,0.1,0.1,0.5,0,15058,0.035330057,0.014211715,0,0,0,0,0,0,0,0,0,0,5,1.313391734
121381.56,0.43404213,0.5,6404,37,0.1391,32.375,34.625,37.33,0,0,0.07,0,0,20,0.5,0.104,5.5,50,25,0.1,0.1,0.1,0.1,0.1,0.1,0.5,0,16122,0.034425009,0.014142166,0,0,0,0,0,0,0,0,0,0,5,1.313391734
121441.6,0.434556732,0.5,6404,37,0.1092,32.375,34.625,37.33,0,0,0.07,0,0,20,0.5,0.104,5.5,50,25,0.1,0.1,0.1,0.1,0.1,0.1,0.5,0,16213,0.034725221,0.014494541,0,0,0,0,0,0,0,0,0,0,5,1.251276856
121501.67,0.451070238,0.5,6404,37,0.1014,32.375,34.6875,37.27,0,0,0.07,0,0,20,0.5,0.104,5.5,50,25,0.1,0.1,0.1,0.1,0.1,0.1,0.5,0,15813,0.035160944,0.014608234,0,0,0,0,0,0,0,0,0,0,5,1.300602696
121561.72,0.455352644,0.5,6404,37,0.151,32.3125,34.6875,37.09,0,0,0.07,0,0,20,0.5,0.104,5.5,50,25,0.1,0.1,0.1,0.1,0.1,0.1,0.5,0,16252,0.034580359,0.01452129,0,0,0,0,0,0,0,0,0,0,5,1.263919843
121621.75,0.488128901,0.5,6404,37,0.0991,32.3125,34.6875,37.17,0,0,0.25,0,0,20,0.5,0.104,5.5,50,25,0.1,0.1,0.1,0.1,0.1,0.1,0.5,0,16425,0.034703196,0.014368341,0,0,0,0,0,0,0,0,0,0,5,1.409245908
121681.81,0.482427276,0.5,6404,37,0.1664,32.3125,34.6875,37.11,0,0,0,0,0,20,0.5,0.104,5.5,50,25,0.1,0.1,0.1,0.1,0.1,0.1,0.5,0,15369,0.035526059,0.014639859,0,0,0,0,0,0,0,0,0,0,5,1.30353563
121741.86,0.488701517,0.5,6404,37,0.0995,32.1875,34.6875,37.11,0,0,0,0,0,20,0.5,0.104,5.5,50,25,0.1,0.1,0.1,0.1,0.1,0.1,0.5,0,16560,0.034782609,0.014251208,0,0,0,0,0,0,0,0,0,0,5,1.277124018
121801.93,0.492626621,0.5,6404,37,0.115,32.25,34.6875,37.11,0,0,0,0,0,20,0.5,0.104,5.5,50,25,0.1,0.1,0.1,0.1,0.1,0.1,0.5,0,15582,0.035810551,0.014824798,0,0,0,0,0,0,0,0,0,0,5,1.237266673
121861.99,0.500462089,0.5,6404,37,0.0999,32.25,34.75,36.89,0,0,0,0,0,20,0.5,0.104,5.5,50,25,0.1,0.1,0.1,0.1,0.1,0.1,0.5,0,16586,0.034848668,0.014349451,0,0,0,0,0,0,0,0,0,0,5,1.222744306
121922.05,0.538046008,0.5,6404,37,0.0783,32.1875,34.75,37.03,0,0,0,0,0,20,0.5,0.104,5.5,50,25,0.1,0.1,0.1,0.1,0.1,0.1,0.5,0,16402,0.035239605,0.014449457,0,0,0,0,0,0,0,0,0,0,5,1.378843764
121982.08,0.518014369,0.5,6404,37,0.1424,32.125,34.8125,36.87,0,0,0,0,0,20,0.5,0.104,5.5,50,25,0.1,0.1,0.1,0.1,0.1,0.1,0.5,0,16181,0.035473704,0.014585007,0,0,0,0,0,0,0,0,0,0,5,1.1960783
122042.14,0.535072989,0.5,6404,37,0.1657,32.125,34.75,36.95,0,0,0,0,0,20,0.5,0.104,5.5,50,25,0.1,0.1,0.1,0.1,0.1,0.1,0.5,0,17094,0.035275535,0.014742015,0,0,0,0,0,0,0,0,0,0,5,1.233474939
122102.24,0.539620898,0.5,6404,37,0.1412,32.125,34.6875,37.03,0,0,0,0,0,20,0.5,0.104,5.5,50,25,0.1,0.1,0.1,0.1,0.1,0.1,0.5,0,16724,0.035278641,0.014649605,0,0,0,0,0,0,0,0,0,0,5,1.197192247
122162.29,0.547134925,0.5,6404,37,0.1591,32.125,34.6875,36.85,0,0,0,0,0,20,0.5,0.104,5.5,50,25,0.1,0.1,0.1,0.1,0.1,0.1,0.5,0,16956,0.035385704,0.014508139,0,0,0,0,0,0,0,0,0,0,5,1.178818388
122222.34,0.58441371,0.5,6404,37,0.1535,32.125,34.6875,36.95,0,0.02,0.25,0,0,20,0.5,0.104,5.5,50,25,0.1,0.1,0.1,0.1,0.1,0.1,0.5,0,17849,0.034903916,0.014678693,0,0,0,0,0,0,0,0,0,0,0.44,1.178818388
122282.42,0.492966303,0.5,6404,37,0.449925,31.9375,34.625,36.15,0,0.02,0.15,0,0,20,0.5,0.104,5.5,50,25,0.1,0.1,0.1,0.1,0.1,0.1,0.5,0,17562,0.034677144,0.014406104,0,0,0,0,0,0,0,0,0,0,0.44,1.178818388
122342.46,0.455081845,0.5,6404,37,0.49215,31.8125,34.625,35.99,0,0,0.07,0,0,20,0.5,0.104,5.5,50,25,0.1,0.1,0.1,0.1,0.1,0.1,0.5,0,16159,0.03490315,0.014542979,0,0,0,0,0,0,0,0,0,0,5,1.178818388
122402.53,0.465931677,0.5,6404,37,0.2234,32,34.625,36.95,0,0,0.07,0,0,20,0.5,0.104,5.5,50,25,0.1,0.1,0.1,0.1,0.1,0.1,0.5,0,15284,0.03578906,0.014590421,0,0,0,0,0,0,0,0,0,0,5,1.178818388
122462.62,0.476297092,0.5,6404,37,0.1129,32.125,34.6875,37.37,0,0,0.07,0,0,20,0.5,0.104,5.5,50,25,0.1,0.1,0.1,0.1,0.1,0.1,0.5,0,15874,0.035529797,0.014741086,0,0,0,0,0,0,0,0,0,0,5,1.178818388
122522.66,0.478362494,0.5,6404,37,0.1457,32.3125,34.625,37.13,0,0,0.25,0,0,20,0.5,0.104,5.5,50,25,0.1,0.1,0.1,0.1,0.1,0.1,0.5,0,17349,0.034065364,0.014352412,0,0,0,0,0,0,0,0,0,0,5,1.178818388
122582.7,0.489234917,0.5,6404,37,0.1438,32.3125,34.6875,37.25,0,0,0.07,0,0,20,0.5,0.104,5.5,50,25,0.1,0.1,0.1,0.1,0.1,0.1,0.5,0,16828,0.034763489,0.014559068,0,0,0,0,0,0,0,0,0,0,5,1.178818388
122642.75,0.509758251,0.5,6404,37,0.0845,32.25,34.6875,37.37,0,0,0.07,0,0,20,0.5,0.104,5.5,50,25,0.1,0.1,0.1,0.1,0.1,0.1,0.5,0,16983,0.034681741,0.014308426,0,0,0,0,0,0,0,0,0,0,5,1.178818388
122702.82,0.514303164,0.5,6404,37,0.1014,32.25,34.6875,37.13,0,0,0.07,0,0,20,0.5,0.104,5.5,50,25,0.1,0.1,0.1,0.1,0.1,0.1,0.5,0,16878,0.034601256,0.014219694,0,0,0,0,0,0,0,0,0,0,5,1.146506397
122762.88,0.520967763,0.5,6404,37,0.1519,32.1875,34.6875,37.09,0,0,0.07,0,0,20,0.5,0.104,5.5,50,25,0.1,0.1,0.1,0.1,0.1,0.1,0.5,0,16783,0.034797116,0.014598105,0,0,0,0,0,0,0,0,0,0,5,1.127806857
122822.94,0.520767685,0.5,6404,37,0.148,32.0625,34.75,37.01,0,0,0.25,0,0,20,0.5,0.104,5.5,50,25,0.1,0.1,0.1,0.1,0.1,0.1,0.5,0,17344,0.034594096,0.014471863,0,0,0,0,0,0,0,0,0,0,5,1.070264141
122883.01,0.535928575,0.5,6404,37,0.1471,32.1875,34.6875,37.01,0,0,0.07,0,0,20,0.5,0.104,5.5,50,25,0.1,0.1,0.1,0.1,0.1,0.1,0.5,0,16913,0.035416543,0.014367646,0,0,0,0,0,0,0,0,0,0,5,1.1028415
122943.05,0.547204979,0.5,6404,37,0.1411,32.1875,34.75,36.97,0,0,0,0,0,20,0.5,0.104,5.5,50,25,0.1,0.1,0.1,0.1,0.1,0.1,0.5,0,19280,0.033506224,0.014159751,0,0,0,0,0,0,0,0,0,0,5,1.110167135
123003.12,0.555782541,0.5,6404,37,0.1493,32.125,34.75,37.03,0,0.02,0.15,0,0,20,0.5,0.104,5.5,50,25,0.1,0.1,0.1,0.1,0.1,0.1,0.5,0,17247,0.035136545,0.014495275,0,0,0,0,0,0,0,0,0,0,0.44,1.110167135
123063.2,0.485949198,0.5,6404,37,0.4722,32,34.75,36.09,0,0.017825207,0.141300827,0,0,20,0.5,0.104,5.5,50,25,0.1,0.1,0.1,0.1,0.1,0.1,0.5,0,17251,0.034664657,0.014491914,0,0,0,0,0,0,0,0,0,0,0.44,1.110167135
123123.26,0.446968772,0.5,6404,37,0.465427046,31.9375,34.75,36.15,0,0,0.25,0,0,20,0.5,0.104,5.5,50,25,0.1,0.1,0.1,0.1,0.1,0.1,0.5,0,16024,0.034885172,0.014603095,0,0,0,0,0,0,0,0,0,0,5,1.110167135
123183.3,0.45149042,0.5,6404,37,0.188,32.125,34.75,36.97,0,0,0.07,0,0,20,0.5,0.104,5.5,50,25,0.1,0.1,0.1,0.1,0.1,0.1,0.5,0,16142,0.034754058,0.014310494,0,0,0,0,0,0,0,0,0,0,5,1.110167135
123243.39,0.483736371,0.5,6404,37,0.1481,32.25,34.8125,37.21,0,0,0.07,0,0,20,0.5,0.104,5.5,50,25,0.1,0.1,0.1,0.1,0.1,0.1,0.5,0,16878,0.034660505,0.014160446,0,0,0,0,0,0,0,0,0,0,5,1.110167135
123303.46,0.468973906,0.5,6404,37,0.1576,32.375,34.75,37.29,0,0,0.07,0,0,20,0.5,0.104,5.5,50,25,0.1,0.1,0.1,0.1,0.1,0.1,0.5,0,16470,0.034547662,0.014450516,0,0,0,0,0,0,0,0,0,0,5,1.110167135
123363.52,0.478355493,0.5,6404,37,0.1301,32.3125,34.6875,37.17,0,0,0.07,0,0,20,0.5,0.104,5.5,50,25,0.1,0.1,0.1,0.1,0.1,0.1,0.5,0,15592,0.035531042,0.014687019,0,0,0,0,0,0,0,0,0,0,5,1.110167135
123423.56,0.492015244,0.5,6404,37,0.1143,32.3125,34.625,37.33,0,0,0.25,0,0,20,0.5,0.104,5.5,50,25,0.1,0.1,0.1,0.1,0.1,0.1,0.5,0,16773,0.034758242,0.014547189,0,0,0,0,0,0,0,0,0,0,5,1.110167135
123483.61,0.512437982,0.5,6404,37,0.1483,32.1875,34.625,37.19,0,0,0.07,0,0,20,0.5,0.104,5.5,50,25,0.1,0.1,0.1,0.1,0.1,0.1,0.5,0,17390,0.034100058,0.014433583,0,0,0,0,0,0,0,0,0,0,5,1.176668757
123543.65,0.508359373,0.5,6404,37,0.1226,32.25,34.625,37.27,0,0,0.07,0,0,20,0.5,0.104,5.5,50,25,0.1,0.1,0.1,0.1,0.1,0.1,0.5,0,16845,0.035084595,0.014663105,0,0,0,0,0,0,0,0,0,0,5,1.093862114
123603.7,0.530686542,0.5,6404,37,0.1337,32.25,34.625,37.01,0,0,0.07,0,0,20,0.5,0.104,5.5,50,25,0.1,0.1,0.1,0.1,0.1,0.1,0.5,0,17380,0.034637514,0.014499425,0,0,0,0,0,0,0,0,0,0,5,1.168117728
123663.77,0.538668489,0.5,6404,37,0.1592,32.1875,34.5625,37.17,0,0,0.07,0,0,20,0.5,0.104,5.5,50,25,0.1,0.1,0.1,0.1,0.1,0.1,0.5,0,16246,0.035639542,0.014772867,0,0,0,0,0,0,0,0,0,0,5,1.15449825
123723.84,0.549779204,0.5,6404,37,0.1135,32.0625,34.5,37.21,0,0,0,0,0,20,0.5,0.104,5.5,50,25,0.1,0.1,0.1,0.1,0.1,0.1,0.5,0,17680,0.034785068,0.01459276,0,0,0,0,0,0,0,0,0,0,5,1.158022589
123783.9,0.551741222,0.5,6404,37,0.0807,32.125,34.5625,37.03,0,0.02,0.15,0,0,20,0.5,0.104,5.5,50,25,0.1,0.1,0.1,0.1,0.1,0.1,0.5,0,18532,0.034265055,0.01429959,0,0,0,0,0,0,0,0,0,0,0.44,1.158022589
123843.95,0.498276826,0.5,6404,37,0.509075,31.875,34.5625,35.89,0,0.019005205,0.146020818,0,0,20,0.5,0.104,5.5,50,25,0.1,0.1,0.1,0.1,0.1,0.1,0.5,0,16591,0.035380628,0.014646495,0,0,0,0,0,0,0,0,0,0,0.44,1.158022589
123904.02,0.468840953,0.5,6404,37,0.525975605,31.875,34.625,36.17,0,0.018629829,0.144519315,0,0,20,0.5,0.104,5.5,50,25,0.1,0.1,0.1,0.1,0.1,0.1,0.5,0,15709,0.035521039,0.014768604,0,0,0,0,0,0,0,0,0,0,0.44,1.158022589
123964.08,0.410005174,0.5,6404,37,0.526057713,31.9375,34.5625,36.39,0,0,0.07,0,0,20,0.5,0.104,5.5,50,25,0.1,0.1,0.1,0.1,0.1,0.1,0.5,0,15102,0.035227122,0.01470004,0,0,0,0,0,0,0,0,0,0,5,1.158022589
124024.14,0.408937751,0.5,6404,37,0.2132,32.125,34.625,37.33,0,0,0.25,0,0,20,0.5,0.104,5.5,50,25,0.1,0.1,0.1,0.1,0.1,0.1,0.5,0,15262,0.035054383,0.014480409,0,0,0,0,0,0,0,0,0,0,5,1.158022589
124084.2,0.419945918,0.5,6404,37,0.0614,32.3125,34.625,37.53,0,0,0.07,0,0,20,0.5,0.104,5.5,50,25,0.1,0.1,0.1,0.1,0.1,0.1,0.5,0,15640,0.035038363,0.014641944,0,0,0,0,0,0,0,0,0,0,5,1.158022589
124144.34,0.446895259,0.5,6404,37,0.1506,32.375,34.6875,37.41,0,0,0.07,0,0,20,0.5,0.104,5.5,50,25,0.1,0.1,0.1,0.1,0.1,0.1,0.5,0,14972,0.03526583,0.014827678,0,0,0,0,0,0,0,0,0,0,5,1.158022589
124204.37,0.443503185,0.5,6404,37,0.1392,32.3125,34.6875,37.45,0,0,0.07,0,0,20,0.5,0.104,5.5,50,25,0.1,0.1,0.1,0.1,0.1,0.1,0.5,0,15304,0.03521955,0.014506012,0,0,0,0,0,0,0,0,0,0,5,1.158022589
124264.42,0.470403559,0.5,6404,37,0.1067,32.25,34.6875,37.19,0,0,0.07,0,0,20,0.5,0.104,5.5,50,25,0.1,0.1,0.1,0.1,0.1,0.1,0.5,0,15562,0.035278242,0.014715332,0,0,0,0,0,0,0,0,0,0,5,1.158022589
124324.49,0.460525774,0.5,6404,37,0.1221,32.25,34.75,37.41,0,0,0.25,0,0,20,0.5,0.104,5.5,50,25,0.1,0.1,0.1,0.1,0.1,0.1,0.5,0,15902,0.0347755,0.014400704,0,0,0,0,0,0,0,0,0,0,5,1.036455044
124384.55,0.494767521,0.5,6404,37,0.1278,32.3125,34.75,37.25,0,0,0.07,0,0,20,0.5,0.104,5.5,50,25,0.1,0.1,0.1,0.1,0.1,0.1,0.5,0,15544,0.035769429,0.014668039,0,0,0,0,0,0,0,0,0,0,5,1.199789811
124444.64,0.494762883,0.5,6404,37,0.0891,32.3125,34.75,37.01,0,0,0.07,0,0,20,0.5,0.104,5.5,50,25,0.1,0.1,0.1,0.1,0.1,0.1,0.5,0,15184,0.036090622,0.014949947,0,0,0,0,0,0,0,0,0,0,5,1.139772199
124504.71,0.502853565,0.5,6404,37,0.1673,32.1875,34.75,37.09,0,0,0.07,0,0,20,0.5,0.104,5.5,50,25,0.1,0.1,0.1,0.1,0.1,0.1,0.5,0,15749,0.035621309,0.014350117,0,0,0,0,0,0,0,0,0,0,5,1.131444731
124564.78,0.519089646,0.5,6404,37,0.1181,32.1875,34.8125,37.19,0,0,0,0,0,20,0.5,0.104,5.5,50,25,0.1,0.1,0.1,0.1,0.1,0.1,0.5,0,17328,0.034222068,0.014138966,0,0,0,0,0,0,0,0,0,0,5,1.170205272
124624.85,0.525765863,0.5,6404,37,0.1274,32.25,34.8125,37.17,0,0,0,0,0,20,0.5,0.104,5.5,50,25,0.1,0.1,0.1,0.1,0.1,0.1,0.5,0,16385,0.035459262,0.014769606,0,0,0,0,0,0,0,0,0,0,5,1.150033179
124684.94,0.512307621,0.5,6404,37,0.1662,32.25,34.8125,37.13,0,0,0,0,0,20,0.5,0.104,5.5,50,25,0.1,0.1,0.1,0.1,0.1,0.1,0.5,0,16257,0.035553915,0.014639847,0,0,0,0,0,0,0,0,0,0,5,1.014739362
124744.97,0.52882212,0.5,6404,37,0.1064,32.1875,34.8125,37.27,0,0,0,0,0,20,0.5,0.104,5.5,50,25,0.1,0.1,0.1,0.1,0.1,0.1,0.5,0,16631,0.035536047,0.014791654,0,0,0,0,0,0,0,0,0,0,5,1.059182945
124805.04,0.543556716,0.5,6404,37,0.1369,32.25,34.8125,37.11,0,0,0,0,0,20,0.5,0.104,5.5,50,25,0.1,0.1,0.1,0.1,0.1,0.1,0.5,0,17188,0.035082616,0.014486851,0,0,0,0,0,0,0,0,0,0,5,1.08866961
124865.08,0.555275594,0.5,6404,37,0.1224,32.1875,34.75,37.17,0,0.02,0.15,0,0,20,0.5,0.104,5.5,50,25,0.1,0.1,0.1,0.1,0.1,0.1,0.5,0,17133,0.035195237,0.014416623,0,0,0,0,0,0,0,0,0,0,0.44,1.08866961
124925.13,0.51244486,0.5,6404,37,0.4534,31.9375,34.75,36.01,0,0.02,0.25,0,0,20,0.5,0.104,5.5,50,25,0.1,0.1,0.1,0.1,0.1,0.1,0.5,0,16023,0.035636273,0.014541596,0,0,0,0,0,0,0,0,0,0,0.44,1.08866961
124985.2,0.440624146,0.5,6404,37,0.5134,31.9375,34.6875,35.91,0,0.000813309,0.073253237,0,0,20,0.5,0.104,5.5,50,25,0.1,0.1,0.1,0.1,0.1,0.1,0.5,0,16626,0.034644533,0.014435222,0,0,0,0,0,0,0,0,0,0,0.44,1.08866961
125045.27,0.452800393,0.5,6404,37,0.23580028,32.0625,34.6875,36.95,0,0,0.07,0,0,20,0.5,0.104,5.5,50,25,0.1,0.1,0.1,0.1,0.1,0.1,0.5,0,15505,0.035020961,0.014317962,0,0,0,0,0,0,0,0,0,0,5,1.08866961
125105.34,0.446548688,0.5,6404,37,0.1658,32.25,34.75,37.27,0,0,0.07,0,0,20,0.5,0.104,5.5,50,25,0.1,0.1,0.1,0.1,0.1,0.1,0.5,0,15759,0.034964147,0.014721746,0,0,0,0,0,0,0,0,0,0,5,1.08866961
125165.42,0.460096261,0.5,6404,37,0.1327,32.3125,34.75,37.09,0,0,0.07,0,0,20,0.5,0.104,5.5,50,25,0.1,0.1,0.1,0.1,0.1,0.1,0.5,0,16692,0.034567457,0.014497963,0,0,0,0,0,0,0,0,0,0,5,1.08866961
125225.47,0.463093503,0.5,6404,37,0.0851,32.3125,34.75,37.43,0,0,0.25,0,0,20,0.5,0.104,5.5,50,25,0.1,0.1,0.1,0.1,0.1,0.1,0.5,0,16709,0.034412592,0.014423365,0,0,0,0,0,0,0,0,0,0,5,1.08866961
125285.51,0.469196006,0.5,6404,37,0.1373,32.375,34.8125,37.25,0,0,0.07,0,0,20,0.5,0.104,5.5,50,25,0.1,0.1,0.1,0.1,0.1,0.1,0.5,0,16244,0.035213002,0.014405319,0,0,0,0,0,0,0,0,0,0,5,1.08866961
125345.56,0.490783344,0.5,6404,37,0.1725,32.3125,34.75,37.27,0,0,0.07,0,0,20,0.5,0.104,5.5,50,25,0.1,0.1,0.1,0.1,0.1,0.1,0.5,0,16327,0.035401482,0.014699577,0,0,0,0,0,0,0,0,0,0,5,1.08866961
125405.63,0.504635591,0.5,6404,37,0.0876,32.3125,34.8125,37.35,0,0,0.07,0,0,20,0.5,0.104,5.5,50,25,0.1,0.1,0.1,0.1,0.1,0.1,0.5,0,15307,0.035931273,0.014895146,0,0,0,0,0,0,0,0,0,0,5,1.117737507
125465.69,0.506784447,0.5,6404,37,0.1319,32.25,34.8125,37.03,0,0,0.07,0,0,20,0.5,0.104,5.5,50,25,0.1,0.1,0.1,0.1,0.1,0.1,0.5,0,16010,0.035290443,0.014615865,0,0,0,0,0,0,0,0,0,0,5,1.074598207
125525.73,0.508426858,0.5,6404,37,0.1189,32.25,34.8125,37.09,0,0,0.25,0,0,20,0.5,0.104,5.5,50,25,0.1,0.1,0.1,0.1,0.1,0.1,0.5,0,16847,0.035199145,0.014720722,0,0,0,0,0,0,0,0,0,0,5,1.030575116
125585.81,0.534932588,0.5,6404,37,0.1309,32.25,34.8125,36.97,0,0,0.07,0,0,20,0.5,0.104,5.5,50,25,0.1,0.1,0.1,0.1,0.1,0.1,0.5,0,16793,0.035074138,0.014648961,0,0,0,0,0,0,0,0,0,0,5,1.131504468
125645.87,0.536788708,0.5,6404,37,0.1305,32.25,34.8125,37.21,0,0,0,0,0,20,0.5,0.104,5.5,50,25,0.1,0.1,0.1,0.1,0.1,0.1,0.5,0,16410,0.035527118,0.01456429,0,0,0,0,0,0,0,0,0,0,5,1.085320689
125705.93,0.543902743,0.5,6404,37,0.1213,32.25,34.75,37.03,0,0,0,0,0,20,0.5,0.104,5.5,50,25,0.1,0.1,0.1,0.1,0.1,0.1,0.5,0,18121,0.034269632,0.014403179,0,0,0,0,0,0,0,0,0,0,5,1.070552353
125766.01,0.575512251,0.5,6404,37,0.1607,32.1875,34.75,36.95,0,0.02,0.15,0,0,20,0.5,0.104,5.5,50,25,0.1,0.1,0.1,0.1,0.1,0.1,0.5,0,17331,0.035427846,0.014425019,0,0,0,0,0,0,0,0,0,0,0.44,1.070552353
125826.06,0.502505534,0.5,6404,37,0.4466,32.0625,34.75,36.21,0,0.02,0.25,0,0,20,0.5,0.104,5.5,50,25,0.1,0.1,0.1,0.1,0.1,0.1,0.5,0,16544,0.035420696,0.01438588,0,0,0,0,0,0,0,0,0,0,0.44,1.070552353
125886.11,0.433440026,0.5,6404,37,0.5097,31.9375,34.75,36.07,0,0,0.07,0,0,20,0.5,0.104,5.5,50,25,0.1,0.1,0.1,0.1,0.1,0.1,0.5,0,15873,0.035091035,0.014616015,0,0,0,0,0,0,0,0,0,0,0.44,1.070552353
125946.15,0.449580068,0.5,6404,37,0.2223,32.125,34.75,36.97,0,0,0.07,0,0,20,0.5,0.104,5.5,50,25,0.1,0.1,0.1,0.1,0.1,0.1,0.5,0,17013,0.034267913,0.014459531,0,0,0,0,0,0,0,0,0,0,5,1.070552353
126006.19,0.464322919,0.5,6404,37,0.1195,32.3125,34.8125,37.35,0,0,0.07,0,0,20,0.5,0.104,5.5,50,25,0.1,0.1,0.1,0.1,0.1,0.1,0.5,0,15581,0.035748668,0.014569026,0,0,0,0,0,0,0,0,0,0,5,1.070552353
126066.25,0.487976834,0.5,6404,37,0.1022,32.375,34.6875,37.37,0,0,0.07,0,0,20,0.5,0.104,5.5,50,25,0.1,0.1,0.1,0.1,0.1,0.1,0.5,0,16155,0.035283194,0.01454658,0,0,0,0,0,0,0,0,0,0,5,1.070552353
126126.29,0.49907121,0.5,6404,37,0.1229,32.3125,34.75,37.25,0,0,0.25,0,0,20,0.5,0.104,5.5,50,25,0.1,0.1,0.1,0.1,0.1,0.1,0.5,0,15863,0.035428355,0.014625229,0,0,0,0,0,0,0,0,0,0,5,1.070552353
126186.34,0.513657364,0.5,6404,37,0.1802,32.3125,34.75,37.01,0,0,0.07,0,0,20,0.5,0.104,5.5,50,25,0.1,0.1,0.1,0.1,0.1,0.1,0.5,0,16630,0.035057126,0.01443175,0,0,0,0,0,0,0,0,0,0,5,1.070552353
126246.42,0.502953807,0.5,6404,37,0.1033,32.3125,34.75,37.29,0,0,0.07,0,0,20,0.5,0.104,5.5,50,25,0.1,0.1,0.1,0.1,0.1,0.1,0.5,0,16341,0.035799523,0.014931767,0,0,0,0,0,0,0,0,0,0,5,1.070552353
126306.52,0.51824795,0.5,6404,37,0.0981,32.3125,34.875,37.27,0,0,0.07,0,0,20,0.5,0.104,5.5,50,25,0.1,0.1,0.1,0.1,0.1,0.1,0.5,0,15669,0.036058459,0.014933946,0,0,0,0,0,0,0,0,0,0,5,1.10689113
126366.58,0.534556289,0.5,6404,37,0.1262,32.3125,34.8125,37.13,0,0,0.07,0,0,20,0.5,0.104,5.5,50,25,0.1,0.1,0.1,0.1,0.1,0.1,0.5,0,16319,0.03566395,0.01482934,0,0,0,0,0,0,0,0,0,0,5,1.144496293
126426.65,0.552818325,0.5,6404,37,0.1111,32.25,34.875,37.17,0,0,0.25,0,0,20,0.5,0.104,5.5,50,25,0.1,0.1,0.1,0.1,0.1,0.1,0.5,0,17626,0.034551231,0.014637467,0,0,0,0,0,0,0,0,0,0,5,1.188048631
126486.72,0.545899655,0.5,6404,37,0.1938,32.1875,34.875,36.85,0,0.02,0.15,0,0,20,0.5,0.104,5.5,50,25,0.1,0.1,0.1,0.1,0.1,0.1,0.5,0,18219,0.034249959,0.014215928,0,0,0,0,0,0,0,0,0,0,0.44,1.188048631
126546.79,0.513831102,0.5,6404,37,0.45375,32.0625,34.875,36.17,0,0.02,0.15,0,0,20,0.5,0.104,5.5,50,25,0.1,0.1,0.1,0.1,0.1,0.1,0.5,0,15898,0.035727764,0.014781734,0,0,0,0,0,0,0,0,0,0,0.44,1.188048631
126606.84,0.474979011,0.5,6404,37,0.455575,32.0625,34.8125,36.31,0,0.02,0.15,0,0,20,0.5,0.104,5.5,50,25,0.1,0.1,0.1,0.1,0.1,0.1,0.5,0,16226,0.034943917,0.014667817,0,0,0,0,0,0,0,0,0,0,0.44,1.188048631
126666.91,0.402768674,0.5,6404,37,0.496675,32,34.8125,36.25,0,0,0.07,0,0,20,0.5,0.104,5.5,50,25,0.1,0.1,0.1,0.1,0.1,0.1,0.5,0,15314,0.035131252,0.014431239,0,0,0,0,0,0,0,0,0,0,5,1.188048631
126726.95,0.411947926,0.5,6404,37,0.2048,32.1875,34.8125,37.13,0,0,0.25,0,0,20,0.5,0.104,5.5,50,25,0.1,0.1,0.1,0.1,0.1,0.1,0.5,0,15281,0.034945357,0.014462404,0,0,0,0,0,0,0,0,0,0,5,1.188048631
126786.99,0.432795343,0.5,6404,37,0.139,32.4375,34.6875,37.35,0,0,0.07,0,0,20,0.5,0.104,5.5,50,25,0.1,0.1,0.1,0.1,0.1,0.1,0.5,0,15429,0.035063841,0.014258863,0,0,0,0,0,0,0,0,0,0,5,1.188048631
126847.04,0.443711474,0.5,6404,37,0.1058,32.4375,34.75,37.43,0,0,0.07,0,0,20,0.5,0.104,5.5,50,25,0.1,0.1,0.1,0.1,0.1,0.1,0.5,0,15573,0.035317537,0.014704938,0,0,0,0,0,0,0,0,0,0,5,1.188048631
126907.07,0.451222211,0.5,6404,37,0.0941,32.4375,34.75,37.43,0,0,0.07,0,0,20,0.5,0.104,5.5,50,25,0.1,0.1,0.1,0.1,0.1,0.1,0.5,0,15921,0.034859619,0.014571949,0,0,0,0,0,0,0,0,0,0,5,1.188048631
126967.14,0.46625949,0.5,6404,37,0.1277,32.5,34.75,37.25,0,0,0.07,0,0,20,0.5,0.104,5.5,50,25,0.1,0.1,0.1,0.1,0.1,0.1,0.5,0,15692,0.035623248,0.01465715,0,0,0,0,0,0,0,0,0,0,5,1.188048631
127027.22,0.469576065,0.5,6404,37,0.1411,32.4375,34.8125,37.17,0,0,0.25,0,0,20,0.5,0.104,5.5,50,25,0.1,0.1,0.1,0.1,0.1,0.1,0.5,0,16148,0.034988853,0.014552886,0,0,0,0,0,0,0,0,0,0,5,1.149910117
127087.26,0.483684588,0.5,6404,37,0.1292,32.4375,34.8125,37.19,0,0,0.07,0,0,20,0.5,0.104,5.5,50,25,0.1,0.1,0.1,0.1,0.1,0.1,0.5,0,16574,0.034753228,0.014480512,0,0,0,0,0,0,0,0,0,0,5,1.181222765
127147.34,0.493154681,0.5,6404,37,0.1476,32.375,34.75,37.09,0,0,0.07,0,0,20,0.5,0.104,5.5,50,25,0.1,0.1,0.1,0.1,0.1,0.1,0.5,0,16376,0.035051295,0.014716659,0,0,0,0,0,0,0,0,0,0,5,1.180331218
127207.41,0.505688052,0.5,6404,37,0.1166,32.3125,34.75,37.19,0,0,0.07,0,0,20,0.5,0.104,5.5,50,25,0.1,0.1,0.1,0.1,0.1,0.1,0.5,0,16169,0.035376337,0.014657678,0,0,0,0,0,0,0,0,0,0,5,1.196605963
127267.45,0.510332288,0.5,6404,37,0.1177,32.25,34.75,37.17,0,0,0,0,0,20,0.5,0.104,5.5,50,25,0.1,0.1,0.1,0.1,0.1,0.1,0.5,0,16525,0.035037821,0.014462935,0,0,0,0,0,0,0,0,0,0,5,1.164201894
127327.52,0.51639571,0.5,6404,37,0.1514,32.3125,34.8125,37.01,0,0,0,0,0,20,0.5,0.104,5.5,50,25,0.1,0.1,0.1,0.1,0.1,0.1,0.5,0,16447,0.03526479,0.01471393,0,0,0,0,0,0,0,0,0,0,5,1.14142568
127387.58,0.534824365,0.5,6404,37,0.1105,32.1875,34.875,37.17,0,0,0,0,0,20,0.5,0.104,5.5,50,25,0.1,0.1,0.1,0.1,0.1,0.1,0.5,0,16288,0.035670432,0.014611984,0,0,0,0,0,0,0,0,0,0,5,1.189549551
127447.64,0.53481461,0.5,6404,37,0.1908,32.25,34.875,36.85,0,0,0,0,0,20,0.5,0.104,5.5,50,25,0.1,0.1,0.1,0.1,0.1,0.1,0.5,0,16117,0.035862754,0.014891109,0,0,0,0,0,0,0,0,0,0,5,1.130017353
127507.72,0.555116144,0.5,6404,37,0.1063,32.25,34.875,37.17,0,0,0,0,0,20,0.5,0.104,5.5,50,25,0.1,0.1,0.1,0.1,0.1,0.1,0.5,0,16732,0.035441071,0.014702367,0,0,0,0,0,0,0,0,0,0,5,1.185288079
127567.81,0.550863266,0.5,6404,37,0.22155,32.25,34.875,37.13,0,0.02,0.15,0,0,20,0.5,0.104,5.5,50,25,0.1,0.1,0.1,0.1,0.1,0.1,0.5,0,17489,0.035050603,0.014694951,0,0,0,0,0,0,0,0,0,0,0.44,1.185288079
127627.88,0.509095014,0.5,6404,37,0.45865,32.0625,34.875,36.09,0,0.02,0.25,0,0,20,0.5,0.104,5.5,50,25,0.1,0.1,0.1,0.1,0.1,0.1,0.5,0,17095,0.034513016,0.014156186,0,0,0,0,0,0,0,0,0,0,0.44,1.185288079
127687.97,0.442370296,0.5,6404,37,0.467334449,32.0625,34.75,35.97,0,0.001027688,0.074110753,0,0,20,0.5,0.104,5.5,50,25,0.1,0.1,0.1,0.1,0.1,0.1,0.5,0,16879,0.034125244,0.014159607,0,0,0,0,0,0,0,0,0,0,0.44,1.185288079
127748.03,0.447000147,0.5,6404,37,0.272,32.1875,34.75,36.77,0,0,0.07,0,0,20,0.5,0.104,5.5,50,25,0.1,0.1,0.1,0.1,0.1,0.1,0.5,0,14872,0.035906401,0.014591178,0,0,0,0,0,0,0,0,0,0,5,1.185288079
127808.07,0.467201365,0.5,6404,37,0.1127,32.3125,34.75,37.37,0,0,0.07,0,0,20,0.5,0.104,5.5,50,25,0.1,0.1,0.1,0.1,0.1,0.1,0.5,0,15557,0.03528958,0.014655782,0,0,0,0,0,0,0,0,0,0,5,1.185288079
127868.14,0.460658444,0.5,6404,37,0.1373,32.4375,34.75,37.25,0,0,0.07,0,0,20,0.5,0.104,5.5,50,25,0.1,0.1,0.1,0.1,0.1,0.1,0.5,0,16416,0.034844055,0.014315302,0,0,0,0,0,0,0,0,0,0,5,1.185288079
127928.18,0.481824751,0.5,6404,37,0.1389,32.375,34.6875,37.21,0,0,0.25,0,0,20,0.5,0.104,5.5,50,25,0.1,0.1,0.1,0.1,0.1,0.1,0.5,0,15653,0.035648119,0.01482144,0,0,0,0,0,0,0,0,0,0,5,1.185288079
127988.28,0.487588833,0.5,6404,37,0.1011,32.375,34.75,37.33,0,0,0.07,0,0,20,0.5,0.104,5.5,50,25,0.1,0.1,0.1,0.1,0.1,0.1,0.5,0,16096,0.035598907,0.014599901,0,0,0,0,0,0,0,0,0,0,5,1.185288079
128048.31,0.497374194,0.5,6404,37,0.0588,32.3125,34.75,37.45,0,0,0.07,0,0,20,0.5,0.104,5.5,50,25,0.1,0.1,0.1,0.1,0.1,0.1,0.5,0,16331,0.035025412,0.014389811,0,0,0,0,0,0,0,0,0,0,5,1.185288079
128108.37,0.510788264,0.5,6404,37,0.0969,32.375,34.8125,37.27,0,0,0.07,0,0,20,0.5,0.104,5.5,50,25,0.1,0.1,0.1,0.1,0.1,0.1,0.5,0,16104,0.035581222,0.014344262,0,0,0,0,0,0,0,0,0,0,5,1.205861178
128168.48,0.523609682,0.5,6404,37,0.1327,32.3125,34.8125,37.11,0,0,0.07,0,0,20,0.5,0.104,5.5,50,25,0.1,0.1,0.1,0.1,0.1,0.1,0.5,0,16947,0.034991444,0.014279814,0,0,0,0,0,0,0,0,0,0,5,1.219942251
128228.53,0.516890264,0.5,6404,37,0.1556,32.25,34.8125,37.01,0,0,0.25,0,0,20,0.5,0.104,5.5,50,25,0.1,0.1,0.1,0.1,0.1,0.1,0.5,0,16933,0.035020374,0.01429162,0,0,0,0,0,0,0,0,0,0,5,1.120197351
128288.58,0.526058088,0.5,6404,37,0.0858,32.25,34.8125,37.27,0,0,0.07,0,0,20,0.5,0.104,5.5,50,25,0.1,0.1,0.1,0.1,0.1,0.1,0.5,0,17218,0.035079568,0.014577767,0,0,0,0,0,0,0,0,0,0,5,1.116930611
128348.66,0.544703178,0.5,6404,37,0.1393,32.25,34.875,37.05,0,0,0,0,0,20,0.5,0.104,5.5,50,25,0.1,0.1,0.1,0.1,0.1,0.1,0.5,0,16899,0.035505059,0.014438724,0,0,0,0,0,0,0,0,0,0,5,1.165572219
128408.71,0.559916983,0.5,6404,37,0.25025,32.25,34.875,37.03,0,0.02,0.15,0,0,20,0.5,0.104,5.5,50,25,0.1,0.1,0.1,0.1,0.1,0.1,0.5,0,16955,0.03556473,0.014744913,0,0,0,0,0,0,0,0,0,0,0.44,1.165572219
128468.74,0.496320395,0.5,6404,37,0.453695708,32.125,34.875,36.15,0,0.019575124,0.148300497,0,0,20,0.5,0.104,5.5,50,25,0.1,0.1,0.1,0.1,0.1,0.1,0.5,0,16448,0.035019455,0.014530642,0,0,0,0,0,0,0,0,0,0,0.44,1.165572219
128528.81,0.45541159,0.5,6404,37,0.4428,32.0625,34.875,36.07,0,0,0.25,0,0,20,0.5,0.104,5.5,50,25,0.1,0.1,0.1,0.1,0.1,0.1,0.5,0,15856,0.035191726,0.014631685,0,0,0,0,0,0,0,0,0,0,5,1.165572219
128588.87,0.450266251,0.5,6404,37,0.2488,32.1875,34.875,36.87,0,0,0.07,0,0,20,0.5,0.104,5.5,50,25,0.1,0.1,0.1,0.1,0.1,0.1,0.5,0,16644,0.034607066,0.014479692,0,0,0,0,0,0,0,0,0,0,5,1.165572219
128648.94,0.463634846,0.5,6404,37,0.1171,32.3125,34.875,37.35,0,0,0.07,0,0,20,0.5,0.104,5.5,50,25,0.1,0.1,0.1,0.1,0.1,0.1,0.5,0,16580,0.03455971,0.014535585,0,0,0,0,0,0,0,0,0,0,5,1.165572219
128709,0.475479301,0.5,6404,37,0.1458,32.3125,34.8125,37.21,0,0,0.07,0,0,20,0.5,0.104,5.5,50,25,0.1,0.1,0.1,0.1,0.1,0.1,0.5,0,15930,0.035279347,0.01475204,0,0,0,0,0,0,0,0,0,0,5,1.165572219
128769.04,0.474597429,0.5,6404,37,0.1253,32.375,34.8125,37.25,0,0,0.07,0,0,20,0.5,0.104,5.5,50,25,0.1,0.1,0.1,0.1,0.1,0.1,0.5,0,16822,0.034597551,0.014207585,0,0,0,0,0,0,0,0,0,0,5,1.165572219
128829.07,0.492657036,0.5,6404,37,0.1175,32.4375,34.75,37.25,0,0,0.25,0,0,20,0.5,0.104,5.5,50,25,0.1,0.1,0.1,0.1,0.1,0.1,0.5,0,15826,0.035763933,0.014848983,0,0,0,0,0,0,0,0,0,0,5,1.165572219
128889.11,0.508128155,0.5,6404,37,0.1536,32.375,34.75,37.09,0,0,0.07,0,0,20,0.5,0.104,5.5,50,25,0.1,0.1,0.1,0.1,0.1,0.1,0.5,0,16591,0.034838165,0.014706769,0,0,0,0,0,0,0,0,0,0,5,1.200054881
128949.18,0.502723819,0.5,6404,37,0.1426,32.3125,34.75,37.11,0,0,0.07,0,0,20,0.5,0.104,5.5,50,25,0.1,0.1,0.1,0.1,0.1,0.1,0.5,0,15766,0.035963466,0.014778638,0,0,0,0,0,0,0,0,0,0,5,1.107973926
129009.26,0.526834101,0.5,6404,37,0.1213,32.375,34.75,37.17,0,0,0.07,0,0,20,0.5,0.104,5.5,50,25,0.1,0.1,0.1,0.1,0.1,0.1,0.5,0,18213,0.034371054,0.014440235,0,0,0,0,0,0,0,0,0,0,5,1.193109473
129069.32,0.528998381,0.5,6404,37,0.1539,32.3125,34.75,37.03,0,0,0.07,0,0,20,0.5,0.104,5.5,50,25,0.1,0.1,0.1,0.1,0.1,0.1,0.5,0,16644,0.035508291,0.014659938,0,0,0,0,0,0,0,0,0,0,5,1.145753015
129129.39,0.537197621,0.5,6404,37,0.082,32.3125,34.8125,37.29,0,0,0,0,0,20,0.5,0.104,5.5,50,25,0.1,0.1,0.1,0.1,0.1,0.1,0.5,0,17673,0.034685679,0.014541957,0,0,0,0,0,0,0,0,0,0,5,1.134607355
129189.46,0.559841291,0.5,6404,37,0.063,32.25,34.75,37.33,0,0,0,0,0,20,0.5,0.104,5.5,50,25,0.1,0.1,0.1,0.1,0.1,0.1,0.5,0,16867,0.035453845,0.014821841,0,0,0,0,0,0,0,0,0,0,5,1.201738884
129249.51,0.564951848,0.5,6404,37,0.268275,32.3125,34.8125,36.93,0,0.02,0.15,0,0,20,0.5,0.104,5.5,50,25,0.1,0.1,0.1,0.1,0.1,0.1,0.5,0,17398,0.035233935,0.014369468,0,0,0,0,0,0,0,0,0,0,0.44,1.201738884
129309.55,0.500314964,0.5,6404,37,0.45545,32.125,34.875,36.13,0,0.02,0.15,0,0,20,0.5,0.104,5.5,50,25,0.1,0.1,0.1,0.1,0.1,0.1,0.5,0,17328,0.034626039,0.014485226,0,0,0,0,0,0,0,0,0,0,0.44,1.201738884
129369.63,0.449232031,0.5,6404,37,0.423370491,32.0625,34.875,36.17,0,0.001905943,0.077623772,0,0,20,0.5,0.104,5.5,50,25,0.1,0.1,0.1,0.1,0.1,0.1,0.5,0,15524,0.035686679,0.014558104,0,0,0,0,0,0,0,0,0,0,0.44,1.201738884
129429.68,0.467856176,0.5,6404,37,0.300186657,32.1875,34.875,36.81,0,0.007335743,0.25,0,0,20,0.5,0.104,5.5,50,25,0.1,0.1,0.1,0.1,0.1,0.1,0.5,0,16281,0.034764449,0.014556845,0,0,0,0,0,0,0,0,0,0,0.44,1.201738884
129489.73,0.445073711,0.5,6404,37,0.2775,32.3125,34.875,36.79,0,0,0.07,0,0,20,0.5,0.104,5.5,50,25,0.1,0.1,0.1,0.1,0.1,0.1,0.5,0,15386,0.035161835,0.014688678,0,0,0,0,0,0,0,0,0,0,5,1.201738884
129549.81,0.452915221,0.5,6404,37,0.1644,32.375,34.8125,37.21,0,0,0.07,0,0,20,0.5,0.104,5.5,50,25,0.1,0.1,0.1,0.1,0.1,0.1,0.5,0,16173,0.034872936,0.01453039,0,0,0,0,0,0,0,0,0,0,5,1.201738884
129609.87,0.459079333,0.5,6404,37,0.1221,32.4375,34.75,37.33,0,0,0.07,0,0,20,0.5,0.104,5.5,50,25,0.1,0.1,0.1,0.1,0.1,0.1,0.5,0,16067,0.035165246,0.014626253,0,0,0,0,0,0,0,0,0,0,5,1.201738884
129669.93,0.4657585,0.5,6404,37,0.1434,32.4375,34.75,37.21,0,0,0.07,0,0,20,0.5,0.104,5.5,50,25,0.1,0.1,0.1,0.1,0.1,0.1,0.5,0,15565,0.035399936,0.014840989,0,0,0,0,0,0,0,0,0,0,5,1.201738884
129730,0.472550374,0.5,6404,37,0.1553,32.375,34.6875,37.13,0,0,0.25,0,0,20,0.5,0.104,5.5,50,25,0.1,0.1,0.1,0.1,0.1,0.1,0.5,0,16129,0.035278071,0.014694029,0,0,0,0,0,0,0,0,0,0,5,1.201738884
129790.03,0.495271062,0.5,6404,37,0.1143,32.375,34.75,37.27,0,0,0.07,0,0,20,0.5,0.104,5.5,50,25,0.1,0.1,0.1,0.1,0.1,0.1,0.5,0,15258,0.035718967,0.014811902,0,0,0,0,0,0,0,0,0,0,5,1.201738884
129850.1,0.495799352,0.5,6404,37,0.1212,32.375,34.75,37.21,0,0,0.07,0,0,20,0.5,0.104,5.5,50,25,0.1,0.1,0.1,0.1,0.1,0.1,0.5,0,16549,0.034866155,0.014683667,0,0,0,0,0,0,0,0,0,0,5,1.144850242
129910.17,0.502411897,0.5,6404,37,0.147,32.3125,34.75,37.09,0,0,0.07,0,0,20,0.5,0.104,5.5,50,25,0.1,0.1,0.1,0.1,0.1,0.1,0.5,0,15504,0.035861713,0.014576883,0,0,0,0,0,0,0,0,0,0,5,1.127354676
129970.23,0.513397924,0.5,6404,37,0.1301,32.3125,34.6875,37.13,0,0,0.07,0,0,20,0.5,0.104,5.5,50,25,0.1,0.1,0.1,0.1,0.1,0.1,0.5,0,16742,0.035180982,0.014394935,0,0,0,0,0,0,0,0,0,0,5,1.135879732
130030.3,0.541745018,0.5,6404,37,0.135,32.1875,34.75,37.09,0,0,0.25,0,0,20,0.5,0.104,5.5,50,25,0.1,0.1,0.1,0.1,0.1,0.1,0.5,0,16744,0.035296226,0.014393215,0,0,0,0,0,0,0,0,0,0,5,1.2403184
130090.36,0.545812228,0.5,6404,37,0.23835,32.0625,34.625,37.17,0,0.02,0.15,0,0,20,0.5,0.104,5.5,50,25,0.1,0.1,0.1,0.1,0.1,0.1,0.5,0,16560,0.035507246,0.014492754,0,0,0,0,0,0,0,0,0,0,0.44,1.2403184
130150.41,0.497368494,0.5,6404,37,0.441125,32,34.6875,36.25,0,0.02,0.15,0,0,20,0.5,0.104,5.5,50,25,0.1,0.1,0.1,0.1,0.1,0.1,0.5,0,16764,0.034836555,0.014554999,0,0,0,0,0,0,0,0,0,0,0.44,1.2403184
130210.48,0.448258372,0.5,6404,37,0.4027,31.9375,34.625,36.21,0,0,0.07,0,0,20,0.5,0.104,5.5,50,25,0.1,0.1,0.1,0.1,0.1,0.1,0.5,0,15153,0.035504521,0.014782551,0,0,0,0,0,0,0,0,0,0,5,1.2403184
130270.61,0.444408336,0.5,6404,37,0.1836,32.0625,34.6875,37.09,0,0,0.07,0,0,20,0.5,0.104,5.5,50,25,0.1,0.1,0.1,0.1,0.1,0.1,0.5,0,15785,0.035033259,0.014634146,0,0,0,0,0,0,0,0,0,0,5,1.2403184
130330.67,0.4623122,0.5,6404,37,0.1803,32.1875,34.6875,37.09,0,0,0.25,0,0,20,0.5,0.104,5.5,50,25,0.1,0.1,0.1,0.1,0.1,0.1,0.5,0,16506,0.034714649,0.014176663,0,0,0,0,0,0,0,0,0,0,5,1.2403184
130390.7,0.472594024,0.5,6404,37,0.1537,32.3125,34.6875,37.17,0,0,0.07,0,0,20,0.5,0.104,5.5,50,25,0.1,0.1,0.1,0.1,0.1,0.1,0.5,0,16784,0.034675882,0.014478074,0,0,0,0,0,0,0,0,0,0,5,1.2403184
130450.74,0.491050612,0.5,6404,37,0.0973,32.3125,34.75,37.35,0,0,0.07,0,0,20,0.5,0.104,5.5,50,25,0.1,0.1,0.1,0.1,0.1,0.1,0.5,0,16352,0.035041585,0.014554795,0,0,0,0,0,0,0,0,0,0,5,1.2403184
130510.81,0.485359019,0.5,6404,37,0.1516,32.3125,34.75,37.11,0,0,0.07,0,0,20,0.5,0.104,5.5,50,25,0.1,0.1,0.1,0.1,0.1,0.1,0.5,0,16967,0.034655508,0.014380857,0,0,0,0,0,0,0,0,0,0,5,1.2403184
130570.85,0.503182937,0.5,6404,37,0.1533,32.3125,34.75,37.09,0,0,0.07,0,0,20,0.5,0.104,5.5,50,25,0.1,0.1,0.1,0.1,0.1,0.1,0.5,0,17460,0.034364261,0.014203895,0,0,0,0,0,0,0,0,0,0,5,1.286497281
130630.92,0.50572684,0.5,6404,37,0.1161,32.3125,34.8125,37.21,0,0,0.25,0,0,20,0.5,0.104,5.5,50,25,0.1,0.1,0.1,0.1,0.1,0.1,0.5,0,16395,0.035132662,0.014272644,0,0,0,0,0,0,0,0,0,0,5,1.237301073
130690.98,0.538292002,0.5,6404,37,0.1407,32.375,34.8125,37.09,0,0,0.07,0,0,20,0.5,0.104,5.5,50,25,0.1,0.1,0.1,0.1,0.1,0.1,0.5,0,15689,0.035885015,0.014596214,0,0,0,0,0,0,0,0,0,0,5,1.36264948
130751.02,0.539718144,0.5,6404,37,0.1671,32.25,34.8125,36.97,0,0,0.07,0,0,20,0.5,0.104,5.5,50,25,0.1,0.1,0.1,0.1,0.1,0.1,0.5,0,17783,0.034471124,0.014227071,0,0,0,0,0,0,0,0,0,0,5,1.302454649
130811.09,0.543722023,0.5,6404,37,0.06155,32.3125,34.8125,37.17,0,0,0,0,0,20,0.5,0.104,5.5,50,25,0.1,0.1,0.1,0.1,0.1,0.1,0.5,0,16522,0.035528386,0.014707663,0,0,0,0,0,0,0,0,0,0,5,1.259505159
130871.16,0.552641689,0.5,6404,37,0.24565,32.25,34.875,37.05,0,0.02,0.15,0,0,20,0.5,0.104,5.5,50,25,0.1,0.1,0.1,0.1,0.1,0.1,0.5,0,18333,0.034364261,0.014072983,0,0,0,0,0,0,0,0,0,0,0.44,1.259505159
130931.23,0.502481535,0.5,6404,37,0.434782063,32,34.875,36.23,0,0.019625701,0.25,0,0,20,0.5,0.104,5.5,50,25,0.1,0.1,0.1,0.1,0.1,0.1,0.5,0,16450,0.035379939,0.014468085,0,0,0,0,0,0,0,0,0,0,0.44,1.259505159
130991.29,0.459807039,0.5,6404,37,0.524503088,32,34.8125,35.91,0,0.014652606,0.128610425,0,0,20,0.5,0.104,5.5,50,25,0.1,0.1,0.1,0.1,0.1,0.1,0.5,0,15517,0.035509441,0.014629116,0,0,0,0,0,0,0,0,0,0,0.44,1.259505159
131051.36,0.423152654,0.5,6404,37,0.4045,32,34.8125,36.33,0,0,0.07,0,0,20,0.5,0.104,5.5,50,25,0.1,0.1,0.1,0.1,0.1,0.1,0.5,0,15442,0.034840047,0.014376376,0,0,0,0,0,0,0,0,0,0,5,1.259505159
131111.44,0.4067004,0.5,6404,37,0.2221,32.125,34.75,37.05,0,0,0.07,0,0,20,0.5,0.104,5.5,50,25,0.1,0.1,0.1,0.1,0.1,0.1,0.5,0,15073,0.035228554,0.014728322,0,0,0,0,0,0,0,0,0,0,5,1.259505159
131171.49,0.420064034,0.5,6404,37,0.151,32.3125,34.75,37.29,0,0,0.07,0,0,20,0.5,0.104,5.5,50,25,0.1,0.1,0.1,0.1,0.1,0.1,0.5,0,15602,0.034995513,0.014549417,0,0,0,0,0,0,0,0,0,0,5,1.259505159
131231.56,0.438749466,0.5,6404,37,0.1228,32.375,34.75,37.35,0,0,0.25,0,0,20,0.5,0.104,5.5,50,25,0.1,0.1,0.1,0.1,0.1,0.1,0.5,0,15308,0.035536974,0.014763522,0,0,0,0,0,0,0,0,0,0,5,1.259505159
131291.6,0.438421315,0.5,6404,37,0.1096,32.375,34.6875,37.35,0,0,0.07,0,0,20,0.5,0.104,5.5,50,25,0.1,0.1,0.1,0.1,0.1,0.1,0.5,0,15735,0.035271687,0.014362885,0,0,0,0,0,0,0,0,0,0,5,1.259505159
131351.67,0.456151398,0.5,6404,37,0.1206,32.375,34.6875,37.27,0,0,0.07,0,0,20,0.5,0.104,5.5,50,25,0.1,0.1,0.1,0.1,0.1,0.1,0.5,0,15230,0.035587656,0.014379514,0,0,0,0,0,0,0,0,0,0,5,1.259505159
131411.71,0.460952151,0.5,6404,37,0.1481,32.375,34.6875,37.13,0,0,0.07,0,0,20,0.5,0.104,5.5,50,25,0.1,0.1,0.1,0.1,0.1,0.1,0.5,0,15510,0.035460993,0.014377821,0,0,0,0,0,0,0,0,0,0,5,1.22793833
131471.76,0.471661555,0.5,6404,37,0.1315,32.3125,34.75,37.17,0,0,0.07,0,0,20,0.5,0.104,5.5,50,25,0.1,0.1,0.1,0.1,0.1,0.1,0.5,0,16620,0.034777377,0.014500602,0,0,0,0,0,0,0,0,0,0,5,1.235443731
131531.83,0.488520545,0.5,6404,37,0.1364,32.25,34.75,37.13,0,0,0.25,0,0,20,0.5,0.104,5.5,50,25,0.1,0.1,0.1,0.1,0.1,0.1,0.5,0,16514,0.035121715,0.014654233,0,0,0,0,0,0,0,0,0,0,5,1.279031081
131591.86,0.49877152,0.5,6404,37,0.1369,32.25,34.75,37.11,0,0,0.07,0,0,20,0.5,0.104,5.5,50,25,0.1,0.1,0.1,0.1,0.1,0.1,0.5,0,16077,0.035392175,0.014741556,0,0,0,0,0,0,0,0,0,0,5,1.277379284
131651.94,0.50775261,0.5,6404,37,0.14055,32.125,34.75,37.11,0,0,0,0,0,20,0.5,0.104,5.5,50,25,0.1,0.1,0.1,0.1,0.1,0.1,0.5,0,16776,0.034930854,0.014365761,0,0,0,0,0,0,0,0,0,0,5,1.267048995
131711.99,0.52542083,0.5,6404,37,0.10305,32.125,34.75,36.89,0,0,0,0,0,20,0.5,0.104,5.5,50,25,0.1,0.1,0.1,0.1,0.1,0.1,0.5,0,16756,0.035151587,0.014800668,0,0,0,0,0,0,0,0,0,0,5,1.306312094
131772.05,0.532986598,0.5,6404,37,0.15035,32.0625,34.75,36.77,0,0,0,0,0,20,0.5,0.104,5.5,50,25,0.1,0.1,0.1,0.1,0.1,0.1,0.5,0,17008,0.03480715,0.014640169,0,0,0,0,0,0,0,0,0,0,5,1.28388676
131832.13,0.54889153,0.5,6404,37,0.14615,32.1875,34.6875,36.93,0,0,0,0,0,20,0.5,0.104,5.5,50,25,0.1,0.1,0.1,0.1,0.1,0.1,0.5,0,16857,0.035237587,0.014474699,0,0,0,0,0,0,0,0,0,0,5,1.307906119
131892.17,0.545024659,0.5,6404,37,0.39185,32.125,34.625,36.41,0,0.02,0.15,0,0,20,0.5,0.104,5.5,50,25,0.1,0.1,0.1,0.1,0.1,0.1,0.5,0,17121,0.035278313,0.014660359,0,0,0,0,0,0,0,0,0,0,0.44,1.307906119
131952.21,0.488652504,0.5,6404,37,0.439052415,32,34.6875,36.23,0,0.017102733,0.138410933,0,0,20,0.5,0.104,5.5,50,25,0.1,0.1,0.1,0.1,0.1,0.1,0.5,0,16009,0.035417578,0.014679243,0,0,0,0,0,0,0,0,0,0,0.44,1.307906119
132012.26,0.441639827,0.5,6404,37,0.461,31.9375,34.625,35.99,0,0,0.07,0,0,20,0.5,0.104,5.5,50,25,0.1,0.1,0.1,0.1,0.1,0.1,0.5,0,15525,0.035426731,0.014363929,0,0,0,0,0,0,0,0,0,0,5,1.307906119
132072.31,0.461976958,0.5,6404,37,0.1863,32.125,34.625,37.09,0,0,0.07,0,0,20,0.5,0.104,5.5,50,25,0.1,0.1,0.1,0.1,0.1,0.1,0.5,0,15528,0.035548686,0.014683153,0,0,0,0,0,0,0,0,0,0,5,1.307906119
132132.37,0.456466409,0.5,6404,37,0.1376,32.25,34.625,37.25,0,0,0.25,0,0,20,0.5,0.104,5.5,50,25,0.1,0.1,0.1,0.1,0.1,0.1,0.5,0,15682,0.035327127,0.014666497,0,0,0,0,0,0,0,0,0,0,5,1.307906119
132192.41,0.476902911,0.5,6404,37,0.1392,32.25,34.625,37.21,0,0,0.07,0,0,20,0.5,0.104,5.5,50,25,0.1,0.1,0.1,0.1,0.1,0.1,0.5,0,16327,0.034972745,0.014393336,0,0,0,0,0,0,0,0,0,0,5,1.307906119
132252.47,0.484951942,0.5,6404,37,0.1535,32.3125,34.625,37.13,0,0,0.07,0,0,20,0.5,0.104,5.5,50,25,0.1,0.1,0.1,0.1,0.1,0.1,0.5,0,16884,0.034648188,0.014451552,0,0,0,0,0,0,0,0,0,0,5,1.307906119
132312.51,0.500561672,0.5,6404,37,0.1077,32.3125,34.625,37.27,0,0,0.07,0,0,20,0.5,0.104,5.5,50,25,0.1,0.1,0.1,0.1,0.1,0.1,0.5,0,16255,0.03549677,0.01445709,0,0,0,0,0,0,0,0,0,0,5,1.307906119
132372.56,0.513262189,0.5,6404,37,0.1152,32.375,34.6875,37.21,0,0,0.07,0,0,20,0.5,0.104,5.5,50,25,0.1,0.1,0.1,0.1,0.1,0.1,0.5,0,15653,0.035967546,0.014757554,0,0,0,0,0,0,0,0,0,0,5,1.317678787
132432.6,0.518445908,0.5,6404,37,0.116,32.3125,34.6875,37.19,0,0,0.25,0,0,20,0.5,0.104,5.5,50,25,0.1,0.1,0.1,0.1,0.1,0.1,0.5,0,16692,0.035286365,0.01467769,0,0,0,0,0,0,0,0,0,0,5,1.281941533
132492.65,0.530785,0.5,6404,37,0.1315,32.3125,34.625,37.11,0,0,0.07,0,0,20,0.5,0.104,5.5,50,25,0.1,0.1,0.1,0.1,0.1,0.1,0.5,0,17046,0.035140209,0.014724862,0,0,0,0,0,0,0,0,0,0,5,1.288408491
132552.69,0.527794004,0.5,6404,37,0.1099,32.1875,34.6875,37.17,0,0,0.07,0,0,20,0.5,0.104,5.5,50,25,0.1,0.1,0.1,0.1,0.1,0.1,0.5,0,17430,0.035111876,0.014572576,0,0,0,0,0,0,0,0,0,0,5,1.207035127
132612.73,0.555868112,0.5,6404,37,0.10205,32.1875,34.6875,36.95,0,0,0,0,0,20,0.5,0.104,5.5,50,25,0.1,0.1,0.1,0.1,0.1,0.1,0.5,0,16625,0.035909774,0.014556391,0,0,0,0,0,0,0,0,0,0,5,1.302158351
132672.78,0.554984722,0.5,6404,37,0.39305,32.1875,34.625,36.41,0,0.02,0.15,0,0,20,0.5,0.104,5.5,50,25,0.1,0.1,0.1,0.1,0.1,0.1,0.5,0,17223,0.035475817,0.014573535,0,0,0,0,0,0,0,0,0,0,0.44,1.302158351
132732.83,0.501550647,0.5,6404,37,0.504295291,32.0625,34.6875,35.99,0,0.019745195,0.25,0,0,20,0.5,0.104,5.5,50,25,0.1,0.1,0.1,0.1,0.1,0.1,0.5,0,17028,0.035001175,0.01432934,0,0,0,0,0,0,0,0,0,0,0.44,1.302158351
132792.88,0.448563177,0.5,6404,37,0.387392123,32,34.6875,36.33,0,0.001824566,0.077298263,0,0,20,0.5,0.104,5.5,50,25,0.1,0.1,0.1,0.1,0.1,0.1,0.5,0,16125,0.034666667,0.014635659,0,0,0,0,0,0,0,0,0,0,0.44,1.302158351
132852.93,0.441013871,0.5,6404,37,0.2008,32.125,34.625,37.05,0,0,0.07,0,0,20,0.5,0.104,5.5,50,25,0.1,0.1,0.1,0.1,0.1,0.1,0.5,0,14917,0.036133271,0.014547161,0,0,0,0,0,0,0,0,0,0,5,1.302158351
132913.01,0.456432934,0.5,6404,37,0.1775,32.125,34.5625,37.13,0,0,0.07,0,0,20,0.5,0.104,5.5,50,25,0.1,0.1,0.1,0.1,0.1,0.1,0.5,0,15351,0.035698,0.014461599,0,0,0,0,0,0,0,0,0,0,5,1.302158351
132973.07,0.465591244,0.5,6404,37,0.1606,32.125,34.5625,37.17,0,0,0.07,0,0,20,0.5,0.104,5.5,50,25,0.1,0.1,0.1,0.1,0.1,0.1,0.5,0,14753,0.036196028,0.014980004,0,0,0,0,0,0,0,0,0,0,5,1.302158351
133033.15,0.482623539,0.5,6404,37,0.081,32.375,34.5625,37.45,0,0,0.25,0,0,20,0.5,0.104,5.5,50,25,0.1,0.1,0.1,0.1,0.1,0.1,0.5,0,16259,0.035057507,0.014638047,0,0,0,0,0,0,0,0,0,0,5,1.302158351
133093.21,0.478342475,0.5,6404,37,0.1084,32.3125,34.5625,37.29,0,0,0.07,0,0,20,0.5,0.104,5.5,50,25,0.1,0.1,0.1,0.1,0.1,0.1,0.5,0,16356,0.035338714,0.014734654,0,0,0,0,0,0,0,0,0,0,5,1.302158351
133153.3,0.495531709,0.5,6404,37,0.1539,32.25,34.625,37.09,0,0,0.07,0,0,20,0.5,0.104,5.5,50,25,0.1,0.1,0.1,0.1,0.1,0.1,0.5,0,16496,0.03522066,0.014306499,0,0,0,0,0,0,0,0,0,0,5,1.302158351
133213.38,0.49434267,0.5,6404,37,0.1229,32.3125,34.625,37.19,0,0,0.07,0,0,20,0.5,0.104,5.5,50,25,0.1,0.1,0.1,0.1,0.1,0.1,0.5,0,16556,0.035032617,0.014556656,0,0,0,0,0,0,0,0,0,0,5,1.229843216
133273.42,0.528368587,0.5,6404,37,0.1319,32.25,34.6875,37.13,0,0,0.07,0,0,20,0.5,0.104,5.5,50,25,0.1,0.1,0.1,0.1,0.1,0.1,0.5,0,17275,0.034674385,0.014240232,0,0,0,0,0,0,0,0,0,0,5,1.368046603
133333.47,0.518936458,0.5,6404,37,0.1392,32.25,34.625,37.09,0,0,0.25,0,0,20,0.5,0.104,5.5,50,25,0.1,0.1,0.1,0.1,0.1,0.1,0.5,0,16689,0.035712146,0.014740248,0,0,0,0,0,0,0,0,0,0,5,1.245606237
133393.51,0.559327134,0.5,6404,37,0.1106,32.1875,34.625,37.19,0,0,0.07,0,0,20,0.5,0.104,5.5,50,25,0.1,0.1,0.1,0.1,0.1,0.1,0.5,0,17374,0.034937263,0.01433176,0,0,0,0,0,0,0,0,0,0,5,1.408185139
133453.55,0.546549453,0.5,6404,37,0.388225,32.1875,34.6875,36.45,0,0.02,0.15,0,0,20,0.5,0.104,5.5,50,25,0.1,0.1,0.1,0.1,0.1,0.1,0.5,0,17179,0.035159206,0.014727283,0,0,0,0,0,0,0,0,0,0,0.44,1.408185139
133513.6,0.499667347,0.5,6404,37,0.603925,32.0625,34.6875,35.55,0,0.02,0.15,0,0,20,0.5,0.104,5.5,50,25,0.1,0.1,0.1,0.1,0.1,0.1,0.5,0,17650,0.034560907,0.014504249,0,0,0,0,0,0,0,0,0,0,0.44,1.408185139
133573.64,0.443514546,0.5,6404,37,0.2941,32.0625,34.6875,36.69,0,0,0.07,0,0,20,0.5,0.104,5.5,50,25,0.1,0.1,0.1,0.1,0.1,0.1,0.5,0,15363,0.035474842,0.01477576,0,0,0,0,0,0,0,0,0,0,5,1.408185139
133633.69,0.453010639,0.5,6404,37,0.1879,32.1875,34.625,37.11,0,0,0.25,0,0,20,0.5,0.104,5.5,50,25,0.1,0.1,0.1,0.1,0.1,0.1,0.5,0,15692,0.035113434,0.014720877,0,0,0,0,0,0,0,0,0,0,5,1.408185139
133693.75,0.464304815,0.5,6404,37,0.1345,32.25,34.5625,37.29,0,0,0.07,0,0,20,0.5,0.104,5.5,50,25,0.1,0.1,0.1,0.1,0.1,0.1,0.5,0,15183,0.035895409,0.014753343,0,0,0,0,0,0,0,0,0,0,5,1.408185139
133753.81,0.479564263,0.5,6404,37,0.0854,32.25,34.5625,37.43,0,0,0.07,0,0,20,0.5,0.104,5.5,50,25,0.1,0.1,0.1,0.1,0.1,0.1,0.5,0,16328,0.034909358,0.014576188,0,0,0,0,0,0,0,0,0,0,5,1.408185139
133813.88,0.487846443,0.5,6404,37,0.112,32.25,34.5625,37.29,0,0,0.07,0,0,20,0.5,0.104,5.5,50,25,0.1,0.1,0.1,0.1,0.1,0.1,0.5,0,17694,0.033966316,0.014242116,0,0,0,0,0,0,0,0,0,0,5,1.408185139
133873.93,0.497032523,0.5,6404,37,0.1457,32.25,34.5625,37.13,0,0,0.07,0,0,20,0.5,0.104,5.5,50,25,0.1,0.1,0.1,0.1,0.1,0.1,0.5,0,16563,0.035017811,0.014490129,0,0,0,0,0,0,0,0,0,0,5,1.408185139
133933.99,0.501003958,0.5,6404,37,0.15,32.1875,34.5,37.09,0,0,0.25,0,0,20,0.5,0.104,5.5,50,25,0.1,0.1,0.1,0.1,0.1,0.1,0.5,0,16333,0.035388477,0.014388049,0,0,0,0,0,0,0,0,0,0,5,1.361651496
133994.04,0.517985894,0.5,6404,37,0.14335,32.1875,34.5625,37.11,0,0,0.07,0,0,20,0.5,0.104,5.5,50,25,0.1,0.1,0.1,0.1,0.1,0.1,0.5,0,16530,0.035269208,0.014579552,0,0,0,0,0,0,0,0,0,0,5,1.393570949
134054.12,0.530974985,0.5,6404,37,0.15445,32.1875,34.625,37.11,0,0,0.07,0,0,20,0.5,0.104,5.5,50,25,0.1,0.1,0.1,0.1,0.1,0.1,0.5,0,16930,0.035085647,0.014648553,0,0,0,0,0,0,0,0,0,0,5,1.3981931
134114.18,0.535273855,0.5,6404,37,0.11785,32.25,34.625,37.19,0,0,0.07,0,0,20,0.5,0.104,5.5,50,25,0.1,0.1,0.1,0.1,0.1,0.1,0.5,0,17590,0.034735645,0.014383172,0,0,0,0,0,0,0,0,0,0,5,1.352474195
134174.26,0.55474302,0.5,6404,37,0.07825,32.1875,34.625,36.93,0,0,0,0,0,20,0.5,0.104,5.5,50,25,0.1,0.1,0.1,0.1,0.1,0.1,0.5,0,17047,0.035314132,0.014430692,0,0,0,0,0,0,0,0,0,0,5,1.392029945
134234.31,0.554207728,0.5,6404,37,0.43755,32.125,34.625,36.21,0,0.02,0.25,0,0,20,0.5,0.104,5.5,50,25,0.1,0.1,0.1,0.1,0.1,0.1,0.5,0,17249,0.03524842,0.014319671,0,0,0,0,0,0,0,0,0,0,0.44,1.392029945
134294.36,0.489788684,0.5,6404,37,0.524252335,32.0625,34.625,35.89,0,0.018166746,0.142666985,0,0,20,0.5,0.104,5.5,50,25,0.1,0.1,0.1,0.1,0.1,0.1,0.5,0,16058,0.035932246,0.014447627,0,0,0,0,0,0,0,0,0,0,0.44,1.392029945
134354.4,0.440280792,0.5,6404,37,0.523335684,32,34.6875,36.29,0,0,0.07,0,0,20,0.5,0.104,5.5,50,25,0.1,0.1,0.1,0.1,0.1,0.1,0.5,0,15494,0.035562153,0.014392668,0,0,0,0,0,0,0,0,0,0,5,1.392029945
134414.44,0.448219193,0.5,6404,37,0.18855,32.125,34.625,36.85,0,0,0.07,0,0,20,0.5,0.104,5.5,50,25,0.1,0.1,0.1,0.1,0.1,0.1,0.5,0,15095,0.035972176,0.014574362,0,0,0,0,0,0,0,0,0,0,5,1.392029945
134474.53,0.471465675,0.5,6404,37,0.15995,32.1875,34.5625,37.27,0,0,0.07,0,0,20,0.5,0.104,5.5,50,25,0.1,0.1,0.1,0.1,0.1,0.1,0.5,0,15733,0.035403292,0.014682514,0,0,0,0,0,0,0,0,0,0,5,1.392029945
134534.61,0.490728869,0.5,6404,37,0.1552,32.1875,34.5625,37.17,0,0,0.25,0,0,20,0.5,0.104,5.5,50,25,0.1,0.1,0.1,0.1,0.1,0.1,0.5,0,15939,0.035384905,0.01474371,0,0,0,0,0,0,0,0,0,0,5,1.392029945
134594.65,0.476207617,0.5,6404,37,0.12615,32.1875,34.5625,37.27,0,0,0.07,0,0,20,0.5,0.104,5.5,50,25,0.1,0.1,0.1,0.1,0.1,0.1,0.5,0,16509,0.035132352,0.014598098,0,0,0,0,0,0,0,0,0,0,5,1.392029945
134654.71,0.49772105,0.5,6404,37,0.13185,32.3125,34.5,37.17,0,0,0.07,0,0,20,0.5,0.104,5.5,50,25,0.1,0.1,0.1,0.1,0.1,0.1,0.5,0,16827,0.03494384,0.014500505,0,0,0,0,0,0,0,0,0,0,5,1.392029945
134714.77,0.512727411,0.5,6404,37,0.14495,32.25,34.5,37.17,0,0,0.07,0,0,20,0.5,0.104,5.5,50,25,0.1,0.1,0.1,0.1,0.1,0.1,0.5,0,16278,0.03532375,0.01437523,0,0,0,0,0,0,0,0,0,0,5,1.411542133
134774.84,0.513463664,0.5,6404,37,0.12955,32.125,34.5,37.09,0,0,0.07,0,0,20,0.5,0.104,5.5,50,25,0.1,0.1,0.1,0.1,0.1,0.1,0.5,0,17930,0.034578918,0.014445064,0,0,0,0,0,0,0,0,0,0,5,1.345269798
134834.89,0.53593652,0.5,6404,37,0.1578,32.25,34.5,37.03,0,0,0.25,0,0,20,0.5,0.104,5.5,50,25,0.1,0.1,0.1,0.1,0.1,0.1,0.5,0,16246,0.035762649,0.014834421,0,0,0,0,0,0,0,0,0,0,5,1.406515676
134894.93,0.546463247,0.5,6404,37,0.05135,32.1875,34.5,37.09,0,0,0.07,0,0,20,0.5,0.104,5.5,50,25,0.1,0.1,0.1,0.1,0.1,0.1,0.5,0,17106,0.035367707,0.014556296,0,0,0,0,0,0,0,0,0,0,5,1.39454389
134954.96,0.557730933,0.5,6404,37,0.4095,32.1875,34.5,36.41,0,0.02,0.15,0,0,20,0.5,0.104,5.5,50,25,0.1,0.1,0.1,0.1,0.1,0.1,0.5,0,16941,0.035358007,0.014639041,0,0,0,0,0,0,0,0,0,0,0.44,1.39454389
135015.01,0.4972413,0.5,6404,37,0.568019815,31.9375,34.5625,35.75,0,0.019476148,0.147904593,0,0,20,0.5,0.104,5.5,50,25,0.1,0.1,0.1,0.1,0.1,0.1,0.5,0,16136,0.03532474,0.014501735,0,0,0,0,0,0,0,0,0,0,0.44,1.39454389
135075.05,0.4338828,0.5,6404,37,0.539181696,32,34.625,36.21,0,0,0.07,0,0,20,0.5,0.104,5.5,50,25,0.1,0.1,0.1,0.1,0.1,0.1,0.5,0,16228,0.034754745,0.014481144,0,0,0,0,0,0,0,0,0,0,5,1.39454389
135135.09,0.442095962,0.5,6404,37,0.1871,32.125,34.5625,37.13,0,0,0.25,0,0,20,0.5,0.104,5.5,50,25,0.1,0.1,0.1,0.1,0.1,0.1,0.5,0,15397,0.035461454,0.014678184,0,0,0,0,0,0,0,0,0,0,5,1.39454389
135195.14,0.454212713,0.5,6404,37,0.10565,32.25,34.625,37.25,0,0,0.07,0,0,20,0.5,0.104,5.5,50,25,0.1,0.1,0.1,0.1,0.1,0.1,0.5,0,15896,0.035103171,0.014657776,0,0,0,0,0,0,0,0,0,0,5,1.39454389
135255.18,0.463805018,0.5,6404,37,0.19255,32.25,34.5625,37.21,0,0,0.07,0,0,20,0.5,0.104,5.5,50,25,0.1,0.1,0.1,0.1,0.1,0.1,0.5,0,15931,0.035151591,0.014562802,0,0,0,0,0,0,0,0,0,0,5,1.39454389
135315.23,0.483766617,0.5,6404,37,0.08055,32.25,34.5625,37.25,0,0,0.07,0,0,20,0.5,0.104,5.5,50,25,0.1,0.1,0.1,0.1,0.1,0.1,0.5,0,16270,0.035033805,0.01462815,0,0,0,0,0,0,0,0,0,0,5,1.39454389
135375.27,0.481980365,0.5,6404,37,0.12975,32.3125,34.5625,37.21,0,0,0.07,0,0,20,0.5,0.104,5.5,50,25,0.1,0.1,0.1,0.1,0.1,0.1,0.5,0,16105,0.035392735,0.014529649,0,0,0,0,0,0,0,0,0,0,5,1.39454389
135435.31,0.488770432,0.5,6404,37,0.1474,32.25,34.5,37.11,0,0,0.25,0,0,20,0.5,0.104,5.5,50,25,0.1,0.1,0.1,0.1,0.1,0.1,0.5,0,16600,0.035301205,0.014578313,0,0,0,0,0,0,0,0,0,0,5,1.36678531
135495.38,0.517778948,0.5,6404,37,0.10335,32.1875,34.5625,37.17,0,0,0.07,0,0,20,0.5,0.104,5.5,50,25,0.1,0.1,0.1,0.1,0.1,0.1,0.5,0,17297,0.034572469,0.01439556,0,0,0,0,0,0,0,0,0,0,5,1.471412531
135555.42,0.50481485,0.5,6404,37,0.12295,32.1875,34.5,36.95,0,0,0.07,0,0,20,0.5,0.104,5.5,50,25,0.1,0.1,0.1,0.1,0.1,0.1,0.5,0,16602,0.035236718,0.014576557,0,0,0,0,0,0,0,0,0,0,5,1.32177186
135615.49,0.527916936,0.5,6404,37,0.13675,32.125,34.5,37.25,0,0,0.07,0,0,20,0.5,0.104,5.5,50,25,0.1,0.1,0.1,0.1,0.1,0.1,0.5,0,16964,0.035015327,0.014501297,0,0,0,0,0,0,0,0,0,0,5,1.389924942
135675.57,0.52494439,0.5,6404,37,0.15755,32.125,34.5,37.17,0,0,0,0,0,20,0.5,0.104,5.5,50,25,0.1,0.1,0.1,0.1,0.1,0.1,0.5,0,17400,0.034942529,0.01454023,0,0,0,0,0,0,0,0,0,0,5,1.303488834
135735.64,0.538616871,0.5,6404,37,0.08655,32.0625,34.4375,37.11,0,0,0,0,0,20,0.5,0.104,5.5,50,25,0.1,0.1,0.1,0.1,0.1,0.1,0.5,0,17203,0.035284543,0.01441609,0,0,0,0,0,0,0,0,0,0,5,1.315450905
135795.71,0.562089551,0.5,6404,37,0.14325,32.0625,34.4375,37.03,0,0,0,0,0,20,0.5,0.104,5.5,50,25,0.1,0.1,0.1,0.1,0.1,0.1,0.5,0,16423,0.036168788,0.014978993,0,0,0,0,0,0,0,0,0,0,5,1.377648389
135855.78,0.554134543,0.5,6404,37,0.42485,32,34.375,36.33,0,0.02,0.15,0,0,20,0.5,0.104,5.5,50,25,0.1,0.1,0.1,0.1,0.1,0.1,0.5,0,16805,0.03600119,0.014876525,0,0,0,0,0,0,0,0,0,0,0.44,1.377648389
135915.82,0.50327035,0.5,6404,37,0.48979836,31.9375,34.375,36.13,0,0.01987427,0.14949708,0,0,20,0.5,0.104,5.5,50,25,0.1,0.1,0.1,0.1,0.1,0.1,0.5,0,15686,0.03601938,0.01485401,0,0,0,0,0,0,0,0,0,0,0.44,1.377648389
135975.87,0.454625383,0.5,6404,37,0.53760534,31.8125,34.4375,35.93,0,0.014098584,0.126394334,0,0,20,0.5,0.104,5.5,50,25,0.1,0.1,0.1,0.1,0.1,0.1,0.5,0,16730,0.034728033,0.01440526,0,0,0,0,0,0,0,0,0,0,0.44,1.377648389
136035.9,0.412678082,0.5,6404,37,0.4102,31.8125,34.4375,36.33,0,0,0.25,0,0,20,0.5,0.104,5.5,50,25,0.1,0.1,0.1,0.1,0.1,0.1,0.5,0,16018,0.03477338,0.014421276,0,0,0,0,0,0,0,0,0,0,5,1.377648389
136095.94,0.419272899,0.5,6404,37,0.19765,32.0625,34.4375,37.21,0,0,0.07,0,0,20,0.5,0.104,5.5,50,25,0.1,0.1,0.1,0.1,0.1,0.1,0.5,0,15305,0.035282587,0.014766416,0,0,0,0,0,0,0,0,0,0,5,1.377648389
136155.98,0.445820566,0.5,6404,37,0.09475,32.1875,34.4375,37.45,0,0,0.07,0,0,20,0.5,0.104,5.5,50,25,0.1,0.1,0.1,0.1,0.1,0.1,0.5,0,15478,0.035275875,0.014665978,0,0,0,0,0,0,0,0,0,0,5,1.377648389
136216.03,0.434155904,0.5,6404,37,0.10005,32.25,34.4375,37.45,0,0,0.07,0,0,20,0.5,0.104,5.5,50,25,0.1,0.1,0.1,0.1,0.1,0.1,0.5,0,15551,0.035303196,0.014339914,0,0,0,0,0,0,0,0,0,0,5,1.377648389
136276.1,0.446422715,0.5,6404,37,0.16135,32.375,34.4375,37.29,0,0,0.07,0,0,20,0.5,0.104,5.5,50,25,0.1,0.1,0.1,0.1,0.1,0.1,0.5,0,16027,0.034629063,0.014225994,0,0,0,0,0,0,0,0,0,0,5,1.377648389
136336.17,0.457315644,0.5,6404,37,0.1401,32.1875,34.4375,37.21,0,0,0.25,0,0,20,0.5,0.104,5.5,50,25,0.1,0.1,0.1,0.1,0.1,0.1,0.5,0,16559,0.034845099,0.014433239,0,0,0,0,0,0,0,0,0,0,5,1.377648389
136396.23,0.467114677,0.5,6404,37,0.12635,32.3125,34.5,37.21,0,0,0.07,0,0,20,0.5,0.104,5.5,50,25,0.1,0.1,0.1,0.1,0.1,0.1,0.5,0,16636,0.03486415,0.014486655,0,0,0,0,0,0,0,0,0,0,5,1.372368817
136456.3,0.511148829,0.5,6404,37,0.06525,32.25,34.5,37.05,0,0,0.07,0,0,20,0.5,0.104,5.5,50,25,0.1,0.1,0.1,0.1,0.1,0.1,0.5,0,16269,0.035404758,0.014629049,0,0,0,0,0,0,0,0,0,0,5,1.574008404
136516.37,0.477540441,0.5,6404,37,0.15015,32.1875,34.5625,37.17,0,0,0.07,0,0,20,0.5,0.104,5.5,50,25,0.1,0.1,0.1,0.1,0.1,0.1,0.5,0,16745,0.03511496,0.014571514,0,0,0,0,0,0,0,0,0,0,5,1.291272143
136576.43,0.505460455,0.5,6404,37,0.12265,32.125,34.5625,37.05,0,0,0.07,0,0,20,0.5,0.104,5.5,50,25,0.1,0.1,0.1,0.1,0.1,0.1,0.5,0,17026,0.034652884,0.014331023,0,0,0,0,0,0,0,0,0,0,5,1.397171402
136636.48,0.518088288,0.5,6404,37,0.09815,32.125,34.5,37.09,0,0,0,0,0,20,0.5,0.104,5.5,50,25,0.1,0.1,0.1,0.1,0.1,0.1,0.5,0,16166,0.035754052,0.014412965,0,0,0,0,0,0,0,0,0,0,5,1.401340421
136696.55,0.522845442,0.5,6404,37,0.13485,32.0625,34.5625,37.13,0,0,0,0,0,20,0.5,0.104,5.5,50,25,0.1,0.1,0.1,0.1,0.1,0.1,0.5,0,16303,0.035944305,0.014843894,0,0,0,0,0,0,0,0,0,0,5,1.358694089
136756.6,0.538746136,0.5,6404,37,0.11155,32.0625,34.625,37.01,0,0,0,0,0,20,0.5,0.104,5.5,50,25,0.1,0.1,0.1,0.1,0.1,0.1,0.5,0,15914,0.036320221,0.014766872,0,0,0,0,0,0,0,0,0,0,5,1.380635098
136816.63,0.546583047,0.5,6404,37,0.10765,32.125,34.5625,36.97,0,0,0,0,0,20,0.5,0.104,5.5,50,25,0.1,0.1,0.1,0.1,0.1,0.1,0.5,0,17872,0.03474709,0.014324082,0,0,0,0,0,0,0,0,0,0,5,1.354928705
136876.7,0.547696437,0.5,6404,37,0.486375,32.125,34.5625,36.01,0,0.02,0.15,0,0,20,0.5,0.104,5.5,50,25,0.1,0.1,0.1,0.1,0.1,0.1,0.5,0,17641,0.035032028,0.014625021,0,0,0,0,0,0,0,0,0,0,0.44,1.354928705
136936.74,0.501107001,0.5,6404,37,0.583825,32,34.4375,35.71,0,0.02,0.25,0,0,20,0.5,0.104,5.5,50,25,0.1,0.1,0.1,0.1,0.1,0.1,0.5,0,16038,0.035602943,0.0146527,0,0,0,0,0,0,0,0,0,0,0.44,1.354928705
136996.8,0.451941408,0.5,6404,37,0.536790828,31.9375,34.5,36.05,0,0.019171827,0.146687306,0,0,20,0.5,0.104,5.5,50,25,0.1,0.1,0.1,0.1,0.1,0.1,0.5,0,16195,0.034887311,0.014140167,0,0,0,0,0,0,0,0,0,0,0.44,1.354928705
137056.85,0.401467732,0.5,6404,37,0.533675193,32,34.5,36.31,0,0,0.07,0,0,20,0.5,0.104,5.5,50,25,0.1,0.1,0.1,0.1,0.1,0.1,0.5,0,14213,0.036093717,0.014845564,0,0,0,0,0,0,0,0,0,0,5,1.354928705
137116.89,0.405646443,0.5,6404,37,0.20705,32.1875,34.5,37.13,0,0,0.07,0,0,20,0.5,0.104,5.5,50,25,0.1,0.1,0.1,0.1,0.1,0.1,0.5,0,15330,0.034964123,0.014611872,0,0,0,0,0,0,0,0,0,0,5,1.354928705
137176.94,0.411287187,0.5,6404,37,0.13015,32.3125,34.4375,37.21,0,0,0.07,0,0,20,0.5,0.104,5.5,50,25,0.1,0.1,0.1,0.1,0.1,0.1,0.5,0,15159,0.0354245,0.014248961,0,0,0,0,0,0,0,0,0,0,5,1.354928705
137236.98,0.421164282,0.5,6404,37,0.1314,32.4375,34.5,37.33,0,0,0.25,0,0,20,0.5,0.104,5.5,50,25,0.1,0.1,0.1,0.1,0.1,0.1,0.5,0,15845,0.034774377,0.014578731,0,0,0,0,0,0,0,0,0,0,5,1.354928705
137297.05,0.427562468,0.5,6404,37,0.08405,32.25,34.5,37.35,0,0,0.07,0,0,20,0.5,0.104,5.5,50,25,0.1,0.1,0.1,0.1,0.1,0.1,0.5,0,15665,0.035110118,0.01455474,0,0,0,0,0,0,0,0,0,0,5,1.354928705
137357.11,0.431993539,0.5,6404,37,0.06465,32.25,34.5,37.11,0,0,0.07,0,0,20,0.5,0.104,5.5,50,25,0.1,0.1,0.1,0.1,0.1,0.1,0.5,0,15118,0.03571901,0.014552189,0,0,0,0,0,0,0,0,0,0,5,1.354928705
137417.19,0.454629385,0.5,6404,37,0.07005,32.3125,34.5625,37.17,0,0,0.07,0,0,20,0.5,0.104,5.5,50,25,0.1,0.1,0.1,0.1,0.1,0.1,0.5,0,15033,0.036054015,0.014900552,0,0,0,0,0,0,0,0,0,0,5,1.440398023
137477.23,0.464038402,0.5,6404,37,0.15025,32.3125,34.5625,37.11,0,0,0.07,0,0,20,0.5,0.104,5.5,50,25,0.1,0.1,0.1,0.1,0.1,0.1,0.5,0,15430,0.035839274,0.014517174,0,0,0,0,0,0,0,0,0,0,5,1.429832408
137537.3,0.478087141,0.5,6404,37,0.1715,32.25,34.5625,37.01,0,0,0.25,0,0,20,0.5,0.104,5.5,50,25,0.1,0.1,0.1,0.1,0.1,0.1,0.5,0,15931,0.035277133,0.01437449,0,0,0,0,0,0,0,0,0,0,5,1.447817913
137597.37,0.477291568,0.5,6404,37,0.12365,32.25,34.625,37.29,0,0,0.07,0,0,20,0.5,0.104,5.5,50,25,0.1,0.1,0.1,0.1,0.1,0.1,0.5,0,16932,0.034727144,0.014292464,0,0,0,0,0,0,0,0,0,0,5,1.37043063
137657.44,0.490919698,0.5,6404,37,0.09055,32.25,34.625,37.05,0,0,0,0,0,20,0.5,0.104,5.5,50,25,0.1,0.1,0.1,0.1,0.1,0.1,0.5,0,16535,0.035137587,0.014696099,0,0,0,0,0,0,0,0,0,0,5,1.386368124
137717.48,0.485890061,0.5,6404,37,0.15255,32.125,34.625,37.27,0,0,0,0,0,20,0.5,0.104,5.5,50,25,0.1,0.1,0.1,0.1,0.1,0.1,0.5,0,15665,0.036067667,0.01474625,0,0,0,0,0,0,0,0,0,0,5,1.286155177
137777.52,0.511416132,0.5,6404,37,0.14895,32.1875,34.5625,37.05,0,0,0,0,0,20,0.5,0.104,5.5,50,25,0.1,0.1,0.1,0.1,0.1,0.1,0.5,0,15321,0.036290059,0.014816265,0,0,0,0,0,0,0,0,0,0,5,1.375451082
137837.57,0.516001385,0.5,6404,37,0.11945,32.125,34.5625,36.97,0,0,0,0,0,20,0.5,0.104,5.5,50,25,0.1,0.1,0.1,0.1,0.1,0.1,0.5,0,16212,0.035899334,0.014495435,0,0,0,0,0,0,0,0,0,0,5,1.333456056
137897.64,0.529548499,0.5,6404,37,0.15735,32.125,34.5,37.05,0,0,0,0,0,20,0.5,0.104,5.5,50,25,0.1,0.1,0.1,0.1,0.1,0.1,0.5,0,16157,0.035897753,0.014606672,0,0,0,0,0,0,0,0,0,0,5,1.344529166
137957.71,0.543556901,0.5,6404,37,0.13375,32.0625,34.5,37.01,0,0,0,0,0,20,0.5,0.104,5.5,50,25,0.1,0.1,0.1,0.1,0.1,0.1,0.5,0,17259,0.035227997,0.014369315,0,0,0,0,0,0,0,0,0,0,5,1.355631628
138017.8,0.550248702,0.5,6404,37,0.4704,32,34.5,36.05,0,0.02,0.15,0,0,20,0.5,0.104,5.5,50,25,0.1,0.1,0.1,0.1,0.1,0.1,0.5,0,16531,0.035871998,0.01482064,0,0,0,0,0,0,0,0,0,0,0.44,1.355631628
138077.84,0.488258586,0.5,6404,37,0.48465,31.9375,34.4375,36.37,0,0.017569139,0.140276554,0,0,20,0.5,0.104,5.5,50,25,0.1,0.1,0.1,0.1,0.1,0.1,0.5,0,16874,0.035202086,0.014697167,0,0,0,0,0,0,0,0,0,0,0.44,1.355631628
138137.91,0.448412514,0.5,6404,37,0.3663,31.9375,34.4375,36.37,0,0,0.25,0,0,20,0.5,0.104,5.5,50,25,0.1,0.1,0.1,0.1,0.1,0.1,0.5,0,16318,0.034624341,0.014462557,0,0,0,0,0,0,0,0,0,0,5,1.355631628
138197.97,0.454912235,0.5,6404,37,0.16375,32.0625,34.4375,37.19,0,0,0.07,0,0,20,0.5,0.104,5.5,50,25,0.1,0.1,0.1,0.1,0.1,0.1,0.5,0,14955,0.036041458,0.014978268,0,0,0,0,0,0,0,0,0,0,5,1.355631628
138258.03,0.457000827,0.5,6404,37,0.12445,32.25,34.5,37.21,0,0,0.07,0,0,20,0.5,0.104,5.5,50,25,0.1,0.1,0.1,0.1,0.1,0.1,0.5,0,15557,0.035739538,0.014784341,0,0,0,0,0,0,0,0,0,0,5,1.355631628
138318.08,0.474703353,0.5,6404,37,0.11755,32.25,34.5,37.21,0,0,0.07,0,0,20,0.5,0.104,5.5,50,25,0.1,0.1,0.1,0.1,0.1,0.1,0.5,0,16112,0.035439424,0.014709533,0,0,0,0,0,0,0,0,0,0,5,1.355631628
138378.11,0.479766196,0.5,6404,37,0.09855,32.25,34.5,37.17,0,0,0.07,0,0,20,0.5,0.104,5.5,50,25,0.1,0.1,0.1,0.1,0.1,0.1,0.5,0,16428,0.035366448,0.014609204,0,0,0,0,0,0,0,0,0,0,5,1.355631628
138438.17,0.496780164,0.5,6404,37,0.1509,32.1875,34.5,37.09,0,0,0.25,0,0,20,0.5,0.104,5.5,50,25,0.1,0.1,0.1,0.1,0.1,0.1,0.5,0,17042,0.035089778,0.014552283,0,0,0,0,0,0,0,0,0,0,5,1.355631628
138498.22,0.507167637,0.5,6404,37,0.12305,32.1875,34.5625,37.05,0,0,0.07,0,0,20,0.5,0.104,5.5,50,25,0.1,0.1,0.1,0.1,0.1,0.1,0.5,0,16166,0.035877768,0.014536682,0,0,0,0,0,0,0,0,0,0,5,1.349932021
138558.28,0.508067078,0.5,6404,37,0.11175,32.1875,34.5625,37.03,0,0,0.07,0,0,20,0.5,0.104,5.5,50,25,0.1,0.1,0.1,0.1,0.1,0.1,0.5,0,16484,0.035610289,0.014741568,0,0,0,0,0,0,0,0,0,0,5,1.287751081
138618.35,0.523591998,0.5,6404,37,0.13995,32.1875,34.625,37.11,0,0,0.07,0,0,20,0.5,0.104,5.5,50,25,0.1,0.1,0.1,0.1,0.1,0.1,0.5,0,17393,0.035129075,0.014718565,0,0,0,0,0,0,0,0,0,0,5,1.313661336
138678.39,0.544886798,0.5,6404,37,0.11075,32.1875,34.5,37.03,0,0,0.07,0,0,20,0.5,0.104,5.5,50,25,0.1,0.1,0.1,0.1,0.1,0.1,0.5,0,17181,0.034922298,0.01443455,0,0,0,0,0,0,0,0,0,0,5,1.367574206
138738.42,0.528027009,0.5,6404,37,0.12745,32.1875,34.5625,37.03,0,0,0,0,0,20,0.5,0.104,5.5,50,25,0.1,0.1,0.1,0.1,0.1,0.1,0.5,0,16533,0.035565233,0.014455937,0,0,0,0,0,0,0,0,0,0,5,1.204903612
138798.49,0.552596722,0.5,6404,37,0.14625,32.1875,34.5625,37.01,0,0,0,0,0,20,0.5,0.104,5.5,50,25,0.1,0.1,0.1,0.1,0.1,0.1,0.5,0,16634,0.035589756,0.014668751,0,0,0,0,0,0,0,0,0,0,5,1.281101567
138858.57,0.573373007,0.5,6404,37,0.13855,32.125,34.5625,37.09,0,0.02,0.15,0,0,20,0.5,0.104,5.5,50,25,0.1,0.1,0.1,0.1,0.1,0.1,0.5,0,16501,0.036119023,0.014908187,0,0,0,0,0,0,0,0,0,0,0.44,1.281101567
138918.62,0.516891662,0.5,6404,37,0.447825,32,34.5,36.33,0,0.02,0.15,0,0,20,0.5,0.104,5.5,50,25,0.1,0.1,0.1,0.1,0.1,0.1,0.5,0,15733,0.03616602,0.014936757,0,0,0,0,0,0,0,0,0,0,0.44,1.281101567
138978.69,0.469113969,0.5,6404,37,0.45145,31.9375,34.5,36.61,0,0.02,0.15,0,0,20,0.5,0.104,5.5,50,25,0.1,0.1,0.1,0.1,0.1,0.1,0.5,0,16166,0.035630335,0.014536682,0,0,0,0,0,0,0,0,0,0,0.44,1.281101567
139038.73,0.427254657,0.5,6404,37,0.3729,31.9375,34.5,36.49,0,0,0.25,0,0,20,0.5,0.104,5.5,50,25,0.1,0.1,0.1,0.1,0.1,0.1,0.5,0,15116,0.035723736,0.01475258,0,0,0,0,0,0,0,0,0,0,5,1.281101567
139098.76,0.419279065,0.5,6404,37,0.15795,32.1875,34.4375,37.41,0,0,0.07,0,0,20,0.5,0.104,5.5,50,25,0.1,0.1,0.1,0.1,0.1,0.1,0.5,0,14825,0.035750422,0.014569983,0,0,0,0,0,0,0,0,0,0,5,1.281101567
139158.83,0.433001989,0.5,6404,37,0.06555,32.3125,34.4375,37.45,0,0,0.07,0,0,20,0.5,0.104,5.5,50,25,0.1,0.1,0.1,0.1,0.1,0.1,0.5,0,15812,0.035163167,0.014545914,0,0,0,0,0,0,0,0,0,0,5,1.281101567
139218.9,0.465116223,0.5,6404,37,0.13795,32.375,34.4375,37.19,0,0,0.07,0,0,20,0.5,0.104,5.5,50,25,0.1,0.1,0.1,0.1,0.1,0.1,0.5,0,16512,0.034883721,0.014171512,0,0,0,0,0,0,0,0,0,0,5,1.281101567
139278.97,0.457192509,0.5,6404,37,0.11155,32.375,34.4375,37.13,0,0,0.07,0,0,20,0.5,0.104,5.5,50,25,0.1,0.1,0.1,0.1,0.1,0.1,0.5,0,15521,0.035435861,0.014818633,0,0,0,0,0,0,0,0,0,0,5,1.281101567
139339.02,0.474902323,0.5,6404,37,0.1656,32.3125,34.5,37.09,0,0,0.25,0,0,20,0.5,0.104,5.5,50,25,0.1,0.1,0.1,0.1,0.1,0.1,0.5,0,14868,0.036319613,0.014931396,0,0,0,0,0,0,0,0,0,0,5,1.281101567
139399.11,0.488841959,0.5,6404,37,0.12185,32.3125,34.5,37.19,0,0,0.07,0,0,20,0.5,0.104,5.5,50,25,0.1,0.1,0.1,0.1,0.1,0.1,0.5,0,14921,0.036391663,0.014945379,0,0,0,0,0,0,0,0,0,0,5,1.303836781
139459.18,0.502811148,0.5,6404,37,0.09285,32.25,34.5,37.27,0,0,0.07,0,0,20,0.5,0.104,5.5,50,25,0.1,0.1,0.1,0.1,0.1,0.1,0.5,0,16137,0.035508459,0.014810684,0,0,0,0,0,0,0,0,0,0,5,1.323171154
139519.26,0.498228176,0.5,6404,37,0.12185,32.25,34.5625,37.13,0,0,0.07,0,0,20,0.5,0.104,5.5,50,25,0.1,0.1,0.1,0.1,0.1,0.1,0.5,0,15497,0.036200555,0.014777054,0,0,0,0,0,0,0,0,0,0,5,1.229543121
139579.33,0.508854939,0.5,6404,37,0.10965,32.25,34.5,36.95,0,0,0.07,0,0,20,0.5,0.104,5.5,50,25,0.1,0.1,0.1,0.1,0.1,0.1,0.5,0,15662,0.036074575,0.014621377,0,0,0,0,0,0,0,0,0,0,5,1.231380443
139639.4,0.509889494,0.5,6404,37,0.13375,32.1875,34.5625,36.93,0,0,0,0,0,20,0.5,0.104,5.5,50,25,0.1,0.1,0.1,0.1,0.1,0.1,0.5,0,16320,0.035232843,0.014705882,0,0,0,0,0,0,0,0,0,0,5,1.175904544
139699.44,0.511994525,0.5,6404,37,0.10635,32.25,34.5625,37.11,0,0,0,0,0,20,0.5,0.104,5.5,50,25,0.1,0.1,0.1,0.1,0.1,0.1,0.5,0,17281,0.034893814,0.014582489,0,0,0,0,0,0,0,0,0,0,5,1.129469042
139759.48,0.524368809,0.5,6404,37,0.12655,32.1875,34.5625,37.13,0,0,0,0,0,20,0.5,0.104,5.5,50,25,0.1,0.1,0.1,0.1,0.1,0.1,0.5,0,16879,0.03566562,0.014811304,0,0,0,0,0,0,0,0,0,0,5,1.144639605
139819.53,0.545371497,0.5,6404,37,0.12735,32.1875,34.5625,37.01,0,0,0,0,0,20,0.5,0.104,5.5,50,25,0.1,0.1,0.1,0.1,0.1,0.1,0.5,0,18205,0.034715737,0.014391651,0,0,0,0,0,0,0,0,0,0,5,1.205223439
139879.57,0.542333884,0.5,6404,37,0.10585,32.125,34.5625,37.03,0,0.02,0.15,0,0,20,0.5,0.104,5.5,50,25,0.1,0.1,0.1,0.1,0.1,0.1,0.5,0,17597,0.035119623,0.014604762,0,0,0,0,0,0,0,0,0,0,0.44,1.205223439
139939.61,0.485214744,0.5,6404,37,0.489841821,31.9375,34.5625,36.05,0,0.016387717,0.25,0,0,20,0.5,0.104,5.5,50,25,0.1,0.1,0.1,0.1,0.1,0.1,0.5,0,17207,0.034637066,0.014180275,0,0,0,0,0,0,0,0,0,0,0.44,1.205223439
139999.68,0.459190609,0.5,6404,37,0.450324451,32,34.5,36.41,0,0,0.07,0,0,20,0.5,0.104,5.5,50,25,0.1,0.1,0.1,0.1,0.1,0.1,0.5,0,15130,0.036087244,0.014540648,0,0,0,0,0,0,0,0,0,0,5,1.205223439
140059.76,0.457271912,0.5,6404,37,0.22175,32.125,34.5,37.21,0,0,0.07,0,0,20,0.5,0.104,5.5,50,25,0.1,0.1,0.1,0.1,0.1,0.1,0.5,0,16475,0.034901366,0.014506829,0,0,0,0,0,0,0,0,0,0,5,1.205223439
140119.83,0.481298127,0.5,6404,37,0.14835,32.25,34.5,37.17,0,0,0.07,0,0,20,0.5,0.104,5.5,50,25,0.1,0.1,0.1,0.1,0.1,0.1,0.5,0,15917,0.035182509,0.014701263,0,0,0,0,0,0,0,0,0,0,5,1.205223439
140179.88,0.488745127,0.5,6404,37,0.08375,32.3125,34.5,37.17,0,0,0.07,0,0,20,0.5,0.104,5.5,50,25,0.1,0.1,0.1,0.1,0.1,0.1,0.5,0,15740,0.035832274,0.014675985,0,0,0,0,0,0,0,0,0,0,5,1.205223439
140239.91,0.489610591,0.5,6404,37,0.1711,32.25,34.5,37.05,0,0,0.25,0,0,20,0.5,0.104,5.5,50,25,0.1,0.1,0.1,0.1,0.1,0.1,0.5,0,16345,0.035117773,0.014255124,0,0,0,0,0,0,0,0,0,0,5,1.205223439
140299.97,0.494310701,0.5,6404,37,0.08555,32.3125,34.4375,37.29,0,0,0.07,0,0,20,0.5,0.104,5.5,50,25,0.1,0.1,0.1,0.1,0.1,0.1,0.5,0,17347,0.034703407,0.014469361,0,0,0,0,0,0,0,0,0,0,5,1.205223439
140360.03,0.514491557,0.5,6404,37,0.11745,32.1875,34.4375,37.03,0,0,0.07,0,0,20,0.5,0.104,5.5,50,25,0.1,0.1,0.1,0.1,0.1,0.1,0.5,0,18012,0.034532534,0.014379303,0,0,0,0,0,0,0,0,0,0,5,1.265006895
140420.1,0.520187048,0.5,6404,37,0.12115,32.1875,34.5,37.11,0,0,0.07,0,0,20,0.5,0.104,5.5,50,25,0.1,0.1,0.1,0.1,0.1,0.1,0.5,0,16005,0.036176195,0.014870353,0,0,0,0,0,0,0,0,0,0,5,1.234784477
140480.17,0.536201306,0.5,6404,37,0.11815,32.125,34.5,36.89,0,0,0.07,0,0,20,0.5,0.104,5.5,50,25,0.1,0.1,0.1,0.1,0.1,0.1,0.5,0,16692,0.035885454,0.014737599,0,0,0,0,0,0,0,0,0,0,5,1.264008872
140540.24,0.538496219,0.5,6404,37,0.1792,32.1875,34.5625,36.93,0,0,0.25,0,0,20,0.5,0.104,5.5,50,25,0.1,0.1,0.1,0.1,0.1,0.1,0.5,0,17218,0.035253804,0.014403531,0,0,0,0,0,0,0,0,0,0,5,1.213620869
140600.28,0.547422044,0.5,6404,37,0.11665,32.1875,34.5625,37.13,0,0,0,0,0,20,0.5,0.104,5.5,50,25,0.1,0.1,0.1,0.1,0.1,0.1,0.5,0,18283,0.03445824,0.014439643,0,0,0,0,0,0,0,0,0,0,5,1.202258602
140660.33,0.572862052,0.5,6404,37,0.08565,32.1875,34.5,37.17,0,0.02,0.15,0,0,20,0.5,0.104,5.5,50,25,0.1,0.1,0.1,0.1,0.1,0.1,0.5,0,17332,0.035541195,0.014424186,0,0,0,0,0,0,0,0,0,0,0.44,1.202258602
140720.39,0.518626234,0.5,6404,37,0.44195,32,34.625,36.23,0,0.02,0.15,0,0,20,0.5,0.104,5.5,50,25,0.1,0.1,0.1,0.1,0.1,0.1,0.5,0,16616,0.035507944,0.014684641,0,0,0,0,0,0,0,0,0,0,0.44,1.202258602
140780.43,0.443567152,0.5,6404,37,0.5372,32,34.5625,36.21,0,0.001292474,0.075169898,0,0,20,0.5,0.104,5.5,50,25,0.1,0.1,0.1,0.1,0.1,0.1,0.5,0,15037,0.036310434,0.014963091,0,0,0,0,0,0,0,0,0,0,0.44,1.202258602
140840.47,0.452096558,0.5,6404,37,0.1894,32.1875,34.5625,37.11,0,0,0.25,0,0,20,0.5,0.104,5.5,50,25,0.1,0.1,0.1,0.1,0.1,0.1,0.5,0,15635,0.035561241,0.014774544,0,0,0,0,0,0,0,0,0,0,5,1.202258602
140900.54,0.459711409,0.5,6404,37,0.15065,32.25,34.5625,37.21,0,0,0.07,0,0,20,0.5,0.104,5.5,50,25,0.1,0.1,0.1,0.1,0.1,0.1,0.5,0,15972,0.035562234,0.014525419,0,0,0,0,0,0,0,0,0,0,5,1.202258602
140960.59,0.490045409,0.5,6404,37,0.13395,32.3125,34.5625,37.29,0,0,0.07,0,0,20,0.5,0.104,5.5,50,25,0.1,0.1,0.1,0.1,0.1,0.1,0.5,0,16822,0.034835335,0.014385923,0,0,0,0,0,0,0,0,0,0,5,1.202258602
141020.66,0.481686705,0.5,6404,37,0.10995,32.25,34.5625,37.33,0,0,0.07,0,0,20,0.5,0.104,5.5,50,25,0.1,0.1,0.1,0.1,0.1,0.1,0.5,0,17167,0.034543019,0.014621075,0,0,0,0,0,0,0,0,0,0,5,1.202258602
141080.73,0.498478855,0.5,6404,37,0.10245,32.3125,34.5625,37.33,0,0,0.07,0,0,20,0.5,0.104,5.5,50,25,0.1,0.1,0.1,0.1,0.1,0.1,0.5,0,16791,0.035256983,0.014650706,0,0,0,0,0,0,0,0,0,0,5,1.202258602
141140.77,0.506718728,0.5,6404,37,0.163,32.3125,34.5,37.05,0,0,0.25,0,0,20,0.5,0.104,5.5,50,25,0.1,0.1,0.1,0.1,0.1,0.1,0.5,0,15798,0.036333713,0.014558805,0,0,0,0,0,0,0,0,0,0,5,1.202258602
141200.86,0.530917817,0.5,6404,37,0.13045,32.25,34.4375,37.17,0,0,0.07,0,0,20,0.5,0.104,5.5,50,25,0.1,0.1,0.1,0.1,0.1,0.1,0.5,0,16657,0.035300474,0.014708531,0,0,0,0,0,0,0,0,0,0,5,1.282099167
141260.95,0.521870783,0.5,6404,37,0.10235,32.125,34.4375,37.03,0,0,0.07,0,0,20,0.5,0.104,5.5,50,25,0.1,0.1,0.1,0.1,0.1,0.1,0.5,0,16227,0.036112652,0.014666913,0,0,0,0,0,0,0,0,0,0,5,1.166432538
141321.09,0.548346712,0.5,6404,37,0.07135,32.125,34.4375,37.11,0,0,0.07,0,0,20,0.5,0.104,5.5,50,25,0.1,0.1,0.1,0.1,0.1,0.1,0.5,0,16897,0.035509262,0.01461798,0,0,0,0,0,0,0,0,0,0,5,1.256574186
141381.13,0.548534582,0.5,6404,37,0.11125,32.125,34.5,36.97,0,0.02,0.15,0,0,20,0.5,0.104,5.5,50,25,0.1,0.1,0.1,0.1,0.1,0.1,0.5,0,17625,0.03506383,0.014695035,0,0,0,0,0,0,0,0,0,0,0.44,1.256574186
141441.18,0.488826414,0.5,6404,37,0.499694116,31.875,34.5,36.07,0,0.017476208,0.25,0,0,20,0.5,0.104,5.5,50,25,0.1,0.1,0.1,0.1,0.1,0.1,0.5,0,15766,0.036153749,0.014905493,0,0,0,0,0,0,0,0,0,0,0.44,1.256574186
141501.23,0.445778712,0.5,6404,37,0.46495603,31.9375,34.5,36.37,0,0,0.07,0,0,20,0.5,0.104,5.5,50,25,0.1,0.1,0.1,0.1,0.1,0.1,0.5,0,14632,0.036358666,0.014693822,0,0,0,0,0,0,0,0,0,0,5,1.256574186
141561.27,0.448101884,0.5,6404,37,0.22275,32.125,34.5625,37.01,0,0,0.07,0,0,20,0.5,0.104,5.5,50,25,0.1,0.1,0.1,0.1,0.1,0.1,0.5,0,15549,0.035564988,0.014791948,0,0,0,0,0,0,0,0,0,0,5,1.256574186
141621.34,0.453800623,0.5,6404,37,0.16115,32.1875,34.5,37.01,0,0,0.07,0,0,20,0.5,0.104,5.5,50,25,0.1,0.1,0.1,0.1,0.1,0.1,0.5,0,15936,0.03564257,0.014307229,0,0,0,0,0,0,0,0,0,0,5,1.256574186
141681.41,0.476044542,0.5,6404,37,0.10685,32.3125,34.5,37.25,0,0,0.07,0,0,20,0.5,0.104,5.5,50,25,0.1,0.1,0.1,0.1,0.1,0.1,0.5,0,16241,0.035404224,0.01440798,0,0,0,0,0,0,0,0,0,0,5,1.256574186
141741.48,0.484288392,0.5,6404,37,0.1486,32.3125,34.5625,37.17,0,0,0.25,0,0,20,0.5,0.104,5.5,50,25,0.1,0.1,0.1,0.1,0.1,0.1,0.5,0,16209,0.035597508,0.014621507,0,0,0,0,0,0,0,0,0,0,5,1.256574186
141801.53,0.491044136,0.5,6404,37,0.09305,32.3125,34.625,37.29,0,0,0.07,0,0,20,0.5,0.104,5.5,50,25,0.1,0.1,0.1,0.1,0.1,0.1,0.5,0,16340,0.035556916,0.014810282,0,0,0,0,0,0,0,0,0,0,5,1.256574186
141861.61,0.501199669,0.5,6404,37,0.12345,32.3125,34.625,37.19,0,0,0.07,0,0,20,0.5,0.104,5.5,50,25,0.1,0.1,0.1,0.1,0.1,0.1,0.5,0,16793,0.035193235,0.014529864,0,0,0,0,0,0,0,0,0,0,5,1.255157128
141921.66,0.524309953,0.5,6404,37,0.09655,32.25,34.625,37.13,0,0,0.07,0,0,20,0.5,0.104,5.5,50,25,0.1,0.1,0.1,0.1,0.1,0.1,0.5,0,16951,0.03504218,0.014630405,0,0,0,0,0,0,0,0,0,0,5,1.32763465
141981.74,0.53958683,0.5,6404,37,0.14115,32.25,34.6875,37.03,0,0,0.07,0,0,20,0.5,0.104,5.5,50,25,0.1,0.1,0.1,0.1,0.1,0.1,0.5,0,17750,0.034873239,0.014535211,0,0,0,0,0,0,0,0,0,0,5,1.347414998
142041.81,0.554480303,0.5,6404,37,0.2095,32.1875,34.625,36.81,0,0,0.25,0,0,20,0.5,0.104,5.5,50,25,0.1,0.1,0.1,0.1,0.1,0.1,0.5,0,17797,0.034781143,0.014496825,0,0,0,0,0,0,0,0,0,0,5,1.361726953
142101.87,0.540456118,0.5,6404,37,0.12755,32.1875,34.6875,37.13,0,0.02,0.15,0,0,20,0.5,0.104,5.5,50,25,0.1,0.1,0.1,0.1,0.1,0.1,0.5,0,17094,0.035509536,0.014742015,0,0,0,0,0,0,0,0,0,0,0.44,1.361726953
142161.94,0.506815493,0.5,6404,37,0.397175,32.0625,34.6875,36.49,0,0.02,0.15,0,0,20,0.5,0.104,5.5,50,25,0.1,0.1,0.1,0.1,0.1,0.1,0.5,0,16501,0.035512999,0.014665778,0,0,0,0,0,0,0,0,0,0,0.44,1.361726953
142222.01,0.441512418,0.5,6404,37,0.446275,31.9375,34.6875,36.33,0,0.000883212,0.073532848,0,0,20,0.5,0.104,5.5,50,25,0.1,0.1,0.1,0.1,0.1,0.1,0.5,0,15085,0.036261187,0.014915479,0,0,0,0,0,0,0,0,0,0,0.44,1.361726953
142282.08,0.463937646,0.5,6404,37,0.204066471,32.1875,34.625,37.11,0,0.004009288,0.086037152,0,0,20,0.5,0.104,5.5,50,25,0.1,0.1,0.1,0.1,0.1,0.1,0.5,0,16810,0.034741225,0.014574658,0,0,0,0,0,0,0,0,0,0,0.44,1.361726953
142342.15,0.458561878,0.5,6404,37,0.2013,32.3125,34.625,37.03,0,0,0.25,0,0,20,0.5,0.104,5.5,50,25,0.1,0.1,0.1,0.1,0.1,0.1,0.5,0,15675,0.035789474,0.014800638,0,0,0,0,0,0,0,0,0,0,5,1.361726953
142402.21,0.452143873,0.5,6404,37,0.09485,32.25,34.5625,37.29,0,0,0.07,0,0,20,0.5,0.104,5.5,50,25,0.1,0.1,0.1,0.1,0.1,0.1,0.5,0,15190,0.036142199,0.014812377,0,0,0,0,0,0,0,0,0,0,5,1.361726953
142462.28,0.491074927,0.5,6404,37,0.08815,32.25,34.5625,37.21,0,0,0.07,0,0,20,0.5,0.104,5.5,50,25,0.1,0.1,0.1,0.1,0.1,0.1,0.5,0,16314,0.035184504,0.0145274,0,0,0,0,0,0,0,0,0,0,5,1.361726953
142522.36,0.486296015,0.5,6404,37,0.11745,32.25,34.5625,37.17,0,0,0.07,0,0,20,0.5,0.104,5.5,50,25,0.1,0.1,0.1,0.1,0.1,0.1,0.5,0,16981,0.034921383,0.014251222,0,0,0,0,0,0,0,0,0,0,5,1.361726953
142582.43,0.513884147,0.5,6404,37,0.08545,32.25,34.5625,37.27,0,0,0.07,0,0,20,0.5,0.104,5.5,50,25,0.1,0.1,0.1,0.1,0.1,0.1,0.5,0,15807,0.036059973,0.014930094,0,0,0,0,0,0,0,0,0,0,5,1.361726953
142642.51,0.517772925,0.5,6404,37,0.2282,32.1875,34.5625,36.77,0,0,0.25,0,0,20,0.5,0.104,5.5,50,25,0.1,0.1,0.1,0.1,0.1,0.1,0.5,0,16314,0.035797475,0.0145274,0,0,0,0,0,0,0,0,0,0,5,1.361726953
142702.57,0.518751292,0.5,6404,37,0.12565,32.1875,34.625,37.09,0,0,0.07,0,0,20,0.5,0.104,5.5,50,25,0.1,0.1,0.1,0.1,0.1,0.1,0.5,0,16303,0.035882966,0.014782555,0,0,0,0,0,0,0,0,0,0,5,1.299303964
142762.61,0.530868428,0.5,6404,37,0.10725,32.0625,34.5625,36.95,0,0,0.07,0,0,20,0.5,0.104,5.5,50,25,0.1,0.1,0.1,0.1,0.1,0.1,0.5,0,18146,0.034387744,0.014162901,0,0,0,0,0,0,0,0,0,0,5,1.303607702
142822.65,0.548146005,0.5,6404,37,0.10895,32.125,34.625,37.03,0,0,0.07,0,0,20,0.5,0.104,5.5,50,25,0.1,0.1,0.1,0.1,0.1,0.1,0.5,0,16356,0.03588897,0.014612375,0,0,0,0,0,0,0,0,0,0,5,1.334509744
142882.69,0.544510601,0.5,6404,37,0.08155,32.1875,34.75,37.11,0,0.02,0.15,0,0,20,0.5,0.104,5.5,50,25,0.1,0.1,0.1,0.1,0.1,0.1,0.5,0,17638,0.035037986,0.014400726,0,0,0,0,0,0,0,0,0,0,0.44,1.334509744
142942.73,0.490571417,0.5,6404,37,0.401588614,32,34.6875,36.47,0,0.017298988,0.25,0,0,20,0.5,0.104,5.5,50,25,0.1,0.1,0.1,0.1,0.1,0.1,0.5,0,15734,0.036100165,0.014745138,0,0,0,0,0,0,0,0,0,0,0.44,1.334509744
143002.77,0.463228432,0.5,6404,37,0.502674677,31.875,34.6875,36.07,0,0.014188051,0.126752206,0,0,20,0.5,0.104,5.5,50,25,0.1,0.1,0.1,0.1,0.1,0.1,0.5,0,14845,0.036375884,0.015089256,0,0,0,0,0,0,0,0,0,0,0.44,1.334509744
143062.85,0.417070829,0.5,6404,37,0.405813114,32.0625,34.75,36.57,0,0,0.07,0,0,20,0.5,0.104,5.5,50,25,0.1,0.1,0.1,0.1,0.1,0.1,0.5,0,14931,0.035898466,0.014734445,0,0,0,0,0,0,0,0,0,0,5,1.334509744
143122.88,0.443162667,0.5,6404,37,0.13785,32.1875,34.75,37.21,0,0,0.07,0,0,20,0.5,0.104,5.5,50,25,0.1,0.1,0.1,0.1,0.1,0.1,0.5,0,15357,0.035488702,0.014586182,0,0,0,0,0,0,0,0,0,0,5,1.334509744
143182.95,0.445582298,0.5,6404,37,0.10735,32.3125,34.6875,37.21,0,0,0.07,0,0,20,0.5,0.104,5.5,50,25,0.1,0.1,0.1,0.1,0.1,0.1,0.5,0,15121,0.035778057,0.014879968,0,0,0,0,0,0,0,0,0,0,5,1.334509744
143242.99,0.443800946,0.5,6404,37,0.1364,32.25,34.625,37.25,0,0,0.25,0,0,20,0.5,0.104,5.5,50,25,0.1,0.1,0.1,0.1,0.1,0.1,0.5,0,16340,0.03494492,0.014443084,0,0,0,0,0,0,0,0,0,0,5,1.334509744
143303.05,0.458148876,0.5,6404,37,0.12735,32.25,34.625,37.27,0,0,0.07,0,0,20,0.5,0.104,5.5,50,25,0.1,0.1,0.1,0.1,0.1,0.1,0.5,0,15803,0.035499589,0.014490919,0,0,0,0,0,0,0,0,0,0,5,1.334509744
143363.17,0.480298455,0.5,6404,37,0.12125,32.1875,34.625,37.25,0,0,0.07,0,0,20,0.5,0.104,5.5,50,25,0.1,0.1,0.1,0.1,0.1,0.1,0.5,0,16007,0.035609421,0.014306241,0,0,0,0,0,0,0,0,0,0,5,1.334509744
143423.24,0.492526316,0.5,6404,37,0.09225,32.1875,34.5625,37.11,0,0,0.07,0,0,20,0.5,0.104,5.5,50,25,0.1,0.1,0.1,0.1,0.1,0.1,0.5,0,15386,0.036071754,0.014623684,0,0,0,0,0,0,0,0,0,0,5,1.343204856
143483.31,0.493188368,0.5,6404,37,0.14005,32.125,34.625,37.01,0,0,0.07,0,0,20,0.5,0.104,5.5,50,25,0.1,0.1,0.1,0.1,0.1,0.1,0.5,0,16639,0.035218463,0.014604243,0,0,0,0,0,0,0,0,0,0,5,1.280074494
143543.38,0.511692513,0.5,6404,37,0.151,32.0625,34.5625,37.05,0,0,0.25,0,0,20,0.5,0.104,5.5,50,25,0.1,0.1,0.1,0.1,0.1,0.1,0.5,0,15518,0.036151566,0.01495038,0,0,0,0,0,0,0,0,0,0,5,1.326568865
143603.42,0.51730912,0.5,6404,37,0.11845,32.0625,34.5,37.01,0,0,0.07,0,0,20,0.5,0.104,5.5,50,25,0.1,0.1,0.1,0.1,0.1,0.1,0.5,0,16245,0.035826408,0.014835334,0,0,0,0,0,0,0,0,0,0,5,1.29299059
143663.49,0.531476693,0.5,6404,37,0.14485,32,34.5,37.21,0,0,0,0,0,20,0.5,0.104,5.5,50,25,0.1,0.1,0.1,0.1,0.1,0.1,0.5,0,16821,0.035848047,0.014565127,0,0,0,0,0,0,0,0,0,0,5,1.309397277
143723.57,0.54482745,0.5,6404,37,0.14215,32,34.4375,37.01,0,0,0,0,0,20,0.5,0.104,5.5,50,25,0.1,0.1,0.1,0.1,0.1,0.1,0.5,0,17755,0.034750774,0.014362152,0,0,0,0,0,0,0,0,0,0,5,1.318356792
143783.64,0.543143887,0.5,6404,37,0.10765,31.9375,34.5,36.87,0,0.02,0.15,0,0,20,0.5,0.104,5.5,50,25,0.1,0.1,0.1,0.1,0.1,0.1,0.5,0,17239,0.035152851,0.014443993,0,0,0,0,0,0,0,0,0,0,0.44,1.318356792
143843.69,0.489560997,0.5,6404,37,0.52636615,31.8125,34.5625,35.91,0,0.017028913,0.25,0,0,20,0.5,0.104,5.5,50,25,0.1,0.1,0.1,0.1,0.1,0.1,0.5,0,16601,0.035178604,0.014396723,0,0,0,0,0,0,0,0,0,0,0.44,1.318356792
143903.72,0.443856155,0.5,6404,37,0.458193618,31.875,34.5625,36.17,0,0,0.07,0,0,20,0.5,0.104,5.5,50,25,0.1,0.1,0.1,0.1,0.1,0.1,0.5,0,15457,0.035841366,0.014815294,0,0,0,0,0,0,0,0,0,0,5,1.318356792
143963.76,0.443993958,0.5,6404,37,0.22765,32,34.625,36.97,0,0,0.07,0,0,20,0.5,0.104,5.5,50,25,0.1,0.1,0.1,0.1,0.1,0.1,0.5,0,14582,0.036551913,0.015155671,0,0,0,0,0,0,0,0,0,0,5,1.318356792
144023.8,0.466101845,0.5,6404,37,0.13575,32.0625,34.625,37.11,0,0,0.07,0,0,20,0.5,0.104,5.5,50,25,0.1,0.1,0.1,0.1,0.1,0.1,0.5,0,15568,0.035971223,0.015030832,0,0,0,0,0,0,0,0,0,0,5,1.318356792
144083.89,0.459579925,0.5,6404,37,0.11055,32.1875,34.6875,37.17,0,0,0.07,0,0,20,0.5,0.104,5.5,50,25,0.1,0.1,0.1,0.1,0.1,0.1,0.5,0,15954,0.035727717,0.014792529,0,0,0,0,0,0,0,0,0,0,5,1.318356792
144143.93,0.488052876,0.5,6404,37,0.1578,32.25,34.75,37.09,0,0,0.25,0,0,20,0.5,0.104,5.5,50,25,0.1,0.1,0.1,0.1,0.1,0.1,0.5,0,15802,0.035691685,0.014808252,0,0,0,0,0,0,0,0,0,0,5,1.318356792
144203.98,0.514559143,0.5,6404,37,0.12465,32.1875,34.6875,37.17,0,0,0.07,0,0,20,0.5,0.104,5.5,50,25,0.1,0.1,0.1,0.1,0.1,0.1,0.5,0,15968,0.035508517,0.014779559,0,0,0,0,0,0,0,0,0,0,5,1.318356792
144264.01,0.509178699,0.5,6404,37,0.11985,32.25,34.75,36.95,0,0,0.07,0,0,20,0.5,0.104,5.5,50,25,0.1,0.1,0.1,0.1,0.1,0.1,0.5,0,15761,0.035974875,0.014910221,0,0,0,0,0,0,0,0,0,0,5,1.220904547
144324.08,0.511966356,0.5,6404,37,0.14035,32.0625,34.75,37.13,0,0,0.07,0,0,20,0.5,0.104,5.5,50,25,0.1,0.1,0.1,0.1,0.1,0.1,0.5,0,16300,0.035582822,0.014601227,0,0,0,0,0,0,0,0,0,0,5,1.176238958
144384.16,0.527160665,0.5,6404,37,0.14355,32.1875,34.625,36.95,0,0,0.07,0,0,20,0.5,0.104,5.5,50,25,0.1,0.1,0.1,0.1,0.1,0.1,0.5,0,16563,0.035863068,0.01461088,0,0,0,0,0,0,0,0,0,0,5,1.205166379
144444.21,0.535892538,0.5,6404,37,0.13085,32.1875,34.6875,37.11,0,0,0.25,0,0,20,0.5,0.104,5.5,50,25,0.1,0.1,0.1,0.1,0.1,0.1,0.5,0,17122,0.035042635,0.014542694,0,0,0,0,0,0,0,0,0,0,5,1.194192913
144504.27,0.546164306,0.5,6404,37,0.08245,32.125,34.625,37.05,0,0,0,0,0,20,0.5,0.104,5.5,50,25,0.1,0.1,0.1,0.1,0.1,0.1,0.5,0,17321,0.035217366,0.014779747,0,0,0,0,0,0,0,0,0,0,5,1.191441882
144564.3,0.550899708,0.5,6404,37,0.14975,32.0625,34.5625,37.11,0,0.02,0.15,0,0,20,0.5,0.104,5.5,50,25,0.1,0.1,0.1,0.1,0.1,0.1,0.5,0,17708,0.034786537,0.014569686,0,0,0,0,0,0,0,0,0,0,0.44,1.191441882
144624.37,0.493428782,0.5,6404,37,0.469925,32,34.625,36.23,0,0.01830614,0.14322456,0,0,20,0.5,0.104,5.5,50,25,0.1,0.1,0.1,0.1,0.1,0.1,0.5,0,16673,0.035506508,0.014694416,0,0,0,0,0,0,0,0,0,0,0.44,1.191441882
144684.43,0.460133582,0.5,6404,37,0.490757466,31.9375,34.625,36.21,0,0.01443251,0.127730039,0,0,20,0.5,0.104,5.5,50,25,0.1,0.1,0.1,0.1,0.1,0.1,0.5,0,16250,0.035138462,0.014646154,0,0,0,0,0,0,0,0,0,0,0.44,1.191441882
144744.5,0.400750306,0.5,6404,37,0.467968573,31.9375,34.5625,36.37,0,0,0.25,0,0,20,0.5,0.104,5.5,50,25,0.1,0.1,0.1,0.1,0.1,0.1,0.5,0,14730,0.035845214,0.014596062,0,0,0,0,0,0,0,0,0,0,5,1.191441882
144804.59,0.424057514,0.5,6404,37,0.18935,32.125,34.5625,37.21,0,0,0.07,0,0,20,0.5,0.104,5.5,50,25,0.1,0.1,0.1,0.1,0.1,0.1,0.5,0,15329,0.035357819,0.01454759,0,0,0,0,0,0,0,0,0,0,5,1.191441882
144864.68,0.421518926,0.5,6404,37,0.18155,32.3125,34.625,37.35,0,0,0.07,0,0,20,0.5,0.104,5.5,50,25,0.1,0.1,0.1,0.1,0.1,0.1,0.5,0,15400,0.03538961,0.014415584,0,0,0,0,0,0,0,0,0,0,5,1.191441882
144924.77,0.435875996,0.5,6404,37,0.09305,32.375,34.6875,37.45,0,0,0.07,0,0,20,0.5,0.104,5.5,50,25,0.1,0.1,0.1,0.1,0.1,0.1,0.5,0,16200,0.035185185,0.014506173,0,0,0,0,0,0,0,0,0,0,5,1.191441882
144984.81,0.447568675,0.5,6404,37,0.08015,32.375,34.6875,37.27,0,0,0.07,0,0,20,0.5,0.104,5.5,50,25,0.1,0.1,0.1,0.1,0.1,0.1,0.5,0,15499,0.03548616,0.014452545,0,0,0,0,0,0,0,0,0,0,5,1.191441882
145044.89,0.459334031,0.5,6404,37,0.11965,32.375,34.75,37.29,0,0,0.25,0,0,20,0.5,0.104,5.5,50,25,0.1,0.1,0.1,0.1,0.1,0.1,0.5,0,15476,0.035603515,0.014732489,0,0,0,0,0,0,0,0,0,0,5,1.191441882
145104.96,0.468407966,0.5,6404,37,0.13805,32.3125,34.75,37.27,0,0,0.07,0,0,20,0.5,0.104,5.5,50,25,0.1,0.1,0.1,0.1,0.1,0.1,0.5,0,16086,0.035248042,0.014795474,0,0,0,0,0,0,0,0,0,0,5,1.190555655
145165.04,0.485543209,0.5,6404,37,0.11255,32.25,34.75,37.11,0,0,0.07,0,0,20,0.5,0.104,5.5,50,25,0.1,0.1,0.1,0.1,0.1,0.1,0.5,0,16687,0.035177084,0.014322527,0,0,0,0,0,0,0,0,0,0,5,1.238813808
145225.1,0.501505401,0.5,6404,37,0.11775,32.25,34.8125,37.03,0,0,0.07,0,0,20,0.5,0.104,5.5,50,25,0.1,0.1,0.1,0.1,0.1,0.1,0.5,0,16344,0.035242291,0.014623103,0,0,0,0,0,0,0,0,0,0,5,1.273911399
145285.21,0.514750603,0.5,6404,37,0.13385,32.1875,34.8125,37.11,0,0,0.07,0,0,20,0.5,0.104,5.5,50,25,0.1,0.1,0.1,0.1,0.1,0.1,0.5,0,17339,0.034661745,0.014418363,0,0,0,0,0,0,0,0,0,0,5,1.288420252
145345.25,0.51337405,0.5,6404,37,0.15115,32.125,34.8125,36.97,0,0,0,0,0,20,0.5,0.104,5.5,50,25,0.1,0.1,0.1,0.1,0.1,0.1,0.5,0,15978,0.03586181,0.014832895,0,0,0,0,0,0,0,0,0,0,5,1.215965854
145405.31,0.512274182,0.5,6404,37,0.14515,32.1875,34.875,36.87,0,0,0,0,0,20,0.5,0.104,5.5,50,25,0.1,0.1,0.1,0.1,0.1,0.1,0.5,0,17431,0.034650909,0.01457174,0,0,0,0,0,0,0,0,0,0,5,1.148733375
145465.37,0.545989095,0.5,6404,37,0.14155,32.1875,34.6875,37.05,0,0,0,0,0,20,0.5,0.104,5.5,50,25,0.1,0.1,0.1,0.1,0.1,0.1,0.5,0,16547,0.035414274,0.014685441,0,0,0,0,0,0,0,0,0,0,5,1.282513732
145525.45,0.557045657,0.5,6404,37,0.12595,32.0625,34.75,37.17,0,0.02,0.15,0,0,20,0.5,0.104,5.5,50,25,0.1,0.1,0.1,0.1,0.1,0.1,0.5,0,17070,0.035090803,0.014411248,0,0,0,0,0,0,0,0,0,0,0.44,1.282513732
145585.48,0.481898088,0.5,6404,37,0.44755,31.9375,34.625,36.09,0,0.017422361,0.139689443,0,0,20,0.5,0.104,5.5,50,25,0.1,0.1,0.1,0.1,0.1,0.1,0.5,0,15365,0.03625122,0.014773837,0,0,0,0,0,0,0,0,0,0,0.44,1.282513732
145645.54,0.430951073,0.5,6404,37,0.422410639,32,34.625,36.29,0,0,0.25,0,0,20,0.5,0.104,5.5,50,25,0.1,0.1,0.1,0.1,0.1,0.1,0.5,0,15688,0.035441101,0.014469658,0,0,0,0,0,0,0,0,0,0,5,1.282513732
145705.6,0.445075516,0.5,6404,37,0.15795,32.0625,34.5625,37.11,0,0,0.07,0,0,20,0.5,0.104,5.5,50,25,0.1,0.1,0.1,0.1,0.1,0.1,0.5,0,15681,0.035520694,0.014667432,0,0,0,0,0,0,0,0,0,0,5,1.282513732
145765.63,0.44198641,0.5,6404,37,0.13605,32.1875,34.625,37.03,0,0,0.07,0,0,20,0.5,0.104,5.5,50,25,0.1,0.1,0.1,0.1,0.1,0.1,0.5,0,15623,0.035716572,0.014401843,0,0,0,0,0,0,0,0,0,0,5,1.282513732
145825.67,0.480979974,0.5,6404,37,0.12765,32.25,34.625,37.27,0,0,0.07,0,0,20,0.5,0.104,5.5,50,25,0.1,0.1,0.1,0.1,0.1,0.1,0.5,0,15845,0.035721048,0.014768066,0,0,0,0,0,0,0,0,0,0,5,1.282513732
145885.74,0.472039724,0.5,6404,37,0.09335,32.1875,34.6875,37.17,0,0,0.07,0,0,20,0.5,0.104,5.5,50,25,0.1,0.1,0.1,0.1,0.1,0.1,0.5,0,15777,0.035748241,0.01470495,0,0,0,0,0,0,0,0,0,0,5,1.282513732
145945.81,0.47788809,0.5,6404,37,0.13235,32.25,34.6875,37.13,0,0,0.25,0,0,20,0.5,0.104,5.5,50,25,0.1,0.1,0.1,0.1,0.1,0.1,0.5,0,15968,0.035571142,0.014779559,0,0,0,0,0,0,0,0,0,0,5,1.282513732
146005.86,0.506514392,0.5,6404,37,0.12225,32.1875,34.75,37.11,0,0,0.07,0,0,20,0.5,0.104,5.5,50,25,0.1,0.1,0.1,0.1,0.1,0.1,0.5,0,16541,0.035185297,0.014630313,0,0,0,0,0,0,0,0,0,0,5,1.39291651
146065.9,0.511998644,0.5,6404,37,0.14955,32.125,34.75,37.17,0,0,0.07,0,0,20,0.5,0.104,5.5,50,25,0.1,0.1,0.1,0.1,0.1,0.1,0.5,0,16944,0.034997639,0.014518414,0,0,0,0,0,0,0,0,0,0,5,1.355578397
146125.98,0.509923813,0.5,6404,37,0.10295,32.25,34.8125,37.27,0,0,0.07,0,0,20,0.5,0.104,5.5,50,25,0.1,0.1,0.1,0.1,0.1,0.1,0.5,0,16912,0.035241249,0.014605014,0,0,0,0,0,0,0,0,0,0,5,1.275617534
146186.03,0.518759627,0.5,6404,37,0.13785,32.25,34.75,37.09,0,0,0.07,0,0,20,0.5,0.104,5.5,50,25,0.1,0.1,0.1,0.1,0.1,0.1,0.5,0,16328,0.035766781,0.014821166,0,0,0,0,0,0,0,0,0,0,5,1.263374559
146246.09,0.533138507,0.5,6404,37,0.13395,32.1875,34.75,37.13,0,0,0,0,0,20,0.5,0.104,5.5,50,25,0.1,0.1,0.1,0.1,0.1,0.1,0.5,0,16866,0.035396656,0.014348393,0,0,0,0,0,0,0,0,0,0,5,1.282227704
146306.17,0.52694756,0.5,6404,37,0.10235,32.1875,34.6875,36.97,0,0,0,0,0,20,0.5,0.104,5.5,50,25,0.1,0.1,0.1,0.1,0.1,0.1,0.5,0,16739,0.035904176,0.014875441,0,0,0,0,0,0,0,0,0,0,5,1.183075667
146366.24,0.561294569,0.5,6404,37,0.12525,32.125,34.75,36.95,0,0,0,0,0,20,0.5,0.104,5.5,50,25,0.1,0.1,0.1,0.1,0.1,0.1,0.5,0,16543,0.036087771,0.014628544,0,0,0,0,0,0,0,0,0,0,5,1.313356313
146426.32,0.552911418,0.5,6404,37,0.14555,32.125,34.625,37.01,0,0.02,0.15,0,0,20,0.5,0.104,5.5,50,25,0.1,0.1,0.1,0.1,0.1,0.1,0.5,0,16872,0.036095306,0.014935989,0,0,0,0,0,0,0,0,0,0,0.44,1.313356313
146486.39,0.503662663,0.5,6404,37,0.4487,32,34.625,36.13,0,0.02,0.15,0,0,20,0.5,0.104,5.5,50,25,0.1,0.1,0.1,0.1,0.1,0.1,0.5,0,15350,0.036677524,0.014918567,0,0,0,0,0,0,0,0,0,0,0.44,1.313356313
146546.43,0.440546532,0.5,6404,37,0.5035,31.875,34.625,36.05,0,0.000714419,0.25,0,0,20,0.5,0.104,5.5,50,25,0.1,0.1,0.1,0.1,0.1,0.1,0.5,0,15363,0.035995574,0.014580486,0,0,0,0,0,0,0,0,0,0,0.44,1.313356313
146606.47,0.439309173,0.5,6404,37,0.258823958,32,34.625,36.89,0,0,0.07,0,0,20,0.5,0.104,5.5,50,25,0.1,0.1,0.1,0.1,0.1,0.1,0.5,0,15083,0.035934496,0.014784857,0,0,0,0,0,0,0,0,0,0,5,1.313356313
146666.51,0.461177778,0.5,6404,37,0.14705,32.1875,34.6875,37.37,0,0,0.07,0,0,20,0.5,0.104,5.5,50,25,0.1,0.1,0.1,0.1,0.1,0.1,0.5,0,15219,0.0358105,0.014849859,0,0,0,0,0,0,0,0,0,0,5,1.313356313
146726.6,0.465785808,0.5,6404,37,0.11895,32.3125,34.75,37.21,0,0,0.07,0,0,20,0.5,0.104,5.5,50,25,0.1,0.1,0.1,0.1,0.1,0.1,0.5,0,15693,0.035557255,0.014528771,0,0,0,0,0,0,0,0,0,0,5,1.313356313
146786.64,0.492858575,0.5,6404,37,0.12055,32.3125,34.8125,37.21,0,0,0.07,0,0,20,0.5,0.104,5.5,50,25,0.1,0.1,0.1,0.1,0.1,0.1,0.5,0,15661,0.035949173,0.01462231,0,0,0,0,0,0,0,0,0,0,5,1.313356313
146846.69,0.483901555,0.5,6404,37,0.10155,32.25,34.75,37.35,0,0,0.25,0,0,20,0.5,0.104,5.5,50,25,0.1,0.1,0.1,0.1,0.1,0.1,0.5,0,16291,0.035234178,0.014732061,0,0,0,0,0,0,0,0,0,0,5,1.313356313
146906.74,0.497308113,0.5,6404,37,0.11405,32.3125,34.75,37.27,0,0,0.07,0,0,20,0.5,0.104,5.5,50,25,0.1,0.1,0.1,0.1,0.1,0.1,0.5,0,16048,0.035954636,0.014518943,0,0,0,0,0,0,0,0,0,0,5,1.313356313
146966.77,0.50637545,0.5,6404,37,0.11715,32.3125,34.8125,37.13,0,0,0.07,0,0,20,0.5,0.104,5.5,50,25,0.1,0.1,0.1,0.1,0.1,0.1,0.5,0,15884,0.036074037,0.014605893,0,0,0,0,0,0,0,0,0,0,5,1.301894329
147026.82,0.518918895,0.5,6404,37,0.13795,32.3125,34.8125,36.97,0,0,0.07,0,0,20,0.5,0.104,5.5,50,25,0.1,0.1,0.1,0.1,0.1,0.1,0.5,0,17149,0.035045775,0.01434486,0,0,0,0,0,0,0,0,0,0,5,1.310207244
147086.9,0.517077686,0.5,6404,37,0.12845,32.25,34.8125,37.09,0,0,0.07,0,0,20,0.5,0.104,5.5,50,25,0.1,0.1,0.1,0.1,0.1,0.1,0.5,0,15970,0.036192862,0.014652473,0,0,0,0,0,0,0,0,0,0,5,1.234033459
147146.97,0.544448294,0.5,6404,37,0.09185,32.25,34.75,37.03,0,0,0.25,0,0,20,0.5,0.104,5.5,50,25,0.1,0.1,0.1,0.1,0.1,0.1,0.5,0,16501,0.035816011,0.014423368,0,0,0,0,0,0,0,0,0,0,5,1.327071339
147207.02,0.546916856,0.5,6404,37,0.14685,32.1875,34.75,36.93,0,0.02,0.15,0,0,20,0.5,0.104,5.5,50,25,0.1,0.1,0.1,0.1,0.1,0.1,0.5,0,17535,0.035072712,0.014314229,0,0,0,0,0,0,0,0,0,0,0.44,1.327071339
147267.08,0.487031243,0.5,6404,37,0.46045,32,34.625,36.21,0,0.017081023,0.13832409,0,0,20,0.5,0.104,5.5,50,25,0.1,0.1,0.1,0.1,0.1,0.1,0.5,0,15928,0.03584882,0.014502762,0,0,0,0,0,0,0,0,0,0,0.44,1.327071339
147327.18,0.454072869,0.5,6404,37,0.473287603,31.875,34.5625,36.15,0,0,0.07,0,0,20,0.5,0.104,5.5,50,25,0.1,0.1,0.1,0.1,0.1,0.1,0.5,0,15174,0.035982602,0.014696191,0,0,0,0,0,0,0,0,0,0,5,1.327071339
147387.25,0.458872386,0.5,6404,37,0.16185,32.125,34.625,37.09,0,0,0.07,0,0,20,0.5,0.104,5.5,50,25,0.1,0.1,0.1,0.1,0.1,0.1,0.5,0,15955,0.035412097,0.014728925,0,0,0,0,0,0,0,0,0,0,5,1.327071339
147447.33,0.462607705,0.5,6404,37,0.12315,32.1875,34.625,37.29,0,0,0.25,0,0,20,0.5,0.104,5.5,50,25,0.1,0.1,0.1,0.1,0.1,0.1,0.5,0,14902,0.036236747,0.014763119,0,0,0,0,0,0,0,0,0,0,5,1.327071339
147507.38,0.488896862,0.5,6404,37,0.14475,32.3125,34.6875,37.27,0,0,0.07,0,0,20,0.5,0.104,5.5,50,25,0.1,0.1,0.1,0.1,0.1,0.1,0.5,0,16830,0.034521687,0.01449792,0,0,0,0,0,0,0,0,0,0,5,1.327071339
147567.45,0.49865638,0.5,6404,37,0.11425,32.25,34.6875,37.19,0,0,0.07,0,0,20,0.5,0.104,5.5,50,25,0.1,0.1,0.1,0.1,0.1,0.1,0.5,0,15846,0.035971223,0.014640919,0,0,0,0,0,0,0,0,0,0,5,1.327071339
147627.5,0.485311104,0.5,6404,37,0.12795,32.1875,34.75,37.17,0,0,0.07,0,0,20,0.5,0.104,5.5,50,25,0.1,0.1,0.1,0.1,0.1,0.1,0.5,0,17457,0.034542018,0.014206336,0,0,0,0,0,0,0,0,0,0,5,1.327071339
147687.57,0.51671674,0.5,6404,37,0.08335,32.25,34.8125,37.21,0,0,0.07,0,0,20,0.5,0.104,5.5,50,25,0.1,0.1,0.1,0.1,0.1,0.1,0.5,0,16373,0.035790631,0.014780431,0,0,0,0,0,0,0,0,0,0,5,1.44883186
147747.63,0.516691675,0.5,6404,37,0.14505,32.1875,34.8125,36.97,0,0,0.25,0,0,20,0.5,0.104,5.5,50,25,0.1,0.1,0.1,0.1,0.1,0.1,0.5,0,16210,0.035842073,0.014558914,0,0,0,0,0,0,0,0,0,0,5,1.376244742
147807.67,0.537327071,0.5,6404,37,0.09435,32.1875,34.875,36.93,0,0,0.07,0,0,20,0.5,0.104,5.5,50,25,0.1,0.1,0.1,0.1,0.1,0.1,0.5,0,17221,0.035305731,0.014517159,0,0,0,0,0,0,0,0,0,0,5,1.424914475
147867.72,0.533362313,0.5,6404,37,0.11725,32.125,34.8125,37.13,0,0,0.07,0,0,20,0.5,0.104,5.5,50,25,0.1,0.1,0.1,0.1,0.1,0.1,0.5,0,18131,0.034747118,0.014615851,0,0,0,0,0,0,0,0,0,0,5,1.331450677
147927.79,0.550673816,0.5,6404,37,0.14455,32.1875,34.75,37.17,0,0,0,0,0,20,0.5,0.104,5.5,50,25,0.1,0.1,0.1,0.1,0.1,0.1,0.5,0,18060,0.034939092,0.014507198,0,0,0,0,0,0,0,0,0,0,5,1.360703222
147987.86,0.563239522,0.5,6404,37,0.15125,32.125,34.75,36.89,0,0.02,0.15,0,0,20,0.5,0.104,5.5,50,25,0.1,0.1,0.1,0.1,0.1,0.1,0.5,0,18301,0.034806841,0.014534725,0,0,0,0,0,0,0,0,0,0,0.44,1.360703222
148047.92,0.494561151,0.5,6404,37,0.46105,32.0625,34.6875,36.07,0,0.019680555,0.25,0,0,20,0.5,0.104,5.5,50,25,0.1,0.1,0.1,0.1,0.1,0.1,0.5,0,16376,0.035417684,0.014838788,0,0,0,0,0,0,0,0,0,0,0.44,1.360703222
148107.99,0.435303491,0.5,6404,37,0.485443142,31.9375,34.6875,36.17,0,0,0.07,0,0,20,0.5,0.104,5.5,50,25,0.1,0.1,0.1,0.1,0.1,0.1,0.5,0,15090,0.036249172,0.014844268,0,0,0,0,0,0,0,0,0,0,5,1.360703222
148168.06,0.460275875,0.5,6404,37,0.20815,32.125,34.625,37.03,0,0,0.07,0,0,20,0.5,0.104,5.5,50,25,0.1,0.1,0.1,0.1,0.1,0.1,0.5,0,15437,0.035628684,0.014510591,0,0,0,0,0,0,0,0,0,0,5,1.360703222
148228.13,0.449080532,0.5,6404,37,0.14415,32.25,34.625,37.25,0,0,0.07,0,0,20,0.5,0.104,5.5,50,25,0.1,0.1,0.1,0.1,0.1,0.1,0.5,0,15697,0.035420781,0.014461362,0,0,0,0,0,0,0,0,0,0,5,1.360703222
148288.19,0.475550667,0.5,6404,37,0.15515,32.3125,34.625,37.21,0,0,0.07,0,0,20,0.5,0.104,5.5,50,25,0.1,0.1,0.1,0.1,0.1,0.1,0.5,0,16639,0.035038163,0.014243644,0,0,0,0,0,0,0,0,0,0,5,1.360703222
148348.26,0.491211194,0.5,6404,37,0.12675,32.3125,34.625,37.09,0,0,0.25,0,0,20,0.5,0.104,5.5,50,25,0.1,0.1,0.1,0.1,0.1,0.1,0.5,0,15862,0.035682764,0.014563107,0,0,0,0,0,0,0,0,0,0,5,1.360703222
148408.3,0.49345444,0.5,6404,37,0.13865,32.3125,34.6875,37.11,0,0,0.07,0,0,20,0.5,0.104,5.5,50,25,0.1,0.1,0.1,0.1,0.1,0.1,0.5,0,15717,0.035948336,0.014824712,0,0,0,0,0,0,0,0,0,0,5,1.360703222
148468.34,0.516849438,0.5,6404,37,0.12675,32.25,34.6875,37.33,0,0,0.07,0,0,20,0.5,0.104,5.5,50,25,0.1,0.1,0.1,0.1,0.1,0.1,0.5,0,18142,0.034174843,0.014055782,0,0,0,0,0,0,0,0,0,0,5,1.431631289
148528.4,0.523099974,0.5,6404,37,0.10485,32.25,34.6875,37.09,0,0,0.07,0,0,20,0.5,0.104,5.5,50,25,0.1,0.1,0.1,0.1,0.1,0.1,0.5,0,17781,0.034475001,0.01450987,0,0,0,0,0,0,0,0,0,0,5,1.396112696
148588.47,0.53089063,0.5,6404,37,0.14005,32.1875,34.75,37.19,0,0,0.07,0,0,20,0.5,0.104,5.5,50,25,0.1,0.1,0.1,0.1,0.1,0.1,0.5,0,17090,0.035166764,0.014628438,0,0,0,0,0,0,0,0,0,0,5,1.370657352
148648.54,0.543924698,0.5,6404,37,0.09515,32.25,34.75,37.19,0,0,0.25,0,0,20,0.5,0.104,5.5,50,25,0.1,0.1,0.1,0.1,0.1,0.1,0.5,0,16626,0.035606881,0.014495369,0,0,0,0,0,0,0,0,0,0,5,1.374888835
148708.6,0.551375864,0.5,6404,37,0.14835,32.1875,34.6875,37.01,0,0.02,0.15,0,0,20,0.5,0.104,5.5,50,25,0.1,0.1,0.1,0.1,0.1,0.1,0.5,0,16962,0.035667964,0.014444051,0,0,0,0,0,0,0,0,0,0,0.44,1.374888835
148768.67,0.486833308,0.5,6404,37,0.493575,32,34.6875,36.29,0,0.01750027,0.14000108,0,0,20,0.5,0.104,5.5,50,25,0.1,0.1,0.1,0.1,0.1,0.1,0.5,0,16393,0.035319954,0.014518392,0,0,0,0,0,0,0,0,0,0,0.44,1.374888835
148828.74,0.447792689,0.5,6404,37,0.500060348,31.9375,34.6875,36.31,0,0,0.07,0,0,20,0.5,0.104,5.5,50,25,0.1,0.1,0.1,0.1,0.1,0.1,0.5,0,14939,0.036414753,0.01499431,0,0,0,0,0,0,0,0,0,0,5,1.374888835
148888.81,0.444875052,0.5,6404,37,0.17435,32.125,34.6875,37.19,0,0,0.07,0,0,20,0.5,0.104,5.5,50,25,0.1,0.1,0.1,0.1,0.1,0.1,0.5,0,16195,0.034949058,0.014325409,0,0,0,0,0,0,0,0,0,0,5,1.374888835
148948.88,0.462823815,0.5,6404,37,0.11975,32.3125,34.625,37.25,0,0,0.25,0,0,20,0.5,0.104,5.5,50,25,0.1,0.1,0.1,0.1,0.1,0.1,0.5,0,16060,0.035367372,0.014321295,0,0,0,0,0,0,0,0,0,0,5,1.374888835
149008.94,0.476351332,0.5,6404,37,0.08805,32.3125,34.625,37.43,0,0,0.07,0,0,20,0.5,0.104,5.5,50,25,0.1,0.1,0.1,0.1,0.1,0.1,0.5,0,15798,0.035574123,0.014558805,0,0,0,0,0,0,0,0,0,0,5,1.374888835
149068.99,0.469496703,0.5,6404,37,0.11725,32.25,34.5625,37.21,0,0,0.07,0,0,20,0.5,0.104,5.5,50,25,0.1,0.1,0.1,0.1,0.1,0.1,0.5,0,15270,0.035952849,0.014603798,0,0,0,0,0,0,0,0,0,0,5,1.374888835
149129.06,0.494004013,0.5,6404,37,0.12855,32.3125,34.5625,37.27,0,0,0.07,0,0,20,0.5,0.104,5.5,50,25,0.1,0.1,0.1,0.1,0.1,0.1,0.5,0,16691,0.035108741,0.014319094,0,0,0,0,0,0,0,0,0,0,5,1.374888835
149189.11,0.50565277,0.5,6404,37,0.18495,32.1875,34.625,37.29,0,0,0.07,0,0,20,0.5,0.104,5.5,50,25,0.1,0.1,0.1,0.1,0.1,0.1,0.5,0,15373,0.036167306,0.01463605,0,0,0,0,0,0,0,0,0,0,5,1.376064099
149249.14,0.496376178,0.5,6404,37,0.11655,32.25,34.625,37.11,0,0,0.25,0,0,20,0.5,0.104,5.5,50,25,0.1,0.1,0.1,0.1,0.1,0.1,0.5,0,17757,0.034465281,0.014304218,0,0,0,0,0,0,0,0,0,0,5,1.251712457
149309.18,0.512035307,0.5,6404,37,0.12965,32.1875,34.6875,37.09,0,0,0.07,0,0,20,0.5,0.104,5.5,50,25,0.1,0.1,0.1,0.1,0.1,0.1,0.5,0,17186,0.035086698,0.01443035,0,0,0,0,0,0,0,0,0,0,5,1.282305391
149369.23,0.538251108,0.5,6404,37,0.14485,32.1875,34.6875,37.01,0,0,0.07,0,0,20,0.5,0.104,5.5,50,25,0.1,0.1,0.1,0.1,0.1,0.1,0.5,0,15869,0.036360199,0.014619699,0,0,0,0,0,0,0,0,0,0,5,1.367984958
149429.27,0.540684635,0.5,6404,37,0.15305,32.125,34.6875,36.85,0,0,0,0,0,20,0.5,0.104,5.5,50,25,0.1,0.1,0.1,0.1,0.1,0.1,0.5,0,16503,0.035690481,0.014785191,0,0,0,0,0,0,0,0,0,0,5,1.313118665
149489.33,0.549966853,0.5,6404,37,0.12155,32.125,34.75,37.13,0,0.02,0.15,0,0,20,0.5,0.104,5.5,50,25,0.1,0.1,0.1,0.1,0.1,0.1,0.5,0,17099,0.035616118,0.014679221,0,0,0,0,0,0,0,0,0,0,0.44,1.313118665
149549.42,0.490327924,0.5,6404,37,0.46905,32,34.75,36.05,0,0.017811134,0.25,0,0,20,0.5,0.104,5.5,50,25,0.1,0.1,0.1,0.1,0.1,0.1,0.5,0,15435,0.036216391,0.014965986,0,0,0,0,0,0,0,0,0,0,0.44,1.313118665
149609.5,0.443528588,0.5,6404,37,0.470141754,31.875,34.75,36.15,0,0,0.07,0,0,20,0.5,0.104,5.5,50,25,0.1,0.1,0.1,0.1,0.1,0.1,0.5,0,16308,0.034890851,0.014348786,0,0,0,0,0,0,0,0,0,0,5,1.313118665
149669.55,0.451349926,0.5,6404,37,0.14335,32.125,34.6875,37.11,0,0,0.07,0,0,20,0.5,0.104,5.5,50,25,0.1,0.1,0.1,0.1,0.1,0.1,0.5,0,15952,0.035105316,0.014355567,0,0,0,0,0,0,0,0,0,0,5,1.313118665
149729.58,0.461352439,0.5,6404,37,0.13995,32.125,34.6875,37.25,0,0,0.07,0,0,20,0.5,0.104,5.5,50,25,0.1,0.1,0.1,0.1,0.1,0.1,0.5,0,15748,0.035306071,0.014605029,0,0,0,0,0,0,0,0,0,0,5,1.313118665
149789.65,0.474577126,0.5,6404,37,0.17425,32.1875,34.6875,37.09,0,0,0.07,0,0,20,0.5,0.104,5.5,50,25,0.1,0.1,0.1,0.1,0.1,0.1,0.5,0,15224,0.035995796,0.014779296,0,0,0,0,0,0,0,0,0,0,5,1.313118665
149849.72,0.478671782,0.5,6404,37,0.11755,32.1875,34.6875,37.13,0,0,0.25,0,0,20,0.5,0.104,5.5,50,25,0.1,0.1,0.1,0.1,0.1,0.1,0.5,0,15625,0.035712,0.014976,0,0,0,0,0,0,0,0,0,0,5,1.313118665
149909.76,0.49198527,0.5,6404,37,0.10915,32.125,34.625,37.25,0,0,0.07,0,0,20,0.5,0.104,5.5,50,25,0.1,0.1,0.1,0.1,0.1,0.1,0.5,0,16006,0.035799075,0.014869424,0,0,0,0,0,0,0,0,0,0,5,1.313118665
149969.84,0.506594767,0.5,6404,37,0.16525,32.125,34.5625,37.11,0,0,0.07,0,0,20,0.5,0.104,5.5,50,25,0.1,0.1,0.1,0.1,0.1,0.1,0.5,0,15874,0.035907774,0.01467809,0,0,0,0,0,0,0,0,0,0,5,1.335250623
150029.95,0.499554854,0.5,6404,37,0.10365,32.125,34.5625,37.21,0,0,0.07,0,0,20,0.5,0.104,5.5,50,25,0.1,0.1,0.1,0.1,0.1,0.1,0.5,0,16422,0.035805627,0.014919011,0,0,0,0,0,0,0,0,0,0,5,1.226506098
150090.02,0.521415805,0.5,6404,37,0.11675,32.125,34.5625,36.93,0,0,0.07,0,0,20,0.5,0.104,5.5,50,25,0.1,0.1,0.1,0.1,0.1,0.1,0.5,0,17165,0.035187882,0.014739295,0,0,0,0,0,0,0,0,0,0,5,1.293672002
150150.08,0.540254342,0.5,6404,37,0.12725,32.125,34.5625,37.05,0,0,0.25,0,0,20,0.5,0.104,5.5,50,25,0.1,0.1,0.1,0.1,0.1,0.1,0.5,0,16672,0.035628599,0.014635317,0,0,0,0,0,0,0,0,0,0,5,1.335465062
150210.13,0.544371304,0.5,6404,37,0.13335,32.0625,34.5625,37.11,0,0.02,0.15,0,0,20,0.5,0.104,5.5,50,25,0.1,0.1,0.1,0.1,0.1,0.1,0.5,0,17776,0.034765977,0.014457696,0,0,0,0,0,0,0,0,0,0,0.44,1.335465062
150270.19,0.492025249,0.5,6404,37,0.529325,31.9375,34.625,36.09,0,0.017471014,0.139884058,0,0,20,0.5,0.104,5.5,50,25,0.1,0.1,0.1,0.1,0.1,0.1,0.5,0,16119,0.035734227,0.014827223,0,0,0,0,0,0,0,0,0,0,0.44,1.335465062
150330.22,0.436897216,0.5,6404,37,0.503058242,31.875,34.625,36.21,0,0,0.07,0,0,20,0.5,0.104,5.5,50,25,0.1,0.1,0.1,0.1,0.1,0.1,0.5,0,15037,0.036110926,0.014697081,0,0,0,0,0,0,0,0,0,0,5,1.335465062
150390.28,0.433951848,0.5,6404,37,0.17145,32.125,34.75,37.13,0,0,0.07,0,0,20,0.5,0.104,5.5,50,25,0.1,0.1,0.1,0.1,0.1,0.1,0.5,0,15471,0.035679659,0.014866524,0,0,0,0,0,0,0,0,0,0,5,1.335465062
150450.34,0.468193078,0.5,6404,37,0.10915,32.3125,34.75,37.35,0,0,0.25,0,0,20,0.5,0.104,5.5,50,25,0.1,0.1,0.1,0.1,0.1,0.1,0.5,0,15496,0.035751162,0.014519876,0,0,0,0,0,0,0,0,0,0,5,1.335465062
150510.44,0.457355646,0.5,6404,37,0.13485,32.3125,34.75,37.17,0,0,0.07,0,0,20,0.5,0.104,5.5,50,25,0.1,0.1,0.1,0.1,0.1,0.1,0.5,0,15539,0.035780938,0.014801467,0,0,0,0,0,0,0,0,0,0,5,1.335465062
150570.47,0.467646348,0.5,6404,37,0.12465,32.3125,34.8125,37.19,0,0,0.07,0,0,20,0.5,0.104,5.5,50,25,0.1,0.1,0.1,0.1,0.1,0.1,0.5,0,15721,0.035684753,0.014757331,0,0,0,0,0,0,0,0,0,0,5,1.335465062
150630.55,0.486796561,0.5,6404,37,0.08765,32.3125,34.8125,37.21,0,0,0.07,0,0,20,0.5,0.104,5.5,50,25,0.1,0.1,0.1,0.1,0.1,0.1,0.5,0,16098,0.035470245,0.014784445,0,0,0,0,0,0,0,0,0,0,5,1.335465062
150690.62,0.509739332,0.5,6404,37,0.14785,32.25,34.75,37.13,0,0,0.07,0,0,20,0.5,0.104,5.5,50,25,0.1,0.1,0.1,0.1,0.1,0.1,0.5,0,15971,0.035689688,0.014714169,0,0,0,0,0,0,0,0,0,0,5,1.406851362
150750.67,0.527874741,0.5,6404,37,0.11535,32.25,34.75,37.13,0,0,0.25,0,0,20,0.5,0.104,5.5,50,25,0.1,0.1,0.1,0.1,0.1,0.1,0.5,0,16231,0.035734089,0.014724909,0,0,0,0,0,0,0,0,0,0,5,1.441387417
150810.74,0.503520878,0.5,6404,37,0.15205,32.1875,34.75,37.03,0,0,0.07,0,0,20,0.5,0.104,5.5,50,25,0.1,0.1,0.1,0.1,0.1,0.1,0.5,0,17155,0.03509181,0.014573011,0,0,0,0,0,0,0,0,0,0,5,1.22761651
150870.79,0.536479619,0.5,6404,37,0.18145,32.0625,34.75,36.89,0,0,0.07,0,0,20,0.5,0.104,5.5,50,25,0.1,0.1,0.1,0.1,0.1,0.1,0.5,0,16322,0.035841196,0.014581546,0,0,0,0,0,0,0,0,0,0,5,1.35644587
150930.84,0.542298349,0.5,6404,37,0.13755,32.1875,34.75,37.19,0,0,0,0,0,20,0.5,0.104,5.5,50,25,0.1,0.1,0.1,0.1,0.1,0.1,0.5,0,17059,0.035641011,0.014479161,0,0,0,0,0,0,0,0,0,0,5,1.320986791
150990.9,0.558701918,0.5,6404,37,0.12835,32.0625,34.75,36.97,0,0.02,0.15,0,0,20,0.5,0.104,5.5,50,25,0.1,0.1,0.1,0.1,0.1,0.1,0.5,0,16316,0.036099534,0.014525619,0,0,0,0,0,0,0,0,0,0,0.44,1.320986791
151050.95,0.493681684,0.5,6404,37,0.48185,32.0625,34.75,36.09,0,0.019115413,0.25,0,0,20,0.5,0.104,5.5,50,25,0.1,0.1,0.1,0.1,0.1,0.1,0.5,0,15870,0.036042848,0.014555766,0,0,0,0,0,0,0,0,0,0,0.44,1.320986791
151110.99,0.447926464,0.5,6404,37,0.483121257,32,34.6875,36.17,0,0,0.07,0,0,20,0.5,0.104,5.5,50,25,0.1,0.1,0.1,0.1,0.1,0.1,0.5,0,16067,0.035165246,0.014564013,0,0,0,0,0,0,0,0,0,0,5,1.320986791
151171.03,0.44899557,0.5,6404,37,0.16895,32.1875,34.6875,37.03,0,0,0.07,0,0,20,0.5,0.104,5.5,50,25,0.1,0.1,0.1,0.1,0.1,0.1,0.5,0,14973,0.035931343,0.014826688,0,0,0,0,0,0,0,0,0,0,5,1.320986791
151231.1,0.462910273,0.5,6404,37,0.15935,32.1875,34.6875,37.05,0,0,0.07,0,0,20,0.5,0.104,5.5,50,25,0.1,0.1,0.1,0.1,0.1,0.1,0.5,0,15925,0.035039246,0.014756672,0,0,0,0,0,0,0,0,0,0,5,1.320986791
151291.14,0.472209448,0.5,6404,37,0.15805,32.3125,34.75,37.19,0,0,0.07,0,0,20,0.5,0.104,5.5,50,25,0.1,0.1,0.1,0.1,0.1,0.1,0.5,0,15760,0.035469543,0.014720812,0,0,0,0,0,0,0,0,0,0,5,1.320986791
151351.19,0.485797101,0.5,6404,37,0.12525,32.3125,34.75,37.19,0,0,0.25,0,0,20,0.5,0.104,5.5,50,25,0.1,0.1,0.1,0.1,0.1,0.1,0.5,0,16005,0.035301468,0.01443299,0,0,0,0,0,0,0,0,0,0,5,1.320986791
151411.27,0.500089028,0.5,6404,37,0.13065,32.25,34.75,37.21,0,0,0.07,0,0,20,0.5,0.104,5.5,50,25,0.1,0.1,0.1,0.1,0.1,0.1,0.5,0,15421,0.03624927,0.01484988,0,0,0,0,0,0,0,0,0,0,5,1.320986791
151471.33,0.502557315,0.5,6404,37,0.15435,32.25,34.75,37.09,0,0,0.07,0,0,20,0.5,0.104,5.5,50,25,0.1,0.1,0.1,0.1,0.1,0.1,0.5,0,17063,0.035222411,0.014592979,0,0,0,0,0,0,0,0,0,0,5,1.269708117
151531.4,0.510312559,0.5,6404,37,0.17165,32.1875,34.75,37.13,0,0,0.07,0,0,20,0.5,0.104,5.5,50,25,0.1,0.1,0.1,0.1,0.1,0.1,0.5,0,17600,0.034715909,0.014545455,0,0,0,0,0,0,0,0,0,0,5,1.252163831
151591.53,0.527388863,0.5,6404,37,0.12475,32.25,34.8125,37.17,0,0,0.07,0,0,20,0.5,0.104,5.5,50,25,0.1,0.1,0.1,0.1,0.1,0.1,0.5,0,17614,0.034631543,0.014533893,0,0,0,0,0,0,0,0,0,0,5,1.288299913
151651.59,0.530336184,0.5,6404,37,0.11905,32.1875,34.8125,36.97,0,0,0.25,0,0,20,0.5,0.104,5.5,50,25,0.1,0.1,0.1,0.1,0.1,0.1,0.5,0,17039,0.035330712,0.014730911,0,0,0,0,0,0,0,0,0,0,5,1.240603789
151711.64,0.540423615,0.5,6404,37,0.13195,32.1875,34.8125,37.11,0,0,0,0,0,20,0.5,0.104,5.5,50,25,0.1,0.1,0.1,0.1,0.1,0.1,0.5,0,16607,0.035707834,0.014572168,0,0,0,0,0,0,0,0,0,0,5,1.23510017
151771.71,0.553444094,0.5,6404,37,0.12125,32.1875,34.75,37.17,0,0.02,0.15,0,0,20,0.5,0.104,5.5,50,25,0.1,0.1,0.1,0.1,0.1,0.1,0.5,0,16580,0.036007238,0.01477684,0,0,0,0,0,0,0,0,0,0,0.44,1.23510017
151831.77,0.477232258,0.5,6404,37,0.45365,32.0625,34.75,36.13,0,0.016449543,0.135798172,0,0,20,0.5,0.104,5.5,50,25,0.1,0.1,0.1,0.1,0.1,0.1,0.5,0,15448,0.036639047,0.014759192,0,0,0,0,0,0,0,0,0,0,0.44,1.23510017
151891.83,0.456206753,0.5,6404,37,0.464713309,31.9375,34.6875,36.09,0,0,0.07,0,0,20,0.5,0.104,5.5,50,25,0.1,0.1,0.1,0.1,0.1,0.1,0.5,0,15852,0.035389856,0.014635377,0,0,0,0,0,0,0,0,0,0,5,1.23510017
151951.87,0.4455395,0.5,6404,37,0.20505,32.125,34.6875,36.95,0,0,0.25,0,0,20,0.5,0.104,5.5,50,25,0.1,0.1,0.1,0.1,0.1,0.1,0.5,0,15576,0.03556754,0.014637904,0,0,0,0,0,0,0,0,0,0,5,1.23510017
152011.91,0.465555121,0.5,6404,37,0.13695,32.25,34.5625,37.03,0,0,0.07,0,0,20,0.5,0.104,5.5,50,25,0.1,0.1,0.1,0.1,0.1,0.1,0.5,0,16160,0.035581683,0.014851485,0,0,0,0,0,0,0,0,0,0,5,1.23510017
152071.95,0.46756106,0.5,6404,37,0.19155,32.25,34.625,37.27,0,0,0.07,0,0,20,0.5,0.104,5.5,50,25,0.1,0.1,0.1,0.1,0.1,0.1,0.5,0,15521,0.036144578,0.014625346,0,0,0,0,0,0,0,0,0,0,5,1.23510017
152132.03,0.481346292,0.5,6404,37,0.17085,32.3125,34.625,37.37,0,0,0.07,0,0,20,0.5,0.104,5.5,50,25,0.1,0.1,0.1,0.1,0.1,0.1,0.5,0,16872,0.03490991,0.014284021,0,0,0,0,0,0,0,0,0,0,5,1.23510017
152192.06,0.510843933,0.5,6404,37,0.09125,32.3125,34.6875,37.33,0,0,0.07,0,0,20,0.5,0.104,5.5,50,25,0.1,0.1,0.1,0.1,0.1,0.1,0.5,0,16266,0.035103898,0.014693225,0,0,0,0,0,0,0,0,0,0,5,1.23510017
152252.09,0.501213688,0.5,6404,37,0.15435,32.3125,34.75,37.05,0,0,0.25,0,0,20,0.5,0.104,5.5,50,25,0.1,0.1,0.1,0.1,0.1,0.1,0.5,0,16662,0.035229864,0.01446405,0,0,0,0,0,0,0,0,0,0,5,1.116250371
152312.16,0.514950854,0.5,6404,37,0.14775,32.3125,34.75,37.17,0,0,0.07,0,0,20,0.5,0.104,5.5,50,25,0.1,0.1,0.1,0.1,0.1,0.1,0.5,0,15918,0.035996985,0.014951627,0,0,0,0,0,0,0,0,0,0,5,1.141554654
152372.2,0.524079853,0.5,6404,37,0.14385,32.25,34.8125,37.11,0,0,0.07,0,0,20,0.5,0.104,5.5,50,25,0.1,0.1,0.1,0.1,0.1,0.1,0.5,0,16811,0.035512462,0.014871215,0,0,0,0,0,0,0,0,0,0,5,1.137194712
152432.27,0.540598508,0.5,6404,37,0.14815,32.25,34.875,37.01,0,0,0.07,0,0,20,0.5,0.104,5.5,50,25,0.1,0.1,0.1,0.1,0.1,0.1,0.5,0,16092,0.036104897,0.014665672,0,0,0,0,0,0,0,0,0,0,5,1.173433408
152492.35,0.547480098,0.5,6404,37,0.12365,32.1875,34.8125,36.97,0,0.02,0.15,0,0,20,0.5,0.104,5.5,50,25,0.1,0.1,0.1,0.1,0.1,0.1,0.5,0,16528,0.035939013,0.014581317,0,0,0,0,0,0,0,0,0,0,0.44,1.173433408
152552.38,0.501681209,0.5,6404,37,0.476625,32,34.75,36.09,0,0.02,0.25,0,0,20,0.5,0.104,5.5,50,25,0.1,0.1,0.1,0.1,0.1,0.1,0.5,0,16933,0.0352566,0.014586901,0,0,0,0,0,0,0,0,0,0,0.44,1.173433408
152612.44,0.434633024,0.5,6404,37,0.50405,32,34.75,36.15,0,0,0.07,0,0,20,0.5,0.104,5.5,50,25,0.1,0.1,0.1,0.1,0.1,0.1,0.5,0,15116,0.035922202,0.014818735,0,0,0,0,0,0,0,0,0,0,0.44,1.173433408
152672.51,0.455217233,0.5,6404,37,0.21675,32.125,34.75,37.09,0,0,0.07,0,0,20,0.5,0.104,5.5,50,25,0.1,0.1,0.1,0.1,0.1,0.1,0.5,0,14898,0.036179353,0.01469996,0,0,0,0,0,0,0,0,0,0,5,1.173433408
152732.55,0.459952358,0.5,6404,37,0.13305,32.3125,34.75,37.41,0,0,0.07,0,0,20,0.5,0.104,5.5,50,25,0.1,0.1,0.1,0.1,0.1,0.1,0.5,0,15743,0.035761926,0.014800229,0,0,0,0,0,0,0,0,0,0,5,1.173433408
152792.59,0.473515492,0.5,6404,37,0.13045,32.375,34.6875,37.37,0,0,0.07,0,0,20,0.5,0.104,5.5,50,25,0.1,0.1,0.1,0.1,0.1,0.1,0.5,0,15923,0.03567167,0.014507316,0,0,0,0,0,0,0,0,0,0,5,1.173433408
152852.66,0.475763385,0.5,6404,37,0.11845,32.375,34.6875,37.37,0,0,0.25,0,0,20,0.5,0.104,5.5,50,25,0.1,0.1,0.1,0.1,0.1,0.1,0.5,0,16071,0.035405389,0.01474706,0,0,0,0,0,0,0,0,0,0,5,1.173433408
152912.7,0.485267002,0.5,6404,37,0.15395,32.3125,34.6875,37.11,0,0,0.07,0,0,20,0.5,0.104,5.5,50,25,0.1,0.1,0.1,0.1,0.1,0.1,0.5,0,17206,0.034871556,0.014297338,0,0,0,0,0,0,0,0,0,0,5,1.173433408
152972.77,0.502167335,0.5,6404,37,0.14585,32.3125,34.6875,37.03,0,0,0.07,0,0,20,0.5,0.104,5.5,50,25,0.1,0.1,0.1,0.1,0.1,0.1,0.5,0,17664,0.03442029,0.014209692,0,0,0,0,0,0,0,0,0,0,5,1.173433408
153032.84,0.496738958,0.5,6404,37,0.14755,32.1875,34.75,37.13,0,0,0.07,0,0,20,0.5,0.104,5.5,50,25,0.1,0.1,0.1,0.1,0.1,0.1,0.5,0,17119,0.034815118,0.014662071,0,0,0,0,0,0,0,0,0,0,5,1.082155495
153092.91,0.504637334,0.5,6404,37,0.13625,32.3125,34.8125,37.19,0,0,0.07,0,0,20,0.5,0.104,5.5,50,25,0.1,0.1,0.1,0.1,0.1,0.1,0.5,0,15958,0.03596942,0.014976814,0,0,0,0,0,0,0,0,0,0,5,1.075373823
153152.95,0.527014559,0.5,6404,37,0.13645,32.3125,34.8125,37.21,0,0,0.25,0,0,20,0.5,0.104,5.5,50,25,0.1,0.1,0.1,0.1,0.1,0.1,0.5,0,16317,0.036219893,0.014708586,0,0,0,0,0,0,0,0,0,0,5,1.151769596
153213.06,0.524439233,0.5,6404,37,0.12455,32.25,34.8125,36.97,0,0,0,0,0,20,0.5,0.104,5.5,50,25,0.1,0.1,0.1,0.1,0.1,0.1,0.5,0,17329,0.035201108,0.014368977,0,0,0,0,0,0,0,0,0,0,5,1.079485285
153273.11,0.541650092,0.5,6404,37,0.14125,32.25,34.875,37.05,0,0,0,0,0,20,0.5,0.104,5.5,50,25,0.1,0.1,0.1,0.1,0.1,0.1,0.5,0,16861,0.035585078,0.014767807,0,0,0,0,0,0,0,0,0,0,5,1.122382946
153333.19,0.550122905,0.5,6404,37,0.13855,32.1875,34.8125,37.13,0,0.02,0.15,0,0,20,0.5,0.104,5.5,50,25,0.1,0.1,0.1,0.1,0.1,0.1,0.5,0,16413,0.036008042,0.014866265,0,0,0,0,0,0,0,0,0,0,0.44,1.122382946
153393.24,0.516817012,0.5,6404,37,0.453125,32,34.75,36.13,0,0.02,0.15,0,0,20,0.5,0.104,5.5,50,25,0.1,0.1,0.1,0.1,0.1,0.1,0.5,0,16037,0.03579223,0.014840681,0,0,0,0,0,0,0,0,0,0,0.44,1.122382946
153453.29,0.456264528,0.5,6404,37,0.53345,31.9375,34.75,36.13,0,0.02,0.25,0,0,20,0.5,0.104,5.5,50,25,0.1,0.1,0.1,0.1,0.1,0.1,0.5,0,16095,0.035476856,0.014787201,0,0,0,0,0,0,0,0,0,0,0.44,1.122382946
153513.35,0.394800699,0.5,6404,37,0.53325,32,34.75,36.25,0,0,0.07,0,0,20,0.5,0.104,5.5,50,25,0.1,0.1,0.1,0.1,0.1,0.1,0.5,0,14736,0.035966341,0.014793702,0,0,0,0,0,0,0,0,0,0,5,1.122382946
153573.42,0.418536666,0.5,6404,37,0.24485,32.25,34.75,37.09,0,0,0.07,0,0,20,0.5,0.104,5.5,50,25,0.1,0.1,0.1,0.1,0.1,0.1,0.5,0,14487,0.036239387,0.014978947,0,0,0,0,0,0,0,0,0,0,5,1.122382946
153633.46,0.418340626,0.5,6404,37,0.11925,32.4375,34.6875,37.51,0,0,0.07,0,0,20,0.5,0.104,5.5,50,25,0.1,0.1,0.1,0.1,0.1,0.1,0.5,0,14763,0.035968299,0.014698909,0,0,0,0,0,0,0,0,0,0,5,1.122382946
153693.59,0.43445198,0.5,6404,37,0.12845,32.5,34.6875,37.49,0,0,0.07,0,0,20,0.5,0.104,5.5,50,25,0.1,0.1,0.1,0.1,0.1,0.1,0.5,0,14960,0.035828877,0.014572193,0,0,0,0,0,0,0,0,0,0,5,1.122382946
153753.62,0.44151791,0.5,6404,37,0.15765,32.5,34.6875,37.33,0,0,0.25,0,0,20,0.5,0.104,5.5,50,25,0.1,0.1,0.1,0.1,0.1,0.1,0.5,0,16224,0.034886588,0.014299803,0,0,0,0,0,0,0,0,0,0,5,1.122382946
153813.7,0.440428356,0.5,6404,37,0.09535,32.5,34.75,37.29,0,0,0.07,0,0,20,0.5,0.104,5.5,50,25,0.1,0.1,0.1,0.1,0.1,0.1,0.5,0,15062,0.036050989,0.014606294,0,0,0,0,0,0,0,0,0,0,5,1.122382946
153873.77,0.471333298,0.5,6404,37,0.10635,32.4375,34.75,37.29,0,0,0.07,0,0,20,0.5,0.104,5.5,50,25,0.1,0.1,0.1,0.1,0.1,0.1,0.5,0,15500,0.035612903,0.014709677,0,0,0,0,0,0,0,0,0,0,5,1.269716879
153933.83,0.4605315,0.5,6404,37,0.13855,32.375,34.8125,37.01,0,0,0.07,0,0,20,0.5,0.104,5.5,50,25,0.1,0.1,0.1,0.1,0.1,0.1,0.5,0,15412,0.035881132,0.014858552,0,0,0,0,0,0,0,0,0,0,5,1.136678356
153993.89,0.475599186,0.5,6404,37,0.16285,32.375,34.8125,37.13,0,0,0.07,0,0,20,0.5,0.104,5.5,50,25,0.1,0.1,0.1,0.1,0.1,0.1,0.5,0,15986,0.035718754,0.014450144,0,0,0,0,0,0,0,0,0,0,5,1.176427027
154053.96,0.49242413,0.5,6404,37,0.12215,32.3125,34.8125,37.17,0,0,0.25,0,0,20,0.5,0.104,5.5,50,25,0.1,0.1,0.1,0.1,0.1,0.1,0.5,0,15992,0.03558029,0.014569785,0,0,0,0,0,0,0,0,0,0,5,1.221900512
154114.01,0.486089256,0.5,6404,37,0.13615,32.3125,34.8125,37.29,0,0,0,0,0,20,0.5,0.104,5.5,50,25,0.1,0.1,0.1,0.1,0.1,0.1,0.5,0,15384,0.036271451,0.014690588,0,0,0,0,0,0,0,0,0,0,5,1.121961076
154174.05,0.506817178,0.5,6404,37,0.13195,32.3125,34.875,37.11,0,0,0,0,0,20,0.5,0.104,5.5,50,25,0.1,0.1,0.1,0.1,0.1,0.1,0.5,0,15938,0.036140043,0.014995608,0,0,0,0,0,0,0,0,0,0,5,1.191137265
154234.14,0.499567831,0.5,6404,37,0.08475,32.1875,34.75,36.93,0,0,0,0,0,20,0.5,0.104,5.5,50,25,0.1,0.1,0.1,0.1,0.1,0.1,0.5,0,16390,0.035692495,0.014826113,0,0,0,0,0,0,0,0,0,0,5,1.088359534
154294.17,0.529046603,0.5,6404,37,0.17005,32.1875,34.75,37.05,0,0,0,0,0,20,0.5,0.104,5.5,50,25,0.1,0.1,0.1,0.1,0.1,0.1,0.5,0,16564,0.035679787,0.014972229,0,0,0,0,0,0,0,0,0,0,5,1.20594097
154354.25,0.529596815,0.5,6404,37,0.14035,32.1875,34.75,37.03,0,0,0,0,0,20,0.5,0.104,5.5,50,25,0.1,0.1,0.1,0.1,0.1,0.1,0.5,0,16413,0.035764333,0.014866265,0,0,0,0,0,0,0,0,0,0,5,1.148762319
154414.33,0.534077328,0.5,6404,37,0.14295,32.1875,34.75,37.17,0,0,0,0,0,20,0.5,0.104,5.5,50,25,0.1,0.1,0.1,0.1,0.1,0.1,0.5,0,16949,0.035341318,0.014514131,0,0,0,0,0,0,0,0,0,0,5,1.116598149
154474.39,0.545624386,0.5,6404,37,0.13935,32.125,34.75,37.17,0,0,0,0,0,20,0.5,0.104,5.5,50,25,0.1,0.1,0.1,0.1,0.1,0.1,0.5,0,17621,0.03512854,0.014641621,0,0,0,0,0,0,0,0,0,0,5,1.124938731
154534.42,0.5564749,0.5,6404,37,0.11395,32.1875,34.625,37.05,0,0.02,0.15,0,0,20,0.5,0.104,5.5,50,25,0.1,0.1,0.1,0.1,0.1,0.1,0.5,0,17265,0.035505358,0.014596003,0,0,0,0,0,0,0,0,0,0,0.44,1.124938731
154594.46,0.533699432,0.5,6404,37,0.456,32,34.625,36.37,0,0.02,0.15,0,0,20,0.5,0.104,5.5,50,25,0.1,0.1,0.1,0.1,0.1,0.1,0.5,0,16865,0.03533946,0.01470501,0,0,0,0,0,0,0,0,0,0,0.44,1.124938731
154654.52,0.461420045,0.5,6404,37,0.4764,32,34.75,36.31,0,0.02,0.25,0,0,20,0.5,0.104,5.5,50,25,0.1,0.1,0.1,0.1,0.1,0.1,0.5,0,15756,0.035859355,0.014534146,0,0,0,0,0,0,0,0,0,0,0.44,1.124938731
154714.57,0.421674017,0.5,6404,37,0.49215,31.9375,34.75,36.17,0,0,0.07,0,0,20,0.5,0.104,5.5,50,25,0.1,0.1,0.1,0.1,0.1,0.1,0.5,0,14662,0.036011458,0.014595553,0,0,0,0,0,0,0,0,0,0,5,1.124938731
154774.64,0.421546256,0.5,6404,37,0.20865,32.1875,34.75,37.09,0,0,0.07,0,0,20,0.5,0.104,5.5,50,25,0.1,0.1,0.1,0.1,0.1,0.1,0.5,0,14616,0.036056377,0.015120416,0,0,0,0,0,0,0,0,0,0,5,1.124938731
154834.69,0.425812577,0.5,6404,37,0.12905,32.375,34.75,37.37,0,0,0.07,0,0,20,0.5,0.104,5.5,50,25,0.1,0.1,0.1,0.1,0.1,0.1,0.5,0,15430,0.035839274,0.014646792,0,0,0,0,0,0,0,0,0,0,5,1.124938731
154894.76,0.435073364,0.5,6404,37,0.12645,32.4375,34.8125,37.33,0,0,0.07,0,0,20,0.5,0.104,5.5,50,25,0.1,0.1,0.1,0.1,0.1,0.1,0.5,0,15507,0.035338879,0.014832011,0,0,0,0,0,0,0,0,0,0,5,1.124938731
154954.8,0.450287441,0.5,6404,37,0.12685,32.375,34.875,37.29,0,0,0.25,0,0,20,0.5,0.104,5.5,50,25,0.1,0.1,0.1,0.1,0.1,0.1,0.5,0,14934,0.036025177,0.014664524,0,0,0,0,0,0,0,0,0,0,5,1.124938731
155014.87,0.447476302,0.5,6404,37,0.12545,32.375,34.8125,37.25,0,0,0.07,0,0,20,0.5,0.104,5.5,50,25,0.1,0.1,0.1,0.1,0.1,0.1,0.5,0,15526,0.035875306,0.014878269,0,0,0,0,0,0,0,0,0,0,5,1.124938731
155074.93,0.476741982,0.5,6404,37,0.15265,32.25,34.8125,37.11,0,0,0.07,0,0,20,0.5,0.104,5.5,50,25,0.1,0.1,0.1,0.1,0.1,0.1,0.5,0,15185,0.036088245,0.014948963,0,0,0,0,0,0,0,0,0,0,5,1.25874733
155135,0.48391393,0.5,6404,37,0.14285,32.25,34.6875,37.13,0,0,0.07,0,0,20,0.5,0.104,5.5,50,25,0.1,0.1,0.1,0.1,0.1,0.1,0.5,0,16884,0.03458896,0.014570007,0,0,0,0,0,0,0,0,0,0,5,1.240604867
155195.03,0.497021327,0.5,6404,37,0.08355,32.3125,34.6875,37.33,0,0,0.07,0,0,20,0.5,0.104,5.5,50,25,0.1,0.1,0.1,0.1,0.1,0.1,0.5,0,15604,0.036336837,0.014867983,0,0,0,0,0,0,0,0,0,0,5,1.258752257
155255.1,0.494164265,0.5,6404,37,0.16055,32.25,34.625,37.01,0,0,0.25,0,0,20,0.5,0.104,5.5,50,25,0.1,0.1,0.1,0.1,0.1,0.1,0.5,0,15600,0.036474359,0.014935897,0,0,0,0,0,0,0,0,0,0,5,1.17851978
155315.16,0.505989421,0.5,6404,37,0.13725,32.1875,34.625,37.09,0,0,0,0,0,20,0.5,0.104,5.5,50,25,0.1,0.1,0.1,0.1,0.1,0.1,0.5,0,16180,0.036093943,0.014956737,0,0,0,0,0,0,0,0,0,0,5,1.190537126
155375.23,0.538564398,0.5,6404,37,0.16455,32.0625,34.625,36.97,0,0,0,0,0,20,0.5,0.104,5.5,50,25,0.1,0.1,0.1,0.1,0.1,0.1,0.5,0,15808,0.036500506,0.015055668,0,0,0,0,0,0,0,0,0,0,5,1.318184215
155435.27,0.539918008,0.5,6404,37,0.10535,32.0625,34.5625,37.19,0,0,0,0,0,20,0.5,0.104,5.5,50,25,0.1,0.1,0.1,0.1,0.1,0.1,0.5,0,16302,0.036191878,0.015028831,0,0,0,0,0,0,0,0,0,0,5,1.259805648
155495.35,0.537546615,0.5,6404,37,0.14885,32.125,34.625,37.01,0,0,0,0,0,20,0.5,0.104,5.5,50,25,0.1,0.1,0.1,0.1,0.1,0.1,0.5,0,16748,0.035765465,0.014927155,0,0,0,0,0,0,0,0,0,0,5,1.18360994
155555.39,0.539528656,0.5,6404,37,0.11525,32.125,34.625,37.13,0,0,0,0,0,20,0.5,0.104,5.5,50,25,0.1,0.1,0.1,0.1,0.1,0.1,0.5,0,16509,0.036404385,0.015082682,0,0,0,0,0,0,0,0,0,0,5,1.135470695
155615.45,0.550736297,0.5,6404,37,0.15695,32.125,34.625,36.95,0,0,0,0,0,20,0.5,0.104,5.5,50,25,0.1,0.1,0.1,0.1,0.1,0.1,0.5,0,17198,0.035585533,0.014711013,0,0,0,0,0,0,0,0,0,0,5,1.140377775
155675.49,0.56316504,0.5,6404,37,0.13865,32.0625,34.6875,37.01,0,0.02,0.15,0,0,20,0.5,0.104,5.5,50,25,0.1,0.1,0.1,0.1,0.1,0.1,0.5,0,18139,0.035117702,0.014719665,0,0,0,0,0,0,0,0,0,0,0.44,1.140377775
155735.56,0.512619252,0.5,6404,37,0.46845,32,34.75,36.07,0,0.02,0.15,0,0,20,0.5,0.104,5.5,50,25,0.1,0.1,0.1,0.1,0.1,0.1,0.5,0,17068,0.035563628,0.014764472,0,0,0,0,0,0,0,0,0,0,0.44,1.140377775
155795.6,0.465639399,0.5,6404,37,0.518755278,31.875,34.75,35.99,0,0.019162993,0.146651972,0,0,20,0.5,0.104,5.5,50,25,0.1,0.1,0.1,0.1,0.1,0.1,0.5,0,15708,0.035905271,0.01496053,0,0,0,0,0,0,0,0,0,0,0.44,1.140377775
155855.68,0.42733895,0.5,6404,37,0.47505,32,34.75,36.07,0,0,0.25,0,0,20,0.5,0.104,5.5,50,25,0.1,0.1,0.1,0.1,0.1,0.1,0.5,0,14265,0.036663162,0.014861549,0,0,0,0,0,0,0,0,0,0,5,1.140377775
155915.73,0.427940493,0.5,6404,37,0.21745,32.1875,34.75,37.11,0,0,0.07,0,0,20,0.5,0.104,5.5,50,25,0.1,0.1,0.1,0.1,0.1,0.1,0.5,0,15362,0.035607343,0.014386148,0,0,0,0,0,0,0,0,0,0,5,1.140377775
155975.81,0.441939271,0.5,6404,37,0.12135,32.3125,34.8125,37.45,0,0,0.07,0,0,20,0.5,0.104,5.5,50,25,0.1,0.1,0.1,0.1,0.1,0.1,0.5,0,14827,0.036015377,0.014837796,0,0,0,0,0,0,0,0,0,0,5,1.140377775
156035.87,0.436121325,0.5,6404,37,0.14965,32.4375,34.8125,37.29,0,0,0.07,0,0,20,0.5,0.104,5.5,50,25,0.1,0.1,0.1,0.1,0.1,0.1,0.5,0,14821,0.036299845,0.014911275,0,0,0,0,0,0,0,0,0,0,5,1.140377775
156095.92,0.455130414,0.5,6404,37,0.09755,32.4375,34.75,37.43,0,0,0.07,0,0,20,0.5,0.104,5.5,50,25,0.1,0.1,0.1,0.1,0.1,0.1,0.5,0,15427,0.035651779,0.014455176,0,0,0,0,0,0,0,0,0,0,5,1.140377775
156155.99,0.466833539,0.5,6404,37,0.13355,32.4375,34.6875,37.25,0,0,0.25,0,0,20,0.5,0.104,5.5,50,25,0.1,0.1,0.1,0.1,0.1,0.1,0.5,0,15296,0.03602249,0.014513598,0,0,0,0,0,0,0,0,0,0,5,1.140377775
156216.05,0.470225314,0.5,6404,37,0.12045,32.3125,34.625,37.27,0,0,0.07,0,0,20,0.5,0.104,5.5,50,25,0.1,0.1,0.1,0.1,0.1,0.1,0.5,0,16169,0.035500031,0.014410291,0,0,0,0,0,0,0,0,0,0,5,1.105076562
156276.11,0.484206024,0.5,6404,37,0.15035,32.25,34.5625,37.13,0,0,0.07,0,0,20,0.5,0.104,5.5,50,25,0.1,0.1,0.1,0.1,0.1,0.1,0.5,0,15641,0.035931206,0.014641008,0,0,0,0,0,0,0,0,0,0,5,1.137718279
156336.18,0.497080274,0.5,6404,37,0.13225,32.3125,34.5625,37.17,0,0,0.07,0,0,20,0.5,0.104,5.5,50,25,0.1,0.1,0.1,0.1,0.1,0.1,0.5,0,16247,0.035698898,0.014525759,0,0,0,0,0,0,0,0,0,0,5,1.159555495
156396.25,0.515045087,0.5,6404,37,0.10565,32.1875,34.5625,37.25,0,0,0.07,0,0,20,0.5,0.104,5.5,50,25,0.1,0.1,0.1,0.1,0.1,0.1,0.5,0,16572,0.035541878,0.014482259,0,0,0,0,0,0,0,0,0,0,5,1.208086469
156456.32,0.509232242,0.5,6404,37,0.14025,32.125,34.625,37.09,0,0,0,0,0,20,0.5,0.104,5.5,50,25,0.1,0.1,0.1,0.1,0.1,0.1,0.5,0,15869,0.036234167,0.014871763,0,0,0,0,0,0,0,0,0,0,5,1.11363136
156516.4,0.533022133,0.5,6404,37,0.13605,32.1875,34.625,37.09,0,0,0,0,0,20,0.5,0.104,5.5,50,25,0.1,0.1,0.1,0.1,0.1,0.1,0.5,0,16688,0.035774209,0.014561361,0,0,0,0,0,0,0,0,0,0,5,1.19492609
156576.44,0.529323209,0.5,6404,37,0.10385,32.1875,34.6875,37.19,0,0,0,0,0,20,0.5,0.104,5.5,50,25,0.1,0.1,0.1,0.1,0.1,0.1,0.5,0,16629,0.035961272,0.014853569,0,0,0,0,0,0,0,0,0,0,5,1.114288613
156636.48,0.544997541,0.5,6404,37,0.17765,32.125,34.6875,36.89,0,0,0,0,0,20,0.5,0.104,5.5,50,25,0.1,0.1,0.1,0.1,0.1,0.1,0.5,0,16647,0.03604253,0.014537154,0,0,0,0,0,0,0,0,0,0,5,1.146120353
156696.55,0.557942477,0.5,6404,37,0.249525,32.1875,34.8125,37.05,0,0.02,0.15,0,0,20,0.5,0.104,5.5,50,25,0.1,0.1,0.1,0.1,0.1,0.1,0.5,0,17672,0.035196922,0.014486193,0,0,0,0,0,0,0,0,0,0,0.44,1.146120353
156756.59,0.486664998,0.5,6404,37,0.424166361,32.0625,34.75,36.29,0,0.01813412,0.25,0,0,20,0.5,0.104,5.5,50,25,0.1,0.1,0.1,0.1,0.1,0.1,0.5,0,16428,0.035609934,0.014730947,0,0,0,0,0,0,0,0,0,0,0.44,1.146120353
156816.64,0.446547638,0.5,6404,37,0.43555,31.9375,34.8125,36.09,0,0,0.07,0,0,20,0.5,0.104,5.5,50,25,0.1,0.1,0.1,0.1,0.1,0.1,0.5,0,15136,0.036469345,0.014997357,0,0,0,0,0,0,0,0,0,0,5,1.146120353
156876.72,0.452558789,0.5,6404,37,0.23335,32.125,34.75,36.93,0,0,0.07,0,0,20,0.5,0.104,5.5,50,25,0.1,0.1,0.1,0.1,0.1,0.1,0.5,0,15035,0.036514799,0.015098104,0,0,0,0,0,0,0,0,0,0,5,1.146120353
156936.76,0.468020075,0.5,6404,37,0.11015,32.3125,34.6875,37.37,0,0,0.07,0,0,20,0.5,0.104,5.5,50,25,0.1,0.1,0.1,0.1,0.1,0.1,0.5,0,15488,0.036157025,0.014656508,0,0,0,0,0,0,0,0,0,0,5,1.146120353
156996.83,0.477383315,0.5,6404,37,0.08875,32.3125,34.6875,37.41,0,0,0.07,0,0,20,0.5,0.104,5.5,50,25,0.1,0.1,0.1,0.1,0.1,0.1,0.5,0,15841,0.036171959,0.014834922,0,0,0,0,0,0,0,0,0,0,5,1.146120353
157056.9,0.489374953,0.5,6404,37,0.13685,32.3125,34.625,37.19,0,0,0.25,0,0,20,0.5,0.104,5.5,50,25,0.1,0.1,0.1,0.1,0.1,0.1,0.5,0,15686,0.035891878,0.014917761,0,0,0,0,0,0,0,0,0,0,5,1.146120353
157116.96,0.495827329,0.5,6404,37,0.15495,32.25,34.5625,37.09,0,0,0.07,0,0,20,0.5,0.104,5.5,50,25,0.1,0.1,0.1,0.1,0.1,0.1,0.5,0,16781,0.035099219,0.014719027,0,0,0,0,0,0,0,0,0,0,5,1.146120353
157177,0.509635422,0.5,6404,37,0.16255,32.25,34.625,37.05,0,0,0.07,0,0,20,0.5,0.104,5.5,50,25,0.1,0.1,0.1,0.1,0.1,0.1,0.5,0,15919,0.036434449,0.014762234,0,0,0,0,0,0,0,0,0,0,5,1.171217948
157237.07,0.519151056,0.5,6404,37,0.13805,32.25,34.625,37.13,0,0,0.07,0,0,20,0.5,0.104,5.5,50,25,0.1,0.1,0.1,0.1,0.1,0.1,0.5,0,16812,0.035807756,0.014751368,0,0,0,0,0,0,0,0,0,0,5,1.168154896
157297.11,0.530799096,0.5,6404,37,0.13115,32.1875,34.625,37.13,0,0,0.07,0,0,20,0.5,0.104,5.5,50,25,0.1,0.1,0.1,0.1,0.1,0.1,0.5,0,16970,0.035769004,0.014555097,0,0,0,0,0,0,0,0,0,0,5,1.176313272
157357.17,0.539717638,0.5,6404,37,0.09425,32.125,34.6875,37.25,0,0,0.25,0,0,20,0.5,0.104,5.5,50,25,0.1,0.1,0.1,0.1,0.1,0.1,0.5,0,16480,0.036286408,0.014866505,0,0,0,0,0,0,0,0,0,0,5,1.167485142
157417.24,0.549859453,0.5,6404,37,0.11095,32.1875,34.6875,37.17,0,0,0,0,0,20,0.5,0.104,5.5,50,25,0.1,0.1,0.1,0.1,0.1,0.1,0.5,0,17459,0.035855433,0.01454837,0,0,0,0,0,0,0,0,0,0,5,1.164960673
157477.3,0.574198321,0.5,6404,37,0.27105,32.0625,34.75,36.97,0,0.02,0.15,0,0,20,0.5,0.104,5.5,50,25,0.1,0.1,0.1,0.1,0.1,0.1,0.5,0,16874,0.036505867,0.015052744,0,0,0,0,0,0,0,0,0,0,0.44,1.164960673
157537.35,0.50133794,0.5,6404,37,0.43935,32,34.75,36.25,0,0.02,0.15,0,0,20,0.5,0.104,5.5,50,25,0.1,0.1,0.1,0.1,0.1,0.1,0.5,0,15958,0.0365334,0.014976814,0,0,0,0,0,0,0,0,0,0,0.44,1.164960673
157597.39,0.441446493,0.5,6404,37,0.49268455,31.9375,34.75,35.89,0,0.00081914,0.073276561,0,0,20,0.5,0.104,5.5,50,25,0.1,0.1,0.1,0.1,0.1,0.1,0.5,0,15231,0.036504497,0.015100781,0,0,0,0,0,0,0,0,0,0,0.44,1.164960673
157657.43,0.432629644,0.5,6404,37,0.25085,32.0625,34.75,36.89,0,0,0.25,0,0,20,0.5,0.104,5.5,50,25,0.1,0.1,0.1,0.1,0.1,0.1,0.5,0,15297,0.036281624,0.014708766,0,0,0,0,0,0,0,0,0,0,5,1.164960673
157717.5,0.458143582,0.5,6404,37,0.18635,32.1875,34.8125,37.13,0,0,0.07,0,0,20,0.5,0.104,5.5,50,25,0.1,0.1,0.1,0.1,0.1,0.1,0.5,0,15461,0.036349525,0.014746782,0,0,0,0,0,0,0,0,0,0,5,1.164960673
157777.54,0.46300386,0.5,6404,37,0.14315,32.3125,34.75,37.25,0,0,0.07,0,0,20,0.5,0.104,5.5,50,25,0.1,0.1,0.1,0.1,0.1,0.1,0.5,0,15801,0.036136953,0.014999051,0,0,0,0,0,0,0,0,0,0,5,1.164960673
157837.61,0.468885034,0.5,6404,37,0.10645,32.3125,34.6875,37.35,0,0,0.07,0,0,20,0.5,0.104,5.5,50,25,0.1,0.1,0.1,0.1,0.1,0.1,0.5,0,16048,0.035892323,0.014768195,0,0,0,0,0,0,0,0,0,0,5,1.164960673
157897.68,0.497880651,0.5,6404,37,0.11715,32.25,34.625,37.27,0,0,0.07,0,0,20,0.5,0.104,5.5,50,25,0.1,0.1,0.1,0.1,0.1,0.1,0.5,0,15293,0.036552671,0.015170339,0,0,0,0,0,0,0,0,0,0,5,1.164960673
157957.77,0.492742978,0.5,6404,37,0.15645,32.1875,34.625,37.09,0,0,0.25,0,0,20,0.5,0.104,5.5,50,25,0.1,0.1,0.1,0.1,0.1,0.1,0.5,0,15147,0.037235096,0.015316564,0,0,0,0,0,0,0,0,0,0,5,1.164960673
158017.86,0.505626901,0.5,6404,37,0.17195,32.3125,34.625,37.01,0,0,0.07,0,0,20,0.5,0.104,5.5,50,25,0.1,0.1,0.1,0.1,0.1,0.1,0.5,0,16828,0.035951985,0.014559068,0,0,0,0,0,0,0,0,0,0,5,1.184146694
158077.9,0.517033472,0.5,6404,37,0.13355,32.25,34.625,37.13,0,0,0.07,0,0,20,0.5,0.104,5.5,50,25,0.1,0.1,0.1,0.1,0.1,0.1,0.5,0,17097,0.035795754,0.014739428,0,0,0,0,0,0,0,0,0,0,5,1.191865063
158137.95,0.528542575,0.5,6404,37,0.15645,32.125,34.5625,37.03,0,0,0.07,0,0,20,0.5,0.104,5.5,50,25,0.1,0.1,0.1,0.1,0.1,0.1,0.5,0,16929,0.035855632,0.014826629,0,0,0,0,0,0,0,0,0,0,5,1.198319046
158197.99,0.545076219,0.5,6404,37,0.15845,32.125,34.625,37.01,0,0,0.07,0,0,20,0.5,0.104,5.5,50,25,0.1,0.1,0.1,0.1,0.1,0.1,0.5,0,17365,0.035876764,0.014915059,0,0,0,0,0,0,0,0,0,0,5,1.230809919
158258.04,0.556791191,0.5,6404,37,0.2848,32.125,34.625,36.97,0,0.02,0.25,0,0,20,0.5,0.104,5.5,50,25,0.1,0.1,0.1,0.1,0.1,0.1,0.5,0,16522,0.036557318,0.014707663,0,0,0,0,0,0,0,0,0,0,0.44,1.230809919
158318.08,0.479158974,0.5,6404,37,0.461552258,32,34.6875,36.15,0,0.017039934,0.138159735,0,0,20,0.5,0.104,5.5,50,25,0.1,0.1,0.1,0.1,0.1,0.1,0.5,0,16203,0.036166142,0.014688638,0,0,0,0,0,0,0,0,0,0,0.44,1.230809919
158378.15,0.455914664,0.5,6404,37,0.43365,31.9375,34.6875,36.13,0,0,0.07,0,0,20,0.5,0.104,5.5,50,25,0.1,0.1,0.1,0.1,0.1,0.1,0.5,0,15080,0.036803714,0.015185676,0,0,0,0,0,0,0,0,0,0,5,1.230809919
158438.21,0.445803562,0.5,6404,37,0.20275,32.0625,34.6875,37.05,0,0,0.07,0,0,20,0.5,0.104,5.5,50,25,0.1,0.1,0.1,0.1,0.1,0.1,0.5,0,14861,0.037009623,0.014938429,0,0,0,0,0,0,0,0,0,0,5,1.230809919
158498.25,0.471680229,0.5,6404,37,0.13285,32.25,34.75,37.29,0,0,0.07,0,0,20,0.5,0.104,5.5,50,25,0.1,0.1,0.1,0.1,0.1,0.1,0.5,0,14715,0.037172953,0.014950731,0,0,0,0,0,0,0,0,0,0,5,1.230809919
158558.32,0.484002003,0.5,6404,37,0.06115,32.375,34.75,37.53,0,0,0.25,0,0,20,0.5,0.104,5.5,50,25,0.1,0.1,0.1,0.1,0.1,0.1,0.5,0,17040,0.035387324,0.014553991,0,0,0,0,0,0,0,0,0,0,5,1.230809919
158618.39,0.492377206,0.5,6404,37,0.15275,32.3125,34.75,37.13,0,0,0.07,0,0,20,0.5,0.104,5.5,50,25,0.1,0.1,0.1,0.1,0.1,0.1,0.5,0,16110,0.036126629,0.014959652,0,0,0,0,0,0,0,0,0,0,5,1.230809919
158678.46,0.507009265,0.5,6404,37,0.13705,32.25,34.75,37.17,0,0,0.07,0,0,20,0.5,0.104,5.5,50,25,0.1,0.1,0.1,0.1,0.1,0.1,0.5,0,14787,0.037465341,0.015148441,0,0,0,0,0,0,0,0,0,0,5,1.230809919
158738.53,0.512149096,0.5,6404,37,0.11015,32.3125,34.6875,37.25,0,0,0.07,0,0,20,0.5,0.104,5.5,50,25,0.1,0.1,0.1,0.1,0.1,0.1,0.5,0,15538,0.036941691,0.015124212,0,0,0,0,0,0,0,0,0,0,5,1.199528949
158798.64,0.535216587,0.5,6404,37,0.11085,32.25,34.6875,37.21,0,0,0.07,0,0,20,0.5,0.104,5.5,50,25,0.1,0.1,0.1,0.1,0.1,0.1,0.5,0,16552,0.036128565,0.014681005,0,0,0,0,0,0,0,0,0,0,5,1.271719645
158858.68,0.529438102,0.5,6404,37,0.18935,32.1875,34.625,36.89,0,0,0.25,0,0,20,0.5,0.104,5.5,50,25,0.1,0.1,0.1,0.1,0.1,0.1,0.5,0,16737,0.036386449,0.01481747,0,0,0,0,0,0,0,0,0,0,5,1.175567941
158918.72,0.539023726,0.5,6404,37,0.15225,32.125,34.625,37.03,0,0,0.07,0,0,20,0.5,0.104,5.5,50,25,0.1,0.1,0.1,0.1,0.1,0.1,0.5,0,17566,0.03552317,0.014459752,0,0,0,0,0,0,0,0,0,0,5,1.170619531
158978.79,0.544440926,0.5,6404,37,0.1041,32.125,34.5625,37.17,0,0,0,0,0,20,0.5,0.104,5.5,50,25,0.1,0.1,0.1,0.1,0.1,0.1,0.5,0,16455,0.036706168,0.014706776,0,0,0,0,0,0,0,0,0,0,5,1.142088118
159038.85,0.566063414,0.5,6404,37,0.2822,32.125,34.625,36.95,0,0.02,0.15,0,0,20,0.5,0.104,5.5,50,25,0.1,0.1,0.1,0.1,0.1,0.1,0.5,0,17217,0.035952837,0.014810943,0,0,0,0,0,0,0,0,0,0,0.44,1.142088118
159098.92,0.510185777,0.5,6404,37,0.4164,31.9375,34.625,36.39,0,0.02,0.15,0,0,20,0.5,0.104,5.5,50,25,0.1,0.1,0.1,0.1,0.1,0.1,0.5,0,17479,0.035642771,0.014703358,0,0,0,0,0,0,0,0,0,0,0.44,1.142088118
159158.96,0.454803834,0.5,6404,37,0.459610382,31.875,34.625,36.21,0,0.015384323,0.25,0,0,20,0.5,0.104,5.5,50,25,0.1,0.1,0.1,0.1,0.1,0.1,0.5,0,15766,0.036344031,0.015032348,0,0,0,0,0,0,0,0,0,0,0.44,1.142088118
159219.01,0.422759565,0.5,6404,37,0.42445,32,34.625,36.21,0,0,0.07,0,0,20,0.5,0.104,5.5,50,25,0.1,0.1,0.1,0.1,0.1,0.1,0.5,0,15100,0.036688742,0.014701987,0,0,0,0,0,0,0,0,0,0,5,1.142088118
159279.05,0.437316835,0.5,6404,37,0.22095,32.125,34.6875,37.03,0,0,0.07,0,0,20,0.5,0.104,5.5,50,25,0.1,0.1,0.1,0.1,0.1,0.1,0.5,0,14650,0.036450512,0.014948805,0,0,0,0,0,0,0,0,0,0,5,1.142088118
159339.11,0.460253571,0.5,6404,37,0.16605,32.3125,34.6875,37.21,0,0,0.07,0,0,20,0.5,0.104,5.5,50,25,0.1,0.1,0.1,0.1,0.1,0.1,0.5,0,15709,0.035902986,0.014832262,0,0,0,0,0,0,0,0,0,0,5,1.142088118
159399.15,0.44835708,0.5,6404,37,0.09785,32.375,34.75,37.43,0,0,0.07,0,0,20,0.5,0.104,5.5,50,25,0.1,0.1,0.1,0.1,0.1,0.1,0.5,0,15921,0.035990202,0.014509139,0,0,0,0,0,0,0,0,0,0,5,1.142088118
159459.22,0.461754375,0.5,6404,37,0.14975,32.4375,34.75,37.19,0,0,0.25,0,0,20,0.5,0.104,5.5,50,25,0.1,0.1,0.1,0.1,0.1,0.1,0.5,0,16097,0.036031559,0.01453687,0,0,0,0,0,0,0,0,0,0,5,1.142088118
159519.28,0.471523926,0.5,6404,37,0.14425,32.375,34.75,37.17,0,0,0.07,0,0,20,0.5,0.104,5.5,50,25,0.1,0.1,0.1,0.1,0.1,0.1,0.5,0,15843,0.036293631,0.014833049,0,0,0,0,0,0,0,0,0,0,5,1.142088118
159579.36,0.491032114,0.5,6404,37,0.13115,32.3125,34.6875,37.19,0,0,0.07,0,0,20,0.5,0.104,5.5,50,25,0.1,0.1,0.1,0.1,0.1,0.1,0.5,0,15774,0.03645239,0.014707747,0,0,0,0,0,0,0,0,0,0,5,1.20660277
159639.39,0.501211579,0.5,6404,37,0.10155,32.1875,34.6875,37.27,0,0,0.07,0,0,20,0.5,0.104,5.5,50,25,0.1,0.1,0.1,0.1,0.1,0.1,0.5,0,15765,0.0364732,0.014716143,0,0,0,0,0,0,0,0,0,0,5,1.207829015
159699.45,0.498058111,0.5,6404,37,0.18505,32.1875,34.625,36.93,0,0,0.07,0,0,20,0.5,0.104,5.5,50,25,0.1,0.1,0.1,0.1,0.1,0.1,0.5,0,16776,0.035944206,0.014604196,0,0,0,0,0,0,0,0,0,0,5,1.128502868
159759.52,0.524662062,0.5,6404,37,0.14055,32.125,34.625,37.09,0,0,0.25,0,0,20,0.5,0.104,5.5,50,25,0.1,0.1,0.1,0.1,0.1,0.1,0.5,0,15472,0.037099276,0.014736298,0,0,0,0,0,0,0,0,0,0,5,1.228190537
159819.57,0.521818001,0.5,6404,37,0.1074,32.125,34.625,37.19,0,0,0,0,0,20,0.5,0.104,5.5,50,25,0.1,0.1,0.1,0.1,0.1,0.1,0.5,0,18142,0.035056774,0.014606989,0,0,0,0,0,0,0,0,0,0,5,1.150474526
159879.63,0.539606954,0.5,6404,37,0.1291,32.0625,34.625,37.17,0,0,0,0,0,20,0.5,0.104,5.5,50,25,0.1,0.1,0.1,0.1,0.1,0.1,0.5,0,16701,0.036225376,0.014969164,0,0,0,0,0,0,0,0,0,0,5,1.193517229
159939.68,0.548903953,0.5,6404,37,0.142,32.0625,34.625,37.03,0,0,0,0,0,20,0.5,0.104,5.5,50,25,0.1,0.1,0.1,0.1,0.1,0.1,0.5,0,17020,0.035898942,0.014864865,0,0,0,0,0,0,0,0,0,0,5,1.185088764
159999.72,0.557486976,0.5,6404,37,0.253125,32.0625,34.5625,37.09,0,0.02,0.15,0,0,20,0.5,0.104,5.5,50,25,0.1,0.1,0.1,0.1,0.1,0.1,0.5,0,17173,0.035812031,0.014615967,0,0,0,0,0,0,0,0,0,0,0.44,1.185088764
160059.77,0.486606643,0.5,6404,37,0.489665609,31.9375,34.625,36.01,0,0.01808393,0.25,0,0,20,0.5,0.104,5.5,50,25,0.1,0.1,0.1,0.1,0.1,0.1,0.5,0,15640,0.036700767,0.015089514,0,0,0,0,0,0,0,0,0,0,0.44,1.185088764
160119.9,0.450605577,0.5,6404,37,0.41965,31.875,34.625,36.15,0,0,0.07,0,0,20,0.5,0.104,5.5,50,25,0.1,0.1,0.1,0.1,0.1,0.1,0.5,0,15190,0.036471363,0.014944042,0,0,0,0,0,0,0,0,0,0,5,1.185088764
160179.97,0.462167264,0.5,6404,37,0.19705,32.0625,34.6875,37.05,0,0,0.07,0,0,20,0.5,0.104,5.5,50,25,0.1,0.1,0.1,0.1,0.1,0.1,0.5,0,16776,0.035348116,0.014663805,0,0,0,0,0,0,0,0,0,0,5,1.185088764
160240.04,0.467361242,0.5,6404,37,0.15305,32.25,34.6875,37.19,0,0,0.07,0,0,20,0.5,0.104,5.5,50,25,0.1,0.1,0.1,0.1,0.1,0.1,0.5,0,15017,0.036891523,0.015116202,0,0,0,0,0,0,0,0,0,0,5,1.185088764
160300.1,0.492574553,0.5,6404,37,0.17115,32.3125,34.75,37.09,0,0,0.07,0,0,20,0.5,0.104,5.5,50,25,0.1,0.1,0.1,0.1,0.1,0.1,0.5,0,16376,0.035845139,0.014472399,0,0,0,0,0,0,0,0,0,0,5,1.185088764
160360.18,0.484070316,0.5,6404,37,0.17425,32.25,34.6875,37.05,0,0,0.25,0,0,20,0.5,0.104,5.5,50,25,0.1,0.1,0.1,0.1,0.1,0.1,0.5,0,15979,0.036422805,0.015019713,0,0,0,0,0,0,0,0,0,0,5,1.185088764
160420.23,0.495053395,0.5,6404,37,0.14945,32.1875,34.75,37.13,0,0,0.07,0,0,20,0.5,0.104,5.5,50,25,0.1,0.1,0.1,0.1,0.1,0.1,0.5,0,17023,0.035598896,0.014392293,0,0,0,0,0,0,0,0,0,0,5,1.185088764
160480.3,0.504128108,0.5,6404,37,0.08835,32.375,34.75,37.33,0,0,0.07,0,0,20,0.5,0.104,5.5,50,25,0.1,0.1,0.1,0.1,0.1,0.1,0.5,0,16177,0.036162453,0.014526797,0,0,0,0,0,0,0,0,0,0,5,1.180328704
160540.37,0.525879722,0.5,6404,37,0.12055,32.3125,34.6875,37.17,0,0,0.07,0,0,20,0.5,0.104,5.5,50,25,0.1,0.1,0.1,0.1,0.1,0.1,0.5,0,16990,0.035785756,0.014773396,0,0,0,0,0,0,0,0,0,0,5,1.248038574
160600.42,0.535569018,0.5,6404,37,0.12605,32.1875,34.6875,37.13,0,0,0.07,0,0,20,0.5,0.104,5.5,50,25,0.1,0.1,0.1,0.1,0.1,0.1,0.5,0,16720,0.036184211,0.014832536,0,0,0,0,0,0,0,0,0,0,5,1.240408382
160660.47,0.531567451,0.5,6404,37,0.14245,32.125,34.625,37.05,0,0,0.25,0,0,20,0.5,0.104,5.5,50,25,0.1,0.1,0.1,0.1,0.1,0.1,0.5,0,17180,0.036030268,0.014842841,0,0,0,0,0,0,0,0,0,0,5,1.155888953
160720.53,0.529436072,0.5,6404,37,0.1417,32.0625,34.625,36.85,0,0,0,0,0,20,0.5,0.104,5.5,50,25,0.1,0.1,0.1,0.1,0.1,0.1,0.5,0,17504,0.035763254,0.014568099,0,0,0,0,0,0,0,0,0,0,5,1.086041494
160780.61,0.576792978,0.5,6404,37,0.1867,32,34.5625,37.05,0,0,0,0,0,20,0.5,0.104,5.5,50,25,0.1,0.1,0.1,0.1,0.1,0.1,0.5,0,17370,0.036154289,0.014680484,0,0,0,0,0,0,0,0,0,0,5,1.288752376
160840.66,0.574196402,0.5,6404,37,0.278325,32,34.5625,36.97,0,0.02,0.15,0,0,20,0.5,0.104,5.5,50,25,0.1,0.1,0.1,0.1,0.1,0.1,0.5,0,17234,0.036149472,0.014680283,0,0,0,0,0,0,0,0,0,0,0.44,1.288752376
160900.76,0.50747725,0.5,6404,37,0.564525,31.8125,34.5625,35.71,0,0.02,0.15,0,0,20,0.5,0.104,5.5,50,25,0.1,0.1,0.1,0.1,0.1,0.1,0.5,0,16699,0.035870411,0.014851189,0,0,0,0,0,0,0,0,0,0,0.44,1.288752376
160960.81,0.449313764,0.5,6404,37,0.455862583,31.8125,34.4375,36.07,0,0.001987769,0.25,0,0,20,0.5,0.104,5.5,50,25,0.1,0.1,0.1,0.1,0.1,0.1,0.5,0,15313,0.036700842,0.014628094,0,0,0,0,0,0,0,0,0,0,0.44,1.288752376
161020.85,0.443632716,0.5,6404,37,0.27265,31.875,34.5,36.81,0,0,0.07,0,0,20,0.5,0.104,5.5,50,25,0.1,0.1,0.1,0.1,0.1,0.1,0.5,0,15644,0.035988238,0.014510355,0,0,0,0,0,0,0,0,0,0,5,1.288752376
161080.9,0.450774767,0.5,6404,37,0.13455,32,34.4375,37.33,0,0,0.07,0,0,20,0.5,0.104,5.5,50,25,0.1,0.1,0.1,0.1,0.1,0.1,0.5,0,15329,0.035944941,0.014678061,0,0,0,0,0,0,0,0,0,0,5,1.288752376
161140.95,0.466587904,0.5,6404,37,0.11225,32.1875,34.5,37.37,0,0,0.07,0,0,20,0.5,0.104,5.5,50,25,0.1,0.1,0.1,0.1,0.1,0.1,0.5,0,15521,0.036015721,0.014754204,0,0,0,0,0,0,0,0,0,0,5,1.288752376
161201.02,0.478385942,0.5,6404,37,0.10415,32.1875,34.4375,37.37,0,0,0.07,0,0,20,0.5,0.104,5.5,50,25,0.1,0.1,0.1,0.1,0.1,0.1,0.5,0,15596,0.036419595,0.014939728,0,0,0,0,0,0,0,0,0,0,5,1.288752376
161261.1,0.493175282,0.5,6404,37,0.13605,32.125,34.5,37.21,0,0,0.25,0,0,20,0.5,0.104,5.5,50,25,0.1,0.1,0.1,0.1,0.1,0.1,0.5,0,17237,0.035098915,0.01432964,0,0,0,0,0,0,0,0,0,0,5,1.288752376
161321.16,0.498547194,0.5,6404,37,0.13825,32.125,34.5625,37.17,0,0,0.07,0,0,20,0.5,0.104,5.5,50,25,0.1,0.1,0.1,0.1,0.1,0.1,0.5,0,15917,0.036313376,0.014701263,0,0,0,0,0,0,0,0,0,0,5,1.288752376
161381.24,0.508270789,0.5,6404,37,0.15315,32.0625,34.5,37.09,0,0,0.07,0,0,20,0.5,0.104,5.5,50,25,0.1,0.1,0.1,0.1,0.1,0.1,0.5,0,16412,0.036132098,0.01486717,0,0,0,0,0,0,0,0,0,0,5,1.28226305
161441.28,0.52487551,0.5,6404,37,0.14245,32.125,34.5625,37.11,0,0,0.07,0,0,20,0.5,0.104,5.5,50,25,0.1,0.1,0.1,0.1,0.1,0.1,0.5,0,16029,0.036683511,0.014972862,0,0,0,0,0,0,0,0,0,0,5,1.314590166
161501.32,0.544392935,0.5,6404,37,0.10055,32.0625,34.625,37.25,0,0,0.07,0,0,20,0.5,0.104,5.5,50,25,0.1,0.1,0.1,0.1,0.1,0.1,0.5,0,17061,0.036164351,0.014946369,0,0,0,0,0,0,0,0,0,0,5,1.358391206
161561.36,0.552296717,0.5,6404,37,0.404175,32.0625,34.6875,36.41,0,0.02,0.25,0,0,20,0.5,0.104,5.5,50,25,0.1,0.1,0.1,0.1,0.1,0.1,0.5,0,16075,0.036951788,0.015116641,0,0,0,0,0,0,0,0,0,0,0.44,1.358391206
161621.4,0.477632746,0.5,6404,37,0.510300677,32,34.6875,35.97,0,0.016390075,0.135560298,0,0,20,0.5,0.104,5.5,50,25,0.1,0.1,0.1,0.1,0.1,0.1,0.5,0,16265,0.036089763,0.014940055,0,0,0,0,0,0,0,0,0,0,0.44,1.358391206
161681.44,0.436999607,0.5,6404,37,0.31135,31.9375,34.6875,36.63,0,0,0.07,0,0,20,0.5,0.104,5.5,50,25,0.1,0.1,0.1,0.1,0.1,0.1,0.5,0,15702,0.035918991,0.014775188,0,0,0,0,0,0,0,0,0,0,5,1.358391206
161741.49,0.453301429,0.5,6404,37,0.23315,32.125,34.6875,36.95,0,0,0.07,0,0,20,0.5,0.104,5.5,50,25,0.1,0.1,0.1,0.1,0.1,0.1,0.5,0,15884,0.035696298,0.014794762,0,0,0,0,0,0,0,0,0,0,5,1.358391206
161801.55,0.452792652,0.5,6404,37,0.15035,32.25,34.6875,37.25,0,0,0.07,0,0,20,0.5,0.104,5.5,50,25,0.1,0.1,0.1,0.1,0.1,0.1,0.5,0,15720,0.036005089,0.014821883,0,0,0,0,0,0,0,0,0,0,5,1.358391206
161861.59,0.469187413,0.5,6404,37,0.10015,32.375,34.6875,37.41,0,0,0.25,0,0,20,0.5,0.104,5.5,50,25,0.1,0.1,0.1,0.1,0.1,0.1,0.5,0,15034,0.036982839,0.014833045,0,0,0,0,0,0,0,0,0,0,5,1.358391206
161921.65,0.487451914,0.5,6404,37,0.10465,32.375,34.6875,37.35,0,0,0.07,0,0,20,0.5,0.104,5.5,50,25,0.1,0.1,0.1,0.1,0.1,0.1,0.5,0,16018,0.036271694,0.014608565,0,0,0,0,0,0,0,0,0,0,5,1.358391206
161981.69,0.504203,0.5,6404,37,0.09945,32.3125,34.625,37.33,0,0,0.07,0,0,20,0.5,0.104,5.5,50,25,0.1,0.1,0.1,0.1,0.1,0.1,0.5,0,17480,0.035011442,0.014588101,0,0,0,0,0,0,0,0,0,0,5,1.358391206
162041.75,0.490399862,0.5,6404,37,0.13405,32.25,34.625,37.17,0,0,0.07,0,0,20,0.5,0.104,5.5,50,25,0.1,0.1,0.1,0.1,0.1,0.1,0.5,0,15911,0.036327069,0.014895355,0,0,0,0,0,0,0,0,0,0,5,1.207198065
162101.82,0.513756627,0.5,6404,37,0.08355,32.1875,34.5625,37.33,0,0,0.07,0,0,20,0.5,0.104,5.5,50,25,0.1,0.1,0.1,0.1,0.1,0.1,0.5,0,16217,0.036258248,0.014922612,0,0,0,0,0,0,0,0,0,0,5,1.286423846
162161.88,0.52943819,0.5,6404,37,0.15435,32.0625,34.5625,37.03,0,0,0.25,0,0,20,0.5,0.104,5.5,50,25,0.1,0.1,0.1,0.1,0.1,0.1,0.5,0,16371,0.036466923,0.01466007,0,0,0,0,0,0,0,0,0,0,5,1.312302932
162221.96,0.545114026,0.5,6404,37,0.14785,32.125,34.5625,37.05,0,0,0.07,0,0,20,0.5,0.104,5.5,50,25,0.1,0.1,0.1,0.1,0.1,0.1,0.5,0,17483,0.03552022,0.014414002,0,0,0,0,0,0,0,0,0,0,5,1.334223497
162282.02,0.559824862,0.5,6404,37,0.373325,32.0625,34.5625,36.57,0,0.02,0.15,0,0,20,0.5,0.104,5.5,50,25,0.1,0.1,0.1,0.1,0.1,0.1,0.5,0,17074,0.036078248,0.014525009,0,0,0,0,0,0,0,0,0,0,0.44,1.334223497
162342.05,0.500075274,0.5,6404,37,0.569125,31.9375,34.5625,35.75,0,0.02,0.15,0,0,20,0.5,0.104,5.5,50,25,0.1,0.1,0.1,0.1,0.1,0.1,0.5,0,16407,0.036204059,0.014871701,0,0,0,0,0,0,0,0,0,0,0.44,1.334223497
162402.12,0.434758381,0.5,6404,37,0.33845,31.875,34.5,36.53,0,0,0.07,0,0,20,0.5,0.104,5.5,50,25,0.1,0.1,0.1,0.1,0.1,0.1,0.5,0,14642,0.036880208,0.01482038,0,0,0,0,0,0,0,0,0,0,0.44,1.334223497
162462.18,0.454845441,0.5,6404,37,0.23875,32,34.5625,36.93,0,0,0.25,0,0,20,0.5,0.104,5.5,50,25,0.1,0.1,0.1,0.1,0.1,0.1,0.5,0,16105,0.035641105,0.014715927,0,0,0,0,0,0,0,0,0,0,5,1.334223497
162522.22,0.463011079,0.5,6404,37,0.11645,32.125,34.625,37.37,0,0,0.07,0,0,20,0.5,0.104,5.5,50,25,0.1,0.1,0.1,0.1,0.1,0.1,0.5,0,16354,0.035220741,0.014614162,0,0,0,0,0,0,0,0,0,0,5,1.334223497
162582.29,0.473722676,0.5,6404,37,0.11505,32.25,34.625,37.33,0,0,0.07,0,0,20,0.5,0.104,5.5,50,25,0.1,0.1,0.1,0.1,0.1,0.1,0.5,0,15447,0.036447207,0.01495436,0,0,0,0,0,0,0,0,0,0,5,1.334223497
162642.33,0.477008155,0.5,6404,37,0.14695,32.25,34.625,37.17,0,0,0.07,0,0,20,0.5,0.104,5.5,50,25,0.1,0.1,0.1,0.1,0.1,0.1,0.5,0,15573,0.036344956,0.014833365,0,0,0,0,0,0,0,0,0,0,5,1.334223497
162702.38,0.48444636,0.5,6404,37,0.11385,32.25,34.6875,37.27,0,0,0.07,0,0,20,0.5,0.104,5.5,50,25,0.1,0.1,0.1,0.1,0.1,0.1,0.5,0,15973,0.036060853,0.01452451,0,0,0,0,0,0,0,0,0,0,5,1.334223497
162762.41,0.50664179,0.5,6404,37,0.15435,32.3125,34.75,37.09,0,0,0.25,0,0,20,0.5,0.104,5.5,50,25,0.1,0.1,0.1,0.1,0.1,0.1,0.5,0,15995,0.036198812,0.014567052,0,0,0,0,0,0,0,0,0,0,5,1.334223497
162822.46,0.5223461,0.5,6404,37,0.10625,32.25,34.6875,37.25,0,0,0.07,0,0,20,0.5,0.104,5.5,50,25,0.1,0.1,0.1,0.1,0.1,0.1,0.5,0,16246,0.036255078,0.014895974,0,0,0,0,0,0,0,0,0,0,5,1.359090836
162882.53,0.508732715,0.5,6404,37,0.1131,32.1875,34.6875,37.03,0,0,0.07,0,0,20,0.5,0.104,5.5,50,25,0.1,0.1,0.1,0.1,0.1,0.1,0.5,0,17068,0.035797985,0.014471526,0,0,0,0,0,0,0,0,0,0,5,1.211913386
162942.57,0.521878665,0.5,6404,37,0.1148,32.1875,34.6875,36.89,0,0,0.07,0,0,20,0.5,0.104,5.5,50,25,0.1,0.1,0.1,0.1,0.1,0.1,0.5,0,17229,0.035753671,0.014452377,0,0,0,0,0,0,0,0,0,0,5,1.227854794
163002.61,0.536289326,0.5,6404,37,0.1259,32.125,34.625,37.17,0,0,0,0,0,20,0.5,0.104,5.5,50,25,0.1,0.1,0.1,0.1,0.1,0.1,0.5,0,16868,0.036281717,0.014820963,0,0,0,0,0,0,0,0,0,0,5,1.248178108
163062.68,0.556362285,0.5,6404,37,0.0905,32,34.5625,37.05,0,0,0,0,0,20,0.5,0.104,5.5,50,25,0.1,0.1,0.1,0.1,0.1,0.1,0.5,0,17380,0.035788262,0.014729574,0,0,0,0,0,0,0,0,0,0,5,1.296006815
163122.74,0.562652439,0.5,6404,37,0.367625,32.0625,34.5625,36.57,0,0.02,0.15,0,0,20,0.5,0.104,5.5,50,25,0.1,0.1,0.1,0.1,0.1,0.1,0.5,0,17300,0.036069364,0.014624277,0,0,0,0,0,0,0,0,0,0,0.44,1.296006815
163182.83,0.498791638,0.5,6404,37,0.606125,31.9375,34.5625,35.55,0,0.02,0.15,0,0,20,0.5,0.104,5.5,50,25,0.1,0.1,0.1,0.1,0.1,0.1,0.5,0,15492,0.036857733,0.015040021,0,0,0,0,0,0,0,0,0,0,0.44,1.296006815
163242.9,0.463658685,0.5,6404,37,0.458270035,31.875,34.5625,36.33,0,0.016140319,0.134561277,0,0,20,0.5,0.104,5.5,50,25,0.1,0.1,0.1,0.1,0.1,0.1,0.5,0,14586,0.03715892,0.015151515,0,0,0,0,0,0,0,0,0,0,0.44,1.296006815
163302.96,0.417792698,0.5,6404,37,0.468320035,31.9375,34.5625,36.45,0,0,0.07,0,0,20,0.5,0.104,5.5,50,25,0.1,0.1,0.1,0.1,0.1,0.1,0.5,0,14857,0.036279195,0.014807835,0,0,0,0,0,0,0,0,0,0,5,1.296006815
163363.03,0.411662452,0.5,6404,37,0.24225,32.125,34.625,36.97,0,0,0.25,0,0,20,0.5,0.104,5.5,50,25,0.1,0.1,0.1,0.1,0.1,0.1,0.5,0,15078,0.036344343,0.014856082,0,0,0,0,0,0,0,0,0,0,5,1.296006815
163423.1,0.449565534,0.5,6404,37,0.142,32.3125,34.625,37.35,0,0,0.07,0,0,20,0.5,0.104,5.5,50,25,0.1,0.1,0.1,0.1,0.1,0.1,0.5,0,15722,0.035809693,0.014501972,0,0,0,0,0,0,0,0,0,0,5,1.296006815
163483.15,0.449454287,0.5,6404,37,0.0814,32.3125,34.625,37.45,0,0,0.07,0,0,20,0.5,0.104,5.5,50,25,0.1,0.1,0.1,0.1,0.1,0.1,0.5,0,15255,0.03625041,0.01468371,0,0,0,0,0,0,0,0,0,0,5,1.296006815
163543.19,0.448170673,0.5,6404,37,0.1712,32.3125,34.625,37.11,0,0,0.07,0,0,20,0.5,0.104,5.5,50,25,0.1,0.1,0.1,0.1,0.1,0.1,0.5,0,14680,0.036716621,0.014986376,0,0,0,0,0,0,0,0,0,0,5,1.296006815
163603.26,0.449073372,0.5,6404,37,0.1069,32.3125,34.625,37.25,0,0,0.07,0,0,20,0.5,0.104,5.5,50,25,0.1,0.1,0.1,0.1,0.1,0.1,0.5,0,15401,0.036556068,0.014869164,0,0,0,0,0,0,0,0,0,0,5,1.296006815
163663.33,0.489322669,0.5,6404,37,0.10945,32.25,34.6875,37.29,0,0,0.25,0,0,20,0.5,0.104,5.5,50,25,0.1,0.1,0.1,0.1,0.1,0.1,0.5,0,15806,0.036631659,0.014931039,0,0,0,0,0,0,0,0,0,0,5,1.488713993
163723.39,0.477190125,0.5,6404,37,0.1263,32.25,34.6875,37.21,0,0,0.07,0,0,20,0.5,0.104,5.5,50,25,0.1,0.1,0.1,0.1,0.1,0.1,0.5,0,16010,0.036289819,0.014865709,0,0,0,0,0,0,0,0,0,0,5,1.338956906
163783.47,0.491145196,0.5,6404,37,0.1044,32.25,34.75,37.09,0,0,0.07,0,0,20,0.5,0.104,5.5,50,25,0.1,0.1,0.1,0.1,0.1,0.1,0.5,0,16324,0.035898064,0.014702279,0,0,0,0,0,0,0,0,0,0,5,1.358483466
163843.54,0.507723499,0.5,6404,37,0.1037,32.1875,34.8125,37.19,0,0,0.07,0,0,20,0.5,0.104,5.5,50,25,0.1,0.1,0.1,0.1,0.1,0.1,0.5,0,15504,0.037022704,0.01502838,0,0,0,0,0,0,0,0,0,0,5,1.390150915
163903.58,0.50258965,0.5,6404,37,0.0853,32.1875,34.75,36.93,0,0,0,0,0,20,0.5,0.104,5.5,50,25,0.1,0.1,0.1,0.1,0.1,0.1,0.5,0,16788,0.036037646,0.014772457,0,0,0,0,0,0,0,0,0,0,5,1.290154449
163963.64,0.513811867,0.5,6404,37,0.1744,32.0625,34.6875,37.19,0,0,0,0,0,20,0.5,0.104,5.5,50,25,0.1,0.1,0.1,0.1,0.1,0.1,0.5,0,17568,0.035234517,0.014458106,0,0,0,0,0,0,0,0,0,0,5,1.29189617
164023.71,0.526084491,0.5,6404,37,0.1223,32.0625,34.6875,37.05,0,0,0,0,0,20,0.5,0.104,5.5,50,25,0.1,0.1,0.1,0.1,0.1,0.1,0.5,0,16316,0.036467271,0.014893356,0,0,0,0,0,0,0,0,0,0,5,1.298115308
164083.78,0.549114289,0.5,6404,37,0.1281,32.125,34.6875,36.89,0,0,0,0,0,20,0.5,0.104,5.5,50,25,0.1,0.1,0.1,0.1,0.1,0.1,0.5,0,16280,0.036793612,0.01492629,0,0,0,0,0,0,0,0,0,0,5,1.361743842
164143.85,0.549173635,0.5,6404,37,0.436075,32.0625,34.6875,36.21,0,0.02,0.15,0,0,20,0.5,0.104,5.5,50,25,0.1,0.1,0.1,0.1,0.1,0.1,0.5,0,17175,0.036157205,0.014847162,0,0,0,0,0,0,0,0,0,0,0.44,1.361743842
164203.92,0.47855897,0.5,6404,37,0.542566009,31.9375,34.5625,35.81,0,0.016197518,0.134790072,0,0,20,0.5,0.104,5.5,50,25,0.1,0.1,0.1,0.1,0.1,0.1,0.5,0,16531,0.03593249,0.014760148,0,0,0,0,0,0,0,0,0,0,0.44,1.361743842
164264.04,0.450160737,0.5,6404,37,0.40925,31.9375,34.5625,36.23,0,0,0.25,0,0,20,0.5,0.104,5.5,50,25,0.1,0.1,0.1,0.1,0.1,0.1,0.5,0,15668,0.036124585,0.014871075,0,0,0,0,0,0,0,0,0,0,5,1.361743842
164324.09,0.446368875,0.5,6404,37,0.1293,32.125,34.5625,37.25,0,0,0.07,0,0,20,0.5,0.104,5.5,50,25,0.1,0.1,0.1,0.1,0.1,0.1,0.5,0,15471,0.036067481,0.014801887,0,0,0,0,0,0,0,0,0,0,5,1.361743842
164384.17,0.461773226,0.5,6404,37,0.0991,32.1875,34.625,37.35,0,0,0.07,0,0,20,0.5,0.104,5.5,50,25,0.1,0.1,0.1,0.1,0.1,0.1,0.5,0,16663,0.035467803,0.014583208,0,0,0,0,0,0,0,0,0,0,5,1.361743842
164444.22,0.476711272,0.5,6404,37,0.171,32.25,34.5625,36.97,0,0,0.07,0,0,20,0.5,0.104,5.5,50,25,0.1,0.1,0.1,0.1,0.1,0.1,0.5,0,16442,0.035579613,0.014657584,0,0,0,0,0,0,0,0,0,0,5,1.361743842
164504.26,0.488081506,0.5,6404,37,0.1117,32.25,34.5625,37.09,0,0,0.07,0,0,20,0.5,0.104,5.5,50,25,0.1,0.1,0.1,0.1,0.1,0.1,0.5,0,15595,0.036550176,0.014684194,0,0,0,0,0,0,0,0,0,0,5,1.361743842
164564.31,0.497269645,0.5,6404,37,0.18675,32.125,34.5625,36.97,0,0,0.25,0,0,20,0.5,0.104,5.5,50,25,0.1,0.1,0.1,0.1,0.1,0.1,0.5,0,15691,0.036836403,0.014976738,0,0,0,0,0,0,0,0,0,0,5,1.361743842
164624.35,0.505424763,0.5,6404,37,0.1236,32.1875,34.5625,37.11,0,0,0.07,0,0,20,0.5,0.104,5.5,50,25,0.1,0.1,0.1,0.1,0.1,0.1,0.5,0,15496,0.03710635,0.015100671,0,0,0,0,0,0,0,0,0,0,5,1.342456951
164684.41,0.530950029,0.5,6404,37,0.122,32.125,34.625,37.27,0,0,0.07,0,0,20,0.5,0.104,5.5,50,25,0.1,0.1,0.1,0.1,0.1,0.1,0.5,0,16067,0.03672123,0.01487521,0,0,0,0,0,0,0,0,0,0,5,1.42314026
164744.49,0.533734147,0.5,6404,37,0.0948,32.1875,34.6875,37.25,0,0,0.07,0,0,20,0.5,0.104,5.5,50,25,0.1,0.1,0.1,0.1,0.1,0.1,0.5,0,16434,0.036327127,0.014908117,0,0,0,0,0,0,0,0,0,0,5,1.367673108
164804.55,0.532269685,0.5,6404,37,0.1371,32.1875,34.75,37.09,0,0,0.07,0,0,20,0.5,0.104,5.5,50,25,0.1,0.1,0.1,0.1,0.1,0.1,0.5,0,16093,0.03678618,0.0147269,0,0,0,0,0,0,0,0,0,0,5,1.291046723
164864.6,0.535094266,0.5,6404,37,0.1517,32.125,34.6875,36.95,0,0,0,0,0,20,0.5,0.104,5.5,50,25,0.1,0.1,0.1,0.1,0.1,0.1,0.5,0,17485,0.03563054,0.014755505,0,0,0,0,0,0,0,0,0,0,5,1.242372317
164924.68,0.55093031,0.5,6404,37,0.1025,32.0625,34.625,37.01,0,0,0,0,0,20,0.5,0.104,5.5,50,25,0.1,0.1,0.1,0.1,0.1,0.1,0.5,0,16671,0.036590486,0.014696179,0,0,0,0,0,0,0,0,0,0,5,1.267749876
164984.74,0.561201442,0.5,6404,37,0.466925,32.125,34.5625,36.09,0,0.02,0.15,0,0,20,0.5,0.104,5.5,50,25,0.1,0.1,0.1,0.1,0.1,0.1,0.5,0,16798,0.036671032,0.015061317,0,0,0,0,0,0,0,0,0,0,0.44,1.267749876
165044.81,0.515638471,0.5,6404,37,0.4653,31.9375,34.625,36.21,0,0.02,0.15,0,0,20,0.5,0.104,5.5,50,25,0.1,0.1,0.1,0.1,0.1,0.1,0.5,0,16054,0.036688676,0.014887256,0,0,0,0,0,0,0,0,0,0,0.44,1.267749876
165104.84,0.456821157,0.5,6404,37,0.606025,31.75,34.5625,35.69,0,0.02,0.15,0,0,20,0.5,0.104,5.5,50,25,0.1,0.1,0.1,0.1,0.1,0.1,0.5,0,16462,0.035779371,0.014822014,0,0,0,0,0,0,0,0,0,0,0.44,1.267749876
165164.9,0.402821366,0.5,6404,37,0.44635,31.9375,34.5,36.21,0,0,0.25,0,0,20,0.5,0.104,5.5,50,25,0.1,0.1,0.1,0.1,0.1,0.1,0.5,0,14806,0.036539241,0.014926381,0,0,0,0,0,0,0,0,0,0,5,1.267749876
165224.97,0.411082697,0.5,6404,37,0.225,32.0625,34.5625,37.17,0,0,0.07,0,0,20,0.5,0.104,5.5,50,25,0.1,0.1,0.1,0.1,0.1,0.1,0.5,0,14275,0.036917688,0.015201401,0,0,0,0,0,0,0,0,0,0,5,1.267749876
165285.04,0.426270603,0.5,6404,37,0.0541,32.1875,34.5625,37.29,0,0,0.07,0,0,20,0.5,0.104,5.5,50,25,0.1,0.1,0.1,0.1,0.1,0.1,0.5,0,14777,0.036204913,0.014617311,0,0,0,0,0,0,0,0,0,0,5,1.267749876
165345.09,0.429384349,0.5,6404,37,0.0891,32.25,34.5625,37.13,0,0,0.07,0,0,20,0.5,0.104,5.5,50,25,0.1,0.1,0.1,0.1,0.1,0.1,0.5,0,14309,0.036829967,0.014955622,0,0,0,0,0,0,0,0,0,0,5,1.267749876
165405.17,0.435997742,0.5,6404,37,0.1198,32.1875,34.5625,37.11,0,0,0.07,0,0,20,0.5,0.104,5.5,50,25,0.1,0.1,0.1,0.1,0.1,0.1,0.5,0,16016,0.035589411,0.014735265,0,0,0,0,0,0,0,0,0,0,5,1.267749876
165465.24,0.451921672,0.5,6404,37,0.20355,32.25,34.625,36.97,0,0,0.25,0,0,20,0.5,0.104,5.5,50,25,0.1,0.1,0.1,0.1,0.1,0.1,0.5,0,14648,0.037138176,0.015223921,0,0,0,0,0,0,0,0,0,0,5,1.267749876
165525.27,0.453540751,0.5,6404,37,0.151,32.3125,34.625,37.27,0,0,0.07,0,0,20,0.5,0.104,5.5,50,25,0.1,0.1,0.1,0.1,0.1,0.1,0.5,0,16387,0.034966742,0.014645756,0,0,0,0,0,0,0,0,0,0,5,1.215091135
165585.32,0.475785417,0.5,6404,37,0.0926,32.25,34.625,37.27,0,0,0.07,0,0,20,0.5,0.104,5.5,50,25,0.1,0.1,0.1,0.1,0.1,0.1,0.5,0,15974,0.03587079,0.014711406,0,0,0,0,0,0,0,0,0,0,5,1.297982048
165645.39,0.477676638,0.5,6404,37,0.1092,32.3125,34.6875,37.13,0,0,0.07,0,0,20,0.5,0.104,5.5,50,25,0.1,0.1,0.1,0.1,0.1,0.1,0.5,0,16319,0.036092898,0.014768062,0,0,0,0,0,0,0,0,0,0,5,1.244984142
165705.43,0.499918755,0.5,6404,37,0.102,32.1875,34.6875,37.09,0,0,0.07,0,0,20,0.5,0.104,5.5,50,25,0.1,0.1,0.1,0.1,0.1,0.1,0.5,0,16545,0.035902085,0.014808099,0,0,0,0,0,0,0,0,0,0,5,1.319269683
165765.49,0.4928679,0.5,6404,37,0.0951,32.125,34.6875,37.25,0,0,0,0,0,20,0.5,0.104,5.5,50,25,0.1,0.1,0.1,0.1,0.1,0.1,0.5,0,15693,0.037086599,0.015165998,0,0,0,0,0,0,0,0,0,0,5,1.210692971
165825.56,0.517462832,0.5,6404,37,0.1017,32.0625,34.625,37.01,0,0,0,0,0,20,0.5,0.104,5.5,50,25,0.1,0.1,0.1,0.1,0.1,0.1,0.5,0,16932,0.035908339,0.014705882,0,0,0,0,0,0,0,0,0,0,5,1.296247862
165885.63,0.526854015,0.5,6404,37,0.1608,32,34.625,36.93,0,0,0,0,0,20,0.5,0.104,5.5,50,25,0.1,0.1,0.1,0.1,0.1,0.1,0.5,0,16700,0.036287425,0.014730539,0,0,0,0,0,0,0,0,0,0,5,1.285392868
165945.66,0.526593756,0.5,6404,37,0.1399,32.0625,34.625,36.85,0,0,0,0,0,20,0.5,0.104,5.5,50,25,0.1,0.1,0.1,0.1,0.1,0.1,0.5,0,16750,0.036238806,0.014925373,0,0,0,0,0,0,0,0,0,0,5,1.219640898
166005.71,0.543413437,0.5,6404,37,0.1196,32.0625,34.5,37.17,0,0,0,0,0,20,0.5,0.104,5.5,50,25,0.1,0.1,0.1,0.1,0.1,0.1,0.5,0,18337,0.03490211,0.01450619,0,0,0,0,0,0,0,0,0,0,5,1.252981952
166065.77,0.535010185,0.5,6404,37,0.1033,32,34.5625,37.13,0,0,0,0,0,20,0.5,0.104,5.5,50,25,0.1,0.1,0.1,0.1,0.1,0.1,0.5,0,16188,0.037126266,0.015134668,0,0,0,0,0,0,0,0,0,0,5,1.143578939
166125.84,0.564628667,0.5,6404,37,0.1003,31.9375,34.5625,37.13,0,0,0,0,0,20,0.5,0.104,5.5,50,25,0.1,0.1,0.1,0.1,0.1,0.1,0.5,0,17030,0.036347622,0.014914856,0,0,0,0,0,0,0,0,0,0,5,1.248047504
166185.88,0.560754597,0.5,6404,37,0.499725,32,34.5625,35.89,0,0.02,0.15,0,0,20,0.5,0.104,5.5,50,25,0.1,0.1,0.1,0.1,0.1,0.1,0.5,0,19090,0.035044526,0.014562598,0,0,0,0,0,0,0,0,0,0,0.44,1.248047504
166245.93,0.513970417,0.5,6404,37,0.557325,31.875,34.5625,35.77,0,0.02,0.15,0,0,20,0.5,0.104,5.5,50,25,0.1,0.1,0.1,0.1,0.1,0.1,0.5,0,17519,0.03550431,0.014669787,0,0,0,0,0,0,0,0,0,0,0.44,1.248047504
166305.99,0.461397794,0.5,6404,37,0.698725,31.8125,34.5625,35.27,0,0.02,0.15,0,0,20,0.5,0.104,5.5,50,25,0.1,0.1,0.1,0.1,0.1,0.1,0.5,0,15948,0.03592927,0.014484575,0,0,0,0,0,0,0,0,0,0,0.44,1.248047504
166366.03,0.405213979,0.5,6404,37,0.42975,31.8125,34.625,36.31,0,0,0.25,0,0,20,0.5,0.104,5.5,50,25,0.1,0.1,0.1,0.1,0.1,0.1,0.5,0,14611,0.036616248,0.014920266,0,0,0,0,0,0,0,0,0,0,5,1.248047504
166426.13,0.417484652,0.5,6404,37,0.2122,32.125,34.625,37.27,0,0,0.07,0,0,20,0.5,0.104,5.5,50,25,0.1,0.1,0.1,0.1,0.1,0.1,0.5,0,14719,0.036551396,0.01467491,0,0,0,0,0,0,0,0,0,0,5,1.248047504
166486.16,0.405472944,0.5,6404,37,0.101,32.25,34.625,37.43,0,0,0.07,0,0,20,0.5,0.104,5.5,50,25,0.1,0.1,0.1,0.1,0.1,0.1,0.5,0,14721,0.03661436,0.014944637,0,0,0,0,0,0,0,0,0,0,5,1.248047504
166546.24,0.421647873,0.5,6404,37,0.1113,32.375,34.6875,37.29,0,0,0.07,0,0,20,0.5,0.104,5.5,50,25,0.1,0.1,0.1,0.1,0.1,0.1,0.5,0,14172,0.036974316,0.014888513,0,0,0,0,0,0,0,0,0,0,5,1.248047504
166606.29,0.443511752,0.5,6404,37,0.0884,32.375,34.6875,37.37,0,0,0.07,0,0,20,0.5,0.104,5.5,50,25,0.1,0.1,0.1,0.1,0.1,0.1,0.5,0,14859,0.036745407,0.014738542,0,0,0,0,0,0,0,0,0,0,5,1.248047504
166666.35,0.435924021,0.5,6404,37,0.14855,32.3125,34.6875,37.19,0,0,0.25,0,0,20,0.5,0.104,5.5,50,25,0.1,0.1,0.1,0.1,0.1,0.1,0.5,0,15482,0.036235628,0.014597597,0,0,0,0,0,0,0,0,0,0,5,1.248047504
166726.41,0.4590219,0.5,6404,37,0.1086,32.25,34.6875,37.11,0,0,0.07,0,0,20,0.5,0.104,5.5,50,25,0.1,0.1,0.1,0.1,0.1,0.1,0.5,0,15422,0.03650629,0.01491376,0,0,0,0,0,0,0,0,0,0,5,1.340535002
166786.51,0.466286758,0.5,6404,37,0.1152,32.3125,34.6875,36.97,0,0,0.07,0,0,20,0.5,0.104,5.5,50,25,0.1,0.1,0.1,0.1,0.1,0.1,0.5,0,16331,0.035576511,0.014695977,0,0,0,0,0,0,0,0,0,0,5,1.320616905
166846.57,0.460715655,0.5,6404,37,0.103,32.1875,34.6875,37.13,0,0,0.07,0,0,20,0.5,0.104,5.5,50,25,0.1,0.1,0.1,0.1,0.1,0.1,0.5,0,15409,0.036666883,0.014796547,0,0,0,0,0,0,0,0,0,0,5,1.218526797
166906.64,0.478202085,0.5,6404,37,0.1252,32.1875,34.6875,37.09,0,0,0.07,0,0,20,0.5,0.104,5.5,50,25,0.1,0.1,0.1,0.1,0.1,0.1,0.5,0,15756,0.036430566,0.014851485,0,0,0,0,0,0,0,0,0,0,5,1.269357548
166966.68,0.509552689,0.5,6404,37,0.1022,32.1875,34.6875,37.03,0,0,0,0,0,20,0.5,0.104,5.5,50,25,0.1,0.1,0.1,0.1,0.1,0.1,0.5,0,15613,0.036828284,0.014731314,0,0,0,0,0,0,0,0,0,0,5,1.396389206
167026.72,0.523035377,0.5,6404,37,0.1336,32.125,34.625,37.19,0,0,0,0,0,20,0.5,0.104,5.5,50,25,0.1,0.1,0.1,0.1,0.1,0.1,0.5,0,15885,0.036638338,0.014730878,0,0,0,0,0,0,0,0,0,0,5,1.404917276
167086.78,0.506423801,0.5,6404,37,0.0953,32.0625,34.5625,37.09,0,0,0,0,0,20,0.5,0.104,5.5,50,25,0.1,0.1,0.1,0.1,0.1,0.1,0.5,0,16194,0.035939237,0.014820304,0,0,0,0,0,0,0,0,0,0,5,1.23784571
167146.86,0.521329938,0.5,6404,37,0.1485,32.0625,34.5,37.09,0,0,0,0,0,20,0.5,0.104,5.5,50,25,0.1,0.1,0.1,0.1,0.1,0.1,0.5,0,17723,0.035377758,0.014557355,0,0,0,0,0,0,0,0,0,0,5,1.262981173
167206.89,0.528975896,0.5,6404,37,0.1508,32,34.5,37.25,0,0,0,0,0,20,0.5,0.104,5.5,50,25,0.1,0.1,0.1,0.1,0.1,0.1,0.5,0,15999,0.036814801,0.014813426,0,0,0,0,0,0,0,0,0,0,5,1.243511355
167266.93,0.538920158,0.5,6404,37,0.101,32.0625,34.5,37.03,0,0,0,0,0,20,0.5,0.104,5.5,50,25,0.1,0.1,0.1,0.1,0.1,0.1,0.5,0,18046,0.035243267,0.014352211,0,0,0,0,0,0,0,0,0,0,5,1.237209482
167326.98,0.561004857,0.5,6404,37,0.1357,32.0625,34.5625,37.05,0,0,0,0,0,20,0.5,0.104,5.5,50,25,0.1,0.1,0.1,0.1,0.1,0.1,0.5,0,16929,0.036150984,0.014944769,0,0,0,0,0,0,0,0,0,0,5,1.295835403
167387.06,0.575539722,0.5,6404,37,0.1348,32.0625,34.5,37.05,0,0.02,0.15,0,0,20,0.5,0.104,5.5,50,25,0.1,0.1,0.1,0.1,0.1,0.1,0.5,0,17773,0.035840882,0.014741462,0,0,0,0,0,0,0,0,0,0,0.44,1.295835403
167447.13,0.493723337,0.5,6404,37,0.4398,31.9375,34.5625,36.37,0,0.02,0.15,0,0,20,0.5,0.104,5.5,50,25,0.1,0.1,0.1,0.1,0.1,0.1,0.5,0,15803,0.037018288,0.01518699,0,0,0,0,0,0,0,0,0,0,0.44,1.295835403
167507.21,0.436791047,0.5,6404,37,0.512375,31.875,34.5625,36.21,0,0,0.07,0,0,20,0.5,0.104,5.5,50,25,0.1,0.1,0.1,0.1,0.1,0.1,0.5,0,15147,0.036640919,0.014986466,0,0,0,0,0,0,0,0,0,0,5,1.295835403
167567.26,0.460732108,0.5,6404,37,0.22445,32.125,34.625,36.95,0,0,0.25,0,0,20,0.5,0.104,5.5,50,25,0.1,0.1,0.1,0.1,0.1,0.1,0.5,0,15130,0.036615995,0.015135492,0,0,0,0,0,0,0,0,0,0,5,1.295835403
167627.3,0.471667492,0.5,6404,37,0.1245,32.1875,34.625,37.27,0,0,0.07,0,0,20,0.5,0.104,5.5,50,25,0.1,0.1,0.1,0.1,0.1,0.1,0.5,0,15159,0.036611914,0.0147767,0,0,0,0,0,0,0,0,0,0,5,1.295835403
167687.35,0.477104815,0.5,6404,37,0.1258,32.25,34.6875,37.27,0,0,0.07,0,0,20,0.5,0.104,5.5,50,25,0.1,0.1,0.1,0.1,0.1,0.1,0.5,0,16423,0.036107897,0.014796322,0,0,0,0,0,0,0,0,0,0,5,1.295835403
167747.4,0.492889995,0.5,6404,37,0.1362,32.3125,34.6875,37.29,0,0,0.07,0,0,20,0.5,0.104,5.5,50,25,0.1,0.1,0.1,0.1,0.1,0.1,0.5,0,15483,0.036879158,0.014984176,0,0,0,0,0,0,0,0,0,0,5,1.295835403
167807.48,0.503714112,0.5,6404,37,0.1302,32.3125,34.75,37.33,0,0,0.07,0,0,20,0.5,0.104,5.5,50,25,0.1,0.1,0.1,0.1,0.1,0.1,0.5,0,16916,0.035646725,0.014483329,0,0,0,0,0,0,0,0,0,0,5,1.295835403
167867.55,0.507331773,0.5,6404,37,0.12805,32.25,34.6875,37.17,0,0,0.25,0,0,20,0.5,0.104,5.5,50,25,0.1,0.1,0.1,0.1,0.1,0.1,0.5,0,16294,0.035841414,0.014913465,0,0,0,0,0,0,0,0,0,0,5,1.252512546
167927.58,0.522671255,0.5,6404,37,0.0831,32.1875,34.625,37.09,0,0,0.07,0,0,20,0.5,0.104,5.5,50,25,0.1,0.1,0.1,0.1,0.1,0.1,0.5,0,16984,0.035798398,0.014601978,0,0,0,0,0,0,0,0,0,0,5,1.279249468
167987.63,0.537377766,0.5,6404,37,0.09,32.1875,34.625,37.03,0,0,0.07,0,0,20,0.5,0.104,5.5,50,25,0.1,0.1,0.1,0.1,0.1,0.1,0.5,0,16562,0.036287888,0.014913658,0,0,0,0,0,0,0,0,0,0,5,1.298532887
168047.7,0.530767881,0.5,6404,37,0.1523,32.0625,34.5625,36.85,0,0,0.07,0,0,20,0.5,0.104,5.5,50,25,0.1,0.1,0.1,0.1,0.1,0.1,0.5,0,16489,0.036873067,0.01504033,0,0,0,0,0,0,0,0,0,0,5,1.196476652
168107.75,0.556108881,0.5,6404,37,0.1673,32.0625,34.5625,36.95,0,0,0,0,0,20,0.5,0.104,5.5,50,25,0.1,0.1,0.1,0.1,0.1,0.1,0.5,0,17598,0.035458575,0.014774406,0,0,0,0,0,0,0,0,0,0,5,1.276570761
168167.79,0.560069604,0.5,6404,37,0.385425,32,34.5625,36.49,0,0.02,0.25,0,0,20,0.5,0.104,5.5,50,25,0.1,0.1,0.1,0.1,0.1,0.1,0.5,0,17169,0.036169841,0.014735861,0,0,0,0,0,0,0,0,0,0,0.44,1.276570761
168227.85,0.513822555,0.5,6404,37,0.401675,31.9375,34.5625,36.47,0,0.02,0.15,0,0,20,0.5,0.104,5.5,50,25,0.1,0.1,0.1,0.1,0.1,0.1,0.5,0,16291,0.036339083,0.014670677,0,0,0,0,0,0,0,0,0,0,0.44,1.276570761
168287.94,0.482626082,0.5,6404,37,0.421875,31.8125,34.5,36.47,0,0.02,0.15,0,0,20,0.5,0.104,5.5,50,25,0.1,0.1,0.1,0.1,0.1,0.1,0.5,0,15775,0.036133122,0.014833597,0,0,0,0,0,0,0,0,0,0,0.44,1.276570761
168347.99,0.42453841,0.5,6404,37,0.4867,31.875,34.4375,36.45,0,0,0.07,0,0,20,0.5,0.104,5.5,50,25,0.1,0.1,0.1,0.1,0.1,0.1,0.5,0,15000,0.0362,0.014866667,0,0,0,0,0,0,0,0,0,0,5,1.276570761
168408.07,0.435535787,0.5,6404,37,0.2058,32.0625,34.5,37.21,0,0,0.07,0,0,20,0.5,0.104,5.5,50,25,0.1,0.1,0.1,0.1,0.1,0.1,0.5,0,15754,0.035863908,0.014789895,0,0,0,0,0,0,0,0,0,0,5,1.276570761
168468.14,0.436842067,0.5,6404,37,0.18745,32.1875,34.5,37.11,0,0,0.25,0,0,20,0.5,0.104,5.5,50,25,0.1,0.1,0.1,0.1,0.1,0.1,0.5,0,14961,0.036628568,0.014972261,0,0,0,0,0,0,0,0,0,0,5,1.276570761
168528.23,0.465238444,0.5,6404,37,0.0957,32.1875,34.5,37.37,0,0,0.07,0,0,20,0.5,0.104,5.5,50,25,0.1,0.1,0.1,0.1,0.1,0.1,0.5,0,14935,0.03675929,0.015065283,0,0,0,0,0,0,0,0,0,0,5,1.276570761
168588.3,0.470998447,0.5,6404,37,0.1246,32.25,34.5,37.37,0,0,0.07,0,0,20,0.5,0.104,5.5,50,25,0.1,0.1,0.1,0.1,0.1,0.1,0.5,0,16040,0.035972569,0.014837905,0,0,0,0,0,0,0,0,0,0,5,1.276570761
168648.34,0.467391406,0.5,6404,37,0.0991,32.1875,34.5,37.11,0,0,0.07,0,0,20,0.5,0.104,5.5,50,25,0.1,0.1,0.1,0.1,0.1,0.1,0.5,0,15509,0.036688374,0.014959056,0,0,0,0,0,0,0,0,0,0,5,1.276570761
168708.41,0.487245122,0.5,6404,37,0.1502,32.1875,34.5625,37.17,0,0,0.07,0,0,20,0.5,0.104,5.5,50,25,0.1,0.1,0.1,0.1,0.1,0.1,0.5,0,16444,0.035757723,0.014777426,0,0,0,0,0,0,0,0,0,0,5,1.337543098
168768.45,0.496251888,0.5,6404,37,0.14435,32.1875,34.5625,37.13,0,0,0.25,0,0,20,0.5,0.104,5.5,50,25,0.1,0.1,0.1,0.1,0.1,0.1,0.5,0,15505,0.036697839,0.015027411,0,0,0,0,0,0,0,0,0,0,5,1.325614869
168828.52,0.509540473,0.5,6404,37,0.1318,32.1875,34.5625,37.29,0,0,0.07,0,0,20,0.5,0.104,5.5,50,25,0.1,0.1,0.1,0.1,0.1,0.1,0.5,0,15510,0.036943907,0.015087041,0,0,0,0,0,0,0,0,0,0,5,1.338611076
168888.59,0.522001748,0.5,6404,37,0.142,32.0625,34.5625,37.05,0,0,0.07,0,0,20,0.5,0.104,5.5,50,25,0.1,0.1,0.1,0.1,0.1,0.1,0.5,0,16793,0.035907819,0.014768058,0,0,0,0,0,0,0,0,0,0,5,1.344165475
168948.62,0.522075333,0.5,6404,37,0.1519,32.125,34.625,37.17,0,0,0,0,0,20,0.5,0.104,5.5,50,25,0.1,0.1,0.1,0.1,0.1,0.1,0.5,0,16048,0.036764706,0.014830508,0,0,0,0,0,0,0,0,0,0,5,1.277380072
169008.68,0.535728977,0.5,6404,37,0.0847,32.125,34.625,37.03,0,0,0,0,0,20,0.5,0.104,5.5,50,25,0.1,0.1,0.1,0.1,0.1,0.1,0.5,0,17257,0.03569566,0.014486875,0,0,0,0,0,0,0,0,0,0,5,1.290960568
169068.75,0.542622463,0.5,6404,37,0.0825,32.125,34.625,36.93,0,0,0,0,0,20,0.5,0.104,5.5,50,25,0.1,0.1,0.1,0.1,0.1,0.1,0.5,0,17347,0.035913991,0.014757595,0,0,0,0,0,0,0,0,0,0,5,1.264768754
169128.81,0.553856119,0.5,6404,37,0.1213,32.125,34.625,37.05,0,0.02,0.15,0,0,20,0.5,0.104,5.5,50,25,0.1,0.1,0.1,0.1,0.1,0.1,0.5,0,16168,0.03692479,0.014844137,0,0,0,0,0,0,0,0,0,0,0.44,1.264768754
169188.88,0.49332486,0.5,6404,37,0.46755,31.9375,34.625,36.23,0,0.018585129,0.144340518,0,0,20,0.5,0.104,5.5,50,25,0.1,0.1,0.1,0.1,0.1,0.1,0.5,0,16490,0.036143117,0.014554275,0,0,0,0,0,0,0,0,0,0,0.44,1.264768754
169248.96,0.43211175,0.5,6404,37,0.484143576,31.9375,34.5625,36.17,0,0,0.07,0,0,20,0.5,0.104,5.5,50,25,0.1,0.1,0.1,0.1,0.1,0.1,0.5,0,14743,0.036898867,0.014854507,0,0,0,0,0,0,0,0,0,0,5,1.264768754
169309.03,0.444218906,0.5,6404,37,0.1935,32.125,34.5,37.01,0,0,0.07,0,0,20,0.5,0.104,5.5,50,25,0.1,0.1,0.1,0.1,0.1,0.1,0.5,0,15179,0.036563673,0.014888991,0,0,0,0,0,0,0,0,0,0,5,1.264768754
169369.07,0.467175458,0.5,6404,37,0.17585,32.1875,34.5,37.13,0,0,0.25,0,0,20,0.5,0.104,5.5,50,25,0.1,0.1,0.1,0.1,0.1,0.1,0.5,0,16030,0.035870243,0.014784779,0,0,0,0,0,0,0,0,0,0,5,1.264768754
169429.17,0.474361881,0.5,6404,37,0.0785,32.25,34.5,37.35,0,0,0.07,0,0,20,0.5,0.104,5.5,50,25,0.1,0.1,0.1,0.1,0.1,0.1,0.5,0,15490,0.036604261,0.014848289,0,0,0,0,0,0,0,0,0,0,5,1.264768754
169489.25,0.484855837,0.5,6404,37,0.0856,32.25,34.5625,37.21,0,0,0.07,0,0,20,0.5,0.104,5.5,50,25,0.1,0.1,0.1,0.1,0.1,0.1,0.5,0,15663,0.03658303,0.015131201,0,0,0,0,0,0,0,0,0,0,5,1.264768754
169549.29,0.480741286,0.5,6404,37,0.1378,32.1875,34.4375,37.17,0,0,0.07,0,0,20,0.5,0.104,5.5,50,25,0.1,0.1,0.1,0.1,0.1,0.1,0.5,0,15600,0.036794872,0.015128205,0,0,0,0,0,0,0,0,0,0,5,1.264768754
169609.36,0.497220092,0.5,6404,37,0.1203,32.125,34.5,37.03,0,0,0.07,0,0,20,0.5,0.104,5.5,50,25,0.1,0.1,0.1,0.1,0.1,0.1,0.5,0,16676,0.036039818,0.014631806,0,0,0,0,0,0,0,0,0,0,5,1.302640852
169669.43,0.503807333,0.5,6404,37,0.20425,32,34.5,36.87,0,0,0.25,0,0,20,0.5,0.104,5.5,50,25,0.1,0.1,0.1,0.1,0.1,0.1,0.5,0,16591,0.036164185,0.014706769,0,0,0,0,0,0,0,0,0,0,5,1.276992256
169729.47,0.51997232,0.5,6404,37,0.1055,32,34.5,37.19,0,0,0.07,0,0,20,0.5,0.104,5.5,50,25,0.1,0.1,0.1,0.1,0.1,0.1,0.5,0,16529,0.035936838,0.014580434,0,0,0,0,0,0,0,0,0,0,5,1.307887624
169789.52,0.528957429,0.5,6404,37,0.0998,32,34.5,37.17,0,0,0.07,0,0,20,0.5,0.104,5.5,50,25,0.1,0.1,0.1,0.1,0.1,0.1,0.5,0,17307,0.035881435,0.014445022,0,0,0,0,0,0,0,0,0,0,5,1.293890367
169849.59,0.533228895,0.5,6404,37,0.1156,32,34.5625,36.89,0,0,0,0,0,20,0.5,0.104,5.5,50,25,0.1,0.1,0.1,0.1,0.1,0.1,0.5,0,16217,0.036998212,0.015045939,0,0,0,0,0,0,0,0,0,0,5,1.253324324
169909.63,0.570680809,0.5,6404,37,0.1697,32,34.5625,36.93,0,0,0,0,0,20,0.5,0.104,5.5,50,25,0.1,0.1,0.1,0.1,0.1,0.1,0.5,0,17707,0.035692099,0.014739933,0,0,0,0,0,0,0,0,0,0,5,1.394295918
169969.7,0.569371292,0.5,6404,37,0.4852,32,34.625,36.01,0,0.02,0.25,0,0,20,0.5,0.104,5.5,50,25,0.1,0.1,0.1,0.1,0.1,0.1,0.5,0,16646,0.036705515,0.015078698,0,0,0,0,0,0,0,0,0,0,0.44,1.394295918
170029.73,0.499646292,0.5,6404,37,0.46995,31.875,34.625,36.15,0,0.02,0.15,0,0,20,0.5,0.104,5.5,50,25,0.1,0.1,0.1,0.1,0.1,0.1,0.5,0,16286,0.036350239,0.014736584,0,0,0,0,0,0,0,0,0,0,0.44,1.394295918
170089.78,0.443581975,0.5,6404,37,0.50075,31.8125,34.5625,36.31,0,0,0.07,0,0,20,0.5,0.104,5.5,50,25,0.1,0.1,0.1,0.1,0.1,0.1,0.5,0,15326,0.036408717,0.014615686,0,0,0,0,0,0,0,0,0,0,5,1.394295918
170149.85,0.450587028,0.5,6404,37,0.1756,31.9375,34.625,37.09,0,0,0.07,0,0,20,0.5,0.104,5.5,50,25,0.1,0.1,0.1,0.1,0.1,0.1,0.5,0,15297,0.03673923,0.015035628,0,0,0,0,0,0,0,0,0,0,5,1.394295918
170209.9,0.460320561,0.5,6404,37,0.1861,32.125,34.6875,37.25,0,0,0.07,0,0,20,0.5,0.104,5.5,50,25,0.1,0.1,0.1,0.1,0.1,0.1,0.5,0,16006,0.035674122,0.014681994,0,0,0,0,0,0,0,0,0,0,5,1.394295918
170269.97,0.478444421,0.5,6404,37,0.16045,32.1875,34.6875,37.17,0,0,0.25,0,0,20,0.5,0.104,5.5,50,25,0.1,0.1,0.1,0.1,0.1,0.1,0.5,0,16333,0.035817057,0.014816629,0,0,0,0,0,0,0,0,0,0,5,1.394295918
170330.03,0.489107818,0.5,6404,37,0.1102,32.25,34.6875,37.41,0,0,0.07,0,0,20,0.5,0.104,5.5,50,25,0.1,0.1,0.1,0.1,0.1,0.1,0.5,0,15979,0.036360223,0.015019713,0,0,0,0,0,0,0,0,0,0,5,1.394295918
170390.1,0.4993835,0.5,6404,37,0.1171,32.1875,34.625,37.17,0,0,0.07,0,0,20,0.5,0.104,5.5,50,25,0.1,0.1,0.1,0.1,0.1,0.1,0.5,0,15693,0.036831708,0.014783662,0,0,0,0,0,0,0,0,0,0,5,1.394295918
170450.18,0.514324376,0.5,6404,37,0.0569,32.1875,34.625,37.35,0,0,0.07,0,0,20,0.5,0.104,5.5,50,25,0.1,0.1,0.1,0.1,0.1,0.1,0.5,0,15564,0.036751478,0.015034695,0,0,0,0,0,0,0,0,0,0,5,1.413020558
170510.23,0.507821187,0.5,6404,37,0.1506,32.0625,34.625,37.21,0,0,0.07,0,0,20,0.5,0.104,5.5,50,25,0.1,0.1,0.1,0.1,0.1,0.1,0.5,0,16148,0.036537032,0.014986376,0,0,0,0,0,0,0,0,0,0,5,1.304195256
170570.32,0.529004585,0.5,6404,37,0.17535,32.125,34.5625,36.97,0,0,0.25,0,0,20,0.5,0.104,5.5,50,25,0.1,0.1,0.1,0.1,0.1,0.1,0.5,0,15240,0.037335958,0.014829396,0,0,0,0,0,0,0,0,0,0,5,1.361588619
170630.36,0.550069659,0.5,6404,37,0.1175,32.0625,34.5625,37.13,0,0,0.07,0,0,20,0.5,0.104,5.5,50,25,0.1,0.1,0.1,0.1,0.1,0.1,0.5,0,16061,0.037170786,0.014880767,0,0,0,0,0,0,0,0,0,0,5,1.410652658
170690.42,0.554153255,0.5,6404,37,0.0909,32,34.5,37.13,0,0.02,0.15,0,0,20,0.5,0.104,5.5,50,25,0.1,0.1,0.1,0.1,0.1,0.1,0.5,0,16505,0.03689791,0.014965162,0,0,0,0,0,0,0,0,0,0,0.44,1.410652658
170750.47,0.494408315,0.5,6404,37,0.4705,31.875,34.5,36.29,0,0.018753523,0.145014091,0,0,20,0.5,0.104,5.5,50,25,0.1,0.1,0.1,0.1,0.1,0.1,0.5,0,16887,0.035707941,0.014626636,0,0,0,0,0,0,0,0,0,0,0.44,1.410652658
170810.54,0.451860318,0.5,6404,37,0.47365969,31.875,34.5,36.47,0,0,0.07,0,0,20,0.5,0.104,5.5,50,25,0.1,0.1,0.1,0.1,0.1,0.1,0.5,0,15586,0.0357372,0.014885153,0,0,0,0,0,0,0,0,0,0,5,1.410652658
170870.59,0.455327558,0.5,6404,37,0.25465,32,34.5,36.87,0,0,0.25,0,0,20,0.5,0.104,5.5,50,25,0.1,0.1,0.1,0.1,0.1,0.1,0.5,0,15421,0.036573504,0.01465534,0,0,0,0,0,0,0,0,0,0,5,1.410652658
170930.66,0.461305673,0.5,6404,37,0.0923,32.125,34.5625,37.41,0,0,0.07,0,0,20,0.5,0.104,5.5,50,25,0.1,0.1,0.1,0.1,0.1,0.1,0.5,0,15337,0.036382604,0.014931212,0,0,0,0,0,0,0,0,0,0,5,1.410652658
170990.7,0.483100584,0.5,6404,37,0.1359,32.25,34.5,37.35,0,0,0.07,0,0,20,0.5,0.104,5.5,50,25,0.1,0.1,0.1,0.1,0.1,0.1,0.5,0,16417,0.035816532,0.014436255,0,0,0,0,0,0,0,0,0,0,5,1.410652658
171050.76,0.489580252,0.5,6404,37,0.0895,32.25,34.625,37.29,0,0,0.07,0,0,20,0.5,0.104,5.5,50,25,0.1,0.1,0.1,0.1,0.1,0.1,0.5,0,15211,0.037012688,0.015186378,0,0,0,0,0,0,0,0,0,0,5,1.410652658
171110.82,0.498151674,0.5,6404,37,0.0961,32.1875,34.625,37.17,0,0,0.07,0,0,20,0.5,0.104,5.5,50,25,0.1,0.1,0.1,0.1,0.1,0.1,0.5,0,16174,0.036292816,0.01483863,0,0,0,0,0,0,0,0,0,0,5,1.410652658
171170.9,0.505993242,0.5,6404,37,0.20705,32.1875,34.625,36.89,0,0,0.25,0,0,20,0.5,0.104,5.5,50,25,0.1,0.1,0.1,0.1,0.1,0.1,0.5,0,16325,0.035895865,0.014701378,0,0,0,0,0,0,0,0,0,0,5,1.386976178
171230.93,0.512147423,0.5,6404,37,0.1133,32.1875,34.625,37.21,0,0,0.07,0,0,20,0.5,0.104,5.5,50,25,0.1,0.1,0.1,0.1,0.1,0.1,0.5,0,16761,0.035976374,0.014557604,0,0,0,0,0,0,0,0,0,0,5,1.353894987
171291,0.524588024,0.5,6404,37,0.1267,32.1875,34.6875,37.33,0,0,0.07,0,0,20,0.5,0.104,5.5,50,25,0.1,0.1,0.1,0.1,0.1,0.1,0.5,0,16425,0.036042618,0.014977169,0,0,0,0,0,0,0,0,0,0,5,1.358202393
171351.1,0.522595401,0.5,6404,37,0.131,32.25,34.6875,37.05,0,0,0.07,0,0,20,0.5,0.104,5.5,50,25,0.1,0.1,0.1,0.1,0.1,0.1,0.5,0,16820,0.036206897,0.014625446,0,0,0,0,0,0,0,0,0,0,5,1.278875218
171411.15,0.542302544,0.5,6404,37,0.0947,32.1875,34.625,37.05,0,0,0,0,0,20,0.5,0.104,5.5,50,25,0.1,0.1,0.1,0.1,0.1,0.1,0.5,0,16965,0.035838491,0.014618332,0,0,0,0,0,0,0,0,0,0,5,1.325980932
171471.19,0.568119018,0.5,6404,37,0.4665,32.0625,34.625,36.09,0,0.02,0.25,0,0,20,0.5,0.104,5.5,50,25,0.1,0.1,0.1,0.1,0.1,0.1,0.5,0,17783,0.035933195,0.014620705,0,0,0,0,0,0,0,0,0,0,0.44,1.325980932
171531.24,0.489344879,0.5,6404,37,0.47155,31.9375,34.5625,36.21,0,0.019501632,0.14800653,0,0,20,0.5,0.104,5.5,50,25,0.1,0.1,0.1,0.1,0.1,0.1,0.5,0,15512,0.037068076,0.014891697,0,0,0,0,0,0,0,0,0,0,0.44,1.325980932
171591.31,0.450383025,0.5,6404,37,0.518571859,31.8125,34.5625,36.07,0,0,0.07,0,0,20,0.5,0.104,5.5,50,25,0.1,0.1,0.1,0.1,0.1,0.1,0.5,0,15327,0.036667319,0.014745221,0,0,0,0,0,0,0,0,0,0,5,1.325980932
171651.35,0.471340443,0.5,6404,37,0.1715,32,34.5,37.09,0,0,0.07,0,0,20,0.5,0.104,5.5,50,25,0.1,0.1,0.1,0.1,0.1,0.1,0.5,0,16646,0.035383876,0.014598102,0,0,0,0,0,0,0,0,0,0,5,1.325980932
171711.42,0.476088524,0.5,6404,37,0.1222,32.1875,34.4375,37.19,0,0,0.07,0,0,20,0.5,0.104,5.5,50,25,0.1,0.1,0.1,0.1,0.1,0.1,0.5,0,15429,0.036424914,0.01484218,0,0,0,0,0,0,0,0,0,0,5,1.325980932
171771.46,0.494190364,0.5,6404,37,0.12885,32.1875,34.5,37.27,0,0,0.25,0,0,20,0.5,0.104,5.5,50,25,0.1,0.1,0.1,0.1,0.1,0.1,0.5,0,15066,0.037103412,0.01480154,0,0,0,0,0,0,0,0,0,0,5,1.325980932
171831.5,0.495536848,0.5,6404,37,0.1513,32.125,34.4375,37.09,0,0,0.07,0,0,20,0.5,0.104,5.5,50,25,0.1,0.1,0.1,0.1,0.1,0.1,0.5,0,16286,0.036288837,0.014613779,0,0,0,0,0,0,0,0,0,0,5,1.325980932
171891.55,0.503433591,0.5,6404,37,0.097,32.125,34.5,37.51,0,0,0.07,0,0,20,0.5,0.104,5.5,50,25,0.1,0.1,0.1,0.1,0.1,0.1,0.5,0,16993,0.035897134,0.014535397,0,0,0,0,0,0,0,0,0,0,5,1.325980932
171951.61,0.517258783,0.5,6404,37,0.1263,32.125,34.5,37.25,0,0,0.07,0,0,20,0.5,0.104,5.5,50,25,0.1,0.1,0.1,0.1,0.1,0.1,0.5,0,15303,0.037247599,0.014964386,0,0,0,0,0,0,0,0,0,0,5,1.340956345
172011.68,0.523738881,0.5,6404,37,0.1297,32.125,34.5,37.19,0,0,0.07,0,0,20,0.5,0.104,5.5,50,25,0.1,0.1,0.1,0.1,0.1,0.1,0.5,0,16028,0.036810581,0.014911405,0,0,0,0,0,0,0,0,0,0,5,1.311258362
172071.73,0.531147619,0.5,6404,37,0.13765,32.125,34.4375,37.11,0,0,0.25,0,0,20,0.5,0.104,5.5,50,25,0.1,0.1,0.1,0.1,0.1,0.1,0.5,0,15434,0.037449786,0.014902164,0,0,0,0,0,0,0,0,0,0,5,1.287835675
172131.79,0.558585465,0.5,6404,37,0.0989,32,34.5625,37.29,0,0,0.07,0,0,20,0.5,0.104,5.5,50,25,0.1,0.1,0.1,0.1,0.1,0.1,0.5,0,16362,0.036792568,0.015034837,0,0,0,0,0,0,0,0,0,0,5,1.374546835
172191.86,0.553757435,0.5,6404,37,0.1074,32.0625,34.5625,37.19,0,0.02,0.15,0,0,20,0.5,0.104,5.5,50,25,0.1,0.1,0.1,0.1,0.1,0.1,0.5,0,16577,0.036556675,0.014839838,0,0,0,0,0,0,0,0,0,0,0.44,1.374546835
172251.92,0.49281102,0.5,6404,37,0.414275,31.875,34.625,36.33,0,0.018508293,0.144033171,0,0,20,0.5,0.104,5.5,50,25,0.1,0.1,0.1,0.1,0.1,0.1,0.5,0,16047,0.036642363,0.01489375,0,0,0,0,0,0,0,0,0,0,0.44,1.374546835
172311.99,0.452860041,0.5,6404,37,0.532984964,31.875,34.6875,36.33,0,0,0.07,0,0,20,0.5,0.104,5.5,50,25,0.1,0.1,0.1,0.1,0.1,0.1,0.5,0,16527,0.035759666,0.01476372,0,0,0,0,0,0,0,0,0,0,5,1.374546835
172372.05,0.455834069,0.5,6404,37,0.18545,32.0625,34.625,37.13,0,0,0.25,0,0,20,0.5,0.104,5.5,50,25,0.1,0.1,0.1,0.1,0.1,0.1,0.5,0,15552,0.036394033,0.014596193,0,0,0,0,0,0,0,0,0,0,5,1.374546835
172432.09,0.473129589,0.5,6404,37,0.1252,32.125,34.6875,37.35,0,0,0.07,0,0,20,0.5,0.104,5.5,50,25,0.1,0.1,0.1,0.1,0.1,0.1,0.5,0,15253,0.036714089,0.014751196,0,0,0,0,0,0,0,0,0,0,5,1.374546835
172492.13,0.474121784,0.5,6404,37,0.1168,32.25,34.625,37.29,0,0,0.07,0,0,20,0.5,0.104,5.5,50,25,0.1,0.1,0.1,0.1,0.1,0.1,0.5,0,15572,0.036475726,0.014705882,0,0,0,0,0,0,0,0,0,0,5,1.374546835
172552.17,0.495455251,0.5,6404,37,0.1478,32.25,34.6875,37.21,0,0,0.07,0,0,20,0.5,0.104,5.5,50,25,0.1,0.1,0.1,0.1,0.1,0.1,0.5,0,15947,0.036307769,0.014924437,0,0,0,0,0,0,0,0,0,0,5,1.374546835
172612.25,0.502353609,0.5,6404,37,0.0961,32.25,34.6875,37.21,0,0,0.07,0,0,20,0.5,0.104,5.5,50,25,0.1,0.1,0.1,0.1,0.1,0.1,0.5,0,15918,0.03618545,0.014700339,0,0,0,0,0,0,0,0,0,0,5,1.374546835
172672.31,0.524617831,0.5,6404,37,0.16105,32.1875,34.6875,37.05,0,0,0.25,0,0,20,0.5,0.104,5.5,50,25,0.1,0.1,0.1,0.1,0.1,0.1,0.5,0,17341,0.03552275,0.014532034,0,0,0,0,0,0,0,0,0,0,5,1.435916845
172732.38,0.530684179,0.5,6404,37,0.0861,32.1875,34.6875,36.97,0,0,0.07,0,0,20,0.5,0.104,5.5,50,25,0.1,0.1,0.1,0.1,0.1,0.1,0.5,0,16406,0.035901499,0.014933561,0,0,0,0,0,0,0,0,0,0,5,1.398612067
172792.43,0.518588753,0.5,6404,37,0.1125,32.125,34.6875,37.11,0,0,0.07,0,0,20,0.5,0.104,5.5,50,25,0.1,0.1,0.1,0.1,0.1,0.1,0.5,0,17028,0.035647169,0.014799154,0,0,0,0,0,0,0,0,0,0,5,1.259513787
172852.47,0.54275187,0.5,6404,37,0.1504,32.125,34.75,37.03,0,0,0.07,0,0,20,0.5,0.104,5.5,50,25,0.1,0.1,0.1,0.1,0.1,0.1,0.5,0,16876,0.036146006,0.014695425,0,0,0,0,0,0,0,0,0,0,5,1.333161305
172912.54,0.551075592,0.5,6404,37,0.1271,32.125,34.6875,37.11,0,0.02,0.15,0,0,20,0.5,0.104,5.5,50,25,0.1,0.1,0.1,0.1,0.1,0.1,0.5,0,17352,0.036134163,0.014810973,0,0,0,0,0,0,0,0,0,0,0.44,1.333161305
172972.58,0.49201006,0.5,6404,37,0.552188688,32,34.625,35.83,0,0.018137324,0.25,0,0,20,0.5,0.104,5.5,50,25,0.1,0.1,0.1,0.1,0.1,0.1,0.5,0,16373,0.036034936,0.014658279,0,0,0,0,0,0,0,0,0,0,0.44,1.333161305
173032.64,0.44922653,0.5,6404,37,0.486269146,31.875,34.5625,36.21,0,0,0.07,0,0,20,0.5,0.104,5.5,50,25,0.1,0.1,0.1,0.1,0.1,0.1,0.5,0,15823,0.035960311,0.014851798,0,0,0,0,0,0,0,0,0,0,5,1.333161305
173092.73,0.441952244,0.5,6404,37,0.1974,32,34.5625,37.11,0,0,0.07,0,0,20,0.5,0.104,5.5,50,25,0.1,0.1,0.1,0.1,0.1,0.1,0.5,0,14682,0.037052173,0.015256777,0,0,0,0,0,0,0,0,0,0,5,1.333161305
173152.77,0.460856488,0.5,6404,37,0.1193,32.1875,34.5625,37.29,0,0,0.07,0,0,20,0.5,0.104,5.5,50,25,0.1,0.1,0.1,0.1,0.1,0.1,0.5,0,16034,0.036110765,0.014593988,0,0,0,0,0,0,0,0,0,0,5,1.333161305
173212.8,0.479849903,0.5,6404,37,0.0926,32.25,34.5,37.25,0,0,0.07,0,0,20,0.5,0.104,5.5,50,25,0.1,0.1,0.1,0.1,0.1,0.1,0.5,0,14661,0.037514494,0.015346839,0,0,0,0,0,0,0,0,0,0,5,1.333161305
173272.85,0.47769196,0.5,6404,37,0.1289,32.25,34.5,37.25,0,0,0.25,0,0,20,0.5,0.104,5.5,50,25,0.1,0.1,0.1,0.1,0.1,0.1,0.5,0,16301,0.035703331,0.014723023,0,0,0,0,0,0,0,0,0,0,5,1.333161305
173332.91,0.498313184,0.5,6404,37,0.1314,32.1875,34.5,37.21,0,0,0.07,0,0,20,0.5,0.104,5.5,50,25,0.1,0.1,0.1,0.1,0.1,0.1,0.5,0,15303,0.037312945,0.014964386,0,0,0,0,0,0,0,0,0,0,5,1.333161305
173392.95,0.508542264,0.5,6404,37,0.1098,32.125,34.5,37.21,0,0,0.07,0,0,20,0.5,0.104,5.5,50,25,0.1,0.1,0.1,0.1,0.1,0.1,0.5,0,16193,0.036559007,0.014759464,0,0,0,0,0,0,0,0,0,0,5,1.327461934
173453,0.51554569,0.5,6404,37,0.1385,32.125,34.5,37.05,0,0,0.07,0,0,20,0.5,0.104,5.5,50,25,0.1,0.1,0.1,0.1,0.1,0.1,0.5,0,16930,0.036207915,0.014825753,0,0,0,0,0,0,0,0,0,0,5,1.30212165
173513.04,0.526795741,0.5,6404,37,0.1128,32.125,34.5,37.17,0,0,0.07,0,0,20,0.5,0.104,5.5,50,25,0.1,0.1,0.1,0.1,0.1,0.1,0.5,0,16235,0.036464429,0.014782877,0,0,0,0,0,0,0,0,0,0,5,1.301776428
173573.11,0.545435379,0.5,6404,37,0.0977,32.125,34.5625,36.87,0,0,0.25,0,0,20,0.5,0.104,5.5,50,25,0.1,0.1,0.1,0.1,0.1,0.1,0.5,0,16164,0.037243257,0.015280871,0,0,0,0,0,0,0,0,0,0,5,1.34100196
173633.15,0.563950238,0.5,6404,37,0.1238,32.0625,34.5625,36.93,0,0.02,0.15,0,0,20,0.5,0.104,5.5,50,25,0.1,0.1,0.1,0.1,0.1,0.1,0.5,0,17506,0.035702045,0.014680681,0,0,0,0,0,0,0,0,0,0,0.44,1.34100196
173693.21,0.481753453,0.5,6404,37,0.508875,31.875,34.5625,36.21,0,0.018097404,0.142389615,0,0,20,0.5,0.104,5.5,50,25,0.1,0.1,0.1,0.1,0.1,0.1,0.5,0,15962,0.036837489,0.014973061,0,0,0,0,0,0,0,0,0,0,0.44,1.34100196
173753.26,0.436015378,0.5,6404,37,0.485248422,31.875,34.625,36.15,0,0,0.07,0,0,20,0.5,0.104,5.5,50,25,0.1,0.1,0.1,0.1,0.1,0.1,0.5,0,15605,0.03639859,0.014931112,0,0,0,0,0,0,0,0,0,0,5,1.34100196
173813.33,0.463949979,0.5,6404,37,0.1554,32.0625,34.625,37.11,0,0,0.07,0,0,20,0.5,0.104,5.5,50,25,0.1,0.1,0.1,0.1,0.1,0.1,0.5,0,15665,0.035876157,0.014810086,0,0,0,0,0,0,0,0,0,0,5,1.34100196
173873.4,0.444751921,0.5,6404,37,0.1196,32.25,34.6875,37.21,0,0,0.25,0,0,20,0.5,0.104,5.5,50,25,0.1,0.1,0.1,0.1,0.1,0.1,0.5,0,15176,0.036505008,0.014628361,0,0,0,0,0,0,0,0,0,0,5,1.34100196
173933.44,0.470350503,0.5,6404,37,0.0985,32.25,34.6875,37.25,0,0,0.07,0,0,20,0.5,0.104,5.5,50,25,0.1,0.1,0.1,0.1,0.1,0.1,0.5,0,16011,0.035975267,0.014802323,0,0,0,0,0,0,0,0,0,0,5,1.34100196
173993.51,0.471795453,0.5,6404,37,0.1825,32.3125,34.625,37.03,0,0,0.07,0,0,20,0.5,0.104,5.5,50,25,0.1,0.1,0.1,0.1,0.1,0.1,0.5,0,16132,0.03613935,0.014877263,0,0,0,0,0,0,0,0,0,0,5,1.34100196
174053.59,0.478968548,0.5,6404,37,0.0823,32.25,34.625,37.13,0,0,0.07,0,0,20,0.5,0.104,5.5,50,25,0.1,0.1,0.1,0.1,0.1,0.1,0.5,0,16676,0.036159751,0.01457184,0,0,0,0,0,0,0,0,0,0,5,1.34100196
174113.65,0.489268609,0.5,6404,37,0.1348,32.1875,34.5625,37.13,0,0,0.07,0,0,20,0.5,0.104,5.5,50,25,0.1,0.1,0.1,0.1,0.1,0.1,0.5,0,15263,0.037541768,0.01480705,0,0,0,0,0,0,0,0,0,0,5,1.337781982
174173.71,0.516020839,0.5,6404,37,0.1315,32.1875,34.5625,37.11,0,0,0.25,0,0,20,0.5,0.104,5.5,50,25,0.1,0.1,0.1,0.1,0.1,0.1,0.5,0,16526,0.036245916,0.014946145,0,0,0,0,0,0,0,0,0,0,5,1.430599414
174233.75,0.516365247,0.5,6404,37,0.1164,32.125,34.5,37.25,0,0,0.07,0,0,20,0.5,0.104,5.5,50,25,0.1,0.1,0.1,0.1,0.1,0.1,0.5,0,16331,0.036495009,0.014634744,0,0,0,0,0,0,0,0,0,0,5,1.361071064
174293.82,0.525411289,0.5,6404,37,0.1301,32.125,34.5,37.17,0,0,0.07,0,0,20,0.5,0.104,5.5,50,25,0.1,0.1,0.1,0.1,0.1,0.1,0.5,0,16517,0.036628928,0.014712115,0,0,0,0,0,0,0,0,0,0,5,1.345118526
174353.89,0.542098666,0.5,6404,37,0.0938,32.125,34.5625,36.95,0,0,0,0,0,20,0.5,0.104,5.5,50,25,0.1,0.1,0.1,0.1,0.1,0.1,0.5,0,16492,0.036805724,0.014734417,0,0,0,0,0,0,0,0,0,0,5,1.371662584
174413.93,0.547487986,0.5,6404,37,0.147,32.0625,34.5625,36.97,0,0.02,0.15,0,0,20,0.5,0.104,5.5,50,25,0.1,0.1,0.1,0.1,0.1,0.1,0.5,0,17388,0.036346906,0.014952841,0,0,0,0,0,0,0,0,0,0,0.44,1.371662584
174474,0.501273538,0.5,6404,37,0.448675,31.9375,34.5,36.13,0,0.02,0.25,0,0,20,0.5,0.104,5.5,50,25,0.1,0.1,0.1,0.1,0.1,0.1,0.5,0,16320,0.036090686,0.014583333,0,0,0,0,0,0,0,0,0,0,0.44,1.371662584
174534.05,0.434126387,0.5,6404,37,0.4993,31.9375,34.5,36.07,0,0,0.07,0,0,20,0.5,0.104,5.5,50,25,0.1,0.1,0.1,0.1,0.1,0.1,0.5,0,16079,0.035698737,0.014615337,0,0,0,0,0,0,0,0,0,0,0.44,1.371662584
174594.1,0.455446701,0.5,6404,37,0.1968,32,34.5,37.05,0,0,0.07,0,0,20,0.5,0.104,5.5,50,25,0.1,0.1,0.1,0.1,0.1,0.1,0.5,0,15679,0.036099241,0.014669303,0,0,0,0,0,0,0,0,0,0,5,1.371662584
174654.17,0.469759215,0.5,6404,37,0.1034,32.125,34.5625,37.37,0,0,0.07,0,0,20,0.5,0.104,5.5,50,25,0.1,0.1,0.1,0.1,0.1,0.1,0.5,0,15317,0.036756545,0.015015995,0,0,0,0,0,0,0,0,0,0,5,1.371662584
174714.22,0.479725051,0.5,6404,37,0.1144,32.1875,34.5625,37.33,0,0,0.07,0,0,20,0.5,0.104,5.5,50,25,0.1,0.1,0.1,0.1,0.1,0.1,0.5,0,16455,0.035612276,0.01482832,0,0,0,0,0,0,0,0,0,0,5,1.371662584
174774.29,0.477060786,0.5,6404,37,0.1304,32.25,34.5625,37.09,0,0,0.25,0,0,20,0.5,0.104,5.5,50,25,0.1,0.1,0.1,0.1,0.1,0.1,0.5,0,15827,0.036077589,0.014974411,0,0,0,0,0,0,0,0,0,0,5,1.371662584
174834.35,0.483347199,0.5,6404,37,0.1182,32.25,34.5625,37.19,0,0,0.07,0,0,20,0.5,0.104,5.5,50,25,0.1,0.1,0.1,0.1,0.1,0.1,0.5,0,15346,0.03714323,0.014922455,0,0,0,0,0,0,0,0,0,0,5,1.371662584
174894.46,0.505109207,0.5,6404,37,0.151,32.1875,34.5625,37.01,0,0,0.07,0,0,20,0.5,0.104,5.5,50,25,0.1,0.1,0.1,0.1,0.1,0.1,0.5,0,15353,0.037126295,0.015371589,0,0,0,0,0,0,0,0,0,0,5,1.371662584
174954.52,0.512136956,0.5,6404,37,0.0897,32.125,34.6875,37.25,0,0,0.07,0,0,20,0.5,0.104,5.5,50,25,0.1,0.1,0.1,0.1,0.1,0.1,0.5,0,15238,0.037275233,0.014962594,0,0,0,0,0,0,0,0,0,0,5,1.344531733
175014.57,0.510867548,0.5,6404,37,0.0981,32.1875,34.625,37.09,0,0,0.07,0,0,20,0.5,0.104,5.5,50,25,0.1,0.1,0.1,0.1,0.1,0.1,0.5,0,16271,0.036629586,0.014811628,0,0,0,0,0,0,0,0,0,0,5,1.269859966
175074.61,0.535172244,0.5,6404,37,0.1268,32.1875,34.6875,37.05,0,0,0.25,0,0,20,0.5,0.104,5.5,50,25,0.1,0.1,0.1,0.1,0.1,0.1,0.5,0,16613,0.03635707,0.014687293,0,0,0,0,0,0,0,0,0,0,5,1.345801839
175134.66,0.541575038,0.5,6404,37,0.1432,32.0625,34.625,37.01,0,0,0,0,0,20,0.5,0.104,5.5,50,25,0.1,0.1,0.1,0.1,0.1,0.1,0.5,0,17409,0.036073295,0.014647596,0,0,0,0,0,0,0,0,0,0,5,1.314190704
175194.72,0.554986889,0.5,6404,37,0.1193,32.0625,34.6875,36.95,0,0.02,0.15,0,0,20,0.5,0.104,5.5,50,25,0.1,0.1,0.1,0.1,0.1,0.1,0.5,0,17103,0.03625095,0.014675788,0,0,0,0,0,0,0,0,0,0,0.44,1.314190704
175254.79,0.479129535,0.5,6404,37,0.480925,31.875,34.6875,36.05,0,0.016854801,0.137419206,0,0,20,0.5,0.104,5.5,50,25,0.1,0.1,0.1,0.1,0.1,0.1,0.5,0,16065,0.036725801,0.014939309,0,0,0,0,0,0,0,0,0,0,0.44,1.314190704
175314.86,0.449231814,0.5,6404,37,0.467839068,31.9375,34.6875,36.29,0,0,0.07,0,0,20,0.5,0.104,5.5,50,25,0.1,0.1,0.1,0.1,0.1,0.1,0.5,0,14861,0.037009623,0.014871139,0,0,0,0,0,0,0,0,0,0,5,1.314190704
175374.93,0.454296393,0.5,6404,37,0.2109,32.0625,34.625,37.09,0,0,0.25,0,0,20,0.5,0.104,5.5,50,25,0.1,0.1,0.1,0.1,0.1,0.1,0.5,0,14523,0.037320113,0.015148385,0,0,0,0,0,0,0,0,0,0,5,1.314190704
175434.99,0.450705939,0.5,6404,37,0.1637,32.1875,34.5625,37.37,0,0,0.07,0,0,20,0.5,0.104,5.5,50,25,0.1,0.1,0.1,0.1,0.1,0.1,0.5,0,15827,0.036330322,0.014974411,0,0,0,0,0,0,0,0,0,0,5,1.314190704
175495.05,0.476524477,0.5,6404,37,0.1577,32.25,34.5,37.27,0,0,0.07,0,0,20,0.5,0.104,5.5,50,25,0.1,0.1,0.1,0.1,0.1,0.1,0.5,0,15156,0.037147004,0.015109528,0,0,0,0,0,0,0,0,0,0,5,1.314190704
175555.12,0.475355214,0.5,6404,37,0.0704,32.25,34.5625,37.37,0,0,0.07,0,0,20,0.5,0.104,5.5,50,25,0.1,0.1,0.1,0.1,0.1,0.1,0.5,0,15383,0.036988884,0.01514659,0,0,0,0,0,0,0,0,0,0,5,1.314190704
175615.2,0.502656871,0.5,6404,37,0.0734,32.25,34.5,37.25,0,0,0.07,0,0,20,0.5,0.104,5.5,50,25,0.1,0.1,0.1,0.1,0.1,0.1,0.5,0,14628,0.037804211,0.015176374,0,0,0,0,0,0,0,0,0,0,5,1.314190704
175675.27,0.493281599,0.5,6404,37,0.1306,32.1875,34.5625,37.19,0,0,0.25,0,0,20,0.5,0.104,5.5,50,25,0.1,0.1,0.1,0.1,0.1,0.1,0.5,0,16578,0.036071903,0.014778622,0,0,0,0,0,0,0,0,0,0,5,1.19199847
175735.33,0.526535192,0.5,6404,37,0.162,32.125,34.5625,36.97,0,0,0.07,0,0,20,0.5,0.104,5.5,50,25,0.1,0.1,0.1,0.1,0.1,0.1,0.5,0,16589,0.035987703,0.014829104,0,0,0,0,0,0,0,0,0,0,5,1.328112442
175795.42,0.534289675,0.5,6404,37,0.1628,32.0625,34.5625,37.11,0,0,0.07,0,0,20,0.5,0.104,5.5,50,25,0.1,0.1,0.1,0.1,0.1,0.1,0.5,0,17104,0.036131899,0.014908793,0,0,0,0,0,0,0,0,0,0,5,1.305566771
175855.47,0.533865498,0.5,6404,37,0.0777,32.0625,34.5625,37.05,0,0,0.07,0,0,20,0.5,0.104,5.5,50,25,0.1,0.1,0.1,0.1,0.1,0.1,0.5,0,16438,0.03662246,0.014843655,0,0,0,0,0,0,0,0,0,0,5,1.237905757
175915.54,0.547197453,0.5,6404,37,0.1303,32.125,34.625,36.97,0,0,0,0,0,20,0.5,0.104,5.5,50,25,0.1,0.1,0.1,0.1,0.1,0.1,0.5,0,16278,0.037043863,0.015173854,0,0,0,0,0,0,0,0,0,0,5,1.250007814
175975.62,0.559043928,0.5,6404,37,0.1414,32.0625,34.625,37.03,0,0.02,0.25,0,0,20,0.5,0.104,5.5,50,25,0.1,0.1,0.1,0.1,0.1,0.1,0.5,0,17659,0.036128886,0.014779999,0,0,0,0,0,0,0,0,0,0,0.44,1.250007814
176035.66,0.484941445,0.5,6404,37,0.49325,31.9375,34.5625,36.05,0,0.01801937,0.142077479,0,0,20,0.5,0.104,5.5,50,25,0.1,0.1,0.1,0.1,0.1,0.1,0.5,0,15443,0.037233698,0.015022988,0,0,0,0,0,0,0,0,0,0,0.44,1.250007814
176095.74,0.441196152,0.5,6404,37,0.498015342,31.875,34.625,36.13,0,0,0.07,0,0,20,0.5,0.104,5.5,50,25,0.1,0.1,0.1,0.1,0.1,0.1,0.5,0,15329,0.036532063,0.014678061,0,0,0,0,0,0,0,0,0,0,5,1.250007814
176155.83,0.458084212,0.5,6404,37,0.1485,32,34.6875,37.17,0,0,0.07,0,0,20,0.5,0.104,5.5,50,25,0.1,0.1,0.1,0.1,0.1,0.1,0.5,0,15873,0.035973036,0.014616015,0,0,0,0,0,0,0,0,0,0,5,1.250007814
176215.87,0.468580877,0.5,6404,37,0.1619,32.125,34.6875,37.17,0,0,0.07,0,0,20,0.5,0.104,5.5,50,25,0.1,0.1,0.1,0.1,0.1,0.1,0.5,0,15919,0.036183177,0.01457378,0,0,0,0,0,0,0,0,0,0,5,1.250007814
176275.92,0.466279375,0.5,6404,37,0.1288,32.1875,34.6875,37.19,0,0,0.25,0,0,20,0.5,0.104,5.5,50,25,0.1,0.1,0.1,0.1,0.1,0.1,0.5,0,15868,0.03648853,0.01480968,0,0,0,0,0,0,0,0,0,0,5,1.250007814
176335.96,0.485469335,0.5,6404,37,0.0842,32.25,34.6875,37.29,0,0,0.07,0,0,20,0.5,0.104,5.5,50,25,0.1,0.1,0.1,0.1,0.1,0.1,0.5,0,15729,0.036810986,0.015067709,0,0,0,0,0,0,0,0,0,0,5,1.250007814
176396.03,0.506245758,0.5,6404,37,0.1087,32.1875,34.6875,37.25,0,0,0.07,0,0,20,0.5,0.104,5.5,50,25,0.1,0.1,0.1,0.1,0.1,0.1,0.5,0,15883,0.036705912,0.015047535,0,0,0,0,0,0,0,0,0,0,5,1.250007814
176456.1,0.511138178,0.5,6404,37,0.1301,32.1875,34.6875,37.19,0,0,0.07,0,0,20,0.5,0.104,5.5,50,25,0.1,0.1,0.1,0.1,0.1,0.1,0.5,0,15569,0.037060826,0.015158327,0,0,0,0,0,0,0,0,0,0,5,1.216360588
176516.2,0.527932605,0.5,6404,37,0.107,32.1875,34.5625,37.11,0,0,0.07,0,0,20,0.5,0.104,5.5,50,25,0.1,0.1,0.1,0.1,0.1,0.1,0.5,0,15976,0.037055583,0.014897346,0,0,0,0,0,0,0,0,0,0,5,1.252528572
176576.25,0.54271108,0.5,6404,37,0.1461,32.125,34.5625,37.13,0,0,0.25,0,0,20,0.5,0.104,5.5,50,25,0.1,0.1,0.1,0.1,0.1,0.1,0.5,0,16337,0.036665238,0.014874212,0,0,0,0,0,0,0,0,0,0,5,1.272727536
176636.3,0.536481888,0.5,6404,37,0.0898,32.125,34.5625,37.13,0,0,0.07,0,0,20,0.5,0.104,5.5,50,25,0.1,0.1,0.1,0.1,0.1,0.1,0.5,0,16205,0.037149028,0.014995372,0,0,0,0,0,0,0,0,0,0,5,1.174458277
176696.37,0.539306427,0.5,6404,37,0.1023,32.0625,34.5,37.13,0,0,0,0,0,20,0.5,0.104,5.5,50,25,0.1,0.1,0.1,0.1,0.1,0.1,0.5,0,16690,0.036788496,0.015038945,0,0,0,0,0,0,0,0,0,0,5,1.131488713
176756.45,0.541618105,0.5,6404,37,0.0884,32,34.5,37.13,0,0,0,0,0,20,0.5,0.104,5.5,50,25,0.1,0.1,0.1,0.1,0.1,0.1,0.5,0,17300,0.036011561,0.014797688,0,0,0,0,0,0,0,0,0,0,5,1.087745966
176816.5,0.567585399,0.5,6404,37,0.1646,32,34.4375,36.93,0,0.02,0.15,0,0,20,0.5,0.104,5.5,50,25,0.1,0.1,0.1,0.1,0.1,0.1,0.5,0,16539,0.037245299,0.015115787,0,0,0,0,0,0,0,0,0,0,0.44,1.087745966
176876.59,0.513783817,0.5,6404,37,0.477425,31.8125,34.4375,36.31,0,0.02,0.25,0,0,20,0.5,0.104,5.5,50,25,0.1,0.1,0.1,0.1,0.1,0.1,0.5,0,15703,0.036935617,0.014837929,0,0,0,0,0,0,0,0,0,0,0.44,1.087745966
176936.65,0.459247935,0.5,6404,37,0.486125,31.75,34.5,36.09,0,0.016182687,0.13473075,0,0,20,0.5,0.104,5.5,50,25,0.1,0.1,0.1,0.1,0.1,0.1,0.5,0,16542,0.035485431,0.014629428,0,0,0,0,0,0,0,0,0,0,0.44,1.087745966
176996.71,0.411936555,0.5,6404,37,0.505490123,31.8125,34.5,36.17,0,0,0.07,0,0,20,0.5,0.104,5.5,50,25,0.1,0.1,0.1,0.1,0.1,0.1,0.5,0,14797,0.036561465,0.014800297,0,0,0,0,0,0,0,0,0,0,5,1.087745966
177056.75,0.421841607,0.5,6404,37,0.1946,32,34.5,37.17,0,0,0.07,0,0,20,0.5,0.104,5.5,50,25,0.1,0.1,0.1,0.1,0.1,0.1,0.5,0,14925,0.03678392,0.01480737,0,0,0,0,0,0,0,0,0,0,5,1.087745966
177116.81,0.441884734,0.5,6404,37,0.142,32.1875,34.5,37.29,0,0,0.07,0,0,20,0.5,0.104,5.5,50,25,0.1,0.1,0.1,0.1,0.1,0.1,0.5,0,14479,0.037019131,0.014918157,0,0,0,0,0,0,0,0,0,0,5,1.087745966
177176.89,0.438697147,0.5,6404,37,0.1274,32.25,34.5,37.33,0,0,0.25,0,0,20,0.5,0.104,5.5,50,25,0.1,0.1,0.1,0.1,0.1,0.1,0.5,0,14807,0.036874451,0.014790302,0,0,0,0,0,0,0,0,0,0,5,1.087745966
177236.95,0.454856968,0.5,6404,37,0.1024,32.3125,34.5,37.33,0,0,0.07,0,0,20,0.5,0.104,5.5,50,25,0.1,0.1,0.1,0.1,0.1,0.1,0.5,0,14976,0.037059295,0.014890491,0,0,0,0,0,0,0,0,0,0,5,1.087745966
177297.02,0.459783878,0.5,6404,37,0.1319,32.25,34.5,37.13,0,0,0.07,0,0,20,0.5,0.104,5.5,50,25,0.1,0.1,0.1,0.1,0.1,0.1,0.5,0,15750,0.036380952,0.014793651,0,0,0,0,0,0,0,0,0,0,5,1.087745966
177357.09,0.466846948,0.5,6404,37,0.1347,32.1875,34.5625,37.19,0,0,0.07,0,0,20,0.5,0.104,5.5,50,25,0.1,0.1,0.1,0.1,0.1,0.1,0.5,0,15203,0.037229494,0.015062817,0,0,0,0,0,0,0,0,0,0,5,1.079093434
177417.17,0.482497432,0.5,6404,37,0.1393,32.25,34.625,37.01,0,0,0.07,0,0,20,0.5,0.104,5.5,50,25,0.1,0.1,0.1,0.1,0.1,0.1,0.5,0,15699,0.036817632,0.01484171,0,0,0,0,0,0,0,0,0,0,5,1.124061148
177477.24,0.484648353,0.5,6404,37,0.0782,32.1875,34.625,37.17,0,0,0.25,0,0,20,0.5,0.104,5.5,50,25,0.1,0.1,0.1,0.1,0.1,0.1,0.5,0,15071,0.037754628,0.015194745,0,0,0,0,0,0,0,0,0,0,5,1.081202046
177537.27,0.498240092,0.5,6404,37,0.0825,32.125,34.625,37.05,0,0,0.07,0,0,20,0.5,0.104,5.5,50,25,0.1,0.1,0.1,0.1,0.1,0.1,0.5,0,15658,0.036786307,0.014752842,0,0,0,0,0,0,0,0,0,0,5,1.110117412
177597.33,0.506735582,0.5,6404,37,0.141,32.0625,34.625,37.01,0,0,0,0,0,20,0.5,0.104,5.5,50,25,0.1,0.1,0.1,0.1,0.1,0.1,0.5,0,16133,0.037128866,0.014814356,0,0,0,0,0,0,0,0,0,0,5,1.105333322
177657.44,0.512721371,0.5,6404,37,0.1501,32,34.625,37.03,0,0,0,0,0,20,0.5,0.104,5.5,50,25,0.1,0.1,0.1,0.1,0.1,0.1,0.5,0,15684,0.037490436,0.015302219,0,0,0,0,0,0,0,0,0,0,5,1.085296343
177717.5,0.528543881,0.5,6404,37,0.1306,32,34.625,37.05,0,0,0,0,0,20,0.5,0.104,5.5,50,25,0.1,0.1,0.1,0.1,0.1,0.1,0.5,0,17065,0.036155875,0.014767067,0,0,0,0,0,0,0,0,0,0,5,1.122211331
177777.55,0.547590754,0.5,6404,37,0.1105,32,34.5625,36.89,0,0,0,0,0,20,0.5,0.104,5.5,50,25,0.1,0.1,0.1,0.1,0.1,0.1,0.5,0,17433,0.035908908,0.014512706,0,0,0,0,0,0,0,0,0,0,5,1.1723079
177837.62,0.557053988,0.5,6404,37,0.1213,32.0625,34.5625,37.09,0,0.02,0.15,0,0,20,0.5,0.104,5.5,50,25,0.1,0.1,0.1,0.1,0.1,0.1,0.5,0,16537,0.036886981,0.014875733,0,0,0,0,0,0,0,0,0,0,0.44,1.1723079
177897.67,0.500832191,0.5,6404,37,0.473775,31.875,34.625,36.23,0,0.019858873,0.149435492,0,0,20,0.5,0.104,5.5,50,25,0.1,0.1,0.1,0.1,0.1,0.1,0.5,0,16413,0.036678243,0.014927192,0,0,0,0,0,0,0,0,0,0,0.44,1.1723079
177957.72,0.455625831,0.5,6404,37,0.520947235,31.875,34.6875,36.21,0,0.014503954,0.128015816,0,0,20,0.5,0.104,5.5,50,25,0.1,0.1,0.1,0.1,0.1,0.1,0.5,0,15533,0.036824825,0.01512908,0,0,0,0,0,0,0,0,0,0,0.44,1.1723079
178017.79,0.414292642,0.5,6404,37,0.400609629,31.875,34.625,36.49,0,0,0.07,0,0,20,0.5,0.104,5.5,50,25,0.1,0.1,0.1,0.1,0.1,0.1,0.5,0,15311,0.036183136,0.014630005,0,0,0,0,0,0,0,0,0,0,5,1.1723079
178077.85,0.419490349,0.5,6404,37,0.1549,32.0625,34.625,37.11,0,0,0.25,0,0,20,0.5,0.104,5.5,50,25,0.1,0.1,0.1,0.1,0.1,0.1,0.5,0,14456,0.036939679,0.014803542,0,0,0,0,0,0,0,0,0,0,5,1.1723079
178137.9,0.427133791,0.5,6404,37,0.1742,32.1875,34.625,37.25,0,0,0.07,0,0,20,0.5,0.104,5.5,50,25,0.1,0.1,0.1,0.1,0.1,0.1,0.5,0,14695,0.037291596,0.015039129,0,0,0,0,0,0,0,0,0,0,5,1.1723079
178197.98,0.439368459,0.5,6404,37,0.1266,32.25,34.625,37.21,0,0,0.07,0,0,20,0.5,0.104,5.5,50,25,0.1,0.1,0.1,0.1,0.1,0.1,0.5,0,14551,0.037248299,0.015256683,0,0,0,0,0,0,0,0,0,0,5,1.1723079
178258.05,0.456394919,0.5,6404,37,0.132,32.3125,34.6875,37.25,0,0,0.07,0,0,20,0.5,0.104,5.5,50,25,0.1,0.1,0.1,0.1,0.1,0.1,0.5,0,14656,0.037186135,0.014874454,0,0,0,0,0,0,0,0,0,0,5,1.1723079
178318.11,0.458528552,0.5,6404,37,0.141,32.375,34.625,37.33,0,0,0.07,0,0,20,0.5,0.104,5.5,50,25,0.1,0.1,0.1,0.1,0.1,0.1,0.5,0,14575,0.037255575,0.015025729,0,0,0,0,0,0,0,0,0,0,5,1.1723079
178378.19,0.458276362,0.5,6404,37,0.1379,32.25,34.5625,37.27,0,0,0.25,0,0,20,0.5,0.104,5.5,50,25,0.1,0.1,0.1,0.1,0.1,0.1,0.5,0,15843,0.036609228,0.014706811,0,0,0,0,0,0,0,0,0,0,5,1.112042053
178438.24,0.495469796,0.5,6404,37,0.1101,32.1875,34.5625,37.25,0,0,0.07,0,0,20,0.5,0.104,5.5,50,25,0.1,0.1,0.1,0.1,0.1,0.1,0.5,0,16352,0.036081213,0.014554795,0,0,0,0,0,0,0,0,0,0,5,1.290541901
178498.33,0.496821915,0.5,6404,37,0.1423,32.0625,34.5625,37.35,0,0,0.07,0,0,20,0.5,0.104,5.5,50,25,0.1,0.1,0.1,0.1,0.1,0.1,0.5,0,15968,0.036447896,0.014716934,0,0,0,0,0,0,0,0,0,0,5,1.234190548
178558.4,0.502267787,0.5,6404,37,0.101,32.0625,34.5,37.09,0,0,0.07,0,0,20,0.5,0.104,5.5,50,25,0.1,0.1,0.1,0.1,0.1,0.1,0.5,0,16986,0.035794183,0.014659131,0,0,0,0,0,0,0,0,0,0,5,1.205186344
178618.48,0.530795832,0.5,6404,37,0.1501,32,34.5,37.05,0,0,0,0,0,20,0.5,0.104,5.5,50,25,0.1,0.1,0.1,0.1,0.1,0.1,0.5,0,17319,0.035394653,0.014550494,0,0,0,0,0,0,0,0,0,0,5,1.310659127
178678.55,0.515676641,0.5,6404,37,0.115,32.0625,34.5,37.03,0,0,0,0,0,20,0.5,0.104,5.5,50,25,0.1,0.1,0.1,0.1,0.1,0.1,0.5,0,16564,0.036343878,0.014851485,0,0,0,0,0,0,0,0,0,0,5,1.158433534
178738.66,0.53171543,0.5,6404,37,0.1402,32.0625,34.5,36.97,0,0,0,0,0,20,0.5,0.104,5.5,50,25,0.1,0.1,0.1,0.1,0.1,0.1,0.5,0,17251,0.036171816,0.014607849,0,0,0,0,0,0,0,0,0,0,5,1.192397461
178798.73,0.538260787,0.5,6404,37,0.1236,32,34.5,36.85,0,0,0,0,0,20,0.5,0.104,5.5,50,25,0.1,0.1,0.1,0.1,0.1,0.1,0.5,0,16681,0.036868293,0.014747317,0,0,0,0,0,0,0,0,0,0,5,1.169481799
178858.78,0.545398722,0.5,6404,37,0.118,32,34.5,36.81,0,0,0,0,0,20,0.5,0.104,5.5,50,25,0.1,0.1,0.1,0.1,0.1,0.1,0.5,0,16344,0.036955458,0.01511258,0,0,0,0,0,0,0,0,0,0,5,1.150529559
178918.82,0.554691152,0.5,6404,37,0.1624,32,34.5,36.89,0,0.02,0.15,0,0,20,0.5,0.104,5.5,50,25,0.1,0.1,0.1,0.1,0.1,0.1,0.5,0,17506,0.036444648,0.014794927,0,0,0,0,0,0,0,0,0,0,0.44,1.150529559
178978.88,0.515624715,0.5,6404,37,0.481,31.875,34.5,36.17,0,0.02,0.25,0,0,20,0.5,0.104,5.5,50,25,0.1,0.1,0.1,0.1,0.1,0.1,0.5,0,16184,0.036888285,0.014705882,0,0,0,0,0,0,0,0,0,0,0.44,1.150529559
179038.97,0.47067784,0.5,6404,37,0.4992,31.875,34.625,36.09,0,0.02,0.15,0,0,20,0.5,0.104,5.5,50,25,0.1,0.1,0.1,0.1,0.1,0.1,0.5,0,14923,0.037324935,0.014742344,0,0,0,0,0,0,0,0,0,0,0.44,1.150529559
179099.02,0.416723741,0.5,6404,37,0.51025,31.875,34.625,36.21,0,0,0.07,0,0,20,0.5,0.104,5.5,50,25,0.1,0.1,0.1,0.1,0.1,0.1,0.5,0,14610,0.036550308,0.014715948,0,0,0,0,0,0,0,0,0,0,5,1.150529559
179159.06,0.420587854,0.5,6404,37,0.1857,32.1875,34.625,37.09,0,0,0.07,0,0,20,0.5,0.104,5.5,50,25,0.1,0.1,0.1,0.1,0.1,0.1,0.5,0,13744,0.038052969,0.015061118,0,0,0,0,0,0,0,0,0,0,5,1.150529559
179219.13,0.424766199,0.5,6404,37,0.0946,32.25,34.625,37.33,0,0,0.07,0,0,20,0.5,0.104,5.5,50,25,0.1,0.1,0.1,0.1,0.1,0.1,0.5,0,14844,0.036715171,0.014820803,0,0,0,0,0,0,0,0,0,0,5,1.150529559
179279.18,0.446791252,0.5,6404,37,0.1076,32.375,34.6875,37.35,0,0,0.25,0,0,20,0.5,0.104,5.5,50,25,0.1,0.1,0.1,0.1,0.1,0.1,0.5,0,15405,0.03628692,0.014605648,0,0,0,0,0,0,0,0,0,0,5,1.150529559
179339.22,0.450352331,0.5,6404,37,0.1118,32.375,34.6875,37.25,0,0,0.07,0,0,20,0.5,0.104,5.5,50,25,0.1,0.1,0.1,0.1,0.1,0.1,0.5,0,14929,0.03670708,0.014870386,0,0,0,0,0,0,0,0,0,0,5,1.150529559
179399.29,0.454628037,0.5,6404,37,0.1104,32.375,34.6875,37.19,0,0,0.07,0,0,20,0.5,0.104,5.5,50,25,0.1,0.1,0.1,0.1,0.1,0.1,0.5,0,15947,0.036433185,0.014861729,0,0,0,0,0,0,0,0,0,0,5,1.150529559
179459.35,0.462248184,0.5,6404,37,0.1438,32.25,34.625,37.19,0,0,0.07,0,0,20,0.5,0.104,5.5,50,25,0.1,0.1,0.1,0.1,0.1,0.1,0.5,0,14796,0.03730738,0.014936469,0,0,0,0,0,0,0,0,0,0,5,1.142870154
179519.41,0.481689713,0.5,6404,37,0.0854,32.25,34.625,37.27,0,0,0.07,0,0,20,0.5,0.104,5.5,50,25,0.1,0.1,0.1,0.1,0.1,0.1,0.5,0,17121,0.035570352,0.014426727,0,0,0,0,0,0,0,0,0,0,5,1.209321297
179579.48,0.492382666,0.5,6404,37,0.1038,32.1875,34.625,37.13,0,0,0.25,0,0,20,0.5,0.104,5.5,50,25,0.1,0.1,0.1,0.1,0.1,0.1,0.5,0,15470,0.036910149,0.01512605,0,0,0,0,0,0,0,0,0,0,5,1.214723332
179639.53,0.505274591,0.5,6404,37,0.1225,32.125,34.5625,37.01,0,0,0.07,0,0,20,0.5,0.104,5.5,50,25,0.1,0.1,0.1,0.1,0.1,0.1,0.5,0,15969,0.036508235,0.014778634,0,0,0,0,0,0,0,0,0,0,5,1.231524672
179699.59,0.501050325,0.5,6404,37,0.1604,32.125,34.5625,36.97,0,0,0,0,0,20,0.5,0.104,5.5,50,25,0.1,0.1,0.1,0.1,0.1,0.1,0.5,0,16585,0.036358155,0.014953271,0,0,0,0,0,0,0,0,0,0,5,1.144761994
179759.67,0.529191827,0.5,6404,37,0.1171,32.125,34.5625,37.17,0,0,0,0,0,20,0.5,0.104,5.5,50,25,0.1,0.1,0.1,0.1,0.1,0.1,0.5,0,16382,0.036686607,0.014772311,0,0,0,0,0,0,0,0,0,0,5,1.251457221
179819.73,0.523502851,0.5,6404,37,0.1509,32,34.5,37.25,0,0,0,0,0,20,0.5,0.104,5.5,50,25,0.1,0.1,0.1,0.1,0.1,0.1,0.5,0,16609,0.036365826,0.01469083,0,0,0,0,0,0,0,0,0,0,5,1.156458825
179879.81,0.532859369,0.5,6404,37,0.1108,32,34.5,37.05,0,0,0,0,0,20,0.5,0.104,5.5,50,25,0.1,0.1,0.1,0.1,0.1,0.1,0.5,0,17350,0.036138329,0.014870317,0,0,0,0,0,0,0,0,0,0,5,1.151781079
179939.88,0.554778041,0.5,6404,37,0.1181,32,34.5,37.21,0,0,0,0,0,20,0.5,0.104,5.5,50,25,0.1,0.1,0.1,0.1,0.1,0.1,0.5,0,17342,0.035924346,0.014704186,0,0,0,0,0,0,0,0,0,0,5,1.215123727
179999.91,0.554988882,0.5,6404,37,0.1333,32.0625,34.5,37.11,0,0.02,0.15,0,0,20,0.5,0.104,5.5,50,25,0.1,0.1,0.1,0.1,0.1,0.1,0.5,0,16626,0.036869963,0.015156983,0,0,0,0,0,0,0,0,0,0,0.44,1.215123727
180059.98,0.488964326,0.5,6404,37,0.4594,31.8125,34.5,36.17,0,0.018140486,0.142561944,0,0,20,0.5,0.104,5.5,50,25,0.1,0.1,0.1,0.1,0.1,0.1,0.5,0,15816,0.037177542,0.014858371,0,0,0,0,0,0,0,0,0,0,0.44,1.215123727
180120.04,0.447408792,0.5,6404,37,0.496429504,31.8125,34.5,36.21,0,0,0.07,0,0,20,0.5,0.104,5.5,50,25,0.1,0.1,0.1,0.1,0.1,0.1,0.5,0,15293,0.036814229,0.014712614,0,0,0,0,0,0,0,0,0,0,5,1.215123727
180180.08,0.451942302,0.5,6404,37,0.1575,32,34.5,36.93,0,0,0.25,0,0,20,0.5,0.104,5.5,50,25,0.1,0.1,0.1,0.1,0.1,0.1,0.5,0,15509,0.036494938,0.015088013,0,0,0,0,0,0,0,0,0,0,5,1.215123727
180240.13,0.457601853,0.5,6404,37,0.1409,32.1875,34.5,37.27,0,0,0.07,0,0,20,0.5,0.104,5.5,50,25,0.1,0.1,0.1,0.1,0.1,0.1,0.5,0,14932,0.037436378,0.014934369,0,0,0,0,0,0,0,0,0,0,5,1.215123727
180300.21,0.475386255,0.5,6404,37,0.129,32.1875,34.5,37.17,0,0,0.07,0,0,20,0.5,0.104,5.5,50,25,0.1,0.1,0.1,0.1,0.1,0.1,0.5,0,15954,0.03647988,0.014729848,0,0,0,0,0,0,0,0,0,0,5,1.215123727
180360.25,0.481273515,0.5,6404,37,0.1188,32.125,34.5625,37.09,0,0,0.07,0,0,20,0.5,0.104,5.5,50,25,0.1,0.1,0.1,0.1,0.1,0.1,0.5,0,15133,0.037533866,0.01500033,0,0,0,0,0,0,0,0,0,0,5,1.215123727
180420.29,0.486186045,0.5,6404,37,0.1493,32.1875,34.5625,37.11,0,0,0.07,0,0,20,0.5,0.104,5.5,50,25,0.1,0.1,0.1,0.1,0.1,0.1,0.5,0,15816,0.037240769,0.015174507,0,0,0,0,0,0,0,0,0,0,5,1.215123727
180480.32,0.517950372,0.5,6404,37,0.1077,32.1875,34.5625,37.35,0,0,0.25,0,0,20,0.5,0.104,5.5,50,25,0.1,0.1,0.1,0.1,0.1,0.1,0.5,0,16253,0.03673168,0.01507414,0,0,0,0,0,0,0,0,0,0,5,1.344231758
180540.36,0.532381311,0.5,6404,37,0.1494,32.125,34.5625,37.05,0,0,0.07,0,0,20,0.5,0.104,5.5,50,25,0.1,0.1,0.1,0.1,0.1,0.1,0.5,0,16427,0.036525233,0.014610093,0,0,0,0,0,0,0,0,0,0,5,1.359461826
180600.41,0.531186765,0.5,6404,37,0.1567,32.0625,34.5625,37.11,0,0,0.07,0,0,20,0.5,0.104,5.5,50,25,0.1,0.1,0.1,0.1,0.1,0.1,0.5,0,16673,0.03652612,0.014934325,0,0,0,0,0,0,0,0,0,0,5,1.284749832
180660.45,0.538893256,0.5,6404,37,0.1086,32.1875,34.625,37.29,0,0,0.07,0,0,20,0.5,0.104,5.5,50,25,0.1,0.1,0.1,0.1,0.1,0.1,0.5,0,16930,0.036444182,0.01470762,0,0,0,0,0,0,0,0,0,0,5,1.263723826
180720.52,0.532862836,0.5,6404,37,0.1267,32.125,34.5625,36.97,0,0,0,0,0,20,0.5,0.104,5.5,50,25,0.1,0.1,0.1,0.1,0.1,0.1,0.5,0,17289,0.036323674,0.014807103,0,0,0,0,0,0,0,0,0,0,5,1.166777248
180780.6,0.556044714,0.5,6404,37,0.1508,32.125,34.625,37.01,0,0,0,0,0,20,0.5,0.104,5.5,50,25,0.1,0.1,0.1,0.1,0.1,0.1,0.5,0,17299,0.036591711,0.01485635,0,0,0,0,0,0,0,0,0,0,5,1.236192375
180840.65,0.564649374,0.5,6404,37,0.1184,32.1875,34.5625,37.11,0,0.02,0.15,0,0,20,0.5,0.104,5.5,50,25,0.1,0.1,0.1,0.1,0.1,0.1,0.5,0,16435,0.037176757,0.015211439,0,0,0,0,0,0,0,0,0,0,0.44,1.236192375
180900.72,0.498651534,0.5,6404,37,0.490575,31.9375,34.5625,36.15,0,0.02,0.15,0,0,20,0.5,0.104,5.5,50,25,0.1,0.1,0.1,0.1,0.1,0.1,0.5,0,15728,0.037512716,0.015005086,0,0,0,0,0,0,0,0,0,0,0.44,1.236192375
180960.79,0.454090607,0.5,6404,37,0.493075,31.875,34.625,36.07,0,0,0.07,0,0,20,0.5,0.104,5.5,50,25,0.1,0.1,0.1,0.1,0.1,0.1,0.5,0,15433,0.036674658,0.014838333,0,0,0,0,0,0,0,0,0,0,5,1.236192375
181020.86,0.469295053,0.5,6404,37,0.1862,32.0625,34.625,36.97,0,0,0.07,0,0,20,0.5,0.104,5.5,50,25,0.1,0.1,0.1,0.1,0.1,0.1,0.5,0,14964,0.037089014,0.014902433,0,0,0,0,0,0,0,0,0,0,5,1.236192375
181080.93,0.473963873,0.5,6404,37,0.1222,32.1875,34.5625,37.35,0,0,0.25,0,0,20,0.5,0.104,5.5,50,25,0.1,0.1,0.1,0.1,0.1,0.1,0.5,0,16390,0.036241611,0.014887126,0,0,0,0,0,0,0,0,0,0,5,1.236192375
181140.99,0.465281305,0.5,6404,37,0.1161,32.1875,34.5625,37.19,0,0,0.07,0,0,20,0.5,0.104,5.5,50,25,0.1,0.1,0.1,0.1,0.1,0.1,0.5,0,15533,0.036567308,0.015064701,0,0,0,0,0,0,0,0,0,0,5,1.236192375
181201.05,0.48426283,0.5,6404,37,0.151,32.1875,34.5,37.27,0,0,0.07,0,0,20,0.5,0.104,5.5,50,25,0.1,0.1,0.1,0.1,0.1,0.1,0.5,0,16104,0.036761053,0.014716841,0,0,0,0,0,0,0,0,0,0,5,1.236192375
181261.09,0.502178309,0.5,6404,37,0.0702,32.1875,34.4375,37.27,0,0,0.07,0,0,20,0.5,0.104,5.5,50,25,0.1,0.1,0.1,0.1,0.1,0.1,0.5,0,15638,0.037280982,0.01496355,0,0,0,0,0,0,0,0,0,0,5,1.236192375
181321.13,0.506293485,0.5,6404,37,0.1092,32.1875,34.4375,37.25,0,0,0.07,0,0,20,0.5,0.104,5.5,50,25,0.1,0.1,0.1,0.1,0.1,0.1,0.5,0,17412,0.035665059,0.014817367,0,0,0,0,0,0,0,0,0,0,5,1.198866528
181381.18,0.521206841,0.5,6404,37,0.1238,32.1875,34.375,37.25,0,0,0.25,0,0,20,0.5,0.104,5.5,50,25,0.1,0.1,0.1,0.1,0.1,0.1,0.5,0,16768,0.036378817,0.014909351,0,0,0,0,0,0,0,0,0,0,5,1.226014583
181441.23,0.531058328,0.5,6404,37,0.1095,32.125,34.4375,37.05,0,0,0.07,0,0,20,0.5,0.104,5.5,50,25,0.1,0.1,0.1,0.1,0.1,0.1,0.5,0,17065,0.036448872,0.014649868,0,0,0,0,0,0,0,0,0,0,5,1.220888525
181501.29,0.546544898,0.5,6404,37,0.1568,32,34.4375,37.03,0,0,0.07,0,0,20,0.5,0.104,5.5,50,25,0.1,0.1,0.1,0.1,0.1,0.1,0.5,0,16419,0.036969365,0.014921737,0,0,0,0,0,0,0,0,0,0,5,1.246077895
181561.36,0.563926601,0.5,6404,37,0.1706,32.0625,34.4375,36.97,0,0.02,0.15,0,0,20,0.5,0.104,5.5,50,25,0.1,0.1,0.1,0.1,0.1,0.1,0.5,0,16577,0.037099596,0.014960487,0,0,0,0,0,0,0,0,0,0,0.44,1.246077895
181621.38,0.49361631,0.5,6404,37,0.508925,31.8125,34.4375,36.09,0,0.019628395,0.148513579,0,0,20,0.5,0.104,5.5,50,25,0.1,0.1,0.1,0.1,0.1,0.1,0.5,0,16518,0.03656617,0.014711224,0,0,0,0,0,0,0,0,0,0,0.44,1.246077895
181681.45,0.437622555,0.5,6404,37,0.502159744,31.875,34.4375,36.13,0,0,0.25,0,0,20,0.5,0.104,5.5,50,25,0.1,0.1,0.1,0.1,0.1,0.1,0.5,0,14957,0.037306947,0.014909407,0,0,0,0,0,0,0,0,0,0,5,1.246077895
181741.5,0.452946254,0.5,6404,37,0.216,32.0625,34.5,37.13,0,0,0.07,0,0,20,0.5,0.104,5.5,50,25,0.1,0.1,0.1,0.1,0.1,0.1,0.5,0,15448,0.03689798,0.014759192,0,0,0,0,0,0,0,0,0,0,5,1.246077895
181801.58,0.469770413,0.5,6404,37,0.1599,32.1875,34.5,37.37,0,0,0.07,0,0,20,0.5,0.104,5.5,50,25,0.1,0.1,0.1,0.1,0.1,0.1,0.5,0,15846,0.03653919,0.014704026,0,0,0,0,0,0,0,0,0,0,5,1.246077895
181861.62,0.479915245,0.5,6404,37,0.1326,32.1875,34.5,37.27,0,0,0.07,0,0,20,0.5,0.104,5.5,50,25,0.1,0.1,0.1,0.1,0.1,0.1,0.5,0,14962,0.037628659,0.015372276,0,0,0,0,0,0,0,0,0,0,5,1.246077895
181921.69,0.480383827,0.5,6404,37,0.1271,32.1875,34.5625,37.17,0,0,0.07,0,0,20,0.5,0.104,5.5,50,25,0.1,0.1,0.1,0.1,0.1,0.1,0.5,0,15169,0.037708484,0.014964731,0,0,0,0,0,0,0,0,0,0,5,1.246077895
181981.76,0.505106316,0.5,6404,37,0.1573,32.1875,34.5625,37.03,0,0,0.25,0,0,20,0.5,0.104,5.5,50,25,0.1,0.1,0.1,0.1,0.1,0.1,0.5,0,16828,0.036130259,0.014856192,0,0,0,0,0,0,0,0,0,0,5,1.246077895
182041.79,0.512187364,0.5,6404,37,0.0803,32.1875,34.5625,37.11,0,0,0.07,0,0,20,0.5,0.104,5.5,50,25,0.1,0.1,0.1,0.1,0.1,0.1,0.5,0,16611,0.03654205,0.014749263,0,0,0,0,0,0,0,0,0,0,5,1.225538709
182101.83,0.522170116,0.5,6404,37,0.1408,32.125,34.5,37.01,0,0,0.07,0,0,20,0.5,0.104,5.5,50,25,0.1,0.1,0.1,0.1,0.1,0.1,0.5,0,16732,0.036457088,0.015060961,0,0,0,0,0,0,0,0,0,0,5,1.222170542
182161.87,0.536180157,0.5,6404,37,0.1772,32.0625,34.5625,36.97,0,0,0.07,0,0,20,0.5,0.104,5.5,50,25,0.1,0.1,0.1,0.1,0.1,0.1,0.5,0,15811,0.03737904,0.014989564,0,0,0,0,0,0,0,0,0,0,5,1.240492387
182221.92,0.532275201,0.5,6404,37,0.1616,32.0625,34.625,37.01,0,0,0.07,0,0,20,0.5,0.104,5.5,50,25,0.1,0.1,0.1,0.1,0.1,0.1,0.5,0,17104,0.036424228,0.014733396,0,0,0,0,0,0,0,0,0,0,5,1.156539065
182281.97,0.554093199,0.5,6404,37,0.1972,32.1875,34.625,37.03,0,0,0,0,0,20,0.5,0.104,5.5,50,25,0.1,0.1,0.1,0.1,0.1,0.1,0.5,0,16261,0.037390074,0.015312711,0,0,0,0,0,0,0,0,0,0,5,1.219228867
182342.01,0.553668129,0.5,6404,37,0.1277,32.1875,34.5625,37.17,0,0.02,0.15,0,0,20,0.5,0.104,5.5,50,25,0.1,0.1,0.1,0.1,0.1,0.1,0.5,0,16883,0.036841794,0.014807795,0,0,0,0,0,0,0,0,0,0,0.44,1.219228867
182402.05,0.524809542,0.5,6404,37,0.406375,32,34.5,36.49,0,0.02,0.15,0,0,20,0.5,0.104,5.5,50,25,0.1,0.1,0.1,0.1,0.1,0.1,0.5,0,16028,0.037184926,0.015223359,0,0,0,0,0,0,0,0,0,0,0.44,1.219228867
182462.12,0.459565846,0.5,6404,37,0.5099,31.875,34.5,36.25,0,0.02,0.15,0,0,20,0.5,0.104,5.5,50,25,0.1,0.1,0.1,0.1,0.1,0.1,0.5,0,15075,0.03774461,0.015058043,0,0,0,0,0,0,0,0,0,0,0.44,1.219228867
182522.21,0.417322676,0.5,6404,37,0.5147,31.875,34.4375,36.31,0,0,0.07,0,0,20,0.5,0.104,5.5,50,25,0.1,0.1,0.1,0.1,0.1,0.1,0.5,0,14863,0.03687008,0.014869138,0,0,0,0,0,0,0,0,0,0,5,1.219228867
182582.28,0.425801035,0.5,6404,37,0.188,32.0625,34.4375,37.25,0,0,0.25,0,0,20,0.5,0.104,5.5,50,25,0.1,0.1,0.1,0.1,0.1,0.1,0.5,0,14888,0.036740999,0.014777002,0,0,0,0,0,0,0,0,0,0,5,1.219228867
182642.34,0.43510442,0.5,6404,37,0.1625,32.25,34.4375,37.29,0,0,0.07,0,0,20,0.5,0.104,5.5,50,25,0.1,0.1,0.1,0.1,0.1,0.1,0.5,0,15177,0.036568492,0.015022732,0,0,0,0,0,0,0,0,0,0,5,1.219228867
182702.41,0.45293849,0.5,6404,37,0.1046,32.25,34.4375,37.43,0,0,0.07,0,0,20,0.5,0.104,5.5,50,25,0.1,0.1,0.1,0.1,0.1,0.1,0.5,0,14616,0.037493158,0.01498358,0,0,0,0,0,0,0,0,0,0,5,1.219228867
182762.49,0.444893309,0.5,6404,37,0.1073,32.3125,34.4375,37.35,0,0,0.07,0,0,20,0.5,0.104,5.5,50,25,0.1,0.1,0.1,0.1,0.1,0.1,0.5,0,14854,0.037296351,0.015214757,0,0,0,0,0,0,0,0,0,0,5,1.219228867
182822.55,0.474937484,0.5,6404,37,0.1507,32.25,34.4375,37.35,0,0,0.07,0,0,20,0.5,0.104,5.5,50,25,0.1,0.1,0.1,0.1,0.1,0.1,0.5,0,15825,0.036524487,0.014597156,0,0,0,0,0,0,0,0,0,0,5,1.219228867
182882.59,0.473024681,0.5,6404,37,0.1388,32.25,34.4375,37.17,0,0,0.25,0,0,20,0.5,0.104,5.5,50,25,0.1,0.1,0.1,0.1,0.1,0.1,0.5,0,15651,0.036930548,0.015078909,0,0,0,0,0,0,0,0,0,0,5,1.146160576
182942.63,0.479013099,0.5,6404,37,0.1169,32.25,34.4375,37.09,0,0,0.07,0,0,20,0.5,0.104,5.5,50,25,0.1,0.1,0.1,0.1,0.1,0.1,0.5,0,15583,0.037155875,0.014823846,0,0,0,0,0,0,0,0,0,0,5,1.126593677
183002.68,0.480813861,0.5,6404,37,0.153,32.1875,34.4375,37.27,0,0,0.07,0,0,20,0.5,0.104,5.5,50,25,0.1,0.1,0.1,0.1,0.1,0.1,0.5,0,16395,0.036230558,0.015004575,0,0,0,0,0,0,0,0,0,0,5,1.081520797
183062.72,0.491448476,0.5,6404,37,0.1467,32.125,34.5,37.09,0,0,0.07,0,0,20,0.5,0.104,5.5,50,25,0.1,0.1,0.1,0.1,0.1,0.1,0.5,0,15362,0.037625309,0.015232392,0,0,0,0,0,0,0,0,0,0,5,1.093075438
183122.79,0.5063519,0.5,6404,37,0.1022,32.125,34.4375,37.25,0,0,0,0,0,20,0.5,0.104,5.5,50,25,0.1,0.1,0.1,0.1,0.1,0.1,0.5,0,15262,0.037740794,0.015332198,0,0,0,0,0,0,0,0,0,0,5,1.128045998
183182.85,0.51862012,0.5,6404,37,0.1065,32.0625,34.4375,37.21,0,0,0,0,0,20,0.5,0.104,5.5,50,25,0.1,0.1,0.1,0.1,0.1,0.1,0.5,0,15991,0.036958289,0.014883372,0,0,0,0,0,0,0,0,0,0,5,1.143463058
183242.93,0.532021505,0.5,6404,37,0.1273,32.0625,34.5,37.11,0,0,0,0,0,20,0.5,0.104,5.5,50,25,0.1,0.1,0.1,0.1,0.1,0.1,0.5,0,16939,0.036306748,0.014935947,0,0,0,0,0,0,0,0,0,0,5,1.162826636
183302.96,0.547519931,0.5,6404,37,0.1175,32,34.5,37.13,0,0,0,0,0,20,0.5,0.104,5.5,50,25,0.1,0.1,0.1,0.1,0.1,0.1,0.5,0,16357,0.036926087,0.01522284,0,0,0,0,0,0,0,0,0,0,5,1.190830163
183363,0.540018115,0.5,6404,37,0.156,32.0625,34.5,36.97,0,0.02,0.15,0,0,20,0.5,0.104,5.5,50,25,0.1,0.1,0.1,0.1,0.1,0.1,0.5,0,17885,0.035672351,0.014760973,0,0,0,0,0,0,0,0,0,0,0.44,1.190830163
183423.05,0.484783754,0.5,6404,37,0.4907,31.875,34.5,36.07,0,0.016100027,0.134400108,0,0,20,0.5,0.104,5.5,50,25,0.1,0.1,0.1,0.1,0.1,0.1,0.5,0,16061,0.036797211,0.015067555,0,0,0,0,0,0,0,0,0,0,0.44,1.190830163
183483.09,0.443959915,0.5,6404,37,0.484717613,31.8125,34.5,36.17,0,0,0.25,0,0,20,0.5,0.104,5.5,50,25,0.1,0.1,0.1,0.1,0.1,0.1,0.5,0,15857,0.036513842,0.015072208,0,0,0,0,0,0,0,0,0,0,5,1.190830163
183543.13,0.457561911,0.5,6404,37,0.1669,32,34.5,37.17,0,0,0.07,0,0,20,0.5,0.104,5.5,50,25,0.1,0.1,0.1,0.1,0.1,0.1,0.5,0,16346,0.035727395,0.014804845,0,0,0,0,0,0,0,0,0,0,5,1.190830163
183603.18,0.469016512,0.5,6404,37,0.1606,32.25,34.5,37.17,0,0,0.07,0,0,20,0.5,0.104,5.5,50,25,0.1,0.1,0.1,0.1,0.1,0.1,0.5,0,14889,0.037544496,0.0149775,0,0,0,0,0,0,0,0,0,0,5,1.190830163
183663.21,0.497143193,0.5,6404,37,0.1304,32.25,34.5625,37.25,0,0,0.07,0,0,20,0.5,0.104,5.5,50,25,0.1,0.1,0.1,0.1,0.1,0.1,0.5,0,15500,0.037096774,0.01483871,0,0,0,0,0,0,0,0,0,0,5,1.190830163
183723.29,0.484826246,0.5,6404,37,0.1146,32.25,34.5625,37.27,0,0,0.07,0,0,20,0.5,0.104,5.5,50,25,0.1,0.1,0.1,0.1,0.1,0.1,0.5,0,16071,0.036898762,0.014809284,0,0,0,0,0,0,0,0,0,0,5,1.190830163
183783.36,0.497610997,0.5,6404,37,0.1224,32.1875,34.5625,37.21,0,0,0.25,0,0,20,0.5,0.104,5.5,50,25,0.1,0.1,0.1,0.1,0.1,0.1,0.5,0,16071,0.036587642,0.015120403,0,0,0,0,0,0,0,0,0,0,5,1.190830163
183843.4,0.498641519,0.5,6404,37,0.0843,32.1875,34.5625,37.33,0,0,0.07,0,0,20,0.5,0.104,5.5,50,25,0.1,0.1,0.1,0.1,0.1,0.1,0.5,0,16235,0.036772405,0.015029258,0,0,0,0,0,0,0,0,0,0,5,1.137495048
183903.47,0.514282039,0.5,6404,37,0.1519,32.125,34.5,37.05,0,0,0.07,0,0,20,0.5,0.104,5.5,50,25,0.1,0.1,0.1,0.1,0.1,0.1,0.5,0,16948,0.036110456,0.014691999,0,0,0,0,0,0,0,0,0,0,5,1.173273466
183963.53,0.55730407,0.5,6404,37,0.1474,32.0625,34.5,37.05,0,0,0.07,0,0,20,0.5,0.104,5.5,50,25,0.1,0.1,0.1,0.1,0.1,0.1,0.5,0,17020,0.036192714,0.014864865,0,0,0,0,0,0,0,0,0,0,5,1.355627302
184023.6,0.534151978,0.5,6404,37,0.1995,32.0625,34.4375,36.85,0,0,0.07,0,0,20,0.5,0.104,5.5,50,25,0.1,0.1,0.1,0.1,0.1,0.1,0.5,0,16980,0.03639576,0.014723204,0,0,0,0,0,0,0,0,0,0,5,1.160554147
184083.63,0.538944715,0.5,6404,37,0.1079,32.0625,34.4375,37.19,0,0,0,0,0,20,0.5,0.104,5.5,50,25,0.1,0.1,0.1,0.1,0.1,0.1,0.5,0,16859,0.03689424,0.015066137,0,0,0,0,0,0,0,0,0,0,5,1.129324224
184143.68,0.557831989,0.5,6404,37,0.1075,32,34.4375,37.17,0,0,0,0,0,20,0.5,0.104,5.5,50,25,0.1,0.1,0.1,0.1,0.1,0.1,0.5,0,17634,0.036293524,0.014687535,0,0,0,0,0,0,0,0,0,0,5,1.17619249
184203.72,0.574208673,0.5,6404,37,0.257125,32.0625,34.4375,37.09,0,0.02,0.15,0,0,20,0.5,0.104,5.5,50,25,0.1,0.1,0.1,0.1,0.1,0.1,0.5,0,18001,0.036053553,0.014888062,0,0,0,0,0,0,0,0,0,0,0.44,1.17619249
184263.77,0.542914037,0.5,6404,37,0.404025,31.9375,34.4375,36.45,0,0.02,0.15,0,0,20,0.5,0.104,5.5,50,25,0.1,0.1,0.1,0.1,0.1,0.1,0.5,0,16806,0.036594074,0.014697132,0,0,0,0,0,0,0,0,0,0,0.44,1.17619249
184323.83,0.499519588,0.5,6404,37,0.45485,31.8125,34.375,36.33,0,0.02,0.15,0,0,20,0.5,0.104,5.5,50,25,0.1,0.1,0.1,0.1,0.1,0.1,0.5,0,15157,0.037606386,0.015240483,0,0,0,0,0,0,0,0,0,0,0.44,1.17619249
184383.88,0.446553729,0.5,6404,37,0.3796,31.875,34.4375,36.33,0,0,0.25,0,0,20,0.5,0.104,5.5,50,25,0.1,0.1,0.1,0.1,0.1,0.1,0.5,0,15179,0.037156598,0.01475723,0,0,0,0,0,0,0,0,0,0,5,1.17619249
184443.93,0.451885652,0.5,6404,37,0.2441,32,34.4375,36.89,0,0,0.07,0,0,20,0.5,0.104,5.5,50,25,0.1,0.1,0.1,0.1,0.1,0.1,0.5,0,14601,0.03780563,0.014998973,0,0,0,0,0,0,0,0,0,0,5,1.17619249
184503.98,0.475270686,0.5,6404,37,0.161,32.125,34.375,37.19,0,0,0.07,0,0,20,0.5,0.104,5.5,50,25,0.1,0.1,0.1,0.1,0.1,0.1,0.5,0,16206,0.036036036,0.014624213,0,0,0,0,0,0,0,0,0,0,5,1.17619249
184564.05,0.481596178,0.5,6404,37,0.1343,32.1875,34.375,37.25,0,0,0.07,0,0,20,0.5,0.104,5.5,50,25,0.1,0.1,0.1,0.1,0.1,0.1,0.5,0,16432,0.036270691,0.014727361,0,0,0,0,0,0,0,0,0,0,5,1.17619249
184624.12,0.488468407,0.5,6404,37,0.1424,32.125,34.4375,37.19,0,0,0.07,0,0,20,0.5,0.104,5.5,50,25,0.1,0.1,0.1,0.1,0.1,0.1,0.5,0,15930,0.036848713,0.01475204,0,0,0,0,0,0,0,0,0,0,5,1.17619249
184684.15,0.496998928,0.5,6404,37,0.1343,32.1875,34.4375,37.19,0,0,0.25,0,0,20,0.5,0.104,5.5,50,25,0.1,0.1,0.1,0.1,0.1,0.1,0.5,0,15825,0.036903633,0.014849921,0,0,0,0,0,0,0,0,0,0,5,1.17619249
184744.19,0.509448481,0.5,6404,37,0.186,32.1875,34.4375,36.97,0,0,0.07,0,0,20,0.5,0.104,5.5,50,25,0.1,0.1,0.1,0.1,0.1,0.1,0.5,0,15746,0.037406325,0.015368983,0,0,0,0,0,0,0,0,0,0,5,1.191605451
184804.23,0.517413441,0.5,6404,37,0.14,32.125,34.5,37.13,0,0,0.07,0,0,20,0.5,0.104,5.5,50,25,0.1,0.1,0.1,0.1,0.1,0.1,0.5,0,16142,0.037108165,0.015177797,0,0,0,0,0,0,0,0,0,0,5,1.178565733
184864.27,0.528625376,0.5,6404,37,0.1655,32.125,34.5,37.01,0,0,0.07,0,0,20,0.5,0.104,5.5,50,25,0.1,0.1,0.1,0.1,0.1,0.1,0.5,0,16627,0.036687316,0.014795213,0,0,0,0,0,0,0,0,0,0,5,1.183950723
184924.31,0.528376894,0.5,6404,37,0.1569,32.0625,34.5,37.03,0,0,0.07,0,0,20,0.5,0.104,5.5,50,25,0.1,0.1,0.1,0.1,0.1,0.1,0.5,0,16321,0.037068807,0.014766252,0,0,0,0,0,0,0,0,0,0,5,1.123342696
184984.35,0.541249952,0.5,6404,37,0.1268,32.1875,34.5625,37.13,0,0,0,0,0,20,0.5,0.104,5.5,50,25,0.1,0.1,0.1,0.1,0.1,0.1,0.5,0,15523,0.037943696,0.015009985,0,0,0,0,0,0,0,0,0,0,5,1.139389603
185044.43,0.557112822,0.5,6404,37,0.232875,32.1875,34.5625,37.21,0,0.02,0.15,0,0,20,0.5,0.104,5.5,50,25,0.1,0.1,0.1,0.1,0.1,0.1,0.5,0,17305,0.03646345,0.014620052,0,0,0,0,0,0,0,0,0,0,0.44,1.139389603
185104.48,0.51866579,0.5,6404,37,0.382425,32.0625,34.4375,36.57,0,0.02,0.15,0,0,20,0.5,0.104,5.5,50,25,0.1,0.1,0.1,0.1,0.1,0.1,0.5,0,15701,0.037386154,0.01509458,0,0,0,0,0,0,0,0,0,0,0.44,1.139389603
185164.53,0.480081431,0.5,6404,37,0.452025,31.9375,34.4375,36.33,0,0.02,0.15,0,0,20,0.5,0.104,5.5,50,25,0.1,0.1,0.1,0.1,0.1,0.1,0.5,0,16262,0.036649859,0.014758332,0,0,0,0,0,0,0,0,0,0,0.44,1.139389603
185224.57,0.425367532,0.5,6404,37,0.4716,31.875,34.4375,36.01,0,0,0.07,0,0,20,0.5,0.104,5.5,50,25,0.1,0.1,0.1,0.1,0.1,0.1,0.5,0,15045,0.036955799,0.015154536,0,0,0,0,0,0,0,0,0,0,5,1.139389603
185284.6,0.431514645,0.5,6404,37,0.2178,32.0625,34.375,37.03,0,0,0.25,0,0,20,0.5,0.104,5.5,50,25,0.1,0.1,0.1,0.1,0.1,0.1,0.5,0,15220,0.036596583,0.015111695,0,0,0,0,0,0,0,0,0,0,5,1.139389603
185344.65,0.452739298,0.5,6404,37,0.1526,32.1875,34.375,37.25,0,0,0.07,0,0,20,0.5,0.104,5.5,50,25,0.1,0.1,0.1,0.1,0.1,0.1,0.5,0,14626,0.037467524,0.015315192,0,0,0,0,0,0,0,0,0,0,5,1.139389603
185404.72,0.44363872,0.5,6404,37,0.1412,32.25,34.375,37.25,0,0,0.07,0,0,20,0.5,0.104,5.5,50,25,0.1,0.1,0.1,0.1,0.1,0.1,0.5,0,15615,0.036567403,0.01492155,0,0,0,0,0,0,0,0,0,0,5,1.139389603
185464.79,0.45389856,0.5,6404,37,0.0992,32.25,34.375,37.37,0,0,0.07,0,0,20,0.5,0.104,5.5,50,25,0.1,0.1,0.1,0.1,0.1,0.1,0.5,0,15190,0.036998025,0.014878209,0,0,0,0,0,0,0,0,0,0,5,1.139389603
185524.87,0.478057951,0.5,6404,37,0.18,32.1875,34.3125,37.03,0,0,0.07,0,0,20,0.5,0.104,5.5,50,25,0.1,0.1,0.1,0.1,0.1,0.1,0.5,0,16258,0.036351335,0.014946488,0,0,0,0,0,0,0,0,0,0,5,1.139389603
185584.91,0.486814371,0.5,6404,37,0.1316,32.125,34.375,37.19,0,0,0.25,0,0,20,0.5,0.104,5.5,50,25,0.1,0.1,0.1,0.1,0.1,0.1,0.5,0,16549,0.036014261,0.014864947,0,0,0,0,0,0,0,0,0,0,5,1.136872883
185644.97,0.497867593,0.5,6404,37,0.1615,32.1875,34.4375,37.05,0,0,0.07,0,0,20,0.5,0.104,5.5,50,25,0.1,0.1,0.1,0.1,0.1,0.1,0.5,0,16717,0.036130885,0.014895017,0,0,0,0,0,0,0,0,0,0,5,1.147383083
185705.05,0.50756602,0.5,6404,37,0.1285,32.125,34.3125,37.17,0,0,0.07,0,0,20,0.5,0.104,5.5,50,25,0.1,0.1,0.1,0.1,0.1,0.1,0.5,0,16111,0.037241636,0.014834585,0,0,0,0,0,0,0,0,0,0,5,1.147891811
185765.12,0.511317663,0.5,6404,37,0.1891,32.0625,34.375,36.93,0,0,0.07,0,0,20,0.5,0.104,5.5,50,25,0.1,0.1,0.1,0.1,0.1,0.1,0.5,0,16982,0.036332587,0.014957013,0,0,0,0,0,0,0,0,0,0,5,1.112589991
185825.19,0.533414613,0.5,6404,37,0.0739,32.0625,34.4375,37.35,0,0,0,0,0,20,0.5,0.104,5.5,50,25,0.1,0.1,0.1,0.1,0.1,0.1,0.5,0,15810,0.037634409,0.015243517,0,0,0,0,0,0,0,0,0,0,5,1.183884372
185885.24,0.53633253,0.5,6404,37,0.1026,32.0625,34.4375,37.21,0,0,0,0,0,20,0.5,0.104,5.5,50,25,0.1,0.1,0.1,0.1,0.1,0.1,0.5,0,15545,0.037889997,0.015053072,0,0,0,0,0,0,0,0,0,0,5,1.14105621
185945.29,0.543919861,0.5,6404,37,0.1072,32.0625,34.375,37.17,0,0,0,0,0,20,0.5,0.104,5.5,50,25,0.1,0.1,0.1,0.1,0.1,0.1,0.5,0,16687,0.03679511,0.014861869,0,0,0,0,0,0,0,0,0,0,5,1.126146087
186005.33,0.552801939,0.5,6404,37,0.27835,32.0625,34.375,37.01,0,0.02,0.15,0,0,20,0.5,0.104,5.5,50,25,0.1,0.1,0.1,0.1,0.1,0.1,0.5,0,16753,0.037127679,0.015101773,0,0,0,0,0,0,0,0,0,0,0.44,1.126146087
186065.37,0.50194717,0.5,6404,37,0.455734907,31.875,34.4375,36.23,0,0.019578222,0.148312888,0,0,20,0.5,0.104,5.5,50,25,0.1,0.1,0.1,0.1,0.1,0.1,0.5,0,17030,0.036054022,0.014562537,0,0,0,0,0,0,0,0,0,0,0.44,1.126146087
186125.41,0.443433432,0.5,6404,37,0.439672992,31.75,34.4375,36.09,0,0.001106927,0.074427708,0,0,20,0.5,0.104,5.5,50,25,0.1,0.1,0.1,0.1,0.1,0.1,0.5,0,16022,0.036387467,0.014604918,0,0,0,0,0,0,0,0,0,0,0.44,1.126146087
186185.49,0.452327607,0.5,6404,37,0.2473,32,34.5,36.87,0,0,0.25,0,0,20,0.5,0.104,5.5,50,25,0.1,0.1,0.1,0.1,0.1,0.1,0.5,0,14780,0.037753721,0.015290934,0,0,0,0,0,0,0,0,0,0,5,1.126146087
186245.55,0.467970417,0.5,6404,37,0.1342,32.1875,34.5,37.29,0,0,0.07,0,0,20,0.5,0.104,5.5,50,25,0.1,0.1,0.1,0.1,0.1,0.1,0.5,0,15972,0.036376158,0.014525419,0,0,0,0,0,0,0,0,0,0,5,1.126146087
186305.61,0.47584196,0.5,6404,37,0.1897,32.1875,34.5,37.05,0,0,0.07,0,0,20,0.5,0.104,5.5,50,25,0.1,0.1,0.1,0.1,0.1,0.1,0.5,0,14706,0.037943696,0.015435877,0,0,0,0,0,0,0,0,0,0,5,1.126146087
186365.68,0.491341753,0.5,6404,37,0.0968,32.3125,34.5,37.37,0,0,0.07,0,0,20,0.5,0.104,5.5,50,25,0.1,0.1,0.1,0.1,0.1,0.1,0.5,0,15006,0.037518326,0.014927362,0,0,0,0,0,0,0,0,0,0,5,1.126146087
186425.76,0.494054462,0.5,6404,37,0.1387,32.25,34.5625,37.17,0,0,0.07,0,0,20,0.5,0.104,5.5,50,25,0.1,0.1,0.1,0.1,0.1,0.1,0.5,0,16326,0.036444934,0.014884234,0,0,0,0,0,0,0,0,0,0,5,1.126146087
186485.84,0.496972124,0.5,6404,37,0.1083,32.25,34.5,37.27,0,0,0.25,0,0,20,0.5,0.104,5.5,50,25,0.1,0.1,0.1,0.1,0.1,0.1,0.5,0,16766,0.036502445,0.01491113,0,0,0,0,0,0,0,0,0,0,5,1.126146087
186545.9,0.506322725,0.5,6404,37,0.1264,32.25,34.5625,37.17,0,0,0.07,0,0,20,0.5,0.104,5.5,50,25,0.1,0.1,0.1,0.1,0.1,0.1,0.5,0,16219,0.036870337,0.014920772,0,0,0,0,0,0,0,0,0,0,5,1.125759765
186605.94,0.518655146,0.5,6404,37,0.1213,32.1875,34.5625,37.17,0,0,0.07,0,0,20,0.5,0.104,5.5,50,25,0.1,0.1,0.1,0.1,0.1,0.1,0.5,0,15572,0.037952736,0.015026971,0,0,0,0,0,0,0,0,0,0,5,1.141666602
186665.98,0.543600182,0.5,6404,37,0.1595,32.125,34.5625,37.01,0,0,0.07,0,0,20,0.5,0.104,5.5,50,25,0.1,0.1,0.1,0.1,0.1,0.1,0.5,0,17142,0.036343484,0.014817408,0,0,0,0,0,0,0,0,0,0,5,1.225507708
186726.04,0.534770245,0.5,6404,37,0.1321,32.125,34.5625,37.11,0,0,0.07,0,0,20,0.5,0.104,5.5,50,25,0.1,0.1,0.1,0.1,0.1,0.1,0.5,0,16591,0.036646375,0.014827316,0,0,0,0,0,0,0,0,0,0,5,1.115101891
186786.09,0.547783405,0.5,6404,37,0.14635,32.0625,34.625,37.29,0,0,0,0,0,20,0.5,0.104,5.5,50,25,0.1,0.1,0.1,0.1,0.1,0.1,0.5,0,18144,0.035824515,0.014660494,0,0,0,0,0,0,0,0,0,0,5,1.131475066
186846.16,0.561231088,0.5,6404,37,0.21505,32.125,34.625,37.27,0,0.02,0.15,0,0,20,0.5,0.104,5.5,50,25,0.1,0.1,0.1,0.1,0.1,0.1,0.5,0,16728,0.037362506,0.014825442,0,0,0,0,0,0,0,0,0,0,0.44,1.131475066
186906.23,0.497032447,0.5,6404,37,0.486219149,31.875,34.625,36.05,0,0.019794849,0.149179396,0,0,20,0.5,0.104,5.5,50,25,0.1,0.1,0.1,0.1,0.1,0.1,0.5,0,16307,0.037161955,0.014778929,0,0,0,0,0,0,0,0,0,0,0.44,1.131475066
186966.28,0.444176512,0.5,6404,37,0.421,31.9375,34.5625,36.15,0,0,0.07,0,0,20,0.5,0.104,5.5,50,25,0.1,0.1,0.1,0.1,0.1,0.1,0.5,0,15509,0.037075247,0.014894577,0,0,0,0,0,0,0,0,0,0,5,1.131475066
187026.32,0.459130055,0.5,6404,37,0.1996,32,34.5,37.05,0,0,0.07,0,0,20,0.5,0.104,5.5,50,25,0.1,0.1,0.1,0.1,0.1,0.1,0.5,0,14854,0.037902249,0.015147435,0,0,0,0,0,0,0,0,0,0,5,1.131475066
187086.39,0.467958146,0.5,6404,37,0.1206,32.25,34.4375,37.33,0,0,0.25,0,0,20,0.5,0.104,5.5,50,25,0.1,0.1,0.1,0.1,0.1,0.1,0.5,0,15497,0.037039427,0.014841582,0,0,0,0,0,0,0,0,0,0,5,1.131475066
187146.45,0.481580898,0.5,6404,37,0.101,32.125,34.4375,37.37,0,0,0.07,0,0,20,0.5,0.104,5.5,50,25,0.1,0.1,0.1,0.1,0.1,0.1,0.5,0,14827,0.038038713,0.015107574,0,0,0,0,0,0,0,0,0,0,5,1.131475066
187206.49,0.490320592,0.5,6404,37,0.1459,32.1875,34.375,37.17,0,0,0.07,0,0,20,0.5,0.104,5.5,50,25,0.1,0.1,0.1,0.1,0.1,0.1,0.5,0,15554,0.037546612,0.015044362,0,0,0,0,0,0,0,0,0,0,5,1.131475066
187266.56,0.512124671,0.5,6404,37,0.0904,32.1875,34.375,37.35,0,0,0.07,0,0,20,0.5,0.104,5.5,50,25,0.1,0.1,0.1,0.1,0.1,0.1,0.5,0,17042,0.036028635,0.014845675,0,0,0,0,0,0,0,0,0,0,5,1.131475066
187326.67,0.511221633,0.5,6404,37,0.1182,32.125,34.3125,37.21,0,0,0.07,0,0,20,0.5,0.104,5.5,50,25,0.1,0.1,0.1,0.1,0.1,0.1,0.5,0,15177,0.038018054,0.015418067,0,0,0,0,0,0,0,0,0,0,5,1.069606697
187386.74,0.518206014,0.5,6404,37,0.1231,32.125,34.375,37.17,0,0,0.25,0,0,20,0.5,0.104,5.5,50,25,0.1,0.1,0.1,0.1,0.1,0.1,0.5,0,16134,0.03743647,0.015123342,0,0,0,0,0,0,0,0,0,0,5,1.056835324
187446.8,0.525533071,0.5,6404,37,0.1271,32.0625,34.375,37.13,0,0,0.07,0,0,20,0.5,0.104,5.5,50,25,0.1,0.1,0.1,0.1,0.1,0.1,0.5,0,17046,0.036665493,0.015076851,0,0,0,0,0,0,0,0,0,0,5,1.046114295
187506.87,0.538586577,0.5,6404,37,0.1565,32,34.375,37.01,0,0,0.07,0,0,20,0.5,0.104,5.5,50,25,0.1,0.1,0.1,0.1,0.1,0.1,0.5,0,17317,0.036207195,0.014898655,0,0,0,0,0,0,0,0,0,0,5,1.067413993
187566.94,0.556676163,0.5,6404,37,0.12455,32,34.375,36.95,0,0,0,0,0,20,0.5,0.104,5.5,50,25,0.1,0.1,0.1,0.1,0.1,0.1,0.5,0,16152,0.037766221,0.015044577,0,0,0,0,0,0,0,0,0,0,5,1.11314955
187627.02,0.564626484,0.5,6404,37,0.386075,32,34.3125,36.55,0,0.02,0.15,0,0,20,0.5,0.104,5.5,50,25,0.1,0.1,0.1,0.1,0.1,0.1,0.5,0,18042,0.036359605,0.014854229,0,0,0,0,0,0,0,0,0,0,0.44,1.11314955
187687.07,0.498784583,0.5,6404,37,0.58215,31.8125,34.375,35.71,0,0.02,0.25,0,0,20,0.5,0.104,5.5,50,25,0.1,0.1,0.1,0.1,0.1,0.1,0.5,0,16107,0.037126715,0.015086608,0,0,0,0,0,0,0,0,0,0,0.44,1.11314955
187747.11,0.449884736,0.5,6404,37,0.39,31.875,34.375,36.31,0,0,0.07,0,0,20,0.5,0.104,5.5,50,25,0.1,0.1,0.1,0.1,0.1,0.1,0.5,0,15668,0.036699004,0.014743426,0,0,0,0,0,0,0,0,0,0,5,1.11314955
187807.15,0.452577714,0.5,6404,37,0.2177,32,34.375,37.01,0,0,0.07,0,0,20,0.5,0.104,5.5,50,25,0.1,0.1,0.1,0.1,0.1,0.1,0.5,0,15180,0.03715415,0.014953887,0,0,0,0,0,0,0,0,0,0,5,1.11314955
187867.2,0.475863869,0.5,6404,37,0.169,32.25,34.375,37.17,0,0,0.07,0,0,20,0.5,0.104,5.5,50,25,0.1,0.1,0.1,0.1,0.1,0.1,0.5,0,14994,0.037414966,0.014939309,0,0,0,0,0,0,0,0,0,0,5,1.11314955
187927.25,0.484908558,0.5,6404,37,0.1144,32.1875,34.4375,37.35,0,0,0.07,0,0,20,0.5,0.104,5.5,50,25,0.1,0.1,0.1,0.1,0.1,0.1,0.5,0,15273,0.037058862,0.015190205,0,0,0,0,0,0,0,0,0,0,5,1.11314955
187987.29,0.492666078,0.5,6404,37,0.1201,32.1875,34.4375,37.29,0,0,0.25,0,0,20,0.5,0.104,5.5,50,25,0.1,0.1,0.1,0.1,0.1,0.1,0.5,0,16296,0.036757486,0.01485027,0,0,0,0,0,0,0,0,0,0,5,1.11314955
188047.35,0.49532256,0.5,6404,37,0.1561,32.25,34.375,37.11,0,0,0.07,0,0,20,0.5,0.104,5.5,50,25,0.1,0.1,0.1,0.1,0.1,0.1,0.5,0,16332,0.036370316,0.014878766,0,0,0,0,0,0,0,0,0,0,5,1.11314955
188107.41,0.502355518,0.5,6404,37,0.1289,32.125,34.4375,37.19,0,0,0.07,0,0,20,0.5,0.104,5.5,50,25,0.1,0.1,0.1,0.1,0.1,0.1,0.5,0,15817,0.037238414,0.014794209,0,0,0,0,0,0,0,0,0,0,5,1.09978873
188167.45,0.534553612,0.5,6404,37,0.1815,32.1875,34.5,36.97,0,0,0.07,0,0,20,0.5,0.104,5.5,50,25,0.1,0.1,0.1,0.1,0.1,0.1,0.5,0,15696,0.037589195,0.014971967,0,0,0,0,0,0,0,0,0,0,5,1.231171163
188227.5,0.53344989,0.5,6404,37,0.1249,32.1875,34.4375,37.17,0,0,0.07,0,0,20,0.5,0.104,5.5,50,25,0.1,0.1,0.1,0.1,0.1,0.1,0.5,0,16308,0.036975717,0.015023301,0,0,0,0,0,0,0,0,0,0,5,1.163411936
188287.57,0.547996016,0.5,6404,37,0.1357,32.125,34.4375,37.11,0,0,0.25,0,0,20,0.5,0.104,5.5,50,25,0.1,0.1,0.1,0.1,0.1,0.1,0.5,0,17812,0.036099259,0.014653043,0,0,0,0,0,0,0,0,0,0,5,1.18594997
188347.64,0.552292932,0.5,6404,37,0.235625,32.0625,34.4375,37.25,0,0.02,0.15,0,0,20,0.5,0.104,5.5,50,25,0.1,0.1,0.1,0.1,0.1,0.1,0.5,0,17544,0.03619471,0.014876881,0,0,0,0,0,0,0,0,0,0,0.44,1.18594997
188407.7,0.500229601,0.5,6404,37,0.444979001,31.9375,34.4375,36.31,0,0.019306596,0.147226383,0,0,20,0.5,0.104,5.5,50,25,0.1,0.1,0.1,0.1,0.1,0.1,0.5,0,15960,0.036842105,0.015100251,0,0,0,0,0,0,0,0,0,0,0.44,1.18594997
188467.77,0.455124434,0.5,6404,37,0.48245326,31.8125,34.5,36.15,0,0.013952305,0.125809221,0,0,20,0.5,0.104,5.5,50,25,0.1,0.1,0.1,0.1,0.1,0.1,0.5,0,15899,0.036417385,0.014906598,0,0,0,0,0,0,0,0,0,0,0.44,1.18594997
188527.85,0.420382224,0.5,6404,37,0.4319,31.875,34.5,36.23,0,0,0.07,0,0,20,0.5,0.104,5.5,50,25,0.1,0.1,0.1,0.1,0.1,0.1,0.5,0,15500,0.036709677,0.014903226,0,0,0,0,0,0,0,0,0,0,5,1.18594997
188587.89,0.426493468,0.5,6404,37,0.16,32.1875,34.5,37.29,0,0,0.25,0,0,20,0.5,0.104,5.5,50,25,0.1,0.1,0.1,0.1,0.1,0.1,0.5,0,14355,0.037756879,0.01497736,0,0,0,0,0,0,0,0,0,0,5,1.18594997
188647.95,0.433488167,0.5,6404,37,0.1686,32.25,34.5,37.21,0,0,0.07,0,0,20,0.5,0.104,5.5,50,25,0.1,0.1,0.1,0.1,0.1,0.1,0.5,0,14795,0.037512673,0.015343021,0,0,0,0,0,0,0,0,0,0,5,1.18594997
188708.01,0.438576987,0.5,6404,37,0.1905,32.25,34.5,37.09,0,0,0.07,0,0,20,0.5,0.104,5.5,50,25,0.1,0.1,0.1,0.1,0.1,0.1,0.5,0,15765,0.036600063,0.014906438,0,0,0,0,0,0,0,0,0,0,5,1.18594997
188768.07,0.464831406,0.5,6404,37,0.1076,32.25,34.5,37.37,0,0,0.07,0,0,20,0.5,0.104,5.5,50,25,0.1,0.1,0.1,0.1,0.1,0.1,0.5,0,14557,0.037439033,0.014975613,0,0,0,0,0,0,0,0,0,0,5,1.18594997
188828.11,0.464456693,0.5,6404,37,0.171,32.25,34.5,37.09,0,0,0.07,0,0,20,0.5,0.104,5.5,50,25,0.1,0.1,0.1,0.1,0.1,0.1,0.5,0,15930,0.036409291,0.014877589,0,0,0,0,0,0,0,0,0,0,5,1.18594997
188888.15,0.468159291,0.5,6404,37,0.1423,32.25,34.5625,37.17,0,0,0.25,0,0,20,0.5,0.104,5.5,50,25,0.1,0.1,0.1,0.1,0.1,0.1,0.5,0,14781,0.037886476,0.015357554,0,0,0,0,0,0,0,0,0,0,5,1.150473319
188948.21,0.49056806,0.5,6404,37,0.1513,32.25,34.5,37.11,0,0,0.07,0,0,20,0.5,0.104,5.5,50,25,0.1,0.1,0.1,0.1,0.1,0.1,0.5,0,15703,0.037126664,0.014837929,0,0,0,0,0,0,0,0,0,0,5,1.233215924
189008.29,0.484468238,0.5,6404,37,0.1418,32.25,34.5,37.13,0,0,0.07,0,0,20,0.5,0.104,5.5,50,25,0.1,0.1,0.1,0.1,0.1,0.1,0.5,0,15375,0.037723577,0.015349593,0,0,0,0,0,0,0,0,0,0,5,1.134018668
189068.37,0.510568394,0.5,6404,37,0.1423,32.1875,34.5,37.11,0,0,0.07,0,0,20,0.5,0.104,5.5,50,25,0.1,0.1,0.1,0.1,0.1,0.1,0.5,0,16238,0.037073531,0.014718561,0,0,0,0,0,0,0,0,0,0,5,1.234735927
189128.41,0.520555553,0.5,6404,37,0.11945,32.25,34.5,37.25,0,0,0,0,0,20,0.5,0.104,5.5,50,25,0.1,0.1,0.1,0.1,0.1,0.1,0.5,0,16576,0.036800193,0.01496139,0,0,0,0,0,0,0,0,0,0,5,1.231115157
189188.48,0.541905028,0.5,6404,37,0.11695,32.25,34.5625,37.11,0,0,0,0,0,20,0.5,0.104,5.5,50,25,0.1,0.1,0.1,0.1,0.1,0.1,0.5,0,16407,0.036935454,0.014749802,0,0,0,0,0,0,0,0,0,0,5,1.290141844
189248.56,0.527346178,0.5,6404,37,0.12715,32.1875,34.5625,36.95,0,0,0,0,0,20,0.5,0.104,5.5,50,25,0.1,0.1,0.1,0.1,0.1,0.1,0.5,0,16270,0.037246466,0.015119852,0,0,0,0,0,0,0,0,0,0,5,1.143934121
189308.63,0.533255482,0.5,6404,37,0.10825,32.1875,34.5625,36.79,0,0,0,0,0,20,0.5,0.104,5.5,50,25,0.1,0.1,0.1,0.1,0.1,0.1,0.5,0,17107,0.036242474,0.014613901,0,0,0,0,0,0,0,0,0,0,5,1.120167674
189368.69,0.554600897,0.5,6404,37,0.08255,32.125,34.625,36.97,0,0,0,0,0,20,0.5,0.104,5.5,50,25,0.1,0.1,0.1,0.1,0.1,0.1,0.5,0,17385,0.036870866,0.015012942,0,0,0,0,0,0,0,0,0,0,5,1.181903628
189428.73,0.566206511,0.5,6404,37,0.409,32.0625,34.5,36.33,0,0.02,0.15,0,0,20,0.5,0.104,5.5,50,25,0.1,0.1,0.1,0.1,0.1,0.1,0.5,0,15726,0.03853491,0.015579295,0,0,0,0,0,0,0,0,0,0,0.44,1.181903628
189488.77,0.500473647,0.5,6404,37,0.5558,31.9375,34.5,35.77,0,0.02,0.25,0,0,20,0.5,0.104,5.5,50,25,0.1,0.1,0.1,0.1,0.1,0.1,0.5,0,16085,0.037364004,0.015107243,0,0,0,0,0,0,0,0,0,0,0.44,1.181903628
189548.8,0.445695448,0.5,6404,37,0.397036659,31.875,34.4375,36.29,0,0.001411424,0.075645697,0,0,20,0.5,0.104,5.5,50,25,0.1,0.1,0.1,0.1,0.1,0.1,0.5,0,14932,0.0378382,0.015336191,0,0,0,0,0,0,0,0,0,0,0.44,1.181903628
189608.85,0.470800585,0.5,6404,37,0.355920455,31.9375,34.4375,36.63,0,0.00799461,0.101978439,0,0,20,0.5,0.104,5.5,50,25,0.1,0.1,0.1,0.1,0.1,0.1,0.5,0,14307,0.038302929,0.015307192,0,0,0,0,0,0,0,0,0,0,0.44,1.181903628
189668.91,0.431269321,0.5,6404,37,0.2516,32.0625,34.375,36.89,0,0,0.07,0,0,20,0.5,0.104,5.5,50,25,0.1,0.1,0.1,0.1,0.1,0.1,0.5,0,14402,0.037841966,0.015275656,0,0,0,0,0,0,0,0,0,0,5,1.181903628
189728.97,0.436605407,0.5,6404,37,0.1459,32.1875,34.375,37.29,0,0,0.07,0,0,20,0.5,0.104,5.5,50,25,0.1,0.1,0.1,0.1,0.1,0.1,0.5,0,14622,0.037409383,0.014977431,0,0,0,0,0,0,0,0,0,0,5,1.181903628
189789.04,0.447451112,0.5,6404,37,0.1619,32.3125,34.375,37.19,0,0,0.25,0,0,20,0.5,0.104,5.5,50,25,0.1,0.1,0.1,0.1,0.1,0.1,0.5,0,14694,0.037362189,0.014972097,0,0,0,0,0,0,0,0,0,0,5,1.181903628
189849.11,0.462431689,0.5,6404,37,0.056,32.25,34.375,37.55,0,0,0.07,0,0,20,0.5,0.104,5.5,50,25,0.1,0.1,0.1,0.1,0.1,0.1,0.5,0,15710,0.037110121,0.014576703,0,0,0,0,0,0,0,0,0,0,5,1.181903628
189909.17,0.480547371,0.5,6404,37,0.0799,32.1875,34.375,37.41,0,0,0.07,0,0,20,0.5,0.104,5.5,50,25,0.1,0.1,0.1,0.1,0.1,0.1,0.5,0,15719,0.036770787,0.014822826,0,0,0,0,0,0,0,0,0,0,5,1.181903628
189969.21,0.476973171,0.5,6404,37,0.128,32.1875,34.4375,37.19,0,0,0.07,0,0,20,0.5,0.104,5.5,50,25,0.1,0.1,0.1,0.1,0.1,0.1,0.5,0,15697,0.037268268,0.014843601,0,0,0,0,0,0,0,0,0,0,5,1.181903628
190029.29,0.50098523,0.5,6404,37,0.1509,32.1875,34.4375,37.09,0,0,0.07,0,0,20,0.5,0.104,5.5,50,25,0.1,0.1,0.1,0.1,0.1,0.1,0.5,0,15154,0.038009766,0.015177511,0,0,0,0,0,0,0,0,0,0,5,1.270157575
190089.32,0.507701668,0.5,6404,37,0.1576,32.125,34.4375,37.05,0,0,0.25,0,0,20,0.5,0.104,5.5,50,25,0.1,0.1,0.1,0.1,0.1,0.1,0.5,0,16149,0.037154003,0.015171218,0,0,0,0,0,0,0,0,0,0,5,1.246601859
190149.39,0.504290971,0.5,6404,37,0.1631,32.125,34.5,37.01,0,0,0.07,0,0,20,0.5,0.104,5.5,50,25,0.1,0.1,0.1,0.1,0.1,0.1,0.5,0,16531,0.036960861,0.015123102,0,0,0,0,0,0,0,0,0,0,5,1.164050018
190209.43,0.514141612,0.5,6404,37,0.121,32.0625,34.5,37.17,0,0,0.07,0,0,20,0.5,0.104,5.5,50,25,0.1,0.1,0.1,0.1,0.1,0.1,0.5,0,16333,0.037408927,0.014877855,0,0,0,0,0,0,0,0,0,0,5,1.163883457
190269.47,0.530346826,0.5,6404,37,0.09725,32.0625,34.5,36.95,0,0,0,0,0,20,0.5,0.104,5.5,50,25,0.1,0.1,0.1,0.1,0.1,0.1,0.5,0,16544,0.037113153,0.014808994,0,0,0,0,0,0,0,0,0,0,5,1.198786612
190329.54,0.541404685,0.5,6404,37,0.12095,32.0625,34.5,36.97,0,0,0,0,0,20,0.5,0.104,5.5,50,25,0.1,0.1,0.1,0.1,0.1,0.1,0.5,0,16666,0.036781471,0.014880595,0,0,0,0,0,0,0,0,0,0,5,1.20075483
190389.58,0.541364308,0.5,6404,37,0.317075,32.0625,34.5625,36.81,0,0.02,0.25,0,0,20,0.5,0.104,5.5,50,25,0.1,0.1,0.1,0.1,0.1,0.1,0.5,0,15891,0.037757221,0.015102888,0,0,0,0,0,0,0,0,0,0,0.44,1.20075483
190449.63,0.500453804,0.5,6404,37,0.538175,31.9375,34.5625,35.85,0,0.02,0.15,0,0,20,0.5,0.104,5.5,50,25,0.1,0.1,0.1,0.1,0.1,0.1,0.5,0,14985,0.038571905,0.015281949,0,0,0,0,0,0,0,0,0,0,0.44,1.20075483
190509.67,0.433375495,0.5,6404,37,0.3696,31.875,34.5625,36.37,0,0,0.07,0,0,20,0.5,0.104,5.5,50,25,0.1,0.1,0.1,0.1,0.1,0.1,0.5,0,15857,0.037081415,0.015198335,0,0,0,0,0,0,0,0,0,0,0.44,1.20075483
190569.71,0.452737997,0.5,6404,37,0.1581,32.0625,34.5625,37.21,0,0,0.07,0,0,20,0.5,0.104,5.5,50,25,0.1,0.1,0.1,0.1,0.1,0.1,0.5,0,14886,0.038156657,0.015450759,0,0,0,0,0,0,0,0,0,0,5,1.20075483
190629.78,0.465107896,0.5,6404,37,0.13,32.0625,34.5,37.29,0,0,0.07,0,0,20,0.5,0.104,5.5,50,25,0.1,0.1,0.1,0.1,0.1,0.1,0.5,0,15287,0.037875319,0.015437954,0,0,0,0,0,0,0,0,0,0,5,1.20075483
190689.82,0.467002539,0.5,6404,37,0.169,32.1875,34.4375,37.11,0,0,0.25,0,0,20,0.5,0.104,5.5,50,25,0.1,0.1,0.1,0.1,0.1,0.1,0.5,0,15495,0.037560503,0.014972572,0,0,0,0,0,0,0,0,0,0,5,1.20075483
190749.87,0.48943177,0.5,6404,37,0.1356,32.25,34.4375,37.21,0,0,0.07,0,0,20,0.5,0.104,5.5,50,25,0.1,0.1,0.1,0.1,0.1,0.1,0.5,0,16491,0.036929234,0.015038506,0,0,0,0,0,0,0,0,0,0,5,1.20075483
190809.9,0.494618024,0.5,6404,37,0.05295,32.1875,34.4375,37.21,0,0,0.07,0,0,20,0.5,0.104,5.5,50,25,0.1,0.1,0.1,0.1,0.1,0.1,0.5,0,16400,0.037134146,0.014817073,0,0,0,0,0,0,0,0,0,0,5,1.20075483
190869.97,0.512666089,0.5,6404,37,0.15345,32.0625,34.4375,37.09,0,0,0.07,0,0,20,0.5,0.104,5.5,50,25,0.1,0.1,0.1,0.1,0.1,0.1,0.5,0,15052,0.03899814,0.015612543,0,0,0,0,0,0,0,0,0,0,5,1.20075483
190930.01,0.522515871,0.5,6404,37,0.13985,32.125,34.375,37.17,0,0,0.07,0,0,20,0.5,0.104,5.5,50,25,0.1,0.1,0.1,0.1,0.1,0.1,0.5,0,16237,0.037630104,0.015150582,0,0,0,0,0,0,0,0,0,0,5,1.197808958
190990.08,0.529588192,0.5,6404,37,0.1566,32.0625,34.375,37.03,0,0,0.25,0,0,20,0.5,0.104,5.5,50,25,0.1,0.1,0.1,0.1,0.1,0.1,0.5,0,16563,0.037130955,0.014852382,0,0,0,0,0,0,0,0,0,0,5,1.178251559
191050.13,0.525980959,0.5,6404,37,0.11905,32.0625,34.4375,37.03,0,0,0.07,0,0,20,0.5,0.104,5.5,50,25,0.1,0.1,0.1,0.1,0.1,0.1,0.5,0,17156,0.037304733,0.014921893,0,0,0,0,0,0,0,0,0,0,5,1.098834896
191110.18,0.541932127,0.5,6404,37,0.10575,32.0625,34.375,36.95,0,0,0,0,0,20,0.5,0.104,5.5,50,25,0.1,0.1,0.1,0.1,0.1,0.1,0.5,0,17351,0.037116016,0.015042361,0,0,0,0,0,0,0,0,0,0,5,1.13352041
191170.22,0.563913331,0.5,6404,37,0.415525,31.9375,34.4375,36.37,0,0.02,0.15,0,0,20,0.5,0.104,5.5,50,25,0.1,0.1,0.1,0.1,0.1,0.1,0.5,0,16082,0.038552419,0.015483149,0,0,0,0,0,0,0,0,0,0,0.44,1.13352041
191230.25,0.495375331,0.5,6404,37,0.623437213,31.875,34.4375,35.51,0,0.019855371,0.149421483,0,0,20,0.5,0.104,5.5,50,25,0.1,0.1,0.1,0.1,0.1,0.1,0.5,0,15096,0.038553259,0.015567038,0,0,0,0,0,0,0,0,0,0,0.44,1.13352041
191290.29,0.44624912,0.5,6404,37,0.3716,31.875,34.4375,36.41,0,0,0.25,0,0,20,0.5,0.104,5.5,50,25,0.1,0.1,0.1,0.1,0.1,0.1,0.5,0,15013,0.038233531,0.015386665,0,0,0,0,0,0,0,0,0,0,5,1.13352041
191350.33,0.4448698,0.5,6404,37,0.19495,31.9375,34.4375,37.05,0,0,0.07,0,0,20,0.5,0.104,5.5,50,25,0.1,0.1,0.1,0.1,0.1,0.1,0.5,0,14827,0.038375936,0.015175019,0,0,0,0,0,0,0,0,0,0,5,1.13352041
191410.37,0.463584356,0.5,6404,37,0.13885,32.125,34.4375,37.35,0,0,0.07,0,0,20,0.5,0.104,5.5,50,25,0.1,0.1,0.1,0.1,0.1,0.1,0.5,0,15702,0.037574831,0.015157305,0,0,0,0,0,0,0,0,0,0,5,1.13352041
191470.45,0.483968248,0.5,6404,37,0.11425,32.1875,34.4375,37.29,0,0,0.07,0,0,20,0.5,0.104,5.5,50,25,0.1,0.1,0.1,0.1,0.1,0.1,0.5,0,15551,0.037746769,0.014982959,0,0,0,0,0,0,0,0,0,0,5,1.13352041
191530.5,0.502432905,0.5,6404,37,0.14585,32.25,34.5,37.09,0,0,0.07,0,0,20,0.5,0.104,5.5,50,25,0.1,0.1,0.1,0.1,0.1,0.1,0.5,0,15185,0.03852486,0.015212381,0,0,0,0,0,0,0,0,0,0,5,1.13352041
191590.58,0.498699984,0.5,6404,37,0.1517,32.25,34.5,37.13,0,0,0.25,0,0,20,0.5,0.104,5.5,50,25,0.1,0.1,0.1,0.1,0.1,0.1,0.5,0,15987,0.037780697,0.015387502,0,0,0,0,0,0,0,0,0,0,5,1.13352041
191650.61,0.515874575,0.5,6404,37,0.09675,32.25,34.4375,37.05,0,0,0.07,0,0,20,0.5,0.104,5.5,50,25,0.1,0.1,0.1,0.1,0.1,0.1,0.5,0,16283,0.037523798,0.01492354,0,0,0,0,0,0,0,0,0,0,5,1.178421335
191710.71,0.531295756,0.5,6404,37,0.11985,32.125,34.5,37.17,0,0,0.07,0,0,20,0.5,0.104,5.5,50,25,0.1,0.1,0.1,0.1,0.1,0.1,0.5,0,17104,0.036775023,0.015025725,0,0,0,0,0,0,0,0,0,0,5,1.207865812
191770.78,0.544740643,0.5,6404,37,0.13745,32.0625,34.5625,37.17,0,0,0.07,0,0,20,0.5,0.104,5.5,50,25,0.1,0.1,0.1,0.1,0.1,0.1,0.5,0,15668,0.038549911,0.01538167,0,0,0,0,0,0,0,0,0,0,5,1.22244538
191830.85,0.540157569,0.5,6404,37,0.363575,32.1875,34.5625,36.63,0,0.02,0.15,0,0,20,0.5,0.104,5.5,50,25,0.1,0.1,0.1,0.1,0.1,0.1,0.5,0,16305,0.037963815,0.015087397,0,0,0,0,0,0,0,0,0,0,0.44,1.22244538
191890.92,0.504185006,0.5,6404,37,0.3971,32,34.5,36.55,0,0.02,0.25,0,0,20,0.5,0.104,5.5,50,25,0.1,0.1,0.1,0.1,0.1,0.1,0.5,0,16183,0.037446703,0.015201137,0,0,0,0,0,0,0,0,0,0,0.44,1.22244538
191950.96,0.471751123,0.5,6404,37,0.4763,32,34.5,36.25,0,0.02,0.15,0,0,20,0.5,0.104,5.5,50,25,0.1,0.1,0.1,0.1,0.1,0.1,0.5,0,15272,0.038108958,0.01512572,0,0,0,0,0,0,0,0,0,0,0.44,1.22244538
192011.02,0.423124654,0.5,6404,37,0.54345,31.9375,34.5625,36.21,0,0,0.07,0,0,20,0.5,0.104,5.5,50,25,0.1,0.1,0.1,0.1,0.1,0.1,0.5,0,15011,0.037639065,0.015255479,0,0,0,0,0,0,0,0,0,0,5,1.22244538
192071.06,0.430076381,0.5,6404,37,0.21845,32.0625,34.5625,37.13,0,0,0.07,0,0,20,0.5,0.104,5.5,50,25,0.1,0.1,0.1,0.1,0.1,0.1,0.5,0,15009,0.0374442,0.015257512,0,0,0,0,0,0,0,0,0,0,5,1.22244538
192131.1,0.435327579,0.5,6404,37,0.12625,32.3125,34.5625,37.19,0,0,0.07,0,0,20,0.5,0.104,5.5,50,25,0.1,0.1,0.1,0.1,0.1,0.1,0.5,0,14741,0.037853606,0.015534903,0,0,0,0,0,0,0,0,0,0,5,1.22244538
192191.15,0.445018244,0.5,6404,37,0.1824,32.25,34.5625,37.09,0,0,0.25,0,0,20,0.5,0.104,5.5,50,25,0.1,0.1,0.1,0.1,0.1,0.1,0.5,0,14948,0.038265989,0.015386674,0,0,0,0,0,0,0,0,0,0,5,1.22244538
192251.19,0.458860282,0.5,6404,37,0.06975,32.1875,34.5625,37.29,0,0,0.07,0,0,20,0.5,0.104,5.5,50,25,0.1,0.1,0.1,0.1,0.1,0.1,0.5,0,15180,0.037747036,0.015019763,0,0,0,0,0,0,0,0,0,0,5,1.22244538
192311.3,0.472472487,0.5,6404,37,0.12545,32.1875,34.5,37.09,0,0,0.07,0,0,20,0.5,0.104,5.5,50,25,0.1,0.1,0.1,0.1,0.1,0.1,0.5,0,14570,0.03891558,0.015717227,0,0,0,0,0,0,0,0,0,0,5,1.22244538
192371.4,0.474645918,0.5,6404,37,0.08945,32.1875,34.5,37.21,0,0,0.07,0,0,20,0.5,0.104,5.5,50,25,0.1,0.1,0.1,0.1,0.1,0.1,0.5,0,15142,0.037973848,0.015321622,0,0,0,0,0,0,0,0,0,0,5,1.175091831
192431.45,0.490403947,0.5,6404,37,0.14465,32.125,34.4375,37.21,0,0,0.07,0,0,20,0.5,0.104,5.5,50,25,0.1,0.1,0.1,0.1,0.1,0.1,0.5,0,15161,0.038256052,0.015368379,0,0,0,0,0,0,0,0,0,0,5,1.214318268
192491.51,0.499460264,0.5,6404,37,0.147,32.0625,34.4375,37.09,0,0,0.25,0,0,20,0.5,0.104,5.5,50,25,0.1,0.1,0.1,0.1,0.1,0.1,0.5,0,15584,0.038116016,0.0150154,0,0,0,0,0,0,0,0,0,0,5,1.208498186
192551.56,0.501631481,0.5,6404,37,0.11915,32.0625,34.375,37.27,0,0,0.07,0,0,20,0.5,0.104,5.5,50,25,0.1,0.1,0.1,0.1,0.1,0.1,0.5,0,15616,0.03823002,0.014984631,0,0,0,0,0,0,0,0,0,0,5,1.161086393
192611.65,0.510608308,0.5,6404,37,0.14025,32.0625,34.4375,37.13,0,0,0,0,0,20,0.5,0.104,5.5,50,25,0.1,0.1,0.1,0.1,0.1,0.1,0.5,0,16484,0.037672895,0.014984227,0,0,0,0,0,0,0,0,0,0,5,1.156243155
192671.71,0.515629016,0.5,6404,37,0.11515,32,34.4375,36.89,0,0,0,0,0,20,0.5,0.104,5.5,50,25,0.1,0.1,0.1,0.1,0.1,0.1,0.5,0,15582,0.038698498,0.015145681,0,0,0,0,0,0,0,0,0,0,5,1.127785302
192731.8,0.526214786,0.5,6404,37,0.14155,31.9375,34.4375,36.95,0,0,0,0,0,20,0.5,0.104,5.5,50,25,0.1,0.1,0.1,0.1,0.1,0.1,0.5,0,16032,0.038236028,0.015219561,0,0,0,0,0,0,0,0,0,0,5,1.132361805
192791.87,0.554956057,0.5,6404,37,0.12235,32,34.4375,37.03,0,0,0,0,0,20,0.5,0.104,5.5,50,25,0.1,0.1,0.1,0.1,0.1,0.1,0.5,0,15933,0.038410845,0.015314128,0,0,0,0,0,0,0,0,0,0,5,1.235282116
192851.93,0.549184426,0.5,6404,37,0.478925,32,34.4375,36.05,0,0.02,0.15,0,0,20,0.5,0.104,5.5,50,25,0.1,0.1,0.1,0.1,0.1,0.1,0.5,0,15582,0.039276088,0.015787447,0,0,0,0,0,0,0,0,0,0,0.44,1.235282116
192911.99,0.512747002,0.5,6404,37,0.493725,31.875,34.4375,36.09,0,0.02,0.15,0,0,20,0.5,0.104,5.5,50,25,0.1,0.1,0.1,0.1,0.1,0.1,0.5,0,16711,0.037400515,0.014960206,0,0,0,0,0,0,0,0,0,0,0.44,1.235282116
192972.06,0.447803113,0.5,6404,37,0.472975,31.8125,34.4375,36.31,0,0.001829914,0.077319657,0,0,20,0.5,0.104,5.5,50,25,0.1,0.1,0.1,0.1,0.1,0.1,0.5,0,14721,0.038516405,0.015556008,0,0,0,0,0,0,0,0,0,0,0.44,1.235282116
193032.11,0.452577978,0.5,6404,37,0.294054705,32,34.4375,36.81,0,0,0.07,0,0,20,0.5,0.104,5.5,50,25,0.1,0.1,0.1,0.1,0.1,0.1,0.5,0,14747,0.038245067,0.01512172,0,0,0,0,0,0,0,0,0,0,5,1.235282116
193092.15,0.468933234,0.5,6404,37,0.1461,32.125,34.5,37.21,0,0,0.25,0,0,20,0.5,0.104,5.5,50,25,0.1,0.1,0.1,0.1,0.1,0.1,0.5,0,15392,0.037746881,0.015202703,0,0,0,0,0,0,0,0,0,0,5,1.235282116
193152.2,0.482922483,0.5,6404,37,0.11115,32.125,34.5,37.21,0,0,0.07,0,0,20,0.5,0.104,5.5,50,25,0.1,0.1,0.1,0.1,0.1,0.1,0.5,0,14538,0.039001238,0.015476682,0,0,0,0,0,0,0,0,0,0,5,1.235282116
193212.24,0.482661424,0.5,6404,37,0.11245,32.125,34.5,37.13,0,0,0.07,0,0,20,0.5,0.104,5.5,50,25,0.1,0.1,0.1,0.1,0.1,0.1,0.5,0,16187,0.037684562,0.014950269,0,0,0,0,0,0,0,0,0,0,5,1.235282116
193272.28,0.49768269,0.5,6404,37,0.08555,32.125,34.5,37.19,0,0,0.07,0,0,20,0.5,0.104,5.5,50,25,0.1,0.1,0.1,0.1,0.1,0.1,0.5,0,16262,0.037449268,0.014942811,0,0,0,0,0,0,0,0,0,0,5,1.235282116
193332.33,0.509950704,0.5,6404,37,0.12815,32.1875,34.4375,37.11,0,0,0.07,0,0,20,0.5,0.104,5.5,50,25,0.1,0.1,0.1,0.1,0.1,0.1,0.5,0,14816,0.039146868,0.015388769,0,0,0,0,0,0,0,0,0,0,5,1.235282116
193392.37,0.518002607,0.5,6404,37,0.1555,32.1875,34.5,37.05,0,0,0.25,0,0,20,0.5,0.104,5.5,50,25,0.1,0.1,0.1,0.1,0.1,0.1,0.5,0,16168,0.037852548,0.01521524,0,0,0,0,0,0,0,0,0,0,5,1.220516652
193452.44,0.539827479,0.5,6404,37,0.09115,32.1875,34.4375,37.13,0,0,0.07,0,0,20,0.5,0.104,5.5,50,25,0.1,0.1,0.1,0.1,0.1,0.1,0.5,0,16794,0.037453853,0.015064904,0,0,0,0,0,0,0,0,0,0,5,1.283298808
193512.53,0.53456723,0.5,6404,37,0.13255,32.0625,34.5,36.97,0,0,0.07,0,0,20,0.5,0.104,5.5,50,25,0.1,0.1,0.1,0.1,0.1,0.1,0.5,0,17974,0.036608434,0.01485479,0,0,0,0,0,0,0,0,0,0,5,1.189757565
193572.6,0.565663365,0.5,6404,37,0.08715,32,34.5,36.97,0,0,0.07,0,0,20,0.5,0.104,5.5,50,25,0.1,0.1,0.1,0.1,0.1,0.1,0.5,0,17889,0.03678238,0.015037174,0,0,0,0,0,0,0,0,0,0,5,1.29989459
193632.69,0.57514392,0.5,6404,37,0.545125,32.0625,34.4375,35.77,0,0.02,0.15,0,0,20,0.5,0.104,5.5,50,25,0.1,0.1,0.1,0.1,0.1,0.1,0.5,0,16361,0.038689567,0.015157998,0,0,0,0,0,0,0,0,0,0,0.44,1.29989459
193692.76,0.502920586,0.5,6404,37,0.5259,31.9375,34.5,35.99,0,0.02,0.25,0,0,20,0.5,0.104,5.5,50,25,0.1,0.1,0.1,0.1,0.1,0.1,0.5,0,15365,0.038594208,0.015164335,0,0,0,0,0,0,0,0,0,0,0.44,1.29989459
193752.82,0.45426908,0.5,6404,37,0.566992165,31.9375,34.5,35.85,0,0.016145827,0.134583306,0,0,20,0.5,0.104,5.5,50,25,0.1,0.1,0.1,0.1,0.1,0.1,0.5,0,15224,0.037966369,0.015239096,0,0,0,0,0,0,0,0,0,0,0.44,1.29989459
193812.87,0.417593913,0.5,6404,37,0.4988807,32,34.5,36.31,0,0,0.07,0,0,20,0.5,0.104,5.5,50,25,0.1,0.1,0.1,0.1,0.1,0.1,0.5,0,14390,0.038290479,0.015079917,0,0,0,0,0,0,0,0,0,0,5,1.29989459
193872.95,0.418602603,0.5,6404,37,0.20675,32.1875,34.5625,37.13,0,0,0.07,0,0,20,0.5,0.104,5.5,50,25,0.1,0.1,0.1,0.1,0.1,0.1,0.5,0,13867,0.038797144,0.01521598,0,0,0,0,0,0,0,0,0,0,5,1.29989459
193933.01,0.421045803,0.5,6404,37,0.12155,32.3125,34.5625,37.45,0,0,0.07,0,0,20,0.5,0.104,5.5,50,25,0.1,0.1,0.1,0.1,0.1,0.1,0.5,0,15150,0.037689769,0.014983498,0,0,0,0,0,0,0,0,0,0,5,1.29989459
193993.06,0.442766294,0.5,6404,37,0.1496,32.3125,34.5625,37.25,0,0,0.25,0,0,20,0.5,0.104,5.5,50,25,0.1,0.1,0.1,0.1,0.1,0.1,0.5,0,14480,0.038466851,0.01519337,0,0,0,0,0,0,0,0,0,0,5,1.29989459
194053.12,0.44478697,0.5,6404,37,0.06635,32.375,34.5625,37.33,0,0,0.07,0,0,20,0.5,0.104,5.5,50,25,0.1,0.1,0.1,0.1,0.1,0.1,0.5,0,14901,0.037916918,0.015300987,0,0,0,0,0,0,0,0,0,0,5,1.29989459
194113.17,0.45452474,0.5,6404,37,0.10435,32.3125,34.5625,37.27,0,0,0.07,0,0,20,0.5,0.104,5.5,50,25,0.1,0.1,0.1,0.1,0.1,0.1,0.5,0,15221,0.038170948,0.0152421,0,0,0,0,0,0,0,0,0,0,5,1.29989459
194173.23,0.473457172,0.5,6404,37,0.13215,32.25,34.5625,37.13,0,0,0.07,0,0,20,0.5,0.104,5.5,50,25,0.1,0.1,0.1,0.1,0.1,0.1,0.5,0,15566,0.03783888,0.015225491,0,0,0,0,0,0,0,0,0,0,5,1.357327197
194233.3,0.489097725,0.5,6404,37,0.10825,32.1875,34.625,37.19,0,0,0.07,0,0,20,0.5,0.104,5.5,50,25,0.1,0.1,0.1,0.1,0.1,0.1,0.5,0,16129,0.037262075,0.01512803,0,0,0,0,0,0,0,0,0,0,5,1.38696341
194293.38,0.491678434,0.5,6404,37,0.2127,32.25,34.5625,36.85,0,0,0.25,0,0,20,0.5,0.104,5.5,50,25,0.1,0.1,0.1,0.1,0.1,0.1,0.5,0,15190,0.038314681,0.015075708,0,0,0,0,0,0,0,0,0,0,5,1.333403033
194353.43,0.495243844,0.5,6404,37,0.07715,32.1875,34.625,37.13,0,0,0.07,0,0,20,0.5,0.104,5.5,50,25,0.1,0.1,0.1,0.1,0.1,0.1,0.5,0,15059,0.038847201,0.015406069,0,0,0,0,0,0,0,0,0,0,5,1.288408907
194413.49,0.497438055,0.5,6404,37,0.13145,32.125,34.5625,37.11,0,0,0,0,0,20,0.5,0.104,5.5,50,25,0.1,0.1,0.1,0.1,0.1,0.1,0.5,0,15399,0.038573933,0.015520488,0,0,0,0,0,0,0,0,0,0,5,1.237250804
194473.55,0.514345177,0.5,6404,37,0.14575,32.125,34.5,36.95,0,0,0,0,0,20,0.5,0.104,5.5,50,25,0.1,0.1,0.1,0.1,0.1,0.1,0.5,0,16237,0.037568516,0.01521217,0,0,0,0,0,0,0,0,0,0,5,1.275658928
194533.61,0.530543146,0.5,6404,37,0.14365,32.125,34.5,37.03,0,0,0,0,0,20,0.5,0.104,5.5,50,25,0.1,0.1,0.1,0.1,0.1,0.1,0.5,0,15958,0.038350671,0.01547813,0,0,0,0,0,0,0,0,0,0,5,1.304896065
194593.68,0.549638859,0.5,6404,37,0.12975,32.0625,34.4375,37.09,0,0,0,0,0,20,0.5,0.104,5.5,50,25,0.1,0.1,0.1,0.1,0.1,0.1,0.5,0,15440,0.039183938,0.015673575,0,0,0,0,0,0,0,0,0,0,5,1.345731734
194653.76,0.548394359,0.5,6404,37,0.508425,32.125,34.4375,35.91,0,0.02,0.15,0,0,20,0.5,0.104,5.5,50,25,0.1,0.1,0.1,0.1,0.1,0.1,0.5,0,16728,0.037661406,0.015004782,0,0,0,0,0,0,0,0,0,0,0.44,1.345731734
194713.83,0.491306985,0.5,6404,37,0.635211118,31.9375,34.4375,35.43,0,0.01777778,0.141111122,0,0,20,0.5,0.104,5.5,50,25,0.1,0.1,0.1,0.1,0.1,0.1,0.5,0,15999,0.03775236,0.015313457,0,0,0,0,0,0,0,0,0,0,0.44,1.345731734
194773.89,0.441864779,0.5,6404,37,0.482316679,31.875,34.4375,36.31,0,0,0.07,0,0,20,0.5,0.104,5.5,50,25,0.1,0.1,0.1,0.1,0.1,0.1,0.5,0,15336,0.037754304,0.015062598,0,0,0,0,0,0,0,0,0,0,5,1.345731734
194833.96,0.458683955,0.5,6404,37,0.26335,32,34.4375,37.05,0,0,0.07,0,0,20,0.5,0.104,5.5,50,25,0.1,0.1,0.1,0.1,0.1,0.1,0.5,0,15888,0.037072004,0.0150428,0,0,0,0,0,0,0,0,0,0,5,1.345731734
194894.02,0.465984386,0.5,6404,37,0.1992,32.125,34.4375,37.03,0,0,0.25,0,0,20,0.5,0.104,5.5,50,25,0.1,0.1,0.1,0.1,0.1,0.1,0.5,0,15796,0.036971385,0.014813877,0,0,0,0,0,0,0,0,0,0,5,1.345731734
194954.08,0.47350776,0.5,6404,37,0.11395,32.125,34.375,37.33,0,0,0.07,0,0,20,0.5,0.104,5.5,50,25,0.1,0.1,0.1,0.1,0.1,0.1,0.5,0,15514,0.038094624,0.01540544,0,0,0,0,0,0,0,0,0,0,5,1.345731734
195014.13,0.492295151,0.5,6404,37,0.12725,32.1875,34.4375,37.25,0,0,0.07,0,0,20,0.5,0.104,5.5,50,25,0.1,0.1,0.1,0.1,0.1,0.1,0.5,0,14960,0.038836898,0.015441176,0,0,0,0,0,0,0,0,0,0,5,1.345731734
195074.17,0.501848704,0.5,6404,37,0.12885,32.25,34.4375,37.17,0,0,0.07,0,0,20,0.5,0.104,5.5,50,25,0.1,0.1,0.1,0.1,0.1,0.1,0.5,0,16346,0.037685061,0.014988376,0,0,0,0,0,0,0,0,0,0,5,1.345731734
195134.22,0.511623669,0.5,6404,37,0.09135,32.0625,34.4375,37.17,0,0,0.07,0,0,20,0.5,0.104,5.5,50,25,0.1,0.1,0.1,0.1,0.1,0.1,0.5,0,15364,0.038466545,0.015360583,0,0,0,0,0,0,0,0,0,0,5,1.336317084
195194.29,0.522675869,0.5,6404,37,0.1867,32.0625,34.4375,36.93,0,0,0.25,0,0,20,0.5,0.104,5.5,50,25,0.1,0.1,0.1,0.1,0.1,0.1,0.5,0,15472,0.0385212,0.015188728,0,0,0,0,0,0,0,0,0,0,5,1.333617784
195254.34,0.524890135,0.5,6404,37,0.13475,32.0625,34.5,37.17,0,0,0.07,0,0,20,0.5,0.104,5.5,50,25,0.1,0.1,0.1,0.1,0.1,0.1,0.5,0,16646,0.037426409,0.014958549,0,0,0,0,0,0,0,0,0,0,5,1.279619258
195314.4,0.549576987,0.5,6404,37,0.13735,32.0625,34.5,37.11,0,0,0.07,0,0,20,0.5,0.104,5.5,50,25,0.1,0.1,0.1,0.1,0.1,0.1,0.5,0,15774,0.038861418,0.015151515,0,0,0,0,0,0,0,0,0,0,5,1.353517978
195374.48,0.548150398,0.5,6404,37,0.11485,32.125,34.5,37.19,0,0.02,0.15,0,0,20,0.5,0.104,5.5,50,25,0.1,0.1,0.1,0.1,0.1,0.1,0.5,0,15816,0.038821447,0.015490642,0,0,0,0,0,0,0,0,0,0,0.44,1.353517978
195434.54,0.481897427,0.5,6404,37,0.44745,31.9375,34.5625,36.21,0,0.016532748,0.136130993,0,0,20,0.5,0.104,5.5,50,25,0.1,0.1,0.1,0.1,0.1,0.1,0.5,0,15749,0.037970665,0.015302559,0,0,0,0,0,0,0,0,0,0,0.44,1.353517978
195494.61,0.448438487,0.5,6404,37,0.355,31.9375,34.5,36.45,0,0,0.25,0,0,20,0.5,0.104,5.5,50,25,0.1,0.1,0.1,0.1,0.1,0.1,0.5,0,15501,0.037610477,0.015224824,0,0,0,0,0,0,0,0,0,0,5,1.353517978
195554.67,0.447925244,0.5,6404,37,0.20955,32.125,34.5625,37.27,0,0,0.07,0,0,20,0.5,0.104,5.5,50,25,0.1,0.1,0.1,0.1,0.1,0.1,0.5,0,16553,0.03667009,0.014982178,0,0,0,0,0,0,0,0,0,0,5,1.353517978
195614.74,0.480031849,0.5,6404,37,0.13875,32.25,34.5625,37.27,0,0,0.07,0,0,20,0.5,0.104,5.5,50,25,0.1,0.1,0.1,0.1,0.1,0.1,0.5,0,15210,0.037935569,0.015253123,0,0,0,0,0,0,0,0,0,0,5,1.353517978
195674.8,0.476465263,0.5,6404,37,0.08175,32.3125,34.5625,37.41,0,0,0.07,0,0,20,0.5,0.104,5.5,50,25,0.1,0.1,0.1,0.1,0.1,0.1,0.5,0,16426,0.036831852,0.01479362,0,0,0,0,0,0,0,0,0,0,5,1.353517978
195734.86,0.498253217,0.5,6404,37,0.10275,32.25,34.5,37.35,0,0,0.07,0,0,20,0.5,0.104,5.5,50,25,0.1,0.1,0.1,0.1,0.1,0.1,0.5,0,15220,0.038567674,0.015374507,0,0,0,0,0,0,0,0,0,0,5,1.353517978
195794.91,0.491479199,0.5,6404,37,0.1875,32.1875,34.4375,36.97,0,0,0.25,0,0,20,0.5,0.104,5.5,50,25,0.1,0.1,0.1,0.1,0.1,0.1,0.5,0,15073,0.038678432,0.015657135,0,0,0,0,0,0,0,0,0,0,5,1.353517978
195854.95,0.517934714,0.5,6404,37,0.08195,32.1875,34.4375,37.25,0,0,0.07,0,0,20,0.5,0.104,5.5,50,25,0.1,0.1,0.1,0.1,0.1,0.1,0.5,0,15960,0.037969925,0.014974937,0,0,0,0,0,0,0,0,0,0,5,1.443130827
195915.02,0.525169165,0.5,6404,37,0.10035,32.125,34.375,37.11,0,0,0.07,0,0,20,0.5,0.104,5.5,50,25,0.1,0.1,0.1,0.1,0.1,0.1,0.5,0,16281,0.037835514,0.014925373,0,0,0,0,0,0,0,0,0,0,5,1.412587976
195975.06,0.522884959,0.5,6404,37,0.14235,32.125,34.375,37.03,0,0,0.07,0,0,20,0.5,0.104,5.5,50,25,0.1,0.1,0.1,0.1,0.1,0.1,0.5,0,16171,0.037969204,0.015150578,0,0,0,0,0,0,0,0,0,0,5,1.328881717
196035.1,0.536224745,0.5,6404,37,0.10515,32.0625,34.4375,37.05,0,0,0.07,0,0,20,0.5,0.104,5.5,50,25,0.1,0.1,0.1,0.1,0.1,0.1,0.5,0,16279,0.038085878,0.015050065,0,0,0,0,0,0,0,0,0,0,5,1.338013319
196095.15,0.569323141,0.5,6404,37,0.08825,32.0625,34.4375,37.09,0,0,0,0,0,20,0.5,0.104,5.5,50,25,0.1,0.1,0.1,0.1,0.1,0.1,0.5,0,17954,0.037094798,0.015094129,0,0,0,0,0,0,0,0,0,0,5,1.450797084
196155.23,0.556261965,0.5,6404,37,0.16475,32.0625,34.375,37.01,0,0.02,0.15,0,0,20,0.5,0.104,5.5,50,25,0.1,0.1,0.1,0.1,0.1,0.1,0.5,0,17123,0.037785435,0.015184255,0,0,0,0,0,0,0,0,0,0,0.44,1.450797084
196215.29,0.49626682,0.5,6404,37,0.4633,31.875,34.375,36.37,0,0.019199292,0.14679717,0,0,20,0.5,0.104,5.5,50,25,0.1,0.1,0.1,0.1,0.1,0.1,0.5,0,15785,0.03801077,0.015394362,0,0,0,0,0,0,0,0,0,0,0.44,1.450797084
196275.36,0.451889122,0.5,6404,37,0.492286718,31.875,34.375,36.31,0,0,0.07,0,0,20,0.5,0.104,5.5,50,25,0.1,0.1,0.1,0.1,0.1,0.1,0.5,0,16202,0.037217627,0.01512159,0,0,0,0,0,0,0,0,0,0,5,1.450797084
196335.44,0.471805113,0.5,6404,37,0.16445,32.0625,34.4375,37.13,0,0,0.07,0,0,20,0.5,0.104,5.5,50,25,0.1,0.1,0.1,0.1,0.1,0.1,0.5,0,15444,0.038137788,0.015410515,0,0,0,0,0,0,0,0,0,0,5,1.450797084
196395.48,0.465769838,0.5,6404,37,0.1361,32.125,34.5,37.25,0,0,0.25,0,0,20,0.5,0.104,5.5,50,25,0.1,0.1,0.1,0.1,0.1,0.1,0.5,0,14614,0.039072123,0.015601478,0,0,0,0,0,0,0,0,0,0,5,1.450797084
196455.54,0.488214626,0.5,6404,37,0.10055,32.1875,34.4375,37.17,0,0,0.07,0,0,20,0.5,0.104,5.5,50,25,0.1,0.1,0.1,0.1,0.1,0.1,0.5,0,15490,0.03808909,0.015364751,0,0,0,0,0,0,0,0,0,0,5,1.450797084
196515.58,0.504161843,0.5,6404,37,0.11745,32.1875,34.4375,37.25,0,0,0.07,0,0,20,0.5,0.104,5.5,50,25,0.1,0.1,0.1,0.1,0.1,0.1,0.5,0,14051,0.039997153,0.015799587,0,0,0,0,0,0,0,0,0,0,5,1.450797084
196575.65,0.515186708,0.5,6404,37,0.13615,32.1875,34.5,37.17,0,0,0.07,0,0,20,0.5,0.104,5.5,50,25,0.1,0.1,0.1,0.1,0.1,0.1,0.5,0,16668,0.037257019,0.015238781,0,0,0,0,0,0,0,0,0,0,5,1.450797084
196635.71,0.51523218,0.5,6404,37,0.10925,32.125,34.5,37.01,0,0,0.07,0,0,20,0.5,0.104,5.5,50,25,0.1,0.1,0.1,0.1,0.1,0.1,0.5,0,15805,0.038468839,0.015248339,0,0,0,0,0,0,0,0,0,0,5,1.378522009
196695.77,0.532264442,0.5,6404,37,0.1734,32.0625,34.4375,36.97,0,0,0.25,0,0,20,0.5,0.104,5.5,50,25,0.1,0.1,0.1,0.1,0.1,0.1,0.5,0,16464,0.037840136,0.015306122,0,0,0,0,0,0,0,0,0,0,5,1.407164315
196755.81,0.540797618,0.5,6404,37,0.16325,32.125,34.5,37.17,0,0,0.07,0,0,20,0.5,0.104,5.5,50,25,0.1,0.1,0.1,0.1,0.1,0.1,0.5,0,17313,0.036850921,0.014844337,0,0,0,0,0,0,0,0,0,0,5,1.384520148
196815.88,0.550881435,0.5,6404,37,0.12875,32.125,34.4375,36.93,0,0.02,0.15,0,0,20,0.5,0.104,5.5,50,25,0.1,0.1,0.1,0.1,0.1,0.1,0.5,0,16403,0.038468573,0.015119186,0,0,0,0,0,0,0,0,0,0,0.44,1.384520148
196875.92,0.521238667,0.5,6404,37,0.395575,32,34.4375,36.79,0,0.02,0.15,0,0,20,0.5,0.104,5.5,50,25,0.1,0.1,0.1,0.1,0.1,0.1,0.5,0,16087,0.038229626,0.015043203,0,0,0,0,0,0,0,0,0,0,0.44,1.384520148
196935.97,0.473753122,0.5,6404,37,0.449675,31.9375,34.4375,36.29,0,0.02,0.15,0,0,20,0.5,0.104,5.5,50,25,0.1,0.1,0.1,0.1,0.1,0.1,0.5,0,14591,0.039065177,0.015557535,0,0,0,0,0,0,0,0,0,0,0.44,1.384520148
196996.01,0.411348019,0.5,6404,37,0.4044,31.9375,34.5,36.37,0,0,0.25,0,0,20,0.5,0.104,5.5,50,25,0.1,0.1,0.1,0.1,0.1,0.1,0.5,0,13901,0.038918063,0.01553845,0,0,0,0,0,0,0,0,0,0,5,1.384520148
197056.08,0.427056527,0.5,6404,37,0.18065,32.1875,34.5625,37.27,0,0,0.07,0,0,20,0.5,0.104,5.5,50,25,0.1,0.1,0.1,0.1,0.1,0.1,0.5,0,14240,0.038342697,0.015168539,0,0,0,0,0,0,0,0,0,0,5,1.384520148
197116.14,0.428171535,0.5,6404,37,0.13445,32.375,34.5625,37.59,0,0,0.07,0,0,20,0.5,0.104,5.5,50,25,0.1,0.1,0.1,0.1,0.1,0.1,0.5,0,15237,0.037933977,0.015226094,0,0,0,0,0,0,0,0,0,0,5,1.384520148
197176.18,0.44574164,0.5,6404,37,0.13945,32.375,34.5625,37.33,0,0,0.07,0,0,20,0.5,0.104,5.5,50,25,0.1,0.1,0.1,0.1,0.1,0.1,0.5,0,14490,0.03857833,0.015251898,0,0,0,0,0,0,0,0,0,0,5,1.384520148
197236.25,0.448620342,0.5,6404,37,0.09275,32.3125,34.5625,37.27,0,0,0.07,0,0,20,0.5,0.104,5.5,50,25,0.1,0.1,0.1,0.1,0.1,0.1,0.5,0,14517,0.038919887,0.015567955,0,0,0,0,0,0,0,0,0,0,5,1.384520148
197296.3,0.459715512,0.5,6404,37,0.1774,32.3125,34.5625,37.05,0,0,0.25,0,0,20,0.5,0.104,5.5,50,25,0.1,0.1,0.1,0.1,0.1,0.1,0.5,0,15267,0.038121438,0.015327176,0,0,0,0,0,0,0,0,0,0,5,1.384520148
197356.35,0.479245813,0.5,6404,37,0.13955,32.25,34.5625,37.17,0,0,0.07,0,0,20,0.5,0.104,5.5,50,25,0.1,0.1,0.1,0.1,0.1,0.1,0.5,0,15155,0.038007258,0.015374464,0,0,0,0,0,0,0,0,0,0,5,1.440111541
197416.4,0.490033793,0.5,6404,37,0.08345,32.25,34.5625,37.09,0,0,0.07,0,0,20,0.5,0.104,5.5,50,25,0.1,0.1,0.1,0.1,0.1,0.1,0.5,0,16213,0.037130698,0.014987973,0,0,0,0,0,0,0,0,0,0,5,1.43488809
197476.47,0.502286334,0.5,6404,37,0.12955,32.1875,34.5,37.13,0,0,0.07,0,0,20,0.5,0.104,5.5,50,25,0.1,0.1,0.1,0.1,0.1,0.1,0.5,0,15432,0.038297045,0.015357698,0,0,0,0,0,0,0,0,0,0,5,1.437231653
197536.53,0.494652391,0.5,6404,37,0.07205,32.1875,34.5,37.09,0,0,0.07,0,0,20,0.5,0.104,5.5,50,25,0.1,0.1,0.1,0.1,0.1,0.1,0.5,0,14929,0.038850559,0.015540224,0,0,0,0,0,0,0,0,0,0,5,1.319424866
197596.6,0.522479449,0.5,6404,37,0.15465,32.1875,34.4375,36.93,0,0,0,0,0,20,0.5,0.104,5.5,50,25,0.1,0.1,0.1,0.1,0.1,0.1,0.5,0,16909,0.037139985,0.014903306,0,0,0,0,0,0,0,0,0,0,5,1.417644749
197656.64,0.517311359,0.5,6404,37,0.11695,32.125,34.5,36.97,0,0,0,0,0,20,0.5,0.104,5.5,50,25,0.1,0.1,0.1,0.1,0.1,0.1,0.5,0,16871,0.037105092,0.015173967,0,0,0,0,0,0,0,0,0,0,5,1.316940362
197716.68,0.536153972,0.5,6404,37,0.12745,32,34.375,37.01,0,0,0,0,0,20,0.5,0.104,5.5,50,25,0.1,0.1,0.1,0.1,0.1,0.1,0.5,0,15751,0.03809282,0.015427592,0,0,0,0,0,0,0,0,0,0,5,1.358422684
197776.73,0.531557406,0.5,6404,37,0.05905,32.125,34.375,36.97,0,0,0,0,0,20,0.5,0.104,5.5,50,25,0.1,0.1,0.1,0.1,0.1,0.1,0.5,0,16630,0.03752255,0.015333734,0,0,0,0,0,0,0,0,0,0,5,1.264671004
197836.77,0.554870019,0.5,6404,37,0.15965,32,34.4375,37.09,0,0,0,0,0,20,0.5,0.104,5.5,50,25,0.1,0.1,0.1,0.1,0.1,0.1,0.5,0,16765,0.037757232,0.015269908,0,0,0,0,0,0,0,0,0,0,5,1.330205516
197896.81,0.565603516,0.5,6404,37,0.47935,31.9375,34.375,36.05,0,0.02,0.25,0,0,20,0.5,0.104,5.5,50,25,0.1,0.1,0.1,0.1,0.1,0.1,0.5,0,16943,0.037891755,0.015286549,0,0,0,0,0,0,0,0,0,0,0.44,1.330205516
197956.87,0.494575659,0.5,6404,37,0.4764,31.875,34.375,35.93,0,0.019922213,0.149688853,0,0,20,0.5,0.104,5.5,50,25,0.1,0.1,0.1,0.1,0.1,0.1,0.5,0,15776,0.038222617,0.015276369,0,0,0,0,0,0,0,0,0,0,0.44,1.330205516
198016.91,0.447608939,0.5,6404,37,0.523666489,31.8125,34.375,36.17,0,0,0.07,0,0,20,0.5,0.104,5.5,50,25,0.1,0.1,0.1,0.1,0.1,0.1,0.5,0,15469,0.037817571,0.015062383,0,0,0,0,0,0,0,0,0,0,5,1.330205516
198076.98,0.450901823,0.5,6404,37,0.20865,32,34.4375,37.01,0,0,0.07,0,0,20,0.5,0.104,5.5,50,25,0.1,0.1,0.1,0.1,0.1,0.1,0.5,0,14855,0.038303601,0.015079098,0,0,0,0,0,0,0,0,0,0,5,1.330205516
198137.05,0.451808483,0.5,6404,37,0.07255,32.1875,34.4375,37.27,0,0,0.07,0,0,20,0.5,0.104,5.5,50,25,0.1,0.1,0.1,0.1,0.1,0.1,0.5,0,15937,0.037459999,0.015122043,0,0,0,0,0,0,0,0,0,0,5,1.330205516
198197.12,0.481771978,0.5,6404,37,0.1716,32.1875,34.4375,37.09,0,0,0.25,0,0,20,0.5,0.104,5.5,50,25,0.1,0.1,0.1,0.1,0.1,0.1,0.5,0,15711,0.037680606,0.015339571,0,0,0,0,0,0,0,0,0,0,5,1.330205516
198257.19,0.481779353,0.5,6404,37,0.12255,32.1875,34.4375,37.17,0,0,0.07,0,0,20,0.5,0.104,5.5,50,25,0.1,0.1,0.1,0.1,0.1,0.1,0.5,0,15294,0.038381064,0.015038577,0,0,0,0,0,0,0,0,0,0,5,1.330205516
198317.23,0.48549753,0.5,6404,37,0.14245,32.1875,34.4375,37.29,0,0,0.07,0,0,20,0.5,0.104,5.5,50,25,0.1,0.1,0.1,0.1,0.1,0.1,0.5,0,15870,0.037933207,0.015122873,0,0,0,0,0,0,0,0,0,0,5,1.330205516
198377.27,0.507246431,0.5,6404,37,0.11615,32.1875,34.5,37.35,0,0,0.07,0,0,20,0.5,0.104,5.5,50,25,0.1,0.1,0.1,0.1,0.1,0.1,0.5,0,15761,0.038195546,0.015100565,0,0,0,0,0,0,0,0,0,0,5,1.395163469
198437.32,0.505999878,0.5,6404,37,0.06445,32.1875,34.5625,36.93,0,0,0.07,0,0,20,0.5,0.104,5.5,50,25,0.1,0.1,0.1,0.1,0.1,0.1,0.5,0,16117,0.037910281,0.015325433,0,0,0,0,0,0,0,0,0,0,5,1.318023752
198497.39,0.519772602,0.5,6404,37,0.156,32.125,34.5,37.03,0,0,0.25,0,0,20,0.5,0.104,5.5,50,25,0.1,0.1,0.1,0.1,0.1,0.1,0.5,0,16635,0.037751728,0.01496844,0,0,0,0,0,0,0,0,0,0,5,1.33268752
198557.45,0.527416789,0.5,6404,37,0.11845,32.125,34.5625,37.03,0,0,0.07,0,0,20,0.5,0.104,5.5,50,25,0.1,0.1,0.1,0.1,0.1,0.1,0.5,0,16592,0.037849566,0.015248312,0,0,0,0,0,0,0,0,0,0,5,1.309852224
198617.52,0.561979386,0.5,6404,37,0.10455,32.125,34.5,37.13,0,0,0,0,0,20,0.5,0.104,5.5,50,25,0.1,0.1,0.1,0.1,0.1,0.1,0.5,0,16740,0.037933094,0.015352449,0,0,0,0,0,0,0,0,0,0,5,1.434781801
198677.59,0.545735772,0.5,6404,37,0.11005,32.125,34.5,37.11,0,0.02,0.15,0,0,20,0.5,0.104,5.5,50,25,0.1,0.1,0.1,0.1,0.1,0.1,0.5,0,16356,0.038456835,0.01546833,0,0,0,0,0,0,0,0,0,0,0.44,1.434781801
198737.64,0.498458018,0.5,6404,37,0.42265,32,34.5,36.31,0,0.02,0.15,0,0,20,0.5,0.104,5.5,50,25,0.1,0.1,0.1,0.1,0.1,0.1,0.5,0,16721,0.037557562,0.014951259,0,0,0,0,0,0,0,0,0,0,0.44,1.434781801
198797.68,0.475440625,0.5,6404,37,0.488575,31.9375,34.5625,36.23,0,0.02,0.25,0,0,20,0.5,0.104,5.5,50,25,0.1,0.1,0.1,0.1,0.1,0.1,0.5,0,14936,0.038832351,0.015265131,0,0,0,0,0,0,0,0,0,0,0.44,1.434781801
198857.74,0.429748753,0.5,6404,37,0.452825,32,34.5,36.47,0,0,0.07,0,0,20,0.5,0.104,5.5,50,25,0.1,0.1,0.1,0.1,0.1,0.1,0.5,0,14621,0.038574653,0.01518364,0,0,0,0,0,0,0,0,0,0,5,1.434781801
198917.8,0.432684241,0.5,6404,37,0.15815,32.125,34.4375,37.01,0,0,0.07,0,0,20,0.5,0.104,5.5,50,25,0.1,0.1,0.1,0.1,0.1,0.1,0.5,0,14863,0.038350266,0.015474669,0,0,0,0,0,0,0,0,0,0,5,1.434781801
198977.86,0.446653713,0.5,6404,37,0.16655,32.1875,34.4375,37.33,0,0,0.07,0,0,20,0.5,0.104,5.5,50,25,0.1,0.1,0.1,0.1,0.1,0.1,0.5,0,16067,0.036907948,0.015124168,0,0,0,0,0,0,0,0,0,0,5,1.434781801
199037.92,0.456011727,0.5,6404,37,0.09865,32.25,34.4375,37.35,0,0,0.07,0,0,20,0.5,0.104,5.5,50,25,0.1,0.1,0.1,0.1,0.1,0.1,0.5,0,15528,0.037802679,0.015262751,0,0,0,0,0,0,0,0,0,0,5,1.434781801
199097.96,0.492965728,0.5,6404,37,0.1598,32.25,34.375,37.13,0,0,0.25,0,0,20,0.5,0.104,5.5,50,25,0.1,0.1,0.1,0.1,0.1,0.1,0.5,0,15531,0.03773099,0.015002254,0,0,0,0,0,0,0,0,0,0,5,1.434781801
199158.02,0.476829523,0.5,6404,37,0.14195,32.1875,34.375,37.17,0,0,0.07,0,0,20,0.5,0.104,5.5,50,25,0.1,0.1,0.1,0.1,0.1,0.1,0.5,0,14792,0.039345592,0.015413737,0,0,0,0,0,0,0,0,0,0,5,1.434781801
199218.05,0.500563193,0.5,6404,37,0.11235,32.1875,34.375,37.37,0,0,0.07,0,0,20,0.5,0.104,5.5,50,25,0.1,0.1,0.1,0.1,0.1,0.1,0.5,0,14988,0.039498265,0.01541233,0,0,0,0,0,0,0,0,0,0,5,1.508767163
199278.09,0.51126109,0.5,6404,37,0.10455,32.125,34.3125,37.25,0,0,0.07,0,0,20,0.5,0.104,5.5,50,25,0.1,0.1,0.1,0.1,0.1,0.1,0.5,0,15632,0.038894575,0.01528915,0,0,0,0,0,0,0,0,0,0,5,1.496768447
199338.12,0.519157796,0.5,6404,37,0.16005,32,34.25,37.09,0,0,0.07,0,0,20,0.5,0.104,5.5,50,25,0.1,0.1,0.1,0.1,0.1,0.1,0.5,0,16056,0.038552566,0.015134529,0,0,0,0,0,0,0,0,0,0,5,1.467912455
199398.16,0.520817275,0.5,6404,37,0.1931,32,34.25,36.89,0,0,0.25,0,0,20,0.5,0.104,5.5,50,25,0.1,0.1,0.1,0.1,0.1,0.1,0.5,0,16369,0.038365203,0.015333863,0,0,0,0,0,0,0,0,0,0,5,1.404090986
199458.21,0.527650022,0.5,6404,37,0.08875,32,34.25,37.17,0,0,0,0,0,20,0.5,0.104,5.5,50,25,0.1,0.1,0.1,0.1,0.1,0.1,0.5,0,15614,0.039387729,0.015370821,0,0,0,0,0,0,0,0,0,0,5,1.372988341
199518.27,0.551700954,0.5,6404,37,0.08565,32,34.25,36.97,0,0,0,0,0,20,0.5,0.104,5.5,50,25,0.1,0.1,0.1,0.1,0.1,0.1,0.5,0,15486,0.039713289,0.015497869,0,0,0,0,0,0,0,0,0,0,5,1.438057691
199578.31,0.565528874,0.5,6404,37,0.12915,31.875,34.25,37.11,0,0.02,0.15,0,0,20,0.5,0.104,5.5,50,25,0.1,0.1,0.1,0.1,0.1,0.1,0.5,0,17878,0.037308424,0.01510236,0,0,0,0,0,0,0,0,0,0,0.44,1.438057691
199638.36,0.493497815,0.5,6404,37,0.46295,31.8125,34.3125,36.29,0,0.019776789,0.149107156,0,0,20,0.5,0.104,5.5,50,25,0.1,0.1,0.1,0.1,0.1,0.1,0.5,0,15452,0.039088791,0.01572612,0,0,0,0,0,0,0,0,0,0,0.44,1.438057691
199698.4,0.447444823,0.5,6404,37,0.3746,31.8125,34.3125,36.41,0,0,0.25,0,0,20,0.5,0.104,5.5,50,25,0.1,0.1,0.1,0.1,0.1,0.1,0.5,0,14769,0.039000609,0.015505451,0,0,0,0,0,0,0,0,0,0,5,1.438057691
199758.45,0.452273829,0.5,6404,37,0.16085,32,34.3125,37.29,0,0,0.07,0,0,20,0.5,0.104,5.5,50,25,0.1,0.1,0.1,0.1,0.1,0.1,0.5,0,15068,0.038691266,0.015264136,0,0,0,0,0,0,0,0,0,0,5,1.438057691
199818.52,0.469787513,0.5,6404,37,0.10385,32.125,34.3125,37.45,0,0,0.07,0,0,20,0.5,0.104,5.5,50,25,0.1,0.1,0.1,0.1,0.1,0.1,0.5,0,15917,0.037884023,0.015329522,0,0,0,0,0,0,0,0,0,0,5,1.438057691
199878.59,0.497389313,0.5,6404,37,0.11305,32.1875,34.3125,37.43,0,0,0.07,0,0,20,0.5,0.104,5.5,50,25,0.1,0.1,0.1,0.1,0.1,0.1,0.5,0,15387,0.038409047,0.015467603,0,0,0,0,0,0,0,0,0,0,5,1.438057691
199938.63,0.480089681,0.5,6404,37,0.14345,32.1875,34.375,37.17,0,0,0.07,0,0,20,0.5,0.104,5.5,50,25,0.1,0.1,0.1,0.1,0.1,0.1,0.5,0,15674,0.038535154,0.015503381,0,0,0,0,0,0,0,0,0,0,5,1.438057691
199998.7,0.500221804,0.5,6404,37,0.1095,32.1875,34.375,37.27,0,0,0.25,0,0,20,0.5,0.104,5.5,50,25,0.1,0.1,0.1,0.1,0.1,0.1,0.5,0,16387,0.038078965,0.015072924,0,0,0,0,0,0,0,0,0,0,5,1.438057691
200058.79,0.506765433,0.5,6404,37,0.12665,32.0625,34.4375,37.21,0,0,0.07,0,0,20,0.5,0.104,5.5,50,25,0.1,0.1,0.1,0.1,0.1,0.1,0.5,0,17120,0.037324766,0.014953271,0,0,0,0,0,0,0,0,0,0,5,1.405144704
200118.84,0.524365063,0.5,6404,37,0.15685,32.0625,34.4375,37.03,0,0,0.07,0,0,20,0.5,0.104,5.5,50,25,0.1,0.1,0.1,0.1,0.1,0.1,0.5,0,16196,0.038466288,0.015250679,0,0,0,0,0,0,0,0,0,0,5,1.437307127
200178.9,0.530022284,0.5,6404,37,0.10965,32.0625,34.5,37.19,0,0,0.07,0,0,20,0.5,0.104,5.5,50,25,0.1,0.1,0.1,0.1,0.1,0.1,0.5,0,16665,0.038043804,0.015061506,0,0,0,0,0,0,0,0,0,0,5,1.397634542
200238.94,0.543812565,0.5,6404,37,0.15375,32.0625,34.4375,37.05,0,0,0.07,0,0,20,0.5,0.104,5.5,50,25,0.1,0.1,0.1,0.1,0.1,0.1,0.5,0,16377,0.038590706,0.015570617,0,0,0,0,0,0,0,0,0,0,5,1.404809575
200299.01,0.539654381,0.5,6404,37,0.12635,32.0625,34.5,37.03,0,0,0,0,0,20,0.5,0.104,5.5,50,25,0.1,0.1,0.1,0.1,0.1,0.1,0.5,0,16190,0.038912909,0.015256331,0,0,0,0,0,0,0,0,0,0,5,1.311541883
200359.05,0.601726786,0.5,6404,37,0.11065,32.0625,34.5625,37.13,0,0,0,0,0,20,0.5,0.104,5.5,50,25,0.1,0.1,0.1,0.1,0.1,0.1,0.5,0,16641,0.038699597,0.015323598,0,0,0,0,0,0,0,0,0,0,5,1.572588588
200419.09,0.569413458,0.5,6404,37,0.10115,32,34.5,36.97,0,0.02,0.15,0,0,20,0.5,0.104,5.5,50,25,0.1,0.1,0.1,0.1,0.1,0.1,0.5,0,17237,0.038173696,0.015373905,0,0,0,0,0,0,0,0,0,0,0.44,1.572588588
200479.14,0.501849514,0.5,6404,37,0.47205,31.875,34.5625,36.17,0,0.02,0.15,0,0,20,0.5,0.104,5.5,50,25,0.1,0.1,0.1,0.1,0.1,0.1,0.5,0,15916,0.038828851,0.015456145,0,0,0,0,0,0,0,0,0,0,0.44,1.572588588
200539.18,0.450710655,0.5,6404,37,0.492725,31.875,34.5625,36.25,0,0.015068745,0.13027498,0,0,20,0.5,0.104,5.5,50,25,0.1,0.1,0.1,0.1,0.1,0.1,0.5,0,16093,0.03784254,0.01522401,0,0,0,0,0,0,0,0,0,0,0.44,1.572588588
200599.23,0.431354266,0.5,6404,37,0.2481,31.9375,34.5,36.97,0,0,0.25,0,0,20,0.5,0.104,5.5,50,25,0.1,0.1,0.1,0.1,0.1,0.1,0.5,0,14490,0.038992409,0.01552795,0,0,0,0,0,0,0,0,0,0,5,1.572588588
200659.27,0.436002222,0.5,6404,37,0.14785,32.0625,34.5625,37.21,0,0,0.07,0,0,20,0.5,0.104,5.5,50,25,0.1,0.1,0.1,0.1,0.1,0.1,0.5,0,14446,0.038834279,0.015367576,0,0,0,0,0,0,0,0,0,0,5,1.572588588
200719.32,0.438288969,0.5,6404,37,0.12145,32.25,34.5625,37.13,0,0,0.07,0,0,20,0.5,0.104,5.5,50,25,0.1,0.1,0.1,0.1,0.1,0.1,0.5,0,14758,0.038758639,0.015313728,0,0,0,0,0,0,0,0,0,0,5,1.572588588
200779.39,0.446770028,0.5,6404,37,0.10475,32.25,34.5625,37.27,0,0,0.07,0,0,20,0.5,0.104,5.5,50,25,0.1,0.1,0.1,0.1,0.1,0.1,0.5,0,14854,0.03864279,0.015618689,0,0,0,0,0,0,0,0,0,0,5,1.572588588
200839.46,0.480250763,0.5,6404,37,0.13335,32.25,34.4375,37.41,0,0,0.07,0,0,20,0.5,0.104,5.5,50,25,0.1,0.1,0.1,0.1,0.1,0.1,0.5,0,14390,0.039263377,0.015635858,0,0,0,0,0,0,0,0,0,0,5,1.572588588
200899.53,0.474896329,0.5,6404,37,0.1986,32.25,34.5,36.97,0,0,0.25,0,0,20,0.5,0.104,5.5,50,25,0.1,0.1,0.1,0.1,0.1,0.1,0.5,0,16301,0.037666401,0.015275136,0,0,0,0,0,0,0,0,0,0,5,1.572588588
200959.59,0.47613751,0.5,6404,37,0.07715,32.125,34.5,37.13,0,0,0.07,0,0,20,0.5,0.104,5.5,50,25,0.1,0.1,0.1,0.1,0.1,0.1,0.5,0,15301,0.038820992,0.015227763,0,0,0,0,0,0,0,0,0,0,5,1.501789677
201019.63,0.483881523,0.5,6404,37,0.10405,32.1875,34.4375,37.27,0,0,0.07,0,0,20,0.5,0.104,5.5,50,25,0.1,0.1,0.1,0.1,0.1,0.1,0.5,0,15069,0.039153228,0.015329484,0,0,0,0,0,0,0,0,0,0,5,1.47510037
201079.68,0.493893471,0.5,6404,37,0.14335,32.125,34.375,37.13,0,0,0.07,0,0,20,0.5,0.104,5.5,50,25,0.1,0.1,0.1,0.1,0.1,0.1,0.5,0,15355,0.03907522,0.015434712,0,0,0,0,0,0,0,0,0,0,5,1.462784626
201139.73,0.509465932,0.5,6404,37,0.13565,32.0625,34.375,37.05,0,0,0.07,0,0,20,0.5,0.104,5.5,50,25,0.1,0.1,0.1,0.1,0.1,0.1,0.5,0,17059,0.037516853,0.015241222,0,0,0,0,0,0,0,0,0,0,5,1.482774805
201199.77,0.526917775,0.5,6404,37,0.13175,32.0625,34.375,37.21,0,0,0,0,0,20,0.5,0.104,5.5,50,25,0.1,0.1,0.1,0.1,0.1,0.1,0.5,0,16345,0.038237993,0.01547874,0,0,0,0,0,0,0,0,0,0,5,1.509680644
201259.86,0.524107466,0.5,6404,37,0.09305,32.125,34.375,37.11,0,0,0,0,0,20,0.5,0.104,5.5,50,25,0.1,0.1,0.1,0.1,0.1,0.1,0.5,0,15882,0.03897494,0.015678126,0,0,0,0,0,0,0,0,0,0,5,1.418153328
201319.92,0.542850567,0.5,6404,37,0.17275,31.9375,34.3125,36.97,0,0,0,0,0,20,0.5,0.104,5.5,50,25,0.1,0.1,0.1,0.1,0.1,0.1,0.5,0,16179,0.038815749,0.015266704,0,0,0,0,0,0,0,0,0,0,5,1.45265766
201379.96,0.546918432,0.5,6404,37,0.13825,32,34.375,37.01,0,0.02,0.15,0,0,20,0.5,0.104,5.5,50,25,0.1,0.1,0.1,0.1,0.1,0.1,0.5,0,17018,0.038136091,0.01521918,0,0,0,0,0,0,0,0,0,0,0.44,1.45265766
201440,0.477691569,0.5,6404,37,0.4962,31.875,34.3125,36.23,0,0.015860013,0.133440053,0,0,20,0.5,0.104,5.5,50,25,0.1,0.1,0.1,0.1,0.1,0.1,0.5,0,16309,0.037954504,0.015451591,0,0,0,0,0,0,0,0,0,0,0.44,1.45265766
201500.03,0.447368903,0.5,6404,37,0.494906935,31.8125,34.3125,36.29,0,0,0.25,0,0,20,0.5,0.104,5.5,50,25,0.1,0.1,0.1,0.1,0.1,0.1,0.5,0,15560,0.038303342,0.015102828,0,0,0,0,0,0,0,0,0,0,5,1.45265766
201560.07,0.44976081,0.5,6404,37,0.16145,32.0625,34.375,37.11,0,0,0.07,0,0,20,0.5,0.104,5.5,50,25,0.1,0.1,0.1,0.1,0.1,0.1,0.5,0,14843,0.038671428,0.015562892,0,0,0,0,0,0,0,0,0,0,5,1.45265766
201620.12,0.47421469,0.5,6404,37,0.10655,32.0625,34.4375,37.29,0,0,0.07,0,0,20,0.5,0.104,5.5,50,25,0.1,0.1,0.1,0.1,0.1,0.1,0.5,0,14866,0.039284273,0.015606081,0,0,0,0,0,0,0,0,0,0,5,1.45265766
201680.18,0.482767872,0.5,6404,37,0.08755,32.1875,34.4375,37.33,0,0,0.07,0,0,20,0.5,0.104,5.5,50,25,0.1,0.1,0.1,0.1,0.1,0.1,0.5,0,15077,0.039132453,0.015387677,0,0,0,0,0,0,0,0,0,0,5,1.45265766
201740.23,0.488768979,0.5,6404,37,0.13775,32.1875,34.4375,37.25,0,0,0.07,0,0,20,0.5,0.104,5.5,50,25,0.1,0.1,0.1,0.1,0.1,0.1,0.5,0,14511,0.039900765,0.015574392,0,0,0,0,0,0,0,0,0,0,5,1.45265766
201800.3,0.510363638,0.5,6404,37,0.10995,32.125,34.4375,37.03,0,0,0.25,0,0,20,0.5,0.104,5.5,50,25,0.1,0.1,0.1,0.1,0.1,0.1,0.5,0,15482,0.039013047,0.015566464,0,0,0,0,0,0,0,0,0,0,5,1.45265766
201860.38,0.51098338,0.5,6404,37,0.10595,32.125,34.4375,37.05,0,0,0.07,0,0,20,0.5,0.104,5.5,50,25,0.1,0.1,0.1,0.1,0.1,0.1,0.5,0,16022,0.038571964,0.015541131,0,0,0,0,0,0,0,0,0,0,5,1.383665512
201920.42,0.538526753,0.5,6404,37,0.11235,32.125,34.375,37.01,0,0,0.07,0,0,20,0.5,0.104,5.5,50,25,0.1,0.1,0.1,0.1,0.1,0.1,0.5,0,16404,0.038161424,0.015362107,0,0,0,0,0,0,0,0,0,0,5,1.471982568
201980.49,0.530736584,0.5,6404,37,0.17495,32.0625,34.4375,36.97,0,0,0.07,0,0,20,0.5,0.104,5.5,50,25,0.1,0.1,0.1,0.1,0.1,0.1,0.5,0,16668,0.038096952,0.01511879,0,0,0,0,0,0,0,0,0,0,5,1.354669376
202040.53,0.532164511,0.5,6404,37,0.10925,32.0625,34.5,37.13,0,0,0.07,0,0,20,0.5,0.104,5.5,50,25,0.1,0.1,0.1,0.1,0.1,0.1,0.5,0,16212,0.038675056,0.015173945,0,0,0,0,0,0,0,0,0,0,5,1.294996458
202100.6,0.556268229,0.5,6404,37,0.18305,32,34.5,36.95,0,0,0,0,0,20,0.5,0.104,5.5,50,25,0.1,0.1,0.1,0.1,0.1,0.1,0.5,0,17861,0.037287946,0.015228711,0,0,0,0,0,0,0,0,0,0,5,1.363140429
202160.69,0.554166421,0.5,6404,37,0.13975,32,34.5,37.05,0,0.02,0.15,0,0,20,0.5,0.104,5.5,50,25,0.1,0.1,0.1,0.1,0.1,0.1,0.5,0,16835,0.038313038,0.015147015,0,0,0,0,0,0,0,0,0,0,0.44,1.363140429
202220.77,0.49820538,0.5,6404,37,0.42695,31.875,34.5,36.39,0,0.019235039,0.146940156,0,0,20,0.5,0.104,5.5,50,25,0.1,0.1,0.1,0.1,0.1,0.1,0.5,0,16468,0.038195288,0.015059509,0,0,0,0,0,0,0,0,0,0,0.44,1.363140429
202280.83,0.469004928,0.5,6404,37,0.51320928,31.8125,34.5,36.17,0,0.018908195,0.145632779,0,0,20,0.5,0.104,5.5,50,25,0.1,0.1,0.1,0.1,0.1,0.1,0.5,0,15412,0.038541396,0.015377628,0,0,0,0,0,0,0,0,0,0,0.44,1.363140429
202340.87,0.42672606,0.5,6404,37,0.499409582,31.9375,34.5,36.33,0,0,0.07,0,0,20,0.5,0.104,5.5,50,25,0.1,0.1,0.1,0.1,0.1,0.1,0.5,0,14602,0.038487878,0.015340364,0,0,0,0,0,0,0,0,0,0,5,1.363140429
202400.91,0.429631527,0.5,6404,37,0.19145,32.1875,34.5,37.27,0,0,0.25,0,0,20,0.5,0.104,5.5,50,25,0.1,0.1,0.1,0.1,0.1,0.1,0.5,0,14920,0.037935657,0.015348525,0,0,0,0,0,0,0,0,0,0,5,1.363140429
202460.96,0.452260508,0.5,6404,37,0.12235,32.25,34.5625,37.27,0,0,0.07,0,0,20,0.5,0.104,5.5,50,25,0.1,0.1,0.1,0.1,0.1,0.1,0.5,0,15218,0.038112761,0.015113681,0,0,0,0,0,0,0,0,0,0,5,1.363140429
202521.03,0.434190796,0.5,6404,37,0.14805,32.3125,34.5,37.27,0,0,0.07,0,0,20,0.5,0.104,5.5,50,25,0.1,0.1,0.1,0.1,0.1,0.1,0.5,0,15798,0.037599696,0.014875301,0,0,0,0,0,0,0,0,0,0,5,1.363140429
202581.1,0.458703428,0.5,6404,37,0.15225,32.3125,34.5,37.33,0,0,0.07,0,0,20,0.5,0.104,5.5,50,25,0.1,0.1,0.1,0.1,0.1,0.1,0.5,0,15562,0.037912865,0.015165146,0,0,0,0,0,0,0,0,0,0,5,1.363140429
202641.14,0.463950374,0.5,6404,37,0.16415,32.3125,34.5,37.41,0,0,0.07,0,0,20,0.5,0.104,5.5,50,25,0.1,0.1,0.1,0.1,0.1,0.1,0.5,0,14664,0.039143481,0.015343699,0,0,0,0,0,0,0,0,0,0,5,1.363140429
202701.22,0.478856127,0.5,6404,37,0.10515,32.25,34.5625,37.27,0,0,0.25,0,0,20,0.5,0.104,5.5,50,25,0.1,0.1,0.1,0.1,0.1,0.1,0.5,0,16030,0.037804117,0.014971928,0,0,0,0,0,0,0,0,0,0,5,1.389851204
202761.28,0.492978187,0.5,6404,37,0.14585,32.25,34.5625,37.11,0,0,0.07,0,0,20,0.5,0.104,5.5,50,25,0.1,0.1,0.1,0.1,0.1,0.1,0.5,0,16006,0.037923279,0.014994377,0,0,0,0,0,0,0,0,0,0,5,1.407552853
202821.33,0.496481773,0.5,6404,37,0.12425,32.25,34.625,37.13,0,0,0.07,0,0,20,0.5,0.104,5.5,50,25,0.1,0.1,0.1,0.1,0.1,0.1,0.5,0,14810,0.039500338,0.015462525,0,0,0,0,0,0,0,0,0,0,5,1.358420741
202881.39,0.502485321,0.5,6404,37,0.12385,32.1875,34.625,37.11,0,0,0.07,0,0,20,0.5,0.104,5.5,50,25,0.1,0.1,0.1,0.1,0.1,0.1,0.5,0,15660,0.038697318,0.015197957,0,0,0,0,0,0,0,0,0,0,5,1.326558671
202941.47,0.516051824,0.5,6404,37,0.11845,32.125,34.5625,37.25,0,0,0,0,0,20,0.5,0.104,5.5,50,25,0.1,0.1,0.1,0.1,0.1,0.1,0.5,0,16039,0.038406384,0.015275267,0,0,0,0,0,0,0,0,0,0,5,1.340153039
203001.52,0.529474214,0.5,6404,37,0.13305,32.125,34.5625,37.03,0,0,0,0,0,20,0.5,0.104,5.5,50,25,0.1,0.1,0.1,0.1,0.1,0.1,0.5,0,16058,0.038610039,0.015008096,0,0,0,0,0,0,0,0,0,0,5,1.350177199
203061.6,0.531294475,0.5,6404,37,0.12505,32.0625,34.5,36.97,0,0,0,0,0,20,0.5,0.104,5.5,50,25,0.1,0.1,0.1,0.1,0.1,0.1,0.5,0,17229,0.037669046,0.014974752,0,0,0,0,0,0,0,0,0,0,5,1.292964247
203121.65,0.549531659,0.5,6404,37,0.19095,32,34.5,37.03,0,0,0,0,0,20,0.5,0.104,5.5,50,25,0.1,0.1,0.1,0.1,0.1,0.1,0.5,0,16944,0.038184608,0.015049575,0,0,0,0,0,0,0,0,0,0,5,1.329565891
203181.72,0.55448416,0.5,6404,37,0.07585,32.0625,34.4375,37.13,0,0.02,0.15,0,0,20,0.5,0.104,5.5,50,25,0.1,0.1,0.1,0.1,0.1,0.1,0.5,0,16853,0.037797425,0.015071501,0,0,0,0,0,0,0,0,0,0,0.44,1.329565891
203241.77,0.508788983,0.5,6404,37,0.386975,32,34.375,36.39,0,0.02,0.15,0,0,20,0.5,0.104,5.5,50,25,0.1,0.1,0.1,0.1,0.1,0.1,0.5,0,16243,0.038354984,0.015144986,0,0,0,0,0,0,0,0,0,0,0.44,1.329565891
203301.84,0.486881953,0.5,6404,37,0.431,31.9375,34.4375,36.21,0,0.02,0.25,0,0,20,0.5,0.104,5.5,50,25,0.1,0.1,0.1,0.1,0.1,0.1,0.5,0,16010,0.037976265,0.015302936,0,0,0,0,0,0,0,0,0,0,0.44,1.329565891
203361.88,0.43752947,0.5,6404,37,0.481675,31.9375,34.375,36.41,0,0,0.07,0,0,20,0.5,0.104,5.5,50,25,0.1,0.1,0.1,0.1,0.1,0.1,0.5,0,15513,0.037710307,0.015019661,0,0,0,0,0,0,0,0,0,0,5,1.329565891
203421.96,0.445354525,0.5,6404,37,0.19335,32.125,34.3125,37.09,0,0,0.07,0,0,20,0.5,0.104,5.5,50,25,0.1,0.1,0.1,0.1,0.1,0.1,0.5,0,15142,0.038304055,0.014991415,0,0,0,0,0,0,0,0,0,0,5,1.329565891
203482.03,0.456972651,0.5,6404,37,0.11405,32.25,34.4375,37.27,0,0,0.07,0,0,20,0.5,0.104,5.5,50,25,0.1,0.1,0.1,0.1,0.1,0.1,0.5,0,14573,0.038976189,0.015645372,0,0,0,0,0,0,0,0,0,0,5,1.329565891
203542.09,0.461161601,0.5,6404,37,0.09295,32.125,34.375,37.33,0,0,0.07,0,0,20,0.5,0.104,5.5,50,25,0.1,0.1,0.1,0.1,0.1,0.1,0.5,0,15105,0.038464085,0.015359153,0,0,0,0,0,0,0,0,0,0,5,1.329565891
203602.16,0.474490026,0.5,6404,37,0.09775,32.1875,34.375,37.33,0,0,0.25,0,0,20,0.5,0.104,5.5,50,25,0.1,0.1,0.1,0.1,0.1,0.1,0.5,0,14764,0.038742888,0.015646166,0,0,0,0,0,0,0,0,0,0,5,1.329565891
203662.24,0.488845194,0.5,6404,37,0.14705,32.125,34.375,37.19,0,0,0.07,0,0,20,0.5,0.104,5.5,50,25,0.1,0.1,0.1,0.1,0.1,0.1,0.5,0,15976,0.038057086,0.015085128,0,0,0,0,0,0,0,0,0,0,5,1.329565891
203722.32,0.490445365,0.5,6404,37,0.17435,32.125,34.4375,37.05,0,0,0.07,0,0,20,0.5,0.104,5.5,50,25,0.1,0.1,0.1,0.1,0.1,0.1,0.5,0,15711,0.038571701,0.015212272,0,0,0,0,0,0,0,0,0,0,5,1.272891671
203782.39,0.501819932,0.5,6404,37,0.10035,32.1875,34.4375,37.05,0,0,0.07,0,0,20,0.5,0.104,5.5,50,25,0.1,0.1,0.1,0.1,0.1,0.1,0.5,0,16307,0.037959159,0.015024223,0,0,0,0,0,0,0,0,0,0,5,1.278029491
203842.46,0.520066567,0.5,6404,37,0.15055,32.1875,34.4375,37.01,0,0,0.07,0,0,20,0.5,0.104,5.5,50,25,0.1,0.1,0.1,0.1,0.1,0.1,0.5,0,16412,0.037899098,0.015171825,0,0,0,0,0,0,0,0,0,0,5,1.321274402
203902.52,0.545624708,0.5,6404,37,0.10895,32.125,34.5,36.97,0,0,0.25,0,0,20,0.5,0.104,5.5,50,25,0.1,0.1,0.1,0.1,0.1,0.1,0.5,0,16146,0.038337669,0.015545646,0,0,0,0,0,0,0,0,0,0,5,1.399134406
203962.56,0.543874871,0.5,6404,37,0.15335,32.0625,34.4375,36.89,0,0.02,0.15,0,0,20,0.5,0.104,5.5,50,25,0.1,0.1,0.1,0.1,0.1,0.1,0.5,0,16360,0.038202934,0.015403423,0,0,0,0,0,0,0,0,0,0,0.44,1.399134406
204022.61,0.496778684,0.5,6404,37,0.377275,32,34.5,36.29,0,0.02,0.15,0,0,20,0.5,0.104,5.5,50,25,0.1,0.1,0.1,0.1,0.1,0.1,0.5,0,16692,0.037622813,0.014917326,0,0,0,0,0,0,0,0,0,0,0.44,1.399134406
204082.65,0.449686485,0.5,6404,37,0.50965,31.9375,34.5,36.29,0,0,0.07,0,0,20,0.5,0.104,5.5,50,25,0.1,0.1,0.1,0.1,0.1,0.1,0.5,0,14977,0.038258663,0.015290112,0,0,0,0,0,0,0,0,0,0,5,1.399134406
204142.7,0.454538826,0.5,6404,37,0.15305,32.0625,34.5,36.95,0,0,0.07,0,0,20,0.5,0.104,5.5,50,25,0.1,0.1,0.1,0.1,0.1,0.1,0.5,0,15585,0.038177735,0.015014437,0,0,0,0,0,0,0,0,0,0,5,1.399134406
204202.74,0.467943314,0.5,6404,37,0.12525,32.0625,34.5,37.11,0,0,0.25,0,0,20,0.5,0.104,5.5,50,25,0.1,0.1,0.1,0.1,0.1,0.1,0.5,0,15798,0.037726294,0.015065198,0,0,0,0,0,0,0,0,0,0,5,1.399134406
204262.79,0.481486628,0.5,6404,37,0.09745,32.25,34.5,37.09,0,0,0.07,0,0,20,0.5,0.104,5.5,50,25,0.1,0.1,0.1,0.1,0.1,0.1,0.5,0,14642,0.038997405,0.015366753,0,0,0,0,0,0,0,0,0,0,5,1.399134406
204322.83,0.498051709,0.5,6404,37,0.13735,32.1875,34.5625,37.19,0,0,0.07,0,0,20,0.5,0.104,5.5,50,25,0.1,0.1,0.1,0.1,0.1,0.1,0.5,0,15693,0.038106162,0.01522972,0,0,0,0,0,0,0,0,0,0,5,1.399134406
204382.9,0.503010822,0.5,6404,37,0.14165,32.1875,34.5625,37.19,0,0,0.07,0,0,20,0.5,0.104,5.5,50,25,0.1,0.1,0.1,0.1,0.1,0.1,0.5,0,16722,0.037615118,0.014830762,0,0,0,0,0,0,0,0,0,0,5,1.399134406
204442.97,0.49903564,0.5,6404,37,0.12095,32.125,34.5,37.03,0,0,0.07,0,0,20,0.5,0.104,5.5,50,25,0.1,0.1,0.1,0.1,0.1,0.1,0.5,0,15583,0.038439325,0.015529744,0,0,0,0,0,0,0,0,0,0,5,1.305375181
204503.05,0.510701669,0.5,6404,37,0.09555,32.1875,34.5625,37.09,0,0,0.25,0,0,20,0.5,0.104,5.5,50,25,0.1,0.1,0.1,0.1,0.1,0.1,0.5,0,16150,0.038513932,0.015603715,0,0,0,0,0,0,0,0,0,0,5,1.309430678
204563.11,0.527845703,0.5,6404,37,0.12865,32.1875,34.5625,36.87,0,0,0.07,0,0,20,0.5,0.104,5.5,50,25,0.1,0.1,0.1,0.1,0.1,0.1,0.5,0,15991,0.038208993,0.015133513,0,0,0,0,0,0,0,0,0,0,5,1.343014377
204623.17,0.542510818,0.5,6404,37,0.16275,32.125,34.5625,36.95,0,0,0.07,0,0,20,0.5,0.104,5.5,50,25,0.1,0.1,0.1,0.1,0.1,0.1,0.5,0,16408,0.038334959,0.015114578,0,0,0,0,0,0,0,0,0,0,5,1.358075699
204683.25,0.56501594,0.5,6404,37,0.15425,32.125,34.5,36.97,0,0.02,0.15,0,0,20,0.5,0.104,5.5,50,25,0.1,0.1,0.1,0.1,0.1,0.1,0.5,0,17554,0.037484334,0.014925373,0,0,0,0,0,0,0,0,0,0,0.44,1.358075699
204743.32,0.492669482,0.5,6404,37,0.47385,31.9375,34.5,36.07,0,0.019614895,0.14845958,0,0,20,0.5,0.104,5.5,50,25,0.1,0.1,0.1,0.1,0.1,0.1,0.5,0,15985,0.037847982,0.015014076,0,0,0,0,0,0,0,0,0,0,0.44,1.358075699
204803.39,0.44495554,0.5,6404,37,0.492584421,31.9375,34.5,36.29,0,0,0.25,0,0,20,0.5,0.104,5.5,50,25,0.1,0.1,0.1,0.1,0.1,0.1,0.5,0,14888,0.038285868,0.015180011,0,0,0,0,0,0,0,0,0,0,5,1.358075699
204863.45,0.451341833,0.5,6404,37,0.16715,32.0625,34.5,37.11,0,0,0.07,0,0,20,0.5,0.104,5.5,50,25,0.1,0.1,0.1,0.1,0.1,0.1,0.5,0,14833,0.038764916,0.015573384,0,0,0,0,0,0,0,0,0,0,5,1.358075699
204923.51,0.459519152,0.5,6404,37,0.13695,32.1875,34.5625,37.21,0,0,0.07,0,0,20,0.5,0.104,5.5,50,25,0.1,0.1,0.1,0.1,0.1,0.1,0.5,0,14575,0.03897084,0.015231561,0,0,0,0,0,0,0,0,0,0,5,1.358075699
204983.58,0.472876498,0.5,6404,37,0.14595,32.1875,34.5625,37.29,0,0,0.07,0,0,20,0.5,0.104,5.5,50,25,0.1,0.1,0.1,0.1,0.1,0.1,0.5,0,14969,0.038813548,0.015632307,0,0,0,0,0,0,0,0,0,0,5,1.358075699
205043.62,0.485239319,0.5,6404,37,0.10485,32.25,34.5,37.27,0,0,0.07,0,0,20,0.5,0.104,5.5,50,25,0.1,0.1,0.1,0.1,0.1,0.1,0.5,0,16137,0.037739357,0.015058561,0,0,0,0,0,0,0,0,0,0,5,1.358075699
205103.69,0.508722159,0.5,6404,37,0.13915,32.25,34.625,37.17,0,0,0.25,0,0,20,0.5,0.104,5.5,50,25,0.1,0.1,0.1,0.1,0.1,0.1,0.5,0,16015,0.038151733,0.015360599,0,0,0,0,0,0,0,0,0,0,5,1.358075699
205163.75,0.519853742,0.5,6404,37,0.12465,32.25,34.5625,37.03,0,0,0.07,0,0,20,0.5,0.104,5.5,50,25,0.1,0.1,0.1,0.1,0.1,0.1,0.5,0,14949,0.038731688,0.015385645,0,0,0,0,0,0,0,0,0,0,5,1.355108401
205223.82,0.523862442,0.5,6404,37,0.10565,32.25,34.625,37.19,0,0,0.07,0,0,20,0.5,0.104,5.5,50,25,0.1,0.1,0.1,0.1,0.1,0.1,0.5,0,17328,0.037165282,0.015062327,0,0,0,0,0,0,0,0,0,0,5,1.310397864
205283.88,0.524117886,0.5,6404,37,0.16115,32.1875,34.5625,37.13,0,0,0.07,0,0,20,0.5,0.104,5.5,50,25,0.1,0.1,0.1,0.1,0.1,0.1,0.5,0,15830,0.038534428,0.015476943,0,0,0,0,0,0,0,0,0,0,5,1.246340465
205343.94,0.537442325,0.5,6404,37,0.14785,32.1875,34.5,36.97,0,0,0.07,0,0,20,0.5,0.104,5.5,50,25,0.1,0.1,0.1,0.1,0.1,0.1,0.5,0,15837,0.038769969,0.015533245,0,0,0,0,0,0,0,0,0,0,5,1.259337901
205404.02,0.543384666,0.5,6404,37,0.13335,32.125,34.5625,37.01,0,0,0,0,0,20,0.5,0.104,5.5,50,25,0.1,0.1,0.1,0.1,0.1,0.1,0.5,0,17094,0.037849538,0.015327015,0,0,0,0,0,0,0,0,0,0,5,1.229359087
205464.1,0.569894524,0.5,6404,37,0.12125,32.0625,34.5,37.13,0,0.02,0.15,0,0,20,0.5,0.104,5.5,50,25,0.1,0.1,0.1,0.1,0.1,0.1,0.5,0,16774,0.038273519,0.015380947,0,0,0,0,0,0,0,0,0,0,0.44,1.229359087
205524.16,0.499827986,0.5,6404,37,0.44895,31.875,34.4375,36.07,0,0.02,0.15,0,0,20,0.5,0.104,5.5,50,25,0.1,0.1,0.1,0.1,0.1,0.1,0.5,0,17195,0.036987496,0.014771736,0,0,0,0,0,0,0,0,0,0,0.44,1.229359087
205584.2,0.457678325,0.5,6404,37,0.464875,31.875,34.375,36.37,0,0,0.07,0,0,20,0.5,0.104,5.5,50,25,0.1,0.1,0.1,0.1,0.1,0.1,0.5,0,15893,0.037437866,0.014975146,0,0,0,0,0,0,0,0,0,0,5,1.229359087
205644.27,0.471371387,0.5,6404,37,0.17705,32.0625,34.4375,37.11,0,0,0.07,0,0,20,0.5,0.104,5.5,50,25,0.1,0.1,0.1,0.1,0.1,0.1,0.5,0,15319,0.038187871,0.01520987,0,0,0,0,0,0,0,0,0,0,5,1.229359087
205704.31,0.470051195,0.5,6404,37,0.13715,32.125,34.375,37.21,0,0,0.25,0,0,20,0.5,0.104,5.5,50,25,0.1,0.1,0.1,0.1,0.1,0.1,0.5,0,16205,0.037457575,0.014995372,0,0,0,0,0,0,0,0,0,0,5,1.229359087
205764.36,0.506545176,0.5,6404,37,0.15875,32.1875,34.375,37.21,0,0,0.07,0,0,20,0.5,0.104,5.5,50,25,0.1,0.1,0.1,0.1,0.1,0.1,0.5,0,15734,0.038324647,0.015380704,0,0,0,0,0,0,0,0,0,0,5,1.229359087
205824.42,0.495936165,0.5,6404,37,0.15805,32.1875,34.375,37.11,0,0,0.07,0,0,20,0.5,0.104,5.5,50,25,0.1,0.1,0.1,0.1,0.1,0.1,0.5,0,15624,0.038402458,0.015296979,0,0,0,0,0,0,0,0,0,0,5,1.229359087
205884.48,0.508053224,0.5,6404,37,0.14555,32.125,34.4375,37.13,0,0,0.07,0,0,20,0.5,0.104,5.5,50,25,0.1,0.1,0.1,0.1,0.1,0.1,0.5,0,15387,0.038604016,0.015272633,0,0,0,0,0,0,0,0,0,0,5,1.229359087
205944.55,0.526526826,0.5,6404,37,0.10625,32.1875,34.4375,37.05,0,0,0.07,0,0,20,0.5,0.104,5.5,50,25,0.1,0.1,0.1,0.1,0.1,0.1,0.5,0,16655,0.037406184,0.014950465,0,0,0,0,0,0,0,0,0,0,5,1.275039339
206004.6,0.534873969,0.5,6404,37,0.13145,32.0625,34.4375,37.11,0,0,0.25,0,0,20,0.5,0.104,5.5,50,25,0.1,0.1,0.1,0.1,0.1,0.1,0.5,0,16960,0.037323113,0.014917453,0,0,0,0,0,0,0,0,0,0,5,1.258473965
206064.67,0.558631402,0.5,6404,37,0.15605,32.0625,34.4375,37.11,0,0,0.07,0,0,20,0.5,0.104,5.5,50,25,0.1,0.1,0.1,0.1,0.1,0.1,0.5,0,16429,0.038164222,0.015399598,0,0,0,0,0,0,0,0,0,0,5,1.325926429
206124.73,0.557161785,0.5,6404,37,0.12575,32.0625,34.375,37.03,0,0.02,0.15,0,0,20,0.5,0.104,5.5,50,25,0.1,0.1,0.1,0.1,0.1,0.1,0.5,0,17373,0.037702182,0.015253554,0,0,0,0,0,0,0,0,0,0,0.44,1.325926429
206184.77,0.486247609,0.5,6404,37,0.4932,31.875,34.4375,36.17,0,0.018002853,0.142011413,0,0,20,0.5,0.104,5.5,50,25,0.1,0.1,0.1,0.1,0.1,0.1,0.5,0,16026,0.037751154,0.015100462,0,0,0,0,0,0,0,0,0,0,0.44,1.325926429
206244.82,0.452581697,0.5,6404,37,0.452726571,31.875,34.4375,36.25,0,0,0.07,0,0,20,0.5,0.104,5.5,50,25,0.1,0.1,0.1,0.1,0.1,0.1,0.5,0,15280,0.03802356,0.015248691,0,0,0,0,0,0,0,0,0,0,5,1.325926429
206304.89,0.473035239,0.5,6404,37,0.16245,32.0625,34.5,37.01,0,0,0.25,0,0,20,0.5,0.104,5.5,50,25,0.1,0.1,0.1,0.1,0.1,0.1,0.5,0,16065,0.037223778,0.01512605,0,0,0,0,0,0,0,0,0,0,5,1.325926429
206364.94,0.472746307,0.5,6404,37,0.14555,32.125,34.5,37.29,0,0,0.07,0,0,20,0.5,0.104,5.5,50,25,0.1,0.1,0.1,0.1,0.1,0.1,0.5,0,14810,0.038487508,0.015259959,0,0,0,0,0,0,0,0,0,0,5,1.325926429
206424.98,0.48003446,0.5,6404,37,0.14715,32.1875,34.5625,37.29,0,0,0.07,0,0,20,0.5,0.104,5.5,50,25,0.1,0.1,0.1,0.1,0.1,0.1,0.5,0,15779,0.038278725,0.015083339,0,0,0,0,0,0,0,0,0,0,5,1.325926429
206485.03,0.496527319,0.5,6404,37,0.12785,32.1875,34.5,37.33,0,0,0.07,0,0,20,0.5,0.104,5.5,50,25,0.1,0.1,0.1,0.1,0.1,0.1,0.5,0,16203,0.037770783,0.01505894,0,0,0,0,0,0,0,0,0,0,5,1.325926429
206545.07,0.494913725,0.5,6404,37,0.13645,32.1875,34.5,37.25,0,0,0.07,0,0,20,0.5,0.104,5.5,50,25,0.1,0.1,0.1,0.1,0.1,0.1,0.5,0,15529,0.038830575,0.015261768,0,0,0,0,0,0,0,0,0,0,5,1.325926429
206605.11,0.523624967,0.5,6404,37,0.14165,32.125,34.5625,37.19,0,0,0.25,0,0,20,0.5,0.104,5.5,50,25,0.1,0.1,0.1,0.1,0.1,0.1,0.5,0,15474,0.039033217,0.015251389,0,0,0,0,0,0,0,0,0,0,5,1.428806897
206665.16,0.534278332,0.5,6404,37,0.11565,32.125,34.5625,37.05,0,0,0.07,0,0,20,0.5,0.104,5.5,50,25,0.1,0.1,0.1,0.1,0.1,0.1,0.5,0,15817,0.038692546,0.015489663,0,0,0,0,0,0,0,0,0,0,5,1.417790176
206725.22,0.540261056,0.5,6404,37,0.15055,32.0625,34.5625,37.11,0,0,0.07,0,0,20,0.5,0.104,5.5,50,25,0.1,0.1,0.1,0.1,0.1,0.1,0.5,0,15138,0.039437178,0.015391729,0,0,0,0,0,0,0,0,0,0,5,1.380307272
206785.29,0.547212095,0.5,6404,37,0.15255,32.0625,34.5625,36.95,0,0.02,0.15,0,0,20,0.5,0.104,5.5,50,25,0.1,0.1,0.1,0.1,0.1,0.1,0.5,0,16080,0.038619403,0.015360697,0,0,0,0,0,0,0,0,0,0,0.44,1.380307272
206845.33,0.504016055,0.5,6404,37,0.404325,31.9375,34.5,36.29,0,0.02,0.15,0,0,20,0.5,0.104,5.5,50,25,0.1,0.1,0.1,0.1,0.1,0.1,0.5,0,15980,0.038172716,0.015269086,0,0,0,0,0,0,0,0,0,0,0.44,1.380307272
206905.37,0.444695547,0.5,6404,37,0.54375,31.875,34.5,36.05,0,0.001305921,0.25,0,0,20,0.5,0.104,5.5,50,25,0.1,0.1,0.1,0.1,0.1,0.1,0.5,0,15338,0.037684183,0.015060634,0,0,0,0,0,0,0,0,0,0,0.44,1.380307272
206965.43,0.445356733,0.5,6404,37,0.262852877,31.9375,34.4375,36.85,0,0,0.07,0,0,20,0.5,0.104,5.5,50,25,0.1,0.1,0.1,0.1,0.1,0.1,0.5,0,15138,0.038115999,0.015061435,0,0,0,0,0,0,0,0,0,0,5,1.380307272
207025.47,0.468692134,0.5,6404,37,0.11365,32.0625,34.375,37.37,0,0,0.07,0,0,20,0.5,0.104,5.5,50,25,0.1,0.1,0.1,0.1,0.1,0.1,0.5,0,15649,0.037254777,0.014825228,0,0,0,0,0,0,0,0,0,0,5,1.380307272
207085.54,0.466734302,0.5,6404,37,0.09725,32.1875,34.3125,37.35,0,0,0.07,0,0,20,0.5,0.104,5.5,50,25,0.1,0.1,0.1,0.1,0.1,0.1,0.5,0,15031,0.038320804,0.01530171,0,0,0,0,0,0,0,0,0,0,5,1.380307272
207145.6,0.474841148,0.5,6404,37,0.18535,32.1875,34.375,37.21,0,0,0.07,0,0,20,0.5,0.104,5.5,50,25,0.1,0.1,0.1,0.1,0.1,0.1,0.5,0,15102,0.038736591,0.015494636,0,0,0,0,0,0,0,0,0,0,5,1.380307272
207205.66,0.490268414,0.5,6404,37,0.13725,32.125,34.4375,37.29,0,0,0.25,0,0,20,0.5,0.104,5.5,50,25,0.1,0.1,0.1,0.1,0.1,0.1,0.5,0,15922,0.037872127,0.015073483,0,0,0,0,0,0,0,0,0,0,5,1.380307272
207265.72,0.507069479,0.5,6404,37,0.14035,32.125,34.4375,37.25,0,0,0.07,0,0,20,0.5,0.104,5.5,50,25,0.1,0.1,0.1,0.1,0.1,0.1,0.5,0,14985,0.039239239,0.015215215,0,0,0,0,0,0,0,0,0,0,5,1.380307272
207325.76,0.518164688,0.5,6404,37,0.10755,32.1875,34.4375,37.13,0,0,0.07,0,0,20,0.5,0.104,5.5,50,25,0.1,0.1,0.1,0.1,0.1,0.1,0.5,0,16087,0.038105302,0.015043203,0,0,0,0,0,0,0,0,0,0,5,1.37622717
207385.81,0.517321368,0.5,6404,37,0.11295,32.125,34.4375,37.13,0,0,0.07,0,0,20,0.5,0.104,5.5,50,25,0.1,0.1,0.1,0.1,0.1,0.1,0.5,0,15361,0.038929757,0.015298483,0,0,0,0,0,0,0,0,0,0,5,1.302529295
207445.88,0.52119526,0.5,6404,37,0.13875,32.125,34.4375,36.93,0,0,0.07,0,0,20,0.5,0.104,5.5,50,25,0.1,0.1,0.1,0.1,0.1,0.1,0.5,0,14671,0.040079068,0.015677186,0,0,0,0,0,0,0,0,0,0,5,1.259784233
207505.92,0.533147066,0.5,6404,37,0.12725,32.0625,34.4375,37.11,0,0,0.25,0,0,20,0.5,0.104,5.5,50,25,0.1,0.1,0.1,0.1,0.1,0.1,0.5,0,16532,0.038228889,0.015182676,0,0,0,0,0,0,0,0,0,0,5,1.264812694
207565.95,0.536169514,0.5,6404,37,0.16965,32.125,34.5,37.17,0,0,0,0,0,20,0.5,0.104,5.5,50,25,0.1,0.1,0.1,0.1,0.1,0.1,0.5,0,15386,0.039516444,0.01566359,0,0,0,0,0,0,0,0,0,0,5,1.218531239
207625.99,0.550809137,0.5,6404,37,0.12895,32.125,34.4375,37.11,0,0,0,0,0,20,0.5,0.104,5.5,50,25,0.1,0.1,0.1,0.1,0.1,0.1,0.5,0,16343,0.038426238,0.015174693,0,0,0,0,0,0,0,0,0,0,5,1.23841864
207686.05,0.57042936,0.5,6404,37,0.11645,32.0625,34.4375,37.13,0,0.02,0.15,0,0,20,0.5,0.104,5.5,50,25,0.1,0.1,0.1,0.1,0.1,0.1,0.5,0,18077,0.037395586,0.015102063,0,0,0,0,0,0,0,0,0,0,0.44,1.23841864
207746.11,0.525584119,0.5,6404,37,0.437875,31.875,34.4375,36.25,0,0.02,0.15,0,0,20,0.5,0.104,5.5,50,25,0.1,0.1,0.1,0.1,0.1,0.1,0.5,0,16849,0.037925099,0.015015728,0,0,0,0,0,0,0,0,0,0,0.44,1.23841864
207806.16,0.453908704,0.5,6404,37,0.499175,31.8125,34.5,36.05,0,0.02,0.25,0,0,20,0.5,0.104,5.5,50,25,0.1,0.1,0.1,0.1,0.1,0.1,0.5,0,15131,0.038794528,0.015531029,0,0,0,0,0,0,0,0,0,0,0.44,1.23841864
207866.22,0.419346713,0.5,6404,37,0.52815,31.875,34.4375,36.15,0,0,0.07,0,0,20,0.5,0.104,5.5,50,25,0.1,0.1,0.1,0.1,0.1,0.1,0.5,0,15070,0.038022561,0.014996682,0,0,0,0,0,0,0,0,0,0,5,1.23841864
207926.27,0.410436153,0.5,6404,37,0.18375,32.0625,34.4375,36.95,0,0,0.07,0,0,20,0.5,0.104,5.5,50,25,0.1,0.1,0.1,0.1,0.1,0.1,0.5,0,14349,0.038748345,0.015262388,0,0,0,0,0,0,0,0,0,0,5,1.23841864
207986.32,0.432652008,0.5,6404,37,0.18185,32.1875,34.4375,37.21,0,0,0.07,0,0,20,0.5,0.104,5.5,50,25,0.1,0.1,0.1,0.1,0.1,0.1,0.5,0,15230,0.037885752,0.014839133,0,0,0,0,0,0,0,0,0,0,5,1.23841864
208046.39,0.437308046,0.5,6404,37,0.09305,32.3125,34.5,37.51,0,0,0.07,0,0,20,0.5,0.104,5.5,50,25,0.1,0.1,0.1,0.1,0.1,0.1,0.5,0,14177,0.039288989,0.015377019,0,0,0,0,0,0,0,0,0,0,5,1.23841864
208106.44,0.446187257,0.5,6404,37,0.11015,32.3125,34.5,37.27,0,0,0.25,0,0,20,0.5,0.104,5.5,50,25,0.1,0.1,0.1,0.1,0.1,0.1,0.5,0,14419,0.039045704,0.015326999,0,0,0,0,0,0,0,0,0,0,5,1.23841864
208166.51,0.466156042,0.5,6404,37,0.15025,32.3125,34.5,37.21,0,0,0.07,0,0,20,0.5,0.104,5.5,50,25,0.1,0.1,0.1,0.1,0.1,0.1,0.5,0,14652,0.038834289,0.015356265,0,0,0,0,0,0,0,0,0,0,5,1.23841864
208226.58,0.480057679,0.5,6404,37,0.10095,32.3125,34.5625,37.13,0,0,0.07,0,0,20,0.5,0.104,5.5,50,25,0.1,0.1,0.1,0.1,0.1,0.1,0.5,0,14990,0.038892595,0.015543696,0,0,0,0,0,0,0,0,0,0,5,1.264655194
208286.65,0.466787656,0.5,6404,37,0.15345,32.3125,34.5625,37.13,0,0,0.07,0,0,20,0.5,0.104,5.5,50,25,0.1,0.1,0.1,0.1,0.1,0.1,0.5,0,15565,0.038355284,0.01503373,0,0,0,0,0,0,0,0,0,0,5,1.117327019
208346.7,0.513734475,0.5,6404,37,0.09945,32.1875,34.5625,37.09,0,0,0.07,0,0,20,0.5,0.104,5.5,50,25,0.1,0.1,0.1,0.1,0.1,0.1,0.5,0,16474,0.037513658,0.014932621,0,0,0,0,0,0,0,0,0,0,5,1.348956942
208406.74,0.50393848,0.5,6404,37,0.13995,32.1875,34.5625,37.05,0,0,0.25,0,0,20,0.5,0.104,5.5,50,25,0.1,0.1,0.1,0.1,0.1,0.1,0.5,0,15105,0.03939093,0.015425356,0,0,0,0,0,0,0,0,0,0,5,1.223752048
208466.8,0.508779167,0.5,6404,37,0.19145,32,34.5,36.95,0,0,0,0,0,20,0.5,0.104,5.5,50,25,0.1,0.1,0.1,0.1,0.1,0.1,0.5,0,14393,0.040436323,0.015702077,0,0,0,0,0,0,0,0,0,0,5,1.19124405
208526.87,0.518269011,0.5,6404,37,0.15025,32.125,34.5,37.29,0,0,0,0,0,20,0.5,0.104,5.5,50,25,0.1,0.1,0.1,0.1,0.1,0.1,0.5,0,16994,0.037542662,0.015005296,0,0,0,0,0,0,0,0,0,0,5,1.187122949
208586.94,0.536985859,0.5,6404,37,0.10305,32.125,34.4375,37.17,0,0,0,0,0,20,0.5,0.104,5.5,50,25,0.1,0.1,0.1,0.1,0.1,0.1,0.5,0,16707,0.038008021,0.015083498,0,0,0,0,0,0,0,0,0,0,5,1.234198784
208647.01,0.543031904,0.5,6404,37,0.12915,32.125,34.4375,36.97,0,0,0,0,0,20,0.5,0.104,5.5,50,25,0.1,0.1,0.1,0.1,0.1,0.1,0.5,0,16514,0.038512777,0.015501998,0,0,0,0,0,0,0,0,0,0,5,1.206077784
208707.06,0.558623858,0.5,6404,37,0.12585,32.0625,34.375,37.13,0,0.02,0.25,0,0,20,0.5,0.104,5.5,50,25,0.1,0.1,0.1,0.1,0.1,0.1,0.5,0,16263,0.038861219,0.015618275,0,0,0,0,0,0,0,0,0,0,0.44,1.206077784
208767.11,0.517697708,0.5,6404,37,0.4165,31.9375,34.4375,36.47,0,0.02,0.15,0,0,20,0.5,0.104,5.5,50,25,0.1,0.1,0.1,0.1,0.1,0.1,0.5,0,16421,0.038243712,0.01516351,0,0,0,0,0,0,0,0,0,0,0.44,1.206077784
208827.16,0.457068595,0.5,6404,37,0.491375,31.8125,34.4375,36.17,0,0.02,0.15,0,0,20,0.5,0.104,5.5,50,25,0.1,0.1,0.1,0.1,0.1,0.1,0.5,0,15149,0.038550399,0.015116509,0,0,0,0,0,0,0,0,0,0,0.44,1.206077784
208887.21,0.422470472,0.5,6404,37,0.492875,31.875,34.4375,36.49,0,0,0.07,0,0,20,0.5,0.104,5.5,50,25,0.1,0.1,0.1,0.1,0.1,0.1,0.5,0,14732,0.038351887,0.015340755,0,0,0,0,0,0,0,0,0,0,5,1.206077784
208947.28,0.437926677,0.5,6404,37,0.15755,32.0625,34.4375,37.21,0,0,0.07,0,0,20,0.5,0.104,5.5,50,25,0.1,0.1,0.1,0.1,0.1,0.1,0.5,0,14932,0.038306992,0.01506831,0,0,0,0,0,0,0,0,0,0,5,1.206077784
209007.31,0.444815391,0.5,6404,37,0.05165,32.1875,34.4375,37.49,0,0,0.25,0,0,20,0.5,0.104,5.5,50,25,0.1,0.1,0.1,0.1,0.1,0.1,0.5,0,14879,0.038913906,0.01532361,0,0,0,0,0,0,0,0,0,0,5,1.206077784
209067.36,0.458494993,0.5,6404,37,0.14445,32.25,34.4375,37.45,0,0,0.07,0,0,20,0.5,0.104,5.5,50,25,0.1,0.1,0.1,0.1,0.1,0.1,0.5,0,15376,0.038371488,0.015348595,0,0,0,0,0,0,0,0,0,0,5,1.206077784
209127.41,0.491399428,0.5,6404,37,0.07215,32.25,34.4375,37.29,0,0,0.07,0,0,20,0.5,0.104,5.5,50,25,0.1,0.1,0.1,0.1,0.1,0.1,0.5,0,14790,0.0392833,0.015618661,0,0,0,0,0,0,0,0,0,0,5,1.206077784
209187.48,0.476521222,0.5,6404,37,0.13795,32.1875,34.375,37.11,0,0,0.07,0,0,20,0.5,0.104,5.5,50,25,0.1,0.1,0.1,0.1,0.1,0.1,0.5,0,16032,0.037799401,0.015281936,0,0,0,0,0,0,0,0,0,0,5,1.206077784
209247.56,0.487642352,0.5,6404,37,0.10455,32.25,34.375,37.33,0,0,0.07,0,0,20,0.5,0.104,5.5,50,25,0.1,0.1,0.1,0.1,0.1,0.1,0.5,0,15303,0.038881265,0.015291119,0,0,0,0,0,0,0,0,0,0,5,1.214983873
209307.63,0.506635911,0.5,6404,37,0.10205,32.1875,34.4375,37.05,0,0,0.25,0,0,20,0.5,0.104,5.5,50,25,0.1,0.1,0.1,0.1,0.1,0.1,0.5,0,15857,0.038279624,0.015198335,0,0,0,0,0,0,0,0,0,0,5,1.268865792
209367.67,0.521369506,0.5,6404,37,0.15055,32.125,34.4375,37.05,0,0,0.07,0,0,20,0.5,0.104,5.5,50,25,0.1,0.1,0.1,0.1,0.1,0.1,0.5,0,15398,0.039290817,0.01558644,0,0,0,0,0,0,0,0,0,0,5,1.291421681
209427.71,0.51551328,0.5,6404,37,0.08745,32.0625,34.5,37.05,0,0,0.07,0,0,20,0.5,0.104,5.5,50,25,0.1,0.1,0.1,0.1,0.1,0.1,0.5,0,15833,0.038590286,0.015600328,0,0,0,0,0,0,0,0,0,0,5,1.192962746
209487.77,0.545318432,0.5,6404,37,0.18245,32.0625,34.5,37.21,0,0,0,0,0,20,0.5,0.104,5.5,50,25,0.1,0.1,0.1,0.1,0.1,0.1,0.5,0,15556,0.039534585,0.015299563,0,0,0,0,0,0,0,0,0,0,5,1.301935121
209547.8,0.56390471,0.5,6404,37,0.14915,32.0625,34.5,37.03,0,0.02,0.15,0,0,20,0.5,0.104,5.5,50,25,0.1,0.1,0.1,0.1,0.1,0.1,0.5,0,15614,0.039579864,0.015434866,0,0,0,0,0,0,0,0,0,0,0.44,1.301935121
209607.87,0.484628811,0.5,6404,37,0.52825,31.875,34.5,35.99,0,0.018469441,0.25,0,0,20,0.5,0.104,5.5,50,25,0.1,0.1,0.1,0.1,0.1,0.1,0.5,0,16373,0.037622916,0.015024736,0,0,0,0,0,0,0,0,0,0,0.44,1.301935121
209667.91,0.42732322,0.5,6404,37,0.485653802,31.9375,34.5625,36.13,0,0,0.07,0,0,20,0.5,0.104,5.5,50,25,0.1,0.1,0.1,0.1,0.1,0.1,0.5,0,14637,0.038669126,0.015235362,0,0,0,0,0,0,0,0,0,0,5,1.301935121
209727.98,0.444698635,0.5,6404,37,0.16485,32.0625,34.5625,37.09,0,0,0.07,0,0,20,0.5,0.104,5.5,50,25,0.1,0.1,0.1,0.1,0.1,0.1,0.5,0,14757,0.038693501,0.015111473,0,0,0,0,0,0,0,0,0,0,5,1.301935121
209788.05,0.465244179,0.5,6404,37,0.11525,32.1875,34.5625,37.35,0,0,0.07,0,0,20,0.5,0.104,5.5,50,25,0.1,0.1,0.1,0.1,0.1,0.1,0.5,0,14519,0.039052276,0.015703561,0,0,0,0,0,0,0,0,0,0,5,1.301935121
209848.09,0.470769444,0.5,6404,37,0.15185,32.25,34.5,37.21,0,0,0.07,0,0,20,0.5,0.104,5.5,50,25,0.1,0.1,0.1,0.1,0.1,0.1,0.5,0,14409,0.039142203,0.015823444,0,0,0,0,0,0,0,0,0,0,5,1.301935121
209908.14,0.469421616,0.5,6404,37,0.14815,32.1875,34.5,37.29,0,0,0.25,0,0,20,0.5,0.104,5.5,50,25,0.1,0.1,0.1,0.1,0.1,0.1,0.5,0,15235,0.038726616,0.015556285,0,0,0,0,0,0,0,0,0,0,5,1.301935121
209968.2,0.483580119,0.5,6404,37,0.14975,32.125,34.4375,37.27,0,0,0.07,0,0,20,0.5,0.104,5.5,50,25,0.1,0.1,0.1,0.1,0.1,0.1,0.5,0,14708,0.039502312,0.015773729,0,0,0,0,0,0,0,0,0,0,5,1.301935121
210028.25,0.487745913,0.5,6404,37,0.11105,32.1875,34.4375,37.29,0,0,0.07,0,0,20,0.5,0.104,5.5,50,25,0.1,0.1,0.1,0.1,0.1,0.1,0.5,0,15729,0.038400407,0.01544917,0,0,0,0,0,0,0,0,0,0,5,1.262571143
210088.3,0.512352294,0.5,6404,37,0.10065,32.1875,34.4375,37.05,0,0,0.07,0,0,20,0.5,0.104,5.5,50,25,0.1,0.1,0.1,0.1,0.1,0.1,0.5,0,16007,0.038233273,0.015180858,0,0,0,0,0,0,0,0,0,0,5,1.347096171
210148.37,0.515013353,0.5,6404,37,0.09525,32.0625,34.4375,37.17,0,0,0.07,0,0,20,0.5,0.104,5.5,50,25,0.1,0.1,0.1,0.1,0.1,0.1,0.5,0,17368,0.037540304,0.015257946,0,0,0,0,0,0,0,0,0,0,5,1.295282461
210208.43,0.522932555,0.5,6404,37,0.13815,32.0625,34.375,37.19,0,0,0.25,0,0,20,0.5,0.104,5.5,50,25,0.1,0.1,0.1,0.1,0.1,0.1,0.5,0,17222,0.037858553,0.015271165,0,0,0,0,0,0,0,0,0,0,5,1.27629735
210268.48,0.536707649,0.5,6404,37,0.14425,32.125,34.4375,37.05,0,0,0,0,0,20,0.5,0.104,5.5,50,25,0.1,0.1,0.1,0.1,0.1,0.1,0.5,0,15361,0.039515657,0.015558883,0,0,0,0,0,0,0,0,0,0,5,1.290485582
210328.51,0.529407772,0.5,6404,37,0.12185,32,34.375,36.95,0,0,0,0,0,20,0.5,0.104,5.5,50,25,0.1,0.1,0.1,0.1,0.1,0.1,0.5,0,16938,0.038316212,0.015172984,0,0,0,0,0,0,0,0,0,0,5,1.184877619
210388.59,0.557462218,0.5,6404,37,0.15735,32,34.4375,37.03,0,0,0,0,0,20,0.5,0.104,5.5,50,25,0.1,0.1,0.1,0.1,0.1,0.1,0.5,0,16365,0.038802322,0.015582035,0,0,0,0,0,0,0,0,0,0,5,1.280541021
210448.65,0.564585007,0.5,6404,37,0.14825,32,34.4375,37.01,0,0.02,0.15,0,0,20,0.5,0.104,5.5,50,25,0.1,0.1,0.1,0.1,0.1,0.1,0.5,0,16542,0.038810301,0.015354854,0,0,0,0,0,0,0,0,0,0,0.44,1.280541021
210508.71,0.510978402,0.5,6404,37,0.494875,31.8125,34.4375,36.13,0,0.02,0.25,0,0,20,0.5,0.104,5.5,50,25,0.1,0.1,0.1,0.1,0.1,0.1,0.5,0,16828,0.037556454,0.015093891,0,0,0,0,0,0,0,0,0,0,0.44,1.280541021
210568.75,0.45798927,0.5,6404,37,0.569575,31.8125,34.4375,36.15,0,0.015683319,0.132733276,0,0,20,0.5,0.104,5.5,50,25,0.1,0.1,0.1,0.1,0.1,0.1,0.5,0,14624,0.039387309,0.015795952,0,0,0,0,0,0,0,0,0,0,0.44,1.280541021
210628.81,0.427921098,0.5,6404,37,0.497483371,31.8125,34.375,36.33,0,0,0.07,0,0,20,0.5,0.104,5.5,50,25,0.1,0.1,0.1,0.1,0.1,0.1,0.5,0,14413,0.038784431,0.015402761,0,0,0,0,0,0,0,0,0,0,5,1.280541021
210688.87,0.433577098,0.5,6404,37,0.15265,32.125,34.4375,37.19,0,0,0.07,0,0,20,0.5,0.104,5.5,50,25,0.1,0.1,0.1,0.1,0.1,0.1,0.5,0,14889,0.038148969,0.015246155,0,0,0,0,0,0,0,0,0,0,5,1.280541021
210748.91,0.440566389,0.5,6404,37,0.11975,32.1875,34.375,37.35,0,0,0.07,0,0,20,0.5,0.104,5.5,50,25,0.1,0.1,0.1,0.1,0.1,0.1,0.5,0,14794,0.038461538,0.015276463,0,0,0,0,0,0,0,0,0,0,5,1.280541021
210808.98,0.447325153,0.5,6404,37,0.16155,32.25,34.4375,37.25,0,0,0.25,0,0,20,0.5,0.104,5.5,50,25,0.1,0.1,0.1,0.1,0.1,0.1,0.5,0,14473,0.038900021,0.015269813,0,0,0,0,0,0,0,0,0,0,5,1.280541021
210869.01,0.441554114,0.5,6404,37,0.09925,32.25,34.5,37.43,0,0,0.07,0,0,20,0.5,0.104,5.5,50,25,0.1,0.1,0.1,0.1,0.1,0.1,0.5,0,14390,0.039054899,0.015635858,0,0,0,0,0,0,0,0,0,0,5,1.280541021
210929.07,0.451318266,0.5,6404,37,0.14735,32.25,34.5,37.49,0,0,0.07,0,0,20,0.5,0.104,5.5,50,25,0.1,0.1,0.1,0.1,0.1,0.1,0.5,0,14798,0.039059332,0.015272334,0,0,0,0,0,0,0,0,0,0,5,1.280541021
210989.12,0.46502653,0.5,6404,37,0.14045,32.1875,34.5,37.19,0,0,0.07,0,0,20,0.5,0.104,5.5,50,25,0.1,0.1,0.1,0.1,0.1,0.1,0.5,0,15079,0.038596724,0.015253001,0,0,0,0,0,0,0,0,0,0,5,1.306279004
211049.18,0.483448261,0.5,6404,37,0.13765,32.1875,34.5,37.17,0,0,0.07,0,0,20,0.5,0.104,5.5,50,25,0.1,0.1,0.1,0.1,0.1,0.1,0.5,0,15614,0.038234917,0.015370821,0,0,0,0,0,0,0,0,0,0,5,1.357514576
211109.21,0.490555114,0.5,6404,37,0.14255,32.25,34.5625,37.13,0,0,0.25,0,0,20,0.5,0.104,5.5,50,25,0.1,0.1,0.1,0.1,0.1,0.1,0.5,0,14755,0.039444256,0.015520163,0,0,0,0,0,0,0,0,0,0,5,1.333418858
211169.26,0.505982807,0.5,6404,37,0.12155,32.1875,34.5,37.19,0,0,0.07,0,0,20,0.5,0.104,5.5,50,25,0.1,0.1,0.1,0.1,0.1,0.1,0.5,0,15328,0.03901357,0.01533142,0,0,0,0,0,0,0,0,0,0,5,1.359643078
211229.3,0.519461714,0.5,6404,37,0.19445,32.1875,34.5,36.89,0,0,0,0,0,20,0.5,0.104,5.5,50,25,0.1,0.1,0.1,0.1,0.1,0.1,0.5,0,16253,0.038269858,0.01507414,0,0,0,0,0,0,0,0,0,0,5,1.370532184
211289.35,0.52689939,0.5,6404,37,0.11375,32.1875,34.5,37.19,0,0,0,0,0,20,0.5,0.104,5.5,50,25,0.1,0.1,0.1,0.1,0.1,0.1,0.5,0,15901,0.038676813,0.015282058,0,0,0,0,0,0,0,0,0,0,5,1.344655101
211349.39,0.519967249,0.5,6404,37,0.15455,32.125,34.4375,37.01,0,0,0,0,0,20,0.5,0.104,5.5,50,25,0.1,0.1,0.1,0.1,0.1,0.1,0.5,0,15720,0.039122137,0.015648855,0,0,0,0,0,0,0,0,0,0,5,1.237690968
211409.43,0.551064875,0.5,6404,37,0.12005,32.0625,34.5,37.13,0,0,0,0,0,20,0.5,0.104,5.5,50,25,0.1,0.1,0.1,0.1,0.1,0.1,0.5,0,15723,0.039305476,0.01570947,0,0,0,0,0,0,0,0,0,0,5,1.350066569
211469.48,0.555572957,0.5,6404,37,0.13735,32,34.375,37.05,0,0.02,0.15,0,0,20,0.5,0.104,5.5,50,25,0.1,0.1,0.1,0.1,0.1,0.1,0.5,0,16321,0.038784388,0.015624043,0,0,0,0,0,0,0,0,0,0,0.44,1.350066569
211529.52,0.525773163,0.5,6404,37,0.4051,31.8125,34.375,36.47,0,0.02,0.15,0,0,20,0.5,0.104,5.5,50,25,0.1,0.1,0.1,0.1,0.1,0.1,0.5,0,17011,0.037975428,0.015401799,0,0,0,0,0,0,0,0,0,0,0.44,1.350066569
211589.59,0.460384838,0.5,6404,37,0.448975,31.75,34.4375,36.37,0,0.02,0.15,0,0,20,0.5,0.104,5.5,50,25,0.1,0.1,0.1,0.1,0.1,0.1,0.5,0,15752,0.038153885,0.015299644,0,0,0,0,0,0,0,0,0,0,0.44,1.350066569
211649.68,0.423974157,0.5,6404,37,0.495575,31.8125,34.4375,36.29,0,0,0.07,0,0,20,0.5,0.104,5.5,50,25,0.1,0.1,0.1,0.1,0.1,0.1,0.5,0,14260,0.039130435,0.015568022,0,0,0,0,0,0,0,0,0,0,5,1.350066569
211709.73,0.420429324,0.5,6404,37,0.19385,32,34.4375,37.13,0,0,0.25,0,0,20,0.5,0.104,5.5,50,25,0.1,0.1,0.1,0.1,0.1,0.1,0.5,0,14882,0.03877167,0.015387717,0,0,0,0,0,0,0,0,0,0,5,1.350066569
211769.82,0.433369837,0.5,6404,37,0.12185,32.125,34.4375,37.37,0,0,0.07,0,0,20,0.5,0.104,5.5,50,25,0.1,0.1,0.1,0.1,0.1,0.1,0.5,0,14751,0.03870924,0.015388787,0,0,0,0,0,0,0,0,0,0,5,1.350066569
211829.9,0.451520777,0.5,6404,37,0.14315,32.1875,34.4375,37.25,0,0,0.07,0,0,20,0.5,0.104,5.5,50,25,0.1,0.1,0.1,0.1,0.1,0.1,0.5,0,14317,0.039533422,0.015855277,0,0,0,0,0,0,0,0,0,0,5,1.350066569
211889.96,0.452501876,0.5,6404,37,0.14385,32.25,34.4375,37.21,0,0,0.07,0,0,20,0.5,0.104,5.5,50,25,0.1,0.1,0.1,0.1,0.1,0.1,0.5,0,15572,0.038338043,0.015155407,0,0,0,0,0,0,0,0,0,0,5,1.350066569
211949.99,0.476124738,0.5,6404,37,0.13545,32.1875,34.5625,37.21,0,0,0.07,0,0,20,0.5,0.104,5.5,50,25,0.1,0.1,0.1,0.1,0.1,0.1,0.5,0,15275,0.03888707,0.015581015,0,0,0,0,0,0,0,0,0,0,5,1.350066569
212010.04,0.470977573,0.5,6404,37,0.15445,32.1875,34.5,37.11,0,0,0.25,0,0,20,0.5,0.104,5.5,50,25,0.1,0.1,0.1,0.1,0.1,0.1,0.5,0,15744,0.038427337,0.015180386,0,0,0,0,0,0,0,0,0,0,5,1.24995505
212070.08,0.481983955,0.5,6404,37,0.10545,32.125,34.5,37.27,0,0,0.07,0,0,20,0.5,0.104,5.5,50,25,0.1,0.1,0.1,0.1,0.1,0.1,0.5,0,14119,0.040371131,0.015723493,0,0,0,0,0,0,0,0,0,0,5,1.256758342
212130.16,0.496654837,0.5,6404,37,0.12295,32.1875,34.5,37.17,0,0,0.07,0,0,20,0.5,0.104,5.5,50,25,0.1,0.1,0.1,0.1,0.1,0.1,0.5,0,16238,0.03799729,0.015211233,0,0,0,0,0,0,0,0,0,0,5,1.283873826
212190.25,0.506301706,0.5,6404,37,0.15795,32.125,34.5,37.03,0,0,0.07,0,0,20,0.5,0.104,5.5,50,25,0.1,0.1,0.1,0.1,0.1,0.1,0.5,0,15686,0.039079434,0.015491521,0,0,0,0,0,0,0,0,0,0,5,1.277392502
212250.29,0.521391153,0.5,6404,37,0.09665,32.125,34.5,37.25,0,0,0,0,0,20,0.5,0.104,5.5,50,25,0.1,0.1,0.1,0.1,0.1,0.1,0.5,0,15313,0.039378306,0.01554235,0,0,0,0,0,0,0,0,0,0,5,1.301626232
212310.38,0.509256822,0.5,6404,37,0.15125,32.0625,34.5,37.01,0,0,0,0,0,20,0.5,0.104,5.5,50,25,0.1,0.1,0.1,0.1,0.1,0.1,0.5,0,15894,0.039260098,0.015414622,0,0,0,0,0,0,0,0,0,0,5,1.165900677
212370.44,0.515974439,0.5,6404,37,0.14385,32.0625,34.5,37.03,0,0,0,0,0,20,0.5,0.104,5.5,50,25,0.1,0.1,0.1,0.1,0.1,0.1,0.5,0,17274,0.037976149,0.015167303,0,0,0,0,0,0,0,0,0,0,5,1.146919967
212430.5,0.543844261,0.5,6404,37,0.14825,32.0625,34.5,37.01,0,0,0,0,0,20,0.5,0.104,5.5,50,25,0.1,0.1,0.1,0.1,0.1,0.1,0.5,0,16624,0.03855871,0.015339269,0,0,0,0,0,0,0,0,0,0,5,1.247391054
212490.58,0.551812437,0.5,6404,37,0.262625,32.0625,34.5625,37.05,0,0.02,0.15,0,0,20,0.5,0.104,5.5,50,25,0.1,0.1,0.1,0.1,0.1,0.1,0.5,0,16411,0.039120102,0.015660228,0,0,0,0,0,0,0,0,0,0,0.44,1.247391054
212550.64,0.507607452,0.5,6404,37,0.50465,31.875,34.5,36.01,0,0.02,0.15,0,0,20,0.5,0.104,5.5,50,25,0.1,0.1,0.1,0.1,0.1,0.1,0.5,0,16305,0.038454462,0.015271389,0,0,0,0,0,0,0,0,0,0,0.44,1.247391054
212610.68,0.437854388,0.5,6404,37,0.384023125,31.9375,34.5,36.31,0,0.000369751,0.25,0,0,20,0.5,0.104,5.5,50,25,0.1,0.1,0.1,0.1,0.1,0.1,0.5,0,15012,0.038768985,0.015520917,0,0,0,0,0,0,0,0,0,0,0.44,1.247391054
212670.74,0.436200718,0.5,6404,37,0.22125,32.0625,34.5,36.97,0,0,0.07,0,0,20,0.5,0.104,5.5,50,25,0.1,0.1,0.1,0.1,0.1,0.1,0.5,0,14720,0.039538043,0.01548913,0,0,0,0,0,0,0,0,0,0,5,1.247391054
212730.8,0.459607014,0.5,6404,37,0.15165,32.1875,34.5,37.21,0,0,0.07,0,0,20,0.5,0.104,5.5,50,25,0.1,0.1,0.1,0.1,0.1,0.1,0.5,0,15225,0.038423645,0.015303777,0,0,0,0,0,0,0,0,0,0,5,1.247391054
212790.87,0.469738766,0.5,6404,37,0.20775,32.1875,34.5,36.97,0,0,0.07,0,0,20,0.5,0.104,5.5,50,25,0.1,0.1,0.1,0.1,0.1,0.1,0.5,0,15065,0.039097245,0.015466313,0,0,0,0,0,0,0,0,0,0,5,1.247391054
212850.92,0.473385111,0.5,6404,37,0.08875,32.25,34.4375,37.41,0,0,0.07,0,0,20,0.5,0.104,5.5,50,25,0.1,0.1,0.1,0.1,0.1,0.1,0.5,0,14415,0.039889005,0.015469997,0,0,0,0,0,0,0,0,0,0,5,1.247391054
212910.96,0.49512676,0.5,6404,37,0.11975,32.25,34.4375,37.25,0,0,0.25,0,0,20,0.5,0.104,5.5,50,25,0.1,0.1,0.1,0.1,0.1,0.1,0.5,0,15310,0.039190072,0.015414762,0,0,0,0,0,0,0,0,0,0,5,1.247391054
212971,0.497670708,0.5,6404,37,0.13405,32.25,34.375,37.17,0,0,0.07,0,0,20,0.5,0.104,5.5,50,25,0.1,0.1,0.1,0.1,0.1,0.1,0.5,0,15266,0.039172016,0.015524695,0,0,0,0,0,0,0,0,0,0,5,1.247391054
213031.05,0.516625272,0.5,6404,37,0.14775,32.1875,34.5,37.09,0,0,0.07,0,0,20,0.5,0.104,5.5,50,25,0.1,0.1,0.1,0.1,0.1,0.1,0.5,0,15511,0.038875637,0.01547289,0,0,0,0,0,0,0,0,0,0,5,1.29715901
213091.09,0.519073083,0.5,6404,37,0.16385,32.1875,34.5,37.01,0,0,0.07,0,0,20,0.5,0.104,5.5,50,25,0.1,0.1,0.1,0.1,0.1,0.1,0.5,0,16506,0.038592027,0.015206592,0,0,0,0,0,0,0,0,0,0,5,1.246481726
213151.14,0.539698233,0.5,6404,37,0.18235,32.1875,34.5,36.93,0,0,0.07,0,0,20,0.5,0.104,5.5,50,25,0.1,0.1,0.1,0.1,0.1,0.1,0.5,0,15874,0.039183571,0.015308051,0,0,0,0,0,0,0,0,0,0,5,1.301054037
213211.18,0.544082098,0.5,6404,37,0.14965,32.0625,34.4375,37.05,0,0,0.25,0,0,20,0.5,0.104,5.5,50,25,0.1,0.1,0.1,0.1,0.1,0.1,0.5,0,16366,0.039105463,0.015336674,0,0,0,0,0,0,0,0,0,0,5,1.260271326
213271.23,0.553333897,0.5,6404,37,0.22475,32.125,34.5,37.27,0,0.02,0.15,0,0,20,0.5,0.104,5.5,50,25,0.1,0.1,0.1,0.1,0.1,0.1,0.5,0,16937,0.038377517,0.015351007,0,0,0,0,0,0,0,0,0,0,0.44,1.260271326
213331.27,0.492692833,0.5,6404,37,0.444598498,31.9375,34.5625,36.25,0,0.018452977,0.143811909,0,0,20,0.5,0.104,5.5,50,25,0.1,0.1,0.1,0.1,0.1,0.1,0.5,0,16123,0.038826521,0.015381753,0,0,0,0,0,0,0,0,0,0,0.44,1.260271326
213391.32,0.450489689,0.5,6404,37,0.42295,31.875,34.5625,36.15,0,0,0.07,0,0,20,0.5,0.104,5.5,50,25,0.1,0.1,0.1,0.1,0.1,0.1,0.5,0,15150,0.039141914,0.015643564,0,0,0,0,0,0,0,0,0,0,5,1.260271326
213451.39,0.449664265,0.5,6404,37,0.19825,32.0625,34.5625,37.05,0,0,0.07,0,0,20,0.5,0.104,5.5,50,25,0.1,0.1,0.1,0.1,0.1,0.1,0.5,0,14913,0.039428686,0.015489841,0,0,0,0,0,0,0,0,0,0,5,1.260271326
213511.47,0.465218398,0.5,6404,37,0.15075,32.1875,34.625,37.21,0,0,0.25,0,0,20,0.5,0.104,5.5,50,25,0.1,0.1,0.1,0.1,0.1,0.1,0.5,0,15251,0.038948266,0.015408826,0,0,0,0,0,0,0,0,0,0,5,1.260271326
213571.53,0.46432453,0.5,6404,37,0.13295,32.25,34.5625,37.25,0,0,0.07,0,0,20,0.5,0.104,5.5,50,25,0.1,0.1,0.1,0.1,0.1,0.1,0.5,0,14803,0.03958657,0.015672499,0,0,0,0,0,0,0,0,0,0,5,1.260271326
213631.57,0.483347133,0.5,6404,37,0.10155,32.375,34.5625,37.33,0,0,0.07,0,0,20,0.5,0.104,5.5,50,25,0.1,0.1,0.1,0.1,0.1,0.1,0.5,0,15649,0.038852323,0.015336443,0,0,0,0,0,0,0,0,0,0,5,1.260271326
213691.61,0.505831969,0.5,6404,37,0.12755,32.3125,34.5625,37.19,0,0,0.07,0,0,20,0.5,0.104,5.5,50,25,0.1,0.1,0.1,0.1,0.1,0.1,0.5,0,15518,0.039115865,0.015594793,0,0,0,0,0,0,0,0,0,0,5,1.260271326
213751.66,0.515701297,0.5,6404,37,0.18165,32.25,34.5625,36.97,0,0,0.07,0,0,20,0.5,0.104,5.5,50,25,0.1,0.1,0.1,0.1,0.1,0.1,0.5,0,15671,0.039244464,0.015697786,0,0,0,0,0,0,0,0,0,0,5,1.255227295
213811.73,0.522044134,0.5,6404,37,0.13535,32.1875,34.5625,37.13,0,0,0.25,0,0,20,0.5,0.104,5.5,50,25,0.1,0.1,0.1,0.1,0.1,0.1,0.5,0,15549,0.039616696,0.01575664,0,0,0,0,0,0,0,0,0,0,5,1.229139177
213871.8,0.540208688,0.5,6404,37,0.16235,32.1875,34.5,37.01,0,0,0.07,0,0,20,0.5,0.104,5.5,50,25,0.1,0.1,0.1,0.1,0.1,0.1,0.5,0,16032,0.039109281,0.015593812,0,0,0,0,0,0,0,0,0,0,5,1.270292393
213931.87,0.561155783,0.5,6404,37,0.26025,32.1875,34.5,37.13,0,0.02,0.15,0,0,20,0.5,0.104,5.5,50,25,0.1,0.1,0.1,0.1,0.1,0.1,0.5,0,15762,0.039398553,0.015289938,0,0,0,0,0,0,0,0,0,0,0.44,1.270292393
213991.92,0.473762226,0.5,6404,37,0.441273488,32,34.4375,36.29,0,0.016760807,0.137043228,0,0,20,0.5,0.104,5.5,50,25,0.1,0.1,0.1,0.1,0.1,0.1,0.5,0,15570,0.038728324,0.015606936,0,0,0,0,0,0,0,0,0,0,0.44,1.270292393
214051.96,0.443842144,0.5,6404,37,0.34585,32,34.5,36.45,0,0,0.07,0,0,20,0.5,0.104,5.5,50,25,0.1,0.1,0.1,0.1,0.1,0.1,0.5,0,15040,0.038829787,0.015558511,0,0,0,0,0,0,0,0,0,0,5,1.270292393
214112.01,0.447179758,0.5,6404,37,0.28095,32.125,34.5,36.73,0,0,0.25,0,0,20,0.5,0.104,5.5,50,25,0.1,0.1,0.1,0.1,0.1,0.1,0.5,0,14681,0.0393025,0.015462162,0,0,0,0,0,0,0,0,0,0,5,1.270292393
214172.05,0.461960726,0.5,6404,37,0.16645,32.25,34.5625,37.17,0,0,0.07,0,0,20,0.5,0.104,5.5,50,25,0.1,0.1,0.1,0.1,0.1,0.1,0.5,0,14514,0.03975472,0.015502274,0,0,0,0,0,0,0,0,0,0,5,1.270292393
214232.09,0.466198591,0.5,6404,37,0.12975,32.25,34.5625,37.27,0,0,0.07,0,0,20,0.5,0.104,5.5,50,25,0.1,0.1,0.1,0.1,0.1,0.1,0.5,0,15281,0.038937242,0.015640338,0,0,0,0,0,0,0,0,0,0,5,1.270292393
214292.15,0.462076383,0.5,6404,37,0.15875,32.3125,34.625,37.13,0,0,0.07,0,0,20,0.5,0.104,5.5,50,25,0.1,0.1,0.1,0.1,0.1,0.1,0.5,0,15832,0.038592724,0.015222335,0,0,0,0,0,0,0,0,0,0,5,1.270292393
214352.21,0.477543914,0.5,6404,37,0.15805,32.25,34.625,37.11,0,0,0.07,0,0,20,0.5,0.104,5.5,50,25,0.1,0.1,0.1,0.1,0.1,0.1,0.5,0,14826,0.039794955,0.015715635,0,0,0,0,0,0,0,0,0,0,5,1.270292393
214412.28,0.500054311,0.5,6404,37,0.09315,32.3125,34.625,37.33,0,0,0.25,0,0,20,0.5,0.104,5.5,50,25,0.1,0.1,0.1,0.1,0.1,0.1,0.5,0,14702,0.040198612,0.015508094,0,0,0,0,0,0,0,0,0,0,5,1.344959547
214472.34,0.506370963,0.5,6404,37,0.11915,32.25,34.625,37.19,0,0,0.07,0,0,20,0.5,0.104,5.5,50,25,0.1,0.1,0.1,0.1,0.1,0.1,0.5,0,14910,0.040308518,0.015694165,0,0,0,0,0,0,0,0,0,0,5,1.315370016
214532.39,0.517544174,0.5,6404,37,0.13615,32.25,34.625,37.11,0,0,0.07,0,0,20,0.5,0.104,5.5,50,25,0.1,0.1,0.1,0.1,0.1,0.1,0.5,0,15627,0.039738913,0.01555001,0,0,0,0,0,0,0,0,0,0,5,1.315077576
214592.48,0.514164875,0.5,6404,37,0.14725,32.1875,34.625,37.05,0,0,0.07,0,0,20,0.5,0.104,5.5,50,25,0.1,0.1,0.1,0.1,0.1,0.1,0.5,0,15778,0.039738877,0.015654709,0,0,0,0,0,0,0,0,0,0,5,1.229670994
214652.55,0.544811064,0.5,6404,37,0.10775,32.1875,34.5625,37.19,0,0,0,0,0,20,0.5,0.104,5.5,50,25,0.1,0.1,0.1,0.1,0.1,0.1,0.5,0,15929,0.039236612,0.015694645,0,0,0,0,0,0,0,0,0,0,5,1.341872688
214712.62,0.553276776,0.5,6404,37,0.25715,32.1875,34.5,37.09,0,0.02,0.25,0,0,20,0.5,0.104,5.5,50,25,0.1,0.1,0.1,0.1,0.1,0.1,0.5,0,15841,0.039517707,0.015466195,0,0,0,0,0,0,0,0,0,0,0.44,1.341872688
214772.67,0.509899788,0.5,6404,37,0.43405,32.0625,34.5,36.33,0,0.02,0.15,0,0,20,0.5,0.104,5.5,50,25,0.1,0.1,0.1,0.1,0.1,0.1,0.5,0,16119,0.039022272,0.01538557,0,0,0,0,0,0,0,0,0,0,0.44,1.341872688
214832.74,0.486414055,0.5,6404,37,0.38595,32,34.5,36.65,0,0.02,0.15,0,0,20,0.5,0.104,5.5,50,25,0.1,0.1,0.1,0.1,0.1,0.1,0.5,0,14770,0.04041977,0.015842925,0,0,0,0,0,0,0,0,0,0,0.44,1.341872688
214892.78,0.419647345,0.5,6404,37,0.38925,32.0625,34.5,36.31,0,0,0.07,0,0,20,0.5,0.104,5.5,50,25,0.1,0.1,0.1,0.1,0.1,0.1,0.5,0,13921,0.040298829,0.015875296,0,0,0,0,0,0,0,0,0,0,5,1.341872688
214952.85,0.437814096,0.5,6404,37,0.20395,32.1875,34.5,37.05,0,0,0.07,0,0,20,0.5,0.104,5.5,50,25,0.1,0.1,0.1,0.1,0.1,0.1,0.5,0,14406,0.039775094,0.015410246,0,0,0,0,0,0,0,0,0,0,5,1.341872688
215012.91,0.462116389,0.5,6404,37,0.16295,32.25,34.5,37.19,0,0,0.25,0,0,20,0.5,0.104,5.5,50,25,0.1,0.1,0.1,0.1,0.1,0.1,0.5,0,14844,0.039275128,0.01562921,0,0,0,0,0,0,0,0,0,0,5,1.341872688
215072.97,0.454732666,0.5,6404,37,0.08445,32.3125,34.5625,37.45,0,0,0.07,0,0,20,0.5,0.104,5.5,50,25,0.1,0.1,0.1,0.1,0.1,0.1,0.5,0,14932,0.039177605,0.015470131,0,0,0,0,0,0,0,0,0,0,5,1.341872688
215133.04,0.477288208,0.5,6404,37,0.13755,32.375,34.625,37.21,0,0,0.07,0,0,20,0.5,0.104,5.5,50,25,0.1,0.1,0.1,0.1,0.1,0.1,0.5,0,15380,0.039271782,0.015409623,0,0,0,0,0,0,0,0,0,0,5,1.341872688
215193.11,0.479002047,0.5,6404,37,0.10765,32.375,34.625,37.29,0,0,0.07,0,0,20,0.5,0.104,5.5,50,25,0.1,0.1,0.1,0.1,0.1,0.1,0.5,0,15236,0.039642951,0.01548963,0,0,0,0,0,0,0,0,0,0,5,1.341872688
215253.17,0.493863158,0.5,6404,37,0.11105,32.3125,34.625,37.25,0,0,0.07,0,0,20,0.5,0.104,5.5,50,25,0.1,0.1,0.1,0.1,0.1,0.1,0.5,0,15840,0.039078283,0.015340909,0,0,0,0,0,0,0,0,0,0,5,1.366439848
215313.23,0.495520312,0.5,6404,37,0.17745,32.3125,34.625,36.97,0,0,0.25,0,0,20,0.5,0.104,5.5,50,25,0.1,0.1,0.1,0.1,0.1,0.1,0.5,0,15321,0.039814634,0.015534234,0,0,0,0,0,0,0,0,0,0,5,1.308167484
215373.28,0.503146883,0.5,6404,37,0.13235,32.3125,34.6875,37.13,0,0,0.07,0,0,20,0.5,0.104,5.5,50,25,0.1,0.1,0.1,0.1,0.1,0.1,0.5,0,15830,0.039355654,0.0153506,0,0,0,0,0,0,0,0,0,0,5,1.288580498
215433.35,0.50899734,0.5,6404,37,0.11785,32.3125,34.6875,37.17,0,0,0.07,0,0,20,0.5,0.104,5.5,50,25,0.1,0.1,0.1,0.1,0.1,0.1,0.5,0,15237,0.040165387,0.015685502,0,0,0,0,0,0,0,0,0,0,5,1.258833419
215493.39,0.5309907,0.5,6404,37,0.1259,32.25,34.6875,37.13,0,0,0,0,0,20,0.5,0.104,5.5,50,25,0.1,0.1,0.1,0.1,0.1,0.1,0.5,0,16074,0.039753639,0.015428643,0,0,0,0,0,0,0,0,0,0,5,1.322796895
215553.43,0.545374245,0.5,6404,37,0.056,32.25,34.625,37.13,0,0,0,0,0,20,0.5,0.104,5.5,50,25,0.1,0.1,0.1,0.1,0.1,0.1,0.5,0,16045,0.039763166,0.015456529,0,0,0,0,0,0,0,0,0,0,5,1.336840272
215613.5,0.548302595,0.5,6404,37,0.3235,32.25,34.625,36.73,0,0.02,0.25,0,0,20,0.5,0.104,5.5,50,25,0.1,0.1,0.1,0.1,0.1,0.1,0.5,0,16952,0.038992449,0.015514394,0,0,0,0,0,0,0,0,0,0,0.44,1.336840272
215673.54,0.493235724,0.5,6404,37,0.486751639,32,34.5625,36.05,0,0.018017247,0.14206899,0,0,20,0.5,0.104,5.5,50,25,0.1,0.1,0.1,0.1,0.1,0.1,0.5,0,15597,0.039494775,0.015515804,0,0,0,0,0,0,0,0,0,0,0.44,1.336840272
215733.58,0.452208422,0.5,6404,37,0.35665,32.0625,34.625,36.39,0,0,0.07,0,0,20,0.5,0.104,5.5,50,25,0.1,0.1,0.1,0.1,0.1,0.1,0.5,0,15287,0.03892196,0.015372539,0,0,0,0,0,0,0,0,0,0,5,1.336840272
215793.63,0.441205128,0.5,6404,37,0.20345,32.1875,34.5625,37.01,0,0,0.07,0,0,20,0.5,0.104,5.5,50,25,0.1,0.1,0.1,0.1,0.1,0.1,0.5,0,14970,0.039345357,0.015430862,0,0,0,0,0,0,0,0,0,0,5,1.336840272
215853.69,0.460607222,0.5,6404,37,0.11775,32.3125,34.625,37.33,0,0,0.07,0,0,20,0.5,0.104,5.5,50,25,0.1,0.1,0.1,0.1,0.1,0.1,0.5,0,15312,0.038858412,0.015282132,0,0,0,0,0,0,0,0,0,0,5,1.336840272
215913.77,0.470271157,0.5,6404,37,0.15025,32.25,34.625,37.17,0,0,0.25,0,0,20,0.5,0.104,5.5,50,25,0.1,0.1,0.1,0.1,0.1,0.1,0.5,0,15092,0.03922608,0.015703684,0,0,0,0,0,0,0,0,0,0,5,1.336840272