exp_time,od_measured,od_setpoint,od_zero_setpoint,thermostat_setpoint,heating_rate,internal_air_temp,external_air_temp,media_temp,opt_gen_act_int,pump_1_rate,pump_2_rate,pump_3_rate,pump_4_rate,media_vol,stirring_rate,Van,OC6,IPTG,LED_457nm_setpoint,LED_500nm_setpoint,LED_523nm_setpoint,LED_595nm_setpoint,LED_623nm_setpoint,LED_6500K_setpoint,laser_setpoint,LED_UV_int,FP1_base,FP1_emit1,FP1_emit2,FP2_base,FP2_emit1,FP2_emit2,FP3_base,FP3_emit1,FP3_emit2,custom_prog_param1,custom_prog_param2,custom_prog_param3,custom_prog_status,zigzag_target,growth_rate
0.19,-0.008098837,0.5,7111,37,0.2377,33.375,34.625,36.81,0,0,0.25,0,0,20,0.5,0,0,0,0.1,0.1,0.1,0.1,0.1,0.1,0.5,0,10886,0.036193276,0.015065221,0,0,0,0,0,0,0,0,0,0,5,2
60.25,0.000746444,0.5,7111,37,0.19815,33.375,34.5625,36.95,0,0,0.07,0,0,20,0.5,0,0,0,0.1,0.1,0.1,0.1,0.1,0.1,0.5,0,10838,0.036076767,0.015131943,0,0,0,0,0,0,0,0,0,0,5,2
120.28,0.003030741,0.5,7111,37,0.19845,33.3125,34.5625,36.95,0,0,0.07,0,0,20,0.5,0,0,0,0.1,0.1,0.1,0.1,0.1,0.1,0.5,0,10843,0.03587568,0.015124965,0,0,0,0,0,0,0,0,0,0,5,2
180.34,-0.004482472,0.5,7111,37,0.18285,33.3125,34.625,36.71,0,0,0.07,0,0,20,0.5,0,0,0,0.1,0.1,0.1,0.1,0.1,0.1,0.5,0,10943,0.0362789,0.01535228,0,0,0,0,0,0,0,0,0,0,5,2
240.41,-0.000971024,0.5,7111,37,0.20815,33.3125,34.625,36.89,0,0,0.07,0,0,20,0.5,0,0,0,0.1,0.1,0.1,0.1,0.1,0.1,0.5,0,10867,0.036256557,0.015091562,0,0,0,0,0,0,0,0,0,0,5,2
300.45,-0.004735723,0.5,7111,37,0.20055,33.3125,34.625,36.89,0,0,0.25,0,0,20,0.5,0,0,0,0.1,0.1,0.1,0.1,0.1,0.1,0.5,0,10929,0.036325373,0.015097447,0,0,0,0,0,0,0,0,0,0,5,2
360.51,0.000931348,0.5,7111,37,0.16875,33.3125,34.6875,36.93,0,0,0.07,0,0,20,0.5,0,0,0,0.1,0.1,0.1,0.1,0.1,0.1,0.5,0,10892,0.035989717,0.015148733,0,0,0,0,0,0,0,0,0,0,5,2
420.56,-0.001255637,0.5,7111,37,0.17905,33.3125,34.6875,36.85,0,0,0.07,0,0,20,0.5,0,0,0,0.1,0.1,0.1,0.1,0.1,0.1,0.5,0,10980,0.036338798,0.015209472,0,0,0,0,0,0,0,0,0,0,5,2
480.6,-0.002333757,0.5,7111,37,0.15995,33.3125,34.8125,36.95,0,0,0.07,0,0,20,0.5,0,0,0,0.1,0.1,0.1,0.1,0.1,0.1,0.5,0,10824,0.036400591,0.015243902,0,0,0,0,0,0,0,0,0,0,5,2
540.64,0.004746177,0.5,7111,37,0.16815,33.375,34.8125,36.85,0,0,0.07,0,0,20,0.5,0,0,0,0.1,0.1,0.1,0.1,0.1,0.1,0.5,0,10976,0.035805394,0.015032799,0,0,0,0,0,0,0,0,0,0,5,2
600.71,-0.00389888,0.5,7111,37,0.20555,33.3125,34.8125,36.97,0,0,0.25,0,0,20,0.5,0,0,0,0.1,0.1,0.1,0.1,0.1,0.1,0.5,0,10893,0.035986413,0.015239144,0,0,0,0,0,0,0,0,0,0,5,2
660.75,-0.007649517,0.5,7111,37,0.20265,33.25,34.875,36.93,0,0,0.07,0,0,20,0.5,0,0,0,0.1,0.1,0.1,0.1,0.1,0.1,0.5,0,10969,0.036010575,0.01531589,0,0,0,0,0,0,0,0,0,0,5,2
720.82,-0.004284892,0.5,7111,37,0.20885,33.375,34.875,36.89,0,0,0.07,0,0,20,0.5,0,0,0,0.1,0.1,0.1,0.1,0.1,0.1,0.5,0,10913,0.035920462,0.01530285,0,0,0,0,0,0,0,0,0,0,5,2
780.89,-0.007153224,0.5,7111,37,0.23775,33.3125,34.9375,37.05,0,0,0.07,0,0,20,0.5,0,0,0,0.1,0.1,0.1,0.1,0.1,0.1,0.5,0,10936,0.035936357,0.014996342,0,0,0,0,0,0,0,0,0,0,5,2
840.96,-0.003861615,0.5,7111,37,0.20535,33.3125,34.9375,37.01,0,0,0.07,0,0,20,0.5,0,0,0,0.1,0.1,0.1,0.1,0.1,0.1,0.5,0,10889,0.035907797,0.015336578,0,0,0,0,0,0,0,0,0,0,5,2
901.02,0.001152827,0.5,7111,37,0.14205,33.375,35,36.95,0,0,0,0,0,20,0.5,0,0,0,0.1,0.1,0.1,0.1,0.1,0.1,0.5,0,10948,0.035805627,0.015162587,0,0,0,0,0,0,0,0,0,0,5,2
961.1,-0.002143155,0.5,7111,37,0.18205,33.375,35,37.05,0,0,0,0,0,20,0.5,0,0,0,0.1,0.1,0.1,0.1,0.1,0.1,0.5,0,10932,0.035858031,0.015184779,0,0,0,0,0,0,0,0,0,0,5,2
1021.16,-0.001693853,0.5,7111,37,0.15175,33.375,34.9375,36.95,0,0,0,0,0,20,0.5,0,0,0,0.1,0.1,0.1,0.1,0.1,0.1,0.5,0,10995,0.035925421,0.015006821,0,0,0,0,0,0,0,0,0,0,5,2
1081.23,-0.004009652,0.5,7111,37,0.19235,33.375,35,36.85,0,0,0,0,0,20,0.5,0,0,0,0.1,0.1,0.1,0.1,0.1,0.1,0.5,0,10979,0.036068859,0.01530194,0,0,0,0,0,0,0,0,0,0,5,2
1141.29,-0.006397152,0.5,7111,37,0.20855,33.375,34.875,36.69,0,0,0,0,0,20,0.5,0,0,0,0.1,0.1,0.1,0.1,0.1,0.1,0.5,0,10999,0.036185108,0.015001364,0,0,0,0,0,0,0,0,0,0,5,2
1201.37,-0.007450208,0.5,7111,37,0.21535,33.4375,34.9375,37.11,0,0,0,0,0,20,0.5,0,0,0,0.1,0.1,0.1,0.1,0.1,0.1,0.5,0,10892,0.036356959,0.015240544,0,0,0,0,0,0,0,0,0,0,5,2
1261.45,-0.002783416,0.5,7111,37,0.17445,33.4375,34.9375,37.11,0,0,0,0,0,20,0.5,0,0,0,0.1,0.1,0.1,0.1,0.1,0.1,0.5,0,10901,0.035776534,0.015136226,0,0,0,0,0,0,0,0,0,0,5,2
1321.5,-0.002558461,0.5,7111,37,0.20295,33.4375,34.875,36.89,0,0,0,0,0,20,0.5,0,0,0,0.1,0.1,0.1,0.1,0.1,0.1,0.5,0,10986,0.036227926,0.015019115,0,0,0,0,0,0,0,0,0,0,5,2
1381.58,0.002834162,0.5,7111,37,0.16585,33.4375,34.9375,36.87,0,0,0,0,0,20,0.5,0,0,0,0.1,0.1,0.1,0.1,0.1,0.1,0.5,0,10965,0.035841313,0.015230278,0,0,0,0,0,0,0,0,0,0,5,2
1441.66,0.019074343,0.5,7111,37,0.25625,33.4375,34.9375,36.93,0,0,0,0,0,20,0.5,0,0,0,0.1,0.1,0.1,0.1,0.1,0.1,0.5,0,11024,0.036103048,0.015330189,0,0,0,0,0,0,0,0,0,0,5,7.619793408
1501.74,0.000677196,0.5,7111,37,0.19125,33.5,34.9375,36.95,0,0,0,0,0,20,0.5,0,0,0,0.1,0.1,0.1,0.1,0.1,0.1,0.5,0,11010,0.035876476,0.015077203,0,0,0,0,0,0,0,0,0,0,5,-2.775610694
1561.77,0.004648257,0.5,7111,37,0.17475,33.5,34.9375,37.01,0,0,0,0,0,20,0.5,0,0,0,0.1,0.1,0.1,0.1,0.1,0.1,0.5,0,11035,0.036248301,0.015405528,0,0,0,0,0,0,0,0,0,0,5,3.142028544
1621.85,0.009023409,0.5,7111,37,0.16205,33.5,34.9375,36.81,0,0,0,0,0,20,0.5,0,0,0,0.1,0.1,0.1,0.1,0.1,0.1,0.5,0,11220,0.035650624,0.014795009,0,0,0,0,0,0,0,0,0,0,5,4.974917176
1681.92,0.010861264,0.5,7111,37,0.18705,33.5,34.875,36.93,0,0,0,0,0,20,0.5,0,0,0,0.1,0.1,0.1,0.1,0.1,0.1,0.5,0,11103,0.035756102,0.014950914,0,0,0,0,0,0,0,0,0,0,5,5.282312724
1742,0.004416167,0.5,7111,37,0.16525,33.5,34.875,37.09,0,0,0,0,0,20,0.5,0,0,0,0.1,0.1,0.1,0.1,0.1,0.1,0.5,0,10980,0.035974499,0.015118397,0,0,0,0,0,0,0,0,0,0,5,2.318405675
1802.06,0.004306657,0.5,7111,37,0.18995,33.375,34.875,36.95,0,0,0,0,0,20,0.5,0,0,0,0.1,0.1,0.1,0.1,0.1,0.1,0.5,0,11145,0.036069987,0.014984298,0,0,0,0,0,0,0,0,0,0,5,2.127154285
1862.1,0.004359039,0.5,7111,37,0.20085,33.4375,34.9375,36.89,0,0,0,0,0,20,0.5,0,0,0,0.1,0.1,0.1,0.1,0.1,0.1,0.5,0,11176,0.03614889,0.015032212,0,0,0,0,0,0,0,0,0,0,5,2.057065635
1922.14,0.00907837,0.5,7111,37,0.17175,33.4375,35,36.95,0,0,0,0,0,20,0.5,0,0,0,0.1,0.1,0.1,0.1,0.1,0.1,0.5,0,11102,0.036119618,0.015042335,0,0,0,0,0,0,0,0,0,0,5,4.15514174
1982.21,0.010348687,0.5,7111,37,0.19235,33.4375,35,37.11,0,0,0,0,0,20,0.5,0,0,0,0.1,0.1,0.1,0.1,0.1,0.1,0.5,0,11263,0.035869662,0.014827311,0,0,0,0,0,0,0,0,0,0,5,4.340279679
2042.27,0.010888492,0.5,7111,37,0.20325,33.4375,35,36.85,0,0,0,0,0,20,0.5,0,0,0,0.1,0.1,0.1,0.1,0.1,0.1,0.5,0,11135,0.035743152,0.014818141,0,0,0,0,0,0,0,0,0,0,5,4.27580588
2102.33,0.007604433,0.5,7111,37,0.20885,33.5,35,37.17,0,0,0,0,0,20,0.5,0,0,0,0.1,0.1,0.1,0.1,0.1,0.1,0.5,0,11158,0.035848718,0.015235705,0,0,0,0,0,0,0,0,0,0,5,2.985090508
2162.37,0.007465617,0.5,7111,37,0.18915,33.5,35.125,36.85,0,0,0,0,0,20,0.5,0,0,0,0.1,0.1,0.1,0.1,0.1,0.1,0.5,0,11066,0.035966022,0.015091271,0,0,0,0,0,0,0,0,0,0,5,2.78056597
2222.43,0.012939876,0.5,7111,37,0.16705,33.5,35.125,37.03,0,0,0,0,0,20,0.5,0,0,0,0.1,0.1,0.1,0.1,0.1,0.1,0.5,0,11014,0.036045034,0.014980933,0,0,0,0,0,0,0,0,0,0,5,4.291554767
2282.5,0.018350388,0.5,7111,37,0.16255,33.5,35.125,37.05,0,0,0,0,0,20,0.5,0,0,0,0.1,0.1,0.1,0.1,0.1,0.1,0.5,0,11083,0.035820626,0.015068122,0,0,0,0,0,0,0,0,0,0,5,5.124987879
2342.58,0.019234186,0.5,7111,37,0.18015,33.4375,35.125,36.89,0,0,0,0,0,20,0.5,0,0,0,0.1,0.1,0.1,0.1,0.1,0.1,0.5,0,11075,0.035846501,0.014988713,0,0,0,0,0,0,0,0,0,0,5,5.009854113
2402.63,0.015019553,0.5,7111,37,0.20135,33.4375,35.125,36.85,0,0,0,0,0,20,0.5,0,0,0,0.1,0.1,0.1,0.1,0.1,0.1,0.5,0,11140,0.035906643,0.014991023,0,0,0,0,0,0,0,0,0,0,5,4.01735239
2462.66,0.009706128,0.5,7111,37,0.21875,33.4375,35.125,36.89,0,0,0,0,0,20,0.5,0,0,0,0.1,0.1,0.1,0.1,0.1,0.1,0.5,0,11264,0.036044034,0.015181108,0,0,0,0,0,0,0,0,0,0,5,2.506698464
2522.74,0.008395707,0.5,7111,37,0.19995,33.4375,35.125,36.95,0,0,0,0,0,20,0.5,0,0,0,0.1,0.1,0.1,0.1,0.1,0.1,0.5,0,11175,0.035615213,0.014854586,0,0,0,0,0,0,0,0,0,0,5,1.946252681
2582.8,0.00834083,0.5,7111,37,0.20615,33.4375,35.125,36.87,0,0,0,0,0,20,0.5,0,0,0,0.1,0.1,0.1,0.1,0.1,0.1,0.5,0,10996,0.036285922,0.015187341,0,0,0,0,0,0,0,0,0,0,5,1.82926659
2642.86,0.008818377,0.5,7111,37,0.18145,33.4375,35.0625,36.87,0,0,0,0,0,20,0.5,0,0,0,0.1,0.1,0.1,0.1,0.1,0.1,0.5,0,11139,0.035909866,0.014902594,0,0,0,0,0,0,0,0,0,0,5,1.904828742
2702.94,0.010806511,0.5,7111,37,0.20295,33.4375,35.125,36.93,0,0,0,0,0,20,0.5,0,0,0,0.1,0.1,0.1,0.1,0.1,0.1,0.5,0,11136,0.036188937,0.015086207,0,0,0,0,0,0,0,0,0,0,5,2.419520096
2762.98,0.017868141,0.5,7111,37,0.18415,33.4375,35,36.97,0,0,0,0,0,20,0.5,0,0,0,0.1,0.1,0.1,0.1,0.1,0.1,0.5,0,11240,0.035676157,0.015213523,0,0,0,0,0,0,0,0,0,0,5,3.807155678
2823.03,0.015589788,0.5,7111,37,0.22445,33.4375,35,37.09,0,0,0,0,0,20,0.5,0,0,0,0.1,0.1,0.1,0.1,0.1,0.1,0.5,0,11163,0.035832661,0.014870555,0,0,0,0,0,0,0,0,0,0,5,3.207588287
2883.11,0.019463835,0.5,7111,37,0.15055,33.4375,34.9375,36.89,0,0,0,0,0,20,0.5,0,0,0,0.1,0.1,0.1,0.1,0.1,0.1,0.5,0,11119,0.03615433,0.015019336,0,0,0,0,0,0,0,0,0,0,5,3.713034883
2943.18,0.018464714,0.5,7111,37,0.19905,33.4375,34.9375,36.95,0,0,0,0,0,20,0.5,0,0,0,0.1,0.1,0.1,0.1,0.1,0.1,0.5,0,11336,0.035550459,0.014820042,0,0,0,0,0,0,0,0,0,0,5,3.369293566
3003.26,0.016448456,0.5,7111,37,0.18845,33.4375,34.875,36.95,0,0,0,0,0,20,0.5,0,0,0,0.1,0.1,0.1,0.1,0.1,0.1,0.5,0,11177,0.035787778,0.014941398,0,0,0,0,0,0,0,0,0,0,5,2.853939025
3063.34,0.014048784,0.5,7111,37,0.23145,33.375,34.875,36.95,0,0,0,0,0,20,0.5,0,0,0,0.1,0.1,0.1,0.1,0.1,0.1,0.5,0,11200,0.035982143,0.014910714,0,0,0,0,0,0,0,0,0,0,5,2.238154808
3123.41,0.012937772,0.5,7111,37,0.19115,33.375,34.9375,37.01,0,0,0,0,0,20,0.5,0,0,0,0.1,0.1,0.1,0.1,0.1,0.1,0.5,0,11077,0.035930306,0.014986007,0,0,0,0,0,0,0,0,0,0,5,1.879092793
3183.49,0.02149518,0.5,7111,37,0.17605,33.4375,34.9375,37.01,0,0,0,0,0,20,0.5,0,0,0,0.1,0.1,0.1,0.1,0.1,0.1,0.5,0,11102,0.036119618,0.014952261,0,0,0,0,0,0,0,0,0,0,5,3.30817101
3243.56,0.019925171,0.5,7111,37,0.15365,33.375,35,37.03,0,0,0,0,0,20,0.5,0,0,0,0.1,0.1,0.1,0.1,0.1,0.1,0.5,0,11236,0.035599858,0.014862941,0,0,0,0,0,0,0,0,0,0,5,2.915227669
3303.65,0.018483053,0.5,7111,37,0.22875,33.4375,35.0625,36.77,0,0,0,0,0,20,0.5,0,0,0,0.1,0.1,0.1,0.1,0.1,0.1,0.5,0,11154,0.035861574,0.014972207,0,0,0,0,0,0,0,0,0,0,5,2.544077609
3363.69,0.014931461,0.5,7111,37,0.20735,33.4375,35,36.97,0,0,0,0,0,20,0.5,0,0,0,0.1,0.1,0.1,0.1,0.1,0.1,0.5,0,11186,0.03558019,0.015018773,0,0,0,0,0,0,0,0,0,0,5,1.776722389
3423.76,0.018598117,0.5,7111,37,0.16405,33.4375,35.0625,36.85,0,0,0,0,0,20,0.5,0,0,0,0.1,0.1,0.1,0.1,0.1,0.1,0.5,0,11319,0.035427158,0.015107342,0,0,0,0,0,0,0,0,0,0,5,2.346655936
3483.8,0.020324516,0.5,7111,37,0.17815,33.4375,35.125,36.89,0,0,0,0,0,20,0.5,0,0,0,0.1,0.1,0.1,0.1,0.1,0.1,0.5,0,11204,0.035790789,0.015083899,0,0,0,0,0,0,0,0,0,0,5,2.49562563
3543.83,0.021307445,0.5,7111,37,0.21845,33.4375,35.125,36.93,0,0,0,0,0,20,0.5,0,0,0,0.1,0.1,0.1,0.1,0.1,0.1,0.5,0,11137,0.035736733,0.014905271,0,0,0,0,0,0,0,0,0,0,5,2.512530382
3603.86,0.016391722,0.5,7111,37,0.16755,33.4375,35.125,36.85,0,0,0,0,0,20,0.5,0,0,0,0.1,0.1,0.1,0.1,0.1,0.1,0.5,0,11166,0.035733477,0.01522479,0,0,0,0,0,0,0,0,0,0,5,1.600063664
3663.91,0.016677163,0.5,7111,37,0.21055,33.4375,35.125,36.95,0,0,0,0,0,20,0.5,0,0,0,0.1,0.1,0.1,0.1,0.1,0.1,0.5,0,11257,0.035977614,0.015190548,0,0,0,0,0,0,0,0,0,0,5,1.57185202
3723.95,0.01311133,0.5,7111,37,0.12755,33.4375,35.125,36.95,0,0,0,0,0,20,0.5,0,0,0,0.1,0.1,0.1,0.1,0.1,0.1,0.5,0,11239,0.035768307,0.014947949,0,0,0,0,0,0,0,0,0,0,5,0.771568666
3784.01,0.017570502,0.5,7111,37,0.20135,33.4375,35.125,37.03,0,0,0,0,0,20,0.5,0,0,0,0.1,0.1,0.1,0.1,0.1,0.1,0.5,0,11294,0.035682663,0.014875155,0,0,0,0,0,0,0,0,0,0,5,1.611224386
3844.09,0.015533116,0.5,7111,37,0.17605,33.4375,35.0625,36.89,0,0,0,0,0,20,0.5,0,0,0,0.1,0.1,0.1,0.1,0.1,0.1,0.5,0,11324,0.035588131,0.014924055,0,0,0,0,0,0,0,0,0,0,5,1.160921583
3904.16,0.009501396,0.5,7111,37,0.18785,33.375,35,37.01,0,0,0,0,0,20,0.5,0,0,0,0.1,0.1,0.1,0.1,0.1,0.1,0.5,0,11323,0.035502959,0.015013689,0,0,0,0,0,0,0,0,0,0,5,-0.371731163
3964.21,0.00731859,0.5,7111,37,0.26145,33.375,34.9375,36.85,0,0,0,0,0,20,0.5,0,0,0,0.1,0.1,0.1,0.1,0.1,0.1,0.5,0,11219,0.035742936,0.014885462,0,0,0,0,0,0,0,0,0,0,5,-1.136207758
4024.27,0.009130602,0.5,7111,37,0.19235,33.375,34.875,36.89,0,0,0,0,0,20,0.5,0,0,0,0.1,0.1,0.1,0.1,0.1,0.1,0.5,0,11134,0.035925992,0.015178732,0,0,0,0,0,0,0,0,0,0,5,-0.415755374
4084.36,0.008224059,0.5,7111,37,0.21325,33.375,34.875,37.11,0,0,0,0,0,20,0.5,0,0,0,0.1,0.1,0.1,0.1,0.1,0.1,0.5,0,11314,0.035796358,0.01484886,0,0,0,0,0,0,0,0,0,0,5,-0.708671012
4144.44,0.007490441,0.5,7111,37,0.22355,33.375,34.8125,37.01,0,0,0,0,0,20,0.5,0,0,0,0.1,0.1,0.1,0.1,0.1,0.1,0.5,0,11322,0.035594418,0.015279986,0,0,0,0,0,0,0,0,0,0,5,-0.953546066
4204.51,0.011943385,0.5,7111,37,0.16555,33.4375,34.8125,37.05,0,0,0,0,0,20,0.5,0,0,0,0.1,0.1,0.1,0.1,0.1,0.1,0.5,0,11172,0.035803795,0.015395632,0,0,0,0,0,0,0,0,0,0,5,0.493781108
4264.59,0.0125414,0.5,7111,37,0.21205,33.375,34.75,36.89,0,0,0,0,0,20,0.5,0,0,0,0.1,0.1,0.1,0.1,0.1,0.1,0.5,0,11252,0.035726982,0.014752933,0,0,0,0,0,0,0,0,0,0,5,0.615664776
4324.64,0.009272539,0.5,7111,37,0.22885,33.375,34.75,36.95,0,0,0,0,0,20,0.5,0,0,0,0.1,0.1,0.1,0.1,0.1,0.1,0.5,0,11241,0.035761943,0.01521217,0,0,0,0,0,0,0,0,0,0,5,-0.321052426
4384.7,0.011399698,0.5,7111,37,0.19295,33.375,34.8125,37.19,0,0,0,0,0,20,0.5,0,0,0,0.1,0.1,0.1,0.1,0.1,0.1,0.5,0,11345,0.035610401,0.015160864,0,0,0,0,0,0,0,0,0,0,5,0.314589313
4444.77,0.014079885,0.5,7111,37,0.16345,33.375,34.8125,36.93,0,0,0,0,0,20,0.5,0,0,0,0.1,0.1,0.1,0.1,0.1,0.1,0.5,0,11336,0.035550459,0.015261115,0,0,0,0,0,0,0,0,0,0,5,0.932340672
4504.85,0.012853514,0.5,7111,37,0.21845,33.375,34.8125,36.73,0,0,0,0,0,20,0.5,0,0,0,0.1,0.1,0.1,0.1,0.1,0.1,0.5,0,11269,0.035761824,0.014819416,0,0,0,0,0,0,0,0,0,0,5,0.612333826
4564.91,0.010893646,0.5,7111,37,0.20935,33.375,34.875,36.85,0,0,0,0,0,20,0.5,0,0,0,0.1,0.1,0.1,0.1,0.1,0.1,0.5,0,11418,0.035557891,0.015151515,0,0,0,0,0,0,0,0,0,0,5,0.085404614
4624.98,0.009495665,0.5,7111,37,0.26565,33.375,34.875,36.95,0,0,0,0,0,20,0.5,0,0,0,0.1,0.1,0.1,0.1,0.1,0.1,0.5,0,11304,0.035562633,0.015304317,0,0,0,0,0,0,0,0,0,0,5,-0.330898534
4685.02,0.016184453,0.5,7111,37,0.20445,33.375,34.875,37.01,0,0,0,0,0,20,0.5,0,0,0,0.1,0.1,0.1,0.1,0.1,0.1,0.5,0,11462,0.035595882,0.015180597,0,0,0,0,0,0,0,0,0,0,5,1.285293342
4745.06,0.010644483,0.5,7111,37,0.22775,33.4375,34.9375,37.09,0,0,0,0,0,20,0.5,0,0,0,0.1,0.1,0.1,0.1,0.1,0.1,0.5,0,11435,0.03567993,0.015041539,0,0,0,0,0,0,0,0,0,0,5,-0.035999465
4805.11,0.017609452,0.5,7111,37,0.17325,33.4375,35,37.05,0,0,0,0,0,20,0.5,0,0,0,0.1,0.1,0.1,0.1,0.1,0.1,0.5,0,11305,0.035824856,0.01512605,0,0,0,0,0,0,0,0,0,0,5,1.475982793
4865.16,0.013848423,0.5,7111,37,0.14905,33.4375,35,37.09,0,0,0,0,0,20,0.5,0,0,0,0.1,0.1,0.1,0.1,0.1,0.1,0.5,0,11436,0.03567681,0.015040224,0,0,0,0,0,0,0,0,0,0,5,0.681390393
4925.21,0.029350988,0.5,7111,37,0.16725,33.4375,35,37.17,0,0,0,0,0,20,0.5,0,0,0,0.1,0.1,0.1,0.1,0.1,0.1,0.5,0,11504,0.035378999,0.014864395,0,0,0,0,0,0,0,0,0,0,5,2.900785385
4985.28,0.012888742,0.5,7111,37,0.20405,33.375,35,37.01,0,0,0,0,0,20,0.5,0,0,0,0.1,0.1,0.1,0.1,0.1,0.1,0.5,0,11299,0.035666873,0.015311089,0,0,0,0,0,0,0,0,0,0,5,0.28683022
5045.34,0.017518595,0.5,7111,37,0.15815,33.4375,35,37.09,0,0,0,0,0,20,0.5,0,0,0,0.1,0.1,0.1,0.1,0.1,0.1,0.5,0,11354,0.035494099,0.014884622,0,0,0,0,0,0,0,0,0,0,5,1.193214725
5105.42,0.01547923,0.5,7111,37,0.24145,33.4375,35.0625,36.97,0,0,0,0,0,20,0.5,0,0,0,0.1,0.1,0.1,0.1,0.1,0.1,0.5,0,11444,0.035564488,0.014767564,0,0,0,0,0,0,0,0,0,0,5,0.762262731
5165.49,0.015339816,0.5,7111,37,0.24475,33.4375,35.0625,36.89,0,0,0,0,0,20,0.5,0,0,0,0.1,0.1,0.1,0.1,0.1,0.1,0.5,0,11370,0.035356201,0.014863676,0,0,0,0,0,0,0,0,0,0,5,0.697007567
5225.56,0.018546465,0.5,7111,37,0.19205,33.5,35.0625,37.11,0,0,0,0,0,20,0.5,0,0,0,0.1,0.1,0.1,0.1,0.1,0.1,0.5,0,11392,0.035375702,0.015273876,0,0,0,0,0,0,0,0,0,0,5,1.231639449
5285.62,0.02422578,0.5,7111,37,0.23115,33.5,35.125,36.85,0,0,0,0,0,20,0.5,0,0,0,0.1,0.1,0.1,0.1,0.1,0.1,0.5,0,11614,0.035216118,0.015068021,0,0,0,0,0,0,0,0,0,0,5,1.971471811
5345.67,0.020471124,0.5,7111,37,0.22355,33.4375,35.0625,37.17,0,0,0,0,0,20,0.5,0,0,0,0.1,0.1,0.1,0.1,0.1,0.1,0.5,0,11635,0.035324452,0.015040825,0,0,0,0,0,0,0,0,0,0,5,1.367692131
5405.71,0.020918056,0.5,7111,37,0.18325,33.5,35.0625,36.89,0,0,0,0,0,20,0.5,0,0,0,0.1,0.1,0.1,0.1,0.1,0.1,0.5,0,11403,0.035516969,0.015171446,0,0,0,0,0,0,0,0,0,0,5,1.364099695
5465.75,0.020359124,0.5,7111,37,0.18235,33.5,35.0625,37.11,0,0,0,0,0,20,0.5,0,0,0,0.1,0.1,0.1,0.1,0.1,0.1,0.5,0,11529,0.035302281,0.014832162,0,0,0,0,0,0,0,0,0,0,5,1.214644159
5525.82,0.019838157,0.5,7111,37,0.18675,33.5,35.125,37.05,0,0,0,0,0,20,0.5,0,0,0,0.1,0.1,0.1,0.1,0.1,0.1,0.5,0,11660,0.03542024,0.015008576,0,0,0,0,0,0,0,0,0,0,5,1.076146027
5585.89,0.021979596,0.5,7111,37,0.23265,33.5,35,36.95,0,0,0,0,0,20,0.5,0,0,0,0.1,0.1,0.1,0.1,0.1,0.1,0.5,0,11426,0.035795554,0.014790828,0,0,0,0,0,0,0,0,0,0,5,1.329860818
5645.95,0.02177051,0.5,7111,37,0.15995,33.4375,35.0625,36.95,0,0,0,0,0,20,0.5,0,0,0,0.1,0.1,0.1,0.1,0.1,0.1,0.5,0,11663,0.035411129,0.014661751,0,0,0,0,0,0,0,0,0,0,5,1.234693022
5706.01,0.02283824,0.5,7111,37,0.22115,33.4375,35,37.11,0,0,0,0,0,20,0.5,0,0,0,0.1,0.1,0.1,0.1,0.1,0.1,0.5,0,11589,0.035637242,0.015186815,0,0,0,0,0,0,0,0,0,0,5,1.316598385
5766.08,0.019091701,0.5,7111,37,0.22885,33.4375,34.875,36.97,0,0,0,0,0,20,0.5,0,0,0,0.1,0.1,0.1,0.1,0.1,0.1,0.5,0,11503,0.035469008,0.015039555,0,0,0,0,0,0,0,0,0,0,5,0.713220756
5826.14,0.021287433,0.5,7111,37,0.24745,33.4375,34.875,37.11,0,0,0,0,0,20,0.5,0,0,0,0.1,0.1,0.1,0.1,0.1,0.1,0.5,0,11552,0.03531856,0.015235457,0,0,0,0,0,0,0,0,0,0,5,1.004149162
5886.2,0.018861903,0.5,7111,37,0.12555,33.375,34.9375,37.13,0,0,0,0,0,20,0.5,0,0,0,0.1,0.1,0.1,0.1,0.1,0.1,0.5,0,11582,0.035313417,0.01485063,0,0,0,0,0,0,0,0,0,0,5,0.591023597
5946.27,0.028199069,0.5,7111,37,0.20375,33.5,34.875,37.03,0,0,0,0,0,20,0.5,0,0,0,0.1,0.1,0.1,0.1,0.1,0.1,0.5,0,11414,0.03548274,0.01489399,0,0,0,0,0,0,0,0,0,0,5,1.767906746
6006.34,0.032313988,0.5,7111,37,0.21145,33.375,34.875,36.89,0,0,0,0,0,20,0.5,0,0,0,0.1,0.1,0.1,0.1,0.1,0.1,0.5,0,11625,0.035354839,0.01488172,0,0,0,0,0,0,0,0,0,0,5,2.088145129
6066.39,0.021045365,0.5,7111,37,0.16555,33.375,34.8125,37.01,0,0,0,0,0,20,0.5,0,0,0,0.1,0.1,0.1,0.1,0.1,0.1,0.5,0,11586,0.035560159,0.014845503,0,0,0,0,0,0,0,0,0,0,5,0.697278216
6126.47,0.026347203,0.5,7111,37,0.16375,33.375,34.8125,36.95,0,0,0,0,0,20,0.5,0,0,0,0.1,0.1,0.1,0.1,0.1,0.1,0.5,0,11470,0.035832607,0.015082825,0,0,0,0,0,0,0,0,0,0,5,1.336459655
6186.51,0.026164322,0.5,7111,37,0.18285,33.3125,34.75,37.01,0,0,0,0,0,20,0.5,0,0,0,0.1,0.1,0.1,0.1,0.1,0.1,0.5,0,11525,0.035835141,0.01483731,0,0,0,0,0,0,0,0,0,0,5,1.248740568
6246.55,0.023821699,0.5,7111,37,0.21995,33.3125,34.8125,36.93,0,0,0,0,0,20,0.5,0,0,0,0.1,0.1,0.1,0.1,0.1,0.1,0.5,0,11753,0.034969795,0.014804731,0,0,0,0,0,0,0,0,0,0,5,0.90490395
6306.6,0.019786348,0.5,7111,37,0.19965,33.3125,34.8125,36.93,0,0,0,0,0,20,0.5,0,0,0,0.1,0.1,0.1,0.1,0.1,0.1,0.5,0,11672,0.035212474,0.014736121,0,0,0,0,0,0,0,0,0,0,5,0.302844674
6366.64,0.02177093,0.5,7111,37,0.16905,33.3125,34.8125,37.01,0,0,0,0,0,20,0.5,0,0,0,0.1,0.1,0.1,0.1,0.1,0.1,0.5,0,11514,0.035521973,0.015198888,0,0,0,0,0,0,0,0,0,0,5,0.57445262
6426.71,0.022003664,0.5,7111,37,0.26355,33.3125,34.8125,36.85,0,0,0,0,0,20,0.5,0,0,0,0.1,0.1,0.1,0.1,0.1,0.1,0.5,0,11611,0.035569718,0.014899664,0,0,0,0,0,0,0,0,0,0,5,0.577630147
6486.77,0.025043557,0.5,7111,37,0.18765,33.3125,34.875,36.97,0,0,0,0,0,20,0.5,0,0,0,0.1,0.1,0.1,0.1,0.1,0.1,0.5,0,11548,0.035417388,0.015154139,0,0,0,0,0,0,0,0,0,0,5,0.936971467
6546.81,0.026396666,0.5,7111,37,0.19175,33.375,34.875,36.93,0,0,0,0,0,20,0.5,0,0,0,0.1,0.1,0.1,0.1,0.1,0.1,0.5,0,11683,0.035607293,0.014893435,0,0,0,0,0,0,0,0,0,0,5,1.04798632
6606.86,0.030185201,0.5,7111,37,0.18995,33.375,34.875,37.05,0,0,0,0,0,20,0.5,0,0,0,0.1,0.1,0.1,0.1,0.1,0.1,0.5,0,11781,0.035650624,0.014854427,0,0,0,0,0,0,0,0,0,0,5,1.397929182
6666.89,0.03183006,0.5,7111,37,0.22205,33.4375,35,36.81,0,0,0,0,0,20,0.5,0,0,0,0.1,0.1,0.1,0.1,0.1,0.1,0.5,0,11612,0.035222184,0.014812263,0,0,0,0,0,0,0,0,0,0,5,1.487210762
6726.97,0.02912049,0.5,7111,37,0.22325,33.4375,35,36.97,0,0,0,0,0,20,0.5,0,0,0,0.1,0.1,0.1,0.1,0.1,0.1,0.5,0,11909,0.035015534,0.014862709,0,0,0,0,0,0,0,0,0,0,5,1.145942964
6787.06,0.035321611,0.5,7111,37,0.15935,33.4375,34.9375,37.03,0,0,0,0,0,20,0.5,0,0,0,0.1,0.1,0.1,0.1,0.1,0.1,0.5,0,11901,0.035207125,0.015040753,0,0,0,0,0,0,0,0,0,0,5,1.667804656
6847.12,0.035756375,0.5,7111,37,0.20025,33.5,35,36.95,0,0,0,0,0,20,0.5,0,0,0,0.1,0.1,0.1,0.1,0.1,0.1,0.5,0,11703,0.035290097,0.014782534,0,0,0,0,0,0,0,0,0,0,5,1.621115189
6907.2,0.033557111,0.5,7111,37,0.22795,33.5,35,36.85,0,0,0,0,0,20,0.5,0,0,0,0.1,0.1,0.1,0.1,0.1,0.1,0.5,0,11847,0.035198785,0.015024901,0,0,0,0,0,0,0,0,0,0,5,1.349620106
6967.28,0.039079439,0.5,7111,37,0.18055,33.4375,34.9375,37.05,0,0,0,0,0,20,0.5,0,0,0,0.1,0.1,0.1,0.1,0.1,0.1,0.5,0,11802,0.035417726,0.014743264,0,0,0,0,0,0,0,0,0,0,5,1.739182088
7027.35,0.040442251,0.5,7111,37,0.18585,33.4375,34.9375,36.97,0,0,0,0,0,20,0.5,0,0,0,0.1,0.1,0.1,0.1,0.1,0.1,0.5,0,11787,0.03520828,0.014762026,0,0,0,0,0,0,0,0,0,0,5,1.755058727
7087.43,0.034319288,0.5,7111,37,0.20295,33.4375,34.9375,37.13,0,0,0,0,0,20,0.5,0,0,0,0.1,0.1,0.1,0.1,0.1,0.1,0.5,0,11646,0.035548686,0.014940752,0,0,0,0,0,0,0,0,0,0,5,1.174803274
7147.48,0.03340836,0.5,7111,37,0.21505,33.4375,34.9375,37.11,0,0,0,0,0,20,0.5,0,0,0,0.1,0.1,0.1,0.1,0.1,0.1,0.5,0,11735,0.03527908,0.01499787,0,0,0,0,0,0,0,0,0,0,5,1.035358982
7207.52,0.036484248,0.5,7111,37,0.21035,33.375,34.8125,37.03,0,0,0,0,0,20,0.5,0,0,0,0.1,0.1,0.1,0.1,0.1,0.1,0.5,0,11790,0.035453774,0.014843087,0,0,0,0,0,0,0,0,0,0,5,1.247814396
7267.56,0.038162316,0.5,7111,37,0.15385,33.4375,34.8125,37.11,0,0,0,0,0,20,0.5,0,0,0,0.1,0.1,0.1,0.1,0.1,0.1,0.5,0,11649,0.035281998,0.014936904,0,0,0,0,0,0,0,0,0,0,5,1.320327414
7327.61,0.039851488,0.5,7111,37,0.20915,33.375,34.8125,37.01,0,0,0,0,0,20,0.5,0,0,0,0.1,0.1,0.1,0.1,0.1,0.1,0.5,0,11938,0.035098006,0.015077902,0,0,0,0,0,0,0,0,0,0,5,1.384244723
7387.65,0.036925917,0.5,7111,37,0.20415,33.375,34.8125,37.03,0,0,0,0,0,20,0.5,0,0,0,0.1,0.1,0.1,0.1,0.1,0.1,0.5,0,11774,0.035501953,0.014693392,0,0,0,0,0,0,0,0,0,0,5,1.086294237
7447.73,0.04423692,0.5,7111,37,0.19085,33.375,34.8125,36.97,0,0,0,0,0,20,0.5,0,0,0,0.1,0.1,0.1,0.1,0.1,0.1,0.5,0,11853,0.0350966,0.015017295,0,0,0,0,0,0,0,0,0,0,5,1.573917723
7507.79,0.043912937,0.5,7111,37,0.18465,33.375,34.8125,36.93,0,0,0,0,0,20,0.5,0,0,0,0.1,0.1,0.1,0.1,0.1,0.1,0.5,0,12056,0.034837425,0.015013271,0,0,0,0,0,0,0,0,0,0,5,1.473169503
7567.84,0.042973788,0.5,7111,37,0.23115,33.375,34.8125,36.81,0,0,0,0,0,20,0.5,0,0,0,0.1,0.1,0.1,0.1,0.1,0.1,0.5,0,11917,0.035075942,0.014852731,0,0,0,0,0,0,0,0,0,0,5,1.334655178
7627.88,0.042106502,0.5,7111,37,0.19145,33.375,34.875,36.87,0,0,0,0,0,20,0.5,0,0,0,0.1,0.1,0.1,0.1,0.1,0.1,0.5,0,12110,0.034847234,0.014781173,0,0,0,0,0,0,0,0,0,0,5,1.206757912
7687.96,0.045913826,0.5,7111,37,0.18465,33.375,34.875,36.95,0,0,0,0,0,20,0.5,0,0,0,0.1,0.1,0.1,0.1,0.1,0.1,0.5,0,11863,0.035235607,0.015088932,0,0,0,0,0,0,0,0,0,0,5,1.406112351
7748.04,0.04764196,0.5,7111,37,0.20995,33.375,34.9375,36.85,0,0,0,0,0,20,0.5,0,0,0,0.1,0.1,0.1,0.1,0.1,0.1,0.5,0,11917,0.035243769,0.014684904,0,0,0,0,0,0,0,0,0,0,5,1.446649531
7808.1,0.044304753,0.5,7111,37,0.18935,33.375,34.9375,36.93,0,0,0,0,0,20,0.5,0,0,0,0.1,0.1,0.1,0.1,0.1,0.1,0.5,0,11913,0.035171661,0.014773777,0,0,0,0,0,0,0,0,0,0,5,1.156451295
7868.14,0.051661349,0.5,7111,37,0.16965,33.375,35,36.89,0,0,0,0,0,20,0.5,0,0,0,0.1,0.1,0.1,0.1,0.1,0.1,0.5,0,12078,0.035022355,0.014654744,0,0,0,0,0,0,0,0,0,0,5,1.559482554
7928.21,0.049582452,0.5,7111,37,0.18525,33.375,35,37.05,0,0,0,0,0,20,0.5,0,0,0,0.1,0.1,0.1,0.1,0.1,0.1,0.5,0,11894,0.03514377,0.014881453,0,0,0,0,0,0,0,0,0,0,5,1.358289678
7988.28,0.058181591,0.5,7111,37,0.23995,33.375,35.0625,36.97,0,0,0,0,0,20,0.5,0,0,0,0.1,0.1,0.1,0.1,0.1,0.1,0.5,0,11921,0.035231944,0.014763862,0,0,0,0,0,0,0,0,0,0,5,1.770171202
8048.34,0.054706993,0.5,7111,37,0.18815,33.4375,35.0625,36.97,0,0,0,0,0,20,0.5,0,0,0,0.1,0.1,0.1,0.1,0.1,0.1,0.5,0,11979,0.035144837,0.014775858,0,0,0,0,0,0,0,0,0,0,5,1.496930273
8108.4,0.051900085,0.5,7111,37,0.22025,33.375,35.0625,36.95,0,0,0,0,0,20,0.5,0,0,0,0.1,0.1,0.1,0.1,0.1,0.1,0.5,0,12342,0.034759358,0.014584346,0,0,0,0,0,0,0,0,0,0,5,1.26407046
8168.47,0.05123154,0.5,7111,37,0.22915,33.4375,35.0625,37.09,0,0,0,0,0,20,0.5,0,0,0,0.1,0.1,0.1,0.1,0.1,0.1,0.5,0,12229,0.034917001,0.014555565,0,0,0,0,0,0,0,0,0,0,5,1.161971713
8228.54,0.052231106,0.5,7111,37,0.18025,33.4375,35.0625,37.05,0,0,0,0,0,20,0.5,0,0,0,0.1,0.1,0.1,0.1,0.1,0.1,0.5,0,12062,0.035483336,0.014757088,0,0,0,0,0,0,0,0,0,0,5,1.161841681
8288.6,0.059634287,0.5,7111,37,0.18995,33.4375,35.0625,36.93,0,0,0,0,0,20,0.5,0,0,0,0.1,0.1,0.1,0.1,0.1,0.1,0.5,0,11913,0.035423487,0.015025602,0,0,0,0,0,0,0,0,0,0,5,1.501407057
8348.66,0.066689914,0.5,7111,37,0.18735,33.4375,35.0625,36.87,0,0,0,0,0,20,0.5,0,0,0,0.1,0.1,0.1,0.1,0.1,0.1,0.5,0,12057,0.035498051,0.014763208,0,0,0,0,0,0,0,0,0,0,5,1.761805799
8408.71,0.065504484,0.5,7111,37,0.22795,33.4375,35.0625,36.85,0,0,0,0,0,20,0.5,0,0,0,0.1,0.1,0.1,0.1,0.1,0.1,0.5,0,12187,0.035283499,0.014687782,0,0,0,0,0,0,0,0,0,0,5,1.619910096
8468.79,0.060461781,0.5,7111,37,0.19085,33.4375,35.0625,37.03,0,0,0,0,0,20,0.5,0,0,0,0.1,0.1,0.1,0.1,0.1,0.1,0.5,0,12110,0.035425268,0.014698596,0,0,0,0,0,0,0,0,0,0,5,1.298593146
8528.87,0.064393352,0.5,7111,37,0.19995,33.4375,35.0625,36.73,0,0,0,0,0,20,0.5,0,0,0,0.1,0.1,0.1,0.1,0.1,0.1,0.5,0,12180,0.035139573,0.014860427,0,0,0,0,0,0,0,0,0,0,5,1.422660332
8588.94,0.064307112,0.5,7111,37,0.19995,33.375,35,36.87,0,0,0,0,0,20,0.5,0,0,0,0.1,0.1,0.1,0.1,0.1,0.1,0.5,0,12361,0.034867729,0.014723728,0,0,0,0,0,0,0,0,0,0,5,1.347506819
8649.01,0.069278047,0.5,7111,37,0.18725,33.4375,35,36.97,0,0,0,0,0,20,0.5,0,0,0,0.1,0.1,0.1,0.1,0.1,0.1,0.5,0,11964,0.0351889,0.014794383,0,0,0,0,0,0,0,0,0,0,5,1.503505009
8709.09,0.067457955,0.5,7111,37,0.23055,33.375,34.9375,36.95,0,0,0,0,0,20,0.5,0,0,0,0.1,0.1,0.1,0.1,0.1,0.1,0.5,0,12071,0.035125507,0.014746086,0,0,0,0,0,0,0,0,0,0,5,1.348459102
8769.13,0.062167685,0.5,7111,37,0.18465,33.4375,34.875,36.87,0,0,0,0,0,20,0.5,0,0,0,0.1,0.1,0.1,0.1,0.1,0.1,0.5,0,12055,0.03550394,0.014765657,0,0,0,0,0,0,0,0,0,0,5,1.03602858
8829.18,0.06770448,0.5,7111,37,0.18615,33.375,34.875,36.95,0,0,0,0,0,20,0.5,0,0,0,0.1,0.1,0.1,0.1,0.1,0.1,0.5,0,12194,0.035345252,0.014679351,0,0,0,0,0,0,0,0,0,0,5,1.240178213
8889.26,0.061196526,0.5,7111,37,0.19055,33.4375,34.8125,37.03,0,0,0,0,0,20,0.5,0,0,0,0.1,0.1,0.1,0.1,0.1,0.1,0.5,0,12552,0.034576163,0.014659018,0,0,0,0,0,0,0,0,0,0,5,0.874983537
8949.35,0.067466927,0.5,7111,37,0.20205,33.375,34.8125,36.95,0,0,0,0,0,20,0.5,0,0,0,0.1,0.1,0.1,0.1,0.1,0.1,0.5,0,12313,0.03508487,0.015105986,0,0,0,0,0,0,0,0,0,0,5,1.123875612
9009.39,0.069617687,0.5,7111,37,0.14695,33.375,34.8125,36.93,0,0,0,0,0,20,0.5,0,0,0,0.1,0.1,0.1,0.1,0.1,0.1,0.5,0,12299,0.034962192,0.014960566,0,0,0,0,0,0,0,0,0,0,5,1.161825288
9069.43,0.076050826,0.5,7111,37,0.21845,33.3125,34.75,36.85,0,0,0,0,0,20,0.5,0,0,0,0.1,0.1,0.1,0.1,0.1,0.1,0.5,0,12348,0.035066408,0.014739229,0,0,0,0,0,0,0,0,0,0,5,1.368883674
9129.48,0.076519475,0.5,7111,37,0.17575,33.375,34.75,36.85,0,0,0,0,0,20,0.5,0,0,0,0.1,0.1,0.1,0.1,0.1,0.1,0.5,0,12421,0.035101844,0.014813622,0,0,0,0,0,0,0,0,0,0,5,1.318869694
9189.52,0.079768944,0.5,7111,37,0.17575,33.3125,34.8125,36.93,0,0,0,0,0,20,0.5,0,0,0,0.1,0.1,0.1,0.1,0.1,0.1,0.5,0,12275,0.03503055,0.014745418,0,0,0,0,0,0,0,0,0,0,5,1.377693144
9249.6,0.080290481,0.5,7111,37,0.24145,33.25,34.875,36.81,0,0,0,0,0,20,0.5,0,0,0,0.1,0.1,0.1,0.1,0.1,0.1,0.5,0,12368,0.035009702,0.01503881,0,0,0,0,0,0,0,0,0,0,5,1.328358932
9309.66,0.07247277,0.5,7111,37,0.18115,33.3125,34.875,37.13,0,0,0,0,0,20,0.5,0,0,0,0.1,0.1,0.1,0.1,0.1,0.1,0.5,0,12545,0.034595456,0.014906337,0,0,0,0,0,0,0,0,0,0,5,0.954620457
9369.7,0.080358307,0.5,7111,37,0.17875,33.3125,34.9375,36.73,0,0,0,0,0,20,0.5,0,0,0,0.1,0.1,0.1,0.1,0.1,0.1,0.5,0,12326,0.035291254,0.015008924,0,0,0,0,0,0,0,0,0,0,5,1.216743164
9429.78,0.088183424,0.5,7111,37,0.20615,33.375,34.9375,36.79,0,0,0,0,0,20,0.5,0,0,0,0.1,0.1,0.1,0.1,0.1,0.1,0.5,0,12487,0.03483623,0.014655241,0,0,0,0,0,0,0,0,0,0,5,1.434676616
9489.86,0.083805506,0.5,7111,37,0.26355,33.375,34.9375,36.97,0,0,0,0,0,20,0.5,0,0,0,0.1,0.1,0.1,0.1,0.1,0.1,0.5,0,12672,0.034722222,0.01467803,0,0,0,0,0,0,0,0,0,0,5,1.210181872
9549.94,0.08861145,0.5,7111,37,0.18475,33.375,35,37.05,0,0,0,0,0,20,0.5,0,0,0,0.1,0.1,0.1,0.1,0.1,0.1,0.5,0,12601,0.034759146,0.014919451,0,0,0,0,0,0,0,0,0,0,5,1.316959908
9610.01,0.084403998,0.5,7111,37,0.14145,33.4375,35,36.85,0,0,0,0,0,20,0.5,0,0,0,0.1,0.1,0.1,0.1,0.1,0.1,0.5,0,12463,0.035384739,0.014924176,0,0,0,0,0,0,0,0,0,0,5,1.105172968
9670.09,0.09330083,0.5,7111,37,0.16435,33.4375,35,37.05,0,0,0,0,0,20,0.5,0,0,0,0.1,0.1,0.1,0.1,0.1,0.1,0.5,0,12618,0.034712316,0.01489935,0,0,0,0,0,0,0,0,0,0,5,1.350557021
9730.14,0.094958961,0.5,7111,37,0.21905,33.375,35,36.97,0,0,0,0,0,20,0.5,0,0,0,0.1,0.1,0.1,0.1,0.1,0.1,0.5,0,12638,0.034736509,0.014954898,0,0,0,0,0,0,0,0,0,0,5,1.335876596
9790.18,0.09946803,0.5,7111,37,0.20465,33.375,34.9375,36.79,0,0,0,0,0,20,0.5,0,0,0,0.1,0.1,0.1,0.1,0.1,0.1,0.5,0,12409,0.034974615,0.014747361,0,0,0,0,0,0,0,0,0,0,5,1.408257169
9850.23,0.092758853,0.5,7111,37,0.18995,33.375,34.875,36.81,0,0,0,0,0,20,0.5,0,0,0,0.1,0.1,0.1,0.1,0.1,0.1,0.5,0,12794,0.034860091,0.014616226,0,0,0,0,0,0,0,0,0,0,5,1.128344912
9910.29,0.097601729,0.5,7111,37,0.21995,33.375,34.875,36.79,0,0,0,0,0,20,0.5,0,0,0,0.1,0.1,0.1,0.1,0.1,0.1,0.5,0,13114,0.034238219,0.014640842,0,0,0,0,0,0,0,0,0,0,5,1.22460386
9970.36,0.103746727,0.5,7111,37,0.19965,33.375,34.875,36.95,0,0,0,0,0,20,0.5,0,0,0,0.1,0.1,0.1,0.1,0.1,0.1,0.5,0,13088,0.034382641,0.014593521,0,0,0,0,0,0,0,0,0,0,5,1.346545857
10030.4,0.104424681,0.5,7111,37,0.16165,33.375,34.75,37.03,0,0,0,0,0,20,0.5,0,0,0,0.1,0.1,0.1,0.1,0.1,0.1,0.5,0,12639,0.035050241,0.014716354,0,0,0,0,0,0,0,0,0,0,5,1.298758889
10090.44,0.105266738,0.5,7111,37,0.25995,33.3125,34.75,37.09,0,0,0,0,0,20,0.5,0,0,0,0.1,0.1,0.1,0.1,0.1,0.1,0.5,0,13026,0.03493014,0.014816521,0,0,0,0,0,0,0,0,0,0,5,1.25791526
10150.49,0.096543899,0.5,7111,37,0.24145,33.375,34.75,36.89,0,0,0,0,0,20,0.5,0,0,0,0.1,0.1,0.1,0.1,0.1,0.1,0.5,0,12832,0.034756858,0.014650873,0,0,0,0,0,0,0,0,0,0,5,0.935520473
10210.57,0.116087634,0.5,7111,37,0.20885,33.375,34.75,36.97,0,0,0,0,0,20,0.5,0,0,0,0.1,0.1,0.1,0.1,0.1,0.1,0.5,0,12635,0.035219628,0.014800158,0,0,0,0,0,0,0,0,0,0,5,1.441787118
10270.65,0.119898238,0.5,7111,37,0.18675,33.375,34.875,37.13,0,0,0,0,0,20,0.5,0,0,0,0.1,0.1,0.1,0.1,0.1,0.1,0.5,0,13104,0.034416972,0.014728327,0,0,0,0,0,0,0,0,0,0,5,1.466591757
10330.73,0.102675354,0.5,7111,37,0.23035,33.375,34.875,36.87,0,0,0,0,0,20,0.5,0,0,0,0.1,0.1,0.1,0.1,0.1,0.1,0.5,0,13037,0.034517144,0.014880724,0,0,0,0,0,0,0,0,0,0,5,0.928048383
10390.79,0.104423006,0.5,7111,37,0.20565,33.375,34.875,37.11,0,0,0,0,0,20,0.5,0,0,0,0.1,0.1,0.1,0.1,0.1,0.1,0.5,0,13484,0.034336992,0.014535746,0,0,0,0,0,0,0,0,0,0,5,0.932279679
10450.87,0.122418117,0.5,7111,37,0.16735,33.375,34.9375,37.11,0,0,0,0,0,20,0.5,0,0,0,0.1,0.1,0.1,0.1,0.1,0.1,0.5,0,13428,0.034182306,0.014596366,0,0,0,0,0,0,0,0,0,0,5,1.362642782
10510.94,0.130763186,0.5,7111,37,0.18115,33.375,34.9375,37.01,0,0,0,0,0,20,0.5,0,0,0,0.1,0.1,0.1,0.1,0.1,0.1,0.5,0,13211,0.034516691,0.014609038,0,0,0,0,0,0,0,0,0,0,5,1.492347363
10571,0.122236796,0.5,7111,37,0.22145,33.375,34.9375,37.11,0,0,0,0,0,20,0.5,0,0,0,0.1,0.1,0.1,0.1,0.1,0.1,0.5,0,13167,0.034328245,0.014885699,0,0,0,0,0,0,0,0,0,0,5,1.215446494
10631.04,0.120264094,0.5,7111,37,0.19055,33.375,35,36.93,0,0,0,0,0,20,0.5,0,0,0,0.1,0.1,0.1,0.1,0.1,0.1,0.5,0,13028,0.034540989,0.014814246,0,0,0,0,0,0,0,0,0,0,5,1.105864155
10691.09,0.132344947,0.5,7111,37,0.25325,33.3125,35,37.01,0,0,0,0,0,20,0.5,0,0,0,0.1,0.1,0.1,0.1,0.1,0.1,0.5,0,13410,0.034601044,0.014541387,0,0,0,0,0,0,0,0,0,0,5,1.337735862
10751.13,0.138615193,0.5,7111,37,0.18295,33.375,35,37.05,0,0,0,0,0,20,0.5,0,0,0,0.1,0.1,0.1,0.1,0.1,0.1,0.5,0,13228,0.034396734,0.014741458,0,0,0,0,0,0,0,0,0,0,5,1.409718917
10811.21,0.126420127,0.5,7111,37,0.18205,33.375,35,37.05,0,0,0,0,0,20,0.5,0,0,0,0.1,0.1,0.1,0.1,0.1,0.1,0.5,0,13059,0.03468872,0.014549353,0,0,0,0,0,0,0,0,0,0,5,1.062959977
10871.28,0.140573636,0.5,7111,37,0.19265,33.4375,35,37.01,0,0,0,0,0,20,0.5,0,0,0,0.1,0.1,0.1,0.1,0.1,0.1,0.5,0,13402,0.034323235,0.014550067,0,0,0,0,0,0,0,0,0,0,5,1.328174239
10931.32,0.144892173,0.5,7111,37,0.21115,33.4375,35,36.93,0,0,0,0,0,20,0.5,0,0,0,0.1,0.1,0.1,0.1,0.1,0.1,0.5,0,13734,0.034003204,0.014343964,0,0,0,0,0,0,0,0,0,0,5,1.352540655
10991.39,0.138010685,0.5,7111,37,0.14405,33.375,35,37.19,0,0,0,0,0,20,0.5,0,0,0,0.1,0.1,0.1,0.1,0.1,0.1,0.5,0,13447,0.034431472,0.01479884,0,0,0,0,0,0,0,0,0,0,5,1.138937459
11051.45,0.146836779,0.5,7111,37,0.16815,33.4375,35.0625,37.09,0,0,0,0,0,20,0.5,0,0,0,0.1,0.1,0.1,0.1,0.1,0.1,0.5,0,13147,0.034684719,0.014908344,0,0,0,0,0,0,0,0,0,0,5,1.267962125
11111.52,0.153633614,0.5,7111,37,0.20845,33.4375,35,36.93,0,0,0,0,0,20,0.5,0,0,0,0.1,0.1,0.1,0.1,0.1,0.1,0.5,0,13621,0.034432127,0.014462962,0,0,0,0,0,0,0,0,0,0,5,1.340311065
11171.56,0.15478274,0.5,7111,37,0.21995,33.4375,35.0625,36.89,0,0,0,0,0,20,0.5,0,0,0,0.1,0.1,0.1,0.1,0.1,0.1,0.5,0,13687,0.034339154,0.014466282,0,0,0,0,0,0,0,0,0,0,5,1.295650979
11231.62,0.154083848,0.5,7111,37,0.22025,33.375,35.0625,36.89,0,0,0,0,0,20,0.5,0,0,0,0.1,0.1,0.1,0.1,0.1,0.1,0.5,0,13040,0.034892638,0.014647239,0,0,0,0,0,0,0,0,0,0,5,1.217291814
11291.7,0.154967395,0.5,7111,37,0.23055,33.4375,35.0625,36.85,0,0,0,0,0,20,0.5,0,0,0,0.1,0.1,0.1,0.1,0.1,0.1,0.5,0,13307,0.034493124,0.014578793,0,0,0,0,0,0,0,0,0,0,5,1.173580679
11351.74,0.151930645,0.5,7111,37,0.20615,33.4375,35.0625,36.95,0,0,0,0,0,20,0.5,0,0,0,0.1,0.1,0.1,0.1,0.1,0.1,0.5,0,13898,0.033889768,0.014606418,0,0,0,0,0,0,0,0,0,0,5,1.055529834
11411.78,0.154085349,0.5,7111,37,0.21295,33.4375,35.0625,36.93,0,0,0,0,0,20,0.5,0,0,0,0.1,0.1,0.1,0.1,0.1,0.1,0.5,0,13555,0.034378458,0.014607156,0,0,0,0,0,0,0,0,0,0,5,1.045000929
11471.82,0.170482703,0.5,7111,37,0.16555,33.4375,35.0625,37.11,0,0,0,0,0,20,0.5,0,0,0,0.1,0.1,0.1,0.1,0.1,0.1,0.5,0,13715,0.034341961,0.014509661,0,0,0,0,0,0,0,0,0,0,5,1.296132424
11531.87,0.172003844,0.5,7111,37,0.18555,33.4375,35.0625,37.03,0,0,0,0,0,20,0.5,0,0,0,0.1,0.1,0.1,0.1,0.1,0.1,0.5,0,13573,0.034553894,0.014808812,0,0,0,0,0,0,0,0,0,0,5,1.257974749
11591.91,0.165037847,0.5,7111,37,0.18495,33.5,35,37.03,0,0,0,0,0,20,0.5,0,0,0,0.1,0.1,0.1,0.1,0.1,0.1,0.5,0,13990,0.034310222,0.014581844,0,0,0,0,0,0,0,0,0,0,5,1.071049997
11651.99,0.167655281,0.5,7111,37,0.17965,33.4375,34.9375,37.05,0,0,0,0,0,20,0.5,0,0,0,0.1,0.1,0.1,0.1,0.1,0.1,0.5,0,14266,0.033646432,0.014229637,0,0,0,0,0,0,0,0,0,0,5,1.064702953
11712.06,0.188932774,0.5,7111,37,0.14575,33.375,34.875,37.17,0,0,0,0,0,20,0.5,0,0,0,0.1,0.1,0.1,0.1,0.1,0.1,0.5,0,14293,0.033652837,0.01441265,0,0,0,0,0,0,0,0,0,0,5,1.369911659
11772.1,0.180344984,0.5,7111,37,0.18245,33.375,34.8125,37.01,0,0,0,0,0,20,0.5,0,0,0,0.1,0.1,0.1,0.1,0.1,0.1,0.5,0,13554,0.034823668,0.014829571,0,0,0,0,0,0,0,0,0,0,5,1.161857087
11832.15,0.174561166,0.5,7111,37,0.24545,33.3125,34.8125,36.77,0,0,0,0,0,20,0.5,0,0,0,0.1,0.1,0.1,0.1,0.1,0.1,0.5,0,14226,0.034022213,0.014269647,0,0,0,0,0,0,0,0,0,0,5,1.005975046
11892.19,0.190648872,0.5,7111,37,0.21935,33.3125,34.75,36.89,0,0,0,0,0,20,0.5,0,0,0,0.1,0.1,0.1,0.1,0.1,0.1,0.5,0,14408,0.033939478,0.014436424,0,0,0,0,0,0,0,0,0,0,5,1.220150796
11952.27,0.196313354,0.5,7111,37,0.20965,33.375,34.6875,36.93,0,0,0,0,0,20,0.5,0,0,0,0.1,0.1,0.1,0.1,0.1,0.1,0.5,0,14054,0.03436744,0.01451544,0,0,0,0,0,0,0,0,0,0,5,1.246979535
12012.34,0.197435838,0.5,7111,37,0.22905,33.3125,34.625,36.85,0,0,0,0,0,20,0.5,0,0,0,0.1,0.1,0.1,0.1,0.1,0.1,0.5,0,14381,0.033655518,0.014324456,0,0,0,0,0,0,0,0,0,0,5,1.201735158
12072.41,0.187679652,0.5,7111,37,0.22265,33.375,34.6875,36.89,0,0,0,0,0,20,0.5,0,0,0,0.1,0.1,0.1,0.1,0.1,0.1,0.5,0,14487,0.033823428,0.014426727,0,0,0,0,0,0,0,0,0,0,5,0.989617004
12132.49,0.208820198,0.5,7111,37,0.22945,33.3125,34.75,36.87,0,0,0,0,0,20,0.5,0,0,0,0.1,0.1,0.1,0.1,0.1,0.1,0.5,0,14277,0.033830637,0.014568887,0,0,0,0,0,0,0,0,0,0,5,1.260347328
12192.57,0.202889283,0.5,7111,37,0.21475,33.375,34.75,36.93,0,0,0,0,0,20,0.5,0,0,0,0.1,0.1,0.1,0.1,0.1,0.1,0.5,0,15404,0.032848611,0.014217086,0,0,0,0,0,0,0,0,0,0,5,1.110890488
12252.65,0.222079978,0.5,7111,37,0.23125,33.375,34.8125,36.87,0,0,0,0,0,20,0.5,0,0,0,0.1,0.1,0.1,0.1,0.1,0.1,0.5,0,14479,0.033911182,0.014641895,0,0,0,0,0,0,0,0,0,0,5,1.326477413
12312.71,0.215985145,0.5,7111,37,0.18385,33.375,34.875,37.05,0,0,0,0,0,20,0.5,0,0,0,0.1,0.1,0.1,0.1,0.1,0.1,0.5,0,14733,0.033869545,0.014185841,0,0,0,0,0,0,0,0,0,0,5,1.176669699
12372.77,0.223431622,0.5,7111,37,0.18825,33.4375,34.875,37.03,0,0,0,0,0,20,0.5,0,0,0,0.1,0.1,0.1,0.1,0.1,0.1,0.5,0,14415,0.03371488,0.014568158,0,0,0,0,0,0,0,0,0,0,5,1.219523599
12432.83,0.226810827,0.5,7111,37,0.22115,33.4375,34.9375,36.89,0,0,0,0,0,20,0.5,0,0,0,0.1,0.1,0.1,0.1,0.1,0.1,0.5,0,14099,0.034115895,0.014681892,0,0,0,0,0,0,0,0,0,0,5,1.203580067
12492.88,0.23181994,0.5,7111,37,0.24915,33.375,34.9375,36.79,0,0,0,0,0,20,0.5,0,0,0,0.1,0.1,0.1,0.1,0.1,0.1,0.5,0,14793,0.033664571,0.014533901,0,0,0,0,0,0,0,0,0,0,5,1.20893499
12552.92,0.230260044,0.5,7111,37,0.18945,33.375,34.9375,37.03,0,0,0,0,0,20,0.5,0,0,0,0.1,0.1,0.1,0.1,0.1,0.1,0.5,0,15314,0.03330286,0.01417004,0,0,0,0,0,0,0,0,0,0,5,1.128233285
12612.99,0.235586063,0.5,7111,37,0.21175,33.4375,35,36.93,0,0,0,0,0,20,0.5,0,0,0,0.1,0.1,0.1,0.1,0.1,0.1,0.5,0,15322,0.033220206,0.014227908,0,0,0,0,0,0,0,0,0,0,5,1.140422611
12673.07,0.233190428,0.5,7111,37,0.18025,33.4375,35,37.05,0,0,0,0,0,20,0.5,0,0,0,0.1,0.1,0.1,0.1,0.1,0.1,0.5,0,15537,0.032953595,0.014159748,0,0,0,0,0,0,0,0,0,0,5,1.052738813
12733.15,0.247402863,0.5,7111,37,0.22025,33.4375,34.9375,36.89,0,0,0,0,0,20,0.5,0,0,0,0.1,0.1,0.1,0.1,0.1,0.1,0.5,0,15126,0.033386222,0.01441227,0,0,0,0,0,0,0,0,0,0,5,1.177589751
12793.22,0.257730039,0.5,7111,37,0.20025,33.4375,35,36.97,0,0,0,0,0,20,0.5,0,0,0,0.1,0.1,0.1,0.1,0.1,0.1,0.5,0,14493,0.033878424,0.014489754,0,0,0,0,0,0,0,0,0,0,5,1.241394203
12853.28,0.257266391,0.5,7111,37,0.20875,33.5,35.0625,36.93,0,0,0,0,0,20,0.5,0,0,0,0.1,0.1,0.1,0.1,0.1,0.1,0.5,0,15507,0.033404269,0.014445089,0,0,0,0,0,0,0,0,0,0,5,1.173922728
12913.35,0.255570058,0.5,7111,37,0.18905,33.375,35.0625,37.01,0,0,0,0,0,20,0.5,0,0,0,0.1,0.1,0.1,0.1,0.1,0.1,0.5,0,14819,0.034010392,0.014575882,0,0,0,0,0,0,0,0,0,0,5,1.095380042
12973.43,0.266063625,0.5,7111,37,0.18725,33.4375,35.125,37.01,0,0,0,0,0,20,0.5,0,0,0,0.1,0.1,0.1,0.1,0.1,0.1,0.5,0,15007,0.033784234,0.014260012,0,0,0,0,0,0,0,0,0,0,5,1.161327734
13033.5,0.261429204,0.5,7111,37,0.18665,33.4375,35.125,37.01,0,0,0,0,0,20,0.5,0,0,0,0.1,0.1,0.1,0.1,0.1,0.1,0.5,0,16041,0.032977994,0.014400598,0,0,0,0,0,0,0,0,0,0,5,1.050545479
13093.58,0.267755313,0.5,7111,37,0.20845,33.4375,35.125,36.93,0,0,0,0,0,20,0.5,0,0,0,0.1,0.1,0.1,0.1,0.1,0.1,0.5,0,15860,0.033039092,0.014186633,0,0,0,0,0,0,0,0,0,0,5,1.069748318
13153.62,0.277589261,0.5,7111,37,0.24645,33.4375,35.0625,36.79,0,0,0,0,0,20,0.5,0,0,0,0.1,0.1,0.1,0.1,0.1,0.1,0.5,0,15593,0.033348297,0.014429552,0,0,0,0,0,0,0,0,0,0,5,1.124467871
13213.69,0.288573466,0.5,7111,37,0.23175,33.4375,35.0625,36.85,0,0,0,0,0,20,0.5,0,0,0,0.1,0.1,0.1,0.1,0.1,0.1,0.5,0,16229,0.032904061,0.013925689,0,0,0,0,0,0,0,0,0,0,5,1.184665953
13273.8,0.290232026,0.5,7111,37,0.17935,33.5,35.125,37.05,0,0,0,0,0,20,0.5,0,0,0,0.1,0.1,0.1,0.1,0.1,0.1,0.5,0,15508,0.033273149,0.014444158,0,0,0,0,0,0,0,0,0,0,5,1.14262563
13333.84,0.308557347,0.5,7111,37,0.20465,33.4375,35.125,36.95,0,0,0,0,0,20,0.5,0,0,0,0.1,0.1,0.1,0.1,0.1,0.1,0.5,0,15515,0.033580406,0.014437641,0,0,0,0,0,0,0,0,0,0,5,1.269175418
13393.91,0.298794998,0.5,7111,37,0.17995,33.5,35.125,37.05,0,0,0,0,0,20,0.5,0,0,0,0.1,0.1,0.1,0.1,0.1,0.1,0.5,0,16065,0.033115468,0.014316838,0,0,0,0,0,0,0,0,0,0,5,1.109266635
13453.94,0.307486408,0.5,7111,37,0.20525,33.4375,35.125,36.95,0,0,0,0,0,20,0.5,0,0,0,0.1,0.1,0.1,0.1,0.1,0.1,0.5,0,15870,0.033144297,0.01436673,0,0,0,0,0,0,0,0,0,0,5,1.139822825
13514.01,0.308788837,0.5,7111,37,0.19905,33.4375,35.125,36.97,0,0,0,0,0,20,0.5,0,0,0,0.1,0.1,0.1,0.1,0.1,0.1,0.5,0,15735,0.033428662,0.014299333,0,0,0,0,0,0,0,0,0,0,5,1.09551203
13574.09,0.31242102,0.5,7111,37,0.20995,33.4375,35.0625,36.93,0,0,0,0,0,20,0.5,0,0,0,0.1,0.1,0.1,0.1,0.1,0.1,0.5,0,16682,0.032969668,0.014027095,0,0,0,0,0,0,0,0,0,0,5,1.075818524
13634.16,0.311966607,0.5,7111,37,0.23145,33.4375,35,36.85,0,0,0,0,0,20,0.5,0,0,0,0.1,0.1,0.1,0.1,0.1,0.1,0.5,0,16880,0.032345972,0.014099526,0,0,0,0,0,0,0,0,0,0,5,1.017660957
13694.24,0.324851648,0.5,7111,37,0.18995,33.4375,34.9375,37.01,0,0,0,0,0,20,0.5,0,0,0,0.1,0.1,0.1,0.1,0.1,0.1,0.5,0,16767,0.032563965,0.014313831,0,0,0,0,0,0,0,0,0,0,5,1.088195279
13754.28,0.325998995,0.5,7111,37,0.16665,33.4375,34.9375,37.09,0,0,0,0,0,20,0.5,0,0,0,0.1,0.1,0.1,0.1,0.1,0.1,0.5,0,17392,0.032486201,0.014201932,0,0,0,0,0,0,0,0,0,0,5,1.044362578
13814.33,0.341015524,0.5,7111,37,0.17275,33.4375,34.9375,37.05,0,0,0,0,0,20,0.5,0,0,0,0.1,0.1,0.1,0.1,0.1,0.1,0.5,0,16688,0.032778044,0.014141898,0,0,0,0,0,0,0,0,0,0,5,1.127245563
13874.39,0.33431393,0.5,7111,37,0.19895,33.375,34.9375,36.95,0,0,0,0,0,20,0.5,0,0,0,0.1,0.1,0.1,0.1,0.1,0.1,0.5,0,16716,0.032543671,0.014237856,0,0,0,0,0,0,0,0,0,0,5,1.011340666
13934.44,0.342791013,0.5,7111,37,0.19925,33.375,35,36.95,0,0,0,0,0,20,0.5,0,0,0,0.1,0.1,0.1,0.1,0.1,0.1,0.5,0,17142,0.032318283,0.014117373,0,0,0,0,0,0,0,0,0,0,5,1.035895159
13994.5,0.34606652,0.5,7111,37,0.20695,33.375,35,36.93,0,0,0,0,0,20,0.5,0,0,0,0.1,0.1,0.1,0.1,0.1,0.1,0.5,0,16413,0.033205386,0.014378846,0,0,0,0,0,0,0,0,0,0,5,1.012630517
14054.55,0.352285682,0.5,7111,37,0.20965,33.375,35,36.93,0,0,0,0,0,20,0.5,0,0,0,0.1,0.1,0.1,0.1,0.1,0.1,0.5,0,17953,0.032195176,0.01398095,0,0,0,0,0,0,0,0,0,0,5,1.015433289
14114.59,0.35423591,0.5,7111,37,0.16495,33.375,35.0625,37.11,0,0,0,0,0,20,0.5,0,0,0,0.1,0.1,0.1,0.1,0.1,0.1,0.5,0,17080,0.032728337,0.014051522,0,0,0,0,0,0,0,0,0,0,5,0.981223609
14174.66,0.374855039,0.5,7111,37,0.17965,33.4375,35.0625,37.05,0,0,0,0,0,20,0.5,0,0,0,0.1,0.1,0.1,0.1,0.1,0.1,0.5,0,17164,0.032801212,0.014157539,0,0,0,0,0,0,0,0,0,0,5,1.101891284
14234.72,0.368718617,0.5,7111,37,0.17845,33.4375,35.0625,37.05,0,0,0,0,0,20,0.5,0,0,0,0.1,0.1,0.1,0.1,0.1,0.1,0.5,0,18680,0.031959315,0.01391863,0,0,0,0,0,0,0,0,0,0,5,0.997279945
14294.8,0.368979377,0.5,7111,37,0.16255,33.4375,35.0625,37.11,0,0,0,0,0,20,0.5,0,0,0,0.1,0.1,0.1,0.1,0.1,0.1,0.5,0,17564,0.032566614,0.01411979,0,0,0,0,0,0,0,0,0,0,5,0.949536817
14354.85,0.381069965,0.5,7111,37,0.17785,33.375,35.125,37.05,0,0,0,0,0,20,0.5,0,0,0,0.1,0.1,0.1,0.1,0.1,0.1,0.5,0,17986,0.032136106,0.014010897,0,0,0,0,0,0,0,0,0,0,5,0.998786698
14414.92,0.373603045,0.5,7111,37,0.22555,33.4375,35.125,36.87,0,0,0,0,0,20,0.5,0,0,0,0.1,0.1,0.1,0.1,0.1,0.1,0.5,0,18407,0.031890042,0.01396208,0,0,0,0,0,0,0,0,0,0,5,0.889479946
14475,0.390193266,0.5,7111,37,0.16375,33.4375,35.1875,37.11,0,0,0,0,0,20,0.5,0,0,0,0.1,0.1,0.1,0.1,0.1,0.1,0.5,0,18020,0.032352941,0.014039956,0,0,0,0,0,0,0,0,0,0,5,0.97535089
14535.04,0.405813196,0.5,7111,37,0.18195,33.4375,35.1875,37.03,0,0,0,0,0,20,0.5,0,0,0,0.1,0.1,0.1,0.1,0.1,0.1,0.5,0,18078,0.032249143,0.013939595,0,0,0,0,0,0,0,0,0,0,5,1.044335672
14595.13,0.407162431,0.5,7111,37,0.18225,33.4375,35.125,37.03,0,0,0,0,0,20,0.5,0,0,0,0.1,0.1,0.1,0.1,0.1,0.1,0.5,0,19245,0.03154066,0.01376981,0,0,0,0,0,0,0,0,0,0,5,1.002076653
14655.2,0.401531303,0.5,7111,37,0.20055,33.4375,35.125,36.97,0,0,0,0,0,20,0.5,0,0,0,0.1,0.1,0.1,0.1,0.1,0.1,0.5,0,17189,0.032928035,0.014195125,0,0,0,0,0,0,0,0,0,0,5,0.910192708
14715.28,0.408112015,0.5,7111,37,0.19935,33.375,35.0625,36.97,0,0,0,0,0,20,0.5,0,0,0,0.1,0.1,0.1,0.1,0.1,0.1,0.5,0,18872,0.031687156,0.013671047,0,0,0,0,0,0,0,0,0,0,5,0.913451634
14775.35,0.414643023,0.5,7111,37,0.19935,33.4375,35,36.97,0,0,0,0,0,20,0.5,0,0,0,0.1,0.1,0.1,0.1,0.1,0.1,0.5,0,18286,0.032429181,0.014109155,0,0,0,0,0,0,0,0,0,0,5,0.915407898
14835.41,0.435042368,0.5,7111,37,0.22265,33.4375,35,36.89,0,0,0,0,0,20,0.5,0,0,0,0.1,0.1,0.1,0.1,0.1,0.1,0.5,0,19009,0.031984849,0.013835552,0,0,0,0,0,0,0,0,0,0,5,1.01371388
14895.47,0.435409087,0.5,7111,37,0.18115,33.4375,35.0625,37.05,0,0,0,0,0,20,0.5,0,0,0,0.1,0.1,0.1,0.1,0.1,0.1,0.5,0,19950,0.031478697,0.013834586,0,0,0,0,0,0,0,0,0,0,5,0.965555975
14955.53,0.432840881,0.5,7111,37,0.18495,33.375,34.9375,37.03,0,0,0,0,0,20,0.5,0,0,0,0.1,0.1,0.1,0.1,0.1,0.1,0.5,0,19675,0.031512071,0.013824651,0,0,0,0,0,0,0,0,0,0,5,0.899530657
15015.61,0.460801907,0.5,7111,37,0.1792,33.375,34.9375,37.11,0,0,0,0,0,20,0.5,0,0,0,0.1,0.1,0.1,0.1,0.1,0.1,0.5,0,18645,0.032126575,0.014105658,0,0,0,0,0,0,0,0,0,0,5,1.04234833
15075.66,0.457348411,0.5,7111,37,0.1356,33.375,34.875,37.21,0,0,0,0,0,20,0.5,0,0,0,0.1,0.1,0.1,0.1,0.1,0.1,0.5,0,18827,0.032347161,0.014022415,0,0,0,0,0,0,0,0,0,0,5,0.967662629
15135.7,0.445646265,0.5,7111,37,0.1547,33.375,34.875,36.79,0,0,0,0,0,20,0.5,0,0,0,0.1,0.1,0.1,0.1,0.1,0.1,0.5,0,19574,0.031725759,0.013947073,0,0,0,0,0,0,0,0,0,0,5,0.841519568
15195.78,0.481106716,0.5,7111,37,0.2156,33.375,34.875,36.81,0,0,0,0,0,20,0.5,0,0,0,0.1,0.1,0.1,0.1,0.1,0.1,0.5,0,19307,0.031905526,0.013880976,0,0,0,0,0,0,0,0,0,0,5,1.029134382
15255.88,0.475212541,0.5,7111,37,0.2033,33.375,34.9375,36.85,0,0,0,0,0,20,0.5,0,0,0,0.1,0.1,0.1,0.1,0.1,0.1,0.5,0,20820,0.031316042,0.013592699,0,0,0,0,0,0,0,0,0,0,5,0.940696816
15315.94,0.482872416,0.5,7111,37,0.1901,33.375,34.9375,37.01,0,0,0,0,0,20,0.5,0,0,0,0.1,0.1,0.1,0.1,0.1,0.1,0.5,0,19653,0.031852643,0.014043657,0,0,0,0,0,0,0,0,0,0,5,0.941632909
15376,0.492389806,0.5,7111,37,0.1886,33.375,35.0625,36.93,0,0,0,0,0,20,0.5,0,0,0,0.1,0.1,0.1,0.1,0.1,0.1,0.5,0,20347,0.031749152,0.013761242,0,0,0,0,0,0,0,0,0,0,5,0.953105925
15436.09,0.497721619,0.5,7111,37,0.1671,33.375,35.0625,37.01,0,0,0,0,0,20,0.5,0,0,0,0.1,0.1,0.1,0.1,0.1,0.1,0.5,0,20232,0.031682483,0.013938316,0,0,0,0,0,0,0,0,0,0,5,0.937761323
15496.14,0.50351343,0.5,7111,37,0.1809,33.375,35.0625,36.97,0,0,0,0,0,20,0.5,0,0,0,0.1,0.1,0.1,0.1,0.1,0.1,0.5,0,19069,0.032513504,0.014159106,0,0,0,0,0,0,0,0,0,0,5,0.925581648
15556.21,0.527717857,0.5,7111,37,0.1968,33.375,35.0625,36.87,0,0,0,0,0,20,0.5,0,0,0,0.1,0.1,0.1,0.1,0.1,0.1,0.5,0,20892,0.031351714,0.013833046,0,0,0,0,0,0,0,0,0,0,5,1.020156747
15616.25,0.50641111,0.5,7111,37,0.2265,33.375,35.125,36.69,0,0,0,0,0,20,0.5,0,0,0,0.1,0.1,0.1,0.1,0.1,0.1,0.5,0,21586,0.031131289,0.01348096,0,0,0,0,0,0,0,0,0,0,5,0.845509998
15676.32,0.535431262,0.5,7111,37,0.1632,33.4375,35.125,36.89,0,0,0,0,0,20,0.5,0,0,0,0.1,0.1,0.1,0.1,0.1,0.1,0.5,0,22798,0.030528994,0.013466094,0,0,0,0,0,0,0,0,0,0,5,0.970405628
15736.4,0.565155848,0.5,7111,37,0.2221,33.375,35.125,36.85,0,0,0,0,0,20,0.5,0,0,0,0.1,0.1,0.1,0.1,0.1,0.1,0.5,0,21163,0.031375514,0.013655909,0,0,0,0,0,0,0,0,0,0,5,1.083972379
15796.48,0.540864322,0.5,7111,37,0.3119,33.375,35.125,36.87,0,0.02,0.15,0,0,20,0.5,0,0,0,0.1,0.1,0.1,0.1,0.1,0.1,0.5,0,21634,0.031015993,0.013774614,0,0,0,0,0,0,0,0,0,0,0.44,1.083972379
15856.52,0.513230178,0.5,7111,37,0.4463,33.25,35.125,36.33,0,0.02,0.15,0,0,20,0.5,0,0,0,0.1,0.1,0.1,0.1,0.1,0.1,0.5,0,20267,0.031529087,0.013667538,0,0,0,0,0,0,0,0,0,0,0.44,1.083972379
15916.56,0.449824139,0.5,7111,37,0.511629743,33.1875,35.125,35.99,0,0.0021178,0.25,0,0,20,0.5,0,0,0,0.1,0.1,0.1,0.1,0.1,0.1,0.5,0,19299,0.031763304,0.013990362,0,0,0,0,0,0,0,0,0,0,0.44,1.083972379
15976.6,0.460065407,0.5,7111,37,0.389298874,33.375,35.1875,36.57,0,0.003630777,0.08452311,0,0,20,0.5,0,0,0,0.1,0.1,0.1,0.1,0.1,0.1,0.5,0,20255,0.031695878,0.013971859,0,0,0,0,0,0,0,0,0,0,0.44,1.083972379
16036.68,0.467729867,0.5,7111,37,0.297561183,33.5625,35.1875,37.03,0,0.007644219,0.100576875,0,0,20,0.5,0,0,0,0.1,0.1,0.1,0.1,0.1,0.1,0.5,0,18503,0.032156948,0.014159866,0,0,0,0,0,0,0,0,0,0,0.44,1.083972379
16096.71,0.437355761,0.5,7111,37,0.33255,33.5625,35.1875,36.79,0,0,0.07,0,0,20,0.5,0,0,0,0.1,0.1,0.1,0.1,0.1,0.1,0.5,0,19735,0.031365594,0.013731948,0,0,0,0,0,0,0,0,0,0,5,1.083972379
16156.78,0.460328971,0.5,7111,37,0.23305,33.6875,35.125,37.17,0,0,0.07,0,0,20,0.5,0,0,0,0.1,0.1,0.1,0.1,0.1,0.1,0.5,0,18524,0.032120492,0.014089829,0,0,0,0,0,0,0,0,0,0,5,1.083972379
16216.84,0.474643041,0.5,7111,37,0.19585,33.75,35.125,37.29,0,0,0.25,0,0,20,0.5,0,0,0,0.1,0.1,0.1,0.1,0.1,0.1,0.5,0,18518,0.032292904,0.013986392,0,0,0,0,0,0,0,0,0,0,5,1.083972379
16276.88,0.478209844,0.5,7111,37,0.16945,33.8125,35.1875,37.35,0,0,0.07,0,0,20,0.5,0,0,0,0.1,0.1,0.1,0.1,0.1,0.1,0.5,0,20667,0.031547878,0.013838486,0,0,0,0,0,0,0,0,0,0,5,1.083972379
16336.94,0.476952128,0.5,7111,37,0.17865,33.8125,35.125,37.27,0,0,0.07,0,0,20,0.5,0,0,0,0.1,0.1,0.1,0.1,0.1,0.1,0.5,0,19992,0.031562625,0.013905562,0,0,0,0,0,0,0,0,0,0,5,1.083972379
16397.02,0.488680938,0.5,7111,37,0.14785,33.75,35.1875,37.35,0,0,0.07,0,0,20,0.5,0,0,0,0.1,0.1,0.1,0.1,0.1,0.1,0.5,0,19882,0.031938437,0.013881903,0,0,0,0,0,0,0,0,0,0,5,1.083972379
16457.06,0.49882871,0.5,7111,37,0.15325,33.75,35.1875,37.29,0,0,0.07,0,0,20,0.5,0,0,0,0.1,0.1,0.1,0.1,0.1,0.1,0.5,0,20654,0.031470902,0.013750363,0,0,0,0,0,0,0,0,0,0,5,1.091432675
16517.12,0.520856143,0.5,7111,37,0.22235,33.6875,35.25,37.01,0,0,0.25,0,0,20,0.5,0,0,0,0.1,0.1,0.1,0.1,0.1,0.1,0.5,0,20413,0.031695488,0.013912703,0,0,0,0,0,0,0,0,0,0,5,1.166494392
16577.15,0.527172111,0.5,7111,37,0.15135,33.6875,35.1875,37.27,0,0,0.07,0,0,20,0.5,0,0,0,0.1,0.1,0.1,0.1,0.1,0.1,0.5,0,20465,0.031859272,0.014023943,0,0,0,0,0,0,0,0,0,0,5,1.144329256
16637.18,0.555485999,0.5,7111,37,0.20805,33.625,35.1875,37.03,0,0,0.07,0,0,20,0.5,0,0,0,0.1,0.1,0.1,0.1,0.1,0.1,0.5,0,20351,0.031742912,0.013807675,0,0,0,0,0,0,0,0,0,0,5,1.244061762
16697.26,0.541965244,0.5,7111,37,0.2761,33.625,35.125,37.13,0,0.02,0.15,0,0,20,0.5,0,0,0,0.1,0.1,0.1,0.1,0.1,0.1,0.5,0,21681,0.031041004,0.013744753,0,0,0,0,0,0,0,0,0,0,0.44,1.244061762
16757.32,0.481846631,0.5,7111,37,0.568272677,33.3125,35.0625,35.83,0,0.015907584,0.133630336,0,0,20,0.5,0,0,0,0.1,0.1,0.1,0.1,0.1,0.1,0.5,0,20221,0.031551357,0.013599723,0,0,0,0,0,0,0,0,0,0,0.44,1.244061762
16817.36,0.41270137,0.5,7111,37,0.63735,33.25,35.0625,35.59,0,0,0.25,0,0,20,0.5,0,0,0,0.1,0.1,0.1,0.1,0.1,0.1,0.5,0,19048,0.031971861,0.013754725,0,0,0,0,0,0,0,0,0,0,5,1.244061762
16877.42,0.445591273,0.5,7111,37,0.38965,33.4375,35,36.63,0,0,0.07,0,0,20,0.5,0,0,0,0.1,0.1,0.1,0.1,0.1,0.1,0.5,0,18602,0.032200839,0.013815719,0,0,0,0,0,0,0,0,0,0,5,1.244061762
16937.49,0.428503113,0.5,7111,37,0.22005,33.6875,35,37.27,0,0,0.07,0,0,20,0.5,0,0,0,0.1,0.1,0.1,0.1,0.1,0.1,0.5,0,19021,0.03164923,0.013669103,0,0,0,0,0,0,0,0,0,0,5,1.244061762
16997.54,0.45589227,0.5,7111,37,0.23755,33.8125,35,37.17,0,0,0.07,0,0,20,0.5,0,0,0,0.1,0.1,0.1,0.1,0.1,0.1,0.5,0,19073,0.031877523,0.013946416,0,0,0,0,0,0,0,0,0,0,5,1.244061762
17057.58,0.466740543,0.5,7111,37,0.22765,33.8125,34.9375,37.17,0,0,0.07,0,0,20,0.5,0,0,0,0.1,0.1,0.1,0.1,0.1,0.1,0.5,0,19789,0.03138107,0.013795543,0,0,0,0,0,0,0,0,0,0,5,1.244061762
17117.62,0.491013382,0.5,7111,37,0.19095,33.8125,34.9375,37.27,0,0,0.25,0,0,20,0.5,0,0,0,0.1,0.1,0.1,0.1,0.1,0.1,0.5,0,18073,0.032700714,0.014220107,0,0,0,0,0,0,0,0,0,0,5,1.244061762
17177.66,0.514067478,0.5,7111,37,0.15365,33.75,34.875,37.37,0,0,0.07,0,0,20,0.5,0,0,0,0.1,0.1,0.1,0.1,0.1,0.1,0.5,0,19968,0.031450321,0.013822115,0,0,0,0,0,0,0,0,0,0,5,1.319508139
17237.71,0.501404161,0.5,7111,37,0.18525,33.6875,34.875,37.21,0,0,0.07,0,0,20,0.5,0,0,0,0.1,0.1,0.1,0.1,0.1,0.1,0.5,0,18869,0.032222163,0.013938206,0,0,0,0,0,0,0,0,0,0,5,1.178706572
17297.76,0.509354438,0.5,7111,37,0.21105,33.625,34.8125,37.09,0,0,0.07,0,0,20,0.5,0,0,0,0.1,0.1,0.1,0.1,0.1,0.1,0.5,0,20885,0.031266459,0.013598276,0,0,0,0,0,0,0,0,0,0,5,1.166966139
17357.82,0.531321567,0.5,7111,37,0.16355,33.625,34.875,37.25,0,0,0.07,0,0,20,0.5,0,0,0,0.1,0.1,0.1,0.1,0.1,0.1,0.5,0,20335,0.031522006,0.013867716,0,0,0,0,0,0,0,0,0,0,5,1.23528776
17417.88,0.542075165,0.5,7111,37,0.0909,33.5625,34.8125,37.09,0,0,0,0,0,20,0.5,0,0,0,0.1,0.1,0.1,0.1,0.1,0.1,0.5,0,22627,0.030759712,0.013523666,0,0,0,0,0,0,0,0,0,0,5,1.233635115
17478.01,0.547226469,0.5,7111,37,0.388425,33.5,34.8125,36.69,0,0.02,0.15,0,0,20,0.5,0,0,0,0.1,0.1,0.1,0.1,0.1,0.1,0.5,0,21530,0.031119368,0.013562471,0,0,0,0,0,0,0,0,0,0,0.44,1.233635115
17538.07,0.485293042,0.5,7111,37,0.579291625,33.25,34.875,35.85,0,0.016878615,0.137514461,0,0,20,0.5,0,0,0,0.1,0.1,0.1,0.1,0.1,0.1,0.5,0,19231,0.031875617,0.014039832,0,0,0,0,0,0,0,0,0,0,0.44,1.233635115
17598.1,0.437572504,0.5,7111,37,0.51585,33.25,34.9375,36.07,0,0,0.07,0,0,20,0.5,0,0,0,0.1,0.1,0.1,0.1,0.1,0.1,0.5,0,18410,0.032156437,0.014014123,0,0,0,0,0,0,0,0,0,0,5,1.233635115
17658.16,0.45100181,0.5,7111,37,0.34485,33.4375,35,36.79,0,0,0.07,0,0,20,0.5,0,0,0,0.1,0.1,0.1,0.1,0.1,0.1,0.5,0,19991,0.031264069,0.013706168,0,0,0,0,0,0,0,0,0,0,5,1.233635115
17718.23,0.46462093,0.5,7111,37,0.28245,33.625,35.0625,37.03,0,0,0.25,0,0,20,0.5,0,0,0,0.1,0.1,0.1,0.1,0.1,0.1,0.5,0,19696,0.031478473,0.013962226,0,0,0,0,0,0,0,0,0,0,5,1.233635115
17778.27,0.492166641,0.5,7111,37,0.16925,33.75,35,37.43,0,0,0.07,0,0,20,0.5,0,0,0,0.1,0.1,0.1,0.1,0.1,0.1,0.5,0,18656,0.032268439,0.013990137,0,0,0,0,0,0,0,0,0,0,5,1.233635115
17838.34,0.498428816,0.5,7111,37,0.10155,33.8125,35.0625,37.63,0,0,0.07,0,0,20,0.5,0,0,0,0.1,0.1,0.1,0.1,0.1,0.1,0.5,0,20320,0.031545276,0.013730315,0,0,0,0,0,0,0,0,0,0,5,1.233635115
17898.39,0.498944251,0.5,7111,37,0.20225,33.75,35.125,37.19,0,0,0.07,0,0,20,0.5,0,0,0,0.1,0.1,0.1,0.1,0.1,0.1,0.5,0,20040,0.031337325,0.013572854,0,0,0,0,0,0,0,0,0,0,5,1.233635115
17958.44,0.522332003,0.5,7111,37,0.13375,33.6875,35.125,37.41,0,0,0.07,0,0,20,0.5,0,0,0,0.1,0.1,0.1,0.1,0.1,0.1,0.5,0,18467,0.03265284,0.013970867,0,0,0,0,0,0,0,0,0,0,5,1.309380477
18018.51,0.517696972,0.5,7111,37,0.23925,33.6875,35.0625,36.97,0,0,0.25,0,0,20,0.5,0,0,0,0.1,0.1,0.1,0.1,0.1,0.1,0.5,0,20077,0.031578423,0.01384669,0,0,0,0,0,0,0,0,0,0,5,1.217171459
18078.56,0.533654857,0.5,7111,37,0.16145,33.625,35.125,37.25,0,0,0.07,0,0,20,0.5,0,0,0,0.1,0.1,0.1,0.1,0.1,0.1,0.5,0,20884,0.03131584,0.013694695,0,0,0,0,0,0,0,0,0,0,5,1.247390545
18138.63,0.529077309,0.5,7111,37,0.17075,33.5625,35.125,37.19,0,0,0.07,0,0,20,0.5,0,0,0,0.1,0.1,0.1,0.1,0.1,0.1,0.5,0,21569,0.031016737,0.013584311,0,0,0,0,0,0,0,0,0,0,5,1.159176821
18198.68,0.536291137,0.5,7111,37,0.1944,33.5,35.125,37.05,0,0,0,0,0,20,0.5,0,0,0,0.1,0.1,0.1,0.1,0.1,0.1,0.5,0,21421,0.031137669,0.013631483,0,0,0,0,0,0,0,0,0,0,5,1.141845832
18258.74,0.57307826,0.5,7111,37,0.1705,33.5,35.1875,37.01,0,0,0,0,0,20,0.5,0,0,0,0.1,0.1,0.1,0.1,0.1,0.1,0.5,0,20124,0.031852514,0.013864043,0,0,0,0,0,0,0,0,0,0,5,1.283788863
18318.82,0.562302823,0.5,7111,37,0.385675,33.5,35.1875,36.61,0,0.02,0.25,0,0,20,0.5,0,0,0,0.1,0.1,0.1,0.1,0.1,0.1,0.5,0,20807,0.031335608,0.013841496,0,0,0,0,0,0,0,0,0,0,0.44,1.283788863
18378.89,0.505413148,0.5,7111,37,0.5293,33.3125,35.125,36.05,0,0.02,0.15,0,0,20,0.5,0,0,0,0.1,0.1,0.1,0.1,0.1,0.1,0.5,0,18696,0.032038939,0.013853231,0,0,0,0,0,0,0,0,0,0,0.44,1.283788863
18438.94,0.435940285,0.5,7111,37,0.579279449,33.1875,35.125,35.83,0,7.34E-05,0.070293785,0,0,20,0.5,0,0,0,0.1,0.1,0.1,0.1,0.1,0.1,0.5,0,18304,0.03239729,0.01409528,0,0,0,0,0,0,0,0,0,0,0.44,1.283788863
18499.01,0.428405184,0.5,7111,37,0.35555,33.4375,35.125,36.77,0,0,0.07,0,0,20,0.5,0,0,0,0.1,0.1,0.1,0.1,0.1,0.1,0.5,0,19176,0.031497705,0.013819358,0,0,0,0,0,0,0,0,0,0,5,1.283788863
18559.04,0.471546429,0.5,7111,37,0.23925,33.6875,35.1875,37.21,0,0,0.07,0,0,20,0.5,0,0,0,0.1,0.1,0.1,0.1,0.1,0.1,0.5,0,19874,0.031297172,0.013837174,0,0,0,0,0,0,0,0,0,0,5,1.283788863
18619.07,0.489718928,0.5,7111,37,0.23615,33.8125,35.125,37.19,0,0,0.25,0,0,20,0.5,0,0,0,0.1,0.1,0.1,0.1,0.1,0.1,0.5,0,19934,0.031503963,0.013544698,0,0,0,0,0,0,0,0,0,0,5,1.283788863
18679.12,0.493487748,0.5,7111,37,0.13885,33.8125,35.1875,37.53,0,0,0.07,0,0,20,0.5,0,0,0,0.1,0.1,0.1,0.1,0.1,0.1,0.5,0,20501,0.031510658,0.013706648,0,0,0,0,0,0,0,0,0,0,5,1.283788863
18739.18,0.495359355,0.5,7111,37,0.19035,33.8125,35.1875,37.27,0,0,0.07,0,0,20,0.5,0,0,0,0.1,0.1,0.1,0.1,0.1,0.1,0.5,0,21533,0.030929271,0.013560581,0,0,0,0,0,0,0,0,0,0,5,1.283788863
18799.22,0.514731857,0.5,7111,37,0.1598,33.8125,35.1875,37.33,0,0,0.07,0,0,20,0.5,0,0,0,0.1,0.1,0.1,0.1,0.1,0.1,0.5,0,21175,0.030743802,0.013553719,0,0,0,0,0,0,0,0,0,0,5,1.283788863
18859.26,0.514879068,0.5,7111,37,0.1408,33.75,35.1875,37.25,0,0,0.07,0,0,20,0.5,0,0,0,0.1,0.1,0.1,0.1,0.1,0.1,0.5,0,20074,0.031882036,0.01384876,0,0,0,0,0,0,0,0,0,0,5,1.220457285
18919.32,0.532617794,0.5,7111,37,0.17985,33.6875,35.1875,37.21,0,0,0.25,0,0,20,0.5,0,0,0,0.1,0.1,0.1,0.1,0.1,0.1,0.5,0,20806,0.03143324,0.013601846,0,0,0,0,0,0,0,0,0,0,5,1.26105051
18979.38,0.533432761,0.5,7111,37,0.1608,33.6875,35.1875,37.21,0,0,0.07,0,0,20,0.5,0,0,0,0.1,0.1,0.1,0.1,0.1,0.1,0.5,0,20573,0.031254557,0.013658679,0,0,0,0,0,0,0,0,0,0,5,1.202584819
19039.47,0.556798318,0.5,7111,37,0.1601,33.6875,35.1875,37.11,0,0,0.07,0,0,20,0.5,0,0,0,0.1,0.1,0.1,0.1,0.1,0.1,0.5,0,20374,0.031805242,0.013939334,0,0,0,0,0,0,0,0,0,0,5,1.271065757
19099.54,0.559525094,0.5,7111,37,0.388275,33.625,35.1875,36.63,0,0.02,0.15,0,0,20,0.5,0,0,0,0.1,0.1,0.1,0.1,0.1,0.1,0.5,0,22229,0.030815601,0.013585856,0,0,0,0,0,0,0,0,0,0,0.44,1.271065757
19159.61,0.5148034,0.5,7111,37,0.501625,33.4375,35.0625,36.21,0,0.02,0.15,0,0,20,0.5,0,0,0,0.1,0.1,0.1,0.1,0.1,0.1,0.5,0,21414,0.030961054,0.013355749,0,0,0,0,0,0,0,0,0,0,0.44,1.271065757
19219.68,0.427315187,0.5,7111,37,0.58295,33.3125,35.0625,35.81,0,0,0.25,0,0,20,0.5,0,0,0,0.1,0.1,0.1,0.1,0.1,0.1,0.5,0,18917,0.032034678,0.013902839,0,0,0,0,0,0,0,0,0,0,0.44,1.271065757
19279.73,0.445984345,0.5,7111,37,0.3994,33.5,35,36.65,0,0,0.07,0,0,20,0.5,0,0,0,0.1,0.1,0.1,0.1,0.1,0.1,0.5,0,18629,0.031993129,0.013742015,0,0,0,0,0,0,0,0,0,0,5,1.271065757
19339.8,0.478186497,0.5,7111,37,0.2635,33.6875,35,37.21,0,0,0.07,0,0,20,0.5,0,0,0,0.1,0.1,0.1,0.1,0.1,0.1,0.5,0,19962,0.031509869,0.013575794,0,0,0,0,0,0,0,0,0,0,5,1.271065757
19399.85,0.487385045,0.5,7111,37,0.1571,33.8125,34.9375,37.41,0,0,0.07,0,0,20,0.5,0,0,0,0.1,0.1,0.1,0.1,0.1,0.1,0.5,0,20592,0.030982906,0.013597514,0,0,0,0,0,0,0,0,0,0,5,1.271065757
19459.89,0.498797602,0.5,7111,37,0.1939,33.8125,35,37.43,0,0,0.07,0,0,20,0.5,0,0,0,0.1,0.1,0.1,0.1,0.1,0.1,0.5,0,19582,0.031865999,0.013634971,0,0,0,0,0,0,0,0,0,0,5,1.271065757
19519.96,0.506485495,0.5,7111,37,0.19875,33.75,34.9375,37.21,0,0,0.25,0,0,20,0.5,0,0,0,0.1,0.1,0.1,0.1,0.1,0.1,0.5,0,19239,0.032278185,0.013982016,0,0,0,0,0,0,0,0,0,0,5,1.271065757
19580.07,0.508476423,0.5,7111,37,0.1426,33.6875,35,37.41,0,0,0.07,0,0,20,0.5,0,0,0,0.1,0.1,0.1,0.1,0.1,0.1,0.5,0,20351,0.031349811,0.013561987,0,0,0,0,0,0,0,0,0,0,5,1.271065757
19640.13,0.541286254,0.5,7111,37,0.191,33.6875,35.125,37.17,0,0,0.07,0,0,20,0.5,0,0,0,0.1,0.1,0.1,0.1,0.1,0.1,0.5,0,19476,0.031885397,0.013965907,0,0,0,0,0,0,0,0,0,0,5,1.395100703
19700.19,0.537719386,0.5,7111,37,0.1791,33.625,35.0625,37.13,0,0,0.07,0,0,20,0.5,0,0,0,0.1,0.1,0.1,0.1,0.1,0.1,0.5,0,19520,0.031608607,0.013831967,0,0,0,0,0,0,0,0,0,0,5,1.305511397
19760.25,0.537969433,0.5,7111,37,0.1769,33.625,35.125,37.25,0,0,0.07,0,0,20,0.5,0,0,0,0.1,0.1,0.1,0.1,0.1,0.1,0.5,0,20970,0.031187411,0.013590844,0,0,0,0,0,0,0,0,0,0,5,1.241630546
19820.28,0.571737374,0.5,7111,37,0.1871,33.625,35.125,37.17,0,0,0,0,0,20,0.5,0,0,0,0.1,0.1,0.1,0.1,0.1,0.1,0.5,0,21636,0.031105565,0.013449806,0,0,0,0,0,0,0,0,0,0,5,1.362183039
19880.32,0.566391857,0.5,7111,37,0.4419,33.5625,35.125,36.37,0,0.02,0.15,0,0,20,0.5,0,0,0,0.1,0.1,0.1,0.1,0.1,0.1,0.5,0,21921,0.030838009,0.013411797,0,0,0,0,0,0,0,0,0,0,0.44,1.362183039
19940.39,0.494440959,0.5,7111,37,0.567746586,33.375,35.1875,35.89,0,0.019983821,0.149935286,0,0,20,0.5,0,0,0,0.1,0.1,0.1,0.1,0.1,0.1,0.5,0,19470,0.031484335,0.013816127,0,0,0,0,0,0,0,0,0,0,0.44,1.362183039
20000.44,0.446268788,0.5,7111,37,0.567193351,33.3125,35.125,35.97,0,0,0.07,0,0,20,0.5,0,0,0,0.1,0.1,0.1,0.1,0.1,0.1,0.5,0,19036,0.031781887,0.013658332,0,0,0,0,0,0,0,0,0,0,5,1.362183039
20060.51,0.4684378,0.5,7111,37,0.4079,33.5,35.1875,36.87,0,0,0.07,0,0,20,0.5,0,0,0,0.1,0.1,0.1,0.1,0.1,0.1,0.5,0,19607,0.031468353,0.013668588,0,0,0,0,0,0,0,0,0,0,5,1.362183039
20120.58,0.493285796,0.5,7111,37,0.28035,33.75,35.25,37.03,0,0,0.25,0,0,20,0.5,0,0,0,0.1,0.1,0.1,0.1,0.1,0.1,0.5,0,19873,0.031349067,0.01383787,0,0,0,0,0,0,0,0,0,0,5,1.362183039
20180.65,0.491633478,0.5,7111,37,0.1951,33.8125,35.1875,37.55,0,0,0.07,0,0,20,0.5,0,0,0,0.1,0.1,0.1,0.1,0.1,0.1,0.5,0,20961,0.030866848,0.013548972,0,0,0,0,0,0,0,0,0,0,5,1.362183039
20240.71,0.507717303,0.5,7111,37,0.1172,33.875,35.1875,37.69,0,0,0.07,0,0,20,0.5,0,0,0,0.1,0.1,0.1,0.1,0.1,0.1,0.5,0,19392,0.031610974,0.0138717,0,0,0,0,0,0,0,0,0,0,5,1.362183039
20300.77,0.498662576,0.5,7111,37,0.1404,33.875,35.1875,37.29,0,0,0.07,0,0,20,0.5,0,0,0,0.1,0.1,0.1,0.1,0.1,0.1,0.5,0,19438,0.031741949,0.013684535,0,0,0,0,0,0,0,0,0,0,5,1.362183039
20360.82,0.509257553,0.5,7111,37,0.1734,33.8125,35.1875,37.09,0,0,0.07,0,0,20,0.5,0,0,0,0.1,0.1,0.1,0.1,0.1,0.1,0.5,0,20387,0.031294452,0.01358709,0,0,0,0,0,0,0,0,0,0,5,1.357146547
20420.88,0.531342941,0.5,7111,37,0.20245,33.75,35.125,37.11,0,0,0.25,0,0,20,0.5,0,0,0,0.1,0.1,0.1,0.1,0.1,0.1,0.5,0,20634,0.031404478,0.0136183,0,0,0,0,0,0,0,0,0,0,5,1.416650522
20480.94,0.525006284,0.5,7111,37,0.1531,33.625,35.0625,37.33,0,0,0.07,0,0,20,0.5,0,0,0,0.1,0.1,0.1,0.1,0.1,0.1,0.5,0,21465,0.030840904,0.013510366,0,0,0,0,0,0,0,0,0,0,5,1.309825731
20540.99,0.555689792,0.5,7111,37,0.1712,33.625,35.0625,37.27,0,0,0.07,0,0,20,0.5,0,0,0,0.1,0.1,0.1,0.1,0.1,0.1,0.5,0,20207,0.031622705,0.013609145,0,0,0,0,0,0,0,0,0,0,5,1.41473438
20601.05,0.550046444,0.5,7111,37,0.37225,33.5625,35,36.73,0,0.02,0.15,0,0,20,0.5,0,0,0,0.1,0.1,0.1,0.1,0.1,0.1,0.5,0,21003,0.031424082,0.013664715,0,0,0,0,0,0,0,0,0,0,0.44,1.41473438
20661.12,0.491393459,0.5,7111,37,0.57900703,33.25,35,35.85,0,0.017956249,0.141824997,0,0,20,0.5,0,0,0,0.1,0.1,0.1,0.1,0.1,0.1,0.5,0,20214,0.031215989,0.013653903,0,0,0,0,0,0,0,0,0,0,0.44,1.41473438
20721.16,0.423025548,0.5,7111,37,0.62905,33.1875,34.875,35.67,0,0,0.25,0,0,20,0.5,0,0,0,0.1,0.1,0.1,0.1,0.1,0.1,0.5,0,17727,0.032549219,0.013933548,0,0,0,0,0,0,0,0,0,0,5,1.41473438
20781.2,0.45702187,0.5,7111,37,0.4317,33.375,34.875,36.53,0,0,0.07,0,0,20,0.5,0,0,0,0.1,0.1,0.1,0.1,0.1,0.1,0.5,0,18519,0.032075166,0.013823641,0,0,0,0,0,0,0,0,0,0,5,1.41473438
20841.28,0.461649691,0.5,7111,37,0.2172,33.625,34.9375,37.17,0,0,0.07,0,0,20,0.5,0,0,0,0.1,0.1,0.1,0.1,0.1,0.1,0.5,0,18978,0.031562862,0.013805459,0,0,0,0,0,0,0,0,0,0,5,1.41473438
20901.31,0.47525517,0.5,7111,37,0.1658,33.75,34.9375,37.51,0,0,0.07,0,0,20,0.5,0,0,0,0.1,0.1,0.1,0.1,0.1,0.1,0.5,0,19060,0.031636936,0.013798531,0,0,0,0,0,0,0,0,0,0,5,1.41473438
20961.4,0.486865264,0.5,7111,37,0.1682,33.75,35,37.33,0,0,0.07,0,0,20,0.5,0,0,0,0.1,0.1,0.1,0.1,0.1,0.1,0.5,0,19676,0.03151047,0.013620655,0,0,0,0,0,0,0,0,0,0,5,1.41473438
21021.47,0.510885956,0.5,7111,37,0.21215,33.8125,35.0625,37.19,0,0,0.25,0,0,20,0.5,0,0,0,0.1,0.1,0.1,0.1,0.1,0.1,0.5,0,20137,0.031186373,0.013904752,0,0,0,0,0,0,0,0,0,0,5,1.41473438
21081.53,0.503695912,0.5,7111,37,0.1245,33.75,35.0625,37.35,0,0,0.07,0,0,20,0.5,0,0,0,0.1,0.1,0.1,0.1,0.1,0.1,0.5,0,19861,0.031468708,0.013745531,0,0,0,0,0,0,0,0,0,0,5,1.301476709
21141.59,0.514835124,0.5,7111,37,0.222,33.6875,35.1875,37.25,0,0,0.07,0,0,20,0.5,0,0,0,0.1,0.1,0.1,0.1,0.1,0.1,0.5,0,20612,0.031049874,0.013681351,0,0,0,0,0,0,0,0,0,0,5,1.30202477
21201.66,0.503673228,0.5,7111,37,0.1624,33.625,35.125,37.13,0,0,0.07,0,0,20,0.5,0,0,0,0.1,0.1,0.1,0.1,0.1,0.1,0.5,0,19493,0.032062792,0.013748525,0,0,0,0,0,0,0,0,0,0,5,1.171166529
21261.7,0.531439887,0.5,7111,37,0.222,33.625,35.1875,37.19,0,0,0.07,0,0,20,0.5,0,0,0,0.1,0.1,0.1,0.1,0.1,0.1,0.5,0,21347,0.031245608,0.013491357,0,0,0,0,0,0,0,0,0,0,5,1.273595375
21321.74,0.518291575,0.5,7111,37,0.1477,33.625,35.125,37.25,0,0,0,0,0,20,0.5,0,0,0,0.1,0.1,0.1,0.1,0.1,0.1,0.5,0,20049,0.031572647,0.013766273,0,0,0,0,0,0,0,0,0,0,5,1.134759241
21381.78,0.544279064,0.5,7111,37,0.1891,33.5625,35.125,37.21,0,0,0,0,0,20,0.5,0,0,0,0.1,0.1,0.1,0.1,0.1,0.1,0.5,0,20831,0.031299506,0.013537516,0,0,0,0,0,0,0,0,0,0,5,1.224793675
21441.83,0.57467272,0.5,7111,37,0.328875,33.5625,35.1875,36.87,0,0.02,0.15,0,0,20,0.5,0,0,0,0.1,0.1,0.1,0.1,0.1,0.1,0.5,0,20672,0.03187887,0.013690015,0,0,0,0,0,0,0,0,0,0,0.44,1.224793675
21501.9,0.524030411,0.5,7111,37,0.654375,33.3125,35.1875,35.43,0,0.02,0.15,0,0,20,0.5,0,0,0,0.1,0.1,0.1,0.1,0.1,0.1,0.5,0,20627,0.031221215,0.013671402,0,0,0,0,0,0,0,0,0,0,0.44,1.224793675
21561.96,0.470304343,0.5,7111,37,0.729863851,33.25,35.1875,35.27,0,0.018491401,0.143965604,0,0,20,0.5,0,0,0,0.1,0.1,0.1,0.1,0.1,0.1,0.5,0,18325,0.032414734,0.013969986,0,0,0,0,0,0,0,0,0,0,0.44,1.224793675
21622.05,0.411120591,0.5,7111,37,0.59585,33.3125,35.1875,35.93,0,0,0.25,0,0,20,0.5,0,0,0,0.1,0.1,0.1,0.1,0.1,0.1,0.5,0,18101,0.03215292,0.013756146,0,0,0,0,0,0,0,0,0,0,5,1.224793675
21682.08,0.41254207,0.5,7111,37,0.3893,33.5625,35.1875,36.85,0,0,0.07,0,0,20,0.5,0,0,0,0.1,0.1,0.1,0.1,0.1,0.1,0.5,0,18579,0.031971581,0.013725174,0,0,0,0,0,0,0,0,0,0,5,1.224793675
21742.19,0.443940323,0.5,7111,37,0.2224,33.875,35.1875,37.45,0,0,0.07,0,0,20,0.5,0,0,0,0.1,0.1,0.1,0.1,0.1,0.1,0.5,0,18744,0.031850192,0.013871105,0,0,0,0,0,0,0,0,0,0,5,1.224793675
21802.26,0.438944624,0.5,7111,37,0.1871,34,35.25,37.37,0,0,0.07,0,0,20,0.5,0,0,0,0.1,0.1,0.1,0.1,0.1,0.1,0.5,0,17620,0.032519864,0.014131669,0,0,0,0,0,0,0,0,0,0,5,1.224793675
21862.3,0.482653418,0.5,7111,37,0.1921,34,35.1875,37.49,0,0,0.07,0,0,20,0.5,0,0,0,0.1,0.1,0.1,0.1,0.1,0.1,0.5,0,18127,0.032051636,0.013791582,0,0,0,0,0,0,0,0,0,0,5,1.224793675
21922.36,0.454743868,0.5,7111,37,0.21125,34,35.1875,37.25,0,0,0.25,0,0,20,0.5,0,0,0,0.1,0.1,0.1,0.1,0.1,0.1,0.5,0,18572,0.031714409,0.013838036,0,0,0,0,0,0,0,0,0,0,5,1.224793675
21982.41,0.483115107,0.5,7111,37,0.1651,33.9375,35.25,37.59,0,0,0.07,0,0,20,0.5,0,0,0,0.1,0.1,0.1,0.1,0.1,0.1,0.5,0,19786,0.031436369,0.013747094,0,0,0,0,0,0,0,0,0,0,5,1.345115819
22042.5,0.483682965,0.5,7111,37,0.1687,33.875,35.25,37.35,0,0,0.07,0,0,20,0.5,0,0,0,0.1,0.1,0.1,0.1,0.1,0.1,0.5,0,20991,0.030775094,0.013529608,0,0,0,0,0,0,0,0,0,0,5,1.281384189
22102.54,0.4980117,0.5,7111,37,0.1493,33.875,35.1875,37.25,0,0,0.07,0,0,20,0.5,0,0,0,0.1,0.1,0.1,0.1,0.1,0.1,0.5,0,19105,0.031562418,0.01376603,0,0,0,0,0,0,0,0,0,0,5,1.304896704
22162.58,0.502866814,0.5,7111,37,0.1665,33.75,35.3125,37.29,0,0,0.07,0,0,20,0.5,0,0,0,0.1,0.1,0.1,0.1,0.1,0.1,0.5,0,19044,0.031978576,0.013810124,0,0,0,0,0,0,0,0,0,0,5,1.268757212
22222.65,0.515225935,0.5,7111,37,0.1928,33.75,35.1875,37.27,0,0,0,0,0,20,0.5,0,0,0,0.1,0.1,0.1,0.1,0.1,0.1,0.5,0,19827,0.031320926,0.013617794,0,0,0,0,0,0,0,0,0,0,5,1.27815984
22282.71,0.510446804,0.5,7111,37,0.17,33.625,35.125,36.97,0,0,0,0,0,20,0.5,0,0,0,0.1,0.1,0.1,0.1,0.1,0.1,0.5,0,19743,0.031707441,0.013675733,0,0,0,0,0,0,0,0,0,0,5,1.186294591
22342.78,0.53386989,0.5,7111,37,0.1838,33.625,35.0625,37.17,0,0,0,0,0,20,0.5,0,0,0,0.1,0.1,0.1,0.1,0.1,0.1,0.5,0,21461,0.030846652,0.013466288,0,0,0,0,0,0,0,0,0,0,5,1.26157705
22402.82,0.538011326,0.5,7111,37,0.1452,33.5625,35,37.13,0,0,0,0,0,20,0.5,0,0,0,0.1,0.1,0.1,0.1,0.1,0.1,0.5,0,20457,0.03152955,0.013785012,0,0,0,0,0,0,0,0,0,0,5,1.22168056
22462.91,0.561994677,0.5,7111,37,0.166,33.5625,35,36.89,0,0,0,0,0,20,0.5,0,0,0,0.1,0.1,0.1,0.1,0.1,0.1,0.5,0,20132,0.031790185,0.013610173,0,0,0,0,0,0,0,0,0,0,5,1.291434832
22522.98,0.594069705,0.5,7111,37,0.50515,33.5625,35,36.07,0,0.02,0.25,0,0,20,0.5,0,0,0,0.1,0.1,0.1,0.1,0.1,0.1,0.5,0,20313,0.031753065,0.013833506,0,0,0,0,0,0,0,0,0,0,0.44,1.291434832
22583.03,0.479811121,0.5,7111,37,0.54125,33.3125,35,36.05,0,0.02,0.15,0,0,20,0.5,0,0,0,0.1,0.1,0.1,0.1,0.1,0.1,0.5,0,18744,0.032223645,0.013764405,0,0,0,0,0,0,0,0,0,0,0.44,1.291434832
22643.12,0.433763859,0.5,7111,37,0.6845,33.25,34.9375,35.69,0,0,0.07,0,0,20,0.5,0,0,0,0.1,0.1,0.1,0.1,0.1,0.1,0.5,0,18326,0.03192186,0.013860089,0,0,0,0,0,0,0,0,0,0,5,1.291434832
22703.18,0.442416847,0.5,7111,37,0.413,33.4375,35,36.61,0,0,0.07,0,0,20,0.5,0,0,0,0.1,0.1,0.1,0.1,0.1,0.1,0.5,0,19902,0.031454125,0.013616722,0,0,0,0,0,0,0,0,0,0,5,1.291434832
22763.22,0.483916967,0.5,7111,37,0.2839,33.6875,35,37.09,0,0,0.07,0,0,20,0.5,0,0,0,0.1,0.1,0.1,0.1,0.1,0.1,0.5,0,18798,0.031811895,0.013724864,0,0,0,0,0,0,0,0,0,0,5,1.291434832
22823.3,0.481231819,0.5,7111,37,0.17845,33.875,35.0625,37.41,0,0,0.25,0,0,20,0.5,0,0,0,0.1,0.1,0.1,0.1,0.1,0.1,0.5,0,18939,0.03173346,0.013886689,0,0,0,0,0,0,0,0,0,0,5,1.291434832
22883.38,0.480862613,0.5,7111,37,0.1935,33.875,35.125,37.45,0,0,0.07,0,0,20,0.5,0,0,0,0.1,0.1,0.1,0.1,0.1,0.1,0.5,0,19705,0.031362598,0.013752855,0,0,0,0,0,0,0,0,0,0,5,1.291434832
22943.47,0.497575849,0.5,7111,37,0.1409,33.875,35.125,37.41,0,0,0.07,0,0,20,0.5,0,0,0,0.1,0.1,0.1,0.1,0.1,0.1,0.5,0,19333,0.031759168,0.013707133,0,0,0,0,0,0,0,0,0,0,5,1.291434832
23003.5,0.506821025,0.5,7111,37,0.1486,33.8125,35.1875,37.17,0,0,0.07,0,0,20,0.5,0,0,0,0.1,0.1,0.1,0.1,0.1,0.1,0.5,0,20323,0.031097771,0.013433056,0,0,0,0,0,0,0,0,0,0,5,1.28209287
23063.55,0.523235491,0.5,7111,37,0.1693,33.8125,35.1875,37.25,0,0,0.07,0,0,20,0.5,0,0,0,0.1,0.1,0.1,0.1,0.1,0.1,0.5,0,19515,0.031770433,0.013835511,0,0,0,0,0,0,0,0,0,0,5,1.313609325
23123.59,0.528451441,0.5,7111,37,0.24755,33.75,35.25,36.95,0,0,0.25,0,0,20,0.5,0,0,0,0.1,0.1,0.1,0.1,0.1,0.1,0.5,0,20844,0.031184034,0.013577049,0,0,0,0,0,0,0,0,0,0,5,1.277686722
23183.64,0.544837575,0.5,7111,37,0.137,33.6875,35.25,37.21,0,0,0.07,0,0,20,0.5,0,0,0,0.1,0.1,0.1,0.1,0.1,0.1,0.5,0,19999,0.031301565,0.013750688,0,0,0,0,0,0,0,0,0,0,5,1.305412798
23243.68,0.545704479,0.5,7111,37,0.41645,33.6875,35.25,36.49,0,0.02,0.15,0,0,20,0.5,0,0,0,0.1,0.1,0.1,0.1,0.1,0.1,0.5,0,20958,0.03144384,0.013550911,0,0,0,0,0,0,0,0,0,0,0.44,1.305412798
23303.77,0.487071017,0.5,7111,37,0.5144,33.4375,35.25,36.17,0,0.016965929,0.137863715,0,0,20,0.5,0,0,0,0.1,0.1,0.1,0.1,0.1,0.1,0.5,0,19644,0.0315618,0.013795561,0,0,0,0,0,0,0,0,0,0,0.44,1.305412798
23363.83,0.459217016,0.5,7111,37,0.573242079,33.4375,35.25,36.25,0,0,0.07,0,0,20,0.5,0,0,0,0.1,0.1,0.1,0.1,0.1,0.1,0.5,0,18428,0.032125027,0.013837638,0,0,0,0,0,0,0,0,0,0,5,1.305412798
23423.88,0.46513342,0.5,7111,37,0.30065,33.625,35.25,36.95,0,0,0.25,0,0,20,0.5,0,0,0,0.1,0.1,0.1,0.1,0.1,0.1,0.5,0,18263,0.032634288,0.014072168,0,0,0,0,0,0,0,0,0,0,5,1.305412798
23483.93,0.47235183,0.5,7111,37,0.2325,33.75,35.25,37.19,0,0,0.07,0,0,20,0.5,0,0,0,0.1,0.1,0.1,0.1,0.1,0.1,0.5,0,20116,0.031069795,0.013571287,0,0,0,0,0,0,0,0,0,0,5,1.305412798
23543.98,0.489321276,0.5,7111,37,0.1858,33.875,35.3125,37.33,0,0,0.07,0,0,20,0.5,0,0,0,0.1,0.1,0.1,0.1,0.1,0.1,0.5,0,18128,0.032160194,0.013845984,0,0,0,0,0,0,0,0,0,0,5,1.305412798
23604.06,0.503217471,0.5,7111,37,0.1397,33.9375,35.25,37.21,0,0,0.07,0,0,20,0.5,0,0,0,0.1,0.1,0.1,0.1,0.1,0.1,0.5,0,19282,0.031998755,0.013639664,0,0,0,0,0,0,0,0,0,0,5,1.305412798
23664.16,0.512255363,0.5,7111,37,0.1845,33.875,35.1875,37.33,0,0,0.07,0,0,20,0.5,0,0,0,0.1,0.1,0.1,0.1,0.1,0.1,0.5,0,21262,0.030806133,0.013545292,0,0,0,0,0,0,0,0,0,0,5,1.305412798
23724.26,0.534096522,0.5,7111,37,0.18525,33.8125,35.0625,37.21,0,0,0.25,0,0,20,0.5,0,0,0,0.1,0.1,0.1,0.1,0.1,0.1,0.5,0,20634,0.031210623,0.0136183,0,0,0,0,0,0,0,0,0,0,5,1.365402115
23784.32,0.532160582,0.5,7111,37,0.1291,33.75,35.0625,37.25,0,0,0.07,0,0,20,0.5,0,0,0,0.1,0.1,0.1,0.1,0.1,0.1,0.5,0,20818,0.031078874,0.013449899,0,0,0,0,0,0,0,0,0,0,5,1.286238151
23844.4,0.542431337,0.5,7111,37,0.1972,33.6875,35.0625,37.11,0,0,0.07,0,0,20,0.5,0,0,0,0.1,0.1,0.1,0.1,0.1,0.1,0.5,0,20191,0.031449656,0.013669457,0,0,0,0,0,0,0,0,0,0,5,1.279274902
23904.45,0.542261302,0.5,7111,37,0.471225,33.625,35.0625,36.29,0,0.02,0.15,0,0,20,0.5,0,0,0,0.1,0.1,0.1,0.1,0.1,0.1,0.5,0,21652,0.030944024,0.013439867,0,0,0,0,0,0,0,0,0,0,0.44,1.279274902
23964.52,0.488028205,0.5,7111,37,0.473275,33.4375,34.9375,36.21,0,0.016744625,0.136978499,0,0,20,0.5,0,0,0,0.1,0.1,0.1,0.1,0.1,0.1,0.5,0,20366,0.031228518,0.013502897,0,0,0,0,0,0,0,0,0,0,0.44,1.279274902
24024.59,0.48189774,0.5,7111,37,0.574675,33.4375,34.9375,36.05,0,0.02,0.25,0,0,20,0.5,0,0,0,0.1,0.1,0.1,0.1,0.1,0.1,0.5,0,18587,0.03195782,0.013880669,0,0,0,0,0,0,0,0,0,0,0.44,1.279274902
24084.62,0.419172346,0.5,7111,37,0.606125,33.375,34.9375,35.91,0,0,0.07,0,0,20,0.5,0,0,0,0.1,0.1,0.1,0.1,0.1,0.1,0.5,0,18977,0.031775307,0.013806186,0,0,0,0,0,0,0,0,0,0,5,1.279274902
24144.66,0.416067764,0.5,7111,37,0.4116,33.625,34.9375,36.73,0,0,0.07,0,0,20,0.5,0,0,0,0.1,0.1,0.1,0.1,0.1,0.1,0.5,0,18772,0.031589602,0.013797145,0,0,0,0,0,0,0,0,0,0,5,1.279274902
24204.71,0.447868924,0.5,7111,37,0.2409,33.875,34.9375,37.33,0,0,0.07,0,0,20,0.5,0,0,0,0.1,0.1,0.1,0.1,0.1,0.1,0.5,0,18243,0.032067094,0.013758702,0,0,0,0,0,0,0,0,0,0,5,1.279274902
24264.76,0.46548715,0.5,7111,37,0.1271,33.9375,35,37.19,0,0,0.07,0,0,20,0.5,0,0,0,0.1,0.1,0.1,0.1,0.1,0.1,0.5,0,19171,0.031401596,0.013718638,0,0,0,0,0,0,0,0,0,0,5,1.279274902
24324.83,0.460881833,0.5,7111,37,0.18365,33.9375,35.0625,37.37,0,0,0.25,0,0,20,0.5,0,0,0,0.1,0.1,0.1,0.1,0.1,0.1,0.5,0,18988,0.03154624,0.013587529,0,0,0,0,0,0,0,0,0,0,5,1.279274902
24384.89,0.476109916,0.5,7111,37,0.1993,33.9375,35,37.51,0,0,0.07,0,0,20,0.5,0,0,0,0.1,0.1,0.1,0.1,0.1,0.1,0.5,0,18473,0.031884372,0.01380393,0,0,0,0,0,0,0,0,0,0,5,1.279274902
24444.96,0.493325714,0.5,7111,37,0.1105,33.875,35.125,37.49,0,0,0.07,0,0,20,0.5,0,0,0,0.1,0.1,0.1,0.1,0.1,0.1,0.5,0,18425,0.032075984,0.013894166,0,0,0,0,0,0,0,0,0,0,5,1.321873826
24505.04,0.50606897,0.5,7111,37,0.1579,33.8125,35.125,37.21,0,0,0.07,0,0,20,0.5,0,0,0,0.1,0.1,0.1,0.1,0.1,0.1,0.5,0,19981,0.031329763,0.013512837,0,0,0,0,0,0,0,0,0,0,5,1.332290127
24565.13,0.509352314,0.5,7111,37,0.1442,33.75,35.0625,37.19,0,0,0.07,0,0,20,0.5,0,0,0,0.1,0.1,0.1,0.1,0.1,0.1,0.5,0,19970,0.031897847,0.013720581,0,0,0,0,0,0,0,0,0,0,5,1.285076563
24625.21,0.517069558,0.5,7111,37,0.18535,33.6875,35.0625,37.17,0,0,0.25,0,0,20,0.5,0,0,0,0.1,0.1,0.1,0.1,0.1,0.1,0.5,0,20803,0.030957073,0.013363457,0,0,0,0,0,0,0,0,0,0,5,1.26593512
24685.24,0.534270671,0.5,7111,37,0.1616,33.6875,35.0625,37.01,0,0,0,0,0,20,0.5,0,0,0,0.1,0.1,0.1,0.1,0.1,0.1,0.5,0,20528,0.031128215,0.013591193,0,0,0,0,0,0,0,0,0,0,5,1.300813897
24745.34,0.529078863,0.5,7111,37,0.1338,33.625,35.0625,37.33,0,0,0,0,0,20,0.5,0,0,0,0.1,0.1,0.1,0.1,0.1,0.1,0.5,0,19585,0.031861118,0.013939239,0,0,0,0,0,0,0,0,0,0,5,1.206477946
24805.42,0.555354875,0.5,7111,37,0.2011,33.5625,35.0625,37.19,0,0,0,0,0,20,0.5,0,0,0,0.1,0.1,0.1,0.1,0.1,0.1,0.5,0,21330,0.030754805,0.013455227,0,0,0,0,0,0,0,0,0,0,5,1.291563523
24865.5,0.547082232,0.5,7111,37,0.2084,33.5625,35.0625,37.03,0,0.02,0.15,0,0,20,0.5,0,0,0,0.1,0.1,0.1,0.1,0.1,0.1,0.5,0,19808,0.0319063,0.013731826,0,0,0,0,0,0,0,0,0,0,0.44,1.291563523
24925.54,0.498379931,0.5,7111,37,0.6316,33.4375,35.125,35.63,0,0.02,0.25,0,0,20,0.5,0,0,0,0.1,0.1,0.1,0.1,0.1,0.1,0.5,0,19769,0.031362234,0.013505994,0,0,0,0,0,0,0,0,0,0,0.44,1.291563523
24985.58,0.426247119,0.5,7111,37,0.64355,33.3125,35.125,36.01,0,0,0.07,0,0,20,0.5,0,0,0,0.1,0.1,0.1,0.1,0.1,0.1,0.5,0,18503,0.032048857,0.013727504,0,0,0,0,0,0,0,0,0,0,5,1.291563523
25045.65,0.454525154,0.5,7111,37,0.363,33.5625,35.0625,36.65,0,0,0.07,0,0,20,0.5,0,0,0,0.1,0.1,0.1,0.1,0.1,0.1,0.5,0,17665,0.032437022,0.013812624,0,0,0,0,0,0,0,0,0,0,5,1.291563523
25105.72,0.454402711,0.5,7111,37,0.3042,33.75,35.125,37.13,0,0,0.07,0,0,20,0.5,0,0,0,0.1,0.1,0.1,0.1,0.1,0.1,0.5,0,18728,0.031770611,0.013776164,0,0,0,0,0,0,0,0,0,0,5,1.291563523
25165.77,0.469619896,0.5,7111,37,0.2031,33.875,35.125,37.21,0,0,0.07,0,0,20,0.5,0,0,0,0.1,0.1,0.1,0.1,0.1,0.1,0.5,0,19464,0.031391286,0.013614879,0,0,0,0,0,0,0,0,0,0,5,1.291563523
25225.83,0.49200637,0.5,7111,37,0.19825,33.9375,35.125,37.29,0,0,0.25,0,0,20,0.5,0,0,0,0.1,0.1,0.1,0.1,0.1,0.1,0.5,0,18437,0.032000868,0.013722406,0,0,0,0,0,0,0,0,0,0,5,1.291563523
25285.89,0.493936393,0.5,7111,37,0.1621,33.875,35.125,37.53,0,0,0.07,0,0,20,0.5,0,0,0,0.1,0.1,0.1,0.1,0.1,0.1,0.5,0,19045,0.031609346,0.013809399,0,0,0,0,0,0,0,0,0,0,5,1.291563523
25345.97,0.501232623,0.5,7111,37,0.123,33.875,35.1875,37.41,0,0,0.07,0,0,20,0.5,0,0,0,0.1,0.1,0.1,0.1,0.1,0.1,0.5,0,19446,0.031626041,0.013833179,0,0,0,0,0,0,0,0,0,0,5,1.270976027
25406.05,0.509354802,0.5,7111,37,0.1663,33.8125,35.125,37.21,0,0,0.07,0,0,20,0.5,0,0,0,0.1,0.1,0.1,0.1,0.1,0.1,0.5,0,19756,0.031484106,0.013818587,0,0,0,0,0,0,0,0,0,0,5,1.255650787
25466.1,0.531601113,0.5,7111,37,0.1776,33.75,35.125,37.17,0,0,0.07,0,0,20,0.5,0,0,0,0.1,0.1,0.1,0.1,0.1,0.1,0.5,0,19160,0.032098121,0.013830898,0,0,0,0,0,0,0,0,0,0,5,1.321114017
25526.18,0.546610141,0.5,7111,37,0.23525,33.6875,35.0625,36.95,0,0,0.25,0,0,20,0.5,0,0,0,0.1,0.1,0.1,0.1,0.1,0.1,0.5,0,18999,0.031843781,0.013790199,0,0,0,0,0,0,0,0,0,0,5,1.338585531
25586.21,0.542317473,0.5,7111,37,0.1353,33.625,35,37.09,0,0.02,0.15,0,0,20,0.5,0,0,0,0.1,0.1,0.1,0.1,0.1,0.1,0.5,0,21483,0.031047805,0.013638691,0,0,0,0,0,0,0,0,0,0,0.44,1.338585531
25646.28,0.487106229,0.5,7111,37,0.5025,33.375,34.9375,36.33,0,0.016632782,0.136531129,0,0,20,0.5,0,0,0,0.1,0.1,0.1,0.1,0.1,0.1,0.5,0,19015,0.032237707,0.013936366,0,0,0,0,0,0,0,0,0,0,0.44,1.338585531
25706.35,0.45651133,0.5,7111,37,0.523113038,33.375,34.9375,36.37,0,0,0.07,0,0,20,0.5,0,0,0,0.1,0.1,0.1,0.1,0.1,0.1,0.5,0,19189,0.031684819,0.013809995,0,0,0,0,0,0,0,0,0,0,5,1.338585531
25766.4,0.48899311,0.5,7111,37,0.2482,33.5625,34.9375,36.85,0,0,0.07,0,0,20,0.5,0,0,0,0.1,0.1,0.1,0.1,0.1,0.1,0.5,0,17196,0.032972784,0.014131193,0,0,0,0,0,0,0,0,0,0,5,1.338585531
25826.48,0.492628416,0.5,7111,37,0.25555,33.6875,34.9375,37.05,0,0,0.25,0,0,20,0.5,0,0,0,0.1,0.1,0.1,0.1,0.1,0.1,0.5,0,18964,0.031691626,0.013868382,0,0,0,0,0,0,0,0,0,0,5,1.338585531
25886.55,0.504773261,0.5,7111,37,0.1753,33.6875,34.9375,37.11,0,0,0.07,0,0,20,0.5,0,0,0,0.1,0.1,0.1,0.1,0.1,0.1,0.5,0,18541,0.032198911,0.014022976,0,0,0,0,0,0,0,0,0,0,5,1.338585531
25946.61,0.513340677,0.5,7111,37,0.1448,33.75,34.9375,37.43,0,0,0.07,0,0,20,0.5,0,0,0,0.1,0.1,0.1,0.1,0.1,0.1,0.5,0,20682,0.030896432,0.013586694,0,0,0,0,0,0,0,0,0,0,5,1.338585531
26006.66,0.547976209,0.5,7111,37,0.1575,33.75,34.9375,37.45,0,0,0.07,0,0,20,0.5,0,0,0,0.1,0.1,0.1,0.1,0.1,0.1,0.5,0,20202,0.031531532,0.013612514,0,0,0,0,0,0,0,0,0,0,5,1.338585531
26066.72,0.524144914,0.5,7111,37,0.1697,33.6875,34.9375,37.03,0,0,0.07,0,0,20,0.5,0,0,0,0.1,0.1,0.1,0.1,0.1,0.1,0.5,0,19426,0.032224853,0.013795944,0,0,0,0,0,0,0,0,0,0,5,1.138265239
26126.79,0.528333814,0.5,7111,37,0.23295,33.625,35.0625,36.97,0,0,0.25,0,0,20,0.5,0,0,0,0.1,0.1,0.1,0.1,0.1,0.1,0.5,0,20113,0.031372744,0.013672749,0,0,0,0,0,0,0,0,0,0,5,1.105232304
26186.84,0.552684956,0.5,7111,37,0.1539,33.5625,35.0625,37.13,0,0,0.07,0,0,20,0.5,0,0,0,0.1,0.1,0.1,0.1,0.1,0.1,0.5,0,18963,0.032115172,0.013763645,0,0,0,0,0,0,0,0,0,0,5,1.185150181
26246.88,0.550984092,0.5,7111,37,0.1956,33.5625,35.0625,37.19,0,0.02,0.15,0,0,20,0.5,0,0,0,0.1,0.1,0.1,0.1,0.1,0.1,0.5,0,20263,0.031436609,0.013719587,0,0,0,0,0,0,0,0,0,0,0.44,1.185150181
26306.95,0.499000752,0.5,7111,37,0.515675,33.375,35.0625,36.29,0,0.019023778,0.14609511,0,0,20,0.5,0,0,0,0.1,0.1,0.1,0.1,0.1,0.1,0.5,0,20967,0.030953403,0.013449707,0,0,0,0,0,0,0,0,0,0,0.44,1.185150181
26367,0.445993622,0.5,7111,37,0.616850684,33.3125,35.125,35.97,0,0,0.07,0,0,20,0.5,0,0,0,0.1,0.1,0.1,0.1,0.1,0.1,0.5,0,19140,0.031556949,0.013636364,0,0,0,0,0,0,0,0,0,0,5,1.185150181
26427.08,0.465576798,0.5,7111,37,0.33475,33.5625,35.125,36.87,0,0,0.25,0,0,20,0.5,0,0,0,0.1,0.1,0.1,0.1,0.1,0.1,0.5,0,18797,0.031866787,0.013885194,0,0,0,0,0,0,0,0,0,0,5,1.185150181
26487.13,0.486589902,0.5,7111,37,0.1883,33.8125,35.125,37.49,0,0,0.07,0,0,20,0.5,0,0,0,0.1,0.1,0.1,0.1,0.1,0.1,0.5,0,19722,0.031234155,0.013588886,0,0,0,0,0,0,0,0,0,0,5,1.185150181
26547.18,0.482803843,0.5,7111,37,0.1206,33.9375,35.125,37.35,0,0,0.07,0,0,20,0.5,0,0,0,0.1,0.1,0.1,0.1,0.1,0.1,0.5,0,19045,0.03192439,0.013651877,0,0,0,0,0,0,0,0,0,0,5,1.185150181
26607.25,0.492649387,0.5,7111,37,0.1948,33.8125,35.125,37.49,0,0,0.07,0,0,20,0.5,0,0,0,0.1,0.1,0.1,0.1,0.1,0.1,0.5,0,20688,0.03108082,0.01363109,0,0,0,0,0,0,0,0,0,0,5,1.185150181
26667.28,0.506226326,0.5,7111,37,0.1628,33.875,35.125,37.35,0,0,0.07,0,0,20,0.5,0,0,0,0.1,0.1,0.1,0.1,0.1,0.1,0.5,0,20321,0.031199252,0.013434378,0,0,0,0,0,0,0,0,0,0,5,1.185150181
26727.33,0.516612841,0.5,7111,37,0.21825,33.8125,35.125,37.09,0,0,0.25,0,0,20,0.5,0,0,0,0.1,0.1,0.1,0.1,0.1,0.1,0.5,0,18871,0.031953792,0.013883737,0,0,0,0,0,0,0,0,0,0,5,1.186822327
26787.37,0.53345554,0.5,7111,37,0.1904,33.75,35.125,37.13,0,0,0.07,0,0,20,0.5,0,0,0,0.1,0.1,0.1,0.1,0.1,0.1,0.5,0,18727,0.032199498,0.0137769,0,0,0,0,0,0,0,0,0,0,5,1.223727191
26847.42,0.546871514,0.5,7111,37,0.1237,33.6875,35.125,37.27,0,0,0.07,0,0,20,0.5,0,0,0,0.1,0.1,0.1,0.1,0.1,0.1,0.5,0,19166,0.032035897,0.013930919,0,0,0,0,0,0,0,0,0,0,5,1.237055287
26907.5,0.534462665,0.5,7111,37,0.1677,33.625,35.0625,37.09,0,0,0.07,0,0,20,0.5,0,0,0,0.1,0.1,0.1,0.1,0.1,0.1,0.5,0,20490,0.03113714,0.013616398,0,0,0,0,0,0,0,0,0,0,5,1.106346506
26967.57,0.56379338,0.5,7111,37,0.1732,33.5625,35.0625,37.13,0,0,0,0,0,20,0.5,0,0,0,0.1,0.1,0.1,0.1,0.1,0.1,0.5,0,21361,0.030850616,0.013622958,0,0,0,0,0,0,0,0,0,0,5,1.211307058
27027.64,0.575056365,0.5,7111,37,0.36365,33.5625,35,36.77,0,0.02,0.25,0,0,20,0.5,0,0,0,0.1,0.1,0.1,0.1,0.1,0.1,0.5,0,21560,0.030890538,0.013589981,0,0,0,0,0,0,0,0,0,0,0.44,1.211307058
27087.68,0.513944918,0.5,7111,37,0.4961,33.4375,34.9375,36.37,0,0.02,0.15,0,0,20,0.5,0,0,0,0.1,0.1,0.1,0.1,0.1,0.1,0.5,0,19216,0.03179642,0.013686511,0,0,0,0,0,0,0,0,0,0,0.44,1.211307058
27147.73,0.448936978,0.5,7111,37,0.624225,33.25,34.9375,35.81,0,0.002000992,0.078003968,0,0,20,0.5,0,0,0,0.1,0.1,0.1,0.1,0.1,0.1,0.5,0,19660,0.031586979,0.013733469,0,0,0,0,0,0,0,0,0,0,0.44,1.211307058
27207.81,0.45446146,0.5,7111,37,0.416666499,33.5,34.9375,36.55,0,0,0.07,0,0,20,0.5,0,0,0,0.1,0.1,0.1,0.1,0.1,0.1,0.5,0,18005,0.032268814,0.013773952,0,0,0,0,0,0,0,0,0,0,5,1.211307058
27267.88,0.476751445,0.5,7111,37,0.2515,33.75,34.9375,37.17,0,0,0.07,0,0,20,0.5,0,0,0,0.1,0.1,0.1,0.1,0.1,0.1,0.5,0,19824,0.031224778,0.013670299,0,0,0,0,0,0,0,0,0,0,5,1.211307058
27327.96,0.482126376,0.5,7111,37,0.23525,33.8125,34.9375,37.19,0,0,0.25,0,0,20,0.5,0,0,0,0.1,0.1,0.1,0.1,0.1,0.1,0.5,0,18123,0.032389781,0.013849804,0,0,0,0,0,0,0,0,0,0,5,1.211307058
27388,0.502875676,0.5,7111,37,0.1529,33.875,35,37.41,0,0,0.07,0,0,20,0.5,0,0,0,0.1,0.1,0.1,0.1,0.1,0.1,0.5,0,19391,0.031561033,0.013614563,0,0,0,0,0,0,0,0,0,0,5,1.211307058
27448.09,0.494536341,0.5,7111,37,0.1588,33.875,35.0625,37.29,0,0,0.07,0,0,20,0.5,0,0,0,0.1,0.1,0.1,0.1,0.1,0.1,0.5,0,18942,0.032045191,0.013831697,0,0,0,0,0,0,0,0,0,0,5,1.211307058
27508.14,0.52886626,0.5,7111,37,0.1795,33.8125,35.0625,37.25,0,0,0.07,0,0,20,0.5,0,0,0,0.1,0.1,0.1,0.1,0.1,0.1,0.5,0,19345,0.031636082,0.013802016,0,0,0,0,0,0,0,0,0,0,5,1.211307058
27568.17,0.53635537,0,7111,37,0.1266,33.8125,35.0625,37.17,0,0,0,0,0,20,0.5,0,0,0,0.1,0.1,0.1,0.1,0.1,0.1,0.5,0,19443,0.031630921,0.013886746,0,0,0,0,0,0,0,0,0,0,5,1.211307058
27628.21,0.540700283,0,7111,37,0.1243,33.75,35.0625,37.11,0,0,0,0,0,20,0.5,0,0,0,0.1,0.1,0.1,0.1,0.1,0.1,0.5,0,19841,0.031954035,0.01396099,0,0,0,0,0,0,0,0,0,0,5,1.211307058
27688.29,0.551819599,0,7111,37,0.1592,33.75,35.0625,37.05,0,0,0,0,0,20,0.5,0,0,0,0.1,0.1,0.1,0.1,0.1,0.1,0.5,0,21693,0.030701148,0.013644955,0,0,0,0,0,0,0,0,0,0,5,1.211307058
27748.36,0.573345175,0,7111,37,0.1953,33.6875,35.125,37.17,0,0,0,0,0,20,0.5,0,0,0,0.1,0.1,0.1,0.1,0.1,0.1,0.5,0,20644,0.031631467,0.013757024,0,0,0,0,0,0,0,0,0,0,5,1.211307058
27808.45,0.56290139,0,7111,37,0.1814,33.75,35.125,36.97,0,0,0,0,0,20,0.5,5.5,0,0,0.1,0.1,0.1,0.1,0.1,0.1,0.5,0,20043,0.031582098,0.013870179,0,0,0,0,0,0,0,0,0,0,5,1.211307058
27868.52,0.554578121,0.5,7111,37,0.3052,33.5625,35.1875,36.65,0,0.02,0.15,0,0,20,0.5,5.5,0,0,0.1,0.1,0.1,0.1,0.1,0.1,0.5,0,19593,0.031848109,0.013984586,0,0,0,0,0,0,0,0,0,0,0.44,1.211307058
27928.6,0.55895417,0.5,7111,37,0.390075,33.625,35.1875,36.69,0,0.02,0.25,0,0,20,0.5,5.5,0,0,0.1,0.1,0.1,0.1,0.1,0.1,0.5,0,20294,0.031684242,0.013846457,0,0,0,0,0,0,0,0,0,0,0.44,1.211307058
27988.66,0.580556173,0.5,7111,37,0.257125,33.6875,35.1875,37.17,0,0.02,0.15,0,0,20,0.5,5.5,0,0,0.1,0.1,0.1,0.1,0.1,0.1,0.5,0,20739,0.031583008,0.013838661,0,0,0,0,0,0,0,0,0,0,0.44,1.211307058
28048.71,0.546157741,0.5,7111,37,0.349925,33.6875,35.25,36.87,0,0.02,0.15,0,0,20,0.5,5.5,0,0,0.1,0.1,0.1,0.1,0.1,0.1,0.5,0,20918,0.030834688,0.013433407,0,0,0,0,0,0,0,0,0,0,0.44,1.211307058
28108.74,0.480428797,0.5,7111,37,0.5229,33.625,35.1875,36.29,0,0.02,0.15,0,0,20,0.5,5.5,0,0,0.1,0.1,0.1,0.1,0.1,0.1,0.5,0,19648,0.031555375,0.013538274,0,0,0,0,0,0,0,0,0,0,0.44,1.211307058
28168.79,0.429988911,0.5,7111,37,0.613025,33.625,35.1875,35.97,0,0,0.07,0,0,20,0.5,5.5,0,0,0.1,0.1,0.1,0.1,0.1,0.1,0.5,0,17793,0.032372281,0.013994267,0,0,0,0,0,0,0,0,0,0,5,1.211307058
28228.84,0.445678065,0.5,7111,37,0.39275,33.8125,35.25,36.71,0,0,0.25,0,0,20,0.5,5.5,0,0,0.1,0.1,0.1,0.1,0.1,0.1,0.5,0,17947,0.032484538,0.013762746,0,0,0,0,0,0,0,0,0,0,5,1.211307058
28288.9,0.461409223,0.5,7111,37,0.1904,34,35.125,37.45,0,0,0.07,0,0,20,0.5,5.5,0,0,0.1,0.1,0.1,0.1,0.1,0.1,0.5,0,18721,0.032156402,0.013941563,0,0,0,0,0,0,0,0,0,0,5,1.211307058
28348.96,0.47579383,0.5,7111,37,0.1757,34.125,35.125,37.49,0,0,0.07,0,0,20,0.5,5.5,0,0,0.1,0.1,0.1,0.1,0.1,0.1,0.5,0,17930,0.032682655,0.013998885,0,0,0,0,0,0,0,0,0,0,5,1.211307058
28409.02,0.497426334,0.5,7111,37,0.1583,34.1875,35.0625,37.49,0,0,0.07,0,0,20,0.5,5.5,0,0,0.1,0.1,0.1,0.1,0.1,0.1,0.5,0,18222,0.032817473,0.013884316,0,0,0,0,0,0,0,0,0,0,5,1.211307058
28469.1,0.496053794,0.5,7111,37,0.1162,34.125,35,37.55,0,0,0.07,0,0,20,0.5,5.5,0,0,0.1,0.1,0.1,0.1,0.1,0.1,0.5,0,19743,0.031960695,0.013777035,0,0,0,0,0,0,0,0,0,0,5,1.211307058
28529.16,0.493810701,0.5,7111,37,0.20255,34,35,37.19,0,0,0.25,0,0,20,0.5,5.5,0,0,0.1,0.1,0.1,0.1,0.1,0.1,0.5,0,19084,0.032540348,0.013990778,0,0,0,0,0,0,0,0,0,0,5,1.137145319
28589.2,0.518923095,0.5,7111,37,0.1626,33.9375,34.9375,37.09,0,0,0.07,0,0,20,0.5,5.5,0,0,0.1,0.1,0.1,0.1,0.1,0.1,0.5,0,19170,0.032707355,0.013980177,0,0,0,0,0,0,0,0,0,0,5,1.22909839
28649.27,0.520121519,0.5,7111,37,0.1671,33.875,35,37.19,0,0,0.07,0,0,20,0.5,5.5,0,0,0.1,0.1,0.1,0.1,0.1,0.1,0.5,0,20131,0.032139486,0.013958571,0,0,0,0,0,0,0,0,0,0,5,1.174563814
28709.36,0.538174608,0.5,7111,37,0.2161,33.8125,35,37.27,0,0,0.07,0,0,20,0.5,5.5,0,0,0.1,0.1,0.1,0.1,0.1,0.1,0.5,0,19767,0.032427784,0.013861486,0,0,0,0,0,0,0,0,0,0,5,1.218197373
28769.44,0.529987341,0.5,7111,37,0.1745,33.8125,35,37.05,0,0,0,0,0,20,0.5,5.5,0,0,0.1,0.1,0.1,0.1,0.1,0.1,0.5,0,20502,0.03243586,0.013852307,0,0,0,0,0,0,0,0,0,0,5,1.111297697
28829.52,0.554300944,0.5,7111,37,0.1484,33.6875,35.0625,37.01,0,0,0,0,0,20,0.5,5.5,0,0,0.1,0.1,0.1,0.1,0.1,0.1,0.5,0,20007,0.032938472,0.014095067,0,0,0,0,0,0,0,0,0,0,5,1.190296728
28889.6,0.563195001,0.5,7111,37,0.1969,33.6875,35.125,37.09,0,0.02,0.15,0,0,20,0.5,5.5,0,0,0.1,0.1,0.1,0.1,0.1,0.1,0.5,0,20999,0.03257298,0.013714939,0,0,0,0,0,0,0,0,0,0,0.44,1.190296728
28949.67,0.544504387,0.5,7111,37,0.45635,33.5,35.125,36.31,0,0.02,0.15,0,0,20,0.5,5.5,0,0,0.1,0.1,0.1,0.1,0.1,0.1,0.5,0,19570,0.033367399,0.014052121,0,0,0,0,0,0,0,0,0,0,0.44,1.190296728
29009.71,0.475318092,0.5,7111,37,0.59565,33.375,35.1875,36.07,0,0.02,0.15,0,0,20,0.5,5.5,0,0,0.1,0.1,0.1,0.1,0.1,0.1,0.5,0,18711,0.033135589,0.014109347,0,0,0,0,0,0,0,0,0,0,0.44,1.190296728
29069.77,0.413600545,0.5,7111,37,0.637625,33.5,35.1875,35.99,0,0,0.07,0,0,20,0.5,5.5,0,0,0.1,0.1,0.1,0.1,0.1,0.1,0.5,0,18145,0.034058969,0.014329016,0,0,0,0,0,0,0,0,0,0,5,1.190296728
29129.82,0.423210425,0.5,7111,37,0.33045,33.6875,35.1875,36.97,0,0,0.25,0,0,20,0.5,5.5,0,0,0.1,0.1,0.1,0.1,0.1,0.1,0.5,0,18766,0.033518065,0.014281147,0,0,0,0,0,0,0,0,0,0,5,1.190296728
29189.88,0.44270499,0.5,7111,37,0.2355,33.875,35.1875,37.35,0,0,0.07,0,0,20,0.5,5.5,0,0,0.1,0.1,0.1,0.1,0.1,0.1,0.5,0,18149,0.034161662,0.014380958,0,0,0,0,0,0,0,0,0,0,5,1.190296728
29249.98,0.47229113,0.5,7111,37,0.1328,34,35.125,37.49,0,0,0.07,0,0,20,0.5,5.5,0,0,0.1,0.1,0.1,0.1,0.1,0.1,0.5,0,18211,0.03442974,0.014441821,0,0,0,0,0,0,0,0,0,0,5,1.190296728
29310.03,0.481758587,0.5,7111,37,0.1557,34.0625,35.125,37.43,0,0,0.07,0,0,20,0.5,5.5,0,0,0.1,0.1,0.1,0.1,0.1,0.1,0.5,0,19145,0.034317054,0.014311831,0,0,0,0,0,0,0,0,0,0,5,1.190296728
29370.1,0.473039465,0.5,7111,37,0.136,34,35.0625,37.51,0,0,0.07,0,0,20,0.5,5.5,0,0,0.1,0.1,0.1,0.1,0.1,0.1,0.5,0,18835,0.034616406,0.0144412,0,0,0,0,0,0,0,0,0,0,5,1.190296728
29430.16,0.480548721,0.5,7111,37,0.19085,33.9375,35.0625,37.25,0,0,0.25,0,0,20,0.5,5.5,0,0,0.1,0.1,0.1,0.1,0.1,0.1,0.5,0,19359,0.034609226,0.014256935,0,0,0,0,0,0,0,0,0,0,5,1.178031292
29490.2,0.492125378,0.5,7111,37,0.1818,33.875,34.9375,37.25,0,0,0.07,0,0,20,0.5,5.5,0,0,0.1,0.1,0.1,0.1,0.1,0.1,0.5,0,19077,0.035173245,0.014362845,0,0,0,0,0,0,0,0,0,0,5,1.190544421
29550.27,0.524453132,0.5,7111,37,0.1669,33.8125,34.9375,37.37,0,0,0.07,0,0,20,0.5,5.5,0,0,0.1,0.1,0.1,0.1,0.1,0.1,0.5,0,19178,0.035144436,0.014495776,0,0,0,0,0,0,0,0,0,0,5,1.321884845
29610.32,0.51096551,0.5,7111,37,0.1503,33.75,34.9375,37.21,0,0,0.07,0,0,20,0.5,5.5,0,0,0.1,0.1,0.1,0.1,0.1,0.1,0.5,0,19030,0.03583815,0.014503416,0,0,0,0,0,0,0,0,0,0,5,1.177628684
29670.39,0.521464756,0.5,7111,37,0.1996,33.625,34.9375,37.11,0,0,0,0,0,20,0.5,5.5,0,0,0.1,0.1,0.1,0.1,0.1,0.1,0.5,0,19459,0.035818901,0.014389229,0,0,0,0,0,0,0,0,0,0,5,1.179766037
29730.43,0.532120692,0.5,7111,37,0.2119,33.625,35,37.27,0,0,0,0,0,20,0.5,5.5,0,0,0.1,0.1,0.1,0.1,0.1,0.1,0.5,0,19519,0.036067421,0.01465239,0,0,0,0,0,0,0,0,0,0,5,1.181463652
29790.51,0.542592868,0.5,7111,37,0.1297,33.625,35,37.21,0,0,0,0,0,20,0.5,5.5,0,0,0.1,0.1,0.1,0.1,0.1,0.1,0.5,0,21193,0.035200302,0.014485915,0,0,0,0,0,0,0,0,0,0,5,1.180857254
29850.58,0.568678231,0.5,7111,37,0.2067,33.5625,35,36.97,0,0.02,0.15,0,0,20,0.5,5.5,0,0,0.1,0.1,0.1,0.1,0.1,0.1,0.5,0,21517,0.035367384,0.014500163,0,0,0,0,0,0,0,0,0,0,0.44,1.180857254
29910.64,0.499972388,0.5,7111,37,0.5277,33.375,35.125,36.09,0,0.02,0.15,0,0,20,0.5,5.5,0,0,0.1,0.1,0.1,0.1,0.1,0.1,0.5,0,19361,0.036413408,0.014720314,0,0,0,0,0,0,0,0,0,0,0.44,1.180857254
29970.7,0.434440624,0.5,7111,37,0.59185,33.3125,35.0625,35.91,0,0,0.07,0,0,20,0.5,5.5,0,0,0.1,0.1,0.1,0.1,0.1,0.1,0.5,0,18710,0.036664885,0.014644575,0,0,0,0,0,0,0,0,0,0,5,1.180857254
30030.74,0.448405086,0.5,7111,37,0.32435,33.5,35.125,36.89,0,0,0.25,0,0,20,0.5,5.5,0,0,0.1,0.1,0.1,0.1,0.1,0.1,0.5,0,18990,0.036861506,0.014691943,0,0,0,0,0,0,0,0,0,0,5,1.180857254
30090.79,0.473897056,0.5,7111,37,0.2041,33.75,35.125,37.17,0,0,0.07,0,0,20,0.5,5.5,0,0,0.1,0.1,0.1,0.1,0.1,0.1,0.5,0,17470,0.038122496,0.015226102,0,0,0,0,0,0,0,0,0,0,5,1.180857254
30150.87,0.469922478,0.5,7111,37,0.1215,33.875,35.125,37.37,0,0,0.07,0,0,20,0.5,5.5,0,0,0.1,0.1,0.1,0.1,0.1,0.1,0.5,0,18935,0.037549511,0.014787431,0,0,0,0,0,0,0,0,0,0,5,1.180857254
30210.92,0.500189784,0.5,7111,37,0.1427,33.875,35.1875,37.45,0,0,0.07,0,0,20,0.5,5.5,0,0,0.1,0.1,0.1,0.1,0.1,0.1,0.5,0,19639,0.037018178,0.014766536,0,0,0,0,0,0,0,0,0,0,5,1.180857254
30270.97,0.50646707,0.5,7111,37,0.131,33.875,35.1875,37.19,0,0,0.07,0,0,20,0.5,5.5,0,0,0.1,0.1,0.1,0.1,0.1,0.1,0.5,0,19022,0.038218904,0.015087793,0,0,0,0,0,0,0,0,0,0,5,1.180857254
30331.02,0.503455588,0.5,7111,37,0.1779,33.8125,35.1875,37.27,0,0,0.25,0,0,20,0.5,5.5,0,0,0.1,0.1,0.1,0.1,0.1,0.1,0.5,0,19421,0.038154575,0.014829308,0,0,0,0,0,0,0,0,0,0,5,1.103922975
30391.07,0.516985414,0.5,7111,37,0.1233,33.8125,35.1875,37.21,0,0,0.07,0,0,20,0.5,5.5,0,0,0.1,0.1,0.1,0.1,0.1,0.1,0.5,0,18946,0.038688905,0.015095535,0,0,0,0,0,0,0,0,0,0,5,1.128284307
30451.12,0.522684278,0.5,7111,37,0.1361,33.75,35.1875,37.21,0,0,0.07,0,0,20,0.5,5.5,0,0,0.1,0.1,0.1,0.1,0.1,0.1,0.5,0,19214,0.039242219,0.015197252,0,0,0,0,0,0,0,0,0,0,5,1.104758926
30511.18,0.529598484,0.5,7111,37,0.2193,33.6875,35.1875,37.11,0,0,0.07,0,0,20,0.5,5.5,0,0,0.1,0.1,0.1,0.1,0.1,0.1,0.5,0,20651,0.038206382,0.014866108,0,0,0,0,0,0,0,0,0,0,5,1.088945584
30571.25,0.560891859,0.5,7111,37,0.175,33.625,35.1875,37.13,0,0,0,0,0,20,0.5,5.5,0,0,0.1,0.1,0.1,0.1,0.1,0.1,0.5,0,20114,0.038878393,0.015263001,0,0,0,0,0,0,0,0,0,0,5,1.206725248
30631.32,0.560941176,0.5,7111,37,0.2132,33.625,35.125,37.03,0,0.02,0.25,0,0,20,0.5,5.5,0,0,0.1,0.1,0.1,0.1,0.1,0.1,0.5,0,21104,0.038855193,0.015163002,0,0,0,0,0,0,0,0,0,0,0.44,1.206725248
30691.38,0.491509394,0.5,7111,37,0.54175,33.375,35.0625,36.05,0,0.019059555,0.146238221,0,0,20,0.5,5.5,0,0,0.1,0.1,0.1,0.1,0.1,0.1,0.5,0,19538,0.038949739,0.0150476,0,0,0,0,0,0,0,0,0,0,0.44,1.206725248
30751.43,0.452921552,0.5,7111,37,0.59623541,33.3125,35.0625,35.69,0,0,0.07,0,0,20,0.5,5.5,0,0,0.1,0.1,0.1,0.1,0.1,0.1,0.5,0,19274,0.038808758,0.014890526,0,0,0,0,0,0,0,0,0,0,5,1.206725248
30811.48,0.443647027,0.5,7111,37,0.3979,33.5625,35,36.73,0,0,0.07,0,0,20,0.5,5.5,0,0,0.1,0.1,0.1,0.1,0.1,0.1,0.5,0,18548,0.039680828,0.015365538,0,0,0,0,0,0,0,0,0,0,5,1.206725248
30871.52,0.468624994,0.5,7111,37,0.2543,33.8125,35,37.19,0,0,0.07,0,0,20,0.5,5.5,0,0,0.1,0.1,0.1,0.1,0.1,0.1,0.5,0,18825,0.039575033,0.015192563,0,0,0,0,0,0,0,0,0,0,5,1.206725248
30931.56,0.465659334,0.5,7111,37,0.2271,33.875,35,37.27,0,0,0.25,0,0,20,0.5,5.5,0,0,0.1,0.1,0.1,0.1,0.1,0.1,0.5,0,19677,0.039284444,0.015093764,0,0,0,0,0,0,0,0,0,0,5,1.206725248
30991.59,0.488537668,0.5,7111,37,0.1571,33.9375,34.9375,37.41,0,0,0.07,0,0,20,0.5,5.5,0,0,0.1,0.1,0.1,0.1,0.1,0.1,0.5,0,18902,0.040524812,0.015712623,0,0,0,0,0,0,0,0,0,0,5,1.206725248
31051.64,0.495292239,0.5,7111,37,0.1921,33.875,34.875,37.33,0,0,0.07,0,0,20,0.5,5.5,0,0,0.1,0.1,0.1,0.1,0.1,0.1,0.5,0,18639,0.04136488,0.015719727,0,0,0,0,0,0,0,0,0,0,5,1.206725248
31111.68,0.500468823,0.5,7111,37,0.1598,33.875,34.9375,37.45,0,0,0.07,0,0,20,0.5,5.5,0,0,0.1,0.1,0.1,0.1,0.1,0.1,0.5,0,19821,0.040462136,0.015236365,0,0,0,0,0,0,0,0,0,0,5,1.177580995
31171.72,0.516785738,0.5,7111,37,0.2044,33.8125,34.875,37.33,0,0,0.07,0,0,20,0.5,5.5,0,0,0.1,0.1,0.1,0.1,0.1,0.1,0.5,0,19382,0.041430193,0.015581467,0,0,0,0,0,0,0,0,0,0,5,1.214951093
31231.77,0.524647154,0.5,7111,37,0.1451,33.75,34.875,37.25,0,0,0.25,0,0,20,0.5,5.5,0,0,0.1,0.1,0.1,0.1,0.1,0.1,0.5,0,20275,0.040739827,0.015339088,0,0,0,0,0,0,0,0,0,0,5,1.199496318
31291.81,0.52572778,0.5,7111,37,0.1882,33.6875,34.875,37.21,0,0,0.07,0,0,20,0.5,5.5,0,0,0.1,0.1,0.1,0.1,0.1,0.1,0.5,0,20748,0.04048583,0.015326778,0,0,0,0,0,0,0,0,0,0,5,1.14569431
31351.88,0.544742067,0.5,7111,37,0.1351,33.625,34.875,37.25,0,0,0,0,0,20,0.5,5.5,0,0,0.1,0.1,0.1,0.1,0.1,0.1,0.5,0,20706,0.040906018,0.015454458,0,0,0,0,0,0,0,0,0,0,5,1.194996175
31411.96,0.563075433,0.5,7111,37,0.2292,33.5625,35,37.19,0,0.02,0.15,0,0,20,0.5,5.5,0,0,0.1,0.1,0.1,0.1,0.1,0.1,0.5,0,19070,0.043261668,0.016203461,0,0,0,0,0,0,0,0,0,0,0.44,1.194996175
31472.02,0.507959189,0.5,7111,37,0.4856,33.4375,35.0625,36.21,0,0.02,0.15,0,0,20,0.5,5.5,0,0,0.1,0.1,0.1,0.1,0.1,0.1,0.5,0,18252,0.043282928,0.016272189,0,0,0,0,0,0,0,0,0,0,0.44,1.194996175
31532.08,0.444497357,0.5,7111,37,0.607375,33.3125,35.125,35.99,0,0.001317187,0.25,0,0,20,0.5,5.5,0,0,0.1,0.1,0.1,0.1,0.1,0.1,0.5,0,17978,0.042996996,0.016019579,0,0,0,0,0,0,0,0,0,0,0.44,1.194996175
31592.14,0.445857983,0.5,7111,37,0.435729041,33.5,35.125,36.61,0,0,0.07,0,0,20,0.5,5.5,0,0,0.1,0.1,0.1,0.1,0.1,0.1,0.5,0,18953,0.041734818,0.01561758,0,0,0,0,0,0,0,0,0,0,5,1.194996175
31652.18,0.461774641,0.5,7111,37,0.2442,33.6875,35.0625,37.17,0,0,0.07,0,0,20,0.5,5.5,0,0,0.1,0.1,0.1,0.1,0.1,0.1,0.5,0,18701,0.042297203,0.01598845,0,0,0,0,0,0,0,0,0,0,5,1.194996175
31712.22,0.476524139,0.5,7111,37,0.1937,33.875,35.0625,37.37,0,0,0.07,0,0,20,0.5,5.5,0,0,0.1,0.1,0.1,0.1,0.1,0.1,0.5,0,18528,0.043069948,0.015921848,0,0,0,0,0,0,0,0,0,0,5,1.194996175
31772.27,0.490185551,0.5,7111,37,0.1316,33.875,35.125,37.41,0,0,0.07,0,0,20,0.5,5.5,0,0,0.1,0.1,0.1,0.1,0.1,0.1,0.5,0,19013,0.042760217,0.016041656,0,0,0,0,0,0,0,0,0,0,5,1.194996175
31832.31,0.513128034,0.5,7111,37,0.192,33.875,35.125,37.41,0,0,0.25,0,0,20,0.5,5.5,0,0,0.1,0.1,0.1,0.1,0.1,0.1,0.5,0,18924,0.042961319,0.015905728,0,0,0,0,0,0,0,0,0,0,5,1.194996175
31892.36,0.519557009,0.5,7111,37,0.1379,33.8125,35.125,37.27,0,0,0.07,0,0,20,0.5,5.5,0,0,0.1,0.1,0.1,0.1,0.1,0.1,0.5,0,19539,0.042837402,0.015865704,0,0,0,0,0,0,0,0,0,0,5,1.194996175
31952.43,0.534726951,0.5,7111,37,0.2057,33.75,35.1875,37.19,0,0,0.07,0,0,20,0.5,5.5,0,0,0.1,0.1,0.1,0.1,0.1,0.1,0.5,0,19714,0.043015116,0.015978492,0,0,0,0,0,0,0,0,0,0,5,1.221585472
32012.5,0.526135227,0.5,7111,37,0.1788,33.6875,35.0625,37.25,0,0,0.07,0,0,20,0.5,5.5,0,0,0.1,0.1,0.1,0.1,0.1,0.1,0.5,0,19126,0.044232981,0.016208303,0,0,0,0,0,0,0,0,0,0,5,1.111912259
32072.57,0.5421003,0.5,7111,37,0.2002,33.6875,35.0625,37.09,0,0,0.07,0,0,20,0.5,5.5,0,0,0.1,0.1,0.1,0.1,0.1,0.1,0.5,0,20753,0.042644437,0.015901315,0,0,0,0,0,0,0,0,0,0,5,1.145994973
32132.63,0.548735778,0.5,7111,37,0.1244,33.625,35,37.19,0,0.02,0.25,0,0,20,0.5,5.5,0,0,0.1,0.1,0.1,0.1,0.1,0.1,0.5,0,18571,0.045931829,0.016531151,0,0,0,0,0,0,0,0,0,0,0.44,1.145994973
32192.69,0.486290089,0.5,7111,37,0.4735,33.375,34.9375,36.25,0,0.017165768,0.138663073,0,0,20,0.5,5.5,0,0,0.1,0.1,0.1,0.1,0.1,0.1,0.5,0,19001,0.044892374,0.016420188,0,0,0,0,0,0,0,0,0,0,0.44,1.145994973
32252.75,0.457997375,0.5,7111,37,0.551100582,33.3125,34.875,36.07,0,0,0.07,0,0,20,0.5,5.5,0,0,0.1,0.1,0.1,0.1,0.1,0.1,0.5,0,17442,0.045636968,0.016626534,0,0,0,0,0,0,0,0,0,0,5,1.145994973
32312.8,0.453487217,0.5,7111,37,0.3601,33.4375,34.9375,36.63,0,0,0.07,0,0,20,0.5,5.5,0,0,0.1,0.1,0.1,0.1,0.1,0.1,0.5,0,18913,0.043779411,0.016285095,0,0,0,0,0,0,0,0,0,0,5,1.145994973
32372.87,0.485479755,0.5,7111,37,0.1906,33.625,34.875,37.27,0,0,0.07,0,0,20,0.5,5.5,0,0,0.1,0.1,0.1,0.1,0.1,0.1,0.5,0,18866,0.044206509,0.016166649,0,0,0,0,0,0,0,0,0,0,5,1.145994973
32432.94,0.508964758,0.5,7111,37,0.1769,33.6875,34.9375,37.33,0,0,0.25,0,0,20,0.5,5.5,0,0,0.1,0.1,0.1,0.1,0.1,0.1,0.5,0,19908,0.043701025,0.016124171,0,0,0,0,0,0,0,0,0,0,5,1.145994973
32492.99,0.509212625,0.5,7111,37,0.1452,33.6875,34.875,37.21,0,0,0.07,0,0,20,0.5,5.5,0,0,0.1,0.1,0.1,0.1,0.1,0.1,0.5,0,18905,0.04496165,0.016291986,0,0,0,0,0,0,0,0,0,0,5,1.145994973
32553.07,0.516433099,0.5,7111,37,0.1833,33.6875,34.9375,37.19,0,0,0.07,0,0,20,0.5,5.5,0,0,0.1,0.1,0.1,0.1,0.1,0.1,0.5,0,20101,0.044375902,0.016068852,0,0,0,0,0,0,0,0,0,0,5,1.145994973
32613.13,0.530453099,0.5,7111,37,0.1593,33.6875,35.0625,37.17,0,0,0.07,0,0,20,0.5,5.5,0,0,0.1,0.1,0.1,0.1,0.1,0.1,0.5,0,19046,0.045888901,0.016696419,0,0,0,0,0,0,0,0,0,0,5,1.169052602
32673.17,0.521684505,0.5,7111,37,0.1471,33.6875,35.0625,37.13,0,0,0.07,0,0,20,0.5,5.5,0,0,0.1,0.1,0.1,0.1,0.1,0.1,0.5,0,20992,0.043969131,0.01595846,0,0,0,0,0,0,0,0,0,0,5,1.06059436
32733.22,0.552433829,0.5,7111,37,0.1573,33.625,35.0625,37.21,0,0,0.25,0,0,20,0.5,5.5,0,0,0.1,0.1,0.1,0.1,0.1,0.1,0.5,0,19858,0.045775003,0.016718703,0,0,0,0,0,0,0,0,0,0,5,1.179376595
32793.26,0.542162966,0.5,7111,37,0.1604,33.625,35.125,37.09,0,0.02,0.15,0,0,20,0.5,5.5,0,0,0.1,0.1,0.1,0.1,0.1,0.1,0.5,0,21741,0.044110207,0.016190608,0,0,0,0,0,0,0,0,0,0,0.44,1.179376595
32853.3,0.525274547,0.5,7111,37,0.47195,33.4375,35.125,36.39,0,0.02,0.15,0,0,20,0.5,5.5,0,0,0.1,0.1,0.1,0.1,0.1,0.1,0.5,0,20228,0.045036583,0.016412893,0,0,0,0,0,0,0,0,0,0,0.44,1.179376595
32913.37,0.453461979,0.5,7111,37,0.60365,33.375,35.125,36.09,0,0.02,0.15,0,0,20,0.5,5.5,0,0,0.1,0.1,0.1,0.1,0.1,0.1,0.5,0,19066,0.045054023,0.016469107,0,0,0,0,0,0,0,0,0,0,0.44,1.179376595
32973.43,0.40431854,0.5,7111,37,0.66345,33.3125,35.125,35.71,0,0,0.07,0,0,20,0.5,5.5,0,0,0.1,0.1,0.1,0.1,0.1,0.1,0.5,0,18092,0.044936989,0.016526642,0,0,0,0,0,0,0,0,0,0,5,1.179376595
33033.47,0.410820767,0.5,7111,37,0.3493,33.625,35.1875,36.65,0,0,0.25,0,0,20,0.5,5.5,0,0,0.1,0.1,0.1,0.1,0.1,0.1,0.5,0,17309,0.04621873,0.016869837,0,0,0,0,0,0,0,0,0,0,5,1.179376595
33093.5,0.441643552,0.5,7111,37,0.2748,33.8125,35.125,37.37,0,0,0.07,0,0,20,0.5,5.5,0,0,0.1,0.1,0.1,0.1,0.1,0.1,0.5,0,17973,0.045679631,0.016636065,0,0,0,0,0,0,0,0,0,0,5,1.179376595
33153.59,0.439484905,0.5,7111,37,0.1418,33.9375,35.125,37.63,0,0,0.07,0,0,20,0.5,5.5,0,0,0.1,0.1,0.1,0.1,0.1,0.1,0.5,0,18660,0.045069668,0.016398714,0,0,0,0,0,0,0,0,0,0,5,1.179376595
33213.67,0.470496811,0.5,7111,37,0.1453,34.0625,35.125,37.61,0,0,0.07,0,0,20,0.5,5.5,0,0,0.1,0.1,0.1,0.1,0.1,0.1,0.5,0,18744,0.044974392,0.016378574,0,0,0,0,0,0,0,0,0,0,5,1.179376595
33273.77,0.458606369,0.5,7111,37,0.1282,34.0625,35.1875,37.43,0,0,0.07,0,0,20,0.5,5.5,0,0,0.1,0.1,0.1,0.1,0.1,0.1,0.5,0,18619,0.045705999,0.016381116,0,0,0,0,0,0,0,0,0,0,5,1.179376595
33333.82,0.481275643,0.5,7111,37,0.1827,33.9375,35.125,37.43,0,0,0.25,0,0,20,0.5,5.5,0,0,0.1,0.1,0.1,0.1,0.1,0.1,0.5,0,18336,0.046847731,0.016797557,0,0,0,0,0,0,0,0,0,0,5,1.265151494
33393.88,0.480989487,0.5,7111,37,0.1863,33.875,35.125,37.29,0,0,0.07,0,0,20,0.5,5.5,0,0,0.1,0.1,0.1,0.1,0.1,0.1,0.5,0,18046,0.047545162,0.017122908,0,0,0,0,0,0,0,0,0,0,5,1.200109654
33453.97,0.492194878,0.5,7111,37,0.1505,33.875,35.1875,37.27,0,0,0.07,0,0,20,0.5,5.5,0,0,0.1,0.1,0.1,0.1,0.1,0.1,0.5,0,18170,0.047385801,0.016840947,0,0,0,0,0,0,0,0,0,0,5,1.209192126
33514.05,0.506995242,0.5,7111,37,0.1303,33.8125,35.125,37.13,0,0,0.07,0,0,20,0.5,5.5,0,0,0.1,0.1,0.1,0.1,0.1,0.1,0.5,0,19710,0.045966514,0.016692035,0,0,0,0,0,0,0,0,0,0,5,1.237613182
33574.13,0.514884169,0.5,7111,37,0.1584,33.6875,35.125,37.01,0,0,0,0,0,20,0.5,5.5,0,0,0.1,0.1,0.1,0.1,0.1,0.1,0.5,0,19555,0.046637689,0.016722066,0,0,0,0,0,0,0,0,0,0,5,1.222053548
33634.18,0.524963679,0.5,7111,37,0.2219,33.6875,35.125,37.27,0,0,0,0,0,20,0.5,5.5,0,0,0.1,0.1,0.1,0.1,0.1,0.1,0.5,0,19870,0.046552592,0.016758933,0,0,0,0,0,0,0,0,0,0,5,1.21911222
33694.24,0.520759248,0.5,7111,37,0.168,33.6875,35.0625,37.11,0,0,0,0,0,20,0.5,5.5,0,0,0.1,0.1,0.1,0.1,0.1,0.1,0.5,0,21065,0.045288393,0.016235462,0,0,0,0,0,0,0,0,0,0,5,1.134032894
33754.32,0.520499394,0.5,7111,37,0.2297,33.625,35.0625,37.09,0,0,0,0,0,20,0.5,5.5,0,0,0.1,0.1,0.1,0.1,0.1,0.1,0.5,0,20462,0.046476395,0.01676278,0,0,0,0,0,0,0,0,0,0,5,1.075833901
33814.37,0.553026314,0.5,7111,37,0.1778,33.625,35,37.03,0,0,0,0,0,20,0.5,5.5,0,0,0.1,0.1,0.1,0.1,0.1,0.1,0.5,0,21279,0.046054796,0.016354152,0,0,0,0,0,0,0,0,0,0,5,1.203892792
33874.44,0.570216763,0.5,7111,37,0.1769,33.625,34.9375,37.19,0,0.02,0.15,0,0,20,0.5,5.5,0,0,0.1,0.1,0.1,0.1,0.1,0.1,0.5,0,21219,0.046750554,0.016636034,0,0,0,0,0,0,0,0,0,0,0.44,1.203892792
33934.48,0.496566204,0.5,7111,37,0.550325,33.375,34.9375,36.05,0,0.02,0.25,0,0,20,0.5,5.5,0,0,0.1,0.1,0.1,0.1,0.1,0.1,0.5,0,19112,0.047980326,0.017109669,0,0,0,0,0,0,0,0,0,0,0.44,1.203892792
33994.52,0.45297697,0.5,7111,37,0.597325,33.25,34.8125,36.07,0,0,0.07,0,0,20,0.5,5.5,0,0,0.1,0.1,0.1,0.1,0.1,0.1,0.5,0,19164,0.046128157,0.016750157,0,0,0,0,0,0,0,0,0,0,5,1.203892792
34054.59,0.462322438,0.5,7111,37,0.3712,33.5,34.8125,36.69,0,0,0.07,0,0,20,0.5,5.5,0,0,0.1,0.1,0.1,0.1,0.1,0.1,0.5,0,18764,0.046898316,0.016840759,0,0,0,0,0,0,0,0,0,0,5,1.203892792
34114.66,0.473729989,0.5,7111,37,0.2479,33.625,34.8125,37.19,0,0,0.07,0,0,20,0.5,5.5,0,0,0.1,0.1,0.1,0.1,0.1,0.1,0.5,0,18728,0.047255446,0.016873131,0,0,0,0,0,0,0,0,0,0,5,1.203892792
34174.72,0.508467567,0.5,7111,37,0.2363,33.75,34.8125,37.35,0,0,0.07,0,0,20,0.5,5.5,0,0,0.1,0.1,0.1,0.1,0.1,0.1,0.5,0,20206,0.045580521,0.016331783,0,0,0,0,0,0,0,0,0,0,5,1.203892792
34234.78,0.504603742,0.5,7111,37,0.1805,33.75,34.75,37.37,0,0,0.25,0,0,20,0.5,5.5,0,0,0.1,0.1,0.1,0.1,0.1,0.1,0.5,0,18777,0.047877723,0.016935613,0,0,0,0,0,0,0,0,0,0,5,1.203892792
34294.84,0.511557585,0.5,7111,37,0.157,33.6875,34.8125,37.35,0,0,0.07,0,0,20,0.5,5.5,0,0,0.1,0.1,0.1,0.1,0.1,0.1,0.5,0,20197,0.04664059,0.016487597,0,0,0,0,0,0,0,0,0,0,5,1.203892792
34354.91,0.500827742,0.5,7111,37,0.148,33.6875,34.75,37.33,0,0,0.07,0,0,20,0.5,5.5,0,0,0.1,0.1,0.1,0.1,0.1,0.1,0.5,0,20883,0.046114064,0.016424843,0,0,0,0,0,0,0,0,0,0,5,1.080104311
34414.98,0.517651804,0.5,7111,37,0.237,33.625,34.8125,37.11,0,0,0.07,0,0,20,0.5,5.5,0,0,0.1,0.1,0.1,0.1,0.1,0.1,0.5,0,19420,0.048352214,0.017095778,0,0,0,0,0,0,0,0,0,0,5,1.125220927
34475.05,0.533662835,0.5,7111,37,0.1951,33.625,34.875,37.29,0,0,0.07,0,0,20,0.5,5.5,0,0,0.1,0.1,0.1,0.1,0.1,0.1,0.5,0,20222,0.047621402,0.016862823,0,0,0,0,0,0,0,0,0,0,5,1.160344141
34535.12,0.537332291,0.5,7111,37,0.2029,33.625,34.9375,37.21,0,0,0.25,0,0,20,0.5,5.5,0,0,0.1,0.1,0.1,0.1,0.1,0.1,0.5,0,18702,0.049994653,0.017538231,0,0,0,0,0,0,0,0,0,0,5,1.122884284
34595.17,0.556082011,0.5,7111,37,0.1728,33.5,34.9375,37.01,0,0,0,0,0,20,0.5,5.5,0,0,0.1,0.1,0.1,0.1,0.1,0.1,0.5,0,21267,0.047444397,0.016833592,0,0,0,0,0,0,0,0,0,0,5,1.169637344
34655.21,0.551418161,0.5,7111,37,0.1718,33.5,34.9375,37.09,0,0.02,0.15,0,0,20,0.5,5.5,0,0,0.1,0.1,0.1,0.1,0.1,0.1,0.5,0,20984,0.047798323,0.016822341,0,0,0,0,0,0,0,0,0,0,0.44,1.169637344
34715.26,0.52722178,0.5,7111,37,0.467025,33.375,35,36.45,0,0.02,0.15,0,0,20,0.5,5.5,0,0,0.1,0.1,0.1,0.1,0.1,0.1,0.5,0,20368,0.047869207,0.016987431,0,0,0,0,0,0,0,0,0,0,0.44,1.169637344
34775.29,0.482350346,0.5,7111,37,0.5428,33.3125,35,35.93,0,0.02,0.15,0,0,20,0.5,5.5,0,0,0.1,0.1,0.1,0.1,0.1,0.1,0.5,0,18050,0.049639889,0.017229917,0,0,0,0,0,0,0,0,0,0,0.44,1.169637344
34835.36,0.447869369,0.5,7111,37,0.5672,33.3125,35,36.23,0,0,0.25,0,0,20,0.5,5.5,0,0,0.1,0.1,0.1,0.1,0.1,0.1,0.5,0,17602,0.04971026,0.017384388,0,0,0,0,0,0,0,0,0,0,5,1.169637344
34895.43,0.449646657,0.5,7111,37,0.3335,33.625,35,36.97,0,0,0.07,0,0,20,0.5,5.5,0,0,0.1,0.1,0.1,0.1,0.1,0.1,0.5,0,18648,0.048048048,0.016891892,0,0,0,0,0,0,0,0,0,0,5,1.169637344
34955.49,0.4697189,0.5,7111,37,0.1706,33.75,35,37.19,0,0,0.07,0,0,20,0.5,5.5,0,0,0.1,0.1,0.1,0.1,0.1,0.1,0.5,0,19798,0.046772401,0.01656733,0,0,0,0,0,0,0,0,0,0,5,1.169637344
35015.57,0.500858162,0.5,7111,37,0.1465,33.875,35.0625,37.35,0,0,0.07,0,0,20,0.5,5.5,0,0,0.1,0.1,0.1,0.1,0.1,0.1,0.5,0,18518,0.04892537,0.017172481,0,0,0,0,0,0,0,0,0,0,5,1.169637344
35075.62,0.498115652,0.5,7111,37,0.1171,33.875,35,37.37,0,0,0.07,0,0,20,0.5,5.5,0,0,0.1,0.1,0.1,0.1,0.1,0.1,0.5,0,19076,0.048175718,0.017037115,0,0,0,0,0,0,0,0,0,0,5,1.169637344
35135.68,0.516235514,0.5,7111,37,0.1622,33.8125,35.0625,37.13,0,0,0.25,0,0,20,0.5,5.5,0,0,0.1,0.1,0.1,0.1,0.1,0.1,0.5,0,19050,0.048871391,0.017217848,0,0,0,0,0,0,0,0,0,0,5,1.169637344
35195.73,0.520737615,0.5,7111,37,0.1723,33.75,35.0625,37.11,0,0,0.07,0,0,20,0.5,5.5,0,0,0.1,0.1,0.1,0.1,0.1,0.1,0.5,0,20959,0.046996517,0.016508421,0,0,0,0,0,0,0,0,0,0,5,1.137205117
35255.81,0.540799812,0.5,7111,37,0.1312,33.6875,35.0625,37.27,0,0,0.07,0,0,20,0.5,5.5,0,0,0.1,0.1,0.1,0.1,0.1,0.1,0.5,0,19214,0.049339024,0.017435203,0,0,0,0,0,0,0,0,0,0,5,1.193753499
35315.87,0.527248597,0.5,7111,37,0.2217,33.6875,35.0625,37.11,0,0,0.07,0,0,20,0.5,5.5,0,0,0.1,0.1,0.1,0.1,0.1,0.1,0.5,0,19309,0.049821327,0.017349423,0,0,0,0,0,0,0,0,0,0,5,1.057934769
35375.94,0.535074113,0.5,7111,37,0.2376,33.625,35.0625,37.05,0,0,0.07,0,0,20,0.5,5.5,0,0,0.1,0.1,0.1,0.1,0.1,0.1,0.5,0,20147,0.049089194,0.017074502,0,0,0,0,0,0,0,0,0,0,5,1.049237358
35436.01,0.556898357,0.5,7111,37,0.1519,33.625,35.0625,37.09,0,0,0,0,0,20,0.5,5.5,0,0,0.1,0.1,0.1,0.1,0.1,0.1,0.5,0,20665,0.048874909,0.017130414,0,0,0,0,0,0,0,0,0,0,5,1.116707907
35496.05,0.563654777,0.5,7111,37,0.1927,33.625,35.0625,37.25,0,0.02,0.15,0,0,20,0.5,5.5,0,0,0.1,0.1,0.1,0.1,0.1,0.1,0.5,0,21461,0.047994036,0.016960999,0,0,0,0,0,0,0,0,0,0,0.44,1.116707907
35556.1,0.525343527,0.5,7111,37,0.406975,33.5,35.0625,36.41,0,0.02,0.15,0,0,20,0.5,5.5,0,0,0.1,0.1,0.1,0.1,0.1,0.1,0.5,0,20896,0.047856049,0.016893185,0,0,0,0,0,0,0,0,0,0,0.44,1.116707907
35616.16,0.465719995,0.5,7111,37,0.576175,33.375,35.125,35.97,0,0.02,0.15,0,0,20,0.5,5.5,0,0,0.1,0.1,0.1,0.1,0.1,0.1,0.5,0,19244,0.048586572,0.016992309,0,0,0,0,0,0,0,0,0,0,0.44,1.116707907
35676.23,0.417683337,0.5,7111,37,0.59335,33.375,35.125,35.81,0,0,0.07,0,0,20,0.5,5.5,0,0,0.1,0.1,0.1,0.1,0.1,0.1,0.5,0,18146,0.048164885,0.016918329,0,0,0,0,0,0,0,0,0,0,5,1.116707907
35736.28,0.448108633,0.5,7111,37,0.3443,33.625,35.125,36.69,0,0,0.25,0,0,20,0.5,5.5,0,0,0.1,0.1,0.1,0.1,0.1,0.1,0.5,0,17019,0.050355485,0.017627358,0,0,0,0,0,0,0,0,0,0,5,1.116707907
35796.34,0.459465889,0.5,7111,37,0.2604,33.8125,35.125,37.27,0,0,0.07,0,0,20,0.5,5.5,0,0,0.1,0.1,0.1,0.1,0.1,0.1,0.5,0,18687,0.047840745,0.016856638,0,0,0,0,0,0,0,0,0,0,5,1.116707907
35856.41,0.463668196,0.5,7111,37,0.1183,34,35.125,37.41,0,0,0.07,0,0,20,0.5,5.5,0,0,0.1,0.1,0.1,0.1,0.1,0.1,0.5,0,19087,0.047990779,0.017027296,0,0,0,0,0,0,0,0,0,0,5,1.116707907
35916.48,0.472496329,0.5,7111,37,0.1465,34,35.125,37.29,0,0,0.07,0,0,20,0.5,5.5,0,0,0.1,0.1,0.1,0.1,0.1,0.1,0.5,0,19277,0.047880894,0.01685947,0,0,0,0,0,0,0,0,0,0,5,1.116707907
35976.53,0.469038504,0.5,7111,37,0.1789,34,35.1875,37.27,0,0,0.07,0,0,20,0.5,5.5,0,0,0.1,0.1,0.1,0.1,0.1,0.1,0.5,0,20144,0.046912232,0.01677919,0,0,0,0,0,0,0,0,0,0,5,1.116707907
36036.6,0.489224345,0.5,7111,37,0.2058,33.9375,35.125,37.27,0,0,0.25,0,0,20,0.5,5.5,0,0,0.1,0.1,0.1,0.1,0.1,0.1,0.5,0,18947,0.049137067,0.017311448,0,0,0,0,0,0,0,0,0,0,5,1.187281426
36096.66,0.499505395,0.5,7111,37,0.1235,33.875,35.1875,37.35,0,0,0.07,0,0,20,0.5,5.5,0,0,0.1,0.1,0.1,0.1,0.1,0.1,0.5,0,19598,0.048423309,0.016889479,0,0,0,0,0,0,0,0,0,0,5,1.190309047
36156.72,0.496988795,0.5,7111,37,0.168,33.8125,35.125,37.29,0,0,0.07,0,0,20,0.5,5.5,0,0,0.1,0.1,0.1,0.1,0.1,0.1,0.5,0,19185,0.049778473,0.01735731,0,0,0,0,0,0,0,0,0,0,5,1.115640839
36216.79,0.50123289,0.5,7111,37,0.2244,33.75,35.0625,37.21,0,0,0.07,0,0,20,0.5,5.5,0,0,0.1,0.1,0.1,0.1,0.1,0.1,0.5,0,18761,0.050743564,0.017642983,0,0,0,0,0,0,0,0,0,0,5,1.085368887
36276.83,0.534275737,0.5,7111,37,0.1978,33.75,35.0625,37.27,0,0,0,0,0,20,0.5,5.5,0,0,0.1,0.1,0.1,0.1,0.1,0.1,0.5,0,19279,0.050625032,0.01748016,0,0,0,0,0,0,0,0,0,0,5,1.222624117
36336.87,0.541468228,0.5,7111,37,0.1571,33.75,35.0625,37.13,0,0,0,0,0,20,0.5,5.5,0,0,0.1,0.1,0.1,0.1,0.1,0.1,0.5,0,20794,0.048860248,0.01692796,0,0,0,0,0,0,0,0,0,0,5,1.201609881
36396.92,0.54010092,0.5,7111,37,0.1835,33.6875,35,37.05,0,0.02,0.15,0,0,20,0.5,5.5,0,0,0.1,0.1,0.1,0.1,0.1,0.1,0.5,0,20215,0.049863962,0.017264408,0,0,0,0,0,0,0,0,0,0,0.44,1.201609881
36457,0.475192713,0.5,7111,37,0.512,33.375,34.875,36.05,0,0.014846781,0.129387125,0,0,20,0.5,5.5,0,0,0.1,0.1,0.1,0.1,0.1,0.1,0.5,0,18143,0.051314557,0.017747892,0,0,0,0,0,0,0,0,0,0,0.44,1.201609881
36517.08,0.455687014,0.5,7111,37,0.597773707,33.375,34.875,35.97,0,0,0.07,0,0,20,0.5,5.5,0,0,0.1,0.1,0.1,0.1,0.1,0.1,0.5,0,18949,0.048868014,0.017151301,0,0,0,0,0,0,0,0,0,0,5,1.201609881
36577.13,0.442049765,0.5,7111,37,0.3435,33.5,34.875,36.89,0,0,0.07,0,0,20,0.5,5.5,0,0,0.1,0.1,0.1,0.1,0.1,0.1,0.5,0,18763,0.048926078,0.017108138,0,0,0,0,0,0,0,0,0,0,5,1.201609881
36637.2,0.480523675,0.5,7111,37,0.2019,33.6875,34.875,37.25,0,0,0.25,0,0,20,0.5,5.5,0,0,0.1,0.1,0.1,0.1,0.1,0.1,0.5,0,19005,0.048881873,0.017258616,0,0,0,0,0,0,0,0,0,0,5,1.201609881
36697.26,0.486158044,0.5,7111,37,0.2238,33.75,34.875,37.33,0,0,0.07,0,0,20,0.5,5.5,0,0,0.1,0.1,0.1,0.1,0.1,0.1,0.5,0,18513,0.050018906,0.017339167,0,0,0,0,0,0,0,0,0,0,5,1.201609881
36757.35,0.482132352,0.5,7111,37,0.1733,33.75,34.8125,37.33,0,0,0.07,0,0,20,0.5,5.5,0,0,0.1,0.1,0.1,0.1,0.1,0.1,0.5,0,17409,0.052444138,0.017864323,0,0,0,0,0,0,0,0,0,0,5,1.201609881
36817.43,0.493577832,0.5,7111,37,0.1798,33.75,34.875,37.35,0,0,0.07,0,0,20,0.5,5.5,0,0,0.1,0.1,0.1,0.1,0.1,0.1,0.5,0,18860,0.050530223,0.017497349,0,0,0,0,0,0,0,0,0,0,5,1.201609881
36877.51,0.516926869,0.5,7111,37,0.1617,33.6875,34.875,37.33,0,0,0.07,0,0,20,0.5,5.5,0,0,0.1,0.1,0.1,0.1,0.1,0.1,0.5,0,20747,0.048392539,0.017062708,0,0,0,0,0,0,0,0,0,0,5,1.280191941
36937.56,0.525724532,0.5,7111,37,0.1948,33.6875,34.9375,37.25,0,0,0.25,0,0,20,0.5,5.5,0,0,0.1,0.1,0.1,0.1,0.1,0.1,0.5,0,20055,0.049463974,0.017302418,0,0,0,0,0,0,0,0,0,0,5,1.266810226
36997.62,0.526151335,0.5,7111,37,0.2253,33.625,34.9375,37.03,0,0,0.07,0,0,20,0.5,5.5,0,0,0.1,0.1,0.1,0.1,0.1,0.1,0.5,0,20366,0.049445154,0.017381911,0,0,0,0,0,0,0,0,0,0,5,1.205904238
37057.69,0.541850833,0.5,7111,37,0.1931,33.5625,34.9375,37.33,0,0,0.07,0,0,20,0.5,5.5,0,0,0.1,0.1,0.1,0.1,0.1,0.1,0.5,0,20663,0.049557179,0.017325655,0,0,0,0,0,0,0,0,0,0,5,1.233814631
37117.78,0.544859828,0.5,7111,37,0.2136,33.5625,35,37.11,0,0.02,0.15,0,0,20,0.5,5.5,0,0,0.1,0.1,0.1,0.1,0.1,0.1,0.5,0,21674,0.04849128,0.017071145,0,0,0,0,0,0,0,0,0,0,0.44,1.233814631
37177.85,0.500796187,0.5,7111,37,0.4457,33.4375,35,36.41,0,0.02,0.15,0,0,20,0.5,5.5,0,0,0.1,0.1,0.1,0.1,0.1,0.1,0.5,0,20454,0.049134644,0.017062677,0,0,0,0,0,0,0,0,0,0,0.44,1.233814631
37237.9,0.449940868,0.5,7111,37,0.5958,33.3125,35.0625,35.85,0,0.002009103,0.25,0,0,20,0.5,5.5,0,0,0.1,0.1,0.1,0.1,0.1,0.1,0.5,0,18806,0.049345953,0.017228544,0,0,0,0,0,0,0,0,0,0,0.44,1.233814631
37297.94,0.436072824,0.5,7111,37,0.407571806,33.4375,35.125,36.53,0,0,0.07,0,0,20,0.5,5.5,0,0,0.1,0.1,0.1,0.1,0.1,0.1,0.5,0,18029,0.050252371,0.017305452,0,0,0,0,0,0,0,0,0,0,5,1.233814631
37358.01,0.456506221,0.5,7111,37,0.3342,33.625,35.0625,37.17,0,0,0.07,0,0,20,0.5,5.5,0,0,0.1,0.1,0.1,0.1,0.1,0.1,0.5,0,17218,0.052038564,0.017946335,0,0,0,0,0,0,0,0,0,0,5,1.233814631
37418.07,0.467015348,0.5,7111,37,0.1955,33.8125,35.0625,37.37,0,0,0.07,0,0,20,0.5,5.5,0,0,0.1,0.1,0.1,0.1,0.1,0.1,0.5,0,17452,0.052257621,0.017820307,0,0,0,0,0,0,0,0,0,0,5,1.233814631
37478.13,0.495158336,0.5,7111,37,0.2103,33.875,35.125,37.53,0,0,0.07,0,0,20,0.5,5.5,0,0,0.1,0.1,0.1,0.1,0.1,0.1,0.5,0,19296,0.049388474,0.017309287,0,0,0,0,0,0,0,0,0,0,5,1.233814631
37538.18,0.481718954,0.5,7111,37,0.1332,33.875,35.125,37.51,0,0,0.25,0,0,20,0.5,5.5,0,0,0.1,0.1,0.1,0.1,0.1,0.1,0.5,0,19540,0.049385875,0.017195496,0,0,0,0,0,0,0,0,0,0,5,1.233814631
37598.23,0.499367084,0.5,7111,37,0.1489,33.875,35.1875,37.27,0,0,0.07,0,0,20,0.5,5.5,0,0,0.1,0.1,0.1,0.1,0.1,0.1,0.5,0,19018,0.050583658,0.017351982,0,0,0,0,0,0,0,0,0,0,5,1.233814631
37658.27,0.531562774,0.5,7111,37,0.1402,33.875,35.125,37.29,0,0,0.07,0,0,20,0.5,5.5,0,0,0.1,0.1,0.1,0.1,0.1,0.1,0.5,0,20607,0.048818363,0.01698452,0,0,0,0,0,0,0,0,0,0,5,1.359563402
37718.32,0.531949724,0.5,7111,37,0.165,33.75,35.125,37.19,0,0,0.07,0,0,20,0.5,5.5,0,0,0.1,0.1,0.1,0.1,0.1,0.1,0.5,0,20085,0.049589246,0.017226786,0,0,0,0,0,0,0,0,0,0,5,1.29376828
37778.4,0.534482786,0.5,7111,37,0.1595,33.75,35.125,36.97,0,0,0.07,0,0,20,0.5,5.5,0,0,0.1,0.1,0.1,0.1,0.1,0.1,0.5,0,18940,0.051953537,0.017845829,0,0,0,0,0,0,0,0,0,0,5,1.243331496
37838.43,0.541695935,0.5,7111,37,0.1532,33.6875,35.125,36.97,0,0,0.25,0,0,20,0.5,5.5,0,0,0.1,0.1,0.1,0.1,0.1,0.1,0.5,0,20067,0.051278218,0.017491404,0,0,0,0,0,0,0,0,0,0,5,1.221380867
37898.49,0.577382173,0.5,7111,37,0.1875,33.5625,35.125,37.01,0,0.02,0.15,0,0,20,0.5,5.5,0,0,0.1,0.1,0.1,0.1,0.1,0.1,0.5,0,19502,0.052251051,0.017844324,0,0,0,0,0,0,0,0,0,0,0.44,1.221380867
37958.53,0.465524555,0.5,7111,37,0.59035,33.3125,35.125,35.83,0,0.018432699,0.143730797,0,0,20,0.5,5.5,0,0,0.1,0.1,0.1,0.1,0.1,0.1,0.5,0,20665,0.048826518,0.017033632,0,0,0,0,0,0,0,0,0,0,0.44,1.221380867
38018.57,0.428606155,0.5,7111,37,0.592774172,33.3125,35.0625,35.93,0,0,0.07,0,0,20,0.5,5.5,0,0,0.1,0.1,0.1,0.1,0.1,0.1,0.5,0,18342,0.050049068,0.017609857,0,0,0,0,0,0,0,0,0,0,5,1.221380867
38078.67,0.454768644,0.5,7111,37,0.3492,33.5,35.125,36.69,0,0,0.07,0,0,20,0.5,5.5,0,0,0.1,0.1,0.1,0.1,0.1,0.1,0.5,0,18059,0.050611883,0.017553574,0,0,0,0,0,0,0,0,0,0,5,1.221380867
38138.74,0.452860795,0.5,7111,37,0.2158,33.75,35.1875,37.09,0,0,0.25,0,0,20,0.5,5.5,0,0,0.1,0.1,0.1,0.1,0.1,0.1,0.5,0,18718,0.049951918,0.017362966,0,0,0,0,0,0,0,0,0,0,5,1.221380867
38198.78,0.480266851,0.5,7111,37,0.2271,33.8125,35.125,37.35,0,0,0.07,0,0,20,0.5,5.5,0,0,0.1,0.1,0.1,0.1,0.1,0.1,0.5,0,18894,0.050174659,0.017465862,0,0,0,0,0,0,0,0,0,0,5,1.221380867
38258.87,0.479698423,0.5,7111,37,0.2081,33.875,35.125,37.33,0,0,0.07,0,0,20,0.5,5.5,0,0,0.1,0.1,0.1,0.1,0.1,0.1,0.5,0,17880,0.05246085,0.017785235,0,0,0,0,0,0,0,0,0,0,5,1.221380867
38318.94,0.499558126,0.5,7111,37,0.1935,33.875,35.0625,37.41,0,0,0.07,0,0,20,0.5,5.5,0,0,0.1,0.1,0.1,0.1,0.1,0.1,0.5,0,17832,0.052602064,0.018001346,0,0,0,0,0,0,0,0,0,0,5,1.221380867
38379.01,0.500634009,0.5,7111,37,0.1203,33.8125,35,37.45,0,0,0.07,0,0,20,0.5,5.5,0,0,0.1,0.1,0.1,0.1,0.1,0.1,0.5,0,18969,0.050977911,0.017607676,0,0,0,0,0,0,0,0,0,0,5,1.166765881
38439.08,0.511695675,0.5,7111,37,0.1963,33.75,34.9375,37.25,0,0,0.25,0,0,20,0.5,5.5,0,0,0.1,0.1,0.1,0.1,0.1,0.1,0.5,0,18602,0.05262875,0.018008816,0,0,0,0,0,0,0,0,0,0,5,1.173991842
38499.13,0.534573894,0.5,7111,37,0.144,33.6875,34.9375,37.17,0,0,0.07,0,0,20,0.5,5.5,0,0,0.1,0.1,0.1,0.1,0.1,0.1,0.5,0,20418,0.049613086,0.017043785,0,0,0,0,0,0,0,0,0,0,5,1.246511964
38559.23,0.523013866,0.5,7111,37,0.2101,33.625,34.875,37.01,0,0,0.07,0,0,20,0.5,5.5,0,0,0.1,0.1,0.1,0.1,0.1,0.1,0.5,0,20435,0.050599462,0.017470027,0,0,0,0,0,0,0,0,0,0,5,1.118600388
38619.29,0.540477681,0.5,7111,37,0.1547,33.5625,34.9375,37.27,0,0,0,0,0,20,0.5,5.5,0,0,0.1,0.1,0.1,0.1,0.1,0.1,0.5,0,19692,0.051848466,0.017773715,0,0,0,0,0,0,0,0,0,0,5,1.16120647
38679.34,0.558842645,0.5,7111,37,0.2088,33.5625,34.9375,36.95,0,0.02,0.15,0,0,20,0.5,5.5,0,0,0.1,0.1,0.1,0.1,0.1,0.1,0.5,0,18980,0.053793467,0.018177028,0,0,0,0,0,0,0,0,0,0,0.44,1.16120647
38739.39,0.489551993,0.5,7111,37,0.556925,33.3125,35,36.05,0,0.018599698,0.25,0,0,20,0.5,5.5,0,0,0.1,0.1,0.1,0.1,0.1,0.1,0.5,0,20558,0.049226578,0.017219574,0,0,0,0,0,0,0,0,0,0,0.44,1.16120647
38799.45,0.464556823,0.5,7111,37,0.573464237,33.3125,35.0625,36.05,0,0.015790749,0.133162995,0,0,20,0.5,5.5,0,0,0.1,0.1,0.1,0.1,0.1,0.1,0.5,0,18224,0.051635206,0.017778753,0,0,0,0,0,0,0,0,0,0,0.44,1.16120647
38859.51,0.444506577,0.5,7111,37,0.47663231,33.375,35.0625,36.23,0,0,0.07,0,0,20,0.5,5.5,0,0,0.1,0.1,0.1,0.1,0.1,0.1,0.5,0,18508,0.049924357,0.017397882,0,0,0,0,0,0,0,0,0,0,5,1.16120647
38919.56,0.454854524,0.5,7111,37,0.3152,33.6875,35.125,37.09,0,0,0.07,0,0,20,0.5,5.5,0,0,0.1,0.1,0.1,0.1,0.1,0.1,0.5,0,17787,0.051217181,0.017878226,0,0,0,0,0,0,0,0,0,0,5,1.16120647
38979.62,0.48387744,0.5,7111,37,0.157,33.8125,35.0625,37.35,0,0,0.07,0,0,20,0.5,5.5,0,0,0.1,0.1,0.1,0.1,0.1,0.1,0.5,0,18890,0.049708841,0.017363684,0,0,0,0,0,0,0,0,0,0,5,1.16120647
39039.66,0.468390192,0.5,7111,37,0.1947,33.9375,35.125,37.29,0,0,0.25,0,0,20,0.5,5.5,0,0,0.1,0.1,0.1,0.1,0.1,0.1,0.5,0,17926,0.05210309,0.017739596,0,0,0,0,0,0,0,0,0,0,5,1.16120647
39099.71,0.483375724,0.5,7111,37,0.1977,33.875,35.1875,37.43,0,0,0.07,0,0,20,0.5,5.5,0,0,0.1,0.1,0.1,0.1,0.1,0.1,0.5,0,19343,0.050043944,0.017163832,0,0,0,0,0,0,0,0,0,0,5,1.16120647
39159.76,0.496460638,0.5,7111,37,0.146,33.875,35.125,37.43,0,0,0.07,0,0,20,0.5,5.5,0,0,0.1,0.1,0.1,0.1,0.1,0.1,0.5,0,19189,0.050862473,0.017614258,0,0,0,0,0,0,0,0,0,0,5,1.16120647
39219.82,0.485369226,0.5,7111,37,0.1841,33.8125,35.1875,37.17,0,0,0.07,0,0,20,0.5,5.5,0,0,0.1,0.1,0.1,0.1,0.1,0.1,0.5,0,19981,0.050047545,0.017366498,0,0,0,0,0,0,0,0,0,0,5,1.035363219
39279.88,0.514245769,0.5,7111,37,0.1874,33.75,35.1875,37.33,0,0,0.07,0,0,20,0.5,5.5,0,0,0.1,0.1,0.1,0.1,0.1,0.1,0.5,0,19452,0.050997327,0.017478922,0,0,0,0,0,0,0,0,0,0,5,1.156969283
39339.95,0.504283129,0.5,7111,37,0.187,33.75,35.125,37.17,0,0,0.25,0,0,20,0.5,5.5,0,0,0.1,0.1,0.1,0.1,0.1,0.1,0.5,0,19410,0.051416795,0.017619784,0,0,0,0,0,0,0,0,0,0,5,1.040430543
39400.01,0.536526425,0.5,7111,37,0.1539,33.6875,35.125,37.03,0,0,0.07,0,0,20,0.5,5.5,0,0,0.1,0.1,0.1,0.1,0.1,0.1,0.5,0,19854,0.051274302,0.017679057,0,0,0,0,0,0,0,0,0,0,5,1.174342838
39460.09,0.533127632,0.5,7111,37,0.1974,33.625,35.125,37.11,0,0,0,0,0,20,0.5,5.5,0,0,0.1,0.1,0.1,0.1,0.1,0.1,0.5,0,21142,0.049664176,0.017358812,0,0,0,0,0,0,0,0,0,0,5,1.096560813
39520.14,0.529755058,0.5,7111,37,0.2047,33.625,35.125,37.27,0,0,0,0,0,20,0.5,5.5,0,0,0.1,0.1,0.1,0.1,0.1,0.1,0.5,0,19865,0.051950667,0.017769947,0,0,0,0,0,0,0,0,0,0,5,1.022694447
39580.21,0.543741795,0.5,7111,37,0.1708,33.6875,35.1875,37.25,0,0,0,0,0,20,0.5,5.5,0,0,0.1,0.1,0.1,0.1,0.1,0.1,0.5,0,21740,0.050045998,0.017203312,0,0,0,0,0,0,0,0,0,0,5,1.049738964
39640.26,0.580309059,0.5,7111,37,0.1969,33.5625,35.1875,36.97,0,0.02,0.25,0,0,20,0.5,5.5,0,0,0.1,0.1,0.1,0.1,0.1,0.1,0.5,0,19865,0.053309841,0.017971306,0,0,0,0,0,0,0,0,0,0,0.44,1.049738964
39700.32,0.513812414,0.5,7111,37,0.441825,33.5,35.125,36.41,0,0.02,0.15,0,0,20,0.5,5.5,0,0,0.1,0.1,0.1,0.1,0.1,0.1,0.5,0,20875,0.050107784,0.017389222,0,0,0,0,0,0,0,0,0,0,0.44,1.049738964
39760.38,0.452601902,0.5,7111,37,0.59995,33.3125,35.1875,35.89,0,0.016540632,0.136162529,0,0,20,0.5,5.5,0,0,0.1,0.1,0.1,0.1,0.1,0.1,0.5,0,19232,0.050540765,0.017574875,0,0,0,0,0,0,0,0,0,0,0.44,1.049738964
39820.42,0.444493161,0.5,7111,37,0.563019802,33.4375,35.125,36.15,0,0,0.07,0,0,20,0.5,5.5,0,0,0.1,0.1,0.1,0.1,0.1,0.1,0.5,0,18466,0.051175133,0.017708221,0,0,0,0,0,0,0,0,0,0,5,1.049738964
39880.48,0.440235472,0.5,7111,37,0.3541,33.625,35.0625,37.01,0,0,0.07,0,0,20,0.5,5.5,0,0,0.1,0.1,0.1,0.1,0.1,0.1,0.5,0,18536,0.050550281,0.01742555,0,0,0,0,0,0,0,0,0,0,5,1.049738964
39940.57,0.457858482,0.5,7111,37,0.1662,33.875,35,37.45,0,0,0.25,0,0,20,0.5,5.5,0,0,0.1,0.1,0.1,0.1,0.1,0.1,0.5,0,18871,0.050235812,0.017593132,0,0,0,0,0,0,0,0,0,0,5,1.049738964
40000.63,0.480646471,0.5,7111,37,0.155,33.9375,34.9375,37.41,0,0,0.07,0,0,20,0.5,5.5,0,0,0.1,0.1,0.1,0.1,0.1,0.1,0.5,0,18312,0.052206204,0.017693316,0,0,0,0,0,0,0,0,0,0,5,1.049738964
40060.7,0.498478745,0.5,7111,37,0.1771,33.875,34.9375,37.49,0,0,0.07,0,0,20,0.5,5.5,0,0,0.1,0.1,0.1,0.1,0.1,0.1,0.5,0,19457,0.050161895,0.017320245,0,0,0,0,0,0,0,0,0,0,5,1.049738964
40120.76,0.51312063,0.5,7111,37,0.1722,33.8125,34.9375,37.33,0,0,0.07,0,0,20,0.5,5.5,0,0,0.1,0.1,0.1,0.1,0.1,0.1,0.5,0,19487,0.050854416,0.017550162,0,0,0,0,0,0,0,0,0,0,5,1.049738964
40180.82,0.504797827,0.5,7111,37,0.179,33.75,34.9375,37.25,0,0,0.07,0,0,20,0.5,5.5,0,0,0.1,0.1,0.1,0.1,0.1,0.1,0.5,0,19209,0.051798636,0.017908272,0,0,0,0,0,0,0,0,0,0,5,0.948193142
40240.9,0.513802903,0.5,7111,37,0.1933,33.6875,34.875,37.17,0,0,0.25,0,0,20,0.5,5.5,0,0,0.1,0.1,0.1,0.1,0.1,0.1,0.5,0,19787,0.051700612,0.017587305,0,0,0,0,0,0,0,0,0,0,5,0.953828672
40300.96,0.534331383,0.5,7111,37,0.2038,33.625,34.875,37.11,0,0,0.07,0,0,20,0.5,5.5,0,0,0.1,0.1,0.1,0.1,0.1,0.1,0.5,0,19193,0.052623352,0.017766894,0,0,0,0,0,0,0,0,0,0,5,1.023666675
40361.04,0.543399214,0.5,7111,37,0.2143,33.5625,34.875,37.05,0,0,0.07,0,0,20,0.5,5.5,0,0,0.1,0.1,0.1,0.1,0.1,0.1,0.5,0,20983,0.050231139,0.017442692,0,0,0,0,0,0,0,0,0,0,5,1.022967453
40421.08,0.558795918,0.5,7111,37,0.1933,33.5625,34.9375,37.11,0,0.02,0.15,0,0,20,0.5,5.5,0,0,0.1,0.1,0.1,0.1,0.1,0.1,0.5,0,20998,0.050957234,0.017430231,0,0,0,0,0,0,0,0,0,0,0.44,1.022967453
40481.14,0.487500137,0.5,7111,37,0.5672,33.3125,35,35.93,0,0.0183307,0.1433228,0,0,20,0.5,5.5,0,0,0.1,0.1,0.1,0.1,0.1,0.1,0.5,0,19225,0.051547464,0.017789337,0,0,0,0,0,0,0,0,0,0,0.44,1.022967453
40541.21,0.453319756,0.5,7111,37,0.636186598,33.25,35,35.77,0,0,0.25,0,0,20,0.5,5.5,0,0,0.1,0.1,0.1,0.1,0.1,0.1,0.5,0,17839,0.05207691,0.017938225,0,0,0,0,0,0,0,0,0,0,5,1.022967453
40601.26,0.441027129,0.5,7111,37,0.4167,33.4375,35.0625,36.55,0,0,0.07,0,0,20,0.5,5.5,0,0,0.1,0.1,0.1,0.1,0.1,0.1,0.5,0,18691,0.051040608,0.017655556,0,0,0,0,0,0,0,0,0,0,5,1.022967453
40661.32,0.46108392,0.5,7111,37,0.2283,33.75,35.0625,37.27,0,0,0.07,0,0,20,0.5,5.5,0,0,0.1,0.1,0.1,0.1,0.1,0.1,0.5,0,19542,0.050097226,0.017398424,0,0,0,0,0,0,0,0,0,0,5,1.022967453
40721.36,0.470289842,0.5,7111,37,0.1518,33.875,35.125,37.51,0,0,0.07,0,0,20,0.5,5.5,0,0,0.1,0.1,0.1,0.1,0.1,0.1,0.5,0,18573,0.051364885,0.017767727,0,0,0,0,0,0,0,0,0,0,5,1.022967453
40781.44,0.496330763,0.5,7111,37,0.1945,33.9375,35.125,37.29,0,0,0.07,0,0,20,0.5,5.5,0,0,0.1,0.1,0.1,0.1,0.1,0.1,0.5,0,17963,0.053109169,0.017981406,0,0,0,0,0,0,0,0,0,0,5,1.022967453
40841.51,0.504186716,0.5,7111,37,0.174,33.875,35.0625,37.33,0,0,0.25,0,0,20,0.5,5.5,0,0,0.1,0.1,0.1,0.1,0.1,0.1,0.5,0,18846,0.051894301,0.017987902,0,0,0,0,0,0,0,0,0,0,5,1.022967453
40901.56,0.52267827,0.5,7111,37,0.1997,33.75,35.125,37.19,0,0,0.07,0,0,20,0.5,5.5,0,0,0.1,0.1,0.1,0.1,0.1,0.1,0.5,0,18901,0.052272367,0.017935559,0,0,0,0,0,0,0,0,0,0,5,1.079877411
40961.62,0.528694161,0.5,7111,37,0.2107,33.75,35.125,37.11,0,0,0.07,0,0,20,0.5,5.5,0,0,0.1,0.1,0.1,0.1,0.1,0.1,0.5,0,21012,0.049638302,0.017133067,0,0,0,0,0,0,0,0,0,0,5,1.060215565
41021.66,0.52870326,0.5,7111,37,0.1682,33.6875,35.125,37.25,0,0,0.07,0,0,20,0.5,5.5,0,0,0.1,0.1,0.1,0.1,0.1,0.1,0.5,0,19236,0.052869619,0.018091079,0,0,0,0,0,0,0,0,0,0,5,1.007256413
41081.72,0.556068371,0.5,7111,37,0.1919,33.6875,35.125,37.13,0,0,0.07,0,0,20,0.5,5.5,0,0,0.1,0.1,0.1,0.1,0.1,0.1,0.5,0,19944,0.051744886,0.017549138,0,0,0,0,0,0,0,0,0,0,5,1.108285376
41141.8,0.540016856,0.5,7111,37,0.1541,33.625,35.125,37.25,0,0.02,0.25,0,0,20,0.5,5.5,0,0,0.1,0.1,0.1,0.1,0.1,0.1,0.5,0,18952,0.054189531,0.018309413,0,0,0,0,0,0,0,0,0,0,0.44,1.108285376
41201.87,0.519230223,0.5,7111,37,0.48625,33.5,35.125,36.23,0,0.02,0.15,0,0,20,0.5,5.5,0,0,0.1,0.1,0.1,0.1,0.1,0.1,0.5,0,20101,0.051191483,0.017561315,0,0,0,0,0,0,0,0,0,0,0.44,1.108285376
41261.94,0.478114007,0.5,7111,37,0.53165,33.375,35.125,36.15,0,0.02,0.15,0,0,20,0.5,5.5,0,0,0.1,0.1,0.1,0.1,0.1,0.1,0.5,0,18277,0.052908026,0.018110193,0,0,0,0,0,0,0,0,0,0,0.44,1.108285376
41322.01,0.429842444,0.5,7111,37,0.59325,33.4375,35.125,36.01,0,0,0.07,0,0,20,0.5,5.5,0,0,0.1,0.1,0.1,0.1,0.1,0.1,0.5,0,18010,0.051471405,0.017823431,0,0,0,0,0,0,0,0,0,0,5,1.108285376
41382.08,0.43960938,0.5,7111,37,0.3365,33.75,35.125,36.89,0,0,0.07,0,0,20,0.5,5.5,0,0,0.1,0.1,0.1,0.1,0.1,0.1,0.5,0,18876,0.049745709,0.017376563,0,0,0,0,0,0,0,0,0,0,5,1.108285376
41442.12,0.465480199,0.5,7111,37,0.2602,33.9375,35.1875,37.17,0,0,0.25,0,0,20,0.5,5.5,0,0,0.1,0.1,0.1,0.1,0.1,0.1,0.5,0,18699,0.050216589,0.01732713,0,0,0,0,0,0,0,0,0,0,5,1.108285376
41502.16,0.485921756,0.5,7111,37,0.1543,34,35.1875,37.53,0,0,0.07,0,0,20,0.5,5.5,0,0,0.1,0.1,0.1,0.1,0.1,0.1,0.5,0,17928,0.052153057,0.017737617,0,0,0,0,0,0,0,0,0,0,5,1.108285376
41562.2,0.465338263,0.5,7111,37,0.1693,34,35.125,37.41,0,0,0.07,0,0,20,0.5,5.5,0,0,0.1,0.1,0.1,0.1,0.1,0.1,0.5,0,17975,0.052573018,0.017969402,0,0,0,0,0,0,0,0,0,0,5,1.108285376
41622.25,0.48920549,0.5,7111,37,0.1552,33.9375,35.125,37.41,0,0,0.07,0,0,20,0.5,5.5,0,0,0.1,0.1,0.1,0.1,0.1,0.1,0.5,0,18595,0.052218338,0.01790804,0,0,0,0,0,0,0,0,0,0,5,1.108285376
41682.29,0.49769956,0.5,7111,37,0.14,33.9375,35.125,37.43,0,0,0.07,0,0,20,0.5,5.5,0,0,0.1,0.1,0.1,0.1,0.1,0.1,0.5,0,20129,0.050375081,0.01723881,0,0,0,0,0,0,0,0,0,0,5,1.104513029
41742.34,0.508460844,0.5,7111,37,0.1639,33.875,35.125,37.29,0,0,0.25,0,0,20,0.5,5.5,0,0,0.1,0.1,0.1,0.1,0.1,0.1,0.5,0,17650,0.055070822,0.018583569,0,0,0,0,0,0,0,0,0,0,5,1.113462203
41802.38,0.52552969,0.5,7111,37,0.1661,33.75,35.125,37.25,0,0,0.07,0,0,20,0.5,5.5,0,0,0.1,0.1,0.1,0.1,0.1,0.1,0.5,0,18613,0.053349809,0.018051899,0,0,0,0,0,0,0,0,0,0,5,1.156844523
41862.43,0.536975716,0.5,7111,37,0.211,33.75,35.0625,37.05,0,0,0.07,0,0,20,0.5,5.5,0,0,0.1,0.1,0.1,0.1,0.1,0.1,0.5,0,19269,0.052830972,0.018060097,0,0,0,0,0,0,0,0,0,0,5,1.163640856
41922.5,0.533929122,0.5,7111,37,0.1747,33.6875,35,37.17,0,0,0,0,0,20,0.5,5.5,0,0,0.1,0.1,0.1,0.1,0.1,0.1,0.5,0,20211,0.051259215,0.017663649,0,0,0,0,0,0,0,0,0,0,5,1.088389496
41982.59,0.553745813,0.5,7111,37,0.182,33.625,35,37.13,0,0,0,0,0,20,0.5,5.5,0,0,0.1,0.1,0.1,0.1,0.1,0.1,0.5,0,20495,0.051524762,0.01756526,0,0,0,0,0,0,0,0,0,0,5,1.143298
42042.63,0.563219187,0.5,7111,37,0.325225,33.625,34.9375,36.95,0,0.02,0.25,0,0,20,0.5,5.5,0,0,0.1,0.1,0.1,0.1,0.1,0.1,0.5,0,21119,0.051280837,0.01756712,0,0,0,0,0,0,0,0,0,0,0.44,1.143298
42102.7,0.508925508,0.5,7111,37,0.547825,33.4375,34.9375,35.99,0,0.02,0.15,0,0,20,0.5,5.5,0,0,0.1,0.1,0.1,0.1,0.1,0.1,0.5,0,20042,0.051242391,0.017413432,0,0,0,0,0,0,0,0,0,0,0.44,1.143298
42162.77,0.456766467,0.5,7111,37,0.596670805,33.3125,34.9375,35.89,0,0.015357818,0.131431273,0,0,20,0.5,5.5,0,0,0.1,0.1,0.1,0.1,0.1,0.1,0.5,0,17522,0.053361488,0.018034471,0,0,0,0,0,0,0,0,0,0,0.44,1.143298
42222.82,0.411034555,0.5,7111,37,0.528,33.4375,34.9375,36.13,0,0,0.07,0,0,20,0.5,5.5,0,0,0.1,0.1,0.1,0.1,0.1,0.1,0.5,0,17272,0.052396943,0.01783233,0,0,0,0,0,0,0,0,0,0,5,1.143298
42282.92,0.43136801,0.5,7111,37,0.3305,33.6875,34.9375,36.95,0,0,0.07,0,0,20,0.5,5.5,0,0,0.1,0.1,0.1,0.1,0.1,0.1,0.5,0,18049,0.050972353,0.017784919,0,0,0,0,0,0,0,0,0,0,5,1.143298
42342.95,0.449353332,0.5,7111,37,0.2329,33.9375,35,37.29,0,0,0.25,0,0,20,0.5,5.5,0,0,0.1,0.1,0.1,0.1,0.1,0.1,0.5,0,18643,0.050099233,0.017432817,0,0,0,0,0,0,0,0,0,0,5,1.143298
42402.98,0.462324264,0.5,7111,37,0.1888,33.9375,35,37.41,0,0,0.07,0,0,20,0.5,5.5,0,0,0.1,0.1,0.1,0.1,0.1,0.1,0.5,0,18931,0.050182241,0.017484549,0,0,0,0,0,0,0,0,0,0,5,1.143298
42463.03,0.462124572,0.5,7111,37,0.167,33.9375,35.0625,37.43,0,0,0.07,0,0,20,0.5,5.5,0,0,0.1,0.1,0.1,0.1,0.1,0.1,0.5,0,18685,0.050682366,0.017714744,0,0,0,0,0,0,0,0,0,0,5,1.143298
42523.11,0.48365581,0.5,7111,37,0.1579,33.9375,35.0625,37.41,0,0,0.07,0,0,20,0.5,5.5,0,0,0.1,0.1,0.1,0.1,0.1,0.1,0.5,0,19401,0.050409773,0.017576414,0,0,0,0,0,0,0,0,0,0,5,1.143298
42583.18,0.481978754,0.5,7111,37,0.158,33.875,35.0625,37.37,0,0,0.07,0,0,20,0.5,5.5,0,0,0.1,0.1,0.1,0.1,0.1,0.1,0.5,0,18082,0.052925561,0.017918372,0,0,0,0,0,0,0,0,0,0,5,1.075712649
42643.25,0.499069671,0.5,7111,37,0.179,33.75,35.0625,37.25,0,0,0.25,0,0,20,0.5,5.5,0,0,0.1,0.1,0.1,0.1,0.1,0.1,0.5,0,18787,0.052376643,0.017778251,0,0,0,0,0,0,0,0,0,0,5,1.126464035
42703.28,0.51639887,0.5,7111,37,0.1874,33.75,35.125,37.19,0,0,0.07,0,0,20,0.5,5.5,0,0,0.1,0.1,0.1,0.1,0.1,0.1,0.5,0,19736,0.051226186,0.017632752,0,0,0,0,0,0,0,0,0,0,5,1.172542124
42763.33,0.515586403,0.5,7111,37,0.1555,33.6875,35.125,37.29,0,0,0.07,0,0,20,0.5,5.5,0,0,0.1,0.1,0.1,0.1,0.1,0.1,0.5,0,19877,0.051315591,0.017557982,0,0,0,0,0,0,0,0,0,0,5,1.109191307
42823.37,0.539100992,0.5,7111,37,0.218,33.6875,35.125,37.01,0,0,0,0,0,20,0.5,5.5,0,0,0.1,0.1,0.1,0.1,0.1,0.1,0.5,0,19557,0.052206371,0.017947538,0,0,0,0,0,0,0,0,0,0,5,1.18752581
42883.42,0.537043147,0.5,7111,37,0.2097,33.625,35.125,37.03,0,0,0,0,0,20,0.5,5.5,0,0,0.1,0.1,0.1,0.1,0.1,0.1,0.5,0,21205,0.050176845,0.017401556,0,0,0,0,0,0,0,0,0,0,5,1.116676069
42943.5,0.546154796,0.5,7111,37,0.1702,33.625,35.1875,37.17,0,0,0,0,0,20,0.5,5.5,0,0,0.1,0.1,0.1,0.1,0.1,0.1,0.5,0,19241,0.054259134,0.01813835,0,0,0,0,0,0,0,0,0,0,5,1.111314283
43003.54,0.565867534,0.5,7111,37,0.31645,33.625,35.125,36.95,0,0.02,0.15,0,0,20,0.5,5.5,0,0,0.1,0.1,0.1,0.1,0.1,0.1,0.5,0,20540,0.052142162,0.017624148,0,0,0,0,0,0,0,0,0,0,0.44,1.111314283
43063.61,0.518762422,0.5,7111,37,0.43295,33.4375,35.125,36.45,0,0.02,0.15,0,0,20,0.5,5.5,0,0,0.1,0.1,0.1,0.1,0.1,0.1,0.5,0,19706,0.052522074,0.017761088,0,0,0,0,0,0,0,0,0,0,0.44,1.111314283
43123.67,0.467843056,0.5,7111,37,0.594125,33.375,35.1875,35.81,0,0.02,0.15,0,0,20,0.5,5.5,0,0,0.1,0.1,0.1,0.1,0.1,0.1,0.5,0,19145,0.051240533,0.017393575,0,0,0,0,0,0,0,0,0,0,0.44,1.111314283
43183.74,0.432161754,0.5,7111,37,0.5853,33.375,35.1875,35.89,0,0,0.07,0,0,20,0.5,5.5,0,0,0.1,0.1,0.1,0.1,0.1,0.1,0.5,0,18134,0.050843719,0.01764641,0,0,0,0,0,0,0,0,0,0,5,1.111314283
43243.81,0.436569907,0.5,7111,37,0.3764,33.625,35.1875,36.77,0,0,0.25,0,0,20,0.5,5.5,0,0,0.1,0.1,0.1,0.1,0.1,0.1,0.5,0,17163,0.05249665,0.017887316,0,0,0,0,0,0,0,0,0,0,5,1.111314283
43303.85,0.432453299,0.5,7111,37,0.2233,33.8125,35.125,37.35,0,0,0.07,0,0,20,0.5,5.5,0,0,0.1,0.1,0.1,0.1,0.1,0.1,0.5,0,18113,0.050792249,0.017722078,0,0,0,0,0,0,0,0,0,0,5,1.111314283
43363.89,0.449351477,0.5,7111,37,0.1653,34,35.0625,37.51,0,0,0.07,0,0,20,0.5,5.5,0,0,0.1,0.1,0.1,0.1,0.1,0.1,0.5,0,17756,0.05186979,0.017796801,0,0,0,0,0,0,0,0,0,0,5,1.111314283
43423.94,0.4574097,0.5,7111,37,0.1741,34,35.0625,37.41,0,0,0.07,0,0,20,0.5,5.5,0,0,0.1,0.1,0.1,0.1,0.1,0.1,0.5,0,19880,0.048943662,0.017002012,0,0,0,0,0,0,0,0,0,0,5,1.111314283
43483.98,0.474958787,0.5,7111,37,0.1783,33.9375,35,37.35,0,0,0.07,0,0,20,0.5,5.5,0,0,0.1,0.1,0.1,0.1,0.1,0.1,0.5,0,19103,0.050725017,0.017431817,0,0,0,0,0,0,0,0,0,0,5,1.111314283
43544.02,0.491799394,0.5,7111,37,0.1463,33.875,35,37.43,0,0,0.25,0,0,20,0.5,5.5,0,0,0.1,0.1,0.1,0.1,0.1,0.1,0.5,0,18342,0.052011776,0.017718897,0,0,0,0,0,0,0,0,0,0,5,1.160277149
43604.06,0.495840477,0.5,7111,37,0.2162,33.8125,34.9375,37.13,0,0,0.07,0,0,20,0.5,5.5,0,0,0.1,0.1,0.1,0.1,0.1,0.1,0.5,0,18527,0.052463972,0.017757867,0,0,0,0,0,0,0,0,0,0,5,1.126813372
43664.09,0.501019288,0.5,7111,37,0.2211,33.75,34.9375,37.09,0,0,0.07,0,0,20,0.5,5.5,0,0,0.1,0.1,0.1,0.1,0.1,0.1,0.5,0,19600,0.050918367,0.01755102,0,0,0,0,0,0,0,0,0,0,5,1.101643733
43724.16,0.512197511,0.5,7111,37,0.1757,33.75,34.9375,37.25,0,0,0.07,0,0,20,0.5,5.5,0,0,0.1,0.1,0.1,0.1,0.1,0.1,0.5,0,19849,0.051085697,0.017481989,0,0,0,0,0,0,0,0,0,0,5,1.112758691
43784.2,0.536620719,0.5,7111,37,0.1811,33.6875,35,37.19,0,0,0,0,0,20,0.5,5.5,0,0,0.1,0.1,0.1,0.1,0.1,0.1,0.5,0,19685,0.051714503,0.017729235,0,0,0,0,0,0,0,0,0,0,5,1.196864459
43844.26,0.531963454,0.5,7111,37,0.231,33.625,35.0625,36.97,0,0,0,0,0,20,0.5,5.5,0,0,0.1,0.1,0.1,0.1,0.1,0.1,0.5,0,19289,0.053346467,0.018041371,0,0,0,0,0,0,0,0,0,0,5,1.110870963
43904.33,0.51894681,0.5,7111,37,0.19,33.625,35.0625,37.11,0,0,0,0,0,20,0.5,5.5,0,0,0.1,0.1,0.1,0.1,0.1,0.1,0.5,0,19599,0.05285984,0.0179601,0,0,0,0,0,0,0,0,0,0,5,0.981007221
43964.38,0.54627763,0.5,7111,37,0.20955,33.625,35.125,36.97,0,0,0,0,0,20,0.5,5.5,0,0,0.1,0.1,0.1,0.1,0.1,0.1,0.5,0,18768,0.054507673,0.018329071,0,0,0,0,0,0,0,0,0,0,5,1.08593466
44024.45,0.560089078,0.5,7111,37,0.28205,33.625,35.125,37.11,0,0.02,0.15,0,0,20,0.5,5.5,0,0,0.1,0.1,0.1,0.1,0.1,0.1,0.5,0,20239,0.052571767,0.01778744,0,0,0,0,0,0,0,0,0,0,0.44,1.08593466
44084.5,0.499812099,0.5,7111,37,0.47185,33.375,35.125,36.29,0,0.02,0.15,0,0,20,0.5,5.5,0,0,0.1,0.1,0.1,0.1,0.1,0.1,0.5,0,19671,0.051497128,0.017487672,0,0,0,0,0,0,0,0,0,0,0.44,1.08593466
44144.57,0.447348692,0.5,7111,37,0.5243,33.25,35.125,35.99,0,0,0.25,0,0,20,0.5,5.5,0,0,0.1,0.1,0.1,0.1,0.1,0.1,0.5,0,18748,0.051632174,0.017548539,0,0,0,0,0,0,0,0,0,0,5,1.08593466
44204.61,0.457305416,0.5,7111,37,0.3728,33.4375,35.125,36.65,0,0,0.07,0,0,20,0.5,5.5,0,0,0.1,0.1,0.1,0.1,0.1,0.1,0.5,0,19587,0.050237402,0.017358452,0,0,0,0,0,0,0,0,0,0,5,1.08593466
44264.7,0.465726023,0.5,7111,37,0.228,33.6875,35.125,37.21,0,0,0.07,0,0,20,0.5,5.5,0,0,0.1,0.1,0.1,0.1,0.1,0.1,0.5,0,18828,0.051572127,0.017473975,0,0,0,0,0,0,0,0,0,0,5,1.08593466
44324.78,0.487916037,0.5,7111,37,0.2081,33.875,35.1875,37.25,0,0,0.07,0,0,20,0.5,5.5,0,0,0.1,0.1,0.1,0.1,0.1,0.1,0.5,0,18959,0.051743235,0.01788069,0,0,0,0,0,0,0,0,0,0,5,1.08593466
44384.84,0.510205589,0.5,7111,37,0.1923,33.875,35.125,37.27,0,0,0.07,0,0,20,0.5,5.5,0,0,0.1,0.1,0.1,0.1,0.1,0.1,0.5,0,18414,0.053057456,0.018084066,0,0,0,0,0,0,0,0,0,0,5,1.08593466
44444.89,0.519718598,0.5,7111,37,0.1662,33.8125,35.125,37.33,0,0,0.25,0,0,20,0.5,5.5,0,0,0.1,0.1,0.1,0.1,0.1,0.1,0.5,0,18508,0.053652475,0.018100281,0,0,0,0,0,0,0,0,0,0,5,1.08593466
44504.93,0.519669686,0.5,7111,37,0.171,33.75,35.125,37.27,0,0,0.07,0,0,20,0.5,5.5,0,0,0.1,0.1,0.1,0.1,0.1,0.1,0.5,0,19567,0.051770839,0.017631727,0,0,0,0,0,0,0,0,0,0,5,1.031355579
44565,0.533922049,0.5,7111,37,0.1617,33.75,35.1875,37.27,0,0,0.07,0,0,20,0.5,5.5,0,0,0.1,0.1,0.1,0.1,0.1,0.1,0.5,0,19726,0.052164656,0.017590997,0,0,0,0,0,0,0,0,0,0,5,1.060957186
44625.04,0.530069212,0.5,7111,37,0.1751,33.75,35.1875,37.19,0,0,0.07,0,0,20,0.5,5.5,0,0,0.1,0.1,0.1,0.1,0.1,0.1,0.5,0,19327,0.053034615,0.018212863,0,0,0,0,0,0,0,0,0,0,5,0.986182527
44685.1,0.53749265,0.5,7111,37,0.2342,33.6875,35.125,36.95,0,0,0.07,0,0,20,0.5,5.5,0,0,0.1,0.1,0.1,0.1,0.1,0.1,0.5,0,20646,0.051777584,0.017630534,0,0,0,0,0,0,0,0,0,0,5,0.978595896
44745.17,0.555187534,0.5,7111,37,0.16605,33.6875,35.125,37.01,0,0,0,0,0,20,0.5,5.5,0,0,0.1,0.1,0.1,0.1,0.1,0.1,0.5,0,20261,0.053205666,0.018014905,0,0,0,0,0,0,0,0,0,0,5,1.026838716
44805.22,0.562582104,0.5,7111,37,0.284125,33.625,35.1875,37.09,0,0.02,0.15,0,0,20,0.5,5.5,0,0,0.1,0.1,0.1,0.1,0.1,0.1,0.5,0,19723,0.054200679,0.018303504,0,0,0,0,0,0,0,0,0,0,0.44,1.026838716
44865.28,0.486965699,0.5,7111,37,0.521802797,33.375,35.125,36.05,0,0.018639047,0.144556189,0,0,20,0.5,5.5,0,0,0.1,0.1,0.1,0.1,0.1,0.1,0.5,0,18331,0.053734112,0.018165948,0,0,0,0,0,0,0,0,0,0,0.44,1.026838716
44925.34,0.455757945,0.5,7111,37,0.4861,33.3125,35.125,36.15,0,0,0.07,0,0,20,0.5,5.5,0,0,0.1,0.1,0.1,0.1,0.1,0.1,0.5,0,19738,0.050562367,0.017225656,0,0,0,0,0,0,0,0,0,0,5,1.026838716
44985.41,0.477371509,0.5,7111,37,0.3083,33.5625,35,36.89,0,0,0.07,0,0,20,0.5,5.5,0,0,0.1,0.1,0.1,0.1,0.1,0.1,0.5,0,18662,0.052298789,0.017790162,0,0,0,0,0,0,0,0,0,0,5,1.026838716
45045.47,0.501888863,0.5,7111,37,0.2632,33.75,35.0625,37.05,0,0,0.25,0,0,20,0.5,5.5,0,0,0.1,0.1,0.1,0.1,0.1,0.1,0.5,0,18724,0.052446059,0.018051698,0,0,0,0,0,0,0,0,0,0,5,1.026838716
45105.55,0.51707498,0.5,7111,37,0.181,33.75,34.9375,37.35,0,0,0.07,0,0,20,0.5,5.5,0,0,0.1,0.1,0.1,0.1,0.1,0.1,0.5,0,18826,0.052374376,0.017847657,0,0,0,0,0,0,0,0,0,0,5,1.026838716
45165.58,0.519526768,0.5,7111,37,0.1334,33.8125,34.9375,37.49,0,0,0.07,0,0,20,0.5,5.5,0,0,0.1,0.1,0.1,0.1,0.1,0.1,0.5,0,19414,0.052230349,0.017719172,0,0,0,0,0,0,0,0,0,0,5,1.026838716
45225.65,0.537888759,0.5,7111,37,0.1223,33.8125,34.9375,37.49,0,0,0.07,0,0,20,0.5,5.5,0,0,0.1,0.1,0.1,0.1,0.1,0.1,0.5,0,19719,0.052335311,0.017952229,0,0,0,0,0,0,0,0,0,0,5,1.026838716
45285.7,0.518142968,0.5,7111,37,0.1742,33.75,34.875,37.25,0,0,0.07,0,0,20,0.5,5.5,0,0,0.1,0.1,0.1,0.1,0.1,0.1,0.5,0,19746,0.052618252,0.017877038,0,0,0,0,0,0,0,0,0,0,5,0.863295084
45345.75,0.551354404,0.5,7111,37,0.1579,33.6875,34.875,37.29,0,0,0.25,0,0,20,0.5,5.5,0,0,0.1,0.1,0.1,0.1,0.1,0.1,0.5,0,19906,0.05294886,0.018034763,0,0,0,0,0,0,0,0,0,0,5,1.006510129
45405.8,0.54529686,0.5,7111,37,0.301225,33.625,34.9375,37.13,0,0.02,0.15,0,0,20,0.5,5.5,0,0,0.1,0.1,0.1,0.1,0.1,0.1,0.5,0,20986,0.051224626,0.017678452,0,0,0,0,0,0,0,0,0,0,0.44,1.006510129
45465.84,0.530367891,0.5,7111,37,0.4598,33.4375,35,36.41,0,0.02,0.15,0,0,20,0.5,5.5,0,0,0.1,0.1,0.1,0.1,0.1,0.1,0.5,0,19994,0.052115635,0.017855357,0,0,0,0,0,0,0,0,0,0,0.44,1.006510129
45525.89,0.467332499,0.5,7111,37,0.502175,33.375,35.0625,36.31,0,0.02,0.15,0,0,20,0.5,5.5,0,0,0.1,0.1,0.1,0.1,0.1,0.1,0.5,0,19797,0.050967318,0.017527908,0,0,0,0,0,0,0,0,0,0,0.44,1.006510129
45585.93,0.430078897,0.5,7111,37,0.5917,33.375,35.0625,35.85,0,0,0.07,0,0,20,0.5,5.5,0,0,0.1,0.1,0.1,0.1,0.1,0.1,0.5,0,17908,0.05209962,0.017757427,0,0,0,0,0,0,0,0,0,0,5,1.006510129
45646.02,0.44469362,0.5,7111,37,0.3433,33.625,35.0625,36.87,0,0,0.25,0,0,20,0.5,5.5,0,0,0.1,0.1,0.1,0.1,0.1,0.1,0.5,0,17335,0.052956446,0.017882896,0,0,0,0,0,0,0,0,0,0,5,1.006510129
45706.09,0.447973515,0.5,7111,37,0.2096,33.8125,35.0625,37.37,0,0,0.07,0,0,20,0.5,5.5,0,0,0.1,0.1,0.1,0.1,0.1,0.1,0.5,0,18725,0.050574099,0.017676903,0,0,0,0,0,0,0,0,0,0,5,1.006510129
45766.2,0.477571775,0.5,7111,37,0.1549,33.9375,35.125,37.53,0,0,0.07,0,0,20,0.5,5.5,0,0,0.1,0.1,0.1,0.1,0.1,0.1,0.5,0,18031,0.052076979,0.017913593,0,0,0,0,0,0,0,0,0,0,5,1.006510129
45826.3,0.477694511,0.5,7111,37,0.1932,33.9375,35.125,37.33,0,0,0.07,0,0,20,0.5,5.5,0,0,0.1,0.1,0.1,0.1,0.1,0.1,0.5,0,18488,0.052304197,0.017795327,0,0,0,0,0,0,0,0,0,0,5,1.006510129
45886.36,0.482848608,0.5,7111,37,0.1715,33.9375,35.125,37.37,0,0,0.07,0,0,20,0.5,5.5,0,0,0.1,0.1,0.1,0.1,0.1,0.1,0.5,0,17416,0.05426045,0.018259072,0,0,0,0,0,0,0,0,0,0,5,1.006510129
45946.42,0.502360821,0.5,7111,37,0.1869,33.875,35.1875,37.27,0,0,0.25,0,0,20,0.5,5.5,0,0,0.1,0.1,0.1,0.1,0.1,0.1,0.5,0,19027,0.052136438,0.017711673,0,0,0,0,0,0,0,0,0,0,5,1.075031014
46006.46,0.499458328,0.5,7111,37,0.1596,33.8125,35.125,37.33,0,0,0.07,0,0,20,0.5,5.5,0,0,0.1,0.1,0.1,0.1,0.1,0.1,0.5,0,19651,0.051549539,0.01775991,0,0,0,0,0,0,0,0,0,0,5,1.003896079
46066.54,0.524953985,0.5,7111,37,0.1444,33.8125,35.125,37.35,0,0,0.07,0,0,20,0.5,5.5,0,0,0.1,0.1,0.1,0.1,0.1,0.1,0.5,0,19241,0.052492074,0.018034406,0,0,0,0,0,0,0,0,0,0,5,1.103060611
46126.59,0.535138742,0.5,7111,37,0.1775,33.6875,35.125,37.19,0,0,0.07,0,0,20,0.5,5.5,0,0,0.1,0.1,0.1,0.1,0.1,0.1,0.5,0,20134,0.05180292,0.017582199,0,0,0,0,0,0,0,0,0,0,5,1.105553878
46186.65,0.545300531,0.5,7111,37,0.16935,33.6875,35.125,37.05,0,0,0,0,0,20,0.5,5.5,0,0,0.1,0.1,0.1,0.1,0.1,0.1,0.5,0,20097,0.052246604,0.017913121,0,0,0,0,0,0,0,0,0,0,5,1.106709277
46246.7,0.533603784,0.5,7111,37,0.21515,33.625,35.1875,36.95,0,0,0,0,0,20,0.5,5.5,0,0,0.1,0.1,0.1,0.1,0.1,0.1,0.5,0,20326,0.052248352,0.017711306,0,0,0,0,0,0,0,0,0,0,5,0.986323343
46306.78,0.556547667,0.5,7111,37,0.15005,33.625,35.125,37.13,0,0,0,0,0,20,0.5,5.5,0,0,0.1,0.1,0.1,0.1,0.1,0.1,0.5,0,19180,0.054483837,0.018456726,0,0,0,0,0,0,0,0,0,0,5,1.063304886
46366.82,0.575141782,0.5,7111,37,0.34205,33.625,35.125,36.81,0,0.02,0.15,0,0,20,0.5,5.5,0,0,0.1,0.1,0.1,0.1,0.1,0.1,0.5,0,19818,0.053890403,0.018266223,0,0,0,0,0,0,0,0,0,0,0.44,1.063304886
46426.87,0.500231654,0.5,7111,37,0.50075,33.375,35.125,36.15,0,0.02,0.15,0,0,20,0.5,5.5,0,0,0.1,0.1,0.1,0.1,0.1,0.1,0.5,0,18924,0.054005496,0.018125132,0,0,0,0,0,0,0,0,0,0,0.44,1.063304886
46486.92,0.438298988,0.5,7111,37,0.622497746,33.3125,35.1875,35.63,0,0.000359545,0.071438178,0,0,20,0.5,5.5,0,0,0.1,0.1,0.1,0.1,0.1,0.1,0.5,0,19181,0.050987957,0.017517335,0,0,0,0,0,0,0,0,0,0,0.44,1.063304886
46546.98,0.454979768,0.5,7111,37,0.4027,33.5,35.1875,36.57,0,0,0.25,0,0,20,0.5,5.5,0,0,0.1,0.1,0.1,0.1,0.1,0.1,0.5,0,18755,0.051719541,0.017595308,0,0,0,0,0,0,0,0,0,0,5,1.063304886
46607.04,0.479967651,0.5,7111,37,0.2011,33.6875,35.125,37.35,0,0,0.07,0,0,20,0.5,5.5,0,0,0.1,0.1,0.1,0.1,0.1,0.1,0.5,0,19059,0.051209402,0.017576998,0,0,0,0,0,0,0,0,0,0,5,1.063304886
46667.08,0.482306235,0.5,7111,37,0.1626,33.875,35.0625,37.45,0,0,0.07,0,0,20,0.5,5.5,0,0,0.1,0.1,0.1,0.1,0.1,0.1,0.5,0,17806,0.054026733,0.018420757,0,0,0,0,0,0,0,0,0,0,5,1.063304886
46727.14,0.491357485,0.5,7111,37,0.2154,33.875,35,37.21,0,0,0.07,0,0,20,0.5,5.5,0,0,0.1,0.1,0.1,0.1,0.1,0.1,0.5,0,18794,0.052623178,0.017931255,0,0,0,0,0,0,0,0,0,0,5,1.063304886
46787.19,0.514765432,0.5,7111,37,0.1696,33.875,35.0625,37.35,0,0,0.07,0,0,20,0.5,5.5,0,0,0.1,0.1,0.1,0.1,0.1,0.1,0.5,0,19352,0.052294337,0.017827615,0,0,0,0,0,0,0,0,0,0,5,1.063304886
46847.26,0.52381239,0.5,7111,37,0.1779,33.875,34.9375,37.27,0,0,0.25,0,0,20,0.5,5.5,0,0,0.1,0.1,0.1,0.1,0.1,0.1,0.5,0,19072,0.053166946,0.017879614,0,0,0,0,0,0,0,0,0,0,5,1.063304886
46907.31,0.521509784,0.5,7111,37,0.1689,33.75,34.9375,37.27,0,0,0.07,0,0,20,0.5,5.5,0,0,0.1,0.1,0.1,0.1,0.1,0.1,0.5,0,20220,0.051978239,0.017556874,0,0,0,0,0,0,0,0,0,0,5,0.996922991
46967.35,0.536942609,0.5,7111,37,0.1994,33.6875,34.875,37.13,0,0,0.07,0,0,20,0.5,5.5,0,0,0.1,0.1,0.1,0.1,0.1,0.1,0.5,0,19051,0.054327857,0.018319248,0,0,0,0,0,0,0,0,0,0,5,1.034566377
47027.39,0.547504681,0.5,7111,37,0.1507,33.6875,34.9375,37.29,0,0,0.07,0,0,20,0.5,5.5,0,0,0.1,0.1,0.1,0.1,0.1,0.1,0.5,0,20313,0.052478708,0.017722641,0,0,0,0,0,0,0,0,0,0,5,1.041277447
47087.45,0.549116081,0.5,7111,37,0.3007,33.6875,35,37.09,0,0.02,0.15,0,0,20,0.5,5.5,0,0,0.1,0.1,0.1,0.1,0.1,0.1,0.5,0,20183,0.053114007,0.017935887,0,0,0,0,0,0,0,0,0,0,0.44,1.041277447
47147.52,0.52246632,0.5,7111,37,0.485975,33.5,35.0625,36.25,0,0.02,0.25,0,0,20,0.5,5.5,0,0,0.1,0.1,0.1,0.1,0.1,0.1,0.5,0,19197,0.053393759,0.017971558,0,0,0,0,0,0,0,0,0,0,0.44,1.041277447
47207.59,0.468427506,0.5,7111,37,0.601675,33.3125,35.0625,35.85,0,0.02,0.15,0,0,20,0.5,5.5,0,0,0.1,0.1,0.1,0.1,0.1,0.1,0.5,0,18133,0.053107594,0.01803342,0,0,0,0,0,0,0,0,0,0,0.44,1.041277447
47267.64,0.38796773,0.5,7111,37,0.586,33.3125,35.0625,35.91,0,0,0.07,0,0,20,0.5,5.5,0,0,0.1,0.1,0.1,0.1,0.1,0.1,0.5,0,18211,0.050958212,0.017571797,0,0,0,0,0,0,0,0,0,0,5,1.041277447
47327.69,0.411486105,0.5,7111,37,0.3556,33.625,35.0625,36.87,0,0,0.07,0,0,20,0.5,5.5,0,0,0.1,0.1,0.1,0.1,0.1,0.1,0.5,0,18616,0.050064461,0.017458101,0,0,0,0,0,0,0,0,0,0,5,1.041277447
47387.76,0.450881571,0.5,7111,37,0.2637,33.875,35.125,37.21,0,0,0.07,0,0,20,0.5,5.5,0,0,0.1,0.1,0.1,0.1,0.1,0.1,0.5,0,17243,0.052775039,0.01797831,0,0,0,0,0,0,0,0,0,0,5,1.041277447
47447.84,0.45917194,0.5,7111,37,0.1958,34,35.125,37.43,0,0,0.25,0,0,20,0.5,5.5,0,0,0.1,0.1,0.1,0.1,0.1,0.1,0.5,0,17982,0.052052052,0.017739962,0,0,0,0,0,0,0,0,0,0,5,1.041277447
47507.9,0.447093689,0.5,7111,37,0.1961,34,35.125,37.37,0,0,0.07,0,0,20,0.5,5.5,0,0,0.1,0.1,0.1,0.1,0.1,0.1,0.5,0,16852,0.054414906,0.018514123,0,0,0,0,0,0,0,0,0,0,5,1.041277447
47567.96,0.472047161,0.5,7111,37,0.2023,34,35.1875,37.29,0,0,0.07,0,0,20,0.5,5.5,0,0,0.1,0.1,0.1,0.1,0.1,0.1,0.5,0,18875,0.050913907,0.017483444,0,0,0,0,0,0,0,0,0,0,5,1.041277447
47628.01,0.471326846,0.5,7111,37,0.1367,33.9375,35.1875,37.49,0,0,0.07,0,0,20,0.5,5.5,0,0,0.1,0.1,0.1,0.1,0.1,0.1,0.5,0,18211,0.052825216,0.017791445,0,0,0,0,0,0,0,0,0,0,5,0.984632262
47688.06,0.485369646,0.5,7111,37,0.1388,33.9375,35.1875,37.43,0,0,0.07,0,0,20,0.5,5.5,0,0,0.1,0.1,0.1,0.1,0.1,0.1,0.5,0,18642,0.05240854,0.017809248,0,0,0,0,0,0,0,0,0,0,5,1.023477543
47748.12,0.510494827,0.5,7111,37,0.1845,33.875,35.1875,37.21,0,0,0.25,0,0,20,0.5,5.5,0,0,0.1,0.1,0.1,0.1,0.1,0.1,0.5,0,19169,0.051750222,0.017736971,0,0,0,0,0,0,0,0,0,0,5,1.123712904
47808.17,0.495183451,0.5,7111,37,0.1528,33.75,35.1875,37.29,0,0,0.07,0,0,20,0.5,5.5,0,0,0.1,0.1,0.1,0.1,0.1,0.1,0.5,0,18763,0.053349678,0.01812077,0,0,0,0,0,0,0,0,0,0,5,0.97617065
47868.25,0.506204626,0.5,7111,37,0.18025,33.6875,35.125,37.11,0,0,0,0,0,20,0.5,5.5,0,0,0.1,0.1,0.1,0.1,0.1,0.1,0.5,0,18926,0.05336574,0.017911867,0,0,0,0,0,0,0,0,0,0,5,0.993400173
47928.32,0.515861368,0.5,7111,37,0.18695,33.625,35.125,36.89,0,0,0,0,0,20,0.5,5.5,0,0,0.1,0.1,0.1,0.1,0.1,0.1,0.5,0,18984,0.053466077,0.017962495,0,0,0,0,0,0,0,0,0,0,5,1.000421395
47988.42,0.525547759,0.5,7111,37,0.20575,33.625,35.0625,37.03,0,0,0,0,0,20,0.5,5.5,0,0,0.1,0.1,0.1,0.1,0.1,0.1,0.5,0,19106,0.053752748,0.018057155,0,0,0,0,0,0,0,0,0,0,5,1.006209345
48048.46,0.533510983,0.5,7111,37,0.16775,33.625,35.0625,37.01,0,0,0,0,0,20,0.5,5.5,0,0,0.1,0.1,0.1,0.1,0.1,0.1,0.5,0,21266,0.050644221,0.017351641,0,0,0,0,0,0,0,0,0,0,5,1.00101464
48108.51,0.56437894,0.5,7111,37,0.14325,33.625,35,37.17,0,0,0,0,0,20,0.5,5.5,0,0,0.1,0.1,0.1,0.1,0.1,0.1,0.5,0,18995,0.055119768,0.018373256,0,0,0,0,0,0,0,0,0,0,5,1.119702651
48168.54,0.565461114,0.5,7111,37,0.308425,33.5625,34.9375,37.01,0,0.02,0.15,0,0,20,0.5,5.5,0,0,0.1,0.1,0.1,0.1,0.1,0.1,0.5,0,19315,0.054724308,0.018379498,0,0,0,0,0,0,0,0,0,0,0.44,1.119702651
48228.58,0.541977753,0.5,7111,37,0.474625,33.3125,34.9375,36.29,0,0.02,0.15,0,0,20,0.5,5.5,0,0,0.1,0.1,0.1,0.1,0.1,0.1,0.5,0,18846,0.054600446,0.018306272,0,0,0,0,0,0,0,0,0,0,0.44,1.119702651
48288.64,0.45759186,0.5,7111,37,0.621925,33.25,34.9375,35.75,0,0.02,0.15,0,0,20,0.5,5.5,0,0,0.1,0.1,0.1,0.1,0.1,0.1,0.5,0,18871,0.052567432,0.017752106,0,0,0,0,0,0,0,0,0,0,0.44,1.119702651
48348.71,0.427495994,0.5,7111,37,0.5348,33.3125,34.9375,36.05,0,0,0.25,0,0,20,0.5,5.5,0,0,0.1,0.1,0.1,0.1,0.1,0.1,0.5,0,17785,0.052797301,0.017880236,0,0,0,0,0,0,0,0,0,0,5,1.119702651
48408.77,0.451494264,0.5,7111,37,0.3134,33.5,35,36.95,0,0,0.07,0,0,20,0.5,5.5,0,0,0.1,0.1,0.1,0.1,0.1,0.1,0.5,0,18043,0.052541152,0.018067949,0,0,0,0,0,0,0,0,0,0,5,1.119702651
48468.84,0.445485342,0.5,7111,37,0.2244,33.75,35.0625,37.27,0,0,0.07,0,0,20,0.5,5.5,0,0,0.1,0.1,0.1,0.1,0.1,0.1,0.5,0,18813,0.051294318,0.017594217,0,0,0,0,0,0,0,0,0,0,5,1.119702651
48528.91,0.470214084,0.5,7111,37,0.173,33.875,35.0625,37.43,0,0,0.07,0,0,20,0.5,5.5,0,0,0.1,0.1,0.1,0.1,0.1,0.1,0.5,0,18553,0.051959252,0.01789468,0,0,0,0,0,0,0,0,0,0,5,1.119702651
48588.96,0.499690843,0.5,7111,37,0.1851,33.9375,35.0625,37.33,0,0,0.07,0,0,20,0.5,5.5,0,0,0.1,0.1,0.1,0.1,0.1,0.1,0.5,0,20203,0.04969559,0.017225165,0,0,0,0,0,0,0,0,0,0,5,1.119702651
48648.99,0.480153283,0.5,7111,37,0.1643,33.875,35.0625,37.37,0,0,0.25,0,0,20,0.5,5.5,0,0,0.1,0.1,0.1,0.1,0.1,0.1,0.5,0,18961,0.052265176,0.017720584,0,0,0,0,0,0,0,0,0,0,5,1.119702651
48709.03,0.499109796,0.5,7111,37,0.11635,33.8125,35.125,37.25,0,0,0.07,0,0,20,0.5,5.5,0,0,0.1,0.1,0.1,0.1,0.1,0.1,0.5,0,18772,0.053004475,0.017898999,0,0,0,0,0,0,0,0,0,0,5,1.179879651
48769.1,0.500859507,0.5,7111,37,0.15195,33.6875,35.125,37.33,0,0,0.07,0,0,20,0.5,5.5,0,0,0.1,0.1,0.1,0.1,0.1,0.1,0.5,0,19141,0.052975289,0.018128624,0,0,0,0,0,0,0,0,0,0,5,1.131384265
48829.17,0.525243794,0.5,7111,37,0.24515,33.6875,35.125,37.25,0,0,0.07,0,0,20,0.5,5.5,0,0,0.1,0.1,0.1,0.1,0.1,0.1,0.5,0,20898,0.050579003,0.017322232,0,0,0,0,0,0,0,0,0,0,5,1.217425715
48889.23,0.526762464,0.5,7111,37,0.22185,33.625,35.125,37.33,0,0,0.07,0,0,20,0.5,5.5,0,0,0.1,0.1,0.1,0.1,0.1,0.1,0.5,0,18673,0.054838537,0.018368768,0,0,0,0,0,0,0,0,0,0,5,1.165216
48949.29,0.543273087,0.5,7111,37,0.16055,33.6875,35.0625,37.17,0,0,0,0,0,20,0.5,5.5,0,0,0.1,0.1,0.1,0.1,0.1,0.1,0.5,0,20186,0.052363024,0.017834142,0,0,0,0,0,0,0,0,0,0,5,1.199542404
49009.33,0.546622501,0.5,7111,37,0.30805,33.625,35.125,37.01,0,0.02,0.15,0,0,20,0.5,5.5,0,0,0.1,0.1,0.1,0.1,0.1,0.1,0.5,0,20250,0.052987654,0.01782716,0,0,0,0,0,0,0,0,0,0,0.44,1.199542404
49069.38,0.520442396,0.5,7111,37,0.50105,33.4375,35.125,36.15,0,0.02,0.15,0,0,20,0.5,5.5,0,0,0.1,0.1,0.1,0.1,0.1,0.1,0.5,0,20378,0.051428011,0.017567965,0,0,0,0,0,0,0,0,0,0,0.44,1.199542404
49129.42,0.447119592,0.5,7111,37,0.5783,33.375,35.125,35.81,0,0.00181117,0.077244682,0,0,20,0.5,5.5,0,0,0.1,0.1,0.1,0.1,0.1,0.1,0.5,0,18390,0.052800435,0.017890158,0,0,0,0,0,0,0,0,0,0,0.44,1.199542404
49189.49,0.455350369,0.5,7111,37,0.420549502,33.5,35.1875,36.55,0,0,0.07,0,0,20,0.5,5.5,0,0,0.1,0.1,0.1,0.1,0.1,0.1,0.5,0,19053,0.051487955,0.017530048,0,0,0,0,0,0,0,0,0,0,5,1.199542404
49249.54,0.471331375,0.5,7111,37,0.2653,33.75,35.125,37.05,0,0,0.25,0,0,20,0.5,5.5,0,0,0.1,0.1,0.1,0.1,0.1,0.1,0.5,0,18763,0.052230454,0.017907584,0,0,0,0,0,0,0,0,0,0,5,1.199542404
49309.61,0.500107128,0.5,7111,37,0.17975,33.8125,35.125,37.37,0,0,0.07,0,0,20,0.5,5.5,0,0,0.1,0.1,0.1,0.1,0.1,0.1,0.5,0,19299,0.051712524,0.017669309,0,0,0,0,0,0,0,0,0,0,5,1.199542404
49369.68,0.506835101,0.5,7111,37,0.15275,33.875,35.1875,37.27,0,0,0.07,0,0,20,0.5,5.5,0,0,0.1,0.1,0.1,0.1,0.1,0.1,0.5,0,18699,0.053157923,0.018075833,0,0,0,0,0,0,0,0,0,0,5,1.199542404
49429.73,0.527522826,0.5,7111,37,0.19725,33.8125,35.1875,37.17,0,0,0.07,0,0,20,0.5,5.5,0,0,0.1,0.1,0.1,0.1,0.1,0.1,0.5,0,18426,0.053945512,0.01812656,0,0,0,0,0,0,0,0,0,0,5,1.199542404
49489.8,0.512391452,0.5,7111,37,0.19125,33.75,35.125,37.29,0,0,0.07,0,0,20,0.5,5.5,0,0,0.1,0.1,0.1,0.1,0.1,0.1,0.5,0,19443,0.052718202,0.017898472,0,0,0,0,0,0,0,0,0,0,5,1.199542404
49549.85,0.52358437,0.5,7111,37,0.1664,33.8125,35.0625,37.25,0,0,0.25,0,0,20,0.5,5.5,0,0,0.1,0.1,0.1,0.1,0.1,0.1,0.5,0,18625,0.054604027,0.018469799,0,0,0,0,0,0,0,0,0,0,5,1.204393172
49609.9,0.54281009,0.5,7111,37,0.17855,33.6875,35.0625,37.05,0,0,0.07,0,0,20,0.5,5.5,0,0,0.1,0.1,0.1,0.1,0.1,0.1,0.5,0,20529,0.052413659,0.017925861,0,0,0,0,0,0,0,0,0,0,5,1.252357516
49669.97,0.554448832,0.5,7111,37,0.3317,33.625,35,36.95,0,0.02,0.15,0,0,20,0.5,5.5,0,0,0.1,0.1,0.1,0.1,0.1,0.1,0.5,0,21648,0.050720621,0.017415004,0,0,0,0,0,0,0,0,0,0,0.44,1.252357516
49730.05,0.512784765,0.5,7111,37,0.57365,33.375,34.875,35.89,0,0.02,0.15,0,0,20,0.5,5.5,0,0,0.1,0.1,0.1,0.1,0.1,0.1,0.5,0,18954,0.054078295,0.018149203,0,0,0,0,0,0,0,0,0,0,0.44,1.252357516
49790.12,0.452266638,0.5,7111,37,0.62525,33.25,34.875,35.83,0,0.02,0.15,0,0,20,0.5,5.5,0,0,0.1,0.1,0.1,0.1,0.1,0.1,0.5,0,19274,0.051260766,0.017536578,0,0,0,0,0,0,0,0,0,0,0.44,1.252357516
49850.15,0.427325027,0.5,7111,37,0.5116,33.3125,34.875,36.21,0,0,0.25,0,0,20,0.5,5.5,0,0,0.1,0.1,0.1,0.1,0.1,0.1,0.5,0,18335,0.051104445,0.017507499,0,0,0,0,0,0,0,0,0,0,5,1.252357516
49910.2,0.451108379,0.5,7111,37,0.34855,33.5625,34.8125,37.01,0,0,0.07,0,0,20,0.5,5.5,0,0,0.1,0.1,0.1,0.1,0.1,0.1,0.5,0,17987,0.051481626,0.017679435,0,0,0,0,0,0,0,0,0,0,5,1.252357516
49970.26,0.444465665,0.5,7111,37,0.22425,33.75,34.875,37.41,0,0,0.07,0,0,20,0.5,5.5,0,0,0.1,0.1,0.1,0.1,0.1,0.1,0.5,0,18031,0.052243359,0.017691753,0,0,0,0,0,0,0,0,0,0,5,1.252357516
50030.32,0.477350966,0.5,7111,37,0.12185,33.875,34.9375,37.43,0,0,0.07,0,0,20,0.5,5.5,0,0,0.1,0.1,0.1,0.1,0.1,0.1,0.5,0,18109,0.052183997,0.017670771,0,0,0,0,0,0,0,0,0,0,5,1.252357516
50090.37,0.483668212,0.5,7111,37,0.21135,33.875,34.9375,37.17,0,0,0.07,0,0,20,0.5,5.5,0,0,0.1,0.1,0.1,0.1,0.1,0.1,0.5,0,19071,0.051386923,0.017513502,0,0,0,0,0,0,0,0,0,0,5,1.252357516
50150.44,0.477923229,0.5,7111,37,0.2341,33.875,35,37.11,0,0,0.25,0,0,20,0.5,5.5,0,0,0.1,0.1,0.1,0.1,0.1,0.1,0.5,0,20251,0.049627179,0.017184337,0,0,0,0,0,0,0,0,0,0,5,1.252357516
50210.49,0.493558416,0.5,7111,37,0.16355,33.75,35.0625,37.27,0,0,0.07,0,0,20,0.5,5.5,0,0,0.1,0.1,0.1,0.1,0.1,0.1,0.5,0,19377,0.051297931,0.017753006,0,0,0,0,0,0,0,0,0,0,5,1.286312979
50270.53,0.505221291,0.5,7111,37,0.15595,33.75,35,37.17,0,0,0.07,0,0,20,0.5,5.5,0,0,0.1,0.1,0.1,0.1,0.1,0.1,0.5,0,18851,0.052729298,0.017877036,0,0,0,0,0,0,0,0,0,0,5,1.292063263
50330.6,0.499510477,0.5,7111,37,0.18375,33.6875,35.0625,37.19,0,0,0.07,0,0,20,0.5,5.5,0,0,0.1,0.1,0.1,0.1,0.1,0.1,0.5,0,19533,0.052321712,0.017816004,0,0,0,0,0,0,0,0,0,0,5,1.193356215
50390.67,0.519581687,0.5,7111,37,0.17865,33.625,35.125,37.19,0,0,0.07,0,0,20,0.5,5.5,0,0,0.1,0.1,0.1,0.1,0.1,0.1,0.5,0,19192,0.05309504,0.01808045,0,0,0,0,0,0,0,0,0,0,5,1.25187481
50450.72,0.522456014,0.5,7111,37,0.19765,33.625,35.0625,37.11,0,0,0,0,0,20,0.5,5.5,0,0,0.1,0.1,0.1,0.1,0.1,0.1,0.5,0,19608,0.052682579,0.018104855,0,0,0,0,0,0,0,0,0,0,5,1.20583134
50510.76,0.537240529,0.5,7111,37,0.19075,33.625,35.125,37.05,0,0,0,0,0,20,0.5,5.5,0,0,0.1,0.1,0.1,0.1,0.1,0.1,0.5,0,19378,0.053617504,0.01795851,0,0,0,0,0,0,0,0,0,0,5,1.229255101
50570.8,0.547537973,0.5,7111,37,0.17275,33.625,35.125,37.03,0,0,0,0,0,20,0.5,5.5,0,0,0.1,0.1,0.1,0.1,0.1,0.1,0.5,0,19377,0.054136347,0.018114259,0,0,0,0,0,0,0,0,0,0,5,1.224750074
50630.85,0.54643842,0.5,7111,37,0.373875,33.5625,35.0625,36.71,0,0.02,0.15,0,0,20,0.5,5.5,0,0,0.1,0.1,0.1,0.1,0.1,0.1,0.5,0,20472,0.053096913,0.017926925,0,0,0,0,0,0,0,0,0,0,0.44,1.224750074
50690.92,0.492035087,0.5,7111,37,0.625135775,33.375,35.125,35.61,0,0.01767899,0.14071596,0,0,20,0.5,5.5,0,0,0.1,0.1,0.1,0.1,0.1,0.1,0.5,0,17742,0.055630707,0.018769023,0,0,0,0,0,0,0,0,0,0,0.44,1.224750074
50750.97,0.432757911,0.5,7111,37,0.5856,33.25,35.125,35.83,0,0,0.25,0,0,20,0.5,5.5,0,0,0.1,0.1,0.1,0.1,0.1,0.1,0.5,0,17865,0.053008676,0.017968094,0,0,0,0,0,0,0,0,0,0,5,1.224750074
50811.04,0.468835661,0.5,7111,37,0.37525,33.5,35.125,36.73,0,0,0.07,0,0,20,0.5,5.5,0,0,0.1,0.1,0.1,0.1,0.1,0.1,0.5,0,18776,0.051714955,0.017575628,0,0,0,0,0,0,0,0,0,0,5,1.224750074
50871.09,0.466714742,0.5,7111,37,0.18365,33.75,35.125,37.33,0,0,0.07,0,0,20,0.5,5.5,0,0,0.1,0.1,0.1,0.1,0.1,0.1,0.5,0,18577,0.052322765,0.017925392,0,0,0,0,0,0,0,0,0,0,5,1.224750074
50931.14,0.467808915,0.5,7111,37,0.25295,33.875,35.125,37.33,0,0,0.07,0,0,20,0.5,5.5,0,0,0.1,0.1,0.1,0.1,0.1,0.1,0.5,0,18580,0.052529602,0.01803014,0,0,0,0,0,0,0,0,0,0,5,1.224750074
50991.17,0.496571131,0.5,7111,37,0.17155,33.9375,35.125,37.37,0,0,0.07,0,0,20,0.5,5.5,0,0,0.1,0.1,0.1,0.1,0.1,0.1,0.5,0,18402,0.053037713,0.017932833,0,0,0,0,0,0,0,0,0,0,5,1.224750074
51051.27,0.496656311,0.5,7111,37,0.1616,33.875,35.0625,37.37,0,0,0.25,0,0,20,0.5,5.5,0,0,0.1,0.1,0.1,0.1,0.1,0.1,0.5,0,18739,0.052991088,0.018090613,0,0,0,0,0,0,0,0,0,0,5,1.224750074
51111.34,0.510397474,0.5,7111,37,0.16665,33.875,35.0625,37.29,0,0,0.07,0,0,20,0.5,5.5,0,0,0.1,0.1,0.1,0.1,0.1,0.1,0.5,0,19429,0.052292964,0.017705492,0,0,0,0,0,0,0,0,0,0,5,1.245387138
51171.43,0.51961433,0.5,7111,37,0.17115,33.8125,35,37.11,0,0,0.07,0,0,20,0.5,5.5,0,0,0.1,0.1,0.1,0.1,0.1,0.1,0.5,0,21100,0.050473934,0.017393365,0,0,0,0,0,0,0,0,0,0,5,1.236809025
51231.47,0.53366894,0.5,7111,37,0.14925,33.6875,35,37.27,0,0,0.07,0,0,20,0.5,5.5,0,0,0.1,0.1,0.1,0.1,0.1,0.1,0.5,0,18727,0.054199818,0.018315801,0,0,0,0,0,0,0,0,0,0,5,1.255035038
51291.53,0.539306773,0.5,7111,37,0.15615,33.625,34.9375,37.09,0,0,0.07,0,0,20,0.5,5.5,0,0,0.1,0.1,0.1,0.1,0.1,0.1,0.5,0,20096,0.05294586,0.01781449,0,0,0,0,0,0,0,0,0,0,5,1.223809916
51351.58,0.542446608,0.5,7111,37,0.19405,33.625,34.875,37.21,0,0,0,0,0,20,0.5,5.5,0,0,0.1,0.1,0.1,0.1,0.1,0.1,0.5,0,20391,0.052621254,0.01775293,0,0,0,0,0,0,0,0,0,0,5,1.18003472
51411.64,0.546111008,0.5,7111,37,0.367425,33.5625,34.9375,36.79,0,0.02,0.15,0,0,20,0.5,5.5,0,0,0.1,0.1,0.1,0.1,0.1,0.1,0.5,0,19948,0.053890114,0.018247443,0,0,0,0,0,0,0,0,0,0,0.44,1.18003472
51471.69,0.510112511,0.5,7111,37,0.533625,33.4375,34.9375,36.07,0,0.02,0.15,0,0,20,0.5,5.5,0,0,0.1,0.1,0.1,0.1,0.1,0.1,0.5,0,19564,0.053414435,0.018094459,0,0,0,0,0,0,0,0,0,0,0.44,1.18003472
51531.73,0.477513178,0.5,7111,37,0.570625,33.3125,34.9375,36.05,0,0.02,0.15,0,0,20,0.5,5.5,0,0,0.1,0.1,0.1,0.1,0.1,0.1,0.5,0,18505,0.052796541,0.017833018,0,0,0,0,0,0,0,0,0,0,0.44,1.18003472
51591.77,0.414221822,0.5,7111,37,0.649375,33.3125,34.9375,35.97,0,0,0.07,0,0,20,0.5,5.5,0,0,0.1,0.1,0.1,0.1,0.1,0.1,0.5,0,17616,0.052452316,0.017881471,0,0,0,0,0,0,0,0,0,0,5,1.18003472
51651.86,0.42749187,0.5,7111,37,0.381,33.5625,35,36.73,0,0,0.25,0,0,20,0.5,5.5,0,0,0.1,0.1,0.1,0.1,0.1,0.1,0.5,0,16790,0.054258487,0.018284693,0,0,0,0,0,0,0,0,0,0,5,1.18003472
51711.92,0.44152499,0.5,7111,37,0.24195,33.75,34.9375,37.09,0,0,0.07,0,0,20,0.5,5.5,0,0,0.1,0.1,0.1,0.1,0.1,0.1,0.5,0,17892,0.052649229,0.017885088,0,0,0,0,0,0,0,0,0,0,5,1.18003472
51772.01,0.446976817,0.5,7111,37,0.14375,33.875,35,37.37,0,0,0.07,0,0,20,0.5,5.5,0,0,0.1,0.1,0.1,0.1,0.1,0.1,0.5,0,18032,0.052462289,0.017746229,0,0,0,0,0,0,0,0,0,0,5,1.18003472
51832.08,0.467664123,0.5,7111,37,0.16965,33.875,35,37.51,0,0,0.07,0,0,20,0.5,5.5,0,0,0.1,0.1,0.1,0.1,0.1,0.1,0.5,0,19184,0.05103211,0.017410342,0,0,0,0,0,0,0,0,0,0,5,1.18003472
51892.13,0.47970599,0.5,7111,37,0.14435,33.875,35.0625,37.25,0,0,0.07,0,0,20,0.5,5.5,0,0,0.1,0.1,0.1,0.1,0.1,0.1,0.5,0,18772,0.052311954,0.017792457,0,0,0,0,0,0,0,0,0,0,5,1.18003472
51952.22,0.486970346,0.5,7111,37,0.186,33.875,35.0625,37.27,0,0,0.25,0,0,20,0.5,5.5,0,0,0.1,0.1,0.1,0.1,0.1,0.1,0.5,0,18829,0.052259812,0.017791704,0,0,0,0,0,0,0,0,0,0,5,1.166122486
52012.27,0.499294009,0.5,7111,37,0.19785,33.8125,35.0625,37.19,0,0,0.07,0,0,20,0.5,5.5,0,0,0.1,0.1,0.1,0.1,0.1,0.1,0.5,0,17878,0.054592236,0.018234702,0,0,0,0,0,0,0,0,0,0,5,1.182792025
52072.37,0.505974238,0.5,7111,37,0.14975,33.8125,35.125,37.27,0,0,0.07,0,0,20,0.5,5.5,0,0,0.1,0.1,0.1,0.1,0.1,0.1,0.5,0,20370,0.050711831,0.01742759,0,0,0,0,0,0,0,0,0,0,5,1.163524334
52132.44,0.5193664,0.5,7111,37,0.13925,33.75,35.0625,37.11,0,0,0.07,0,0,20,0.5,5.5,0,0,0.1,0.1,0.1,0.1,0.1,0.1,0.5,0,18862,0.05375888,0.018078677,0,0,0,0,0,0,0,0,0,0,5,1.183719675
52192.51,0.533275144,0.5,7111,37,0.18055,33.6875,35.125,37.25,0,0,0,0,0,20,0.5,5.5,0,0,0.1,0.1,0.1,0.1,0.1,0.1,0.5,0,19167,0.053999061,0.018104033,0,0,0,0,0,0,0,0,0,0,5,1.203817398
52252.6,0.534729524,0.5,7111,37,0.23025,33.625,35.125,37.17,0,0,0,0,0,20,0.5,5.5,0,0,0.1,0.1,0.1,0.1,0.1,0.1,0.5,0,20106,0.052272953,0.01780563,0,0,0,0,0,0,0,0,0,0,5,1.151797167
52312.68,0.550495157,0.5,7111,37,0.16155,33.625,35.125,37.09,0,0,0,0,0,20,0.5,5.5,0,0,0.1,0.1,0.1,0.1,0.1,0.1,0.5,0,20457,0.052647016,0.01779342,0,0,0,0,0,0,0,0,0,0,5,1.181378617
52372.76,0.545271527,0.5,7111,37,0.43235,33.625,35.125,36.39,0,0.02,0.15,0,0,20,0.5,5.5,0,0,0.1,0.1,0.1,0.1,0.1,0.1,0.5,0,20023,0.053488488,0.018029266,0,0,0,0,0,0,0,0,0,0,0.44,1.181378617
52432.82,0.49547856,0.5,7111,37,0.58165,33.375,35.125,35.81,0,0.02,0.15,0,0,20,0.5,5.5,0,0,0.1,0.1,0.1,0.1,0.1,0.1,0.5,0,20529,0.051001023,0.017536168,0,0,0,0,0,0,0,0,0,0,0.44,1.181378617
52492.86,0.460243485,0.5,7111,37,0.664229731,33.375,35.1875,35.55,0,0.019453496,0.147813984,0,0,20,0.5,5.5,0,0,0.1,0.1,0.1,0.1,0.1,0.1,0.5,0,18292,0.053356659,0.017986005,0,0,0,0,0,0,0,0,0,0,0.44,1.181378617
52552.9,0.408915958,0.5,7111,37,0.5319,33.4375,35.125,36.13,0,0,0.25,0,0,20,0.5,5.5,0,0,0.1,0.1,0.1,0.1,0.1,0.1,0.5,0,16728,0.053921569,0.018292683,0,0,0,0,0,0,0,0,0,0,5,1.181378617
52612.95,0.430886179,0.5,7111,37,0.34885,33.625,35.125,37.09,0,0,0.07,0,0,20,0.5,5.5,0,0,0.1,0.1,0.1,0.1,0.1,0.1,0.5,0,18383,0.051025404,0.017516183,0,0,0,0,0,0,0,0,0,0,5,1.181378617
52673.02,0.448353081,0.5,7111,37,0.24875,33.875,35.0625,37.25,0,0,0.07,0,0,20,0.5,5.5,0,0,0.1,0.1,0.1,0.1,0.1,0.1,0.5,0,18254,0.051550345,0.017859099,0,0,0,0,0,0,0,0,0,0,5,1.181378617
52733.09,0.4689687,0.5,7111,37,0.15995,33.9375,35.0625,37.59,0,0,0.07,0,0,20,0.5,5.5,0,0,0.1,0.1,0.1,0.1,0.1,0.1,0.5,0,18246,0.051627754,0.01786693,0,0,0,0,0,0,0,0,0,0,5,1.181378617
52793.13,0.454864789,0.5,7111,37,0.10045,33.9375,35.0625,37.41,0,0,0.07,0,0,20,0.5,5.5,0,0,0.1,0.1,0.1,0.1,0.1,0.1,0.5,0,18434,0.052077683,0.017738961,0,0,0,0,0,0,0,0,0,0,5,1.181378617
52853.16,0.474980274,0.5,7111,37,0.1744,33.9375,34.9375,37.35,0,0,0.25,0,0,20,0.5,5.5,0,0,0.1,0.1,0.1,0.1,0.1,0.1,0.5,0,18997,0.051534453,0.017634363,0,0,0,0,0,0,0,0,0,0,5,1.181378617
52913.22,0.482766033,0.5,7111,37,0.19035,33.8125,34.9375,37.21,0,0,0.07,0,0,20,0.5,5.5,0,0,0.1,0.1,0.1,0.1,0.1,0.1,0.5,0,19416,0.051400906,0.017562835,0,0,0,0,0,0,0,0,0,0,5,1.17108626
52973.26,0.50010474,0.5,7111,37,0.15485,33.75,34.9375,37.29,0,0,0.07,0,0,20,0.5,5.5,0,0,0.1,0.1,0.1,0.1,0.1,0.1,0.5,0,18385,0.053576285,0.018003807,0,0,0,0,0,0,0,0,0,0,5,1.218388217
53033.32,0.508570962,0.5,7111,37,0.14815,33.75,34.9375,37.25,0,0,0.07,0,0,20,0.5,5.5,0,0,0.1,0.1,0.1,0.1,0.1,0.1,0.5,0,20496,0.050400078,0.017271663,0,0,0,0,0,0,0,0,0,0,5,1.207830407
53093.36,0.527753651,0.5,7111,37,0.18125,33.6875,34.9375,37.13,0,0,0.07,0,0,20,0.5,5.5,0,0,0.1,0.1,0.1,0.1,0.1,0.1,0.5,0,20315,0.050947576,0.017523997,0,0,0,0,0,0,0,0,0,0,5,1.258513431
53153.4,0.514665471,0.5,7111,37,0.20325,33.625,35,37.03,0,0,0,0,0,20,0.5,5.5,0,0,0.1,0.1,0.1,0.1,0.1,0.1,0.5,0,19183,0.053536986,0.018297451,0,0,0,0,0,0,0,0,0,0,5,1.120250297
53213.47,0.529523904,0.5,7111,37,0.19465,33.5625,35,37.11,0,0,0,0,0,20,0.5,5.5,0,0,0.1,0.1,0.1,0.1,0.1,0.1,0.5,0,20811,0.051319014,0.017586853,0,0,0,0,0,0,0,0,0,0,5,1.149621356
53273.55,0.536612032,0.5,7111,37,0.19695,33.5625,35,37.11,0,0,0,0,0,20,0.5,5.5,0,0,0.1,0.1,0.1,0.1,0.1,0.1,0.5,0,19207,0.054303119,0.018274587,0,0,0,0,0,0,0,0,0,0,5,1.132031444
53333.58,0.548270724,0.5,7111,37,0.14415,33.625,35.0625,36.89,0,0,0,0,0,20,0.5,5.5,0,0,0.1,0.1,0.1,0.1,0.1,0.1,0.5,0,20160,0.053174603,0.017857143,0,0,0,0,0,0,0,0,0,0,5,1.13991135
53393.62,0.554230322,0.5,7111,37,0.15995,33.5625,35.0625,37.09,0,0.02,0.15,0,0,20,0.5,5.5,0,0,0.1,0.1,0.1,0.1,0.1,0.1,0.5,0,20053,0.053558071,0.018002294,0,0,0,0,0,0,0,0,0,0,0.44,1.13991135
53453.67,0.511883933,0.5,7111,37,0.555775,33.4375,35.0625,35.91,0,0.02,0.25,0,0,20,0.5,5.5,0,0,0.1,0.1,0.1,0.1,0.1,0.1,0.5,0,20962,0.051569507,0.017698693,0,0,0,0,0,0,0,0,0,0,0.44,1.13991135
53513.71,0.48686872,0.5,7111,37,0.481825,33.375,35.0625,36.31,0,0.02,0.15,0,0,20,0.5,5.5,0,0,0.1,0.1,0.1,0.1,0.1,0.1,0.5,0,18310,0.05434189,0.018241398,0,0,0,0,0,0,0,0,0,0,0.44,1.13991135
53573.8,0.442511961,0.5,7111,37,0.602025,33.375,35.125,36.01,0,0,0.07,0,0,20,0.5,5.5,0,0,0.1,0.1,0.1,0.1,0.1,0.1,0.5,0,17670,0.053084324,0.018109791,0,0,0,0,0,0,0,0,0,0,5,1.13991135
53633.86,0.444601179,0.5,7111,37,0.33505,33.6875,35.0625,36.95,0,0,0.07,0,0,20,0.5,5.5,0,0,0.1,0.1,0.1,0.1,0.1,0.1,0.5,0,17229,0.054152882,0.018225086,0,0,0,0,0,0,0,0,0,0,5,1.13991135
53693.93,0.460311018,0.5,7111,37,0.22405,33.8125,35.125,37.21,0,0,0.07,0,0,20,0.5,5.5,0,0,0.1,0.1,0.1,0.1,0.1,0.1,0.5,0,18322,0.052396027,0.017901976,0,0,0,0,0,0,0,0,0,0,5,1.13991135
53754,0.463595313,0.5,7111,37,0.2136,33.9375,35.125,37.27,0,0,0.25,0,0,20,0.5,5.5,0,0,0.1,0.1,0.1,0.1,0.1,0.1,0.5,0,18022,0.053268228,0.018089002,0,0,0,0,0,0,0,0,0,0,5,1.13991135
53814.06,0.478374236,0.5,7111,37,0.11945,33.9375,35.125,37.63,0,0,0.07,0,0,20,0.5,5.5,0,0,0.1,0.1,0.1,0.1,0.1,0.1,0.5,0,18823,0.05227647,0.017850502,0,0,0,0,0,0,0,0,0,0,5,1.13991135
53874.12,0.501554784,0.5,7111,37,0.12415,33.875,35.125,37.21,0,0,0.07,0,0,20,0.5,5.5,0,0,0.1,0.1,0.1,0.1,0.1,0.1,0.5,0,19417,0.051655766,0.017613432,0,0,0,0,0,0,0,0,0,0,5,1.13991135
53934.2,0.506922191,0.5,7111,37,0.16185,33.8125,35.125,37.21,0,0,0.07,0,0,20,0.5,5.5,0,0,0.1,0.1,0.1,0.1,0.1,0.1,0.5,0,19947,0.051486439,0.017496365,0,0,0,0,0,0,0,0,0,0,5,1.114849822
53994.26,0.530441054,0.5,7111,37,0.14875,33.8125,35.0625,37.05,0,0,0.07,0,0,20,0.5,5.5,0,0,0.1,0.1,0.1,0.1,0.1,0.1,0.5,0,20521,0.051118367,0.017591735,0,0,0,0,0,0,0,0,0,0,5,1.195161275
54054.32,0.548789621,0.5,7111,37,0.2694,33.75,35.0625,36.85,0,0,0.25,0,0,20,0.5,5.5,0,0,0.1,0.1,0.1,0.1,0.1,0.1,0.5,0,19103,0.053708842,0.017955295,0,0,0,0,0,0,0,0,0,0,5,1.23742219
54114.39,0.535999862,0.5,7111,37,0.18685,33.6875,35.0625,37.09,0,0,0.07,0,0,20,0.5,5.5,0,0,0.1,0.1,0.1,0.1,0.1,0.1,0.5,0,19146,0.054058289,0.01801943,0,0,0,0,0,0,0,0,0,0,5,1.104807299
54174.44,0.54863156,0.5,7111,37,0.17205,33.6875,34.9375,37.09,0,0,0,0,0,20,0.5,5.5,0,0,0.1,0.1,0.1,0.1,0.1,0.1,0.5,0,20440,0.052201566,0.017661448,0,0,0,0,0,0,0,0,0,0,5,1.119446538
54234.48,0.549647704,0.5,7111,37,0.15665,33.625,34.875,37.13,0,0.02,0.15,0,0,20,0.5,5.5,0,0,0.1,0.1,0.1,0.1,0.1,0.1,0.5,0,19611,0.053949314,0.018255061,0,0,0,0,0,0,0,0,0,0,0.44,1.119446538
54294.53,0.533443578,0.5,7111,37,0.4258,33.4375,34.875,36.63,0,0.02,0.15,0,0,20,0.5,5.5,0,0,0.1,0.1,0.1,0.1,0.1,0.1,0.5,0,19529,0.053100517,0.018075682,0,0,0,0,0,0,0,0,0,0,0.44,1.119446538
54354.6,0.464128284,0.5,7111,37,0.69305,33.375,34.875,35.53,0,0.02,0.25,0,0,20,0.5,5.5,0,0,0.1,0.1,0.1,0.1,0.1,0.1,0.5,0,18103,0.053692758,0.018173783,0,0,0,0,0,0,0,0,0,0,0.44,1.119446538
54414.64,0.413719585,0.5,7111,37,0.6119,33.375,34.9375,35.97,0,0,0.07,0,0,20,0.5,5.5,0,0,0.1,0.1,0.1,0.1,0.1,0.1,0.5,0,17873,0.051754042,0.01773625,0,0,0,0,0,0,0,0,0,0,5,1.119446538
54474.71,0.427846432,0.5,7111,37,0.39365,33.625,35,36.81,0,0,0.07,0,0,20,0.5,5.5,0,0,0.1,0.1,0.1,0.1,0.1,0.1,0.5,0,19100,0.050052356,0.017172775,0,0,0,0,0,0,0,0,0,0,5,1.119446538
54534.79,0.44124332,0.5,7111,37,0.22295,33.875,35,37.41,0,0,0.07,0,0,20,0.5,5.5,0,0,0.1,0.1,0.1,0.1,0.1,0.1,0.5,0,18287,0.051512003,0.017772188,0,0,0,0,0,0,0,0,0,0,5,1.119446538
54594.86,0.453520797,0.5,7111,37,0.14115,34,35,37.63,0,0,0.07,0,0,20,0.5,5.5,0,0,0.1,0.1,0.1,0.1,0.1,0.1,0.5,0,18820,0.050743889,0.017693943,0,0,0,0,0,0,0,0,0,0,5,1.119446538
54654.9,0.470849644,0.5,7111,37,0.1897,34,35.0625,37.35,0,0,0.25,0,0,20,0.5,5.5,0,0,0.1,0.1,0.1,0.1,0.1,0.1,0.5,0,18490,0.05213629,0.017685235,0,0,0,0,0,0,0,0,0,0,5,1.119446538
54714.96,0.483168416,0.5,7111,37,0.16855,33.9375,35.0625,37.33,0,0,0.07,0,0,20,0.5,5.5,0,0,0.1,0.1,0.1,0.1,0.1,0.1,0.5,0,18845,0.05184399,0.017723534,0,0,0,0,0,0,0,0,0,0,5,1.119446538
54775.03,0.473450221,0.5,7111,37,0.15415,33.875,35.0625,37.41,0,0,0.07,0,0,20,0.5,5.5,0,0,0.1,0.1,0.1,0.1,0.1,0.1,0.5,0,19961,0.050348179,0.017333801,0,0,0,0,0,0,0,0,0,0,5,1.002518705
54835.11,0.490064278,0.5,7111,37,0.14125,33.8125,35.0625,37.27,0,0,0.07,0,0,20,0.5,5.5,0,0,0.1,0.1,0.1,0.1,0.1,0.1,0.5,0,20785,0.049987972,0.017368294,0,0,0,0,0,0,0,0,0,0,5,1.055862126
54895.15,0.505884335,0.5,7111,37,0.18525,33.75,35.0625,37.27,0,0,0.07,0,0,20,0.5,5.5,0,0,0.1,0.1,0.1,0.1,0.1,0.1,0.5,0,19880,0.05110664,0.017706237,0,0,0,0,0,0,0,0,0,0,5,1.098383503
54955.22,0.522607788,0.5,7111,37,0.225,33.75,35.0625,37.03,0,0,0.25,0,0,20,0.5,5.5,0,0,0.1,0.1,0.1,0.1,0.1,0.1,0.5,0,19318,0.052748732,0.018066052,0,0,0,0,0,0,0,0,0,0,5,1.141033922
55015.28,0.539398022,0.5,7111,37,0.16625,33.6875,35.125,37.21,0,0,0,0,0,20,0.5,5.5,0,0,0.1,0.1,0.1,0.1,0.1,0.1,0.5,0,19813,0.052642205,0.017867057,0,0,0,0,0,0,0,0,0,0,5,1.178849691
55075.31,0.519169768,0.5,7111,37,0.15965,33.75,35.0625,37.35,0,0,0,0,0,20,0.5,5.5,0,0,0.1,0.1,0.1,0.1,0.1,0.1,0.5,0,19380,0.053095975,0.017956656,0,0,0,0,0,0,0,0,0,0,5,1.005238783
55135.4,0.541001742,0.5,7111,37,0.17425,33.625,35.125,37.11,0,0,0,0,0,20,0.5,5.5,0,0,0.1,0.1,0.1,0.1,0.1,0.1,0.5,0,20828,0.051421164,0.017524486,0,0,0,0,0,0,0,0,0,0,5,1.078551536
55195.5,0.564953444,0.5,7111,37,0.20625,33.6875,35.125,37.01,0,0.02,0.15,0,0,20,0.5,5.5,0,0,0.1,0.1,0.1,0.1,0.1,0.1,0.5,0,19407,0.054413356,0.018292369,0,0,0,0,0,0,0,0,0,0,0.44,1.078551536
55255.54,0.514233631,0.5,7111,37,0.58795,33.5,35.125,35.75,0,0.02,0.25,0,0,20,0.5,5.5,0,0,0.1,0.1,0.1,0.1,0.1,0.1,0.5,0,19154,0.054244544,0.01811632,0,0,0,0,0,0,0,0,0,0,0.44,1.078551536
55315.68,0.467213131,0.5,7111,37,0.5336,33.375,35.125,36.15,0,0.019729424,0.148917694,0,0,20,0.5,5.5,0,0,0.1,0.1,0.1,0.1,0.1,0.1,0.5,0,18336,0.053228621,0.017942845,0,0,0,0,0,0,0,0,0,0,0.44,1.078551536
55375.75,0.419363222,0.5,7111,37,0.62310958,33.375,35.1875,36.13,0,0,0.07,0,0,20,0.5,5.5,0,0,0.1,0.1,0.1,0.1,0.1,0.1,0.5,0,17630,0.052240499,0.017697107,0,0,0,0,0,0,0,0,0,0,5,1.078551536
55435.78,0.418859645,0.5,7111,37,0.32375,33.625,35.125,36.71,0,0,0.07,0,0,20,0.5,5.5,0,0,0.1,0.1,0.1,0.1,0.1,0.1,0.5,0,17815,0.052147067,0.017850126,0,0,0,0,0,0,0,0,0,0,5,1.078551536
55495.86,0.457491051,0.5,7111,37,0.26665,33.875,35,37.25,0,0,0.07,0,0,20,0.5,5.5,0,0,0.1,0.1,0.1,0.1,0.1,0.1,0.5,0,17566,0.052430832,0.017761585,0,0,0,0,0,0,0,0,0,0,5,1.078551536
55555.93,0.470590855,0.5,7111,37,0.2247,33.9375,35,37.27,0,0,0.25,0,0,20,0.5,5.5,0,0,0.1,0.1,0.1,0.1,0.1,0.1,0.5,0,18883,0.051104168,0.017528994,0,0,0,0,0,0,0,0,0,0,5,1.078551536
55616,0.474692647,0.5,7111,37,0.13055,33.9375,35,37.53,0,0,0.07,0,0,20,0.5,5.5,0,0,0.1,0.1,0.1,0.1,0.1,0.1,0.5,0,19381,0.050616583,0.017491358,0,0,0,0,0,0,0,0,0,0,5,1.078551536
55676.07,0.491733467,0.5,7111,37,0.14525,33.875,35,37.41,0,0,0.07,0,0,20,0.5,5.5,0,0,0.1,0.1,0.1,0.1,0.1,0.1,0.5,0,18926,0.051991969,0.017806193,0,0,0,0,0,0,0,0,0,0,5,1.078551536
55736.13,0.475912056,0.5,7111,37,0.13235,33.8125,35,37.37,0,0,0.07,0,0,20,0.5,5.5,0,0,0.1,0.1,0.1,0.1,0.1,0.1,0.5,0,19740,0.05106383,0.017527862,0,0,0,0,0,0,0,0,0,0,5,0.926512691
55796.18,0.49278723,0.5,7111,37,0.15245,33.75,34.9375,37.27,0,0,0.07,0,0,20,0.5,5.5,0,0,0.1,0.1,0.1,0.1,0.1,0.1,0.5,0,18420,0.054017372,0.018186754,0,0,0,0,0,0,0,0,0,0,5,0.984720313
55856.26,0.513088221,0.5,7111,37,0.2572,33.6875,35,36.93,0,0,0.25,0,0,20,0.5,5.5,0,0,0.1,0.1,0.1,0.1,0.1,0.1,0.5,0,20122,0.051138058,0.017443594,0,0,0,0,0,0,0,0,0,0,5,1.056595207
55916.3,0.507838595,0.5,7111,37,0.17345,33.625,35,37.19,0,0,0.07,0,0,20,0.5,5.5,0,0,0.1,0.1,0.1,0.1,0.1,0.1,0.5,0,19902,0.051904331,0.017636418,0,0,0,0,0,0,0,0,0,0,5,0.972913051
55976.37,0.518187882,0.5,7111,37,0.18365,33.625,35.0625,37.11,0,0,0,0,0,20,0.5,5.5,0,0,0.1,0.1,0.1,0.1,0.1,0.1,0.5,0,18696,0.054343175,0.018239196,0,0,0,0,0,0,0,0,0,0,5,0.984790037
56036.45,0.523971292,0.5,7111,37,0.10785,33.625,35.125,37.19,0,0,0,0,0,20,0.5,5.5,0,0,0.1,0.1,0.1,0.1,0.1,0.1,0.5,0,19742,0.053084794,0.017880661,0,0,0,0,0,0,0,0,0,0,5,0.968847578
56096.55,0.536204653,0.5,7111,37,0.18505,33.5625,35.0625,36.89,0,0,0,0,0,20,0.5,5.5,0,0,0.1,0.1,0.1,0.1,0.1,0.1,0.5,0,18814,0.055331136,0.018443712,0,0,0,0,0,0,0,0,0,0,5,0.989642217
56156.62,0.541652938,0.5,7111,37,0.18025,33.5,35.125,37.03,0,0,0,0,0,20,0.5,5.5,0,0,0.1,0.1,0.1,0.1,0.1,0.1,0.5,0,18629,0.056149015,0.018519513,0,0,0,0,0,0,0,0,0,0,5,0.970488778
56216.67,0.551756555,0.5,7111,37,0.19965,33.5,35.125,36.81,0,0.02,0.15,0,0,20,0.5,5.5,0,0,0.1,0.1,0.1,0.1,0.1,0.1,0.5,0,19608,0.054365565,0.018206854,0,0,0,0,0,0,0,0,0,0,0.44,0.970488778
56276.7,0.521511161,0.5,7111,37,0.4243,33.375,35.125,36.33,0,0.02,0.15,0,0,20,0.5,5.5,0,0,0.1,0.1,0.1,0.1,0.1,0.1,0.5,0,19270,0.054125584,0.018214842,0,0,0,0,0,0,0,0,0,0,0.44,0.970488778
56336.74,0.494706292,0.5,7111,37,0.4876,33.375,35.1875,36.31,0,0.02,0.15,0,0,20,0.5,5.5,0,0,0.1,0.1,0.1,0.1,0.1,0.1,0.5,0,19777,0.051878445,0.017747889,0,0,0,0,0,0,0,0,0,0,0.44,0.970488778
56396.81,0.441415951,0.5,7111,37,0.609075,33.375,35.125,35.97,0,0,0.07,0,0,20,0.5,5.5,0,0,0.1,0.1,0.1,0.1,0.1,0.1,0.5,0,17522,0.053532702,0.018034471,0,0,0,0,0,0,0,0,0,0,5,0.970488778
56456.88,0.451245893,0.5,7111,37,0.3411,33.625,35.1875,36.85,0,0,0.25,0,0,20,0.5,5.5,0,0,0.1,0.1,0.1,0.1,0.1,0.1,0.5,0,19548,0.050235318,0.017290771,0,0,0,0,0,0,0,0,0,0,5,0.970488778
56516.95,0.465465978,0.5,7111,37,0.24795,33.8125,35.1875,37.33,0,0,0.07,0,0,20,0.5,5.5,0,0,0.1,0.1,0.1,0.1,0.1,0.1,0.5,0,19784,0.050596442,0.017337242,0,0,0,0,0,0,0,0,0,0,5,0.970488778
56576.99,0.46615585,0.5,7111,37,0.16265,33.875,35.1875,37.49,0,0,0.07,0,0,20,0.5,5.5,0,0,0.1,0.1,0.1,0.1,0.1,0.1,0.5,0,18443,0.05308247,0.018055631,0,0,0,0,0,0,0,0,0,0,5,0.970488778
56637.08,0.492785897,0.5,7111,37,0.18625,33.875,35.25,37.33,0,0,0.07,0,0,20,0.5,5.5,0,0,0.1,0.1,0.1,0.1,0.1,0.1,0.5,0,18388,0.053132478,0.018218403,0,0,0,0,0,0,0,0,0,0,5,0.970488778
56697.15,0.501528165,0.5,7111,37,0.10685,33.9375,35.1875,37.29,0,0,0.07,0,0,20,0.5,5.5,0,0,0.1,0.1,0.1,0.1,0.1,0.1,0.5,0,19776,0.051324838,0.017495955,0,0,0,0,0,0,0,0,0,0,5,0.970488778
56757.18,0.505552466,0.5,7111,37,0.1782,33.875,35.125,37.27,0,0,0.25,0,0,20,0.5,5.5,0,0,0.1,0.1,0.1,0.1,0.1,0.1,0.5,0,19460,0.052363823,0.017728674,0,0,0,0,0,0,0,0,0,0,5,0.945940507
56817.23,0.519893535,0.5,7111,37,0.14765,33.875,35.125,37.33,0,0,0.07,0,0,20,0.5,5.5,0,0,0.1,0.1,0.1,0.1,0.1,0.1,0.5,0,19879,0.052366819,0.018008954,0,0,0,0,0,0,0,0,0,0,5,0.982560165
56877.27,0.529080712,0.5,7111,37,0.13715,33.75,35.0625,37.13,0,0,0.07,0,0,20,0.5,5.5,0,0,0.1,0.1,0.1,0.1,0.1,0.1,0.5,0,19570,0.053040368,0.017935616,0,0,0,0,0,0,0,0,0,0,5,0.985982989
56937.32,0.551301471,0.5,7111,37,0.19085,33.6875,35.0625,37.13,0,0,0.07,0,0,20,0.5,5.5,0,0,0.1,0.1,0.1,0.1,0.1,0.1,0.5,0,19629,0.053696062,0.018238321,0,0,0,0,0,0,0,0,0,0,5,1.060106236
56997.4,0.534221796,0.5,7111,37,0.24115,33.625,35,37.29,0,0,0,0,0,20,0.5,5.5,0,0,0.1,0.1,0.1,0.1,0.1,0.1,0.5,0,19238,0.055203244,0.018349101,0,0,0,0,0,0,0,0,0,0,5,0.91268885
57057.44,0.573216696,0.5,7111,37,0.19605,33.5625,35,37.01,0,0,0,0,0,20,0.5,5.5,0,0,0.1,0.1,0.1,0.1,0.1,0.1,0.5,0,19451,0.054650147,0.018405223,0,0,0,0,0,0,0,0,0,0,5,1.078412572
57117.49,0.570875751,0.5,7111,37,0.19215,33.5625,35.0625,37.01,0,0.02,0.15,0,0,20,0.5,5.5,0,0,0.1,0.1,0.1,0.1,0.1,0.1,0.5,0,20630,0.05336888,0.018128938,0,0,0,0,0,0,0,0,0,0,0.44,1.078412572
57177.56,0.509429672,0.5,7111,37,0.437025,33.4375,35.0625,36.49,0,0.02,0.15,0,0,20,0.5,5.5,0,0,0.1,0.1,0.1,0.1,0.1,0.1,0.5,0,19445,0.054049884,0.018050913,0,0,0,0,0,0,0,0,0,0,0.44,1.078412572
57237.6,0.479138526,0.5,7111,37,0.527025,33.3125,35.125,36.07,0,0.02,0.15,0,0,20,0.5,5.5,0,0,0.1,0.1,0.1,0.1,0.1,0.1,0.5,0,19762,0.051816618,0.017609554,0,0,0,0,0,0,0,0,0,0,0.44,1.078412572
57297.7,0.461023827,0.5,7111,37,0.5266,33.375,35.0625,36.13,0,0.02,0.15,0,0,20,0.5,5.5,0,0,0.1,0.1,0.1,0.1,0.1,0.1,0.5,0,20155,0.050210866,0.017266187,0,0,0,0,0,0,0,0,0,0,0.44,1.078412572
57357.73,0.436061161,0.5,7111,37,0.506,33.5,35.125,36.29,0,0,0.25,0,0,20,0.5,5.5,0,0,0.1,0.1,0.1,0.1,0.1,0.1,0.5,0,18549,0.050946143,0.017467249,0,0,0,0,0,0,0,0,0,0,5,1.078412572
57417.8,0.445167741,0.5,7111,37,0.23575,33.8125,35.125,37.29,0,0,0.07,0,0,20,0.5,5.5,0,0,0.1,0.1,0.1,0.1,0.1,0.1,0.5,0,18013,0.052295564,0.018042525,0,0,0,0,0,0,0,0,0,0,5,1.078412572
57477.87,0.450784914,0.5,7111,37,0.15515,34,35.125,37.67,0,0,0.07,0,0,20,0.5,5.5,0,0,0.1,0.1,0.1,0.1,0.1,0.1,0.5,0,18257,0.051870515,0.017910938,0,0,0,0,0,0,0,0,0,0,5,1.078412572
57537.94,0.480837057,0.5,7111,37,0.12215,34.0625,35.1875,37.61,0,0,0.07,0,0,20,0.5,5.5,0,0,0.1,0.1,0.1,0.1,0.1,0.1,0.5,0,17556,0.053599909,0.018056505,0,0,0,0,0,0,0,0,0,0,5,1.078412572
57598.04,0.476117997,0.5,7111,37,0.12005,34,35.125,37.55,0,0,0.07,0,0,20,0.5,5.5,0,0,0.1,0.1,0.1,0.1,0.1,0.1,0.5,0,18928,0.051986475,0.017857143,0,0,0,0,0,0,0,0,0,0,5,1.078412572
57658.11,0.495410793,0.5,7111,37,0.2099,33.9375,35.125,37.19,0,0,0.25,0,0,20,0.5,5.5,0,0,0.1,0.1,0.1,0.1,0.1,0.1,0.5,0,18588,0.053260168,0.018237573,0,0,0,0,0,0,0,0,0,0,5,1.078412572
57718.18,0.4982452,0.5,7111,37,0.14875,33.875,35.125,37.25,0,0,0.07,0,0,20,0.5,5.5,0,0,0.1,0.1,0.1,0.1,0.1,0.1,0.5,0,19320,0.052432712,0.017857143,0,0,0,0,0,0,0,0,0,0,5,1.041607011
57778.27,0.517229044,0.5,7111,37,0.15175,33.8125,35.1875,37.33,0,0,0.07,0,0,20,0.5,5.5,0,0,0.1,0.1,0.1,0.1,0.1,0.1,0.5,0,19311,0.052716069,0.017917249,0,0,0,0,0,0,0,0,0,0,5,1.101707087
57838.35,0.51056991,0.5,7111,37,0.16395,33.8125,35.1875,37.21,0,0,0.07,0,0,20,0.5,5.5,0,0,0.1,0.1,0.1,0.1,0.1,0.1,0.5,0,18492,0.054726368,0.018224097,0,0,0,0,0,0,0,0,0,0,5,1.007747045
57898.43,0.532629948,0.5,7111,37,0.18145,33.75,35.1875,37.09,0,0,0.07,0,0,20,0.5,5.5,0,0,0.1,0.1,0.1,0.1,0.1,0.1,0.5,0,20972,0.050972726,0.017594888,0,0,0,0,0,0,0,0,0,0,5,1.084257681
57958.49,0.533779879,0.5,7111,37,0.17575,33.625,35.25,37.03,0,0,0,0,0,20,0.5,5.5,0,0,0.1,0.1,0.1,0.1,0.1,0.1,0.5,0,20964,0.05118298,0.017363099,0,0,0,0,0,0,0,0,0,0,5,1.036514719
58018.57,0.540179659,0.5,7111,37,0.20305,33.625,35.25,37.05,0,0,0,0,0,20,0.5,5.5,0,0,0.1,0.1,0.1,0.1,0.1,0.1,0.5,0,20775,0.05179302,0.017809868,0,0,0,0,0,0,0,0,0,0,5,1.020443715
58078.64,0.549626712,0.5,7111,37,0.16885,33.625,35.1875,37.13,0,0.02,0.15,0,0,20,0.5,5.5,0,0,0.1,0.1,0.1,0.1,0.1,0.1,0.5,0,20749,0.052291677,0.017735794,0,0,0,0,0,0,0,0,0,0,0.44,1.020443715
58138.68,0.496529313,0.5,7111,37,0.530275,33.375,35.1875,36.17,0,0.01857037,0.144281478,0,0,20,0.5,5.5,0,0,0.1,0.1,0.1,0.1,0.1,0.1,0.5,0,19308,0.052827843,0.017868241,0,0,0,0,0,0,0,0,0,0,0.44,1.020443715
58198.75,0.461801962,0.5,7111,37,0.482248655,33.375,35.1875,36.37,0,0.014565187,0.128260749,0,0,20,0.5,5.5,0,0,0.1,0.1,0.1,0.1,0.1,0.1,0.5,0,17335,0.055610037,0.018748197,0,0,0,0,0,0,0,0,0,0,0.44,1.020443715
58258.78,0.432471925,0.5,7111,37,0.3602,33.5,35.125,36.77,0,0,0.25,0,0,20,0.5,5.5,0,0,0.1,0.1,0.1,0.1,0.1,0.1,0.5,0,18102,0.052480389,0.017843332,0,0,0,0,0,0,0,0,0,0,5,1.020443715
58318.84,0.437627153,0.5,7111,37,0.27355,33.6875,35.0625,37.17,0,0,0.07,0,0,20,0.5,5.5,0,0,0.1,0.1,0.1,0.1,0.1,0.1,0.5,0,18395,0.051861919,0.017830932,0,0,0,0,0,0,0,0,0,0,5,1.020443715
58378.9,0.462811281,0.5,7111,37,0.18425,33.8125,35.0625,37.37,0,0,0.07,0,0,20,0.5,5.5,0,0,0.1,0.1,0.1,0.1,0.1,0.1,0.5,0,17937,0.053186152,0.018118972,0,0,0,0,0,0,0,0,0,0,5,1.020443715
58438.97,0.501200193,0.5,7111,37,0.18725,33.875,35,37.29,0,0,0.07,0,0,20,0.5,5.5,0,0,0.1,0.1,0.1,0.1,0.1,0.1,0.5,0,18159,0.053417038,0.01795253,0,0,0,0,0,0,0,0,0,0,5,1.020443715
58499.05,0.487234805,0.5,7111,37,0.12965,33.8125,34.9375,37.33,0,0,0.07,0,0,20,0.5,5.5,0,0,0.1,0.1,0.1,0.1,0.1,0.1,0.5,0,18354,0.053339871,0.018197668,0,0,0,0,0,0,0,0,0,0,5,1.020443715
58559.09,0.503885379,0.5,7111,37,0.2021,33.75,34.9375,37.19,0,0,0.25,0,0,20,0.5,5.5,0,0,0.1,0.1,0.1,0.1,0.1,0.1,0.5,0,19398,0.051912568,0.01752758,0,0,0,0,0,0,0,0,0,0,5,1.020443715
58619.14,0.492889005,0.5,7111,37,0.19925,33.625,34.9375,37.21,0,0,0.07,0,0,20,0.5,5.5,0,0,0.1,0.1,0.1,0.1,0.1,0.1,0.5,0,18133,0.054210555,0.018088568,0,0,0,0,0,0,0,0,0,0,5,0.903227091
58679.2,0.514952444,0.5,7111,37,0.16465,33.625,34.875,37.05,0,0,0.07,0,0,20,0.5,5.5,0,0,0.1,0.1,0.1,0.1,0.1,0.1,0.5,0,18952,0.053714648,0.018098354,0,0,0,0,0,0,0,0,0,0,5,0.989437375
58739.27,0.511092165,0.5,7111,37,0.20015,33.5625,34.9375,36.97,0,0,0.07,0,0,20,0.5,5.5,0,0,0.1,0.1,0.1,0.1,0.1,0.1,0.5,0,19975,0.05261577,0.017822278,0,0,0,0,0,0,0,0,0,0,5,0.917391655
58799.31,0.522727682,0.5,7111,37,0.24035,33.5625,34.9375,37.13,0,0,0.07,0,0,20,0.5,5.5,0,0,0.1,0.1,0.1,0.1,0.1,0.1,0.5,0,21146,0.05126265,0.01759198,0,0,0,0,0,0,0,0,0,0,5,0.939054196
58859.38,0.552208136,0.5,7111,37,0.15905,33.5,35,37.03,0,0,0,0,0,20,0.5,5.5,0,0,0.1,0.1,0.1,0.1,0.1,0.1,0.5,0,19268,0.054494499,0.018320531,0,0,0,0,0,0,0,0,0,0,5,1.056694651
58919.45,0.553947918,0.5,7111,37,0.19635,33.5625,35.0625,37.09,0,0.02,0.15,0,0,20,0.5,5.5,0,0,0.1,0.1,0.1,0.1,0.1,0.1,0.5,0,20221,0.05380545,0.018001088,0,0,0,0,0,0,0,0,0,0,0.44,1.056694651
58979.52,0.496950961,0.5,7111,37,0.511425,33.375,35.0625,36.17,0,0.019056164,0.146224656,0,0,20,0.5,5.5,0,0,0.1,0.1,0.1,0.1,0.1,0.1,0.5,0,19723,0.052223293,0.017695077,0,0,0,0,0,0,0,0,0,0,0.44,1.056694651
59039.59,0.442953256,0.5,7111,37,0.544811754,33.3125,35.0625,35.99,0,0,0.07,0,0,20,0.5,5.5,0,0,0.1,0.1,0.1,0.1,0.1,0.1,0.5,0,19234,0.051263388,0.017521056,0,0,0,0,0,0,0,0,0,0,5,1.056694651
59099.63,0.468919632,0.5,7111,37,0.36375,33.5625,35.125,36.73,0,0,0.07,0,0,20,0.5,5.5,0,0,0.1,0.1,0.1,0.1,0.1,0.1,0.5,0,19144,0.050929795,0.017603427,0,0,0,0,0,0,0,0,0,0,5,1.056694651
59159.7,0.460868031,0.5,7111,37,0.156,33.75,35.125,37.51,0,0,0.25,0,0,20,0.5,5.5,0,0,0.1,0.1,0.1,0.1,0.1,0.1,0.5,0,17592,0.054627103,0.018303774,0,0,0,0,0,0,0,0,0,0,5,1.056694651
59219.79,0.467903136,0.5,7111,37,0.19605,33.8125,35.125,37.37,0,0,0.07,0,0,20,0.5,5.5,0,0,0.1,0.1,0.1,0.1,0.1,0.1,0.5,0,20141,0.050494017,0.017427139,0,0,0,0,0,0,0,0,0,0,5,1.056694651
59279.85,0.49259836,0.5,7111,37,0.15905,33.8125,35.125,37.29,0,0,0.07,0,0,20,0.5,5.5,0,0,0.1,0.1,0.1,0.1,0.1,0.1,0.5,0,19076,0.052684001,0.017771021,0,0,0,0,0,0,0,0,0,0,5,1.056694651
59339.89,0.506200267,0.5,7111,37,0.16855,33.8125,35.125,37.13,0,0,0.07,0,0,20,0.5,5.5,0,0,0.1,0.1,0.1,0.1,0.1,0.1,0.5,0,20077,0.05175076,0.0175325,0,0,0,0,0,0,0,0,0,0,5,1.056694651
59399.92,0.528072631,0.5,7111,37,0.21485,33.75,35.125,37.25,0,0,0.07,0,0,20,0.5,5.5,0,0,0.1,0.1,0.1,0.1,0.1,0.1,0.5,0,18820,0.053613177,0.018065887,0,0,0,0,0,0,0,0,0,0,5,1.130764288
59460.01,0.521001741,0.5,7111,37,0.2154,33.75,35.125,37.09,0,0,0.25,0,0,20,0.5,5.5,0,0,0.1,0.1,0.1,0.1,0.1,0.1,0.5,0,19169,0.053732589,0.018258647,0,0,0,0,0,0,0,0,0,0,5,1.033784726
59520.07,0.528367975,0.5,7111,37,0.16105,33.6875,35.125,37.11,0,0,0.07,0,0,20,0.5,5.5,0,0,0.1,0.1,0.1,0.1,0.1,0.1,0.5,0,20185,0.052761952,0.017835026,0,0,0,0,0,0,0,0,0,0,5,1.024214229
59580.12,0.547672823,0.5,7111,37,0.13145,33.6875,35.1875,37.05,0,0,0.07,0,0,20,0.5,5.5,0,0,0.1,0.1,0.1,0.1,0.1,0.1,0.5,0,20184,0.053507729,0.018133175,0,0,0,0,0,0,0,0,0,0,5,1.080658843
59640.19,0.538919246,0.5,7111,37,0.18665,33.625,35.1875,37.21,0,0,0,0,0,20,0.5,5.5,0,0,0.1,0.1,0.1,0.1,0.1,0.1,0.5,0,21463,0.051903275,0.017565112,0,0,0,0,0,0,0,0,0,0,5,0.978288903
59700.26,0.572481867,0.5,7111,37,0.18215,33.5625,35.125,36.97,0,0,0,0,0,20,0.5,5.5,0,0,0.1,0.1,0.1,0.1,0.1,0.1,0.5,0,21273,0.052507874,0.017674987,0,0,0,0,0,0,0,0,0,0,5,1.110620425
59760.34,0.571693621,0.5,7111,37,0.451375,33.5625,35.0625,36.33,0,0.02,0.25,0,0,20,0.5,5.5,0,0,0.1,0.1,0.1,0.1,0.1,0.1,0.5,0,20140,0.054667329,0.018520357,0,0,0,0,0,0,0,0,0,0,0.44,1.110620425
59820.42,0.551965832,0.5,7111,37,0.427025,33.375,35,36.33,0,0.02,0.15,0,0,20,0.5,5.5,0,0,0.1,0.1,0.1,0.1,0.1,0.1,0.5,0,20247,0.053440016,0.018175532,0,0,0,0,0,0,0,0,0,0,0.44,1.110620425
59880.49,0.502315097,0.5,7111,37,0.53125,33.3125,35,36.07,0,0.02,0.15,0,0,20,0.5,5.5,0,0,0.1,0.1,0.1,0.1,0.1,0.1,0.5,0,18840,0.05403397,0.018312102,0,0,0,0,0,0,0,0,0,0,0.44,1.110620425
59940.56,0.444067091,0.5,7111,37,0.65285,33.25,34.9375,35.81,0,0.001199917,0.07479967,0,0,20,0.5,5.5,0,0,0.1,0.1,0.1,0.1,0.1,0.1,0.5,0,17949,0.052983453,0.018051145,0,0,0,0,0,0,0,0,0,0,0.44,1.110620425
60000.64,0.45142176,0.5,7111,37,0.395367134,33.5625,34.9375,36.65,0,0,0.07,0,0,20,0.5,5.5,0,0,0.1,0.1,0.1,0.1,0.1,0.1,0.5,0,18550,0.051967655,0.018005391,0,0,0,0,0,0,0,0,0,0,5,1.110620425
60060.7,0.463733041,0.5,7111,37,0.1911,33.8125,34.9375,37.45,0,0,0.25,0,0,20,0.5,5.5,0,0,0.1,0.1,0.1,0.1,0.1,0.1,0.5,0,17515,0.054067942,0.018270054,0,0,0,0,0,0,0,0,0,0,5,1.110620425
60120.73,0.48081308,0.5,7111,37,0.15785,33.875,35,37.51,0,0,0.07,0,0,20,0.5,5.5,0,0,0.1,0.1,0.1,0.1,0.1,0.1,0.5,0,18655,0.052264808,0.018011257,0,0,0,0,0,0,0,0,0,0,5,1.110620425
60180.77,0.485566037,0.5,7111,37,0.19995,33.9375,35.0625,37.35,0,0,0.07,0,0,20,0.5,5.5,0,0,0.1,0.1,0.1,0.1,0.1,0.1,0.5,0,19187,0.052222859,0.017668213,0,0,0,0,0,0,0,0,0,0,5,1.110620425
60240.8,0.497377537,0.5,7111,37,0.16355,33.9375,35.125,37.35,0,0,0.07,0,0,20,0.5,5.5,0,0,0.1,0.1,0.1,0.1,0.1,0.1,0.5,0,18697,0.053163609,0.017917313,0,0,0,0,0,0,0,0,0,0,5,1.110620425
60300.84,0.50762691,0.5,7111,37,0.13385,33.8125,35.0625,37.37,0,0,0.07,0,0,20,0.5,5.5,0,0,0.1,0.1,0.1,0.1,0.1,0.1,0.5,0,19757,0.052082806,0.01761401,0,0,0,0,0,0,0,0,0,0,5,1.110620425
60360.9,0.520124105,0.5,7111,37,0.13215,33.875,35.125,37.29,0,0,0.25,0,0,20,0.5,5.5,0,0,0.1,0.1,0.1,0.1,0.1,0.1,0.5,0,18872,0.053995337,0.018175074,0,0,0,0,0,0,0,0,0,0,5,1.1280515
60420.94,0.524433958,0.5,7111,37,0.17555,33.75,35.125,37.35,0,0,0.07,0,0,20,0.5,5.5,0,0,0.1,0.1,0.1,0.1,0.1,0.1,0.5,0,19352,0.053534518,0.018034312,0,0,0,0,0,0,0,0,0,0,5,1.0964051
60481.03,0.51925531,0.5,7111,37,0.20225,33.6875,35.125,37.17,0,0,0.07,0,0,20,0.5,5.5,0,0,0.1,0.1,0.1,0.1,0.1,0.1,0.5,0,20345,0.052297862,0.017940526,0,0,0,0,0,0,0,0,0,0,5,1.011813392
60541.12,0.551876341,0.5,7111,37,0.18565,33.6875,35.1875,37.25,0,0,0.07,0,0,20,0.5,5.5,0,0,0.1,0.1,0.1,0.1,0.1,0.1,0.5,0,19637,0.053776035,0.018230891,0,0,0,0,0,0,0,0,0,0,5,1.144007663
60601.16,0.552956749,0.5,7111,37,0.19645,33.625,35.125,37.21,0,0.02,0.15,0,0,20,0.5,5.5,0,0,0.1,0.1,0.1,0.1,0.1,0.1,0.5,0,19410,0.055074704,0.018392581,0,0,0,0,0,0,0,0,0,0,0.44,1.144007663
60661.23,0.484649017,0.5,7111,37,0.5135,33.4375,35.125,36.23,0,0.017376339,0.25,0,0,20,0.5,5.5,0,0,0.1,0.1,0.1,0.1,0.1,0.1,0.5,0,18297,0.054981691,0.018472974,0,0,0,0,0,0,0,0,0,0,0.44,1.144007663
60721.28,0.438295891,0.5,7111,37,0.573495149,33.375,35.1875,35.85,0,0,0.07,0,0,20,0.5,5.5,0,0,0.1,0.1,0.1,0.1,0.1,0.1,0.5,0,18372,0.05230786,0.017962116,0,0,0,0,0,0,0,0,0,0,5,1.144007663
60781.32,0.434277356,0.5,7111,37,0.39445,33.5625,35.125,36.81,0,0,0.07,0,0,20,0.5,5.5,0,0,0.1,0.1,0.1,0.1,0.1,0.1,0.5,0,17916,0.052857781,0.018028578,0,0,0,0,0,0,0,0,0,0,5,1.144007663
60841.39,0.467502584,0.5,7111,37,0.22965,33.75,35.1875,37.25,0,0,0.07,0,0,20,0.5,5.5,0,0,0.1,0.1,0.1,0.1,0.1,0.1,0.5,0,17274,0.054532824,0.018351279,0,0,0,0,0,0,0,0,0,0,5,1.144007663
60901.47,0.48790309,0.5,7111,37,0.17265,33.875,35.125,37.43,0,0,0.07,0,0,20,0.5,5.5,0,0,0.1,0.1,0.1,0.1,0.1,0.1,0.5,0,19010,0.051709627,0.017622304,0,0,0,0,0,0,0,0,0,0,5,1.144007663
60961.54,0.49114558,0.5,7111,37,0.18355,33.875,35.125,37.45,0,0,0.25,0,0,20,0.5,5.5,0,0,0.1,0.1,0.1,0.1,0.1,0.1,0.5,0,19022,0.05278099,0.01782147,0,0,0,0,0,0,0,0,0,0,5,1.144007663
61021.6,0.50028277,0.5,7111,37,0.14565,33.8125,35.0625,37.43,0,0,0.07,0,0,20,0.5,5.5,0,0,0.1,0.1,0.1,0.1,0.1,0.1,0.5,0,18683,0.053631644,0.018251887,0,0,0,0,0,0,0,0,0,0,5,1.144007663
61081.64,0.492774417,0.5,7111,37,0.15695,33.75,35.0625,37.09,0,0,0.07,0,0,20,0.5,5.5,0,0,0.1,0.1,0.1,0.1,0.1,0.1,0.5,0,17901,0.055360036,0.018434724,0,0,0,0,0,0,0,0,0,0,5,1.041441339
61141.74,0.530003174,0.5,7111,37,0.21065,33.75,34.9375,37.11,0,0,0.07,0,0,20,0.5,5.5,0,0,0.1,0.1,0.1,0.1,0.1,0.1,0.5,0,19133,0.053572362,0.017979407,0,0,0,0,0,0,0,0,0,0,5,1.207863765
61201.86,0.526545265,0.5,7111,37,0.19375,33.6875,34.9375,37.41,0,0,0.07,0,0,20,0.5,5.5,0,0,0.1,0.1,0.1,0.1,0.1,0.1,0.5,0,19642,0.05315141,0.017920782,0,0,0,0,0,0,0,0,0,0,5,1.127833494
61261.9,0.563812828,0.5,7111,37,0.18155,33.6875,34.9375,37.21,0,0,0.25,0,0,20,0.5,5.5,0,0,0.1,0.1,0.1,0.1,0.1,0.1,0.5,0,19155,0.054450535,0.018219786,0,0,0,0,0,0,0,0,0,0,5,1.27659691
61321.95,0.525753425,0.5,7111,37,0.17615,33.625,35,37.11,0,0,0,0,0,20,0.5,5.5,0,0,0.1,0.1,0.1,0.1,0.1,0.1,0.5,0,20440,0.052837573,0.017857143,0,0,0,0,0,0,0,0,0,0,5,1.003097059
61382.04,0.567288764,0.5,7111,37,0.14895,33.625,34.9375,37.19,0,0,0,0,0,20,0.5,5.5,0,0,0.1,0.1,0.1,0.1,0.1,0.1,0.5,0,19896,0.054483313,0.018345396,0,0,0,0,0,0,0,0,0,0,5,1.18105059
61442.11,0.567300051,0.5,7111,37,0.19215,33.625,35,37.05,0,0.02,0.15,0,0,20,0.5,5.5,0,0,0.1,0.1,0.1,0.1,0.1,0.1,0.5,0,20904,0.053195561,0.01793915,0,0,0,0,0,0,0,0,0,0,0.44,1.18105059
61502.15,0.508391662,0.5,7111,37,0.46875,33.4375,35.0625,36.41,0,0.02,0.15,0,0,20,0.5,5.5,0,0,0.1,0.1,0.1,0.1,0.1,0.1,0.5,0,19936,0.053822231,0.018358748,0,0,0,0,0,0,0,0,0,0,0.44,1.18105059
61562.19,0.502100665,0.5,7111,37,0.456125,33.4375,35.125,36.41,0,0.02,0.25,0,0,20,0.5,5.5,0,0,0.1,0.1,0.1,0.1,0.1,0.1,0.5,0,17981,0.055725488,0.018742005,0,0,0,0,0,0,0,0,0,0,0.44,1.18105059
61622.25,0.447050094,0.5,7111,37,0.5546,33.4375,35.0625,36.17,0,0.002302069,0.079208276,0,0,20,0.5,5.5,0,0,0.1,0.1,0.1,0.1,0.1,0.1,0.5,0,18221,0.053180396,0.018056089,0,0,0,0,0,0,0,0,0,0,0.44,1.18105059
61682.31,0.452438689,0.5,7111,37,0.338167577,33.625,35.1875,36.89,0,0,0.07,0,0,20,0.5,5.5,0,0,0.1,0.1,0.1,0.1,0.1,0.1,0.5,0,17240,0.054930394,0.01850348,0,0,0,0,0,0,0,0,0,0,5,1.18105059
61742.38,0.483518776,0.5,7111,37,0.24695,33.875,35.1875,37.13,0,0,0.07,0,0,20,0.5,5.5,0,0,0.1,0.1,0.1,0.1,0.1,0.1,0.5,0,18452,0.053273358,0.018263603,0,0,0,0,0,0,0,0,0,0,5,1.18105059
61802.42,0.474997921,0.5,7111,37,0.17025,34,35.1875,37.45,0,0,0.07,0,0,20,0.5,5.5,0,0,0.1,0.1,0.1,0.1,0.1,0.1,0.5,0,17860,0.054423292,0.018365062,0,0,0,0,0,0,0,0,0,0,5,1.18105059
61862.49,0.489278065,0.5,7111,37,0.18505,33.9375,35.125,37.37,0,0,0.25,0,0,20,0.5,5.5,0,0,0.1,0.1,0.1,0.1,0.1,0.1,0.5,0,17552,0.055378304,0.018573382,0,0,0,0,0,0,0,0,0,0,5,1.18105059
61922.53,0.505940994,0.5,7111,37,0.13125,33.9375,35.1875,37.53,0,0,0.07,0,0,20,0.5,5.5,0,0,0.1,0.1,0.1,0.1,0.1,0.1,0.5,0,18909,0.053307949,0.018033741,0,0,0,0,0,0,0,0,0,0,5,1.18105059
61982.58,0.516960489,0.5,7111,37,0.11805,33.875,35.1875,37.35,0,0,0.07,0,0,20,0.5,5.5,0,0,0.1,0.1,0.1,0.1,0.1,0.1,0.5,0,18770,0.0539691,0.018486947,0,0,0,0,0,0,0,0,0,0,5,1.18105059
62042.62,0.513695825,0.5,7111,37,0.16845,33.8125,35.1875,37.27,0,0,0.07,0,0,20,0.5,5.5,0,0,0.1,0.1,0.1,0.1,0.1,0.1,0.5,0,19570,0.052989269,0.018037813,0,0,0,0,0,0,0,0,0,0,5,1.102992648
62102.66,0.538533799,0.5,7111,37,0.20305,33.75,35.0625,37.27,0,0,0.07,0,0,20,0.5,5.5,0,0,0.1,0.1,0.1,0.1,0.1,0.1,0.5,0,19099,0.054034243,0.018325567,0,0,0,0,0,0,0,0,0,0,5,1.189499867
62162.7,0.538937872,0.5,7111,37,0.17495,33.75,35.0625,37.13,0,0,0.25,0,0,20,0.5,5.5,0,0,0.1,0.1,0.1,0.1,0.1,0.1,0.5,0,19009,0.05513178,0.018464938,0,0,0,0,0,0,0,0,0,0,5,1.132274988
62222.75,0.55843296,0.5,7111,37,0.14245,33.6875,35.0625,37.05,0,0,0.07,0,0,20,0.5,5.5,0,0,0.1,0.1,0.1,0.1,0.1,0.1,0.5,0,20205,0.053551101,0.018064835,0,0,0,0,0,0,0,0,0,0,5,1.182264068
62282.82,0.556925177,0.5,7111,37,0.18295,33.6875,35,37.09,0,0.02,0.15,0,0,20,0.5,5.5,0,0,0.1,0.1,0.1,0.1,0.1,0.1,0.5,0,19802,0.055246945,0.018432482,0,0,0,0,0,0,0,0,0,0,0.44,1.182264068
62342.9,0.496460001,0.5,7111,37,0.54845,33.375,35.0625,35.97,0,0.019291389,0.147165556,0,0,20,0.5,5.5,0,0,0.1,0.1,0.1,0.1,0.1,0.1,0.5,0,18527,0.05419118,0.01829762,0,0,0,0,0,0,0,0,0,0,0.44,1.182264068
62402.96,0.440309258,0.5,7111,37,0.623500783,33.375,35.0625,35.85,0,0,0.07,0,0,20,0.5,5.5,0,0,0.1,0.1,0.1,0.1,0.1,0.1,0.5,0,18779,0.051972949,0.017679323,0,0,0,0,0,0,0,0,0,0,5,1.182264068
62463.02,0.445463386,0.5,7111,37,0.35595,33.5625,35.0625,36.81,0,0,0.25,0,0,20,0.5,5.5,0,0,0.1,0.1,0.1,0.1,0.1,0.1,0.5,0,18376,0.052242055,0.018067044,0,0,0,0,0,0,0,0,0,0,5,1.182264068
62523.08,0.455863405,0.5,7111,37,0.21285,33.75,35.125,37.25,0,0,0.07,0,0,20,0.5,5.5,0,0,0.1,0.1,0.1,0.1,0.1,0.1,0.5,0,18872,0.051981772,0.017804154,0,0,0,0,0,0,0,0,0,0,5,1.182264068
62583.14,0.468616961,0.5,7111,37,0.19205,33.875,35.125,37.33,0,0,0.07,0,0,20,0.5,5.5,0,0,0.1,0.1,0.1,0.1,0.1,0.1,0.5,0,17008,0.055973659,0.018697084,0,0,0,0,0,0,0,0,0,0,5,1.182264068
62643.2,0.490666564,0.5,7111,37,0.18505,33.875,35.1875,37.29,0,0,0.07,0,0,20,0.5,5.5,0,0,0.1,0.1,0.1,0.1,0.1,0.1,0.5,0,18888,0.053049555,0.018000847,0,0,0,0,0,0,0,0,0,0,5,1.182264068
62703.25,0.508800575,0,7111,37,0.12825,33.875,35.125,37.37,0,0,0,0,0,20,0.5,5.5,0,0,0.1,0.1,0.1,0.1,0.1,0.1,0.5,0,19280,0.052334025,0.01810166,0,0,0,0,0,0,0,0,0,0,5,1.182264068
62763.29,0.493528383,0,7111,37,0.17685,33.8125,35.125,37.21,0,0,0,0,0,20,0.5,5.5,0,0,0.1,0.1,0.1,0.1,0.1,0.1,0.5,0,18830,0.053478492,0.018321827,0,0,0,0,0,0,0,0,0,0,5,1.182264068
62823.34,0.522823541,0,7111,37,0.14755,33.75,35.1875,37.17,0,0,0,0,0,20,0.5,5.5,0,0,0.1,0.1,0.1,0.1,0.1,0.1,0.5,0,18510,0.054997299,0.018422474,0,0,0,0,0,0,0,0,0,0,5,1.182264068
62883.41,0.522267659,0,7111,37,0.23925,33.75,35.125,37.05,0,0,0,0,0,20,0.5,5.5,0,0,0.1,0.1,0.1,0.1,0.1,0.1,0.5,0,17899,0.056707079,0.018827867,0,0,0,0,0,0,0,0,0,0,5,1.182264068
62943.46,0.529659434,0,7111,37,0.15765,33.75,35.1875,37.19,0,0,0,0,0,20,0.5,5.5,0,0,0.1,0.1,0.1,0.1,0.1,0.1,0.5,0,21092,0.051678361,0.017637019,0,0,0,0,0,0,0,0,0,0,5,1.182264068
63003.54,0.526467418,0.5,7111,37,0.30205,33.6875,35.1875,36.55,0,0,0,0,0,20,0.5,5.5,139,0,0.1,0.1,0.1,0.1,0.1,0.1,0.5,0,20404,0.052146638,0.017937659,0,0,0,0,0,0,0,0,0,0,5,1.105016533
63063.63,0.527822285,0.5,7111,37,0.32375,33.625,35.125,36.79,0,0,0,0,0,20,0.5,5.5,139,0,0.1,0.1,0.1,0.1,0.1,0.1,0.5,0,19257,0.054785273,0.018434855,0,0,0,0,0,0,0,0,0,0,5,1.057476306
63123.68,0.537038293,0.5,7111,37,0.23645,33.75,35.1875,36.89,0,0,0,0,0,20,0.5,5.5,139,0,0.1,0.1,0.1,0.1,0.1,0.1,0.5,0,19179,0.055268784,0.018614109,0,0,0,0,0,0,0,0,0,0,5,1.056531755
63183.72,0.546491442,0.5,7111,37,0.20525,33.875,35.1875,37.01,0,0,0,0,0,20,0.5,5.5,139,0,0.1,0.1,0.1,0.1,0.1,0.1,0.5,0,19051,0.056217521,0.018686683,0,0,0,0,0,0,0,0,0,0,5,1.056052907
63243.78,0.547852875,0.5,7111,37,0.20045,33.8125,35.125,37.17,0,0.02,0.15,0,0,20,0.5,5.5,139,0,0.1,0.1,0.1,0.1,0.1,0.1,0.5,0,19307,0.05516134,0.018542498,0,0,0,0,0,0,0,0,0,0,0.44,1.056052907
63303.86,0.565873037,0.5,7111,37,0.2637,33.875,35.0625,37.35,0,0.02,0.15,0,0,20,0.5,5.5,139,0,0.1,0.1,0.1,0.1,0.1,0.1,0.5,0,20426,0.05424459,0.01826104,0,0,0,0,0,0,0,0,0,0,0.44,1.056052907
63363.91,0.521719367,0.5,7111,37,0.395425,33.75,35.0625,36.73,0,0.02,0.25,0,0,20,0.5,5.5,139,0,0.1,0.1,0.1,0.1,0.1,0.1,0.5,0,19668,0.053843807,0.018202156,0,0,0,0,0,0,0,0,0,0,0.44,1.056052907
63423.98,0.484809531,0.5,7111,37,0.482825,33.625,35,36.39,0,0.02,0.15,0,0,20,0.5,5.5,139,0,0.1,0.1,0.1,0.1,0.1,0.1,0.5,0,18267,0.054743527,0.018339081,0,0,0,0,0,0,0,0,0,0,0.44,1.056052907
63484.02,0.42712313,0.5,7111,37,0.59795,33.5625,35.0625,36.01,0,0,0.07,0,0,20,0.5,5.5,139,0,0.1,0.1,0.1,0.1,0.1,0.1,0.5,0,17746,0.052969683,0.018201285,0,0,0,0,0,0,0,0,0,0,5,1.056052907
63544.09,0.444053072,0.5,7111,37,0.32125,33.8125,35.0625,36.97,0,0,0.07,0,0,20,0.5,5.5,139,0,0.1,0.1,0.1,0.1,0.1,0.1,0.5,0,18146,0.05218781,0.0180205,0,0,0,0,0,0,0,0,0,0,5,1.056052907
63604.16,0.463645642,0.5,7111,37,0.22435,34.0625,35.125,37.29,0,0,0.07,0,0,20,0.5,5.5,139,0,0.1,0.1,0.1,0.1,0.1,0.1,0.5,0,18014,0.052570223,0.017930499,0,0,0,0,0,0,0,0,0,0,5,1.056052907
63664.23,0.479617971,0.5,7111,37,0.15205,34.1875,35.0625,37.43,0,0,0.25,0,0,20,0.5,5.5,139,0,0.1,0.1,0.1,0.1,0.1,0.1,0.5,0,17751,0.053292772,0.018083488,0,0,0,0,0,0,0,0,0,0,5,1.056052907
63724.29,0.475404548,0.5,7111,37,0.14205,34.1875,35.0625,37.55,0,0,0.07,0,0,20,0.5,5.5,139,0,0.1,0.1,0.1,0.1,0.1,0.1,0.5,0,18653,0.051948748,0.017798746,0,0,0,0,0,0,0,0,0,0,5,1.056052907
63784.36,0.486401664,0.5,7111,37,0.19065,34.0625,35.125,37.51,0,0,0.07,0,0,20,0.5,5.5,139,0,0.1,0.1,0.1,0.1,0.1,0.1,0.5,0,18544,0.052200173,0.018011217,0,0,0,0,0,0,0,0,0,0,5,1.056052907
63844.43,0.510420535,0.5,7111,37,0.09565,34,35.0625,37.33,0,0,0.07,0,0,20,0.5,5.5,139,0,0.1,0.1,0.1,0.1,0.1,0.1,0.5,0,19062,0.051935788,0.017679152,0,0,0,0,0,0,0,0,0,0,5,1.147850902
63904.47,0.507075396,0.5,7111,37,0.16665,34,35.125,37.27,0,0,0.07,0,0,20,0.5,5.5,139,0,0.1,0.1,0.1,0.1,0.1,0.1,0.5,0,18798,0.052877966,0.017927439,0,0,0,0,0,0,0,0,0,0,5,1.07073257
63964.54,0.51203632,0.5,7111,37,0.15445,33.875,35.0625,37.35,0,0,0.25,0,0,20,0.5,5.5,139,0,0.1,0.1,0.1,0.1,0.1,0.1,0.5,0,19356,0.051766894,0.017565613,0,0,0,0,0,0,0,0,0,0,5,1.046403515
64024.58,0.529022666,0.5,7111,37,0.17905,33.8125,35.125,37.17,0,0,0.07,0,0,20,0.5,5.5,139,0,0.1,0.1,0.1,0.1,0.1,0.1,0.5,0,19912,0.051024508,0.017677782,0,0,0,0,0,0,0,0,0,0,5,1.091990491
64084.62,0.546383455,0.5,7111,37,0.19485,33.8125,35.0625,37.27,0,0,0,0,0,20,0.5,5.5,139,0,0.1,0.1,0.1,0.1,0.1,0.1,0.5,0,20109,0.050922473,0.017405142,0,0,0,0,0,0,0,0,0,0,5,1.134260221
64144.67,0.546843776,0.5,7111,37,0.18035,33.75,35.0625,37.33,0,0.02,0.15,0,0,20,0.5,5.5,139,0,0.1,0.1,0.1,0.1,0.1,0.1,0.5,0,22491,0.048285981,0.016851185,0,0,0,0,0,0,0,0,0,0,0.44,1.134260221
64204.71,0.491228908,0.5,7111,37,0.504525,33.5,34.9375,36.15,0,0.017615888,0.140463553,0,0,20,0.5,5.5,139,0,0.1,0.1,0.1,0.1,0.1,0.1,0.5,0,18800,0.05106383,0.017659574,0,0,0,0,0,0,0,0,0,0,0.44,1.134260221
64264.76,0.437137285,0.5,7111,37,0.613955451,33.4375,35,35.91,0,0,0.25,0,0,20,0.5,5.5,139,0,0.1,0.1,0.1,0.1,0.1,0.1,0.5,0,18462,0.049507096,0.017387065,0,0,0,0,0,0,0,0,0,0,5,1.134260221
64324.82,0.440481638,0.5,7111,37,0.34575,33.5625,34.9375,36.81,0,0,0.07,0,0,20,0.5,5.5,139,0,0.1,0.1,0.1,0.1,0.1,0.1,0.5,0,18778,0.04867398,0.017041218,0,0,0,0,0,0,0,0,0,0,5,1.134260221
64384.89,0.462660219,0.5,7111,37,0.23915,33.8125,34.875,37.25,0,0,0.07,0,0,20,0.5,5.5,139,0,0.1,0.1,0.1,0.1,0.1,0.1,0.5,0,18266,0.049655097,0.017245155,0,0,0,0,0,0,0,0,0,0,5,1.134260221
64444.96,0.482253538,0.5,7111,37,0.19245,33.875,34.8125,37.35,0,0,0.07,0,0,20,0.5,5.5,139,0,0.1,0.1,0.1,0.1,0.1,0.1,0.5,0,19127,0.048256391,0.016887123,0,0,0,0,0,0,0,0,0,0,5,1.134260221
64505.04,0.489814255,0.5,7111,37,0.21815,33.875,34.875,37.19,0,0,0.07,0,0,20,0.5,5.5,139,0,0.1,0.1,0.1,0.1,0.1,0.1,0.5,0,19878,0.04743938,0.016903109,0,0,0,0,0,0,0,0,0,0,5,1.134260221
64565.12,0.499548188,0.5,7111,37,0.16115,33.875,34.875,37.19,0,0,0.25,0,0,20,0.5,5.5,139,0,0.1,0.1,0.1,0.1,0.1,0.1,0.5,0,17852,0.0506946,0.017421017,0,0,0,0,0,0,0,0,0,0,5,1.134260221
64625.16,0.494863906,0.5,7111,37,0.20455,33.875,34.9375,37.21,0,0,0.07,0,0,20,0.5,5.5,139,0,0.1,0.1,0.1,0.1,0.1,0.1,0.5,0,20245,0.047023957,0.016646085,0,0,0,0,0,0,0,0,0,0,5,1.049283377
64685.21,0.517718523,0.5,7111,37,0.16935,33.8125,34.9375,37.33,0,0,0.07,0,0,20,0.5,5.5,139,0,0.1,0.1,0.1,0.1,0.1,0.1,0.5,0,18978,0.049162188,0.01728317,0,0,0,0,0,0,0,0,0,0,5,1.132265955
64745.28,0.523498671,0.5,7111,37,0.14205,33.8125,34.9375,37.29,0,0,0.07,0,0,20,0.5,5.5,139,0,0.1,0.1,0.1,0.1,0.1,0.1,0.5,0,20089,0.047687789,0.016675793,0,0,0,0,0,0,0,0,0,0,5,1.10896102
64805.35,0.523603943,0.5,7111,37,0.17635,33.6875,34.9375,37.19,0,0,0.07,0,0,20,0.5,5.5,139,0,0.1,0.1,0.1,0.1,0.1,0.1,0.5,0,21816,0.045792079,0.016455812,0,0,0,0,0,0,0,0,0,0,5,1.054116191
64865.39,0.528589949,0.5,7111,37,0.16005,33.625,34.9375,37.19,0,0,0,0,0,20,0.5,5.5,139,0,0.1,0.1,0.1,0.1,0.1,0.1,0.5,0,20117,0.047422578,0.016901128,0,0,0,0,0,0,0,0,0,0,5,1.029842649
64925.42,0.559312315,0.5,7111,37,0.25035,33.5625,35,37.01,0,0,0,0,0,20,0.5,5.5,139,0,0.1,0.1,0.1,0.1,0.1,0.1,0.5,0,19767,0.048464613,0.016896848,0,0,0,0,0,0,0,0,0,0,5,1.147835613
64985.49,0.565848618,0.5,7111,37,0.20415,33.625,34.9375,37.19,0,0.02,0.15,0,0,20,0.5,5.5,139,0,0.1,0.1,0.1,0.1,0.1,0.1,0.5,0,19670,0.048551093,0.017183528,0,0,0,0,0,0,0,0,0,0,0.44,1.147835613
65045.53,0.49643668,0.5,7111,37,0.515775,33.4375,35,36.15,0,0.02,0.15,0,0,20,0.5,5.5,139,0,0.1,0.1,0.1,0.1,0.1,0.1,0.5,0,19327,0.047343095,0.016971077,0,0,0,0,0,0,0,0,0,0,0.44,1.147835613
65105.6,0.453453778,0.5,7111,37,0.57385,33.3125,35,35.97,0,0,0.07,0,0,20,0.5,5.5,139,0,0.1,0.1,0.1,0.1,0.1,0.1,0.5,0,19125,0.045960784,0.016522876,0,0,0,0,0,0,0,0,0,0,5,1.147835613
65165.65,0.482623221,0.5,7111,37,0.35325,33.5625,35,36.65,0,0,0.25,0,0,20,0.5,5.5,139,0,0.1,0.1,0.1,0.1,0.1,0.1,0.5,0,18867,0.045900249,0.016695818,0,0,0,0,0,0,0,0,0,0,5,1.147835613
65225.72,0.470343489,0.5,7111,37,0.25115,33.75,34.9375,37.19,0,0,0.07,0,0,20,0.5,5.5,139,0,0.1,0.1,0.1,0.1,0.1,0.1,0.5,0,18867,0.046377272,0.016801823,0,0,0,0,0,0,0,0,0,0,5,1.147835613
65285.79,0.491722489,0.5,7111,37,0.18975,33.875,34.875,37.29,0,0,0.07,0,0,20,0.5,5.5,139,0,0.1,0.1,0.1,0.1,0.1,0.1,0.5,0,19849,0.045090433,0.016524762,0,0,0,0,0,0,0,0,0,0,5,1.147835613
65345.87,0.487746077,0.5,7111,37,0.13685,33.875,34.875,37.33,0,0,0.07,0,0,20,0.5,5.5,139,0,0.1,0.1,0.1,0.1,0.1,0.1,0.5,0,19154,0.045786781,0.016445651,0,0,0,0,0,0,0,0,0,0,5,1.147835613
65405.94,0.50719375,0.5,7111,37,0.16105,33.875,34.8125,37.49,0,0,0.07,0,0,20,0.5,5.5,139,0,0.1,0.1,0.1,0.1,0.1,0.1,0.5,0,19811,0.045479784,0.016354551,0,0,0,0,0,0,0,0,0,0,5,1.147835613
65466.02,0.539551221,0.5,7111,37,0.15855,33.875,34.8125,37.27,0,0,0.25,0,0,20,0.5,5.5,139,0,0.1,0.1,0.1,0.1,0.1,0.1,0.5,0,19199,0.046148237,0.016511277,0,0,0,0,0,0,0,0,0,0,5,1.275977758
65526.05,0.539439304,0.5,7111,37,0.16105,33.75,34.8125,37.21,0,0,0.07,0,0,20,0.5,5.5,139,0,0.1,0.1,0.1,0.1,0.1,0.1,0.5,0,20503,0.044822709,0.016241526,0,0,0,0,0,0,0,0,0,0,5,1.211556526
65586.11,0.544525157,0.5,7111,37,0.18005,33.6875,34.75,37.17,0,0,0.07,0,0,20,0.5,5.5,139,0,0.1,0.1,0.1,0.1,0.1,0.1,0.5,0,18923,0.047191249,0.016752101,0,0,0,0,0,0,0,0,0,0,5,1.17913031
65646.16,0.551476802,0.5,7111,37,0.20905,33.6875,34.8125,37.21,0,0.02,0.15,0,0,20,0.5,5.5,139,0,0.1,0.1,0.1,0.1,0.1,0.1,0.5,0,19910,0.045454545,0.016574586,0,0,0,0,0,0,0,0,0,0,0.44,1.17913031
65706.22,0.49216232,0.5,7111,37,0.524825,33.4375,34.75,36.13,0,0.01819917,0.14279668,0,0,20,0.5,5.5,139,0,0.1,0.1,0.1,0.1,0.1,0.1,0.5,0,18368,0.045949477,0.016768293,0,0,0,0,0,0,0,0,0,0,0.44,1.17913031
65766.3,0.436708644,0.5,7111,37,0.615227593,33.375,34.8125,35.93,0,0,0.25,0,0,20,0.5,5.5,139,0,0.1,0.1,0.1,0.1,0.1,0.1,0.5,0,18413,0.044642372,0.016347146,0,0,0,0,0,0,0,0,0,0,5,1.17913031
65826.35,0.457742138,0.5,7111,37,0.26845,33.5625,34.875,36.89,0,0,0.07,0,0,20,0.5,5.5,139,0,0.1,0.1,0.1,0.1,0.1,0.1,0.5,0,17904,0.044794459,0.016420912,0,0,0,0,0,0,0,0,0,0,5,1.17913031
65886.39,0.463932872,0.5,7111,37,0.25865,33.8125,34.9375,37.33,0,0,0.07,0,0,20,0.5,5.5,139,0,0.1,0.1,0.1,0.1,0.1,0.1,0.5,0,18343,0.044049501,0.016136946,0,0,0,0,0,0,0,0,0,0,5,1.17913031
65946.46,0.482985218,0.5,7111,37,0.18665,33.875,35,37.49,0,0,0.07,0,0,20,0.5,5.5,139,0,0.1,0.1,0.1,0.1,0.1,0.1,0.5,0,19045,0.043475978,0.016224731,0,0,0,0,0,0,0,0,0,0,5,1.17913031
66006.53,0.479061282,0.5,7111,37,0.12695,33.875,34.9375,37.53,0,0,0.07,0,0,20,0.5,5.5,139,0,0.1,0.1,0.1,0.1,0.1,0.1,0.5,0,19010,0.043450815,0.016201999,0,0,0,0,0,0,0,0,0,0,5,1.17913031
66066.59,0.487594888,0.5,7111,37,0.19085,33.875,35,37.25,0,0,0.25,0,0,20,0.5,5.5,139,0,0.1,0.1,0.1,0.1,0.1,0.1,0.5,0,20180,0.042666006,0.015906838,0,0,0,0,0,0,0,0,0,0,5,1.17913031
66126.67,0.503692381,0.5,7111,37,0.16185,33.8125,35.0625,37.25,0,0,0.07,0,0,20,0.5,5.5,139,0,0.1,0.1,0.1,0.1,0.1,0.1,0.5,0,17725,0.045698166,0.016530324,0,0,0,0,0,0,0,0,0,0,5,1.217616237
66186.74,0.504925697,0.5,7111,37,0.12545,33.75,35,37.21,0,0,0.07,0,0,20,0.5,5.5,139,0,0.1,0.1,0.1,0.1,0.1,0.1,0.5,0,19940,0.042978937,0.015897693,0,0,0,0,0,0,0,0,0,0,5,1.164072093
66246.81,0.540919086,0.5,7111,37,0.20095,33.75,35,37.05,0,0,0.07,0,0,20,0.5,5.5,139,0,0.1,0.1,0.1,0.1,0.1,0.1,0.5,0,20256,0.042703397,0.015945893,0,0,0,0,0,0,0,0,0,0,5,1.312443748
66306.86,0.532302248,0.5,7111,37,0.13255,33.75,35,37.29,0,0,0.07,0,0,20,0.5,5.5,139,0,0.1,0.1,0.1,0.1,0.1,0.1,0.5,0,19816,0.043550666,0.016047638,0,0,0,0,0,0,0,0,0,0,5,1.198646839
66366.91,0.569170934,0.5,7111,37,0.17015,33.6875,35.0625,37.11,0,0,0,0,0,20,0.5,5.5,139,0,0.1,0.1,0.1,0.1,0.1,0.1,0.5,0,21068,0.042386558,0.015853427,0,0,0,0,0,0,0,0,0,0,5,1.339622511
66426.95,0.548064415,0.5,7111,37,0.20895,33.6875,35,37.19,0,0.02,0.15,0,0,20,0.5,5.5,139,0,0.1,0.1,0.1,0.1,0.1,0.1,0.5,0,18987,0.044504134,0.016484963,0,0,0,0,0,0,0,0,0,0,0.44,1.339622511
66487,0.525236828,0.5,7111,37,0.45645,33.5,35,36.23,0,0.02,0.15,0,0,20,0.5,5.5,139,0,0.1,0.1,0.1,0.1,0.1,0.1,0.5,0,19823,0.04292993,0.015789739,0,0,0,0,0,0,0,0,0,0,0.44,1.339622511
66547.04,0.443527869,0.5,7111,37,0.59485,33.375,34.9375,35.85,0,0.001353104,0.075412416,0,0,20,0.5,5.5,139,0,0.1,0.1,0.1,0.1,0.1,0.1,0.5,0,18766,0.04284344,0.01619951,0,0,0,0,0,0,0,0,0,0,0.44,1.339622511
66607.08,0.464120923,0.5,7111,37,0.382642976,33.5625,34.9375,36.49,0,0.004240055,0.086960222,0,0,20,0.5,5.5,139,0,0.1,0.1,0.1,0.1,0.1,0.1,0.5,0,19368,0.041563404,0.015799257,0,0,0,0,0,0,0,0,0,0,0.44,1.339622511
66667.13,0.466989634,0.5,7111,37,0.415078732,33.6875,34.875,36.55,0,0.007568122,0.25,0,0,20,0.5,5.5,139,0,0.1,0.1,0.1,0.1,0.1,0.1,0.5,0,18649,0.041664432,0.015711298,0,0,0,0,0,0,0,0,0,0,0.44,1.339622511
66727.16,0.434785839,0.5,7111,37,0.423390353,33.75,34.875,36.93,0,0,0.07,0,0,20,0.5,5.5,139,0,0.1,0.1,0.1,0.1,0.1,0.1,0.5,0,18109,0.041912861,0.015738031,0,0,0,0,0,0,0,0,0,0,5,1.339622511
66787.22,0.44111808,0.5,7111,37,0.24105,33.9375,34.8125,37.37,0,0,0.07,0,0,20,0.5,5.5,139,0,0.1,0.1,0.1,0.1,0.1,0.1,0.5,0,18370,0.041371802,0.015623299,0,0,0,0,0,0,0,0,0,0,5,1.339622511
66847.25,0.467292602,0.5,7111,37,0.17135,34,34.8125,37.49,0,0,0.07,0,0,20,0.5,5.5,139,0,0.1,0.1,0.1,0.1,0.1,0.1,0.5,0,18858,0.040990561,0.015431117,0,0,0,0,0,0,0,0,0,0,5,1.339622511
66907.29,0.486057678,0.5,7111,37,0.15195,34.0625,34.75,37.59,0,0,0.07,0,0,20,0.5,5.5,139,0,0.1,0.1,0.1,0.1,0.1,0.1,0.5,0,18160,0.041685022,0.015969163,0,0,0,0,0,0,0,0,0,0,5,1.339622511
66967.34,0.479399684,0.5,7111,37,0.08925,34,34.75,37.53,0,0,0.25,0,0,20,0.5,5.5,139,0,0.1,0.1,0.1,0.1,0.1,0.1,0.5,0,17601,0.04278166,0.016021817,0,0,0,0,0,0,0,0,0,0,5,1.339622511
67027.41,0.490655304,0.5,7111,37,0.17845,33.9375,34.8125,37.49,0,0,0.07,0,0,20,0.5,5.5,139,0,0.1,0.1,0.1,0.1,0.1,0.1,0.5,0,18629,0.041601804,0.015567127,0,0,0,0,0,0,0,0,0,0,5,1.339622511
67087.48,0.50279603,0.5,7111,37,0.17005,33.875,34.875,37.27,0,0,0.07,0,0,20,0.5,5.5,139,0,0.1,0.1,0.1,0.1,0.1,0.1,0.5,0,19168,0.041214524,0.015703255,0,0,0,0,0,0,0,0,0,0,5,1.345969571
67147.56,0.527231281,0.5,7111,37,0.16485,33.8125,34.9375,37.27,0,0,0.07,0,0,20,0.5,5.5,139,0,0.1,0.1,0.1,0.1,0.1,0.1,0.5,0,19103,0.041511804,0.015547296,0,0,0,0,0,0,0,0,0,0,5,1.421035296
67207.63,0.522884627,0.5,7111,37,0.20205,33.75,34.875,37.35,0,0,0.07,0,0,20,0.5,5.5,139,0,0.1,0.1,0.1,0.1,0.1,0.1,0.5,0,18949,0.041585308,0.015568104,0,0,0,0,0,0,0,0,0,0,5,1.325148109
67267.71,0.521601822,0.5,7111,37,0.19695,33.6875,34.9375,37.17,0,0,0.25,0,0,20,0.5,5.5,139,0,0.1,0.1,0.1,0.1,0.1,0.1,0.5,0,19081,0.041978932,0.015774855,0,0,0,0,0,0,0,0,0,0,5,1.251521691
67327.77,0.557240855,0.5,7111,37,0.20215,33.625,34.9375,37.05,0,0,0,0,0,20,0.5,5.5,139,0,0.1,0.1,0.1,0.1,0.1,0.1,0.5,0,20188,0.040717258,0.015306122,0,0,0,0,0,0,0,0,0,0,5,1.38722478
67387.84,0.540020678,0.5,7111,37,0.17945,33.625,35,37.03,0,0.02,0.15,0,0,20,0.5,5.5,139,0,0.1,0.1,0.1,0.1,0.1,0.1,0.5,0,18720,0.042361111,0.015811966,0,0,0,0,0,0,0,0,0,0,0.44,1.38722478
67447.9,0.512184211,0.5,7111,37,0.46725,33.4375,35,36.23,0,0.02,0.15,0,0,20,0.5,5.5,139,0,0.1,0.1,0.1,0.1,0.1,0.1,0.5,0,19368,0.041047088,0.015489467,0,0,0,0,0,0,0,0,0,0,0.44,1.38722478
67507.95,0.453186859,0.5,7111,37,0.55645,33.375,35,35.77,0,0.019795051,0.149180203,0,0,20,0.5,5.5,139,0,0.1,0.1,0.1,0.1,0.1,0.1,0.5,0,19065,0.040125885,0.015525833,0,0,0,0,0,0,0,0,0,0,0.44,1.38722478
67568.03,0.417866604,0.5,7111,37,0.594712008,33.375,35,36.01,0,0,0.25,0,0,20,0.5,5.5,139,0,0.1,0.1,0.1,0.1,0.1,0.1,0.5,0,18466,0.039911188,0.015325463,0,0,0,0,0,0,0,0,0,0,5,1.38722478
67628.11,0.434363751,0.5,7111,37,0.30815,33.6875,35,36.95,0,0,0.07,0,0,20,0.5,5.5,139,0,0.1,0.1,0.1,0.1,0.1,0.1,0.5,0,18699,0.039467351,0.015187978,0,0,0,0,0,0,0,0,0,0,5,1.38722478
67688.18,0.439942234,0.5,7111,37,0.19705,33.875,35,37.51,0,0,0.07,0,0,20,0.5,5.5,139,0,0.1,0.1,0.1,0.1,0.1,0.1,0.5,0,17478,0.041023,0.015505207,0,0,0,0,0,0,0,0,0,0,5,1.38722478
67748.23,0.45950647,0.5,7111,37,0.19265,34,35,37.37,0,0,0.07,0,0,20,0.5,5.5,139,0,0.1,0.1,0.1,0.1,0.1,0.1,0.5,0,16620,0.042358604,0.01576414,0,0,0,0,0,0,0,0,0,0,5,1.38722478
67808.28,0.478699648,0.5,7111,37,0.16185,34,34.9375,37.51,0,0,0.07,0,0,20,0.5,5.5,139,0,0.1,0.1,0.1,0.1,0.1,0.1,0.5,0,19553,0.039329003,0.015342914,0,0,0,0,0,0,0,0,0,0,5,1.38722478
67868.32,0.494699979,0.5,7111,37,0.15155,34,34.875,37.35,0,0,0.25,0,0,20,0.5,5.5,139,0,0.1,0.1,0.1,0.1,0.1,0.1,0.5,0,17660,0.040939977,0.015741789,0,0,0,0,0,0,0,0,0,0,5,1.38722478
67928.38,0.476753235,0.5,7111,37,0.14245,33.9375,34.875,37.29,0,0,0.07,0,0,20,0.5,5.5,139,0,0.1,0.1,0.1,0.1,0.1,0.1,0.5,0,17401,0.041491868,0.015976093,0,0,0,0,0,0,0,0,0,0,5,1.207006204
67988.46,0.516274832,0.5,7111,37,0.22885,33.875,34.875,37.11,0,0,0.07,0,0,20,0.5,5.5,139,0,0.1,0.1,0.1,0.1,0.1,0.1,0.5,0,18902,0.040101577,0.01555391,0,0,0,0,0,0,0,0,0,0,5,1.385576537
68048.52,0.493208991,0.5,7111,37,0.14835,33.75,34.875,37.19,0,0,0.07,0,0,20,0.5,5.5,139,0,0.1,0.1,0.1,0.1,0.1,0.1,0.5,0,19736,0.039268342,0.01514998,0,0,0,0,0,0,0,0,0,0,5,1.179178982
68108.58,0.516977776,0.5,7111,37,0.19615,33.75,34.875,37.33,0,0,0.07,0,0,20,0.5,5.5,139,0,0.1,0.1,0.1,0.1,0.1,0.1,0.5,0,19584,0.039368873,0.015318627,0,0,0,0,0,0,0,0,0,0,5,1.261420688
68168.64,0.544020167,0.5,7111,37,0.19695,33.6875,34.8125,37.11,0,0,0,0,0,20,0.5,5.5,139,0,0.1,0.1,0.1,0.1,0.1,0.1,0.5,0,19735,0.039523689,0.015404104,0,0,0,0,0,0,0,0,0,0,5,1.35130895
68228.68,0.524456008,0.5,7111,37,0.22815,33.625,34.875,37.21,0,0,0,0,0,20,0.5,5.5,139,0,0.1,0.1,0.1,0.1,0.1,0.1,0.5,0,19423,0.039798177,0.015445606,0,0,0,0,0,0,0,0,0,0,5,1.173869195
68288.72,0.53184321,0.5,7111,37,0.18835,33.625,34.9375,37.25,0,0,0,0,0,20,0.5,5.5,139,0,0.1,0.1,0.1,0.1,0.1,0.1,0.5,0,19843,0.03956055,0.015471451,0,0,0,0,0,0,0,0,0,0,5,1.157137271
68348.76,0.554115388,0.5,7111,37,0.14645,33.625,35,37.17,0,0,0,0,0,20,0.5,5.5,139,0,0.1,0.1,0.1,0.1,0.1,0.1,0.5,0,20193,0.039667211,0.015302332,0,0,0,0,0,0,0,0,0,0,5,1.222353066
68408.79,0.562323202,0.5,7111,37,0.19525,33.625,34.9375,37.05,0,0.02,0.15,0,0,20,0.5,5.5,139,0,0.1,0.1,0.1,0.1,0.1,0.1,0.5,0,19836,0.039927405,0.015476911,0,0,0,0,0,0,0,0,0,0,0.44,1.222353066
68468.84,0.537806241,0.5,7111,37,0.468375,33.4375,35.0625,36.47,0,0.02,0.25,0,0,20,0.5,5.5,139,0,0.1,0.1,0.1,0.1,0.1,0.1,0.5,0,19797,0.03904632,0.015305349,0,0,0,0,0,0,0,0,0,0,0.44,1.222353066
68528.88,0.47638995,0.5,7111,37,0.564525,33.3125,35.0625,35.97,0,0.02,0.15,0,0,20,0.5,5.5,139,0,0.1,0.1,0.1,0.1,0.1,0.1,0.5,0,20461,0.037876937,0.01480866,0,0,0,0,0,0,0,0,0,0,0.44,1.222353066
68588.93,0.429056915,0.5,7111,37,0.566425,33.3125,35,36.15,0,0,0.07,0,0,20,0.5,5.5,139,0,0.1,0.1,0.1,0.1,0.1,0.1,0.5,0,17856,0.039482527,0.015232975,0,0,0,0,0,0,0,0,0,0,5,1.222353066
68648.99,0.446162644,0.5,7111,37,0.32335,33.625,35,36.95,0,0,0.07,0,0,20,0.5,5.5,139,0,0.1,0.1,0.1,0.1,0.1,0.1,0.5,0,18978,0.038149436,0.014912003,0,0,0,0,0,0,0,0,0,0,5,1.222353066
68709.07,0.473754959,0.5,7111,37,0.18935,33.875,35,37.21,0,0,0.07,0,0,20,0.5,5.5,139,0,0.1,0.1,0.1,0.1,0.1,0.1,0.5,0,18968,0.038485871,0.015183467,0,0,0,0,0,0,0,0,0,0,5,1.222353066
68769.14,0.490362528,0.5,7111,37,0.17465,33.875,35,37.37,0,0,0.25,0,0,20,0.5,5.5,139,0,0.1,0.1,0.1,0.1,0.1,0.1,0.5,0,18884,0.03828638,0.014933277,0,0,0,0,0,0,0,0,0,0,5,1.222353066
68829.18,0.481189701,0.5,7111,37,0.13615,33.9375,34.9375,37.45,0,0,0.07,0,0,20,0.5,5.5,139,0,0.1,0.1,0.1,0.1,0.1,0.1,0.5,0,19908,0.037723528,0.014918626,0,0,0,0,0,0,0,0,0,0,5,1.222353066
68889.25,0.48748946,0.5,7111,37,0.15235,33.875,34.9375,37.37,0,0,0.07,0,0,20,0.5,5.5,139,0,0.1,0.1,0.1,0.1,0.1,0.1,0.5,0,19581,0.038098156,0.015116695,0,0,0,0,0,0,0,0,0,0,5,1.222353066
68949.32,0.515522612,0.5,7111,37,0.15565,33.875,34.8125,37.19,0,0,0.07,0,0,20,0.5,5.5,139,0,0.1,0.1,0.1,0.1,0.1,0.1,0.5,0,19876,0.03798551,0.014842021,0,0,0,0,0,0,0,0,0,0,5,1.328972902
69009.4,0.516292526,0.5,7111,37,0.20435,33.8125,34.8125,37.17,0,0,0.07,0,0,20,0.5,5.5,139,0,0.1,0.1,0.1,0.1,0.1,0.1,0.5,0,18700,0.039358289,0.015347594,0,0,0,0,0,0,0,0,0,0,5,1.267001303
69069.46,0.542163204,0.5,7111,37,0.18895,33.75,34.8125,37.25,0,0,0.25,0,0,20,0.5,5.5,139,0,0.1,0.1,0.1,0.1,0.1,0.1,0.5,0,18920,0.038953488,0.015327696,0,0,0,0,0,0,0,0,0,0,5,1.350331904
69129.51,0.529169367,0.5,7111,37,0.19445,33.6875,34.75,37.27,0,0,0.07,0,0,20,0.5,5.5,139,0,0.1,0.1,0.1,0.1,0.1,0.1,0.5,0,19419,0.038415984,0.014933828,0,0,0,0,0,0,0,0,0,0,5,1.210039733
69189.57,0.553021302,0.5,7111,37,0.19935,33.625,34.75,37.19,0,0,0,0,0,20,0.5,5.5,139,0,0.1,0.1,0.1,0.1,0.1,0.1,0.5,0,21021,0.037819324,0.014937444,0,0,0,0,0,0,0,0,0,0,5,1.281801676
69249.63,0.546155662,0.5,7111,37,0.17395,33.625,34.625,37.19,0,0.02,0.15,0,0,20,0.5,5.5,139,0,0.1,0.1,0.1,0.1,0.1,0.1,0.5,0,21231,0.037633649,0.014742593,0,0,0,0,0,0,0,0,0,0,0.44,1.281801676
69309.68,0.523539754,0.5,7111,37,0.5371,33.4375,34.625,36.09,0,0.02,0.15,0,0,20,0.5,5.5,139,0,0.1,0.1,0.1,0.1,0.1,0.1,0.5,0,18535,0.039061236,0.015160507,0,0,0,0,0,0,0,0,0,0,0.44,1.281801676
69369.72,0.437278134,0.5,7111,37,0.6634,33.3125,34.75,35.91,0,0.000446506,0.25,0,0,20,0.5,5.5,139,0,0.1,0.1,0.1,0.1,0.1,0.1,0.5,0,17611,0.038725796,0.015331327,0,0,0,0,0,0,0,0,0,0,0.44,1.281801676
69429.76,0.448112439,0.5,7111,37,0.390970904,33.5625,34.75,36.65,0,0,0.07,0,0,20,0.5,5.5,139,0,0.1,0.1,0.1,0.1,0.1,0.1,0.5,0,18014,0.038414566,0.01515488,0,0,0,0,0,0,0,0,0,0,5,1.281801676
69489.83,0.454356142,0.5,7111,37,0.20575,33.75,34.8125,37.25,0,0,0.07,0,0,20,0.5,5.5,139,0,0.1,0.1,0.1,0.1,0.1,0.1,0.5,0,18620,0.037808808,0.014876477,0,0,0,0,0,0,0,0,0,0,5,1.281801676
69549.93,0.478509262,0.5,7111,37,0.19615,33.875,34.875,37.49,0,0,0.07,0,0,20,0.5,5.5,139,0,0.1,0.1,0.1,0.1,0.1,0.1,0.5,0,17836,0.038629738,0.015137923,0,0,0,0,0,0,0,0,0,0,5,1.281801676
69609.99,0.498599619,0.5,7111,37,0.16855,33.9375,34.9375,37.41,0,0,0.07,0,0,20,0.5,5.5,139,0,0.1,0.1,0.1,0.1,0.1,0.1,0.5,0,18871,0.037941815,0.015049547,0,0,0,0,0,0,0,0,0,0,5,1.281801676
69670.07,0.496695984,0.5,7111,37,0.16775,33.9375,34.9375,37.19,0,0,0.25,0,0,20,0.5,5.5,139,0,0.1,0.1,0.1,0.1,0.1,0.1,0.5,0,18353,0.038576799,0.015256361,0,0,0,0,0,0,0,0,0,0,5,1.281801676
69730.12,0.512694533,0.5,7111,37,0.17515,33.875,34.9375,37.29,0,0,0.07,0,0,20,0.5,5.5,139,0,0.1,0.1,0.1,0.1,0.1,0.1,0.5,0,18478,0.038640546,0.015099037,0,0,0,0,0,0,0,0,0,0,5,1.281801676
69790.2,0.525767619,0.5,7111,37,0.17585,33.8125,34.9375,37.25,0,0,0.07,0,0,20,0.5,5.5,139,0,0.1,0.1,0.1,0.1,0.1,0.1,0.5,0,17864,0.039017017,0.015170175,0,0,0,0,0,0,0,0,0,0,5,1.293248924
69850.27,0.521138572,0.5,7111,37,0.21015,33.75,35,37.01,0,0,0.07,0,0,20,0.5,5.5,139,0,0.1,0.1,0.1,0.1,0.1,0.1,0.5,0,19256,0.038014125,0.015164105,0,0,0,0,0,0,0,0,0,0,5,1.202056436
69910.32,0.544703113,0.5,7111,37,0.16265,33.75,34.9375,37.13,0,0,0.07,0,0,20,0.5,5.5,139,0,0.1,0.1,0.1,0.1,0.1,0.1,0.5,0,20469,0.037324735,0.014705164,0,0,0,0,0,0,0,0,0,0,5,1.274628373
69970.38,0.54904067,0.5,7111,37,0.19845,33.6875,34.9375,37.21,0,0.02,0.25,0,0,20,0.5,5.5,139,0,0.1,0.1,0.1,0.1,0.1,0.1,0.5,0,19379,0.038392074,0.015325868,0,0,0,0,0,0,0,0,0,0,0.44,1.274628373
70030.43,0.517012417,0.5,7111,37,0.5335,33.5,34.875,36.09,0,0.02,0.15,0,0,20,0.5,5.5,139,0,0.1,0.1,0.1,0.1,0.1,0.1,0.5,0,20024,0.037405114,0.014732321,0,0,0,0,0,0,0,0,0,0,0.44,1.274628373
70090.48,0.469914335,0.5,7111,37,0.53485,33.4375,34.75,36.23,0,0.02,0.15,0,0,20,0.5,5.5,139,0,0.1,0.1,0.1,0.1,0.1,0.1,0.5,0,18969,0.03721862,0.014866361,0,0,0,0,0,0,0,0,0,0,0.44,1.274628373
70150.54,0.422569136,0.5,7111,37,0.575525,33.4375,34.8125,36.17,0,0,0.07,0,0,20,0.5,5.5,139,0,0.1,0.1,0.1,0.1,0.1,0.1,0.5,0,18346,0.037446855,0.014880628,0,0,0,0,0,0,0,0,0,0,5,1.274628373
70210.58,0.439215869,0.5,7111,37,0.23205,33.6875,34.75,37.27,0,0,0.07,0,0,20,0.5,5.5,139,0,0.1,0.1,0.1,0.1,0.1,0.1,0.5,0,17195,0.038499564,0.0153533,0,0,0,0,0,0,0,0,0,0,5,1.274628373
70270.62,0.464693327,0.5,7111,37,0.20275,33.875,34.8125,37.35,0,0,0.25,0,0,20,0.5,5.5,139,0,0.1,0.1,0.1,0.1,0.1,0.1,0.5,0,17586,0.037984761,0.015011941,0,0,0,0,0,0,0,0,0,0,5,1.274628373
70330.67,0.458324037,0.5,7111,37,0.15485,33.9375,34.75,37.49,0,0,0.07,0,0,20,0.5,5.5,139,0,0.1,0.1,0.1,0.1,0.1,0.1,0.5,0,18124,0.038071066,0.015118075,0,0,0,0,0,0,0,0,0,0,5,1.274628373
70390.73,0.507272993,0.5,7111,37,0.18255,33.875,34.8125,37.33,0,0,0.07,0,0,20,0.5,5.5,139,0,0.1,0.1,0.1,0.1,0.1,0.1,0.5,0,17581,0.03839372,0.01507309,0,0,0,0,0,0,0,0,0,0,5,1.274628373
70450.76,0.502870699,0.5,7111,37,0.11375,33.875,34.8125,37.55,0,0,0.07,0,0,20,0.5,5.5,139,0,0.1,0.1,0.1,0.1,0.1,0.1,0.5,0,18986,0.037237965,0.01495839,0,0,0,0,0,0,0,0,0,0,5,1.274628373
70510.83,0.486824694,0.5,7111,37,0.17325,33.75,34.75,37.27,0,0,0.07,0,0,20,0.5,5.5,139,0,0.1,0.1,0.1,0.1,0.1,0.1,0.5,0,18272,0.037981611,0.014886165,0,0,0,0,0,0,0,0,0,0,5,1.113609981
70570.87,0.517928123,0.5,7111,37,0.15015,33.6875,34.75,37.33,0,0,0.25,0,0,20,0.5,5.5,139,0,0.1,0.1,0.1,0.1,0.1,0.1,0.5,0,20168,0.036394288,0.014726299,0,0,0,0,0,0,0,0,0,0,5,1.243726645
70630.93,0.511684893,0.5,7111,37,0.16385,33.625,34.75,37.25,0,0,0.07,0,0,20,0.5,5.5,139,0,0.1,0.1,0.1,0.1,0.1,0.1,0.5,0,20180,0.03666997,0.014767096,0,0,0,0,0,0,0,0,0,0,5,1.145157868
70691,0.513221905,0.5,7111,37,0.25295,33.5625,34.8125,36.89,0,0,0.07,0,0,20,0.5,5.5,139,0,0.1,0.1,0.1,0.1,0.1,0.1,0.5,0,19610,0.037123916,0.014788373,0,0,0,0,0,0,0,0,0,0,5,1.09689794
70751.08,0.533779158,0.5,7111,37,0.21555,33.5625,34.8125,37.03,0,0,0,0,0,20,0.5,5.5,139,0,0.1,0.1,0.1,0.1,0.1,0.1,0.5,0,20781,0.036427506,0.014484385,0,0,0,0,0,0,0,0,0,0,5,1.15987467
70811.16,0.543565214,0.5,7111,37,0.19485,33.5625,34.875,37.09,0,0,0,0,0,20,0.5,5.5,139,0,0.1,0.1,0.1,0.1,0.1,0.1,0.5,0,18324,0.038419559,0.01517136,0,0,0,0,0,0,0,0,0,0,5,1.156383432
70871.21,0.558839731,0.5,7111,37,0.25695,33.5625,34.875,36.85,0,0.02,0.25,0,0,20,0.5,5.5,139,0,0.1,0.1,0.1,0.1,0.1,0.1,0.5,0,20778,0.036577149,0.014534604,0,0,0,0,0,0,0,0,0,0,0.44,1.156383432
70931.25,0.513872078,0.5,7111,37,0.515875,33.3125,34.9375,36.17,0,0.02,0.15,0,0,20,0.5,5.5,139,0,0.1,0.1,0.1,0.1,0.1,0.1,0.5,0,17839,0.03845507,0.015135378,0,0,0,0,0,0,0,0,0,0,0.44,1.156383432
70991.32,0.441378573,0.5,7111,37,0.618008714,33.25,34.9375,35.69,0,0.000934865,0.073739458,0,0,20,0.5,5.5,139,0,0.1,0.1,0.1,0.1,0.1,0.1,0.5,0,18946,0.036577642,0.014778845,0,0,0,0,0,0,0,0,0,0,0.44,1.156383432
71051.39,0.436515161,0.5,7111,37,0.37095,33.4375,34.9375,36.73,0,0,0.07,0,0,20,0.5,5.5,139,0,0.1,0.1,0.1,0.1,0.1,0.1,0.5,0,19193,0.036159016,0.014484447,0,0,0,0,0,0,0,0,0,0,5,1.156383432
71111.45,0.46222509,0.5,7111,37,0.26005,33.6875,34.9375,37.17,0,0,0.07,0,0,20,0.5,5.5,139,0,0.1,0.1,0.1,0.1,0.1,0.1,0.5,0,17717,0.037478128,0.014957386,0,0,0,0,0,0,0,0,0,0,5,1.156383432
71171.53,0.465638022,0.5,7111,37,0.23465,33.875,35,37.25,0,0,0.25,0,0,20,0.5,5.5,139,0,0.1,0.1,0.1,0.1,0.1,0.1,0.5,0,19402,0.036130296,0.014483043,0,0,0,0,0,0,0,0,0,0,5,1.156383432
71231.57,0.468966186,0.5,7111,37,0.16845,33.875,35,37.45,0,0,0.07,0,0,20,0.5,5.5,139,0,0.1,0.1,0.1,0.1,0.1,0.1,0.5,0,17240,0.038341067,0.015139211,0,0,0,0,0,0,0,0,0,0,5,1.156383432
71291.61,0.484022361,0.5,7111,37,0.15555,33.875,35,37.45,0,0,0.07,0,0,20,0.5,5.5,139,0,0.1,0.1,0.1,0.1,0.1,0.1,0.5,0,17763,0.037831447,0.015087542,0,0,0,0,0,0,0,0,0,0,5,1.156383432
71351.66,0.512875768,0.5,7111,37,0.17505,33.875,35,37.33,0,0,0.07,0,0,20,0.5,5.5,139,0,0.1,0.1,0.1,0.1,0.1,0.1,0.5,0,19905,0.036322532,0.014518965,0,0,0,0,0,0,0,0,0,0,5,1.156383432
71411.72,0.506393445,0.5,7111,37,0.16455,33.875,35,37.33,0,0,0.07,0,0,20,0.5,5.5,139,0,0.1,0.1,0.1,0.1,0.1,0.1,0.5,0,19358,0.036522368,0.014670937,0,0,0,0,0,0,0,0,0,0,5,1.060405093
71471.79,0.521235345,0.5,7111,37,0.19175,33.8125,35,37.19,0,0,0.25,0,0,20,0.5,5.5,139,0,0.1,0.1,0.1,0.1,0.1,0.1,0.5,0,19435,0.036737844,0.01487008,0,0,0,0,0,0,0,0,0,0,5,1.09404803
71531.85,0.541303074,0.5,7111,37,0.19045,33.6875,35,37.17,0,0,0.07,0,0,20,0.5,5.5,139,0,0.1,0.1,0.1,0.1,0.1,0.1,0.5,0,19376,0.03669488,0.014863749,0,0,0,0,0,0,0,0,0,0,5,1.152678658
71591.92,0.531182612,0.5,7111,37,0.21565,33.6875,35,37.05,0,0,0.07,0,0,20,0.5,5.5,139,0,0.1,0.1,0.1,0.1,0.1,0.1,0.5,0,19723,0.036505603,0.014602241,0,0,0,0,0,0,0,0,0,0,5,1.03842432
71652,0.548815946,0.5,7111,37,0.18845,33.75,35,37.13,0,0,0,0,0,20,0.5,5.5,139,0,0.1,0.1,0.1,0.1,0.1,0.1,0.5,0,19680,0.036890244,0.014888211,0,0,0,0,0,0,0,0,0,0,5,1.084474903
71712.07,0.553171156,0.5,7111,37,0.31505,33.625,35,37.01,0,0.02,0.15,0,0,20,0.5,5.5,139,0,0.1,0.1,0.1,0.1,0.1,0.1,0.5,0,20999,0.0361922,0.014524501,0,0,0,0,0,0,0,0,0,0,0.44,1.084474903
71772.11,0.534789603,0.5,7111,37,0.420575,33.4375,34.9375,36.57,0,0.02,0.25,0,0,20,0.5,5.5,139,0,0.1,0.1,0.1,0.1,0.1,0.1,0.5,0,19717,0.036465994,0.014606685,0,0,0,0,0,0,0,0,0,0,0.44,1.084474903
71832.16,0.449827781,0.5,7111,37,0.572805498,33.3125,34.875,35.81,0,0.002333903,0.079335612,0,0,20,0.5,5.5,139,0,0.1,0.1,0.1,0.1,0.1,0.1,0.5,0,18150,0.03707989,0.014876033,0,0,0,0,0,0,0,0,0,0,0.44,1.084474903
71892.2,0.449296204,0.5,7111,37,0.44275,33.375,34.8125,36.39,0,0,0.07,0,0,20,0.5,5.5,139,0,0.1,0.1,0.1,0.1,0.1,0.1,0.5,0,18953,0.036142036,0.014562338,0,0,0,0,0,0,0,0,0,0,5,1.084474903
71952.24,0.461815385,0.5,7111,37,0.24505,33.625,34.8125,37.17,0,0,0.07,0,0,20,0.5,5.5,139,0,0.1,0.1,0.1,0.1,0.1,0.1,0.5,0,18769,0.036602909,0.014758378,0,0,0,0,0,0,0,0,0,0,5,1.084474903
72012.28,0.486731676,0.5,7111,37,0.18545,33.75,34.8125,37.37,0,0,0.07,0,0,20,0.5,5.5,139,0,0.1,0.1,0.1,0.1,0.1,0.1,0.5,0,18973,0.036314763,0.014494281,0,0,0,0,0,0,0,0,0,0,5,1.084474903
72072.35,0.506808355,0.5,7111,37,0.16025,33.8125,34.8125,37.43,0,0,0.25,0,0,20,0.5,5.5,139,0,0.1,0.1,0.1,0.1,0.1,0.1,0.5,0,18862,0.036740537,0.014738628,0,0,0,0,0,0,0,0,0,0,5,1.084474903
72132.4,0.497912111,0.5,7111,37,0.17475,33.75,34.8125,37.33,0,0,0.07,0,0,20,0.5,5.5,139,0,0.1,0.1,0.1,0.1,0.1,0.1,0.5,0,19262,0.036496729,0.014795971,0,0,0,0,0,0,0,0,0,0,5,1.084474903
72192.49,0.508461988,0.5,7111,37,0.20785,33.75,34.8125,37.17,0,0,0.07,0,0,20,0.5,5.5,139,0,0.1,0.1,0.1,0.1,0.1,0.1,0.5,0,18757,0.037106147,0.014981074,0,0,0,0,0,0,0,0,0,0,5,1.084474903
72252.57,0.524182311,0.5,7111,37,0.17205,33.75,34.875,37.27,0,0,0.07,0,0,20,0.5,5.5,139,0,0.1,0.1,0.1,0.1,0.1,0.1,0.5,0,18897,0.037201672,0.014817167,0,0,0,0,0,0,0,0,0,0,5,1.121598415
72312.64,0.520467539,0.5,7111,37,0.16395,33.75,34.875,37.27,0,0,0.07,0,0,20,0.5,5.5,139,0,0.1,0.1,0.1,0.1,0.1,0.1,0.5,0,20972,0.03542819,0.0145432,0,0,0,0,0,0,0,0,0,0,5,1.04418242
72372.69,0.543501577,0.5,7111,37,0.15085,33.6875,34.9375,37.29,0,0,0.25,0,0,20,0.5,5.5,139,0,0.1,0.1,0.1,0.1,0.1,0.1,0.5,0,19318,0.036805052,0.01475308,0,0,0,0,0,0,0,0,0,0,5,1.121888559
72432.75,0.537728466,0.5,7111,37,0.20755,33.625,34.9375,37.05,0,0,0.07,0,0,20,0.5,5.5,139,0,0.1,0.1,0.1,0.1,0.1,0.1,0.5,0,22002,0.034951368,0.014135079,0,0,0,0,0,0,0,0,0,0,5,1.033757474
72492.83,0.556859787,0.5,7111,37,0.16125,33.625,34.9375,37.21,0,0,0,0,0,20,0.5,5.5,139,0,0.1,0.1,0.1,0.1,0.1,0.1,0.5,0,19997,0.036705506,0.01480222,0,0,0,0,0,0,0,0,0,0,5,1.086948872
72552.91,0.573715801,0.5,7111,37,0.304475,33.625,34.9375,37.05,0,0.02,0.15,0,0,20,0.5,5.5,139,0,0.1,0.1,0.1,0.1,0.1,0.1,0.5,0,20667,0.036096192,0.014612668,0,0,0,0,0,0,0,0,0,0,0.44,1.086948872
72612.98,0.52429852,0.5,7111,37,0.43785,33.375,35,36.45,0,0.02,0.15,0,0,20,0.5,5.5,139,0,0.1,0.1,0.1,0.1,0.1,0.1,0.5,0,19396,0.036811714,0.014951536,0,0,0,0,0,0,0,0,0,0,0.44,1.086948872
72673.02,0.48060092,0.5,7111,37,0.562575,33.3125,34.9375,36.01,0,0.02,0.25,0,0,20,0.5,5.5,139,0,0.1,0.1,0.1,0.1,0.1,0.1,0.5,0,19145,0.036458605,0.01483416,0,0,0,0,0,0,0,0,0,0,0.44,1.086948872
72733.08,0.423357027,0.5,7111,37,0.61065,33.3125,34.9375,35.77,0,0,0.07,0,0,20,0.5,5.5,139,0,0.1,0.1,0.1,0.1,0.1,0.1,0.5,0,17523,0.037094105,0.014780574,0,0,0,0,0,0,0,0,0,0,5,1.086948872
72793.12,0.438884961,0.5,7111,37,0.32875,33.5625,35,36.93,0,0,0.07,0,0,20,0.5,5.5,139,0,0.1,0.1,0.1,0.1,0.1,0.1,0.5,0,17803,0.037072404,0.014716621,0,0,0,0,0,0,0,0,0,0,5,1.086948872
72853.17,0.468526784,0.5,7111,37,0.25775,33.8125,35,37.19,0,0,0.07,0,0,20,0.5,5.5,139,0,0.1,0.1,0.1,0.1,0.1,0.1,0.5,0,17387,0.037326738,0.014896187,0,0,0,0,0,0,0,0,0,0,5,1.086948872
72913.21,0.464418345,0.5,7111,37,0.20515,33.9375,34.9375,37.35,0,0,0.07,0,0,20,0.5,5.5,139,0,0.1,0.1,0.1,0.1,0.1,0.1,0.5,0,17928,0.036758144,0.014948684,0,0,0,0,0,0,0,0,0,0,5,1.086948872
72973.26,0.46895778,0.5,7111,37,0.18785,34,34.9375,37.37,0,0,0.25,0,0,20,0.5,5.5,139,0,0.1,0.1,0.1,0.1,0.1,0.1,0.5,0,18802,0.036219551,0.014838847,0,0,0,0,0,0,0,0,0,0,5,1.086948872
73033.31,0.485986769,0.5,7111,37,0.14285,33.875,34.9375,37.49,0,0,0.07,0,0,20,0.5,5.5,139,0,0.1,0.1,0.1,0.1,0.1,0.1,0.5,0,18061,0.037151874,0.015060074,0,0,0,0,0,0,0,0,0,0,5,1.086948872
73093.39,0.510843175,0.5,7111,37,0.14935,33.875,34.875,37.41,0,0,0.07,0,0,20,0.5,5.5,139,0,0.1,0.1,0.1,0.1,0.1,0.1,0.5,0,19946,0.035796651,0.014639527,0,0,0,0,0,0,0,0,0,0,5,1.182245163
73153.47,0.504023315,0.5,7111,37,0.19125,33.75,34.875,37.21,0,0,0.07,0,0,20,0.5,5.5,139,0,0.1,0.1,0.1,0.1,0.1,0.1,0.5,0,19633,0.035908929,0.014618245,0,0,0,0,0,0,0,0,0,0,5,1.082812554
73213.53,0.504683357,0.5,7111,37,0.16075,33.75,34.875,37.29,0,0,0.07,0,0,20,0.5,5.5,139,0,0.1,0.1,0.1,0.1,0.1,0.1,0.5,0,18711,0.036983593,0.014911015,0,0,0,0,0,0,0,0,0,0,5,1.03259799
73273.56,0.526582801,0.5,7111,37,0.19355,33.625,34.8125,37.13,0,0,0.25,0,0,20,0.5,5.5,139,0,0.1,0.1,0.1,0.1,0.1,0.1,0.5,0,18254,0.037526022,0.015010409,0,0,0,0,0,0,0,0,0,0,5,1.1084002
73333.63,0.551299462,0.5,7111,37,0.17815,33.5625,34.8125,37.17,0,0,0,0,0,20,0.5,5.5,139,0,0.1,0.1,0.1,0.1,0.1,0.1,0.5,0,19318,0.036649757,0.015011906,0,0,0,0,0,0,0,0,0,0,5,1.190588883
73393.67,0.547447518,0.5,7111,37,0.314925,33.5625,34.8125,37.05,0,0.02,0.15,0,0,20,0.5,5.5,139,0,0.1,0.1,0.1,0.1,0.1,0.1,0.5,0,21873,0.035020345,0.014447035,0,0,0,0,0,0,0,0,0,0,0.44,1.190588883
73453.73,0.514002742,0.5,7111,37,0.514025,33.375,34.8125,36.17,0,0.02,0.15,0,0,20,0.5,5.5,139,0,0.1,0.1,0.1,0.1,0.1,0.1,0.5,0,19196,0.036518025,0.014898937,0,0,0,0,0,0,0,0,0,0,0.44,1.190588883
73513.8,0.458323798,0.5,7111,37,0.589125,33.375,34.8125,35.97,0,0.02,0.15,0,0,20,0.5,5.5,139,0,0.1,0.1,0.1,0.1,0.1,0.1,0.5,0,18162,0.03689021,0.015086444,0,0,0,0,0,0,0,0,0,0,0.44,1.190588883
73573.87,0.41853305,0.5,7111,37,0.51445,33.4375,34.875,36.15,0,0,0.25,0,0,20,0.5,5.5,139,0,0.1,0.1,0.1,0.1,0.1,0.1,0.5,0,16945,0.037356152,0.015343759,0,0,0,0,0,0,0,0,0,0,5,1.190588883
73633.92,0.444207707,0.5,7111,37,0.29805,33.625,34.9375,37.03,0,0,0.07,0,0,20,0.5,5.5,139,0,0.1,0.1,0.1,0.1,0.1,0.1,0.5,0,17967,0.036288752,0.014749263,0,0,0,0,0,0,0,0,0,0,5,1.190588883
73693.97,0.45360783,0.5,7111,37,0.21135,33.8125,34.9375,37.33,0,0,0.07,0,0,20,0.5,5.5,139,0,0.1,0.1,0.1,0.1,0.1,0.1,0.5,0,18004,0.036769607,0.014996667,0,0,0,0,0,0,0,0,0,0,5,1.190588883
73754.01,0.481477518,0.5,7111,37,0.15725,33.9375,34.9375,37.49,0,0,0.07,0,0,20,0.5,5.5,139,0,0.1,0.1,0.1,0.1,0.1,0.1,0.5,0,18250,0.036328767,0.01490411,0,0,0,0,0,0,0,0,0,0,5,1.190588883
73814.06,0.468580888,0.5,7111,37,0.15045,34,35,37.45,0,0,0.07,0,0,20,0.5,5.5,139,0,0.1,0.1,0.1,0.1,0.1,0.1,0.5,0,18424,0.036419887,0.014817629,0,0,0,0,0,0,0,0,0,0,5,1.190588883
73874.12,0.4832228,0.5,7111,37,0.16585,33.9375,34.9375,37.35,0,0,0.25,0,0,20,0.5,5.5,139,0,0.1,0.1,0.1,0.1,0.1,0.1,0.5,0,18939,0.036010349,0.01488991,0,0,0,0,0,0,0,0,0,0,5,1.190588883
73934.16,0.510602876,0.5,7111,37,0.23485,33.8125,35,37.05,0,0,0.07,0,0,20,0.5,5.5,139,0,0.1,0.1,0.1,0.1,0.1,0.1,0.5,0,19676,0.035830453,0.014484651,0,0,0,0,0,0,0,0,0,0,5,1.29640236
73994.21,0.515606414,0.5,7111,37,0.18555,33.875,35,37.21,0,0,0.07,0,0,20,0.5,5.5,139,0,0.1,0.1,0.1,0.1,0.1,0.1,0.5,0,20187,0.035567444,0.014464755,0,0,0,0,0,0,0,0,0,0,5,1.260836959
74054.28,0.520289636,0.5,7111,37,0.11795,33.8125,35.0625,37.43,0,0,0.07,0,0,20,0.5,5.5,139,0,0.1,0.1,0.1,0.1,0.1,0.1,0.5,0,21638,0.034430169,0.014280433,0,0,0,0,0,0,0,0,0,0,5,1.224920924
74114.36,0.527317658,0.5,7111,37,0.19845,33.75,35.0625,37.09,0,0,0.07,0,0,20,0.5,5.5,139,0,0.1,0.1,0.1,0.1,0.1,0.1,0.5,0,19124,0.036760092,0.01495503,0,0,0,0,0,0,0,0,0,0,5,1.203927336
74174.42,0.533486347,0.5,7111,37,0.2077,33.6875,35.0625,37.35,0,0,0,0,0,20,0.5,5.5,139,0,0.1,0.1,0.1,0.1,0.1,0.1,0.5,0,21065,0.035081889,0.014478994,0,0,0,0,0,0,0,0,0,0,5,1.178622004
74234.5,0.547919041,0.5,7111,37,0.182,33.6875,35,37.19,0,0,0,0,0,20,0.5,5.5,139,0,0.1,0.1,0.1,0.1,0.1,0.1,0.5,0,19710,0.036225266,0.014916286,0,0,0,0,0,0,0,0,0,0,5,1.199773087
74294.53,0.566417029,0.5,7111,37,0.285875,33.625,34.9375,37.11,0,0.02,0.15,0,0,20,0.5,5.5,139,0,0.1,0.1,0.1,0.1,0.1,0.1,0.5,0,21664,0.034850443,0.014355613,0,0,0,0,0,0,0,0,0,0,0.44,1.199773087
74354.58,0.511588165,0.5,7111,37,0.48095,33.4375,35,36.23,0,0.02,0.15,0,0,20,0.5,5.5,139,0,0.1,0.1,0.1,0.1,0.1,0.1,0.5,0,19793,0.035770222,0.014550599,0,0,0,0,0,0,0,0,0,0,0.44,1.199773087
74414.66,0.459812916,0.5,7111,37,0.550979431,33.3125,34.9375,36.01,0,0.016122865,0.134491459,0,0,20,0.5,5.5,139,0,0.1,0.1,0.1,0.1,0.1,0.1,0.5,0,18770,0.035961641,0.014597762,0,0,0,0,0,0,0,0,0,0,0.44,1.199773087
74474.73,0.427584275,0.5,7111,37,0.56345,33.375,34.875,35.93,0,0,0.25,0,0,20,0.5,5.5,139,0,0.1,0.1,0.1,0.1,0.1,0.1,0.5,0,18176,0.035761444,0.014524648,0,0,0,0,0,0,0,0,0,0,5,1.199773087
74534.79,0.424745337,0.5,7111,37,0.31885,33.5625,34.875,36.93,0,0,0.07,0,0,20,0.5,5.5,139,0,0.1,0.1,0.1,0.1,0.1,0.1,0.5,0,17228,0.036800557,0.014685396,0,0,0,0,0,0,0,0,0,0,5,1.199773087
74594.83,0.42690588,0.5,7111,37,0.23105,33.75,34.875,37.25,0,0,0.07,0,0,20,0.5,5.5,139,0,0.1,0.1,0.1,0.1,0.1,0.1,0.5,0,16958,0.036796792,0.014860243,0,0,0,0,0,0,0,0,0,0,5,1.199773087
74654.9,0.460852085,0.5,7111,37,0.14525,33.875,34.875,37.55,0,0,0.07,0,0,20,0.5,5.5,139,0,0.1,0.1,0.1,0.1,0.1,0.1,0.5,0,17634,0.03646365,0.015027787,0,0,0,0,0,0,0,0,0,0,5,1.199773087
74714.97,0.476430423,0.5,7111,37,0.20615,33.9375,34.9375,37.25,0,0,0.07,0,0,20,0.5,5.5,139,0,0.1,0.1,0.1,0.1,0.1,0.1,0.5,0,18396,0.036040444,0.014677104,0,0,0,0,0,0,0,0,0,0,5,1.199773087
74775.04,0.476992547,0.5,7111,37,0.14055,33.875,34.875,37.45,0,0,0.25,0,0,20,0.5,5.5,139,0,0.1,0.1,0.1,0.1,0.1,0.1,0.5,0,18876,0.035759695,0.01446281,0,0,0,0,0,0,0,0,0,0,5,1.199773087
74835.09,0.502202689,0.5,7111,37,0.20245,33.8125,35,37.17,0,0,0.07,0,0,20,0.5,5.5,139,0,0.1,0.1,0.1,0.1,0.1,0.1,0.5,0,18541,0.036136131,0.014885928,0,0,0,0,0,0,0,0,0,0,5,1.294293235
74895.16,0.506142677,0.5,7111,37,0.19175,33.8125,35,37.19,0,0,0.07,0,0,20,0.5,5.5,139,0,0.1,0.1,0.1,0.1,0.1,0.1,0.5,0,20107,0.035012682,0.014373104,0,0,0,0,0,0,0,0,0,0,5,1.253022973
74955.21,0.512861626,0.5,7111,37,0.16035,33.75,35,37.27,0,0,0.07,0,0,20,0.5,5.5,139,0,0.1,0.1,0.1,0.1,0.1,0.1,0.5,0,19804,0.03539689,0.014542517,0,0,0,0,0,0,0,0,0,0,5,1.229934246
75015.29,0.506654545,0.5,7111,37,0.19995,33.6875,35,37.09,0,0,0.07,0,0,20,0.5,5.5,139,0,0.1,0.1,0.1,0.1,0.1,0.1,0.5,0,19374,0.035872819,0.01455559,0,0,0,0,0,0,0,0,0,0,5,1.131907515
75075.35,0.542878782,0.5,7111,37,0.188,33.625,35.0625,37.05,0,0,0,0,0,20,0.5,5.5,139,0,0.1,0.1,0.1,0.1,0.1,0.1,0.5,0,19151,0.036394966,0.01472508,0,0,0,0,0,0,0,0,0,0,5,1.282482111
75135.41,0.557490307,0.5,7111,37,0.319025,33.625,35.0625,36.97,0,0.02,0.15,0,0,20,0.5,5.5,139,0,0.1,0.1,0.1,0.1,0.1,0.1,0.5,0,19443,0.036156972,0.014812529,0,0,0,0,0,0,0,0,0,0,0.44,1.282482111
75195.46,0.51207577,0.5,7111,37,0.449925,33.5,35.0625,36.41,0,0.02,0.15,0,0,20,0.5,5.5,139,0,0.1,0.1,0.1,0.1,0.1,0.1,0.5,0,19463,0.035554642,0.014283512,0,0,0,0,0,0,0,0,0,0,0.44,1.282482111
75255.53,0.436378153,0.5,7111,37,0.55046951,33.3125,35.0625,35.89,0,0.000202784,0.070811138,0,0,20,0.5,5.5,139,0,0.1,0.1,0.1,0.1,0.1,0.1,0.5,0,18444,0.036000867,0.01485578,0,0,0,0,0,0,0,0,0,0,0.44,1.282482111
75315.56,0.451663677,0.5,7111,37,0.32875,33.5625,35.0625,36.81,0,0,0.07,0,0,20,0.5,5.5,139,0,0.1,0.1,0.1,0.1,0.1,0.1,0.5,0,18208,0.03602812,0.014718805,0,0,0,0,0,0,0,0,0,0,5,1.282482111
75375.61,0.473745984,0.5,7111,37,0.24955,33.75,35,37.11,0,0,0.25,0,0,20,0.5,5.5,139,0,0.1,0.1,0.1,0.1,0.1,0.1,0.5,0,18712,0.035912783,0.014589568,0,0,0,0,0,0,0,0,0,0,5,1.282482111
75435.65,0.477058012,0.5,7111,37,0.19585,33.75,34.9375,37.29,0,0,0.07,0,0,20,0.5,5.5,139,0,0.1,0.1,0.1,0.1,0.1,0.1,0.5,0,17971,0.0365589,0.014801625,0,0,0,0,0,0,0,0,0,0,5,1.282482111
75495.7,0.497443161,0.5,7111,37,0.13055,33.8125,34.9375,37.49,0,0,0.07,0,0,20,0.5,5.5,139,0,0.1,0.1,0.1,0.1,0.1,0.1,0.5,0,19186,0.035650996,0.014541853,0,0,0,0,0,0,0,0,0,0,5,1.282482111
75555.76,0.509767604,0.5,7111,37,0.15415,33.75,34.875,37.35,0,0,0.07,0,0,20,0.5,5.5,139,0,0.1,0.1,0.1,0.1,0.1,0.1,0.5,0,20109,0.035108658,0.014520861,0,0,0,0,0,0,0,0,0,0,5,1.282482111
75615.8,0.53033701,0.5,7111,37,0.19255,33.6875,34.8125,37.17,0,0,0.07,0,0,20,0.5,5.5,139,0,0.1,0.1,0.1,0.1,0.1,0.1,0.5,0,19428,0.035721639,0.014618077,0,0,0,0,0,0,0,0,0,0,5,1.282482111
75675.88,0.52744162,0.5,7111,37,0.18595,33.6875,34.75,37.17,0,0,0.25,0,0,20,0.5,5.5,139,0,0.1,0.1,0.1,0.1,0.1,0.1,0.5,0,19769,0.035763063,0.014365926,0,0,0,0,0,0,0,0,0,0,5,1.201934546
75735.94,0.533491876,0.5,7111,37,0.21085,33.5625,34.8125,37.05,0,0,0.07,0,0,20,0.5,5.5,139,0,0.1,0.1,0.1,0.1,0.1,0.1,0.5,0,18261,0.037292591,0.015114178,0,0,0,0,0,0,0,0,0,0,5,1.176054787
75796,0.537438634,0.5,7111,37,0.24845,33.5,34.75,36.89,0,0,0.07,0,0,20,0.5,5.5,139,0,0.1,0.1,0.1,0.1,0.1,0.1,0.5,0,19258,0.036556236,0.014643265,0,0,0,0,0,0,0,0,0,0,5,1.139364274
75856.07,0.571732867,0.5,7111,37,0.12945,33.5,34.75,37.33,0,0,0.07,0,0,20,0.5,5.5,139,0,0.1,0.1,0.1,0.1,0.1,0.1,0.5,0,20390,0.035801864,0.014418833,0,0,0,0,0,0,0,0,0,0,5,1.267967909
75916.14,0.557864379,0.5,7111,37,0.34925,33.5,34.75,36.87,0,0.02,0.15,0,0,20,0.5,5.5,139,0,0.1,0.1,0.1,0.1,0.1,0.1,0.5,0,20511,0.035688167,0.014382526,0,0,0,0,0,0,0,0,0,0,0.44,1.267967909
75976.2,0.520862296,0.5,7111,37,0.473325,33.375,34.8125,36.33,0,0.02,0.25,0,0,20,0.5,5.5,139,0,0.1,0.1,0.1,0.1,0.1,0.1,0.5,0,18380,0.036724701,0.014853101,0,0,0,0,0,0,0,0,0,0,0.44,1.267967909
76036.25,0.48189931,0.5,7111,37,0.660325,33.1875,34.8125,35.59,0,0.02,0.15,0,0,20,0.5,5.5,139,0,0.1,0.1,0.1,0.1,0.1,0.1,0.5,0,18553,0.035951059,0.014606802,0,0,0,0,0,0,0,0,0,0,0.44,1.267967909
76096.28,0.399243224,0.5,7111,37,0.64705,33.1875,34.875,35.67,0,0,0.07,0,0,20,0.5,5.5,139,0,0.1,0.1,0.1,0.1,0.1,0.1,0.5,0,17864,0.036050157,0.014778325,0,0,0,0,0,0,0,0,0,0,5,1.267967909
76156.31,0.425681571,0.5,7111,37,0.39785,33.5,34.9375,36.71,0,0,0.07,0,0,20,0.5,5.5,139,0,0.1,0.1,0.1,0.1,0.1,0.1,0.5,0,17393,0.036336457,0.014833554,0,0,0,0,0,0,0,0,0,0,5,1.267967909
76216.37,0.434599343,0.5,7111,37,0.22475,33.75,34.9375,37.37,0,0,0.07,0,0,20,0.5,5.5,139,0,0.1,0.1,0.1,0.1,0.1,0.1,0.5,0,18511,0.0352223,0.014369834,0,0,0,0,0,0,0,0,0,0,5,1.267967909
76276.44,0.451751363,0.5,7111,37,0.16205,33.9375,34.9375,37.55,0,0,0.25,0,0,20,0.5,5.5,139,0,0.1,0.1,0.1,0.1,0.1,0.1,0.5,0,18568,0.035383455,0.014433434,0,0,0,0,0,0,0,0,0,0,5,1.267967909
76336.48,0.459772351,0.5,7111,37,0.18085,33.9375,34.9375,37.41,0,0,0.07,0,0,20,0.5,5.5,139,0,0.1,0.1,0.1,0.1,0.1,0.1,0.5,0,17717,0.036349269,0.014562285,0,0,0,0,0,0,0,0,0,0,5,1.267967909
76396.55,0.461834136,0.5,7111,37,0.18415,33.9375,35,37.35,0,0,0.07,0,0,20,0.5,5.5,139,0,0.1,0.1,0.1,0.1,0.1,0.1,0.5,0,17676,0.036603304,0.014765784,0,0,0,0,0,0,0,0,0,0,5,1.267967909
76456.62,0.484888812,0.5,7111,37,0.15125,33.875,34.9375,37.43,0,0,0.07,0,0,20,0.5,5.5,139,0,0.1,0.1,0.1,0.1,0.1,0.1,0.5,0,18817,0.035871818,0.014508158,0,0,0,0,0,0,0,0,0,0,5,1.350710907
76516.67,0.491097341,0.5,7111,37,0.17925,33.875,35,37.27,0,0,0.07,0,0,20,0.5,5.5,139,0,0.1,0.1,0.1,0.1,0.1,0.1,0.5,0,20104,0.034918424,0.014375249,0,0,0,0,0,0,0,0,0,0,5,1.3213436
76576.71,0.500123093,0.5,7111,37,0.16435,33.8125,35.0625,37.29,0,0,0.25,0,0,20,0.5,5.5,139,0,0.1,0.1,0.1,0.1,0.1,0.1,0.5,0,18614,0.036316751,0.014612657,0,0,0,0,0,0,0,0,0,0,5,1.309912109
76636.76,0.514770693,0.5,7111,37,0.17505,33.6875,35,37.21,0,0,0.07,0,0,20,0.5,5.5,139,0,0.1,0.1,0.1,0.1,0.1,0.1,0.5,0,19602,0.035812672,0.014437302,0,0,0,0,0,0,0,0,0,0,5,1.331018379
76696.83,0.519518704,0.5,7111,37,0.1401,33.625,35,37.33,0,0,0,0,0,20,0.5,5.5,139,0,0.1,0.1,0.1,0.1,0.1,0.1,0.5,0,20521,0.034891087,0.014278057,0,0,0,0,0,0,0,0,0,0,5,1.292011263
76756.88,0.532167488,0.5,7111,37,0.253,33.5625,35,37.13,0,0,0,0,0,20,0.5,5.5,139,0,0.1,0.1,0.1,0.1,0.1,0.1,0.5,0,19049,0.03627487,0.014961415,0,0,0,0,0,0,0,0,0,0,5,1.299577058
76816.93,0.533832806,0.5,7111,37,0.1641,33.5625,34.9375,37.17,0,0,0,0,0,20,0.5,5.5,139,0,0.1,0.1,0.1,0.1,0.1,0.1,0.5,0,19512,0.03597786,0.014760148,0,0,0,0,0,0,0,0,0,0,5,1.243971481
76876.99,0.544749933,0.5,7111,37,0.1596,33.5,34.875,37.11,0,0,0,0,0,20,0.5,5.5,139,0,0.1,0.1,0.1,0.1,0.1,0.1,0.5,0,21212,0.035168772,0.014190081,0,0,0,0,0,0,0,0,0,0,5,1.242505383
76937.03,0.550301638,0.5,7111,37,0.391,33.4375,34.875,36.63,0,0.02,0.15,0,0,20,0.5,5.5,139,0,0.1,0.1,0.1,0.1,0.1,0.1,0.5,0,20624,0.03515322,0.014303724,0,0,0,0,0,0,0,0,0,0,0.44,1.242505383
76997.07,0.494940542,0.5,7111,37,0.583753357,33.25,34.8125,35.83,0,0.018438666,0.143754665,0,0,20,0.5,5.5,139,0,0.1,0.1,0.1,0.1,0.1,0.1,0.5,0,19992,0.035114046,0.014455782,0,0,0,0,0,0,0,0,0,0,0.44,1.242505383
77057.14,0.448711209,0.5,7111,37,0.53815,33.125,34.8125,35.97,0,0,0.07,0,0,20,0.5,5.5,139,0,0.1,0.1,0.1,0.1,0.1,0.1,0.5,0,16588,0.037316132,0.015312274,0,0,0,0,0,0,0,0,0,0,5,1.242505383
77117.2,0.448364475,0.5,7111,37,0.30155,33.4375,34.8125,36.95,0,0,0.07,0,0,20,0.5,5.5,139,0,0.1,0.1,0.1,0.1,0.1,0.1,0.5,0,19170,0.035524257,0.014397496,0,0,0,0,0,0,0,0,0,0,5,1.242505383
77177.26,0.468550739,0.5,7111,37,0.23735,33.625,34.75,37.19,0,0,0.25,0,0,20,0.5,5.5,139,0,0.1,0.1,0.1,0.1,0.1,0.1,0.5,0,19280,0.03526971,0.014522822,0,0,0,0,0,0,0,0,0,0,5,1.242505383
77237.3,0.47979752,0.5,7111,37,0.11175,33.6875,34.875,37.63,0,0,0.07,0,0,20,0.5,5.5,139,0,0.1,0.1,0.1,0.1,0.1,0.1,0.5,0,18493,0.03617585,0.014546044,0,0,0,0,0,0,0,0,0,0,5,1.242505383
77297.34,0.486204557,0.5,7111,37,0.15005,33.75,34.875,37.43,0,0,0.07,0,0,20,0.5,5.5,139,0,0.1,0.1,0.1,0.1,0.1,0.1,0.5,0,19183,0.0357087,0.014700516,0,0,0,0,0,0,0,0,0,0,5,1.242505383
77357.41,0.520425431,0.5,7111,37,0.21905,33.75,34.875,37.13,0,0,0.07,0,0,20,0.5,5.5,139,0,0.1,0.1,0.1,0.1,0.1,0.1,0.5,0,18481,0.036415778,0.014555489,0,0,0,0,0,0,0,0,0,0,5,1.242505383
77417.48,0.523358888,0.5,7111,37,0.15475,33.6875,34.875,37.35,0,0,0.07,0,0,20,0.5,5.5,139,0,0.1,0.1,0.1,0.1,0.1,0.1,0.5,0,18841,0.035985351,0.014808131,0,0,0,0,0,0,0,0,0,0,5,1.19724259
77477.54,0.519890066,0.5,7111,37,0.18165,33.6875,34.9375,37.21,0,0,0.25,0,0,20,0.5,5.5,139,0,0.1,0.1,0.1,0.1,0.1,0.1,0.5,0,18330,0.036824877,0.014893617,0,0,0,0,0,0,0,0,0,0,5,1.117430279
77537.58,0.52585655,0.5,7111,37,0.15415,33.6875,34.9375,37.29,0,0,0.07,0,0,20,0.5,5.5,139,0,0.1,0.1,0.1,0.1,0.1,0.1,0.5,0,19567,0.036030051,0.014718659,0,0,0,0,0,0,0,0,0,0,5,1.095792002
77597.64,0.531266403,0.5,7111,37,0.1551,33.625,34.9375,37.25,0,0,0.07,0,0,20,0.5,5.5,139,0,0.1,0.1,0.1,0.1,0.1,0.1,0.5,0,18944,0.036634291,0.014727618,0,0,0,0,0,0,0,0,0,0,5,1.071707821
77657.72,0.554020348,0.5,7111,37,0.1538,33.5625,35,37.01,0,0,0,0,0,20,0.5,5.5,139,0,0.1,0.1,0.1,0.1,0.1,0.1,0.5,0,20557,0.035413728,0.01469086,0,0,0,0,0,0,0,0,0,0,5,1.143935885
77717.8,0.561560042,0.5,7111,37,0.39535,33.5625,35,36.61,0,0.02,0.15,0,0,20,0.5,5.5,139,0,0.1,0.1,0.1,0.1,0.1,0.1,0.5,0,20297,0.035965906,0.014731241,0,0,0,0,0,0,0,0,0,0,0.44,1.143935885
77777.86,0.525619891,0.5,7111,37,0.569975,33.375,34.9375,35.91,0,0.02,0.25,0,0,20,0.5,5.5,139,0,0.1,0.1,0.1,0.1,0.1,0.1,0.5,0,18906,0.036337671,0.014863006,0,0,0,0,0,0,0,0,0,0,0.44,1.143935885
77837.92,0.451769999,0.5,7111,37,0.5704,33.1875,34.875,36.09,0,0.02,0.15,0,0,20,0.5,5.5,139,0,0.1,0.1,0.1,0.1,0.1,0.1,0.5,0,18242,0.036235062,0.01474619,0,0,0,0,0,0,0,0,0,0,0.44,1.143935885
77897.99,0.38560281,0.5,7111,37,0.70445,33.25,34.8125,35.67,0,0,0.07,0,0,20,0.5,5.5,139,0,0.1,0.1,0.1,0.1,0.1,0.1,0.5,0,17344,0.036093173,0.014644834,0,0,0,0,0,0,0,0,0,0,5,1.143935885
77958.06,0.414722266,0.5,7111,37,0.4383,33.5,34.8125,36.49,0,0,0.07,0,0,20,0.5,5.5,139,0,0.1,0.1,0.1,0.1,0.1,0.1,0.5,0,17424,0.036214417,0.014807163,0,0,0,0,0,0,0,0,0,0,5,1.143935885
78018.14,0.443919142,0.5,7111,37,0.255,33.6875,34.75,37.11,0,0,0.07,0,0,20,0.5,5.5,139,0,0.1,0.1,0.1,0.1,0.1,0.1,0.5,0,18336,0.035122164,0.014452443,0,0,0,0,0,0,0,0,0,0,5,1.143935885
78078.18,0.4292848,0.5,7111,37,0.22275,33.8125,34.6875,37.33,0,0,0.25,0,0,20,0.5,5.5,139,0,0.1,0.1,0.1,0.1,0.1,0.1,0.5,0,16653,0.037410677,0.015252507,0,0,0,0,0,0,0,0,0,0,5,1.143935885
78138.23,0.463198643,0.5,7111,37,0.186,33.875,34.75,37.51,0,0,0.07,0,0,20,0.5,5.5,139,0,0.1,0.1,0.1,0.1,0.1,0.1,0.5,0,19487,0.034895058,0.014471186,0,0,0,0,0,0,0,0,0,0,5,1.143935885
78198.3,0.475372648,0.5,7111,37,0.1598,33.875,34.75,37.49,0,0,0.07,0,0,20,0.5,5.5,139,0,0.1,0.1,0.1,0.1,0.1,0.1,0.5,0,17100,0.036842105,0.014912281,0,0,0,0,0,0,0,0,0,0,5,1.143935885
78258.33,0.466296534,0.5,7111,37,0.1304,33.8125,34.8125,37.27,0,0,0.07,0,0,20,0.5,5.5,139,0,0.1,0.1,0.1,0.1,0.1,0.1,0.5,0,18719,0.035632245,0.014637534,0,0,0,0,0,0,0,0,0,0,5,1.028907348
78318.43,0.484357,0.5,7111,37,0.1622,33.8125,34.8125,37.37,0,0,0.07,0,0,20,0.5,5.5,139,0,0.1,0.1,0.1,0.1,0.1,0.1,0.5,0,19901,0.034973117,0.014572132,0,0,0,0,0,0,0,0,0,0,5,1.091463384
78378.52,0.503321553,0.5,7111,37,0.24185,33.75,34.9375,37.01,0,0,0.25,0,0,20,0.5,5.5,139,0,0.1,0.1,0.1,0.1,0.1,0.1,0.5,0,17338,0.036913139,0.014938286,0,0,0,0,0,0,0,0,0,0,5,1.152111206
78438.6,0.495046828,0.5,7111,37,0.1728,33.6875,34.9375,37.17,0,0,0.07,0,0,20,0.5,5.5,139,0,0.1,0.1,0.1,0.1,0.1,0.1,0.5,0,19657,0.035407234,0.014600397,0,0,0,0,0,0,0,0,0,0,5,1.044775017
78498.67,0.505377081,0.5,7111,37,0.1638,33.625,35,37.25,0,0,0,0,0,20,0.5,5.5,139,0,0.1,0.1,0.1,0.1,0.1,0.1,0.5,0,19227,0.035887034,0.014614865,0,0,0,0,0,0,0,0,0,0,5,1.054493723
78558.74,0.519474804,0.5,7111,37,0.1354,33.5625,35.0625,37.21,0,0,0,0,0,20,0.5,5.5,139,0,0.1,0.1,0.1,0.1,0.1,0.1,0.5,0,21084,0.034481123,0.014323658,0,0,0,0,0,0,0,0,0,0,5,1.08430943
78618.79,0.526175674,0.5,7111,37,0.19,33.5625,35.0625,36.95,0,0,0,0,0,20,0.5,5.5,139,0,0.1,0.1,0.1,0.1,0.1,0.1,0.5,0,20107,0.035609489,0.01457204,0,0,0,0,0,0,0,0,0,0,5,1.068544445
78678.88,0.523222221,0.5,7111,37,0.1646,33.5,35.0625,36.93,0,0,0,0,0,20,0.5,5.5,139,0,0.1,0.1,0.1,0.1,0.1,0.1,0.5,0,20137,0.035506779,0.01455033,0,0,0,0,0,0,0,0,0,0,5,0.998230619
78738.95,0.545436571,0.5,7111,37,0.2184,33.5,35.0625,37.09,0,0,0,0,0,20,0.5,5.5,139,0,0.1,0.1,0.1,0.1,0.1,0.1,0.5,0,20174,0.03573907,0.014771488,0,0,0,0,0,0,0,0,0,0,5,1.073059842
78799.01,0.570421656,0.5,7111,37,0.451325,33.5,35.0625,36.31,0,0.02,0.15,0,0,20,0.5,5.5,139,0,0.1,0.1,0.1,0.1,0.1,0.1,0.5,0,20092,0.035835158,0.014881545,0,0,0,0,0,0,0,0,0,0,0.44,1.073059842
78859.07,0.481565362,0.5,7111,37,0.644902125,33.3125,35.125,35.53,0,0.018718148,0.144872592,0,0,20,0.5,5.5,139,0,0.1,0.1,0.1,0.1,0.1,0.1,0.5,0,18353,0.036778728,0.014874952,0,0,0,0,0,0,0,0,0,0,0.44,1.073059842
78919.14,0.435859565,0.5,7111,37,0.605854829,33.25,35.125,35.83,0,0,0.07,0,0,20,0.5,5.5,139,0,0.1,0.1,0.1,0.1,0.1,0.1,0.5,0,19104,0.03559464,0.014499581,0,0,0,0,0,0,0,0,0,0,5,1.073059842
78979.22,0.44780745,0.5,7111,37,0.33495,33.5625,35.125,36.85,0,0,0.25,0,0,20,0.5,5.5,139,0,0.1,0.1,0.1,0.1,0.1,0.1,0.5,0,19237,0.035296564,0.014607267,0,0,0,0,0,0,0,0,0,0,5,1.073059842
79039.27,0.461465629,0.5,7111,37,0.21,33.75,35.125,37.29,0,0,0.07,0,0,20,0.5,5.5,139,0,0.1,0.1,0.1,0.1,0.1,0.1,0.5,0,18000,0.036222222,0.014888889,0,0,0,0,0,0,0,0,0,0,5,1.073059842
79099.35,0.485732181,0.5,7111,37,0.1574,33.875,35.0625,37.45,0,0,0.07,0,0,20,0.5,5.5,139,0,0.1,0.1,0.1,0.1,0.1,0.1,0.5,0,18682,0.03580987,0.014720051,0,0,0,0,0,0,0,0,0,0,5,1.073059842
79159.41,0.495025143,0.5,7111,37,0.1539,33.8125,35,37.17,0,0,0.07,0,0,20,0.5,5.5,139,0,0.1,0.1,0.1,0.1,0.1,0.1,0.5,0,19291,0.035456949,0.014670053,0,0,0,0,0,0,0,0,0,0,5,1.073059842
79219.48,0.501466009,0.5,7111,37,0.1177,33.8125,34.9375,37.45,0,0,0.07,0,0,20,0.5,5.5,139,0,0.1,0.1,0.1,0.1,0.1,0.1,0.5,0,20187,0.035072076,0.014514291,0,0,0,0,0,0,0,0,0,0,5,1.073059842
79279.55,0.517240215,0.5,7111,37,0.20645,33.75,34.9375,37.13,0,0,0.25,0,0,20,0.5,5.5,139,0,0.1,0.1,0.1,0.1,0.1,0.1,0.5,0,19788,0.03542551,0.014655347,0,0,0,0,0,0,0,0,0,0,5,1.11232157
79339.61,0.518745522,0.5,7111,37,0.1674,33.625,34.9375,37.29,0,0,0.07,0,0,20,0.5,5.5,139,0,0.1,0.1,0.1,0.1,0.1,0.1,0.5,0,20049,0.035512993,0.014713951,0,0,0,0,0,0,0,0,0,0,5,1.065423611
79399.69,0.526322146,0.5,7111,37,0.1943,33.625,35,37.13,0,0,0.07,0,0,20,0.5,5.5,139,0,0.1,0.1,0.1,0.1,0.1,0.1,0.5,0,20550,0.035425791,0.01459854,0,0,0,0,0,0,0,0,0,0,5,1.055652527
79459.76,0.542731654,0.5,7111,37,0.1539,33.5625,35,37.19,0,0,0.07,0,0,20,0.5,5.5,139,0,0.1,0.1,0.1,0.1,0.1,0.1,0.5,0,20803,0.035427583,0.014613277,0,0,0,0,0,0,0,0,0,0,5,1.094974507
79519.82,0.551163855,0.5,7111,37,0.46,33.5,35.125,36.29,0,0.02,0.15,0,0,20,0.5,5.5,139,0,0.1,0.1,0.1,0.1,0.1,0.1,0.5,0,20800,0.035528846,0.014615385,0,0,0,0,0,0,0,0,0,0,0.44,1.094974507
79579.86,0.492286672,0.5,7111,37,0.542120398,33.375,35.0625,36.01,0,0.018182754,0.25,0,0,20,0.5,5.5,139,0,0.1,0.1,0.1,0.1,0.1,0.1,0.5,0,18168,0.036712902,0.015081462,0,0,0,0,0,0,0,0,0,0,0.44,1.094974507
79639.92,0.445588993,0.5,7111,37,0.622833333,33.3125,35.125,35.99,0,0,0.07,0,0,20,0.5,5.5,139,0,0.1,0.1,0.1,0.1,0.1,0.1,0.5,0,17749,0.036790805,0.014930419,0,0,0,0,0,0,0,0,0,0,5,1.094974507
79699.99,0.453271044,0.5,7111,37,0.394,33.5,35.0625,36.65,0,0,0.07,0,0,20,0.5,5.5,139,0,0.1,0.1,0.1,0.1,0.1,0.1,0.5,0,18724,0.035889767,0.014580218,0,0,0,0,0,0,0,0,0,0,5,1.094974507
79760.04,0.467723012,0.5,7111,37,0.2566,33.625,35.0625,37.19,0,0,0.07,0,0,20,0.5,5.5,139,0,0.1,0.1,0.1,0.1,0.1,0.1,0.5,0,19104,0.03559464,0.014551926,0,0,0,0,0,0,0,0,0,0,5,1.094974507
79820.11,0.472224817,0.5,7111,37,0.1858,33.75,35.0625,37.19,0,0,0.07,0,0,20,0.5,5.5,139,0,0.1,0.1,0.1,0.1,0.1,0.1,0.5,0,19781,0.035185279,0.014458319,0,0,0,0,0,0,0,0,0,0,5,1.094974507
79880.15,0.497703477,0.5,7111,37,0.18865,33.75,35.0625,37.29,0,0,0.25,0,0,20,0.5,5.5,139,0,0.1,0.1,0.1,0.1,0.1,0.1,0.5,0,19287,0.035775393,0.014517551,0,0,0,0,0,0,0,0,0,0,5,1.094974507
79940.19,0.512976324,0.5,7111,37,0.1684,33.75,35.125,37.43,0,0,0.07,0,0,20,0.5,5.5,139,0,0.1,0.1,0.1,0.1,0.1,0.1,0.5,0,19476,0.035479565,0.014530704,0,0,0,0,0,0,0,0,0,0,5,1.094974507
80000.26,0.528538734,0.5,7111,37,0.1111,33.8125,35.125,37.35,0,0,0.07,0,0,20,0.5,5.5,139,0,0.1,0.1,0.1,0.1,0.1,0.1,0.5,0,19322,0.035969361,0.014750026,0,0,0,0,0,0,0,0,0,0,5,1.129884983
80060.3,0.52735561,0.5,7111,37,0.1839,33.75,35.125,37.25,0,0,0.07,0,0,20,0.5,5.5,139,0,0.1,0.1,0.1,0.1,0.1,0.1,0.5,0,20459,0.035241214,0.014272447,0,0,0,0,0,0,0,0,0,0,5,1.066667763
80120.34,0.544541808,0.5,7111,37,0.1873,33.6875,35,37.11,0,0,0.07,0,0,20,0.5,5.5,139,0,0.1,0.1,0.1,0.1,0.1,0.1,0.5,0,19804,0.035952333,0.014794991,0,0,0,0,0,0,0,0,0,0,5,1.109543234
80180.41,0.559944223,0.5,7111,37,0.341325,33.6875,35.0625,36.89,0,0.02,0.25,0,0,20,0.5,5.5,139,0,0.1,0.1,0.1,0.1,0.1,0.1,0.5,0,20616,0.035409391,0.014406286,0,0,0,0,0,0,0,0,0,0,0.44,1.109543234
80240.47,0.514692243,0.5,7111,37,0.58195,33.4375,35,35.83,0,0.02,0.15,0,0,20,0.5,5.5,139,0,0.1,0.1,0.1,0.1,0.1,0.1,0.5,0,19230,0.036037441,0.014820593,0,0,0,0,0,0,0,0,0,0,0.44,1.109543234
80300.54,0.457410468,0.5,7111,37,0.741775,33.25,34.9375,35.27,0,0.02,0.15,0,0,20,0.5,5.5,139,0,0.1,0.1,0.1,0.1,0.1,0.1,0.5,0,18740,0.035645678,0.014514408,0,0,0,0,0,0,0,0,0,0,0.44,1.109543234
80360.61,0.392175866,0.5,7111,37,0.724725,33.3125,34.875,35.61,0,0,0.07,0,0,20,0.5,5.5,139,0,0.1,0.1,0.1,0.1,0.1,0.1,0.5,0,17856,0.036290323,0.014784946,0,0,0,0,0,0,0,0,0,0,5,1.109543234
80420.68,0.385217836,0.5,7111,37,0.3905,33.5625,34.875,36.79,0,0,0.07,0,0,20,0.5,5.5,139,0,0.1,0.1,0.1,0.1,0.1,0.1,0.5,0,17992,0.035293464,0.014617608,0,0,0,0,0,0,0,0,0,0,5,1.109543234
80480.76,0.434269355,0.5,7111,37,0.28405,33.8125,34.8125,37.17,0,0,0.25,0,0,20,0.5,5.5,139,0,0.1,0.1,0.1,0.1,0.1,0.1,0.5,0,18438,0.03514481,0.01426402,0,0,0,0,0,0,0,0,0,0,5,1.109543234
80540.8,0.452962167,0.5,7111,37,0.2073,33.9375,34.8125,37.63,0,0,0.07,0,0,20,0.5,5.5,139,0,0.1,0.1,0.1,0.1,0.1,0.1,0.5,0,18075,0.035850622,0.014550484,0,0,0,0,0,0,0,0,0,0,5,1.109543234
80600.83,0.442996108,0.5,7111,37,0.1914,34,34.8125,37.51,0,0,0.07,0,0,20,0.5,5.5,139,0,0.1,0.1,0.1,0.1,0.1,0.1,0.5,0,18846,0.035339064,0.014538894,0,0,0,0,0,0,0,0,0,0,5,1.109543234
80660.89,0.460034373,0.5,7111,37,0.1331,34,34.8125,37.53,0,0,0.07,0,0,20,0.5,5.5,139,0,0.1,0.1,0.1,0.1,0.1,0.1,0.5,0,17140,0.03663944,0.014819137,0,0,0,0,0,0,0,0,0,0,5,1.109543234
80720.98,0.469869669,0.5,7111,37,0.1351,34,34.9375,37.37,0,0,0.07,0,0,20,0.5,5.5,139,0,0.1,0.1,0.1,0.1,0.1,0.1,0.5,0,18895,0.035564964,0.014395343,0,0,0,0,0,0,0,0,0,0,5,1.117528509
80781.05,0.494636795,0.5,7111,37,0.19175,33.875,34.9375,37.25,0,0,0.25,0,0,20,0.5,5.5,139,0,0.1,0.1,0.1,0.1,0.1,0.1,0.5,0,18094,0.036310379,0.01481154,0,0,0,0,0,0,0,0,0,0,5,1.215757251
80841.1,0.476013095,0.5,7111,37,0.1986,33.75,34.9375,37.35,0,0,0.07,0,0,20,0.5,5.5,139,0,0.1,0.1,0.1,0.1,0.1,0.1,0.5,0,18361,0.035891291,0.014487228,0,0,0,0,0,0,0,0,0,0,5,1.039834245
80901.16,0.487786965,0.5,7111,37,0.1534,33.8125,34.9375,37.21,0,0,0.07,0,0,20,0.5,5.5,139,0,0.1,0.1,0.1,0.1,0.1,0.1,0.5,0,19332,0.035588661,0.014587213,0,0,0,0,0,0,0,0,0,0,5,1.06114273
80961.2,0.492671575,0.5,7111,37,0.1638,33.6875,35,37.17,0,0,0,0,0,20,0.5,5.5,139,0,0.1,0.1,0.1,0.1,0.1,0.1,0.5,0,19580,0.035495403,0.014402451,0,0,0,0,0,0,0,0,0,0,5,1.037977631
81021.28,0.51166063,0.5,7111,37,0.1725,33.6875,35,37.13,0,0,0,0,0,20,0.5,5.5,139,0,0.1,0.1,0.1,0.1,0.1,0.1,0.5,0,19602,0.035914703,0.014845424,0,0,0,0,0,0,0,0,0,0,5,1.099535142
81081.34,0.522346127,0.5,7111,37,0.1774,33.625,35.0625,37.13,0,0,0,0,0,20,0.5,5.5,139,0,0.1,0.1,0.1,0.1,0.1,0.1,0.5,0,20258,0.035344062,0.014562148,0,0,0,0,0,0,0,0,0,0,5,1.106565005
81141.42,0.555347154,0.5,7111,37,0.1243,33.625,35,36.81,0,0,0,0,0,20,0.5,5.5,139,0,0.1,0.1,0.1,0.1,0.1,0.1,0.5,0,19592,0.035984075,0.014699878,0,0,0,0,0,0,0,0,0,0,5,1.235025675
81201.48,0.541406841,0.5,7111,37,0.519425,33.625,35.0625,36.01,0,0.02,0.15,0,0,20,0.5,5.5,139,0,0.1,0.1,0.1,0.1,0.1,0.1,0.5,0,19199,0.03609563,0.014688265,0,0,0,0,0,0,0,0,0,0,0.44,1.235025675
81261.55,0.470485722,0.5,7111,37,0.660668491,33.375,35.0625,35.47,0,0.014349439,0.127397757,0,0,20,0.5,5.5,139,0,0.1,0.1,0.1,0.1,0.1,0.1,0.5,0,18129,0.036405759,0.014838105,0,0,0,0,0,0,0,0,0,0,0.44,1.235025675
81321.62,0.423515319,0.5,7111,37,0.550725178,33.375,35.0625,36.07,0,0,0.07,0,0,20,0.5,5.5,139,0,0.1,0.1,0.1,0.1,0.1,0.1,0.5,0,17054,0.036765568,0.015128416,0,0,0,0,0,0,0,0,0,0,5,1.235025675
81381.68,0.435872188,0.5,7111,37,0.27415,33.5625,35,37.05,0,0,0.25,0,0,20,0.5,5.5,139,0,0.1,0.1,0.1,0.1,0.1,0.1,0.5,0,18410,0.035469853,0.014394351,0,0,0,0,0,0,0,0,0,0,5,1.235025675
81441.73,0.455423171,0.5,7111,37,0.2628,33.75,35,37.21,0,0,0.07,0,0,20,0.5,5.5,139,0,0.1,0.1,0.1,0.1,0.1,0.1,0.5,0,17861,0.036616091,0.014836795,0,0,0,0,0,0,0,0,0,0,5,1.235025675
81501.78,0.467849318,0.5,7111,37,0.2244,33.8125,35,37.37,0,0,0.07,0,0,20,0.5,5.5,139,0,0.1,0.1,0.1,0.1,0.1,0.1,0.5,0,18133,0.036452876,0.014945128,0,0,0,0,0,0,0,0,0,0,5,1.235025675
81561.86,0.48730151,0.5,7111,37,0.1706,33.8125,34.9375,37.27,0,0,0.07,0,0,20,0.5,5.5,139,0,0.1,0.1,0.1,0.1,0.1,0.1,0.5,0,18823,0.035701004,0.01439728,0,0,0,0,0,0,0,0,0,0,5,1.235025675
81621.89,0.493243629,0.5,7111,37,0.1574,33.75,34.875,37.19,0,0,0.07,0,0,20,0.5,5.5,139,0,0.1,0.1,0.1,0.1,0.1,0.1,0.5,0,19251,0.035738403,0.01464859,0,0,0,0,0,0,0,0,0,0,5,1.235025675
81681.94,0.500751931,0.5,7111,37,0.14845,33.75,34.875,37.35,0,0,0.25,0,0,20,0.5,5.5,139,0,0.1,0.1,0.1,0.1,0.1,0.1,0.5,0,19191,0.036006461,0.014590172,0,0,0,0,0,0,0,0,0,0,5,1.218597195
81741.99,0.499223962,0.5,7111,37,0.1379,33.625,34.875,37.17,0,0,0.07,0,0,20,0.5,5.5,139,0,0.1,0.1,0.1,0.1,0.1,0.1,0.5,0,20978,0.034560015,0.014205358,0,0,0,0,0,0,0,0,0,0,5,1.148499295
81802.06,0.517591013,0.5,7111,37,0.224,33.5625,34.8125,37.27,0,0,0.07,0,0,20,0.5,5.5,139,0,0.1,0.1,0.1,0.1,0.1,0.1,0.5,0,20651,0.034768292,0.01438187,0,0,0,0,0,0,0,0,0,0,5,1.199466022
81862.09,0.525769401,0.5,7111,37,0.2419,33.5625,34.875,37.19,0,0,0.07,0,0,20,0.5,5.5,139,0,0.1,0.1,0.1,0.1,0.1,0.1,0.5,0,19854,0.035761056,0.014606628,0,0,0,0,0,0,0,0,0,0,5,1.186524723
81922.15,0.546563943,0.5,7111,37,0.1765,33.5625,34.9375,37.09,0,0,0,0,0,20,0.5,5.5,139,0,0.1,0.1,0.1,0.1,0.1,0.1,0.5,0,21323,0.034891901,0.014397599,0,0,0,0,0,0,0,0,0,0,5,1.243564259
81982.23,0.535478131,0.5,7111,37,0.2079,33.5,34.9375,36.95,0,0,0,0,0,20,0.5,5.5,139,0,0.1,0.1,0.1,0.1,0.1,0.1,0.5,0,19602,0.035965718,0.014590348,0,0,0,0,0,0,0,0,0,0,5,1.11991228
82042.28,0.549055684,0.5,7111,37,0.2226,33.5,35,37.11,0,0,0,0,0,20,0.5,5.5,139,0,0.1,0.1,0.1,0.1,0.1,0.1,0.5,0,20783,0.034980513,0.014290526,0,0,0,0,0,0,0,0,0,0,5,1.139036108
82102.34,0.560933662,0.5,7111,37,0.433125,33.5625,35.0625,36.41,0,0.02,0.15,0,0,20,0.5,5.5,139,0,0.1,0.1,0.1,0.1,0.1,0.1,0.5,0,20868,0.035508913,0.014471919,0,0,0,0,0,0,0,0,0,0,0.44,1.139036108
82162.39,0.530454498,0.5,7111,37,0.554325,33.4375,35.0625,35.93,0,0.02,0.15,0,0,20,0.5,5.5,139,0,0.1,0.1,0.1,0.1,0.1,0.1,0.5,0,21544,0.03448756,0.014110657,0,0,0,0,0,0,0,0,0,0,0.44,1.139036108
82222.47,0.457935023,0.5,7111,37,0.656425,33.25,35.0625,35.61,0,0.02,0.15,0,0,20,0.5,5.5,139,0,0.1,0.1,0.1,0.1,0.1,0.1,0.5,0,18320,0.036408297,0.014847162,0,0,0,0,0,0,0,0,0,0,0.44,1.139036108
82282.54,0.428986572,0.5,7111,37,0.50635,33.4375,35.0625,36.21,0,0,0.25,0,0,20,0.5,5.5,139,0,0.1,0.1,0.1,0.1,0.1,0.1,0.5,0,17824,0.036074955,0.014643178,0,0,0,0,0,0,0,0,0,0,5,1.139036108
82342.6,0.468126526,0.5,7111,37,0.3274,33.5625,35.125,37.01,0,0,0.07,0,0,20,0.5,5.5,139,0,0.1,0.1,0.1,0.1,0.1,0.1,0.5,0,18475,0.035399188,0.014668471,0,0,0,0,0,0,0,0,0,0,5,1.139036108
82402.68,0.456800582,0.5,7111,37,0.1772,33.8125,35.125,37.51,0,0,0.07,0,0,20,0.5,5.5,139,0,0.1,0.1,0.1,0.1,0.1,0.1,0.5,0,18554,0.036056915,0.014606015,0,0,0,0,0,0,0,0,0,0,5,1.139036108
82462.78,0.460393347,0.5,7111,37,0.1372,33.9375,35.125,37.37,0,0,0.07,0,0,20,0.5,5.5,139,0,0.1,0.1,0.1,0.1,0.1,0.1,0.5,0,18317,0.035977507,0.014685811,0,0,0,0,0,0,0,0,0,0,5,1.139036108
82522.84,0.480902402,0.5,7111,37,0.0945,33.875,35.125,37.43,0,0,0.07,0,0,20,0.5,5.5,139,0,0.1,0.1,0.1,0.1,0.1,0.1,0.5,0,17971,0.036614546,0.014912915,0,0,0,0,0,0,0,0,0,0,5,1.139036108
82582.88,0.503885533,0.5,7111,37,0.20345,33.875,35.0625,37.19,0,0,0.25,0,0,20,0.5,5.5,139,0,0.1,0.1,0.1,0.1,0.1,0.1,0.5,0,19651,0.035316269,0.014401303,0,0,0,0,0,0,0,0,0,0,5,1.139036108
82642.94,0.497707741,0.5,7111,37,0.1423,33.75,35.125,37.27,0,0,0.07,0,0,20,0.5,5.5,139,0,0.1,0.1,0.1,0.1,0.1,0.1,0.5,0,18569,0.036243201,0.014648069,0,0,0,0,0,0,0,0,0,0,5,1.045076044
82702.99,0.511088358,0.5,7111,37,0.143,33.6875,35.125,37.01,0,0,0.07,0,0,20,0.5,5.5,139,0,0.1,0.1,0.1,0.1,0.1,0.1,0.5,0,18834,0.036317299,0.014813635,0,0,0,0,0,0,0,0,0,0,5,1.072410583
82763.06,0.524162982,0.5,7111,37,0.1835,33.6875,35.0625,37.13,0,0,0.07,0,0,20,0.5,5.5,139,0,0.1,0.1,0.1,0.1,0.1,0.1,0.5,0,19947,0.035544192,0.014688926,0,0,0,0,0,0,0,0,0,0,5,1.094570603
82823.1,0.515149783,0.5,7111,37,0.1607,33.625,35.0625,37.03,0,0,0.07,0,0,20,0.5,5.5,139,0,0.1,0.1,0.1,0.1,0.1,0.1,0.5,0,20556,0.034928975,0.014448336,0,0,0,0,0,0,0,0,0,0,5,0.987807162
82883.18,0.5332612,0.5,7111,37,0.2062,33.5625,35,37.09,0,0,0,0,0,20,0.5,5.5,139,0,0.1,0.1,0.1,0.1,0.1,0.1,0.5,0,20359,0.035365195,0.014342551,0,0,0,0,0,0,0,0,0,0,5,1.042077789
82943.26,0.542051011,0.5,7111,37,0.152,33.5625,35,37.13,0,0,0,0,0,20,0.5,5.5,139,0,0.1,0.1,0.1,0.1,0.1,0.1,0.5,0,19330,0.036368339,0.014640455,0,0,0,0,0,0,0,0,0,0,5,1.039020155
83003.35,0.567430342,0.5,7111,37,0.1799,33.5,35,37.09,0,0.02,0.15,0,0,20,0.5,5.5,139,0,0.1,0.1,0.1,0.1,0.1,0.1,0.5,0,18399,0.037284635,0.015055166,0,0,0,0,0,0,0,0,0,0,0.44,1.039020155
83063.43,0.503199339,0.5,7111,37,0.5306,33.3125,34.9375,35.99,0,0.02,0.15,0,0,20,0.5,5.5,139,0,0.1,0.1,0.1,0.1,0.1,0.1,0.5,0,18976,0.036256324,0.014702782,0,0,0,0,0,0,0,0,0,0,0.44,1.039020155
83123.46,0.483936252,0.5,7111,37,0.543025,33.25,34.9375,36.23,0,0.02,0.15,0,0,20,0.5,5.5,139,0,0.1,0.1,0.1,0.1,0.1,0.1,0.5,0,19076,0.035437199,0.014520864,0,0,0,0,0,0,0,0,0,0,0.44,1.039020155
83183.53,0.419079654,0.5,7111,37,0.54345,33.375,34.875,36.13,0,0,0.25,0,0,20,0.5,5.5,139,0,0.1,0.1,0.1,0.1,0.1,0.1,0.5,0,17978,0.03598843,0.014740238,0,0,0,0,0,0,0,0,0,0,5,1.039020155
83243.59,0.425699431,0.5,7111,37,0.3657,33.625,34.9375,37.09,0,0,0.07,0,0,20,0.5,5.5,139,0,0.1,0.1,0.1,0.1,0.1,0.1,0.5,0,18821,0.035226609,0.014451942,0,0,0,0,0,0,0,0,0,0,5,1.039020155
83303.65,0.435855972,0.5,7111,37,0.1881,33.875,34.9375,37.61,0,0,0.07,0,0,20,0.5,5.5,139,0,0.1,0.1,0.1,0.1,0.1,0.1,0.5,0,17783,0.035820728,0.014789406,0,0,0,0,0,0,0,0,0,0,5,1.039020155
83363.72,0.458385014,0.5,7111,37,0.1307,33.9375,35,37.55,0,0,0.07,0,0,20,0.5,5.5,139,0,0.1,0.1,0.1,0.1,0.1,0.1,0.5,0,17012,0.036738773,0.015106983,0,0,0,0,0,0,0,0,0,0,5,1.039020155
83423.78,0.463698107,0.5,7111,37,0.1342,34,35,37.49,0,0,0.07,0,0,20,0.5,5.5,139,0,0.1,0.1,0.1,0.1,0.1,0.1,0.5,0,19051,0.03532623,0.014539919,0,0,0,0,0,0,0,0,0,0,5,1.039020155
83483.85,0.462914798,0.5,7111,37,0.17605,33.9375,35.0625,37.35,0,0,0.25,0,0,20,0.5,5.5,139,0,0.1,0.1,0.1,0.1,0.1,0.1,0.5,0,19336,0.035115846,0.014532478,0,0,0,0,0,0,0,0,0,0,5,1.039020155
83543.91,0.486104526,0.5,7111,37,0.1496,33.8125,35.0625,37.33,0,0,0.07,0,0,20,0.5,5.5,139,0,0.1,0.1,0.1,0.1,0.1,0.1,0.5,0,18964,0.035804683,0.014659355,0,0,0,0,0,0,0,0,0,0,5,1.133711129
83603.99,0.499391167,0.5,7111,37,0.1388,33.75,35.125,37.29,0,0,0.07,0,0,20,0.5,5.5,139,0,0.1,0.1,0.1,0.1,0.1,0.1,0.5,0,18255,0.036318817,0.014735689,0,0,0,0,0,0,0,0,0,0,5,1.157923614
83664.02,0.491269753,0.5,7111,37,0.1839,33.75,35.125,37.43,0,0,0.07,0,0,20,0.5,5.5,139,0,0.1,0.1,0.1,0.1,0.1,0.1,0.5,0,19149,0.035615437,0.014674396,0,0,0,0,0,0,0,0,0,0,5,1.050838478
83724.06,0.52810855,0.5,7111,37,0.1249,33.6875,35.125,37.21,0,0,0.07,0,0,20,0.5,5.5,139,0,0.1,0.1,0.1,0.1,0.1,0.1,0.5,0,19495,0.035752757,0.014465247,0,0,0,0,0,0,0,0,0,0,5,1.215221988
83784.13,0.511907476,0.5,7111,37,0.1356,33.6875,35.125,37.09,0,0,0,0,0,20,0.5,5.5,139,0,0.1,0.1,0.1,0.1,0.1,0.1,0.5,0,20512,0.035101404,0.014430577,0,0,0,0,0,0,0,0,0,0,5,1.060987037
83844.16,0.533129035,0.5,7111,37,0.1876,33.5625,35.125,37.17,0,0,0,0,0,20,0.5,5.5,139,0,0.1,0.1,0.1,0.1,0.1,0.1,0.5,0,20424,0.035056796,0.014247944,0,0,0,0,0,0,0,0,0,0,5,1.129796452
83904.24,0.535465908,0.5,7111,37,0.1993,33.5625,35.0625,36.97,0,0,0,0,0,20,0.5,5.5,139,0,0.1,0.1,0.1,0.1,0.1,0.1,0.5,0,19849,0.035518162,0.014711069,0,0,0,0,0,0,0,0,0,0,5,1.086427839
83964.3,0.558021419,0.5,7111,37,0.1851,33.5,35.0625,37.01,0,0,0,0,0,20,0.5,5.5,139,0,0.1,0.1,0.1,0.1,0.1,0.1,0.5,0,22151,0.033993951,0.014085143,0,0,0,0,0,0,0,0,0,0,5,1.155886817
84024.41,0.578896719,0.5,7111,37,0.1939,33.5,35.0625,36.69,0,0.02,0.15,0,0,20,0.5,5.5,139,0,0.1,0.1,0.1,0.1,0.1,0.1,0.5,0,20271,0.035370727,0.014404815,0,0,0,0,0,0,0,0,0,0,0.44,1.155886817
84084.47,0.496449554,0.5,7111,37,0.685825,33.25,35.0625,35.37,0,0.02,0.25,0,0,20,0.5,5.5,139,0,0.1,0.1,0.1,0.1,0.1,0.1,0.5,0,20371,0.035049826,0.014334102,0,0,0,0,0,0,0,0,0,0,0.44,1.155886817
84144.51,0.436829604,0.5,7111,37,0.628575,33.1875,35,35.89,0,0,0.07,0,0,20,0.5,5.5,139,0,0.1,0.1,0.1,0.1,0.1,0.1,0.5,0,18031,0.036215407,0.014641451,0,0,0,0,0,0,0,0,0,0,5,1.155886817
84204.56,0.447823388,0.5,7111,37,0.3904,33.4375,35,36.57,0,0,0.07,0,0,20,0.5,5.5,139,0,0.1,0.1,0.1,0.1,0.1,0.1,0.5,0,18916,0.03541975,0.014485092,0,0,0,0,0,0,0,0,0,0,5,1.155886817
84264.59,0.453454952,0.5,7111,37,0.2321,33.6875,34.9375,37.19,0,0,0.07,0,0,20,0.5,5.5,139,0,0.1,0.1,0.1,0.1,0.1,0.1,0.5,0,19743,0.034746492,0.014232893,0,0,0,0,0,0,0,0,0,0,5,1.155886817
84324.67,0.478361415,0.5,7111,37,0.2116,33.6875,34.9375,37.43,0,0,0.07,0,0,20,0.5,5.5,139,0,0.1,0.1,0.1,0.1,0.1,0.1,0.5,0,18038,0.036589422,0.014802084,0,0,0,0,0,0,0,0,0,0,5,1.155886817
84384.76,0.48394604,0.5,7111,37,0.23645,33.75,34.875,37.13,0,0,0.25,0,0,20,0.5,5.5,139,0,0.1,0.1,0.1,0.1,0.1,0.1,0.5,0,17533,0.037129983,0.015000285,0,0,0,0,0,0,0,0,0,0,5,1.155886817
84444.83,0.488742979,0.5,7111,37,0.1603,33.6875,34.8125,37.41,0,0,0.07,0,0,20,0.5,5.5,139,0,0.1,0.1,0.1,0.1,0.1,0.1,0.5,0,18754,0.035725712,0.014503573,0,0,0,0,0,0,0,0,0,0,5,1.155886817
84504.89,0.51067538,0.5,7111,37,0.1783,33.625,34.8125,37.19,0,0,0.07,0,0,20,0.5,5.5,139,0,0.1,0.1,0.1,0.1,0.1,0.1,0.5,0,19921,0.035339591,0.014256312,0,0,0,0,0,0,0,0,0,0,5,1.229784611
84564.93,0.521460548,0.5,7111,37,0.1504,33.5625,34.8125,37.09,0,0,0.07,0,0,20,0.5,5.5,139,0,0.1,0.1,0.1,0.1,0.1,0.1,0.5,0,18514,0.036404883,0.014799611,0,0,0,0,0,0,0,0,0,0,5,1.230993868
84625,0.523687325,0.5,7111,37,0.2312,33.5625,34.8125,37.09,0,0,0.07,0,0,20,0.5,5.5,139,0,0.1,0.1,0.1,0.1,0.1,0.1,0.5,0,19732,0.035526049,0.014443543,0,0,0,0,0,0,0,0,0,0,5,1.182227708
84685.08,0.532648727,0.5,7111,37,0.23445,33.5,34.8125,36.97,0,0,0.25,0,0,20,0.5,5.5,139,0,0.1,0.1,0.1,0.1,0.1,0.1,0.5,0,18522,0.036551128,0.014685239,0,0,0,0,0,0,0,0,0,0,5,1.174018401
84745.14,0.553914047,0.5,7111,37,0.2031,33.5,34.875,37.19,0,0,0,0,0,20,0.5,5.5,139,0,0.1,0.1,0.1,0.1,0.1,0.1,0.5,0,19881,0.035762789,0.014536492,0,0,0,0,0,0,0,0,0,0,5,1.232759581
84805.21,0.559325776,0.5,7111,37,0.2083,33.5,34.875,36.93,0,0.02,0.15,0,0,20,0.5,5.5,139,0,0.1,0.1,0.1,0.1,0.1,0.1,0.5,0,21595,0.034869183,0.014262561,0,0,0,0,0,0,0,0,0,0,0.44,1.232759581
84865.28,0.498039715,0.5,7111,37,0.51295,33.3125,35,36.23,0,0.019732349,0.148929397,0,0,20,0.5,5.5,139,0,0.1,0.1,0.1,0.1,0.1,0.1,0.5,0,18882,0.036172016,0.014670056,0,0,0,0,0,0,0,0,0,0,0.44,1.232759581
84925.31,0.448227494,0.5,7111,37,0.570284035,33.25,35,36.05,0,0,0.07,0,0,20,0.5,5.5,139,0,0.1,0.1,0.1,0.1,0.1,0.1,0.5,0,18678,0.035656923,0.014509048,0,0,0,0,0,0,0,0,0,0,5,1.232759581
84985.37,0.45197481,0.5,7111,37,0.38975,33.5,35,36.65,0,0,0.25,0,0,20,0.5,5.5,139,0,0.1,0.1,0.1,0.1,0.1,0.1,0.5,0,18286,0.035765066,0.014601334,0,0,0,0,0,0,0,0,0,0,5,1.232759581
85045.42,0.446379239,0.5,7111,37,0.2519,33.625,35,37.33,0,0,0.07,0,0,20,0.5,5.5,139,0,0.1,0.1,0.1,0.1,0.1,0.1,0.5,0,18339,0.036261519,0.014722722,0,0,0,0,0,0,0,0,0,0,5,1.232759581
85105.51,0.477003209,0.5,7111,37,0.1746,33.8125,35.0625,37.27,0,0,0.07,0,0,20,0.5,5.5,139,0,0.1,0.1,0.1,0.1,0.1,0.1,0.5,0,19846,0.034918875,0.014562128,0,0,0,0,0,0,0,0,0,0,5,1.232759581
85165.58,0.503749993,0.5,7111,37,0.1431,33.875,35.0625,37.33,0,0,0.07,0,0,20,0.5,5.5,139,0,0.1,0.1,0.1,0.1,0.1,0.1,0.5,0,20286,0.034753032,0.014295573,0,0,0,0,0,0,0,0,0,0,5,1.232759581
85225.67,0.511774511,0.5,7111,37,0.1976,33.8125,35.0625,37.33,0,0,0.07,0,0,20,0.5,5.5,139,0,0.1,0.1,0.1,0.1,0.1,0.1,0.5,0,18862,0.035998303,0.014632595,0,0,0,0,0,0,0,0,0,0,5,1.232759581
85285.73,0.530815561,0.5,7111,37,0.22695,33.8125,35.0625,37.09,0,0,0.25,0,0,20,0.5,5.5,139,0,0.1,0.1,0.1,0.1,0.1,0.1,0.5,0,19557,0.035741678,0.014368257,0,0,0,0,0,0,0,0,0,0,5,1.280713094
85345.77,0.515776802,0.5,7111,37,0.1355,33.75,35.0625,37.27,0,0,0.07,0,0,20,0.5,5.5,139,0,0.1,0.1,0.1,0.1,0.1,0.1,0.5,0,19660,0.035757884,0.014547304,0,0,0,0,0,0,0,0,0,0,5,1.130455939
85405.84,0.526167669,0.5,7111,37,0.1252,33.6875,35.125,37.21,0,0,0.07,0,0,20,0.5,5.5,139,0,0.1,0.1,0.1,0.1,0.1,0.1,0.5,0,18356,0.03699063,0.014818043,0,0,0,0,0,0,0,0,0,0,5,1.133770561
85465.89,0.541803236,0.5,7111,37,0.1966,33.625,35.125,37.11,0,0,0.07,0,0,20,0.5,5.5,139,0,0.1,0.1,0.1,0.1,0.1,0.1,0.5,0,19542,0.036229659,0.014532801,0,0,0,0,0,0,0,0,0,0,5,1.16493097
85525.95,0.548879253,0.5,7111,37,0.135,33.5625,35.125,37.01,0,0.02,0.15,0,0,20,0.5,5.5,139,0,0.1,0.1,0.1,0.1,0.1,0.1,0.5,0,19866,0.03619249,0.014799154,0,0,0,0,0,0,0,0,0,0,0.44,1.16493097
85586.01,0.514085075,0.5,7111,37,0.5316,33.5,35.125,36.07,0,0.02,0.25,0,0,20,0.5,5.5,139,0,0.1,0.1,0.1,0.1,0.1,0.1,0.5,0,19450,0.035835476,0.01470437,0,0,0,0,0,0,0,0,0,0,0.44,1.16493097
85646.06,0.461733345,0.5,7111,37,0.59285,33.3125,35.0625,36.07,0,0.02,0.15,0,0,20,0.5,5.5,139,0,0.1,0.1,0.1,0.1,0.1,0.1,0.5,0,20484,0.034661199,0.014401484,0,0,0,0,0,0,0,0,0,0,0.44,1.16493097
85706.13,0.415485874,0.5,7111,37,0.672975,33.3125,35.125,35.93,0,0,0.07,0,0,20,0.5,5.5,139,0,0.1,0.1,0.1,0.1,0.1,0.1,0.5,0,17682,0.036081891,0.014817328,0,0,0,0,0,0,0,0,0,0,5,1.16493097
85766.17,0.421465245,0.5,7111,37,0.3963,33.625,35,36.89,0,0,0.07,0,0,20,0.5,5.5,139,0,0.1,0.1,0.1,0.1,0.1,0.1,0.5,0,18660,0.035155413,0.014630225,0,0,0,0,0,0,0,0,0,0,5,1.16493097
85826.24,0.43688181,0.5,7111,37,0.2506,33.875,35,37.27,0,0,0.07,0,0,20,0.5,5.5,139,0,0.1,0.1,0.1,0.1,0.1,0.1,0.5,0,17365,0.036395048,0.014972646,0,0,0,0,0,0,0,0,0,0,5,1.16493097
85886.27,0.452920836,0.5,7111,37,0.23865,33.9375,34.9375,37.27,0,0,0.25,0,0,20,0.5,5.5,139,0,0.1,0.1,0.1,0.1,0.1,0.1,0.5,0,17541,0.036314919,0.014651388,0,0,0,0,0,0,0,0,0,0,5,1.16493097
85946.3,0.475294376,0.5,7111,37,0.1021,33.9375,34.9375,37.55,0,0,0.07,0,0,20,0.5,5.5,139,0,0.1,0.1,0.1,0.1,0.1,0.1,0.5,0,17427,0.036552476,0.01497676,0,0,0,0,0,0,0,0,0,0,5,1.16493097
86006.37,0.477216158,0.5,7111,37,0.0811,33.875,34.9375,37.45,0,0,0.07,0,0,20,0.5,5.5,139,0,0.1,0.1,0.1,0.1,0.1,0.1,0.5,0,18085,0.035996682,0.014542438,0,0,0,0,0,0,0,0,0,0,5,1.16493097
86066.46,0.480904566,0.5,7111,37,0.1741,33.8125,34.9375,37.41,0,0,0.07,0,0,20,0.5,5.5,139,0,0.1,0.1,0.1,0.1,0.1,0.1,0.5,0,18635,0.035900188,0.014435203,0,0,0,0,0,0,0,0,0,0,5,1.129782304
86126.54,0.505221428,0.5,7111,37,0.1848,33.75,34.9375,37.37,0,0,0.07,0,0,20,0.5,5.5,139,0,0.1,0.1,0.1,0.1,0.1,0.1,0.5,0,18609,0.036057821,0.014509108,0,0,0,0,0,0,0,0,0,0,5,1.221277075
86186.6,0.503090717,0.5,7111,37,0.21415,33.6875,34.9375,37.11,0,0,0.25,0,0,20,0.5,5.5,139,0,0.1,0.1,0.1,0.1,0.1,0.1,0.5,0,17279,0.037270675,0.015105041,0,0,0,0,0,0,0,0,0,0,5,1.147534321
86246.66,0.508689874,0.5,7111,37,0.1966,33.6875,34.875,37.17,0,0,0.07,0,0,20,0.5,5.5,139,0,0.1,0.1,0.1,0.1,0.1,0.1,0.5,0,20683,0.034617802,0.014214572,0,0,0,0,0,0,0,0,0,0,5,1.123361729
86306.75,0.52426873,0.5,7111,37,0.1223,33.625,34.9375,37.05,0,0,0,0,0,20,0.5,5.5,139,0,0.1,0.1,0.1,0.1,0.1,0.1,0.5,0,20245,0.035317362,0.01427513,0,0,0,0,0,0,0,0,0,0,5,1.15769119
86366.84,0.529363228,0.5,7111,37,0.1963,33.625,35.0625,37.03,0,0,0,0,0,20,0.5,5.5,139,0,0.1,0.1,0.1,0.1,0.1,0.1,0.5,0,20020,0.035464535,0.014485514,0,0,0,0,0,0,0,0,0,0,5,1.128817926
86426.95,0.543565202,0.5,7111,37,0.1497,33.5625,35.0625,37.13,0,0,0,0,0,20,0.5,5.5,139,0,0.1,0.1,0.1,0.1,0.1,0.1,0.5,0,17946,0.037111334,0.015100858,0,0,0,0,0,0,0,0,0,0,5,1.151801546
86486.98,0.543191379,0.5,7111,37,0.411425,33.5,35.0625,36.55,0,0.02,0.25,0,0,20,0.5,5.5,139,0,0.1,0.1,0.1,0.1,0.1,0.1,0.5,0,18945,0.036474004,0.014674056,0,0,0,0,0,0,0,0,0,0,0.44,1.151801546
86547.04,0.513706596,0.5,7111,37,0.452575,33.3125,35.0625,36.25,0,0.02,0.15,0,0,20,0.5,5.5,139,0,0.1,0.1,0.1,0.1,0.1,0.1,0.5,0,19654,0.035463519,0.014348224,0,0,0,0,0,0,0,0,0,0,0.44,1.151801546
86607.1,0.425610463,0.5,7111,37,0.582375,33.3125,35.125,35.93,0,0,0.07,0,0,20,0.5,5.5,139,0,0.1,0.1,0.1,0.1,0.1,0.1,0.5,0,18411,0.035522242,0.014719461,0,0,0,0,0,0,0,0,0,0,0.44,1.151801546
86667.18,0.451320168,0.5,7111,37,0.336,33.5,35.0625,36.61,0,0,0.07,0,0,20,0.5,5.5,139,0,0.1,0.1,0.1,0.1,0.1,0.1,0.5,0,17878,0.036469404,0.014990491,0,0,0,0,0,0,0,0,0,0,5,1.151801546
86727.22,0.485440923,0.5,7111,37,0.2501,33.6875,35.125,36.89,0,0,0.07,0,0,20,0.5,5.5,139,0,0.1,0.1,0.1,0.1,0.1,0.1,0.5,0,17788,0.036372836,0.014729031,0,0,0,0,0,0,0,0,0,0,5,1.151801546
86787.29,0.471349023,0.5,7111,37,0.20235,33.6875,35.125,37.27,0,0,0.25,0,0,20,0.5,5.5,139,0,0.1,0.1,0.1,0.1,0.1,0.1,0.5,0,18806,0.035786451,0.014516644,0,0,0,0,0,0,0,0,0,0,5,1.151801546
86847.35,0.481464248,0.5,7111,37,0.193,33.8125,35.125,37.33,0,0,0.07,0,0,20,0.5,5.5,139,0,0.1,0.1,0.1,0.1,0.1,0.1,0.5,0,18013,0.036973297,0.014878144,0,0,0,0,0,0,0,0,0,0,5,1.151801546
86907.42,0.508807363,0.5,7111,37,0.1646,33.8125,35.0625,37.33,0,0,0.07,0,0,20,0.5,5.5,139,0,0.1,0.1,0.1,0.1,0.1,0.1,0.5,0,18477,0.036423662,0.014991611,0,0,0,0,0,0,0,0,0,0,5,1.151801546
86967.45,0.501826843,0.5,7111,37,0.1529,33.8125,35,37.17,0,0,0.07,0,0,20,0.5,5.5,139,0,0.1,0.1,0.1,0.1,0.1,0.1,0.5,0,17890,0.03705981,0.014756847,0,0,0,0,0,0,0,0,0,0,5,1.151801546
87027.52,0.523906407,0.5,7111,37,0.1327,33.6875,35,37.37,0,0,0.07,0,0,20,0.5,5.5,139,0,0.1,0.1,0.1,0.1,0.1,0.1,0.5,0,19993,0.035462412,0.014405042,0,0,0,0,0,0,0,0,0,0,5,1.223385258
87087.58,0.522148821,0.5,7111,37,0.20385,33.6875,34.9375,37.09,0,0,0.25,0,0,20,0.5,5.5,139,0,0.1,0.1,0.1,0.1,0.1,0.1,0.5,0,20886,0.035095279,0.014507325,0,0,0,0,0,0,0,0,0,0,5,1.152134767
87147.62,0.542088966,0.5,7111,37,0.1972,33.5625,34.9375,37.17,0,0,0.07,0,0,20,0.5,5.5,139,0,0.1,0.1,0.1,0.1,0.1,0.1,0.5,0,19057,0.036469539,0.01464029,0,0,0,0,0,0,0,0,0,0,5,1.20696049
87207.67,0.543521841,0.5,7111,37,0.1777,33.5625,34.875,36.95,0,0.02,0.15,0,0,20,0.5,5.5,139,0,0.1,0.1,0.1,0.1,0.1,0.1,0.5,0,20115,0.035843898,0.014765101,0,0,0,0,0,0,0,0,0,0,0.44,1.20696049
87267.76,0.513561068,0.5,7111,37,0.48975,33.375,34.9375,36.39,0,0.02,0.15,0,0,20,0.5,5.5,139,0,0.1,0.1,0.1,0.1,0.1,0.1,0.5,0,19787,0.035629454,0.014605549,0,0,0,0,0,0,0,0,0,0,0.44,1.20696049
87327.81,0.463555228,0.5,7111,37,0.549425,33.375,34.9375,36.17,0,0.02,0.15,0,0,20,0.5,5.5,139,0,0.1,0.1,0.1,0.1,0.1,0.1,0.5,0,18700,0.036256684,0.014652406,0,0,0,0,0,0,0,0,0,0,0.44,1.20696049
87387.89,0.44622166,0.5,7111,37,0.42505,33.375,34.9375,36.57,0,0,0.25,0,0,20,0.5,5.5,139,0,0.1,0.1,0.1,0.1,0.1,0.1,0.5,0,18298,0.03568696,0.014427806,0,0,0,0,0,0,0,0,0,0,5,1.20696049
87447.93,0.436872688,0.5,7111,37,0.3043,33.625,35,37.11,0,0,0.07,0,0,20,0.5,5.5,139,0,0.1,0.1,0.1,0.1,0.1,0.1,0.5,0,17686,0.036017189,0.014813977,0,0,0,0,0,0,0,0,0,0,5,1.20696049
87507.99,0.458503641,0.5,7111,37,0.2347,33.875,35.0625,37.25,0,0,0.07,0,0,20,0.5,5.5,139,0,0.1,0.1,0.1,0.1,0.1,0.1,0.5,0,18887,0.035474136,0.014613226,0,0,0,0,0,0,0,0,0,0,5,1.20696049
87568.06,0.448528245,0.5,7111,37,0.2091,33.875,35,37.37,0,0,0.07,0,0,20,0.5,5.5,139,0,0.1,0.1,0.1,0.1,0.1,0.1,0.5,0,19757,0.034924331,0.014425267,0,0,0,0,0,0,0,0,0,0,5,1.20696049
87628.12,0.491070397,0.5,7111,37,0.1485,33.875,35,37.43,0,0,0.07,0,0,20,0.5,5.5,139,0,0.1,0.1,0.1,0.1,0.1,0.1,0.5,0,19050,0.035748031,0.014488189,0,0,0,0,0,0,0,0,0,0,5,1.20696049
87688.16,0.48535177,0.5,7111,37,0.18865,33.875,35.0625,37.29,0,0,0.25,0,0,20,0.5,5.5,139,0,0.1,0.1,0.1,0.1,0.1,0.1,0.5,0,19297,0.035497746,0.014561849,0,0,0,0,0,0,0,0,0,0,5,1.20696049
87748.23,0.503003527,0.5,7111,37,0.1631,33.8125,35.0625,37.43,0,0,0.07,0,0,20,0.5,5.5,139,0,0.1,0.1,0.1,0.1,0.1,0.1,0.5,0,19317,0.035875136,0.01459854,0,0,0,0,0,0,0,0,0,0,5,1.253782232
87808.27,0.52613305,0.5,7111,37,0.1308,33.75,35.0625,37.01,0,0,0.07,0,0,20,0.5,5.5,139,0,0.1,0.1,0.1,0.1,0.1,0.1,0.5,0,18873,0.036136279,0.014677052,0,0,0,0,0,0,0,0,0,0,5,1.325963958
87868.32,0.512142385,0.5,7111,37,0.1385,33.6875,35.0625,37.25,0,0,0.07,0,0,20,0.5,5.5,139,0,0.1,0.1,0.1,0.1,0.1,0.1,0.5,0,18978,0.03619981,0.014701233,0,0,0,0,0,0,0,0,0,0,5,1.178811424
87928.36,0.536729719,0.5,7111,37,0.199,33.6875,35.0625,37.21,0,0,0.07,0,0,20,0.5,5.5,139,0,0.1,0.1,0.1,0.1,0.1,0.1,0.5,0,20132,0.035515597,0.014404927,0,0,0,0,0,0,0,0,0,0,5,1.260546759
87988.41,0.543898028,0.5,7111,37,0.1707,33.6875,35,37.03,0,0,0,0,0,20,0.5,5.5,139,0,0.1,0.1,0.1,0.1,0.1,0.1,0.5,0,18584,0.036752045,0.014797675,0,0,0,0,0,0,0,0,0,0,5,1.237320807
88048.45,0.538644427,0.5,7111,37,0.1671,33.5625,34.9375,37.17,0,0,0,0,0,20,0.5,5.5,139,0,0.1,0.1,0.1,0.1,0.1,0.1,0.5,0,19217,0.036478118,0.014570432,0,0,0,0,0,0,0,0,0,0,5,1.146336416
88108.54,0.538300662,0.5,7111,37,0.1443,33.5625,34.9375,37.01,0,0,0,0,0,20,0.5,5.5,139,0,0.1,0.1,0.1,0.1,0.1,0.1,0.5,0,20457,0.035489075,0.014567141,0,0,0,0,0,0,0,0,0,0,5,1.087104374
88168.63,0.58113971,0.5,7111,37,0.1436,33.5,34.875,36.89,0,0,0,0,0,20,0.5,5.5,139,0,0.1,0.1,0.1,0.1,0.1,0.1,0.5,0,22719,0.034288481,0.014041111,0,0,0,0,0,0,0,0,0,0,5,1.262470963
88228.71,0.576502794,0.5,7111,37,0.1974,33.5,34.8125,36.89,0,0.02,0.15,0,0,20,0.5,5.5,139,0,0.1,0.1,0.1,0.1,0.1,0.1,0.5,0,19978,0.036289919,0.014766243,0,0,0,0,0,0,0,0,0,0,0.44,1.262470963
88288.79,0.508720737,0.5,7111,37,0.541825,33.25,34.8125,36.07,0,0.02,0.25,0,0,20,0.5,5.5,139,0,0.1,0.1,0.1,0.1,0.1,0.1,0.5,0,20098,0.035476167,0.014628321,0,0,0,0,0,0,0,0,0,0,0.44,1.262470963
88348.85,0.489583539,0.5,7111,37,0.521375,33.25,34.75,36.09,0,0.02,0.15,0,0,20,0.5,5.5,139,0,0.1,0.1,0.1,0.1,0.1,0.1,0.5,0,17815,0.037328094,0.015043503,0,0,0,0,0,0,0,0,0,0,0.44,1.262470963
88408.92,0.439124067,0.5,7111,37,0.5668,33.3125,34.8125,36.17,0,0,0.07,0,0,20,0.5,5.5,139,0,0.1,0.1,0.1,0.1,0.1,0.1,0.5,0,18073,0.036518564,0.014884081,0,0,0,0,0,0,0,0,0,0,5,1.262470963
88469.01,0.464395698,0.5,7111,37,0.2859,33.625,34.8125,36.93,0,0,0.07,0,0,20,0.5,5.5,139,0,0.1,0.1,0.1,0.1,0.1,0.1,0.5,0,18314,0.036092607,0.014852026,0,0,0,0,0,0,0,0,0,0,5,1.262470963
88529.08,0.48196533,0.5,7111,37,0.1592,33.75,34.875,37.33,0,0,0.07,0,0,20,0.5,5.5,139,0,0.1,0.1,0.1,0.1,0.1,0.1,0.5,0,19513,0.03515605,0.014451904,0,0,0,0,0,0,0,0,0,0,5,1.262470963
88589.15,0.495157558,0.5,7111,37,0.15515,33.8125,34.8125,37.43,0,0,0.25,0,0,20,0.5,5.5,139,0,0.1,0.1,0.1,0.1,0.1,0.1,0.5,0,18166,0.036716944,0.014973027,0,0,0,0,0,0,0,0,0,0,5,1.262470963
88649.19,0.50175464,0.5,7111,37,0.1858,33.75,34.875,37.33,0,0,0.07,0,0,20,0.5,5.5,139,0,0.1,0.1,0.1,0.1,0.1,0.1,0.5,0,19137,0.03563777,0.014631342,0,0,0,0,0,0,0,0,0,0,5,1.262470963
88709.24,0.506009695,0.5,7111,37,0.1759,33.75,34.875,37.29,0,0,0.07,0,0,20,0.5,5.5,139,0,0.1,0.1,0.1,0.1,0.1,0.1,0.5,0,19811,0.03508152,0.014436424,0,0,0,0,0,0,0,0,0,0,5,1.262470963
88769.31,0.511338,0.5,7111,37,0.1731,33.75,34.9375,37.27,0,0,0.07,0,0,20,0.5,5.5,139,0,0.1,0.1,0.1,0.1,0.1,0.1,0.5,0,20269,0.035275544,0.014504909,0,0,0,0,0,0,0,0,0,0,5,1.230772386
88829.38,0.528671701,0.5,7111,37,0.2274,33.625,35,37.17,0,0,0.07,0,0,20,0.5,5.5,139,0,0.1,0.1,0.1,0.1,0.1,0.1,0.5,0,18825,0.036547145,0.014926959,0,0,0,0,0,0,0,0,0,0,5,1.269244218
88889.46,0.556050299,0.5,7111,37,0.14485,33.6875,35,37.29,0,0,0.25,0,0,20,0.5,5.5,139,0,0.1,0.1,0.1,0.1,0.1,0.1,0.5,0,19689,0.036263904,0.014779826,0,0,0,0,0,0,0,0,0,0,5,1.357255366
88949.5,0.568694913,0.5,7111,37,0.1087,33.625,35,37.21,0,0.02,0.15,0,0,20,0.5,5.5,139,0,0.1,0.1,0.1,0.1,0.1,0.1,0.5,0,21251,0.034916004,0.014446379,0,0,0,0,0,0,0,0,0,0,0.44,1.357255366
89009.57,0.485054046,0.5,7111,37,0.56,33.375,35,35.89,0,0.019002903,0.146011611,0,0,20,0.5,5.5,139,0,0.1,0.1,0.1,0.1,0.1,0.1,0.5,0,18299,0.036887262,0.014754905,0,0,0,0,0,0,0,0,0,0,0.44,1.357255366
89069.61,0.418753076,0.5,7111,37,0.619931023,33.25,34.9375,35.85,0,0,0.07,0,0,20,0.5,5.5,139,0,0.1,0.1,0.1,0.1,0.1,0.1,0.5,0,17629,0.036417267,0.014861875,0,0,0,0,0,0,0,0,0,0,5,1.357255366
89129.68,0.440769394,0.5,7111,37,0.3552,33.5,34.875,36.85,0,0,0.07,0,0,20,0.5,5.5,139,0,0.1,0.1,0.1,0.1,0.1,0.1,0.5,0,17313,0.036793161,0.014959857,0,0,0,0,0,0,0,0,0,0,5,1.357255366
89189.75,0.47229944,0.5,7111,37,0.3158,33.6875,34.875,37.09,0,0,0.25,0,0,20,0.5,5.5,139,0,0.1,0.1,0.1,0.1,0.1,0.1,0.5,0,17355,0.036876981,0.015096514,0,0,0,0,0,0,0,0,0,0,5,1.357255366
89249.79,0.478450515,0.5,7111,37,0.167,33.75,34.875,37.37,0,0,0.07,0,0,20,0.5,5.5,139,0,0.1,0.1,0.1,0.1,0.1,0.1,0.5,0,19203,0.035254908,0.01452898,0,0,0,0,0,0,0,0,0,0,5,1.357255366
89309.87,0.482430903,0.5,7111,37,0.1641,33.8125,34.875,37.41,0,0,0.07,0,0,20,0.5,5.5,139,0,0.1,0.1,0.1,0.1,0.1,0.1,0.5,0,17163,0.037580843,0.015090602,0,0,0,0,0,0,0,0,0,0,5,1.357255366
89369.96,0.502364306,0.5,7111,37,0.1818,33.8125,34.8125,37.45,0,0,0.07,0,0,20,0.5,5.5,139,0,0.1,0.1,0.1,0.1,0.1,0.1,0.5,0,19290,0.035614308,0.014515293,0,0,0,0,0,0,0,0,0,0,5,1.357255366
89430.01,0.50880711,0.5,7111,37,0.1586,33.75,34.8125,37.21,0,0,0.07,0,0,20,0.5,5.5,139,0,0.1,0.1,0.1,0.1,0.1,0.1,0.5,0,18626,0.036561795,0.014925373,0,0,0,0,0,0,0,0,0,0,5,1.327622861
89490.05,0.515416756,0.5,7111,37,0.1066,33.6875,34.75,37.11,0,0,0.25,0,0,20,0.5,5.5,139,0,0.1,0.1,0.1,0.1,0.1,0.1,0.5,0,19528,0.03599959,0.014696846,0,0,0,0,0,0,0,0,0,0,5,1.29996218
89550.1,0.529566856,0.5,7111,37,0.162,33.625,34.6875,37.01,0,0,0.07,0,0,20,0.5,5.5,139,0,0.1,0.1,0.1,0.1,0.1,0.1,0.5,0,18419,0.036918399,0.014875943,0,0,0,0,0,0,0,0,0,0,5,1.316214909
89610.17,0.534667297,0.5,7111,37,0.1563,33.5625,34.6875,36.97,0,0,0.07,0,0,20,0.5,5.5,139,0,0.1,0.1,0.1,0.1,0.1,0.1,0.5,0,19744,0.035808347,0.014637358,0,0,0,0,0,0,0,0,0,0,5,1.279159939
89670.24,0.546240237,0.5,7111,37,0.1715,33.5,34.6875,37.03,0,0,0,0,0,20,0.5,5.5,139,0,0.1,0.1,0.1,0.1,0.1,0.1,0.5,0,18568,0.036945282,0.015025851,0,0,0,0,0,0,0,0,0,0,5,1.279444523
89730.32,0.563333989,0.5,7111,37,0.1935,33.4375,34.6875,37.01,0,0.02,0.15,0,0,20,0.5,5.5,139,0,0.1,0.1,0.1,0.1,0.1,0.1,0.5,0,19999,0.03560178,0.014500725,0,0,0,0,0,0,0,0,0,0,0.44,1.279444523
89790.35,0.523801796,0.5,7111,37,0.478925,33.3125,34.6875,36.39,0,0.02,0.25,0,0,20,0.5,5.5,139,0,0.1,0.1,0.1,0.1,0.1,0.1,0.5,0,18962,0.036757726,0.014713638,0,0,0,0,0,0,0,0,0,0,0.44,1.279444523
89850.4,0.468037016,0.5,7111,37,0.584525,33.25,34.75,36.09,0,0.02,0.15,0,0,20,0.5,5.5,139,0,0.1,0.1,0.1,0.1,0.1,0.1,0.5,0,20112,0.035103421,0.014419252,0,0,0,0,0,0,0,0,0,0,0.44,1.279444523
89910.46,0.429670193,0.5,7111,37,0.6253,33.3125,34.75,35.97,0,0,0.07,0,0,20,0.5,5.5,139,0,0.1,0.1,0.1,0.1,0.1,0.1,0.5,0,17250,0.036869565,0.015014493,0,0,0,0,0,0,0,0,0,0,5,1.279444523
89970.54,0.44617567,0.5,7111,37,0.3376,33.5625,34.8125,36.95,0,0,0.07,0,0,20,0.5,5.5,139,0,0.1,0.1,0.1,0.1,0.1,0.1,0.5,0,17907,0.036410342,0.014742838,0,0,0,0,0,0,0,0,0,0,5,1.279444523
90030.61,0.457729527,0.5,7111,37,0.203,33.75,34.875,37.29,0,0,0.07,0,0,20,0.5,5.5,139,0,0.1,0.1,0.1,0.1,0.1,0.1,0.5,0,18384,0.035900783,0.014632289,0,0,0,0,0,0,0,0,0,0,5,1.279444523
90090.67,0.467291394,0.5,7111,37,0.1636,33.875,34.875,37.41,0,0,0.25,0,0,20,0.5,5.5,139,0,0.1,0.1,0.1,0.1,0.1,0.1,0.5,0,17307,0.036690357,0.014965043,0,0,0,0,0,0,0,0,0,0,5,1.279444523
90150.72,0.49026028,0.5,7111,37,0.1754,33.875,34.875,37.49,0,0,0.07,0,0,20,0.5,5.5,139,0,0.1,0.1,0.1,0.1,0.1,0.1,0.5,0,17470,0.036748712,0.014939897,0,0,0,0,0,0,0,0,0,0,5,1.279444523
90210.79,0.488362614,0.5,7111,37,0.153,33.875,34.9375,37.17,0,0,0.07,0,0,20,0.5,5.5,139,0,0.1,0.1,0.1,0.1,0.1,0.1,0.5,0,19077,0.035382922,0.014624941,0,0,0,0,0,0,0,0,0,0,5,1.279444523
90270.84,0.498571515,0.5,7111,37,0.1289,33.8125,34.9375,37.45,0,0,0.07,0,0,20,0.5,5.5,139,0,0.1,0.1,0.1,0.1,0.1,0.1,0.5,0,18095,0.036805747,0.014976513,0,0,0,0,0,0,0,0,0,0,5,1.277538845
90330.89,0.495980571,0.5,7111,37,0.1714,33.75,34.9375,37.17,0,0,0.07,0,0,20,0.5,5.5,139,0,0.1,0.1,0.1,0.1,0.1,0.1,0.5,0,19314,0.036087812,0.014756135,0,0,0,0,0,0,0,0,0,0,5,1.198031049
90390.94,0.51236751,0.5,7111,37,0.1512,33.6875,35,37.25,0,0,0.25,0,0,20,0.5,5.5,139,0,0.1,0.1,0.1,0.1,0.1,0.1,0.5,0,21093,0.034750865,0.014270137,0,0,0,0,0,0,0,0,0,0,5,1.235645711
90451,0.524132267,0.5,7111,37,0.2017,33.625,35,37.03,0,0,0.07,0,0,20,0.5,5.5,139,0,0.1,0.1,0.1,0.1,0.1,0.1,0.5,0,18244,0.03666959,0.014909011,0,0,0,0,0,0,0,0,0,0,5,1.241969158
90511.07,0.528651912,0.5,7111,37,0.1539,33.5625,35,37.19,0,0,0,0,0,20,0.5,5.5,139,0,0.1,0.1,0.1,0.1,0.1,0.1,0.5,0,19163,0.036267808,0.014715859,0,0,0,0,0,0,0,0,0,0,5,1.205629098
90571.11,0.536597552,0.5,7111,37,0.1682,33.5625,35,37.03,0,0,0,0,0,20,0.5,5.5,139,0,0.1,0.1,0.1,0.1,0.1,0.1,0.5,0,20182,0.035526707,0.014616985,0,0,0,0,0,0,0,0,0,0,5,1.190102162
90631.15,0.555608469,0.5,7111,37,0.2029,33.5625,35,37.17,0,0,0,0,0,20,0.5,5.5,139,0,0.1,0.1,0.1,0.1,0.1,0.1,0.5,0,20320,0.035531496,0.014517717,0,0,0,0,0,0,0,0,0,0,5,1.235043483
90691.2,0.555166839,0.5,7111,37,0.1572,33.5,35,37.01,0,0.02,0.25,0,0,20,0.5,5.5,139,0,0.1,0.1,0.1,0.1,0.1,0.1,0.5,0,20300,0.035517241,0.014581281,0,0,0,0,0,0,0,0,0,0,0.44,1.235043483
90751.24,0.510647868,0.5,7111,37,0.5306,33.3125,35,36.01,0,0.02,0.15,0,0,20,0.5,5.5,139,0,0.1,0.1,0.1,0.1,0.1,0.1,0.5,0,19019,0.035911457,0.014827278,0,0,0,0,0,0,0,0,0,0,0.44,1.235043483
90811.27,0.456636617,0.5,7111,37,0.5369,33.3125,35,36.13,0,0.02,0.15,0,0,20,0.5,5.5,139,0,0.1,0.1,0.1,0.1,0.1,0.1,0.5,0,17851,0.036580584,0.014789087,0,0,0,0,0,0,0,0,0,0,0.44,1.235043483
90871.34,0.44712427,0.5,7111,37,0.5145,33.375,35,36.41,0,0,0.07,0,0,20,0.5,5.5,139,0,0.1,0.1,0.1,0.1,0.1,0.1,0.5,0,18093,0.036257116,0.014646548,0,0,0,0,0,0,0,0,0,0,5,1.235043483
90931.41,0.460821621,0.5,7111,37,0.2933,33.6875,35,37.05,0,0,0.07,0,0,20,0.5,5.5,139,0,0.1,0.1,0.1,0.1,0.1,0.1,0.5,0,19235,0.035352223,0.014504809,0,0,0,0,0,0,0,0,0,0,5,1.235043483
90991.48,0.472326789,0.5,7111,37,0.2405,33.75,34.9375,37.41,0,0,0.25,0,0,20,0.5,5.5,139,0,0.1,0.1,0.1,0.1,0.1,0.1,0.5,0,17972,0.036334298,0.014800801,0,0,0,0,0,0,0,0,0,0,5,1.235043483
91051.54,0.478262711,0.5,7111,37,0.1161,33.8125,34.9375,37.45,0,0,0.07,0,0,20,0.5,5.5,139,0,0.1,0.1,0.1,0.1,0.1,0.1,0.5,0,17212,0.03718336,0.015047641,0,0,0,0,0,0,0,0,0,0,5,1.235043483
91111.58,0.484191236,0.5,7111,37,0.177,33.8125,34.8125,37.29,0,0,0.07,0,0,20,0.5,5.5,139,0,0.1,0.1,0.1,0.1,0.1,0.1,0.5,0,19997,0.035055258,0.014502175,0,0,0,0,0,0,0,0,0,0,5,1.235043483
91171.64,0.491388914,0.5,7111,37,0.1618,33.75,34.8125,37.19,0,0,0.07,0,0,20,0.5,5.5,139,0,0.1,0.1,0.1,0.1,0.1,0.1,0.5,0,19555,0.035540782,0.014369726,0,0,0,0,0,0,0,0,0,0,5,1.235043483
91231.72,0.523588756,0.5,7111,37,0.1875,33.6875,34.8125,37.27,0,0,0.07,0,0,20,0.5,5.5,139,0,0.1,0.1,0.1,0.1,0.1,0.1,0.5,0,19693,0.035647184,0.014472147,0,0,0,0,0,0,0,0,0,0,5,1.363703287
91291.76,0.504934527,0.5,7111,37,0.1853,33.6875,34.875,37.17,0,0,0.25,0,0,20,0.5,5.5,139,0,0.1,0.1,0.1,0.1,0.1,0.1,0.5,0,19557,0.035843943,0.014726185,0,0,0,0,0,0,0,0,0,0,5,1.186684759
91351.82,0.531634575,0.5,7111,37,0.1599,33.625,34.8125,37.19,0,0,0.07,0,0,20,0.5,5.5,139,0,0.1,0.1,0.1,0.1,0.1,0.1,0.5,0,19426,0.035982704,0.014671059,0,0,0,0,0,0,0,0,0,0,5,1.281933302
91411.86,0.533374331,0.5,7111,37,0.1721,33.5625,34.875,37.05,0,0,0.07,0,0,20,0.5,5.5,139,0,0.1,0.1,0.1,0.1,0.1,0.1,0.5,0,19271,0.036220227,0.014840953,0,0,0,0,0,0,0,0,0,0,5,1.227638006
91471.91,0.568184929,0.5,7111,37,0.1408,33.5625,34.875,37.19,0,0,0,0,0,20,0.5,5.5,139,0,0.1,0.1,0.1,0.1,0.1,0.1,0.5,0,19097,0.036288422,0.014819082,0,0,0,0,0,0,0,0,0,0,5,1.355926478
91531.99,0.560406265,0.5,7111,37,0.204,33.5,34.9375,37.09,0,0.02,0.15,0,0,20,0.5,5.5,139,0,0.1,0.1,0.1,0.1,0.1,0.1,0.5,0,21865,0.03434713,0.014132175,0,0,0,0,0,0,0,0,0,0,0.44,1.355926478
91592.04,0.4990955,0.5,7111,37,0.568325,33.3125,34.9375,35.89,0,0.019973119,0.25,0,0,20,0.5,5.5,139,0,0.1,0.1,0.1,0.1,0.1,0.1,0.5,0,17749,0.037072511,0.014817736,0,0,0,0,0,0,0,0,0,0,0.44,1.355926478
91652.09,0.441219306,0.5,7111,37,0.620463677,33.25,34.9375,35.93,0,0,0.07,0,0,20,0.5,5.5,139,0,0.1,0.1,0.1,0.1,0.1,0.1,0.5,0,17537,0.036836403,0.014996864,0,0,0,0,0,0,0,0,0,0,5,1.355926478
91712.16,0.470028745,0.5,7111,37,0.3566,33.4375,34.9375,36.89,0,0,0.07,0,0,20,0.5,5.5,139,0,0.1,0.1,0.1,0.1,0.1,0.1,0.5,0,18561,0.035666182,0.014708259,0,0,0,0,0,0,0,0,0,0,5,1.355926478
91772.23,0.46662932,0.5,7111,37,0.2403,33.75,35,37.29,0,0,0.07,0,0,20,0.5,5.5,139,0,0.1,0.1,0.1,0.1,0.1,0.1,0.5,0,19111,0.035581602,0.014389619,0,0,0,0,0,0,0,0,0,0,5,1.355926478
91832.28,0.485833484,0.5,7111,37,0.1671,33.8125,35,37.27,0,0,0.07,0,0,20,0.5,5.5,139,0,0.1,0.1,0.1,0.1,0.1,0.1,0.5,0,19290,0.035355106,0.014567133,0,0,0,0,0,0,0,0,0,0,5,1.355926478
91892.36,0.499190642,0.5,7111,37,0.1751,33.8125,34.9375,37.25,0,0,0.25,0,0,20,0.5,5.5,139,0,0.1,0.1,0.1,0.1,0.1,0.1,0.5,0,18019,0.03651701,0.014873189,0,0,0,0,0,0,0,0,0,0,5,1.355926478
91952.43,0.498527789,0.5,7111,37,0.1746,33.75,35,37.37,0,0,0.07,0,0,20,0.5,5.5,139,0,0.1,0.1,0.1,0.1,0.1,0.1,0.5,0,19935,0.035415099,0.014446953,0,0,0,0,0,0,0,0,0,0,5,1.355926478
92012.5,0.526042089,0.5,7111,37,0.1953,33.6875,34.9375,37.33,0,0,0.07,0,0,20,0.5,5.5,139,0,0.1,0.1,0.1,0.1,0.1,0.1,0.5,0,20120,0.035387674,0.014463221,0,0,0,0,0,0,0,0,0,0,5,1.449295831
92072.54,0.536826754,0.5,7111,37,0.166,33.6875,34.9375,37.27,0,0,0.07,0,0,20,0.5,5.5,139,0,0.1,0.1,0.1,0.1,0.1,0.1,0.5,0,19149,0.036137657,0.014831062,0,0,0,0,0,0,0,0,0,0,5,1.437713632
92132.6,0.547769429,0.5,7111,37,0.1567,33.6875,34.875,37.09,0,0,0.07,0,0,20,0.5,5.5,139,0,0.1,0.1,0.1,0.1,0.1,0.1,0.5,0,19431,0.035973444,0.014667284,0,0,0,0,0,0,0,0,0,0,5,1.426365026
92192.69,0.557354177,0.5,7111,37,0.1622,33.5625,34.875,37.19,0,0.02,0.25,0,0,20,0.5,5.5,139,0,0.1,0.1,0.1,0.1,0.1,0.1,0.5,0,20939,0.035101963,0.014327332,0,0,0,0,0,0,0,0,0,0,0.44,1.426365026
92252.73,0.513313624,0.5,7111,37,0.44855,33.4375,34.8125,36.49,0,0.02,0.15,0,0,20,0.5,5.5,139,0,0.1,0.1,0.1,0.1,0.1,0.1,0.5,0,18459,0.036838399,0.014952056,0,0,0,0,0,0,0,0,0,0,0.44,1.426365026
92312.81,0.437160384,0.5,7111,37,0.555375,33.3125,34.75,35.83,0,0.000327307,0.07130923,0,0,20,0.5,5.5,139,0,0.1,0.1,0.1,0.1,0.1,0.1,0.5,0,17990,0.036242357,0.014730406,0,0,0,0,0,0,0,0,0,0,0.44,1.426365026
92372.88,0.45279345,0.5,7111,37,0.342469268,33.5,34.6875,36.79,0,0,0.07,0,0,20,0.5,5.5,139,0,0.1,0.1,0.1,0.1,0.1,0.1,0.5,0,18320,0.03580786,0.014737991,0,0,0,0,0,0,0,0,0,0,5,1.426365026
92432.95,0.477643971,0.5,7111,37,0.2307,33.6875,34.75,37.21,0,0,0.07,0,0,20,0.5,5.5,139,0,0.1,0.1,0.1,0.1,0.1,0.1,0.5,0,18093,0.036588736,0.014867628,0,0,0,0,0,0,0,0,0,0,5,1.426365026
92493,0.476088706,0.5,7111,37,0.1843,33.8125,34.8125,37.49,0,0,0.25,0,0,20,0.5,5.5,139,0,0.1,0.1,0.1,0.1,0.1,0.1,0.5,0,17422,0.037309149,0.014981058,0,0,0,0,0,0,0,0,0,0,5,1.426365026
92553.05,0.501742423,0.5,7111,37,0.215,33.6875,34.8125,37.29,0,0,0.07,0,0,20,0.5,5.5,139,0,0.1,0.1,0.1,0.1,0.1,0.1,0.5,0,18895,0.035723736,0.014712887,0,0,0,0,0,0,0,0,0,0,5,1.426365026
92613.12,0.512851902,0.5,7111,37,0.1389,33.75,34.875,37.35,0,0,0.07,0,0,20,0.5,5.5,139,0,0.1,0.1,0.1,0.1,0.1,0.1,0.5,0,20125,0.035279503,0.014459627,0,0,0,0,0,0,0,0,0,0,5,1.426365026
92673.19,0.515453734,0.5,7111,37,0.1743,33.6875,34.875,37.29,0,0,0.07,0,0,20,0.5,5.5,139,0,0.1,0.1,0.1,0.1,0.1,0.1,0.5,0,20335,0.034964347,0.014457831,0,0,0,0,0,0,0,0,0,0,5,1.426365026
92733.27,0.515667378,0.5,7111,37,0.2018,33.6875,34.9375,37.25,0,0,0.07,0,0,20,0.5,5.5,139,0,0.1,0.1,0.1,0.1,0.1,0.1,0.5,0,18702,0.036520158,0.01481125,0,0,0,0,0,0,0,0,0,0,5,1.356289952
92793.31,0.545492553,0.5,7111,37,0.1873,33.625,34.9375,37.25,0,0,0.25,0,0,20,0.5,5.5,139,0,0.1,0.1,0.1,0.1,0.1,0.1,0.5,0,18184,0.037395513,0.014903212,0,0,0,0,0,0,0,0,0,0,5,1.457157086
92853.37,0.556444726,0.5,7111,37,0.2113,33.5625,35,37.03,0,0.02,0.15,0,0,20,0.5,5.5,139,0,0.1,0.1,0.1,0.1,0.1,0.1,0.5,0,18736,0.036667378,0.014837746,0,0,0,0,0,0,0,0,0,0,0.44,1.457157086
92913.44,0.523389807,0.5,7111,37,0.4665,33.4375,35,36.41,0,0.02,0.15,0,0,20,0.5,5.5,139,0,0.1,0.1,0.1,0.1,0.1,0.1,0.5,0,17890,0.037283399,0.014924539,0,0,0,0,0,0,0,0,0,0,0.44,1.457157086
92973.48,0.437886687,0.5,7111,37,0.5343,33.375,35,36.05,0,0.000532243,0.072128972,0,0,20,0.5,5.5,139,0,0.1,0.1,0.1,0.1,0.1,0.1,0.5,0,18554,0.036003018,0.014390428,0,0,0,0,0,0,0,0,0,0,0.44,1.457157086
93033.52,0.449464604,0.5,7111,37,0.367748727,33.5625,35,36.79,0,0,0.07,0,0,20,0.5,5.5,139,0,0.1,0.1,0.1,0.1,0.1,0.1,0.5,0,18911,0.035587753,0.014383163,0,0,0,0,0,0,0,0,0,0,5,1.457157086
93093.57,0.487927276,0.5,7111,37,0.2201,33.6875,35,37.19,0,0,0.25,0,0,20,0.5,5.5,139,0,0.1,0.1,0.1,0.1,0.1,0.1,0.5,0,18699,0.035991229,0.014706669,0,0,0,0,0,0,0,0,0,0,5,1.457157086
93153.61,0.490403468,0.5,7111,37,0.1646,33.75,35,37.11,0,0,0.07,0,0,20,0.5,5.5,139,0,0.1,0.1,0.1,0.1,0.1,0.1,0.5,0,20329,0.03458114,0.014363717,0,0,0,0,0,0,0,0,0,0,5,1.457157086
93213.66,0.497796695,0.5,7111,37,0.1744,33.75,34.9375,37.27,0,0,0.07,0,0,20,0.5,5.5,139,0,0.1,0.1,0.1,0.1,0.1,0.1,0.5,0,19280,0.035736515,0.014678423,0,0,0,0,0,0,0,0,0,0,5,1.457157086
93273.69,0.505981808,0.5,7111,37,0.1798,33.8125,34.9375,37.45,0,0,0.07,0,0,20,0.5,5.5,139,0,0.1,0.1,0.1,0.1,0.1,0.1,0.5,0,18525,0.036437247,0.014844804,0,0,0,0,0,0,0,0,0,0,5,1.457157086
93333.79,0.525684066,0.5,7111,37,0.1605,33.75,34.9375,37.27,0,0,0.07,0,0,20,0.5,5.5,139,0,0.1,0.1,0.1,0.1,0.1,0.1,0.5,0,19850,0.03581864,0.01465995,0,0,0,0,0,0,0,0,0,0,5,1.457157086
93393.86,0.536499318,0.5,7111,37,0.1694,33.6875,34.875,37.27,0,0,0.25,0,0,20,0.5,5.5,139,0,0.1,0.1,0.1,0.1,0.1,0.1,0.5,0,18863,0.03647352,0.014949902,0,0,0,0,0,0,0,0,0,0,5,1.445393912
93453.92,0.545563174,0.5,7111,37,0.1843,33.625,34.875,37.25,0,0,0.07,0,0,20,0.5,5.5,139,0,0.1,0.1,0.1,0.1,0.1,0.1,0.5,0,19396,0.036296144,0.014745308,0,0,0,0,0,0,0,0,0,0,5,1.423384169
93514,0.540551799,0.5,7111,37,0.1739,33.625,34.875,37.03,0,0.02,0.15,0,0,20,0.5,5.5,139,0,0.1,0.1,0.1,0.1,0.1,0.1,0.5,0,20803,0.035139163,0.014324857,0,0,0,0,0,0,0,0,0,0,0.44,1.423384169
93574.07,0.528728826,0.5,7111,37,0.45505,33.4375,34.875,36.17,0,0.02,0.15,0,0,20,0.5,5.5,139,0,0.1,0.1,0.1,0.1,0.1,0.1,0.5,0,19570,0.035717936,0.014614205,0,0,0,0,0,0,0,0,0,0,0.44,1.423384169
93634.12,0.482133842,0.5,7111,37,0.57725,33.375,34.875,35.83,0,0.02,0.15,0,0,20,0.5,5.5,139,0,0.1,0.1,0.1,0.1,0.1,0.1,0.5,0,18419,0.036212607,0.01476736,0,0,0,0,0,0,0,0,0,0,0.44,1.423384169
93694.18,0.420355393,0.5,7111,37,0.63995,33.3125,34.9375,35.89,0,0,0.25,0,0,20,0.5,5.5,139,0,0.1,0.1,0.1,0.1,0.1,0.1,0.5,0,17543,0.036139771,0.014706721,0,0,0,0,0,0,0,0,0,0,5,1.423384169
93754.24,0.421644194,0.5,7111,37,0.3621,33.5625,34.9375,36.89,0,0,0.07,0,0,20,0.5,5.5,139,0,0.1,0.1,0.1,0.1,0.1,0.1,0.5,0,18682,0.035114013,0.014345359,0,0,0,0,0,0,0,0,0,0,5,1.423384169
93814.3,0.436071364,0.5,7111,37,0.1928,33.8125,34.9375,37.21,0,0,0.07,0,0,20,0.5,5.5,139,0,0.1,0.1,0.1,0.1,0.1,0.1,0.5,0,16711,0.037340674,0.015139728,0,0,0,0,0,0,0,0,0,0,5,1.423384169
93874.37,0.470981683,0.5,7111,37,0.1802,33.9375,35,37.55,0,0,0.07,0,0,20,0.5,5.5,139,0,0.1,0.1,0.1,0.1,0.1,0.1,0.5,0,16911,0.037253858,0.014960676,0,0,0,0,0,0,0,0,0,0,5,1.423384169
93934.44,0.459447146,0.5,7111,37,0.1628,34,35,37.49,0,0,0.07,0,0,20,0.5,5.5,139,0,0.1,0.1,0.1,0.1,0.1,0.1,0.5,0,18032,0.036435226,0.01480701,0,0,0,0,0,0,0,0,0,0,5,1.423384169
93994.51,0.467509795,0.5,7111,37,0.1478,34,35,37.35,0,0,0.25,0,0,20,0.5,5.5,139,0,0.1,0.1,0.1,0.1,0.1,0.1,0.5,0,19071,0.035236747,0.014524671,0,0,0,0,0,0,0,0,0,0,5,1.423384169
94054.56,0.496681138,0.5,7111,37,0.2067,33.875,35,37.53,0,0,0.07,0,0,20,0.5,5.5,139,0,0.1,0.1,0.1,0.1,0.1,0.1,0.5,0,19432,0.035456978,0.014460683,0,0,0,0,0,0,0,0,0,0,5,1.5337988
94114.6,0.491790069,0.5,7111,37,0.145,33.875,35,37.29,0,0,0.07,0,0,20,0.5,5.5,139,0,0.1,0.1,0.1,0.1,0.1,0.1,0.5,0,18491,0.036179763,0.01481802,0,0,0,0,0,0,0,0,0,0,5,1.427419931
94174.69,0.517784727,0.5,7111,37,0.2081,33.75,34.9375,37.25,0,0,0.07,0,0,20,0.5,5.5,139,0,0.1,0.1,0.1,0.1,0.1,0.1,0.5,0,19961,0.035268774,0.014428135,0,0,0,0,0,0,0,0,0,0,5,1.51057184
94234.76,0.515630616,0.5,7111,37,0.1812,33.75,35,37.19,0,0,0.07,0,0,20,0.5,5.5,139,0,0.1,0.1,0.1,0.1,0.1,0.1,0.5,0,17939,0.037293049,0.014939517,0,0,0,0,0,0,0,0,0,0,5,1.422536479
94294.85,0.541585364,0.5,7111,37,0.1781,33.6875,35,37.27,0,0,0,0,0,20,0.5,5.5,139,0,0.1,0.1,0.1,0.1,0.1,0.1,0.5,0,19420,0.035890834,0.014727085,0,0,0,0,0,0,0,0,0,0,5,1.498739804
94354.91,0.545149818,0.5,7111,37,0.2169,33.625,34.875,37.27,0,0.02,0.15,0,0,20,0.5,5.5,139,0,0.1,0.1,0.1,0.1,0.1,0.1,0.5,0,19581,0.03574894,0.014657066,0,0,0,0,0,0,0,0,0,0,0.44,1.498739804
94414.97,0.509025012,0.5,7111,37,0.45565,33.5,34.875,36.41,0,0.02,0.15,0,0,20,0.5,5.5,139,0,0.1,0.1,0.1,0.1,0.1,0.1,0.5,0,18843,0.036193812,0.014700419,0,0,0,0,0,0,0,0,0,0,0.44,1.498739804
94475.04,0.475583959,0.5,7111,37,0.52055,33.375,34.875,36.39,0,0.02,0.15,0,0,20,0.5,5.5,139,0,0.1,0.1,0.1,0.1,0.1,0.1,0.5,0,19697,0.035030715,0.014418439,0,0,0,0,0,0,0,0,0,0,0.44,1.498739804
94535.12,0.418667134,0.5,7111,37,0.59045,33.375,34.8125,35.93,0,0,0.07,0,0,20,0.5,5.5,139,0,0.1,0.1,0.1,0.1,0.1,0.1,0.5,0,18473,0.035890218,0.014670059,0,0,0,0,0,0,0,0,0,0,5,1.498739804
94595.19,0.416282926,0.5,7111,37,0.312,33.5625,34.8125,37.11,0,0,0.25,0,0,20,0.5,5.5,139,0,0.1,0.1,0.1,0.1,0.1,0.1,0.5,0,17275,0.036758321,0.01487699,0,0,0,0,0,0,0,0,0,0,5,1.498739804
94655.23,0.439184235,0.5,7111,37,0.1848,33.6875,34.8125,37.41,0,0,0.07,0,0,20,0.5,5.5,139,0,0.1,0.1,0.1,0.1,0.1,0.1,0.5,0,17745,0.036573683,0.014764722,0,0,0,0,0,0,0,0,0,0,5,1.498739804
94715.32,0.475528113,0.5,7111,37,0.1969,33.8125,34.8125,37.41,0,0,0.07,0,0,20,0.5,5.5,139,0,0.1,0.1,0.1,0.1,0.1,0.1,0.5,0,19190,0.035591454,0.014643043,0,0,0,0,0,0,0,0,0,0,5,1.498739804
94775.35,0.458682676,0.5,7111,37,0.1493,33.875,34.75,37.33,0,0,0.07,0,0,20,0.5,5.5,139,0,0.1,0.1,0.1,0.1,0.1,0.1,0.5,0,19714,0.035355585,0.014406006,0,0,0,0,0,0,0,0,0,0,5,1.498739804
94835.39,0.511138571,0.5,7111,37,0.1278,33.8125,34.75,37.41,0,0,0.07,0,0,20,0.5,5.5,139,0,0.1,0.1,0.1,0.1,0.1,0.1,0.5,0,18500,0.036216216,0.014594595,0,0,0,0,0,0,0,0,0,0,5,1.498739804
94895.46,0.491505202,0.5,7111,37,0.2053,33.75,34.8125,37.27,0,0,0.25,0,0,20,0.5,5.5,139,0,0.1,0.1,0.1,0.1,0.1,0.1,0.5,0,18644,0.036258314,0.01480369,0,0,0,0,0,0,0,0,0,0,5,1.30629819
94955.5,0.502228015,0.5,7111,37,0.1996,33.6875,34.875,37.29,0,0,0.07,0,0,20,0.5,5.5,139,0,0.1,0.1,0.1,0.1,0.1,0.1,0.5,0,19649,0.035676116,0.014657234,0,0,0,0,0,0,0,0,0,0,5,1.305728399
95015.54,0.515264342,0.5,7111,37,0.1191,33.625,34.875,37.27,0,0,0.07,0,0,20,0.5,5.5,139,0,0.1,0.1,0.1,0.1,0.1,0.1,0.5,0,18811,0.036521184,0.014991229,0,0,0,0,0,0,0,0,0,0,5,1.317319457
95075.61,0.516467689,0.5,7111,37,0.1816,33.625,34.9375,37.11,0,0,0.07,0,0,20,0.5,5.5,139,0,0.1,0.1,0.1,0.1,0.1,0.1,0.5,0,21189,0.03501817,0.014205484,0,0,0,0,0,0,0,0,0,0,5,1.258451506
95135.68,0.517127535,0.5,7111,37,0.1871,33.5625,34.9375,37.13,0,0,0,0,0,20,0.5,5.5,139,0,0.1,0.1,0.1,0.1,0.1,0.1,0.5,0,18539,0.037110955,0.014941475,0,0,0,0,0,0,0,0,0,0,5,1.199359325
95195.75,0.529820037,0.5,7111,37,0.2056,33.5,34.9375,37.03,0,0,0,0,0,20,0.5,5.5,139,0,0.1,0.1,0.1,0.1,0.1,0.1,0.5,0,21149,0.0348007,0.014374202,0,0,0,0,0,0,0,0,0,0,5,1.212134968
95255.83,0.554952694,0.5,7111,37,0.1664,33.5,34.9375,37.13,0,0,0,0,0,20,0.5,5.5,139,0,0.1,0.1,0.1,0.1,0.1,0.1,0.5,0,21026,0.035289641,0.01445829,0,0,0,0,0,0,0,0,0,0,5,1.290564652
95315.91,0.56168137,0.5,7111,37,0.1763,33.5,34.9375,37.05,0,0.02,0.15,0,0,20,0.5,5.5,139,0,0.1,0.1,0.1,0.1,0.1,0.1,0.5,0,19367,0.036402127,0.01492229,0,0,0,0,0,0,0,0,0,0,0.44,1.290564652
95375.97,0.481538222,0.5,7111,37,0.562325,33.25,35,35.77,0,0.017838814,0.141355254,0,0,20,0.5,5.5,139,0,0.1,0.1,0.1,0.1,0.1,0.1,0.5,0,18207,0.036579338,0.014939309,0,0,0,0,0,0,0,0,0,0,0.44,1.290564652
95436.05,0.452128434,0.5,7111,37,0.611215538,33.25,35,35.85,0,0,0.07,0,0,20,0.5,5.5,139,0,0.1,0.1,0.1,0.1,0.1,0.1,0.5,0,18956,0.035872547,0.014718295,0,0,0,0,0,0,0,0,0,0,5,1.290564652
95496.12,0.46546566,0.5,7111,37,0.3668,33.4375,35,36.73,0,0,0.25,0,0,20,0.5,5.5,139,0,0.1,0.1,0.1,0.1,0.1,0.1,0.5,0,16350,0.038103976,0.015168196,0,0,0,0,0,0,0,0,0,0,5,1.290564652
95556.16,0.486189344,0,7111,37,0.2594,33.6875,35,37.25,0,0,0,0,0,20,0.5,5.5,139,0,0.1,0.1,0.1,0.1,0.1,0.1,0.5,0,18160,0.036674009,0.014812775,0,0,0,0,0,0,0,0,0,0,5,1.290564652
95616.21,0.493429227,0,7111,37,0.1559,33.875,35,37.41,0,0,0,0,0,20,0.5,5.5,139,0,0.1,0.1,0.1,0.1,0.1,0.1,0.5,0,20087,0.03499776,0.014337631,0,0,0,0,0,0,0,0,0,0,5,1.290564652
95676.25,0.483771732,0,7111,37,0.183,33.9375,35.0625,37.53,0,0,0,0,0,20,0.5,5.5,139,0,0.1,0.1,0.1,0.1,0.1,0.1,0.5,0,18656,0.036234991,0.015062178,0,0,0,0,0,0,0,0,0,0,5,1.290564652
95736.33,0.514711916,0,7111,37,0.1613,33.875,35,37.11,0,0,0,0,0,20,0.5,5.5,139,0,0.1,0.1,0.1,0.1,0.1,0.1,0.5,0,19315,0.03603417,0.014600052,0,0,0,0,0,0,0,0,0,0,5,1.290564652
95796.4,0.512249206,0,7111,37,0.1832,33.8125,35,37.37,0,0,0,0,0,20,0.5,5.5,139,0,0.1,0.1,0.1,0.1,0.1,0.1,0.5,0,19783,0.035485012,0.014659051,0,0,0,0,0,0,0,0,0,0,5,1.290564652
95856.46,0.525437272,0,7111,37,0.168,33.8125,35,37.25,0,0,0,0,0,20,0.5,5.5,139,0,0.1,0.1,0.1,0.1,0.1,0.1,0.5,0,19387,0.036055088,0.014803734,0,0,0,0,0,0,0,0,0,0,5,1.290564652
95916.53,0.52624039,0,7111,37,0.164,33.75,35,37.37,0,0,0,0,0,20,0.5,5.5,139,1000,0.1,0.1,0.1,0.1,0.1,0.1,0.5,0,20488,0.035484186,0.014447481,0,0,0,0,0,0,0,0,0,0,5,1.290564652
95976.61,0.52490177,0.5,7111,37,0.3086,33.625,34.9375,36.73,0,0,0.07,0,0,20,0.5,5.5,139,1000,0.1,0.1,0.1,0.1,0.1,0.1,0.5,0,19336,0.036046752,0.014739346,0,0,0,0,0,0,0,0,0,0,5,1.218395467
96036.66,0.537045165,0.5,7111,37,0.2472,33.625,34.875,37.01,0,0,0,0,0,20,0.5,5.5,139,1000,0.1,0.1,0.1,0.1,0.1,0.1,0.5,0,21768,0.034729879,0.014378905,0,0,0,0,0,0,0,0,0,0,5,1.226088866
96096.73,0.542434178,0.5,7111,37,0.2057,33.6875,34.9375,36.97,0,0,0,0,0,20,0.5,5.5,139,1000,0.1,0.1,0.1,0.1,0.1,0.1,0.5,0,20449,0.035454056,0.014475035,0,0,0,0,0,0,0,0,0,0,5,1.194738071
96156.78,0.545215935,0.5,7111,37,0.2077,33.6875,34.9375,37.11,0,0.02,0.15,0,0,20,0.5,5.5,139,1000,0.1,0.1,0.1,0.1,0.1,0.1,0.5,0,18822,0.037190522,0.014982467,0,0,0,0,0,0,0,0,0,0,0.44,1.194738071
96216.85,0.543284196,0.5,7111,37,0.294625,33.75,34.9375,37.05,0,0.02,0.15,0,0,20,0.5,5.5,139,1000,0.1,0.1,0.1,0.1,0.1,0.1,0.5,0,20581,0.03605267,0.01462514,0,0,0,0,0,0,0,0,0,0,0.44,1.194738071
96276.91,0.517113791,0.5,7111,37,0.426825,33.625,35.0625,36.37,0,0.02,0.15,0,0,20,0.5,5.5,139,1000,0.1,0.1,0.1,0.1,0.1,0.1,0.5,0,19184,0.036384487,0.01485613,0,0,0,0,0,0,0,0,0,0,0.44,1.194738071
96336.97,0.474933497,0.5,7111,37,0.475675,33.625,35.0625,36.13,0,0.02,0.15,0,0,20,0.5,5.5,139,1000,0.1,0.1,0.1,0.1,0.1,0.1,0.5,0,19724,0.035641858,0.0147536,0,0,0,0,0,0,0,0,0,0,0.44,1.194738071
96397.04,0.433806369,0.5,7111,37,0.599075,33.5625,35.0625,36.05,0,0,0.25,0,0,20,0.5,5.5,139,1000,0.1,0.1,0.1,0.1,0.1,0.1,0.5,0,17898,0.036596268,0.015029612,0,0,0,0,0,0,0,0,0,0,5,1.194738071
96457.1,0.43074303,0.5,7111,37,0.3062,33.75,35.0625,36.95,0,0,0.07,0,0,20,0.5,5.5,139,1000,0.1,0.1,0.1,0.1,0.1,0.1,0.5,0,18020,0.036625971,0.014761376,0,0,0,0,0,0,0,0,0,0,5,1.194738071
96517.15,0.455250777,0.5,7111,37,0.1671,34,35.0625,37.35,0,0,0.07,0,0,20,0.5,5.5,139,1000,0.1,0.1,0.1,0.1,0.1,0.1,0.5,0,18210,0.036628226,0.014662273,0,0,0,0,0,0,0,0,0,0,5,1.194738071
96577.25,0.478348135,0.5,7111,37,0.1936,34.0625,35.0625,37.45,0,0,0.07,0,0,20,0.5,5.5,139,1000,0.1,0.1,0.1,0.1,0.1,0.1,0.5,0,18196,0.036436579,0.014893383,0,0,0,0,0,0,0,0,0,0,5,1.194738071
96637.35,0.472689737,0.5,7111,37,0.2105,34.0625,35.125,37.37,0,0,0.07,0,0,20,0.5,5.5,139,1000,0.1,0.1,0.1,0.1,0.1,0.1,0.5,0,18691,0.036327644,0.014819967,0,0,0,0,0,0,0,0,0,0,5,1.194738071
96697.42,0.482145842,0.5,7111,37,0.1594,34,35.125,37.37,0,0,0.25,0,0,20,0.5,5.5,139,1000,0.1,0.1,0.1,0.1,0.1,0.1,0.5,0,20310,0.034859675,0.014377154,0,0,0,0,0,0,0,0,0,0,5,1.194738071
96757.48,0.505795337,0.5,7111,37,0.1203,33.9375,35.125,37.55,0,0,0.07,0,0,20,0.5,5.5,139,1000,0.1,0.1,0.1,0.1,0.1,0.1,0.5,0,20411,0.035373083,0.014599971,0,0,0,0,0,0,0,0,0,0,5,1.278657575
96817.56,0.511171581,0.5,7111,37,0.1898,33.875,35.1875,37.25,0,0,0.07,0,0,20,0.5,5.5,139,1000,0.1,0.1,0.1,0.1,0.1,0.1,0.5,0,19013,0.036343554,0.014884553,0,0,0,0,0,0,0,0,0,0,5,1.246444279
96877.6,0.523640391,0.5,7111,37,0.1858,33.8125,35.125,37.27,0,0,0.07,0,0,20,0.5,5.5,139,1000,0.1,0.1,0.1,0.1,0.1,0.1,0.5,0,19616,0.035787113,0.014528956,0,0,0,0,0,0,0,0,0,0,5,1.256421655
96937.66,0.52000123,0.5,7111,37,0.1315,33.8125,35.0625,37.27,0,0,0.07,0,0,20,0.5,5.5,139,1000,0.1,0.1,0.1,0.1,0.1,0.1,0.5,0,19537,0.036238931,0.014792445,0,0,0,0,0,0,0,0,0,0,5,1.172678586
96997.75,0.539172317,0.5,7111,37,0.1679,33.6875,35.0625,37.17,0,0,0,0,0,20,0.5,5.5,139,1000,0.1,0.1,0.1,0.1,0.1,0.1,0.5,0,21575,0.034947856,0.014229432,0,0,0,0,0,0,0,0,0,0,5,1.22265678
97057.83,0.552596139,0.5,7111,37,0.179,33.625,34.9375,37.05,0,0,0,0,0,20,0.5,5.5,139,1000,0.1,0.1,0.1,0.1,0.1,0.1,0.5,0,21491,0.035270578,0.014564236,0,0,0,0,0,0,0,0,0,0,5,1.235300565
97117.91,0.54506247,0.5,7111,37,0.1848,33.625,34.9375,37.05,0,0.02,0.15,0,0,20,0.5,5.5,139,1000,0.1,0.1,0.1,0.1,0.1,0.1,0.5,0,20438,0.036207065,0.014776397,0,0,0,0,0,0,0,0,0,0,0.44,1.235300565
97177.98,0.495178785,0.5,7111,37,0.537525,33.375,34.9375,36.07,0,0.02,0.15,0,0,20,0.5,5.5,139,1000,0.1,0.1,0.1,0.1,0.1,0.1,0.5,0,20519,0.035381841,0.01447439,0,0,0,0,0,0,0,0,0,0,0.44,1.235300565
97238.04,0.436221957,0.5,7111,37,0.658825,33.25,34.875,35.63,0,0,0.07,0,0,20,0.5,5.5,139,1000,0.1,0.1,0.1,0.1,0.1,0.1,0.5,0,19378,0.03550418,0.014449376,0,0,0,0,0,0,0,0,0,0,5,1.235300565
97298.09,0.435477936,0.5,7111,37,0.3462,33.5,34.875,36.69,0,0,0.25,0,0,20,0.5,5.5,139,1000,0.1,0.1,0.1,0.1,0.1,0.1,0.5,0,17410,0.037392303,0.014933946,0,0,0,0,0,0,0,0,0,0,5,1.235300565
97358.15,0.488390486,0.5,7111,37,0.242,33.6875,34.8125,37.35,0,0,0.07,0,0,20,0.5,5.5,139,1000,0.1,0.1,0.1,0.1,0.1,0.1,0.5,0,17913,0.037123877,0.015017027,0,0,0,0,0,0,0,0,0,0,5,1.235300565
97418.22,0.499555212,0.5,7111,37,0.1691,33.8125,34.8125,37.45,0,0,0.07,0,0,20,0.5,5.5,139,1000,0.1,0.1,0.1,0.1,0.1,0.1,0.5,0,18232,0.036584028,0.014973673,0,0,0,0,0,0,0,0,0,0,5,1.235300565
97478.26,0.489856903,0.5,7111,37,0.2145,33.875,34.875,37.35,0,0,0.07,0,0,20,0.5,5.5,139,1000,0.1,0.1,0.1,0.1,0.1,0.1,0.5,0,20577,0.035330709,0.014336395,0,0,0,0,0,0,0,0,0,0,5,1.235300565
97538.3,0.509638321,0.5,7111,37,0.141,33.8125,34.875,37.35,0,0,0.07,0,0,20,0.5,5.5,139,1000,0.1,0.1,0.1,0.1,0.1,0.1,0.5,0,19343,0.036498992,0.014682314,0,0,0,0,0,0,0,0,0,0,5,1.235300565
97598.34,0.515591437,0.5,7111,37,0.1543,33.8125,34.9375,37.33,0,0,0.25,0,0,20,0.5,5.5,139,1000,0.1,0.1,0.1,0.1,0.1,0.1,0.5,0,21178,0.035272453,0.014354519,0,0,0,0,0,0,0,0,0,0,5,1.208375632
97658.39,0.53161456,0.5,7111,37,0.2136,33.75,34.9375,37.09,0,0,0.07,0,0,20,0.5,5.5,139,1000,0.1,0.1,0.1,0.1,0.1,0.1,0.5,0,18658,0.037142245,0.014846179,0,0,0,0,0,0,0,0,0,0,5,1.239769005
97718.44,0.526113387,0.5,7111,37,0.1443,33.6875,35,37.27,0,0,0.07,0,0,20,0.5,5.5,139,1000,0.1,0.1,0.1,0.1,0.1,0.1,0.5,0,20756,0.03570052,0.014694546,0,0,0,0,0,0,0,0,0,0,5,1.146574671
97778.48,0.536068837,0.5,7111,37,0.2316,33.6875,35,37.05,0,0,0.07,0,0,20,0.5,5.5,139,1000,0.1,0.1,0.1,0.1,0.1,0.1,0.5,0,19340,0.037073423,0.015046536,0,0,0,0,0,0,0,0,0,0,5,1.145483415
97838.56,0.540267159,0.5,7111,37,0.1497,33.625,35,36.97,0,0,0,0,0,20,0.5,5.5,139,1000,0.1,0.1,0.1,0.1,0.1,0.1,0.5,0,20815,0.03607975,0.014604852,0,0,0,0,0,0,0,0,0,0,5,1.111612773
97898.64,0.577135971,0.5,7111,37,0.2061,33.625,35,37.13,0,0.02,0.25,0,0,20,0.5,5.5,139,1000,0.1,0.1,0.1,0.1,0.1,0.1,0.5,0,21180,0.035741265,0.014494806,0,0,0,0,0,0,0,0,0,0,0.44,1.111612773
97958.68,0.492421954,0.5,7111,37,0.5136,33.375,35,36.17,0,0.02,0.15,0,0,20,0.5,5.5,139,1000,0.1,0.1,0.1,0.1,0.1,0.1,0.5,0,20767,0.03568161,0.014397843,0,0,0,0,0,0,0,0,0,0,0.44,1.111612773
98018.74,0.453572981,0.5,7111,37,0.5577,33.375,35,36.37,0,0,0.07,0,0,20,0.5,5.5,139,1000,0.1,0.1,0.1,0.1,0.1,0.1,0.5,0,19190,0.036737884,0.014747264,0,0,0,0,0,0,0,0,0,0,5,1.111612773
98078.78,0.467976597,0.5,7111,37,0.3422,33.5625,34.9375,36.95,0,0,0.07,0,0,20,0.5,5.5,139,1000,0.1,0.1,0.1,0.1,0.1,0.1,0.5,0,18762,0.036829762,0.014870483,0,0,0,0,0,0,0,0,0,0,5,1.111612773
98138.85,0.499363861,0.5,7111,37,0.2076,33.75,34.875,37.41,0,0,0.07,0,0,20,0.5,5.5,139,1000,0.1,0.1,0.1,0.1,0.1,0.1,0.5,0,19432,0.036692054,0.014666529,0,0,0,0,0,0,0,0,0,0,5,1.111612773
98198.89,0.514391545,0.5,7111,37,0.1491,33.8125,34.8125,37.29,0,0,0.25,0,0,20,0.5,5.5,139,1000,0.1,0.1,0.1,0.1,0.1,0.1,0.5,0,18400,0.037608696,0.015108696,0,0,0,0,0,0,0,0,0,0,5,1.111612773
98258.94,0.530296665,0.5,7111,37,0.1836,33.8125,34.8125,37.49,0,0,0.07,0,0,20,0.5,5.5,139,1000,0.1,0.1,0.1,0.1,0.1,0.1,0.5,0,19270,0.037156201,0.015049299,0,0,0,0,0,0,0,0,0,0,5,1.111612773
98319,0.538870849,0.5,7111,37,0.1363,33.75,34.8125,37.09,0,0,0.07,0,0,20,0.5,5.5,139,1000,0.1,0.1,0.1,0.1,0.1,0.1,0.5,0,20379,0.036017469,0.014475686,0,0,0,0,0,0,0,0,0,0,5,1.111612773
98379.07,0.551816595,0.5,7111,37,0.1885,33.6875,34.75,37.21,0,0,0.07,0,0,20,0.5,5.5,139,1000,0.1,0.1,0.1,0.1,0.1,0.1,0.5,0,20324,0.036557764,0.014662468,0,0,0,0,0,0,0,0,0,0,5,1.127251552
98439.12,0.543364582,0.5,7111,37,0.1999,33.625,34.8125,37.13,0,0.02,0.15,0,0,20,0.5,5.5,139,1000,0.1,0.1,0.1,0.1,0.1,0.1,0.5,0,21437,0.035546019,0.014460979,0,0,0,0,0,0,0,0,0,0,0.44,1.127251552
98499.16,0.489192433,0.5,7111,37,0.517175,33.4375,34.8125,35.93,0,0.017005472,0.25,0,0,20,0.5,5.5,139,1000,0.1,0.1,0.1,0.1,0.1,0.1,0.5,0,21252,0.035290796,0.014304536,0,0,0,0,0,0,0,0,0,0,0.44,1.127251552
98559.2,0.448295762,0.5,7111,37,0.534463142,33.375,34.875,36.23,0,0,0.07,0,0,20,0.5,5.5,139,1000,0.1,0.1,0.1,0.1,0.1,0.1,0.5,0,18736,0.036774125,0.014944492,0,0,0,0,0,0,0,0,0,0,5,1.127251552
98619.26,0.454982666,0.5,7111,37,0.2802,33.5625,34.9375,37.03,0,0,0.07,0,0,20,0.5,5.5,139,1000,0.1,0.1,0.1,0.1,0.1,0.1,0.5,0,19067,0.036502858,0.014894844,0,0,0,0,0,0,0,0,0,0,5,1.127251552
98679.32,0.494490584,0.5,7111,37,0.2333,33.8125,35,37.19,0,0,0.07,0,0,20,0.5,5.5,139,1000,0.1,0.1,0.1,0.1,0.1,0.1,0.5,0,20212,0.035770829,0.014694241,0,0,0,0,0,0,0,0,0,0,5,1.127251552
98739.39,0.515810331,0.5,7111,37,0.1383,33.875,35,37.51,0,0,0.07,0,0,20,0.5,5.5,139,1000,0.1,0.1,0.1,0.1,0.1,0.1,0.5,0,19231,0.03665956,0.014767823,0,0,0,0,0,0,0,0,0,0,5,1.127251552
98799.46,0.498100491,0.5,7111,37,0.214,33.875,35.0625,37.17,0,0,0.25,0,0,20,0.5,5.5,139,1000,0.1,0.1,0.1,0.1,0.1,0.1,0.5,0,19315,0.037121408,0.015066011,0,0,0,0,0,0,0,0,0,0,5,1.127251552
98859.53,0.522927644,0.5,7111,37,0.1511,33.8125,35.0625,37.37,0,0,0.07,0,0,20,0.5,5.5,139,1000,0.1,0.1,0.1,0.1,0.1,0.1,0.5,0,20388,0.036197763,0.014861683,0,0,0,0,0,0,0,0,0,0,5,1.127251552
98919.57,0.523971993,0.5,7111,37,0.1512,33.8125,35.0625,37.33,0,0,0.07,0,0,20,0.5,5.5,139,1000,0.1,0.1,0.1,0.1,0.1,0.1,0.5,0,21334,0.035811381,0.014577669,0,0,0,0,0,0,0,0,0,0,5,1.076874359
98979.65,0.525303712,0.5,7111,37,0.1858,33.75,35.0625,37.17,0,0,0.07,0,0,20,0.5,5.5,139,1000,0.1,0.1,0.1,0.1,0.1,0.1,0.5,0,19938,0.037215368,0.014896178,0,0,0,0,0,0,0,0,0,0,5,1.030645722
99039.72,0.5385694,0.5,7111,37,0.1736,33.6875,35.125,37.19,0,0,0.07,0,0,20,0.5,5.5,139,1000,0.1,0.1,0.1,0.1,0.1,0.1,0.5,0,21013,0.036548803,0.014752772,0,0,0,0,0,0,0,0,0,0,5,1.053932744
99099.79,0.54221513,0.5,7111,37,0.205,33.6875,35.125,37.05,0,0,0.25,0,0,20,0.5,5.5,139,1000,0.1,0.1,0.1,0.1,0.1,0.1,0.5,0,19859,0.037615187,0.015005791,0,0,0,0,0,0,0,0,0,0,5,1.021475537
99159.82,0.55715462,0.5,7111,37,0.2014,33.625,35.125,37.05,0,0.02,0.15,0,0,20,0.5,5.5,139,1000,0.1,0.1,0.1,0.1,0.1,0.1,0.5,0,22037,0.035758043,0.014611789,0,0,0,0,0,0,0,0,0,0,0.44,1.021475537
99219.86,0.523693066,0.5,7111,37,0.426125,33.5,35.1875,36.47,0,0.02,0.15,0,0,20,0.5,5.5,139,1000,0.1,0.1,0.1,0.1,0.1,0.1,0.5,0,19286,0.037643887,0.015088665,0,0,0,0,0,0,0,0,0,0,0.44,1.021475537
99279.93,0.491212673,0.5,7111,37,0.518225,33.375,35.1875,36.17,0,0.02,0.15,0,0,20,0.5,5.5,139,1000,0.1,0.1,0.1,0.1,0.1,0.1,0.5,0,19056,0.037468514,0.014903442,0,0,0,0,0,0,0,0,0,0,0.44,1.021475537
99339.97,0.45112559,0.5,7111,37,0.589175,33.4375,35.0625,36.01,0,0,0.07,0,0,20,0.5,5.5,139,1000,0.1,0.1,0.1,0.1,0.1,0.1,0.5,0,19483,0.036442026,0.014884771,0,0,0,0,0,0,0,0,0,0,5,1.021475537
99400.04,0.47070831,0.5,7111,37,0.2948,33.625,35.0625,37.01,0,0,0.25,0,0,20,0.5,5.5,139,1000,0.1,0.1,0.1,0.1,0.1,0.1,0.5,0,19171,0.036826457,0.01476188,0,0,0,0,0,0,0,0,0,0,5,1.021475537
99460.08,0.484598518,0.5,7111,37,0.1996,33.75,35,37.35,0,0,0.07,0,0,20,0.5,5.5,139,1000,0.1,0.1,0.1,0.1,0.1,0.1,0.5,0,19294,0.036850834,0.014719602,0,0,0,0,0,0,0,0,0,0,5,1.021475537
99520.15,0.503251556,0.5,7111,37,0.1511,33.8125,34.9375,37.49,0,0,0.07,0,0,20,0.5,5.5,139,1000,0.1,0.1,0.1,0.1,0.1,0.1,0.5,0,19280,0.036773859,0.014885892,0,0,0,0,0,0,0,0,0,0,5,1.021475537
99580.2,0.500302688,0.5,7111,37,0.1655,33.875,34.875,37.37,0,0,0.07,0,0,20,0.5,5.5,139,1000,0.1,0.1,0.1,0.1,0.1,0.1,0.5,0,20380,0.036211973,0.014622179,0,0,0,0,0,0,0,0,0,0,5,1.021475537
99640.24,0.512753254,0.5,7111,37,0.2174,33.8125,34.9375,37.13,0,0,0.07,0,0,20,0.5,5.5,139,1000,0.1,0.1,0.1,0.1,0.1,0.1,0.5,0,19851,0.036773966,0.014860712,0,0,0,0,0,0,0,0,0,0,5,1.021475537
99700.3,0.531748847,0.5,7111,37,0.1887,33.6875,34.875,37.21,0,0,0.25,0,0,20,0.5,5.5,139,1000,0.1,0.1,0.1,0.1,0.1,0.1,0.5,0,20156,0.036515182,0.014834293,0,0,0,0,0,0,0,0,0,0,5,1.079531388
99760.36,0.526847509,0.5,7111,37,0.223,33.625,34.875,37.05,0,0,0.07,0,0,20,0.5,5.5,139,1000,0.1,0.1,0.1,0.1,0.1,0.1,0.5,0,19246,0.037826042,0.015120025,0,0,0,0,0,0,0,0,0,0,5,0.997774413
99820.43,0.534246468,0.5,7111,37,0.1946,33.625,34.875,37.13,0,0,0.07,0,0,20,0.5,5.5,139,1000,0.1,0.1,0.1,0.1,0.1,0.1,0.5,0,20150,0.037320099,0.015037221,0,0,0,0,0,0,0,0,0,0,5,0.989724092
99880.5,0.553595859,0.5,7111,37,0.1524,33.5625,34.9375,37.27,0,0,0.07,0,0,20,0.5,5.5,139,1000,0.1,0.1,0.1,0.1,0.1,0.1,0.5,0,19501,0.037690375,0.015024871,0,0,0,0,0,0,0,0,0,0,5,1.046970808
99940.58,0.567112821,0.5,7111,37,0.3001,33.625,35,37.09,0,0.02,0.15,0,0,20,0.5,5.5,139,1000,0.1,0.1,0.1,0.1,0.1,0.1,0.5,0,21178,0.036405704,0.014826707,0,0,0,0,0,0,0,0,0,0,0.44,1.046970808
100000.62,0.488886361,0.5,7111,37,0.551460784,33.375,35,35.99,0,0.019337691,0.25,0,0,20,0.5,5.5,139,1000,0.1,0.1,0.1,0.1,0.1,0.1,0.5,0,20675,0.035888755,0.014461911,0,0,0,0,0,0,0,0,0,0,0.44,1.046970808
100060.66,0.455918901,0.5,7111,37,0.5979,33.25,35.0625,35.77,0,0,0.07,0,0,20,0.5,5.5,139,1000,0.1,0.1,0.1,0.1,0.1,0.1,0.5,0,18668,0.037229484,0.015052496,0,0,0,0,0,0,0,0,0,0,5,1.046970808
100120.74,0.469279816,0.5,7111,37,0.3569,33.5625,35.0625,36.77,0,0,0.07,0,0,20,0.5,5.5,139,1000,0.1,0.1,0.1,0.1,0.1,0.1,0.5,0,19382,0.036786709,0.014859148,0,0,0,0,0,0,0,0,0,0,5,1.046970808
100180.81,0.468764209,0.5,7111,37,0.25,33.75,35.0625,37.17,0,0,0.07,0,0,20,0.5,5.5,139,1000,0.1,0.1,0.1,0.1,0.1,0.1,0.5,0,20064,0.035935008,0.01465311,0,0,0,0,0,0,0,0,0,0,5,1.046970808
100240.86,0.479036675,0.5,7111,37,0.1765,33.875,35.125,37.41,0,0,0.07,0,0,20,0.5,5.5,139,1000,0.1,0.1,0.1,0.1,0.1,0.1,0.5,0,17793,0.038498286,0.015118305,0,0,0,0,0,0,0,0,0,0,5,1.046970808
100300.9,0.502843966,0.5,7111,37,0.1621,33.9375,35.125,37.41,0,0,0.25,0,0,20,0.5,5.5,139,1000,0.1,0.1,0.1,0.1,0.1,0.1,0.5,0,19173,0.037239869,0.014968967,0,0,0,0,0,0,0,0,0,0,5,1.046970808
100360.95,0.512083927,0.5,7111,37,0.1863,33.875,35.0625,37.27,0,0,0.07,0,0,20,0.5,5.5,139,1000,0.1,0.1,0.1,0.1,0.1,0.1,0.5,0,20389,0.036490264,0.014811908,0,0,0,0,0,0,0,0,0,0,5,1.046970808
100421.01,0.524009138,0.5,7111,37,0.1732,33.8125,35.0625,37.29,0,0,0.07,0,0,20,0.5,5.5,139,1000,0.1,0.1,0.1,0.1,0.1,0.1,0.5,0,18987,0.037710012,0.015220941,0,0,0,0,0,0,0,0,0,0,5,1.06368404
100481.05,0.534930326,0.5,7111,37,0.1845,33.75,35,37.21,0,0,0.07,0,0,20,0.5,5.5,139,1000,0.1,0.1,0.1,0.1,0.1,0.1,0.5,0,20638,0.036437639,0.014584747,0,0,0,0,0,0,0,0,0,0,5,1.072381991
100541.12,0.54241807,0.5,7111,37,0.1982,33.6875,35,37.13,0,0,0.07,0,0,20,0.5,5.5,139,1000,0.1,0.1,0.1,0.1,0.1,0.1,0.5,0,21109,0.036287839,0.014827799,0,0,0,0,0,0,0,0,0,0,5,1.060464523
100601.17,0.543734756,0.5,7111,37,0.301525,33.625,34.9375,37.13,0,0.02,0.25,0,0,20,0.5,5.5,139,1000,0.1,0.1,0.1,0.1,0.1,0.1,0.5,0,18865,0.038536973,0.015425391,0,0,0,0,0,0,0,0,0,0,0.44,1.060464523
100661.22,0.487500454,0.5,7111,37,0.514296628,33.4375,34.9375,36.15,0,0.01682363,0.137294519,0,0,20,0.5,5.5,139,1000,0.1,0.1,0.1,0.1,0.1,0.1,0.5,0,19301,0.037355577,0.015025128,0,0,0,0,0,0,0,0,0,0,0.44,1.060464523
100721.28,0.48535836,0.5,7111,37,0.457625,33.4375,34.9375,36.57,0,0.02,0.15,0,0,20,0.5,5.5,139,1000,0.1,0.1,0.1,0.1,0.1,0.1,0.5,0,17989,0.038078826,0.015342709,0,0,0,0,0,0,0,0,0,0,0.44,1.060464523
100781.31,0.444384911,0.5,7111,37,0.4868,33.375,34.875,36.23,0,0,0.07,0,0,20,0.5,5.5,139,1000,0.1,0.1,0.1,0.1,0.1,0.1,0.5,0,17268,0.038394719,0.015520037,0,0,0,0,0,0,0,0,0,0,5,1.060464523
100841.38,0.439899918,0.5,7111,37,0.2951,33.5625,34.8125,37.01,0,0,0.07,0,0,20,0.5,5.5,139,1000,0.1,0.1,0.1,0.1,0.1,0.1,0.5,0,18268,0.037278301,0.015108386,0,0,0,0,0,0,0,0,0,0,5,1.060464523
100901.45,0.465643769,0.5,7111,37,0.1958,33.75,34.875,37.37,0,0,0.25,0,0,20,0.5,5.5,139,1000,0.1,0.1,0.1,0.1,0.1,0.1,0.5,0,19167,0.036834142,0.01492148,0,0,0,0,0,0,0,0,0,0,5,1.060464523
100961.6,0.463201875,0.5,7111,37,0.213,33.75,34.875,37.27,0,0,0.07,0,0,20,0.5,5.5,139,1000,0.1,0.1,0.1,0.1,0.1,0.1,0.5,0,19384,0.036731325,0.015012381,0,0,0,0,0,0,0,0,0,0,5,1.060464523
101021.63,0.482339946,0.5,7111,37,0.1274,33.8125,35,37.55,0,0,0.07,0,0,20,0.5,5.5,139,1000,0.1,0.1,0.1,0.1,0.1,0.1,0.5,0,19358,0.036832317,0.014929228,0,0,0,0,0,0,0,0,0,0,5,1.060464523
101081.68,0.503075765,0.5,7111,37,0.1525,33.8125,35,37.41,0,0,0.07,0,0,20,0.5,5.5,139,1000,0.1,0.1,0.1,0.1,0.1,0.1,0.5,0,18941,0.037643208,0.014941133,0,0,0,0,0,0,0,0,0,0,5,1.060464523
101141.72,0.50279525,0.5,7111,37,0.1346,33.75,35,37.43,0,0,0.07,0,0,20,0.5,5.5,139,1000,0.1,0.1,0.1,0.1,0.1,0.1,0.5,0,18857,0.037439678,0.014954659,0,0,0,0,0,0,0,0,0,0,5,1.005768029
101201.79,0.514160339,0.5,7111,37,0.1367,33.75,35.0625,37.37,0,0,0.25,0,0,20,0.5,5.5,139,1000,0.1,0.1,0.1,0.1,0.1,0.1,0.5,0,18891,0.037954582,0.015086549,0,0,0,0,0,0,0,0,0,0,5,1.022536023
101261.83,0.522316406,0.5,7111,37,0.2343,33.625,35.125,36.97,0,0,0.07,0,0,20,0.5,5.5,139,1000,0.1,0.1,0.1,0.1,0.1,0.1,0.5,0,20158,0.036908423,0.014882429,0,0,0,0,0,0,0,0,0,0,5,1.018624376
101321.91,0.527667356,0.5,7111,37,0.1503,33.625,35.0625,37.27,0,0,0.07,0,0,20,0.5,5.5,139,1000,0.1,0.1,0.1,0.1,0.1,0.1,0.5,0,21122,0.036596913,0.014723984,0,0,0,0,0,0,0,0,0,0,5,0.998270754
101381.97,0.542894694,0.5,7111,37,0.1708,33.5625,35.125,37.17,0,0,0,0,0,20,0.5,5.5,139,1000,0.1,0.1,0.1,0.1,0.1,0.1,0.5,0,19673,0.037615005,0.015198495,0,0,0,0,0,0,0,0,0,0,5,1.033705084
101442.04,0.546894314,0.5,7111,37,0.29995,33.5625,35.125,37.01,0,0.02,0.15,0,0,20,0.5,5.5,139,1000,0.1,0.1,0.1,0.1,0.1,0.1,0.5,0,20158,0.037156464,0.014683996,0,0,0,0,0,0,0,0,0,0,0.44,1.033705084
101502.11,0.52343893,0.5,7111,37,0.43705,33.375,35.125,36.41,0,0.02,0.25,0,0,20,0.5,5.5,139,1000,0.1,0.1,0.1,0.1,0.1,0.1,0.5,0,20347,0.037155355,0.014842483,0,0,0,0,0,0,0,0,0,0,0.44,1.033705084
101562.17,0.458587693,0.5,7111,37,0.533725,33.25,35.1875,36.07,0,0.02,0.15,0,0,20,0.5,5.5,139,1000,0.1,0.1,0.1,0.1,0.1,0.1,0.5,0,18135,0.038378825,0.015329473,0,0,0,0,0,0,0,0,0,0,0.44,1.033705084
101622.22,0.399742247,0.5,7111,37,0.6723,33.1875,35.1875,35.53,0,0,0.07,0,0,20,0.5,5.5,139,1000,0.1,0.1,0.1,0.1,0.1,0.1,0.5,0,16421,0.039278972,0.015467998,0,0,0,0,0,0,0,0,0,0,5,1.033705084
101682.3,0.424387561,0.5,7111,37,0.4152,33.5,35.1875,36.61,0,0,0.07,0,0,20,0.5,5.5,139,1000,0.1,0.1,0.1,0.1,0.1,0.1,0.5,0,18006,0.037265356,0.014883928,0,0,0,0,0,0,0,0,0,0,5,1.033705084
101742.36,0.446475131,0.5,7111,37,0.2277,33.75,35.1875,37.33,0,0,0.07,0,0,20,0.5,5.5,139,1000,0.1,0.1,0.1,0.1,0.1,0.1,0.5,0,18429,0.037223941,0.014867871,0,0,0,0,0,0,0,0,0,0,5,1.033705084
101802.45,0.474741397,0.5,7111,37,0.1842,33.9375,35.125,37.45,0,0,0.25,0,0,20,0.5,5.5,139,1000,0.1,0.1,0.1,0.1,0.1,0.1,0.5,0,17948,0.038054379,0.015266325,0,0,0,0,0,0,0,0,0,0,5,1.033705084
101862.49,0.457347359,0.5,7111,37,0.1409,33.9375,35.0625,37.55,0,0,0.07,0,0,20,0.5,5.5,139,1000,0.1,0.1,0.1,0.1,0.1,0.1,0.5,0,19160,0.037108559,0.015083507,0,0,0,0,0,0,0,0,0,0,5,1.033705084
101922.54,0.473311309,0.5,7111,37,0.143,33.9375,34.9375,37.49,0,0,0.07,0,0,20,0.5,5.5,139,1000,0.1,0.1,0.1,0.1,0.1,0.1,0.5,0,19145,0.037137634,0.014990859,0,0,0,0,0,0,0,0,0,0,5,1.033705084
101982.6,0.506969277,0.5,7111,37,0.1943,33.8125,34.875,37.25,0,0,0.07,0,0,20,0.5,5.5,139,1000,0.1,0.1,0.1,0.1,0.1,0.1,0.5,0,19843,0.036436023,0.014866704,0,0,0,0,0,0,0,0,0,0,5,1.18811105
102042.67,0.504490202,0.5,7111,37,0.1214,33.8125,34.875,37.49,0,0,0.07,0,0,20,0.5,5.5,139,1000,0.1,0.1,0.1,0.1,0.1,0.1,0.5,0,18494,0.037850114,0.015248189,0,0,0,0,0,0,0,0,0,0,5,1.113999545
102102.73,0.511452509,0.5,7111,37,0.1839,33.75,34.875,37.21,0,0,0.25,0,0,20,0.5,5.5,139,1000,0.1,0.1,0.1,0.1,0.1,0.1,0.5,0,17882,0.03864221,0.015322671,0,0,0,0,0,0,0,0,0,0,5,1.099418514
102162.77,0.498597434,0.5,7111,37,0.1758,33.6875,34.8125,37.21,0,0,0.07,0,0,20,0.5,5.5,139,1000,0.1,0.1,0.1,0.1,0.1,0.1,0.5,0,20292,0.036713976,0.014882712,0,0,0,0,0,0,0,0,0,0,5,0.968080458
102222.86,0.520549821,0.5,7111,37,0.1542,33.625,34.875,37.27,0,0,0,0,0,20,0.5,5.5,139,1000,0.1,0.1,0.1,0.1,0.1,0.1,0.5,0,19689,0.03722891,0.014779826,0,0,0,0,0,0,0,0,0,0,5,1.048936162
102282.96,0.51607759,0.5,7111,37,0.20845,33.5625,34.875,37.11,0,0,0,0,0,20,0.5,5.5,139,1000,0.1,0.1,0.1,0.1,0.1,0.1,0.5,0,19809,0.037609168,0.014993185,0,0,0,0,0,0,0,0,0,0,5,0.970603922
102343,0.537352388,0.5,7111,37,0.16275,33.5625,34.9375,37.05,0,0,0,0,0,20,0.5,5.5,139,1000,0.1,0.1,0.1,0.1,0.1,0.1,0.5,0,20340,0.037217306,0.014896755,0,0,0,0,0,0,0,0,0,0,5,1.043264642
102403.05,0.566315885,0.5,7111,37,0.17705,33.5,34.9375,37.11,0,0,0,0,0,20,0.5,5.5,139,1000,0.1,0.1,0.1,0.1,0.1,0.1,0.5,0,21383,0.036477576,0.01459103,0,0,0,0,0,0,0,0,0,0,5,1.148595197
102463.1,0.5777539,0.5,7111,37,0.284975,33.4375,35.0625,37.09,0,0.02,0.15,0,0,20,0.5,5.5,139,1000,0.1,0.1,0.1,0.1,0.1,0.1,0.5,0,21130,0.037008992,0.014765736,0,0,0,0,0,0,0,0,0,0,0.44,1.148595197
102523.19,0.543658916,0.5,7111,37,0.45275,33.375,35.125,36.33,0,0.02,0.15,0,0,20,0.5,5.5,139,1000,0.1,0.1,0.1,0.1,0.1,0.1,0.5,0,19855,0.037522035,0.014908084,0,0,0,0,0,0,0,0,0,0,0.44,1.148595197
102583.26,0.474392246,0.5,7111,37,0.586375,33.3125,35.0625,35.85,0,0.02,0.15,0,0,20,0.5,5.5,139,1000,0.1,0.1,0.1,0.1,0.1,0.1,0.5,0,18875,0.037298013,0.015046358,0,0,0,0,0,0,0,0,0,0,0.44,1.148595197
102643.36,0.436800465,0.5,7111,37,0.4395,33.3125,35.125,36.37,0,0,0.07,0,0,20,0.5,5.5,139,1000,0.1,0.1,0.1,0.1,0.1,0.1,0.5,0,17821,0.038493912,0.015150665,0,0,0,0,0,0,0,0,0,0,5,1.148595197
102703.39,0.466193483,0.5,7111,37,0.3249,33.625,35.125,36.85,0,0,0.25,0,0,20,0.5,5.5,139,1000,0.1,0.1,0.1,0.1,0.1,0.1,0.5,0,19957,0.036428321,0.014681565,0,0,0,0,0,0,0,0,0,0,5,1.148595197
102763.44,0.48935041,0.5,7111,37,0.1841,33.75,35.125,37.37,0,0,0.07,0,0,20,0.5,5.5,139,1000,0.1,0.1,0.1,0.1,0.1,0.1,0.5,0,19156,0.037116308,0.014982251,0,0,0,0,0,0,0,0,0,0,5,1.148595197
102823.51,0.506070943,0.5,7111,37,0.1415,33.8125,35.125,37.49,0,0,0.07,0,0,20,0.5,5.5,139,1000,0.1,0.1,0.1,0.1,0.1,0.1,0.5,0,20531,0.036140471,0.01461205,0,0,0,0,0,0,0,0,0,0,5,1.148595197
102883.57,0.52126954,0.5,7111,37,0.1916,33.8125,35.125,37.25,0,0,0.07,0,0,20,0.5,5.5,139,1000,0.1,0.1,0.1,0.1,0.1,0.1,0.5,0,18418,0.037843414,0.014931046,0,0,0,0,0,0,0,0,0,0,5,1.148595197
102943.65,0.51188019,0.5,7111,37,0.2038,33.8125,35.125,37.17,0,0,0.07,0,0,20,0.5,5.5,139,1000,0.1,0.1,0.1,0.1,0.1,0.1,0.5,0,17903,0.038820309,0.015472267,0,0,0,0,0,0,0,0,0,0,5,1.148595197
103003.69,0.522677306,0.5,7111,37,0.196,33.75,35.0625,37.17,0,0,0.25,0,0,20,0.5,5.5,139,1000,0.1,0.1,0.1,0.1,0.1,0.1,0.5,0,20150,0.036972705,0.014888337,0,0,0,0,0,0,0,0,0,0,5,1.153786462
103063.74,0.546958304,0.5,7111,37,0.1891,33.6875,35.0625,37.17,0,0,0.07,0,0,20,0.5,5.5,139,1000,0.1,0.1,0.1,0.1,0.1,0.1,0.5,0,20492,0.036746047,0.014786258,0,0,0,0,0,0,0,0,0,0,5,1.232322052
103123.79,0.547080795,0.5,7111,37,0.291025,33.6875,34.9375,37.19,0,0.02,0.15,0,0,20,0.5,5.5,139,1000,0.1,0.1,0.1,0.1,0.1,0.1,0.5,0,18471,0.039196578,0.015592009,0,0,0,0,0,0,0,0,0,0,0.44,1.232322052
103183.86,0.510093641,0.5,7111,37,0.392925,33.5625,34.9375,36.73,0,0.02,0.15,0,0,20,0.5,5.5,139,1000,0.1,0.1,0.1,0.1,0.1,0.1,0.5,0,20380,0.036947988,0.014965653,0,0,0,0,0,0,0,0,0,0,0.44,1.232322052
103243.93,0.472062821,0.5,7111,37,0.541125,33.4375,34.9375,36.13,0,0.02,0.15,0,0,20,0.5,5.5,139,1000,0.1,0.1,0.1,0.1,0.1,0.1,0.5,0,19662,0.037025735,0.014800122,0,0,0,0,0,0,0,0,0,0,0.44,1.232322052
103304.01,0.416346449,0.5,7111,37,0.5363,33.3125,34.875,36.05,0,0,0.25,0,0,20,0.5,5.5,139,1000,0.1,0.1,0.1,0.1,0.1,0.1,0.5,0,17037,0.038445736,0.015319599,0,0,0,0,0,0,0,0,0,0,5,1.232322052
103364.07,0.425666465,0.5,7111,37,0.3797,33.5625,34.875,36.71,0,0,0.07,0,0,20,0.5,5.5,139,1000,0.1,0.1,0.1,0.1,0.1,0.1,0.5,0,17340,0.038523645,0.015051903,0,0,0,0,0,0,0,0,0,0,5,1.232322052
103424.16,0.451652708,0.5,7111,37,0.2092,33.75,34.875,37.35,0,0,0.07,0,0,20,0.5,5.5,139,1000,0.1,0.1,0.1,0.1,0.1,0.1,0.5,0,17627,0.038009871,0.01526068,0,0,0,0,0,0,0,0,0,0,5,1.232322052
103484.25,0.46713618,0.5,7111,37,0.176,33.8125,34.9375,37.43,0,0,0.07,0,0,20,0.5,5.5,139,1000,0.1,0.1,0.1,0.1,0.1,0.1,0.5,0,17540,0.038540479,0.015051311,0,0,0,0,0,0,0,0,0,0,5,1.232322052
103544.33,0.48139641,0.5,7111,37,0.2023,33.875,35,37.29,0,0,0.07,0,0,20,0.5,5.5,139,1000,0.1,0.1,0.1,0.1,0.1,0.1,0.5,0,18272,0.03765324,0.015159807,0,0,0,0,0,0,0,0,0,0,5,1.232322052
103604.4,0.485900123,0.5,7111,37,0.1544,33.875,35,37.43,0,0,0.25,0,0,20,0.5,5.5,139,1000,0.1,0.1,0.1,0.1,0.1,0.1,0.5,0,19125,0.037228758,0.015006536,0,0,0,0,0,0,0,0,0,0,5,1.232322052
103664.44,0.501481171,0.5,7111,37,0.1662,33.875,35.0625,37.33,0,0,0.07,0,0,20,0.5,5.5,139,1000,0.1,0.1,0.1,0.1,0.1,0.1,0.5,0,18537,0.038032044,0.015050979,0,0,0,0,0,0,0,0,0,0,5,1.265394849
103724.53,0.49982783,0.5,7111,37,0.1981,33.8125,35.0625,37.17,0,0,0.07,0,0,20,0.5,5.5,139,1000,0.1,0.1,0.1,0.1,0.1,0.1,0.5,0,19562,0.037163889,0.014926899,0,0,0,0,0,0,0,0,0,0,5,1.192218026
103784.61,0.490278908,0.5,7111,37,0.1576,33.8125,35.125,37.29,0,0,0.07,0,0,20,0.5,5.5,139,1000,0.1,0.1,0.1,0.1,0.1,0.1,0.5,0,19848,0.03688029,0.014913341,0,0,0,0,0,0,0,0,0,0,5,1.074739311
103844.65,0.509512874,0.5,7111,37,0.1704,33.6875,35.125,37.21,0,0,0.07,0,0,20,0.5,5.5,139,1000,0.1,0.1,0.1,0.1,0.1,0.1,0.5,0,21243,0.036388457,0.014734265,0,0,0,0,0,0,0,0,0,0,5,1.136444422
103904.73,0.530787567,0.5,7111,37,0.17785,33.625,35.125,37.01,0,0,0,0,0,20,0.5,5.5,139,1000,0.1,0.1,0.1,0.1,0.1,0.1,0.5,0,20739,0.036790588,0.014851246,0,0,0,0,0,0,0,0,0,0,5,1.202342476
103964.81,0.525140172,0.5,7111,37,0.14745,33.5625,35.125,37.13,0,0,0,0,0,20,0.5,5.5,139,1000,0.1,0.1,0.1,0.1,0.1,0.1,0.5,0,19850,0.037380353,0.015062972,0,0,0,0,0,0,0,0,0,0,5,1.110135379
104024.88,0.566722912,0.5,7111,37,0.16555,33.5625,35.125,37.09,0,0,0,0,0,20,0.5,5.5,139,1000,0.1,0.1,0.1,0.1,0.1,0.1,0.5,0,19671,0.037669666,0.015047532,0,0,0,0,0,0,0,0,0,0,5,1.283244424
104084.94,0.561541667,0.5,7111,37,0.31565,33.5625,35.125,36.93,0,0.02,0.15,0,0,20,0.5,5.5,139,1000,0.1,0.1,0.1,0.1,0.1,0.1,0.5,0,21219,0.037089401,0.014798058,0,0,0,0,0,0,0,0,0,0,0.44,1.283244424
104145,0.514357341,0.5,7111,37,0.52515,33.3125,35.125,36.01,0,0.02,0.15,0,0,20,0.5,5.5,139,1000,0.1,0.1,0.1,0.1,0.1,0.1,0.5,0,18674,0.03834208,0.015154761,0,0,0,0,0,0,0,0,0,0,0.44,1.283244424
104205.09,0.450844703,0.5,7111,37,0.586175,33.25,35.0625,35.89,0,0.02,0.25,0,0,20,0.5,5.5,139,1000,0.1,0.1,0.1,0.1,0.1,0.1,0.5,0,19071,0.03759635,0.01489172,0,0,0,0,0,0,0,0,0,0,0.44,1.283244424
104265.16,0.410444413,0.5,7111,37,0.6191,33.25,35,35.75,0,0,0.07,0,0,20,0.5,5.5,139,1000,0.1,0.1,0.1,0.1,0.1,0.1,0.5,0,16393,0.039285061,0.015372415,0,0,0,0,0,0,0,0,0,0,5,1.283244424
104325.23,0.418555127,0.5,7111,37,0.4176,33.5625,34.9375,36.61,0,0,0.07,0,0,20,0.5,5.5,139,1000,0.1,0.1,0.1,0.1,0.1,0.1,0.5,0,17353,0.038091396,0.015271135,0,0,0,0,0,0,0,0,0,0,5,1.283244424
104385.32,0.457631755,0.5,7111,37,0.2619,33.75,34.9375,37.21,0,0,0.07,0,0,20,0.5,5.5,139,1000,0.1,0.1,0.1,0.1,0.1,0.1,0.5,0,17113,0.038391866,0.015426868,0,0,0,0,0,0,0,0,0,0,5,1.283244424
104445.38,0.450027415,0.5,7111,37,0.2008,34,34.8125,37.41,0,0,0.07,0,0,20,0.5,5.5,139,1000,0.1,0.1,0.1,0.1,0.1,0.1,0.5,0,17079,0.03911236,0.015516131,0,0,0,0,0,0,0,0,0,0,5,1.283244424
104505.42,0.460680759,0.5,7111,37,0.1805,34,34.8125,37.43,0,0,0.25,0,0,20,0.5,5.5,139,1000,0.1,0.1,0.1,0.1,0.1,0.1,0.5,0,18290,0.03745216,0.014871514,0,0,0,0,0,0,0,0,0,0,5,1.283244424
104565.49,0.484153882,0.5,7111,37,0.1852,33.9375,34.8125,37.35,0,0,0.07,0,0,20,0.5,5.5,139,1000,0.1,0.1,0.1,0.1,0.1,0.1,0.5,0,17509,0.038894283,0.015420641,0,0,0,0,0,0,0,0,0,0,5,1.283244424
104625.56,0.47457887,0.5,7111,37,0.1779,33.8125,34.8125,37.33,0,0,0.07,0,0,20,0.5,5.5,139,1000,0.1,0.1,0.1,0.1,0.1,0.1,0.5,0,19986,0.036775743,0.014910437,0,0,0,0,0,0,0,0,0,0,5,1.159157281
104685.63,0.507442468,0.5,7111,37,0.1794,33.8125,34.8125,37.27,0,0,0.07,0,0,20,0.5,5.5,139,1000,0.1,0.1,0.1,0.1,0.1,0.1,0.5,0,18459,0.038246926,0.015277101,0,0,0,0,0,0,0,0,0,0,5,1.302065978
104745.73,0.493503428,0.5,7111,37,0.1957,33.6875,34.8125,37.17,0,0,0.07,0,0,20,0.5,5.5,139,1000,0.1,0.1,0.1,0.1,0.1,0.1,0.5,0,18076,0.038780704,0.015213543,0,0,0,0,0,0,0,0,0,0,5,1.153402068
104805.81,0.498329369,0.5,7111,37,0.185,33.625,34.75,37.19,0,0,0.25,0,0,20,0.5,5.5,139,1000,0.1,0.1,0.1,0.1,0.1,0.1,0.5,0,19020,0.038012618,0.01508938,0,0,0,0,0,0,0,0,0,0,5,1.124926276
104865.84,0.516503213,0.5,7111,37,0.11325,33.625,34.875,37.29,0,0,0,0,0,20,0.5,5.5,139,1000,0.1,0.1,0.1,0.1,0.1,0.1,0.5,0,18636,0.038151964,0.015239322,0,0,0,0,0,0,0,0,0,0,5,1.176140765
104925.91,0.528619183,0.5,7111,37,0.17575,33.5625,34.875,37.01,0,0,0,0,0,20,0.5,5.5,139,1000,0.1,0.1,0.1,0.1,0.1,0.1,0.5,0,19525,0.037848912,0.015006402,0,0,0,0,0,0,0,0,0,0,5,1.186894072
104985.95,0.540832305,0.5,7111,37,0.16185,33.5,34.9375,37.01,0,0,0,0,0,20,0.5,5.5,139,1000,0.1,0.1,0.1,0.1,0.1,0.1,0.5,0,20361,0.037277147,0.014979618,0,0,0,0,0,0,0,0,0,0,5,1.196072268
105046,0.551008435,0.5,7111,37,0.313525,33.5,34.9375,37.01,0,0.02,0.15,0,0,20,0.5,5.5,139,1000,0.1,0.1,0.1,0.1,0.1,0.1,0.5,0,21262,0.036873295,0.014862195,0,0,0,0,0,0,0,0,0,0,0.44,1.196072268
105106.05,0.519410413,0.5,7111,37,0.413825,33.375,34.9375,36.57,0,0.02,0.25,0,0,20,0.5,5.5,139,1000,0.1,0.1,0.1,0.1,0.1,0.1,0.5,0,19956,0.037733013,0.015083183,0,0,0,0,0,0,0,0,0,0,0.44,1.196072268
105166.11,0.517908246,0.5,7111,37,0.4435,33.375,35,36.49,0,0.02,0.15,0,0,20,0.5,5.5,139,1000,0.1,0.1,0.1,0.1,0.1,0.1,0.5,0,19876,0.037331455,0.014942644,0,0,0,0,0,0,0,0,0,0,0.44,1.196072268
105226.15,0.464782289,0.5,7111,37,0.532375,33.375,35.0625,36.15,0,0.02,0.15,0,0,20,0.5,5.5,139,1000,0.1,0.1,0.1,0.1,0.1,0.1,0.5,0,18895,0.037152686,0.014818735,0,0,0,0,0,0,0,0,0,0,0.44,1.196072268
105286.2,0.434886573,0.5,7111,37,0.3943,33.4375,35.0625,36.57,0,0,0.07,0,0,20,0.5,5.5,139,1000,0.1,0.1,0.1,0.1,0.1,0.1,0.5,0,17418,0.038351131,0.015041911,0,0,0,0,0,0,0,0,0,0,5,1.196072268
105346.29,0.427194329,0.5,7111,37,0.302,33.6875,35.0625,36.95,0,0,0.07,0,0,20,0.5,5.5,139,1000,0.1,0.1,0.1,0.1,0.1,0.1,0.5,0,19137,0.03683963,0.014631342,0,0,0,0,0,0,0,0,0,0,5,1.196072268
105406.36,0.468555985,0.5,7111,37,0.1968,33.8125,35.0625,37.33,0,0,0.25,0,0,20,0.5,5.5,139,1000,0.1,0.1,0.1,0.1,0.1,0.1,0.5,0,18259,0.037625281,0.015006298,0,0,0,0,0,0,0,0,0,0,5,1.196072268
105466.41,0.462195018,0.5,7111,37,0.1551,33.8125,35.0625,37.45,0,0,0.07,0,0,20,0.5,5.5,139,1000,0.1,0.1,0.1,0.1,0.1,0.1,0.5,0,19086,0.03693807,0.014932411,0,0,0,0,0,0,0,0,0,0,5,1.196072268
105526.45,0.482642943,0.5,7111,37,0.1516,33.875,35.125,37.41,0,0,0.07,0,0,20,0.5,5.5,139,1000,0.1,0.1,0.1,0.1,0.1,0.1,0.5,0,17589,0.038774234,0.015407357,0,0,0,0,0,0,0,0,0,0,5,1.196072268
105586.53,0.503010156,0.5,7111,37,0.1932,33.75,35.0625,37.21,0,0,0.07,0,0,20,0.5,5.5,139,1000,0.1,0.1,0.1,0.1,0.1,0.1,0.5,0,18015,0.038301415,0.015320566,0,0,0,0,0,0,0,0,0,0,5,1.196072268
105646.58,0.494527556,0.5,7111,37,0.1698,33.8125,35.0625,37.27,0,0,0.07,0,0,20,0.5,5.5,139,1000,0.1,0.1,0.1,0.1,0.1,0.1,0.5,0,18119,0.038633479,0.01534301,0,0,0,0,0,0,0,0,0,0,5,1.085246196
105706.61,0.529234448,0.5,7111,37,0.1779,33.6875,35.0625,37.21,0,0,0.25,0,0,20,0.5,5.5,139,1000,0.1,0.1,0.1,0.1,0.1,0.1,0.5,0,19378,0.037774796,0.014862215,0,0,0,0,0,0,0,0,0,0,5,1.234469836
105766.68,0.531815677,0.5,7111,37,0.1551,33.6875,35,37.27,0,0,0.07,0,0,20,0.5,5.5,139,1000,0.1,0.1,0.1,0.1,0.1,0.1,0.5,0,20376,0.037004319,0.014625049,0,0,0,0,0,0,0,0,0,0,5,1.187342643
105826.75,0.515284055,0.5,7111,37,0.1891,33.625,35,37.11,0,0,0.07,0,0,20,0.5,5.5,139,1000,0.1,0.1,0.1,0.1,0.1,0.1,0.5,0,20375,0.037202454,0.014920245,0,0,0,0,0,0,0,0,0,0,5,1.033239573
105886.82,0.526205037,0.5,7111,37,0.19275,33.5625,34.9375,37.25,0,0,0,0,0,20,0.5,5.5,139,1000,0.1,0.1,0.1,0.1,0.1,0.1,0.5,0,20293,0.037697728,0.015128369,0,0,0,0,0,0,0,0,0,0,5,1.044495484
105946.85,0.543381011,0.5,7111,37,0.16945,33.4375,34.875,37.11,0,0,0,0,0,20,0.5,5.5,139,1000,0.1,0.1,0.1,0.1,0.1,0.1,0.5,0,20698,0.037346604,0.014784037,0,0,0,0,0,0,0,0,0,0,5,1.08863014
106006.91,0.537653818,0.5,7111,37,0.19735,33.5,34.875,36.97,0,0,0,0,0,20,0.5,5.5,139,1000,0.1,0.1,0.1,0.1,0.1,0.1,0.5,0,20795,0.037364751,0.014763164,0,0,0,0,0,0,0,0,0,0,5,1.002411058
106066.97,0.577993927,0.5,7111,37,0.21495,33.4375,34.8125,37.01,0,0,0,0,0,20,0.5,5.5,139,1000,0.1,0.1,0.1,0.1,0.1,0.1,0.5,0,19879,0.038281604,0.015242215,0,0,0,0,0,0,0,0,0,0,5,1.169335913
106127.06,0.565715618,0.5,7111,37,0.375575,33.5,34.8125,36.71,0,0.02,0.15,0,0,20,0.5,5.5,139,1000,0.1,0.1,0.1,0.1,0.1,0.1,0.5,0,20333,0.038115379,0.015049427,0,0,0,0,0,0,0,0,0,0,0.44,1.169335913
106187.12,0.526325551,0.5,7111,37,0.56005,33.3125,34.875,35.91,0,0.02,0.15,0,0,20,0.5,5.5,139,1000,0.1,0.1,0.1,0.1,0.1,0.1,0.5,0,19707,0.037854569,0.0149693,0,0,0,0,0,0,0,0,0,0,0.44,1.169335913
106247.2,0.475458726,0.5,7111,37,0.611425,33.25,34.9375,35.81,0,0.02,0.15,0,0,20,0.5,5.5,139,1000,0.1,0.1,0.1,0.1,0.1,0.1,0.5,0,18086,0.038427513,0.015094548,0,0,0,0,0,0,0,0,0,0,0.44,1.169335913
106307.27,0.428389131,0.5,7111,37,0.585,33.25,35,35.89,0,0,0.25,0,0,20,0.5,5.5,139,1000,0.1,0.1,0.1,0.1,0.1,0.1,0.5,0,18109,0.038213043,0.015185819,0,0,0,0,0,0,0,0,0,0,5,1.169335913
106367.31,0.425145473,0.5,7111,37,0.40025,33.5625,35.0625,36.85,0,0,0.07,0,0,20,0.5,5.5,139,1000,0.1,0.1,0.1,0.1,0.1,0.1,0.5,0,19198,0.03693093,0.015001563,0,0,0,0,0,0,0,0,0,0,5,1.169335913
106427.38,0.455518673,0.5,7111,37,0.21335,33.75,35.0625,37.25,0,0,0.07,0,0,20,0.5,5.5,139,1000,0.1,0.1,0.1,0.1,0.1,0.1,0.5,0,17645,0.038481156,0.015358458,0,0,0,0,0,0,0,0,0,0,5,1.169335913
106487.44,0.47817468,0.5,7111,37,0.19955,33.875,35.0625,37.19,0,0,0.07,0,0,20,0.5,5.5,139,1000,0.1,0.1,0.1,0.1,0.1,0.1,0.5,0,19139,0.037567271,0.015047808,0,0,0,0,0,0,0,0,0,0,5,1.169335913
106547.5,0.503190243,0.5,7111,37,0.15455,33.9375,35.125,37.41,0,0,0.07,0,0,20,0.5,5.5,139,1000,0.1,0.1,0.1,0.1,0.1,0.1,0.5,0,18893,0.038215212,0.014979093,0,0,0,0,0,0,0,0,0,0,5,1.169335913
106607.56,0.480584121,0.5,7111,37,0.1304,33.875,35.125,37.49,0,0,0.25,0,0,20,0.5,5.5,139,1000,0.1,0.1,0.1,0.1,0.1,0.1,0.5,0,18008,0.038482896,0.015437583,0,0,0,0,0,0,0,0,0,0,5,1.169335913
106667.61,0.515484136,0.5,7111,37,0.18135,33.75,35.0625,37.29,0,0,0.07,0,0,20,0.5,5.5,139,1000,0.1,0.1,0.1,0.1,0.1,0.1,0.5,0,18332,0.038566441,0.015273838,0,0,0,0,0,0,0,0,0,0,5,1.321181854
106727.68,0.53049879,0.5,7111,37,0.19005,33.6875,35.0625,37.03,0,0,0.07,0,0,20,0.5,5.5,139,1000,0.1,0.1,0.1,0.1,0.1,0.1,0.5,0,19445,0.03779892,0.015170995,0,0,0,0,0,0,0,0,0,0,5,1.341256204
106787.73,0.508821408,0.5,7111,37,0.16665,33.6875,35.125,37.21,0,0,0.07,0,0,20,0.5,5.5,139,1000,0.1,0.1,0.1,0.1,0.1,0.1,0.5,0,19845,0.037792895,0.014965986,0,0,0,0,0,0,0,0,0,0,5,1.149031625
106847.82,0.531681034,0.5,7111,37,0.18535,33.625,35.125,37.11,0,0,0.07,0,0,20,0.5,5.5,139,1000,0.1,0.1,0.1,0.1,0.1,0.1,0.5,0,21503,0.03673906,0.014602614,0,0,0,0,0,0,0,0,0,0,5,1.223420028
106907.88,0.550633088,0.5,7111,37,0.13905,33.625,35.0625,37.17,0,0,0,0,0,20,0.5,5.5,139,1000,0.1,0.1,0.1,0.1,0.1,0.1,0.5,0,19545,0.038014838,0.015144538,0,0,0,0,0,0,0,0,0,0,5,1.267323839
106967.95,0.5646381,0.5,7111,37,0.3281,33.5625,35,36.95,0,0.02,0.15,0,0,20,0.5,5.5,139,1000,0.1,0.1,0.1,0.1,0.1,0.1,0.5,0,20706,0.037187289,0.01482662,0,0,0,0,0,0,0,0,0,0,0.44,1.267323839
107028,0.513612059,0.5,7111,37,0.417,33.5,35,36.57,0,0.02,0.15,0,0,20,0.5,5.5,139,1000,0.1,0.1,0.1,0.1,0.1,0.1,0.5,0,19645,0.038330364,0.015220158,0,0,0,0,0,0,0,0,0,0,0.44,1.267323839
107088.06,0.476305874,0.5,7111,37,0.63595,33.3125,34.875,35.67,0,0.02,0.15,0,0,20,0.5,5.5,139,1000,0.1,0.1,0.1,0.1,0.1,0.1,0.5,0,18091,0.038693273,0.015256205,0,0,0,0,0,0,0,0,0,0,0.44,1.267323839
107148.13,0.42071652,0.5,7111,37,0.686,33.25,34.875,35.77,0,0,0.07,0,0,20,0.5,5.5,139,1000,0.1,0.1,0.1,0.1,0.1,0.1,0.5,0,18253,0.037582863,0.014956446,0,0,0,0,0,0,0,0,0,0,5,1.267323839
107208.19,0.438293189,0.5,7111,37,0.4222,33.5,34.8125,36.57,0,0,0.25,0,0,20,0.5,5.5,139,1000,0.1,0.1,0.1,0.1,0.1,0.1,0.5,0,18187,0.037829219,0.015230659,0,0,0,0,0,0,0,0,0,0,5,1.267323839
107268.24,0.452562453,0.5,7111,37,0.26965,33.75,34.875,37.33,0,0,0.07,0,0,20,0.5,5.5,139,1000,0.1,0.1,0.1,0.1,0.1,0.1,0.5,0,17522,0.038351786,0.015180915,0,0,0,0,0,0,0,0,0,0,5,1.267323839
107328.3,0.460279122,0.5,7111,37,0.10015,33.875,34.875,37.51,0,0,0.07,0,0,20,0.5,5.5,139,1000,0.1,0.1,0.1,0.1,0.1,0.1,0.5,0,17584,0.03838717,0.015127389,0,0,0,0,0,0,0,0,0,0,5,1.267323839
107388.37,0.470933985,0.5,7111,37,0.13625,33.875,34.9375,37.21,0,0,0.07,0,0,20,0.5,5.5,139,1000,0.1,0.1,0.1,0.1,0.1,0.1,0.5,0,18535,0.03782034,0.015160507,0,0,0,0,0,0,0,0,0,0,5,1.267323839
107448.44,0.481164339,0.5,7111,37,0.19575,33.875,34.9375,37.21,0,0,0.07,0,0,20,0.5,5.5,139,1000,0.1,0.1,0.1,0.1,0.1,0.1,0.5,0,17316,0.039327789,0.015534766,0,0,0,0,0,0,0,0,0,0,5,1.267323839
107508.5,0.48455213,0.5,7111,37,0.1632,33.8125,35,37.33,0,0,0.25,0,0,20,0.5,5.5,139,1000,0.1,0.1,0.1,0.1,0.1,0.1,0.5,0,18267,0.038703673,0.015273444,0,0,0,0,0,0,0,0,0,0,5,1.225006095
107568.55,0.485553705,0.5,7111,37,0.16885,33.75,35,37.19,0,0,0.07,0,0,20,0.5,5.5,139,1000,0.1,0.1,0.1,0.1,0.1,0.1,0.5,0,18706,0.038116112,0.015128836,0,0,0,0,0,0,0,0,0,0,5,1.169950426
107628.63,0.507373264,0.5,7111,37,0.16985,33.6875,35,37.21,0,0,0.07,0,0,20,0.5,5.5,139,1000,0.1,0.1,0.1,0.1,0.1,0.1,0.5,0,20465,0.036892255,0.014952358,0,0,0,0,0,0,0,0,0,0,5,1.243324066
107688.72,0.518716052,0.5,7111,37,0.19715,33.625,35.0625,37.13,0,0,0.07,0,0,20,0.5,5.5,139,1000,0.1,0.1,0.1,0.1,0.1,0.1,0.5,0,19656,0.037952788,0.01510989,0,0,0,0,0,0,0,0,0,0,5,1.247486882
107748.82,0.535437031,0.5,7111,37,0.15435,33.5625,35.0625,37.11,0,0,0,0,0,20,0.5,5.5,139,1000,0.1,0.1,0.1,0.1,0.1,0.1,0.5,0,19328,0.03807947,0.015055877,0,0,0,0,0,0,0,0,0,0,5,1.280292536
107808.86,0.541752074,0.5,7111,37,0.20695,33.5625,35.125,37.05,0,0,0,0,0,20,0.5,5.5,139,1000,0.1,0.1,0.1,0.1,0.1,0.1,0.5,0,20238,0.037800178,0.015070659,0,0,0,0,0,0,0,0,0,0,5,1.251453436
107868.93,0.552489473,0.5,7111,37,0.390175,33.5,35.0625,36.63,0,0.02,0.15,0,0,20,0.5,5.5,139,1000,0.1,0.1,0.1,0.1,0.1,0.1,0.5,0,21292,0.037009205,0.014747323,0,0,0,0,0,0,0,0,0,0,0.44,1.251453436
107929.01,0.525805652,0.5,7111,37,0.489975,33.375,35.0625,36.23,0,0.02,0.15,0,0,20,0.5,5.5,139,1000,0.1,0.1,0.1,0.1,0.1,0.1,0.5,0,20350,0.037297297,0.014889435,0,0,0,0,0,0,0,0,0,0,0.44,1.251453436
107989.1,0.501994889,0.5,7111,37,0.501375,33.375,35.0625,36.29,0,0.02,0.15,0,0,20,0.5,5.5,139,1000,0.1,0.1,0.1,0.1,0.1,0.1,0.5,0,17333,0.040039232,0.015519529,0,0,0,0,0,0,0,0,0,0,0.44,1.251453436
108049.13,0.471007634,0.5,7111,37,0.5529,33.5,35,36.15,0,0.02,0.15,0,0,20,0.5,5.5,139,1000,0.1,0.1,0.1,0.1,0.1,0.1,0.5,0,17725,0.039210155,0.015345557,0,0,0,0,0,0,0,0,0,0,0.44,1.251453436
108109.2,0.444687265,0.5,7111,37,0.4794,33.5,34.875,36.31,0,0,0.25,0,0,20,0.5,5.5,139,1000,0.1,0.1,0.1,0.1,0.1,0.1,0.5,0,17300,0.039075145,0.015491329,0,0,0,0,0,0,0,0,0,0,5,1.251453436
108169.24,0.442353947,0.5,7111,37,0.31485,33.6875,34.875,37.17,0,0,0.07,0,0,20,0.5,5.5,139,1000,0.1,0.1,0.1,0.1,0.1,0.1,0.5,0,17416,0.039044557,0.015273312,0,0,0,0,0,0,0,0,0,0,5,1.251453436
108229.33,0.459368669,0.5,7111,37,0.21435,33.875,34.875,37.45,0,0,0.07,0,0,20,0.5,5.5,139,1000,0.1,0.1,0.1,0.1,0.1,0.1,0.5,0,17778,0.038868264,0.01518731,0,0,0,0,0,0,0,0,0,0,5,1.251453436
108289.4,0.475857902,0.5,7111,37,0.18055,33.875,34.875,37.55,0,0,0.07,0,0,20,0.5,5.5,139,1000,0.1,0.1,0.1,0.1,0.1,0.1,0.5,0,19988,0.037022213,0.014958975,0,0,0,0,0,0,0,0,0,0,5,1.251453436
108349.44,0.478873739,0.5,7111,37,0.10875,33.875,34.8125,37.33,0,0,0.07,0,0,20,0.5,5.5,139,1000,0.1,0.1,0.1,0.1,0.1,0.1,0.5,0,18962,0.037706993,0.015188271,0,0,0,0,0,0,0,0,0,0,5,1.251453436
108409.5,0.499267699,0.5,7111,37,0.2377,33.8125,34.8125,37.05,0,0,0.25,0,0,20,0.5,5.5,139,1000,0.1,0.1,0.1,0.1,0.1,0.1,0.5,0,20307,0.037031565,0.014674743,0,0,0,0,0,0,0,0,0,0,5,1.251453436
108469.54,0.522530729,0.5,7111,37,0.20515,33.6875,34.8125,37.29,0,0,0.07,0,0,20,0.5,5.5,139,1000,0.1,0.1,0.1,0.1,0.1,0.1,0.5,0,18998,0.038109275,0.015212128,0,0,0,0,0,0,0,0,0,0,5,1.325504881
108529.62,0.525651757,0.5,7111,37,0.17735,33.6875,34.875,37.21,0,0,0.07,0,0,20,0.5,5.5,139,1000,0.1,0.1,0.1,0.1,0.1,0.1,0.5,0,18363,0.039100365,0.015356968,0,0,0,0,0,0,0,0,0,0,5,1.277095059
108589.69,0.544379444,0.5,7111,37,0.13505,33.6875,34.9375,37.27,0,0,0.07,0,0,20,0.5,5.5,139,1000,0.1,0.1,0.1,0.1,0.1,0.1,0.5,0,20069,0.037819523,0.014948428,0,0,0,0,0,0,0,0,0,0,5,1.318263034
108649.76,0.531157114,0.5,7111,37,0.17435,33.625,34.9375,37.01,0,0,0.07,0,0,20,0.5,5.5,139,1000,0.1,0.1,0.1,0.1,0.1,0.1,0.5,0,20337,0.03771451,0.014898953,0,0,0,0,0,0,0,0,0,0,5,1.17858393
108709.89,0.542203676,0.5,7111,37,0.18425,33.5625,35,36.93,0,0,0,0,0,20,0.5,5.5,139,1000,0.1,0.1,0.1,0.1,0.1,0.1,0.5,0,19692,0.038492789,0.015082267,0,0,0,0,0,0,0,0,0,0,5,1.181406304
108769.97,0.576530908,0.5,7111,37,0.3365,33.5,35,36.89,0,0.02,0.15,0,0,20,0.5,5.5,139,1000,0.1,0.1,0.1,0.1,0.1,0.1,0.5,0,21018,0.037206204,0.014987154,0,0,0,0,0,0,0,0,0,0,0.44,1.181406304
108830.05,0.523237121,0.5,7111,37,0.515275,33.4375,35.0625,36.09,0,0.02,0.15,0,0,20,0.5,5.5,139,1000,0.1,0.1,0.1,0.1,0.1,0.1,0.5,0,19553,0.038561858,0.015291771,0,0,0,0,0,0,0,0,0,0,0.44,1.181406304
108890.12,0.479735823,0.5,7111,37,0.721275,33.3125,35.0625,35.27,0,0.02,0.15,0,0,20,0.5,5.5,139,1000,0.1,0.1,0.1,0.1,0.1,0.1,0.5,0,18564,0.038677009,0.015244559,0,0,0,0,0,0,0,0,0,0,0.44,1.181406304
108950.2,0.43836105,0.5,7111,37,0.588125,33.3125,35.0625,35.97,0,0,0.07,0,0,20,0.5,5.5,139,1000,0.1,0.1,0.1,0.1,0.1,0.1,0.5,0,18252,0.037913653,0.015121631,0,0,0,0,0,0,0,0,0,0,5,1.181406304
109010.24,0.447928825,0.5,7111,37,0.4322,33.5625,35,36.53,0,0,0.25,0,0,20,0.5,5.5,139,1000,0.1,0.1,0.1,0.1,0.1,0.1,0.5,0,16731,0.040105194,0.015719323,0,0,0,0,0,0,0,0,0,0,5,1.181406304
109070.29,0.46187172,0.5,7111,37,0.24315,33.8125,35,37.27,0,0,0.07,0,0,20,0.5,5.5,139,1000,0.1,0.1,0.1,0.1,0.1,0.1,0.5,0,17475,0.039027182,0.015336195,0,0,0,0,0,0,0,0,0,0,5,1.181406304
109130.37,0.464896968,0.5,7111,37,0.16285,33.875,35.0625,37.61,0,0,0.07,0,0,20,0.5,5.5,139,1000,0.1,0.1,0.1,0.1,0.1,0.1,0.5,0,17820,0.039057239,0.015488215,0,0,0,0,0,0,0,0,0,0,5,1.181406304
109190.43,0.471818114,0.5,7111,37,0.15075,33.9375,35,37.45,0,0,0.07,0,0,20,0.5,5.5,139,1000,0.1,0.1,0.1,0.1,0.1,0.1,0.5,0,20167,0.036693608,0.014727029,0,0,0,0,0,0,0,0,0,0,5,1.181406304
109250.5,0.499073716,0.5,7111,37,0.13575,33.875,34.9375,37.27,0,0,0.07,0,0,20,0.5,5.5,139,1000,0.1,0.1,0.1,0.1,0.1,0.1,0.5,0,18738,0.038211122,0.015049632,0,0,0,0,0,0,0,0,0,0,5,1.181406304
109310.56,0.492962558,0.5,7111,37,0.1989,33.8125,34.875,37.21,0,0,0.25,0,0,20,0.5,5.5,139,1000,0.1,0.1,0.1,0.1,0.1,0.1,0.5,0,18897,0.038683389,0.015505107,0,0,0,0,0,0,0,0,0,0,5,1.085374226
109370.63,0.52448139,0.5,7111,37,0.19575,33.75,34.875,37.37,0,0,0.07,0,0,20,0.5,5.5,139,1000,0.1,0.1,0.1,0.1,0.1,0.1,0.5,0,19971,0.037704672,0.014771419,0,0,0,0,0,0,0,0,0,0,5,1.217035681
109430.69,0.526583569,0.5,7111,37,0.15345,33.6875,34.875,37.27,0,0,0.07,0,0,20,0.5,5.5,139,1000,0.1,0.1,0.1,0.1,0.1,0.1,0.5,0,19712,0.037946429,0.015269886,0,0,0,0,0,0,0,0,0,0,5,1.168184194
109490.73,0.509567147,0.5,7111,37,0.17625,33.6875,34.875,37.17,0,0,0.07,0,0,20,0.5,5.5,139,1000,0.1,0.1,0.1,0.1,0.1,0.1,0.5,0,18144,0.03968254,0.015487213,0,0,0,0,0,0,0,0,0,0,5,1.011229754
109550.8,0.535883786,0.5,7111,37,0.17965,33.625,34.9375,37.09,0,0,0,0,0,20,0.5,5.5,139,1000,0.1,0.1,0.1,0.1,0.1,0.1,0.5,0,20061,0.0379343,0.015253477,0,0,0,0,0,0,0,0,0,0,5,1.111735325
109610.88,0.540538625,0.5,7111,37,0.19015,33.5625,34.9375,37.13,0,0,0,0,0,20,0.5,5.5,139,1000,0.1,0.1,0.1,0.1,0.1,0.1,0.5,0,20549,0.037860723,0.015085892,0,0,0,0,0,0,0,0,0,0,5,1.082094884
109670.95,0.586965272,0.5,7111,37,0.14475,33.5625,34.9375,37.25,0,0,0,0,0,20,0.5,5.5,139,1000,0.1,0.1,0.1,0.1,0.1,0.1,0.5,0,20729,0.037869651,0.015051377,0,0,0,0,0,0,0,0,0,0,0.44,1.082094884
109731.03,0.561757867,0.5,7111,37,0.3219,33.5,35,36.93,0,0.02,0.15,0,0,20,0.5,5.5,139,1000,0.1,0.1,0.1,0.1,0.1,0.1,0.5,0,20227,0.038315123,0.01527661,0,0,0,0,0,0,0,0,0,0,0.44,1.082094884
109791.08,0.505494266,0.5,7111,37,0.5202,33.3125,35,36.09,0,0.02,0.15,0,0,20,0.5,5.5,139,1000,0.1,0.1,0.1,0.1,0.1,0.1,0.5,0,18380,0.039662677,0.015669206,0,0,0,0,0,0,0,0,0,0,0.44,1.082094884
109851.12,0.457708872,0.5,7111,37,0.637575,33.1875,35.0625,35.69,0,0.02,0.15,0,0,20,0.5,5.5,139,1000,0.1,0.1,0.1,0.1,0.1,0.1,0.5,0,19055,0.038625033,0.015061664,0,0,0,0,0,0,0,0,0,0,0.44,1.082094884
109911.16,0.402032324,0.5,7111,37,0.6467,33.1875,35.0625,35.69,0,0,0.25,0,0,20,0.5,5.5,139,1000,0.1,0.1,0.1,0.1,0.1,0.1,0.5,0,17670,0.038370119,0.015110357,0,0,0,0,0,0,0,0,0,0,5,1.082094884
109971.21,0.430777954,0.5,7111,37,0.43845,33.5,35,36.71,0,0,0.07,0,0,20,0.5,5.5,139,1000,0.1,0.1,0.1,0.1,0.1,0.1,0.5,0,18727,0.037646179,0.015111871,0,0,0,0,0,0,0,0,0,0,5,1.082094884
110031.29,0.428786733,0.5,7111,37,0.29225,33.75,35.0625,37.29,0,0,0.07,0,0,20,0.5,5.5,139,1000,0.1,0.1,0.1,0.1,0.1,0.1,0.5,0,17991,0.038296926,0.01528542,0,0,0,0,0,0,0,0,0,0,5,1.082094884
110091.37,0.451566734,0.5,7111,37,0.18755,33.875,35.0625,37.53,0,0,0.07,0,0,20,0.5,5.5,139,1000,0.1,0.1,0.1,0.1,0.1,0.1,0.5,0,18500,0.037783784,0.015027027,0,0,0,0,0,0,0,0,0,0,5,1.082094884
110151.45,0.463183529,0.5,7111,37,0.14015,33.9375,35.0625,37.53,0,0,0.07,0,0,20,0.5,5.5,139,1000,0.1,0.1,0.1,0.1,0.1,0.1,0.5,0,18892,0.037423248,0.014768156,0,0,0,0,0,0,0,0,0,0,5,1.082094884
110211.49,0.467149469,0.5,7111,37,0.1578,33.875,35.0625,37.45,0,0,0.25,0,0,20,0.5,5.5,139,1000,0.1,0.1,0.1,0.1,0.1,0.1,0.5,0,18362,0.03823113,0.015357804,0,0,0,0,0,0,0,0,0,0,5,1.082094884
110271.54,0.471034142,0.5,7111,37,0.10335,33.8125,35,37.43,0,0,0.07,0,0,20,0.5,5.5,139,1000,0.1,0.1,0.1,0.1,0.1,0.1,0.5,0,19928,0.037183862,0.014753111,0,0,0,0,0,0,0,0,0,0,5,1.052834071
110331.57,0.488815869,0.5,7111,37,0.16815,33.8125,34.9375,37.29,0,0,0.07,0,0,20,0.5,5.5,139,1000,0.1,0.1,0.1,0.1,0.1,0.1,0.5,0,20184,0.036811336,0.014813714,0,0,0,0,0,0,0,0,0,0,5,1.11135825
110391.64,0.511651242,0.5,7111,37,0.21625,33.75,34.875,37.21,0,0,0.07,0,0,20,0.5,5.5,139,1000,0.1,0.1,0.1,0.1,0.1,0.1,0.5,0,19939,0.037464266,0.014895431,0,0,0,0,0,0,0,0,0,0,5,1.192762389
110451.68,0.512222144,0.5,7111,37,0.17375,33.6875,34.9375,37.25,0,0,0.07,0,0,20,0.5,5.5,139,1000,0.1,0.1,0.1,0.1,0.1,0.1,0.5,0,19287,0.038160419,0.015139731,0,0,0,0,0,0,0,0,0,0,5,1.136469818
110511.74,0.507596501,0.5,7111,37,0.20035,33.625,34.875,37.19,0,0,0,0,0,20,0.5,5.5,139,1000,0.1,0.1,0.1,0.1,0.1,0.1,0.5,0,19163,0.038668267,0.01513333,0,0,0,0,0,0,0,0,0,0,5,1.052431633
110571.79,0.533355863,0.5,7111,37,0.16815,33.5625,34.8125,37.03,0,0,0,0,0,20,0.5,5.5,139,1000,0.1,0.1,0.1,0.1,0.1,0.1,0.5,0,20257,0.037567261,0.015007158,0,0,0,0,0,0,0,0,0,0,5,1.148316109
110631.86,0.535573204,0.5,7111,37,0.17155,33.5,34.8125,37.17,0,0,0,0,0,20,0.5,5.5,139,1000,0.1,0.1,0.1,0.1,0.1,0.1,0.5,0,19153,0.0384274,0.01508902,0,0,0,0,0,0,0,0,0,0,5,1.10334647
110691.96,0.542377982,0.5,7111,37,0.20245,33.4375,34.8125,36.87,0,0,0,0,0,20,0.5,5.5,139,1000,0.1,0.1,0.1,0.1,0.1,0.1,0.5,0,20407,0.037879159,0.014847846,0,0,0,0,0,0,0,0,0,0,5,1.08605582
110752.03,0.56294839,0.5,7111,37,0.414075,33.4375,34.8125,36.57,0,0.02,0.15,0,0,20,0.5,5.5,139,1000,0.1,0.1,0.1,0.1,0.1,0.1,0.5,0,18904,0.03935675,0.015446466,0,0,0,0,0,0,0,0,0,0,0.44,1.08605582
110812.1,0.532219137,0.5,7111,37,0.586675,33.375,34.8125,35.83,0,0.02,0.25,0,0,20,0.5,5.5,139,1000,0.1,0.1,0.1,0.1,0.1,0.1,0.5,0,19794,0.038243912,0.015206628,0,0,0,0,0,0,0,0,0,0,0.44,1.08605582
110872.17,0.501480835,0.5,7111,37,0.635575,33.3125,34.8125,35.71,0,0.02,0.15,0,0,20,0.5,5.5,139,1000,0.1,0.1,0.1,0.1,0.1,0.1,0.5,0,19114,0.038610443,0.015119807,0,0,0,0,0,0,0,0,0,0,0.44,1.08605582
110932.25,0.446603693,0.5,7111,37,0.607625,33.3125,34.875,36.15,0,0.002471009,0.079884035,0,0,20,0.5,5.5,139,1000,0.1,0.1,0.1,0.1,0.1,0.1,0.5,0,19035,0.037667455,0.015024954,0,0,0,0,0,0,0,0,0,0,0.44,1.08605582
110992.32,0.466767687,0.5,7111,37,0.346850606,33.625,34.875,37.01,0,0.007987884,0.101951535,0,0,20,0.5,5.5,139,1000,0.1,0.1,0.1,0.1,0.1,0.1,0.5,0,18196,0.038689822,0.015278083,0,0,0,0,0,0,0,0,0,0,0.44,1.08605582
111052.38,0.477804513,0.5,7111,37,0.276577454,33.75,34.9375,37.41,0,0.013508615,0.124034458,0,0,20,0.5,5.5,139,1000,0.1,0.1,0.1,0.1,0.1,0.1,0.5,0,18536,0.038249892,0.015051791,0,0,0,0,0,0,0,0,0,0,0.44,1.08605582
111112.47,0.451137835,0.5,7111,37,0.3326,33.75,34.9375,36.89,0,0,0.25,0,0,20,0.5,5.5,139,1000,0.1,0.1,0.1,0.1,0.1,0.1,0.5,0,16865,0.039134302,0.015594426,0,0,0,0,0,0,0,0,0,0,5,1.08605582
111172.51,0.464464587,0.5,7111,37,0.20705,33.875,35,37.35,0,0,0.07,0,0,20,0.5,5.5,139,1000,0.1,0.1,0.1,0.1,0.1,0.1,0.5,0,17846,0.038439987,0.015297546,0,0,0,0,0,0,0,0,0,0,5,1.08605582
111232.6,0.461807806,0.5,7111,37,0.17085,33.9375,35,37.59,0,0,0.07,0,0,20,0.5,5.5,139,1000,0.1,0.1,0.1,0.1,0.1,0.1,0.5,0,19876,0.036727712,0.014640773,0,0,0,0,0,0,0,0,0,0,5,1.08605582
111292.73,0.483745428,0.5,7111,37,0.13555,33.9375,35,37.41,0,0,0.07,0,0,20,0.5,5.5,139,1000,0.1,0.1,0.1,0.1,0.1,0.1,0.5,0,19782,0.037407744,0.014912547,0,0,0,0,0,0,0,0,0,0,5,1.08605582
111352.77,0.488426495,0.5,7111,37,0.14375,33.8125,35.0625,37.29,0,0,0.07,0,0,20,0.5,5.5,139,1000,0.1,0.1,0.1,0.1,0.1,0.1,0.5,0,19847,0.037386003,0.015014864,0,0,0,0,0,0,0,0,0,0,5,1.08605582
111412.81,0.496172301,0.5,7111,37,0.2128,33.8125,35.0625,37.11,0,0,0.25,0,0,20,0.5,5.5,139,1000,0.1,0.1,0.1,0.1,0.1,0.1,0.5,0,19530,0.037839222,0.014951357,0,0,0,0,0,0,0,0,0,0,5,1.08605582
111472.86,0.512417939,0.5,7111,37,0.15285,33.6875,35.0625,37.43,0,0,0.07,0,0,20,0.5,5.5,139,1000,0.1,0.1,0.1,0.1,0.1,0.1,0.5,0,19576,0.037852472,0.015120556,0,0,0,0,0,0,0,0,0,0,5,1.128405025
111532.9,0.499725554,0.5,7111,37,0.12175,33.625,35.0625,37.13,0,0,0.07,0,0,20,0.5,5.5,139,1000,0.1,0.1,0.1,0.1,0.1,0.1,0.5,0,18054,0.039548023,0.015619807,0,0,0,0,0,0,0,0,0,0,5,0.996740202
111592.94,0.517795436,0.5,7111,37,0.14715,33.625,35,37.17,0,0,0.07,0,0,20,0.5,5.5,139,1000,0.1,0.1,0.1,0.1,0.1,0.1,0.5,0,19670,0.037925775,0.014946619,0,0,0,0,0,0,0,0,0,0,5,1.053466782
111652.99,0.540091705,0.5,7111,37,0.21125,33.5625,35.0625,36.93,0,0,0.07,0,0,20,0.5,5.5,139,1000,0.1,0.1,0.1,0.1,0.1,0.1,0.5,0,22168,0.036268495,0.014525442,0,0,0,0,0,0,0,0,0,0,5,1.127269531
111713.03,0.550535039,0.5,7111,37,0.421275,33.5625,35.0625,36.47,0,0.02,0.25,0,0,20,0.5,5.5,139,1000,0.1,0.1,0.1,0.1,0.1,0.1,0.5,0,20310,0.037813885,0.01506647,0,0,0,0,0,0,0,0,0,0,0.44,1.127269531
111773.09,0.51743643,0.5,7111,37,0.399125,33.375,35.0625,36.69,0,0.02,0.15,0,0,20,0.5,5.5,139,1000,0.1,0.1,0.1,0.1,0.1,0.1,0.5,0,18725,0.039092123,0.015273698,0,0,0,0,0,0,0,0,0,0,0.44,1.127269531
111833.17,0.460529836,0.5,7111,37,0.585025,33.25,35,36.05,0,0.02,0.15,0,0,20,0.5,5.5,139,1000,0.1,0.1,0.1,0.1,0.1,0.1,0.5,0,18567,0.038078311,0.015242096,0,0,0,0,0,0,0,0,0,0,0.44,1.127269531
111893.26,0.423348287,0.5,7111,37,0.50345,33.375,34.9375,36.39,0,0,0.07,0,0,20,0.5,5.5,139,1000,0.1,0.1,0.1,0.1,0.1,0.1,0.5,0,17843,0.038894805,0.015300118,0,0,0,0,0,0,0,0,0,0,5,1.127269531
111953.35,0.450994118,0.5,7111,37,0.34165,33.5625,34.875,36.93,0,0,0.07,0,0,20,0.5,5.5,139,1000,0.1,0.1,0.1,0.1,0.1,0.1,0.5,0,18238,0.03821691,0.015133238,0,0,0,0,0,0,0,0,0,0,5,1.127269531
112013.44,0.477579299,0.5,7111,37,0.2092,33.75,34.875,37.29,0,0,0.25,0,0,20,0.5,5.5,139,1000,0.1,0.1,0.1,0.1,0.1,0.1,0.5,0,19309,0.037132943,0.014811746,0,0,0,0,0,0,0,0,0,0,5,1.127269531
112073.5,0.496863191,0.5,7111,37,0.12535,33.8125,34.875,37.35,0,0,0.07,0,0,20,0.5,5.5,139,1000,0.1,0.1,0.1,0.1,0.1,0.1,0.5,0,18486,0.038353348,0.015092502,0,0,0,0,0,0,0,0,0,0,5,1.127269531
112133.57,0.490298646,0.5,7111,37,0.15125,33.8125,34.875,37.51,0,0,0.07,0,0,20,0.5,5.5,139,1000,0.1,0.1,0.1,0.1,0.1,0.1,0.5,0,18239,0.038708263,0.015187236,0,0,0,0,0,0,0,0,0,0,5,1.127269531
112193.64,0.503577,0.5,7111,37,0.13395,33.75,34.875,37.41,0,0,0.07,0,0,20,0.5,5.5,139,1000,0.1,0.1,0.1,0.1,0.1,0.1,0.5,0,19305,0.037917638,0.015177415,0,0,0,0,0,0,0,0,0,0,5,1.127269531
112253.69,0.51452933,0.5,7111,37,0.17085,33.6875,34.875,37.03,0,0,0.07,0,0,20,0.5,5.5,139,1000,0.1,0.1,0.1,0.1,0.1,0.1,0.5,0,18560,0.038900862,0.015301724,0,0,0,0,0,0,0,0,0,0,5,1.13545385
112313.74,0.539069262,0.5,7111,37,0.2182,33.625,34.9375,37.05,0,0,0.25,0,0,20,0.5,5.5,139,1000,0.1,0.1,0.1,0.1,0.1,0.1,0.5,0,20607,0.037268889,0.014800796,0,0,0,0,0,0,0,0,0,0,5,1.218455664
112373.8,0.535074278,0.5,7111,37,0.17505,33.5625,34.9375,37.25,0,0,0.07,0,0,20,0.5,5.5,139,1000,0.1,0.1,0.1,0.1,0.1,0.1,0.5,0,19088,0.038767812,0.015192791,0,0,0,0,0,0,0,0,0,0,5,1.135217413
112433.84,0.524371477,0.5,7111,37,0.13725,33.5625,35,37.27,0,0,0.07,0,0,20,0.5,5.5,139,1000,0.1,0.1,0.1,0.1,0.1,0.1,0.5,0,18326,0.039670414,0.015551675,0,0,0,0,0,0,0,0,0,0,5,1.017840897
112493.89,0.532100581,0.5,7111,37,0.16865,33.5625,35,37.17,0,0,0,0,0,20,0.5,5.5,139,1000,0.1,0.1,0.1,0.1,0.1,0.1,0.5,0,20699,0.037441422,0.014928257,0,0,0,0,0,0,0,0,0,0,5,1.010845378
112553.97,0.562950267,0.5,7111,37,0.15675,33.4375,35.0625,37.05,0,0,0,0,0,20,0.5,5.5,139,1000,0.1,0.1,0.1,0.1,0.1,0.1,0.5,0,20764,0.037757657,0.015074167,0,0,0,0,0,0,0,0,0,0,5,1.129379374
112614.06,0.551365495,0.5,7111,37,0.500575,33.5,35.0625,36.09,0,0.02,0.25,0,0,20,0.5,5.5,139,1000,0.1,0.1,0.1,0.1,0.1,0.1,0.5,0,20563,0.038321257,0.014978359,0,0,0,0,0,0,0,0,0,0,0.44,1.129379374
112674.12,0.498313472,0.5,7111,37,0.548625,33.25,35,35.91,0,0.018968663,0.145874653,0,0,20,0.5,5.5,139,1000,0.1,0.1,0.1,0.1,0.1,0.1,0.5,0,18929,0.038617994,0.015056263,0,0,0,0,0,0,0,0,0,0,0.44,1.129379374
112734.2,0.455343115,0.5,7111,37,0.550539607,33.1875,35,36.09,0,0,0.07,0,0,20,0.5,5.5,139,1000,0.1,0.1,0.1,0.1,0.1,0.1,0.5,0,19570,0.037608585,0.014869699,0,0,0,0,0,0,0,0,0,0,5,1.129379374
112794.25,0.475220546,0.5,7111,37,0.31285,33.4375,35.0625,36.81,0,0,0.07,0,0,20,0.5,5.5,139,1000,0.1,0.1,0.1,0.1,0.1,0.1,0.5,0,19730,0.037151546,0.01495185,0,0,0,0,0,0,0,0,0,0,5,1.129379374
112854.32,0.488734589,0.5,7111,37,0.26575,33.625,35.0625,37.13,0,0,0.07,0,0,20,0.5,5.5,139,1000,0.1,0.1,0.1,0.1,0.1,0.1,0.5,0,18529,0.038426251,0.015111447,0,0,0,0,0,0,0,0,0,0,5,1.129379374
112914.38,0.522792991,0.5,7111,37,0.2309,33.75,35.0625,37.13,0,0,0.25,0,0,20,0.5,5.5,139,1000,0.1,0.1,0.1,0.1,0.1,0.1,0.5,0,19954,0.037536334,0.014784003,0,0,0,0,0,0,0,0,0,0,5,1.129379374
112974.44,0.528020055,0.5,7111,37,0.18655,33.75,35,37.21,0,0,0.07,0,0,20,0.5,5.5,139,1000,0.1,0.1,0.1,0.1,0.1,0.1,0.5,0,20534,0.037255284,0.014756014,0,0,0,0,0,0,0,0,0,0,5,1.129379374
113034.52,0.533281561,0.5,7111,37,0.13835,33.6875,34.9375,37.33,0,0,0.07,0,0,20,0.5,5.5,139,1000,0.1,0.1,0.1,0.1,0.1,0.1,0.5,0,19740,0.037943262,0.014994934,0,0,0,0,0,0,0,0,0,0,5,1.129379374
113094.55,0.529120001,0.5,7111,37,0.18615,33.6875,34.875,37.21,0,0,0.07,0,0,20,0.5,5.5,139,1000,0.1,0.1,0.1,0.1,0.1,0.1,0.5,0,20787,0.037282917,0.015057488,0,0,0,0,0,0,0,0,0,0,5,1.049407535
113154.6,0.535985768,0.5,7111,37,0.15655,33.5625,34.875,37.25,0,0,0.07,0,0,20,0.5,5.5,139,1000,0.1,0.1,0.1,0.1,0.1,0.1,0.5,0,20227,0.03801849,0.014979977,0,0,0,0,0,0,0,0,0,0,5,1.035614232
113214.64,0.576753382,0.5,7111,37,0.2265,33.5625,34.8125,36.97,0,0,0.25,0,0,20,0.5,5.5,139,1000,0.1,0.1,0.1,0.1,0.1,0.1,0.5,0,19967,0.038012721,0.015024791,0,0,0,0,0,0,0,0,0,0,5,1.203754979
113274.68,0.549504019,0.5,7111,37,0.16865,33.5,34.875,37.11,0,0.02,0.15,0,0,20,0.5,5.5,139,1000,0.1,0.1,0.1,0.1,0.1,0.1,0.5,0,19835,0.038316108,0.015376859,0,0,0,0,0,0,0,0,0,0,0.44,1.203754979
113334.73,0.534438202,0.5,7111,37,0.4108,33.4375,34.875,36.57,0,0.02,0.15,0,0,20,0.5,5.5,139,1000,0.1,0.1,0.1,0.1,0.1,0.1,0.5,0,19008,0.039036195,0.015151515,0,0,0,0,0,0,0,0,0,0,0.44,1.203754979
113394.77,0.479086559,0.5,7111,37,0.593,33.25,34.875,36.15,0,0.02,0.15,0,0,20,0.5,5.5,139,1000,0.1,0.1,0.1,0.1,0.1,0.1,0.5,0,19088,0.038139145,0.015088013,0,0,0,0,0,0,0,0,0,0,0.44,1.203754979
113454.86,0.452612515,0.5,7111,37,0.5489,33.375,34.9375,36.39,0,0,0.07,0,0,20,0.5,5.5,139,1000,0.1,0.1,0.1,0.1,0.1,0.1,0.5,0,17798,0.038824587,0.015394988,0,0,0,0,0,0,0,0,0,0,5,1.203754979
113514.91,0.479625637,0.5,7111,37,0.2424,33.625,34.9375,37.21,0,0,0.25,0,0,20,0.5,5.5,139,1000,0.1,0.1,0.1,0.1,0.1,0.1,0.5,0,18211,0.038328483,0.015155675,0,0,0,0,0,0,0,0,0,0,5,1.203754979
113574.97,0.493630608,0.5,7111,37,0.16505,33.8125,35.0625,37.41,0,0,0.07,0,0,20,0.5,5.5,139,1000,0.1,0.1,0.1,0.1,0.1,0.1,0.5,0,18475,0.038700947,0.01526387,0,0,0,0,0,0,0,0,0,0,5,1.203754979
113635.04,0.491602058,0.5,7111,37,0.09325,33.8125,35,37.55,0,0,0.07,0,0,20,0.5,5.5,139,1000,0.1,0.1,0.1,0.1,0.1,0.1,0.5,0,18910,0.038498149,0.015124273,0,0,0,0,0,0,0,0,0,0,5,1.203754979
113695.11,0.503791258,0.5,7111,37,0.12475,33.8125,35,37.33,0,0,0.07,0,0,20,0.5,5.5,139,1000,0.1,0.1,0.1,0.1,0.1,0.1,0.5,0,18255,0.039167351,0.015283484,0,0,0,0,0,0,0,0,0,0,5,1.203754979
113755.21,0.530620048,0.5,7111,37,0.13835,33.75,35.0625,37.33,0,0,0.07,0,0,20,0.5,5.5,139,1000,0.1,0.1,0.1,0.1,0.1,0.1,0.5,0,19426,0.038093277,0.015288788,0,0,0,0,0,0,0,0,0,0,5,1.203754979
113815.26,0.529605428,0.5,7111,37,0.203,33.6875,35.0625,37.13,0,0,0.25,0,0,20,0.5,5.5,139,1000,0.1,0.1,0.1,0.1,0.1,0.1,0.5,0,20109,0.037843752,0.014968422,0,0,0,0,0,0,0,0,0,0,5,1.137825316
113875.31,0.535719238,0.5,7111,37,0.15865,33.6875,35.125,37.21,0,0,0.07,0,0,20,0.5,5.5,139,1000,0.1,0.1,0.1,0.1,0.1,0.1,0.5,0,20456,0.037495111,0.014958936,0,0,0,0,0,0,0,0,0,0,5,1.115367932
113935.4,0.559954932,0.5,7111,37,0.19145,33.625,35,37.17,0,0,0.07,0,0,20,0.5,5.5,139,1000,0.1,0.1,0.1,0.1,0.1,0.1,0.5,0,20797,0.037216906,0.015002164,0,0,0,0,0,0,0,0,0,0,5,1.192337799
113995.44,0.542023397,0.5,7111,37,0.15815,33.5625,35,37.01,0,0.02,0.15,0,0,20,0.5,5.5,139,1000,0.1,0.1,0.1,0.1,0.1,0.1,0.5,0,20230,0.038210578,0.01512605,0,0,0,0,0,0,0,0,0,0,0.44,1.192337799
114055.48,0.531001598,0.5,7111,37,0.41835,33.4375,35,36.61,0,0.02,0.15,0,0,20,0.5,5.5,139,1000,0.1,0.1,0.1,0.1,0.1,0.1,0.5,0,20374,0.037744184,0.015019142,0,0,0,0,0,0,0,0,0,0,0.44,1.192337799
114115.55,0.482406378,0.5,7111,37,0.70875,33.3125,34.875,35.45,0,0.02,0.25,0,0,20,0.5,5.5,139,1000,0.1,0.1,0.1,0.1,0.1,0.1,0.5,0,18062,0.038810763,0.015336065,0,0,0,0,0,0,0,0,0,0,0.44,1.192337799
114175.59,0.425981075,0.5,7111,37,0.5858,33.3125,34.875,36.01,0,0,0.07,0,0,20,0.5,5.5,139,1000,0.1,0.1,0.1,0.1,0.1,0.1,0.5,0,17657,0.038115195,0.015178116,0,0,0,0,0,0,0,0,0,0,5,1.192337799
114235.66,0.446109249,0.5,7111,37,0.37325,33.5625,34.875,36.87,0,0,0.07,0,0,20,0.5,5.5,139,1000,0.1,0.1,0.1,0.1,0.1,0.1,0.5,0,16976,0.039290763,0.015610273,0,0,0,0,0,0,0,0,0,0,5,1.192337799
114295.73,0.448956424,0.5,7111,37,0.25755,33.75,34.8125,37.21,0,0,0.07,0,0,20,0.5,5.5,139,1000,0.1,0.1,0.1,0.1,0.1,0.1,0.5,0,17516,0.038650377,0.015071934,0,0,0,0,0,0,0,0,0,0,5,1.192337799
114355.78,0.479547899,0.5,7111,37,0.16995,33.875,34.875,37.59,0,0,0.07,0,0,20,0.5,5.5,139,1000,0.1,0.1,0.1,0.1,0.1,0.1,0.5,0,17042,0.039666706,0.015549818,0,0,0,0,0,0,0,0,0,0,5,1.192337799
114415.86,0.469821968,0.5,7111,37,0.1944,33.9375,34.875,37.33,0,0,0.25,0,0,20,0.5,5.5,139,1000,0.1,0.1,0.1,0.1,0.1,0.1,0.5,0,17849,0.038713653,0.015182923,0,0,0,0,0,0,0,0,0,0,5,1.192337799
114475.92,0.489547248,0.5,7111,37,0.15765,33.8125,34.875,37.45,0,0,0.07,0,0,20,0.5,5.5,139,1000,0.1,0.1,0.1,0.1,0.1,0.1,0.5,0,19056,0.037888329,0.014903442,0,0,0,0,0,0,0,0,0,0,5,1.192337799
114535.98,0.501474153,0.5,7111,37,0.14265,33.8125,34.9375,37.45,0,0,0.07,0,0,20,0.5,5.5,139,1000,0.1,0.1,0.1,0.1,0.1,0.1,0.5,0,19507,0.037781309,0.015020249,0,0,0,0,0,0,0,0,0,0,5,1.204934166
114596.03,0.496154399,0.5,7111,37,0.19335,33.75,34.9375,37.25,0,0,0.07,0,0,20,0.5,5.5,139,1000,0.1,0.1,0.1,0.1,0.1,0.1,0.5,0,19482,0.03798378,0.014936865,0,0,0,0,0,0,0,0,0,0,5,1.11269276
114656.16,0.52411374,0.5,7111,37,0.14875,33.6875,35,37.33,0,0,0.07,0,0,20,0.5,5.5,139,1000,0.1,0.1,0.1,0.1,0.1,0.1,0.5,0,19219,0.038139341,0.015037203,0,0,0,0,0,0,0,0,0,0,5,1.221522788
114716.24,0.533919814,0.5,7111,37,0.2067,33.625,35,37.09,0,0,0.25,0,0,20,0.5,5.5,139,1000,0.1,0.1,0.1,0.1,0.1,0.1,0.5,0,18659,0.03864087,0.01527413,0,0,0,0,0,0,0,0,0,0,5,1.21605748
114776.29,0.558524419,0.5,7111,37,0.14175,33.625,35.0625,37.01,0,0,0,0,0,20,0.5,5.5,139,1000,0.1,0.1,0.1,0.1,0.1,0.1,0.5,0,19498,0.038568058,0.015129757,0,0,0,0,0,0,0,0,0,0,5,1.290412629
114836.34,0.545704171,0.5,7111,37,0.15485,33.5,35.0625,37.09,0,0.02,0.15,0,0,20,0.5,5.5,139,1000,0.1,0.1,0.1,0.1,0.1,0.1,0.5,0,20124,0.037914927,0.014907573,0,0,0,0,0,0,0,0,0,0,0.44,1.290412629
114896.4,0.477402718,0.5,7111,37,0.597125,33.3125,35.0625,35.97,0,0.015699646,0.132798585,0,0,20,0.5,5.5,139,1000,0.1,0.1,0.1,0.1,0.1,0.1,0.5,0,18405,0.038793806,0.015321923,0,0,0,0,0,0,0,0,0,0,0.44,1.290412629
114956.46,0.443724268,0.5,7111,37,0.585168573,33.3125,35.0625,36.13,0,0,0.07,0,0,20,0.5,5.5,139,1000,0.1,0.1,0.1,0.1,0.1,0.1,0.5,0,18656,0.037735849,0.014954974,0,0,0,0,0,0,0,0,0,0,5,1.290412629
115016.51,0.443511765,0.5,7111,37,0.3794,33.5625,35.0625,36.71,0,0,0.25,0,0,20,0.5,5.5,139,1000,0.1,0.1,0.1,0.1,0.1,0.1,0.5,0,17471,0.038978879,0.015339706,0,0,0,0,0,0,0,0,0,0,5,1.290412629
115076.55,0.458786794,0.5,7111,37,0.23005,33.75,35.0625,37.35,0,0,0.07,0,0,20,0.5,5.5,139,1000,0.1,0.1,0.1,0.1,0.1,0.1,0.5,0,17600,0.038977273,0.015568182,0,0,0,0,0,0,0,0,0,0,5,1.290412629
115136.63,0.494199011,0.5,7111,37,0.16005,33.8125,35.0625,37.63,0,0,0.07,0,0,20,0.5,5.5,139,1000,0.1,0.1,0.1,0.1,0.1,0.1,0.5,0,18501,0.038538457,0.015188368,0,0,0,0,0,0,0,0,0,0,5,1.290412629
115196.68,0.511027494,0.5,7111,37,0.14975,33.875,35.0625,37.41,0,0,0.07,0,0,20,0.5,5.5,139,1000,0.1,0.1,0.1,0.1,0.1,0.1,0.5,0,18373,0.038589234,0.015348609,0,0,0,0,0,0,0,0,0,0,5,1.290412629
115256.75,0.52249413,0.5,7111,37,0.11975,33.875,35,37.41,0,0,0.07,0,0,20,0.5,5.5,139,1000,0.1,0.1,0.1,0.1,0.1,0.1,0.5,0,18925,0.038467635,0.015112285,0,0,0,0,0,0,0,0,0,0,5,1.290412629
115316.83,0.511643695,0.5,7111,37,0.2044,33.75,34.9375,37.17,0,0,0.25,0,0,20,0.5,5.5,139,1000,0.1,0.1,0.1,0.1,0.1,0.1,0.5,0,19202,0.038277263,0.015154671,0,0,0,0,0,0,0,0,0,0,5,1.162936174
115376.87,0.531614686,0.5,7111,37,0.15415,33.6875,34.875,37.35,0,0,0.07,0,0,20,0.5,5.5,139,1000,0.1,0.1,0.1,0.1,0.1,0.1,0.5,0,20815,0.036800384,0.014893106,0,0,0,0,0,0,0,0,0,0,5,1.219660802
115436.91,0.516221846,0.5,7111,37,0.12805,33.625,34.875,37.19,0,0,0.07,0,0,20,0.5,5.5,139,1000,0.1,0.1,0.1,0.1,0.1,0.1,0.5,0,20205,0.037564959,0.015095273,0,0,0,0,0,0,0,0,0,0,5,1.070530727
115496.96,0.541571964,0.5,7111,37,0.13815,33.625,34.8125,36.95,0,0,0.07,0,0,20,0.5,5.5,139,1000,0.1,0.1,0.1,0.1,0.1,0.1,0.5,0,20440,0.037622309,0.014970646,0,0,0,0,0,0,0,0,0,0,5,1.16082223
115557.04,0.551934368,0.5,7111,37,0.20605,33.5625,34.875,37.05,0,0.02,0.15,0,0,20,0.5,5.5,139,1000,0.1,0.1,0.1,0.1,0.1,0.1,0.5,0,18725,0.039626168,0.015487316,0,0,0,0,0,0,0,0,0,0,0.44,1.16082223
115617.11,0.525431525,0.5,7111,37,0.572525,33.375,34.9375,35.91,0,0.02,0.25,0,0,20,0.5,5.5,139,1000,0.1,0.1,0.1,0.1,0.1,0.1,0.5,0,20715,0.037171132,0.014916727,0,0,0,0,0,0,0,0,0,0,0.44,1.16082223
115677.15,0.481286253,0.5,7111,37,0.515775,33.3125,34.9375,36.07,0,0.02,0.15,0,0,20,0.5,5.5,139,1000,0.1,0.1,0.1,0.1,0.1,0.1,0.5,0,18143,0.039078432,0.015432949,0,0,0,0,0,0,0,0,0,0,0.44,1.16082223
115737.22,0.435087476,0.5,7111,37,0.608075,33.375,35,36.21,0,0,0.07,0,0,20,0.5,5.5,139,1000,0.1,0.1,0.1,0.1,0.1,0.1,0.5,0,18450,0.038319783,0.015284553,0,0,0,0,0,0,0,0,0,0,5,1.16082223
115797.28,0.445031048,0.5,7111,37,0.34255,33.5625,35,37.13,0,0,0.07,0,0,20,0.5,5.5,139,1000,0.1,0.1,0.1,0.1,0.1,0.1,0.5,0,19248,0.037250623,0.01475478,0,0,0,0,0,0,0,0,0,0,5,1.16082223
115857.35,0.466531509,0.5,7111,37,0.16555,33.8125,35.0625,37.55,0,0,0.07,0,0,20,0.5,5.5,139,1000,0.1,0.1,0.1,0.1,0.1,0.1,0.5,0,18523,0.038330724,0.015116342,0,0,0,0,0,0,0,0,0,0,5,1.16082223
115917.4,0.463111653,0.5,7111,37,0.2083,33.9375,35.0625,37.29,0,0,0.25,0,0,20,0.5,5.5,139,1000,0.1,0.1,0.1,0.1,0.1,0.1,0.5,0,20605,0.036932783,0.014656637,0,0,0,0,0,0,0,0,0,0,5,1.16082223
115977.44,0.495194629,0.5,7111,37,0.18275,33.875,35.0625,37.43,0,0,0.07,0,0,20,0.5,5.5,139,1000,0.1,0.1,0.1,0.1,0.1,0.1,0.5,0,18419,0.038710028,0.015201694,0,0,0,0,0,0,0,0,0,0,5,1.16082223
116037.5,0.512647424,0.5,7111,37,0.17635,33.875,35.0625,37.45,0,0,0.07,0,0,20,0.5,5.5,139,1000,0.1,0.1,0.1,0.1,0.1,0.1,0.5,0,19491,0.037863629,0.015032579,0,0,0,0,0,0,0,0,0,0,5,1.16082223
116097.56,0.516416275,0.5,7111,37,0.08955,33.8125,35.0625,37.41,0,0,0.07,0,0,20,0.5,5.5,139,1000,0.1,0.1,0.1,0.1,0.1,0.1,0.5,0,19143,0.038551951,0.015305856,0,0,0,0,0,0,0,0,0,0,5,1.124755663
116157.67,0.553684465,0.5,7111,37,0.16645,33.75,35,37.37,0,0,0.07,0,0,20,0.5,5.5,139,1000,0.1,0.1,0.1,0.1,0.1,0.1,0.5,0,20397,0.037309408,0.015002206,0,0,0,0,0,0,0,0,0,0,5,1.277563256
116217.74,0.536043389,0.5,7111,37,0.1996,33.75,35,37.11,0,0,0.25,0,0,20,0.5,5.5,139,1000,0.1,0.1,0.1,0.1,0.1,0.1,0.5,0,20666,0.037597987,0.014806929,0,0,0,0,0,0,0,0,0,0,5,1.116545515
116277.8,0.547849349,0.5,7111,37,0.18205,33.625,35,37.17,0,0,0.07,0,0,20,0.5,5.5,139,1000,0.1,0.1,0.1,0.1,0.1,0.1,0.5,0,20375,0.03803681,0.014969325,0,0,0,0,0,0,0,0,0,0,5,1.126073936
116337.88,0.538627869,0.5,7111,37,0.17635,33.5625,34.875,37.21,0,0,0,0,0,20,0.5,5.5,139,1000,0.1,0.1,0.1,0.1,0.1,0.1,0.5,0,19874,0.038744088,0.015145416,0,0,0,0,0,0,0,0,0,0,5,1.018843989
116397.96,0.564305604,0.5,7111,37,0.13705,33.4375,34.9375,36.93,0,0,0,0,0,20,0.5,5.5,139,1000,0.1,0.1,0.1,0.1,0.1,0.1,0.5,0,21499,0.037304061,0.014698358,0,0,0,0,0,0,0,0,0,0,5,1.107614891
116458.01,0.554263331,0.5,7111,37,0.22355,33.4375,34.875,36.95,0,0.02,0.15,0,0,20,0.5,5.5,139,1000,0.1,0.1,0.1,0.1,0.1,0.1,0.5,0,21570,0.037552156,0.01488178,0,0,0,0,0,0,0,0,0,0,0.44,1.107614891
116518.06,0.509074704,0.5,7111,37,0.56455,33.25,34.875,35.97,0,0.02,0.25,0,0,20,0.5,5.5,139,1000,0.1,0.1,0.1,0.1,0.1,0.1,0.5,0,19421,0.038617991,0.015395706,0,0,0,0,0,0,0,0,0,0,0.44,1.107614891
116578.1,0.480937502,0.5,7111,37,0.5284,33.3125,34.875,36.23,0,0.02,0.15,0,0,20,0.5,5.5,139,1000,0.1,0.1,0.1,0.1,0.1,0.1,0.5,0,19889,0.037910403,0.014932877,0,0,0,0,0,0,0,0,0,0,0.44,1.107614891
116638.14,0.464180366,0.5,7111,37,0.4955,33.375,34.875,36.45,0,0.02,0.15,0,0,20,0.5,5.5,139,1000,0.1,0.1,0.1,0.1,0.1,0.1,0.5,0,19284,0.038010786,0.014986517,0,0,0,0,0,0,0,0,0,0,0.44,1.107614891
116698.25,0.4411505,0.5,7111,37,0.4779,33.5,34.9375,36.57,0,0,0.07,0,0,20,0.5,5.5,139,1000,0.1,0.1,0.1,0.1,0.1,0.1,0.5,0,17775,0.039043601,0.015246132,0,0,0,0,0,0,0,0,0,0,5,1.107614891
116758.32,0.463206627,0.5,7111,37,0.19405,33.75,34.9375,37.17,0,0,0.07,0,0,20,0.5,5.5,139,1000,0.1,0.1,0.1,0.1,0.1,0.1,0.5,0,18450,0.038265583,0.015176152,0,0,0,0,0,0,0,0,0,0,5,1.107614891
116818.36,0.467281936,0.5,7111,37,0.1871,33.8125,35,37.37,0,0,0.25,0,0,20,0.5,5.5,139,1000,0.1,0.1,0.1,0.1,0.1,0.1,0.5,0,18973,0.037737838,0.014915933,0,0,0,0,0,0,0,0,0,0,5,1.107614891
116878.41,0.47135012,0.5,7111,37,0.19215,33.875,35.0625,37.45,0,0,0.07,0,0,20,0.5,5.5,139,1000,0.1,0.1,0.1,0.1,0.1,0.1,0.5,0,19680,0.037296748,0.014837398,0,0,0,0,0,0,0,0,0,0,5,1.107614891
116938.46,0.483696851,0.5,7111,37,0.12685,33.875,35,37.27,0,0,0.07,0,0,20,0.5,5.5,139,1000,0.1,0.1,0.1,0.1,0.1,0.1,0.5,0,20088,0.037335723,0.014884508,0,0,0,0,0,0,0,0,0,0,5,1.107614891
116998.53,0.490870846,0.5,7111,37,0.19695,33.75,35.125,37.43,0,0,0.07,0,0,20,0.5,5.5,139,1000,0.1,0.1,0.1,0.1,0.1,0.1,0.5,0,18766,0.038846851,0.01518704,0,0,0,0,0,0,0,0,0,0,5,1.107614891
117058.6,0.506625871,0.5,7111,37,0.14995,33.75,35.0625,37.25,0,0,0.07,0,0,20,0.5,5.5,139,1000,0.1,0.1,0.1,0.1,0.1,0.1,0.5,0,18694,0.039103456,0.015245533,0,0,0,0,0,0,0,0,0,0,5,1.147009406
117118.65,0.521588046,0.5,7111,37,0.1637,33.6875,35.0625,37.25,0,0,0.25,0,0,20,0.5,5.5,139,1000,0.1,0.1,0.1,0.1,0.1,0.1,0.5,0,20278,0.037626985,0.014794358,0,0,0,0,0,0,0,0,0,0,5,1.176974799
117178.71,0.52668544,0.5,7111,37,0.15995,33.625,35.0625,37.03,0,0,0.07,0,0,20,0.5,5.5,139,1000,0.1,0.1,0.1,0.1,0.1,0.1,0.5,0,19494,0.038575972,0.015389351,0,0,0,0,0,0,0,0,0,0,5,1.14730223
117238.8,0.558158423,0.5,7111,37,0.20515,33.5625,35.0625,37.03,0,0,0.07,0,0,20,0.5,5.5,139,1000,0.1,0.1,0.1,0.1,0.1,0.1,0.5,0,19140,0.03908046,0.015412748,0,0,0,0,0,0,0,0,0,0,5,1.264055174
117298.86,0.533804557,0.5,7111,37,0.16885,33.5,35.0625,37.21,0,0,0,0,0,20,0.5,5.5,139,1000,0.1,0.1,0.1,0.1,0.1,0.1,0.5,0,21054,0.03738007,0.014961528,0,0,0,0,0,0,0,0,0,0,5,1.067013234
117358.94,0.55880252,0.5,7111,37,0.17965,33.5,35,37.01,0,0,0,0,0,20,0.5,5.5,139,1000,0.1,0.1,0.1,0.1,0.1,0.1,0.5,0,19907,0.038830562,0.015321244,0,0,0,0,0,0,0,0,0,0,5,1.150961661
117419.03,0.568286014,0.5,7111,37,0.417825,33.4375,34.9375,36.49,0,0.02,0.25,0,0,20,0.5,5.5,139,1000,0.1,0.1,0.1,0.1,0.1,0.1,0.5,0,19976,0.038996796,0.015268322,0,0,0,0,0,0,0,0,0,0,0.44,1.150961661
117479.08,0.546640846,0.5,7111,37,0.429775,33.25,34.9375,36.57,0,0.02,0.15,0,0,20,0.5,5.5,139,1000,0.1,0.1,0.1,0.1,0.1,0.1,0.5,0,20671,0.037734024,0.014948479,0,0,0,0,0,0,0,0,0,0,0.44,1.150961661
117539.15,0.506410561,0.5,7111,37,0.473175,33.25,34.875,36.49,0,0.02,0.15,0,0,20,0.5,5.5,139,1000,0.1,0.1,0.1,0.1,0.1,0.1,0.5,0,19072,0.038800336,0.015362836,0,0,0,0,0,0,0,0,0,0,0.44,1.150961661
117599.21,0.485760321,0.5,7111,37,0.4742,33.3125,34.8125,36.39,0,0.02,0.15,0,0,20,0.5,5.5,139,1000,0.1,0.1,0.1,0.1,0.1,0.1,0.5,0,18706,0.038704159,0.015182294,0,0,0,0,0,0,0,0,0,0,0.44,1.150961661
117659.25,0.432494075,0.5,7111,37,0.542425,33.3125,34.8125,36.37,0,0,0.07,0,0,20,0.5,5.5,139,1000,0.1,0.1,0.1,0.1,0.1,0.1,0.5,0,18108,0.038491275,0.015407555,0,0,0,0,0,0,0,0,0,0,5,1.150961661
117719.32,0.452701446,0.5,7111,37,0.2283,33.5,34.8125,37.27,0,0,0.25,0,0,20,0.5,5.5,139,1000,0.1,0.1,0.1,0.1,0.1,0.1,0.5,0,19175,0.037340287,0.015071708,0,0,0,0,0,0,0,0,0,0,5,1.150961661
117779.37,0.452575287,0.5,7111,37,0.20835,33.6875,34.6875,37.45,0,0,0.07,0,0,20,0.5,5.5,139,1000,0.1,0.1,0.1,0.1,0.1,0.1,0.5,0,18442,0.038607526,0.015345407,0,0,0,0,0,0,0,0,0,0,5,1.150961661
117839.41,0.474019611,0.5,7111,37,0.10565,33.75,34.75,37.27,0,0,0.07,0,0,20,0.5,5.5,139,1000,0.1,0.1,0.1,0.1,0.1,0.1,0.5,0,19057,0.038043763,0.014955135,0,0,0,0,0,0,0,0,0,0,5,1.150961661
117899.49,0.497041702,0.5,7111,37,0.19245,33.75,34.75,37.17,0,0,0.07,0,0,20,0.5,5.5,139,1000,0.1,0.1,0.1,0.1,0.1,0.1,0.5,0,18680,0.038490364,0.01509636,0,0,0,0,0,0,0,0,0,0,5,1.150961661
117959.54,0.514044424,0.5,7111,37,0.19055,33.75,34.8125,37.17,0,0,0.07,0,0,20,0.5,5.5,139,1000,0.1,0.1,0.1,0.1,0.1,0.1,0.5,0,17861,0.039807402,0.015452662,0,0,0,0,0,0,0,0,0,0,5,1.150961661
118019.61,0.511894689,0.5,7111,37,0.17955,33.6875,34.75,37.27,0,0,0.25,0,0,20,0.5,5.5,139,1000,0.1,0.1,0.1,0.1,0.1,0.1,0.5,0,18226,0.039229672,0.015362669,0,0,0,0,0,0,0,0,0,0,5,1.080841264
118079.67,0.510555683,0.5,7111,37,0.20705,33.625,34.8125,37.05,0,0,0.07,0,0,20,0.5,5.5,139,1000,0.1,0.1,0.1,0.1,0.1,0.1,0.5,0,20466,0.037623375,0.014902766,0,0,0,0,0,0,0,0,0,0,5,1.01894157
118139.72,0.52805829,0.5,7111,37,0.16245,33.625,34.875,37.13,0,0,0.07,0,0,20,0.5,5.5,139,1000,0.1,0.1,0.1,0.1,0.1,0.1,0.5,0,18585,0.040032284,0.015442561,0,0,0,0,0,0,0,0,0,0,5,1.069115397
118199.78,0.55782838,0.5,7111,37,0.17945,33.5625,34.875,37.41,0,0,0.07,0,0,20,0.5,5.5,139,1000,0.1,0.1,0.1,0.1,0.1,0.1,0.5,0,21645,0.037375837,0.014784015,0,0,0,0,0,0,0,0,0,0,5,1.180193655
118259.84,0.560599964,0.5,7111,37,0.19175,33.5625,34.9375,37.11,0,0.02,0.15,0,0,20,0.5,5.5,139,1000,0.1,0.1,0.1,0.1,0.1,0.1,0.5,0,22110,0.036861149,0.014563546,0,0,0,0,0,0,0,0,0,0,0.44,1.180193655
118319.88,0.543721258,0.5,7111,37,0.383275,33.4375,34.9375,36.79,0,0.02,0.25,0,0,20,0.5,5.5,139,1000,0.1,0.1,0.1,0.1,0.1,0.1,0.5,0,19586,0.038496886,0.015112836,0,0,0,0,0,0,0,0,0,0,0.44,1.180193655
118379.93,0.460788382,0.5,7111,37,0.586075,33.3125,34.9375,35.97,0,0.02,0.15,0,0,20,0.5,5.5,139,1000,0.1,0.1,0.1,0.1,0.1,0.1,0.5,0,17915,0.039687413,0.015573542,0,0,0,0,0,0,0,0,0,0,0.44,1.180193655
118440,0.44910967,0.5,7111,37,0.503375,33.375,35,36.41,0,0,0.07,0,0,20,0.5,5.5,139,1000,0.1,0.1,0.1,0.1,0.1,0.1,0.5,0,17371,0.039375971,0.015312878,0,0,0,0,0,0,0,0,0,0,5,1.180193655
118500.04,0.468943071,0.5,7111,37,0.28045,33.625,34.9375,36.97,0,0,0.07,0,0,20,0.5,5.5,139,1000,0.1,0.1,0.1,0.1,0.1,0.1,0.5,0,18425,0.038697422,0.015359566,0,0,0,0,0,0,0,0,0,0,5,1.180193655
118560.09,0.487387528,0.5,7111,37,0.19175,33.75,35,37.27,0,0,0.07,0,0,20,0.5,5.5,139,1000,0.1,0.1,0.1,0.1,0.1,0.1,0.5,0,18607,0.038426399,0.015370559,0,0,0,0,0,0,0,0,0,0,5,1.180193655
118620.14,0.49869043,0.5,7111,37,0.17005,33.8125,35,37.37,0,0,0.25,0,0,20,0.5,5.5,139,1000,0.1,0.1,0.1,0.1,0.1,0.1,0.5,0,19704,0.037809582,0.015123833,0,0,0,0,0,0,0,0,0,0,5,1.180193655
118680.19,0.486796344,0.5,7111,37,0.12005,33.8125,35,37.43,0,0,0.07,0,0,20,0.5,5.5,139,1000,0.1,0.1,0.1,0.1,0.1,0.1,0.5,0,19412,0.038429837,0.014990727,0,0,0,0,0,0,0,0,0,0,5,1.180193655
118740.23,0.519843878,0.5,7111,37,0.15665,33.75,35.0625,37.29,0,0,0.07,0,0,20,0.5,5.5,139,1000,0.1,0.1,0.1,0.1,0.1,0.1,0.5,0,19428,0.038243772,0.015081326,0,0,0,0,0,0,0,0,0,0,5,1.180193655
118800.33,0.530532543,0.5,7111,37,0.17765,33.6875,35.0625,37.37,0,0,0.07,0,0,20,0.5,5.5,139,1000,0.1,0.1,0.1,0.1,0.1,0.1,0.5,0,18594,0.039421319,0.015596429,0,0,0,0,0,0,0,0,0,0,5,1.182242279
118860.38,0.525048452,0.5,7111,37,0.17955,33.625,35,37.19,0,0,0.07,0,0,20,0.5,5.5,139,1000,0.1,0.1,0.1,0.1,0.1,0.1,0.5,0,21349,0.037519322,0.014942152,0,0,0,0,0,0,0,0,0,0,5,1.091957905
118920.45,0.528898527,0.5,7111,37,0.18445,33.625,34.875,37.19,0,0,0.25,0,0,20,0.5,5.5,139,1000,0.1,0.1,0.1,0.1,0.1,0.1,0.5,0,20562,0.038420387,0.014979088,0,0,0,0,0,0,0,0,0,0,5,1.059278144
118980.5,0.529793635,0.5,7111,37,0.16965,33.5625,34.875,36.95,0,0,0.07,0,0,20,0.5,5.5,139,1000,0.1,0.1,0.1,0.1,0.1,0.1,0.5,0,19076,0.039473684,0.015307192,0,0,0,0,0,0,0,0,0,0,5,1.011387151
119040.54,0.548265485,0.5,7111,37,0.14685,33.5,34.8125,37.03,0,0,0,0,0,20,0.5,5.5,139,1000,0.1,0.1,0.1,0.1,0.1,0.1,0.5,0,20553,0.038583175,0.015277575,0,0,0,0,0,0,0,0,0,0,5,1.063633996
119100.58,0.562587034,0.5,7111,37,0.15585,33.4375,34.75,37.05,0,0.02,0.15,0,0,20,0.5,5.5,139,1000,0.1,0.1,0.1,0.1,0.1,0.1,0.5,0,20530,0.038821237,0.015245981,0,0,0,0,0,0,0,0,0,0,0.44,1.063633996
119160.65,0.546427409,0.5,7111,37,0.39635,33.3125,34.8125,36.49,0,0.02,0.15,0,0,20,0.5,5.5,139,1000,0.1,0.1,0.1,0.1,0.1,0.1,0.5,0,21655,0.037404756,0.014961903,0,0,0,0,0,0,0,0,0,0,0.44,1.063633996
119220.73,0.5131016,0.5,7111,37,0.438625,33.3125,34.875,36.57,0,0.02,0.25,0,0,20,0.5,5.5,139,1000,0.1,0.1,0.1,0.1,0.1,0.1,0.5,0,19139,0.039291499,0.015465803,0,0,0,0,0,0,0,0,0,0,0.44,1.063633996
119280.77,0.477879014,0.5,7111,37,0.4547,33.375,34.875,36.41,0,0.02,0.15,0,0,20,0.5,5.5,139,1000,0.1,0.1,0.1,0.1,0.1,0.1,0.5,0,20836,0.037483202,0.014878096,0,0,0,0,0,0,0,0,0,0,0.44,1.063633996
119340.87,0.45557605,0.5,7111,37,0.5113,33.375,34.875,36.29,0,0,0.07,0,0,20,0.5,5.5,139,1000,0.1,0.1,0.1,0.1,0.1,0.1,0.5,0,17685,0.039751202,0.015267176,0,0,0,0,0,0,0,0,0,0,5,1.063633996
119400.96,0.491408088,0.5,7111,37,0.29565,33.5625,34.9375,37.05,0,0,0.07,0,0,20,0.5,5.5,139,1000,0.1,0.1,0.1,0.1,0.1,0.1,0.5,0,17129,0.040749606,0.015645981,0,0,0,0,0,0,0,0,0,0,5,1.063633996
119461,0.490127696,0.5,7111,37,0.17515,33.8125,35,37.43,0,0,0.07,0,0,20,0.5,5.5,139,1000,0.1,0.1,0.1,0.1,0.1,0.1,0.5,0,19336,0.038167149,0.015153082,0,0,0,0,0,0,0,0,0,0,5,1.063633996
119521.05,0.495529418,0.5,7111,37,0.11045,33.875,35,37.35,0,0,0.25,0,0,20,0.5,5.5,139,1000,0.1,0.1,0.1,0.1,0.1,0.1,0.5,0,18910,0.03902697,0.015335801,0,0,0,0,0,0,0,0,0,0,5,1.063633996
119581.09,0.502952807,0.5,7111,37,0.14635,33.8125,35,37.27,0,0,0.07,0,0,20,0.5,5.5,139,1000,0.1,0.1,0.1,0.1,0.1,0.1,0.5,0,19425,0.038404118,0.015289575,0,0,0,0,0,0,0,0,0,0,5,1.063633996
119641.13,0.516668414,0.5,7111,37,0.21945,33.75,35,37.29,0,0,0.07,0,0,20,0.5,5.5,139,1000,0.1,0.1,0.1,0.1,0.1,0.1,0.5,0,20360,0.038064833,0.015127701,0,0,0,0,0,0,0,0,0,0,5,1.063633996
119701.21,0.539164332,0.5,7111,37,0.16395,33.6875,35,37.41,0,0,0.07,0,0,20,0.5,5.5,139,1000,0.1,0.1,0.1,0.1,0.1,0.1,0.5,0,18971,0.03963945,0.015391914,0,0,0,0,0,0,0,0,0,0,5,1.138309609
119761.29,0.55002632,0.5,7111,37,0.13585,33.625,35,37.09,0,0,0.07,0,0,20,0.5,5.5,139,1000,0.1,0.1,0.1,0.1,0.1,0.1,0.5,0,20087,0.038880868,0.01518395,0,0,0,0,0,0,0,0,0,0,5,1.141231303
119821.35,0.558477142,0.5,7111,37,0.17045,33.5625,35,37.05,0,0.02,0.25,0,0,20,0.5,5.5,139,1000,0.1,0.1,0.1,0.1,0.1,0.1,0.5,0,21832,0.037742763,0.01493221,0,0,0,0,0,0,0,0,0,0,0.44,1.141231303
119881.39,0.477804668,0.5,7111,37,0.53635,33.3125,35,36.01,0,0.017029215,0.138116861,0,0,20,0.5,5.5,139,1000,0.1,0.1,0.1,0.1,0.1,0.1,0.5,0,18630,0.039130435,0.015458937,0,0,0,0,0,0,0,0,0,0,0.44,1.141231303
119941.45,0.445545936,0.5,7111,37,0.542160455,33.3125,35,36.21,0,0,0.07,0,0,20,0.5,5.5,139,1000,0.1,0.1,0.1,0.1,0.1,0.1,0.5,0,18766,0.038846851,0.015133753,0,0,0,0,0,0,0,0,0,0,5,1.141231303
120001.52,0.463485306,0.5,7111,37,0.32575,33.5625,34.875,36.87,0,0,0.07,0,0,20,0.5,5.5,139,1000,0.1,0.1,0.1,0.1,0.1,0.1,0.5,0,19213,0.037943059,0.014989851,0,0,0,0,0,0,0,0,0,0,5,1.141231303
120061.57,0.476176359,0.5,7111,37,0.20325,33.6875,34.875,37.21,0,0,0.07,0,0,20,0.5,5.5,139,1000,0.1,0.1,0.1,0.1,0.1,0.1,0.5,0,19059,0.038616926,0.015058503,0,0,0,0,0,0,0,0,0,0,5,1.141231303
120121.65,0.47952676,0.5,7111,37,0.17275,33.6875,34.875,37.21,0,0,0.25,0,0,20,0.5,5.5,139,1000,0.1,0.1,0.1,0.1,0.1,0.1,0.5,0,19208,0.038525614,0.015201999,0,0,0,0,0,0,0,0,0,0,5,1.141231303
120181.72,0.506503461,0.5,7111,37,0.18225,33.75,34.8125,37.27,0,0,0.07,0,0,20,0.5,5.5,139,1000,0.1,0.1,0.1,0.1,0.1,0.1,0.5,0,18517,0.039315224,0.015391262,0,0,0,0,0,0,0,0,0,0,5,1.141231303
120241.78,0.520966747,0.5,7111,37,0.20265,33.75,34.8125,37.21,0,0,0.07,0,0,20,0.5,5.5,139,1000,0.1,0.1,0.1,0.1,0.1,0.1,0.5,0,18350,0.039673025,0.015585831,0,0,0,0,0,0,0,0,0,0,5,1.141231303
120301.82,0.520435639,0.5,7111,37,0.21875,33.6875,34.875,37.19,0,0,0.07,0,0,20,0.5,5.5,139,1000,0.1,0.1,0.1,0.1,0.1,0.1,0.5,0,19030,0.039201261,0.015239096,0,0,0,0,0,0,0,0,0,0,5,1.08110978
120361.87,0.536857366,0.5,7111,37,0.12675,33.75,34.875,37.45,0,0,0.07,0,0,20,0.5,5.5,139,1000,0.1,0.1,0.1,0.1,0.1,0.1,0.5,0,20406,0.038224052,0.015142605,0,0,0,0,0,0,0,0,0,0,5,1.120252947
120421.92,0.556242319,0.5,7111,37,0.16095,33.6875,34.875,37.21,0,0,0.25,0,0,20,0.5,5.5,139,1000,0.1,0.1,0.1,0.1,0.1,0.1,0.5,0,21479,0.03743191,0.014805159,0,0,0,0,0,0,0,0,0,0,5,1.170655033
120481.96,0.54795934,0.5,7111,37,0.20325,33.5625,34.9375,37.25,0,0.02,0.15,0,0,20,0.5,5.5,139,1000,0.1,0.1,0.1,0.1,0.1,0.1,0.5,0,21157,0.03785981,0.014841424,0,0,0,0,0,0,0,0,0,0,0.44,1.170655033
120542,0.536755588,0.5,7111,37,0.394675,33.4375,34.9375,36.65,0,0.02,0.15,0,0,20,0.5,5.5,139,1000,0.1,0.1,0.1,0.1,0.1,0.1,0.5,0,19529,0.039428542,0.01536177,0,0,0,0,0,0,0,0,0,0,0.44,1.170655033
120602.07,0.486131718,0.5,7111,37,0.535075,33.3125,35,35.99,0,0.02,0.15,0,0,20,0.5,5.5,139,1000,0.1,0.1,0.1,0.1,0.1,0.1,0.5,0,18207,0.040149393,0.015433624,0,0,0,0,0,0,0,0,0,0,0.44,1.170655033
120662.15,0.447068888,0.5,7111,37,0.50825,33.375,35,36.45,0,0,0.07,0,0,20,0.5,5.5,139,1000,0.1,0.1,0.1,0.1,0.1,0.1,0.5,0,17482,0.040098387,0.015730466,0,0,0,0,0,0,0,0,0,0,5,1.170655033
120722.22,0.454810492,0.5,7111,37,0.28455,33.625,35,37.19,0,0,0.25,0,0,20,0.5,5.5,139,1000,0.1,0.1,0.1,0.1,0.1,0.1,0.5,0,18921,0.038740024,0.015221183,0,0,0,0,0,0,0,0,0,0,5,1.170655033
120782.3,0.48797757,0.5,7111,37,0.18845,33.75,35,37.35,0,0,0.07,0,0,20,0.5,5.5,139,1000,0.1,0.1,0.1,0.1,0.1,0.1,0.5,0,19588,0.0383398,0.015111293,0,0,0,0,0,0,0,0,0,0,5,1.170655033
120842.33,0.486105183,0.5,7111,37,0.15965,33.8125,35,37.51,0,0,0.07,0,0,20,0.5,5.5,139,1000,0.1,0.1,0.1,0.1,0.1,0.1,0.5,0,19184,0.039042952,0.015168891,0,0,0,0,0,0,0,0,0,0,5,1.170655033
120902.43,0.517273724,0.5,7111,37,0.16795,33.8125,35.0625,37.21,0,0,0.07,0,0,20,0.5,5.5,139,1000,0.1,0.1,0.1,0.1,0.1,0.1,0.5,0,19679,0.038264139,0.015193861,0,0,0,0,0,0,0,0,0,0,5,1.170655033
120962.49,0.515396084,0.5,7111,37,0.15065,33.75,35.0625,37.35,0,0,0.07,0,0,20,0.5,5.5,139,1000,0.1,0.1,0.1,0.1,0.1,0.1,0.5,0,19893,0.038707083,0.015281757,0,0,0,0,0,0,0,0,0,0,5,1.170655033
121022.55,0.525810738,0.5,7111,37,0.16345,33.75,35.0625,37.05,0,0,0.25,0,0,20,0.5,5.5,139,1000,0.1,0.1,0.1,0.1,0.1,0.1,0.5,0,18982,0.03966916,0.01559372,0,0,0,0,0,0,0,0,0,0,5,1.172139181
121082.58,0.537520531,0.5,7111,37,0.18535,33.625,35,37.17,0,0,0.07,0,0,20,0.5,5.5,139,1000,0.1,0.1,0.1,0.1,0.1,0.1,0.5,0,20336,0.038503147,0.015047207,0,0,0,0,0,0,0,0,0,0,5,1.17960909
121142.68,0.557367213,0.5,7111,37,0.12725,33.5625,34.9375,37.13,0,0,0.07,0,0,20,0.5,5.5,139,1000,0.1,0.1,0.1,0.1,0.1,0.1,0.5,0,20096,0.038863455,0.015326433,0,0,0,0,0,0,0,0,0,0,5,1.229400639
121202.73,0.56224968,0.5,7111,37,0.15335,33.5,34.875,37.05,0,0.02,0.15,0,0,20,0.5,5.5,139,1000,0.1,0.1,0.1,0.1,0.1,0.1,0.5,0,20393,0.03864071,0.015201295,0,0,0,0,0,0,0,0,0,0,0.44,1.229400639
121262.79,0.530668666,0.5,7111,37,0.3867,33.4375,34.8125,36.53,0,0.02,0.15,0,0,20,0.5,5.5,139,1000,0.1,0.1,0.1,0.1,0.1,0.1,0.5,0,21148,0.037923208,0.01484774,0,0,0,0,0,0,0,0,0,0,0.44,1.229400639
121322.84,0.490025181,0.5,7111,37,0.555425,33.25,34.8125,35.99,0,0.02,0.25,0,0,20,0.5,5.5,139,1000,0.1,0.1,0.1,0.1,0.1,0.1,0.5,0,17738,0.040421694,0.015841696,0,0,0,0,0,0,0,0,0,0,0.44,1.229400639
121382.88,0.45275564,0.5,7111,37,0.512025,33.3125,34.8125,36.23,0,0,0.07,0,0,20,0.5,5.5,139,1000,0.1,0.1,0.1,0.1,0.1,0.1,0.5,0,18053,0.039439428,0.015454495,0,0,0,0,0,0,0,0,0,0,5,1.229400639
121442.97,0.473480825,0.5,7111,37,0.25025,33.5,34.8125,36.89,0,0,0.07,0,0,20,0.5,5.5,139,1000,0.1,0.1,0.1,0.1,0.1,0.1,0.5,0,18423,0.039298703,0.015252673,0,0,0,0,0,0,0,0,0,0,5,1.229400639
121503.07,0.51456017,0.5,7111,37,0.24575,33.6875,34.9375,37.21,0,0,0.07,0,0,20,0.5,5.5,139,1000,0.1,0.1,0.1,0.1,0.1,0.1,0.5,0,17990,0.039799889,0.015564202,0,0,0,0,0,0,0,0,0,0,5,1.229400639
121563.11,0.490886671,0.5,7111,37,0.13575,33.6875,34.875,37.33,0,0,0.07,0,0,20,0.5,5.5,139,1000,0.1,0.1,0.1,0.1,0.1,0.1,0.5,0,19266,0.038669158,0.015052424,0,0,0,0,0,0,0,0,0,0,5,1.229400639
121623.18,0.50671697,0.5,7111,37,0.19145,33.75,34.9375,37.17,0,0,0.25,0,0,20,0.5,5.5,139,1000,0.1,0.1,0.1,0.1,0.1,0.1,0.5,0,17565,0.040649018,0.01588386,0,0,0,0,0,0,0,0,0,0,5,1.229400639
121683.23,0.522341617,0.5,7111,37,0.16335,33.6875,35,37.17,0,0,0.07,0,0,20,0.5,5.5,139,1000,0.1,0.1,0.1,0.1,0.1,0.1,0.5,0,19516,0.038942406,0.015218282,0,0,0,0,0,0,0,0,0,0,5,1.229400639
121743.31,0.533861008,0.5,7111,37,0.16225,33.6875,35,37.13,0,0,0.07,0,0,20,0.5,5.5,139,1000,0.1,0.1,0.1,0.1,0.1,0.1,0.5,0,19937,0.038772132,0.015298189,0,0,0,0,0,0,0,0,0,0,5,1.233371731
121803.35,0.537644504,0.5,7111,37,0.18445,33.625,35.0625,37.21,0,0,0.07,0,0,20,0.5,5.5,139,1000,0.1,0.1,0.1,0.1,0.1,0.1,0.5,0,20709,0.038340818,0.015017625,0,0,0,0,0,0,0,0,0,0,5,1.192889291
121863.4,0.556291819,0.5,7111,37,0.20875,33.625,35,37.03,0,0,0.07,0,0,20,0.5,5.5,139,1000,0.1,0.1,0.1,0.1,0.1,0.1,0.5,0,19350,0.039741602,0.015348837,0,0,0,0,0,0,0,0,0,0,5,1.235531151
121923.44,0.561175728,0.5,7111,37,0.21725,33.5,35,37.25,0,0.02,0.25,0,0,20,0.5,5.5,139,1000,0.1,0.1,0.1,0.1,0.1,0.1,0.5,0,18429,0.040696728,0.015573281,0,0,0,0,0,0,0,0,0,0,0.44,1.235531151
121983.49,0.495276244,0.5,7111,37,0.52165,33.3125,35,36.21,0,0.019568958,0.148275832,0,0,20,0.5,5.5,139,1000,0.1,0.1,0.1,0.1,0.1,0.1,0.5,0,18040,0.040631929,0.015742794,0,0,0,0,0,0,0,0,0,0,0.44,1.235531151
122043.53,0.450126785,0.5,7111,37,0.574018515,33.25,35.0625,36.15,0,0,0.07,0,0,20,0.5,5.5,139,1000,0.1,0.1,0.1,0.1,0.1,0.1,0.5,0,17482,0.040269992,0.015444457,0,0,0,0,0,0,0,0,0,0,5,1.235531151
122103.61,0.475210466,0.5,7111,37,0.32875,33.5,35,36.63,0,0,0.07,0,0,20,0.5,5.5,139,1000,0.1,0.1,0.1,0.1,0.1,0.1,0.5,0,17910,0.039977666,0.015522055,0,0,0,0,0,0,0,0,0,0,5,1.235531151
122163.69,0.466196421,0.5,7111,37,0.25775,33.6875,34.9375,37.17,0,0,0.07,0,0,20,0.5,5.5,139,1000,0.1,0.1,0.1,0.1,0.1,0.1,0.5,0,19600,0.038265306,0.015102041,0,0,0,0,0,0,0,0,0,0,5,1.235531151
122223.74,0.512117207,0.5,7111,37,0.15365,33.8125,34.875,37.21,0,0,0.25,0,0,20,0.5,5.5,139,1000,0.1,0.1,0.1,0.1,0.1,0.1,0.5,0,18790,0.03948909,0.015433741,0,0,0,0,0,0,0,0,0,0,5,1.235531151
122283.79,0.510882805,0.5,7111,37,0.17575,33.75,34.875,37.29,0,0,0.07,0,0,20,0.5,5.5,139,1000,0.1,0.1,0.1,0.1,0.1,0.1,0.5,0,19130,0.038839519,0.015316257,0,0,0,0,0,0,0,0,0,0,5,1.235531151
122343.87,0.522579961,0.5,7111,37,0.20325,33.6875,34.8125,37.21,0,0,0.07,0,0,20,0.5,5.5,139,1000,0.1,0.1,0.1,0.1,0.1,0.1,0.5,0,20896,0.037662711,0.014787519,0,0,0,0,0,0,0,0,0,0,5,1.235531151
122403.91,0.524349716,0.5,7111,37,0.17515,33.625,34.8125,37.33,0,0,0.07,0,0,20,0.5,5.5,139,1000,0.1,0.1,0.1,0.1,0.1,0.1,0.5,0,19611,0.039161695,0.015195554,0,0,0,0,0,0,0,0,0,0,5,1.183897144
122463.96,0.540227374,0.5,7111,37,0.11525,33.625,34.875,37.27,0,0,0.07,0,0,20,0.5,5.5,139,1000,0.1,0.1,0.1,0.1,0.1,0.1,0.5,0,20101,0.03880404,0.015223123,0,0,0,0,0,0,0,0,0,0,5,1.214196056
122524.03,0.558770665,0.5,7111,37,0.21925,33.625,34.875,37.17,0,0.02,0.25,0,0,20,0.5,5.5,139,1000,0.1,0.1,0.1,0.1,0.1,0.1,0.5,0,20634,0.038528642,0.015266066,0,0,0,0,0,0,0,0,0,0,0.44,1.214196056
122584.06,0.518420307,0.5,7111,37,0.4228,33.4375,34.875,36.63,0,0.02,0.15,0,0,20,0.5,5.5,139,1000,0.1,0.1,0.1,0.1,0.1,0.1,0.5,0,19080,0.039779874,0.015356394,0,0,0,0,0,0,0,0,0,0,0.44,1.214196056
122644.12,0.477128733,0.5,7111,37,0.4798,33.4375,35,36.37,0,0.02,0.15,0,0,20,0.5,5.5,139,1000,0.1,0.1,0.1,0.1,0.1,0.1,0.5,0,18870,0.039533651,0.015474298,0,0,0,0,0,0,0,0,0,0,0.44,1.214196056
122704.16,0.431846143,0.5,7111,37,0.59485,33.375,35,36.17,0,0,0.07,0,0,20,0.5,5.5,139,1000,0.1,0.1,0.1,0.1,0.1,0.1,0.5,0,18583,0.03896034,0.01517516,0,0,0,0,0,0,0,0,0,0,5,1.214196056
122764.23,0.452937332,0.5,7111,37,0.36545,33.625,35,37.01,0,0,0.07,0,0,20,0.5,5.5,139,1000,0.1,0.1,0.1,0.1,0.1,0.1,0.5,0,17834,0.039587305,0.015588202,0,0,0,0,0,0,0,0,0,0,5,1.214196056
122824.26,0.462724628,0.5,7111,37,0.25765,33.75,35.0625,37.29,0,0,0.25,0,0,20,0.5,5.5,139,1000,0.1,0.1,0.1,0.1,0.1,0.1,0.5,0,18092,0.03952023,0.015642273,0,0,0,0,0,0,0,0,0,0,5,1.214196056
122884.31,0.462112162,0.5,7111,37,0.15205,33.875,35.0625,37.25,0,0,0.07,0,0,20,0.5,5.5,139,1000,0.1,0.1,0.1,0.1,0.1,0.1,0.5,0,20132,0.037601828,0.014901649,0,0,0,0,0,0,0,0,0,0,5,1.214196056
122944.35,0.485919173,0.5,7111,37,0.16325,33.875,35.0625,37.61,0,0,0.07,0,0,20,0.5,5.5,139,1000,0.1,0.1,0.1,0.1,0.1,0.1,0.5,0,17367,0.040479069,0.015777048,0,0,0,0,0,0,0,0,0,0,5,1.214196056
123004.42,0.488027923,0.5,7111,37,0.14945,33.8125,35.0625,37.35,0,0,0.07,0,0,20,0.5,5.5,139,1000,0.1,0.1,0.1,0.1,0.1,0.1,0.5,0,19607,0.038710665,0.015198654,0,0,0,0,0,0,0,0,0,0,5,1.214196056
123064.53,0.53058793,0.5,7111,37,0.12155,33.8125,35,37.25,0,0,0.07,0,0,20,0.5,5.5,139,1000,0.1,0.1,0.1,0.1,0.1,0.1,0.5,0,18666,0.039965713,0.015696989,0,0,0,0,0,0,0,0,0,0,5,1.404325465
123124.63,0.517111433,0.5,7111,37,0.19345,33.75,35,37.19,0,0,0.25,0,0,20,0.5,5.5,139,1000,0.1,0.1,0.1,0.1,0.1,0.1,0.5,0,18939,0.039759227,0.015576324,0,0,0,0,0,0,0,0,0,0,5,1.256927278
123184.69,0.541017962,0.5,7111,37,0.17625,33.6875,35.0625,37.09,0,0,0.07,0,0,20,0.5,5.5,139,1000,0.1,0.1,0.1,0.1,0.1,0.1,0.5,0,19170,0.039071466,0.015336463,0,0,0,0,0,0,0,0,0,0,5,1.329663188
123244.77,0.528720665,0.5,7111,37,0.19675,33.5625,35.0625,37.25,0,0,0.07,0,0,20,0.5,5.5,139,1000,0.1,0.1,0.1,0.1,0.1,0.1,0.5,0,18969,0.040118087,0.01555169,0,0,0,0,0,0,0,0,0,0,5,1.194203337
123304.82,0.553460904,0.5,7111,37,0.20815,33.5625,35.0625,37.17,0,0,0,0,0,20,0.5,5.5,139,1000,0.1,0.1,0.1,0.1,0.1,0.1,0.5,0,18943,0.040384311,0.015573035,0,0,0,0,0,0,0,0,0,0,5,1.271685765
123364.87,0.564855716,0.5,7111,37,0.16245,33.5,34.9375,37.17,0,0.02,0.15,0,0,20,0.5,5.5,139,1000,0.1,0.1,0.1,0.1,0.1,0.1,0.5,0,19187,0.040444051,0.015583468,0,0,0,0,0,0,0,0,0,0,0.44,1.271685765
123424.93,0.529989568,0.5,7111,37,0.410175,33.375,34.9375,36.49,0,0.02,0.25,0,0,20,0.5,5.5,139,1000,0.1,0.1,0.1,0.1,0.1,0.1,0.5,0,19997,0.039305896,0.015252288,0,0,0,0,0,0,0,0,0,0,0.44,1.271685765
123484.99,0.47854862,0.5,7111,37,0.572375,33.25,34.8125,35.97,0,0.02,0.15,0,0,20,0.5,5.5,139,1000,0.1,0.1,0.1,0.1,0.1,0.1,0.5,0,18508,0.039766587,0.0156689,0,0,0,0,0,0,0,0,0,0,0.44,1.271685765
123545.08,0.447390838,0.5,7111,37,0.517925,33.3125,34.8125,36.07,0,0,0.07,0,0,20,0.5,5.5,139,1000,0.1,0.1,0.1,0.1,0.1,0.1,0.5,0,18974,0.03889533,0.015178666,0,0,0,0,0,0,0,0,0,0,5,1.271685765
123605.16,0.482684589,0.5,7111,37,0.30195,33.5,34.8125,36.95,0,0,0.07,0,0,20,0.5,5.5,139,1000,0.1,0.1,0.1,0.1,0.1,0.1,0.5,0,18795,0.038999734,0.015270019,0,0,0,0,0,0,0,0,0,0,5,1.271685765
123665.24,0.499063115,0.5,7111,37,0.22005,33.8125,34.8125,37.25,0,0,0.07,0,0,20,0.5,5.5,139,1000,0.1,0.1,0.1,0.1,0.1,0.1,0.5,0,19818,0.037894843,0.015036835,0,0,0,0,0,0,0,0,0,0,5,1.271685765
123725.31,0.503345534,0.5,7111,37,0.12065,33.875,34.875,37.55,0,0,0.25,0,0,20,0.5,5.5,139,1000,0.1,0.1,0.1,0.1,0.1,0.1,0.5,0,17653,0.040616326,0.015861327,0,0,0,0,0,0,0,0,0,0,5,1.271685765
123785.35,0.508237866,0.5,7111,37,0.17685,33.8125,34.875,37.35,0,0,0.07,0,0,20,0.5,5.5,139,1000,0.1,0.1,0.1,0.1,0.1,0.1,0.5,0,19445,0.038981743,0.015273849,0,0,0,0,0,0,0,0,0,0,5,1.271685765
123845.4,0.498134227,0.5,7111,37,0.16255,33.75,34.9375,37.37,0,0,0.07,0,0,20,0.5,5.5,139,1000,0.1,0.1,0.1,0.1,0.1,0.1,0.5,0,18548,0.040166056,0.015635109,0,0,0,0,0,0,0,0,0,0,5,1.271685765
123905.47,0.526318856,0.5,7111,37,0.14585,33.75,34.9375,37.19,0,0,0.07,0,0,20,0.5,5.5,139,1000,0.1,0.1,0.1,0.1,0.1,0.1,0.5,0,18796,0.039848904,0.015375612,0,0,0,0,0,0,0,0,0,0,5,1.373214413
123965.52,0.533994723,0.5,7111,37,0.16155,33.6875,35,37.33,0,0,0.07,0,0,20,0.5,5.5,139,1000,0.1,0.1,0.1,0.1,0.1,0.1,0.5,0,19140,0.039916405,0.015569488,0,0,0,0,0,0,0,0,0,0,5,1.347989908
124025.57,0.541371133,0.5,7111,37,0.17375,33.5625,35,37.19,0,0,0.25,0,0,20,0.5,5.5,139,1000,0.1,0.1,0.1,0.1,0.1,0.1,0.5,0,18768,0.040441176,0.015771526,0,0,0,0,0,0,0,0,0,0,5,1.32174771
124085.6,0.563693164,0.5,7111,37,0.19575,33.5625,35,37.09,0,0.02,0.15,0,0,20,0.5,5.5,139,1000,0.1,0.1,0.1,0.1,0.1,0.1,0.5,0,20143,0.03912029,0.015340317,0,0,0,0,0,0,0,0,0,0,0.44,1.32174771
124145.68,0.535863867,0.5,7111,37,0.36985,33.4375,35,36.73,0,0.02,0.15,0,0,20,0.5,5.5,139,1000,0.1,0.1,0.1,0.1,0.1,0.1,0.5,0,19192,0.039964569,0.015579408,0,0,0,0,0,0,0,0,0,0,0.44,1.32174771
124205.74,0.470189717,0.5,7111,37,0.63825,33.25,35.0625,35.75,0,0.02,0.15,0,0,20,0.5,5.5,139,1000,0.1,0.1,0.1,0.1,0.1,0.1,0.5,0,17878,0.039881419,0.015605772,0,0,0,0,0,0,0,0,0,0,0.44,1.32174771
124265.82,0.414263315,0.5,7111,37,0.646325,33.3125,35.0625,35.81,0,0,0.07,0,0,20,0.5,5.5,139,1000,0.1,0.1,0.1,0.1,0.1,0.1,0.5,0,17117,0.040018695,0.015773792,0,0,0,0,0,0,0,0,0,0,5,1.32174771
124325.89,0.425148629,0.5,7111,37,0.33695,33.5625,35.0625,36.77,0,0,0.25,0,0,20,0.5,5.5,139,1000,0.1,0.1,0.1,0.1,0.1,0.1,0.5,0,17800,0.039382022,0.015280899,0,0,0,0,0,0,0,0,0,0,5,1.32174771
124385.93,0.442446912,0.5,7111,37,0.22975,33.8125,35,37.53,0,0,0.07,0,0,20,0.5,5.5,139,1000,0.1,0.1,0.1,0.1,0.1,0.1,0.5,0,17572,0.040348281,0.015763715,0,0,0,0,0,0,0,0,0,0,5,1.32174771
124446,0.459464484,0.5,7111,37,0.13085,33.875,34.9375,37.63,0,0,0.07,0,0,20,0.5,5.5,139,1000,0.1,0.1,0.1,0.1,0.1,0.1,0.5,0,18541,0.038778922,0.015047732,0,0,0,0,0,0,0,0,0,0,5,1.32174771
124506.08,0.46670685,0.5,7111,37,0.13315,33.875,34.875,37.43,0,0,0.07,0,0,20,0.5,5.5,139,1000,0.1,0.1,0.1,0.1,0.1,0.1,0.5,0,16592,0.041284957,0.016031823,0,0,0,0,0,0,0,0,0,0,5,1.32174771
124566.13,0.470366207,0.5,7111,37,0.15465,33.875,34.875,37.37,0,0,0.07,0,0,20,0.5,5.5,139,1000,0.1,0.1,0.1,0.1,0.1,0.1,0.5,0,19378,0.038806894,0.015068635,0,0,0,0,0,0,0,0,0,0,5,1.32174771
124626.17,0.487268325,0.5,7111,37,0.20385,33.75,34.8125,37.41,0,0,0.25,0,0,20,0.5,5.5,139,1000,0.1,0.1,0.1,0.1,0.1,0.1,0.5,0,17493,0.040530498,0.015834905,0,0,0,0,0,0,0,0,0,0,5,1.3615705
124686.23,0.503199989,0.5,7111,37,0.18365,33.6875,34.8125,37.21,0,0,0.07,0,0,20,0.5,5.5,139,1000,0.1,0.1,0.1,0.1,0.1,0.1,0.5,0,18769,0.03974639,0.015664127,0,0,0,0,0,0,0,0,0,0,5,1.390010184
124746.27,0.50766918,0.5,7111,37,0.17255,33.625,34.8125,37.25,0,0,0.07,0,0,20,0.5,5.5,139,1000,0.1,0.1,0.1,0.1,0.1,0.1,0.5,0,18196,0.040558364,0.015497912,0,0,0,0,0,0,0,0,0,0,5,1.34703667
124806.34,0.528639361,0.5,7111,37,0.19865,33.5,34.75,37.17,0,0,0.07,0,0,20,0.5,5.5,139,1000,0.1,0.1,0.1,0.1,0.1,0.1,0.5,0,20905,0.038124851,0.014924659,0,0,0,0,0,0,0,0,0,0,5,1.401114177
124866.42,0.532354524,0.5,7111,37,0.15175,33.4375,34.75,36.95,0,0,0,0,0,20,0.5,5.5,139,1000,0.1,0.1,0.1,0.1,0.1,0.1,0.5,0,19376,0.039688274,0.015431462,0,0,0,0,0,0,0,0,0,0,5,1.352068079
124926.58,0.531981405,0.5,7111,37,0.21315,33.4375,34.75,37.03,0,0,0,0,0,20,0.5,5.5,139,1000,0.1,0.1,0.1,0.1,0.1,0.1,0.5,0,21386,0.038155803,0.015150098,0,0,0,0,0,0,0,0,0,0,5,1.282361285
124986.65,0.539794778,0.5,7111,37,0.17185,33.4375,34.6875,36.85,0,0,0,0,0,20,0.5,5.5,139,1000,0.1,0.1,0.1,0.1,0.1,0.1,0.5,0,18970,0.040590406,0.01555087,0,0,0,0,0,0,0,0,0,0,5,1.261984696
125046.76,0.554526991,0.5,7111,37,0.20625,33.375,34.625,36.95,0,0,0,0,0,20,0.5,5.5,139,1000,0.1,0.1,0.1,0.1,0.1,0.1,0.5,0,21204,0.038530466,0.015044331,0,0,0,0,0,0,0,0,0,0,5,1.279664826
125106.82,0.571802195,0.5,7111,37,0.20945,33.3125,34.6875,37.05,0,0.02,0.15,0,0,20,0.5,5.5,139,1000,0.1,0.1,0.1,0.1,0.1,0.1,0.5,0,19919,0.039510016,0.01526181,0,0,0,0,0,0,0,0,0,0,0.44,1.279664826
125166.92,0.49136632,0.5,7111,37,0.598775,33.125,34.75,35.91,0,0.02,0.15,0,0,20,0.5,5.5,139,1000,0.1,0.1,0.1,0.1,0.1,0.1,0.5,0,19953,0.038941513,0.01533604,0,0,0,0,0,0,0,0,0,0,0.44,1.279664826
125227,0.45909787,0.5,7111,37,0.6949,33.0625,34.8125,35.51,0,0,0.25,0,0,20,0.5,5.5,139,1000,0.1,0.1,0.1,0.1,0.1,0.1,0.5,0,17586,0.040259297,0.015580575,0,0,0,0,0,0,0,0,0,0,5,1.279664826
125287.04,0.458106673,0.5,7111,37,0.4406,33.3125,34.8125,36.29,0,0,0.07,0,0,20,0.5,5.5,139,1000,0.1,0.1,0.1,0.1,0.1,0.1,0.5,0,17942,0.040185041,0.015494371,0,0,0,0,0,0,0,0,0,0,5,1.279664826
125347.11,0.475152808,0.5,7111,37,0.3151,33.625,34.875,36.97,0,0,0.07,0,0,20,0.5,5.5,139,1000,0.1,0.1,0.1,0.1,0.1,0.1,0.5,0,18211,0.040085663,0.015485146,0,0,0,0,0,0,0,0,0,0,5,1.279664826
125407.18,0.510677397,0.5,7111,37,0.2509,33.75,34.875,37.25,0,0,0.07,0,0,20,0.5,5.5,139,1000,0.1,0.1,0.1,0.1,0.1,0.1,0.5,0,17333,0.041135406,0.015577223,0,0,0,0,0,0,0,0,0,0,5,1.279664826
125467.21,0.503349058,0.5,7111,37,0.1521,33.875,34.875,37.45,0,0,0.07,0,0,20,0.5,5.5,139,1000,0.1,0.1,0.1,0.1,0.1,0.1,0.5,0,18748,0.039524216,0.015361639,0,0,0,0,0,0,0,0,0,0,5,1.279664826
125527.28,0.516113266,0.5,7111,37,0.1848,33.9375,34.875,37.29,0,0,0.25,0,0,20,0.5,5.5,139,1000,0.1,0.1,0.1,0.1,0.1,0.1,0.5,0,19640,0.038798371,0.0151222,0,0,0,0,0,0,0,0,0,0,5,1.279664826
125587.32,0.520779842,0.5,7111,37,0.1301,33.8125,34.875,37.35,0,0,0.07,0,0,20,0.5,5.5,139,1000,0.1,0.1,0.1,0.1,0.1,0.1,0.5,0,19137,0.039818153,0.015676438,0,0,0,0,0,0,0,0,0,0,5,1.242684991
125647.36,0.536763558,0.5,7111,37,0.1534,33.8125,34.875,37.37,0,0,0.07,0,0,20,0.5,5.5,139,1000,0.1,0.1,0.1,0.1,0.1,0.1,0.5,0,20144,0.038870135,0.015339555,0,0,0,0,0,0,0,0,0,0,5,1.271241676
125707.41,0.539458027,0.5,7111,37,0.1585,33.75,34.875,37.13,0,0,0.07,0,0,20,0.5,5.5,139,1000,0.1,0.1,0.1,0.1,0.1,0.1,0.5,0,20085,0.039681354,0.015533981,0,0,0,0,0,0,0,0,0,0,5,1.222701451
125767.48,0.568114821,0.5,7111,37,0.194,33.6875,34.9375,37.05,0,0,0.07,0,0,20,0.5,5.5,139,1000,0.1,0.1,0.1,0.1,0.1,0.1,0.5,0,19585,0.040030636,0.015522083,0,0,0,0,0,0,0,0,0,0,5,1.316842079
125827.52,0.544062316,0.5,7111,37,0.1656,33.625,35,37.03,0,0.02,0.25,0,0,20,0.5,5.5,139,1000,0.1,0.1,0.1,0.1,0.1,0.1,0.5,0,19445,0.040524556,0.015685266,0,0,0,0,0,0,0,0,0,0,0.44,1.316842079
125887.59,0.499121675,0.5,7111,37,0.5703,33.375,34.9375,35.85,0,0.02,0.15,0,0,20,0.5,5.5,139,1000,0.1,0.1,0.1,0.1,0.1,0.1,0.5,0,19338,0.039455993,0.015461785,0,0,0,0,0,0,0,0,0,0,0.44,1.316842079
125947.65,0.425361322,0.5,7111,37,0.664225,33.25,34.9375,35.55,0,0,0.07,0,0,20,0.5,5.5,139,1000,0.1,0.1,0.1,0.1,0.1,0.1,0.5,0,17700,0.040112994,0.015706215,0,0,0,0,0,0,0,0,0,0,5,1.316842079
126007.74,0.461845273,0.5,7111,37,0.3465,33.5,34.9375,36.73,0,0,0.07,0,0,20,0.5,5.5,139,1000,0.1,0.1,0.1,0.1,0.1,0.1,0.5,0,17762,0.040141876,0.015482491,0,0,0,0,0,0,0,0,0,0,5,1.316842079
126067.8,0.465960185,0.5,7111,37,0.2773,33.6875,35,37.13,0,0,0.07,0,0,20,0.5,5.5,139,1000,0.1,0.1,0.1,0.1,0.1,0.1,0.5,0,18939,0.039020012,0.015101114,0,0,0,0,0,0,0,0,0,0,5,1.316842079
126127.88,0.48180548,0.5,7111,37,0.2442,33.8125,35,37.43,0,0,0.25,0,0,20,0.5,5.5,139,1000,0.1,0.1,0.1,0.1,0.1,0.1,0.5,0,18995,0.03885233,0.015109239,0,0,0,0,0,0,0,0,0,0,5,1.316842079
126187.92,0.506451169,0.5,7111,37,0.1695,33.875,35,37.61,0,0,0.07,0,0,20,0.5,5.5,139,1000,0.1,0.1,0.1,0.1,0.1,0.1,0.5,0,18089,0.040245453,0.015423738,0,0,0,0,0,0,0,0,0,0,5,1.316842079
126247.97,0.514206139,0.5,7111,37,0.1642,33.875,34.9375,37.37,0,0,0.07,0,0,20,0.5,5.5,139,1000,0.1,0.1,0.1,0.1,0.1,0.1,0.5,0,17934,0.040091446,0.015501282,0,0,0,0,0,0,0,0,0,0,5,1.316842079
126308.01,0.508560192,0.5,7111,37,0.1207,33.8125,34.9375,37.43,0,0,0.07,0,0,20,0.5,5.5,139,1000,0.1,0.1,0.1,0.1,0.1,0.1,0.5,0,19919,0.038505949,0.015211607,0,0,0,0,0,0,0,0,0,0,5,1.217878017
126368.07,0.526195205,0.5,7111,37,0.1472,33.75,34.875,37.25,0,0,0.07,0,0,20,0.5,5.5,139,1000,0.1,0.1,0.1,0.1,0.1,0.1,0.5,0,19678,0.038977538,0.015347088,0,0,0,0,0,0,0,0,0,0,5,1.259250144
126428.14,0.523531096,0.5,7111,37,0.1803,33.6875,34.8125,37.19,0,0,0.25,0,0,20,0.5,5.5,139,1000,0.1,0.1,0.1,0.1,0.1,0.1,0.5,0,20502,0.038679153,0.015169252,0,0,0,0,0,0,0,0,0,0,5,1.181060151
126488.18,0.530156365,0.5,7111,37,0.2494,33.625,34.75,37.13,0,0,0.07,0,0,20,0.5,5.5,139,1000,0.1,0.1,0.1,0.1,0.1,0.1,0.5,0,18683,0.040518118,0.015736231,0,0,0,0,0,0,0,0,0,0,5,1.159733831
126548.25,0.546420745,0.5,7111,37,0.2037,33.5625,34.8125,37.21,0,0,0,0,0,20,0.5,5.5,139,1000,0.1,0.1,0.1,0.1,0.1,0.1,0.5,0,18933,0.040458459,0.015739714,0,0,0,0,0,0,0,0,0,0,5,1.192398988
126608.31,0.570954034,0.5,7111,37,0.2192,33.5625,34.875,37.11,0,0.02,0.15,0,0,20,0.5,5.5,139,1000,0.1,0.1,0.1,0.1,0.1,0.1,0.5,0,20320,0.039173228,0.015354331,0,0,0,0,0,0,0,0,0,0,0.44,1.192398988
126668.34,0.554835753,0.5,7111,37,0.47525,33.375,34.875,36.25,0,0.02,0.15,0,0,20,0.5,5.5,139,1000,0.1,0.1,0.1,0.1,0.1,0.1,0.5,0,19044,0.040695232,0.015595463,0,0,0,0,0,0,0,0,0,0,0.44,1.192398988
126728.39,0.488257452,0.5,7111,37,0.59155,33.25,34.875,36.09,0,0.02,0.25,0,0,20,0.5,5.5,139,1000,0.1,0.1,0.1,0.1,0.1,0.1,0.5,0,18895,0.040698598,0.015612596,0,0,0,0,0,0,0,0,0,0,0.44,1.192398988
126788.44,0.407727569,0.5,7111,37,0.65605,33.3125,34.9375,35.91,0,0,0.07,0,0,20,0.5,5.5,139,1000,0.1,0.1,0.1,0.1,0.1,0.1,0.5,0,18383,0.040036991,0.015557852,0,0,0,0,0,0,0,0,0,0,5,1.192398988
126848.52,0.442101787,0.5,7111,37,0.3672,33.5625,34.9375,36.77,0,0,0.07,0,0,20,0.5,5.5,139,1000,0.1,0.1,0.1,0.1,0.1,0.1,0.5,0,18018,0.040515041,0.015651016,0,0,0,0,0,0,0,0,0,0,5,1.192398988
126908.59,0.462938598,0.5,7111,37,0.2273,33.8125,35,37.41,0,0,0.07,0,0,20,0.5,5.5,139,1000,0.1,0.1,0.1,0.1,0.1,0.1,0.5,0,19060,0.039296957,0.015110178,0,0,0,0,0,0,0,0,0,0,5,1.192398988
126968.68,0.465998312,0.5,7111,37,0.197,34,35,37.63,0,0,0.07,0,0,20,0.5,5.5,139,1000,0.1,0.1,0.1,0.1,0.1,0.1,0.5,0,19330,0.039110191,0.015364718,0,0,0,0,0,0,0,0,0,0,5,1.192398988
127028.73,0.487281925,0.5,7111,37,0.1546,33.9375,35,37.43,0,0,0.25,0,0,20,0.5,5.5,139,1000,0.1,0.1,0.1,0.1,0.1,0.1,0.5,0,17924,0.041062263,0.015621513,0,0,0,0,0,0,0,0,0,0,5,1.192398988
127088.79,0.485851627,0.5,7111,37,0.2038,33.875,35,37.33,0,0,0.07,0,0,20,0.5,5.5,139,1000,0.1,0.1,0.1,0.1,0.1,0.1,0.5,0,19051,0.039787938,0.015327279,0,0,0,0,0,0,0,0,0,0,5,1.192398988
127148.83,0.498818317,0.5,7111,37,0.125,33.875,35,37.53,0,0,0.07,0,0,20,0.5,5.5,139,1000,0.1,0.1,0.1,0.1,0.1,0.1,0.5,0,18887,0.04050405,0.015407423,0,0,0,0,0,0,0,0,0,0,5,1.211794992
127208.9,0.500661933,0.5,7111,37,0.1433,33.8125,35,37.49,0,0,0.07,0,0,20,0.5,5.5,139,1000,0.1,0.1,0.1,0.1,0.1,0.1,0.5,0,19254,0.040043627,0.015529241,0,0,0,0,0,0,0,0,0,0,5,1.162272705
127268.96,0.521955489,0.5,7111,37,0.2108,33.75,35.0625,37.19,0,0,0.07,0,0,20,0.5,5.5,139,1000,0.1,0.1,0.1,0.1,0.1,0.1,0.5,0,17983,0.041984096,0.015903909,0,0,0,0,0,0,0,0,0,0,5,1.229112744
127329.04,0.538635258,0.5,7111,37,0.173,33.6875,35,37.25,0,0,0.25,0,0,20,0.5,5.5,139,1000,0.1,0.1,0.1,0.1,0.1,0.1,0.5,0,19223,0.040732456,0.015710347,0,0,0,0,0,0,0,0,0,0,5,1.262026087
127389.1,0.52981852,0.5,7111,37,0.1519,33.625,34.9375,37.29,0,0,0,0,0,20,0.5,5.5,139,1000,0.1,0.1,0.1,0.1,0.1,0.1,0.5,0,20621,0.039862276,0.015469667,0,0,0,0,0,0,0,0,0,0,5,1.149412461
127449.17,0.539336987,0.5,7111,37,0.1974,33.625,34.9375,37.09,0,0,0,0,0,20,0.5,5.5,139,1000,0.1,0.1,0.1,0.1,0.1,0.1,0.5,0,19750,0.040860759,0.015746835,0,0,0,0,0,0,0,0,0,0,5,1.145359986
127509.22,0.553913229,0.5,7111,37,0.2041,33.5625,34.875,37.05,0,0,0,0,0,20,0.5,5.5,139,1000,0.1,0.1,0.1,0.1,0.1,0.1,0.5,0,20832,0.039314516,0.01531298,0,0,0,0,0,0,0,0,0,0,5,1.168094385
127569.26,0.576192879,0.5,7111,37,0.1581,33.5,34.8125,37.21,0,0.02,0.15,0,0,20,0.5,5.5,139,1000,0.1,0.1,0.1,0.1,0.1,0.1,0.5,0,20929,0.039896794,0.015289789,0,0,0,0,0,0,0,0,0,0,0.44,1.168094385
127629.32,0.505030631,0.5,7111,37,0.5891,33.25,34.75,35.85,0,0.02,0.25,0,0,20,0.5,5.5,139,1000,0.1,0.1,0.1,0.1,0.1,0.1,0.5,0,18416,0.04110556,0.015801477,0,0,0,0,0,0,0,0,0,0,0.44,1.168094385
127689.39,0.463377682,0.5,7111,37,0.611025,33.25,34.6875,35.93,0,0.017520138,0.140080552,0,0,20,0.5,5.5,139,1000,0.1,0.1,0.1,0.1,0.1,0.1,0.5,0,17917,0.041468996,0.015850868,0,0,0,0,0,0,0,0,0,0,0.44,1.168094385
127749.46,0.405360336,0.5,7111,37,0.630473943,33.375,34.6875,35.97,0,0,0.07,0,0,20,0.5,5.5,139,1000,0.1,0.1,0.1,0.1,0.1,0.1,0.5,0,16693,0.041813934,0.016054634,0,0,0,0,0,0,0,0,0,0,5,1.168094385
127809.51,0.438617079,0.5,7111,37,0.3436,33.5625,34.75,36.93,0,0,0.07,0,0,20,0.5,5.5,139,1000,0.1,0.1,0.1,0.1,0.1,0.1,0.5,0,18078,0.039993362,0.015654387,0,0,0,0,0,0,0,0,0,0,5,1.168094385
127869.59,0.460284077,0.5,7111,37,0.2278,33.8125,34.8125,37.35,0,0,0.07,0,0,20,0.5,5.5,139,1000,0.1,0.1,0.1,0.1,0.1,0.1,0.5,0,17149,0.041051956,0.015744358,0,0,0,0,0,0,0,0,0,0,5,1.168094385
127929.67,0.489899983,0.5,7111,37,0.1675,33.9375,34.875,37.53,0,0,0.25,0,0,20,0.5,5.5,139,1000,0.1,0.1,0.1,0.1,0.1,0.1,0.5,0,17987,0.040584867,0.015844777,0,0,0,0,0,0,0,0,0,0,5,1.168094385
127989.71,0.482051821,0.5,7111,37,0.1569,33.9375,34.875,37.51,0,0,0.07,0,0,20,0.5,5.5,139,1000,0.1,0.1,0.1,0.1,0.1,0.1,0.5,0,18446,0.040225523,0.01534208,0,0,0,0,0,0,0,0,0,0,5,1.168094385
128049.78,0.477302004,0.5,7111,37,0.1469,33.9375,34.875,37.49,0,0,0.07,0,0,20,0.5,5.5,139,1000,0.1,0.1,0.1,0.1,0.1,0.1,0.5,0,18385,0.040794126,0.015719336,0,0,0,0,0,0,0,0,0,0,5,1.168094385
128109.85,0.491762254,0.5,7111,37,0.1728,33.875,34.9375,37.33,0,0,0.07,0,0,20,0.5,5.5,139,1000,0.1,0.1,0.1,0.1,0.1,0.1,0.5,0,18401,0.041030379,0.015814358,0,0,0,0,0,0,0,0,0,0,5,1.199227529
128169.91,0.513319944,0.5,7111,37,0.1387,33.8125,34.9375,37.41,0,0,0.07,0,0,20,0.5,5.5,139,1000,0.1,0.1,0.1,0.1,0.1,0.1,0.5,0,20182,0.039341988,0.015211575,0,0,0,0,0,0,0,0,0,0,5,1.267977994
128229.97,0.514587352,0.5,7111,37,0.1591,33.75,34.9375,37.29,0,0,0.25,0,0,20,0.5,5.5,139,1000,0.1,0.1,0.1,0.1,0.1,0.1,0.5,0,20487,0.039146776,0.015131547,0,0,0,0,0,0,0,0,0,0,5,1.211977087
128290.01,0.52902229,0.5,7111,37,0.2152,33.625,34.9375,37.05,0,0,0.07,0,0,20,0.5,5.5,139,1000,0.1,0.1,0.1,0.1,0.1,0.1,0.5,0,19628,0.04035052,0.015589974,0,0,0,0,0,0,0,0,0,0,5,1.234373972
128350.06,0.521008804,0.5,7111,37,0.219,33.5625,35,37.03,0,0,0,0,0,20,0.5,5.5,139,1000,0.1,0.1,0.1,0.1,0.1,0.1,0.5,0,18909,0.041091544,0.015653921,0,0,0,0,0,0,0,0,0,0,5,1.126864387
128410.1,0.535874081,0.5,7111,37,0.1571,33.5625,34.875,37.25,0,0,0,0,0,20,0.5,5.5,139,1000,0.1,0.1,0.1,0.1,0.1,0.1,0.5,0,18865,0.0412934,0.01574344,0,0,0,0,0,0,0,0,0,0,5,1.15491798
128470.15,0.560972195,0.5,7111,37,0.164,33.5625,34.9375,37.19,0,0,0,0,0,20,0.5,5.5,139,1000,0.1,0.1,0.1,0.1,0.1,0.1,0.5,0,20985,0.038932571,0.015153681,0,0,0,0,0,0,0,0,0,0,5,1.234488473
128530.2,0.582541471,0.5,7111,37,0.30875,33.5,34.875,37.03,0,0.02,0.25,0,0,20,0.5,5.5,139,1000,0.1,0.1,0.1,0.1,0.1,0.1,0.5,0,20083,0.040531793,0.015684908,0,0,0,0,0,0,0,0,0,0,0.44,1.234488473
128590.26,0.526375317,0.5,7111,37,0.423475,33.375,34.8125,36.55,0,0.02,0.15,0,0,20,0.5,5.5,139,1000,0.1,0.1,0.1,0.1,0.1,0.1,0.5,0,19126,0.040939036,0.015842309,0,0,0,0,0,0,0,0,0,0,0.44,1.234488473
128650.31,0.466015581,0.5,7111,37,0.551768695,33.1875,34.8125,36.07,0,0.018725629,0.144902514,0,0,20,0.5,5.5,139,1000,0.1,0.1,0.1,0.1,0.1,0.1,0.5,0,17982,0.041652764,0.015849183,0,0,0,0,0,0,0,0,0,0,0.44,1.234488473
128710.37,0.409045224,0.5,7111,37,0.6105,33.25,34.6875,35.77,0,0,0.07,0,0,20,0.5,5.5,139,1000,0.1,0.1,0.1,0.1,0.1,0.1,0.5,0,17601,0.040793137,0.015794557,0,0,0,0,0,0,0,0,0,0,5,1.234488473
128770.44,0.441054594,0.5,7111,37,0.3914,33.5,34.6875,36.71,0,0,0.07,0,0,20,0.5,5.5,139,1000,0.1,0.1,0.1,0.1,0.1,0.1,0.5,0,17553,0.040619837,0.015780778,0,0,0,0,0,0,0,0,0,0,5,1.234488473
128830.52,0.433508849,0.5,7111,37,0.2065,33.75,34.6875,37.41,0,0,0.25,0,0,20,0.5,5.5,139,1000,0.1,0.1,0.1,0.1,0.1,0.1,0.5,0,18014,0.04013545,0.015432441,0,0,0,0,0,0,0,0,0,0,5,1.234488473
128890.56,0.45984249,0.5,7111,37,0.163,33.875,34.75,37.53,0,0,0.07,0,0,20,0.5,5.5,139,1000,0.1,0.1,0.1,0.1,0.1,0.1,0.5,0,17677,0.040844035,0.01567008,0,0,0,0,0,0,0,0,0,0,5,1.234488473
128950.62,0.500732264,0.5,7111,37,0.1668,33.9375,34.75,37.45,0,0,0.07,0,0,20,0.5,5.5,139,1000,0.1,0.1,0.1,0.1,0.1,0.1,0.5,0,18594,0.040120469,0.015542648,0,0,0,0,0,0,0,0,0,0,5,1.234488473
129010.66,0.497968103,0.5,7111,37,0.1745,33.875,34.8125,37.37,0,0,0.07,0,0,20,0.5,5.5,139,1000,0.1,0.1,0.1,0.1,0.1,0.1,0.5,0,17912,0.040922287,0.015911121,0,0,0,0,0,0,0,0,0,0,5,1.234488473
129070.71,0.485106861,0.5,7111,37,0.123,33.8125,34.8125,37.51,0,0,0.07,0,0,20,0.5,5.5,139,1000,0.1,0.1,0.1,0.1,0.1,0.1,0.5,0,17428,0.041886619,0.015893964,0,0,0,0,0,0,0,0,0,0,5,1.094263571
129130.78,0.516035117,0.5,7111,37,0.2149,33.6875,34.875,37.11,0,0,0.25,0,0,20,0.5,5.5,139,1000,0.1,0.1,0.1,0.1,0.1,0.1,0.5,0,18162,0.041239952,0.016022464,0,0,0,0,0,0,0,0,0,0,5,1.224967254
129190.82,0.5158155,0.5,7111,37,0.173,33.6875,34.875,37.25,0,0,0.07,0,0,20,0.5,5.5,139,1000,0.1,0.1,0.1,0.1,0.1,0.1,0.5,0,18935,0.040876683,0.015790863,0,0,0,0,0,0,0,0,0,0,5,1.162441862
129250.86,0.516237714,0.5,7111,37,0.2158,33.625,34.875,37.05,0,0,0.07,0,0,20,0.5,5.5,139,1000,0.1,0.1,0.1,0.1,0.1,0.1,0.5,0,19370,0.04021683,0.015642747,0,0,0,0,0,0,0,0,0,0,5,1.106774372
129310.9,0.542880342,0.5,7111,37,0.1948,33.5625,34.875,37.11,0,0,0,0,0,20,0.5,5.5,139,1000,0.1,0.1,0.1,0.1,0.1,0.1,0.5,0,20173,0.039904823,0.015466217,0,0,0,0,0,0,0,0,0,0,5,1.202400415
129370.97,0.529876889,0.5,7111,37,0.1541,33.5625,34.875,37.25,0,0,0,0,0,20,0.5,5.5,139,1000,0.1,0.1,0.1,0.1,0.1,0.1,0.5,0,20657,0.039357119,0.015345888,0,0,0,0,0,0,0,0,0,0,5,1.069547682
129431.05,0.571086472,0.5,7111,37,0.1996,33.5625,34.9375,37.05,0,0,0,0,0,20,0.5,5.5,139,1000,0.1,0.1,0.1,0.1,0.1,0.1,0.5,0,20597,0.039665971,0.01534204,0,0,0,0,0,0,0,0,0,0,5,1.240758129
129491.12,0.544386067,0.5,7111,37,0.32435,33.5,34.875,36.97,0,0.02,0.15,0,0,20,0.5,5.5,139,1000,0.1,0.1,0.1,0.1,0.1,0.1,0.5,0,22376,0.038568109,0.015016089,0,0,0,0,0,0,0,0,0,0,0.44,1.240758129
129551.19,0.516659141,0.5,7111,37,0.43505,33.375,34.875,36.49,0,0.02,0.15,0,0,20,0.5,5.5,139,1000,0.1,0.1,0.1,0.1,0.1,0.1,0.5,0,20357,0.039642383,0.01542467,0,0,0,0,0,0,0,0,0,0,0.44,1.240758129
129611.25,0.46197416,0.5,7111,37,0.57325,33.25,34.875,35.97,0,0.02,0.15,0,0,20,0.5,5.5,139,1000,0.1,0.1,0.1,0.1,0.1,0.1,0.5,0,19239,0.039659026,0.015489371,0,0,0,0,0,0,0,0,0,0,0.44,1.240758129
129671.31,0.417215955,0.5,7111,37,0.5439,33.25,34.8125,36.01,0,0,0.07,0,0,20,0.5,5.5,139,1000,0.1,0.1,0.1,0.1,0.1,0.1,0.5,0,17705,0.04072296,0.015532335,0,0,0,0,0,0,0,0,0,0,5,1.240758129
129731.35,0.423528616,0.5,7111,37,0.3971,33.5,34.75,36.65,0,0,0.25,0,0,20,0.5,5.5,139,1000,0.1,0.1,0.1,0.1,0.1,0.1,0.5,0,18273,0.040168555,0.015432605,0,0,0,0,0,0,0,0,0,0,5,1.240758129
129791.4,0.446349756,0.5,7111,37,0.2641,33.6875,34.75,37.17,0,0,0.07,0,0,20,0.5,5.5,139,1000,0.1,0.1,0.1,0.1,0.1,0.1,0.5,0,17349,0.04109747,0.015908698,0,0,0,0,0,0,0,0,0,0,5,1.240758129
129851.47,0.45346774,0.5,7111,37,0.1773,33.8125,34.625,37.45,0,0,0.07,0,0,20,0.5,5.5,139,1000,0.1,0.1,0.1,0.1,0.1,0.1,0.5,0,18784,0.039501704,0.015278961,0,0,0,0,0,0,0,0,0,0,5,1.240758129
129911.53,0.469575925,0.5,7111,37,0.1626,33.8125,34.5625,37.45,0,0,0.07,0,0,20,0.5,5.5,139,1000,0.1,0.1,0.1,0.1,0.1,0.1,0.5,0,17162,0.041603543,0.0157907,0,0,0,0,0,0,0,0,0,0,5,1.240758129
129971.61,0.47124189,0.5,7111,37,0.1903,33.8125,34.625,37.29,0,0,0.07,0,0,20,0.5,5.5,139,1000,0.1,0.1,0.1,0.1,0.1,0.1,0.5,0,18612,0.040189125,0.015688803,0,0,0,0,0,0,0,0,0,0,5,1.240758129
130031.68,0.489474767,0.5,7111,37,0.1604,33.75,34.625,37.37,0,0,0.25,0,0,20,0.5,5.5,139,1000,0.1,0.1,0.1,0.1,0.1,0.1,0.5,0,18318,0.041052517,0.015613058,0,0,0,0,0,0,0,0,0,0,5,1.292604369
130091.74,0.49580159,0.5,7111,37,0.1316,33.6875,34.6875,37.43,0,0,0.07,0,0,20,0.5,5.5,139,1000,0.1,0.1,0.1,0.1,0.1,0.1,0.5,0,18532,0.040902223,0.015648608,0,0,0,0,0,0,0,0,0,0,5,1.266502894
130151.81,0.511483838,0.5,7111,37,0.2086,33.6875,34.75,37.11,0,0,0.07,0,0,20,0.5,5.5,139,1000,0.1,0.1,0.1,0.1,0.1,0.1,0.5,0,18383,0.04117935,0.015557852,0,0,0,0,0,0,0,0,0,0,5,1.296598234
130211.85,0.551155687,0.5,7111,37,0.1619,33.625,34.75,37.25,0,0,0.07,0,0,20,0.5,5.5,139,1000,0.1,0.1,0.1,0.1,0.1,0.1,0.5,0,19060,0.040608604,0.015634837,0,0,0,0,0,0,0,0,0,0,5,1.455872328
130271.92,0.52885771,0.5,7111,37,0.175,33.5625,34.8125,37.17,0,0,0,0,0,20,0.5,5.5,139,1000,0.1,0.1,0.1,0.1,0.1,0.1,0.5,0,19393,0.040375393,0.015727324,0,0,0,0,0,0,0,0,0,0,5,1.259184989
130331.96,0.537874112,0.5,7111,37,0.2282,33.5,34.8125,36.95,0,0,0,0,0,20,0.5,5.5,139,1000,0.1,0.1,0.1,0.1,0.1,0.1,0.5,0,21055,0.039230587,0.01529328,0,0,0,0,0,0,0,0,0,0,5,1.246941111
130392.04,0.537448797,0.5,7111,37,0.1781,33.5,34.875,37.13,0,0,0,0,0,20,0.5,5.5,139,1000,0.1,0.1,0.1,0.1,0.1,0.1,0.5,0,20462,0.039927671,0.015296647,0,0,0,0,0,0,0,0,0,0,5,1.182220918
130452.12,0.565992147,0.5,7111,37,0.2013,33.5,34.875,37.03,0,0,0,0,0,20,0.5,5.5,139,1000,0.1,0.1,0.1,0.1,0.1,0.1,0.5,0,21151,0.039241643,0.015129308,0,0,0,0,0,0,0,0,0,0,5,1.278349998
130512.18,0.553582624,0.5,7111,37,0.33055,33.4375,34.875,36.93,0,0.02,0.15,0,0,20,0.5,5.5,139,1000,0.1,0.1,0.1,0.1,0.1,0.1,0.5,0,20867,0.039967413,0.015526909,0,0,0,0,0,0,0,0,0,0,0.44,1.278349998
130572.24,0.539439012,0.5,7111,37,0.454625,33.375,34.9375,36.39,0,0.02,0.15,0,0,20,0.5,5.5,139,1000,0.1,0.1,0.1,0.1,0.1,0.1,0.5,0,19081,0.041245218,0.015722446,0,0,0,0,0,0,0,0,0,0,0.44,1.278349998
130632.31,0.502879678,0.5,7111,37,0.55965,33.25,34.875,36.05,0,0.02,0.25,0,0,20,0.5,5.5,139,1000,0.1,0.1,0.1,0.1,0.1,0.1,0.5,0,19645,0.039908374,0.015321965,0,0,0,0,0,0,0,0,0,0,0.44,1.278349998
130692.36,0.458251995,0.5,7111,37,0.566375,33.3125,34.8125,36.17,0,0.02,0.15,0,0,20,0.5,5.5,139,1000,0.1,0.1,0.1,0.1,0.1,0.1,0.5,0,17270,0.041980313,0.016155182,0,0,0,0,0,0,0,0,0,0,0.44,1.278349998
130752.46,0.448356455,0.5,7111,37,0.4462,33.5,34.75,36.45,0,0,0.07,0,0,20,0.5,5.5,139,1000,0.1,0.1,0.1,0.1,0.1,0.1,0.5,0,17492,0.041333181,0.015721473,0,0,0,0,0,0,0,0,0,0,5,1.278349998
130812.51,0.462065883,0.5,7111,37,0.275,33.6875,34.6875,37.13,0,0,0.07,0,0,20,0.5,5.5,139,1000,0.1,0.1,0.1,0.1,0.1,0.1,0.5,0,17279,0.041437583,0.015799525,0,0,0,0,0,0,0,0,0,0,5,1.278349998
130872.56,0.484846776,0.5,7111,37,0.2027,33.875,34.625,37.37,0,0,0.07,0,0,20,0.5,5.5,139,1000,0.1,0.1,0.1,0.1,0.1,0.1,0.5,0,18218,0.040344714,0.015534087,0,0,0,0,0,0,0,0,0,0,5,1.278349998
130932.62,0.493348218,0.5,7111,37,0.1518,33.9375,34.625,37.51,0,0,0.25,0,0,20,0.5,5.5,139,1000,0.1,0.1,0.1,0.1,0.1,0.1,0.5,0,18381,0.040585387,0.015668353,0,0,0,0,0,0,0,0,0,0,5,1.278349998
130992.66,0.503916359,0.5,7111,37,0.1282,33.875,34.625,37.53,0,0,0.07,0,0,20,0.5,5.5,139,1000,0.1,0.1,0.1,0.1,0.1,0.1,0.5,0,18307,0.040858688,0.015840935,0,0,0,0,0,0,0,0,0,0,5,1.278349998
131052.73,0.48775516,0.5,7111,37,0.1877,33.875,34.625,37.25,0,0,0.07,0,0,20,0.5,5.5,139,1000,0.1,0.1,0.1,0.1,0.1,0.1,0.5,0,18117,0.041011205,0.015896672,0,0,0,0,0,0,0,0,0,0,5,1.278349998
131112.79,0.504158791,0.5,7111,37,0.1982,33.75,34.625,37.19,0,0,0.07,0,0,20,0.5,5.5,139,1000,0.1,0.1,0.1,0.1,0.1,0.1,0.5,0,19249,0.04015793,0.015429373,0,0,0,0,0,0,0,0,0,0,5,1.31366566
131172.85,0.523570618,0.5,7111,37,0.1465,33.6875,34.6875,37.35,0,0,0.07,0,0,20,0.5,5.5,139,1000,0.1,0.1,0.1,0.1,0.1,0.1,0.5,0,21026,0.038713973,0.015029012,0,0,0,0,0,0,0,0,0,0,5,1.361324286
131232.92,0.521251095,0.5,7111,37,0.1599,33.625,34.75,37.27,0,0,0.25,0,0,20,0.5,5.5,139,1000,0.1,0.1,0.1,0.1,0.1,0.1,0.5,0,19184,0.040815263,0.015690158,0,0,0,0,0,0,0,0,0,0,5,1.279937946
131292.98,0.542393522,0.5,7111,37,0.1571,33.5625,34.75,37.25,0,0,0.07,0,0,20,0.5,5.5,139,1000,0.1,0.1,0.1,0.1,0.1,0.1,0.5,0,19142,0.040852575,0.015620102,0,0,0,0,0,0,0,0,0,0,5,1.335220808
131353.06,0.555847151,0.5,7111,37,0.278575,33.5625,34.8125,37.21,0,0.02,0.15,0,0,20,0.5,5.5,139,1000,0.1,0.1,0.1,0.1,0.1,0.1,0.5,0,20475,0.03970696,0.015286935,0,0,0,0,0,0,0,0,0,0,0.44,1.335220808
131413.12,0.522790111,0.5,7111,37,0.453875,33.375,34.8125,36.41,0,0.02,0.15,0,0,20,0.5,5.5,139,1000,0.1,0.1,0.1,0.1,0.1,0.1,0.5,0,19629,0.040959804,0.015742014,0,0,0,0,0,0,0,0,0,0,0.44,1.335220808
131473.18,0.466700716,0.5,7111,37,0.56865,33.25,34.875,35.99,0,0.02,0.15,0,0,20,0.5,5.5,139,1000,0.1,0.1,0.1,0.1,0.1,0.1,0.5,0,18114,0.041625262,0.015733687,0,0,0,0,0,0,0,0,0,0,0.44,1.335220808
131533.25,0.416785051,0.5,7111,37,0.667,33.1875,34.8125,35.55,0,0,0.25,0,0,20,0.5,5.5,139,1000,0.1,0.1,0.1,0.1,0.1,0.1,0.5,0,17663,0.04110287,0.015852347,0,0,0,0,0,0,0,0,0,0,5,1.335220808
131593.31,0.429112769,0.5,7111,37,0.3855,33.375,34.8125,36.73,0,0,0.07,0,0,20,0.5,5.5,139,1000,0.1,0.1,0.1,0.1,0.1,0.1,0.5,0,16557,0.042338588,0.01612611,0,0,0,0,0,0,0,0,0,0,5,1.335220808
131653.37,0.442143648,0.5,7111,37,0.2368,33.6875,34.875,37.29,0,0,0.07,0,0,20,0.5,5.5,139,1000,0.1,0.1,0.1,0.1,0.1,0.1,0.5,0,17934,0.040760567,0.015724323,0,0,0,0,0,0,0,0,0,0,5,1.335220808
131713.44,0.466553017,0.5,7111,37,0.1712,33.8125,34.8125,37.49,0,0,0.07,0,0,20,0.5,5.5,139,1000,0.1,0.1,0.1,0.1,0.1,0.1,0.5,0,17846,0.04129777,0.01557772,0,0,0,0,0,0,0,0,0,0,5,1.335220808
131773.48,0.473437277,0.5,7111,37,0.1962,33.875,34.875,37.33,0,0,0.07,0,0,20,0.5,5.5,139,1000,0.1,0.1,0.1,0.1,0.1,0.1,0.5,0,16593,0.042969927,0.016332188,0,0,0,0,0,0,0,0,0,0,5,1.335220808
131833.52,0.469287071,0.5,7111,37,0.1771,33.8125,34.875,37.35,0,0,0.25,0,0,20,0.5,5.5,139,1000,0.1,0.1,0.1,0.1,0.1,0.1,0.5,0,17012,0.042558194,0.016282624,0,0,0,0,0,0,0,0,0,0,5,1.335220808
131893.57,0.495946666,0.5,7111,37,0.1822,33.75,34.875,37.29,0,0,0.07,0,0,20,0.5,5.5,139,1000,0.1,0.1,0.1,0.1,0.1,0.1,0.5,0,18109,0.041581534,0.015848473,0,0,0,0,0,0,0,0,0,0,5,1.434220927
131953.61,0.496453387,0.5,7111,37,0.1729,33.6875,34.8125,37.29,0,0,0.07,0,0,20,0.5,5.5,139,1000,0.1,0.1,0.1,0.1,0.1,0.1,0.5,0,18588,0.041532171,0.015924252,0,0,0,0,0,0,0,0,0,0,5,1.365573485
132013.66,0.518189497,0.5,7111,37,0.1433,33.6875,34.75,37.37,0,0,0.07,0,0,20,0.5,5.5,139,1000,0.1,0.1,0.1,0.1,0.1,0.1,0.5,0,18561,0.041700339,0.01589354,0,0,0,0,0,0,0,0,0,0,5,1.425849026
132073.72,0.51932578,0.5,7111,37,0.187,33.625,34.6875,37.17,0,0,0.07,0,0,20,0.5,5.5,139,1000,0.1,0.1,0.1,0.1,0.1,0.1,0.5,0,20162,0.039926595,0.015524254,0,0,0,0,0,0,0,0,0,0,5,1.361127753
132133.79,0.52789069,0.5,7111,37,0.12085,33.625,34.6875,37.13,0,0,0,0,0,20,0.5,5.5,139,1000,0.1,0.1,0.1,0.1,0.1,0.1,0.5,0,20142,0.040115182,0.015390726,0,0,0,0,0,0,0,0,0,0,5,1.342144892
132193.84,0.548207125,0.5,7111,37,0.14805,33.5625,34.6875,37.25,0,0,0,0,0,20,0.5,5.5,139,1000,0.1,0.1,0.1,0.1,0.1,0.1,0.5,0,20396,0.040252991,0.015591292,0,0,0,0,0,0,0,0,0,0,5,1.388329483
132253.89,0.546505337,0.5,7111,37,0.3104,33.5,34.75,37.05,0,0.02,0.15,0,0,20,0.5,5.5,139,1000,0.1,0.1,0.1,0.1,0.1,0.1,0.5,0,19068,0.041902664,0.015995385,0,0,0,0,0,0,0,0,0,0,0.44,1.388329483
132313.95,0.516645931,0.5,7111,37,0.4457,33.375,34.75,36.45,0,0.02,0.15,0,0,20,0.5,5.5,139,1000,0.1,0.1,0.1,0.1,0.1,0.1,0.5,0,19964,0.040472851,0.01542777,0,0,0,0,0,0,0,0,0,0,0.44,1.388329483
132374.02,0.470506503,0.5,7111,37,0.599,33.25,34.75,35.85,0,0.02,0.15,0,0,20,0.5,5.5,139,1000,0.1,0.1,0.1,0.1,0.1,0.1,0.5,0,17500,0.042342857,0.016,0,0,0,0,0,0,0,0,0,0,0.44,1.388329483
132434.07,0.458047208,0.5,7111,37,0.4574,33.3125,34.8125,36.29,0,0,0.25,0,0,20,0.5,5.5,139,1000,0.1,0.1,0.1,0.1,0.1,0.1,0.5,0,18470,0.040714672,0.015538711,0,0,0,0,0,0,0,0,0,0,5,1.388329483
132494.13,0.485238743,0.5,7111,37,0.2739,33.5625,34.875,37.03,0,0,0.07,0,0,20,0.5,5.5,139,1000,0.1,0.1,0.1,0.1,0.1,0.1,0.5,0,17517,0.042016327,0.016155734,0,0,0,0,0,0,0,0,0,0,5,1.388329483
132554.18,0.48374766,0.5,7111,37,0.2417,33.75,34.875,37.13,0,0,0.07,0,0,20,0.5,5.5,139,1000,0.1,0.1,0.1,0.1,0.1,0.1,0.5,0,18429,0.041402138,0.01579033,0,0,0,0,0,0,0,0,0,0,5,1.388329483
132614.24,0.501125489,0.5,7111,37,0.1511,33.75,34.9375,37.43,0,0,0.07,0,0,20,0.5,5.5,139,1000,0.1,0.1,0.1,0.1,0.1,0.1,0.5,0,18558,0.040898804,0.015788339,0,0,0,0,0,0,0,0,0,0,5,1.388329483
132674.34,0.488647578,0.5,7111,37,0.1635,33.8125,34.875,37.33,0,0,0.07,0,0,20,0.5,5.5,139,1000,0.1,0.1,0.1,0.1,0.1,0.1,0.5,0,18456,0.041666667,0.015713047,0,0,0,0,0,0,0,0,0,0,5,1.388329483
132734.41,0.509812751,0.5,7111,37,0.1769,33.6875,34.9375,37.25,0,0,0.25,0,0,20,0.5,5.5,139,1000,0.1,0.1,0.1,0.1,0.1,0.1,0.5,0,19496,0.040572425,0.015592942,0,0,0,0,0,0,0,0,0,0,5,1.388329483
132794.47,0.50681815,0.5,7111,37,0.2012,33.6875,34.875,37.13,0,0,0.07,0,0,20,0.5,5.5,139,1000,0.1,0.1,0.1,0.1,0.1,0.1,0.5,0,19570,0.040878896,0.015533981,0,0,0,0,0,0,0,0,0,0,5,1.301239279
132854.5,0.535138951,0.5,7111,37,0.1825,33.625,34.9375,37.17,0,0,0.07,0,0,20,0.5,5.5,139,1000,0.1,0.1,0.1,0.1,0.1,0.1,0.5,0,21202,0.039288746,0.015140081,0,0,0,0,0,0,0,0,0,0,5,1.399299835
132914.56,0.544841577,0.5,7111,37,0.1927,33.5625,34.875,37.11,0,0,0.07,0,0,20,0.5,5.5,139,1000,0.1,0.1,0.1,0.1,0.1,0.1,0.5,0,20460,0.040420332,0.01544477,0,0,0,0,0,0,0,0,0,0,5,1.383240745
132974.63,0.548393543,0.5,7111,37,0.289275,33.5625,34.8125,37.17,0,0.02,0.15,0,0,20,0.5,5.5,139,1000,0.1,0.1,0.1,0.1,0.1,0.1,0.5,0,18546,0.042273266,0.015960315,0,0,0,0,0,0,0,0,0,0,0.44,1.383240745
133034.71,0.488215669,0.5,7111,37,0.59810359,33.3125,34.8125,35.77,0,0.01738009,0.25,0,0,20,0.5,5.5,139,1000,0.1,0.1,0.1,0.1,0.1,0.1,0.5,0,19054,0.040306497,0.015534796,0,0,0,0,0,0,0,0,0,0,0.44,1.383240745
133094.77,0.461941791,0.5,7111,37,0.506293416,33.3125,34.6875,36.29,0,0.014375892,0.127503567,0,0,20,0.5,5.5,139,1000,0.1,0.1,0.1,0.1,0.1,0.1,0.5,0,19732,0.039377661,0.01520373,0,0,0,0,0,0,0,0,0,0,0.44,1.383240745
133154.83,0.450793609,0.5,7111,37,0.422,33.375,34.75,36.47,0,0,0.07,0,0,20,0.5,5.5,139,1000,0.1,0.1,0.1,0.1,0.1,0.1,0.5,0,18824,0.040108372,0.015352741,0,0,0,0,0,0,0,0,0,0,5,1.383240745
133214.91,0.472481155,0.5,7111,37,0.2835,33.5625,34.625,37.03,0,0,0.07,0,0,20,0.5,5.5,139,1000,0.1,0.1,0.1,0.1,0.1,0.1,0.5,0,18908,0.040194627,0.015443199,0,0,0,0,0,0,0,0,0,0,5,1.383240745
133274.97,0.481777241,0.5,7111,37,0.261,33.6875,34.625,37.09,0,0,0.07,0,0,20,0.5,5.5,139,1000,0.1,0.1,0.1,0.1,0.1,0.1,0.5,0,19008,0.039930556,0.015414562,0,0,0,0,0,0,0,0,0,0,5,1.383240745
133335.01,0.503978592,0.5,7111,37,0.2028,33.75,34.5625,37.27,0,0,0.25,0,0,20,0.5,5.5,139,1000,0.1,0.1,0.1,0.1,0.1,0.1,0.5,0,18882,0.040302934,0.015517424,0,0,0,0,0,0,0,0,0,0,5,1.383240745
133395.06,0.511602701,0.5,7111,37,0.1776,33.6875,34.625,37.33,0,0,0.07,0,0,20,0.5,5.5,139,1000,0.1,0.1,0.1,0.1,0.1,0.1,0.5,0,19111,0.039819999,0.01538381,0,0,0,0,0,0,0,0,0,0,5,1.383240745
133455.1,0.522347443,0.5,7111,37,0.097,33.75,34.625,37.59,0,0,0.07,0,0,20,0.5,5.5,139,1000,0.1,0.1,0.1,0.1,0.1,0.1,0.5,0,19536,0.040079853,0.01545864,0,0,0,0,0,0,0,0,0,0,5,1.383240745
133515.14,0.497547827,0.5,7111,37,0.1963,33.6875,34.75,37.17,0,0,0.07,0,0,20,0.5,5.5,139,1000,0.1,0.1,0.1,0.1,0.1,0.1,0.5,0,19248,0.040575644,0.015741895,0,0,0,0,0,0,0,0,0,0,5,1.168154875
133575.19,0.532169882,0.5,7111,37,0.19,33.5625,34.75,37.17,0,0,0.07,0,0,20,0.5,5.5,139,1000,0.1,0.1,0.1,0.1,0.1,0.1,0.5,0,18792,0.04145381,0.015857812,0,0,0,0,0,0,0,0,0,0,5,1.311560366
133635.23,0.54623547,0.5,7111,37,0.2273,33.5625,34.75,37.01,0,0,0.25,0,0,20,0.5,5.5,139,1000,0.1,0.1,0.1,0.1,0.1,0.1,0.5,0,20018,0.040213808,0.015585973,0,0,0,0,0,0,0,0,0,0,5,1.32424449
133695.28,0.534312761,0.5,7111,37,0.1542,33.5625,34.75,37.27,0,0,0.07,0,0,20,0.5,5.5,139,1000,0.1,0.1,0.1,0.1,0.1,0.1,0.5,0,21228,0.039193518,0.015215753,0,0,0,0,0,0,0,0,0,0,5,1.19182591
133755.34,0.541658563,0.5,7111,37,0.14485,33.5,34.75,37.27,0,0,0,0,0,20,0.5,5.5,139,1000,0.1,0.1,0.1,0.1,0.1,0.1,0.5,0,21118,0.039776494,0.01515295,0,0,0,0,0,0,0,0,0,0,5,1.173198066
133815.41,0.548429385,0.5,7111,37,0.352075,33.4375,34.8125,36.85,0,0.02,0.15,0,0,20,0.5,5.5,139,1000,0.1,0.1,0.1,0.1,0.1,0.1,0.5,0,21051,0.039855589,0.0154862,0,0,0,0,0,0,0,0,0,0,0.44,1.173198066
133875.48,0.484372029,0.5,7111,37,0.52262554,33.25,34.8125,36.09,0,0.016884709,0.137538837,0,0,20,0.5,5.5,139,1000,0.1,0.1,0.1,0.1,0.1,0.1,0.5,0,17950,0.04178273,0.016044568,0,0,0,0,0,0,0,0,0,0,0.44,1.173198066
133935.54,0.442441792,0.5,7111,37,0.6113,33.1875,34.8125,35.69,0,0,0.25,0,0,20,0.5,5.5,139,1000,0.1,0.1,0.1,0.1,0.1,0.1,0.5,0,18154,0.040817451,0.015699019,0,0,0,0,0,0,0,0,0,0,5,1.173198066
133995.58,0.462450695,0.5,7111,37,0.3524,33.375,34.875,36.77,0,0,0.07,0,0,20,0.5,5.5,139,1000,0.1,0.1,0.1,0.1,0.1,0.1,0.5,0,18271,0.040939193,0.015707952,0,0,0,0,0,0,0,0,0,0,5,1.173198066
134055.63,0.464646008,0.5,7111,37,0.216,33.625,34.875,37.27,0,0,0.07,0,0,20,0.5,5.5,139,1000,0.1,0.1,0.1,0.1,0.1,0.1,0.5,0,18214,0.040737894,0.015702207,0,0,0,0,0,0,0,0,0,0,5,1.173198066
134115.68,0.493275327,0.5,7111,37,0.1675,33.6875,34.875,37.41,0,0,0.07,0,0,20,0.5,5.5,139,1000,0.1,0.1,0.1,0.1,0.1,0.1,0.5,0,19417,0.039964979,0.015295875,0,0,0,0,0,0,0,0,0,0,5,1.173198066
134175.75,0.516103122,0.5,7111,37,0.1988,33.75,34.875,37.25,0,0,0.07,0,0,20,0.5,5.5,139,1000,0.1,0.1,0.1,0.1,0.1,0.1,0.5,0,18391,0.040672068,0.015605459,0,0,0,0,0,0,0,0,0,0,5,1.173198066
134235.82,0.500202512,0.5,7111,37,0.1789,33.75,34.9375,37.29,0,0,0.25,0,0,20,0.5,5.5,139,1000,0.1,0.1,0.1,0.1,0.1,0.1,0.5,0,20288,0.039432177,0.015378549,0,0,0,0,0,0,0,0,0,0,5,1.173198066
134295.86,0.512945601,0.5,7111,37,0.1799,33.6875,34.9375,37.25,0,0,0.07,0,0,20,0.5,5.5,139,1000,0.1,0.1,0.1,0.1,0.1,0.1,0.5,0,19308,0.040242387,0.015537601,0,0,0,0,0,0,0,0,0,0,5,1.190008434
134355.93,0.543627491,0.5,7111,37,0.1847,33.625,34.9375,37.19,0,0,0.07,0,0,20,0.5,5.5,139,1000,0.1,0.1,0.1,0.1,0.1,0.1,0.5,0,20036,0.039728489,0.01552206,0,0,0,0,0,0,0,0,0,0,5,1.304791376
134415.99,0.532530168,0.5,7111,37,0.181,33.625,34.875,37.17,0,0,0.07,0,0,20,0.5,5.5,139,1000,0.1,0.1,0.1,0.1,0.1,0.1,0.5,0,19809,0.040234237,0.01559897,0,0,0,0,0,0,0,0,0,0,5,1.1776777
134476.05,0.533806123,0.5,7111,37,0.1959,33.5,34.8125,37.09,0,0,0.07,0,0,20,0.5,5.5,139,1000,0.1,0.1,0.1,0.1,0.1,0.1,0.5,0,18826,0.041803888,0.016041645,0,0,0,0,0,0,0,0,0,0,5,1.125973287
134536.1,0.56455574,0.5,7111,37,0.21575,33.5,34.8125,36.89,0,0,0,0,0,20,0.5,5.5,139,1000,0.1,0.1,0.1,0.1,0.1,0.1,0.5,0,19423,0.041291253,0.015754518,0,0,0,0,0,0,0,0,0,0,5,1.237693866
134596.14,0.577810143,0.5,7111,37,0.3511,33.5,34.75,36.89,0,0.02,0.15,0,0,20,0.5,5.5,139,1000,0.1,0.1,0.1,0.1,0.1,0.1,0.5,0,20751,0.040046263,0.015469134,0,0,0,0,0,0,0,0,0,0,0.44,1.237693866
134656.18,0.53927816,0.5,7111,37,0.4713,33.375,34.75,36.37,0,0.02,0.15,0,0,20,0.5,5.5,139,1000,0.1,0.1,0.1,0.1,0.1,0.1,0.5,0,18415,0.042030953,0.015910942,0,0,0,0,0,0,0,0,0,0,0.44,1.237693866
134716.25,0.475323882,0.5,7111,37,0.5616,33.25,34.75,36.07,0,0.02,0.15,0,0,20,0.5,5.5,139,1000,0.1,0.1,0.1,0.1,0.1,0.1,0.5,0,18087,0.041410958,0.015923039,0,0,0,0,0,0,0,0,0,0,0.44,1.237693866
134776.32,0.411306871,0.5,7111,37,0.5295,33.25,34.6875,36.07,0,0,0.07,0,0,20,0.5,5.5,139,1000,0.1,0.1,0.1,0.1,0.1,0.1,0.5,0,17737,0.04064949,0.015842589,0,0,0,0,0,0,0,0,0,0,5,1.237693866
134836.36,0.44333692,0.5,7111,37,0.4204,33.5,34.75,36.57,0,0,0.25,0,0,20,0.5,5.5,139,1000,0.1,0.1,0.1,0.1,0.1,0.1,0.5,0,17484,0.041409288,0.015843057,0,0,0,0,0,0,0,0,0,0,5,1.237693866
134896.41,0.465032903,0.5,7111,37,0.2035,33.75,34.75,37.41,0,0,0.07,0,0,20,0.5,5.5,139,1000,0.1,0.1,0.1,0.1,0.1,0.1,0.5,0,18615,0.039752887,0.015417674,0,0,0,0,0,0,0,0,0,0,5,1.237693866
134956.49,0.472808886,0.5,7111,37,0.1591,33.875,34.8125,37.53,0,0,0.07,0,0,20,0.5,5.5,139,1000,0.1,0.1,0.1,0.1,0.1,0.1,0.5,0,17620,0.041373439,0.015720772,0,0,0,0,0,0,0,0,0,0,5,1.237693866
135016.56,0.490642336,0.5,7111,37,0.0987,33.9375,34.8125,37.69,0,0,0.07,0,0,20,0.5,5.5,139,1000,0.1,0.1,0.1,0.1,0.1,0.1,0.5,0,18844,0.040012736,0.015442581,0,0,0,0,0,0,0,0,0,0,5,1.237693866
135076.61,0.494279319,0.5,7111,37,0.1258,33.9375,34.875,37.53,0,0,0.07,0,0,20,0.5,5.5,139,1000,0.1,0.1,0.1,0.1,0.1,0.1,0.5,0,19913,0.038919299,0.015266409,0,0,0,0,0,0,0,0,0,0,5,1.237693866
135136.68,0.497601687,0.5,7111,37,0.1974,33.8125,34.875,37.21,0,0,0.25,0,0,20,0.5,5.5,139,1000,0.1,0.1,0.1,0.1,0.1,0.1,0.5,0,18131,0.041310463,0.015939551,0,0,0,0,0,0,0,0,0,0,5,1.195906626
135196.72,0.519962642,0.5,7111,37,0.1887,33.6875,34.8125,37.21,0,0,0.07,0,0,20,0.5,5.5,139,1000,0.1,0.1,0.1,0.1,0.1,0.1,0.5,0,20331,0.03895529,0.015296837,0,0,0,0,0,0,0,0,0,0,5,1.267982401
135256.81,0.50977455,0.5,7111,37,0.1712,33.625,34.8125,37.25,0,0,0.07,0,0,20,0.5,5.5,139,1000,0.1,0.1,0.1,0.1,0.1,0.1,0.5,0,19184,0.040658882,0.015585905,0,0,0,0,0,0,0,0,0,0,5,1.14521809
135316.85,0.531240033,0.5,7111,37,0.18335,33.625,34.875,37.05,0,0,0.07,0,0,20,0.5,5.5,139,1000,0.1,0.1,0.1,0.1,0.1,0.1,0.5,0,19134,0.040921919,0.015678896,0,0,0,0,0,0,0,0,0,0,5,1.21169335
135376.92,0.557296316,0.5,7111,37,0.21385,33.5,34.9375,37.17,0,0,0,0,0,20,0.5,5.5,139,1000,0.1,0.1,0.1,0.1,0.1,0.1,0.5,0,18691,0.041303301,0.015782997,0,0,0,0,0,0,0,0,0,0,5,1.294758061
135436.98,0.553461219,0.5,7111,37,0.334225,33.5625,34.9375,36.95,0,0.02,0.25,0,0,20,0.5,5.5,139,1000,0.1,0.1,0.1,0.1,0.1,0.1,0.5,0,20213,0.039924801,0.015386138,0,0,0,0,0,0,0,0,0,0,0.44,1.294758061
135497.04,0.522799958,0.5,7111,37,0.68845,33.375,34.875,35.37,0,0.02,0.15,0,0,20,0.5,5.5,139,1000,0.1,0.1,0.1,0.1,0.1,0.1,0.5,0,19490,0.040584915,0.015495126,0,0,0,0,0,0,0,0,0,0,0.44,1.294758061
135557.11,0.43449322,0.5,7111,37,0.6613,33.25,34.8125,35.75,0,3.90E-05,0.070155972,0,0,20,0.5,5.5,139,1000,0.1,0.1,0.1,0.1,0.1,0.1,0.5,0,18970,0.040063258,0.01544544,0,0,0,0,0,0,0,0,0,0,0.44,1.294758061
135617.15,0.4498263,0.5,7111,37,0.436009628,33.4375,34.8125,36.77,0,0,0.07,0,0,20,0.5,5.5,139,1000,0.1,0.1,0.1,0.1,0.1,0.1,0.5,0,16761,0.042300579,0.015989499,0,0,0,0,0,0,0,0,0,0,5,1.294758061
135677.2,0.485930128,0.5,7111,37,0.27615,33.6875,34.75,37.29,0,0,0.07,0,0,20,0.5,5.5,139,1000,0.1,0.1,0.1,0.1,0.1,0.1,0.5,0,17982,0.041263486,0.01573796,0,0,0,0,0,0,0,0,0,0,5,1.294758061
135737.26,0.473847969,0.5,7111,37,0.2225,33.75,34.6875,37.25,0,0,0.25,0,0,20,0.5,5.5,139,1000,0.1,0.1,0.1,0.1,0.1,0.1,0.5,0,18557,0.041062672,0.015735302,0,0,0,0,0,0,0,0,0,0,5,1.294758061
135797.3,0.496102036,0.5,7111,37,0.16575,33.75,34.6875,37.29,0,0,0.07,0,0,20,0.5,5.5,139,1000,0.1,0.1,0.1,0.1,0.1,0.1,0.5,0,18726,0.040478479,0.015593293,0,0,0,0,0,0,0,0,0,0,5,1.294758061
135857.38,0.510929,0.5,7111,37,0.17195,33.8125,34.6875,37.49,0,0,0.07,0,0,20,0.5,5.5,139,1000,0.1,0.1,0.1,0.1,0.1,0.1,0.5,0,18579,0.040960224,0.015878142,0,0,0,0,0,0,0,0,0,0,5,1.294758061
135917.46,0.50562148,0.5,7111,37,0.16085,33.75,34.6875,37.25,0,0,0.07,0,0,20,0.5,5.5,139,1000,0.1,0.1,0.1,0.1,0.1,0.1,0.5,0,19746,0.040261319,0.01534488,0,0,0,0,0,0,0,0,0,0,5,1.294758061
135977.52,0.518097759,0.5,7111,37,0.13295,33.75,34.75,37.11,0,0,0.07,0,0,20,0.5,5.5,139,1000,0.1,0.1,0.1,0.1,0.1,0.1,0.5,0,19119,0.041267849,0.015586589,0,0,0,0,0,0,0,0,0,0,5,1.303147025
136037.59,0.519100223,0.5,7111,37,0.2188,33.625,34.8125,37.05,0,0,0.25,0,0,20,0.5,5.5,139,1000,0.1,0.1,0.1,0.1,0.1,0.1,0.5,0,18552,0.04215179,0.015901251,0,0,0,0,0,0,0,0,0,0,5,1.243788743
136097.63,0.559662302,0.5,7111,37,0.17565,33.5625,34.8125,37.13,0,0,0.07,0,0,20,0.5,5.5,139,1000,0.1,0.1,0.1,0.1,0.1,0.1,0.5,0,19999,0.04080204,0.015550778,0,0,0,0,0,0,0,0,0,0,5,1.407309098
136157.7,0.541496918,0.5,7111,37,0.50265,33.5,34.875,36.17,0,0.02,0.15,0,0,20,0.5,5.5,139,1000,0.1,0.1,0.1,0.1,0.1,0.1,0.5,0,18420,0.042562432,0.01606949,0,0,0,0,0,0,0,0,0,0,0.44,1.407309098
136217.76,0.492713314,0.5,7111,37,0.567475,33.3125,34.8125,36.01,0,0.02,0.15,0,0,20,0.5,5.5,139,1000,0.1,0.1,0.1,0.1,0.1,0.1,0.5,0,18916,0.041287799,0.01585959,0,0,0,0,0,0,0,0,0,0,0.44,1.407309098
136277.83,0.455741126,0.5,7111,37,0.732825,33.25,34.875,35.43,0,0,0.07,0,0,20,0.5,5.5,139,1000,0.1,0.1,0.1,0.1,0.1,0.1,0.5,0,17060,0.042555686,0.016119578,0,0,0,0,0,0,0,0,0,0,5,1.407309098
136337.88,0.449441694,0.5,7111,37,0.4833,33.375,34.875,36.37,0,0,0.25,0,0,20,0.5,5.5,139,1000,0.1,0.1,0.1,0.1,0.1,0.1,0.5,0,18687,0.040455932,0.015465297,0,0,0,0,0,0,0,0,0,0,5,1.407309098
136397.94,0.468918174,0.5,7111,37,0.32315,33.625,34.875,37.21,0,0,0.07,0,0,20,0.5,5.5,139,1000,0.1,0.1,0.1,0.1,0.1,0.1,0.5,0,18020,0.041509434,0.015982242,0,0,0,0,0,0,0,0,0,0,5,1.407309098
136457.99,0.485873298,0.5,7111,37,0.15845,33.8125,34.9375,37.41,0,0,0.07,0,0,20,0.5,5.5,139,1000,0.1,0.1,0.1,0.1,0.1,0.1,0.5,0,17387,0.042618048,0.016276528,0,0,0,0,0,0,0,0,0,0,5,1.407309098
136518.05,0.485270581,0.5,7111,37,0.15695,33.9375,34.9375,37.51,0,0,0.07,0,0,20,0.5,5.5,139,1000,0.1,0.1,0.1,0.1,0.1,0.1,0.5,0,18221,0.041435706,0.015805938,0,0,0,0,0,0,0,0,0,0,5,1.407309098
136578.12,0.500217896,0.5,7111,37,0.14345,33.9375,34.9375,37.33,0,0,0.07,0,0,20,0.5,5.5,139,1000,0.1,0.1,0.1,0.1,0.1,0.1,0.5,0,20241,0.040017786,0.015463663,0,0,0,0,0,0,0,0,0,0,5,1.407309098
136638.22,0.520163016,0.5,7111,37,0.1974,33.875,34.9375,37.27,0,0,0.25,0,0,20,0.5,5.5,139,1000,0.1,0.1,0.1,0.1,0.1,0.1,0.5,0,19216,0.041319734,0.01592423,0,0,0,0,0,0,0,0,0,0,5,1.454239023
136698.28,0.531279183,0.5,7111,37,0.12445,33.8125,34.875,37.37,0,0,0.07,0,0,20,0.5,5.5,139,1000,0.1,0.1,0.1,0.1,0.1,0.1,0.5,0,17830,0.042680875,0.015984296,0,0,0,0,0,0,0,0,0,0,5,1.444963262
136758.36,0.541965286,0.5,7111,37,0.11655,33.75,34.8125,37.33,0,0,0.07,0,0,20,0.5,5.5,139,1000,0.1,0.1,0.1,0.1,0.1,0.1,0.5,0,21556,0.03906105,0.0151234,0,0,0,0,0,0,0,0,0,0,5,1.432457999
136818.43,0.544592343,0.5,7111,37,0.3353,33.6875,34.75,37.05,0,0.02,0.15,0,0,20,0.5,5.5,139,1000,0.1,0.1,0.1,0.1,0.1,0.1,0.5,0,19450,0.041285347,0.015784062,0,0,0,0,0,0,0,0,0,0,0.44,1.432457999
136878.46,0.538080639,0.5,7111,37,0.506625,33.5,34.6875,36.29,0,0.02,0.15,0,0,20,0.5,5.5,139,1000,0.1,0.1,0.1,0.1,0.1,0.1,0.5,0,18625,0.042201342,0.016053691,0,0,0,0,0,0,0,0,0,0,0.44,1.432457999
136938.51,0.501369946,0.5,7111,37,0.5097,33.4375,34.75,36.37,0,0.02,0.25,0,0,20,0.5,5.5,139,1000,0.1,0.1,0.1,0.1,0.1,0.1,0.5,0,18621,0.041458568,0.015788626,0,0,0,0,0,0,0,0,0,0,0.44,1.432457999
136998.55,0.473205325,0.5,7111,37,0.6781,33.4375,34.75,35.69,0,0.02,0.15,0,0,20,0.5,5.5,139,1000,0.1,0.1,0.1,0.1,0.1,0.1,0.5,0,17734,0.042291643,0.016183602,0,0,0,0,0,0,0,0,0,0,0.44,1.432457999
137058.6,0.412679843,0.5,7111,37,0.61175,33.5,34.75,36.09,0,0,0.07,0,0,20,0.5,5.5,139,1000,0.1,0.1,0.1,0.1,0.1,0.1,0.5,0,17469,0.040986891,0.015971149,0,0,0,0,0,0,0,0,0,0,5,1.432457999
137118.64,0.416623154,0.5,7111,37,0.33815,33.75,34.875,37.01,0,0,0.07,0,0,20,0.5,5.5,139,1000,0.1,0.1,0.1,0.1,0.1,0.1,0.5,0,17521,0.041207694,0.015638377,0,0,0,0,0,0,0,0,0,0,5,1.432457999
137178.68,0.441334804,0.5,7111,37,0.24835,33.9375,34.8125,37.33,0,0,0.07,0,0,20,0.5,5.5,139,1000,0.1,0.1,0.1,0.1,0.1,0.1,0.5,0,18581,0.040309994,0.015445886,0,0,0,0,0,0,0,0,0,0,5,1.432457999
137238.76,0.443496936,0.5,7111,37,0.1961,34.0625,34.875,37.43,0,0,0.25,0,0,20,0.5,5.5,139,1000,0.1,0.1,0.1,0.1,0.1,0.1,0.5,0,17334,0.042056075,0.015922465,0,0,0,0,0,0,0,0,0,0,5,1.432457999
137298.81,0.457403429,0.5,7111,37,0.17375,34,34.875,37.55,0,0,0.07,0,0,20,0.5,5.5,139,1000,0.1,0.1,0.1,0.1,0.1,0.1,0.5,0,17498,0.041776203,0.015773231,0,0,0,0,0,0,0,0,0,0,5,1.432457999
137358.91,0.475805596,0.5,7111,37,0.12545,34.0625,34.875,37.63,0,0,0.07,0,0,20,0.5,5.5,139,1000,0.1,0.1,0.1,0.1,0.1,0.1,0.5,0,18451,0.040864994,0.015825701,0,0,0,0,0,0,0,0,0,0,5,1.432457999
137418.98,0.483284551,0.5,7111,37,0.11245,33.9375,34.875,37.51,0,0,0.07,0,0,20,0.5,5.5,139,1000,0.1,0.1,0.1,0.1,0.1,0.1,0.5,0,18077,0.041931736,0.015876528,0,0,0,0,0,0,0,0,0,0,5,1.407623857
137479.05,0.496400706,0.5,7111,37,0.16455,33.75,34.875,37.21,0,0,0.07,0,0,20,0.5,5.5,139,1000,0.1,0.1,0.1,0.1,0.1,0.1,0.5,0,17575,0.042788051,0.01598862,0,0,0,0,0,0,0,0,0,0,5,1.417576257
137539.13,0.490623955,0.5,7111,37,0.2133,33.6875,34.9375,37.09,0,0,0.25,0,0,20,0.5,5.5,139,1000,0.1,0.1,0.1,0.1,0.1,0.1,0.5,0,18819,0.041394336,0.01583506,0,0,0,0,0,0,0,0,0,0,5,1.311580892
137599.19,0.512714482,0.5,7111,37,0.14305,33.625,34.9375,37.17,0,0,0.07,0,0,20,0.5,5.5,139,1000,0.1,0.1,0.1,0.1,0.1,0.1,0.5,0,19211,0.040862006,0.015616053,0,0,0,0,0,0,0,0,0,0,5,1.378125345
137659.28,0.52146274,0.5,7111,37,0.17645,33.625,34.9375,37.21,0,0,0,0,0,20,0.5,5.5,139,1000,0.1,0.1,0.1,0.1,0.1,0.1,0.5,0,19250,0.041194805,0.01574026,0,0,0,0,0,0,0,0,0,0,5,1.359975177
137719.36,0.528093057,0.5,7111,37,0.19455,33.5625,34.9375,37.13,0,0,0,0,0,20,0.5,5.5,139,1000,0.1,0.1,0.1,0.1,0.1,0.1,0.5,0,20173,0.040747534,0.015515788,0,0,0,0,0,0,0,0,0,0,5,1.329880485
137779.43,0.539209543,0.5,7111,37,0.21365,33.5625,35,36.87,0,0,0,0,0,20,0.5,5.5,139,1000,0.1,0.1,0.1,0.1,0.1,0.1,0.5,0,20009,0.041031536,0.015543006,0,0,0,0,0,0,0,0,0,0,5,1.325881696
137839.47,0.542960634,0.5,7111,37,0.18445,33.5,34.875,37.03,0,0,0,0,0,20,0.5,5.5,139,1000,0.1,0.1,0.1,0.1,0.1,0.1,0.5,0,19500,0.04174359,0.015692308,0,0,0,0,0,0,0,0,0,0,5,1.280385295
137899.52,0.55017134,0.5,7111,37,0.41295,33.5,34.875,36.53,0,0.02,0.15,0,0,20,0.5,5.5,139,1000,0.1,0.1,0.1,0.1,0.1,0.1,0.5,0,19782,0.041552927,0.015822465,0,0,0,0,0,0,0,0,0,0,0.44,1.280385295
137959.58,0.470784959,0.5,7111,37,0.547077694,33.25,34.8125,35.97,0,0.01526659,0.131066359,0,0,20,0.5,5.5,139,1000,0.1,0.1,0.1,0.1,0.1,0.1,0.5,0,17571,0.042911616,0.016049172,0,0,0,0,0,0,0,0,0,0,0.44,1.280385295
138019.62,0.440390406,0.5,7111,37,0.589747717,33.25,34.75,35.97,0,0,0.07,0,0,20,0.5,5.5,139,1000,0.1,0.1,0.1,0.1,0.1,0.1,0.5,0,18935,0.040665434,0.015738051,0,0,0,0,0,0,0,0,0,0,5,1.280385295
138079.7,0.462577521,0.5,7111,37,0.36605,33.4375,34.6875,36.77,0,0,0.07,0,0,20,0.5,5.5,139,1000,0.1,0.1,0.1,0.1,0.1,0.1,0.5,0,19363,0.040386304,0.015441822,0,0,0,0,0,0,0,0,0,0,5,1.280385295
138139.75,0.487448776,0.5,7111,37,0.2517,33.5625,34.75,37.09,0,0,0.25,0,0,20,0.5,5.5,139,1000,0.1,0.1,0.1,0.1,0.1,0.1,0.5,0,18594,0.040927181,0.015703991,0,0,0,0,0,0,0,0,0,0,5,1.280385295
138199.8,0.482004968,0.5,7111,37,0.18145,33.6875,34.75,37.27,0,0,0.07,0,0,20,0.5,5.5,139,1000,0.1,0.1,0.1,0.1,0.1,0.1,0.5,0,18113,0.042069232,0.016121018,0,0,0,0,0,0,0,0,0,0,5,1.280385295
138259.87,0.519085328,0.5,7111,37,0.16475,33.6875,34.8125,37.29,0,0,0.07,0,0,20,0.5,5.5,139,1000,0.1,0.1,0.1,0.1,0.1,0.1,0.5,0,18355,0.041950422,0.01579951,0,0,0,0,0,0,0,0,0,0,5,1.280385295
138319.92,0.504136905,0.5,7111,37,0.15485,33.6875,34.75,37.21,0,0,0.07,0,0,20,0.5,5.5,139,1000,0.1,0.1,0.1,0.1,0.1,0.1,0.5,0,18539,0.042073467,0.015966341,0,0,0,0,0,0,0,0,0,0,5,1.280385295
138379.99,0.521950572,0.5,7111,37,0.19825,33.6875,34.8125,37.25,0,0,0.07,0,0,20,0.5,5.5,139,1000,0.1,0.1,0.1,0.1,0.1,0.1,0.5,0,19369,0.04099334,0.015746812,0,0,0,0,0,0,0,0,0,0,5,1.320541103
138440.06,0.527106416,0.5,7111,37,0.217,33.625,34.875,37.05,0,0,0.25,0,0,20,0.5,5.5,139,1000,0.1,0.1,0.1,0.1,0.1,0.1,0.5,0,18953,0.041629294,0.015828629,0,0,0,0,0,0,0,0,0,0,5,1.284002737
138500.13,0.522210373,0.5,7111,37,0.16325,33.5625,34.9375,37.21,0,0,0.07,0,0,20,0.5,5.5,139,1000,0.1,0.1,0.1,0.1,0.1,0.1,0.5,0,19071,0.041843637,0.015730691,0,0,0,0,0,0,0,0,0,0,5,1.191806791
138560.19,0.537946354,0.5,7111,37,0.15045,33.5625,34.9375,37.17,0,0,0.07,0,0,20,0.5,5.5,139,1000,0.1,0.1,0.1,0.1,0.1,0.1,0.5,0,20570,0.040495868,0.015410792,0,0,0,0,0,0,0,0,0,0,5,1.221281418
138620.23,0.570676873,0.5,7111,37,0.14065,33.5,34.9375,37.09,0,0,0,0,0,20,0.5,5.5,139,1000,0.1,0.1,0.1,0.1,0.1,0.1,0.5,0,22252,0.039322308,0.015054827,0,0,0,0,0,0,0,0,0,0,5,1.337410281
138680.27,0.572937801,0.5,7111,37,0.398925,33.5,34.9375,36.61,0,0.02,0.15,0,0,20,0.5,5.5,139,1000,0.1,0.1,0.1,0.1,0.1,0.1,0.5,0,21131,0.040130614,0.015427571,0,0,0,0,0,0,0,0,0,0,0.44,1.337410281
138740.32,0.523994567,0.5,7111,37,0.534025,33.375,34.9375,36.05,0,0.02,0.25,0,0,20,0.5,5.5,139,1000,0.1,0.1,0.1,0.1,0.1,0.1,0.5,0,19332,0.041795986,0.015828678,0,0,0,0,0,0,0,0,0,0,0.44,1.337410281
138800.36,0.483258639,0.5,7111,37,0.473825,33.3125,34.9375,36.45,0,0.02,0.15,0,0,20,0.5,5.5,139,1000,0.1,0.1,0.1,0.1,0.1,0.1,0.5,0,18094,0.042279209,0.016027412,0,0,0,0,0,0,0,0,0,0,0.44,1.337410281
138860.44,0.438441059,0.5,7111,37,0.602475,33.3125,34.9375,35.83,0,0,0.07,0,0,20,0.5,5.5,139,1000,0.1,0.1,0.1,0.1,0.1,0.1,0.5,0,17797,0.04169242,0.015957746,0,0,0,0,0,0,0,0,0,0,5,1.337410281
138920.51,0.457057185,0.5,7111,37,0.38665,33.4375,34.9375,36.57,0,0,0.07,0,0,20,0.5,5.5,139,1000,0.1,0.1,0.1,0.1,0.1,0.1,0.5,0,18457,0.041014249,0.015658016,0,0,0,0,0,0,0,0,0,0,5,1.337410281
138980.56,0.47801408,0.5,7111,37,0.20715,33.6875,34.8125,37.13,0,0,0.07,0,0,20,0.5,5.5,139,1000,0.1,0.1,0.1,0.1,0.1,0.1,0.5,0,17275,0.042315485,0.016092619,0,0,0,0,0,0,0,0,0,0,5,1.337410281
139040.63,0.475872023,0.5,7111,37,0.2671,33.75,34.8125,37.05,0,0,0.25,0,0,20,0.5,5.5,139,1000,0.1,0.1,0.1,0.1,0.1,0.1,0.5,0,19484,0.040135496,0.015499897,0,0,0,0,0,0,0,0,0,0,5,1.337410281
139100.68,0.505431026,0.5,7111,37,0.20805,33.75,34.75,37.49,0,0,0.07,0,0,20,0.5,5.5,139,1000,0.1,0.1,0.1,0.1,0.1,0.1,0.5,0,18531,0.041390103,0.01591927,0,0,0,0,0,0,0,0,0,0,5,1.337410281
139160.76,0.498664533,0.5,7111,37,0.17845,33.8125,34.75,37.45,0,0,0.07,0,0,20,0.5,5.5,139,1000,0.1,0.1,0.1,0.1,0.1,0.1,0.5,0,18261,0.041947319,0.015826077,0,0,0,0,0,0,0,0,0,0,5,1.337410281
139220.8,0.528734,0.5,7111,37,0.14675,33.75,34.6875,37.49,0,0,0.07,0,0,20,0.5,5.5,139,1000,0.1,0.1,0.1,0.1,0.1,0.1,0.5,0,19080,0.040932914,0.015618449,0,0,0,0,0,0,0,0,0,0,5,1.446195406
139280.84,0.52596922,0.5,7111,37,0.11765,33.75,34.75,37.29,0,0,0.07,0,0,20,0.5,5.5,139,1000,0.1,0.1,0.1,0.1,0.1,0.1,0.5,0,20555,0.04023352,0.015373388,0,0,0,0,0,0,0,0,0,0,5,1.358157307
139340.92,0.536551761,0.5,7111,37,0.2046,33.625,34.8125,37.09,0,0,0.25,0,0,20,0.5,5.5,139,1000,0.1,0.1,0.1,0.1,0.1,0.1,0.5,0,19205,0.041551679,0.015673002,0,0,0,0,0,0,0,0,0,0,5,1.350010465
139400.98,0.552363539,0.5,7111,37,0.16085,33.5625,34.8125,36.95,0,0,0.07,0,0,20,0.5,5.5,139,1000,0.1,0.1,0.1,0.1,0.1,0.1,0.5,0,18765,0.042152944,0.01598721,0,0,0,0,0,0,0,0,0,0,5,1.369640081
139461.05,0.556903895,0.5,7111,37,0.458875,33.5,34.8125,36.37,0,0.02,0.15,0,0,20,0.5,5.5,139,1000,0.1,0.1,0.1,0.1,0.1,0.1,0.5,0,18620,0.042696026,0.016326531,0,0,0,0,0,0,0,0,0,0,0.44,1.369640081
139521.09,0.504026274,0.5,7111,37,0.72515,33.375,34.875,35.23,0,0.02,0.15,0,0,20,0.5,5.5,139,1000,0.1,0.1,0.1,0.1,0.1,0.1,0.5,0,19519,0.040729546,0.015523336,0,0,0,0,0,0,0,0,0,0,0.44,1.369640081
139581.16,0.431436929,0.5,7111,37,0.6399,33.25,34.875,35.75,0,0,0.07,0,0,20,0.5,5.5,139,1000,0.1,0.1,0.1,0.1,0.1,0.1,0.5,0,18433,0.040850648,0.015732653,0,0,0,0,0,0,0,0,0,0,0.44,1.369640081
139641.22,0.444228972,0.5,7111,37,0.3953,33.5,34.875,36.65,0,0,0.25,0,0,20,0.5,5.5,139,1000,0.1,0.1,0.1,0.1,0.1,0.1,0.5,0,18018,0.041292041,0.015928516,0,0,0,0,0,0,0,0,0,0,5,1.369640081
139701.26,0.467610815,0.5,7111,37,0.22035,33.75,34.875,37.61,0,0,0.07,0,0,20,0.5,5.5,139,1000,0.1,0.1,0.1,0.1,0.1,0.1,0.5,0,18360,0.040795207,0.015686275,0,0,0,0,0,0,0,0,0,0,5,1.369640081
139761.31,0.477238287,0.5,7111,37,0.17685,33.8125,34.875,37.59,0,0,0.07,0,0,20,0.5,5.5,139,1000,0.1,0.1,0.1,0.1,0.1,0.1,0.5,0,17897,0.041515338,0.015868581,0,0,0,0,0,0,0,0,0,0,5,1.369640081
139821.35,0.499932519,0.5,7111,37,0.11975,33.875,34.9375,37.29,0,0,0.07,0,0,20,0.5,5.5,139,1000,0.1,0.1,0.1,0.1,0.1,0.1,0.5,0,18210,0.041515651,0.015980231,0,0,0,0,0,0,0,0,0,0,5,1.369640081
139881.4,0.513521046,0.5,7111,37,0.16505,33.875,34.875,37.21,0,0,0.07,0,0,20,0.5,5.5,139,1000,0.1,0.1,0.1,0.1,0.1,0.1,0.5,0,19636,0.040028519,0.015430841,0,0,0,0,0,0,0,0,0,0,5,1.369640081
139941.49,0.514493832,0.5,7111,37,0.2229,33.75,34.875,37.09,0,0,0.25,0,0,20,0.5,5.5,139,1000,0.1,0.1,0.1,0.1,0.1,0.1,0.5,0,20004,0.039942012,0.015546891,0,0,0,0,0,0,0,0,0,0,5,1.369640081
140001.54,0.536088531,0.5,7111,37,0.13145,33.625,34.9375,37.25,0,0,0.07,0,0,20,0.5,5.5,139,1000,0.1,0.1,0.1,0.1,0.1,0.1,0.5,0,20167,0.040660485,0.015470819,0,0,0,0,0,0,0,0,0,0,5,1.424505323
140061.61,0.542197631,0.5,7111,37,0.14625,33.625,34.9375,37.19,0,0,0.07,0,0,20,0.5,5.5,139,1000,0.1,0.1,0.1,0.1,0.1,0.1,0.5,0,17661,0.042976049,0.016193874,0,0,0,0,0,0,0,0,0,0,5,1.387273809
140121.68,0.545707607,0.5,7111,37,0.443125,33.625,34.9375,36.47,0,0.02,0.15,0,0,20,0.5,5.5,139,1000,0.1,0.1,0.1,0.1,0.1,0.1,0.5,0,19323,0.041504942,0.015991306,0,0,0,0,0,0,0,0,0,0,0.44,1.387273809
140181.74,0.532064034,0.5,7111,37,0.54695,33.4375,34.875,36.07,0,0.02,0.15,0,0,20,0.5,5.5,139,1000,0.1,0.1,0.1,0.1,0.1,0.1,0.5,0,19350,0.041136951,0.015710594,0,0,0,0,0,0,0,0,0,0,0.44,1.387273809
140241.81,0.463725967,0.5,7111,37,0.575275,33.4375,34.8125,36.07,0,0.02,0.25,0,0,20,0.5,5.5,139,1000,0.1,0.1,0.1,0.1,0.1,0.1,0.5,0,18321,0.041864527,0.015774248,0,0,0,0,0,0,0,0,0,0,0.44,1.387273809
140301.87,0.428900806,0.5,7111,37,0.606425,33.375,34.75,36.07,0,0,0.07,0,0,20,0.5,5.5,139,1000,0.1,0.1,0.1,0.1,0.1,0.1,0.5,0,17034,0.042150992,0.016202888,0,0,0,0,0,0,0,0,0,0,5,1.387273809
140361.91,0.415631729,0.5,7111,37,0.40345,33.625,34.75,36.87,0,0,0.07,0,0,20,0.5,5.5,139,1000,0.1,0.1,0.1,0.1,0.1,0.1,0.5,0,17115,0.042243646,0.016009349,0,0,0,0,0,0,0,0,0,0,5,1.387273809
140421.95,0.464855562,0.5,7111,37,0.24395,33.75,34.6875,37.21,0,0,0.07,0,0,20,0.5,5.5,139,1000,0.1,0.1,0.1,0.1,0.1,0.1,0.5,0,17304,0.041724457,0.015834489,0,0,0,0,0,0,0,0,0,0,5,1.387273809
140482,0.472358716,0.5,7111,37,0.14165,33.875,34.6875,37.53,0,0,0.07,0,0,20,0.5,5.5,139,1000,0.1,0.1,0.1,0.1,0.1,0.1,0.5,0,18485,0.040898025,0.01585069,0,0,0,0,0,0,0,0,0,0,5,1.387273809
140542.04,0.499756077,0.5,7111,37,0.1608,33.875,34.625,37.45,0,0,0.25,0,0,20,0.5,5.5,139,1000,0.1,0.1,0.1,0.1,0.1,0.1,0.5,0,17534,0.04197559,0.016026007,0,0,0,0,0,0,0,0,0,0,5,1.387273809
140602.09,0.497299637,0.5,7111,37,0.10635,33.8125,34.6875,37.49,0,0,0.07,0,0,20,0.5,5.5,139,1000,0.1,0.1,0.1,0.1,0.1,0.1,0.5,0,18893,0.040649976,0.015667178,0,0,0,0,0,0,0,0,0,0,5,1.387273809
140662.16,0.509675682,0.5,7111,37,0.14845,33.75,34.6875,37.27,0,0,0.07,0,0,20,0.5,5.5,139,1000,0.1,0.1,0.1,0.1,0.1,0.1,0.5,0,18261,0.041509227,0.015990362,0,0,0,0,0,0,0,0,0,0,5,1.391655727
140722.2,0.524227611,0.5,7111,37,0.20035,33.6875,34.6875,37.13,0,0,0.07,0,0,20,0.5,5.5,139,1000,0.1,0.1,0.1,0.1,0.1,0.1,0.5,0,18674,0.041608654,0.015797365,0,0,0,0,0,0,0,0,0,0,5,1.406527008
140782.24,0.518839922,0.5,7111,37,0.19285,33.625,34.75,37.17,0,0,0.07,0,0,20,0.5,5.5,139,1000,0.1,0.1,0.1,0.1,0.1,0.1,0.5,0,20499,0.040099517,0.015366603,0,0,0,0,0,0,0,0,0,0,5,1.305208971
140842.31,0.526334723,0.5,7111,37,0.2381,33.625,34.75,36.95,0,0,0.25,0,0,20,0.5,5.5,139,1000,0.1,0.1,0.1,0.1,0.1,0.1,0.5,0,18454,0.042321448,0.016094072,0,0,0,0,0,0,0,0,0,0,5,1.282974424
140902.37,0.521270915,0.5,7111,37,0.17525,33.5,34.75,37.05,0,0,0,0,0,20,0.5,5.5,139,1000,0.1,0.1,0.1,0.1,0.1,0.1,0.5,0,19383,0.041428056,0.015735438,0,0,0,0,0,0,0,0,0,0,5,1.189823294
140962.46,0.530412037,0.5,7111,37,0.17165,33.5,34.875,37.09,0,0,0,0,0,20,0.5,5.5,139,1000,0.1,0.1,0.1,0.1,0.1,0.1,0.5,0,19751,0.041364994,0.015644777,0,0,0,0,0,0,0,0,0,0,5,1.182484836
141022.54,0.544327805,0.5,7111,37,0.15215,33.5,34.875,37.05,0,0,0,0,0,20,0.5,5.5,139,1000,0.1,0.1,0.1,0.1,0.1,0.1,0.5,0,21283,0.040172908,0.015270404,0,0,0,0,0,0,0,0,0,0,5,1.201053139
141082.59,0.556662137,0.5,7111,37,0.18585,33.4375,34.9375,37.13,0,0.02,0.15,0,0,20,0.5,5.5,139,1000,0.1,0.1,0.1,0.1,0.1,0.1,0.5,0,19465,0.041870023,0.015823273,0,0,0,0,0,0,0,0,0,0,0.44,1.201053139
141142.66,0.505240892,0.5,7111,37,0.7002,33.3125,35,35.31,0,0.02,0.25,0,0,20,0.5,5.5,139,1000,0.1,0.1,0.1,0.1,0.1,0.1,0.5,0,19223,0.041408729,0.01586641,0,0,0,0,0,0,0,0,0,0,0.44,1.201053139
141202.73,0.439907854,0.5,7111,37,0.66105,33.25,35,35.77,0,0.000639284,0.072557136,0,0,20,0.5,5.5,139,1000,0.1,0.1,0.1,0.1,0.1,0.1,0.5,0,17690,0.041831543,0.01594121,0,0,0,0,0,0,0,0,0,0,0.44,1.201053139
141262.8,0.447806196,0.5,7111,37,0.378550975,33.5,35,36.89,0,0,0.07,0,0,20,0.5,5.5,139,1000,0.1,0.1,0.1,0.1,0.1,0.1,0.5,0,18071,0.041226274,0.015992474,0,0,0,0,0,0,0,0,0,0,5,1.201053139
141322.86,0.47483204,0.5,7111,37,0.21955,33.6875,35,37.41,0,0,0.07,0,0,20,0.5,5.5,139,1000,0.1,0.1,0.1,0.1,0.1,0.1,0.5,0,17878,0.041727263,0.015717642,0,0,0,0,0,0,0,0,0,0,5,1.201053139
141382.94,0.494637141,0.5,7111,37,0.17845,33.8125,35.0625,37.27,0,0,0.07,0,0,20,0.5,5.5,139,1000,0.1,0.1,0.1,0.1,0.1,0.1,0.5,0,18747,0.041019897,0.015629167,0,0,0,0,0,0,0,0,0,0,5,1.201053139
141443.01,0.493567651,0.5,7111,37,0.2012,33.75,35.0625,37.25,0,0,0.25,0,0,20,0.5,5.5,139,1000,0.1,0.1,0.1,0.1,0.1,0.1,0.5,0,19305,0.040870241,0.015591816,0,0,0,0,0,0,0,0,0,0,5,1.201053139
141503.07,0.50352113,0.5,7111,37,0.18685,33.75,35.0625,37.29,0,0,0.07,0,0,20,0.5,5.5,139,1000,0.1,0.1,0.1,0.1,0.1,0.1,0.5,0,18110,0.042241855,0.016234125,0,0,0,0,0,0,0,0,0,0,5,1.201053139
141563.12,0.505937196,0.5,7111,37,0.14785,33.75,35.0625,37.25,0,0,0.07,0,0,20,0.5,5.5,139,1000,0.1,0.1,0.1,0.1,0.1,0.1,0.5,0,19864,0.040273862,0.015706806,0,0,0,0,0,0,0,0,0,0,5,1.201053139
141623.19,0.525601517,0.5,7111,37,0.18945,33.6875,35.0625,37.27,0,0,0.07,0,0,20,0.5,5.5,139,1000,0.1,0.1,0.1,0.1,0.1,0.1,0.5,0,19467,0.041403401,0.015616171,0,0,0,0,0,0,0,0,0,0,5,1.255392911
141683.31,0.524388338,0.5,7111,37,0.14015,33.6875,35.0625,37.21,0,0,0.07,0,0,20,0.5,5.5,139,1000,0.1,0.1,0.1,0.1,0.1,0.1,0.5,0,19775,0.041011378,0.015726928,0,0,0,0,0,0,0,0,0,0,5,1.185690744
141743.35,0.555836276,0.5,7111,37,0.2243,33.625,35,37.01,0,0,0.25,0,0,20,0.5,5.5,139,1000,0.1,0.1,0.1,0.1,0.1,0.1,0.5,0,20360,0.040520629,0.015569745,0,0,0,0,0,0,0,0,0,0,5,1.301130016
141803.4,0.552203229,0.5,7111,37,0.18175,33.5625,35,37.11,0,0.02,0.15,0,0,20,0.5,5.5,139,1000,0.1,0.1,0.1,0.1,0.1,0.1,0.5,0,20557,0.040618767,0.015420538,0,0,0,0,0,0,0,0,0,0,0.44,1.301130016
141863.45,0.510940973,0.5,7111,37,0.39765,33.4375,35.0625,36.63,0,0.02,0.15,0,0,20,0.5,5.5,139,1000,0.1,0.1,0.1,0.1,0.1,0.1,0.5,0,18788,0.042367469,0.016020864,0,0,0,0,0,0,0,0,0,0,0.44,1.301130016
141923.51,0.473168923,0.5,7111,37,0.532825,33.375,35,36.31,0,0.02,0.15,0,0,20,0.5,5.5,139,1000,0.1,0.1,0.1,0.1,0.1,0.1,0.5,0,18021,0.042284002,0.015981355,0,0,0,0,0,0,0,0,0,0,0.44,1.301130016
141983.57,0.43049288,0.5,7111,37,0.60055,33.4375,34.875,36.21,0,0,0.07,0,0,20,0.5,5.5,139,1000,0.1,0.1,0.1,0.1,0.1,0.1,0.5,0,18505,0.040907863,0.015887598,0,0,0,0,0,0,0,0,0,0,5,1.301130016
142043.64,0.419799598,0.5,7111,37,0.3386,33.625,34.875,36.89,0,0,0.25,0,0,20,0.5,5.5,139,1000,0.1,0.1,0.1,0.1,0.1,0.1,0.5,0,16969,0.042489245,0.016088161,0,0,0,0,0,0,0,0,0,0,5,1.301130016
142103.69,0.455794145,0.5,7111,37,0.21305,33.75,34.8125,37.37,0,0,0.07,0,0,20,0.5,5.5,139,1000,0.1,0.1,0.1,0.1,0.1,0.1,0.5,0,19363,0.040231369,0.015390177,0,0,0,0,0,0,0,0,0,0,5,1.301130016
142163.77,0.467609388,0.5,7111,37,0.16925,33.875,34.8125,37.37,0,0,0.07,0,0,20,0.5,5.5,139,1000,0.1,0.1,0.1,0.1,0.1,0.1,0.5,0,17958,0.041541374,0.015814679,0,0,0,0,0,0,0,0,0,0,5,1.301130016
142223.85,0.501403792,0.5,7111,37,0.13865,33.875,34.8125,37.35,0,0,0.07,0,0,20,0.5,5.5,139,1000,0.1,0.1,0.1,0.1,0.1,0.1,0.5,0,18216,0.041172596,0.015700483,0,0,0,0,0,0,0,0,0,0,5,1.301130016
142283.93,0.503050508,0.5,7111,37,0.17015,33.875,34.875,37.37,0,0,0.07,0,0,20,0.5,5.5,139,1000,0.1,0.1,0.1,0.1,0.1,0.1,0.5,0,17620,0.04262202,0.016288309,0,0,0,0,0,0,0,0,0,0,5,1.301130016
142343.97,0.50254645,0.5,7111,37,0.1756,33.8125,34.875,37.29,0,0,0.25,0,0,20,0.5,5.5,139,1000,0.1,0.1,0.1,0.1,0.1,0.1,0.5,0,18794,0.04139619,0.015909333,0,0,0,0,0,0,0,0,0,0,5,1.233066004
142404.03,0.51427828,0.5,7111,37,0.15005,33.8125,34.875,37.33,0,0,0.07,0,0,20,0.5,5.5,139,1000,0.1,0.1,0.1,0.1,0.1,0.1,0.5,0,18159,0.042348147,0.015970042,0,0,0,0,0,0,0,0,0,0,5,1.240642042
142464.1,0.528082468,0.5,7111,37,0.14425,33.6875,34.9375,37.25,0,0,0.07,0,0,20,0.5,5.5,139,1000,0.1,0.1,0.1,0.1,0.1,0.1,0.5,0,18655,0.041972661,0.01586706,0,0,0,0,0,0,0,0,0,0,5,1.258073761
142524.15,0.518572048,0.5,7111,37,0.19295,33.625,35,37.13,0,0,0.07,0,0,20,0.5,5.5,139,1000,0.1,0.1,0.1,0.1,0.1,0.1,0.5,0,19624,0.041428863,0.016051773,0,0,0,0,0,0,0,0,0,0,5,1.140649607
142584.22,0.538799888,0.5,7111,37,0.16665,33.625,35.0625,37.27,0,0,0,0,0,20,0.5,5.5,139,1000,0.1,0.1,0.1,0.1,0.1,0.1,0.5,0,19987,0.041126732,0.015610147,0,0,0,0,0,0,0,0,0,0,5,1.198412923
142644.25,0.573803607,0.5,7111,37,0.20065,33.625,35,37.03,0,0,0,0,0,20,0.5,5.5,139,1000,0.1,0.1,0.1,0.1,0.1,0.1,0.5,0,19650,0.041475827,0.015725191,0,0,0,0,0,0,0,0,0,0,5,1.327321134
142704.31,0.5588828,0.5,7111,37,0.18735,33.5625,35,36.95,0,0.02,0.15,0,0,20,0.5,5.5,139,1000,0.1,0.1,0.1,0.1,0.1,0.1,0.5,0,21846,0.039549574,0.015334615,0,0,0,0,0,0,0,0,0,0,0.44,1.327321134
142764.38,0.541266652,0.5,7111,37,0.39215,33.4375,35.0625,36.57,0,0.02,0.15,0,0,20,0.5,5.5,139,1000,0.1,0.1,0.1,0.1,0.1,0.1,0.5,0,18089,0.043451822,0.016252971,0,0,0,0,0,0,0,0,0,0,0.44,1.327321134
142824.43,0.471089799,0.5,7111,37,0.557025,33.3125,35.0625,36.01,0,0.02,0.15,0,0,20,0.5,5.5,139,1000,0.1,0.1,0.1,0.1,0.1,0.1,0.5,0,18730,0.041324079,0.015910304,0,0,0,0,0,0,0,0,0,0,0.44,1.327321134
142884.52,0.406123484,0.5,7111,37,0.628825,33.3125,35.0625,35.93,0,0,0.07,0,0,20,0.5,5.5,139,1000,0.1,0.1,0.1,0.1,0.1,0.1,0.5,0,17086,0.042198291,0.015919466,0,0,0,0,0,0,0,0,0,0,5,1.327321134
142944.59,0.453687265,0.5,7111,37,0.3446,33.5625,35,36.89,0,0,0.25,0,0,20,0.5,5.5,139,1000,0.1,0.1,0.1,0.1,0.1,0.1,0.5,0,17170,0.042108328,0.015841584,0,0,0,0,0,0,0,0,0,0,5,1.327321134
143004.65,0.435009737,0.5,7111,37,0.24555,33.75,35.0625,37.27,0,0,0.07,0,0,20,0.5,5.5,139,1000,0.1,0.1,0.1,0.1,0.1,0.1,0.5,0,17573,0.041882433,0.015819723,0,0,0,0,0,0,0,0,0,0,5,1.327321134
143064.72,0.474266343,0.5,7111,37,0.12725,33.9375,35.0625,37.45,0,0,0.07,0,0,20,0.5,5.5,139,1000,0.1,0.1,0.1,0.1,0.1,0.1,0.5,0,17343,0.04197659,0.015914202,0,0,0,0,0,0,0,0,0,0,5,1.327321134
143124.8,0.474249086,0.5,7111,37,0.14075,33.875,35.125,37.43,0,0,0.07,0,0,20,0.5,5.5,139,1000,0.1,0.1,0.1,0.1,0.1,0.1,0.5,0,17985,0.04175702,0.016068946,0,0,0,0,0,0,0,0,0,0,5,1.327321134
143184.83,0.495474087,0.5,7111,37,0.14015,33.9375,35.0625,37.27,0,0,0.07,0,0,20,0.5,5.5,139,1000,0.1,0.1,0.1,0.1,0.1,0.1,0.5,0,19034,0.04118945,0.015603657,0,0,0,0,0,0,0,0,0,0,5,1.327321134
143244.92,0.501402686,0.5,7111,37,0.2009,33.75,34.9375,37.19,0,0,0.25,0,0,20,0.5,5.5,139,1000,0.1,0.1,0.1,0.1,0.1,0.1,0.5,0,18977,0.041207778,0.01570322,0,0,0,0,0,0,0,0,0,0,5,1.296638537
143304.96,0.514687934,0.5,7111,37,0.19275,33.8125,34.875,37.29,0,0,0.07,0,0,20,0.5,5.5,139,1000,0.1,0.1,0.1,0.1,0.1,0.1,0.5,0,19479,0.041326557,0.015863237,0,0,0,0,0,0,0,0,0,0,5,1.310260272
143365,0.519067501,0.5,7111,37,0.16965,33.6875,34.875,37.45,0,0,0.07,0,0,20,0.5,5.5,139,1000,0.1,0.1,0.1,0.1,0.1,0.1,0.5,0,18695,0.042096817,0.015886601,0,0,0,0,0,0,0,0,0,0,5,1.27016677
143425.05,0.538177902,0.5,7111,37,0.15825,33.6875,34.8125,37.19,0,0,0.07,0,0,20,0.5,5.5,139,1000,0.1,0.1,0.1,0.1,0.1,0.1,0.5,0,18801,0.041859476,0.015903409,0,0,0,0,0,0,0,0,0,0,5,1.315124167
143485.11,0.543392283,0.5,7111,37,0.18815,33.5625,34.8125,37.11,0,0,0,0,0,20,0.5,5.5,139,1000,0.1,0.1,0.1,0.1,0.1,0.1,0.5,0,19449,0.041955885,0.01583629,0,0,0,0,0,0,0,0,0,0,5,1.278294908
143545.19,0.549380594,0.5,7111,37,0.393075,33.5,34.8125,36.69,0,0.02,0.25,0,0,20,0.5,5.5,139,1000,0.1,0.1,0.1,0.1,0.1,0.1,0.5,0,20191,0.041355059,0.015848645,0,0,0,0,0,0,0,0,0,0,0.44,1.278294908
143605.25,0.509137465,0.5,7111,37,0.518125,33.375,34.875,36.33,0,0.02,0.15,0,0,20,0.5,5.5,139,1000,0.1,0.1,0.1,0.1,0.1,0.1,0.5,0,17606,0.0432807,0.016414859,0,0,0,0,0,0,0,0,0,0,0.44,1.278294908
143665.32,0.463652873,0.5,7111,37,0.5489,33.3125,34.9375,36.21,0,0.02,0.15,0,0,20,0.5,5.5,139,1000,0.1,0.1,0.1,0.1,0.1,0.1,0.5,0,17955,0.041938179,0.016095795,0,0,0,0,0,0,0,0,0,0,0.44,1.278294908
143725.44,0.443136955,0.5,7111,37,0.523275,33.375,34.9375,36.23,0,0,0.07,0,0,20,0.5,5.5,139,1000,0.1,0.1,0.1,0.1,0.1,0.1,0.5,0,16782,0.04266476,0.016207842,0,0,0,0,0,0,0,0,0,0,5,1.278294908
143785.5,0.468969523,0.5,7111,37,0.26375,33.6875,35,37.05,0,0,0.07,0,0,20,0.5,5.5,139,1000,0.1,0.1,0.1,0.1,0.1,0.1,0.5,0,17296,0.04220629,0.016015264,0,0,0,0,0,0,0,0,0,0,5,1.278294908
143845.53,0.499996117,0.5,7111,37,0.2425,33.8125,35,37.17,0,0,0.25,0,0,20,0.5,5.5,139,1000,0.1,0.1,0.1,0.1,0.1,0.1,0.5,0,17631,0.042368555,0.015937837,0,0,0,0,0,0,0,0,0,0,5,1.278294908
143905.56,0.484037642,0.5,7111,37,0.17105,33.8125,35,37.33,0,0,0.07,0,0,20,0.5,5.5,139,1000,0.1,0.1,0.1,0.1,0.1,0.1,0.5,0,18050,0.041939058,0.016177285,0,0,0,0,0,0,0,0,0,0,5,1.278294908
143965.65,0.501667531,0.5,7111,37,0.14195,33.875,35.0625,37.49,0,0,0.07,0,0,20,0.5,5.5,139,1000,0.1,0.1,0.1,0.1,0.1,0.1,0.5,0,18950,0.041266491,0.015831135,0,0,0,0,0,0,0,0,0,0,5,1.278294908
144025.74,0.517886706,0.5,7111,37,0.12845,33.8125,35.0625,37.49,0,0,0.07,0,0,20,0.5,5.5,139,1000,0.1,0.1,0.1,0.1,0.1,0.1,0.5,0,19449,0.040824721,0.015579207,0,0,0,0,0,0,0,0,0,0,5,1.278294908
144085.83,0.524848423,0.5,7111,37,0.15265,33.75,35.0625,37.03,0,0,0.07,0,0,20,0.5,5.5,139,1000,0.1,0.1,0.1,0.1,0.1,0.1,0.5,0,18759,0.042006504,0.015939016,0,0,0,0,0,0,0,0,0,0,5,1.25443916
144145.93,0.517562635,0.5,7111,37,0.2485,33.6875,35.125,36.93,0,0,0.25,0,0,20,0.5,5.5,139,1000,0.1,0.1,0.1,0.1,0.1,0.1,0.5,0,19735,0.040739802,0.01560679,0,0,0,0,0,0,0,0,0,0,5,1.149780348
144205.99,0.550884905,0.5,7111,37,0.14355,33.625,35.0625,37.21,0,0,0.07,0,0,20,0.5,5.5,139,1000,0.1,0.1,0.1,0.1,0.1,0.1,0.5,0,19460,0.041418294,0.015673176,0,0,0,0,0,0,0,0,0,0,5,1.279477389
144266.04,0.56692181,0.5,7111,37,0.17935,33.625,35.0625,37.17,0,0.02,0.15,0,0,20,0.5,5.5,139,1000,0.1,0.1,0.1,0.1,0.1,0.1,0.5,0,19643,0.041694242,0.015730795,0,0,0,0,0,0,0,0,0,0,0.44,1.279477389
144326.09,0.544722597,0.5,7111,37,0.410225,33.5,35.0625,36.45,0,0.02,0.15,0,0,20,0.5,5.5,139,1000,0.1,0.1,0.1,0.1,0.1,0.1,0.5,0,17908,0.04338843,0.016473085,0,0,0,0,0,0,0,0,0,0,0.44,1.279477389
144386.14,0.484697163,0.5,7111,37,0.531625,33.4375,35.0625,36.37,0,0.02,0.15,0,0,20,0.5,5.5,139,1000,0.1,0.1,0.1,0.1,0.1,0.1,0.5,0,18248,0.041538799,0.015782552,0,0,0,0,0,0,0,0,0,0,0.44,1.279477389
144446.2,0.447091063,0.5,7111,37,0.4768,33.4375,35,36.33,0,0,0.25,0,0,20,0.5,5.5,139,1000,0.1,0.1,0.1,0.1,0.1,0.1,0.5,0,16418,0.043427945,0.016567182,0,0,0,0,0,0,0,0,0,0,5,1.279477389
144506.26,0.453717819,0.5,7111,37,0.28545,33.6875,34.875,37.05,0,0,0.07,0,0,20,0.5,5.5,139,1000,0.1,0.1,0.1,0.1,0.1,0.1,0.5,0,15976,0.044316475,0.016524787,0,0,0,0,0,0,0,0,0,0,5,1.279477389
144566.36,0.473696107,0.5,7111,37,0.21145,33.8125,34.875,37.43,0,0,0.07,0,0,20,0.5,5.5,139,1000,0.1,0.1,0.1,0.1,0.1,0.1,0.5,0,18570,0.041033926,0.015670436,0,0,0,0,0,0,0,0,0,0,5,1.279477389
144626.41,0.505550862,0.5,7111,37,0.17495,34,34.875,37.61,0,0,0.07,0,0,20,0.5,5.5,139,1000,0.1,0.1,0.1,0.1,0.1,0.1,0.5,0,18663,0.04115094,0.015753094,0,0,0,0,0,0,0,0,0,0,5,1.279477389
144686.48,0.482141926,0.5,7111,37,0.14495,33.9375,34.8125,37.33,0,0,0.07,0,0,20,0.5,5.5,139,1000,0.1,0.1,0.1,0.1,0.1,0.1,0.5,0,17998,0.042115791,0.016112901,0,0,0,0,0,0,0,0,0,0,5,1.279477389
144746.52,0.497979928,0.5,7111,37,0.2213,33.875,34.875,37.13,0,0,0.25,0,0,20,0.5,5.5,139,1000,0.1,0.1,0.1,0.1,0.1,0.1,0.5,0,18262,0.041890264,0.015825211,0,0,0,0,0,0,0,0,0,0,5,1.279477389
144806.59,0.50156708,0.5,7111,37,0.16105,33.8125,34.9375,37.21,0,0,0.07,0,0,20,0.5,5.5,139,1000,0.1,0.1,0.1,0.1,0.1,0.1,0.5,0,18471,0.042174219,0.015862704,0,0,0,0,0,0,0,0,0,0,5,1.237036276
144866.67,0.52440759,0.5,7111,37,0.14375,33.75,34.9375,37.27,0,0,0.07,0,0,20,0.5,5.5,139,1000,0.1,0.1,0.1,0.1,0.1,0.1,0.5,0,18637,0.042227826,0.015936041,0,0,0,0,0,0,0,0,0,0,5,1.308780068
144926.72,0.530211908,0.5,7111,37,0.13295,33.6875,35,37.03,0,0,0.07,0,0,20,0.5,5.5,139,1000,0.1,0.1,0.1,0.1,0.1,0.1,0.5,0,19074,0.041837056,0.015833071,0,0,0,0,0,0,0,0,0,0,5,1.276363643
144986.78,0.549782024,0.5,7111,37,0.17755,33.6875,35,37.13,0,0,0.07,0,0,20,0.5,5.5,139,1000,0.1,0.1,0.1,0.1,0.1,0.1,0.5,0,19449,0.041595969,0.015887706,0,0,0,0,0,0,0,0,0,0,5,1.321280844
145046.84,0.524586016,0.5,7111,37,0.14005,33.5,35.0625,36.97,0,0,0,0,0,20,0.5,5.5,139,1000,0.1,0.1,0.1,0.1,0.1,0.1,0.5,0,19717,0.041943501,0.015976061,0,0,0,0,0,0,0,0,0,0,5,1.114479397
145106.88,0.56345661,0.5,7111,37,0.18175,33.5,35,36.95,0,0,0,0,0,20,0.5,5.5,139,1000,0.1,0.1,0.1,0.1,0.1,0.1,0.5,0,18703,0.043094691,0.016040207,0,0,0,0,0,0,0,0,0,0,5,1.273198181
145166.91,0.568622014,0.5,7111,37,0.18585,33.4375,35,36.95,0,0.02,0.15,0,0,20,0.5,5.5,139,1000,0.1,0.1,0.1,0.1,0.1,0.1,0.5,0,21679,0.040084875,0.01531436,0,0,0,0,0,0,0,0,0,0,0.44,1.273198181
145226.98,0.51763417,0.5,7111,37,0.48785,33.3125,35.0625,36.25,0,0.02,0.15,0,0,20,0.5,5.5,139,1000,0.1,0.1,0.1,0.1,0.1,0.1,0.5,0,19248,0.042030341,0.015897756,0,0,0,0,0,0,0,0,0,0,0.44,1.273198181
145287.01,0.485007962,0.5,7111,37,0.527925,33.3125,35.0625,36.21,0,0.02,0.15,0,0,20,0.5,5.5,139,1000,0.1,0.1,0.1,0.1,0.1,0.1,0.5,0,21356,0.039333208,0.01517138,0,0,0,0,0,0,0,0,0,0,0.44,1.273198181
145347.08,0.46731034,0.5,7111,37,0.48295,33.4375,35.125,36.53,0,0.02,0.25,0,0,20,0.5,5.5,139,1000,0.1,0.1,0.1,0.1,0.1,0.1,0.5,0,19114,0.041958774,0.015799937,0,0,0,0,0,0,0,0,0,0,0.44,1.273198181
145407.12,0.526315542,0.5,7111,37,0.404,33.625,35.125,36.97,0,0,0.07,0,0,20,0.5,5.5,139,1000,0.1,0.1,0.1,0.1,0.1,0.1,0.5,0,19611,0.043903931,0.016368365,0,0,0,0,0,0,0,0,0,0,0.44,1.273198181
145467.2,0.519832588,0.5,7111,37,0.21445,33.75,35.0625,37.33,0,0.02,0.15,0,0,20,0.5,5.5,139,1000,0.1,0.1,0.1,0.1,0.1,0.1,0.5,0,20322,0.043155201,0.016140144,0,0,0,0,0,0,0,0,0,0,0.44,1.273198181
145527.28,0.509084848,0.5,7111,37,0.363125,33.8125,35.0625,37.03,0,0.02,0.15,0,0,20,0.5,5.5,139,1000,0.1,0.1,0.1,0.1,0.1,0.1,0.5,0,17914,0.046444122,0.016914145,0,0,0,0,0,0,0,0,0,0,0.44,1.273198181
145587.37,0.55750306,0.5,7111,37,0.290125,33.8125,35.125,37.11,0,0,0.07,0,0,20,0.5,5.5,139,1000,0.1,0.1,0.1,0.1,0.1,0.1,0.5,0,22520,0.043206039,0.015852575,0,0,0,0,0,0,0,0,0,0,0.44,1.273198181