exp_time,od_measured,od_setpoint,od_zero_setpoint,thermostat_setpoint,heating_rate,internal_air_temp,external_air_temp,media_temp,opt_gen_act_int,pump_1_rate,pump_2_rate,pump_3_rate,pump_4_rate,media_vol,stirring_rate,Van,OC6,IPTG,LED_457nm_setpoint,LED_500nm_setpoint,LED_523nm_setpoint,LED_595nm_setpoint,LED_623nm_setpoint,LED_6500K_setpoint,laser_setpoint,LED_UV_int,FP1_base,FP1_emit1,FP1_emit2,FP2_base,FP2_emit1,FP2_emit2,FP3_base,FP3_emit1,FP3_emit2,custom_prog_param1,custom_prog_param2,custom_prog_param3,custom_prog_status,zigzag_target,growth_rate
0.19,0.002845795,0.5,6181,37,0.18325,33.0625,34.625,36.87,0,0,0.25,0,0,20,0.5,0,0,0,0.1,0.1,0.1,0.1,0.1,0.1,0.5,0,10593,0.041442462,0.017275559,3943,0.042607152,0.034998732,3051,0.02589315,0,0,0,0,0,5,2
60.26,0.013133517,0.5,6181,37,0.2064,32.9375,34.6875,36.85,0,0,0.07,0,0,20,0.5,0,0,0,0.1,0.1,0.1,0.1,0.1,0.1,0.5,0,10601,0.041316857,0.0168852,3906,0.04249872,0.035330261,3061,0.025481869,0,0,0,0,0,5,2
120.33,0.072397995,0.5,6181,37,0.1417,32.8125,34.75,36.95,0,0,0.07,0,0,20,0.5,0,0,0,0.1,0.1,0.1,0.1,0.1,0.1,0.5,0,10549,0.041615319,0.017158024,3884,0.042224511,0.034757981,3046,0.025607354,0,0,0,0,0,5,2
180.4,0.009247591,0.5,6181,37,0.1202,32.9375,34.75,36.97,0,0,0.07,0,0,20,0.5,0,0,0,0.1,0.1,0.1,0.1,0.1,0.1,0.5,0,10503,0.04160716,0.017423593,3922,0.042070372,0.034676186,3046,0.025279054,0,0,0,0,0,5,2
240.47,0.017240774,0.5,6181,37,0.1676,32.9375,34.8125,37.03,0,0,0.07,0,0,20,0.5,0,0,0,0.1,0.1,0.1,0.1,0.1,0.1,0.5,0,10657,0.041287417,0.016984142,3910,0.042199488,0.035038363,3042,0.026627219,0,0,0,0,0,5,2
300.54,0.016580603,0.5,6181,37,0.20715,33.0625,34.875,36.79,0,0,0.25,0,0,20,0.5,0,0,0,0.1,0.1,0.1,0.1,0.1,0.1,0.5,0,10643,0.041435685,0.017006483,3948,0.042299899,0.034447822,3042,0.025969757,0,0,0,0,0,5,2
360.6,0.007216312,0.5,6181,37,0.1308,33.0625,34.8125,37.09,0,0,0.07,0,0,20,0.5,0,0,0,0.1,0.1,0.1,0.1,0.1,0.1,0.5,0,10536,0.041381929,0.017274108,3950,0.042278481,0.035189873,3041,0.024991779,0,0,0,0,0,5,-0.595668376
420.67,0.008590974,0.5,6181,37,0.1449,33.0625,34.875,36.95,0,0,0.07,0,0,20,0.5,0,0,0,0.1,0.1,0.1,0.1,0.1,0.1,0.5,0,10558,0.0412957,0.017048683,3946,0.042321338,0.034718702,3045,0.026272578,0,0,0,0,0,5,-0.042780771
480.74,0.003685774,0.5,6181,37,0.1596,33.0625,34.9375,36.95,0,0,0.07,0,0,20,0.5,0,0,0,0.1,0.1,0.1,0.1,0.1,0.1,0.5,0,10580,0.041304348,0.017013233,3935,0.042439644,0.035069886,3069,0.025415445,0,0,0,0,0,5,-2.579336777
540.81,0.040195559,0.5,6181,37,0.1917,33.0625,34.9375,37.01,0,0,0.07,0,0,20,0.5,0,0,0,0.1,0.1,0.1,0.1,0.1,0.1,0.5,0,10573,0.041804597,0.017213657,3919,0.042357744,0.034957897,3104,0.026095361,0,0,0,0,0,5,4.717458273
600.85,0.008268397,0.5,6181,37,0.22745,33.0625,34.9375,36.71,0,0,0.25,0,0,20,0.5,0,0,0,0.1,0.1,0.1,0.1,0.1,0.1,0.5,0,10625,0.041129412,0.016941176,3951,0.04226778,0.035180967,3044,0.025952694,0,0,0,0,0,5,-0.262362334
660.91,0.004427668,0.5,6181,37,0.147,33,34.875,37.19,0,0,0.07,0,0,20,0.5,0,0,0,0.1,0.1,0.1,0.1,0.1,0.1,0.5,0,10549,0.041330932,0.017158024,3936,0.042174797,0.035315041,3069,0.025415445,0,0,0,0,0,5,-2.122947252
720.98,0.002551267,0.5,6181,37,0.1299,33,34.8125,37.11,0,0,0.07,0,0,20,0.5,0,0,0,0.1,0.1,0.1,0.1,0.1,0.1,0.5,0,10603,0.041120438,0.016693389,3939,0.042396547,0.034780401,3076,0.025682705,0,0,0,0,0,5,-3.670648717
781.05,0.005820188,0.5,6181,37,0.1416,33,34.8125,37.05,0,0,0.07,0,0,20,0.5,0,0,0,0.1,0.1,0.1,0.1,0.1,0.1,0.5,0,10571,0.041244915,0.01683852,3970,0.042065491,0.034760705,3037,0.027000329,0,0,0,0,0,5,-1.012888674
841.1,0.005142434,0.5,6181,37,0.1369,33,34.8125,37.01,0,0,0.07,0,0,20,0.5,0,0,0,0.1,0.1,0.1,0.1,0.1,0.1,0.5,0,10569,0.04125272,0.017125556,3992,0.042334669,0.03507014,3044,0.025295664,0,0,0,0,0,5,-1.333662359
901.17,0.005044355,0.5,6181,37,0.1672,33,34.875,36.93,0,0,0,0,0,20,0.5,0,0,0,0.1,0.1,0.1,0.1,0.1,0.1,0.5,0,10535,0.041480778,0.017180826,3939,0.042142676,0.034780401,3061,0.02613525,0,0,0,0,0,5,-1.324749196
961.25,0.005760104,0.5,6181,37,0.1381,33.0625,34.875,36.89,0,0,0,0,0,20,0.5,0,0,0,0.1,0.1,0.1,0.1,0.1,0.1,0.5,0,10570,0.04153264,0.016840114,3951,0.04226778,0.035434067,3047,0.02559895,0,0,0,0,0,5,-0.860454926
1021.32,0.005950341,0.5,6181,37,0.1431,33.0625,34.875,37.11,0,0,0,0,0,20,0.5,0,0,0,0.1,0.1,0.1,0.1,0.1,0.1,0.5,0,10585,0.04109589,0.016816249,3975,0.042012579,0.034716981,3050,0.025245902,0,0,0,0,0,5,-0.719952925
1081.35,0.004945455,0.5,6181,37,0.1675,33.0625,34.9375,37.01,0,0,0,0,0,20,0.5,0,0,0,0.1,0.1,0.1,0.1,0.1,0.1,0.5,0,10720,0.041231343,0.016884328,3952,0.042257085,0.035425101,3047,0.025270758,0,0,0,0,0,5,-1.238893967
1141.41,0.005108165,0.5,6181,37,0.1454,33.0625,34.9375,36.81,0,0,0,0,0,20,0.5,0,0,0,0.1,0.1,0.1,0.1,0.1,0.1,0.5,0,10696,0.041136874,0.0171092,3971,0.041803072,0.035255603,3075,0.025365854,0,0,0,0,0,5,-1.07983564
1201.47,0.007835354,0.5,6181,37,0.1227,33.125,35,36.95,0,0,0,0,0,20,0.5,0,0,0,0.1,0.1,0.1,0.1,0.1,0.1,0.5,0,10621,0.041239055,0.016947557,3949,0.042795644,0.034945556,3069,0.025089606,0,0,0,0,0,5,0.257573686
1261.54,0.004946991,0.5,6181,37,0.1165,33.125,35,36.87,0,0,0,0,0,20,0.5,0,0,0,0.1,0.1,0.1,0.1,0.1,0.1,0.5,0,10587,0.041182582,0.017096439,4008,0.04241517,0.035179641,3042,0.024654832,0,0,0,0,0,5,-1.134904341
1321.6,0.006181013,0.5,6181,37,0.1595,33.1875,35,36.77,0,0,0,0,0,20,0.5,0,0,0,0.1,0.1,0.1,0.1,0.1,0.1,0.5,0,10547,0.04162321,0.016971651,3974,0.041771515,0.034725717,3077,0.026649334,0,0,0,0,0,5,-0.41005118
1381.68,0.007287298,0.5,6181,37,0.1427,33.125,35,36.81,0,0,0,0,0,20,0.5,0,0,0,0.1,0.1,0.1,0.1,0.1,0.1,0.5,0,10684,0.041463871,0.016754025,3978,0.041980895,0.034690799,3047,0.024614375,0,0,0,0,0,5,0.104403012
1441.75,0.006471056,0.5,6181,37,0.1383,33.1875,35,36.87,0,0,0,0,0,20,0.5,0,0,0,0.1,0.1,0.1,0.1,0.1,0.1,0.5,0,10655,0.041295167,0.016799625,3966,0.041855774,0.034795764,3057,0.025188093,0,0,0,0,0,5,-0.25719761
1501.81,0.006472139,0.5,6181,37,0.1407,33.125,35,36.97,0,0,0,0,0,20,0.5,0,0,0,0.1,0.1,0.1,0.1,0.1,0.1,0.5,0,10808,0.040895633,0.017024426,3959,0.042434958,0.035109876,3074,0.025699414,0,0,0,0,0,5,-0.243835384
1561.86,0.007609853,0.5,6181,37,0.1978,33.125,35,36.73,0,0,0,0,0,20,0.5,0,0,0,0.1,0.1,0.1,0.1,0.1,0.1,0.5,0,10594,0.041249764,0.016801963,3968,0.042842742,0.036290323,3056,0.025196335,0,0,0,0,0,5,0.254167692
1621.9,0.044328574,0.5,6181,37,0.1198,32.875,34.9375,37.11,0,0,0,0,0,20,0.5,0,0,0,0.1,0.1,0.1,0.1,0.1,0.1,0.5,0,10633,0.041474654,0.017116524,3973,0.042537126,0.034986157,3075,0.026341463,0,0,0,0,0,5,5.528016226
1681.97,0.008526704,0.5,6181,37,0.095,32.9375,34.8125,36.87,0,0,0,0,0,20,0.5,0,0,0,0.1,0.1,0.1,0.1,0.1,0.1,0.5,0,10657,0.041662757,0.017171812,3976,0.042253521,0.035211268,3062,0.025473547,0,0,0,0,0,5,0.306335722
1742.04,0.008422755,0.5,6181,37,0.1721,32.9375,34.875,37.11,0,0,0,0,0,20,0.5,0,0,0,0.1,0.1,0.1,0.1,0.1,0.1,0.5,0,10681,0.041007396,0.01675873,3987,0.042136945,0.035114121,3092,0.025873221,0,0,0,0,0,5,0.254221259
1802.11,0.008910483,0.5,6181,37,0.1545,33,34.875,36.97,0,0,0,0,0,20,0.5,0,0,0,0.1,0.1,0.1,0.1,0.1,0.1,0.5,0,10753,0.041290803,0.016646517,3985,0.042409034,0.034880803,3071,0.0267014,0,0,0,0,0,5,0.410384549
1862.18,0.008551466,0.5,6181,37,0.143,33.0625,34.875,36.87,0,0,0,0,0,20,0.5,0,0,0,0.1,0.1,0.1,0.1,0.1,0.1,0.5,0,10642,0.041439579,0.017289983,4015,0.042839352,0.034620174,3057,0.024860975,0,0,0,0,0,5,0.266487996
1922.22,0.009237116,0.5,6181,37,0.1433,33.0625,34.9375,36.89,0,0,0,0,0,20,0.5,0,0,0,0.1,0.1,0.1,0.1,0.1,0.1,0.5,0,10669,0.041147249,0.01668385,3996,0.041791792,0.034784785,3077,0.025349366,0,0,0,0,0,5,0.484544595
1982.28,0.007444736,0.5,6181,37,0.1798,33.0625,34.9375,36.79,0,0,0,0,0,20,0.5,0,0,0,0.1,0.1,0.1,0.1,0.1,0.1,0.5,0,10724,0.040936218,0.017251026,3974,0.042526422,0.034977353,3094,0.025210084,0,0,0,0,0,5,-0.186850286
2042.36,0.003318185,0.5,6137,37,0.1524,33.125,35,36.93,0,0,0,0,0,20,0.5,0,0,0,0.1,0.1,0.1,0.1,0.1,0.1,0.5,0,10716,0.041246734,0.017170586,3992,0.043086172,0.036072144,3058,0.025179856,0,0,0,0,0,5,-2.601775797
2102.43,0.029831578,0.5,6137,37,0.1227,33.0625,35.0625,37.03,0,0,0,0,0,20,0.5,0,0,0,0.1,0.1,0.1,0.1,0.1,0.1,0.5,0,10627,0.041215771,0.016937988,3960,0.042171717,0.03510101,3066,0.026092629,0,0,0,0,0,5,4.116762057
2162.47,0.00208032,0.5,6137,37,0.1559,33.1875,35.0625,36.81,0,0,0,0,0,20,0.5,0,0,0,0.1,0.1,0.1,0.1,0.1,0.1,0.5,0,10749,0.040841008,0.016931808,3983,0.042430329,0.034396184,3077,0.025024374,0,0,0,0,0,5,-4.078213959
2222.53,0.004101151,0.5,6137,37,0.1571,33.125,35.125,36.93,0,0,0,0,0,20,0.5,0,0,0,0.1,0.1,0.1,0.1,0.1,0.1,0.5,0,10621,0.041239055,0.017230016,3999,0.043010753,0.035008752,3081,0.025316456,0,0,0,0,0,5,-1.838065154
2282.57,0.046271378,0.5,6137,37,0.1839,32.9375,35.0625,36.87,0,0,0,0,0,20,0.5,0,0,0,0.1,0.1,0.1,0.1,0.1,0.1,0.5,0,10592,0.041163142,0.017088369,3942,0.042110604,0.03500761,3102,0.02546744,0,0,0,0,0,5,5.523606177
2342.63,0.004228468,0.5,6137,37,0.1209,33.0625,35.0625,36.81,0,0,0,0,0,20,0.5,0,0,0,0.1,0.1,0.1,0.1,0.1,0.1,0.5,0,10701,0.041117653,0.016633959,4012,0.042372881,0.035144566,3065,0.026427406,0,0,0,0,0,5,-1.930625407
2402.7,0.066372239,0.5,6137,37,0.1353,32.9375,35.125,37.03,0,0,0,0,0,20,0.5,0,0,0,0.1,0.1,0.1,0.1,0.1,0.1,0.5,0,10583,0.041576113,0.016913919,3955,0.042730721,0.034892541,3113,0.026662384,0,0,0,0,0,5,6.426223037
2462.76,0.019796006,0.5,6137,37,0.1633,33.0625,35.0625,36.89,0,0,0,0,0,20,0.5,0,0,0,0.1,0.1,0.1,0.1,0.1,0.1,0.5,0,10706,0.041191855,0.017466841,4002,0.04197901,0.035482259,3083,0.026273111,0,0,0,0,0,5,2.47551586
2522.84,0.002566745,0.5,6137,37,0.1427,33.0625,35.0625,36.87,0,0,0,0,0,20,0.5,0,0,0,0.1,0.1,0.1,0.1,0.1,0.1,0.5,0,10682,0.041284404,0.016757162,4005,0.042696629,0.034956305,3132,0.026181354,0,0,0,0,0,5,-3.776785335
2582.87,0.020327959,0.5,6137,37,0.1736,33,35.0625,36.89,0,0,0,0,0,20,0.5,0,0,0,0.1,0.1,0.1,0.1,0.1,0.1,0.5,0,10793,0.041601038,0.016862781,4025,0.046956522,0.03826087,3110,0.026366559,0,0,0,0,0,5,2.620130444
2642.92,0.006460057,0.5,6137,37,0.1589,33.125,35.0625,37.03,0,0,0,0,0,20,0.5,0,0,0,0.1,0.1,0.1,0.1,0.1,0.1,0.5,0,10855,0.04145555,0.017134961,4038,0.046062407,0.038137692,3134,0.027121889,0,0,0,0,0,5,-0.949953322
2702.98,0.017937214,0.5,6137,37,0.1442,32.875,35,37.01,0,0,0,0,0,20,0.5,0,0,0,0.1,0.1,0.1,0.1,0.1,0.1,0.5,0,10781,0.041369075,0.017067062,4033,0.046615423,0.038680883,3142,0.026416295,0,0,0,0,0,5,2.161262498
2763.02,0.011473845,0.5,6137,37,0.1297,33.0625,35,36.89,0,0,0,0,0,20,0.5,0,0,0,0.1,0.1,0.1,0.1,0.1,0.1,0.5,0,10805,0.041647385,0.017029153,4020,0.047263682,0.038059701,3143,0.027044225,0,0,0,0,0,5,0.712776947
2823.06,0.036322328,0.5,6137,37,0.1359,32.8125,35,37.01,0,0,0,0,0,20,0.5,0,0,0,0.1,0.1,0.1,0.1,0.1,0.1,0.5,0,10661,0.041365726,0.017352969,4059,0.047055925,0.038186746,3096,0.025839793,0,0,0,0,0,5,4.13422581
2883.11,0.033828866,0.5,6137,37,0.1836,32.75,35.0625,37.01,0,0,0,0,0,20,0.5,0,0,0,0.1,0.1,0.1,0.1,0.1,0.1,0.5,0,10700,0.041308411,0.017102804,4044,0.046983185,0.038822948,3128,0.025255754,0,0,0,0,0,5,3.714160026
2943.18,0.034276041,0.5,6137,37,0.1392,32.8125,35,37.09,0,0,0,0,0,20,0.5,0,0,0,0.1,0.1,0.1,0.1,0.1,0.1,0.5,0,10738,0.041534736,0.017135407,4044,0.046735905,0.038575668,3121,0.02627363,0,0,0,0,0,5,3.567848363
3003.21,0.034280284,0.5,6137,37,0.1294,32.75,35,37.01,0,0,0,0,0,20,0.5,0,0,0,0.1,0.1,0.1,0.1,0.1,0.1,0.5,0,10664,0.041447862,0.01716054,4035,0.046344486,0.038166047,3116,0.027278562,0,0,0,0,0,5,3.389827308
3063.29,0.031291067,0.5,6137,37,0.1391,32.8125,35.0625,36.85,0,0,0,0,0,20,0.5,0,0,0,0.1,0.1,0.1,0.1,0.1,0.1,0.5,0,10828,0.041374215,0.016992981,4098,0.046852123,0.039043436,3147,0.026056562,0,0,0,0,0,5,2.946622757
3123.33,0.035122099,0.5,6137,37,0.1394,32.75,35.0625,37.01,0,0,0,0,0,20,0.5,0,0,0,0.1,0.1,0.1,0.1,0.1,0.1,0.5,0,10885,0.041249426,0.017087735,4044,0.046488625,0.038822948,3145,0.026073132,0,0,0,0,0,5,3.145785327
3183.4,0.030069072,0.5,6137,37,0.1335,32.9375,35.0625,36.85,0,0,0,0,0,20,0.5,0,0,0,0.1,0.1,0.1,0.1,0.1,0.1,0.5,0,10767,0.041515743,0.016996378,4054,0.046620622,0.038973853,3139,0.026122969,0,0,0,0,0,5,2.522495798
3243.47,0.026392855,0.5,6137,37,0.1977,32.8125,35.0625,36.95,0,0,0,0,0,20,0.5,0,0,0,0.1,0.1,0.1,0.1,0.1,0.1,0.5,0,10859,0.041624459,0.01694447,4107,0.046749452,0.038957877,3118,0.025978191,0,0,0,0,0,5,2.005159635
3303.52,0.012199605,0.5,6137,37,0.1341,33,35.0625,36.89,0,0,0,0,0,20,0.5,0,0,0,0.1,0.1,0.1,0.1,0.1,0.1,0.5,0,10835,0.041439778,0.016982003,4076,0.046859666,0.038272816,3138,0.027087317,0,0,0,0,0,5,-0.410167636
3363.56,0.051545119,0.5,6137,37,0.1303,33.0625,35.0625,36.79,0,0,0,0,0,20,0.5,0,0,0,0.1,0.1,0.1,0.1,0.1,0.1,0.5,0,10824,0.041759054,0.017553585,4056,0.04709073,0.039201183,3151,0.026975563,0,0,0,0,0,5,3.933502576
3423.63,0.016540949,0.5,6137,37,0.1518,33.125,35.0625,37.01,0,0,0,0,0,20,0.5,0,0,0,0.1,0.1,0.1,0.1,0.1,0.1,0.5,0,11006,0.041522806,0.016899873,4050,0.047160494,0.039012346,3175,0.025511811,0,0,0,0,0,5,0.326972176
3483.7,0.021331263,0.5,6137,37,0.1833,33.1875,35.0625,37.03,0,0,0,0,0,20,0.5,0,0,0,0.1,0.1,0.1,0.1,0.1,0.1,0.5,0,10852,0.04155916,0.017323996,4081,0.04729233,0.038716001,3172,0.025851198,0,0,0,0,0,5,1.073627516
3543.74,0.018992832,0.5,6137,37,0.1395,33.1875,35.125,36.93,0,0,0,0,0,20,0.5,0,0,0,0.1,0.1,0.1,0.1,0.1,0.1,0.5,0,10960,0.041605839,0.016970803,4082,0.048015679,0.039196472,3159,0.027223805,0,0,0,0,0,5,0.671609919
3603.78,0.015176386,0.5,6137,37,0.1198,33.25,35.0625,37.03,0,0,0,0,0,20,0.5,0,0,0,0.1,0.1,0.1,0.1,0.1,0.1,0.5,0,10854,0.041275106,0.017505067,4116,0.047376093,0.038872692,3180,0.026415094,0,0,0,0,0,5,-0.034933485
3663.84,0.017569726,0.5,6137,37,0.1091,33.1875,35,36.95,0,0,0,0,0,20,0.5,0,0,0,0.1,0.1,0.1,0.1,0.1,0.1,0.5,0,10918,0.041491116,0.017310863,4090,0.046943765,0.039364303,3172,0.025851198,0,0,0,0,0,5,0.406122971
3723.92,0.025484134,0.5,6137,37,0.1488,32.9375,34.875,36.79,0,0,0,0,0,20,0.5,0,0,0,0.1,0.1,0.1,0.1,0.1,0.1,0.5,0,10891,0.04131852,0.017078322,4084,0.047502449,0.039422135,3171,0.026174708,0,0,0,0,0,5,1.501453186
3783.99,0.01368464,0.5,6137,37,0.1508,33.0625,34.8125,36.85,0,0,0,0,0,20,0.5,0,0,0,0.1,0.1,0.1,0.1,0.1,0.1,0.5,0,10937,0.041236171,0.017006492,4106,0.047735022,0.039210911,3169,0.027137898,0,0,0,0,0,5,-0.438965546
3844.07,0.013190399,0.5,6137,37,0.1603,32.9375,34.75,36.63,0,0,0,0,0,20,0.5,0,0,0,0.1,0.1,0.1,0.1,0.1,0.1,0.5,0,11059,0.040962112,0.017090153,4125,0.047272727,0.039272727,3142,0.025779758,0,0,0,0,0,5,-0.527371824
3904.14,0.013560189,0.5,6137,37,0.1412,33,34.8125,37.13,0,0,0,0,0,20,0.5,0,0,0,0.1,0.1,0.1,0.1,0.1,0.1,0.5,0,11031,0.041066086,0.016861572,4099,0.047572579,0.040009758,3154,0.026632847,0,0,0,0,0,5,-0.418056173
3964.19,0.050576529,0.5,6137,37,0.1854,32.8125,34.875,36.93,0,0,0,0,0,20,0.5,0,0,0,0.1,0.1,0.1,0.1,0.1,0.1,0.5,0,10949,0.041373641,0.017353183,4089,0.047688921,0.039618489,3157,0.027557808,0,0,0,0,0,5,3.5518948
4024.26,0.018697699,0.5,6137,37,0.1427,33,34.875,37.11,0,0,0,0,0,20,0.5,0,0,0,0.1,0.1,0.1,0.1,0.1,0.1,0.5,0,10973,0.041556548,0.017315228,4107,0.047966886,0.039931824,3188,0.027289837,0,0,0,0,0,5,0.389038579
4084.3,0.022063187,0.5,6137,37,0.1724,33.125,34.9375,36.87,0,0,0,0,0,20,0.5,0,0,0,0.1,0.1,0.1,0.1,0.1,0.1,0.5,0,10896,0.04157489,0.017345815,4105,0.048964677,0.039464068,3179,0.026737968,0,0,0,0,0,5,0.866116651
4144.37,0.025449384,0.5,6137,37,0.1654,33.0625,35,36.97,0,0,0,0,0,20,0.5,0,0,0,0.1,0.1,0.1,0.1,0.1,0.1,0.5,0,10911,0.042067638,0.01750527,4143,0.047550084,0.039584842,3189,0.026340546,0,0,0,0,0,5,1.251154049
4204.4,0.034250369,0.5,6137,37,0.1121,32.875,35,37.11,0,0,0,0,0,20,0.5,0,0,0,0.1,0.1,0.1,0.1,0.1,0.1,0.5,0,10933,0.041068325,0.017012714,4107,0.048697346,0.039931824,3157,0.025974026,0,0,0,0,0,5,2.07961376
4264.48,0.037473172,0.5,6137,37,0.0591,32.875,35.0625,36.81,0,0,0,0,0,20,0.5,0,0,0,0.1,0.1,0.1,0.1,0.1,0.1,0.5,0,10685,0.041740758,0.017220402,4121,0.047561272,0.039796166,3168,0.026199495,0,0,0,0,0,5,2.245416879
4324.53,0.038059617,0.5,6137,37,0.1385,32.8125,35,36.93,0,0,0,0,0,20,0.5,0,0,0,0.1,0.1,0.1,0.1,0.1,0.1,0.5,0,10883,0.041624552,0.017090876,4098,0.047584187,0.0397755,3177,0.027069562,0,0,0,0,0,5,2.179731594
4384.58,0.046350061,0.5,6137,37,0.1918,33,35.0625,36.79,0,0,0,0,0,20,0.5,0,0,0,0.1,0.1,0.1,0.1,0.1,0.1,0.5,0,11084,0.041230603,0.017141826,4059,0.04804139,0.040157674,3177,0.026125275,0,0,0,0,0,5,2.661951473
4444.65,0.061518576,0.5,6137,37,0.1203,33,35.0625,37.01,0,0,0,0,0,20,0.5,0,0,0,0.1,0.1,0.1,0.1,0.1,0.1,0.5,0,11115,0.041655421,0.017183986,4091,0.048398924,0.040087998,3212,0.025840598,0,0,0,0,0,5,3.378203604
4504.7,0.021900117,0.5,6137,37,0.1288,33.0625,35,36.79,0,0,0,0,0,20,0.5,0,0,0,0.1,0.1,0.1,0.1,0.1,0.1,0.5,0,11192,0.040922087,0.016976412,4117,0.048336167,0.040077726,3170,0.025867508,0,0,0,0,0,5,0.11075181
4564.75,0.022933972,0.5,6137,37,0.1329,33.0625,35,36.95,0,0,0,0,0,20,0.5,0,0,0,0.1,0.1,0.1,0.1,0.1,0.1,0.5,0,11047,0.041187653,0.017108717,4133,0.048149044,0.039680619,3197,0.027213012,0,0,0,0,0,5,0.243596159
4624.81,0.019733787,0.5,6137,37,0.1282,33.0625,34.9375,36.89,0,0,0,0,0,20,0.5,0,0,0,0.1,0.1,0.1,0.1,0.1,0.1,0.5,0,10968,0.041393144,0.016776076,4095,0.048351648,0.03980464,3205,0.026521061,0,0,0,0,0,5,-0.219444809
4684.87,0.015968919,0.5,6137,37,0.1556,33,34.875,36.85,0,0,0,0,0,20,0.5,0,0,0,0.1,0.1,0.1,0.1,0.1,0.1,0.5,0,11116,0.04102195,0.0172724,4156,0.048123195,0.039701636,3168,0.026199495,0,0,0,0,0,5,-0.843536491
4744.94,0.015840598,0.5,6137,37,0.1403,33,34.8125,36.95,0,0,0,0,0,20,0.5,0,0,0,0.1,0.1,0.1,0.1,0.1,0.1,0.5,0,10964,0.04122583,0.017147027,4194,0.048640916,0.040057225,3171,0.02585935,0,0,0,0,0,5,-0.825564038
4805.02,0.016301276,0.5,6137,37,0.1409,32.9375,34.75,36.97,0,0,0,0,0,20,0.5,0,0,0,0.1,0.1,0.1,0.1,0.1,0.1,0.5,0,11087,0.04112925,0.016956796,4155,0.048375451,0.039951865,3208,0.026496259,0,0,0,0,0,5,-0.698284027
4865.08,0.024741949,0.5,6137,37,0.153,32.875,34.75,36.89,0,0,0,0,0,20,0.5,0,0,0,0.1,0.1,0.1,0.1,0.1,0.1,0.5,0,10932,0.041255031,0.017197219,4134,0.048379294,0.039429124,3182,0.027027027,0,0,0,0,0,5,0.588400393
4925.15,0.013755879,0.5,6137,37,0.1792,32.9375,34.8125,36.97,0,0,0,0,0,20,0.5,0,0,0,0.1,0.1,0.1,0.1,0.1,0.1,0.5,0,10983,0.041609761,0.016844214,4192,0.049379771,0.040076336,3196,0.025969962,0,0,0,0,0,5,-1.202121249
4985.19,0.01779501,0.5,6137,37,0.1342,33,34.875,37.01,0,0,0,0,0,20,0.5,0,0,0,0.1,0.1,0.1,0.1,0.1,0.1,0.5,0,11136,0.041576868,0.016882184,4165,0.04969988,0.040096038,3237,0.027494594,0,0,0,0,0,5,-0.369659811
5045.27,0.017465564,0.5,6137,37,0.1645,33,34.9375,36.89,0,0,0,0,0,20,0.5,0,0,0,0.1,0.1,0.1,0.1,0.1,0.1,0.5,0,11154,0.041151157,0.01685494,4159,0.04880981,0.040634768,3200,0.02625,0,0,0,0,0,5,-0.407237439
5105.34,0.014910272,0.5,6137,37,0.1831,33.0625,34.9375,36.85,0,0,0,0,0,20,0.5,0,0,0,0.1,0.1,0.1,0.1,0.1,0.1,0.5,0,11097,0.041632874,0.017301974,4160,0.05,0.040865385,3225,0.026356589,0,0,0,0,0,5,-0.861417997
5165.39,0.018462927,0.5,6137,37,0.1189,33.125,35,36.89,0,0,0,0,0,20,0.5,0,0,0,0.1,0.1,0.1,0.1,0.1,0.1,0.5,0,11120,0.041456835,0.016816547,4139,0.048562455,0.041314327,3201,0.025616995,0,0,0,0,0,5,-0.177203904
5225.46,0.105765801,0.5,6137,37,0.1421,32.875,34.9375,36.89,0,0,0,0,0,20,0.5,0,0,0,0.1,0.1,0.1,0.1,0.1,0.1,0.5,0,10871,0.041762487,0.017385705,4088,0.049168297,0.040606654,3231,0.027855153,0,0,0,0,0,5,5.068043653
5285.5,0.079166939,0.5,6137,37,0.1309,32.875,35.0625,36.89,0,0,0,0,0,20,0.5,0,0,0,0.1,0.1,0.1,0.1,0.1,0.1,0.5,0,11254,0.041585214,0.017149458,4266,0.049695265,0.041022035,3342,0.026331538,0,0,0,0,0,5,3.945636121
5345.57,0.053046629,0.5,6137,37,0.1506,33,35.0625,36.93,0,0,0,0,0,20,0.5,0,0,0,0.1,0.1,0.1,0.1,0.1,0.1,0.5,0,11088,0.041666667,0.017135642,4167,0.048956084,0.040556755,3216,0.025497512,0,0,0,0,0,5,2.547191912
5405.61,0.026358863,0.5,6137,37,0.14,33.125,35.0625,36.87,0,0,0,0,0,20,0.5,0,0,0,0.1,0.1,0.1,0.1,0.1,0.1,0.5,0,11273,0.041071587,0.017031846,4188,0.048949379,0.040592168,3214,0.026446795,0,0,0,0,0,5,0.321732122
5465.67,0.025281717,0.5,6137,37,0.183,33.125,35,36.85,0,0,0,0,0,20,0.5,0,0,0,0.1,0.1,0.1,0.1,0.1,0.1,0.5,0,11110,0.04140414,0.017461746,4224,0.049952652,0.041193182,3205,0.026833073,0,0,0,0,0,5,0.180476254
5525.72,0.062036566,0.5,6137,37,0.1851,32.9375,35.0625,36.87,0,0,0,0,0,20,0.5,0,0,0,0.1,0.1,0.1,0.1,0.1,0.1,0.5,0,11028,0.041439971,0.017500907,4174,0.049353138,0.040967897,3226,0.025728456,0,0,0,0,0,5,2.864379915
5585.79,0.022899063,0.5,6137,37,0.1457,33,35,37.11,0,0,0,0,0,20,0.5,0,0,0,0.1,0.1,0.1,0.1,0.1,0.1,0.5,0,11183,0.04149155,0.01734776,4184,0.049474187,0.040869981,3261,0.026985587,0,0,0,0,0,5,-0.26872299
5645.85,0.049563281,0.5,6137,37,0.1377,33,34.9375,36.95,0,0,0,0,0,20,0.5,0,0,0,0.1,0.1,0.1,0.1,0.1,0.1,0.5,0,11177,0.041334884,0.017446542,4173,0.049604601,0.040977714,3208,0.026496259,0,0,0,0,0,5,2.061175914
5705.91,0.026661104,0.5,6137,37,0.1318,33.0625,34.8125,37.01,0,0,0,0,0,20,0.5,0,0,0,0.1,0.1,0.1,0.1,0.1,0.1,0.5,0,11161,0.041304543,0.016933966,4172,0.049616491,0.041946309,3299,0.026371628,0,0,0,0,0,5,0.097983497
5765.94,0.027468087,0.5,6137,37,0.1174,33,34.75,36.97,0,0,0,0,0,20,0.5,0,0,0,0.1,0.1,0.1,0.1,0.1,0.1,0.5,0,11336,0.041107975,0.016937191,4191,0.049391553,0.041278931,3274,0.026267563,0,0,0,0,0,5,0.182541692
5826.02,0.034038714,0.5,6137,37,0.1821,32.9375,34.75,37.03,0,0,0,0,0,20,0.5,0,0,0,0.1,0.1,0.1,0.1,0.1,0.1,0.5,0,11157,0.041498611,0.016940038,4144,0.050675676,0.041023166,3221,0.026699783,0,0,0,0,0,5,0.816835677
5886.06,0.023535277,0.5,6137,37,0.1627,33.0625,34.8125,36.71,0,0,0,0,0,20,0.5,0,0,0,0.1,0.1,0.1,0.1,0.1,0.1,0.5,0,11266,0.041629682,0.016864903,4242,0.04950495,0.041018388,3244,0.027743527,0,0,0,0,0,5,-0.331000331
5946.13,0.020293474,0.5,6137,37,0.1356,33.0625,34.875,37.05,0,0,0,0,0,20,0.5,0,0,0,0.1,0.1,0.1,0.1,0.1,0.1,0.5,0,11137,0.041213971,0.017239831,4228,0.05037843,0.04115421,3275,0.026259542,0,0,0,0,0,5,-0.759053586
6006.18,0.020829839,0.5,6137,37,0.1503,33.0625,34.9375,36.93,0,0,0,0,0,20,0.5,0,0,0,0.1,0.1,0.1,0.1,0.1,0.1,0.5,0,11162,0.041390432,0.017201218,4229,0.050130054,0.040908016,3250,0.027076923,0,0,0,0,0,5,-0.64283945
6066.22,0.127720875,0.5,6137,37,0.1777,32.8125,35,36.97,0,0,0,0,0,20,0.5,0,0,0,0.1,0.1,0.1,0.1,0.1,0.1,0.5,0,11026,0.041900961,0.017231997,4165,0.050420168,0.041056423,3264,0.026348039,0,0,0,0,0,5,4.829684592
6126.28,0.116933459,0.5,6137,37,0.1418,32.75,35,36.93,0,0,0,0,0,20,0.5,0,0,0,0.1,0.1,0.1,0.1,0.1,0.1,0.5,0,11019,0.041836827,0.017605953,4196,0.051000953,0.041229743,3259,0.02608162,0,0,0,0,0,5,4.323473867
6186.32,0.126568924,0.5,6137,37,0.1156,32.6875,35,36.95,0,0,0,0,0,20,0.5,0,0,0,0.1,0.1,0.1,0.1,0.1,0.1,0.5,0,11188,0.041562388,0.017250626,4194,0.050071531,0.04148784,3263,0.026049648,0,0,0,0,0,5,4.34484607
6246.39,0.118520269,0.5,6137,37,0.1391,32.75,35,36.81,0,0,0,0,0,20,0.5,0,0,0,0.1,0.1,0.1,0.1,0.1,0.1,0.5,0,10920,0.042490842,0.017399267,4203,0.050678087,0.042112777,3257,0.027632791,0,0,0,0,0,5,3.930494704
6306.43,0.119481387,0.5,6137,37,0.1618,32.75,35.0625,36.77,0,0,0,0,0,20,0.5,0,0,0,0.1,0.1,0.1,0.1,0.1,0.1,0.5,0,11221,0.041707513,0.017199893,4201,0.050464175,0.041180671,3253,0.026129726,0,0,0,0,0,5,3.758199789
6366.48,0.087731595,0.5,6137,37,0.1303,32.875,35.0625,36.93,0,0,0,0,0,20,0.5,0,0,0,0.1,0.1,0.1,0.1,0.1,0.1,0.5,0,11515,0.041337386,0.017194963,4232,0.051512287,0.042533081,3296,0.026699029,0,0,0,0,0,5,2.643654277
6426.55,0.042271661,0.5,6137,37,0.1412,33.0625,35,36.97,0,0,0,0,0,20,0.5,0,0,0,0.1,0.1,0.1,0.1,0.1,0.1,0.5,0,11238,0.041822388,0.017351842,4264,0.051125704,0.041510319,3271,0.025985937,0,0,0,0,0,5,0.320975979
6486.61,0.030642839,0.5,6137,37,0.1712,33.125,35,37.01,0,0,0,0,0,20,0.5,0,0,0,0.1,0.1,0.1,0.1,0.1,0.1,0.5,0,11316,0.041710852,0.017055497,4238,0.051439358,0.041529023,3270,0.026911315,0,0,0,0,0,5,-0.660226555
6546.66,0.029388619,0.5,6137,37,0.135,33.0625,34.9375,36.89,0,0,0,0,0,20,0.5,0,0,0,0.1,0.1,0.1,0.1,0.1,0.1,0.5,0,11338,0.041453519,0.016934204,4243,0.05020033,0.041480085,3248,0.026169951,0,0,0,0,0,5,-0.752589725
6606.74,0.02276667,0.5,6137,37,0.1556,33.125,34.875,36.73,0,0,0,0,0,20,0.5,0,0,0,0.1,0.1,0.1,0.1,0.1,0.1,0.5,0,11294,0.041615017,0.017177262,4268,0.05131209,0.041705717,3321,0.027100271,0,0,0,0,0,5,-1.480889777
6666.82,0.023434193,0.5,6137,37,0.1571,33.0625,34.875,37.03,0,0,0,0,0,20,0.5,0,0,0,0.1,0.1,0.1,0.1,0.1,0.1,0.5,0,11279,0.041670361,0.016934125,4290,0.050815851,0.042191142,3276,0.025946276,0,0,0,0,0,5,-1.320149611
6726.86,0.025317124,0.5,6137,37,0.173,33,34.8125,36.93,0,0,0,0,0,20,0.5,0,0,0,0.1,0.1,0.1,0.1,0.1,0.1,0.5,0,11534,0.04109589,0.016906537,4291,0.050804008,0.042647402,3297,0.026084319,0,0,0,0,0,5,-1.022287754
6786.94,0.024711474,0.5,6137,37,0.1386,33,34.875,36.85,0,0,0,0,0,20,0.5,0,0,0,0.1,0.1,0.1,0.1,0.1,0.1,0.5,0,11399,0.04114396,0.016843583,4270,0.05175644,0.042388759,3274,0.02748931,0,0,0,0,0,5,-1.043813294
6846.99,0.0227663,0.5,6137,37,0.1598,33.0625,34.9375,36.89,0,0,0,0,0,20,0.5,0,0,0,0.1,0.1,0.1,0.1,0.1,0.1,0.5,0,11369,0.041604363,0.01680007,4287,0.051084675,0.042220667,3275,0.026870229,0,0,0,0,0,5,-1.237581562
6907.06,0.02545019,0.5,6137,37,0.1757,33.0625,34.9375,36.97,0,0,0,0,0,20,0.5,0,0,0,0.1,0.1,0.1,0.1,0.1,0.1,0.5,0,11353,0.040958337,0.016823747,4256,0.05075188,0.04299812,3277,0.026243515,0,0,0,0,0,5,-0.841376979
6967.1,0.024741968,0.5,6137,37,0.1336,33.125,35,36.81,0,0,0,0,0,20,0.5,0,0,0,0.1,0.1,0.1,0.1,0.1,0.1,0.5,0,11224,0.041518175,0.016928011,4295,0.05145518,0.041909197,3264,0.027267157,0,0,0,0,0,5,-0.883975057
7027.14,0.024947518,0.5,6137,37,0.1863,33.125,35,37.03,0,0,0,0,0,20,0.5,0,0,0,0.1,0.1,0.1,0.1,0.1,0.1,0.5,0,11369,0.04116457,0.016712112,4269,0.051768564,0.041930194,3272,0.025977995,0,0,0,0,0,5,-0.814955979
7087.21,0.025515068,0.5,6137,37,0.1436,33.125,35.0625,36.95,0,0,0,0,0,20,0.5,0,0,0,0.1,0.1,0.1,0.1,0.1,0.1,0.5,0,11397,0.040975695,0.017109766,4263,0.051137696,0.042692939,3262,0.026670754,0,0,0,0,0,5,-0.706723667
7147.28,0.13398019,0.5,6137,37,0.1418,32.9375,35,37.05,0,0,0,0,0,20,0.5,0,0,0,0.1,0.1,0.1,0.1,0.1,0.1,0.5,0,11130,0.042497754,0.017340521,4201,0.051654368,0.042608903,3325,0.026766917,0,0,0,0,0,5,4.303880842
7207.35,0.041978835,0.5,6137,37,0.1571,33.0625,35,36.93,0,0,0,0,0,20,0.5,0,0,0,0.1,0.1,0.1,0.1,0.1,0.1,0.5,0,11482,0.041194914,0.016896011,4230,0.052245863,0.042789598,3299,0.026371628,0,0,0,0,0,5,0.607107605
7267.4,0.035359015,0.5,6137,37,0.12,33.0625,35,36.95,0,0,0,0,0,20,0.5,0,0,0,0.1,0.1,0.1,0.1,0.1,0.1,0.5,0,11483,0.041191326,0.017155796,4268,0.052014995,0.043111528,3279,0.027447392,0,0,0,0,0,5,0.061915702
7327.44,0.027032348,0.5,6137,37,0.1353,33.125,35,36.93,0,0,0,0,0,20,0.5,0,0,0,0.1,0.1,0.1,0.1,0.1,0.1,0.5,0,11531,0.04101986,0.017344549,4271,0.051510185,0.043315383,3341,0.027237354,0,0,0,0,0,5,-0.74673758
7387.52,0.026760659,0.5,6137,37,0.1624,33.125,35,36.97,0,0,0,0,0,20,0.5,0,0,0,0.1,0.1,0.1,0.1,0.1,0.1,0.5,0,11509,0.041272048,0.016769485,4314,0.052387575,0.042651831,3310,0.026888218,0,0,0,0,0,5,-0.739704781
7447.58,0.025249298,0.5,6137,37,0.1792,33.125,35,36.95,0,0,0,0,0,20,0.5,0,0,0,0.1,0.1,0.1,0.1,0.1,0.1,0.5,0,11452,0.04139015,0.016852951,4296,0.051675978,0.04283054,3316,0.026839566,0,0,0,0,0,5,-0.877123043
7507.66,0.02800896,0.5,6137,37,0.1624,33.125,35,36.95,0,0,0,0,0,20,0.5,0,0,0,0.1,0.1,0.1,0.1,0.1,0.1,0.5,0,11312,0.041548798,0.016884724,4308,0.051996286,0.043175487,3287,0.027076361,0,0,0,0,0,5,-0.52208854
7567.71,0.026931491,0.5,6137,37,0.1786,33.0625,34.9375,36.95,0,0,0,0,0,20,0.5,0,0,0,0.1,0.1,0.1,0.1,0.1,0.1,0.5,0,11332,0.041387222,0.016854924,4311,0.051960102,0.042913477,3343,0.026921926,0,0,0,0,0,5,-0.613668761
7627.77,0.027904685,0.5,6137,37,0.1816,33,34.8125,36.93,0,0,0,0,0,20,0.5,0,0,0,0.1,0.1,0.1,0.1,0.1,0.1,0.5,0,11327,0.041317207,0.017038934,4317,0.05235117,0.043085476,3328,0.027944712,0,0,0,0,0,5,-0.476490311
7687.84,0.028410611,0.5,6137,37,0.1036,32.9375,34.8125,37.01,0,0,0,0,0,20,0.5,0,0,0,0.1,0.1,0.1,0.1,0.1,0.1,0.5,0,11390,0.041176471,0.016944688,4311,0.053119926,0.043841336,3318,0.028028933,0,0,0,0,0,5,-0.398761501
7747.9,0.028916412,0.5,6137,37,0.11,33,34.8125,36.87,0,0,0,0,0,20,0.5,0,0,0,0.1,0.1,0.1,0.1,0.1,0.1,0.5,0,11353,0.041486832,0.017264159,4354,0.052824989,0.043178686,3295,0.027314112,0,0,0,0,0,5,-0.325883522
7807.94,0.0273647,0.5,6137,37,0.1627,33.0625,34.8125,36.89,0,0,0,0,0,20,0.5,0,0,0,0.1,0.1,0.1,0.1,0.1,0.1,0.5,0,11404,0.041476675,0.017362329,4353,0.053526304,0.042958879,3319,0.02651401,0,0,0,0,0,5,-0.475055755
7868.01,0.029458827,0.5,6137,37,0.1789,33.0625,34.8125,36.81,0,0,0,0,0,20,0.5,0,0,0,0.1,0.1,0.1,0.1,0.1,0.1,0.5,0,11407,0.041641098,0.017182432,4325,0.052485549,0.043930636,3313,0.026562028,0,0,0,0,0,5,-0.230083736
7928.09,0.066542571,0.5,6137,37,0.1633,32.9375,34.875,36.87,0,0,0,0,0,20,0.5,0,0,0,0.1,0.1,0.1,0.1,0.1,0.1,0.5,0,11531,0.041800364,0.017344549,4254,0.053126469,0.043723554,3323,0.027685826,0,0,0,0,0,5,2.225965392
7988.15,0.048177879,0.5,6137,37,0.1589,33.125,34.9375,36.95,0,0,0,0,0,20,0.5,0,0,0,0.1,0.1,0.1,0.1,0.1,0.1,0.5,0,11560,0.041435986,0.016955017,4306,0.053181607,0.043892243,3298,0.026986052,0,0,0,0,0,5,1.145841308
8048.22,0.038945078,0.5,6137,37,0.1339,33.125,34.9375,37.05,0,0,0,0,0,20,0.5,0,0,0,0.1,0.1,0.1,0.1,0.1,0.1,0.5,0,11421,0.041414937,0.017073811,4336,0.05304428,0.044049815,3316,0.028045838,0,0,0,0,0,5,0.450306536
8108.28,0.036493334,0.5,6137,37,0.138,33.1875,35,36.89,0,0,0,0,0,20,0.5,0,0,0,0.1,0.1,0.1,0.1,0.1,0.1,0.5,0,11495,0.041496303,0.016963897,4290,0.054079254,0.044289044,3337,0.026970333,0,0,0,0,0,5,0.232722795
8168.34,0.05908335,0.5,6137,37,0.1542,33,35,36.85,0,0,0,0,0,20,0.5,0,0,0,0.1,0.1,0.1,0.1,0.1,0.1,0.5,0,11508,0.041623219,0.017292318,4333,0.053311793,0.044541888,3309,0.028105168,0,0,0,0,0,5,1.666545333
8228.4,0.040179941,0.5,6137,37,0.1545,33.1875,35,37.03,0,0,0,0,0,20,0.5,0,0,0,0.1,0.1,0.1,0.1,0.1,0.1,0.5,0,11635,0.041254835,0.017103567,4337,0.053262624,0.044500807,3345,0.02690583,0,0,0,0,0,5,0.426474262
8288.46,0.062506279,0.5,6137,37,0.1177,33.125,35,36.95,0,0,0,0,0,20,0.5,0,0,0,0.1,0.1,0.1,0.1,0.1,0.1,0.5,0,11555,0.041453916,0.017048897,4334,0.053530226,0.044762344,3310,0.027492447,0,0,0,0,0,5,1.730847935
8348.53,0.038329348,0.5,6137,37,0.1315,33.0625,35.0625,37.03,0,0,0,0,0,20,0.5,0,0,0,0.1,0.1,0.1,0.1,0.1,0.1,0.5,0,11461,0.041619405,0.016839717,4310,0.054756381,0.044083527,3346,0.026897788,0,0,0,0,0,5,0.17715211
8408.61,0.038503658,0.5,6137,37,0.1565,33.125,35,36.87,0,0,0,0,0,20,0.5,0,0,0,0.1,0.1,0.1,0.1,0.1,0.1,0.5,0,12101,0.040492521,0.016610198,4267,0.054136396,0.044527771,3334,0.028494301,0,0,0,0,0,5,0.181906582
8468.67,0.036866561,0.5,6137,37,0.1715,33.0625,34.875,36.89,0,0,0,0,0,20,0.5,0,0,0,0.1,0.1,0.1,0.1,0.1,0.1,0.5,0,11596,0.041393584,0.016816143,4309,0.054304943,0.04432583,3320,0.027409639,0,0,0,0,0,5,0.042466354
8528.74,0.028816609,0.5,6137,37,0.2201,33,34.875,36.77,0,0,0,0,0,20,0.5,0,0,0,0.1,0.1,0.1,0.1,0.1,0.1,0.5,0,11355,0.041919859,0.017261118,4381,0.05386898,0.044738644,3335,0.027886057,0,0,0,0,0,5,-0.698716052
8588.8,0.043204277,0.5,6137,37,0.1616,32.875,34.8125,37.11,0,0,0,0,0,20,0.5,0,0,0,0.1,0.1,0.1,0.1,0.1,0.1,0.5,0,11398,0.041761713,0.017283734,4349,0.054265348,0.044837894,3311,0.026578073,0,0,0,0,0,5,0.551182474
8648.84,0.073663649,0.5,6137,37,0.0933,32.875,34.8125,37.03,0,0,0,0,0,20,0.5,0,0,0,0.1,0.1,0.1,0.1,0.1,0.1,0.5,0,11589,0.041504875,0.017171456,4289,0.054558172,0.04476568,3361,0.027075275,0,0,0,0,0,5,2.124333229
8708.91,0.070365486,0.5,6137,37,0.1418,32.9375,34.8125,37.03,0,0,0,0,0,20,0.5,0,0,0,0.1,0.1,0.1,0.1,0.1,0.1,0.5,0,11393,0.04178004,0.017291319,4383,0.05498517,0.044946384,3346,0.027196653,0,0,0,0,0,5,1.88069689
8768.97,0.065978381,0.5,6137,37,0.1586,32.9375,34.875,36.89,0,0,0,0,0,20,0.5,0,0,0,0.1,0.1,0.1,0.1,0.1,0.1,0.5,0,11529,0.041460664,0.017000607,4363,0.055466422,0.044923218,3338,0.026363092,0,0,0,0,0,5,1.593534786
8829.03,0.063557809,0.5,6137,37,0.1445,32.9375,34.8125,36.87,0,0,0,0,0,20,0.5,0,0,0,0.1,0.1,0.1,0.1,0.1,0.1,0.5,0,11504,0.041637691,0.017211405,4374,0.055326932,0.044810242,3360,0.027380952,0,0,0,0,0,5,1.401726244
8889.08,0.042140313,0.5,6137,37,0.1981,33.0625,34.875,37.03,0,0,0,0,0,20,0.5,0,0,0,0.1,0.1,0.1,0.1,0.1,0.1,0.5,0,11745,0.041294168,0.01694338,4341,0.055056439,0.045381249,3384,0.027186761,0,0,0,0,0,5,0.098804881
8949.12,0.04676007,0.5,6137,37,0.176,33.125,34.9375,37.03,0,0,0,0,0,20,0.5,0,0,0,0.1,0.1,0.1,0.1,0.1,0.1,0.5,0,11709,0.041335725,0.017337091,4398,0.05570714,0.04524784,3354,0.026833631,0,0,0,0,0,5,0.405939011
9009.16,0.043789,0.5,6137,37,0.1669,33.1875,34.9375,37.13,0,0,0,0,0,20,0.5,0,0,0,0.1,0.1,0.1,0.1,0.1,0.1,0.5,0,11528,0.041811242,0.017088827,4366,0.05542831,0.045121393,3400,0.027647059,0,0,0,0,0,5,0.188701078
9069.21,0.04472101,0.5,6137,37,0.1478,33.125,35,36.87,0,0,0,0,0,20,0.5,0,0,0,0.1,0.1,0.1,0.1,0.1,0.1,0.5,0,11639,0.041498411,0.017441361,4373,0.055339584,0.045506517,3347,0.027487302,0,0,0,0,0,5,0.242448305
9129.26,0.051795264,0.5,6137,37,0.1763,33.1875,35,36.97,0,0,0,0,0,20,0.5,0,0,0,0.1,0.1,0.1,0.1,0.1,0.1,0.5,0,11615,0.041498063,0.017391304,4346,0.05545329,0.045789231,3386,0.027466037,0,0,0,0,0,5,0.670891832
9189.32,0.034204606,0.5,6137,37,0.1672,33.1875,35,37.01,0,0,0,0,0,20,0.5,0,0,0,0.1,0.1,0.1,0.1,0.1,0.1,0.5,0,11867,0.041375242,0.016769192,4403,0.055189643,0.045650693,3332,0.027611044,0,0,0,0,0,5,-0.607467934
9249.4,0.075344437,0.5,6137,37,0.1401,33.0625,35,36.97,0,0,0,0,0,20,0.5,0,0,0,0.1,0.1,0.1,0.1,0.1,0.1,0.5,0,11491,0.041858846,0.017143852,4390,0.054897494,0.046013667,3330,0.028228228,0,0,0,0,0,5,1.792034769
9309.47,0.052631123,0.5,6137,37,0.1351,33.1875,35,37.11,0,0,0,0,0,20,0.5,0,0,0,0.1,0.1,0.1,0.1,0.1,0.1,0.5,0,11651,0.041455669,0.017080079,4371,0.055822466,0.046213681,3373,0.02697895,0,0,0,0,0,5,0.626145678
9369.54,0.044096661,0.5,6137,37,0.0915,32.9375,35.0625,37.11,0,0,0,0,0,20,0.5,0,0,0,0.1,0.1,0.1,0.1,0.1,0.1,0.5,0,11521,0.04166305,0.01709921,4362,0.056854654,0.046538285,3334,0.027894421,0,0,0,0,0,5,0.064067634
9429.59,0.042591558,0.5,6137,37,0.1936,33.1875,35,36.97,0,0,0,0,0,20,0.5,0,0,0,0.1,0.1,0.1,0.1,0.1,0.1,0.5,0,11648,0.041552198,0.017256181,4403,0.056552351,0.046786282,3371,0.026994957,0,0,0,0,0,5,-0.04331971
9489.64,0.094018425,0.5,6137,37,0.1421,32.75,34.875,37.01,0,0,0,0,0,20,0.5,0,0,0,0.1,0.1,0.1,0.1,0.1,0.1,0.5,0,11488,0.042130919,0.017148329,4413,0.057104011,0.046680263,3336,0.028177458,0,0,0,0,0,5,2.334350391
9549.68,0.048846033,0.5,6137,37,0.1383,33,34.8125,37.09,0,0,0,0,0,20,0.5,0,0,0,0.1,0.1,0.1,0.1,0.1,0.1,0.5,0,11707,0.041769881,0.016912958,4344,0.057320442,0.046500921,3373,0.027275422,0,0,0,0,0,5,0.253180048
9609.76,0.046135504,0.5,6137,37,0.173,33,34.75,37.03,0,0,0,0,0,20,0.5,0,0,0,0.1,0.1,0.1,0.1,0.1,0.1,0.5,0,11560,0.041695502,0.017474048,4415,0.056625142,0.046659117,3353,0.027438115,0,0,0,0,0,5,0.069249967
9669.83,0.051372425,0.5,6137,37,0.1424,32.875,34.8125,36.93,0,0,0,0,0,20,0.5,0,0,0,0.1,0.1,0.1,0.1,0.1,0.1,0.5,0,11750,0.041531915,0.01693617,4372,0.056953339,0.046660567,3397,0.02708272,0,0,0,0,0,5,0.388343683
9729.91,0.047343598,0.5,6137,37,0.1206,33,34.75,36.95,0,0,0,0,0,20,0.5,0,0,0,0.1,0.1,0.1,0.1,0.1,0.1,0.5,0,11565,0.041850411,0.017120623,4429,0.05644615,0.046963197,3389,0.02832694,0,0,0,0,0,5,0.123916666
9789.94,0.078912594,0.5,6137,37,0.1983,32.8125,34.875,36.89,0,0,0,0,0,20,0.5,0,0,0,0.1,0.1,0.1,0.1,0.1,0.1,0.5,0,11677,0.041534641,0.017641518,4347,0.057740971,0.047619048,3389,0.027736796,0,0,0,0,0,5,1.65044855
9849.98,0.063776038,0.5,6137,37,0.1463,32.875,34.9375,36.95,0,0,0,0,0,20,0.5,0,0,0,0.1,0.1,0.1,0.1,0.1,0.1,0.5,0,11825,0.041606765,0.017082452,4412,0.057116954,0.047597461,3364,0.027348395,0,0,0,0,0,5,0.929036229
9910.03,0.047841776,0.5,6137,37,0.166,33.125,34.9375,37.01,0,0,0,0,0,20,0.5,0,0,0,0.1,0.1,0.1,0.1,0.1,0.1,0.5,0,11563,0.041944132,0.017469515,4382,0.0579644,0.04746691,3344,0.027811005,0,0,0,0,0,5,0.0201495
9970.07,0.047798535,0.5,6137,37,0.1669,33.125,34.9375,36.93,0,0,0,0,0,20,0.5,0,0,0,0.1,0.1,0.1,0.1,0.1,0.1,0.5,0,11834,0.04149062,0.017322968,4396,0.058007279,0.04799818,3380,0.027514793,0,0,0,0,0,5,0.016429275
10030.11,0.049533507,0.5,6137,37,0.1878,33.125,35,36.85,0,0,0,0,0,20,0.5,0,0,0,0.1,0.1,0.1,0.1,0.1,0.1,0.5,0,11803,0.041514869,0.017114293,4382,0.0579644,0.04746691,3418,0.027501463,0,0,0,0,0,5,0.122570876
10090.19,0.044620882,0.5,6137,37,0.0839,33.1875,35,37.25,0,0,0,0,0,20,0.5,0,0,0,0.1,0.1,0.1,0.1,0.1,0.1,0.5,0,11597,0.042252307,0.01715961,4395,0.057792947,0.048236633,3449,0.027544216,0,0,0,0,0,5,-0.1968998
10150.24,0.04639295,0.5,6137,37,0.1365,33.1875,35.0625,37.03,0,0,0,0,0,20,0.5,0,0,0,0.1,0.1,0.1,0.1,0.1,0.1,0.5,0,11727,0.041954464,0.01705466,4431,0.057774769,0.047619048,3362,0.028554432,0,0,0,0,0,5,-0.070218207
10210.31,0.052941247,0.5,6137,37,0.1197,33.125,35.0625,37.09,0,0,0,0,0,20,0.5,0,0,0,0.1,0.1,0.1,0.1,0.1,0.1,0.5,0,11585,0.042037117,0.01743634,4441,0.058995722,0.047962171,3411,0.028437408,0,0,0,0,0,5,0.329398467
10270.35,0.042271785,0.5,6137,37,0.1085,33.125,35,37.13,0,0,0,0,0,20,0.5,0,0,0,0.1,0.1,0.1,0.1,0.1,0.1,0.5,0,11679,0.041870023,0.017467249,4397,0.05867637,0.04844212,3416,0.027224824,0,0,0,0,0,5,-0.362260179
10330.41,0.041551851,0.5,6137,37,0.1806,33.125,34.9375,36.85,0,0,0,0,0,20,0.5,0,0,0,0.1,0.1,0.1,0.1,0.1,0.1,0.5,0,11889,0.041887459,0.017326941,4448,0.059127698,0.049010791,3413,0.028127747,0,0,0,0,0,5,-0.395680469
10390.49,0.043580401,0.5,6137,37,0.1571,33.0625,34.875,36.95,0,0,0,0,0,20,0.5,0,0,0,0.1,0.1,0.1,0.1,0.1,0.1,0.5,0,11694,0.04190183,0.01735933,4437,0.059725039,0.048681542,3408,0.029049296,0,0,0,0,0,5,-0.232900091
10450.53,0.044136625,0.5,6137,37,0.2172,33.0625,34.8125,36.73,0,0,0,0,0,20,0.5,0,0,0,0.1,0.1,0.1,0.1,0.1,0.1,0.5,0,11722,0.041545811,0.017061935,4461,0.060076216,0.048643802,3397,0.02826023,0,0,0,0,0,5,-0.183207901
10510.59,0.042822213,0.5,6137,37,0.1563,33.0625,34.75,36.97,0,0,0,0,0,20,0.5,0,0,0,0.1,0.1,0.1,0.1,0.1,0.1,0.5,0,11838,0.041814496,0.017317114,4500,0.059777778,0.048666667,3376,0.027251185,0,0,0,0,0,5,-0.264746429
10570.64,0.073325029,0.5,6137,37,0.1383,32.75,34.75,37.03,0,0,0,0,0,20,0.5,0,0,0,0.1,0.1,0.1,0.1,0.1,0.1,0.5,0,11597,0.042424765,0.017245839,4413,0.059596646,0.049399501,3442,0.027600232,0,0,0,0,0,5,1.362026074
10630.68,0.052808463,0.5,6137,37,0.1966,33.0625,34.8125,36.81,0,0,0,0,0,20,0.5,0,0,0,0.1,0.1,0.1,0.1,0.1,0.1,0.5,0,11798,0.041871504,0.017121546,4443,0.060994823,0.04929102,3397,0.027965852,0,0,0,0,0,5,0.309233132
10690.74,0.058724928,0.5,6137,37,0.161,33.0625,34.875,36.95,0,0,0,0,0,20,0.5,0,0,0,0.1,0.1,0.1,0.1,0.1,0.1,0.5,0,11779,0.042023941,0.017149164,4453,0.060857849,0.049854031,3411,0.027557901,0,0,0,0,0,5,0.612350009
10750.81,0.049814492,0.5,6137,37,0.1551,33.1875,34.9375,36.97,0,0,0,0,0,20,0.5,0,0,0,0.1,0.1,0.1,0.1,0.1,0.1,0.5,0,11764,0.041907514,0.017256035,4411,0.061437316,0.050328724,3424,0.028913551,0,0,0,0,0,5,0.088057404
10810.88,0.051545829,0.5,6137,37,0.1566,33.125,34.875,36.97,0,0,0,0,0,20,0.5,0,0,0,0.1,0.1,0.1,0.1,0.1,0.1,0.5,0,11672,0.042066484,0.017306374,4443,0.06144497,0.049966239,3452,0.02838934,0,0,0,0,0,5,0.186150588
10870.96,0.057000432,0.5,6137,37,0.1362,33.1875,34.9375,37.03,0,0,0,0,0,20,0.5,0,0,0,0.1,0.1,0.1,0.1,0.1,0.1,0.5,0,11667,0.042341647,0.017399503,4492,0.061219947,0.049866429,3453,0.027512308,0,0,0,0,0,5,0.4786057
10931.02,0.043513304,0.5,6137,37,0.1765,33.0625,34.9375,36.87,0,0,0,0,0,20,0.5,0,0,0,0.1,0.1,0.1,0.1,0.1,0.1,0.5,0,11847,0.041867139,0.017219549,4458,0.060789592,0.050022432,3466,0.027986151,0,0,0,0,0,5,-0.355300921
10991.09,0.045756022,0.5,6137,37,0.2048,33.125,35,36.77,0,0,0,0,0,20,0.5,0,0,0,0.1,0.1,0.1,0.1,0.1,0.1,0.5,0,11718,0.042242704,0.017153098,4455,0.062177329,0.051178451,3428,0.027421237,0,0,0,0,0,5,-0.186765833
11051.14,0.050239245,0.5,6137,37,0.1548,33.125,35,36.97,0,0,0,0,0,20,0.5,0,0,0,0.1,0.1,0.1,0.1,0.1,0.1,0.5,0,11851,0.041768627,0.01746688,4532,0.060900265,0.050529568,3443,0.029334882,0,0,0,0,0,5,0.102991731
11111.21,0.115825552,0.5,6137,37,0.1454,33,35,37.01,0,0,0,0,0,20,0.5,0,0,0,0.1,0.1,0.1,0.1,0.1,0.1,0.5,0,11687,0.042868144,0.017369727,4397,0.062087787,0.051171253,3495,0.028040057,0,0,0,0,0,5,2.603708224
11171.28,0.057178373,0.5,6137,37,0.1333,33.1875,35,37.05,0,0,0,0,0,20,0.5,0,0,0,0.1,0.1,0.1,0.1,0.1,0.1,0.5,0,11718,0.042669398,0.017238437,4484,0.061998216,0.050847458,3453,0.028960324,0,0,0,0,0,5,0.355794452
11231.32,0.052464831,0.5,6137,37,0.163,33.25,35,36.93,0,0,0,0,0,20,0.5,0,0,0,0.1,0.1,0.1,0.1,0.1,0.1,0.5,0,11719,0.042580425,0.017663623,4483,0.062904305,0.0508588,3446,0.028148578,0,0,0,0,0,5,0.079906662
11291.37,0.062432737,0.5,6137,37,0.1518,33.1875,35,36.97,0,0,0,0,0,20,0.5,0,0,0,0.1,0.1,0.1,0.1,0.1,0.1,0.5,0,11919,0.042369326,0.01711553,4470,0.062416107,0.051006711,3469,0.027673681,0,0,0,0,0,5,0.597751487
11351.43,0.058235444,0.5,6137,37,0.1562,33.0625,34.875,36.95,0,0,0,0,0,20,0.5,0,0,0,0.1,0.1,0.1,0.1,0.1,0.1,0.5,0,11970,0.042105263,0.017293233,4501,0.063319262,0.051766274,3534,0.029145444,0,0,0,0,0,5,0.359077093
11411.5,0.05304478,0.5,6137,37,0.1842,33.125,34.875,36.85,0,0,0,0,0,20,0.5,0,0,0,0.1,0.1,0.1,0.1,0.1,0.1,0.5,0,11930,0.041911148,0.017183571,4527,0.063397393,0.051910758,3423,0.028045574,0,0,0,0,0,5,0.061050114
11471.57,0.052627063,0.5,6137,37,0.1574,33.0625,34.75,36.95,0,0,0,0,0,20,0.5,0,0,0,0.1,0.1,0.1,0.1,0.1,0.1,0.5,0,11958,0.041980264,0.017226961,4467,0.064025073,0.051936423,3556,0.028965129,0,0,0,0,0,5,0.034279733
11531.64,0.063631413,0.5,6137,37,0.1562,33,34.6875,36.95,0,0,0,0,0,20,0.5,0,0,0,0.1,0.1,0.1,0.1,0.1,0.1,0.5,0,11724,0.042818151,0.017229614,4493,0.063209437,0.051190741,3424,0.027745327,0,0,0,0,0,5,0.602196036
11591.69,0.052977473,0.5,6137,37,0.158,32.9375,34.6875,36.95,0,0,0,0,0,20,0.5,0,0,0,0.1,0.1,0.1,0.1,0.1,0.1,0.5,0,11836,0.042244001,0.017657993,4574,0.062964582,0.052033231,3487,0.028104388,0,0,0,0,0,5,0.022364834
11651.75,0.052562088,0.5,6137,37,0.1451,33.0625,34.75,37.01,0,0,0,0,0,20,0.5,0,0,0,0.1,0.1,0.1,0.1,0.1,0.1,0.5,0,11847,0.042289187,0.017388368,4543,0.063834471,0.052168171,3452,0.02838934,0,0,0,0,0,5,-0.002368494
11711.82,0.053673933,0.5,6137,37,0.1849,33,34.875,36.87,0,0,0,0,0,20,0.5,0,0,0,0.1,0.1,0.1,0.1,0.1,0.1,0.5,0,11953,0.041997825,0.017150506,4554,0.063899868,0.052700922,3441,0.029642546,0,0,0,0,0,5,0.060547002
11771.89,0.056302996,0.5,6137,37,0.1416,33.0625,34.9375,37.03,0,0,0,0,0,20,0.5,0,0,0,0.1,0.1,0.1,0.1,0.1,0.1,0.5,0,11992,0.042194797,0.01709473,4529,0.065356591,0.052550232,3478,0.028752156,0,0,0,0,0,5,0.200980512
11831.97,0.094706038,0.5,6137,37,0.1663,32.9375,34.9375,36.93,0,0,0,0,0,20,0.5,0,0,0,0.1,0.1,0.1,0.1,0.1,0.1,0.5,0,11582,0.043170437,0.017440857,4497,0.064487436,0.052924172,3465,0.028860029,0,0,0,0,0,5,1.751021523
11892.04,0.073077158,0.5,6137,37,0.1478,33.125,34.9375,37.01,0,0,0,0,0,20,0.5,0,0,0,0.1,0.1,0.1,0.1,0.1,0.1,0.5,0,12039,0.042362322,0.017194119,4542,0.064509027,0.053280493,3448,0.029582367,0,0,0,0,0,5,0.885684717
11952.11,0.093637709,0.5,6137,37,0.1445,33,34.9375,37.01,0,0,0,0,0,20,0.5,0,0,0,0.1,0.1,0.1,0.1,0.1,0.1,0.5,0,11744,0.043085831,0.017796322,4553,0.065670986,0.053151768,3448,0.02900232,0,0,0,0,0,5,1.585152491
12012.19,0.061902408,0.5,6137,37,0.1995,33.125,35,36.79,0,0,0,0,0,20,0.5,0,0,0,0.1,0.1,0.1,0.1,0.1,0.1,0.5,0,11921,0.042529989,0.017364315,4564,0.065512708,0.053900088,3454,0.029530979,0,0,0,0,0,5,0.26427254
12072.28,0.064943766,0.5,6137,37,0.13,33.125,34.9375,37.05,0,0,0,0,0,20,0.5,0,0,0,0.1,0.1,0.1,0.1,0.1,0.1,0.5,0,12042,0.042185683,0.017272878,4503,0.066400178,0.054186098,3473,0.028217679,0,0,0,0,0,5,0.394946949
12132.33,0.060172687,0.5,6137,37,0.1777,33.0625,35,36.87,0,0,0,0,0,20,0.5,0,0,0,0.1,0.1,0.1,0.1,0.1,0.1,0.5,0,11995,0.042434348,0.01725719,4511,0.067169142,0.054090002,3537,0.028555273,0,0,0,0,0,5,0.146289999
12192.41,0.066654655,0.5,6137,37,0.1624,33.1875,34.9375,36.93,0,0,0,0,0,20,0.5,0,0,0,0.1,0.1,0.1,0.1,0.1,0.1,0.5,0,12010,0.042714405,0.017235637,4583,0.06698669,0.053676631,3525,0.029503546,0,0,0,0,0,5,0.445894487
12252.44,0.061735917,0.5,6137,37,0.1362,33.125,34.9375,37.03,0,0,0,0,0,20,0.5,0,0,0,0.1,0.1,0.1,0.1,0.1,0.1,0.5,0,12081,0.042628921,0.017548216,4564,0.066827344,0.0543383,3467,0.029420248,0,0,0,0,0,5,0.1936228
12312.48,0.070495954,0.5,6137,37,0.1739,33.125,34.9375,36.89,0,0,0,0,0,20,0.5,0,0,0,0.1,0.1,0.1,0.1,0.1,0.1,0.5,0,11932,0.042490781,0.017432115,4557,0.066710555,0.055299539,3471,0.029962547,0,0,0,0,0,5,0.582009923
12372.56,0.066581107,0.5,6137,37,0.1648,33.0625,34.8125,36.93,0,0,0,0,0,20,0.5,0,0,0,0.1,0.1,0.1,0.1,0.1,0.1,0.5,0,12032,0.042802527,0.017453457,4596,0.067014795,0.054830287,3474,0.029936672,0,0,0,0,0,5,0.381506053
12432.61,0.067930334,0.5,6137,37,0.1745,33,34.8125,36.89,0,0,0,0,0,20,0.5,0,0,0,0.1,0.1,0.1,0.1,0.1,0.1,0.5,0,11958,0.042732898,0.017561465,4529,0.067122985,0.055199823,3528,0.028911565,0,0,0,0,0,5,0.422616219
12492.65,0.071641742,0.5,6137,37,0.1398,33.0625,34.8125,37.03,0,0,0,0,0,20,0.5,0,0,0,0.1,0.1,0.1,0.1,0.1,0.1,0.5,0,12002,0.042576237,0.017580403,4567,0.067221371,0.05583534,3470,0.029682997,0,0,0,0,0,5,0.561071068
12552.7,0.059638639,0.5,6137,37,0.1801,33.125,34.875,36.87,0,0,0,0,0,20,0.5,0,0,0,0.1,0.1,0.1,0.1,0.1,0.1,0.5,0,11944,0.042699263,0.017330877,4643,0.067844066,0.055136765,3486,0.028399312,0,0,0,0,0,5,-0.017105178
12612.77,0.063379471,0.5,6137,37,0.1828,33.125,34.875,36.87,0,0,0,0,0,20,0.5,0,0,0,0.1,0.1,0.1,0.1,0.1,0.1,0.5,0,11820,0.042978003,0.017681895,4682,0.067065357,0.055531824,3492,0.028636884,0,0,0,0,0,5,0.166259106
12672.85,0.065368289,0.5,6137,37,0.1651,32.875,35,36.93,0,0,0,0,0,20,0.5,0,0,0,0.1,0.1,0.1,0.1,0.1,0.1,0.5,0,11823,0.042797936,0.017677408,4623,0.068353883,0.056240536,3479,0.029606209,0,0,0,0,0,5,0.250637896
12732.92,0.063132853,0.5,6137,37,0.1351,32.875,34.9375,37.05,0,0,0,0,0,20,0.5,0,0,0,0.1,0.1,0.1,0.1,0.1,0.1,0.5,0,12043,0.042597359,0.017686623,4659,0.069113544,0.056235244,3488,0.028383028,0,0,0,0,0,5,0.133718103
12792.99,0.06561902,0.5,6137,37,0.1975,33.125,35,36.81,0,0,0,0,0,20,0.5,0,0,0,0.1,0.1,0.1,0.1,0.1,0.1,0.5,0,12047,0.04283224,0.017597742,4678,0.069046601,0.056006841,3532,0.029445074,0,0,0,0,0,5,0.242905096
12853.07,0.065048866,0.5,6137,37,0.1254,33.1875,35,37.09,0,0,0,0,0,20,0.5,0,0,0,0.1,0.1,0.1,0.1,0.1,0.1,0.5,0,12090,0.042845327,0.017535153,4638,0.069642087,0.056489866,3528,0.028911565,0,0,0,0,0,5,0.2045794
12913.14,0.067570222,0.5,6137,37,0.1209,33.25,35,37.09,0,0,0,0,0,20,0.5,0,0,0,0.1,0.1,0.1,0.1,0.1,0.1,0.5,0,12019,0.042848823,0.017305932,4728,0.068950931,0.056895093,3551,0.029005914,0,0,0,0,0,5,0.308436268
12973.19,0.070248771,0.5,6137,37,0.14,33.1875,35,37.01,0,0,0,0,0,20,0.5,0,0,0,0.1,0.1,0.1,0.1,0.1,0.1,0.5,0,12129,0.04270756,0.017643664,4645,0.070398278,0.058127018,3556,0.030652418,0,0,0,0,0,5,0.409640715
13033.25,0.068747437,0.5,6137,37,0.1992,33.25,35,36.79,0,0,0,0,0,20,0.5,0,0,0,0.1,0.1,0.1,0.1,0.1,0.1,0.5,0,12097,0.042903199,0.017773002,4713,0.069806917,0.056863993,3537,0.028555273,0,0,0,0,0,5,0.324348596
13093.32,0.103838009,0.5,6137,37,0.133,33.125,34.9375,37.05,0,0,0,0,0,20,0.5,0,0,0,0.1,0.1,0.1,0.1,0.1,0.1,0.5,0,12092,0.043086338,0.01786305,4628,0.070656871,0.057692308,3591,0.029239766,0,0,0,0,0,5,1.545309071
13153.35,0.088020494,0.5,6137,37,0.1715,33.125,34.875,36.89,0,0,0,0,0,20,0.5,0,0,0,0.1,0.1,0.1,0.1,0.1,0.1,0.5,0,12193,0.043057492,0.017715082,4642,0.071090047,0.058595433,3588,0.029264214,0,0,0,0,0,5,0.972256384
13213.4,0.089230272,0.5,6137,37,0.1845,32.9375,34.875,36.85,0,0,0,0,0,20,0.5,0,0,0,0.1,0.1,0.1,0.1,0.1,0.1,0.5,0,11986,0.043300517,0.017770733,4643,0.07172087,0.058582813,3591,0.028961292,0,0,0,0,0,5,0.964595614
13273.47,0.07543552,0.5,6137,37,0.1601,32.9375,34.8125,36.95,0,0,0,0,0,20,0.5,0,0,0,0.1,0.1,0.1,0.1,0.1,0.1,0.5,0,12224,0.042948298,0.01783377,4658,0.07148991,0.058179476,3611,0.030462476,0,0,0,0,0,5,0.412539505
13333.51,0.085402644,0.5,6137,37,0.1807,33,34.75,36.87,0,0,0,0,0,20,0.5,0,0,0,0.1,0.1,0.1,0.1,0.1,0.1,0.5,0,12332,0.043058709,0.017677587,4807,0.070730185,0.058872478,3625,0.029241379,0,0,0,0,0,5,0.764208974
13393.56,0.186384635,0.5,6137,37,0.1321,32.625,34.6875,37.05,0,0,0,0,0,20,0.5,0,0,0,0.1,0.1,0.1,0.1,0.1,0.1,0.5,0,12094,0.043906069,0.018108153,4690,0.071641791,0.058848614,3720,0.029301075,0,0,0,0,0,5,3.067304752
13453.6,0.131047275,0.5,6137,37,0.163,32.75,34.6875,36.93,0,0,0,0,0,20,0.5,0,0,0,0.1,0.1,0.1,0.1,0.1,0.1,0.5,0,12127,0.043621671,0.017976416,4750,0.072421053,0.058526316,3606,0.029118136,0,0,0,0,0,5,1.857176521
13513.66,0.087243745,0.5,6137,37,0.1533,33,34.8125,36.97,0,0,0,0,0,20,0.5,0,0,0,0.1,0.1,0.1,0.1,0.1,0.1,0.5,0,12216,0.043303864,0.017763589,4702,0.072522331,0.059974479,3604,0.029966704,0,0,0,0,0,5,0.543760886
13573.71,0.086609237,0.5,6137,37,0.1224,32.9375,34.875,37.09,0,0,0,0,0,20,0.5,0,0,0,0.1,0.1,0.1,0.1,0.1,0.1,0.5,0,12201,0.043684944,0.017785427,4733,0.073737587,0.059581661,3595,0.028929068,0,0,0,0,0,5,0.49467464
13633.78,0.141098138,0.5,6137,37,0.1789,32.875,34.875,36.87,0,0,0,0,0,20,0.5,0,0,0,0.1,0.1,0.1,0.1,0.1,0.1,0.5,0,11965,0.043961555,0.018219808,4627,0.074994597,0.060730495,3675,0.029387755,0,0,0,0,0,5,1.934088489
13693.83,0.116545087,0.5,6137,37,0.1645,32.9375,34.875,36.93,0,0,0,0,0,20,0.5,0,0,0,0.1,0.1,0.1,0.1,0.1,0.1,0.5,0,12026,0.04382172,0.017711625,4680,0.07457265,0.060470085,3597,0.029747011,0,0,0,0,0,5,1.263851708
13753.86,0.095057664,0.5,6137,37,0.199,33,34.9375,36.81,0,0,0,0,0,20,0.5,0,0,0,0.1,0.1,0.1,0.1,0.1,0.1,0.5,0,12504,0.042866283,0.017834293,4684,0.074295474,0.060418446,3625,0.029517241,0,0,0,0,0,5,0.589275588
13813.93,0.099652401,0.5,6137,37,0.1275,33.0625,34.9375,37.09,0,0,0,0,0,20,0.5,0,0,0,0.1,0.1,0.1,0.1,0.1,0.1,0.5,0,12253,0.043499551,0.017546723,4793,0.073649072,0.061130816,3646,0.030718596,0,0,0,0,0,5,0.701425145
13873.98,0.092058199,0.5,6137,37,0.1796,33.125,34.9375,36.89,0,0,0,0,0,20,0.5,0,0,0,0.1,0.1,0.1,0.1,0.1,0.1,0.5,0,12119,0.043732981,0.017658223,4793,0.074274984,0.060296265,3626,0.029784887,0,0,0,0,0,5,0.428552378
13934.05,0.089696086,0.5,6137,37,0.1487,33.1875,35,37.01,0,0,0,0,0,20,0.5,0,0,0,0.1,0.1,0.1,0.1,0.1,0.1,0.5,0,12448,0.043300129,0.017512853,4721,0.075831392,0.061427664,3678,0.029635672,0,0,0,0,0,5,0.329143248
13994.1,0.089038136,0.5,6137,37,0.139,33.1875,35,37.05,0,0,0,0,0,20,0.5,0,0,0,0.1,0.1,0.1,0.1,0.1,0.1,0.5,0,12330,0.043471208,0.018004866,4723,0.07643447,0.062036841,3683,0.03068151,0,0,0,0,0,5,0.290598985
14054.18,0.094192457,0.5,6137,37,0.1257,33.25,35,37.09,0,0,0,0,0,20,0.5,0,0,0,0.1,0.1,0.1,0.1,0.1,0.1,0.5,0,12325,0.043488844,0.017849899,4769,0.075697211,0.062067519,3609,0.029648102,0,0,0,0,0,5,0.444895028
14114.23,0.094817779,0.5,6137,37,0.1427,33.1875,35,37.01,0,0,0,0,0,20,0.5,0,0,0,0.1,0.1,0.1,0.1,0.1,0.1,0.5,0,12354,0.043629594,0.017888943,4776,0.076005025,0.06218593,3623,0.02980955,0,0,0,0,0,5,0.442500766
14174.3,0.098867033,0.5,6137,37,0.1777,33.1875,35,36.87,0,0,0,0,0,20,0.5,0,0,0,0.1,0.1,0.1,0.1,0.1,0.1,0.5,0,12176,0.044267411,0.017821945,4817,0.076188499,0.062279427,3664,0.030021834,0,0,0,0,0,5,0.545832468
14234.39,0.092499102,0.5,6137,37,0.1106,33.1875,35,37.13,0,0,0,0,0,20,0.5,0,0,0,0.1,0.1,0.1,0.1,0.1,0.1,0.5,0,12374,0.043720705,0.017617585,4837,0.075873475,0.062642134,3646,0.030170049,0,0,0,0,0,5,0.318810116
14294.42,0.086287937,0.5,6137,37,0.1188,33.125,34.9375,37.09,0,0,0,0,0,20,0.5,0,0,0,0.1,0.1,0.1,0.1,0.1,0.1,0.5,0,12234,0.043730587,0.017982671,4805,0.077003122,0.063059313,3588,0.030379041,0,0,0,0,0,5,0.094342239
14354.5,0.09195014,0.5,6137,37,0.1329,33.125,34.9375,37.03,0,0,0,0,0,20,0.5,0,0,0,0.1,0.1,0.1,0.1,0.1,0.1,0.5,0,12220,0.044026187,0.017757774,4853,0.078096023,0.063465897,3692,0.030065005,0,0,0,0,0,5,0.28029511
14414.56,0.089083796,0.5,6137,37,0.1771,33.125,34.875,36.87,0,0,0,0,0,20,0.5,0,0,0,0.1,0.1,0.1,0.1,0.1,0.1,0.5,0,12279,0.044221842,0.017998208,4846,0.077589765,0.063557573,3628,0.029768467,0,0,0,0,0,5,0.171273297
14474.64,0.090833941,0.5,6137,37,0.1666,33.0625,34.8125,36.93,0,0,0,0,0,20,0.5,0,0,0,0.1,0.1,0.1,0.1,0.1,0.1,0.5,0,12436,0.043422322,0.017610164,4824,0.078150912,0.06384743,3737,0.030238159,0,0,0,0,0,5,0.221076311
14534.71,0.093765095,0.5,6137,37,0.1398,33,34.875,37.03,0,0,0,0,0,20,0.5,0,0,0,0.1,0.1,0.1,0.1,0.1,0.1,0.5,0,12284,0.043878216,0.018072289,4930,0.077281947,0.063286004,3660,0.030327869,0,0,0,0,0,5,0.305301456
14594.78,0.093271563,0.5,6137,37,0.1088,33.1875,34.875,37.13,0,0,0,0,0,20,0.5,0,0,0,0.1,0.1,0.1,0.1,0.1,0.1,0.5,0,12403,0.043699105,0.018060147,4887,0.078371189,0.064047473,3723,0.031426269,0,0,0,0,0,5,0.274204202
14654.86,0.095300294,0.5,6137,37,0.2018,33.125,34.9375,36.77,0,0,0,0,0,20,0.5,0,0,0,0.1,0.1,0.1,0.1,0.1,0.1,0.5,0,12337,0.043932885,0.017751479,4855,0.079299691,0.064469619,3718,0.030661646,0,0,0,0,0,5,0.325046859
14714.91,0.099387461,0.5,6137,37,0.1539,33.1875,34.9375,36.97,0,0,0,0,0,20,0.5,0,0,0,0.1,0.1,0.1,0.1,0.1,0.1,0.5,0,12157,0.044254339,0.017932056,4882,0.079065957,0.064727571,3751,0.030391895,0,0,0,0,0,5,0.434773717
14774.99,0.09629799,0.5,6137,37,0.1601,33.1875,34.875,36.95,0,0,0,0,0,20,0.5,0,0,0,0.1,0.1,0.1,0.1,0.1,0.1,0.5,0,12400,0.043870968,0.018145161,4828,0.080571665,0.065658658,3681,0.030426515,0,0,0,0,0,5,0.318299493
14835.06,0.10183759,0.5,6137,37,0.1342,33.1875,35,37.05,0,0,0,0,0,20,0.5,0,0,0,0.1,0.1,0.1,0.1,0.1,0.1,0.5,0,12526,0.04390867,0.017882804,4849,0.080635183,0.066405444,3748,0.030416222,0,0,0,0,0,5,0.470180045
14895.12,0.099561527,0.5,6137,37,0.1672,33.1875,35,36.93,0,0,0,0,0,20,0.5,0,0,0,0.1,0.1,0.1,0.1,0.1,0.1,0.5,0,12563,0.043779352,0.017909735,4901,0.081003877,0.066108957,3654,0.031746032,0,0,0,0,0,5,0.378860624
14955.17,0.100425549,0.5,6137,37,0.1413,33.1875,35,37.03,0,0,0,0,0,20,0.5,0,0,0,0.1,0.1,0.1,0.1,0.1,0.1,0.5,0,12239,0.04436637,0.017811913,4930,0.081338742,0.06653144,3684,0.030130293,0,0,0,0,0,5,0.385840078
15015.21,0.108134919,0.5,6137,37,0.2031,33.1875,35,36.79,0,0,0,0,0,20,0.5,0,0,0,0.1,0.1,0.1,0.1,0.1,0.1,0.5,0,12343,0.044154582,0.018066921,4806,0.08281315,0.067207657,3710,0.030727763,0,0,0,0,0,5,0.588437234
15075.28,0.100121512,0.5,6137,37,0.1637,33.25,35,36.95,0,0,0,0,0,20,0.5,0,0,0,0.1,0.1,0.1,0.1,0.1,0.1,0.5,0,12281,0.044296067,0.017750997,4887,0.08205443,0.067321465,3683,0.031224545,0,0,0,0,0,5,0.328029978
15135.32,0.115853229,0.5,6137,37,0.1395,33.125,35,37.03,0,0,0,0,0,20,0.5,0,0,0,0.1,0.1,0.1,0.1,0.1,0.1,0.5,0,12460,0.044141252,0.017977528,4926,0.082013804,0.067194478,3691,0.031427797,0,0,0,0,0,5,0.749447141
15195.39,0.116780985,0.5,6137,37,0.1436,33.1875,35,37.01,0,0,0,0,0,20,0.5,0,0,0,0.1,0.1,0.1,0.1,0.1,0.1,0.5,0,12761,0.044197163,0.017866938,4972,0.082864039,0.067176187,3692,0.031960997,0,0,0,0,0,5,0.735903201
15255.43,0.114875957,0.5,6137,37,0.1374,33.25,34.9375,37.03,0,0,0,0,0,20,0.5,0,0,0,0.1,0.1,0.1,0.1,0.1,0.1,0.5,0,12405,0.044498186,0.01821846,5013,0.082585278,0.067424696,3694,0.032214402,0,0,0,0,0,5,0.649765979
15315.46,0.121981427,0.5,6137,37,0.1206,33.0625,34.8125,37.09,0,0,0,0,0,20,0.5,0,0,0,0.1,0.1,0.1,0.1,0.1,0.1,0.5,0,12396,0.045014521,0.018312359,4845,0.084416925,0.068937049,3797,0.031867264,0,0,0,0,0,5,0.797325355
15375.54,0.135060428,0.5,6137,37,0.18285,33,34.875,37.01,0,0,0,0,0,20,0.5,0,0,0,0.1,0.1,0.1,0.1,0.1,0.1,0.5,0,12674,0.044500552,0.018068487,4870,0.085215606,0.069199179,3755,0.031424767,0,0,0,0,0,5,1.063019578
15435.6,0.121171492,0.5,6137,37,0.12255,33.0625,34.875,36.93,0,0,0,0,0,20,0.5,0,0,0,0.1,0.1,0.1,0.1,0.1,0.1,0.5,0,12524,0.044634302,0.018284893,4869,0.085643869,0.069624153,3850,0.030909091,0,0,0,0,0,5,0.684322203
15495.65,0.12625715,0.5,6137,37,0.13455,33.0625,34.75,36.73,0,0,0,0,0,20,0.5,0,0,0,0.1,0.1,0.1,0.1,0.1,0.1,0.5,0,12707,0.044778469,0.018021563,4934,0.085731658,0.069314957,3741,0.030740444,0,0,0,0,0,5,0.773447701
15555.73,0.126044632,0.5,6137,37,0.17225,33.0625,34.8125,36.89,0,0,0,0,0,20,0.5,0,0,0,0.1,0.1,0.1,0.1,0.1,0.1,0.5,0,12939,0.044439292,0.017775717,4998,0.085234094,0.069627851,3701,0.030532289,0,0,0,0,0,5,0.729721415
15615.8,0.132723146,0.5,6137,37,0.15875,33,34.875,37.01,0,0,0,0,0,20,0.5,0,0,0,0.1,0.1,0.1,0.1,0.1,0.1,0.5,0,13012,0.044113126,0.0179834,4941,0.086419753,0.070431087,3745,0.030974633,0,0,0,0,0,5,0.848123187
15675.86,0.126487064,0.5,6137,37,0.14315,33,34.875,36.65,0,0,0,0,0,20,0.5,0,0,0,0.1,0.1,0.1,0.1,0.1,0.1,0.5,0,12785,0.044348846,0.018224482,4962,0.0872632,0.070737606,3785,0.031704095,0,0,0,0,0,5,0.661341102
15735.9,0.124969102,0.5,6137,37,0.10225,33.125,34.9375,37.01,0,0,0,0,0,20,0.5,0,0,0,0.1,0.1,0.1,0.1,0.1,0.1,0.5,0,12751,0.044702376,0.017880951,4975,0.087236181,0.070954774,3856,0.031120332,0,0,0,0,0,5,0.592053497
15795.97,0.129875245,0.5,6137,37,0.15665,33.0625,34.9375,36.93,0,0,0,0,0,20,0.5,0,0,0,0.1,0.1,0.1,0.1,0.1,0.1,0.5,0,12573,0.0450171,0.018134097,4986,0.087845969,0.070798235,3842,0.031494014,0,0,0,0,0,5,0.67797427
15856.03,0.135949241,0.5,6137,37,0.13785,33.0625,35,36.85,0,0,0,0,0,20,0.5,0,0,0,0.1,0.1,0.1,0.1,0.1,0.1,0.5,0,12607,0.045054335,0.018402475,5034,0.088597537,0.071712356,3786,0.032223983,0,0,0,0,0,5,0.781197313
15916.08,0.134076294,0.5,6137,37,0.12135,33.125,34.9375,36.89,0,0,0,0,0,20,0.5,0,0,0,0.1,0.1,0.1,0.1,0.1,0.1,0.5,0,12650,0.04513834,0.018339921,5083,0.087546724,0.071414519,3887,0.031901209,0,0,0,0,0,5,0.700519659
15976.12,0.136941661,0.5,6137,37,0.16345,33.1875,34.9375,36.93,0,0,0,0,0,20,0.5,0,0,0,0.1,0.1,0.1,0.1,0.1,0.1,0.5,0,12605,0.045537485,0.018484728,5041,0.088077762,0.072009522,3871,0.031516404,0,0,0,0,0,5,0.728931701
16036.16,0.163073575,0.5,6137,37,0.15195,32.875,35,36.73,0,0,0,0,0,20,0.5,0,0,0,0.1,0.1,0.1,0.1,0.1,0.1,0.5,0,12931,0.044776119,0.018018715,5017,0.089296392,0.072951963,3850,0.032207792,0,0,0,0,0,5,1.216424551
16096.24,0.140548836,0.5,6137,37,0.12105,33.125,35,36.95,0,0,0,0,0,20,0.5,0,0,0,0.1,0.1,0.1,0.1,0.1,0.1,0.5,0,13217,0.044563819,0.018007112,5067,0.089796724,0.073021512,3880,0.031701031,0,0,0,0,0,5,0.709663926
16156.31,0.147327178,0.5,6137,37,0.19345,33.1875,35,36.85,0,0,0,0,0,20,0.5,0,0,0,0.1,0.1,0.1,0.1,0.1,0.1,0.5,0,13000,0.044846154,0.018153846,5046,0.090566786,0.07372176,3774,0.031796502,0,0,0,0,0,5,0.815483137
16216.36,0.146319323,0.5,6137,37,0.13315,33.0625,34.875,37.19,0,0,0,0,0,20,0.5,0,0,0,0.1,0.1,0.1,0.1,0.1,0.1,0.5,0,12954,0.045236992,0.018218311,5038,0.090710599,0.074235808,3923,0.031353556,0,0,0,0,0,5,0.754115652
16276.4,0.142540231,0.5,6137,37,0.15195,33.0625,34.8125,36.73,0,0,0,0,0,20,0.5,0,0,0,0.1,0.1,0.1,0.1,0.1,0.1,0.5,0,13129,0.044862518,0.017899307,5075,0.091625616,0.07408867,3846,0.033021321,0,0,0,0,0,5,0.637908585
16336.48,0.153779701,0.5,6137,37,0.11895,32.8125,34.6875,36.93,0,0,0,0,0,20,0.5,0,0,0,0.1,0.1,0.1,0.1,0.1,0.1,0.5,0,12992,0.044950739,0.018318966,5067,0.091572923,0.075587132,3825,0.031633987,0,0,0,0,0,5,0.833703514
16396.54,0.150568344,0.5,6137,37,0.13395,32.875,34.75,36.95,0,0,0,0,0,20,0.5,0,0,0,0.1,0.1,0.1,0.1,0.1,0.1,0.5,0,12929,0.04540181,0.018330884,5070,0.091913215,0.075147929,3889,0.031370532,0,0,0,0,0,5,0.728706416
16456.58,0.153831761,0.5,6137,37,0.13745,33,34.8125,37.13,0,0,0,0,0,20,0.5,0,0,0,0.1,0.1,0.1,0.1,0.1,0.1,0.5,0,12843,0.045550105,0.018297905,5272,0.090667678,0.073975721,3895,0.031835687,0,0,0,0,0,5,0.756598461
16516.65,0.15777749,0.5,6137,37,0.16955,33,34.875,36.93,0,0,0,0,0,20,0.5,0,0,0,0.1,0.1,0.1,0.1,0.1,0.1,0.5,0,13117,0.045284745,0.018144393,5058,0.094108343,0.076314749,3924,0.032364934,0,0,0,0,0,5,0.794747147
16576.73,0.150802196,0.5,6137,37,0.12985,33.0625,34.875,36.85,0,0,0,0,0,20,0.5,0,0,0,0.1,0.1,0.1,0.1,0.1,0.1,0.5,0,12950,0.045482625,0.018610039,5105,0.094221352,0.076591577,3978,0.032931121,0,0,0,0,0,5,0.619359597
16636.78,0.153051504,0.5,6137,37,0.14985,33.125,34.9375,36.95,0,0,0,0,0,20,0.5,0,0,0,0.1,0.1,0.1,0.1,0.1,0.1,0.5,0,13190,0.045337377,0.018043973,5143,0.094691814,0.076803422,3942,0.032470827,0,0,0,0,0,5,0.632808034
16696.86,0.162733471,0.5,6137,37,0.17345,33.0625,34.875,37.03,0,0,0,0,0,20,0.5,0,0,0,0.1,0.1,0.1,0.1,0.1,0.1,0.5,0,13011,0.045730536,0.018292214,5207,0.093719992,0.077011715,3987,0.0331076,0,0,0,0,0,5,0.785185301
16756.92,0.156700871,0.5,6137,37,0.13905,33.125,35,36.95,0,0,0,0,0,20,0.5,0,0,0,0.1,0.1,0.1,0.1,0.1,0.1,0.5,0,12980,0.045839753,0.018335901,5265,0.093637227,0.07654321,3928,0.032841141,0,0,0,0,0,5,0.632601021
16816.98,0.164912693,0.5,6137,37,0.15725,33.125,34.9375,37.01,0,0,0,0,0,20,0.5,0,0,0,0.1,0.1,0.1,0.1,0.1,0.1,0.5,0,12992,0.046105296,0.018626847,5121,0.096465534,0.078305019,3909,0.032489128,0,0,0,0,0,5,0.754203446
16877.06,0.166141708,0.5,6137,37,0.13775,33.125,35,36.85,0,0,0,0,0,20,0.5,0,0,0,0.1,0.1,0.1,0.1,0.1,0.1,0.5,0,12856,0.046281892,0.018512757,5174,0.096830305,0.078469269,4006,0.032201697,0,0,0,0,0,5,0.73876793
16937.13,0.166419072,0.5,6137,37,0.12925,33.0625,34.9375,36.79,0,0,0,0,0,20,0.5,0,0,0,0.1,0.1,0.1,0.1,0.1,0.1,0.5,0,13223,0.046056114,0.018528322,5146,0.097357171,0.079284881,3942,0.032724505,0,0,0,0,0,5,0.706833687
16997.17,0.16378555,0.5,6137,37,0.12015,33.125,35,36.93,0,0,0,0,0,20,0.5,0,0,0,0.1,0.1,0.1,0.1,0.1,0.1,0.5,0,12900,0.046356589,0.018837209,5293,0.096542603,0.078783299,3936,0.03226626,0,0,0,0,0,5,0.623638431
17057.24,0.168124565,0.5,6137,37,0.15815,33,34.9375,36.89,0,0,0,0,0,20,0.5,0,0,0,0.1,0.1,0.1,0.1,0.1,0.1,0.5,0,12922,0.046277666,0.018805139,5192,0.098613251,0.080123267,3979,0.032420206,0,0,0,0,0,5,0.670898165
17117.32,0.16657452,0.5,6137,37,0.15165,33,34.8125,36.95,0,0,0,0,0,20,0.5,0,0,0,0.1,0.1,0.1,0.1,0.1,0.1,0.5,0,13030,0.04627782,0.018495779,5255,0.099143673,0.080685062,3916,0.033963228,0,0,0,0,0,5,0.609566092
17177.38,0.172642439,0.5,6137,37,0.14075,32.9375,34.8125,36.95,0,0,0,0,0,20,0.5,0,0,0,0.1,0.1,0.1,0.1,0.1,0.1,0.5,0,13171,0.046086098,0.018677397,5213,0.099558795,0.081143296,3940,0.033756345,0,0,0,0,0,5,0.686427335
17237.46,0.178250439,0.5,6137,37,0.09625,32.9375,34.75,36.87,0,0,0,0,0,20,0.5,0,0,0,0.1,0.1,0.1,0.1,0.1,0.1,0.5,0,13027,0.046672296,0.018576802,5274,0.099924156,0.080963216,3938,0.033011681,0,0,0,0,0,5,0.748006649
17297.53,0.17468899,0.5,6137,37,0.15835,33,34.8125,36.89,0,0,0,0,0,20,0.5,0,0,0,0.1,0.1,0.1,0.1,0.1,0.1,0.5,0,13277,0.046396023,0.0186036,5316,0.100075245,0.080887886,4012,0.033898305,0,0,0,0,0,5,0.650059339
17357.58,0.175274555,0.5,6137,37,0.12865,33.0625,34.8125,36.87,0,0,0,0,0,20,0.5,0,0,0,0.1,0.1,0.1,0.1,0.1,0.1,0.5,0,13245,0.046432616,0.018875047,5189,0.102717287,0.082867605,4007,0.033191914,0,0,0,0,0,5,0.627595678
17417.65,0.187818675,0.5,6137,37,0.11275,33,34.875,36.85,0,0,0,0,0,20,0.5,0,0,0,0.1,0.1,0.1,0.1,0.1,0.1,0.5,0,13438,0.046435481,0.018678375,5229,0.102314018,0.082998661,4008,0.033682635,0,0,0,0,0,5,0.80358601
17477.7,0.181464714,0.5,6137,37,0.15515,33,34.9375,36.71,0,0,0,0,0,20,0.5,0,0,0,0.1,0.1,0.1,0.1,0.1,0.1,0.5,0,13728,0.045818765,0.018575175,5245,0.102192564,0.083508103,4031,0.033490449,0,0,0,0,0,5,0.660159362
17537.78,0.186300851,0.5,6137,37,0.13395,33.0625,34.9375,36.97,0,0,0,0,0,20,0.5,0,0,0,0.1,0.1,0.1,0.1,0.1,0.1,0.5,0,13362,0.046624757,0.018560096,5351,0.101663241,0.082975145,3978,0.034188034,0,0,0,0,0,5,0.706056271
17597.84,0.190828003,0.5,6137,37,0.18225,33.0625,34.9375,36.87,0,0,0,0,0,20,0.5,0,0,0,0.1,0.1,0.1,0.1,0.1,0.1,0.5,0,13149,0.046999772,0.018708647,5416,0.102289513,0.082348597,4120,0.033252427,0,0,0,0,0,5,0.742782461
17657.88,0.193039013,0.5,6137,37,0.14285,33.125,35,37.09,0,0,0,0,0,20,0.5,0,0,0,0.1,0.1,0.1,0.1,0.1,0.1,0.5,0,13441,0.046722714,0.018599807,5337,0.103803635,0.084317032,4133,0.033631744,0,0,0,0,0,5,0.740202732
17717.92,0.229296726,0.5,6137,37,0.14135,33.0625,34.9375,36.89,0,0,0,0,0,20,0.5,0,0,0,0.1,0.1,0.1,0.1,0.1,0.1,0.5,0,13084,0.047615408,0.019030877,5373,0.103480365,0.084124325,4130,0.033898305,0,0,0,0,0,5,1.219566393
17777.97,0.19994733,0.5,6137,37,0.16225,33.125,35,36.89,0,0,0,0,0,20,0.5,0,0,0,0.1,0.1,0.1,0.1,0.1,0.1,0.5,0,13715,0.046591323,0.018592782,5344,0.104977545,0.085516467,4085,0.033292534,0,0,0,0,0,5,0.747699286
17838.04,0.199935864,0.5,6137,37,0.15105,33.125,34.9375,36.89,0,0,0,0,0,20,0.5,0,0,0,0.1,0.1,0.1,0.1,0.1,0.1,0.5,0,13284,0.047576031,0.018744354,5305,0.106126296,0.086522149,4104,0.034844055,0,0,0,0,0,5,0.710142285
17898.08,0.207515999,0.5,6137,37,0.11015,33.1875,34.9375,36.73,0,0,0,0,0,20,0.5,0,0,0,0.1,0.1,0.1,0.1,0.1,0.1,0.5,0,13425,0.04744879,0.018696462,5484,0.104668125,0.085339168,4094,0.033952125,0,0,0,0,0,5,0.786270584
17958.12,0.201545681,0.5,6137,37,0.11835,33,34.875,36.71,0,0,0,0,0,20,0.5,0,0,0,0.1,0.1,0.1,0.1,0.1,0.1,0.5,0,13489,0.04700126,0.01853362,5480,0.105291971,0.085583942,4109,0.033828182,0,0,0,0,0,5,0.659379921
18018.18,0.207901403,0.5,6137,37,0.13925,32.875,34.8125,36.95,0,0,0,0,0,20,0.5,0,0,0,0.1,0.1,0.1,0.1,0.1,0.1,0.5,0,13848,0.046793761,0.018630849,5580,0.10483871,0.085483871,4064,0.034448819,0,0,0,0,0,5,0.719554569
18078.25,0.212430877,0.5,6137,37,0.17135,32.875,34.75,37.01,0,0,0,0,0,20,0.5,0,0,0,0.1,0.1,0.1,0.1,0.1,0.1,0.5,0,13618,0.047363783,0.019018946,5476,0.106464573,0.087107378,4202,0.035221323,0,0,0,0,0,5,0.748234964
18138.29,0.231582786,0.5,6137,37,0.15225,33,34.6875,37.01,0,0,0,0,0,20,0.5,0,0,0,0.1,0.1,0.1,0.1,0.1,0.1,0.5,0,13430,0.047803425,0.018987342,5531,0.107033086,0.087145182,4154,0.034424651,0,0,0,0,0,5,0.969785508
18198.35,0.219668033,0.5,6137,37,0.17195,32.875,34.75,36.95,0,0,0,0,0,20,0.5,0,0,0,0.1,0.1,0.1,0.1,0.1,0.1,0.5,0,13603,0.047489524,0.018745865,5532,0.10791757,0.087671728,4192,0.034351145,0,0,0,0,0,5,0.762836382
18258.41,0.218698377,0.5,6137,37,0.10865,33,34.8125,36.87,0,0,0,0,0,20,0.5,0,0,0,0.1,0.1,0.1,0.1,0.1,0.1,0.5,0,13918,0.047205058,0.018680845,5522,0.108294096,0.088373778,4230,0.035224586,0,0,0,0,0,5,0.711422682
18318.47,0.220000951,0.5,6137,37,0.12835,33,34.875,36.85,0,0,0,0,0,20,0.5,0,0,0,0.1,0.1,0.1,0.1,0.1,0.1,0.5,0,13867,0.047378669,0.018749549,5549,0.109028654,0.088844837,4286,0.033831078,0,0,0,0,0,5,0.693666644
18378.56,0.228204179,0.5,6137,37,0.15105,33.0625,34.875,37.05,0,0,0,0,0,20,0.5,0,0,0,0.1,0.1,0.1,0.1,0.1,0.1,0.5,0,13956,0.047578103,0.018916595,5498,0.110949436,0.090032739,4210,0.034916865,0,0,0,0,0,5,0.76880995
18438.62,0.227050524,0.5,6137,37,0.13755,33.0625,34.875,36.81,0,0,0,0,0,20,0.5,0,0,0,0.1,0.1,0.1,0.1,0.1,0.1,0.5,0,13934,0.047366155,0.019161763,5621,0.110122754,0.088774239,4216,0.034867173,0,0,0,0,0,5,0.715164904
18498.68,0.220443393,0.5,6137,37,0.14925,33.0625,34.9375,36.81,0,0,0,0,0,20,0.5,0,0,0,0.1,0.1,0.1,0.1,0.1,0.1,0.5,0,14024,0.04763263,0.019110097,5659,0.110620251,0.089415091,4130,0.035108959,0,0,0,0,0,5,0.59081178
18558.72,0.232853398,0.5,6137,37,0.17135,33.0625,34.9375,36.81,0,0,0,0,0,20,0.5,0,0,0,0.1,0.1,0.1,0.1,0.1,0.1,0.5,0,13749,0.048294421,0.019055931,5655,0.11158267,0.09106985,4213,0.034892001,0,0,0,0,0,5,0.725575557
18618.77,0.238345394,0.5,6137,37,0.13455,33.125,34.9375,36.85,0,0,0,0,0,20,0.5,0,0,0,0.1,0.1,0.1,0.1,0.1,0.1,0.5,0,13636,0.048694632,0.01899384,5797,0.110401932,0.089874073,4159,0.035104592,0,0,0,0,0,5,0.759232162
18678.83,0.242359041,0.5,6137,37,0.15605,33.125,34.9375,36.77,0,0,0,0,0,20,0.5,0,0,0,0.1,0.1,0.1,0.1,0.1,0.1,0.5,0,13393,0.049204808,0.019263795,5989,0.108699282,0.088662548,4254,0.035496004,0,0,0,0,0,5,0.77136879
18738.88,0.24188767,0.5,6137,37,0.11135,33.125,34.9375,36.93,0,0,0,0,0,20,0.5,0,0,0,0.1,0.1,0.1,0.1,0.1,0.1,0.5,0,13863,0.048546491,0.019187766,5816,0.112448418,0.090784044,4308,0.034818942,0,0,0,0,0,5,0.726959883
18798.94,0.242191106,0.5,6137,37,0.10655,33.125,35,36.73,0,0,0,0,0,20,0.5,0,0,0,0.1,0.1,0.1,0.1,0.1,0.1,0.5,0,13752,0.049156486,0.019342641,5836,0.113091158,0.092015079,4301,0.035573123,0,0,0,0,0,5,0.694372873
18859.02,0.274429503,0.5,6137,37,0.13715,32.9375,34.9375,36.77,0,0,0,0,0,20,0.5,0,0,0,0.1,0.1,0.1,0.1,0.1,0.1,0.5,0,14549,0.048044539,0.018970376,5720,0.11520979,0.092657343,4286,0.036397573,0,0,0,0,0,5,1.034556128
18919.07,0.242428103,0.5,6137,37,0.13925,33.0625,35,36.97,0,0,0,0,0,20,0.5,0,0,0,0.1,0.1,0.1,0.1,0.1,0.1,0.5,0,13861,0.049058509,0.019262679,5845,0.114285714,0.092557742,4366,0.034585433,0,0,0,0,0,5,0.610860647
18979.14,0.256316542,0.5,6137,37,0.13335,33.0625,34.875,36.71,0,0,0,0,0,20,0.5,0,0,0,0.1,0.1,0.1,0.1,0.1,0.1,0.5,0,14318,0.04826093,0.019206593,5827,0.11566844,0.092843659,4348,0.035878565,0,0,0,0,0,5,0.747441586
19039.21,0.257308147,0.5,6137,37,0.13515,33.125,34.8125,36.95,0,0,0,0,0,20,0.5,0,0,0,0.1,0.1,0.1,0.1,0.1,0.1,0.5,0,13752,0.04930192,0.019488074,5741,0.116878593,0.094931197,4422,0.035504297,0,0,0,0,0,5,0.721653135
19099.28,0.265694659,0.5,6137,37,0.14315,33.0625,34.875,36.97,0,0,0,0,0,20,0.5,0,0,0,0.1,0.1,0.1,0.1,0.1,0.1,0.5,0,14722,0.04781959,0.018951229,5875,0.11693617,0.09412766,4223,0.035519773,0,0,0,0,0,5,0.781790584
19159.36,0.26623244,0.5,6137,37,0.13575,33,34.75,36.89,0,0,0,0,0,20,0.5,0,0,0,0.1,0.1,0.1,0.1,0.1,0.1,0.5,0,13786,0.050268388,0.019512549,5768,0.118758669,0.096047157,4387,0.035559608,0,0,0,0,0,5,0.748767086
19219.43,0.264296075,0.5,6137,37,0.12925,32.9375,34.6875,36.93,0,0,0,0,0,20,0.5,0,0,0,0.1,0.1,0.1,0.1,0.1,0.1,0.5,0,13752,0.04995637,0.019633508,5861,0.118239208,0.096229312,4383,0.035820214,0,0,0,0,0,5,0.689429358
19279.48,0.279604508,0.5,6137,37,0.13455,32.875,34.75,36.79,0,0,0,0,0,20,0.5,0,0,0,0.1,0.1,0.1,0.1,0.1,0.1,0.5,0,14383,0.048946673,0.0193979,6055,0.116597853,0.094797688,4348,0.036108556,0,0,0,0,0,5,0.82387638
19339.54,0.278549535,0.5,6137,37,0.12835,32.9375,34.75,36.85,0,0,0,0,0,20,0.5,0,0,0,0.1,0.1,0.1,0.1,0.1,0.1,0.5,0,14332,0.049120848,0.019327379,6061,0.117637354,0.094868834,4462,0.035186015,0,0,0,0,0,5,0.771341884
19399.57,0.277945203,0.5,6137,37,0.13895,32.8125,34.6875,36.81,0,0,0,0,0,20,0.5,0,0,0,0.1,0.1,0.1,0.1,0.1,0.1,0.5,0,13928,0.050402068,0.019457209,5886,0.120455318,0.097519538,4488,0.03587344,0,0,0,0,0,5,0.726259021
19459.65,0.276370938,0.5,6137,37,0.13045,32.875,34.6875,36.87,0,0,0,0,0,20,0.5,0,0,0,0.1,0.1,0.1,0.1,0.1,0.1,0.5,0,13874,0.050598241,0.019605017,6061,0.120112193,0.097343673,4449,0.036187907,0,0,0,0,0,5,0.672905941
19519.72,0.282528839,0.5,6137,37,0.15695,32.875,34.75,36.97,0,0,0,0,0,20,0.5,0,0,0,0.1,0.1,0.1,0.1,0.1,0.1,0.5,0,14039,0.050146022,0.019445829,6002,0.121126291,0.098300566,4532,0.036849073,0,0,0,0,0,5,0.705370711
19579.79,0.288993737,0.5,6137,37,0.13485,32.9375,34.875,36.87,0,0,0,0,0,20,0.5,0,0,0,0.1,0.1,0.1,0.1,0.1,0.1,0.5,0,14542,0.049511759,0.019460872,6036,0.121935056,0.09824387,4401,0.037037037,0,0,0,0,0,5,0.737975335
19639.87,0.288318418,0.5,6137,37,0.16255,32.9375,34.875,36.87,0,0,0,0,0,20,0.5,0,0,0,0.1,0.1,0.1,0.1,0.1,0.1,0.5,0,14482,0.049924044,0.019610551,6090,0.121182266,0.098522167,4653,0.036535568,0,0,0,0,0,5,0.69405798
19699.9,0.296666022,0.5,6137,37,0.15935,33,34.875,36.87,0,0,0,0,0,20,0.5,0,0,0,0.1,0.1,0.1,0.1,0.1,0.1,0.5,0,14682,0.049925078,0.019479635,6123,0.122652295,0.098644455,4469,0.036921011,0,0,0,0,0,5,0.744979624
19759.98,0.298811465,0.5,6137,37,0.12345,33.0625,34.9375,36.97,0,0,0,0,0,20,0.5,0,0,0,0.1,0.1,0.1,0.1,0.1,0.1,0.5,0,14559,0.050140806,0.019644206,6178,0.122693428,0.099708644,4359,0.036935077,0,0,0,0,0,5,0.72934811
19820.06,0.320841899,0.5,6137,37,0.16255,33,34.9375,36.97,0,0,0,0,0,20,0.5,0,0,0,0.1,0.1,0.1,0.1,0.1,0.1,0.5,0,14651,0.04996246,0.019520852,6106,0.123976417,0.100556829,4505,0.036847947,0,0,0,0,0,5,0.906287661
19880.13,0.311617732,0.5,6137,37,0.15375,33.0625,34.9375,37.11,0,0,0,0,0,20,0.5,0,0,0,0.1,0.1,0.1,0.1,0.1,0.1,0.5,0,14674,0.050497479,0.019694698,6080,0.125164474,0.101315789,4459,0.037228078,0,0,0,0,0,5,0.773459503
19940.2,0.312065243,0.5,6137,37,0.13635,33.0625,35,36.81,0,0,0,0,0,20,0.5,0,0,0,0.1,0.1,0.1,0.1,0.1,0.1,0.5,0,14745,0.050322143,0.019464225,6120,0.12630719,0.102287582,4383,0.037873603,0,0,0,0,0,5,0.739091704
20000.27,0.305900765,0.5,6137,37,0.11955,33,35,36.79,0,0,0,0,0,20,0.5,0,0,0,0.1,0.1,0.1,0.1,0.1,0.1,0.5,0,15117,0.049877621,0.019514454,6384,0.123433584,0.100407268,4540,0.037444934,0,0,0,0,0,5,0.642282548
20060.34,0.307473365,0.5,6137,37,0.09775,33.125,34.9375,37.11,0,0,0,0,0,20,0.5,0,0,0,0.1,0.1,0.1,0.1,0.1,0.1,0.5,0,15007,0.050643033,0.019524222,6227,0.126706279,0.102938815,4776,0.036641541,0,0,0,0,0,5,0.625551558
20120.41,0.329111468,0.5,6137,37,0.17105,33,35,36.95,0,0,0,0,0,20,0.5,0,0,0,0.1,0.1,0.1,0.1,0.1,0.1,0.5,0,14813,0.050833727,0.019577398,6431,0.12439745,0.100917431,4607,0.037334491,0,0,0,0,0,5,0.798298092
20180.44,0.333194961,0.5,6137,37,0.11605,32.875,34.9375,37.13,0,0,0,0,0,20,0.5,0,0,0,0.1,0.1,0.1,0.1,0.1,0.1,0.5,0,15710,0.049649905,0.019223425,6322,0.126858589,0.10313192,4631,0.038004751,0,0,0,0,0,5,0.795377043
20240.48,0.337881166,0.5,6137,37,0.13635,32.875,34.9375,36.97,0,0,0,0,0,20,0.5,0,0,0,0.1,0.1,0.1,0.1,0.1,0.1,0.5,0,14670,0.051533742,0.019631902,6183,0.131651302,0.106259098,4599,0.03805175,0,0,0,0,0,5,0.797507586
20300.56,0.341545239,0.5,6137,37,0.13575,32.875,34.9375,37.03,0,0,0,0,0,20,0.5,0,0,0,0.1,0.1,0.1,0.1,0.1,0.1,0.5,0,15526,0.050431534,0.019644467,6235,0.130553328,0.10585405,4854,0.037700865,0,0,0,0,0,5,0.789989873
20360.66,0.348920855,0.5,6137,37,0.09155,32.875,34.9375,36.87,0,0,0,0,0,20,0.5,0,0,0,0.1,0.1,0.1,0.1,0.1,0.1,0.5,0,15319,0.051047719,0.019714081,6367,0.130516727,0.105701272,4863,0.037425458,0,0,0,0,0,5,0.814585317
20420.72,0.387381181,0.5,6137,37,0.13685,32.8125,34.8125,36.85,0,0,0,0,0,20,0.5,0,0,0,0.1,0.1,0.1,0.1,0.1,0.1,0.5,0,15311,0.051466266,0.019724381,6437,0.129874165,0.105017865,4796,0.037739783,0,0,0,0,0,5,1.087548203
20480.76,0.375670085,0.5,6137,37,0.15985,32.875,34.75,36.97,0,0,0,0,0,20,0.5,0,0,0,0.1,0.1,0.1,0.1,0.1,0.1,0.5,0,15547,0.051070946,0.019746575,6329,0.132880392,0.10775794,4958,0.037918516,0,0,0,0,0,5,0.941077249
20540.8,0.376525274,0.5,6137,37,0.12865,32.75,34.75,36.97,0,0,0,0,0,20,0.5,0,0,0,0.1,0.1,0.1,0.1,0.1,0.1,0.5,0,14869,0.052323626,0.020377968,6441,0.13181183,0.107126223,4708,0.037807986,0,0,0,0,0,5,0.900844938
20600.86,0.370154164,0.5,6137,37,0.13835,32.6875,34.75,36.97,0,0,0,0,0,20,0.5,0,0,0,0.1,0.1,0.1,0.1,0.1,0.1,0.5,0,15178,0.052114903,0.020226644,6251,0.137098064,0.110702288,4805,0.038293444,0,0,0,0,0,5,0.8046059
20660.93,0.383689559,0.5,6137,37,0.14835,32.8125,34.8125,36.89,0,0,0,0,0,20,0.5,0,0,0,0.1,0.1,0.1,0.1,0.1,0.1,0.5,0,15153,0.052530852,0.020260015,6373,0.135571944,0.110152205,4722,0.038119441,0,0,0,0,0,5,0.872118232
20721.01,0.393592156,0.5,6137,37,0.15245,32.6875,34.8125,37.13,0,0,0,0,0,20,0.5,0,0,0,0.1,0.1,0.1,0.1,0.1,0.1,0.5,0,15295,0.052173913,0.019941157,6473,0.135331376,0.109222926,4798,0.039182993,0,0,0,0,0,5,0.904956673
20781.08,0.400973235,0.5,6137,37,0.16955,32.8125,34.875,36.93,0,0,0,0,0,20,0.5,0,0,0,0.1,0.1,0.1,0.1,0.1,0.1,0.5,0,15478,0.051944696,0.020093035,6502,0.135958167,0.109966164,4847,0.038167939,0,0,0,0,0,5,0.915447163
20841.16,0.388896845,0.5,6137,37,0.13805,32.9375,34.875,36.97,0,0,0,0,0,20,0.5,0,0,0,0.1,0.1,0.1,0.1,0.1,0.1,0.5,0,15263,0.052610889,0.020310555,6672,0.134142686,0.108513189,4745,0.038777661,0,0,0,0,0,5,0.777933153
20901.23,0.403230462,0.5,6137,37,0.13425,32.875,34.9375,36.93,0,0,0,0,0,20,0.5,0,0,0,0.1,0.1,0.1,0.1,0.1,0.1,0.5,0,15131,0.052937678,0.020223382,6444,0.139044072,0.113283675,4762,0.039689206,0,0,0,0,0,5,0.847618907
20961.3,0.400816388,0.5,6137,37,0.09505,32.8125,34.9375,36.97,0,0,0,0,0,20,0.5,0,0,0,0.1,0.1,0.1,0.1,0.1,0.1,0.5,0,15555,0.053101896,0.020379299,6790,0.13460972,0.108689249,4889,0.038453672,0,0,0,0,0,5,0.787223478
21021.34,0.406694509,0.5,6137,37,0.13325,32.8125,34.9375,36.81,0,0,0,0,0,20,0.5,0,0,0,0.1,0.1,0.1,0.1,0.1,0.1,0.5,0,16453,0.051297636,0.019692457,6650,0.138195489,0.111578947,4720,0.038983051,0,0,0,0,0,5,0.791538926
21081.42,0.380783355,0.5,6137,37,0.11475,32.9375,35,36.81,0,0,0,0,0,20,0.5,0,0,0,0.1,0.1,0.1,0.1,0.1,0.1,0.5,0,15759,0.052795228,0.020305857,7013,0.134036789,0.108940539,4823,0.039187228,0,0,0,0,0,5,0.554466823
21141.47,0.393394448,0.5,6137,37,0.17395,33,34.9375,36.81,0,0,0,0,0,20,0.5,0,0,0,0.1,0.1,0.1,0.1,0.1,0.1,0.5,0,16463,0.052056126,0.019984207,6808,0.138513514,0.112074031,5061,0.039122703,0,0,0,0,0,5,0.624490084
21201.51,0.387307282,0.5,6137,37,0.13835,33.125,35,36.89,0,0,0,0,0,20,0.5,0,0,0,0.1,0.1,0.1,0.1,0.1,0.1,0.5,0,16225,0.052819723,0.020030817,6838,0.139368236,0.11304475,4913,0.039283533,0,0,0,0,0,5,0.546482362
21261.56,0.404446747,0.5,6137,37,0.15045,33.125,35,36.95,0,0,0,0,0,20,0.5,0,0,0,0.1,0.1,0.1,0.1,0.1,0.1,0.5,0,16445,0.052660383,0.020249316,6702,0.142196359,0.115338705,5144,0.039269051,0,0,0,0,0,5,0.649063309
21321.63,0.404691622,0.5,6137,37,0.13455,32.875,35,36.97,0,0,0,0,0,20,0.5,0,0,0,0.1,0.1,0.1,0.1,0.1,0.1,0.5,0,15937,0.05389973,0.020204555,6961,0.139204137,0.112627496,4924,0.040414297,0,0,0,0,0,5,0.618425969
21381.7,0.415085375,0.5,6137,37,0.09155,32.75,34.9375,36.89,0,0,0,0,0,20,0.5,0,0,0,0.1,0.1,0.1,0.1,0.1,0.1,0.5,0,16050,0.053457944,0.020498442,7022,0.140985474,0.113785246,4845,0.040660475,0,0,0,0,0,5,0.663581286
21441.77,0.413751835,0.5,6137,37,0.12855,32.6875,34.75,36.87,0,0,0,0,0,20,0.5,0,0,0,0.1,0.1,0.1,0.1,0.1,0.1,0.5,0,16168,0.053562593,0.020348837,6928,0.1426097,0.115762125,5139,0.039891029,0,0,0,0,0,5,0.620748641
21501.81,0.43152496,0.5,6137,37,0.15505,32.625,34.75,36.73,0,0,0,0,0,20,0.5,0,0,0,0.1,0.1,0.1,0.1,0.1,0.1,0.5,0,15819,0.05493394,0.020797775,6917,0.144282203,0.11710279,5025,0.04039801,0,0,0,0,0,5,0.715888181
21561.87,0.448341699,0.5,6137,37,0.21015,32.6875,34.75,36.79,0,0,0,0,0,20,0.5,0,0,0,0.1,0.1,0.1,0.1,0.1,0.1,0.5,0,16346,0.053896978,0.020494311,6911,0.14469686,0.117349154,4953,0.04017767,0,0,0,0,0,5,0.794784704
21621.92,0.429640848,0.5,6137,37,0.16925,32.9375,34.8125,36.79,0,0,0,0,0,20,0.5,0,0,0,0.1,0.1,0.1,0.1,0.1,0.1,0.5,0,16692,0.053678409,0.020488857,7058,0.143525078,0.116180221,5210,0.039923225,0,0,0,0,0,5,0.627227343
21681.99,0.432423292,0.5,6137,37,0.13015,32.9375,34.875,37.01,0,0,0,0,0,20,0.5,0,0,0,0.1,0.1,0.1,0.1,0.1,0.1,0.5,0,15791,0.055854601,0.021024634,6989,0.146802118,0.118614966,5348,0.039827973,0,0,0,0,0,5,0.615231965
21742.03,0.447610575,0.5,6137,37,0.17045,32.8125,34.875,37.11,0,0,0,0,0,20,0.5,0,0,0,0.1,0.1,0.1,0.1,0.1,0.1,0.5,0,15728,0.055824008,0.020981689,7282,0.143916506,0.116451524,5220,0.040613027,0,0,0,0,0,5,0.688026318
21802.08,0.454407555,0.5,6137,37,0.13665,32.8125,34.9375,36.89,0,0,0,0,0,20,0.5,0,0,0,0.1,0.1,0.1,0.1,0.1,0.1,0.5,0,16518,0.054728175,0.020886306,7084,0.147939018,0.119706381,5081,0.0405432,0,0,0,0,0,5,0.69883768
21862.12,0.447162697,0.5,6137,37,0.12105,33.0625,34.9375,37.09,0,0,0,0,0,20,0.5,0,0,0,0.1,0.1,0.1,0.1,0.1,0.1,0.5,0,16535,0.054853341,0.020804354,7355,0.145207342,0.11760707,5129,0.040163775,0,0,0,0,0,5,0.615679824
21922.18,0.451654532,0.5,6137,37,0.11715,33.0625,34.9375,36.73,0,0,0,0,0,20,0.5,0,0,0,0.1,0.1,0.1,0.1,0.1,0.1,0.5,0,16777,0.055015795,0.020504262,7165,0.149197488,0.121004885,5347,0.040770526,0,0,0,0,0,5,0.614881057
21982.23,0.45890693,0.5,6137,37,0.17395,33.0625,34.9375,36.89,0,0,0,0,0,20,0.5,0,0,0,0.1,0.1,0.1,0.1,0.1,0.1,0.5,0,16144,0.056367691,0.021060456,7347,0.147679325,0.11991289,5106,0.040540541,0,0,0,0,0,5,0.631926534
22042.3,0.471293997,0.5,6137,37,0.13505,33.125,34.9375,36.69,0,0,0,0,0,20,0.5,0,0,0,0.1,0.1,0.1,0.1,0.1,0.1,0.5,0,17048,0.055197091,0.020882215,7248,0.150524283,0.122240618,5237,0.041817835,0,0,0,0,0,5,0.68023423
22102.36,0.466116365,0.5,6137,37,0.18745,33,35,36.79,0,0,0,0,0,20,0.5,0,0,0,0.1,0.1,0.1,0.1,0.1,0.1,0.5,0,16308,0.056720628,0.02140054,7600,0.146184211,0.118552632,5442,0.040426314,0,0,0,0,0,5,0.613082168
22162.44,0.470340573,0.5,6137,37,0.12415,33.0625,34.9375,36.95,0,0,0,0,0,20,0.5,0,0,0,0.1,0.1,0.1,0.1,0.1,0.1,0.5,0,16677,0.056365054,0.021166877,7512,0.150292865,0.12100639,5298,0.041147603,0,0,0,0,0,5,0.609493288
22222.48,0.481872866,0.5,6137,37,0.15805,33.0625,34.9375,37.01,0,0,0,0,0,20,0.5,0,0,0,0.1,0.1,0.1,0.1,0.1,0.1,0.5,0,17273,0.055520176,0.02089967,7347,0.153259834,0.124268409,5566,0.040783327,0,0,0,0,0,5,0.651688408
22282.52,0.491314971,0.5,6137,37,0.19785,33.0625,34.9375,36.89,0,0,0,0,0,20,0.5,0,0,0,0.1,0.1,0.1,0.1,0.1,0.1,0.5,0,16686,0.056874026,0.021095529,7381,0.153908684,0.124373391,5253,0.04188083,0,0,0,0,0,5,0.677319269
22342.6,0.499052163,0.5,6137,37,0.09165,33.125,34.9375,37.13,0,0,0,0,0,20,0.5,0,0,0,0.1,0.1,0.1,0.1,0.1,0.1,0.5,0,18710,0.053768038,0.020363442,7564,0.151771549,0.122818614,5426,0.041282713,0,0,0,0,0,5,0.690328949
22402.64,0.520594332,0.5,6137,37,0.12895,33.0625,34.875,36.89,0,0,0,0,0,20,0.5,0,0,0,0.1,0.1,0.1,0.1,0.1,0.1,0.5,0,17475,0.056251788,0.021173104,7769,0.150469816,0.12150856,5554,0.041411595,0,0,0,0,0,5,0.782593941
22462.73,0.50596844,0.5,6137,37,0.09445,33.0625,34.8125,36.93,0,0,0,0,0,20,0.5,0,0,0,0.1,0.1,0.1,0.1,0.1,0.1,0.5,0,18005,0.055484588,0.020716468,7619,0.154219714,0.12481953,5490,0.041530055,0,0,0,0,0,5,0.657973814
22522.77,0.500924245,0.5,6137,37,0.14945,33,34.8125,36.87,0,0,0,0,0,20,0.5,0,0,0,0.1,0.1,0.1,0.1,0.1,0.1,0.5,0,17437,0.056947869,0.021219246,7834,0.152284912,0.123691601,5658,0.041534111,0,0,0,0,0,5,0.595016884
22582.85,0.522125679,0.5,6137,37,0.13715,32.9375,34.875,37.11,0,0,0,0,0,20,0.5,0,0,0,0.1,0.1,0.1,0.1,0.1,0.1,0.5,0,17501,0.056968173,0.021313068,7620,0.156824147,0.126509186,5571,0.042182732,0,0,0,0,0,5,0.689626363
22642.89,0.524982832,0.5,6137,37,0.17695,32.875,34.875,36.95,0,0,0,0,0,20,0.5,0,0,0,0.1,0.1,0.1,0.1,0.1,0.1,0.5,0,17291,0.057949222,0.021398415,7868,0.154550076,0.125063549,5531,0.041945399,0,0,0,0,0,5,0.671516762
22702.96,0.539206633,0.5,6137,37,0.13045,33,34.9375,36.89,0,0,0,0,0,20,0.5,0,0,0,0.1,0.1,0.1,0.1,0.1,0.1,0.5,0,18048,0.056903812,0.021054965,7921,0.15465219,0.124984219,5680,0.041549296,0,0,0,0,0,5,0.718140822
22763.02,0.537781888,0.5,6137,37,0.11185,33.0625,35,37.05,0,0,0,0,0,20,0.5,0,0,0,0.1,0.1,0.1,0.1,0.1,0.1,0.5,0,17816,0.057476426,0.021216884,8027,0.154104896,0.124828703,5647,0.041437932,0,0,0,0,0,5,0.674296391
22823.07,0.572973766,0.5,6137,37,0.11125,32.875,35,36.95,0,0,0,0,0,20,0.5,0,0,0,0.1,0.1,0.1,0.1,0.1,0.1,0.5,0,18085,0.05761681,0.021454244,7794,0.159096741,0.128817039,6060,0.041254125,0,0,0,0,0,5,0.830742173
22883.11,0.559523241,0.5,6137,37,0.442,32.875,35,36.07,0,0.02,0.15,0,0,20,0.5,0,0,0,0.1,0.1,0.1,0.1,0.1,0.1,0.5,0,18123,0.057882249,0.021464437,8192,0.155273438,0.125244141,5555,0.041944194,0,0,0,0,0,0.44,0.830742173
22943.17,0.504144096,0.5,6137,37,0.4484,32.8125,35,36.17,0,0.02,0.15,0,0,20,0.5,0,0,0,0.1,0.1,0.1,0.1,0.1,0.1,0.5,0,17459,0.056532447,0.0209634,7446,0.15444534,0.124764974,5158,0.041876696,0,0,0,0,0,0.44,0.830742173
23003.24,0.441107714,0.5,6137,37,0.58555,32.75,35,35.85,0,0.000799043,0.073196172,0,0,20,0.5,0,0,0,0.1,0.1,0.1,0.1,0.1,0.1,0.5,0,16380,0.056532357,0.021123321,6901,0.149833357,0.120562237,5034,0.040325785,0,0,0,0,0,0.44,0.830742173
23063.28,0.427165254,0.5,6137,37,0.356826435,32.6875,35,36.65,0,0,0.07,0,0,20,0.5,0,0,0,0.1,0.1,0.1,0.1,0.1,0.1,0.5,0,16387,0.056264112,0.021053274,7051,0.145794923,0.118281095,4902,0.040391677,0,0,0,0,0,5,0.830742173
23123.33,0.422403062,0.5,6137,37,0.2163,33.125,34.9375,37.03,0,0,0.25,0,0,20,0.5,0,0,0,0.1,0.1,0.1,0.1,0.1,0.1,0.5,0,16155,0.05639121,0.020984215,6988,0.147395535,0.118775043,5001,0.041191762,0,0,0,0,0,5,0.830742173
23183.39,0.44792825,0.5,6137,37,0.12575,33.1875,34.9375,37.17,0,0,0.07,0,0,20,0.5,0,0,0,0.1,0.1,0.1,0.1,0.1,0.1,0.5,0,16376,0.05636297,0.020945286,7022,0.147821134,0.119624039,5217,0.039869657,0,0,0,0,0,5,0.830742173
23243.45,0.450301852,0.5,6137,37,0.15615,33.3125,34.9375,37.25,0,0,0.07,0,0,20,0.5,0,0,0,0.1,0.1,0.1,0.1,0.1,0.1,0.5,0,16306,0.056666258,0.021157856,7172,0.14682097,0.118655884,5060,0.040513834,0,0,0,0,0,5,0.830742173
23303.52,0.460512759,0.5,6137,37,0.13565,33.25,34.875,37.33,0,0,0.07,0,0,20,0.5,0,0,0,0.1,0.1,0.1,0.1,0.1,0.1,0.5,0,16303,0.057351408,0.021345765,7349,0.145598041,0.117430943,5171,0.0406111,0,0,0,0,0,5,0.830742173
23363.6,0.459438759,0.5,6137,37,0.08105,33.25,34.8125,37.29,0,0,0.07,0,0,20,0.5,0,0,0,0.1,0.1,0.1,0.1,0.1,0.1,0.5,0,16638,0.057218416,0.020976079,7163,0.149657965,0.121038671,5328,0.040540541,0,0,0,0,0,5,0.830742173
23423.68,0.475898427,0.5,6137,37,0.2538,33.1875,34.8125,36.73,0,0,0.25,0,0,20,0.5,0,0,0,0.1,0.1,0.1,0.1,0.1,0.1,0.5,0,16984,0.056523787,0.020960904,7166,0.152107173,0.123081217,5092,0.041241163,0,0,0,0,0,5,0.894801425
23483.71,0.474331566,0.5,6137,37,0.09355,33.1875,34.875,37.21,0,0,0.07,0,0,20,0.5,0,0,0,0.1,0.1,0.1,0.1,0.1,0.1,0.5,0,16581,0.057535734,0.021349738,7184,0.152839644,0.123329621,5059,0.041707847,0,0,0,0,0,5,0.840167776
23543.74,0.503369945,0.5,6137,37,0.10785,33,34.9375,37.21,0,0,0.07,0,0,20,0.5,0,0,0,0.1,0.1,0.1,0.1,0.1,0.1,0.5,0,16916,0.057519508,0.021340742,7272,0.152777778,0.124037404,5247,0.040975796,0,0,0,0,0,5,0.976415767
23603.78,0.488900463,0.5,6137,37,0.16305,33.0625,34.9375,37.11,0,0,0.07,0,0,20,0.5,0,0,0,0.1,0.1,0.1,0.1,0.1,0.1,0.5,0,17025,0.057562408,0.021321586,7441,0.153205214,0.123101734,5195,0.041578441,0,0,0,0,0,5,0.840095601
23663.85,0.484510694,0.5,6137,37,0.17565,33.1875,34.9375,36.77,0,0,0,0,0,20,0.5,0,0,0,0.1,0.1,0.1,0.1,0.1,0.1,0.5,0,17378,0.057256301,0.021348832,7757,0.149671265,0.121438701,5238,0.041237113,0,0,0,0,0,5,0.77103258
23723.91,0.488900192,0.5,6137,37,0.14415,33.1875,35,37.13,0,0,0,0,0,20,0.5,0,0,0,0.1,0.1,0.1,0.1,0.1,0.1,0.5,0,16996,0.058425512,0.021475641,7746,0.150271108,0.122256649,5327,0.04111132,0,0,0,0,0,5,0.75953753
23783.98,0.512778806,0.5,6137,37,0.15145,33.25,34.9375,37.17,0,0,0,0,0,20,0.5,0,0,0,0.1,0.1,0.1,0.1,0.1,0.1,0.5,0,17544,0.057569539,0.021431829,7474,0.156676478,0.126170725,5430,0.041436464,0,0,0,0,0,5,0.864619286
23844.04,0.533653952,0.5,6137,37,0.11045,33.125,35,37.11,0,0,0,0,0,20,0.5,0,0,0,0.1,0.1,0.1,0.1,0.1,0.1,0.5,0,17987,0.056985601,0.021015178,7549,0.156841966,0.126374354,5338,0.041963282,0,0,0,0,0,5,0.941097399
23904.11,0.518485567,0.5,6137,37,0.12275,33.125,35,37.11,0,0,0,0,0,20,0.5,0,0,0,0.1,0.1,0.1,0.1,0.1,0.1,0.5,0,17683,0.057965277,0.02126336,7619,0.157238483,0.126919543,5576,0.041786227,0,0,0,0,0,5,0.807536303
23964.15,0.535552579,0.5,6137,37,0.09965,33.125,35,36.89,0,0,0,0,0,20,0.5,0,0,0,0.1,0.1,0.1,0.1,0.1,0.1,0.5,0,17430,0.05869191,0.021399885,7556,0.160005294,0.129698253,5376,0.04203869,0,0,0,0,0,5,0.864320132
24024.19,0.553330116,0.5,6137,37,0.16765,33.0625,35,36.89,0,0,0,0,0,20,0.5,0,0,0,0.1,0.1,0.1,0.1,0.1,0.1,0.5,0,18056,0.058097031,0.021488702,7557,0.162101363,0.130475056,5468,0.04279444,0,0,0,0,0,5,0.919071245
24084.23,0.550537945,0.5,6137,37,0.472225,33.125,34.9375,35.99,0,0.02,0.15,0,0,20,0.5,0,0,0,0.1,0.1,0.1,0.1,0.1,0.1,0.5,0,17337,0.059410509,0.02197612,7654,0.161092239,0.129736086,5463,0.042467509,0,0,0,0,0,0.44,0.919071245
24144.29,0.479889081,0.5,6137,37,0.487375,32.875,34.9375,36.01,0,0.016511495,0.13604598,0,0,20,0.5,0,0,0,0.1,0.1,0.1,0.1,0.1,0.1,0.5,0,16439,0.058945191,0.021838311,7162,0.156101648,0.126221726,5416,0.040620384,0,0,0,0,0,0.44,0.919071245
24204.36,0.451560371,0.5,6137,37,0.520170297,32.9375,34.8125,35.99,0,0,0.07,0,0,20,0.5,0,0,0,0.1,0.1,0.1,0.1,0.1,0.1,0.5,0,16106,0.057183658,0.021296411,7156,0.146031302,0.117523756,5079,0.039771609,0,0,0,0,0,5,0.919071245
24264.43,0.441514741,0.5,6137,37,0.22005,33,34.75,36.93,0,0,0.07,0,0,20,0.5,0,0,0,0.1,0.1,0.1,0.1,0.1,0.1,0.5,0,16038,0.057239057,0.021262003,7019,0.147171962,0.118962815,5111,0.039913911,0,0,0,0,0,5,0.919071245
24324.49,0.454427752,0.5,6137,37,0.1485,33.1875,34.625,37.27,0,0,0.25,0,0,20,0.5,0,0,0,0.1,0.1,0.1,0.1,0.1,0.1,0.5,0,15925,0.058084772,0.02122449,7103,0.147684077,0.119386175,5083,0.041314185,0,0,0,0,0,5,0.919071245
24384.55,0.45568408,0.5,6137,37,0.10205,33.1875,34.6875,37.41,0,0,0.07,0,0,20,0.5,0,0,0,0.1,0.1,0.1,0.1,0.1,0.1,0.5,0,16632,0.056697932,0.021043771,7141,0.147878448,0.119451057,5020,0.040438247,0,0,0,0,0,5,0.919071245
24444.62,0.470311197,0.5,6137,37,0.13395,33.25,34.8125,37.03,0,0,0.07,0,0,20,0.5,0,0,0,0.1,0.1,0.1,0.1,0.1,0.1,0.5,0,16215,0.057662658,0.021338267,7150,0.14965035,0.120979021,5206,0.040530158,0,0,0,0,0,5,0.919071245
24504.68,0.45968974,0.5,6137,37,0.14085,33.25,34.8125,37.17,0,0,0.07,0,0,20,0.5,0,0,0,0.1,0.1,0.1,0.1,0.1,0.1,0.5,0,16467,0.05769114,0.021376086,7104,0.152027027,0.122747748,5125,0.041560976,0,0,0,0,0,5,0.919071245
24564.75,0.479978345,0.5,6137,37,0.15605,33.125,34.875,37.25,0,0,0.07,0,0,20,0.5,0,0,0,0.1,0.1,0.1,0.1,0.1,0.1,0.5,0,17496,0.055898491,0.020633288,7325,0.150307167,0.121501706,5105,0.040940255,0,0,0,0,0,5,1.002685298
24624.83,0.478130804,0.5,6137,37,0.2123,33.125,34.875,36.89,0,0,0.25,0,0,20,0.5,0,0,0,0.1,0.1,0.1,0.1,0.1,0.1,0.5,0,16924,0.057374143,0.021330655,7482,0.149692596,0.121090617,5349,0.041316134,0,0,0,0,0,5,0.940981099
24684.88,0.47687257,0.5,6137,37,0.12915,33.25,34.875,37.05,0,0,0.07,0,0,20,0.5,0,0,0,0.1,0.1,0.1,0.1,0.1,0.1,0.5,0,17314,0.056890378,0.021081206,7339,0.154108189,0.12440387,5287,0.0416115,0,0,0,0,0,5,0.88602693
24744.94,0.490571633,0.5,6137,37,0.08605,33.25,34.9375,37.11,0,0,0.07,0,0,20,0.5,0,0,0,0.1,0.1,0.1,0.1,0.1,0.1,0.5,0,16817,0.058452756,0.021525837,7371,0.155067155,0.124813458,5446,0.041131105,0,0,0,0,0,5,0.926691592
24805.01,0.512544075,0.5,6137,37,0.09945,33.125,34.9375,37.11,0,0,0,0,0,20,0.5,0,0,0,0.1,0.1,0.1,0.1,0.1,0.1,0.5,0,17751,0.056785533,0.020900231,7429,0.154394939,0.125050478,5375,0.041116279,0,0,0,0,0,5,1.01180321
24865.07,0.514414346,0.5,6137,37,0.13495,33.0625,34.9375,36.95,0,0,0,0,0,20,0.5,0,0,0,0.1,0.1,0.1,0.1,0.1,0.1,0.5,0,17908,0.05673442,0.020772839,7556,0.154976178,0.124801482,5253,0.041500095,0,0,0,0,0,5,0.972140112
24925.15,0.529730461,0.5,6137,37,0.14485,33,35,36.95,0,0,0,0,0,20,0.5,0,0,0,0.1,0.1,0.1,0.1,0.1,0.1,0.5,0,17645,0.057466704,0.021309153,7593,0.156064797,0.126695641,5391,0.04229271,0,0,0,0,0,5,1.011550859
24985.22,0.539901579,0.5,6137,37,0.15425,33,34.9375,37.03,0,0,0,0,0,20,0.5,0,0,0,0.1,0.1,0.1,0.1,0.1,0.1,0.5,0,16836,0.059515324,0.02173913,7583,0.156929975,0.126730845,5343,0.041924013,0,0,0,0,0,5,1.018028961
25045.29,0.551136039,0.5,6137,37,0.14835,32.9375,34.875,37.09,0,0,0,0,0,20,0.5,0,0,0,0.1,0.1,0.1,0.1,0.1,0.1,0.5,0,18476,0.056938731,0.020837844,7586,0.158317954,0.12760348,5564,0.041337168,0,0,0,0,0,5,1.02891195
25105.33,0.527179761,0.5,6137,37,0.10715,32.9375,34.8125,37.05,0,0,0,0,0,20,0.5,0,0,0,0.1,0.1,0.1,0.1,0.1,0.1,0.5,0,17449,0.058685311,0.021663133,8002,0.153211697,0.12371907,5468,0.04279444,0,0,0,0,0,5,0.844146113
25165.4,0.560541871,0.5,6137,37,0.14235,33,34.8125,37.11,0,0,0,0,0,20,0.5,0,0,0,0.1,0.1,0.1,0.1,0.1,0.1,0.5,0,18678,0.056804797,0.021254952,7615,0.161523309,0.129875246,5517,0.04205184,0,0,0,0,0,5,0.986025852
25225.48,0.555984737,0.5,6137,37,0.520025,33,34.6875,35.83,0,0.02,0.25,0,0,20,0.5,0,0,0,0.1,0.1,0.1,0.1,0.1,0.1,0.5,0,18104,0.058163942,0.021321255,7943,0.156867682,0.127155986,5469,0.042238069,0,0,0,0,0,0.44,0.986025852
25285.52,0.499542539,0.5,6137,37,0.485975,32.625,34.6875,36.17,0,0.019587593,0.148350371,0,0,20,0.5,0,0,0,0.1,0.1,0.1,0.1,0.1,0.1,0.5,0,16948,0.058000944,0.021241444,7221,0.156764991,0.126852237,5142,0.041618047,0,0,0,0,0,0.44,0.986025852
25345.58,0.438011431,0.5,6137,37,0.5582352,32.625,34.75,35.97,0,0,0.07,0,0,20,0.5,0,0,0,0.1,0.1,0.1,0.1,0.1,0.1,0.5,0,16062,0.057029013,0.021167974,7051,0.146504042,0.117430152,4936,0.040113452,0,0,0,0,0,5,0.986025852
25405.65,0.446341011,0.5,6137,37,0.21795,32.8125,34.6875,36.93,0,0,0.07,0,0,20,0.5,0,0,0,0.1,0.1,0.1,0.1,0.1,0.1,0.5,0,15756,0.058073115,0.021388677,7093,0.146059495,0.117157761,5214,0.039892597,0,0,0,0,0,5,0.986025852
25465.7,0.448399036,0.5,6137,37,0.19705,33,34.6875,37.19,0,0,0.07,0,0,20,0.5,0,0,0,0.1,0.1,0.1,0.1,0.1,0.1,0.5,0,16154,0.05757088,0.021233131,7176,0.14590301,0.117474916,5006,0.040151818,0,0,0,0,0,5,0.986025852
25525.74,0.462641705,0.5,6137,37,0.1499,33.125,34.625,37.25,0,0,0.25,0,0,20,0.5,0,0,0,0.1,0.1,0.1,0.1,0.1,0.1,0.5,0,15833,0.058548601,0.021347818,7067,0.148294892,0.120135843,5158,0.03993796,0,0,0,0,0,5,0.986025852
25585.8,0.465462725,0.5,6137,37,0.11965,33.125,34.6875,37.37,0,0,0.07,0,0,20,0.5,0,0,0,0.1,0.1,0.1,0.1,0.1,0.1,0.5,0,15811,0.058503573,0.021440769,6999,0.150878697,0.122017431,5180,0.040926641,0,0,0,0,0,5,0.986025852
25645.85,0.488674719,0.5,6137,37,0.09175,33.1875,34.75,37.25,0,0,0.07,0,0,20,0.5,0,0,0,0.1,0.1,0.1,0.1,0.1,0.1,0.5,0,16952,0.056984427,0.021118452,7178,0.149345222,0.120785734,4971,0.040836854,0,0,0,0,0,5,0.986025852
25705.89,0.488619521,0.5,6137,37,0.15305,33.125,34.8125,36.97,0,0,0.07,0,0,20,0.5,0,0,0,0.1,0.1,0.1,0.1,0.1,0.1,0.5,0,16961,0.056954189,0.020989328,7186,0.15168383,0.12232118,5358,0.04087346,0,0,0,0,0,5,0.936385673
25765.94,0.492567598,0.5,6137,37,0.17445,33.0625,34.8125,37.05,0,0,0.07,0,0,20,0.5,0,0,0,0.1,0.1,0.1,0.1,0.1,0.1,0.5,0,16259,0.058982717,0.021526539,7316,0.151038819,0.121787862,5199,0.041546451,0,0,0,0,0,5,0.913709176
25825.98,0.488325242,0.5,6137,37,0.1895,33.125,34.9375,36.95,0,0,0.25,0,0,20,0.5,0,0,0,0.1,0.1,0.1,0.1,0.1,0.1,0.5,0,16737,0.058373663,0.021509231,7623,0.147317329,0.11911321,5123,0.041382003,0,0,0,0,0,5,0.842073589
25886.03,0.50072856,0.5,6137,37,0.14785,33.0625,34.9375,37.19,0,0,0.07,0,0,20,0.5,0,0,0,0.1,0.1,0.1,0.1,0.1,0.1,0.5,0,16198,0.059390048,0.021792814,7384,0.153169014,0.123239437,5220,0.041187739,0,0,0,0,0,5,0.875217394
25946.07,0.512682651,0.5,6137,37,0.15925,33.0625,34.9375,37.17,0,0,0,0,0,20,0.5,0,0,0,0.1,0.1,0.1,0.1,0.1,0.1,0.5,0,17264,0.05757646,0.021373957,7430,0.154374159,0.124495289,5214,0.041618719,0,0,0,0,0,5,0.902235171
26006.14,0.521746833,0.5,6137,37,0.11445,33.125,34.9375,37.19,0,0,0,0,0,20,0.5,0,0,0,0.1,0.1,0.1,0.1,0.1,0.1,0.5,0,17088,0.058345037,0.02147706,7436,0.154384077,0.124798279,5513,0.040994014,0,0,0,0,0,5,0.909699722
26066.2,0.520876533,0.5,6137,37,0.11755,33.1875,34.9375,36.89,0,0,0,0,0,20,0.5,0,0,0,0.1,0.1,0.1,0.1,0.1,0.1,0.5,0,17069,0.05899584,0.021500967,7647,0.153001177,0.123316333,5329,0.041658848,0,0,0,0,0,5,0.859206404
26126.26,0.520400272,0.5,6137,37,0.15045,33.125,35,36.87,0,0,0,0,0,20,0.5,0,0,0,0.1,0.1,0.1,0.1,0.1,0.1,0.5,0,17652,0.058067075,0.021244052,7561,0.155534982,0.125644756,5276,0.041887794,0,0,0,0,0,5,0.813501797
26186.31,0.542336569,0.5,6137,37,0.15695,33.1875,34.9375,37.09,0,0,0,0,0,20,0.5,0,0,0,0.1,0.1,0.1,0.1,0.1,0.1,0.5,0,17936,0.057426405,0.021297948,7623,0.15610652,0.125672307,5387,0.041581585,0,0,0,0,0,5,0.896692251
26246.38,0.542842961,0.5,6137,37,0.14605,33.125,34.9375,37.01,0,0.02,0.15,0,0,20,0.5,0,0,0,0.1,0.1,0.1,0.1,0.1,0.1,0.5,0,17292,0.059738607,0.021570669,7482,0.159983962,0.129109864,5633,0.042073495,0,0,0,0,0,0.44,0.896692251
26306.44,0.498996199,0.5,6137,37,0.408675,33,34.9375,36.45,0,0.02,0.15,0,0,20,0.5,0,0,0,0.1,0.1,0.1,0.1,0.1,0.1,0.5,0,16675,0.059790105,0.021829085,7445,0.15325722,0.123572868,5469,0.041506674,0,0,0,0,0,0.44,0.896692251
26366.48,0.464569333,0.5,6137,37,0.499475,32.8125,35,36.09,0,0.02,0.15,0,0,20,0.5,0,0,0,0.1,0.1,0.1,0.1,0.1,0.1,0.5,0,16178,0.057794536,0.021325257,7075,0.145724382,0.117738516,5070,0.039250493,0,0,0,0,0,0.44,0.896692251
26426.53,0.402375248,0.5,6137,37,0.2789,32.875,34.9375,36.89,0,0,0.25,0,0,20,0.5,0,0,0,0.1,0.1,0.1,0.1,0.1,0.1,0.5,0,15573,0.056315418,0.02080524,6733,0.138571216,0.111985742,4891,0.038437947,0,0,0,0,0,5,0.896692251
26486.59,0.41672585,0.5,6137,37,0.23815,32.9375,34.875,36.95,0,0,0.07,0,0,20,0.5,0,0,0,0.1,0.1,0.1,0.1,0.1,0.1,0.5,0,15593,0.056563843,0.020970949,6762,0.138864241,0.112392783,4755,0.040168244,0,0,0,0,0,5,0.896692251
26546.63,0.409605021,0.5,6137,37,0.16065,33.1875,34.75,37.43,0,0,0.07,0,0,20,0.5,0,0,0,0.1,0.1,0.1,0.1,0.1,0.1,0.5,0,15342,0.057293704,0.02131404,6782,0.138749631,0.112798584,4844,0.0388109,0,0,0,0,0,5,0.896692251
26606.68,0.423562551,0.5,6137,37,0.12245,33.25,34.8125,37.41,0,0,0.07,0,0,20,0.5,0,0,0,0.1,0.1,0.1,0.1,0.1,0.1,0.5,0,15547,0.057245771,0.02122596,6618,0.142792384,0.115291629,5029,0.039570491,0,0,0,0,0,5,0.896692251
26666.75,0.431168459,0.5,6137,37,0.11075,33.3125,34.8125,37.25,0,0,0.07,0,0,20,0.5,0,0,0,0.1,0.1,0.1,0.1,0.1,0.1,0.5,0,15709,0.057164683,0.021134382,6856,0.141336056,0.113331389,5050,0.039207921,0,0,0,0,0,5,0.896692251
26726.81,0.432924773,0.5,6137,37,0.1703,33.375,34.875,37.13,0,0,0.25,0,0,20,0.5,0,0,0,0.1,0.1,0.1,0.1,0.1,0.1,0.5,0,15610,0.057911595,0.021396541,7040,0.140198864,0.112926136,4903,0.039363655,0,0,0,0,0,5,0.896692251
26786.85,0.440241275,0.5,6137,37,0.08885,33.25,34.9375,37.17,0,0,0.07,0,0,20,0.5,0,0,0,0.1,0.1,0.1,0.1,0.1,0.1,0.5,0,15915,0.057492931,0.021112158,6944,0.142857143,0.114919355,4980,0.039156627,0,0,0,0,0,5,0.902134485
26846.94,0.439200266,0.5,6137,37,0.14695,33.25,34.9375,37.25,0,0,0.07,0,0,20,0.5,0,0,0,0.1,0.1,0.1,0.1,0.1,0.1,0.5,0,15758,0.058065744,0.021195583,7141,0.141856883,0.113989637,4908,0.0399348,0,0,0,0,0,5,0.849925464
26907.01,0.447413476,0.5,6137,37,0.13185,33.375,34.9375,37.11,0,0,0.07,0,0,20,0.5,0,0,0,0.1,0.1,0.1,0.1,0.1,0.1,0.5,0,15515,0.059555269,0.021656461,7127,0.143258033,0.115897292,5110,0.039530333,0,0,0,0,0,5,0.863012213
26967.07,0.455717037,0.5,6137,37,0.17325,33.125,34.9375,36.85,0,0,0.07,0,0,20,0.5,0,0,0,0.1,0.1,0.1,0.1,0.1,0.1,0.5,0,17006,0.056450664,0.020874985,6989,0.147374446,0.119330376,5054,0.039572616,0,0,0,0,0,5,0.875028345
27027.14,0.466956593,0.5,6137,37,0.10665,33.25,35,37.11,0,0,0,0,0,20,0.5,0,0,0,0.1,0.1,0.1,0.1,0.1,0.1,0.5,0,16194,0.05804619,0.021489441,7307,0.142876694,0.115231969,5036,0.039714059,0,0,0,0,0,5,0.904369591
27087.22,0.493008362,0.5,6137,37,0.13655,33.3125,34.9375,37.11,0,0,0,0,0,20,0.5,0,0,0,0.1,0.1,0.1,0.1,0.1,0.1,0.5,0,17203,0.056443644,0.020868453,6975,0.149390681,0.120430108,5153,0.040170774,0,0,0,0,0,5,1.022020599
27147.29,0.467814762,0.5,6137,37,0.14265,33.25,35,36.97,0,0,0,0,0,20,0.5,0,0,0,0.1,0.1,0.1,0.1,0.1,0.1,0.5,0,16695,0.057981432,0.021084157,7211,0.147413674,0.119123561,5285,0.040491958,0,0,0,0,0,5,0.813558393
27207.36,0.485033732,0.5,6137,37,0.13055,33.25,35,37.13,0,0,0,0,0,20,0.5,0,0,0,0.1,0.1,0.1,0.1,0.1,0.1,0.5,0,16719,0.058197261,0.021113703,7347,0.146998775,0.11882401,5143,0.040443321,0,0,0,0,0,5,0.881318562
27267.4,0.521324158,0.5,6137,37,0.15085,33.0625,35,37.09,0,0,0,0,0,20,0.5,0,0,0,0.1,0.1,0.1,0.1,0.1,0.1,0.5,0,16843,0.058006293,0.021433236,7259,0.149056344,0.120264499,5427,0.039800995,0,0,0,0,0,5,1.053713417
27327.45,0.497108817,0.5,6137,37,0.09015,33.3125,35,37.01,0,0,0,0,0,20,0.5,0,0,0,0.1,0.1,0.1,0.1,0.1,0.1,0.5,0,17476,0.057450217,0.021114672,7263,0.1511772,0.121850475,5343,0.040426727,0,0,0,0,0,5,0.858338498
27387.52,0.505170219,0.5,6137,37,0.19075,33.25,35,37.03,0,0,0,0,0,20,0.5,0,0,0,0.1,0.1,0.1,0.1,0.1,0.1,0.5,0,16678,0.059539513,0.0217652,7504,0.14978678,0.120335821,5247,0.041738136,0,0,0,0,0,5,0.863681044
27447.56,0.506816866,0.5,6137,37,0.10475,33.1875,35,36.87,0,0,0,0,0,20,0.5,0,0,0,0.1,0.1,0.1,0.1,0.1,0.1,0.5,0,17408,0.058019301,0.02131204,7472,0.150562099,0.120985011,5397,0.040207523,0,0,0,0,0,5,0.830259854
27507.6,0.507124529,0.5,6137,37,0.19005,33.125,34.9375,36.93,0,0,0,0,0,20,0.5,0,0,0,0.1,0.1,0.1,0.1,0.1,0.1,0.5,0,17531,0.058638982,0.021447721,7447,0.153350342,0.123271116,5530,0.040867993,0,0,0,0,0,5,0.790567458
27567.64,0.530015046,0.5,6137,37,0.08705,33.125,34.9375,36.97,0,0,0,0,0,20,0.5,0,0,0,0.1,0.1,0.1,0.1,0.1,0.1,0.5,0,17250,0.059014493,0.021565217,7363,0.15564308,0.125084884,5460,0.041391941,0,0,0,0,0,5,0.883485488
27627.72,0.542982137,0.5,6137,37,0.15965,33.125,34.875,36.81,0,0,0,0,0,20,0.5,0,0,0,0.1,0.1,0.1,0.1,0.1,0.1,0.5,0,17633,0.058696762,0.021437078,7778,0.150809977,0.121625096,5300,0.041698113,0,0,0,0,0,5,0.911824298
27687.79,0.553997551,0.5,6137,37,0.11225,33,34.875,36.93,0,0.02,0.15,0,0,20,0.5,0,0,0,0.1,0.1,0.1,0.1,0.1,0.1,0.5,0,18290,0.057572444,0.021159103,7402,0.158200486,0.127803296,5609,0.041005527,0,0,0,0,0,0.44,0.911824298
27747.86,0.474649317,0.5,6137,37,0.4869,32.875,34.875,36.21,0,0.016162851,0.134651404,0,0,20,0.5,0,0,0,0.1,0.1,0.1,0.1,0.1,0.1,0.5,0,16094,0.059898099,0.0216851,7169,0.150927605,0.121495327,5040,0.04047619,0,0,0,0,0,0.44,0.911824298
27807.91,0.429039966,0.5,6137,37,0.459501658,32.8125,34.9375,36.01,0,0,0.07,0,0,20,0.5,0,0,0,0.1,0.1,0.1,0.1,0.1,0.1,0.5,0,15881,0.058182734,0.02109439,6729,0.146529945,0.117996731,4905,0.040163099,0,0,0,0,0,5,0.911824298
27867.98,0.442449763,0.5,6137,37,0.24815,33.0625,34.9375,36.87,0,0,0.07,0,0,20,0.5,0,0,0,0.1,0.1,0.1,0.1,0.1,0.1,0.5,0,16459,0.056747068,0.020839662,6831,0.144634753,0.116381203,4943,0.039449727,0,0,0,0,0,5,0.911824298
27928.05,0.440580431,0.5,6137,37,0.1805,33.25,34.9375,37.13,0,0,0.25,0,0,20,0.5,0,0,0,0.1,0.1,0.1,0.1,0.1,0.1,0.5,0,16155,0.05818632,0.021231817,6909,0.144594008,0.116514691,4965,0.039274924,0,0,0,0,0,5,0.911824298
27988.09,0.453246213,0.5,6137,37,0.10435,33.0625,34.9375,37.49,0,0,0.07,0,0,20,0.5,0,0,0,0.1,0.1,0.1,0.1,0.1,0.1,0.5,0,16230,0.057732594,0.021318546,6962,0.145216892,0.117064062,4915,0.04069176,0,0,0,0,0,5,0.911824298
28048.14,0.464468546,0.5,6137,37,0.11505,33.3125,35,37.05,0,0,0.07,0,0,20,0.5,0,0,0,0.1,0.1,0.1,0.1,0.1,0.1,0.5,0,16619,0.057344004,0.021060232,6910,0.147033285,0.118668596,4999,0.040208042,0,0,0,0,0,5,0.911824298
28108.21,0.466118541,0.5,6137,37,0.16315,33.375,35.0625,37.03,0,0,0.07,0,0,20,0.5,0,0,0,0.1,0.1,0.1,0.1,0.1,0.1,0.5,0,16423,0.058332826,0.021494246,7186,0.144447537,0.116198163,5064,0.04028436,0,0,0,0,0,5,0.911824298
28168.28,0.482362043,0.5,6137,37,0.14395,33.3125,35,37.17,0,0,0.07,0,0,20,0.5,0,0,0,0.1,0.1,0.1,0.1,0.1,0.1,0.5,0,16510,0.058146578,0.021078134,7156,0.146730017,0.117942985,5271,0.03965092,0,0,0,0,0,5,0.968998015
28228.31,0.476987311,0.5,6137,37,0.1928,33.3125,35.0625,36.95,0,0,0.25,0,0,20,0.5,0,0,0,0.1,0.1,0.1,0.1,0.1,0.1,0.5,0,17230,0.057399884,0.021067905,6962,0.15081873,0.121804079,5196,0.039838337,0,0,0,0,0,5,0.886932902
28288.37,0.495611039,0.5,6137,37,0.10875,33.3125,35,37.11,0,0,0.07,0,0,20,0.5,0,0,0,0.1,0.1,0.1,0.1,0.1,0.1,0.5,0,17140,0.057992999,0.021295216,7229,0.149121594,0.120071932,5199,0.040969417,0,0,0,0,0,5,0.957490861
28348.44,0.494209301,0.5,6137,37,0.10715,33.0625,35,37.09,0,0,0.07,0,0,20,0.5,0,0,0,0.1,0.1,0.1,0.1,0.1,0.1,0.5,0,16950,0.05840708,0.021297935,7212,0.150721021,0.121464226,5226,0.040183697,0,0,0,0,0,5,0.901119389
28408.5,0.491644686,0.5,6137,37,0.11645,33.125,34.875,37.01,0,0,0,0,0,20,0.5,0,0,0,0.1,0.1,0.1,0.1,0.1,0.1,0.5,0,16962,0.058896357,0.021459734,7155,0.152480783,0.123549965,5116,0.040070367,0,0,0,0,0,5,0.840454899
28468.57,0.501767532,0.5,6137,37,0.14815,33,34.875,37.13,0,0,0,0,0,20,0.5,0,0,0,0.1,0.1,0.1,0.1,0.1,0.1,0.5,0,17133,0.058892196,0.021537384,7429,0.150895141,0.121281465,5295,0.040604344,0,0,0,0,0,5,0.859574123
28528.61,0.516994062,0.5,6137,37,0.13545,33.0625,34.8125,37.09,0,0,0,0,0,20,0.5,0,0,0,0.1,0.1,0.1,0.1,0.1,0.1,0.5,0,17201,0.05912447,0.021568513,7537,0.150192384,0.12113573,5272,0.040591806,0,0,0,0,0,5,0.906278797
28588.68,0.533610225,0.5,6137,37,0.10335,33,34.75,36.93,0,0,0,0,0,20,0.5,0,0,0,0.1,0.1,0.1,0.1,0.1,0.1,0.5,0,17646,0.058596849,0.021477955,7525,0.152425249,0.122392027,5355,0.040522876,0,0,0,0,0,5,0.955867662
28648.73,0.527330669,0.5,6137,37,0.16005,33,34.75,36.93,0,0,0,0,0,20,0.5,0,0,0,0.1,0.1,0.1,0.1,0.1,0.1,0.5,0,17849,0.058322595,0.021345734,7627,0.151435689,0.12193523,5302,0.041682384,0,0,0,0,0,5,0.872560727
28708.8,0.534421702,0.5,6137,37,0.14855,33.0625,34.8125,36.95,0,0,0,0,0,20,0.5,0,0,0,0.1,0.1,0.1,0.1,0.1,0.1,0.5,0,17510,0.059623073,0.021644774,7757,0.150315844,0.121567616,5595,0.041286863,0,0,0,0,0,5,0.869004964
28768.88,0.548255133,0.5,6137,37,0.19035,32.9375,34.875,36.95,0,0,0,0,0,20,0.5,0,0,0,0.1,0.1,0.1,0.1,0.1,0.1,0.5,0,17411,0.059847223,0.021825283,7593,0.154747794,0.124851837,5694,0.040217773,0,0,0,0,0,5,0.902221273
28828.99,0.555010425,0.5,6137,37,0.42465,33.0625,34.875,36.23,0,0.02,0.25,0,0,20,0.5,0,0,0,0.1,0.1,0.1,0.1,0.1,0.1,0.5,0,18214,0.058636214,0.021357198,7602,0.155485399,0.125624836,5531,0.0417646,0,0,0,0,0,0.44,0.902221273
28889.06,0.477565539,0.5,6137,37,0.4706,33,34.9375,36.07,0,0.016647009,0.136588034,0,0,20,0.5,0,0,0,0.1,0.1,0.1,0.1,0.1,0.1,0.5,0,17027,0.058436601,0.02108416,7430,0.146567968,0.118169583,5233,0.040894324,0,0,0,0,0,0.44,0.902221273
28949.13,0.452458819,0.5,6137,37,0.494281843,32.875,34.9375,36.07,0,0,0.07,0,0,20,0.5,0,0,0,0.1,0.1,0.1,0.1,0.1,0.1,0.5,0,15741,0.05908138,0.021282002,7020,0.142877493,0.115099715,5097,0.039434962,0,0,0,0,0,5,0.902221273
29009.2,0.45718761,0.5,6137,37,0.21465,33,34.9375,36.89,0,0,0.07,0,0,20,0.5,0,0,0,0.1,0.1,0.1,0.1,0.1,0.1,0.5,0,15768,0.059297311,0.021626078,6959,0.144273603,0.116396034,4840,0.040289256,0,0,0,0,0,5,0.902221273
29069.27,0.465462755,0.5,6137,37,0.18455,33.125,34.9375,37.11,0,0,0.07,0,0,20,0.5,0,0,0,0.1,0.1,0.1,0.1,0.1,0.1,0.5,0,15651,0.06006006,0.021851639,6981,0.144391921,0.11645896,5001,0.039792042,0,0,0,0,0,5,0.902221273
29129.34,0.451641577,0.5,6137,37,0.1945,33.1875,35,37.05,0,0,0.25,0,0,20,0.5,0,0,0,0.1,0.1,0.1,0.1,0.1,0.1,0.5,0,15676,0.059836693,0.02181679,6974,0.145683969,0.117866361,5313,0.038961039,0,0,0,0,0,5,0.902221273
29189.4,0.457435883,0.5,6137,37,0.09305,33.3125,34.9375,37.25,0,0,0.07,0,0,20,0.5,0,0,0,0.1,0.1,0.1,0.1,0.1,0.1,0.5,0,16972,0.057565402,0.020798963,7199,0.144464509,0.115988332,5097,0.039827349,0,0,0,0,0,5,0.902221273
29249.48,0.465268871,0.5,6137,37,0.08105,33.375,35,37.43,0,0,0.07,0,0,20,0.5,0,0,0,0.1,0.1,0.1,0.1,0.1,0.1,0.5,0,16104,0.059550422,0.021795827,7286,0.144660994,0.116799341,5226,0.040183697,0,0,0,0,0,5,0.902221273
29309.53,0.469822148,0.5,6137,37,0.13445,33.1875,35,37.19,0,0,0.07,0,0,20,0.5,0,0,0,0.1,0.1,0.1,0.1,0.1,0.1,0.5,0,16829,0.058767604,0.021451067,7086,0.150296359,0.120660457,5262,0.040668947,0,0,0,0,0,5,0.886326486
29369.61,0.487179562,0.5,6137,37,0.14375,33.3125,35,36.95,0,0,0.07,0,0,20,0.5,0,0,0,0.1,0.1,0.1,0.1,0.1,0.1,0.5,0,16509,0.059664425,0.021382276,7308,0.147235906,0.11863711,5210,0.04049904,0,0,0,0,0,5,0.950845813
29429.64,0.489898161,0.5,6137,37,0.1788,33.1875,34.875,36.97,0,0,0.25,0,0,20,0.5,0,0,0,0.1,0.1,0.1,0.1,0.1,0.1,0.5,0,16774,0.05949684,0.021461786,7530,0.145418327,0.116998672,5202,0.039984621,0,0,0,0,0,5,0.919997827
29489.68,0.496627883,0.5,6137,37,0.15805,33.125,34.75,37.01,0,0,0.07,0,0,20,0.5,0,0,0,0.1,0.1,0.1,0.1,0.1,0.1,0.5,0,16713,0.060072997,0.021719619,7295,0.151062371,0.122001371,5352,0.040358744,0,0,0,0,0,5,0.914928392
29549.75,0.512408903,0.5,6137,37,0.12475,33.0625,34.6875,36.97,0,0,0,0,0,20,0.5,0,0,0,0.1,0.1,0.1,0.1,0.1,0.1,0.5,0,17709,0.058557795,0.021401547,7547,0.147740824,0.118987677,5116,0.040461298,0,0,0,0,0,5,0.963027747
29609.82,0.512045653,0.5,6137,37,0.11435,33.0625,34.75,37.11,0,0,0,0,0,20,0.5,0,0,0,0.1,0.1,0.1,0.1,0.1,0.1,0.5,0,16697,0.060789363,0.021800323,7593,0.148557882,0.119978928,5347,0.040957546,0,0,0,0,0,5,0.912748887
29669.9,0.524331489,0.5,6137,37,0.14575,33.0625,34.8125,36.95,0,0,0,0,0,20,0.5,0,0,0,0.1,0.1,0.1,0.1,0.1,0.1,0.5,0,17848,0.059054236,0.021178844,7613,0.149612505,0.120451859,5576,0.040351506,0,0,0,0,0,5,0.938242375
29729.94,0.525959831,0.5,6137,37,0.11395,33.0625,34.875,36.81,0,0,0,0,0,20,0.5,0,0,0,0.1,0.1,0.1,0.1,0.1,0.1,0.5,0,16601,0.061502319,0.022227577,7695,0.151526966,0.121507472,5362,0.041402462,0,0,0,0,0,5,0.900632493
29790.02,0.536982956,0.5,6137,37,0.16275,33.125,34.875,36.87,0,0,0,0,0,20,0.5,0,0,0,0.1,0.1,0.1,0.1,0.1,0.1,0.5,0,16954,0.061342456,0.022118674,7705,0.153147307,0.123036989,5245,0.041563394,0,0,0,0,0,5,0.917825403
29850.09,0.528948682,0.5,6137,37,0.13885,33.0625,34.9375,37.03,0,0,0,0,0,20,0.5,0,0,0,0.1,0.1,0.1,0.1,0.1,0.1,0.5,0,17270,0.061204401,0.022119282,7813,0.151414309,0.121976194,5345,0.041908326,0,0,0,0,0,5,0.826709324
29910.17,0.545128539,0.5,6137,37,0.15735,33.0625,34.9375,36.73,0,0,0,0,0,20,0.5,0,0,0,0.1,0.1,0.1,0.1,0.1,0.1,0.5,0,17567,0.06068196,0.022029943,8078,0.15053231,0.121069572,5321,0.041721481,0,0,0,0,0,5,0.875764459
29970.25,0.56171791,0.5,6137,37,0.10585,33.1875,35,36.87,0,0.02,0.15,0,0,20,0.5,0,0,0,0.1,0.1,0.1,0.1,0.1,0.1,0.5,0,18037,0.060209569,0.021733104,7841,0.155209795,0.124856523,5358,0.042553191,0,0,0,0,0,0.44,0.875764459
30030.29,0.495683845,0.5,6137,37,0.467469396,32.9375,35,36.13,0,0.019670583,0.25,0,0,20,0.5,0,0,0,0.1,0.1,0.1,0.1,0.1,0.1,0.5,0,16682,0.061023858,0.022059705,7437,0.148984806,0.119671911,5222,0.041171965,0,0,0,0,0,0.44,0.875764459
30090.35,0.434908882,0.5,6137,37,0.545266459,32.75,34.9375,35.89,0,0,0.07,0,0,20,0.5,0,0,0,0.1,0.1,0.1,0.1,0.1,0.1,0.5,0,16156,0.058739787,0.021601882,6773,0.147349771,0.118558984,4984,0.039125201,0,0,0,0,0,5,0.875764459
30150.42,0.444912868,0.5,6137,37,0.25555,33,35,36.93,0,0,0.07,0,0,20,0.5,0,0,0,0.1,0.1,0.1,0.1,0.1,0.1,0.5,0,16407,0.05863351,0.02108856,7083,0.141324298,0.11421714,5132,0.038971161,0,0,0,0,0,5,0.875764459
30210.45,0.464380904,0.5,6137,37,0.24235,33.1875,35,37.29,0,0,0.07,0,0,20,0.5,0,0,0,0.1,0.1,0.1,0.1,0.1,0.1,0.5,0,16326,0.058679407,0.021131937,7056,0.143424036,0.114937642,5020,0.039840637,0,0,0,0,0,5,0.875764459
30270.52,0.463617158,0.5,6137,37,0.15305,33.125,35,37.35,0,0,0.07,0,0,20,0.5,0,0,0,0.1,0.1,0.1,0.1,0.1,0.1,0.5,0,16316,0.05896053,0.021206178,7055,0.145145287,0.116654855,4984,0.039727127,0,0,0,0,0,5,0.875764459
30330.6,0.469770087,0.5,6137,37,0.1332,33.25,34.9375,37.27,0,0,0.25,0,0,20,0.5,0,0,0,0.1,0.1,0.1,0.1,0.1,0.1,0.5,0,16814,0.058165814,0.021232306,7208,0.143590455,0.115843507,5113,0.039702719,0,0,0,0,0,5,0.875764459
30390.65,0.474326874,0.5,6137,37,0.10265,33.25,34.9375,37.51,0,0,0.07,0,0,20,0.5,0,0,0,0.1,0.1,0.1,0.1,0.1,0.1,0.5,0,16036,0.06042654,0.021888251,7132,0.146943354,0.118620303,5168,0.040634675,0,0,0,0,0,5,0.875764459
30450.71,0.483387823,0.5,6137,37,0.08155,33.0625,34.8125,37.35,0,0,0.07,0,0,20,0.5,0,0,0,0.1,0.1,0.1,0.1,0.1,0.1,0.5,0,16358,0.060398582,0.021763052,7337,0.144882104,0.117623007,5197,0.040600346,0,0,0,0,0,5,0.888743993
30510.79,0.504891872,0.5,6137,37,0.15705,33.1875,34.75,37.01,0,0,0.07,0,0,20,0.5,0,0,0,0.1,0.1,0.1,0.1,0.1,0.1,0.5,0,17063,0.058957979,0.021215496,7226,0.148491558,0.119429837,5231,0.040718792,0,0,0,0,0,5,0.974881837
30570.85,0.497696496,0.5,6137,37,0.06925,33.125,34.8125,37.09,0,0,0.07,0,0,20,0.5,0,0,0,0.1,0.1,0.1,0.1,0.1,0.1,0.5,0,17008,0.059619003,0.021578081,7292,0.149753154,0.120405924,5272,0.03983308,0,0,0,0,0,5,0.883076205
30630.91,0.523263522,0.5,6137,37,0.1037,33.1875,34.875,37.25,0,0,0.25,0,0,20,0.5,0,0,0,0.1,0.1,0.1,0.1,0.1,0.1,0.5,0,17654,0.058570296,0.021241645,7339,0.150156697,0.120861153,5238,0.041046201,0,0,0,0,0,5,0.989206672
30690.97,0.529005511,0.5,6137,37,0.17415,33.125,34.875,36.97,0,0,0,0,0,20,0.5,0,0,0,0.1,0.1,0.1,0.1,0.1,0.1,0.5,0,17102,0.060285347,0.021810315,7437,0.151001748,0.12155439,5256,0.040525114,0,0,0,0,0,5,0.972487272
30751.14,0.535310597,0.5,6137,37,0.12965,33.0625,34.875,36.85,0,0,0,0,0,20,0.5,0,0,0,0.1,0.1,0.1,0.1,0.1,0.1,0.5,0,17530,0.059954364,0.021448945,7450,0.152751678,0.123624161,5164,0.041634392,0,0,0,0,0,5,0.959407765
30811.21,0.528977454,0.5,6137,37,0.15285,33.125,35,36.97,0,0,0,0,0,20,0.5,0,0,0,0.1,0.1,0.1,0.1,0.1,0.1,0.5,0,17609,0.059969334,0.021523085,7908,0.147572079,0.118487607,5466,0.041529455,0,0,0,0,0,5,0.875733409
30871.29,0.546228087,0.5,6137,37,0.16695,33.0625,34.9375,36.97,0,0,0,0,0,20,0.5,0,0,0,0.1,0.1,0.1,0.1,0.1,0.1,0.5,0,17177,0.061128253,0.022006171,7645,0.15147155,0.122040549,5494,0.041681835,0,0,0,0,0,5,0.928219195
30931.37,0.544134026,0.5,6137,37,0.456125,33.125,34.9375,36.09,0,0.02,0.25,0,0,20,0.5,0,0,0,0.1,0.1,0.1,0.1,0.1,0.1,0.5,0,17658,0.060425869,0.021746517,7740,0.151808786,0.122739018,5235,0.041260745,0,0,0,0,0,0.44,0.928219195
30991.43,0.479359448,0.5,6137,37,0.461175,32.9375,34.9375,36.01,0,0.015798109,0.133192436,0,0,20,0.5,0,0,0,0.1,0.1,0.1,0.1,0.1,0.1,0.5,0,16703,0.060108962,0.021792492,7429,0.145914659,0.117512451,5044,0.040047581,0,0,0,0,0,0.44,0.928219195
31051.5,0.441622674,0.5,6137,37,0.51320868,32.6875,35,35.99,0,0,0.07,0,0,20,0.5,0,0,0,0.1,0.1,0.1,0.1,0.1,0.1,0.5,0,16641,0.057989304,0.02079202,7040,0.139630682,0.113210227,4977,0.039783002,0,0,0,0,0,5,0.928219195
31111.54,0.45985333,0.5,6137,37,0.24305,33,35,36.89,0,0,0.07,0,0,20,0.5,0,0,0,0.1,0.1,0.1,0.1,0.1,0.1,0.5,0,16274,0.05843677,0.021015116,6755,0.144485566,0.116358253,5042,0.039468465,0,0,0,0,0,5,0.928219195
31171.61,0.460042893,0.5,6137,37,0.10995,33,35,37.29,0,0,0.07,0,0,20,0.5,0,0,0,0.1,0.1,0.1,0.1,0.1,0.1,0.5,0,16292,0.058617726,0.021053278,6996,0.141366495,0.114208119,4941,0.039668083,0,0,0,0,0,5,0.928219195
31231.68,0.476665264,0.5,6137,37,0.1554,33.1875,34.9375,37.21,0,0,0.25,0,0,20,0.5,0,0,0,0.1,0.1,0.1,0.1,0.1,0.1,0.5,0,16016,0.059627872,0.021603397,6875,0.1456,0.117527273,5022,0.040422143,0,0,0,0,0,5,0.928219195
31291.74,0.494522184,0.5,6137,37,0.10985,33.1875,34.875,37.27,0,0,0.07,0,0,20,0.5,0,0,0,0.1,0.1,0.1,0.1,0.1,0.1,0.5,0,16856,0.058198861,0.020942098,7108,0.142374789,0.115362971,4902,0.039371685,0,0,0,0,0,5,0.928219195
31351.81,0.499761113,0.5,6137,37,0.10935,33.0625,34.875,37.41,0,0,0.07,0,0,20,0.5,0,0,0,0.1,0.1,0.1,0.1,0.1,0.1,0.5,0,16370,0.059682346,0.021502749,7026,0.146883006,0.117990322,5113,0.039115979,0,0,0,0,0,5,0.928219195
31411.88,0.500117589,0.5,6137,37,0.12125,33,34.8125,37.29,0,0,0.07,0,0,20,0.5,0,0,0,0.1,0.1,0.1,0.1,0.1,0.1,0.5,0,16834,0.058987763,0.021444695,7118,0.146670413,0.118010677,5162,0.04029446,0,0,0,0,0,5,0.88394735
31471.96,0.495359068,0.5,6137,37,0.12435,33,34.75,37.11,0,0,0.07,0,0,20,0.5,0,0,0,0.1,0.1,0.1,0.1,0.1,0.1,0.5,0,16454,0.060471618,0.021636076,7242,0.146368407,0.117923226,5156,0.039565555,0,0,0,0,0,5,0.811068904
31532.01,0.505159594,0.5,6137,37,0.0894,32.9375,34.875,37.33,0,0,0.25,0,0,20,0.5,0,0,0,0.1,0.1,0.1,0.1,0.1,0.1,0.5,0,16544,0.060082205,0.02169971,7179,0.148488647,0.119236662,5199,0.039815349,0,0,0,0,0,5,0.829290012
31592.05,0.524284714,0.5,6137,37,0.16925,33,34.875,37.13,0,0,0.07,0,0,20,0.5,0,0,0,0.1,0.1,0.1,0.1,0.1,0.1,0.5,0,16989,0.059744541,0.02148449,7463,0.146321854,0.117647059,5009,0.041525255,0,0,0,0,0,5,0.899306942
31652.12,0.513783417,0.5,6137,37,0.16835,33.0625,34.9375,36.89,0,0,0,0,0,20,0.5,0,0,0,0.1,0.1,0.1,0.1,0.1,0.1,0.5,0,17716,0.058816889,0.021167306,7473,0.147330389,0.11909541,5127,0.040959626,0,0,0,0,0,5,0.793642365
31712.18,0.53587107,0.5,6137,37,0.13475,33,34.9375,37.03,0,0,0,0,0,20,0.5,0,0,0,0.1,0.1,0.1,0.1,0.1,0.1,0.5,0,17566,0.059489924,0.021575771,7388,0.150243638,0.121683812,5372,0.039836188,0,0,0,0,0,5,0.880235596
31772.25,0.537754079,0.5,6137,37,0.14875,33,34.9375,37.05,0,0,0,0,0,20,0.5,0,0,0,0.1,0.1,0.1,0.1,0.1,0.1,0.5,0,17086,0.060634438,0.021889266,7353,0.153134775,0.122943016,5230,0.040535373,0,0,0,0,0,5,0.846747101
31832.31,0.55016743,0.5,6137,37,0.15075,32.9375,35,37.05,0,0,0,0,0,20,0.5,0,0,0,0.1,0.1,0.1,0.1,0.1,0.1,0.5,0,17483,0.060229938,0.021621003,7503,0.151406104,0.1220845,5427,0.040906578,0,0,0,0,0,5,0.872873639
31892.39,0.552186984,0.5,6137,37,0.13395,33.0625,34.9375,37.09,0,0.02,0.15,0,0,20,0.5,0,0,0,0.1,0.1,0.1,0.1,0.1,0.1,0.5,0,16668,0.062455004,0.022258219,7522,0.152751928,0.123105557,5440,0.041544118,0,0,0,0,0,0.44,0.872873639
31952.45,0.490177361,0.5,6137,37,0.493075,32.8125,35,35.91,0,0.01801165,0.142046599,0,0,20,0.5,0,0,0,0.1,0.1,0.1,0.1,0.1,0.1,0.5,0,15826,0.061733856,0.022178693,7109,0.147418765,0.118582079,5234,0.040313336,0,0,0,0,0,0.44,0.872873639
32012.5,0.440535245,0.5,6137,37,0.498131746,32.75,35,36.05,0,0,0.07,0,0,20,0.5,0,0,0,0.1,0.1,0.1,0.1,0.1,0.1,0.5,0,16355,0.058208499,0.02115561,6981,0.138805329,0.111302106,4950,0.038585859,0,0,0,0,0,5,0.872873639
32072.57,0.436659194,0.5,6137,37,0.25775,33.0625,35,36.95,0,0,0.07,0,0,20,0.5,0,0,0,0.1,0.1,0.1,0.1,0.1,0.1,0.5,0,16434,0.057624437,0.020810515,6952,0.13981588,0.112197929,4837,0.039280546,0,0,0,0,0,5,0.872873639
32132.62,0.441176922,0.5,6137,37,0.16115,33.25,35,37.27,0,0,0.25,0,0,20,0.5,0,0,0,0.1,0.1,0.1,0.1,0.1,0.1,0.5,0,16101,0.058319359,0.021240917,6734,0.143005643,0.115087615,4965,0.038267875,0,0,0,0,0,5,0.872873639
32192.67,0.446786965,0.5,6137,37,0.12005,33.1875,35,37.29,0,0,0.07,0,0,20,0.5,0,0,0,0.1,0.1,0.1,0.1,0.1,0.1,0.5,0,16161,0.059092878,0.021100179,6830,0.143923865,0.115959004,4923,0.039406866,0,0,0,0,0,5,0.872873639
32252.74,0.454685789,0.5,6137,37,0.12685,33.3125,34.875,37.33,0,0,0.07,0,0,20,0.5,0,0,0,0.1,0.1,0.1,0.1,0.1,0.1,0.5,0,16105,0.059546725,0.021546104,6984,0.142898053,0.11497709,4987,0.039703228,0,0,0,0,0,5,0.872873639
32312.81,0.469413002,0.5,6137,37,0.14345,33.25,34.875,37.17,0,0,0.07,0,0,20,0.5,0,0,0,0.1,0.1,0.1,0.1,0.1,0.1,0.5,0,16525,0.059001513,0.021482602,6977,0.145048015,0.115952415,4977,0.039783002,0,0,0,0,0,5,0.872873639
32372.89,0.47559713,0.5,6137,37,0.11535,33.1875,34.9375,37.19,0,0,0.07,0,0,20,0.5,0,0,0,0.1,0.1,0.1,0.1,0.1,0.1,0.5,0,16464,0.059706025,0.021258503,7035,0.145842217,0.117128643,5130,0.040155945,0,0,0,0,0,5,0.868494402
32432.93,0.473548432,0.5,6137,37,0.12675,33.1875,35,37.05,0,0,0.25,0,0,20,0.5,0,0,0,0.1,0.1,0.1,0.1,0.1,0.1,0.5,0,16385,0.059627708,0.021666158,6979,0.147442327,0.118641639,4939,0.040494027,0,0,0,0,0,5,0.812118868
32492.99,0.482983,0.5,6137,37,0.12165,33.1875,35,37.13,0,0,0.07,0,0,20,0.5,0,0,0,0.1,0.1,0.1,0.1,0.1,0.1,0.5,0,17173,0.058522099,0.021196064,7110,0.147398031,0.118424754,5108,0.040133125,0,0,0,0,0,5,0.830694721
32553.06,0.499601497,0.5,6137,37,0.15655,33.1875,34.9375,37.05,0,0,0.07,0,0,20,0.5,0,0,0,0.1,0.1,0.1,0.1,0.1,0.1,0.5,0,17293,0.058983404,0.021280287,7240,0.147375691,0.118508287,5148,0.04040404,0,0,0,0,0,5,0.890647934
32613.1,0.495341932,0.5,6137,37,0.21745,33.0625,34.875,36.93,0,0,0,0,0,20,0.5,0,0,0,0.1,0.1,0.1,0.1,0.1,0.1,0.5,0,16638,0.060704412,0.021817526,7297,0.148280115,0.118952994,4971,0.040635687,0,0,0,0,0,5,0.820428105
32673.18,0.506821023,0.5,6137,37,0.11825,33.0625,34.9375,37.03,0,0,0,0,0,20,0.5,0,0,0,0.1,0.1,0.1,0.1,0.1,0.1,0.5,0,16917,0.06005793,0.021694154,7376,0.147640998,0.119034707,5158,0.040907328,0,0,0,0,0,5,0.848135598
32733.25,0.510041065,0.5,6137,37,0.18175,33.0625,34.875,37.09,0,0,0,0,0,20,0.5,0,0,0,0.1,0.1,0.1,0.1,0.1,0.1,0.5,0,16831,0.060721288,0.021686174,7432,0.149354144,0.119617869,5267,0.040250617,0,0,0,0,0,5,0.824728757
32793.32,0.533909884,0.5,6137,37,0.16965,33.1875,34.9375,37.21,0,0,0,0,0,20,0.5,0,0,0,0.1,0.1,0.1,0.1,0.1,0.1,0.5,0,16992,0.060911017,0.021716102,7266,0.152353427,0.122350674,5232,0.041857798,0,0,0,0,0,5,0.920699797
32853.4,0.545402633,0.5,6137,37,0.13665,33.125,34.9375,36.87,0,0,0,0,0,20,0.5,0,0,0,0.1,0.1,0.1,0.1,0.1,0.1,0.5,0,17097,0.061355793,0.021699713,7439,0.151633284,0.122059417,5271,0.040789224,0,0,0,0,0,5,0.938556496
32913.47,0.538137669,0.5,6137,37,0.12425,33.1875,34.9375,36.89,0,0,0,0,0,20,0.5,0,0,0,0.1,0.1,0.1,0.1,0.1,0.1,0.5,0,17064,0.061415846,0.021917487,7758,0.14836298,0.119489559,5388,0.04064588,0,0,0,0,0,5,0.851399031
32973.54,0.532679098,0.5,6137,37,0.17365,33.1875,35,36.89,0,0,0,0,0,20,0.5,0,0,0,0.1,0.1,0.1,0.1,0.1,0.1,0.5,0,17789,0.060543032,0.021530159,7567,0.153032906,0.123034228,5378,0.041465229,0,0,0,0,0,5,0.778243355
33033.62,0.555633845,0.5,6137,37,0.14915,33.25,34.9375,36.95,0,0,0,0,0,20,0.5,0,0,0,0.1,0.1,0.1,0.1,0.1,0.1,0.5,0,18842,0.058698652,0.02106995,7461,0.156279319,0.125586383,5566,0.040603665,0,0,0,0,0,5,0.865902237
33093.67,0.5646748,0.5,6137,37,0.14415,33.1875,34.9375,36.95,0,0.02,0.15,0,0,20,0.5,0,0,0,0.1,0.1,0.1,0.1,0.1,0.1,0.5,0,18829,0.059270275,0.021243826,7707,0.153496821,0.123783573,5384,0.041419019,0,0,0,0,0,0.44,0.865902237
33153.75,0.515448731,0.5,6137,37,0.374475,33.0625,35,36.45,0,0.02,0.15,0,0,20,0.5,0,0,0,0.1,0.1,0.1,0.1,0.1,0.1,0.5,0,17019,0.061284447,0.021799166,7395,0.152129817,0.122920892,5242,0.040824113,0,0,0,0,0,0.44,0.865902237
33213.81,0.445785528,0.5,6137,37,0.50425,32.9375,35,36.17,0,0.00157335,0.076293399,0,0,20,0.5,0,0,0,0.1,0.1,0.1,0.1,0.1,0.1,0.5,0,16115,0.060750853,0.021967111,6824,0.14947245,0.11957796,5061,0.039715471,0,0,0,0,0,0.44,0.865902237
33273.89,0.457067809,0.5,6137,37,0.283612072,33.125,34.9375,36.79,0,0,0.07,0,0,20,0.5,0,0,0,0.1,0.1,0.1,0.1,0.1,0.1,0.5,0,15704,0.06087621,0.021586857,7212,0.140737659,0.112867443,5141,0.040070025,0,0,0,0,0,5,0.865902237
33333.94,0.470437835,0.5,6137,37,0.16595,33.25,35,37.11,0,0,0.25,0,0,20,0.5,0,0,0,0.1,0.1,0.1,0.1,0.1,0.1,0.5,0,15459,0.061905686,0.022058348,6852,0.147110333,0.118651489,4975,0.03959799,0,0,0,0,0,5,0.865902237
33393.98,0.463882321,0.5,6137,37,0.11165,33.1875,35,37.25,0,0,0.07,0,0,20,0.5,0,0,0,0.1,0.1,0.1,0.1,0.1,0.1,0.5,0,16248,0.060315116,0.021725751,7047,0.145735774,0.116787285,5048,0.040015848,0,0,0,0,0,5,0.865902237
33454.02,0.483232096,0.5,6137,37,0.12525,33.1875,34.9375,37.25,0,0,0.07,0,0,20,0.5,0,0,0,0.1,0.1,0.1,0.1,0.1,0.1,0.5,0,16486,0.059990295,0.021776052,7130,0.145582048,0.117671809,5128,0.039976599,0,0,0,0,0,5,0.865902237
33514.07,0.48541526,0.5,6137,37,0.14075,33.125,34.875,37.09,0,0,0.07,0,0,20,0.5,0,0,0,0.1,0.1,0.1,0.1,0.1,0.1,0.5,0,16700,0.05994012,0.021676647,7087,0.147594187,0.11895019,5088,0.040880503,0,0,0,0,0,5,0.865902237
33574.15,0.491942271,0.5,6137,37,0.15385,33.125,34.75,37.11,0,0,0.07,0,0,20,0.5,0,0,0,0.1,0.1,0.1,0.1,0.1,0.1,0.5,0,16430,0.061351187,0.021728545,7272,0.146727173,0.117986799,5087,0.040298801,0,0,0,0,0,5,0.865902237
33634.18,0.501465884,0.5,6137,37,0.19295,33.125,34.75,37.21,0,0,0.25,0,0,20,0.5,0,0,0,0.1,0.1,0.1,0.1,0.1,0.1,0.5,0,17073,0.059860599,0.021554501,7480,0.144919786,0.11697861,5287,0.039530925,0,0,0,0,0,5,0.880129733
33694.24,0.51829103,0.5,6137,37,0.12515,33.1875,34.75,37.19,0,0,0.07,0,0,20,0.5,0,0,0,0.1,0.1,0.1,0.1,0.1,0.1,0.5,0,17237,0.060509369,0.021755526,7254,0.14957265,0.120347395,5225,0.040574163,0,0,0,0,0,5,0.935127269
33754.32,0.518812474,0.5,6137,37,0.14325,33.1875,34.75,37.01,0,0,0.07,0,0,20,0.5,0,0,0,0.1,0.1,0.1,0.1,0.1,0.1,0.5,0,17640,0.060260771,0.021258503,7298,0.151274322,0.121677172,5378,0.040349572,0,0,0,0,0,5,0.89138764
33814.39,0.526514525,0.5,6137,37,0.17825,33.125,34.75,36.89,0,0,0.07,0,0,20,0.5,0,0,0,0.1,0.1,0.1,0.1,0.1,0.1,0.5,0,17325,0.060548341,0.021702742,7549,0.149423765,0.120015896,5268,0.040053151,0,0,0,0,0,5,0.891027526
33874.47,0.546047458,0.5,6137,37,0.16025,33.1875,34.8125,36.97,0,0,0,0,0,20,0.5,0,0,0,0.1,0.1,0.1,0.1,0.1,0.1,0.5,0,17664,0.060631793,0.021852355,7457,0.151937777,0.122435296,5420,0.041143911,0,0,0,0,0,5,0.955757064
33934.55,0.542571271,0.5,6137,37,0.11455,33.0625,34.875,37.05,0,0.02,0.25,0,0,20,0.5,0,0,0,0.1,0.1,0.1,0.1,0.1,0.1,0.5,0,17864,0.060512763,0.021663681,7723,0.149682766,0.120160559,5229,0.041499331,0,0,0,0,0,0.44,0.955757064
33994.61,0.511360874,0.5,6137,37,0.4934,32.8125,34.875,36.23,0,0.02,0.15,0,0,20,0.5,0,0,0,0.1,0.1,0.1,0.1,0.1,0.1,0.5,0,17026,0.059732174,0.021555268,6980,0.150143266,0.120057307,5163,0.039899283,0,0,0,0,0,0.44,0.955757064
34054.65,0.434006572,0.5,6137,37,0.5564,32.75,34.875,35.89,0,0,0.07,0,0,20,0.5,0,0,0,0.1,0.1,0.1,0.1,0.1,0.1,0.5,0,15797,0.059694879,0.021586377,6828,0.140011716,0.112478032,4877,0.038548288,0,0,0,0,0,0.44,0.955757064
34114.72,0.44362409,0.5,6137,37,0.25195,33,34.9375,36.93,0,0,0.07,0,0,20,0.5,0,0,0,0.1,0.1,0.1,0.1,0.1,0.1,0.5,0,15885,0.05961599,0.021529745,6940,0.138040346,0.111095101,4893,0.039444104,0,0,0,0,0,5,0.955757064
34174.79,0.443814153,0.5,6137,37,0.13385,33.25,34.875,37.19,0,0,0.07,0,0,20,0.5,0,0,0,0.1,0.1,0.1,0.1,0.1,0.1,0.5,0,15354,0.061091572,0.021753289,7146,0.136439966,0.109711727,4821,0.038788633,0,0,0,0,0,5,0.955757064
34234.86,0.453625744,0.5,6137,37,0.14305,33.25,34.9375,37.17,0,0,0.25,0,0,20,0.5,0,0,0,0.1,0.1,0.1,0.1,0.1,0.1,0.5,0,16749,0.058152726,0.020956475,6897,0.14107583,0.113527621,4824,0.038971808,0,0,0,0,0,5,0.955757064
34294.9,0.471044225,0.5,6137,37,0.13135,33.25,34.9375,37.41,0,0,0.07,0,0,20,0.5,0,0,0,0.1,0.1,0.1,0.1,0.1,0.1,0.5,0,15732,0.060958556,0.02173913,6957,0.142158977,0.114848354,4904,0.039355628,0,0,0,0,0,5,0.955757064
34354.95,0.45897498,0.5,6137,37,0.14705,33.3125,34.8125,37.29,0,0,0.07,0,0,20,0.5,0,0,0,0.1,0.1,0.1,0.1,0.1,0.1,0.5,0,15827,0.061098123,0.021798193,7092,0.142272984,0.11463621,4948,0.040016168,0,0,0,0,0,5,0.955757064
34414.98,0.467283938,0.5,6137,37,0.15695,33.25,34.6875,37.19,0,0,0.07,0,0,20,0.5,0,0,0,0.1,0.1,0.1,0.1,0.1,0.1,0.5,0,16474,0.060094695,0.021488406,6974,0.14496702,0.117006022,5061,0.04011065,0,0,0,0,0,5,0.955757064
34475.02,0.47747747,0.5,6137,37,0.12855,33.125,34.6875,37.03,0,0,0.07,0,0,20,0.5,0,0,0,0.1,0.1,0.1,0.1,0.1,0.1,0.5,0,16376,0.060820713,0.02173913,7245,0.142857143,0.115113872,5009,0.040327411,0,0,0,0,0,5,0.972708907
34535.06,0.490401258,0.5,6137,37,0.20525,33.1875,34.75,37.09,0,0,0.25,0,0,20,0.5,0,0,0,0.1,0.1,0.1,0.1,0.1,0.1,0.5,0,16372,0.060835573,0.021683362,7211,0.145194841,0.116904729,5171,0.040224328,0,0,0,0,0,5,1.004194385
34595.1,0.486873189,0.5,6137,37,0.12045,33.0625,34.75,37.09,0,0,0.07,0,0,20,0.5,0,0,0,0.1,0.1,0.1,0.1,0.1,0.1,0.5,0,16453,0.061326202,0.022002066,7019,0.14973643,0.120957401,5136,0.040109034,0,0,0,0,0,5,0.932323905
34655.17,0.494331706,0.5,6137,37,0.11565,33.125,34.75,37.05,0,0,0,0,0,20,0.5,0,0,0,0.1,0.1,0.1,0.1,0.1,0.1,0.5,0,16009,0.062402399,0.022050097,7260,0.147520661,0.118595041,5279,0.04072741,0,0,0,0,0,5,0.931316903
34715.21,0.518747355,0.5,6137,37,0.19855,33.1875,34.8125,37.01,0,0,0,0,0,20,0.5,0,0,0,0.1,0.1,0.1,0.1,0.1,0.1,0.5,0,16506,0.061795711,0.022052587,7304,0.148685652,0.119523549,5170,0.040232108,0,0,0,0,0,5,1.029381691
34775.29,0.509015021,0.5,6137,37,0.14265,33.0625,34.75,37.17,0,0,0,0,0,20,0.5,0,0,0,0.1,0.1,0.1,0.1,0.1,0.1,0.5,0,17066,0.06093988,0.021856323,7597,0.146110307,0.116888245,5274,0.040197194,0,0,0,0,0,5,0.921094272
34835.36,0.530080973,0.5,6137,37,0.13345,33.125,34.8125,37.11,0,0,0,0,0,20,0.5,0,0,0,0.1,0.1,0.1,0.1,0.1,0.1,0.5,0,16785,0.062198391,0.022043491,7352,0.15125136,0.121735582,5171,0.040997873,0,0,0,0,0,5,0.996696298
34895.39,0.526859291,0.5,6137,37,0.11455,33.125,34.8125,37.09,0,0,0,0,0,20,0.5,0,0,0,0.1,0.1,0.1,0.1,0.1,0.1,0.5,0,17201,0.061333643,0.021859194,7718,0.146540555,0.117906193,5328,0.040165165,0,0,0,0,0,5,0.928572698
34955.44,0.533976382,0.5,6137,37,0.17125,33.25,34.875,37.01,0,0,0,0,0,20,0.5,0,0,0,0.1,0.1,0.1,0.1,0.1,0.1,0.5,0,17205,0.061784365,0.021970357,7730,0.148382924,0.119534282,5370,0.041154562,0,0,0,0,0,5,0.922398353
35015.5,0.534192168,0.5,6137,37,0.14205,33.0625,34.875,36.95,0,0,0,0,0,20,0.5,0,0,0,0.1,0.1,0.1,0.1,0.1,0.1,0.5,0,18098,0.060282904,0.021659852,7532,0.15228359,0.122411046,5339,0.041018917,0,0,0,0,0,5,0.877490525
35075.57,0.557688627,0.5,6137,37,0.13495,33.125,34.8125,36.89,0,0,0,0,0,20,0.5,0,0,0,0.1,0.1,0.1,0.1,0.1,0.1,0.5,0,17364,0.062312831,0.022229901,7740,0.150258398,0.120671835,5452,0.041452678,0,0,0,0,0,5,0.962751452
35135.64,0.578838607,0.5,6137,37,0.15495,33.1875,34.875,36.63,0,0.02,0.25,0,0,20,0.5,0,0,0,0.1,0.1,0.1,0.1,0.1,0.1,0.5,0,17630,0.061656268,0.022178106,7829,0.151998978,0.121599183,5384,0.041604755,0,0,0,0,0,0.44,0.962751452
35195.69,0.494799374,0.5,6137,37,0.528,32.875,34.875,36.05,0,0.02,0.15,0,0,20,0.5,0,0,0,0.1,0.1,0.1,0.1,0.1,0.1,0.5,0,16951,0.060999351,0.021591647,7116,0.149943789,0.120432827,5223,0.04078116,0,0,0,0,0,0.44,0.962751452
35255.76,0.462277682,0.5,6137,37,0.597,32.6875,34.875,35.85,0,0.017533376,0.140133502,0,0,20,0.5,0,0,0,0.1,0.1,0.1,0.1,0.1,0.1,0.5,0,15816,0.060571573,0.021686899,6733,0.143918016,0.116144364,4841,0.03904152,0,0,0,0,0,0.44,0.962751452
35315.82,0.419918178,0.5,6137,37,0.525414303,32.8125,34.75,36.01,0,0,0.07,0,0,20,0.5,0,0,0,0.1,0.1,0.1,0.1,0.1,0.1,0.5,0,15660,0.058429119,0.02100894,6619,0.13491464,0.10817344,4851,0.03834261,0,0,0,0,0,5,0.962751452
35375.89,0.435245054,0.5,6137,37,0.23955,33,34.75,37.11,0,0,0.07,0,0,20,0.5,0,0,0,0.1,0.1,0.1,0.1,0.1,0.1,0.5,0,14675,0.060511073,0.021873935,6575,0.136121673,0.108897338,4948,0.038197251,0,0,0,0,0,5,0.962751452
35435.92,0.432755422,0.5,6137,37,0.09395,33.0625,34.75,37.37,0,0,0.25,0,0,20,0.5,0,0,0,0.1,0.1,0.1,0.1,0.1,0.1,0.5,0,15598,0.058276702,0.02128478,6546,0.136419187,0.109685304,4835,0.037642192,0,0,0,0,0,5,0.962751452
35495.97,0.440283903,0.5,6137,37,0.09865,33.125,34.75,37.37,0,0,0.07,0,0,20,0.5,0,0,0,0.1,0.1,0.1,0.1,0.1,0.1,0.5,0,15104,0.05998411,0.021649894,6726,0.13559322,0.109128754,4796,0.03794829,0,0,0,0,0,5,0.962751452
35556.01,0.44218235,0.5,6137,37,0.13605,33.125,34.6875,37.21,0,0,0.07,0,0,20,0.5,0,0,0,0.1,0.1,0.1,0.1,0.1,0.1,0.5,0,15554,0.059663109,0.021344992,6569,0.139442838,0.112193637,4996,0.038430745,0,0,0,0,0,5,0.962751452
35616.08,0.46055733,0.5,6137,37,0.13905,33.1875,34.8125,37.21,0,0,0.07,0,0,20,0.5,0,0,0,0.1,0.1,0.1,0.1,0.1,0.1,0.5,0,15449,0.059874426,0.021748981,6631,0.141456794,0.113105112,4852,0.038746908,0,0,0,0,0,5,0.962751452
35676.14,0.457267375,0.5,6137,37,0.19985,33.0625,34.8125,37.21,0,0,0.07,0,0,20,0.5,0,0,0,0.1,0.1,0.1,0.1,0.1,0.1,0.5,0,15893,0.05952306,0.021455987,6674,0.141294576,0.113874738,4810,0.03950104,0,0,0,0,0,5,0.89310671
35736.2,0.47991877,0.5,6137,37,0.12585,33.125,34.8125,37.17,0,0,0.25,0,0,20,0.5,0,0,0,0.1,0.1,0.1,0.1,0.1,0.1,0.5,0,15736,0.060498221,0.02147941,6755,0.141672835,0.113989637,4908,0.039527302,0,0,0,0,0,5,0.993497098
35796.24,0.479704318,0.5,6137,37,0.12215,33.125,34.875,37.17,0,0,0.07,0,0,20,0.5,0,0,0,0.1,0.1,0.1,0.1,0.1,0.1,0.5,0,16426,0.059052721,0.021064167,6870,0.141193595,0.113537118,4933,0.038718832,0,0,0,0,0,5,0.94248139
35856.3,0.484713015,0.5,6137,37,0.16615,33.125,34.875,37.01,0,0,0.07,0,0,20,0.5,0,0,0,0.1,0.1,0.1,0.1,0.1,0.1,0.5,0,16845,0.05841496,0.021311962,6972,0.141709696,0.11417097,4771,0.040033536,0,0,0,0,0,5,0.926518579
35916.36,0.49342378,0.5,6137,37,0.14225,33.0625,34.875,37.03,0,0,0,0,0,20,0.5,0,0,0,0.1,0.1,0.1,0.1,0.1,0.1,0.5,0,16087,0.060297134,0.021445888,6905,0.144388125,0.116292542,5051,0.039398139,0,0,0,0,0,5,0.933626865
35976.44,0.485075501,0.5,6137,37,0.12775,33.0625,34.9375,37.13,0,0,0,0,0,20,0.5,0,0,0,0.1,0.1,0.1,0.1,0.1,0.1,0.5,0,17211,0.058509093,0.021323572,7050,0.143687943,0.116028369,4934,0.039927037,0,0,0,0,0,5,0.835753975
36036.49,0.49896655,0.5,6137,37,0.13385,33.0625,34.9375,37.25,0,0,0,0,0,20,0.5,0,0,0,0.1,0.1,0.1,0.1,0.1,0.1,0.5,0,16965,0.05959328,0.021573828,7213,0.143213642,0.115485928,5134,0.040319439,0,0,0,0,0,5,0.878669801
36096.55,0.50699555,0.5,6137,37,0.11755,33.0625,34.9375,37.17,0,0,0,0,0,20,0.5,0,0,0,0.1,0.1,0.1,0.1,0.1,0.1,0.5,0,17102,0.058998947,0.021401006,7279,0.142876769,0.115125704,5142,0.039478802,0,0,0,0,0,5,0.882625813
36156.62,0.52122772,0.5,6137,37,0.16545,33,34.875,36.89,0,0,0,0,0,20,0.5,0,0,0,0.1,0.1,0.1,0.1,0.1,0.1,0.5,0,16644,0.060862773,0.021689498,6951,0.150338081,0.121277514,5319,0.039481105,0,0,0,0,0,5,0.921548928
36216.69,0.518331904,0.5,6137,37,0.12395,33,34.8125,36.93,0,0,0,0,0,20,0.5,0,0,0,0.1,0.1,0.1,0.1,0.1,0.1,0.5,0,16348,0.061658919,0.021959873,7366,0.14458322,0.116616888,5063,0.04068734,0,0,0,0,0,5,0.858757733
36276.77,0.517753514,0.5,6137,37,0.13245,33,34.875,37.05,0,0,0,0,0,20,0.5,0,0,0,0.1,0.1,0.1,0.1,0.1,0.1,0.5,0,16559,0.061839483,0.021740443,7530,0.14435591,0.116467463,5220,0.040229885,0,0,0,0,0,5,0.812470368
36336.83,0.529924325,0.5,6137,37,0.14385,32.9375,34.875,36.89,0,0,0,0,0,20,0.5,0,0,0,0.1,0.1,0.1,0.1,0.1,0.1,0.5,0,16092,0.063509819,0.02249565,7329,0.148451358,0.119798062,5327,0.039984982,0,0,0,0,0,5,0.841551631
36396.87,0.560340564,0.5,6137,37,0.11375,32.9375,34.9375,36.85,0,0,0,0,0,20,0.5,0,0,0,0.1,0.1,0.1,0.1,0.1,0.1,0.5,0,16818,0.061779046,0.022178618,7422,0.148746968,0.119644301,5461,0.039736312,0,0,0,0,0,5,0.966905657
36456.92,0.541162859,0,6137,37,0.14435,32.875,34.9375,36.87,0,0,0,0,0,20,0.5,0,0,0,0.1,0.1,0.1,0.1,0.1,0.1,0.5,0,17147,0.061818394,0.022044673,7340,0.152316076,0.123160763,5261,0.040676677,0,0,0,0,0,5,0.966905657
36516.96,0.558669961,0,6137,37,0.16615,32.8125,35,36.81,0,0,0,0,0,20,0.5,0,0,0,0.1,0.1,0.1,0.1,0.1,0.1,0.5,0,17921,0.060431896,0.021762178,7376,0.152928416,0.123237527,5241,0.041213509,0,0,0,0,0,5,0.966905657
36577.03,0.574424158,0,6137,37,0.13935,32.875,35,37.09,0,0,0,0,0,20,0.5,0,0,0,0.1,0.1,0.1,0.1,0.1,0.1,0.5,0,16371,0.064809725,0.022906359,7410,0.153846154,0.123616734,5428,0.040530582,0,0,0,0,0,5,0.966905657
36637.11,0.589964007,0,6137,37,0.15465,32.9375,35.0625,36.97,0,0,0,0,0,20,0.5,0,0,0,0.1,0.1,0.1,0.1,0.1,0.1,0.5,0,16574,0.064076264,0.022625799,7990,0.146808511,0.118147685,5248,0.041539634,0,0,0,0,0,5,0.966905657
36697.18,0.601152006,0,6137,37,0.15495,32.875,35.0625,36.95,0,0,0,0,0,20,0.5,0,0,0,0.1,0.1,0.1,0.1,0.1,0.1,0.5,0,17060,0.063599062,0.022450176,7589,0.15403874,0.123468178,5570,0.041113106,0,0,0,0,0,5,0.966905657
36757.26,0.594398688,0.5,6137,37,0.30595,32.75,35.125,36.53,0,0.02,0.15,0,0,20,0.5,5.5,0,0,0.1,0.1,0.1,0.1,0.1,0.1,0.5,0,17468,0.062228074,0.021983055,7512,0.152822151,0.122603834,5390,0.040445269,0,0,0,0,0,0.44,0.966905657
36817.33,0.589555386,0.5,6137,37,0.3197,32.875,35.0625,36.77,0,0.02,0.15,0,0,20,0.5,5.5,0,0,0.1,0.1,0.1,0.1,0.1,0.1,0.5,0,16662,0.064097947,0.022446285,7594,0.151830392,0.121675007,5591,0.040422107,0,0,0,0,0,0.44,0.966905657
36877.39,0.556451264,0.5,6137,37,0.386625,32.9375,35.125,36.29,0,0.02,0.15,0,0,20,0.5,5.5,0,0,0.1,0.1,0.1,0.1,0.1,0.1,0.5,0,17407,0.061297179,0.021887746,7521,0.147453796,0.117670523,5417,0.040428281,0,0,0,0,0,0.44,0.966905657
36937.43,0.510339348,0.5,6137,37,0.5465,32.8125,35.125,35.85,0,0.02,0.25,0,0,20,0.5,5.5,0,0,0.1,0.1,0.1,0.1,0.1,0.1,0.5,0,16650,0.06042042,0.021861862,7031,0.143080643,0.114635187,5106,0.038777908,0,0,0,0,0,0.44,0.966905657
36997.49,0.475054905,0.5,6137,37,0.6741,32.75,35.125,35.43,0,0.02,0.15,0,0,20,0.5,5.5,0,0,0.1,0.1,0.1,0.1,0.1,0.1,0.5,0,16007,0.058599363,0.021240707,6589,0.138260738,0.110638944,4810,0.038877339,0,0,0,0,0,0.44,0.966905657
37057.54,0.438533684,0.5,6137,37,0.7306,32.625,35.125,35.61,0,0,0.07,0,0,20,0.5,5.5,0,0,0.1,0.1,0.1,0.1,0.1,0.1,0.5,0,14739,0.05929846,0.021236176,6478,0.129052177,0.102963878,4715,0.037115589,0,0,0,0,0,5,0.966905657
37117.58,0.434140821,0.5,6137,37,0.30415,33,35.0625,37.01,0,0,0.07,0,0,20,0.5,5.5,0,0,0.1,0.1,0.1,0.1,0.1,0.1,0.5,0,14250,0.059789474,0.021684211,6407,0.128609334,0.103480568,4536,0.03813933,0,0,0,0,0,5,0.966905657
37177.65,0.375526787,0.5,6137,37,0.17705,33.4375,35,37.61,0,0,0.07,0,0,20,0.5,5.5,0,0,0.1,0.1,0.1,0.1,0.1,0.1,0.5,0,15536,0.057479403,0.020854789,6553,0.127269953,0.102395849,4486,0.038118591,0,0,0,0,0,5,0.966905657
37237.69,0.39451025,0.5,6137,37,0.10045,33.5625,35,37.67,0,0,0.25,0,0,20,0.5,5.5,0,0,0.1,0.1,0.1,0.1,0.1,0.1,0.5,0,15722,0.056862995,0.020798881,6537,0.129417164,0.104023252,4763,0.037581356,0,0,0,0,0,5,0.966905657
37297.74,0.395878201,0.5,6137,37,0.13445,33.625,35,37.63,0,0,0.07,0,0,20,0.5,5.5,0,0,0.1,0.1,0.1,0.1,0.1,0.1,0.5,0,15896,0.057247106,0.020697031,6430,0.132970451,0.107153966,4657,0.038436762,0,0,0,0,0,5,0.966905657
37357.78,0.40211053,0.5,6137,37,0.09585,33.625,35.0625,37.35,0,0,0.07,0,0,20,0.5,5.5,0,0,0.1,0.1,0.1,0.1,0.1,0.1,0.5,0,15388,0.058942033,0.021380296,6737,0.130473505,0.105239721,4698,0.037675607,0,0,0,0,0,5,0.966905657
37417.84,0.407331658,0.5,6137,37,0.15645,33.5625,35.0625,37.29,0,0,0.07,0,0,20,0.5,5.5,0,0,0.1,0.1,0.1,0.1,0.1,0.1,0.5,0,16292,0.056592192,0.020807758,6654,0.133754133,0.107153592,4949,0.037381289,0,0,0,0,0,5,0.957262586
37477.91,0.442153929,0.5,6137,37,0.13265,33.25,35.125,37.37,0,0,0.07,0,0,20,0.5,5.5,0,0,0.1,0.1,0.1,0.1,0.1,0.1,0.5,0,15073,0.060306508,0.021495389,6617,0.136768929,0.109566269,4887,0.038264784,0,0,0,0,0,5,1.155490473
37537.96,0.485917447,0.5,6137,37,0.13005,33.125,35.125,37.27,0,0,0.25,0,0,20,0.5,5.5,0,0,0.1,0.1,0.1,0.1,0.1,0.1,0.5,0,15513,0.059562947,0.021594791,6662,0.136295407,0.109126388,4874,0.038366844,0,0,0,0,0,5,1.380857961
37598.02,0.456837888,0.5,6137,37,0.07365,33.1875,35.125,37.17,0,0,0.07,0,0,20,0.5,5.5,0,0,0.1,0.1,0.1,0.1,0.1,0.1,0.5,0,15763,0.059125801,0.021315739,6691,0.137498132,0.110446869,4959,0.037910869,0,0,0,0,0,5,1.126684612
37658.08,0.465282193,0.5,6137,37,0.16645,33.1875,35.125,37.29,0,0,0,0,0,20,0.5,5.5,0,0,0.1,0.1,0.1,0.1,0.1,0.1,0.5,0,15702,0.059992358,0.021716979,6904,0.136008111,0.109356895,4766,0.038816618,0,0,0,0,0,5,1.125296856
37718.15,0.488447381,0.5,6137,37,0.18485,33.0625,35.125,36.97,0,0,0,0,0,20,0.5,5.5,0,0,0.1,0.1,0.1,0.1,0.1,0.1,0.5,0,15905,0.059918265,0.021817039,6738,0.140694568,0.11323835,5195,0.037536092,0,0,0,0,0,5,1.214794999
37778.23,0.480359742,0.5,6137,37,0.11705,33.1875,35.125,37.19,0,0,0,0,0,20,0.5,5.5,0,0,0.1,0.1,0.1,0.1,0.1,0.1,0.5,0,16113,0.059827469,0.021721591,6757,0.141334912,0.113215924,4978,0.037967055,0,0,0,0,0,5,1.103965853
37838.28,0.500039644,0.5,6137,37,0.14015,33.1875,35.1875,37.05,0,0,0,0,0,20,0.5,5.5,0,0,0.1,0.1,0.1,0.1,0.1,0.1,0.5,0,16289,0.059856345,0.021671066,7012,0.139617798,0.111808329,4978,0.039373242,0,0,0,0,0,5,1.169223855
37898.32,0.514856892,0.5,6137,37,0.18225,33.1875,35.125,37.03,0,0,0,0,0,20,0.5,5.5,0,0,0.1,0.1,0.1,0.1,0.1,0.1,0.5,0,16191,0.060650979,0.021802236,7042,0.141437092,0.112894064,4880,0.03954918,0,0,0,0,0,5,1.198367457
37958.4,0.496164646,0.5,6137,37,0.12245,33.125,35.125,37.21,0,0,0,0,0,20,0.5,5.5,0,0,0.1,0.1,0.1,0.1,0.1,0.1,0.5,0,16759,0.059430754,0.021361656,6989,0.14265274,0.114465589,4942,0.038850668,0,0,0,0,0,5,1.027505595
38018.47,0.521700192,0.5,6137,37,0.11355,33.125,35.125,37.01,0,0,0,0,0,20,0.5,5.5,0,0,0.1,0.1,0.1,0.1,0.1,0.1,0.5,0,16499,0.060427905,0.021516456,7085,0.141848977,0.113902611,5088,0.038915094,0,0,0,0,0,5,1.126686094
38078.51,0.505432881,0.5,6137,37,0.14025,33.0625,35.0625,37.05,0,0,0,0,0,20,0.5,5.5,0,0,0.1,0.1,0.1,0.1,0.1,0.1,0.5,0,16383,0.061099921,0.021790881,6851,0.148153554,0.118668807,5112,0.039906103,0,0,0,0,0,5,0.975318308
38138.59,0.528283948,0.5,6137,37,0.15435,33,35,37.19,0,0,0,0,0,20,0.5,5.5,0,0,0.1,0.1,0.1,0.1,0.1,0.1,0.5,0,16754,0.060701922,0.02160678,7023,0.146233803,0.117471166,5108,0.039350039,0,0,0,0,0,5,1.059208399
38198.62,0.548772169,0.5,6137,37,0.10365,33.0625,35,37.19,0,0,0,0,0,20,0.5,5.5,0,0,0.1,0.1,0.1,0.1,0.1,0.1,0.5,0,16218,0.061844864,0.022320878,7048,0.147275823,0.118473326,5079,0.039968498,0,0,0,0,0,5,1.120396304
38258.7,0.539239976,0.5,6137,37,0.16035,33.0625,35,37.21,0,0,0,0,0,20,0.5,5.5,0,0,0.1,0.1,0.1,0.1,0.1,0.1,0.5,0,16812,0.061087319,0.021829645,7252,0.145201324,0.116795367,5098,0.040604158,0,0,0,0,0,5,1.011808493
38318.75,0.544145271,0.5,6137,37,0.12855,32.9375,34.9375,37.01,0,0,0,0,0,20,0.5,5.5,0,0,0.1,0.1,0.1,0.1,0.1,0.1,0.5,0,16244,0.062730854,0.02222359,7490,0.143925234,0.115620828,5362,0.039537486,0,0,0,0,0,5,0.988384739
38378.83,0.549685284,0.5,6137,37,0.09905,33,34.9375,36.85,0,0.02,0.15,0,0,20,0.5,5.5,0,0,0.1,0.1,0.1,0.1,0.1,0.1,0.5,0,16443,0.062883902,0.022319528,7359,0.147846175,0.118086697,5201,0.039992309,0,0,0,0,0,0.44,0.988384739
38438.9,0.520497949,0.5,6137,37,0.484675,32.6875,35,35.99,0,0.02,0.25,0,0,20,0.5,5.5,0,0,0.1,0.1,0.1,0.1,0.1,0.1,0.5,0,16129,0.061194122,0.021700043,7041,0.142167306,0.113478199,4920,0.039430894,0,0,0,0,0,0.44,0.988384739
38498.95,0.481653908,0.5,6137,37,0.59445,32.5625,35.0625,35.63,0,0.02,0.15,0,0,20,0.5,5.5,0,0,0.1,0.1,0.1,0.1,0.1,0.1,0.5,0,14741,0.061732583,0.022115189,6612,0.137477314,0.110102843,4693,0.038354997,0,0,0,0,0,0.44,0.988384739
38559.01,0.412783773,0.5,6137,37,0.653125,32.5625,35.0625,35.81,0,0,0.07,0,0,20,0.5,5.5,0,0,0.1,0.1,0.1,0.1,0.1,0.1,0.5,0,14930,0.058941728,0.021232418,6400,0.12984375,0.104375,4716,0.037743851,0,0,0,0,0,5,0.988384739
38619.08,0.444180117,0.5,6137,37,0.33915,32.9375,35.0625,36.79,0,0,0.07,0,0,20,0.5,5.5,0,0,0.1,0.1,0.1,0.1,0.1,0.1,0.5,0,15056,0.058315622,0.021253985,6498,0.127116036,0.102185288,4671,0.037251124,0,0,0,0,0,5,0.988384739
38679.16,0.4516378,0.5,6137,37,0.17245,33.1875,35,37.41,0,0,0.07,0,0,20,0.5,5.5,0,0,0.1,0.1,0.1,0.1,0.1,0.1,0.5,0,14570,0.059162663,0.021413864,6453,0.12846738,0.10320781,4785,0.037617555,0,0,0,0,0,5,0.988384739
38739.22,0.47036064,0.5,6137,37,0.10445,33.3125,35.0625,37.61,0,0,0.25,0,0,20,0.5,5.5,0,0,0.1,0.1,0.1,0.1,0.1,0.1,0.5,0,14316,0.060631461,0.021654093,6375,0.130823529,0.105098039,4766,0.0375577,0,0,0,0,0,5,0.988384739
38799.26,0.436569106,0.5,6137,37,0.11705,33.25,35.0625,37.49,0,0,0.07,0,0,20,0.5,5.5,0,0,0.1,0.1,0.1,0.1,0.1,0.1,0.5,0,15478,0.058276263,0.021062153,6418,0.131816765,0.106575257,4691,0.037092304,0,0,0,0,0,5,0.988384739
38859.34,0.397595587,0.5,6137,37,0.08375,33.5,35.0625,37.55,0,0,0.07,0,0,20,0.5,5.5,0,0,0.1,0.1,0.1,0.1,0.1,0.1,0.5,0,15365,0.058379434,0.021086886,6553,0.131542805,0.105905692,4740,0.037974684,0,0,0,0,0,5,0.988384739
38919.37,0.427306868,0.5,6137,37,0.15795,33.1875,35.125,37.21,0,0,0.07,0,0,20,0.5,5.5,0,0,0.1,0.1,0.1,0.1,0.1,0.1,0.5,0,14735,0.06067187,0.021852732,6477,0.13463023,0.108074726,4857,0.03747169,0,0,0,0,0,5,1.15516662
38979.46,0.485064148,0.5,6137,37,0.13395,33.0625,35.125,37.27,0,0,0.07,0,0,20,0.5,5.5,0,0,0.1,0.1,0.1,0.1,0.1,0.1,0.5,0,16093,0.057789101,0.021065059,6574,0.13477335,0.107544874,4805,0.038293444,0,0,0,0,0,5,1.477744482
39039.5,0.502966341,0.5,6137,37,0.18295,33,35.0625,37.05,0,0,0.25,0,0,20,0.5,5.5,0,0,0.1,0.1,0.1,0.1,0.1,0.1,0.5,0,15919,0.058672027,0.021169671,6627,0.13565716,0.108797344,4848,0.037747525,0,0,0,0,0,5,1.51258357
39099.56,0.519198906,0.5,6137,37,0.11955,32.9375,35.0625,37.27,0,0,0.07,0,0,20,0.5,5.5,0,0,0.1,0.1,0.1,0.1,0.1,0.1,0.5,0,15164,0.060538117,0.021630177,6659,0.135455774,0.109025379,4938,0.038477116,0,0,0,0,0,5,1.532245816
39159.62,0.532710898,0.5,6137,37,0.17185,32.875,35.125,37.05,0,0,0,0,0,20,0.5,5.5,0,0,0.1,0.1,0.1,0.1,0.1,0.1,0.5,0,14931,0.061482821,0.021766794,6767,0.136249446,0.109058667,4838,0.038445639,0,0,0,0,0,5,1.532708967
39219.66,0.457440592,0.5,6137,37,0.13555,33.125,35.0625,37.17,0,0,0,0,0,20,0.5,5.5,0,0,0.1,0.1,0.1,0.1,0.1,0.1,0.5,0,16395,0.058493443,0.020982007,6807,0.136477156,0.109886881,4869,0.038611625,0,0,0,0,0,5,0.999077969
39279.71,0.483382834,0.5,6137,37,0.13865,33.125,35.125,37.13,0,0,0,0,0,20,0.5,5.5,0,0,0.1,0.1,0.1,0.1,0.1,0.1,0.5,0,15806,0.060483361,0.02170062,6866,0.137634722,0.110399068,4857,0.038089356,0,0,0,0,0,5,1.11460987
39339.78,0.487468815,0.5,6137,37,0.19985,33.1875,35.0625,36.89,0,0,0,0,0,20,0.5,5.5,0,0,0.1,0.1,0.1,0.1,0.1,0.1,0.5,0,15977,0.060461914,0.021718721,6715,0.141623232,0.113030529,5080,0.039173228,0,0,0,0,0,5,1.08413147
39399.82,0.504622325,0.5,6137,37,0.12595,33.0625,35.125,37.17,0,0,0,0,0,20,0.5,5.5,0,0,0.1,0.1,0.1,0.1,0.1,0.1,0.5,0,15950,0.061128527,0.021755486,6682,0.14366956,0.114486681,4981,0.039148765,0,0,0,0,0,5,1.133676768
39459.89,0.511393854,0.5,6137,37,0.13845,33.1875,35.125,37.09,0,0,0,0,0,20,0.5,5.5,0,0,0.1,0.1,0.1,0.1,0.1,0.1,0.5,0,15909,0.061160349,0.021874411,6915,0.140997831,0.113232104,5145,0.038289602,0,0,0,0,0,5,1.116982234
39519.97,0.507836252,0.5,6137,37,0.14365,33.1875,35.0625,37.05,0,0,0,0,0,20,0.5,5.5,0,0,0.1,0.1,0.1,0.1,0.1,0.1,0.5,0,16150,0.061362229,0.022043344,7139,0.139095111,0.112200588,4963,0.039895225,0,0,0,0,0,5,1.040190155
39580.05,0.525115635,0.5,6137,37,0.14125,33.0625,35,37.05,0,0,0,0,0,20,0.5,5.5,0,0,0.1,0.1,0.1,0.1,0.1,0.1,0.5,0,15252,0.063860477,0.022554419,7162,0.139765429,0.112678023,5073,0.038833038,0,0,0,0,0,5,1.088558962
39640.1,0.528824466,0.5,6137,37,0.14945,33.125,35.0625,37.01,0,0,0,0,0,20,0.5,5.5,0,0,0.1,0.1,0.1,0.1,0.1,0.1,0.5,0,15943,0.062347112,0.022204102,7212,0.140183028,0.112867443,5109,0.03953807,0,0,0,0,0,5,1.055245196
39700.18,0.518847914,0.5,6137,37,0.15825,33.125,35.125,36.97,0,0,0,0,0,20,0.5,5.5,0,0,0.1,0.1,0.1,0.1,0.1,0.1,0.5,0,15823,0.06326234,0.022246097,7330,0.140791269,0.112824011,5234,0.039549102,0,0,0,0,0,5,0.945345679
39760.25,0.489614859,0.5,6137,37,0.19945,33.125,35.0625,36.81,0,0,0,0,0,20,0.5,5.5,0,0,0.1,0.1,0.1,0.1,0.1,0.1,0.5,0,16923,0.060863913,0.021686462,7310,0.142134063,0.114227086,5287,0.038963495,0,0,0,0,0,5,0.724103228
39820.32,0.549973415,0.5,6137,37,0.12555,33.0625,35.125,37.09,0,0,0,0,0,20,0.5,5.5,0,0,0.1,0.1,0.1,0.1,0.1,0.1,0.5,0,18123,0.059151355,0.021409259,7233,0.144753214,0.116272639,5258,0.039748954,0,0,0,0,0,5,1.036650649
39880.4,0.561481499,0.5,6137,37,0.15585,33.0625,35.0625,36.97,0,0.02,0.15,0,0,20,0.5,5.5,0,0,0.1,0.1,0.1,0.1,0.1,0.1,0.5,0,17442,0.060600849,0.021499828,7298,0.144560153,0.116196218,5113,0.040093878,0,0,0,0,0,0.44,1.036650649
39940.45,0.51885046,0.5,6137,37,0.458725,32.8125,35.0625,36.09,0,0.02,0.25,0,0,20,0.5,5.5,0,0,0.1,0.1,0.1,0.1,0.1,0.1,0.5,0,16659,0.059727475,0.021549913,6793,0.141174739,0.11335198,5048,0.03862916,0,0,0,0,0,0.44,1.036650649
40000.5,0.464115031,0.5,6137,37,0.5981,32.6875,35.125,35.61,0,0.02,0.15,0,0,20,0.5,5.5,0,0,0.1,0.1,0.1,0.1,0.1,0.1,0.5,0,17064,0.056200188,0.020218003,6795,0.130684327,0.105077263,4722,0.037484117,0,0,0,0,0,0.44,1.036650649
40060.55,0.423420483,0.5,6137,37,0.56735,32.6875,35.125,35.85,0,0,0.07,0,0,20,0.5,5.5,0,0,0.1,0.1,0.1,0.1,0.1,0.1,0.5,0,14835,0.058712504,0.021300977,6229,0.127789372,0.102905763,4762,0.036959261,0,0,0,0,0,5,1.036650649
40120.63,0.434027627,0.5,6137,37,0.1914,32.9375,35.125,37.21,0,0,0.07,0,0,20,0.5,5.5,0,0,0.1,0.1,0.1,0.1,0.1,0.1,0.5,0,14486,0.059229601,0.021123844,6135,0.128280359,0.103504482,4615,0.037269772,0,0,0,0,0,5,1.036650649
40180.69,0.374378813,0.5,6137,37,0.17,33.1875,35.0625,37.25,0,0,0.07,0,0,20,0.5,5.5,0,0,0.1,0.1,0.1,0.1,0.1,0.1,0.5,0,14438,0.059565037,0.021401856,6516,0.124309392,0.099907919,4482,0.036590808,0,0,0,0,0,5,1.036650649
40240.72,0.41726995,0.5,6137,37,0.0679,33.25,35.0625,37.59,0,0,0.25,0,0,20,0.5,5.5,0,0,0.1,0.1,0.1,0.1,0.1,0.1,0.5,0,15227,0.057726407,0.021146647,6489,0.125134844,0.100785945,4613,0.037069152,0,0,0,0,0,5,1.036650649
40300.79,0.432241301,0.5,6137,37,0.1571,33.0625,35.0625,37.19,0,0,0.07,0,0,20,0.5,5.5,0,0,0.1,0.1,0.1,0.1,0.1,0.1,0.5,0,14592,0.060032895,0.021724232,6431,0.128751361,0.10293889,4519,0.037618942,0,0,0,0,0,5,1.036650649
40360.86,0.387458084,0.5,6137,37,0.1487,33.25,35.0625,37.19,0,0,0.07,0,0,20,0.5,5.5,0,0,0.1,0.1,0.1,0.1,0.1,0.1,0.5,0,14920,0.059517426,0.021179625,6662,0.126088262,0.10177124,4725,0.036825397,0,0,0,0,0,5,1.036650649
40420.9,0.462358152,0.5,6137,37,0.1837,33.1875,35.0625,37.05,0,0,0.07,0,0,20,0.5,5.5,0,0,0.1,0.1,0.1,0.1,0.1,0.1,0.5,0,15395,0.058850276,0.021240663,6410,0.131357254,0.105304212,4654,0.036957456,0,0,0,0,0,5,1.515014528
40480.94,0.4767791,0.5,6137,37,0.0967,33.1875,35.0625,37.35,0,0,0.07,0,0,20,0.5,5.5,0,0,0.1,0.1,0.1,0.1,0.1,0.1,0.5,0,15333,0.059544773,0.021522207,6489,0.131145015,0.104946833,4678,0.037195383,0,0,0,0,0,5,1.531404212
40540.99,0.468559176,0.5,6137,37,0.1478,33.125,35.125,37.13,0,0,0.25,0,0,20,0.5,5.5,0,0,0.1,0.1,0.1,0.1,0.1,0.1,0.5,0,14742,0.061117894,0.021774522,6579,0.130262958,0.104879161,4682,0.037804357,0,0,0,0,0,5,1.402661367
40601.03,0.417908061,0.5,6137,37,0.1097,33.1875,35.0625,37.25,0,0,0.07,0,0,20,0.5,5.5,0,0,0.1,0.1,0.1,0.1,0.1,0.1,0.5,0,15535,0.059671709,0.021177985,6929,0.128157021,0.102756531,4851,0.037518038,0,0,0,0,0,5,0.989325463
40661.08,0.462497032,0.5,6137,37,0.1031,33.25,35.125,37.25,0,0,0,0,0,20,0.5,5.5,0,0,0.1,0.1,0.1,0.1,0.1,0.1,0.5,0,17194,0.056531348,0.020763057,6835,0.130212143,0.104608632,4829,0.037688963,0,0,0,0,0,5,1.243995237
40721.12,0.472198973,0.5,6137,37,0.1763,33.1875,35.125,36.95,0,0,0,0,0,20,0.5,5.5,0,0,0.1,0.1,0.1,0.1,0.1,0.1,0.5,0,14758,0.06233907,0.022021954,6670,0.134482759,0.107796102,4810,0.037837838,0,0,0,0,0,5,1.244076407
40781.2,0.483466321,0.5,6137,37,0.1097,33.125,35.125,37.19,0,0,0,0,0,20,0.5,5.5,0,0,0.1,0.1,0.1,0.1,0.1,0.1,0.5,0,15069,0.061981552,0.021965625,6680,0.13488024,0.108083832,4873,0.038374718,0,0,0,0,0,5,1.252616199
40841.27,0.471387436,0.5,6137,37,0.1753,33.0625,35.1875,36.93,0,0,0,0,0,20,0.5,5.5,0,0,0.1,0.1,0.1,0.1,0.1,0.1,0.5,0,15179,0.062454707,0.022267607,6713,0.135259943,0.10978698,4923,0.037984969,0,0,0,0,0,5,1.114081437
40901.31,0.491633076,0.5,6137,37,0.1673,33.125,35.1875,36.95,0,0,0,0,0,20,0.5,5.5,0,0,0.1,0.1,0.1,0.1,0.1,0.1,0.5,0,15640,0.061317136,0.021994885,6754,0.136363636,0.109416642,4914,0.038665039,0,0,0,0,0,5,1.184534323
40961.39,0.489779988,0.5,6137,37,0.1873,33.125,35.125,36.87,0,0,0,0,0,20,0.5,5.5,0,0,0.1,0.1,0.1,0.1,0.1,0.1,0.5,0,14970,0.063460254,0.02244489,6811,0.13698429,0.109528704,4968,0.038848631,0,0,0,0,0,5,1.113978494
41021.44,0.502116754,0.5,6137,37,0.1608,33.125,35.125,36.97,0,0,0,0,0,20,0.5,5.5,0,0,0.1,0.1,0.1,0.1,0.1,0.1,0.5,0,16006,0.061789329,0.021741847,6963,0.136291828,0.108861123,4949,0.038391594,0,0,0,0,0,5,1.132908721
41081.6,0.508307334,0.5,6137,37,0.1587,33.1875,35.0625,36.97,0,0,0,0,0,20,0.5,5.5,0,0,0.1,0.1,0.1,0.1,0.1,0.1,0.5,0,15493,0.063318918,0.022203576,6925,0.137761733,0.110180505,4931,0.038734537,0,0,0,0,0,5,1.113024036
41141.64,0.511577781,0.5,6137,37,0.1315,33.0625,35.0625,37.05,0,0,0,0,0,20,0.5,5.5,0,0,0.1,0.1,0.1,0.1,0.1,0.1,0.5,0,16423,0.060707544,0.021494246,7165,0.135240754,0.108862526,5159,0.039154875,0,0,0,0,0,5,1.076612989
41201.69,0.535406593,0.5,6137,37,0.178,33,35,36.87,0,0,0,0,0,20,0.5,5.5,0,0,0.1,0.1,0.1,0.1,0.1,0.1,0.5,0,16471,0.061805598,0.022220873,6889,0.141239657,0.11322398,5208,0.03859447,0,0,0,0,0,5,1.159362762
41261.77,0.526200951,0.5,6137,37,0.1212,32.9375,35.0625,37.09,0,0,0,0,0,20,0.5,5.5,0,0,0.1,0.1,0.1,0.1,0.1,0.1,0.5,0,16408,0.061860068,0.022062409,6995,0.140814868,0.112794853,4918,0.039853599,0,0,0,0,0,5,1.049364814
41321.82,0.533808295,0.5,6137,37,0.1712,33,35.0625,36.89,0,0,0,0,0,20,0.5,5.5,0,0,0.1,0.1,0.1,0.1,0.1,0.1,0.5,0,16067,0.063733118,0.022468414,7125,0.140350877,0.112,5092,0.039277298,0,0,0,0,0,5,1.039957374
41381.87,0.54234377,0.5,6137,37,0.1618,33,35.125,36.93,0,0,0,0,0,20,0.5,5.5,0,0,0.1,0.1,0.1,0.1,0.1,0.1,0.5,0,16243,0.063104106,0.022163393,7192,0.140433815,0.112764182,5050,0.03980198,0,0,0,0,0,5,1.035549366
41441.91,0.555134106,0.5,6137,37,0.1412,33,35.0625,37.01,0,0.02,0.25,0,0,20,0.5,5.5,0,0,0.1,0.1,0.1,0.1,0.1,0.1,0.5,0,16446,0.063176456,0.022193847,7117,0.141773219,0.113952508,5087,0.039512483,0,0,0,0,0,0.44,1.035549366
41501.96,0.491147512,0.5,6137,37,0.505375,32.8125,35.0625,35.85,0,0.018435516,0.143742065,0,0,20,0.5,5.5,0,0,0.1,0.1,0.1,0.1,0.1,0.1,0.5,0,16066,0.061807544,0.021909623,6841,0.136675925,0.109486917,5008,0.038138978,0,0,0,0,0,0.44,1.035549366
41562.02,0.420519892,0.5,6137,37,0.498,32.75,35.125,35.89,0,0,0.07,0,0,20,0.5,5.5,0,0,0.1,0.1,0.1,0.1,0.1,0.1,0.5,0,16021,0.059172336,0.021034892,7280,0.121840659,0.097802198,4950,0.036767677,0,0,0,0,0,5,1.035549366
41622.09,0.418752956,0.5,6137,37,0.287,33.0625,35.125,36.77,0,0,0.07,0,0,20,0.5,5.5,0,0,0.1,0.1,0.1,0.1,0.1,0.1,0.5,0,15193,0.061607319,0.021852169,6659,0.129148521,0.103318817,4988,0.037289495,0,0,0,0,0,5,1.035549366
41682.17,0.475429451,0.5,6137,37,0.2432,33.1875,35.1875,36.95,0,0,0.07,0,0,20,0.5,5.5,0,0,0.1,0.1,0.1,0.1,0.1,0.1,0.5,0,15843,0.059458436,0.021523701,6760,0.127810651,0.103106509,4912,0.036848534,0,0,0,0,0,5,1.035549366
41742.23,0.464603208,0.5,6137,37,0.1274,33.125,35.1875,37.37,0,0,0.25,0,0,20,0.5,5.5,0,0,0.1,0.1,0.1,0.1,0.1,0.1,0.5,0,14765,0.062986793,0.022011514,6625,0.130566038,0.104754717,5001,0.037392521,0,0,0,0,0,5,1.035549366
41802.3,0.462267647,0.5,6137,37,0.1428,33.1875,35.125,37.27,0,0,0.07,0,0,20,0.5,5.5,0,0,0.1,0.1,0.1,0.1,0.1,0.1,0.5,0,16356,0.059366593,0.021032037,6605,0.131718395,0.105526117,4985,0.037512538,0,0,0,0,0,5,1.035549366
41862.34,0.482417797,0.5,6137,37,0.1179,33.375,35.125,37.33,0,0,0.07,0,0,20,0.5,5.5,0,0,0.1,0.1,0.1,0.1,0.1,0.1,0.5,0,15139,0.062553669,0.022260387,6535,0.134047437,0.107880643,4785,0.037826541,0,0,0,0,0,5,1.035549366
41922.37,0.482960414,0.5,6137,37,0.1289,33.3125,35.0625,37.25,0,0,0.07,0,0,20,0.5,5.5,0,0,0.1,0.1,0.1,0.1,0.1,0.1,0.5,0,15936,0.060868474,0.021523594,6783,0.131800088,0.105410585,4832,0.037458609,0,0,0,0,0,5,0.987144361
41982.44,0.494405437,0.5,6137,37,0.1296,33.1875,35,37.21,0,0,0.07,0,0,20,0.5,5.5,0,0,0.1,0.1,0.1,0.1,0.1,0.1,0.5,0,15506,0.062427447,0.021926996,6857,0.133294444,0.107481406,4919,0.038015857,0,0,0,0,0,5,1.008050774
42042.52,0.460373993,0.5,6137,37,0.1263,33.125,35.0625,37.21,0,0,0.25,0,0,20,0.5,5.5,0,0,0.1,0.1,0.1,0.1,0.1,0.1,0.5,0,16547,0.060313048,0.021393606,7092,0.13141568,0.105611957,5417,0.037843825,0,0,0,0,0,5,0.743698091
42102.57,0.515854846,0.5,6137,37,0.1277,33.0625,35.0625,37.19,0,0,0.07,0,0,20,0.5,5.5,0,0,0.1,0.1,0.1,0.1,0.1,0.1,0.5,0,16208,0.061821323,0.021655972,7139,0.131951254,0.10603726,5067,0.037694888,0,0,0,0,0,5,1.047871882
42162.65,0.510005858,0.5,6137,37,0.1408,33.0625,35.0625,37.11,0,0,0,0,0,20,0.5,5.5,0,0,0.1,0.1,0.1,0.1,0.1,0.1,0.5,0,16372,0.061935011,0.021866602,7157,0.13273718,0.106189744,5085,0.037954769,0,0,0,0,0,5,0.961268667
42222.72,0.534863799,0.5,6137,37,0.1852,33.1875,35.125,36.93,0,0,0,0,0,20,0.5,5.5,0,0,0.1,0.1,0.1,0.1,0.1,0.1,0.5,0,17266,0.059770648,0.021371482,6920,0.136705202,0.109682081,5239,0.0383661,0,0,0,0,0,5,1.055974994
42282.8,0.525514177,0.5,6137,37,0.1401,33.125,35.125,37.09,0,0,0,0,0,20,0.5,5.5,0,0,0.1,0.1,0.1,0.1,0.1,0.1,0.5,0,16831,0.06131543,0.021923831,7144,0.134798432,0.108762598,5194,0.038891028,0,0,0,0,0,5,0.950271351
42342.86,0.551429031,0.5,6137,37,0.1939,33.125,35.125,36.87,0,0,0,0,0,20,0.5,5.5,0,0,0.1,0.1,0.1,0.1,0.1,0.1,0.5,0,17285,0.060804165,0.021752965,7136,0.137612108,0.109865471,4942,0.039255362,0,0,0,0,0,5,1.047165717
42402.92,0.54058138,0.5,6137,37,0.243475,33.0625,35.0625,37.05,0,0.02,0.15,0,0,20,0.5,5.5,0,0,0.1,0.1,0.1,0.1,0.1,0.1,0.5,0,16596,0.063087491,0.022354784,7134,0.138912251,0.111017662,5108,0.03954581,0,0,0,0,0,0.44,1.047165717
42462.98,0.469802789,0.5,6137,37,0.457480643,32.9375,35.125,36.05,0,0.014175413,0.126701652,0,0,20,0.5,5.5,0,0,0.1,0.1,0.1,0.1,0.1,0.1,0.5,0,16398,0.060495182,0.021648982,6887,0.131987803,0.105416001,5072,0.037263407,0,0,0,0,0,0.44,1.047165717
42523.03,0.479503169,0.5,6137,37,0.511612264,32.875,35.125,36.01,0,0.019711758,0.148847032,0,0,20,0.5,5.5,0,0,0.1,0.1,0.1,0.1,0.1,0.1,0.5,0,15267,0.061898212,0.021811751,6871,0.125891428,0.100713142,4841,0.0371824,0,0,0,0,0,0.44,1.047165717
42583.07,0.431892472,0.5,6137,37,0.4901,32.875,35.0625,36.05,0,0,0.07,0,0,20,0.5,5.5,0,0,0.1,0.1,0.1,0.1,0.1,0.1,0.5,0,14526,0.06099408,0.021822938,6324,0.124604681,0.099304238,4783,0.036378842,0,0,0,0,0,5,1.047165717
42643.14,0.450928087,0.5,6137,37,0.2861,33,35.0625,36.89,0,0,0.25,0,0,20,0.5,5.5,0,0,0.1,0.1,0.1,0.1,0.1,0.1,0.5,0,14956,0.059842204,0.021462958,6510,0.121044547,0.096927803,4598,0.036537625,0,0,0,0,0,5,1.047165717
42703.19,0.441279684,0.5,6137,37,0.1656,33.125,35.125,37.33,0,0,0.07,0,0,20,0.5,5.5,0,0,0.1,0.1,0.1,0.1,0.1,0.1,0.5,0,15201,0.059469772,0.021314387,6340,0.124132492,0.099526814,4601,0.035861769,0,0,0,0,0,5,1.047165717
42763.25,0.460773871,0.5,6137,37,0.1489,33.125,35.0625,37.35,0,0,0.07,0,0,20,0.5,5.5,0,0,0.1,0.1,0.1,0.1,0.1,0.1,0.5,0,15492,0.05932094,0.021043119,6384,0.125156642,0.100093985,4813,0.036152088,0,0,0,0,0,5,1.047165717
42823.32,0.458877471,0.5,6137,37,0.1395,33.1875,35.125,37.33,0,0,0.07,0,0,20,0.5,5.5,0,0,0.1,0.1,0.1,0.1,0.1,0.1,0.5,0,15936,0.059048695,0.021021586,6718,0.122357845,0.098094671,4756,0.036795627,0,0,0,0,0,5,1.047165717
42883.4,0.450998506,0.5,6137,37,0.116,33.1875,35,37.37,0,0,0.07,0,0,20,0.5,5.5,0,0,0.1,0.1,0.1,0.1,0.1,0.1,0.5,0,14928,0.06176313,0.021637192,6731,0.123012925,0.099242312,5012,0.03651237,0,0,0,0,0,5,1.047165717
42943.47,0.454087744,0.5,6137,37,0.1703,33.125,34.875,37.13,0,0,0.25,0,0,20,0.5,5.5,0,0,0.1,0.1,0.1,0.1,0.1,0.1,0.5,0,15028,0.061684855,0.021759382,6559,0.126238756,0.10093002,4748,0.036647009,0,0,0,0,0,5,1.015286693
43003.53,0.476735213,0.5,6137,37,0.1646,33.25,34.9375,37.13,0,0,0.07,0,0,20,0.5,5.5,0,0,0.1,0.1,0.1,0.1,0.1,0.1,0.5,0,15583,0.061028043,0.021497786,6469,0.129386304,0.10326171,4799,0.036674307,0,0,0,0,0,5,1.110534698
43063.64,0.449985043,0.5,6137,37,0.1427,33.3125,34.9375,37.19,0,0,0.07,0,0,20,0.5,5.5,0,0,0.1,0.1,0.1,0.1,0.1,0.1,0.5,0,16012,0.060142393,0.021171621,6517,0.130121221,0.104495934,4814,0.037183216,0,0,0,0,0,5,0.881767309
43123.67,0.465462843,0.5,6137,37,0.1579,33.3125,35,37.11,0,0,0.07,0,0,20,0.5,5.5,0,0,0.1,0.1,0.1,0.1,0.1,0.1,0.5,0,15648,0.061349693,0.021408487,6699,0.129273026,0.103299,4974,0.037595497,0,0,0,0,0,5,0.939132727
43183.75,0.456769193,0.5,6137,37,0.1457,33.125,35.0625,37.13,0,0,0,0,0,20,0.5,5.5,0,0,0.1,0.1,0.1,0.1,0.1,0.1,0.5,0,16861,0.058893304,0.021113813,6752,0.129443128,0.103672986,4969,0.037230831,0,0,0,0,0,5,0.835613921
43243.8,0.466599552,0.5,6137,37,0.1483,33.25,35.0625,37.11,0,0,0,0,0,20,0.5,5.5,0,0,0.1,0.1,0.1,0.1,0.1,0.1,0.5,0,15733,0.061844531,0.021610627,7055,0.126293409,0.101204819,5088,0.036753145,0,0,0,0,0,5,0.857712777
43303.84,0.472262658,0.5,6137,37,0.0958,33.125,35.0625,37.29,0,0,0,0,0,20,0.5,5.5,0,0,0.1,0.1,0.1,0.1,0.1,0.1,0.5,0,16108,0.061770549,0.02148001,7008,0.128567352,0.103167808,5030,0.037176938,0,0,0,0,0,5,0.851018872
43363.92,0.508979407,0.5,6137,37,0.139,33.1875,35.0625,37.11,0,0,0,0,0,20,0.5,5.5,0,0,0.1,0.1,0.1,0.1,0.1,0.1,0.5,0,17109,0.059676194,0.020866211,7088,0.128950339,0.102849887,5072,0.037460568,0,0,0,0,0,5,1.033084675
43423.99,0.475980008,0.5,6137,37,0.1118,33.0625,35.0625,37.19,0,0,0,0,0,20,0.5,5.5,0,0,0.1,0.1,0.1,0.1,0.1,0.1,0.5,0,16330,0.061726883,0.021861604,7207,0.129179964,0.103232968,5081,0.037787837,0,0,0,0,0,5,0.780335323
43484.07,0.482305144,0.5,6137,37,0.1535,33,35.0625,37.01,0,0,0,0,0,20,0.5,5.5,0,0,0.1,0.1,0.1,0.1,0.1,0.1,0.5,0,15902,0.063010942,0.02200981,7497,0.12805122,0.10230759,5082,0.037780401,0,0,0,0,0,5,0.780921974
43544.14,0.49366352,0.5,6137,37,0.1544,33,35.0625,37.01,0,0,0,0,0,20,0.5,5.5,0,0,0.1,0.1,0.1,0.1,0.1,0.1,0.5,0,16430,0.062507608,0.022032867,7277,0.130685722,0.104713481,5122,0.038071066,0,0,0,0,0,5,0.811707352
43604.2,0.487754887,0.5,6137,37,0.0837,33.0625,35.125,37.27,0,0,0,0,0,20,0.5,5.5,0,0,0.1,0.1,0.1,0.1,0.1,0.1,0.5,0,16367,0.062687114,0.021873282,7328,0.130594978,0.104803493,5017,0.037671915,0,0,0,0,0,5,0.734998528
43664.28,0.542440255,0.5,6137,37,0.1428,33.0625,35.125,37.03,0,0,0,0,0,20,0.5,5.5,0,0,0.1,0.1,0.1,0.1,0.1,0.1,0.5,0,16945,0.062142225,0.021717321,7242,0.135183651,0.108119304,5117,0.038303694,0,0,0,0,0,5,1.017043458
43724.36,0.508593743,0.5,6137,37,0.1775,33.1875,35.125,36.89,0,0,0,0,0,20,0.5,5.5,0,0,0.1,0.1,0.1,0.1,0.1,0.1,0.5,0,16399,0.063845356,0.022318434,7364,0.132400869,0.106328083,5802,0.038090314,0,0,0,0,0,5,0.772906084
43784.44,0.583211368,0.5,6137,37,0.1419,32.875,35.0625,37.03,0,0,0,0,0,20,0.5,5.5,0,0,0.1,0.1,0.1,0.1,0.1,0.1,0.5,0,17310,0.06181398,0.021837088,7155,0.136687631,0.110272537,5195,0.037921078,0,0,0,0,0,5,1.144961149
43844.52,0.578643976,0.5,6137,37,0.257475,32.8125,35.0625,36.95,0,0.02,0.25,0,0,20,0.5,5.5,0,0,0.1,0.1,0.1,0.1,0.1,0.1,0.5,0,18247,0.060283882,0.021208966,7288,0.137623491,0.109906696,5419,0.038568001,0,0,0,0,0,0.44,1.144961149
43904.57,0.538929267,0.5,6137,37,0.468525,32.6875,34.9375,36.07,0,0.02,0.15,0,0,20,0.5,5.5,0,0,0.1,0.1,0.1,0.1,0.1,0.1,0.5,0,16571,0.061613662,0.0217247,6938,0.133179591,0.10665898,5018,0.038461538,0,0,0,0,0,0.44,1.144961149
43964.61,0.489807948,0.5,6137,37,0.580725,32.375,34.9375,35.71,0,0.02,0.15,0,0,20,0.5,5.5,0,0,0.1,0.1,0.1,0.1,0.1,0.1,0.5,0,15050,0.062259136,0.022192691,6641,0.127541033,0.101942479,4813,0.036567629,0,0,0,0,0,0.44,1.144961149
44024.68,0.456281005,0.5,6137,37,0.5974,32.3125,34.9375,35.67,0,0,0.07,0,0,20,0.5,5.5,0,0,0.1,0.1,0.1,0.1,0.1,0.1,0.5,0,15323,0.058669973,0.021014162,6580,0.117781155,0.094680851,4693,0.03665033,0,0,0,0,0,5,1.144961149
44084.75,0.452149243,0.5,6137,37,0.2813,32.625,35,36.95,0,0,0.07,0,0,20,0.5,5.5,0,0,0.1,0.1,0.1,0.1,0.1,0.1,0.5,0,15064,0.059081253,0.021242698,6444,0.119801366,0.096058349,4939,0.035837214,0,0,0,0,0,5,1.144961149
44144.78,0.469278553,0.5,6137,37,0.1493,32.75,35,37.43,0,0,0.25,0,0,20,0.5,5.5,0,0,0.1,0.1,0.1,0.1,0.1,0.1,0.5,0,14763,0.060218113,0.021540337,6413,0.119600811,0.095743022,4953,0.036139713,0,0,0,0,0,5,1.144961149
44204.83,0.462726623,0.5,6137,37,0.1841,32.875,34.9375,37.25,0,0,0.07,0,0,20,0.5,5.5,0,0,0.1,0.1,0.1,0.1,0.1,0.1,0.5,0,15471,0.058496542,0.020813134,6637,0.119029682,0.095826428,4557,0.037085802,0,0,0,0,0,5,1.144961149
44264.87,0.480917965,0.5,6137,37,0.1238,33.0625,35,37.43,0,0,0.07,0,0,20,0.5,5.5,0,0,0.1,0.1,0.1,0.1,0.1,0.1,0.5,0,15476,0.059640734,0.021323339,6597,0.120964075,0.09686221,5038,0.035728464,0,0,0,0,0,5,1.144961149
44324.94,0.462535395,0.5,6137,37,0.1524,33.0625,34.9375,37.27,0,0,0.07,0,0,20,0.5,5.5,0,0,0.1,0.1,0.1,0.1,0.1,0.1,0.5,0,16600,0.057831325,0.020722892,6423,0.123462556,0.098863459,4730,0.035940803,0,0,0,0,0,5,1.144961149
44385.02,0.425062067,0.5,6137,37,0.1472,33.1875,35.0625,37.25,0,0,0.07,0,0,20,0.5,5.5,0,0,0.1,0.1,0.1,0.1,0.1,0.1,0.5,0,15262,0.060673568,0.021294719,6898,0.119744854,0.096404755,5035,0.036146971,0,0,0,0,0,5,0.834249439
44445.09,0.437176692,0.5,6137,37,0.1329,33.125,35.0625,37.27,0,0,0.25,0,0,20,0.5,5.5,0,0,0.1,0.1,0.1,0.1,0.1,0.1,0.5,0,15543,0.060477385,0.021424435,6571,0.125399483,0.099680414,4932,0.036699108,0,0,0,0,0,5,0.876843697
44505.15,0.504291193,0.5,6137,37,0.1704,33.25,35.125,37.09,0,0,0.07,0,0,20,0.5,5.5,0,0,0.1,0.1,0.1,0.1,0.1,0.1,0.5,0,14700,0.062721088,0.022176871,6360,0.128930818,0.103301887,5118,0.036733099,0,0,0,0,0,5,1.261450781
44565.23,0.490373251,0.5,6137,37,0.1659,33.125,35.0625,37.09,0,0,0.07,0,0,20,0.5,5.5,0,0,0.1,0.1,0.1,0.1,0.1,0.1,0.5,0,15530,0.0613651,0.02189311,6756,0.125370041,0.100059207,4637,0.037524261,0,0,0,0,0,5,1.114417161
44625.26,0.509552232,0.5,6137,37,0.11155,33.0625,35.0625,37.25,0,0,0,0,0,20,0.5,5.5,0,0,0.1,0.1,0.1,0.1,0.1,0.1,0.5,0,15942,0.061096475,0.021515494,7027,0.122669703,0.098761918,4998,0.037214886,0,0,0,0,0,5,1.173792877
44685.32,0.539812192,0.5,6137,37,0.14645,32.9375,35.0625,37.19,0,0,0,0,0,20,0.5,5.5,0,0,0.1,0.1,0.1,0.1,0.1,0.1,0.5,0,15749,0.061908693,0.021588672,6890,0.126415094,0.101161103,4962,0.036477227,0,0,0,0,0,5,1.288170001
44745.4,0.490808638,0.5,6137,37,0.08745,33.1875,35.0625,37.19,0,0,0,0,0,20,0.5,5.5,0,0,0.1,0.1,0.1,0.1,0.1,0.1,0.5,0,15597,0.062191447,0.021927294,6899,0.127699667,0.10247862,5086,0.036570979,0,0,0,0,0,5,0.938260583
44805.45,0.495203708,0.5,6137,37,0.10295,33.25,35.0625,37.03,0,0,0,0,0,20,0.5,5.5,0,0,0.1,0.1,0.1,0.1,0.1,0.1,0.5,0,16510,0.060629921,0.02150212,7086,0.126164268,0.101044313,5553,0.036376733,0,0,0,0,0,5,0.918092241
44865.5,0.490485356,0.5,6137,37,0.13585,33.25,35.125,37.03,0,0,0,0,0,20,0.5,5.5,0,0,0.1,0.1,0.1,0.1,0.1,0.1,0.5,0,16615,0.06102919,0.021606982,7057,0.128099759,0.102026357,5192,0.037365177,0,0,0,0,0,5,0.843466271
44925.56,0.473788162,0.5,6137,37,0.15405,33.1875,35.125,37.01,0,0,0,0,0,20,0.5,5.5,0,0,0.1,0.1,0.1,0.1,0.1,0.1,0.5,0,16499,0.061155222,0.021577065,7234,0.127315455,0.102018247,5054,0.036802533,0,0,0,0,0,5,0.697387607
44985.72,0.56169297,0.5,6137,37,0.15165,33,35.125,36.97,0,0,0,0,0,20,0.5,5.5,0,0,0.1,0.1,0.1,0.1,0.1,0.1,0.5,0,16582,0.061994934,0.021951514,7073,0.130072105,0.103774919,5094,0.037298783,0,0,0,0,0,5,1.173103459
45045.77,0.555110264,0.5,6137,37,0.247025,33.0625,35.1875,37.01,0,0.02,0.25,0,0,20,0.5,5.5,0,0,0.1,0.1,0.1,0.1,0.1,0.1,0.5,0,17761,0.059681324,0.021282585,8023,0.119406706,0.096223358,5181,0.037637522,0,0,0,0,0,0.44,1.173103459
45105.81,0.479594102,0.5,6137,37,0.464748537,32.9375,35.125,36.05,0,0.016929097,0.137716389,0,0,20,0.5,5.5,0,0,0.1,0.1,0.1,0.1,0.1,0.1,0.5,0,16914,0.059181743,0.020929408,7040,0.122443182,0.098153409,5302,0.036024142,0,0,0,0,0,0.44,1.173103459
45165.86,0.398917443,0.5,6137,37,0.5573,32.875,35.125,35.69,0,0,0.07,0,0,20,0.5,5.5,0,0,0.1,0.1,0.1,0.1,0.1,0.1,0.5,0,15062,0.060748905,0.021378303,6683,0.119108185,0.095316475,4629,0.036941024,0,0,0,0,0,5,1.173103459
45225.92,0.404184749,0.5,6137,37,0.2271,33.125,35.125,37.03,0,0,0.07,0,0,20,0.5,5.5,0,0,0.1,0.1,0.1,0.1,0.1,0.1,0.5,0,14887,0.061261503,0.021495264,6704,0.119182578,0.095316229,5061,0.035368504,0,0,0,0,0,5,1.173103459
45285.99,0.446294936,0.5,6137,37,0.1416,33.125,35,37.33,0,0,0.07,0,0,20,0.5,5.5,0,0,0.1,0.1,0.1,0.1,0.1,0.1,0.5,0,15604,0.059856447,0.021404768,6574,0.121083054,0.09735321,4955,0.03592331,0,0,0,0,0,5,1.173103459
45346.03,0.460250775,0.5,6137,37,0.1458,33.1875,35,37.27,0,0,0.25,0,0,20,0.5,5.5,0,0,0.1,0.1,0.1,0.1,0.1,0.1,0.5,0,15684,0.060571283,0.021295588,6555,0.123264683,0.098550725,4824,0.036069652,0,0,0,0,0,5,1.173103459
45406.09,0.42951691,0.5,6137,37,0.1539,33.1875,35,37.21,0,0,0.07,0,0,20,0.5,5.5,0,0,0.1,0.1,0.1,0.1,0.1,0.1,0.5,0,16423,0.059063508,0.021007124,7212,0.11619523,0.093316694,5339,0.036336393,0,0,0,0,0,5,1.173103459
45466.16,0.44135564,0.5,6137,37,0.1364,33.25,35,37.25,0,0,0.07,0,0,20,0.5,5.5,0,0,0.1,0.1,0.1,0.1,0.1,0.1,0.5,0,16292,0.060029462,0.021360177,6761,0.122319184,0.098062417,4939,0.036647095,0,0,0,0,0,5,1.173103459
45526.22,0.438720596,0.5,6137,37,0.1454,33.3125,35,37.19,0,0,0.07,0,0,20,0.5,5.5,0,0,0.1,0.1,0.1,0.1,0.1,0.1,0.5,0,16137,0.060296214,0.02119353,6557,0.127192314,0.101418332,4785,0.037408568,0,0,0,0,0,5,1.096483583
45586.27,0.465008391,0.5,6137,37,0.1635,33.25,35,37.09,0,0,0.07,0,0,20,0.5,5.5,0,0,0.1,0.1,0.1,0.1,0.1,0.1,0.5,0,16552,0.059509425,0.021205897,6962,0.122665901,0.098391267,5045,0.03567889,0,0,0,0,0,5,1.216237487
45646.31,0.528637704,0.5,6137,37,0.1796,33.125,35.0625,37.01,0,0,0.25,0,0,20,0.5,5.5,0,0,0.1,0.1,0.1,0.1,0.1,0.1,0.5,0,16160,0.060767327,0.02134901,7097,0.121459772,0.097928702,5335,0.035801312,0,0,0,0,0,5,1.540169247
45706.36,0.511959252,0.5,6137,37,0.1692,33.125,35,37.03,0,0,0.07,0,0,20,0.5,5.5,0,0,0.1,0.1,0.1,0.1,0.1,0.1,0.5,0,15700,0.062420382,0.021910828,7076,0.123374788,0.098784624,5012,0.036711891,0,0,0,0,0,5,1.366985909
45766.4,0.519743144,0.5,6137,37,0.15285,32.9375,35.0625,37.09,0,0,0,0,0,20,0.5,5.5,0,0,0.1,0.1,0.1,0.1,0.1,0.1,0.5,0,18497,0.057360653,0.020543872,7585,0.118259723,0.095187871,4969,0.036828336,0,0,0,0,0,5,1.343905712
45826.46,0.523323481,0.5,6137,37,0.12335,33.1875,35.125,37.05,0,0,0,0,0,20,0.5,5.5,0,0,0.1,0.1,0.1,0.1,0.1,0.1,0.5,0,16850,0.060534125,0.021364985,6853,0.128556836,0.103166496,4981,0.037341899,0,0,0,0,0,5,1.297305571
45886.53,0.481011337,0.5,6137,37,0.15445,33.1875,35.0625,37.03,0,0,0,0,0,20,0.5,5.5,0,0,0.1,0.1,0.1,0.1,0.1,0.1,0.5,0,18007,0.058699395,0.020769701,7488,0.122462607,0.097622863,5542,0.036629376,0,0,0,0,0,5,0.979513461
45946.61,0.505916789,0.5,6137,37,0.13495,33.1875,35.125,37.03,0,0,0,0,0,20,0.5,5.5,0,0,0.1,0.1,0.1,0.1,0.1,0.1,0.5,0,17200,0.060465116,0.021453488,7247,0.12639713,0.10128329,5121,0.036906854,0,0,0,0,0,5,1.081981889
46006.66,0.587729658,0.5,6137,37,0.08835,33,35.125,37.05,0,0,0,0,0,20,0.5,5.5,0,0,0.1,0.1,0.1,0.1,0.1,0.1,0.5,0,16902,0.061767838,0.021772571,6987,0.131100615,0.104622871,5313,0.036702428,0,0,0,0,0,5,1.477567404
46066.7,0.531618239,0.5,6137,37,0.15125,33.0625,35.125,36.93,0,0,0,0,0,20,0.5,5.5,0,0,0.1,0.1,0.1,0.1,0.1,0.1,0.5,0,18517,0.058972836,0.020791705,7617,0.123933307,0.098989103,5691,0.037076085,0,0,0,0,0,5,1.10266471
46126.78,0.519953417,0.5,6137,37,0.14685,33.125,35.125,36.89,0,0,0,0,0,20,0.5,5.5,0,0,0.1,0.1,0.1,0.1,0.1,0.1,0.5,0,16609,0.063399362,0.022337287,7642,0.12483643,0.100104685,5268,0.037205771,0,0,0,0,0,5,0.980972241
46186.85,0.53803167,0.5,6137,37,0.14505,33,35.0625,36.89,0,0,0,0,0,20,0.5,5.5,0,0,0.1,0.1,0.1,0.1,0.1,0.1,0.5,0,17581,0.061543712,0.021500483,7402,0.130099973,0.104161038,5264,0.037993921,0,0,0,0,0,5,1.034458231
46246.9,0.537482023,0.5,6137,37,0.09525,33.125,35.0625,36.93,0,0,0,0,0,20,0.5,5.5,0,0,0.1,0.1,0.1,0.1,0.1,0.1,0.5,0,17192,0.062354584,0.021754304,7594,0.127864103,0.102712668,5532,0.037599422,0,0,0,0,0,5,0.979668986
46306.93,0.547333179,0.5,6137,37,0.21795,33.0625,35.0625,36.77,0,0,0,0,0,20,0.5,5.5,0,0,0.1,0.1,0.1,0.1,0.1,0.1,0.5,0,17948,0.06217963,0.021840874,7524,0.129984051,0.104332802,5467,0.037680629,0,0,0,0,0,5,0.985172755
46367.01,0.545908993,0.5,6137,37,0.265075,33.125,35.0625,36.93,0,0.02,0.15,0,0,20,0.5,5.5,0,0,0.1,0.1,0.1,0.1,0.1,0.1,0.5,0,17121,0.063839729,0.022253373,7665,0.130332681,0.104240052,5447,0.038553332,0,0,0,0,0,0.44,0.985172755
46427.04,0.50301326,0.5,6137,37,0.496575,32.8125,35.0625,35.93,0,0.02,0.15,0,0,20,0.5,5.5,0,0,0.1,0.1,0.1,0.1,0.1,0.1,0.5,0,17424,0.060376492,0.02129247,7038,0.128587667,0.102159704,5091,0.036927912,0,0,0,0,0,0.44,0.985172755
46487.11,0.463073689,0.5,6137,37,0.704775,32.625,35.0625,35.15,0,0.02,0.15,0,0,20,0.5,5.5,0,0,0.1,0.1,0.1,0.1,0.1,0.1,0.5,0,16286,0.060174383,0.021061034,6813,0.121385586,0.097460737,5034,0.035756853,0,0,0,0,0,0.44,0.985172755
46547.15,0.415111405,0.5,6137,37,0.6137,32.625,35.0625,35.69,0,0,0.25,0,0,20,0.5,5.5,0,0,0.1,0.1,0.1,0.1,0.1,0.1,0.5,0,15579,0.058604532,0.020925605,6434,0.116257383,0.093254585,4762,0.035909282,0,0,0,0,0,5,0.985172755
46607.2,0.414578746,0.5,6137,37,0.2578,32.875,35.125,37.11,0,0,0.07,0,0,20,0.5,5.5,0,0,0.1,0.1,0.1,0.1,0.1,0.1,0.5,0,14787,0.059917495,0.021302495,6286,0.11676742,0.093700286,4756,0.035744323,0,0,0,0,0,5,0.985172755
46667.24,0.431195624,0.5,6137,37,0.1195,33.125,35.125,37.59,0,0,0.07,0,0,20,0.5,5.5,0,0,0.1,0.1,0.1,0.1,0.1,0.1,0.5,0,14783,0.060407225,0.021308259,6409,0.116086753,0.092994227,4717,0.035191859,0,0,0,0,0,5,0.985172755
46727.29,0.431248793,0.5,6137,37,0.1492,33.25,35.125,37.41,0,0,0.07,0,0,20,0.5,5.5,0,0,0.1,0.1,0.1,0.1,0.1,0.1,0.5,0,15734,0.058599212,0.020783018,6663,0.114512982,0.092300765,4684,0.035866781,0,0,0,0,0,5,0.985172755
46787.33,0.458862052,0.5,6137,37,0.1348,33.3125,35.1875,37.41,0,0,0.07,0,0,20,0.5,5.5,0,0,0.1,0.1,0.1,0.1,0.1,0.1,0.5,0,16220,0.058076449,0.020776819,6602,0.116782793,0.094516813,4755,0.03617245,0,0,0,0,0,5,0.985172755
46847.38,0.454235257,0.5,6137,37,0.1516,33.375,35.1875,37.29,0,0,0.25,0,0,20,0.5,5.5,0,0,0.1,0.1,0.1,0.1,0.1,0.1,0.5,0,15309,0.060683258,0.021490626,6548,0.118204032,0.094227245,5316,0.035364936,0,0,0,0,0,5,0.985172755
46907.43,0.471130505,0.5,6137,37,0.0902,33.375,35.1875,37.49,0,0,0.07,0,0,20,0.5,5.5,0,0,0.1,0.1,0.1,0.1,0.1,0.1,0.5,0,16496,0.058195926,0.020611057,6393,0.121695605,0.0979196,4928,0.035511364,0,0,0,0,0,5,1.045473777
46967.46,0.428577568,0.5,6137,37,0.1159,33.375,35.125,37.35,0,0,0.07,0,0,20,0.5,5.5,0,0,0.1,0.1,0.1,0.1,0.1,0.1,0.5,0,15643,0.060026849,0.021287477,6918,0.117085863,0.09366869,4909,0.036259931,0,0,0,0,0,5,0.709209912
47027.53,0.441524475,0.5,6137,37,0.1413,33.4375,35.125,37.21,0,0,0.07,0,0,20,0.5,5.5,0,0,0.1,0.1,0.1,0.1,0.1,0.1,0.5,0,16429,0.05898107,0.021121188,7024,0.116030752,0.093536446,4862,0.035787742,0,0,0,0,0,5,0.763034547
47087.6,0.452479769,0.5,6137,37,0.1361,33.25,35.125,37.19,0,0,0.07,0,0,20,0.5,5.5,0,0,0.1,0.1,0.1,0.1,0.1,0.1,0.5,0,16038,0.060793116,0.021449058,6653,0.123252668,0.098301518,4893,0.036787247,0,0,0,0,0,5,0.798411611
47147.65,0.456178798,0.5,6137,37,0.18095,33.1875,35.125,37.05,0,0,0,0,0,20,0.5,5.5,0,0,0.1,0.1,0.1,0.1,0.1,0.1,0.5,0,17148,0.058665734,0.02087707,6897,0.121502102,0.097578657,4787,0.036766242,0,0,0,0,0,5,0.782916377
47207.73,0.505466179,0.5,6137,37,0.15175,33.3125,35.125,37.11,0,0,0,0,0,20,0.5,5.5,0,0,0.1,0.1,0.1,0.1,0.1,0.1,0.5,0,17168,0.058713886,0.021027493,7199,0.11765523,0.094596472,5515,0.034995467,0,0,0,0,0,5,1.051559444
47267.81,0.474439664,0.5,6137,37,0.11955,33.3125,35.125,37.13,0,0,0,0,0,20,0.5,5.5,0,0,0.1,0.1,0.1,0.1,0.1,0.1,0.5,0,16664,0.060369659,0.021303409,7004,0.122358652,0.098229583,5074,0.037051636,0,0,0,0,0,5,0.808941444
47327.87,0.479379763,0.5,6137,37,0.16215,33.125,35.125,37.03,0,0,0,0,0,20,0.5,5.5,0,0,0.1,0.1,0.1,0.1,0.1,0.1,0.5,0,16040,0.062468828,0.021945137,7328,0.119405022,0.096069869,5158,0.036060489,0,0,0,0,0,5,0.799570335
47387.95,0.541788336,0.5,6137,37,0.16385,33.0625,35.125,36.93,0,0,0,0,0,20,0.5,5.5,0,0,0.1,0.1,0.1,0.1,0.1,0.1,0.5,0,16113,0.063054676,0.022218085,8526,0.109547267,0.087731644,5501,0.036720596,0,0,0,0,0,5,1.1267387
47448.03,0.497475929,0.5,6137,37,0.15435,33.25,35.1875,36.97,0,0,0,0,0,20,0.5,5.5,0,0,0.1,0.1,0.1,0.1,0.1,0.1,0.5,0,17921,0.05859048,0.020646169,7277,0.123402501,0.098667033,5104,0.036637931,0,0,0,0,0,5,0.814417073
47508.06,0.521250687,0.5,6137,37,0.15665,33.3125,35.1875,37.11,0,0,0,0,0,20,0.5,5.5,0,0,0.1,0.1,0.1,0.1,0.1,0.1,0.5,0,17426,0.060943418,0.021232641,7140,0.125910364,0.100980392,4965,0.036858006,0,0,0,0,0,5,0.91374798
47568.13,0.57541095,0.5,6137,37,0.11215,33.0625,35.1875,36.81,0,0,0,0,0,20,0.5,5.5,0,0,0.1,0.1,0.1,0.1,0.1,0.1,0.5,0,16358,0.063332926,0.02200758,7135,0.126559215,0.101331465,5417,0.036920805,0,0,0,0,0,5,1.164620752
47628.19,0.571747089,0.5,6137,37,0.370025,33,35.1875,36.41,0,0.02,0.15,0,0,20,0.5,5.5,0,0,0.1,0.1,0.1,0.1,0.1,0.1,0.5,0,16584,0.063072841,0.022069465,7323,0.125631572,0.101324594,5124,0.036690086,0,0,0,0,0,0.44,1.164620752
47688.24,0.509847074,0.5,6137,37,0.566025,32.875,35.1875,35.61,0,0.02,0.15,0,0,20,0.5,5.5,0,0,0.1,0.1,0.1,0.1,0.1,0.1,0.5,0,15947,0.062206058,0.021947702,6722,0.124814043,0.099375186,5126,0.035700351,0,0,0,0,0,0.44,1.164620752
47748.28,0.45485306,0.5,6137,37,0.605556476,32.8125,35.1875,35.59,0,0.015956747,0.25,0,0,20,0.5,5.5,0,0,0.1,0.1,0.1,0.1,0.1,0.1,0.5,0,15246,0.061327561,0.021710613,6435,0.118881119,0.094949495,4686,0.035638071,0,0,0,0,0,0.44,1.164620752
47808.33,0.403991023,0.5,6137,37,0.3705,33,35.125,36.55,0,0,0.07,0,0,20,0.5,5.5,0,0,0.1,0.1,0.1,0.1,0.1,0.1,0.5,0,15230,0.059290873,0.021142482,6449,0.114281284,0.090711738,4440,0.035585586,0,0,0,0,0,5,1.164620752
47868.4,0.469564008,0.5,6137,37,0.2028,33.0625,35.125,37.21,0,0,0.07,0,0,20,0.5,5.5,0,0,0.1,0.1,0.1,0.1,0.1,0.1,0.5,0,14919,0.060459816,0.02138213,6507,0.11326264,0.090978946,4668,0.035561268,0,0,0,0,0,5,1.164620752
47928.47,0.460055281,0.5,6137,37,0.1181,33.1875,35.0625,37.49,0,0,0.07,0,0,20,0.5,5.5,0,0,0.1,0.1,0.1,0.1,0.1,0.1,0.5,0,15534,0.058774302,0.021050599,6559,0.112822077,0.091019973,4610,0.036008677,0,0,0,0,0,5,1.164620752
47988.54,0.41410225,0.5,6137,37,0.10015,33.3125,35,37.29,0,0,0.07,0,0,20,0.5,5.5,0,0,0.1,0.1,0.1,0.1,0.1,0.1,0.5,0,15544,0.059508492,0.020779722,6501,0.115059222,0.092601138,4833,0.03517484,0,0,0,0,0,5,1.164620752
48048.59,0.429823296,0.5,6137,37,0.1529,33.3125,35,37.25,0,0,0.25,0,0,20,0.5,5.5,0,0,0.1,0.1,0.1,0.1,0.1,0.1,0.5,0,15066,0.06079915,0.021439002,6584,0.115431349,0.092648846,4814,0.035313668,0,0,0,0,0,5,1.164620752
48108.66,0.423511634,0.5,6137,37,0.10145,33.375,35.0625,37.13,0,0,0.07,0,0,20,0.5,5.5,0,0,0.1,0.1,0.1,0.1,0.1,0.1,0.5,0,15285,0.061040236,0.02152437,6733,0.114807664,0.092380811,4864,0.035567434,0,0,0,0,0,5,1.164620752
48168.73,0.429705966,0.5,6137,37,0.13095,33.375,35.0625,37.27,0,0,0.07,0,0,20,0.5,5.5,0,0,0.1,0.1,0.1,0.1,0.1,0.1,0.5,0,15681,0.060200242,0.021363433,6546,0.118545677,0.095172625,4817,0.03591447,0,0,0,0,0,5,1.149950283
48228.8,0.52158173,0.5,6137,37,0.10665,33.1875,35.125,37.03,0,0,0.07,0,0,20,0.5,5.5,0,0,0.1,0.1,0.1,0.1,0.1,0.1,0.5,0,15247,0.061651472,0.021578015,6775,0.117490775,0.093726937,4862,0.035787742,0,0,0,0,0,5,1.673747193
48288.87,0.51422492,0.5,6137,37,0.16215,33.125,35.125,37.01,0,0,0.07,0,0,20,0.5,5.5,0,0,0.1,0.1,0.1,0.1,0.1,0.1,0.5,0,16136,0.059742191,0.02131879,6962,0.116489515,0.093076702,4939,0.035432274,0,0,0,0,0,5,1.547444159
48348.95,0.503089591,0.5,6137,37,0.194,33.125,35.125,36.95,0,0,0.25,0,0,20,0.5,5.5,0,0,0.1,0.1,0.1,0.1,0.1,0.1,0.5,0,17007,0.058211325,0.02069736,6573,0.122014301,0.097520158,4814,0.036352306,0,0,0,0,0,5,1.404394478
48409.01,0.491620073,0.5,6137,37,0.13115,33.1875,35.1875,37.17,0,0,0,0,0,20,0.5,5.5,0,0,0.1,0.1,0.1,0.1,0.1,0.1,0.5,0,16069,0.06086253,0.021469911,6617,0.122563095,0.098534079,4949,0.035764801,0,0,0,0,0,5,1.264988581
48469.05,0.47225024,0.5,6137,37,0.10925,33.25,35.1875,37.13,0,0,0,0,0,20,0.5,5.5,0,0,0.1,0.1,0.1,0.1,0.1,0.1,0.5,0,15827,0.061729955,0.021671827,7010,0.119400856,0.095720399,5005,0.036163836,0,0,0,0,0,5,1.081147566
48529.1,0.478530436,0.5,6137,37,0.09235,33.25,35.1875,37.33,0,0,0,0,0,20,0.5,5.5,0,0,0.1,0.1,0.1,0.1,0.1,0.1,0.5,0,18289,0.056536716,0.02044945,6974,0.120734155,0.09693146,4947,0.036183546,0,0,0,0,0,5,1.066722592
48589.17,0.549442894,0.5,6137,37,0.19855,33.125,35.1875,36.87,0,0,0,0,0,20,0.5,5.5,0,0,0.1,0.1,0.1,0.1,0.1,0.1,0.5,0,16084,0.061924894,0.021636409,6869,0.12388994,0.098849905,4947,0.036789974,0,0,0,0,0,5,1.42794155
48649.24,0.502563888,0.5,6137,37,0.11935,33.25,35.1875,37.11,0,0,0,0,0,20,0.5,5.5,0,0,0.1,0.1,0.1,0.1,0.1,0.1,0.5,0,16692,0.061047208,0.021387491,7080,0.121468927,0.097740113,5359,0.03582758,0,0,0,0,0,5,1.088998255
48709.29,0.553754998,0.5,6137,37,0.13225,33,35.125,37.13,0,0,0,0,0,20,0.5,5.5,0,0,0.1,0.1,0.1,0.1,0.1,0.1,0.5,0,15334,0.064627625,0.022499022,6954,0.124676445,0.099798677,5126,0.037261022,0,0,0,0,0,5,1.325547069
48769.36,0.560846039,0.5,6137,37,0.37415,33,35.125,36.39,0,0.02,0.15,0,0,20,0.5,5.5,0,0,0.1,0.1,0.1,0.1,0.1,0.1,0.5,0,16180,0.063226205,0.021940667,7081,0.12512357,0.099844655,5230,0.036520076,0,0,0,0,0,0.44,1.325547069
48829.42,0.513830427,0.5,6137,37,0.535175,32.6875,35.0625,35.77,0,0.02,0.15,0,0,20,0.5,5.5,0,0,0.1,0.1,0.1,0.1,0.1,0.1,0.5,0,17051,0.058764882,0.020878541,6716,0.121500893,0.097081596,5107,0.035245741,0,0,0,0,0,0.44,1.325547069
48889.48,0.443563153,0.5,6137,37,0.600925,32.75,35.0625,35.85,0,0.001243951,0.074975804,0,0,20,0.5,5.5,0,0,0.1,0.1,0.1,0.1,0.1,0.1,0.5,0,15043,0.060626205,0.021272353,6390,0.116431925,0.093583725,4920,0.03495935,0,0,0,0,0,0.44,1.325547069
48949.54,0.394068934,0.5,6137,37,0.3317,33.0625,35.0625,36.65,0,0,0.25,0,0,20,0.5,5.5,0,0,0.1,0.1,0.1,0.1,0.1,0.1,0.5,0,15518,0.058383812,0.020878979,6681,0.11091154,0.08860949,4903,0.034672649,0,0,0,0,0,5,1.325547069
49009.58,0.417104937,0.5,6137,37,0.19385,33.3125,35.0625,37.21,0,0,0.07,0,0,20,0.5,5.5,0,0,0.1,0.1,0.1,0.1,0.1,0.1,0.5,0,15772,0.058077606,0.020859751,6804,0.110082305,0.088918283,4848,0.035272277,0,0,0,0,0,5,1.325547069
49069.65,0.454068402,0.5,6137,37,0.16335,33.3125,35.125,37.27,0,0,0.07,0,0,20,0.5,5.5,0,0,0.1,0.1,0.1,0.1,0.1,0.1,0.5,0,15408,0.059709242,0.021092939,6885,0.110094408,0.088307916,4971,0.035405351,0,0,0,0,0,5,1.325547069
49129.71,0.429274131,0.5,6137,37,0.13375,33.375,35.0625,37.55,0,0,0.07,0,0,20,0.5,5.5,0,0,0.1,0.1,0.1,0.1,0.1,0.1,0.5,0,15490,0.059522272,0.021368625,6526,0.115231382,0.092706099,4625,0.036108108,0,0,0,0,0,5,1.325547069
49189.76,0.440154382,0.5,6137,37,0.11765,33.375,35.125,37.13,0,0,0.07,0,0,20,0.5,5.5,0,0,0.1,0.1,0.1,0.1,0.1,0.1,0.5,0,15557,0.059523044,0.020955197,6543,0.115543329,0.09307657,5052,0.034639747,0,0,0,0,0,5,1.325547069
49249.88,0.445005266,0.5,6137,37,0.1785,33.4375,35.125,37.09,0,0,0.25,0,0,20,0.5,5.5,0,0,0.1,0.1,0.1,0.1,0.1,0.1,0.5,0,15738,0.059600966,0.021158978,6525,0.117241379,0.09394636,4865,0.035971223,0,0,0,0,0,5,1.325547069
49309.93,0.447204384,0.5,6137,37,0.10295,33.375,35.125,37.37,0,0,0.07,0,0,20,0.5,5.5,0,0,0.1,0.1,0.1,0.1,0.1,0.1,0.5,0,15612,0.060850628,0.021265693,6823,0.115198593,0.092627876,4705,0.035281615,0,0,0,0,0,5,1.274058546
49369.98,0.454761445,0.5,6137,37,0.10365,33.25,35.125,37.13,0,0,0.07,0,0,20,0.5,5.5,0,0,0.1,0.1,0.1,0.1,0.1,0.1,0.5,0,15346,0.061188583,0.021699466,6720,0.118303571,0.094642857,4822,0.036084612,0,0,0,0,0,5,1.260627394
49430.02,0.467281486,0.5,6137,37,0.13915,33.375,35.1875,37.17,0,0,0.07,0,0,20,0.5,5.5,0,0,0.1,0.1,0.1,0.1,0.1,0.1,0.5,0,16035,0.060492672,0.021203617,6877,0.11792933,0.094081722,4824,0.035655058,0,0,0,0,0,5,1.279072563
49490.11,0.471146241,0.5,6137,37,0.12165,33.25,35.1875,37.01,0,0,0.07,0,0,20,0.5,5.5,0,0,0.1,0.1,0.1,0.1,0.1,0.1,0.5,0,15373,0.062252,0.021726403,6643,0.120879121,0.096944152,4898,0.035933034,0,0,0,0,0,5,1.239829055
49550.18,0.466625199,0.5,6137,37,0.13805,33.3125,35.1875,37.13,0,0,0,0,0,20,0.5,5.5,0,0,0.1,0.1,0.1,0.1,0.1,0.1,0.5,0,15492,0.062548412,0.021688613,6865,0.120611799,0.097013838,5040,0.035714286,0,0,0,0,0,5,1.148911081
49610.23,0.508573706,0.5,6137,37,0.13475,33.1875,35.1875,37.03,0,0,0,0,0,20,0.5,5.5,0,0,0.1,0.1,0.1,0.1,0.1,0.1,0.5,0,17832,0.057424854,0.020356662,6708,0.123285629,0.098986285,4909,0.035852516,0,0,0,0,0,5,1.349716898
49670.3,0.479974293,0.5,6137,37,0.11815,33.1875,35.125,37.17,0,0,0,0,0,20,0.5,5.5,0,0,0.1,0.1,0.1,0.1,0.1,0.1,0.5,0,16474,0.060823115,0.021306301,7024,0.12058656,0.096668565,5078,0.036825522,0,0,0,0,0,5,1.108598227
49730.38,0.497588918,0.5,6137,37,0.13315,33.1875,35.125,36.95,0,0,0,0,0,20,0.5,5.5,0,0,0.1,0.1,0.1,0.1,0.1,0.1,0.5,0,16414,0.061776532,0.021506031,7015,0.121454027,0.097505346,5148,0.036324786,0,0,0,0,0,5,1.161293492
49790.46,0.59640012,0.5,6137,37,0.14815,32.875,35.125,37.01,0,0,0,0,0,20,0.5,5.5,0,0,0.1,0.1,0.1,0.1,0.1,0.1,0.5,0,16406,0.06150189,0.021516518,7076,0.122244206,0.097371396,5139,0.036777583,0,0,0,0,0,5,1.646641356
49850.53,0.578702959,0.5,6137,37,0.35775,32.875,35.125,36.49,0,0.02,0.25,0,0,20,0.5,5.5,0,0,0.1,0.1,0.1,0.1,0.1,0.1,0.5,0,16610,0.061709813,0.0217941,7035,0.123809524,0.099360341,5190,0.036801541,0,0,0,0,0,0.44,1.646641356
49910.58,0.555684544,0.5,6137,37,0.4479,32.75,35,36.21,0,0.02,0.15,0,0,20,0.5,5.5,0,0,0.1,0.1,0.1,0.1,0.1,0.1,0.5,0,15617,0.061471473,0.021771147,6576,0.121350365,0.097171533,4810,0.035550936,0,0,0,0,0,0.44,1.646641356
49970.64,0.514522617,0.5,6137,37,0.602175,32.5,35.0625,35.63,0,0.02,0.15,0,0,20,0.5,5.5,0,0,0.1,0.1,0.1,0.1,0.1,0.1,0.5,0,14527,0.06154058,0.021752599,6486,0.113937712,0.091273512,4618,0.035080121,0,0,0,0,0,0.44,1.646641356
50030.7,0.479778295,0.5,6137,37,1,32.5625,35.125,34.93,0,0.02,0.15,0,0,20,0.5,5.5,0,0,0.1,0.1,0.1,0.1,0.1,0.1,0.5,0,14525,0.059552496,0.021067126,6235,0.109542903,0.087570168,4546,0.033435988,0,0,0,0,0,0.44,1.646641356
50090.75,0.454569856,0.5,6137,37,0.55845,32.6875,35.125,36.15,0,0,0.07,0,0,20,0.5,5.5,0,0,0.1,0.1,0.1,0.1,0.1,0.1,0.5,0,14135,0.05737531,0.020587195,5754,0.106187,0.085158151,4360,0.034174312,0,0,0,0,0,5,1.646641356
50150.81,0.459841616,0.5,6137,37,0.23195,33.0625,35.125,37.13,0,0,0.25,0,0,20,0.5,5.5,0,0,0.1,0.1,0.1,0.1,0.1,0.1,0.5,0,14673,0.056089416,0.020241259,6014,0.103259062,0.082973063,4409,0.033567702,0,0,0,0,0,5,1.646641356
50210.86,0.452456096,0.5,6137,37,0.1081,33.1875,35.0625,37.59,0,0,0.07,0,0,20,0.5,5.5,0,0,0.1,0.1,0.1,0.1,0.1,0.1,0.5,0,14307,0.057943664,0.02040959,6437,0.100823365,0.081249029,4860,0.033744856,0,0,0,0,0,5,1.646641356
50270.9,0.464203899,0.5,6137,37,0.1063,33.25,35.1875,37.51,0,0,0.07,0,0,20,0.5,5.5,0,0,0.1,0.1,0.1,0.1,0.1,0.1,0.5,0,13550,0.059114391,0.02095941,5750,0.108521739,0.086086957,4558,0.034006143,0,0,0,0,0,5,1.646641356
50330.96,0.472847417,0.5,6137,37,0.1319,33.25,35.125,37.21,0,0,0.07,0,0,20,0.5,5.5,0,0,0.1,0.1,0.1,0.1,0.1,0.1,0.5,0,14300,0.058181818,0.020909091,5846,0.109134451,0.086725966,4468,0.033795882,0,0,0,0,0,5,1.646641356
50391.04,0.490908882,0.5,6137,37,0.0548,33.25,35.125,37.55,0,0,0.07,0,0,20,0.5,5.5,0,0,0.1,0.1,0.1,0.1,0.1,0.1,0.5,0,14201,0.058446588,0.02119569,5944,0.10935397,0.087314939,4407,0.033356025,0,0,0,0,0,5,1.646641356
50451.11,0.489816045,0.5,6137,37,0.15685,33.125,35.1875,37.17,0,0,0.25,0,0,20,0.5,5.5,0,0,0.1,0.1,0.1,0.1,0.1,0.1,0.5,0,14409,0.0584357,0.020889722,5887,0.110242908,0.088330219,4678,0.034416417,0,0,0,0,0,5,1.557623388
50511.16,0.490650166,0.5,6137,37,0.1013,33.125,35.1875,37.29,0,0,0.07,0,0,20,0.5,5.5,0,0,0.1,0.1,0.1,0.1,0.1,0.1,0.5,0,15948,0.055555556,0.020127916,5931,0.111279717,0.089192379,4626,0.034587116,0,0,0,0,0,5,1.484846659
50571.2,0.493760421,0.5,6137,37,0.1182,33.125,35.1875,37.27,0,0,0.07,0,0,20,0.5,5.5,0,0,0.1,0.1,0.1,0.1,0.1,0.1,0.5,0,14177,0.059250899,0.021090499,6180,0.108576052,0.087540453,4503,0.0335332,0,0,0,0,0,5,1.429561446
50631.27,0.51678537,0.5,6137,37,0.1525,33.0625,35.1875,37.01,0,0,0.07,0,0,20,0.5,5.5,0,0,0.1,0.1,0.1,0.1,0.1,0.1,0.5,0,14842,0.058482684,0.020819297,5943,0.113747266,0.091367996,4583,0.034038839,0,0,0,0,0,5,1.49481504
50691.33,0.497018723,0.5,6137,37,0.1133,33.0625,35.1875,37.13,0,0,0,0,0,20,0.5,5.5,0,0,0.1,0.1,0.1,0.1,0.1,0.1,0.5,0,14439,0.059976453,0.021331117,6437,0.108901662,0.087307752,4388,0.035779398,0,0,0,0,0,5,1.303074448
50751.4,0.505662412,0.5,6137,37,0.1067,33,35.1875,37.21,0,0,0,0,0,20,0.5,5.5,0,0,0.1,0.1,0.1,0.1,0.1,0.1,0.5,0,14124,0.060818465,0.021523648,6196,0.11249193,0.09070368,4735,0.035269271,0,0,0,0,0,5,1.289645462
50811.47,0.504483469,0.5,6137,37,0.1322,33.0625,35.1875,37.01,0,0,0,0,0,20,0.5,5.5,0,0,0.1,0.1,0.1,0.1,0.1,0.1,0.5,0,14956,0.059106713,0.02126237,6261,0.113240696,0.090560613,4412,0.03513146,0,0,0,0,0,5,1.218160575
50871.55,0.524344093,0.5,6137,37,0.1401,32.9375,35.25,37.17,0,0,0,0,0,20,0.5,5.5,0,0,0.1,0.1,0.1,0.1,0.1,0.1,0.5,0,15197,0.059024808,0.020925183,6423,0.11194146,0.089677721,5001,0.035192961,0,0,0,0,0,5,1.273091737
50931.58,0.551393033,0.5,6137,37,0.1183,33,35.1875,37.17,0,0,0,0,0,20,0.5,5.5,0,0,0.1,0.1,0.1,0.1,0.1,0.1,0.5,0,14990,0.059839893,0.021214143,6631,0.11084301,0.089428442,4812,0.035328346,0,0,0,0,0,5,1.360336335
50991.66,0.543560713,0.5,6137,37,0.367275,33,35.1875,36.45,0,0.02,0.15,0,0,20,0.5,5.5,0,0,0.1,0.1,0.1,0.1,0.1,0.1,0.5,0,17413,0.055131224,0.019755355,6423,0.11489958,0.092013078,4624,0.035250865,0,0,0,0,0,0.44,1.360336335
51051.72,0.494953008,0.5,6137,37,0.571275,32.875,35.1875,35.61,0,0.02,0.25,0,0,20,0.5,5.5,0,0,0.1,0.1,0.1,0.1,0.1,0.1,0.5,0,14855,0.058768092,0.020935712,5977,0.113100218,0.089677096,4400,0.034318182,0,0,0,0,0,0.44,1.360336335
51111.76,0.453194158,0.5,6137,37,0.540525,32.75,35.1875,35.85,0,0,0.07,0,0,20,0.5,5.5,0,0,0.1,0.1,0.1,0.1,0.1,0.1,0.5,0,14497,0.057184245,0.020693937,6115,0.103843009,0.083074407,4597,0.033717642,0,0,0,0,0,5,1.360336335
51171.8,0.468560746,0.5,6137,37,0.3042,32.875,35.1875,36.79,0,0,0.07,0,0,20,0.5,5.5,0,0,0.1,0.1,0.1,0.1,0.1,0.1,0.5,0,14103,0.057434588,0.020846628,5837,0.106390269,0.085146479,4258,0.034758102,0,0,0,0,0,5,1.360336335
51231.85,0.462218517,0.5,6137,37,0.1664,33,35.1875,37.11,0,0,0.07,0,0,20,0.5,5.5,0,0,0.1,0.1,0.1,0.1,0.1,0.1,0.5,0,14683,0.056664169,0.020499898,5855,0.107771136,0.085909479,4280,0.03364486,0,0,0,0,0,5,1.360336335
51292.01,0.401287628,0.5,6137,37,0.1574,33.3125,35.1875,37.13,0,0,0.07,0,0,20,0.5,5.5,0,0,0.1,0.1,0.1,0.1,0.1,0.1,0.5,0,14566,0.057325278,0.020389949,6057,0.106488361,0.084860492,4425,0.033898305,0,0,0,0,0,5,1.360336335
51352.06,0.346303031,0.5,6137,37,0.15465,33.4375,35.1875,37.21,0,0,0.25,0,0,20,0.5,5.5,0,0,0.1,0.1,0.1,0.1,0.1,0.1,0.5,0,15023,0.056912734,0.020435332,6098,0.106756314,0.085601837,4402,0.033393912,0,0,0,0,0,5,1.360336335
51412.12,0.378525624,0.5,6137,37,0.1091,33.375,35.25,37.05,0,0,0.07,0,0,20,0.5,5.5,0,0,0.1,0.1,0.1,0.1,0.1,0.1,0.5,0,14411,0.058219416,0.020609257,6157,0.107357479,0.08575605,4525,0.033812155,0,0,0,0,0,5,1.360336335
51472.17,0.359057408,0.5,6137,37,0.1431,33.3125,35.25,37.17,0,0,0.07,0,0,20,0.5,5.5,0,0,0.1,0.1,0.1,0.1,0.1,0.1,0.5,0,14869,0.057300424,0.020646984,6223,0.107343725,0.086935562,4516,0.034765279,0,0,0,0,0,5,1.133915071
51532.24,0.380357268,0.5,6137,37,0.1159,33.3125,35.25,36.97,0,0,0.07,0,0,20,0.5,5.5,0,0,0.1,0.1,0.1,0.1,0.1,0.1,0.5,0,14320,0.059217877,0.021019553,6376,0.106649937,0.085947302,4583,0.033602444,0,0,0,0,0,5,1.250105431
51592.31,0.385007168,0.5,6137,37,0.1499,33.3125,35.25,37.19,0,0,0.07,0,0,20,0.5,5.5,0,0,0.1,0.1,0.1,0.1,0.1,0.1,0.5,0,14438,0.059218728,0.020778501,6231,0.109773712,0.088428824,4567,0.034377053,0,0,0,0,0,5,1.224053043
51652.38,0.383746861,0.5,6137,37,0.17555,33.3125,35.1875,37.01,0,0,0.25,0,0,20,0.5,5.5,0,0,0.1,0.1,0.1,0.1,0.1,0.1,0.5,0,15205,0.057349556,0.020519566,6451,0.108510308,0.087273291,4738,0.03503588,0,0,0,0,0,5,1.153013889
51712.44,0.391347284,0.5,6137,37,0.1065,33.25,35.1875,37.03,0,0,0,0,0,20,0.5,5.5,0,0,0.1,0.1,0.1,0.1,0.1,0.1,0.5,0,14531,0.059665543,0.021196064,6230,0.112520064,0.08988764,4602,0.035419383,0,0,0,0,0,5,1.154199924
51772.49,0.457762278,0.5,6137,37,0.1196,33.25,35.25,37.11,0,0,0,0,0,20,0.5,5.5,0,0,0.1,0.1,0.1,0.1,0.1,0.1,0.5,0,15830,0.056475047,0.020404296,6313,0.112149533,0.089814668,4538,0.035698546,0,0,0,0,0,5,1.56675386
51832.55,0.502249088,0.5,6137,37,0.1501,33.125,35.1875,37.11,0,0,0,0,0,20,0.5,5.5,0,0,0.1,0.1,0.1,0.1,0.1,0.1,0.5,0,14613,0.060699377,0.021556149,6356,0.113278792,0.090780365,4620,0.034848485,0,0,0,0,0,5,1.766654716
51892.62,0.479712621,0.5,6137,37,0.0744,33.0625,35.1875,37.01,0,0,0,0,0,20,0.5,5.5,0,0,0.1,0.1,0.1,0.1,0.1,0.1,0.5,0,15258,0.05898545,0.021169223,6069,0.117482287,0.093919921,4633,0.034966544,0,0,0,0,0,5,1.54059507
51952.66,0.424865052,0.5,6137,37,0.1205,33.1875,35.1875,37.05,0,0,0,0,0,20,0.5,5.5,0,0,0.1,0.1,0.1,0.1,0.1,0.1,0.5,0,16120,0.057692308,0.020657568,6763,0.110158214,0.088274434,4805,0.034547347,0,0,0,0,0,5,1.099318444
52012.72,0.494184729,0.5,6137,37,0.1511,32.9375,35.125,37.03,0,0,0,0,0,20,0.5,5.5,0,0,0.1,0.1,0.1,0.1,0.1,0.1,0.5,0,15599,0.059298673,0.021155202,6882,0.110723627,0.088927637,5129,0.034314681,0,0,0,0,0,5,1.497765919
52072.77,0.48586178,0.5,6137,37,0.1225,33.0625,35.1875,36.93,0,0,0,0,0,20,0.5,5.5,0,0,0.1,0.1,0.1,0.1,0.1,0.1,0.5,0,15507,0.059714967,0.021345199,6536,0.115514076,0.092258262,4765,0.035257083,0,0,0,0,0,5,1.371921984
52132.81,0.457158358,0.5,6137,37,0.1466,33.1875,35.25,36.85,0,0,0,0,0,20,0.5,5.5,0,0,0.1,0.1,0.1,0.1,0.1,0.1,0.5,0,15728,0.05957528,0.021299593,6810,0.113069016,0.090895742,4892,0.034955029,0,0,0,0,0,5,1.120642885
52192.89,0.449055125,0.5,6137,37,0.1269,33.25,35.25,36.97,0,0,0,0,0,20,0.5,5.5,0,0,0.1,0.1,0.1,0.1,0.1,0.1,0.5,0,16070,0.058742999,0.020659614,6882,0.112467306,0.090380703,4996,0.035428343,0,0,0,0,0,5,1.010958161
52252.94,0.456418888,0.5,6137,37,0.1622,33.1875,35.25,36.97,0,0,0,0,0,20,0.5,5.5,0,0,0.1,0.1,0.1,0.1,0.1,0.1,0.5,0,15968,0.059681864,0.021167335,6738,0.115909766,0.093054319,4752,0.036616162,0,0,0,0,0,5,1.009206299
52312.98,0.538775452,0.5,6137,37,0.1251,33.0625,35.25,36.95,0,0,0,0,0,20,0.5,5.5,0,0,0.1,0.1,0.1,0.1,0.1,0.1,0.5,0,15522,0.061396727,0.02171112,6463,0.120841714,0.096240136,4921,0.036374721,0,0,0,0,0,5,1.456409625
52373.06,0.545933957,0.5,6137,37,0.1595,32.9375,35.25,36.93,0,0,0,0,0,20,0.5,5.5,0,0,0.1,0.1,0.1,0.1,0.1,0.1,0.5,0,15847,0.060705496,0.021644475,6693,0.119229045,0.095622292,4760,0.03592437,0,0,0,0,0,5,1.423186525
52433.1,0.555706796,0.5,6137,37,0.43385,33.0625,35.25,36.07,0,0.02,0.15,0,0,20,0.5,5.5,0,0,0.1,0.1,0.1,0.1,0.1,0.1,0.5,0,16826,0.05871865,0.020682277,6625,0.120150943,0.096,5117,0.036153996,0,0,0,0,0,0.44,1.423186525
52493.17,0.483765944,0.5,6137,37,0.4478,32.875,35.25,35.97,0,0.017536198,0.140144793,0,0,20,0.5,5.5,0,0,0.1,0.1,0.1,0.1,0.1,0.1,0.5,0,15670,0.059668156,0.02137843,6602,0.112541654,0.090881551,4956,0.034907183,0,0,0,0,0,0.44,1.423186525
52553.22,0.42218713,0.5,6137,37,0.41115,32.8125,35.25,36.25,0,0,0.25,0,0,20,0.5,5.5,0,0,0.1,0.1,0.1,0.1,0.1,0.1,0.5,0,15717,0.05707196,0.020614621,6339,0.108692223,0.087868749,4793,0.034007928,0,0,0,0,0,5,1.423186525
52613.29,0.396461989,0.5,6137,37,0.2422,33.125,35.25,36.85,0,0,0.07,0,0,20,0.5,5.5,0,0,0.1,0.1,0.1,0.1,0.1,0.1,0.5,0,14882,0.059131837,0.021032119,6183,0.111758046,0.088791849,4591,0.034197343,0,0,0,0,0,5,1.423186525
52673.35,0.459351882,0.5,6137,37,0.1901,33.125,35.1875,37.35,0,0,0.07,0,0,20,0.5,5.5,0,0,0.1,0.1,0.1,0.1,0.1,0.1,0.5,0,15181,0.058230683,0.020815493,6260,0.110063898,0.088178914,4754,0.034497265,0,0,0,0,0,5,1.423186525
52733.42,0.43532939,0.5,6137,37,0.0778,33.125,35.125,37.29,0,0,0.07,0,0,20,0.5,5.5,0,0,0.1,0.1,0.1,0.1,0.1,0.1,0.5,0,16377,0.0559321,0.020028088,6511,0.108124712,0.08739057,4726,0.03427846,0,0,0,0,0,5,1.423186525
52793.46,0.412539401,0.5,6137,37,0.1762,33.1875,35.125,37.29,0,0,0.07,0,0,20,0.5,5.5,0,0,0.1,0.1,0.1,0.1,0.1,0.1,0.5,0,17107,0.055065178,0.019699538,6396,0.111006879,0.088805503,4849,0.035265003,0,0,0,0,0,5,1.423186525
52853.53,0.496862076,0.5,6137,37,0.16405,33.25,35.125,37.11,0,0,0.25,0,0,20,0.5,5.5,0,0,0.1,0.1,0.1,0.1,0.1,0.1,0.5,0,14938,0.059847369,0.021354934,6330,0.113270142,0.090363349,4717,0.034767861,0,0,0,0,0,5,1.423186525
52913.59,0.45580111,0.5,6137,37,0.12,33.1875,35.125,37.25,0,0,0.07,0,0,20,0.5,5.5,0,0,0.1,0.1,0.1,0.1,0.1,0.1,0.5,0,17544,0.054263566,0.019493844,6857,0.108793933,0.087939332,4696,0.035562181,0,0,0,0,0,5,1.093259426
52973.63,0.450155817,0.5,6137,37,0.0969,33.1875,35.1875,37.27,0,0,0.07,0,0,20,0.5,5.5,0,0,0.1,0.1,0.1,0.1,0.1,0.1,0.5,0,15164,0.060076497,0.021168557,6550,0.112671756,0.091145038,4910,0.034623218,0,0,0,0,0,5,1.001208152
53033.68,0.444742546,0.5,6137,37,0.1053,33.25,35.1875,37.13,0,0,0.07,0,0,20,0.5,5.5,0,0,0.1,0.1,0.1,0.1,0.1,0.1,0.5,0,16664,0.057429189,0.020523284,6598,0.114277054,0.090936647,4633,0.035829916,0,0,0,0,0,5,0.91485309
53093.72,0.449995015,0.5,6137,37,0.1258,33.3125,35.25,37.17,0,0,0.07,0,0,20,0.5,5.5,0,0,0.1,0.1,0.1,0.1,0.1,0.1,0.5,0,15645,0.059635666,0.021348674,6532,0.115890998,0.092774036,4877,0.035677671,0,0,0,0,0,5,0.904333253
53153.78,0.449073992,0.5,6137,37,0.1749,33.375,35.1875,36.87,0,0,0,0,0,20,0.5,5.5,0,0,0.1,0.1,0.1,0.1,0.1,0.1,0.5,0,16095,0.059335197,0.021186704,6506,0.11727636,0.093759607,4793,0.035259754,0,0,0,0,0,5,0.852970076
53213.86,0.470423012,0.5,6137,37,0.0739,33.25,35.1875,37.17,0,0,0,0,0,20,0.5,5.5,0,0,0.1,0.1,0.1,0.1,0.1,0.1,0.5,0,15484,0.061159907,0.021441488,6537,0.118555912,0.094385804,4805,0.036420395,0,0,0,0,0,5,0.949655522
53273.92,0.532052469,0.5,6137,37,0.1168,33.125,35.1875,37.09,0,0,0,0,0,20,0.5,5.5,0,0,0.1,0.1,0.1,0.1,0.1,0.1,0.5,0,16685,0.059035061,0.021096794,7528,0.109192349,0.087672689,5583,0.034748343,0,0,0,0,0,5,1.271502128
53334.05,0.510270304,0.5,6137,37,0.1488,33.125,35.1875,36.95,0,0,0,0,0,20,0.5,5.5,0,0,0.1,0.1,0.1,0.1,0.1,0.1,0.5,0,16467,0.059998785,0.021193903,6991,0.114432842,0.092261479,4796,0.036071726,0,0,0,0,0,5,1.082522467
53394.13,0.516613414,0.5,6137,37,0.1405,33.0625,35.125,36.95,0,0,0,0,0,20,0.5,5.5,0,0,0.1,0.1,0.1,0.1,0.1,0.1,0.5,0,16368,0.060789345,0.021199902,6986,0.115946178,0.093186373,5230,0.035755258,0,0,0,0,0,5,1.065459104
53454.21,0.516196687,0.5,6137,37,0.1514,33.1875,35.1875,36.81,0,0,0,0,0,20,0.5,5.5,0,0,0.1,0.1,0.1,0.1,0.1,0.1,0.5,0,16338,0.060778553,0.021483658,6849,0.118995474,0.095342386,5167,0.035997678,0,0,0,0,0,5,1.009765219
53514.28,0.49620821,0.5,6137,37,0.1505,33.1875,35.1875,37.05,0,0,0,0,0,20,0.5,5.5,0,0,0.1,0.1,0.1,0.1,0.1,0.1,0.5,0,16393,0.06148966,0.02147258,7256,0.115628445,0.092475193,5154,0.035700427,0,0,0,0,0,5,0.840800202
53574.34,0.559157635,0.5,6137,37,0.1443,33,35.125,37.01,0,0,0,0,0,20,0.5,5.5,0,0,0.1,0.1,0.1,0.1,0.1,0.1,0.5,0,17476,0.059109636,0.02105745,7251,0.116397738,0.093090608,5445,0.035261708,0,0,0,0,0,5,1.157067623
53634.4,0.536277179,0.5,6137,37,0.1222,33.0625,35.125,36.87,0,0,0,0,0,20,0.5,5.5,0,0,0.1,0.1,0.1,0.1,0.1,0.1,0.5,0,15772,0.063466903,0.021937611,6998,0.121463275,0.096741926,5328,0.036411411,0,0,0,0,0,5,0.973873415
53694.44,0.549353902,0.5,6137,37,0.1348,33,35.125,36.97,0,0,0,0,0,20,0.5,5.5,0,0,0.1,0.1,0.1,0.1,0.1,0.1,0.5,0,17574,0.059804256,0.02105383,7553,0.115848007,0.092810804,5289,0.035545472,0,0,0,0,0,5,0.997454881
53754.49,0.544435071,0.5,6137,37,0.41415,33,35,36.21,0,0.02,0.25,0,0,20,0.5,5.5,0,0,0.1,0.1,0.1,0.1,0.1,0.1,0.5,0,18299,0.058801027,0.02082081,7046,0.123332387,0.0984956,5258,0.035945226,0,0,0,0,0,0.44,0.997454881
53814.53,0.496682645,0.5,6137,37,0.4776,32.75,34.9375,36.01,0,0.02,0.15,0,0,20,0.5,5.5,0,0,0.1,0.1,0.1,0.1,0.1,0.1,0.5,0,15826,0.06141792,0.021673196,6830,0.117862372,0.09443631,5001,0.036192761,0,0,0,0,0,0.44,0.997454881
53874.6,0.444083813,0.5,6137,37,0.586025,32.5625,35,35.85,0,0,0.07,0,0,20,0.5,5.5,0,0,0.1,0.1,0.1,0.1,0.1,0.1,0.5,0,16166,0.058579735,0.02084622,7153,0.107367538,0.085698308,5078,0.034462387,0,0,0,0,0,5,0.997454881
53934.64,0.440524991,0.5,6137,37,0.2543,33,35.0625,36.81,0,0,0.07,0,0,20,0.5,5.5,0,0,0.1,0.1,0.1,0.1,0.1,0.1,0.5,0,15635,0.059993604,0.021362328,6644,0.112281758,0.090156532,4732,0.035714286,0,0,0,0,0,5,0.997454881
53994.68,0.434242833,0.5,6137,37,0.1686,33.25,35.125,37.09,0,0,0.07,0,0,20,0.5,5.5,0,0,0.1,0.1,0.1,0.1,0.1,0.1,0.5,0,15470,0.059987072,0.02133161,6606,0.113987284,0.091886164,4791,0.035274473,0,0,0,0,0,5,0.997454881
54054.73,0.450980442,0.5,6137,37,0.19675,33.25,35.125,37.05,0,0,0.25,0,0,20,0.5,5.5,0,0,0.1,0.1,0.1,0.1,0.1,0.1,0.5,0,16380,0.058852259,0.020818071,6756,0.112788632,0.090734162,4877,0.035062538,0,0,0,0,0,5,0.997454881
54114.8,0.539588888,0.5,6137,37,0.1589,33.25,35.125,37.19,0,0,0.07,0,0,20,0.5,5.5,0,0,0.1,0.1,0.1,0.1,0.1,0.1,0.5,0,16901,0.057748062,0.020708834,6845,0.113221329,0.090723156,5114,0.034806414,0,0,0,0,0,5,0.997454881
54174.86,0.463640064,0.5,6137,37,0.0822,33.25,35.125,37.33,0,0,0.07,0,0,20,0.5,5.5,0,0,0.1,0.1,0.1,0.1,0.1,0.1,0.5,0,15839,0.060862428,0.021150325,6858,0.114027413,0.091717702,5131,0.035275775,0,0,0,0,0,5,0.997454881
54234.92,0.47804664,0.5,6137,37,0.1559,33.375,35.125,37.27,0,0,0.07,0,0,20,0.5,5.5,0,0,0.1,0.1,0.1,0.1,0.1,0.1,0.5,0,16890,0.059088218,0.020959147,7268,0.111447441,0.089433132,4999,0.035207041,0,0,0,0,0,5,1.039381455
54295,0.469862245,0.5,6137,37,0.1125,33.3125,35.125,37.27,0,0,0.07,0,0,20,0.5,5.5,0,0,0.1,0.1,0.1,0.1,0.1,0.1,0.5,0,17514,0.058067831,0.020554985,6928,0.115906467,0.09295612,4988,0.035485164,0,0,0,0,0,5,0.935606151
54355.07,0.505618339,0.5,6137,37,0.17555,33.1875,35.125,37.01,0,0,0.25,0,0,20,0.5,5.5,0,0,0.1,0.1,0.1,0.1,0.1,0.1,0.5,0,16436,0.060598686,0.021173035,7295,0.113228239,0.090747087,5190,0.035260116,0,0,0,0,0,5,1.108853517
54415.13,0.493600505,0.5,6137,37,0.1012,33.1875,35.125,37.25,0,0,0.07,0,0,20,0.5,5.5,0,0,0.1,0.1,0.1,0.1,0.1,0.1,0.5,0,16943,0.059847725,0.021011627,7258,0.11463213,0.092311932,4971,0.036008851,0,0,0,0,0,5,0.981243983
54475.17,0.519725155,0.5,6137,37,0.1785,33.1875,35.1875,36.93,0,0,0,0,0,20,0.5,5.5,0,0,0.1,0.1,0.1,0.1,0.1,0.1,0.5,0,16835,0.06046926,0.021324621,7621,0.113764598,0.091457814,5260,0.036311787,0,0,0,0,0,5,1.086902671
54535.24,0.535208433,0.5,6137,37,0.0969,33,35.125,37.01,0,0,0,0,0,20,0.5,5.5,0,0,0.1,0.1,0.1,0.1,0.1,0.1,0.5,0,16420,0.061571255,0.021680877,7068,0.118986984,0.095642332,5231,0.036130759,0,0,0,0,0,5,1.120625959
54595.33,0.535591469,0.5,6137,37,0.1092,33.1875,35.125,37.05,0,0,0,0,0,20,0.5,5.5,0,0,0.1,0.1,0.1,0.1,0.1,0.1,0.5,0,18143,0.058424737,0.020614011,7139,0.120885278,0.096231965,5051,0.036626411,0,0,0,0,0,5,1.066740926
54655.39,0.524562987,0.5,6137,37,0.1477,33.25,35.125,36.93,0,0,0,0,0,20,0.5,5.5,0,0,0.1,0.1,0.1,0.1,0.1,0.1,0.5,0,17501,0.060396549,0.021141649,7592,0.116438356,0.094178082,5188,0.036237471,0,0,0,0,0,5,0.950985353
54715.44,0.658768832,0.5,6137,37,0.1082,32.9375,35.125,37.13,0,0,0,0,0,20,0.5,5.5,0,0,0.1,0.1,0.1,0.1,0.1,0.1,0.5,0,17463,0.060757029,0.02141671,7407,0.118941542,0.095315242,5511,0.036653965,0,0,0,0,0,5,1.586857614
54775.5,0.568085726,0.5,6137,37,0.149,32.9375,35.0625,36.79,0,0.016172475,0.134689899,0,0,20,0.5,5.5,0,0,0.1,0.1,0.1,0.1,0.1,0.1,0.5,0,17574,0.06116991,0.02156595,7342,0.121628984,0.096976301,5250,0.036190476,0,0,0,0,0,0.44,1.586857614
54835.54,0.57314268,0.5,6137,37,0.430477539,32.875,35.0625,36.13,0,0.02,0.15,0,0,20,0.5,5.5,0,0,0.1,0.1,0.1,0.1,0.1,0.1,0.5,0,16924,0.06026944,0.021330655,7285,0.115579959,0.092107069,5067,0.03591869,0,0,0,0,0,0.44,1.586857614
54895.59,0.52997675,0.5,6137,37,0.531475,32.75,35.0625,35.89,0,0.02,0.15,0,0,20,0.5,5.5,0,0,0.1,0.1,0.1,0.1,0.1,0.1,0.5,0,15496,0.060854414,0.021489417,6603,0.114493412,0.091625019,4881,0.035238681,0,0,0,0,0,0.44,1.586857614
54955.64,0.427184644,0.5,6137,37,0.30895,32.875,35.125,36.81,0,0,0.25,0,0,20,0.5,5.5,0,0,0.1,0.1,0.1,0.1,0.1,0.1,0.5,0,17192,0.054269428,0.019543974,7658,0.097153304,0.078218856,5222,0.033703562,0,0,0,0,0,0.44,1.586857614
55015.72,0.405558235,0.5,6137,37,0.2588,33.1875,35.125,36.89,0,0,0.07,0,0,20,0.5,5.5,0,0,0.1,0.1,0.1,0.1,0.1,0.1,0.5,0,15463,0.058074112,0.020694561,6566,0.107219007,0.086201645,4979,0.034545089,0,0,0,0,0,5,1.586857614
55075.77,0.435927047,0.5,6137,37,0.1448,33.1875,35.125,37.35,0,0,0.07,0,0,20,0.5,5.5,0,0,0.1,0.1,0.1,0.1,0.1,0.1,0.5,0,15049,0.059007243,0.021064523,6608,0.107748184,0.086410412,4807,0.034532973,0,0,0,0,0,5,1.586857614
55135.8,0.439371332,0.5,6137,37,0.1172,33.125,35.1875,37.35,0,0,0.07,0,0,20,0.5,5.5,0,0,0.1,0.1,0.1,0.1,0.1,0.1,0.5,0,16171,0.057448519,0.02046874,6403,0.111041699,0.088552241,5177,0.033610199,0,0,0,0,0,5,1.586857614
55195.88,0.433358219,0.5,6137,37,0.1246,33.375,35.1875,37.45,0,0,0.07,0,0,20,0.5,5.5,0,0,0.1,0.1,0.1,0.1,0.1,0.1,0.5,0,15872,0.05827873,0.020791331,6518,0.110923596,0.08883093,4798,0.034389329,0,0,0,0,0,5,1.586857614
55255.95,0.425447727,0.5,6137,37,0.12675,33.5625,35.1875,37.33,0,0,0.25,0,0,20,0.5,5.5,0,0,0.1,0.1,0.1,0.1,0.1,0.1,0.5,0,15581,0.058982094,0.021115461,6827,0.107953713,0.086860993,4754,0.035338662,0,0,0,0,0,5,1.586857614
55316.01,0.448371512,0.5,6137,37,0.1589,33.5,35.125,37.35,0,0,0.07,0,0,20,0.5,5.5,0,0,0.1,0.1,0.1,0.1,0.1,0.1,0.5,0,15435,0.060058309,0.020991254,6969,0.108193428,0.087100014,5098,0.034719498,0,0,0,0,0,5,1.586857614
55376.14,0.49156023,0.5,6137,37,0.1296,33.1875,35.125,37.17,0,0,0.07,0,0,20,0.5,5.5,0,0,0.1,0.1,0.1,0.1,0.1,0.1,0.5,0,16207,0.058863454,0.020731783,6696,0.112455197,0.090053763,4794,0.035043805,0,0,0,0,0,5,1.783401689
55436.2,0.475472697,0.5,6137,37,0.1171,33.0625,35.0625,37.35,0,0,0.07,0,0,20,0.5,5.5,0,0,0.1,0.1,0.1,0.1,0.1,0.1,0.5,0,15926,0.059839257,0.021097576,7013,0.110366462,0.088692428,5211,0.034734216,0,0,0,0,0,5,1.594406556
55496.27,0.495499638,0.5,6137,37,0.1743,33.25,35.125,37.21,0,0,0.07,0,0,20,0.5,5.5,0,0,0.1,0.1,0.1,0.1,0.1,0.1,0.5,0,17160,0.057284382,0.02027972,6797,0.114168015,0.091363837,5057,0.035198734,0,0,0,0,0,5,1.638457719
55556.34,0.479757333,0.5,6137,37,0.1142,33.125,35.0625,37.03,0,0,0,0,0,20,0.5,5.5,0,0,0.1,0.1,0.1,0.1,0.1,0.1,0.5,0,17013,0.057838124,0.020454946,7054,0.112418486,0.090586901,4919,0.036186217,0,0,0,0,0,5,1.459676223
55616.38,0.484020535,0.5,6137,37,0.163,33.1875,35,37.17,0,0,0,0,0,20,0.5,5.5,0,0,0.1,0.1,0.1,0.1,0.1,0.1,0.5,0,17439,0.057744137,0.0205287,6963,0.114174925,0.091914405,4956,0.035916061,0,0,0,0,0,5,1.413233154
55676.42,0.491132979,0.5,6137,37,0.1223,33.1875,35,37.05,0,0,0,0,0,20,0.5,5.5,0,0,0.1,0.1,0.1,0.1,0.1,0.1,0.5,0,16366,0.060246853,0.021202493,7035,0.116275764,0.092821606,5086,0.036374361,0,0,0,0,0,5,1.386334268
55736.47,0.561458777,0.5,6137,37,0.1366,33,35.0625,37.21,0,0,0,0,0,20,0.5,5.5,0,0,0.1,0.1,0.1,0.1,0.1,0.1,0.5,0,16189,0.061214405,0.021496078,7095,0.115715292,0.092741367,5422,0.034673552,0,0,0,0,0,5,1.718487846
55796.51,0.533480824,0.5,6137,37,0.1271,33.0625,35.125,37.25,0,0,0,0,0,20,0.5,5.5,0,0,0.1,0.1,0.1,0.1,0.1,0.1,0.5,0,17378,0.059327886,0.020830936,7186,0.116198163,0.092819371,5204,0.035933897,0,0,0,0,0,5,1.479217765
55856.58,0.520527632,0.5,6137,37,0.178,33.1875,35.125,37.09,0,0,0,0,0,20,0.5,5.5,0,0,0.1,0.1,0.1,0.1,0.1,0.1,0.5,0,17275,0.059450072,0.021070912,7465,0.113864702,0.091359678,5143,0.03655454,0,0,0,0,0,5,1.331516423
55916.64,0.593082096,0.5,6137,37,0.1309,33,35.125,37.11,0,0,0,0,0,20,0.5,5.5,0,0,0.1,0.1,0.1,0.1,0.1,0.1,0.5,0,16727,0.060859688,0.021282956,7075,0.12,0.095265018,4975,0.036582915,0,0,0,0,0,5,1.65641017
55976.7,0.543826548,0.5,6137,37,0.1685,33.125,35.125,37.09,0,0.02,0.15,0,0,20,0.5,5.5,0,0,0.1,0.1,0.1,0.1,0.1,0.1,0.5,0,17957,0.059252659,0.020827532,7480,0.11631016,0.093181818,5510,0.035753176,0,0,0,0,0,0.44,1.65641017
56036.75,0.471219234,0.5,6137,37,0.44455,33.0625,35.125,36.13,0,0.014689528,0.128758112,0,0,20,0.5,5.5,0,0,0.1,0.1,0.1,0.1,0.1,0.1,0.5,0,15877,0.060779744,0.021540593,6746,0.116661725,0.093240439,4987,0.035692801,0,0,0,0,0,0.44,1.65641017
56096.81,0.500566832,0.5,6137,37,0.469741915,32.875,35.1875,36.07,0,0.02,0.15,0,0,20,0.5,5.5,0,0,0.1,0.1,0.1,0.1,0.1,0.1,0.5,0,15276,0.060356114,0.021078816,6549,0.11238357,0.090242785,4850,0.035051546,0,0,0,0,0,0.44,1.65641017
56156.87,0.425872297,0.5,6137,37,0.33275,32.9375,35.1875,36.71,0,0,0.25,0,0,20,0.5,5.5,0,0,0.1,0.1,0.1,0.1,0.1,0.1,0.5,0,16007,0.055788093,0.020178672,6138,0.109481916,0.086999022,4507,0.034612824,0,0,0,0,0,0.44,1.65641017
56216.93,0.379048677,0.5,6137,37,0.247,33.25,35.1875,37.11,0,0,0.07,0,0,20,0.5,5.5,0,0,0.1,0.1,0.1,0.1,0.1,0.1,0.5,0,14713,0.05913138,0.021069802,6536,0.104345165,0.08369033,4823,0.034003732,0,0,0,0,0,5,1.65641017
56276.99,0.446836915,0.5,6137,37,0.1612,33.25,35.1875,37.17,0,0,0.07,0,0,20,0.5,5.5,0,0,0.1,0.1,0.1,0.1,0.1,0.1,0.5,0,14719,0.059039337,0.020789456,6152,0.109720416,0.087451235,4607,0.034295637,0,0,0,0,0,5,1.65641017
56337.05,0.44323791,0.5,6137,37,0.1563,33.3125,35.1875,37.35,0,0,0.07,0,0,20,0.5,5.5,0,0,0.1,0.1,0.1,0.1,0.1,0.1,0.5,0,15645,0.057526366,0.020453819,6185,0.109620049,0.088278092,4629,0.034564701,0,0,0,0,0,5,1.65641017
56397.13,0.448099578,0.5,6137,37,0.0716,33.375,35.1875,37.25,0,0,0.07,0,0,20,0.5,5.5,0,0,0.1,0.1,0.1,0.1,0.1,0.1,0.5,0,14937,0.059181897,0.020820781,6345,0.109535067,0.087785658,4665,0.035155413,0,0,0,0,0,5,1.65641017
56457.18,0.458662421,0.5,6137,37,0.20095,33.375,35.1875,37.05,0,0,0.25,0,0,20,0.5,5.5,0,0,0.1,0.1,0.1,0.1,0.1,0.1,0.5,0,15574,0.05810967,0.020803904,6684,0.106971873,0.086475165,4659,0.034342134,0,0,0,0,0,5,1.65641017
56517.22,0.439129952,0.5,6137,37,0.126,33.3125,35.25,37.13,0,0,0.07,0,0,20,0.5,5.5,0,0,0.1,0.1,0.1,0.1,0.1,0.1,0.5,0,15555,0.058502089,0.020957891,6599,0.108955902,0.088043643,4821,0.035262394,0,0,0,0,0,5,1.65641017
56577.29,0.438757468,0.5,6137,37,0.1314,33.375,35.1875,37.35,0,0,0.07,0,0,20,0.5,5.5,0,0,0.1,0.1,0.1,0.1,0.1,0.1,0.5,0,16273,0.057518589,0.020463344,6826,0.108262526,0.087020217,4760,0.035294118,0,0,0,0,0,5,1.571043887
56637.35,0.463666002,0.5,6137,37,0.08,33.3125,35.25,37.19,0,0,0.07,0,0,20,0.5,5.5,0,0,0.1,0.1,0.1,0.1,0.1,0.1,0.5,0,15506,0.059331872,0.021282084,6481,0.114334208,0.090881037,4803,0.034769935,0,0,0,0,0,5,1.658144718
56697.42,0.43762669,0.5,6137,37,0.1146,33.375,35.1875,37.05,0,0,0.07,0,0,20,0.5,5.5,0,0,0.1,0.1,0.1,0.1,0.1,0.1,0.5,0,16023,0.05897772,0.020845035,6837,0.110867339,0.088635366,4816,0.034883721,0,0,0,0,0,5,1.401842794
56757.46,0.453673565,0.5,6137,37,0.1239,33.375,35.1875,36.95,0,0,0,0,0,20,0.5,5.5,0,0,0.1,0.1,0.1,0.1,0.1,0.1,0.5,0,15921,0.059732429,0.021041392,6667,0.11459427,0.09179541,4785,0.034900731,0,0,0,0,0,5,1.439785692
56817.51,0.475468496,0.5,6137,37,0.1391,33.3125,35.125,37.03,0,0,0,0,0,20,0.5,5.5,0,0,0.1,0.1,0.1,0.1,0.1,0.1,0.5,0,16347,0.058726372,0.02073775,6816,0.113409624,0.091402582,4812,0.036159601,0,0,0,0,0,5,1.508564524
56877.57,0.511607186,0,6137,37,0.1641,33.125,35.25,37.19,0,0,0,0,0,20,0.5,5.5,0,0,0.1,0.1,0.1,0.1,0.1,0.1,0.5,0,16621,0.058540401,0.020696709,7029,0.111964718,0.090055484,5065,0.035538006,0,0,0,0,0,5,1.508564524
56937.63,0.507654686,0,6137,37,0.1134,33.1875,35.25,36.97,0,0,0,0,0,20,0.5,5.5,0,0,0.1,0.1,0.1,0.1,0.1,0.1,0.5,0,15622,0.061323774,0.021444117,7591,0.108022658,0.087208536,5254,0.035401599,0,0,0,0,0,5,1.508564524
56997.71,0.488283446,0,6137,37,0.136,33.25,35.25,37.11,0,0,0,0,0,20,0.5,5.5,0,0,0.1,0.1,0.1,0.1,0.1,0.1,0.5,0,15632,0.06154043,0.021686285,6926,0.115939936,0.093127346,5069,0.036101795,0,0,0,0,0,5,1.508564524
57057.78,0.494106783,0,6137,37,0.1518,33.1875,35.3125,36.95,0,0,0,0,0,20,0.5,5.5,0,0,0.1,0.1,0.1,0.1,0.1,0.1,0.5,0,16660,0.059303721,0.021068427,6935,0.116510454,0.093439077,5116,0.035965598,0,0,0,0,0,5,1.508564524
57117.85,0.508959547,0.5,6137,37,0.296,33.0625,35.25,36.53,0,0,0,0,0,20,0.5,5.5,50,0,0.1,0.1,0.1,0.1,0.1,0.1,0.5,0,16088,0.060417703,0.021133764,7076,0.113058225,0.091011871,5289,0.0353564,0,0,0,0,0,5,1.521986947
57177.91,0.534946659,0.5,6137,37,0.2091,33,35.25,36.45,0,0,0,0,0,20,0.5,5.5,50,0,0.1,0.1,0.1,0.1,0.1,0.1,0.5,0,16931,0.05929951,0.02084933,6586,0.119951412,0.096264804,5123,0.035721257,0,0,0,0,0,5,1.595283108
57237.99,0.482333516,0.5,6137,37,0.2277,33.125,35.1875,36.87,0,0,0,0,0,20,0.5,5.5,50,0,0.1,0.1,0.1,0.1,0.1,0.1,0.5,0,17538,0.05844452,0.020469837,7235,0.113199724,0.091361437,4945,0.03619818,0,0,0,0,0,5,1.204925284
57298.07,0.478238225,0.5,6137,37,0.1447,33.0625,35.125,36.73,0,0,0,0,0,20,0.5,5.5,50,0,0.1,0.1,0.1,0.1,0.1,0.1,0.5,0,16017,0.06168446,0.021539614,7138,0.11627907,0.09260297,5272,0.035091047,0,0,0,0,0,5,1.119098528
57358.13,0.503225139,0.5,6137,37,0.1894,33.0625,35.1875,36.97,0,0,0,0,0,20,0.5,5.5,50,0,0.1,0.1,0.1,0.1,0.1,0.1,0.5,0,17100,0.059707602,0.020935673,7450,0.113691275,0.091543624,5212,0.035686876,0,0,0,0,0,5,1.21592963
57418.17,0.514054843,0.5,6137,37,0.1064,32.9375,35.125,37.21,0,0,0,0,0,20,0.5,5.5,50,0,0.1,0.1,0.1,0.1,0.1,0.1,0.5,0,16870,0.060462359,0.021221103,7281,0.116604862,0.093805796,5092,0.0363315,0,0,0,0,0,5,1.219010037
57478.27,0.546627391,0.5,6137,37,0.154,32.9375,35.125,37.09,0,0,0,0,0,20,0.5,5.5,50,0,0.1,0.1,0.1,0.1,0.1,0.1,0.5,0,16864,0.060839658,0.021347249,7340,0.116757493,0.09386921,5169,0.036564132,0,0,0,0,0,5,1.342371808
57538.37,0.62215487,0.5,6137,37,0.1357,32.9375,35.125,37.11,0,0,0,0,0,20,0.5,5.5,50,0,0.1,0.1,0.1,0.1,0.1,0.1,0.5,0,16379,0.062763294,0.022040418,7004,0.121359223,0.097230154,5333,0.036377274,0,0,0,0,0,0.44,1.342371808
57598.4,0.575123811,0.5,6137,37,0.1177,33.125,35.125,37.03,0,0.02,0.15,0,0,20,0.5,5.5,50,0,0.1,0.1,0.1,0.1,0.1,0.1,0.5,0,16910,0.061442933,0.021643998,7372,0.118285404,0.095225176,5686,0.035701724,0,0,0,0,0,0.44,1.342371808
57658.45,0.552981,0.5,6137,37,0.3858,33.1875,35.125,36.37,0,0.02,0.25,0,0,20,0.5,5.5,50,0,0.1,0.1,0.1,0.1,0.1,0.1,0.5,0,17862,0.059567798,0.021050274,7231,0.121974831,0.097911769,5433,0.036812074,0,0,0,0,0,0.44,1.342371808
57718.51,0.522689003,0.5,6137,37,0.34365,33.1875,35.125,36.73,0,0.02,0.15,0,0,20,0.5,5.5,50,0,0.1,0.1,0.1,0.1,0.1,0.1,0.5,0,18249,0.05841416,0.020549071,7446,0.115632554,0.092801504,5460,0.035164835,0,0,0,0,0,0.44,1.342371808
57778.57,0.470534984,0.5,6137,37,0.57845,33,35.125,35.93,0,0.02,0.15,0,0,20,0.5,5.5,50,0,0.1,0.1,0.1,0.1,0.1,0.1,0.5,0,16174,0.059972796,0.021145048,7071,0.111441097,0.089379154,5087,0.035777472,0,0,0,0,0,0.44,1.342371808
57838.63,0.419491453,0.5,6137,37,0.6328,32.9375,35.125,35.63,0,0,0.07,0,0,20,0.5,5.5,50,0,0.1,0.1,0.1,0.1,0.1,0.1,0.5,0,15193,0.058711249,0.020930692,6694,0.107260233,0.085897819,4864,0.034745066,0,0,0,0,0,5,1.342371808
57898.71,0.422803408,0.5,6137,37,0.26465,33.25,35.1875,36.97,0,0,0.07,0,0,20,0.5,5.5,50,0,0.1,0.1,0.1,0.1,0.1,0.1,0.5,0,15630,0.057773512,0.020473448,6569,0.107778962,0.086923428,5035,0.033962264,0,0,0,0,0,5,1.342371808
57958.77,0.487462284,0.5,6137,37,0.1948,33.25,35.125,37.17,0,0,0.25,0,0,20,0.5,5.5,50,0,0.1,0.1,0.1,0.1,0.1,0.1,0.5,0,14953,0.059519829,0.020999131,6237,0.112714446,0.090107423,4794,0.034835211,0,0,0,0,0,5,1.342371808
58018.83,0.419508849,0.5,6137,37,0.08095,33.5,35.125,37.55,0,0,0.07,0,0,20,0.5,5.5,50,0,0.1,0.1,0.1,0.1,0.1,0.1,0.5,0,16317,0.056934486,0.020469449,6781,0.107358797,0.086417932,4794,0.034209428,0,0,0,0,0,5,1.342371808
58078.9,0.448072436,0.5,6137,37,0.11485,33.5,35.1875,37.43,0,0,0.07,0,0,20,0.5,5.5,50,0,0.1,0.1,0.1,0.1,0.1,0.1,0.5,0,16525,0.05688351,0.020453858,6605,0.110825132,0.088872067,5100,0.034509804,0,0,0,0,0,5,1.342371808
58138.96,0.446853629,0.5,6137,37,0.12495,33.5625,35.0625,37.35,0,0,0.07,0,0,20,0.5,5.5,50,0,0.1,0.1,0.1,0.1,0.1,0.1,0.5,0,16506,0.056948988,0.020356234,6870,0.108733624,0.086899563,4857,0.035001029,0,0,0,0,0,5,1.342371808
58199.03,0.447023569,0.5,6137,37,0.10505,33.5,35.125,37.21,0,0,0.07,0,0,20,0.5,5.5,50,0,0.1,0.1,0.1,0.1,0.1,0.1,0.5,0,16952,0.056276546,0.020233601,7100,0.107464789,0.086619718,5072,0.034897476,0,0,0,0,0,5,1.276393907
58259.07,0.500731141,0.5,6137,37,0.1623,33.4375,35.125,37.09,0,0,0.25,0,0,20,0.5,5.5,50,0,0.1,0.1,0.1,0.1,0.1,0.1,0.5,0,17194,0.056182389,0.020414098,6955,0.110711718,0.088856937,5026,0.035017907,0,0,0,0,0,5,1.552948188
58319.11,0.518167059,0.5,6137,37,0.11325,33.3125,35.125,37.19,0,0,0.07,0,0,20,0.5,5.5,50,0,0.1,0.1,0.1,0.1,0.1,0.1,0.5,0,17352,0.056189488,0.020285846,6803,0.113773335,0.090548288,5044,0.035884219,0,0,0,0,0,5,1.577985936
58379.16,0.491580625,0.5,6137,37,0.12635,33.25,35.125,37.03,0,0,0.07,0,0,20,0.5,5.5,50,0,0.1,0.1,0.1,0.1,0.1,0.1,0.5,0,16550,0.057703927,0.020785498,7033,0.111616664,0.090288639,4944,0.036205502,0,0,0,0,0,5,1.34107144
58439.2,0.492783054,0.5,6137,37,0.16865,33.1875,35.1875,37.11,0,0,0,0,0,20,0.5,5.5,50,0,0.1,0.1,0.1,0.1,0.1,0.1,0.5,0,17883,0.056254543,0.020130851,7784,0.106757451,0.086073998,5171,0.035969832,0,0,0,0,0,5,1.281347048
58499.26,0.489326961,0.5,6137,37,0.16125,33.125,35.125,37.05,0,0,0,0,0,20,0.5,5.5,50,0,0.1,0.1,0.1,0.1,0.1,0.1,0.5,0,17408,0.05681296,0.020450368,7093,0.11433808,0.091780629,5363,0.035427932,0,0,0,0,0,5,1.196165313
58559.37,0.519629379,0.5,6137,37,0.15475,33.1875,35.125,37.03,0,0,0,0,0,20,0.5,5.5,50,0,0.1,0.1,0.1,0.1,0.1,0.1,0.5,0,17097,0.057612447,0.020412938,7228,0.114139458,0.091449917,5141,0.035790702,0,0,0,0,0,5,1.316611832
58619.44,0.518511843,0.5,6137,37,0.16325,33.25,35.0625,37.11,0,0,0,0,0,20,0.5,5.5,50,0,0.1,0.1,0.1,0.1,0.1,0.1,0.5,0,17545,0.056540325,0.02046167,7211,0.114269865,0.091942865,5170,0.036170213,0,0,0,0,0,5,1.24432237
58679.51,0.551280877,0.5,6137,37,0.11285,33.3125,35.125,37.01,0,0,0,0,0,20,0.5,5.5,50,0,0.1,0.1,0.1,0.1,0.1,0.1,0.5,0,17286,0.057908134,0.020652551,7285,0.115579959,0.092793411,5257,0.035761841,0,0,0,0,0,5,1.36595096
58739.56,0.536917466,0.5,6137,37,0.12865,33.25,35.125,37.01,0,0,0,0,0,20,0.5,5.5,50,0,0.1,0.1,0.1,0.1,0.1,0.1,0.5,0,17902,0.057032734,0.020388783,7335,0.115610089,0.093115201,5298,0.035673839,0,0,0,0,0,5,1.218453264
58799.64,0.534365716,0.5,6137,37,0.14215,33.125,35.0625,37.01,0,0,0,0,0,20,0.5,5.5,50,0,0.1,0.1,0.1,0.1,0.1,0.1,0.5,0,17343,0.057948452,0.020584674,7298,0.116881337,0.094409427,5656,0.035537482,0,0,0,0,0,5,1.143238835
58859.71,0.562952116,0.5,6137,37,0.14335,33.25,35.125,36.95,0,0,0,0,0,20,0.5,5.5,50,0,0.1,0.1,0.1,0.1,0.1,0.1,0.5,0,18439,0.055968328,0.020011931,7369,0.117383634,0.094314018,5391,0.036542385,0,0,0,0,0,5,1.242419214
58919.79,0.559426154,0.5,6137,37,0.14215,33.1875,35.125,37.25,0,0.02,0.15,0,0,20,0.5,5.5,50,0,0.1,0.1,0.1,0.1,0.1,0.1,0.5,0,17797,0.057537787,0.020621453,7637,0.115621317,0.093361268,5442,0.036016171,0,0,0,0,0,0.44,1.242419214
58979.84,0.519963266,0.5,6137,37,0.4659,32.9375,35.125,36.17,0,0.02,0.15,0,0,20,0.5,5.5,50,0,0.1,0.1,0.1,0.1,0.1,0.1,0.5,0,17496,0.055841335,0.020290352,7136,0.113649103,0.090807175,5399,0.034450824,0,0,0,0,0,0.44,1.242419214
59039.88,0.46264444,0.5,6137,37,0.5715,32.875,35.125,35.85,0,0.02,0.15,0,0,20,0.5,5.5,50,0,0.1,0.1,0.1,0.1,0.1,0.1,0.5,0,16521,0.055747231,0.019974578,6876,0.10892961,0.086969168,5140,0.034824903,0,0,0,0,0,0.44,1.242419214
59099.95,0.411793761,0.5,6137,37,0.6395,33,35.0625,35.47,0,0,0.07,0,0,20,0.5,5.5,50,0,0.1,0.1,0.1,0.1,0.1,0.1,0.5,0,14995,0.056352117,0.020473491,6841,0.101008624,0.081420845,5099,0.033339871,0,0,0,0,0,5,1.242419214
59160.02,0.476068049,0.5,6137,37,0.1963,33.0625,35.0625,37.35,0,0,0.25,0,0,20,0.5,5.5,50,0,0.1,0.1,0.1,0.1,0.1,0.1,0.5,0,15591,0.05496761,0.019754987,6480,0.103858025,0.083641975,4791,0.0338134,0,0,0,0,0,5,1.242419214
59220.06,0.446104886,0.5,6137,37,0.16985,33.3125,35.125,37.29,0,0,0.07,0,0,20,0.5,5.5,50,0,0.1,0.1,0.1,0.1,0.1,0.1,0.5,0,14981,0.055603765,0.020225619,6408,0.105493134,0.085049938,4776,0.033919598,0,0,0,0,0,5,1.242419214
59280.1,0.426736955,0.5,6137,37,0.10925,33.3125,35.0625,37.51,0,0,0.07,0,0,20,0.5,5.5,50,0,0.1,0.1,0.1,0.1,0.1,0.1,0.5,0,15455,0.05545131,0.019799418,6719,0.103438012,0.084089894,5149,0.034764032,0,0,0,0,0,5,1.242419214
59340.14,0.447122053,0.5,6137,37,0.12365,33.375,35.0625,37.27,0,0,0.07,0,0,20,0.5,5.5,50,0,0.1,0.1,0.1,0.1,0.1,0.1,0.5,0,16614,0.053388708,0.019501625,6680,0.104640719,0.08488024,5015,0.034895314,0,0,0,0,0,5,1.242419214
59400.24,0.437553468,0.5,6137,37,0.11865,33.4375,35.125,37.29,0,0,0.07,0,0,20,0.5,5.5,50,0,0.1,0.1,0.1,0.1,0.1,0.1,0.5,0,16510,0.053725015,0.019745609,6683,0.105641179,0.08544067,4823,0.035040431,0,0,0,0,0,5,1.242419214
59460.34,0.451692551,0.5,6137,37,0.17,33.4375,35.0625,37.19,0,0,0.25,0,0,20,0.5,5.5,50,0,0.1,0.1,0.1,0.1,0.1,0.1,0.5,0,15651,0.055459715,0.020445978,6738,0.107153458,0.085930543,5038,0.034934498,0,0,0,0,0,5,1.275706777
59520.39,0.488819649,0.5,6137,37,0.14065,33.375,35.125,37.33,0,0,0.07,0,0,20,0.5,5.5,50,0,0.1,0.1,0.1,0.1,0.1,0.1,0.5,0,16008,0.054972514,0.019990005,6769,0.107549121,0.086423401,5189,0.034496049,0,0,0,0,0,5,1.448897003
59580.44,0.488833958,0.5,6137,37,0.08595,33.1875,35.0625,37.21,0,0,0.07,0,0,20,0.5,5.5,50,0,0.1,0.1,0.1,0.1,0.1,0.1,0.5,0,16331,0.05504868,0.020023269,6753,0.109729009,0.0888494,5276,0.034306293,0,0,0,0,0,5,1.376539967
59640.51,0.500039583,0.5,6137,37,0.15965,33.125,35.125,37.11,0,0,0.07,0,0,20,0.5,5.5,50,0,0.1,0.1,0.1,0.1,0.1,0.1,0.5,0,16191,0.055154098,0.020258168,6710,0.111177347,0.089269747,5081,0.035426097,0,0,0,0,0,5,1.37570612
59700.58,0.52995005,0.5,6137,37,0.09275,33.3125,35.125,37.21,0,0,0,0,0,20,0.5,5.5,50,0,0.1,0.1,0.1,0.1,0.1,0.1,0.5,0,16540,0.054534462,0.020072551,7051,0.108353425,0.087647142,4956,0.035714286,0,0,0,0,0,5,1.481207301
59760.62,0.546856387,0.5,6137,37,0.08845,33,35.125,37.05,0,0,0,0,0,20,0.5,5.5,50,0,0.1,0.1,0.1,0.1,0.1,0.1,0.5,0,16285,0.055081363,0.019895609,6889,0.110611119,0.089127595,5187,0.035280509,0,0,0,0,0,5,1.501357327
59820.66,0.576625756,0.5,6137,37,0.14605,33,35.125,37.19,0,0.02,0.15,0,0,20,0.5,5.5,50,0,0.1,0.1,0.1,0.1,0.1,0.1,0.5,0,16706,0.055189752,0.020052676,7254,0.109456851,0.08808933,5606,0.03478416,0,0,0,0,0,0.44,1.501357327
59880.72,0.511592533,0.5,6137,37,0.5054,32.875,35.1875,36.07,0,0.02,0.15,0,0,20,0.5,5.5,50,0,0.1,0.1,0.1,0.1,0.1,0.1,0.5,0,16738,0.052395746,0.019596129,6591,0.108177818,0.086481566,4872,0.034277504,0,0,0,0,0,0.44,1.501357327
59940.77,0.458287803,0.5,6137,37,0.569475,32.75,35.0625,35.85,0,0.016934494,0.137737975,0,0,20,0.5,5.5,50,0,0.1,0.1,0.1,0.1,0.1,0.1,0.5,0,15020,0.053994674,0.019840213,6319,0.103655642,0.083557525,4609,0.033846821,0,0,0,0,0,0.44,1.501357327
60000.84,0.402680098,0.5,6137,37,0.599529959,32.875,35.125,35.81,0,0,0.07,0,0,20,0.5,5.5,50,0,0.1,0.1,0.1,0.1,0.1,0.1,0.5,0,14392,0.053571429,0.019663702,6104,0.099279161,0.080439056,4722,0.033883947,0,0,0,0,0,5,1.501357327
60060.88,0.425571187,0.5,6137,37,0.28345,33.125,35.125,37.13,0,0,0.25,0,0,20,0.5,5.5,50,0,0.1,0.1,0.1,0.1,0.1,0.1,0.5,0,14555,0.052627963,0.0195809,6111,0.099983636,0.080837833,4469,0.034683374,0,0,0,0,0,5,1.501357327
60120.92,0.377214064,0.5,6137,37,0.12935,33.375,35.0625,37.37,0,0,0.07,0,0,20,0.5,5.5,50,0,0.1,0.1,0.1,0.1,0.1,0.1,0.5,0,15619,0.051027595,0.019207376,6095,0.100574241,0.08121411,4534,0.033303926,0,0,0,0,0,5,1.501357327
60180.98,0.437343534,0.5,6137,37,0.14055,33.3125,35.0625,37.51,0,0,0.07,0,0,20,0.5,5.5,50,0,0.1,0.1,0.1,0.1,0.1,0.1,0.5,0,15667,0.050998915,0.0190847,6252,0.099648113,0.080454255,4575,0.034098361,0,0,0,0,0,5,1.501357327
60241.05,0.437110423,0.5,6137,37,0.08225,33.375,35.125,37.55,0,0,0.07,0,0,20,0.5,5.5,50,0,0.1,0.1,0.1,0.1,0.1,0.1,0.5,0,15128,0.052221047,0.01963247,6259,0.100175747,0.081642435,4636,0.033218292,0,0,0,0,0,5,1.501357327
60301.12,0.426705929,0.5,6137,37,0.07395,33.375,35.0625,37.55,0,0,0.07,0,0,20,0.5,5.5,50,0,0.1,0.1,0.1,0.1,0.1,0.1,0.5,0,14705,0.053247195,0.019925196,6230,0.102728732,0.082504013,4720,0.034110169,0,0,0,0,0,5,1.501357327
60361.19,0.414995745,0.5,6137,37,0.13755,33.375,35.0625,37.33,0,0,0.25,0,0,20,0.5,5.5,50,0,0.1,0.1,0.1,0.1,0.1,0.1,0.5,0,15498,0.051942186,0.019163763,6198,0.103581801,0.083736689,4907,0.033625433,0,0,0,0,0,5,1.342809005
60421.25,0.410000416,0.5,6137,37,0.14735,33.375,35.0625,37.13,0,0,0.07,0,0,20,0.5,5.5,50,0,0.1,0.1,0.1,0.1,0.1,0.1,0.5,0,15541,0.051991506,0.019368123,6264,0.104885057,0.083652618,4787,0.033632755,0,0,0,0,0,5,1.239338276
60481.31,0.438365055,0.5,6137,37,0.19695,33.3125,35.0625,37.13,0,0,0.07,0,0,20,0.5,5.5,50,0,0.1,0.1,0.1,0.1,0.1,0.1,0.5,0,15218,0.052700749,0.019384939,6583,0.102081118,0.082485189,5001,0.033993201,0,0,0,0,0,5,1.378052908
60541.38,0.426152391,0.5,6137,37,0.15415,33.375,35.125,37.17,0,0,0.07,0,0,20,0.5,5.5,50,0,0.1,0.1,0.1,0.1,0.1,0.1,0.5,0,16025,0.051294852,0.019032761,6516,0.103130755,0.083486802,4819,0.033616933,0,0,0,0,0,5,1.22438522
60601.46,0.462016038,0.5,6137,37,0.07335,33.1875,35.125,37.17,0,0,0,0,0,20,0.5,5.5,50,0,0.1,0.1,0.1,0.1,0.1,0.1,0.5,0,16024,0.052296555,0.019470794,6598,0.1039709,0.084419521,4994,0.034040849,0,0,0,0,0,5,1.405573747
60661.5,0.458834883,0.5,6137,37,0.12645,33.125,35.125,37.13,0,0,0,0,0,20,0.5,5.5,50,0,0.1,0.1,0.1,0.1,0.1,0.1,0.5,0,16530,0.050998185,0.019177253,6707,0.104815864,0.084538542,4984,0.034109149,0,0,0,0,0,5,1.314567487
60721.54,0.458703947,0.5,6137,37,0.10955,33.1875,35.125,37.01,0,0,0,0,0,20,0.5,5.5,50,0,0.1,0.1,0.1,0.1,0.1,0.1,0.5,0,16541,0.051387461,0.019285412,6742,0.104865025,0.084692969,4994,0.03504205,0,0,0,0,0,5,1.247982891
60781.59,0.477305755,0.5,6137,37,0.12125,33.125,35.0625,37.05,0,0,0,0,0,20,0.5,5.5,50,0,0.1,0.1,0.1,0.1,0.1,0.1,0.5,0,16433,0.051420921,0.019412158,6814,0.104784268,0.08482536,4939,0.035027333,0,0,0,0,0,5,1.304840574
60841.66,0.446774912,0.5,6137,37,0.13765,33.1875,35.125,36.95,0,0,0,0,0,20,0.5,5.5,50,0,0.1,0.1,0.1,0.1,0.1,0.1,0.5,0,16555,0.051464814,0.019087889,6798,0.106649014,0.08590762,4961,0.034872002,0,0,0,0,0,5,1.041291448
60901.73,0.4575589,0.5,6137,37,0.10785,33.1875,35.0625,36.89,0,0,0,0,0,20,0.5,5.5,50,0,0.1,0.1,0.1,0.1,0.1,0.1,0.5,0,16802,0.051898584,0.019104868,6822,0.107446497,0.086778071,5339,0.035025286,0,0,0,0,0,5,1.060778985
60961.76,0.53978737,0.5,6137,37,0.12575,33,35.0625,37.03,0,0,0,0,0,20,0.5,5.5,50,0,0.1,0.1,0.1,0.1,0.1,0.1,0.5,0,16892,0.051918068,0.019121478,7242,0.104529136,0.084092792,5498,0.035649327,0,0,0,0,0,5,1.503549086
61021.82,0.528294617,0.5,6137,37,0.14715,33,35.125,36.93,0,0,0,0,0,20,0.5,5.5,50,0,0.1,0.1,0.1,0.1,0.1,0.1,0.5,0,15697,0.053959355,0.020067529,6935,0.107570296,0.087382841,5366,0.03484905,0,0,0,0,0,5,1.363808069
61081.89,0.522060963,0.5,6137,37,0.16095,33,35.125,36.85,0,0,0,0,0,20,0.5,5.5,50,0,0.1,0.1,0.1,0.1,0.1,0.1,0.5,0,16343,0.0532338,0.019947378,7050,0.10822695,0.087234043,5143,0.035776784,0,0,0,0,0,5,1.260008426
61141.95,0.553640862,0.5,6137,37,0.14745,33.0625,35.0625,36.97,0,0,0,0,0,20,0.5,5.5,50,0,0.1,0.1,0.1,0.1,0.1,0.1,0.5,0,16155,0.053729496,0.019622408,6696,0.112305854,0.091397849,5170,0.034622824,0,0,0,0,0,5,1.373203536
61202,0.535437487,0.5,6137,37,0.16125,33.125,35.0625,37.03,0,0,0,0,0,20,0.5,5.5,50,0,0.1,0.1,0.1,0.1,0.1,0.1,0.5,0,15546,0.055062395,0.020133796,6943,0.112055308,0.090018724,5276,0.034874905,0,0,0,0,0,5,1.204247155
61262.08,0.517487829,0.5,6137,37,0.16865,33.1875,35.0625,36.95,0,0,0,0,0,20,0.5,5.5,50,0,0.1,0.1,0.1,0.1,0.1,0.1,0.5,0,17662,0.051466425,0.019250368,7001,0.111269819,0.089844308,5429,0.034813041,0,0,0,0,0,5,1.041740384
61322.15,0.497044508,0.5,6137,37,0.12415,33.1875,35.0625,37.01,0,0,0,0,0,20,0.5,5.5,50,0,0.1,0.1,0.1,0.1,0.1,0.1,0.5,0,17886,0.051269149,0.01923292,7113,0.111626599,0.090679038,5279,0.035233946,0,0,0,0,0,5,0.868734071
61382.18,0.515557956,0.5,6137,37,0.12615,33.125,35.0625,37.21,0,0,0,0,0,20,0.5,5.5,50,0,0.1,0.1,0.1,0.1,0.1,0.1,0.5,0,18963,0.049464747,0.018615198,7122,0.112749228,0.091126088,5310,0.035969868,0,0,0,0,0,5,0.93500781
61442.22,0.517933525,0.5,6137,37,0.15525,32.9375,35.0625,36.87,0,0,0,0,0,20,0.5,5.5,50,0,0.1,0.1,0.1,0.1,0.1,0.1,0.5,0,18285,0.051025431,0.019196062,7383,0.111065962,0.089800894,5484,0.036287381,0,0,0,0,0,5,0.902048962
61502.31,0.523820517,0.5,6137,37,0.13815,32.9375,35.0625,36.85,0,0,0,0,0,20,0.5,5.5,50,0,0.1,0.1,0.1,0.1,0.1,0.1,0.5,0,17225,0.05317852,0.019622642,7692,0.109204368,0.088663547,5163,0.036412938,0,0,0,0,0,5,0.890853105
61562.43,0.549721839,0.5,6137,37,0.11845,33,35.0625,36.89,0,0,0,0,0,20,0.5,5.5,50,0,0.1,0.1,0.1,0.1,0.1,0.1,0.5,0,16948,0.053693651,0.019825348,7442,0.112872884,0.091238914,5605,0.036396075,0,0,0,0,0,5,0.991100357
61622.47,0.563038162,0.5,6137,37,0.14165,32.9375,35.0625,37.05,0,0.02,0.15,0,0,20,0.5,5.5,50,0,0.1,0.1,0.1,0.1,0.1,0.1,0.5,0,17943,0.052388118,0.019506214,7261,0.115686545,0.093237846,5451,0.0355898,0,0,0,0,0,0.44,0.991100357
61682.53,0.528870727,0.5,6137,37,0.472625,32.8125,35.0625,35.93,0,0.02,0.15,0,0,20,0.5,5.5,50,0,0.1,0.1,0.1,0.1,0.1,0.1,0.5,0,17772,0.051204141,0.019074949,7221,0.1096801,0.088353414,5345,0.03536015,0,0,0,0,0,0.44,0.991100357
61742.57,0.456396829,0.5,6137,37,0.559125,32.8125,35.0625,35.77,0,0.02,0.15,0,0,20,0.5,5.5,50,0,0.1,0.1,0.1,0.1,0.1,0.1,0.5,0,17143,0.050166249,0.018724844,6702,0.106833781,0.086392122,4939,0.034622393,0,0,0,0,0,0.44,0.991100357
61802.63,0.403786551,0.5,6137,37,0.585575,32.8125,35.125,35.91,0,0,0.07,0,0,20,0.5,5.5,50,0,0.1,0.1,0.1,0.1,0.1,0.1,0.5,0,16187,0.049854822,0.018718725,6453,0.10227801,0.082442275,4959,0.033474491,0,0,0,0,0,5,0.991100357
61862.66,0.414820563,0.5,6137,37,0.2191,33.25,35.0625,37.09,0,0,0.25,0,0,20,0.5,5.5,50,0,0.1,0.1,0.1,0.1,0.1,0.1,0.5,0,15457,0.050850747,0.019214595,6223,0.104451229,0.084525149,4878,0.03403034,0,0,0,0,0,5,0.991100357
61922.72,0.474812569,0.5,6137,37,0.1642,33.3125,35,37.43,0,0,0.07,0,0,20,0.5,5.5,50,0,0.1,0.1,0.1,0.1,0.1,0.1,0.5,0,15031,0.051959284,0.019626106,6472,0.102750309,0.082509271,4886,0.033769955,0,0,0,0,0,5,0.991100357
61982.79,0.456822831,0.5,6137,37,0.108,33.5,35.0625,37.51,0,0,0.07,0,0,20,0.5,5.5,50,0,0.1,0.1,0.1,0.1,0.1,0.1,0.5,0,15264,0.052083333,0.019261006,6412,0.103867748,0.084373051,4915,0.034384537,0,0,0,0,0,5,0.991100357
62042.86,0.436223689,0.5,6137,37,0.0804,33.4375,35.0625,37.37,0,0,0.07,0,0,20,0.5,5.5,50,0,0.1,0.1,0.1,0.1,0.1,0.1,0.5,0,15686,0.051064644,0.019061584,6455,0.105034857,0.085050349,4961,0.034872002,0,0,0,0,0,5,0.991100357
62102.93,0.451411536,0.5,6137,37,0.1449,33.3125,35.125,37.25,0,0,0.07,0,0,20,0.5,5.5,50,0,0.1,0.1,0.1,0.1,0.1,0.1,0.5,0,15910,0.05097423,0.019170333,6689,0.103752429,0.084317536,4989,0.034275406,0,0,0,0,0,5,0.991100357
62163,0.43416884,0.5,6137,37,0.1565,33.375,35.0625,37.19,0,0,0.25,0,0,20,0.5,5.5,50,0,0.1,0.1,0.1,0.1,0.1,0.1,0.5,0,15741,0.051457976,0.01943968,6722,0.105177031,0.085093722,4941,0.034405991,0,0,0,0,0,5,0.824707549
62223.06,0.510542616,0.5,6137,37,0.142,33.1875,35.0625,37.19,0,0,0.07,0,0,20,0.5,5.5,50,0,0.1,0.1,0.1,0.1,0.1,0.1,0.5,0,16236,0.051120966,0.019339739,6667,0.105894705,0.086095695,5124,0.035128806,0,0,0,0,0,5,1.269594042
62283.13,0.527687552,0.5,6137,37,0.1504,33.0625,35,36.95,0,0,0.07,0,0,20,0.5,5.5,50,0,0.1,0.1,0.1,0.1,0.1,0.1,0.5,0,16501,0.050966608,0.019089752,6871,0.104642701,0.085140445,4902,0.034679723,0,0,0,0,0,5,1.30520505
62343.17,0.523136521,0.5,6137,37,0.1432,33.125,35.0625,36.97,0,0,0.07,0,0,20,0.5,5.5,50,0,0.1,0.1,0.1,0.1,0.1,0.1,0.5,0,16773,0.050497824,0.019018661,6595,0.110235027,0.088551933,5035,0.034955313,0,0,0,0,0,5,1.213959136
62403.21,0.511207935,0.5,6137,37,0.1464,33.125,35.0625,36.93,0,0,0,0,0,20,0.5,5.5,50,0,0.1,0.1,0.1,0.1,0.1,0.1,0.5,0,15964,0.0518667,0.019669256,6857,0.108064751,0.087501823,5034,0.034962257,0,0,0,0,0,5,1.084063066
62463.25,0.510965796,0.5,6137,37,0.1328,33.1875,35.0625,36.97,0,0,0,0,0,20,0.5,5.5,50,0,0.1,0.1,0.1,0.1,0.1,0.1,0.5,0,16281,0.052208095,0.019593391,7243,0.105205026,0.085461825,5037,0.034742903,0,0,0,0,0,5,1.028438591
62523.32,0.527814425,0.5,6137,37,0.1707,33.1875,35.0625,37.01,0,0,0,0,0,20,0.5,5.5,50,0,0.1,0.1,0.1,0.1,0.1,0.1,0.5,0,16605,0.051671183,0.019331527,7038,0.108127309,0.087098608,5258,0.035374667,0,0,0,0,0,5,1.074342968
62583.38,0.535866763,0.5,6137,37,0.1801,33.1875,35,37.01,0,0,0,0,0,20,0.5,5.5,50,0,0.1,0.1,0.1,0.1,0.1,0.1,0.5,0,16733,0.051574733,0.019422698,6907,0.111046764,0.089474446,5519,0.034970103,0,0,0,0,0,5,1.06604822
62643.45,0.520658245,0.5,6137,37,0.1371,33.0625,35,37.09,0,0,0,0,0,20,0.5,5.5,50,0,0.1,0.1,0.1,0.1,0.1,0.1,0.5,0,17033,0.051488287,0.019198027,7034,0.11017913,0.089849303,5042,0.035700119,0,0,0,0,0,5,0.926370746
62703.53,0.538761822,0.5,6137,37,0.1108,33.125,35.0625,36.89,0,0,0,0,0,20,0.5,5.5,50,0,0.1,0.1,0.1,0.1,0.1,0.1,0.5,0,17559,0.050971012,0.019078535,7250,0.109793103,0.089241379,5074,0.035869137,0,0,0,0,0,5,0.982591362
62763.57,0.581408344,0.5,6137,37,0.1634,33.0625,35,36.93,0,0,0,0,0,20,0.5,5.5,50,0,0.1,0.1,0.1,0.1,0.1,0.1,0.5,0,17257,0.051399432,0.019296517,7104,0.112190315,0.09107545,5219,0.035639011,0,0,0,0,0,5,1.16200106
62823.64,0.540604024,0.5,6137,37,0.1604,33.125,35.0625,36.85,0,0.02,0.15,0,0,20,0.5,5.5,50,0,0.1,0.1,0.1,0.1,0.1,0.1,0.5,0,17196,0.051465457,0.019248662,7220,0.112742382,0.090581717,5236,0.035905271,0,0,0,0,0,0.44,1.16200106
62883.7,0.487115061,0.5,6137,37,0.499975,32.9375,35,35.91,0,0.016458633,0.135834533,0,0,20,0.5,5.5,50,0,0.1,0.1,0.1,0.1,0.1,0.1,0.5,0,17326,0.049463234,0.018584786,6991,0.106994707,0.086539837,5037,0.035537026,0,0,0,0,0,0.44,1.16200106
62943.75,0.462151483,0.5,6137,37,0.556728732,32.875,35,36.13,0,0.013615422,0.124461687,0,0,20,0.5,5.5,50,0,0.1,0.1,0.1,0.1,0.1,0.1,0.5,0,14833,0.052248365,0.019618418,6693,0.103839833,0.083968325,4878,0.034235342,0,0,0,0,0,0.44,1.16200106
63003.82,0.459426629,0.5,6137,37,0.498186651,32.875,35.0625,36.23,0,0,0.07,0,0,20,0.5,5.5,50,0,0.1,0.1,0.1,0.1,0.1,0.1,0.5,0,15392,0.050285863,0.019230769,6399,0.10189092,0.082512893,4680,0.034615385,0,0,0,0,0,5,1.16200106
63063.89,0.460932703,0.5,6137,37,0.2538,33.0625,35.0625,36.89,0,0,0.25,0,0,20,0.5,5.5,50,0,0.1,0.1,0.1,0.1,0.1,0.1,0.5,0,16120,0.049069479,0.018610422,6297,0.102270923,0.083214229,4789,0.03361871,0,0,0,0,0,5,1.16200106
63123.94,0.487372956,0.5,6137,37,0.1194,33.1875,35.0625,37.37,0,0,0.07,0,0,20,0.5,5.5,50,0,0.1,0.1,0.1,0.1,0.1,0.1,0.5,0,15184,0.050645416,0.019296628,6306,0.103552173,0.083412623,4897,0.034306718,0,0,0,0,0,5,1.16200106
63183.99,0.481120171,0.5,6137,37,0.105,33.25,35.125,37.53,0,0,0.07,0,0,20,0.5,5.5,50,0,0.1,0.1,0.1,0.1,0.1,0.1,0.5,0,15696,0.049949032,0.018922018,6616,0.100967352,0.082073761,4808,0.034317804,0,0,0,0,0,5,1.16200106
63244.06,0.432217201,0.5,6137,37,0.1333,33.375,35.0625,37.45,0,0,0.07,0,0,20,0.5,5.5,50,0,0.1,0.1,0.1,0.1,0.1,0.1,0.5,0,15341,0.050844143,0.019229516,6601,0.103469171,0.083472201,5064,0.033965245,0,0,0,0,0,5,1.16200106
63304.12,0.455805408,0.5,6137,37,0.1284,33.4375,35.0625,37.19,0,0,0.07,0,0,20,0.5,5.5,50,0,0.1,0.1,0.1,0.1,0.1,0.1,0.5,0,15946,0.049981187,0.019127054,6728,0.102853746,0.083234245,4936,0.034035656,0,0,0,0,0,5,1.16200106
63364.19,0.474029894,0.5,6137,37,0.1285,33.375,35,37.25,0,0,0.25,0,0,20,0.5,5.5,50,0,0.1,0.1,0.1,0.1,0.1,0.1,0.5,0,15472,0.051253878,0.019002068,6703,0.10353573,0.084141429,4980,0.034939759,0,0,0,0,0,5,1.22151422
63424.24,0.448444469,0.5,6137,37,0.141,33.1875,35,37.21,0,0,0.07,0,0,20,0.5,5.5,50,0,0.1,0.1,0.1,0.1,0.1,0.1,0.5,0,16912,0.049018448,0.018803217,7006,0.102198116,0.083071653,5036,0.035146942,0,0,0,0,0,5,0.993981925
63484.28,0.482571578,0.5,6137,37,0.0926,33.1875,35.0625,37.27,0,0,0.07,0,0,20,0.5,5.5,50,0,0.1,0.1,0.1,0.1,0.1,0.1,0.5,0,16415,0.049588791,0.019067926,6695,0.106497386,0.08648245,5158,0.035091121,0,0,0,0,0,5,1.164316029
63544.32,0.480370864,0.5,6137,37,0.1546,33.1875,35,37.11,0,0,0.07,0,0,20,0.5,5.5,50,0,0.1,0.1,0.1,0.1,0.1,0.1,0.5,0,16777,0.049651308,0.01883531,7073,0.103774919,0.08412272,5007,0.03555023,0,0,0,0,0,5,1.092387767
63604.39,0.481052659,0.5,6137,37,0.1363,33.1875,35,37.05,0,0,0,0,0,20,0.5,5.5,50,0,0.1,0.1,0.1,0.1,0.1,0.1,0.5,0,16812,0.049666905,0.018974542,6678,0.108415693,0.087900569,5188,0.035273709,0,0,0,0,0,5,1.042023293
63664.5,0.49716146,0.5,6137,37,0.1212,33.125,35,37.11,0,0,0,0,0,20,0.5,5.5,50,0,0.1,0.1,0.1,0.1,0.1,0.1,0.5,0,16086,0.051162502,0.019271416,6804,0.108612581,0.087595532,5295,0.034938621,0,0,0,0,0,5,1.088736429
63724.57,0.502625236,0.5,6137,37,0.1579,33.1875,35,37.25,0,0,0,0,0,20,0.5,5.5,50,0,0.1,0.1,0.1,0.1,0.1,0.1,0.5,0,16618,0.050006018,0.019196052,6939,0.108805303,0.087908921,5189,0.034688765,0,0,0,0,0,5,1.067089584
63784.62,0.504027842,0.5,6137,37,0.1387,33.1875,35,36.97,0,0,0,0,0,20,0.5,5.5,50,0,0.1,0.1,0.1,0.1,0.1,0.1,0.5,0,17378,0.049142594,0.018759351,7052,0.107487238,0.087067499,5263,0.03534106,0,0,0,0,0,5,1.022095127
63844.69,0.525457613,0.5,6137,37,0.1725,33.1875,35,37.01,0,0,0,0,0,20,0.5,5.5,50,0,0.1,0.1,0.1,0.1,0.1,0.1,0.5,0,17489,0.049402482,0.018754646,7085,0.109244884,0.088496824,5222,0.035427039,0,0,0,0,0,5,1.095904422
63904.76,0.560286641,0.5,6137,37,0.1492,33.0625,35,37.13,0,0,0,0,0,20,0.5,5.5,50,0,0.1,0.1,0.1,0.1,0.1,0.1,0.5,0,17501,0.049711445,0.018798926,7045,0.11071682,0.089567069,5250,0.035809524,0,0,0,0,0,5,1.233646154
63964.83,0.535087059,0.5,6137,37,0.1786,33.125,35,37.11,0,0,0,0,0,20,0.5,5.5,50,0,0.1,0.1,0.1,0.1,0.1,0.1,0.5,0,17211,0.050142351,0.018883272,7748,0.104930305,0.08557047,5418,0.035068291,0,0,0,0,0,5,1.033906698
64024.9,0.528462717,0.5,6137,37,0.1527,33.1875,35,37.11,0,0,0,0,0,20,0.5,5.5,50,0,0.1,0.1,0.1,0.1,0.1,0.1,0.5,0,17741,0.049771715,0.018826447,7306,0.110457158,0.089104845,5320,0.035338346,0,0,0,0,0,5,0.944839751
64084.95,0.5474236,0.5,6137,37,0.1332,33.1875,35,37.05,0,0,0,0,0,20,0.5,5.5,50,0,0.1,0.1,0.1,0.1,0.1,0.1,0.5,0,18080,0.049834071,0.01875,7477,0.109402167,0.089073158,5422,0.035595721,0,0,0,0,0,5,1.003349718
64145.01,0.566832662,0.5,6137,37,0.175,33.1875,35,37.09,0,0.02,0.15,0,0,20,0.5,5.5,50,0,0.1,0.1,0.1,0.1,0.1,0.1,0.5,0,18553,0.049048671,0.018541476,7489,0.111096275,0.090399252,5170,0.036363636,0,0,0,0,0,0.44,1.003349718
64205.05,0.553082298,0.5,6137,37,0.4418,32.875,35,35.99,0,0.02,0.15,0,0,20,0.5,5.5,50,0,0.1,0.1,0.1,0.1,0.1,0.1,0.5,0,16967,0.049861496,0.018801202,7026,0.10873897,0.087674352,5272,0.034901366,0,0,0,0,0,0.44,1.003349718
64265.11,0.486805482,0.5,6137,37,0.542,32.6875,35,35.89,0,0.02,0.25,0,0,20,0.5,5.5,50,0,0.1,0.1,0.1,0.1,0.1,0.1,0.5,0,16216,0.049950666,0.019055254,6904,0.103273465,0.083574739,5076,0.03427896,0,0,0,0,0,0.44,1.003349718
64325.16,0.444684138,0.5,6137,37,0.5871,32.8125,35,35.85,0,0,0.07,0,0,20,0.5,5.5,50,0,0.1,0.1,0.1,0.1,0.1,0.1,0.5,0,15211,0.050358293,0.019130892,6361,0.102342399,0.082691401,4949,0.033946252,0,0,0,0,0,5,1.003349718
64385.23,0.482936485,0.5,6137,37,0.2611,33,35,37.03,0,0,0.07,0,0,20,0.5,5.5,50,0,0.1,0.1,0.1,0.1,0.1,0.1,0.5,0,16430,0.047778454,0.018198418,6407,0.1009833,0.081941626,4914,0.033984534,0,0,0,0,0,5,1.003349718
64445.29,0.455987291,0.5,6137,37,0.1382,33.3125,35,37.45,0,0,0.07,0,0,20,0.5,5.5,50,0,0.1,0.1,0.1,0.1,0.1,0.1,0.5,0,16362,0.048038137,0.018457401,6347,0.101937923,0.082401134,4882,0.03359279,0,0,0,0,0,5,1.003349718
64505.33,0.464902881,0.5,6137,37,0.0967,33.375,35,37.51,0,0,0.07,0,0,20,0.5,5.5,50,0,0.1,0.1,0.1,0.1,0.1,0.1,0.5,0,15276,0.050144017,0.019180414,6460,0.102941176,0.083436533,4871,0.034079245,0,0,0,0,0,5,1.003349718
64565.37,0.457688011,0.5,6137,37,0.1653,33.375,35,37.27,0,0,0.25,0,0,20,0.5,5.5,50,0,0.1,0.1,0.1,0.1,0.1,0.1,0.5,0,16306,0.049061695,0.018704771,6422,0.104796014,0.084553099,4970,0.034406439,0,0,0,0,0,5,1.003349718
64625.43,0.46775738,0.5,6137,37,0.1333,33.4375,35,37.33,0,0,0.07,0,0,20,0.5,5.5,50,0,0.1,0.1,0.1,0.1,0.1,0.1,0.5,0,16321,0.04864898,0.018565039,6608,0.103813559,0.083686441,4810,0.034927235,0,0,0,0,0,5,1.003349718
64685.48,0.472753723,0.5,6137,37,0.1054,33.375,35,37.29,0,0,0.07,0,0,20,0.5,5.5,50,0,0.1,0.1,0.1,0.1,0.1,0.1,0.5,0,16416,0.049220273,0.018640351,6520,0.105214724,0.085429448,5135,0.034469328,0,0,0,0,0,5,0.985056755
64745.55,0.473564565,0.5,6137,37,0.1296,33.4375,35,37.09,0,0,0.07,0,0,20,0.5,5.5,50,0,0.1,0.1,0.1,0.1,0.1,0.1,0.5,0,16717,0.048334031,0.018723455,6894,0.103858428,0.083550914,5120,0.034960938,0,0,0,0,0,5,0.940944951
64805.62,0.528606616,0.5,6137,37,0.1424,33.1875,35,37.09,0,0,0.07,0,0,20,0.5,5.5,50,0,0.1,0.1,0.1,0.1,0.1,0.1,0.5,0,15946,0.050043898,0.019127054,6792,0.105565371,0.086130742,4890,0.035378323,0,0,0,0,0,5,1.223766476
64865.7,0.472152848,0.5,6137,37,0.1835,33.25,35,37.05,0,0,0.25,0,0,20,0.5,5.5,50,0,0.1,0.1,0.1,0.1,0.1,0.1,0.5,0,16782,0.048802288,0.018591348,6786,0.106542882,0.086501621,5160,0.034302326,0,0,0,0,0,5,0.823752885
64925.76,0.505739447,0.5,6137,37,0.134,33.25,35,37.17,0,0,0,0,0,20,0.5,5.5,50,0,0.1,0.1,0.1,0.1,0.1,0.1,0.5,0,16590,0.049487643,0.018987342,7135,0.104414856,0.084933427,5140,0.03463035,0,0,0,0,0,5,0.988721782
64985.81,0.512019077,0.5,6137,37,0.1145,33.25,35.0625,37.11,0,0,0,0,0,20,0.5,5.5,50,0,0.1,0.1,0.1,0.1,0.1,0.1,0.5,0,17006,0.048629895,0.018758085,7059,0.105822354,0.086839496,5170,0.034816248,0,0,0,0,0,5,0.976306518
65045.88,0.513833673,0.5,6137,37,0.1306,33.25,35,37.19,0,0,0,0,0,20,0.5,5.5,50,0,0.1,0.1,0.1,0.1,0.1,0.1,0.5,0,16743,0.049632682,0.018813833,6999,0.108015431,0.087726818,5301,0.034710432,0,0,0,0,0,5,0.938104396
65105.92,0.526684261,0.5,6137,37,0.1426,33.1875,34.9375,37.11,0,0,0,0,0,20,0.5,5.5,50,0,0.1,0.1,0.1,0.1,0.1,0.1,0.5,0,16944,0.049693107,0.018708687,7136,0.107623318,0.087443946,5250,0.035238095,0,0,0,0,0,5,0.965304048
65165.96,0.587541825,0.5,6137,37,0.1549,33,35,37.01,0,0,0,0,0,20,0.5,5.5,50,0,0.1,0.1,0.1,0.1,0.1,0.1,0.5,0,17357,0.049317278,0.018954889,6938,0.111127126,0.090371865,5066,0.035530991,0,0,0,0,0,5,1.245077422
65226.04,0.554219065,0.5,6137,37,0.1366,33.125,35,37.05,0,0.02,0.15,0,0,20,0.5,5.5,50,0,0.1,0.1,0.1,0.1,0.1,0.1,0.5,0,16196,0.051185478,0.019325759,7293,0.108734403,0.088303853,5511,0.035202323,0,0,0,0,0,0.44,1.245077422
65286.09,0.488932603,0.5,6137,37,0.4942,33,35,36.13,0,0.018054288,0.14221715,0,0,20,0.5,5.5,50,0,0.1,0.1,0.1,0.1,0.1,0.1,0.5,0,16539,0.049156539,0.018622649,6868,0.106581246,0.086051252,5155,0.034335597,0,0,0,0,0,0.44,1.245077422
65346.15,0.44356733,0.5,6137,37,0.55257079,32.75,35,35.97,0,0,0.07,0,0,20,0.5,5.5,50,0,0.1,0.1,0.1,0.1,0.1,0.1,0.5,0,16794,0.047755151,0.018161248,6726,0.100951531,0.082069581,4947,0.034768547,0,0,0,0,0,5,1.245077422
65406.18,0.435959923,0.5,6137,37,0.3217,33.0625,34.9375,36.85,0,0,0.07,0,0,20,0.5,5.5,50,0,0.1,0.1,0.1,0.1,0.1,0.1,0.5,0,15707,0.049341058,0.018781435,6585,0.102657555,0.083219438,5009,0.034338191,0,0,0,0,0,5,1.245077422
65466.22,0.448041039,0.5,6137,37,0.1742,33.3125,35,37.21,0,0,0.25,0,0,20,0.5,5.5,50,0,0.1,0.1,0.1,0.1,0.1,0.1,0.5,0,16611,0.047679249,0.018240925,6604,0.102967898,0.083585706,4988,0.03468324,0,0,0,0,0,5,1.245077422
65526.28,0.480289634,0.5,6137,37,0.1428,33.4375,34.9375,37.49,0,0,0.07,0,0,20,0.5,5.5,50,0,0.1,0.1,0.1,0.1,0.1,0.1,0.5,0,15997,0.049196724,0.018753516,6524,0.104537094,0.084763948,4914,0.033984534,0,0,0,0,0,5,1.245077422
65586.33,0.450043582,0.5,6137,37,0.1193,33.375,35,37.35,0,0,0.07,0,0,20,0.5,5.5,50,0,0.1,0.1,0.1,0.1,0.1,0.1,0.5,0,16211,0.049040775,0.018814385,6507,0.106347011,0.085907484,4998,0.034213685,0,0,0,0,0,5,1.245077422
65646.4,0.471501789,0.5,6137,37,0.1606,33.375,35.0625,37.41,0,0,0.07,0,0,20,0.5,5.5,50,0,0.1,0.1,0.1,0.1,0.1,0.1,0.5,0,16697,0.048691382,0.018685991,6847,0.104279246,0.084270483,4956,0.034705408,0,0,0,0,0,5,1.245077422
65706.47,0.463253028,0.5,6137,37,0.1549,33.4375,35.0625,37.27,0,0,0.07,0,0,20,0.5,5.5,50,0,0.1,0.1,0.1,0.1,0.1,0.1,0.5,0,16638,0.048323116,0.018571944,6740,0.105934718,0.085756677,5113,0.035008801,0,0,0,0,0,5,1.129875065
65766.59,0.507051078,0.5,6137,37,0.1668,33.25,35,37.21,0,0,0.25,0,0,20,0.5,5.5,50,0,0.1,0.1,0.1,0.1,0.1,0.1,0.5,0,15826,0.050107418,0.019019335,6740,0.107418398,0.087833828,5395,0.035403151,0,0,0,0,0,5,1.34439634
65826.65,0.519628008,0.5,6137,37,0.157,33.25,35,37.25,0,0,0.07,0,0,20,0.5,5.5,50,0,0.1,0.1,0.1,0.1,0.1,0.1,0.5,0,17773,0.047375232,0.018398695,6743,0.10840872,0.088091354,5220,0.0348659,0,0,0,0,0,5,1.35068085
65886.7,0.486483481,0.5,6137,37,0.1154,33.25,35,37.17,0,0,0.07,0,0,20,0.5,5.5,50,0,0.1,0.1,0.1,0.1,0.1,0.1,0.5,0,16441,0.049632018,0.019037771,7165,0.10551291,0.085973482,5203,0.035364213,0,0,0,0,0,5,1.08541609
65946.75,0.503908806,0.5,6137,37,0.1097,33.25,35,37.17,0,0,0,0,0,20,0.5,5.5,50,0,0.1,0.1,0.1,0.1,0.1,0.1,0.5,0,17123,0.04882322,0.018805116,6997,0.108189224,0.087608975,5459,0.035354461,0,0,0,0,0,5,1.136722378
66006.83,0.515787021,0.5,6137,37,0.1549,33.25,35.0625,37.09,0,0,0,0,0,20,0.5,5.5,50,0,0.1,0.1,0.1,0.1,0.1,0.1,0.5,0,18369,0.046926888,0.018291687,7080,0.108898305,0.088276836,5145,0.034985423,0,0,0,0,0,5,1.149782115
66066.88,0.553551257,0.5,6137,37,0.1781,33.1875,35,37.17,0,0,0,0,0,20,0.5,5.5,50,0,0.1,0.1,0.1,0.1,0.1,0.1,0.5,0,17481,0.04896745,0.018763229,7507,0.10576795,0.085919808,5284,0.035768357,0,0,0,0,0,5,1.304274281
66126.93,0.54318928,0.5,6137,37,0.1425,33.125,34.9375,37.13,0,0.02,0.15,0,0,20,0.5,5.5,50,0,0.1,0.1,0.1,0.1,0.1,0.1,0.5,0,17701,0.048697814,0.018643015,7516,0.107237892,0.086482171,5118,0.035951544,0,0,0,0,0,0.44,1.304274281
66186.99,0.497549649,0.5,6137,37,0.488725,33,34.9375,35.91,0,0.02,0.15,0,0,20,0.5,5.5,50,0,0.1,0.1,0.1,0.1,0.1,0.1,0.5,0,16513,0.048991704,0.018894205,6984,0.104810997,0.084908362,5317,0.034041753,0,0,0,0,0,0.44,1.304274281
66247.04,0.460519262,0.5,6137,37,0.605125,32.875,34.9375,35.71,0,0.019510757,0.148043027,0,0,20,0.5,5.5,50,0,0.1,0.1,0.1,0.1,0.1,0.1,0.5,0,15935,0.048446815,0.018763728,6448,0.102512407,0.083126551,4957,0.033891467,0,0,0,0,0,0.44,1.304274281
66307.1,0.421664162,0.5,6137,37,0.600735527,32.8125,35,35.97,0,0,0.07,0,0,20,0.5,5.5,50,0,0.1,0.1,0.1,0.1,0.1,0.1,0.5,0,15067,0.048582996,0.01865003,6351,0.097307511,0.07904267,4797,0.033562643,0,0,0,0,0,5,1.304274281
66367.14,0.406460721,0.5,6137,37,0.2784,33.1875,35,37.01,0,0,0.25,0,0,20,0.5,5.5,50,0,0.1,0.1,0.1,0.1,0.1,0.1,0.5,0,15744,0.047129065,0.01816565,6157,0.099236641,0.08072113,4795,0.033576642,0,0,0,0,0,5,1.304274281
66427.19,0.403943429,0.5,6137,37,0.1375,33.5,35,37.53,0,0,0.07,0,0,20,0.5,5.5,50,0,0.1,0.1,0.1,0.1,0.1,0.1,0.5,0,15708,0.0473644,0.018398268,6436,0.097576134,0.078464885,4662,0.033462033,0,0,0,0,0,5,1.304274281
66487.23,0.39192719,0.5,6137,37,0.0936,33.4375,35,37.63,0,0,0.07,0,0,20,0.5,5.5,50,0,0.1,0.1,0.1,0.1,0.1,0.1,0.5,0,15440,0.047992228,0.018523316,6165,0.101216545,0.082400649,5041,0.033326721,0,0,0,0,0,5,1.304274281
66547.27,0.402251748,0.5,6137,37,0.1569,33.4375,35,37.33,0,0,0.07,0,0,20,0.5,5.5,50,0,0.1,0.1,0.1,0.1,0.1,0.1,0.5,0,15518,0.048266529,0.018752417,6532,0.099050827,0.079761176,4855,0.034191555,0,0,0,0,0,5,1.304274281
66607.35,0.456803047,0.5,6137,37,0.1552,33.375,35,37.29,0,0,0.07,0,0,20,0.5,5.5,50,0,0.1,0.1,0.1,0.1,0.1,0.1,0.5,0,15807,0.047890175,0.018536092,6462,0.099659548,0.081089446,4700,0.034255319,0,0,0,0,0,5,1.304274281
66667.42,0.456712992,0.5,6137,37,0.1497,33.4375,35,37.27,0,0,0.25,0,0,20,0.5,5.5,50,0,0.1,0.1,0.1,0.1,0.1,0.1,0.5,0,15583,0.048642752,0.018545851,6501,0.101676665,0.081679742,4951,0.033932539,0,0,0,0,0,5,1.238469088
66727.48,0.45149017,0.5,6137,37,0.1154,33.375,35.0625,37.37,0,0,0.07,0,0,20,0.5,5.5,50,0,0.1,0.1,0.1,0.1,0.1,0.1,0.5,0,15954,0.048075718,0.018678701,6428,0.102364655,0.08322962,5160,0.033914729,0,0,0,0,0,5,1.142040927
66787.52,0.466577117,0.5,6137,37,0.1567,33.3125,35.0625,37.17,0,0,0.07,0,0,20,0.5,5.5,50,0,0.1,0.1,0.1,0.1,0.1,0.1,0.5,0,15807,0.048775859,0.018599355,6343,0.105628252,0.08481791,4942,0.03500607,0,0,0,0,0,5,1.183548031
66847.59,0.473404421,0.5,6137,37,0.1633,33.1875,35,37.11,0,0,0.07,0,0,20,0.5,5.5,50,0,0.1,0.1,0.1,0.1,0.1,0.1,0.5,0,16282,0.04796708,0.018486672,6764,0.102010645,0.082347723,4852,0.034624897,0,0,0,0,0,5,1.167950786
66907.65,0.530621827,0.5,6137,37,0.1432,33.0625,34.9375,37.17,0,0,0,0,0,20,0.5,5.5,50,0,0.1,0.1,0.1,0.1,0.1,0.1,0.5,0,16429,0.048085702,0.018625601,6532,0.104715248,0.08496632,4989,0.034275406,0,0,0,0,0,5,1.451851875
66967.73,0.505114145,0.5,6137,37,0.1516,33.1875,34.9375,37.11,0,0,0,0,0,20,0.5,5.5,50,0,0.1,0.1,0.1,0.1,0.1,0.1,0.5,0,16713,0.04786693,0.018488602,6698,0.103911615,0.08420424,5034,0.03416766,0,0,0,0,0,5,1.231463848
67027.77,0.481488583,0.5,6137,37,0.1203,33.1875,35,37.21,0,0,0,0,0,20,0.5,5.5,50,0,0.1,0.1,0.1,0.1,0.1,0.1,0.5,0,16076,0.048706146,0.018847972,6645,0.106546275,0.08592927,5328,0.034346847,0,0,0,0,0,5,1.026184912
67087.85,0.546263557,0.5,6137,37,0.1617,33.0625,34.9375,37.03,0,0,0,0,0,20,0.5,5.5,50,0,0.1,0.1,0.1,0.1,0.1,0.1,0.5,0,16261,0.048705492,0.018879528,6790,0.106038292,0.085861561,5121,0.034758836,0,0,0,0,0,5,1.353532805
67147.9,0.503645221,0.5,6137,37,0.1316,33.125,35,37.13,0,0,0,0,0,20,0.5,5.5,50,0,0.1,0.1,0.1,0.1,0.1,0.1,0.5,0,16677,0.048330035,0.018708401,7084,0.10417843,0.084556748,5152,0.034743789,0,0,0,0,0,5,1.042167747
67207.98,0.503489976,0.5,6137,37,0.1798,33.25,35,36.93,0,0,0,0,0,20,0.5,5.5,50,0,0.1,0.1,0.1,0.1,0.1,0.1,0.5,0,17605,0.047259301,0.01834706,6950,0.10647482,0.086043165,5033,0.035763958,0,0,0,0,0,5,0.989134495
67268.05,0.513739679,0.5,6137,37,0.1459,33.125,35,37.05,0,0,0,0,0,20,0.5,5.5,50,0,0.1,0.1,0.1,0.1,0.1,0.1,0.5,0,17660,0.047338618,0.018233296,6844,0.108708358,0.088252484,5294,0.035889686,0,0,0,0,0,5,1.000136388
67328.09,0.521838638,0.5,6137,37,0.1753,33.125,35.0625,36.93,0,0,0,0,0,20,0.5,5.5,50,0,0.1,0.1,0.1,0.1,0.1,0.1,0.5,0,16610,0.049187237,0.018964479,7213,0.10661306,0.086094552,5219,0.034872581,0,0,0,0,0,5,0.99705479
67388.14,0.513975938,0.5,6137,37,0.1279,33.0625,35,37.11,0,0,0,0,0,20,0.5,5.5,50,0,0.1,0.1,0.1,0.1,0.1,0.1,0.5,0,17315,0.04885937,0.018712099,7301,0.106560745,0.086563484,5390,0.03580705,0,0,0,0,0,5,0.901656153
67448.21,0.542198451,0.5,6137,37,0.099,33.1875,35,37.21,0,0,0,0,0,20,0.5,5.5,50,0,0.1,0.1,0.1,0.1,0.1,0.1,0.5,0,17442,0.048331613,0.018575851,7485,0.105277221,0.085370741,5330,0.035834897,0,0,0,0,0,5,1.016940232
67508.25,0.537847247,0.5,6137,37,0.1269,33.0625,35.0625,37.09,0,0,0,0,0,20,0.5,5.5,50,0,0.1,0.1,0.1,0.1,0.1,0.1,0.5,0,18647,0.047031694,0.018018984,7264,0.108617841,0.088518722,5432,0.035714286,0,0,0,0,0,5,0.941920756
67568.33,0.555132598,0.5,6137,37,0.141,33,35.0625,37.03,0,0,0,0,0,20,0.5,5.5,50,0,0.1,0.1,0.1,0.1,0.1,0.1,0.5,0,17616,0.048648955,0.01873297,7565,0.10720423,0.087243886,5376,0.035342262,0,0,0,0,0,5,0.98972194
67628.4,0.583176787,0.5,6137,37,0.1863,33.0625,35,36.85,0,0.02,0.15,0,0,20,0.5,5.5,50,0,0.1,0.1,0.1,0.1,0.1,0.1,0.5,0,18608,0.04766767,0.018271711,7198,0.111697694,0.090997499,5569,0.035374394,0,0,0,0,0,0.44,0.98972194
67688.47,0.516550022,0.5,6137,37,0.4201,33,35,36.25,0,0.02,0.15,0,0,20,0.5,5.5,50,0,0.1,0.1,0.1,0.1,0.1,0.1,0.5,0,17649,0.048218029,0.018414641,7250,0.107586207,0.087310345,5242,0.035673407,0,0,0,0,0,0.44,0.98972194
67748.53,0.475626325,0.5,6137,37,0.5471,32.8125,35,35.81,0,0.02,0.15,0,0,20,0.5,5.5,50,0,0.1,0.1,0.1,0.1,0.1,0.1,0.5,0,17125,0.047591241,0.018452555,6969,0.104032142,0.083799684,5184,0.035300926,0,0,0,0,0,0.44,0.98972194
67808.58,0.438257499,0.5,6137,37,0.576225,32.8125,34.9375,35.89,0,0,0.07,0,0,20,0.5,5.5,50,0,0.1,0.1,0.1,0.1,0.1,0.1,0.5,0,16294,0.047318031,0.018411685,6483,0.10165047,0.081443776,4856,0.033772652,0,0,0,0,0,5,0.98972194
67868.69,0.437487756,0.5,6137,37,0.2849,33.0625,34.9375,36.89,0,0,0.25,0,0,20,0.5,5.5,50,0,0.1,0.1,0.1,0.1,0.1,0.1,0.5,0,15949,0.04771459,0.018308358,6582,0.100273473,0.081130356,4807,0.033700853,0,0,0,0,0,5,0.98972194
67928.74,0.44815727,0.5,6137,37,0.1671,33.1875,35,37.33,0,0,0.07,0,0,20,0.5,5.5,50,0,0.1,0.1,0.1,0.1,0.1,0.1,0.5,0,16724,0.046699354,0.018237264,6583,0.099954428,0.081269938,4855,0.034191555,0,0,0,0,0,5,0.98972194
67988.8,0.438003125,0.5,6137,37,0.166,33.25,35,37.29,0,0,0.07,0,0,20,0.5,5.5,50,0,0.1,0.1,0.1,0.1,0.1,0.1,0.5,0,16613,0.047191958,0.017997953,6681,0.099835354,0.081873971,5065,0.033563672,0,0,0,0,0,5,0.98972194
68048.84,0.486523546,0.5,6137,37,0.1151,33.1875,35.0625,37.43,0,0,0.07,0,0,20,0.5,5.5,50,0,0.1,0.1,0.1,0.1,0.1,0.1,0.5,0,16610,0.047080072,0.018181818,6514,0.102548357,0.083819466,4946,0.03497776,0,0,0,0,0,5,0.98972194
68108.89,0.463312014,0.5,6137,37,0.1022,33.3125,35,37.43,0,0,0.07,0,0,20,0.5,5.5,50,0,0.1,0.1,0.1,0.1,0.1,0.1,0.5,0,15754,0.048876476,0.018661927,6617,0.10291673,0.083270364,5198,0.03424394,0,0,0,0,0,5,0.98972194
68168.93,0.470842818,0.5,6137,37,0.1288,33.1875,35,37.29,0,0,0.25,0,0,20,0.5,5.5,50,0,0.1,0.1,0.1,0.1,0.1,0.1,0.5,0,16785,0.047482872,0.018170986,6856,0.10210035,0.082992999,4807,0.035365093,0,0,0,0,0,5,0.988606628
68228.98,0.49049524,0.5,6137,37,0.1616,33.25,35.0625,37.13,0,0,0.07,0,0,20,0.5,5.5,50,0,0.1,0.1,0.1,0.1,0.1,0.1,0.5,0,16956,0.047652748,0.018400566,6976,0.10206422,0.082855505,5202,0.034986544,0,0,0,0,0,5,1.061850067
68289.05,0.534358468,0.5,6137,37,0.1983,33,35.0625,36.97,0,0,0.07,0,0,20,0.5,5.5,50,0,0.1,0.1,0.1,0.1,0.1,0.1,0.5,0,16057,0.04907517,0.018558884,6841,0.104955416,0.084929104,5184,0.035108025,0,0,0,0,0,5,1.265711542
68349.12,0.518394415,0.5,6137,37,0.1429,33.3125,35.0625,37.17,0,0,0.07,0,0,20,0.5,5.5,50,0,0.1,0.1,0.1,0.1,0.1,0.1,0.5,0,16757,0.048218655,0.018380378,6931,0.104458231,0.084547684,5173,0.034409434,0,0,0,0,0,5,1.111434372
68409.19,0.527448828,0.5,6137,37,0.1513,33.25,35.125,37.11,0,0,0,0,0,20,0.5,5.5,50,0,0.1,0.1,0.1,0.1,0.1,0.1,0.5,0,16086,0.049670521,0.019022753,6878,0.105699331,0.085489968,5435,0.034774609,0,0,0,0,0,5,1.107809097
68469.23,0.510505296,0.5,6137,37,0.1627,32.9375,35.0625,37.05,0,0,0,0,0,20,0.5,5.5,50,0,0.1,0.1,0.1,0.1,0.1,0.1,0.5,0,16731,0.048532664,0.018648019,7042,0.105935814,0.085629083,5176,0.034775889,0,0,0,0,0,5,0.954466122
68529.3,0.538724593,0.5,6137,37,0.1588,33,35.0625,37.05,0,0,0,0,0,20,0.5,5.5,50,0,0.1,0.1,0.1,0.1,0.1,0.1,0.5,0,17846,0.047237476,0.018211364,6798,0.109443954,0.088849662,5319,0.035156984,0,0,0,0,0,5,1.068153226
68589.38,0.545199668,0.5,6137,37,0.1225,33,35.0625,37.17,0,0,0,0,0,20,0.5,5.5,50,0,0.1,0.1,0.1,0.1,0.1,0.1,0.5,0,17376,0.047882136,0.018646409,7049,0.107816712,0.087530146,5261,0.035164417,0,0,0,0,0,5,1.050588394
68649.45,0.588384738,0.5,6137,37,0.1216,33,35.0625,37.17,0,0,0,0,0,20,0.5,5.5,50,0,0.1,0.1,0.1,0.1,0.1,0.1,0.5,0,17638,0.048248101,0.018482821,7062,0.109034268,0.088360238,5198,0.035205848,0,0,0,0,0,0.44,1.050588394
68709.48,0.5489738,0.5,6137,37,0.1047,33.125,35,37.21,0,0.02,0.15,0,0,20,0.5,5.5,50,0,0.1,0.1,0.1,0.1,0.1,0.1,0.5,0,17636,0.047970061,0.018201406,7273,0.107933452,0.08772171,5246,0.036408692,0,0,0,0,0,0.44,1.050588394
68769.52,0.493172189,0.5,6137,37,0.516825,32.9375,34.9375,35.89,0,0.02,0.25,0,0,20,0.5,5.5,50,0,0.1,0.1,0.1,0.1,0.1,0.1,0.5,0,16926,0.04785537,0.018315018,7194,0.102168474,0.083263831,5166,0.034843206,0,0,0,0,0,0.44,1.050588394
68829.56,0.493149839,0.5,6137,37,0.617225,32.5,34.9375,35.61,0,0.02,0.15,0,0,20,0.5,5.5,50,0,0.1,0.1,0.1,0.1,0.1,0.1,0.5,0,15720,0.048473282,0.018829517,6616,0.101269649,0.082073761,5043,0.034503272,0,0,0,0,0,0.44,1.050588394
68889.62,0.43854751,0.5,6137,37,0.61375,32.6875,34.875,35.85,0,0,0.07,0,0,20,0.5,5.5,50,0,0.1,0.1,0.1,0.1,0.1,0.1,0.5,0,15457,0.047486576,0.018179466,6386,0.096617601,0.078296273,4764,0.034005038,0,0,0,0,0,5,1.050588394
68949.69,0.444022909,0.5,6137,37,0.225,32.9375,34.9375,37.21,0,0,0.07,0,0,20,0.5,5.5,50,0,0.1,0.1,0.1,0.1,0.1,0.1,0.5,0,15405,0.047711782,0.018240831,6279,0.097149228,0.079311992,4689,0.033695884,0,0,0,0,0,5,1.050588394
69009.76,0.418251767,0.5,6137,37,0.135,33.1875,34.9375,37.51,0,0,0.07,0,0,20,0.5,5.5,50,0,0.1,0.1,0.1,0.1,0.1,0.1,0.5,0,15027,0.048313037,0.018433486,6299,0.098110811,0.07969519,4819,0.033824445,0,0,0,0,0,5,1.050588394
69069.83,0.419167418,0.5,6137,37,0.165,33.375,34.9375,37.33,0,0,0.25,0,0,20,0.5,5.5,50,0,0.1,0.1,0.1,0.1,0.1,0.1,0.5,0,15469,0.047772965,0.018553236,6576,0.097171533,0.078315085,4706,0.033574161,0,0,0,0,0,5,1.050588394
69129.89,0.507338812,0.5,6137,37,0.1474,33.1875,35,37.35,0,0,0.07,0,0,20,0.5,5.5,50,0,0.1,0.1,0.1,0.1,0.1,0.1,0.5,0,15028,0.048642534,0.018764972,6276,0.101657106,0.081739962,4920,0.034349593,0,0,0,0,0,5,1.050588394
69189.96,0.465404814,0.5,6137,37,0.1498,33.1875,35,37.29,0,0,0.07,0,0,20,0.5,5.5,50,0,0.1,0.1,0.1,0.1,0.1,0.1,0.5,0,16259,0.047235377,0.018389815,6433,0.100264262,0.080677755,4931,0.03386737,0,0,0,0,0,5,1.050588394
69250.03,0.465811991,0.5,6137,37,0.1069,33.3125,35.0625,37.41,0,0,0.07,0,0,20,0.5,5.5,50,0,0.1,0.1,0.1,0.1,0.1,0.1,0.5,0,16043,0.047622016,0.018388082,6779,0.097802036,0.079805281,5007,0.033553026,0,0,0,0,0,5,1.000682486
69310.08,0.446075084,0.5,6137,37,0.155,33.3125,35,37.19,0,0,0.07,0,0,20,0.5,5.5,50,0,0.1,0.1,0.1,0.1,0.1,0.1,0.5,0,16880,0.046504739,0.018009479,6503,0.101645394,0.082269722,4788,0.034670008,0,0,0,0,0,5,0.82076393
69370.14,0.474080963,0.5,6137,37,0.1219,33.25,35,37.29,0,0,0.25,0,0,20,0.5,5.5,50,0,0.1,0.1,0.1,0.1,0.1,0.1,0.5,0,15675,0.048548644,0.018628389,6562,0.102407802,0.082749162,4900,0.033673469,0,0,0,0,0,5,0.962398214
69430.19,0.447454273,0.5,6137,37,0.168,33.3125,35,37.09,0,0,0.07,0,0,20,0.5,5.5,50,0,0.1,0.1,0.1,0.1,0.1,0.1,0.5,0,16832,0.047290875,0.018298479,6825,0.101245421,0.081904762,5023,0.033844316,0,0,0,0,0,5,0.740867003
69490.24,0.498085417,0.5,6137,37,0.1535,33.125,35.0625,37.13,0,0,0,0,0,20,0.5,5.5,50,0,0.1,0.1,0.1,0.1,0.1,0.1,0.5,0,16220,0.048027127,0.018618989,6923,0.100967789,0.082189802,5051,0.034448624,0,0,0,0,0,5,1.025415354
69550.3,0.497872579,0.5,6137,37,0.1054,33.25,35.0625,37.29,0,0,0,0,0,20,0.5,5.5,50,0,0.1,0.1,0.1,0.1,0.1,0.1,0.5,0,16548,0.047377327,0.01831037,7014,0.101511263,0.081978899,4966,0.034434152,0,0,0,0,0,5,0.972862373
69610.34,0.533872394,0.5,6137,37,0.1736,33.125,35,37.01,0,0,0,0,0,20,0.5,5.5,50,0,0.1,0.1,0.1,0.1,0.1,0.1,0.5,0,16401,0.048228767,0.018291568,6987,0.10261915,0.083583798,4939,0.034622393,0,0,0,0,0,5,1.133657263
69670.38,0.507776002,0.5,6137,37,0.1282,33.0625,35.0625,37.17,0,0,0,0,0,20,0.5,5.5,50,0,0.1,0.1,0.1,0.1,0.1,0.1,0.5,0,17067,0.047284233,0.018046523,6943,0.10370157,0.084401556,5116,0.035379203,0,0,0,0,0,5,0.926625087
69730.45,0.556691233,0.5,6137,37,0.1139,33.0625,34.9375,37.19,0,0,0,0,0,20,0.5,5.5,50,0,0.1,0.1,0.1,0.1,0.1,0.1,0.5,0,15940,0.049372647,0.019071518,6887,0.105561202,0.086104254,5212,0.035303147,0,0,0,0,0,5,1.156204842
69790.51,0.516095589,0.5,6137,37,0.1674,33,34.875,36.97,0,0,0,0,0,20,0.5,5.5,50,0,0.1,0.1,0.1,0.1,0.1,0.1,0.5,0,17117,0.047555062,0.018461179,6878,0.106571678,0.086798488,5119,0.03574917,0,0,0,0,0,5,0.871238353
69850.55,0.532257067,0.5,6137,37,0.2148,33.125,34.875,36.79,0,0,0,0,0,20,0.5,5.5,50,0,0.1,0.1,0.1,0.1,0.1,0.1,0.5,0,16668,0.048716103,0.018838493,7096,0.105552424,0.085822999,5236,0.035905271,0,0,0,0,0,5,0.920180187
69910.6,0.527304015,0.5,6137,37,0.11,33.125,34.9375,37.19,0,0,0,0,0,20,0.5,5.5,50,0,0.1,0.1,0.1,0.1,0.1,0.1,0.5,0,16678,0.048806811,0.018587361,7154,0.106513838,0.086664803,5405,0.035892692,0,0,0,0,0,5,0.846123219
69970.67,0.565040585,0.5,6137,37,0.1747,33.125,34.9375,36.93,0,0,0,0,0,20,0.5,5.5,50,0,0.1,0.1,0.1,0.1,0.1,0.1,0.5,0,17014,0.048548254,0.018749265,7058,0.108671012,0.087843582,5140,0.035797665,0,0,0,0,0,5,1.011177952
70030.79,0.603790093,0.5,6137,37,0.2599,32.9375,35,36.97,0,0.02,0.15,0,0,20,0.5,5.5,50,0,0.1,0.1,0.1,0.1,0.1,0.1,0.5,0,16942,0.048990674,0.018828946,7294,0.106937209,0.086783658,5248,0.035060976,0,0,0,0,0,0.44,1.011177952
70090.82,0.55973091,0.5,6137,37,0.4062,32.875,35,36.33,0,0.02,0.15,0,0,20,0.5,5.5,50,0,0.1,0.1,0.1,0.1,0.1,0.1,0.5,0,17390,0.047671075,0.018516389,7134,0.104149145,0.084664985,4971,0.035405351,0,0,0,0,0,0.44,1.011177952
70150.87,0.480233155,0.5,6137,37,0.516975,32.875,35.0625,35.93,0,0.02,0.15,0,0,20,0.5,5.5,50,0,0.1,0.1,0.1,0.1,0.1,0.1,0.5,0,15984,0.048110611,0.018706206,6682,0.102214906,0.082759653,5114,0.034024247,0,0,0,0,0,0.44,1.011177952
70210.92,0.419486526,0.5,6137,37,0.5432,32.875,35,35.81,0,0,0.07,0,0,20,0.5,5.5,50,0,0.1,0.1,0.1,0.1,0.1,0.1,0.5,0,15534,0.047701815,0.018539977,6469,0.097542124,0.078992116,4883,0.034609871,0,0,0,0,0,5,1.011177952
70270.99,0.423536667,0.5,6137,37,0.3346,33.1875,35.0625,36.69,0,0,0.25,0,0,20,0.5,5.5,50,0,0.1,0.1,0.1,0.1,0.1,0.1,0.5,0,15203,0.047951062,0.018680524,6471,0.097202905,0.078658631,4850,0.032989691,0,0,0,0,0,5,1.011177952
70331.04,0.432673686,0.5,6137,37,0.2095,33.25,35.0625,37.17,0,0,0.07,0,0,20,0.5,5.5,50,0,0.1,0.1,0.1,0.1,0.1,0.1,0.5,0,16515,0.046079322,0.0179231,6454,0.098543539,0.07948559,4931,0.033056175,0,0,0,0,0,5,1.011177952
70391.08,0.424297406,0.5,6137,37,0.1024,33.4375,35.0625,37.53,0,0,0.07,0,0,20,0.5,5.5,50,0,0.1,0.1,0.1,0.1,0.1,0.1,0.5,0,15745,0.047380121,0.018482058,6660,0.096996997,0.078978979,4912,0.033591205,0,0,0,0,0,5,1.011177952
70451.15,0.450348343,0.5,6137,37,0.1077,33.5,35.0625,37.45,0,0,0.07,0,0,20,0.5,5.5,50,0,0.1,0.1,0.1,0.1,0.1,0.1,0.5,0,16571,0.046406373,0.018164263,6484,0.099475632,0.080814312,4781,0.034093286,0,0,0,0,0,5,1.011177952
70511.22,0.44097217,0.5,6137,37,0.1625,33.3125,35,37.19,0,0,0.07,0,0,20,0.5,5.5,50,0,0.1,0.1,0.1,0.1,0.1,0.1,0.5,0,16184,0.047268908,0.018475037,6700,0.099104478,0.080597015,4930,0.033874239,0,0,0,0,0,5,1.011177952
70571.28,0.458219971,0.5,6137,37,0.1609,33.3125,34.9375,37.17,0,0,0.25,0,0,20,0.5,5.5,50,0,0.1,0.1,0.1,0.1,0.1,0.1,0.5,0,15801,0.048034934,0.018606417,6567,0.101263895,0.081772499,5017,0.033486147,0,0,0,0,0,5,1.075721823
70631.33,0.462438135,0.5,6137,37,0.1437,33.125,35,37.21,0,0,0.07,0,0,20,0.5,5.5,50,0,0.1,0.1,0.1,0.1,0.1,0.1,0.5,0,16414,0.047154868,0.018216157,6777,0.100339383,0.081894644,4852,0.034624897,0,0,0,0,0,5,1.04942602
70691.39,0.464461101,0.5,6137,37,0.1556,33.1875,34.9375,37.13,0,0,0.07,0,0,20,0.5,5.5,50,0,0.1,0.1,0.1,0.1,0.1,0.1,0.5,0,17335,0.046380156,0.017940583,6666,0.102610261,0.083408341,4942,0.034601376,0,0,0,0,0,5,1.010049798
70751.44,0.533718596,0.5,6137,37,0.1525,33.0625,34.9375,37.11,0,0,0.07,0,0,20,0.5,5.5,50,0,0.1,0.1,0.1,0.1,0.1,0.1,0.5,0,16616,0.047484352,0.018415985,6765,0.102882483,0.083518108,5261,0.034594184,0,0,0,0,0,5,1.376520054
70811.51,0.516343008,0.5,6137,37,0.13,33.125,34.9375,37.17,0,0,0,0,0,20,0.5,5.5,50,0,0.1,0.1,0.1,0.1,0.1,0.1,0.5,0,16790,0.047349613,0.018225134,7007,0.101469959,0.082917083,5075,0.034285714,0,0,0,0,0,5,1.208401737
70871.54,0.50686287,0.5,6137,37,0.142,33.1875,35,37.11,0,0,0,0,0,20,0.5,5.5,50,0,0.1,0.1,0.1,0.1,0.1,0.1,0.5,0,15936,0.049134036,0.018825301,6738,0.105966162,0.085633719,4985,0.034503511,0,0,0,0,0,5,1.092389266
70931.63,0.553222573,0.5,6137,37,0.1331,33,35,37.13,0,0,0,0,0,20,0.5,5.5,50,0,0.1,0.1,0.1,0.1,0.1,0.1,0.5,0,17179,0.047383433,0.018336341,6892,0.104904237,0.084735926,5062,0.034571316,0,0,0,0,0,5,1.300329532
70991.7,0.5786766,0.5,6137,37,0.2771,32.9375,35,36.95,0,0.02,0.15,0,0,20,0.5,5.5,50,0,0.1,0.1,0.1,0.1,0.1,0.1,0.5,0,16204,0.048815107,0.018637373,6995,0.104789135,0.085060758,5321,0.034579966,0,0,0,0,0,0.44,1.300329532
71051.76,0.479972437,0.5,6137,37,0.465897045,32.9375,35.0625,36.13,0,0.019333787,0.14733515,0,0,20,0.5,5.5,50,0,0.1,0.1,0.1,0.1,0.1,0.1,0.5,0,16264,0.047958682,0.018384161,6490,0.103235747,0.083513097,5100,0.034117647,0,0,0,0,0,0.44,1.300329532
71111.83,0.455401638,0.5,6137,37,0.4779,32.75,35.0625,36.01,0,0,0.07,0,0,20,0.5,5.5,50,0,0.1,0.1,0.1,0.1,0.1,0.1,0.5,0,15445,0.048106183,0.018452574,6270,0.1,0.081180223,4867,0.033901788,0,0,0,0,0,5,1.300329532
71171.88,0.461175767,0.5,6137,37,0.2848,33.125,35.0625,36.81,0,0,0.25,0,0,20,0.5,5.5,50,0,0.1,0.1,0.1,0.1,0.1,0.1,0.5,0,15562,0.047873024,0.018378101,6515,0.098081351,0.079355334,4735,0.033790919,0,0,0,0,0,5,1.300329532
71231.94,0.454880233,0.5,6137,37,0.1865,33.25,35.0625,37.19,0,0,0.07,0,0,20,0.5,5.5,50,0,0.1,0.1,0.1,0.1,0.1,0.1,0.5,0,16358,0.046582712,0.018033989,6435,0.099300699,0.08049728,4869,0.033682481,0,0,0,0,0,5,1.300329532
71292.01,0.462407664,0.5,6137,37,0.1139,33.1875,35.0625,37.43,0,0,0.07,0,0,20,0.5,5.5,50,0,0.1,0.1,0.1,0.1,0.1,0.1,0.5,0,15495,0.048080026,0.018844789,6527,0.098360656,0.080128696,5028,0.033412888,0,0,0,0,0,5,1.300329532
71352.08,0.449150874,0.5,6137,37,0.161,33.25,35.0625,37.19,0,0,0.07,0,0,20,0.5,5.5,50,0,0.1,0.1,0.1,0.1,0.1,0.1,0.5,0,15972,0.047583271,0.018281993,6588,0.099423194,0.080752884,4850,0.034020619,0,0,0,0,0,5,1.300329532
71412.14,0.479416021,0.5,6137,37,0.1063,33.125,35.0625,37.35,0,0,0.07,0,0,20,0.5,5.5,50,0,0.1,0.1,0.1,0.1,0.1,0.1,0.5,0,15754,0.047670433,0.018344547,6636,0.099608198,0.080922242,5092,0.034564022,0,0,0,0,0,5,1.300329532
71472.19,0.495348125,0.5,6137,37,0.1471,33.125,35.0625,37.17,0,0,0.25,0,0,20,0.5,5.5,50,0,0.1,0.1,0.1,0.1,0.1,0.1,0.5,0,15717,0.048228033,0.01870586,6720,0.100446429,0.081547619,5033,0.034174449,0,0,0,0,0,5,1.333389229
71532.23,0.507654381,0.5,6137,37,0.1735,33,35,37.05,0,0,0.07,0,0,20,0.5,5.5,50,0,0.1,0.1,0.1,0.1,0.1,0.1,0.5,0,15779,0.048228658,0.018378858,6908,0.099015634,0.081065431,5204,0.033820138,0,0,0,0,0,5,1.340339963
71592.28,0.524477694,0.5,6137,37,0.1702,32.9375,35,37.05,0,0,0.07,0,0,20,0.5,5.5,50,0,0.1,0.1,0.1,0.1,0.1,0.1,0.5,0,16897,0.046872226,0.018109724,6724,0.101873885,0.082986318,5276,0.034306293,0,0,0,0,0,5,1.371129069
71652.34,0.514230829,0.5,6137,37,0.1091,32.9375,35,37.25,0,0,0.07,0,0,20,0.5,5.5,50,0,0.1,0.1,0.1,0.1,0.1,0.1,0.5,0,17038,0.047306022,0.018312008,6820,0.102639296,0.08372434,4991,0.034862753,0,0,0,0,0,5,1.243380663
71712.4,0.502931947,0.5,6137,37,0.144,33.125,35,37.09,0,0,0,0,0,20,0.5,5.5,50,0,0.1,0.1,0.1,0.1,0.1,0.1,0.5,0,16605,0.047997591,0.018608853,7012,0.101540217,0.083285796,5102,0.034300274,0,0,0,0,0,5,1.114559484
71772.44,0.53317434,0.5,6137,37,0.1525,33.1875,35,37.05,0,0,0,0,0,20,0.5,5.5,50,0,0.1,0.1,0.1,0.1,0.1,0.1,0.5,0,16972,0.047431063,0.018383219,6850,0.104817518,0.084817518,5137,0.034650574,0,0,0,0,0,5,1.234012301
71832.49,0.494019091,0.5,6137,37,0.108,33.1875,35,37.21,0,0,0,0,0,20,0.5,5.5,50,0,0.1,0.1,0.1,0.1,0.1,0.1,0.5,0,17217,0.047453099,0.018179706,6882,0.105783203,0.085585586,5224,0.035030628,0,0,0,0,0,5,0.943488783
71892.56,0.520694955,0.5,6137,37,0.0926,33.1875,35,37.25,0,0,0,0,0,20,0.5,5.5,50,0,0.1,0.1,0.1,0.1,0.1,0.1,0.5,0,16245,0.04906125,0.018651893,7216,0.104074279,0.084257206,5455,0.034830431,0,0,0,0,0,5,1.054084969
71952.62,0.527079773,0.5,6137,37,0.1814,33.125,35.0625,36.89,0,0,0,0,0,20,0.5,5.5,50,0,0.1,0.1,0.1,0.1,0.1,0.1,0.5,0,16723,0.048256892,0.018776535,7206,0.1047738,0.085067999,5255,0.035775452,0,0,0,0,0,5,1.037943337
72012.69,0.541404446,0.5,6137,37,0.1805,33.1875,35.0625,36.89,0,0,0,0,0,20,0.5,5.5,50,0,0.1,0.1,0.1,0.1,0.1,0.1,0.5,0,17840,0.046973094,0.018441704,7069,0.107228745,0.086999576,5368,0.034836066,0,0,0,0,0,5,1.066490212
72072.76,0.547938409,0.5,6137,37,0.274275,33.125,35.0625,36.89,0,0.02,0.25,0,0,20,0.5,5.5,50,0,0.1,0.1,0.1,0.1,0.1,0.1,0.5,0,17690,0.0477671,0.018371962,7159,0.107696606,0.087582065,5286,0.035565645,0,0,0,0,0,0.44,1.066490212
72132.87,0.488066007,0.5,6137,37,0.461512701,32.9375,35.0625,36.07,0,0.017315216,0.139260865,0,0,20,0.5,5.5,50,0,0.1,0.1,0.1,0.1,0.1,0.1,0.5,0,16702,0.047778709,0.018500778,6592,0.10618932,0.08586165,5231,0.034410247,0,0,0,0,0,0.44,1.066490212
72192.91,0.467591651,0.5,6137,37,0.498769561,32.9375,35.0625,36.05,0,0.017850961,0.141403845,0,0,20,0.5,5.5,50,0,0.1,0.1,0.1,0.1,0.1,0.1,0.5,0,16664,0.047047528,0.018242919,6862,0.098950743,0.080297289,4844,0.034269199,0,0,0,0,0,0.44,1.066490212
72252.94,0.43388853,0.5,6137,37,0.526,32.9375,35.0625,35.91,0,0,0.07,0,0,20,0.5,5.5,50,0,0.1,0.1,0.1,0.1,0.1,0.1,0.5,0,15608,0.047219375,0.018452076,6365,0.097564808,0.079183032,4679,0.034195341,0,0,0,0,0,5,1.066490212
72313.02,0.439626095,0.5,6137,37,0.2858,33.1875,35.0625,36.89,0,0,0.07,0,0,20,0.5,5.5,50,0,0.1,0.1,0.1,0.1,0.1,0.1,0.5,0,15018,0.048208816,0.018777467,6420,0.096884735,0.078971963,4872,0.03407225,0,0,0,0,0,5,1.066490212
72373.07,0.426676729,0.5,6137,37,0.1379,33.1875,35,37.43,0,0,0.25,0,0,20,0.5,5.5,50,0,0.1,0.1,0.1,0.1,0.1,0.1,0.5,0,16125,0.046387597,0.017984496,6411,0.097956637,0.079862736,4711,0.033963065,0,0,0,0,0,5,1.066490212
72433.13,0.478347344,0.5,6137,37,0.1518,33.25,35,37.33,0,0,0.07,0,0,20,0.5,5.5,50,0,0.1,0.1,0.1,0.1,0.1,0.1,0.5,0,15287,0.048210898,0.018447047,6537,0.097598287,0.079241242,4798,0.033555648,0,0,0,0,0,5,1.066490212
72493.18,0.458005679,0.5,6137,37,0.0865,33.3125,35,37.53,0,0,0.07,0,0,20,0.5,5.5,50,0,0.1,0.1,0.1,0.1,0.1,0.1,0.5,0,15600,0.047884615,0.018397436,6437,0.099425198,0.081093677,4782,0.033458804,0,0,0,0,0,5,1.066490212
72553.24,0.459754267,0.5,6137,37,0.1248,33.25,34.9375,37.33,0,0,0.07,0,0,20,0.5,5.5,50,0,0.1,0.1,0.1,0.1,0.1,0.1,0.5,0,16015,0.047330628,0.018420231,6618,0.098972499,0.080537927,5145,0.033430515,0,0,0,0,0,5,1.066490212
72613.32,0.445590394,0.5,6137,37,0.117,33.3125,35,37.33,0,0,0.07,0,0,20,0.5,5.5,50,0,0.1,0.1,0.1,0.1,0.1,0.1,0.5,0,16239,0.047416713,0.018474044,6763,0.098920597,0.080289812,5014,0.033306741,0,0,0,0,0,5,0.919289657
72673.35,0.467198387,0.5,6137,37,0.1424,33.1875,34.9375,37.19,0,0,0.25,0,0,20,0.5,5.5,50,0,0.1,0.1,0.1,0.1,0.1,0.1,0.5,0,15651,0.048559197,0.018720849,6704,0.100387828,0.081742243,5063,0.034169465,0,0,0,0,0,5,1.015386722
72733.4,0.560866491,0.5,6137,37,0.1832,33.125,35,37.01,0,0,0.07,0,0,20,0.5,5.5,50,0,0.1,0.1,0.1,0.1,0.1,0.1,0.5,0,17136,0.046568627,0.017973856,6621,0.10240145,0.083371092,5135,0.03466407,0,0,0,0,0,5,1.512804124
72793.44,0.538585167,0.5,6137,37,0.1546,33.0625,35,37.11,0,0,0.07,0,0,20,0.5,5.5,50,0,0.1,0.1,0.1,0.1,0.1,0.1,0.5,0,16624,0.047461501,0.018346968,6760,0.102218935,0.082544379,5054,0.034428176,0,0,0,0,0,5,1.315552163
72853.51,0.54255164,0.5,6137,37,0.17415,33.125,35.0625,37.21,0,0,0,0,0,20,0.5,5.5,50,0,0.1,0.1,0.1,0.1,0.1,0.1,0.5,0,17129,0.046937942,0.018331485,6603,0.104497955,0.084507042,5139,0.034247908,0,0,0,0,0,5,1.271787441
72913.58,0.526643323,0.5,6137,37,0.13165,33.1875,35.0625,37.09,0,0,0,0,0,20,0.5,5.5,50,0,0.1,0.1,0.1,0.1,0.1,0.1,0.5,0,17112,0.047276765,0.018349696,7192,0.100806452,0.081479422,5031,0.034585569,0,0,0,0,0,5,1.118918799
72973.64,0.547265395,0.5,6137,37,0.15715,32.9375,35.0625,37.19,0,0,0,0,0,20,0.5,5.5,50,0,0.1,0.1,0.1,0.1,0.1,0.1,0.5,0,16048,0.048479561,0.018818544,6828,0.104862332,0.085237258,4996,0.034827862,0,0,0,0,0,5,1.178203926
73033.71,0.52819013,0.5,6137,37,0.13265,33.0625,35.0625,37.05,0,0,0,0,0,20,0.5,5.5,50,0,0.1,0.1,0.1,0.1,0.1,0.1,0.5,0,16770,0.048181276,0.018664281,7083,0.103204857,0.084145136,5022,0.035045798,0,0,0,0,0,5,1.012861062
73093.78,0.520927191,0.5,6137,37,0.14875,33.1875,35.125,37.11,0,0,0,0,0,20,0.5,5.5,50,0,0.1,0.1,0.1,0.1,0.1,0.1,0.5,0,17356,0.047361143,0.01820696,6915,0.106290672,0.086334056,5247,0.034686488,0,0,0,0,0,5,0.920679923
73153.85,0.510965611,0.5,6137,37,0.19025,33.0625,35.0625,37.11,0,0,0,0,0,20,0.5,5.5,50,0,0.1,0.1,0.1,0.1,0.1,0.1,0.5,0,17416,0.047427653,0.018316491,7426,0.102881767,0.083625101,4997,0.035821493,0,0,0,0,0,5,0.816721945
73213.92,0.512186393,0.5,6137,37,0.11725,33.25,35.0625,36.97,0,0,0,0,0,20,0.5,5.5,50,0,0.1,0.1,0.1,0.1,0.1,0.1,0.5,0,18116,0.046588651,0.018160742,7075,0.10770318,0.087349823,5192,0.036209553,0,0,0,0,0,5,0.783044803
73273.96,0.541897786,0.5,6137,37,0.09215,33.1875,35,37.05,0,0,0,0,0,20,0.5,5.5,50,0,0.1,0.1,0.1,0.1,0.1,0.1,0.5,0,17802,0.047803618,0.018368723,7052,0.108196256,0.087918321,5345,0.035173059,0,0,0,0,0,5,0.913058929
73334,0.5571723,0.5,6137,37,0.2925,33.0625,35,36.81,0,0.02,0.15,0,0,20,0.5,5.5,50,0,0.1,0.1,0.1,0.1,0.1,0.1,0.5,0,17097,0.048663508,0.018599754,7117,0.108332162,0.088098918,5633,0.034972484,0,0,0,0,0,0.44,0.913058929
73394.05,0.518696801,0.5,6137,37,0.527025,32.875,34.9375,35.83,0,0.02,0.15,0,0,20,0.5,5.5,50,0,0.1,0.1,0.1,0.1,0.1,0.1,0.5,0,16240,0.04864532,0.018657635,6968,0.103329506,0.084098737,5166,0.034262485,0,0,0,0,0,0.44,0.913058929
73454.09,0.472307724,0.5,6137,37,0.55655,32.75,34.875,35.89,0,0.02,0.15,0,0,20,0.5,5.5,50,0,0.1,0.1,0.1,0.1,0.1,0.1,0.5,0,16216,0.047360631,0.018315244,6568,0.100030451,0.081303289,4983,0.03371463,0,0,0,0,0,0.44,0.913058929
73514.13,0.435358837,0.5,6137,37,0.4989,32.75,34.9375,36.07,0,0,0.07,0,0,20,0.5,5.5,50,0,0.1,0.1,0.1,0.1,0.1,0.1,0.5,0,15453,0.04730473,0.018507733,6085,0.098274445,0.079539852,4637,0.033211128,0,0,0,0,0,5,0.913058929
73574.18,0.425554843,0.5,6137,37,0.2996,33.0625,35,36.89,0,0,0.25,0,0,20,0.5,5.5,50,0,0.1,0.1,0.1,0.1,0.1,0.1,0.5,0,14575,0.048301887,0.018524871,6369,0.095619407,0.077406186,4837,0.033698573,0,0,0,0,0,5,0.913058929
73634.22,0.412329396,0.5,6137,37,0.2003,33.125,35,37.25,0,0,0.07,0,0,20,0.5,5.5,50,0,0.1,0.1,0.1,0.1,0.1,0.1,0.5,0,15172,0.047917216,0.018586871,6315,0.096753761,0.077909739,4870,0.033880903,0,0,0,0,0,5,0.913058929
73694.29,0.408211469,0.5,6137,37,0.1241,33.5,34.9375,37.49,0,0,0.07,0,0,20,0.5,5.5,50,0,0.1,0.1,0.1,0.1,0.1,0.1,0.5,0,15810,0.046679317,0.018216319,6400,0.0965625,0.07921875,4917,0.033963799,0,0,0,0,0,5,0.913058929
73754.34,0.420169341,0.5,6137,37,0.1456,33.5,35,37.35,0,0,0.07,0,0,20,0.5,5.5,50,0,0.1,0.1,0.1,0.1,0.1,0.1,0.5,0,15940,0.046925972,0.018193225,6536,0.096389229,0.078335373,4716,0.033715013,0,0,0,0,0,5,0.913058929
73814.41,0.472911588,0.5,6137,37,0.1153,33.4375,35.0625,37.41,0,0,0.07,0,0,20,0.5,5.5,50,0,0.1,0.1,0.1,0.1,0.1,0.1,0.5,0,15205,0.048010523,0.018678066,6545,0.097478992,0.079449962,4991,0.033660589,0,0,0,0,0,5,0.913058929
73874.48,0.469351603,0.5,6137,37,0.179,33.375,34.9375,37.13,0,0,0.25,0,0,20,0.5,5.5,50,0,0.1,0.1,0.1,0.1,0.1,0.1,0.5,0,16461,0.04689873,0.018346395,6439,0.099083709,0.080757882,4935,0.033637285,0,0,0,0,0,5,0.84473715
73934.55,0.502893728,0.5,6137,37,0.1497,33.3125,35,37.21,0,0,0.07,0,0,20,0.5,5.5,50,0,0.1,0.1,0.1,0.1,0.1,0.1,0.5,0,16423,0.046702795,0.017962613,6532,0.099816289,0.080985915,4803,0.033728919,0,0,0,0,0,5,1.009580384
73994.6,0.503546153,0.5,6137,37,0.1404,33.25,35.0625,37.21,0,0,0.07,0,0,20,0.5,5.5,50,0,0.1,0.1,0.1,0.1,0.1,0.1,0.5,0,16317,0.047128761,0.018447018,6724,0.098899465,0.08030934,5085,0.033628319,0,0,0,0,0,5,0.962990867
74054.63,0.480534051,0.5,6137,37,0.1433,33.3125,35,37.19,0,0,0.07,0,0,20,0.5,5.5,50,0,0.1,0.1,0.1,0.1,0.1,0.1,0.5,0,15661,0.04827278,0.018453483,6914,0.098495806,0.079982644,4974,0.03437877,0,0,0,0,0,5,0.774509479
74114.71,0.511074915,0.5,6137,37,0.07685,33.25,35.0625,37.21,0,0,0,0,0,20,0.5,5.5,50,0,0.1,0.1,0.1,0.1,0.1,0.1,0.5,0,15951,0.047896684,0.018431446,6620,0.103172205,0.082930514,5080,0.034251969,0,0,0,0,0,5,0.920638281
74174.79,0.486316048,0.5,6137,37,0.12375,33.3125,35,37.19,0,0,0,0,0,20,0.5,5.5,50,0,0.1,0.1,0.1,0.1,0.1,0.1,0.5,0,16551,0.047429158,0.018307051,6713,0.102338746,0.083271265,5022,0.034050179,0,0,0,0,0,5,0.725633969
74234.82,0.466058058,0.5,6137,37,0.10065,33.1875,35,37.17,0,0,0,0,0,20,0.5,5.5,50,0,0.1,0.1,0.1,0.1,0.1,0.1,0.5,0,17327,0.04657471,0.018006579,7202,0.099000278,0.080394335,5172,0.034222738,0,0,0,0,0,5,0.561706763
74294.89,0.476040019,0.5,6137,37,0.18655,33.1875,35,36.95,0,0,0,0,0,20,0.5,5.5,50,0,0.1,0.1,0.1,0.1,0.1,0.1,0.5,0,16875,0.046992593,0.018192593,6963,0.102398391,0.083153813,5212,0.034727552,0,0,0,0,0,5,0.597196551
74354.97,0.563489517,0.5,6137,37,0.14475,33,34.9375,37.09,0,0,0,0,0,20,0.5,5.5,50,0,0.1,0.1,0.1,0.1,0.1,0.1,0.5,0,17206,0.04719284,0.018191329,7041,0.102684278,0.08365289,5067,0.034931912,0,0,0,0,0,5,1.073277142
74415.05,0.547704362,0.5,6137,37,0.267525,33.0625,34.9375,36.97,0,0.02,0.15,0,0,20,0.5,5.5,50,0,0.1,0.1,0.1,0.1,0.1,0.1,0.5,0,16747,0.048008599,0.018391354,6849,0.105708863,0.085851949,5429,0.034444649,0,0,0,0,0,0.44,1.073277142
74475.1,0.487180264,0.5,6137,37,0.567236175,32.9375,34.9375,35.63,0,0.01717613,0.25,0,0,20,0.5,5.5,50,0,0.1,0.1,0.1,0.1,0.1,0.1,0.5,0,15764,0.048147678,0.01877696,6464,0.103496287,0.083384901,4775,0.03434555,0,0,0,0,0,0.44,1.073277142
74535.14,0.444639519,0.5,6137,37,0.464,32.75,34.9375,36.05,0,0,0.07,0,0,20,0.5,5.5,50,0,0.1,0.1,0.1,0.1,0.1,0.1,0.5,0,15754,0.047099149,0.018408023,6352,0.099338791,0.07965995,4916,0.03376729,0,0,0,0,0,5,1.073277142
74595.21,0.461164733,0.5,6137,37,0.285,32.9375,35,36.79,0,0,0.07,0,0,20,0.5,5.5,50,0,0.1,0.1,0.1,0.1,0.1,0.1,0.5,0,15506,0.047272024,0.018444473,6499,0.09755347,0.078935221,4681,0.033753471,0,0,0,0,0,5,1.073277142
74655.28,0.457789948,0.5,6137,37,0.156,33.1875,35,37.27,0,0,0.07,0,0,20,0.5,5.5,50,0,0.1,0.1,0.1,0.1,0.1,0.1,0.5,0,16234,0.046568929,0.018294937,6345,0.09929078,0.080535855,4948,0.033751011,0,0,0,0,0,5,1.073277142
74715.35,0.476558984,0.5,6137,37,0.1405,33.125,35,37.29,0,0,0.07,0,0,20,0.5,5.5,50,0,0.1,0.1,0.1,0.1,0.1,0.1,0.5,0,15308,0.04801411,0.018617716,6327,0.100521574,0.081871345,5039,0.034530661,0,0,0,0,0,5,1.073277142
74775.4,0.492916696,0.5,6137,37,0.1518,33.125,35,37.21,0,0,0.25,0,0,20,0.5,5.5,50,0,0.1,0.1,0.1,0.1,0.1,0.1,0.5,0,16173,0.0469919,0.01836394,6378,0.101285669,0.082157416,4824,0.033996683,0,0,0,0,0,5,1.073277142
74835.46,0.492280877,0.5,6137,37,0.1007,33.125,35,37.37,0,0,0.07,0,0,20,0.5,5.5,50,0,0.1,0.1,0.1,0.1,0.1,0.1,0.5,0,16203,0.04739863,0.018453373,6607,0.100348116,0.081580142,4895,0.033912155,0,0,0,0,0,5,1.073277142
74895.53,0.464846615,0.5,6137,37,0.1335,33.1875,35.0625,37.21,0,0,0.07,0,0,20,0.5,5.5,50,0,0.1,0.1,0.1,0.1,0.1,0.1,0.5,0,15897,0.047996477,0.01868277,6576,0.102341849,0.082725061,4938,0.034021871,0,0,0,0,0,5,0.847587435
74955.58,0.465444864,0.5,6137,37,0.1087,33.25,35,37.29,0,0,0.07,0,0,20,0.5,5.5,50,0,0.1,0.1,0.1,0.1,0.1,0.1,0.5,0,16649,0.046849661,0.018079164,6552,0.102869353,0.083638584,4835,0.034332989,0,0,0,0,0,5,0.809066527
75015.64,0.473576229,0.5,6137,37,0.1666,33.25,35.0625,37.05,0,0,0.07,0,0,20,0.5,5.5,50,0,0.1,0.1,0.1,0.1,0.1,0.1,0.5,0,16784,0.047187798,0.018172069,6806,0.101234205,0.082721128,5117,0.034786007,0,0,0,0,0,5,0.820570929
75075.68,0.484932585,0.5,6137,37,0.1627,33.3125,35,37.05,0,0,0.25,0,0,20,0.5,5.5,50,0,0.1,0.1,0.1,0.1,0.1,0.1,0.5,0,16562,0.047699553,0.018536409,6791,0.102930349,0.083640112,5155,0.034335597,0,0,0,0,0,5,0.85063336
75135.73,0.504481128,0.5,6137,37,0.10895,33,35.0625,37.19,0,0,0,0,0,20,0.5,5.5,50,0,0.1,0.1,0.1,0.1,0.1,0.1,0.5,0,17155,0.047274847,0.018187117,6864,0.103583916,0.084061772,5220,0.034482759,0,0,0,0,0,5,0.926663344
75195.77,0.506917905,0.5,6137,37,0.12035,33,35.0625,37.11,0,0,0,0,0,20,0.5,5.5,50,0,0.1,0.1,0.1,0.1,0.1,0.1,0.5,0,17038,0.047071252,0.018312008,7009,0.102725068,0.083606791,5148,0.034382284,0,0,0,0,0,5,0.894786081
75255.85,0.508630022,0.5,6137,37,0.19325,33.25,35,37.13,0,0,0,0,0,20,0.5,5.5,50,0,0.1,0.1,0.1,0.1,0.1,0.1,0.5,0,17226,0.047254151,0.01822826,6800,0.105882353,0.086176471,5305,0.034307257,0,0,0,0,0,5,0.860162216
75315.88,0.572857178,0.5,6137,37,0.12995,33,35,37.17,0,0,0,0,0,20,0.5,5.5,50,0,0.1,0.1,0.1,0.1,0.1,0.1,0.5,0,17472,0.047103938,0.018143315,7120,0.103511236,0.084410112,5056,0.035205696,0,0,0,0,0,5,1.173900766
75375.95,0.581132292,0.5,6137,37,0.3375,33,35,36.63,0,0.02,0.25,0,0,20,0.5,5.5,50,0,0.1,0.1,0.1,0.1,0.1,0.1,0.5,0,17557,0.047217634,0.01839722,6936,0.107266436,0.086793541,5299,0.034723533,0,0,0,0,0,0.44,1.173900766
75435.99,0.517248742,0.5,6137,37,0.566725,32.8125,34.9375,35.69,0,0.02,0.15,0,0,20,0.5,5.5,50,0,0.1,0.1,0.1,0.1,0.1,0.1,0.5,0,15916,0.04844182,0.018597638,7007,0.099614671,0.08120451,4988,0.034482759,0,0,0,0,0,0.44,1.173900766
75496.05,0.446701703,0.5,6137,37,0.509369492,32.75,34.9375,35.93,0,0.001720702,0.076882808,0,0,20,0.5,5.5,50,0,0.1,0.1,0.1,0.1,0.1,0.1,0.5,0,16499,0.046305837,0.017879872,6412,0.098877105,0.079694323,4931,0.033461772,0,0,0,0,0,0.44,1.173900766
75556.1,0.424301419,0.5,6137,37,0.3033,32.9375,34.875,36.79,0,0,0.07,0,0,20,0.5,5.5,50,0,0.1,0.1,0.1,0.1,0.1,0.1,0.5,0,15678,0.046817196,0.018305906,6292,0.097584234,0.078989193,4823,0.033796392,0,0,0,0,0,5,1.173900766
75616.17,0.471026827,0.5,6137,37,0.2138,33.125,34.9375,37.13,0,0,0.07,0,0,20,0.5,5.5,50,0,0.1,0.1,0.1,0.1,0.1,0.1,0.5,0,15568,0.047276465,0.018178314,6206,0.099097647,0.08008379,4770,0.034381551,0,0,0,0,0,5,1.173900766
75676.23,0.465920688,0.5,6137,37,0.1309,33.25,34.9375,37.41,0,0,0.25,0,0,20,0.5,5.5,50,0,0.1,0.1,0.1,0.1,0.1,0.1,0.5,0,15794,0.046916551,0.018171458,6597,0.096255874,0.07852054,4807,0.033908883,0,0,0,0,0,5,1.173900766
75736.28,0.439289597,0.5,6137,37,0.1271,33.3125,34.9375,37.37,0,0,0.07,0,0,20,0.5,5.5,50,0,0.1,0.1,0.1,0.1,0.1,0.1,0.5,0,15993,0.047020572,0.018070406,6557,0.097758121,0.079762086,4775,0.033926702,0,0,0,0,0,5,1.173900766
75796.33,0.433878189,0.5,6137,37,0.1384,33.25,35,37.29,0,0,0.07,0,0,20,0.5,5.5,50,0,0.1,0.1,0.1,0.1,0.1,0.1,0.5,0,15770,0.047368421,0.018135701,6562,0.098597988,0.080006096,4967,0.033420576,0,0,0,0,0,5,1.173900766
75856.4,0.447319215,0.5,6137,37,0.1288,33.25,35.0625,37.29,0,0,0.07,0,0,20,0.5,5.5,50,0,0.1,0.1,0.1,0.1,0.1,0.1,0.5,0,16324,0.046863514,0.018316589,6573,0.099497946,0.080937167,5039,0.034133757,0,0,0,0,0,5,1.173900766
75916.47,0.458278624,0.5,6137,37,0.0871,33.3125,35.0625,37.41,0,0,0.07,0,0,20,0.5,5.5,50,0,0.1,0.1,0.1,0.1,0.1,0.1,0.5,0,15863,0.047784152,0.018533695,6621,0.100286966,0.081407642,5088,0.034787736,0,0,0,0,0,5,1.18782037
75976.51,0.465236152,0.5,6137,37,0.2147,33.25,35.0625,36.89,0,0,0.25,0,0,20,0.5,5.5,50,0,0.1,0.1,0.1,0.1,0.1,0.1,0.5,0,16250,0.047323077,0.0184,6654,0.101292456,0.082206192,4920,0.034349593,0,0,0,0,0,5,1.173632702
76036.57,0.504548808,0.5,6137,37,0.119,33.1875,35,37.25,0,0,0.07,0,0,20,0.5,5.5,50,0,0.1,0.1,0.1,0.1,0.1,0.1,0.5,0,15874,0.048255008,0.018331863,6781,0.101017549,0.081551394,5215,0.033748802,0,0,0,0,0,5,1.358309414
76096.62,0.478742777,0.5,6137,37,0.12585,33.1875,35.0625,37.17,0,0,0.07,0,0,20,0.5,5.5,50,0,0.1,0.1,0.1,0.1,0.1,0.1,0.5,0,16996,0.046716875,0.018239586,6737,0.101825738,0.083271486,5219,0.034297758,0,0,0,0,0,5,1.132890564
76156.66,0.484319838,0.5,6137,37,0.09955,33.125,35.0625,36.97,0,0,0,0,0,20,0.5,5.5,50,0,0.1,0.1,0.1,0.1,0.1,0.1,0.5,0,17232,0.046715413,0.017931755,6908,0.102634627,0.082802548,5224,0.034456355,0,0,0,0,0,5,1.110992207
76216.7,0.502580944,0.5,6137,37,0.13915,33.125,35.0625,37.05,0,0,0,0,0,20,0.5,5.5,50,0,0.1,0.1,0.1,0.1,0.1,0.1,0.5,0,17748,0.0460897,0.018030201,6890,0.103628447,0.084325109,5060,0.035573123,0,0,0,0,0,5,1.166476191
76276.78,0.517011385,0.5,6137,37,0.16235,33.1875,35.0625,37.09,0,0,0,0,0,20,0.5,5.5,50,0,0.1,0.1,0.1,0.1,0.1,0.1,0.5,0,16197,0.048465765,0.018645428,6955,0.103810208,0.084399712,5255,0.034253092,0,0,0,0,0,5,1.19307694
76336.85,0.515668345,0.5,6137,37,0.06895,33.1875,35.0625,36.95,0,0,0,0,0,20,0.5,5.5,50,0,0.1,0.1,0.1,0.1,0.1,0.1,0.5,0,16832,0.04782557,0.01835789,7055,0.103330971,0.084053863,5387,0.035455727,0,0,0,0,0,5,1.125619858
76396.92,0.503631998,0.5,6137,37,0.14925,33.125,34.9375,37.01,0,0,0,0,0,20,0.5,5.5,50,0,0.1,0.1,0.1,0.1,0.1,0.1,0.5,0,16205,0.04924406,0.018697933,7250,0.103310345,0.084,5541,0.034650785,0,0,0,0,0,5,0.99848493
76457.05,0.528445745,0.5,6137,37,0.13165,33.0625,34.875,37.09,0,0,0,0,0,20,0.5,5.5,50,0,0.1,0.1,0.1,0.1,0.1,0.1,0.5,0,16890,0.048490231,0.018472469,7190,0.105146036,0.085952712,5347,0.034785861,0,0,0,0,0,5,1.092843595
76517.11,0.524895624,0.5,6137,37,0.10715,33.0625,34.875,37.01,0,0,0,0,0,20,0.5,5.5,50,0,0.1,0.1,0.1,0.1,0.1,0.1,0.5,0,17677,0.047179951,0.018272331,7319,0.104385845,0.085120918,5327,0.034916463,0,0,0,0,0,5,1.017979283
76577.18,0.54569214,0.5,6137,37,0.15125,33.125,34.9375,37.03,0,0,0,0,0,20,0.5,5.5,50,0,0.1,0.1,0.1,0.1,0.1,0.1,0.5,0,17885,0.047358121,0.018451216,7477,0.104319914,0.084793366,5152,0.035326087,0,0,0,0,0,5,1.083646936
76637.26,0.552618111,0.5,6137,37,0.2934,33,35,36.81,0,0.02,0.15,0,0,20,0.5,5.5,50,0,0.1,0.1,0.1,0.1,0.1,0.1,0.5,0,17495,0.048013718,0.018462418,7155,0.108455625,0.087491265,5393,0.035972557,0,0,0,0,0,0.44,1.083646936
76697.32,0.499201609,0.5,6137,37,0.585850267,32.9375,35,35.53,0,0.019207749,0.146830994,0,0,20,0.5,5.5,50,0,0.1,0.1,0.1,0.1,0.1,0.1,0.5,0,17564,0.0465156,0.017991346,6908,0.103358425,0.084394904,5016,0.034688995,0,0,0,0,0,0.44,1.083646936
76757.38,0.445632699,0.5,6137,37,0.577522979,32.8125,35,35.69,0,0,0.07,0,0,20,0.5,5.5,50,0,0.1,0.1,0.1,0.1,0.1,0.1,0.5,0,15773,0.048056806,0.018639447,6463,0.102583939,0.082933622,5111,0.034044218,0,0,0,0,0,5,1.083646936
76817.46,0.461770571,0.5,6137,37,0.32125,32.9375,35,36.79,0,0,0.07,0,0,20,0.5,5.5,50,0,0.1,0.1,0.1,0.1,0.1,0.1,0.5,0,15738,0.04816368,0.018490278,6587,0.100956429,0.0813724,4870,0.033880903,0,0,0,0,0,5,1.083646936
76877.49,0.457710747,0.5,6137,37,0.1946,33.1875,35.0625,37.13,0,0,0.25,0,0,20,0.5,5.5,50,0,0.1,0.1,0.1,0.1,0.1,0.1,0.5,0,15229,0.048919824,0.018648631,7117,0.096669945,0.078684839,4893,0.03413039,0,0,0,0,0,5,1.083646936
76937.54,0.455686257,0.5,6137,37,0.16085,33.1875,35.0625,37.25,0,0,0.07,0,0,20,0.5,5.5,50,0,0.1,0.1,0.1,0.1,0.1,0.1,0.5,0,16454,0.047283335,0.018171873,6920,0.099277457,0.080924855,5007,0.033952467,0,0,0,0,0,5,1.083646936
76997.58,0.45794482,0.5,6137,37,0.08855,33.375,35,37.45,0,0,0.07,0,0,20,0.5,5.5,50,0,0.1,0.1,0.1,0.1,0.1,0.1,0.5,0,16403,0.047491313,0.018350302,6627,0.102912328,0.0838992,5172,0.03383604,0,0,0,0,0,5,1.083646936
77057.62,0.4838538,0.5,6137,37,0.08625,33.375,35.0625,37.25,0,0,0.07,0,0,20,0.5,5.5,50,0,0.1,0.1,0.1,0.1,0.1,0.1,0.5,0,16123,0.048440117,0.018668982,6904,0.101825029,0.082560834,5188,0.034695451,0,0,0,0,0,5,1.083646936
77117.67,0.495224526,0.5,6137,37,0.06605,33.25,35.0625,37.11,0,0,0.07,0,0,20,0.5,5.5,50,0,0.1,0.1,0.1,0.1,0.1,0.1,0.5,0,16913,0.047419145,0.018447348,6908,0.102634627,0.083526346,5000,0.0344,0,0,0,0,0,5,1.099149949
77177.73,0.508518386,0.5,6137,37,0.1796,33.25,35.0625,37.01,0,0,0.25,0,0,20,0.5,5.5,50,0,0.1,0.1,0.1,0.1,0.1,0.1,0.5,0,16292,0.048490056,0.018720845,6794,0.104798351,0.085075066,5335,0.034489222,0,0,0,0,0,5,1.123662826
77237.79,0.518439468,0.5,6137,37,0.16885,33.125,35,37.13,0,0,0.07,0,0,20,0.5,5.5,50,0,0.1,0.1,0.1,0.1,0.1,0.1,0.5,0,17866,0.04651293,0.018135005,7012,0.104535083,0.08456931,5146,0.034784298,0,0,0,0,0,5,1.125445398
77297.86,0.514951336,0.5,6137,37,0.15085,33.125,35,37.03,0,0,0.07,0,0,20,0.5,5.5,50,0,0.1,0.1,0.1,0.1,0.1,0.1,0.5,0,17681,0.047282394,0.018324755,6828,0.10735208,0.086848272,5251,0.035421824,0,0,0,0,0,5,1.048920503
77357.92,0.54079967,0.5,6137,37,0.09865,33.1875,34.9375,37.17,0,0,0,0,0,20,0.5,5.5,50,0,0.1,0.1,0.1,0.1,0.1,0.1,0.5,0,17018,0.048125514,0.018333529,7284,0.103789127,0.084157057,5377,0.03459178,0,0,0,0,0,5,1.143404017
77417.95,0.541006127,0.5,6137,37,0.3695,33.125,35,36.53,0,0.02,0.15,0,0,20,0.5,5.5,50,0,0.1,0.1,0.1,0.1,0.1,0.1,0.5,0,16714,0.048881177,0.018786646,6886,0.109061865,0.088440314,5216,0.034892638,0,0,0,0,0,0.44,1.143404017
77477.99,0.488250704,0.5,6137,37,0.501576055,33.0625,35,35.97,0,0.01664992,0.25,0,0,20,0.5,5.5,50,0,0.1,0.1,0.1,0.1,0.1,0.1,0.5,0,16035,0.048893046,0.018397256,6654,0.104899309,0.08461076,5062,0.034571316,0,0,0,0,0,0.44,1.143404017
77538.03,0.442532394,0.5,6137,37,0.561701095,33,35.0625,35.85,0,0,0.07,0,0,20,0.5,5.5,50,0,0.1,0.1,0.1,0.1,0.1,0.1,0.5,0,16680,0.046522782,0.018105516,6421,0.101697555,0.082230182,4948,0.033548909,0,0,0,0,0,5,1.143404017
77598.1,0.442585586,0.5,6137,37,0.28935,33.1875,35,36.79,0,0,0.07,0,0,20,0.5,5.5,50,0,0.1,0.1,0.1,0.1,0.1,0.1,0.5,0,16266,0.04721505,0.018197467,6786,0.097995874,0.079575597,4835,0.034332989,0,0,0,0,0,5,1.143404017
77658.15,0.516622251,0.5,6137,37,0.14215,33.125,35,37.27,0,0,0.07,0,0,20,0.5,5.5,50,0,0.1,0.1,0.1,0.1,0.1,0.1,0.5,0,16029,0.047538836,0.018341756,6427,0.101913801,0.082464602,4801,0.03457613,0,0,0,0,0,5,1.143404017
77718.22,0.523225183,0.5,6137,37,0.11575,33.0625,35.0625,37.37,0,0,0.07,0,0,20,0.5,5.5,50,0,0.1,0.1,0.1,0.1,0.1,0.1,0.5,0,16820,0.046908442,0.018133175,6390,0.103599374,0.083568075,5177,0.034769171,0,0,0,0,0,5,1.143404017
77778.28,0.511490914,0.5,6137,37,0.1574,33.25,35,37.19,0,0,0.25,0,0,20,0.5,5.5,50,0,0.1,0.1,0.1,0.1,0.1,0.1,0.5,0,16375,0.047633588,0.018320611,6615,0.10143613,0.082388511,5161,0.034101918,0,0,0,0,0,5,1.143404017
77838.32,0.501479101,0.5,6137,37,0.12805,33.3125,35.0625,37.27,0,0,0.07,0,0,20,0.5,5.5,50,0,0.1,0.1,0.1,0.1,0.1,0.1,0.5,0,16419,0.047627748,0.018515135,6897,0.101203422,0.081629694,4984,0.03511236,0,0,0,0,0,5,1.143404017
77898.38,0.54143196,0.5,6137,37,0.09755,33.125,35.0625,37.17,0,0,0.07,0,0,20,0.5,5.5,50,0,0.1,0.1,0.1,0.1,0.1,0.1,0.5,0,16125,0.048372093,0.01848062,6860,0.101895044,0.082944606,5194,0.034270312,0,0,0,0,0,5,1.316200237
77958.43,0.531675568,0.5,6137,37,0.15595,33.125,35.0625,37.21,0,0,0.07,0,0,20,0.5,5.5,50,0,0.1,0.1,0.1,0.1,0.1,0.1,0.5,0,16436,0.048247749,0.018617669,6637,0.105620009,0.085882176,5045,0.035282458,0,0,0,0,0,5,1.195838409
78018.5,0.498556231,0.5,6137,37,0.10525,33.1875,35.125,37.25,0,0,0.07,0,0,20,0.5,5.5,50,0,0.1,0.1,0.1,0.1,0.1,0.1,0.5,0,16884,0.047678275,0.018182895,7034,0.102644299,0.083309639,5088,0.034198113,0,0,0,0,0,5,0.943095236
78078.54,0.565323383,0.5,6137,37,0.1853,33.125,35.0625,36.95,0,0,0.25,0,0,20,0.5,5.5,50,0,0.1,0.1,0.1,0.1,0.1,0.1,0.5,0,16144,0.048996531,0.018768583,6881,0.105362593,0.085598024,5308,0.034476262,0,0,0,0,0,5,1.272985101
78138.59,0.569286087,0.5,6137,37,0.333775,33,35.0625,36.69,0,0.02,0.15,0,0,20,0.5,5.5,50,0,0.1,0.1,0.1,0.1,0.1,0.1,0.5,0,17261,0.047621806,0.018480969,6902,0.106490872,0.086206897,5147,0.034971828,0,0,0,0,0,0.44,1.272985101
78198.66,0.497118437,0.5,6137,37,0.5843,32.875,35,35.63,0,0.02,0.15,0,0,20,0.5,5.5,50,0,0.1,0.1,0.1,0.1,0.1,0.1,0.5,0,17185,0.046784987,0.018038987,6743,0.101141925,0.082307578,4954,0.03391199,0,0,0,0,0,0.44,1.272985101
78258.73,0.437586854,0.5,6137,37,0.54895,32.875,34.9375,36.07,0,0,0.07,0,0,20,0.5,5.5,50,0,0.1,0.1,0.1,0.1,0.1,0.1,0.5,0,15435,0.048072562,0.018594104,6467,0.096953765,0.078552652,4657,0.034571613,0,0,0,0,0,5,1.272985101
78318.81,0.421875483,0.5,6137,37,0.31625,33.0625,35,36.81,0,0,0.07,0,0,20,0.5,5.5,50,0,0.1,0.1,0.1,0.1,0.1,0.1,0.5,0,15833,0.047116781,0.018442494,6507,0.096972491,0.079606578,4887,0.034376918,0,0,0,0,0,5,1.272985101
78378.87,0.443814569,0.5,6137,37,0.1836,33.1875,35,37.21,0,0,0.25,0,0,20,0.5,5.5,50,0,0.1,0.1,0.1,0.1,0.1,0.1,0.5,0,15621,0.047756226,0.018500736,6437,0.098182383,0.080627622,4885,0.033162743,0,0,0,0,0,5,1.272985101
78438.92,0.442675889,0.5,6137,37,0.09035,33.375,35,37.43,0,0,0.07,0,0,20,0.5,5.5,50,0,0.1,0.1,0.1,0.1,0.1,0.1,0.5,0,16477,0.046549736,0.018025126,6345,0.100394011,0.081481481,4791,0.033395951,0,0,0,0,0,5,1.272985101
78498.95,0.444836376,0.5,6137,37,0.12955,33.4375,35.0625,37.27,0,0,0.07,0,0,20,0.5,5.5,50,0,0.1,0.1,0.1,0.1,0.1,0.1,0.5,0,16830,0.046345811,0.017944147,6383,0.101049663,0.08209306,4695,0.034717785,0,0,0,0,0,5,1.272985101
78558.99,0.43822326,0.5,6137,37,0.11495,33.25,35.0625,37.41,0,0,0.07,0,0,20,0.5,5.5,50,0,0.1,0.1,0.1,0.1,0.1,0.1,0.5,0,16962,0.046162009,0.017863459,6585,0.09977221,0.082004556,5054,0.034626039,0,0,0,0,0,5,1.272985101
78619.04,0.513739288,0.5,6137,37,0.12565,33.0625,35.0625,37.33,0,0,0.07,0,0,20,0.5,5.5,50,0,0.1,0.1,0.1,0.1,0.1,0.1,0.5,0,16636,0.04682616,0.018273623,6647,0.100496465,0.081690988,5015,0.034297109,0,0,0,0,0,5,1.686298073
78679.08,0.511446619,0.5,6137,37,0.158,33.125,35,37.13,0,0,0.25,0,0,20,0.5,5.5,50,0,0.1,0.1,0.1,0.1,0.1,0.1,0.5,0,16545,0.047083711,0.018253249,6739,0.100905179,0.082059653,5084,0.034618411,0,0,0,0,0,5,1.588565079
78739.16,0.529790095,0.5,6137,37,0.14015,33,35.0625,37.25,0,0,0.07,0,0,20,0.5,5.5,50,0,0.1,0.1,0.1,0.1,0.1,0.1,0.5,0,16364,0.047604498,0.018516255,6850,0.100875912,0.082043796,5003,0.034579252,0,0,0,0,0,5,1.61484981
78799.21,0.529790068,0.5,6137,37,0.10555,32.875,35.0625,37.25,0,0,0.07,0,0,20,0.5,5.5,50,0,0.1,0.1,0.1,0.1,0.1,0.1,0.5,0,16887,0.047018417,0.018298099,6694,0.103376158,0.083657006,5148,0.034188034,0,0,0,0,0,5,1.534107167
78859.25,0.540347658,0.5,6137,37,0.12455,32.9375,35.0625,37.09,0,0,0,0,0,20,0.5,5.5,50,0,0.1,0.1,0.1,0.1,0.1,0.1,0.5,0,17547,0.046503676,0.018122756,6835,0.103145574,0.083686906,5181,0.034356302,0,0,0,0,0,5,1.51659755
78919.3,0.546174779,0.5,6137,37,0.373475,32.875,35.0625,36.49,0,0.02,0.15,0,0,20,0.5,5.5,50,0,0.1,0.1,0.1,0.1,0.1,0.1,0.5,0,15781,0.049299791,0.018883467,6856,0.103850642,0.085035006,5234,0.034963699,0,0,0,0,0,0.44,1.51659755
78979.34,0.506293007,0.5,6137,37,0.469375,32.8125,35.0625,36.15,0,0.02,0.25,0,0,20,0.5,5.5,50,0,0.1,0.1,0.1,0.1,0.1,0.1,0.5,0,17311,0.045982323,0.017907689,6453,0.102432977,0.082597242,5079,0.034258712,0,0,0,0,0,0.44,1.51659755
79039.4,0.457319443,0.5,6137,37,0.4853,32.8125,35,36.23,0,0.02,0.15,0,0,20,0.5,5.5,50,0,0.1,0.1,0.1,0.1,0.1,0.1,0.5,0,15455,0.047492721,0.018181818,6271,0.097751555,0.078775315,4896,0.033088235,0,0,0,0,0,0.44,1.51659755
79099.47,0.412325785,0.5,6137,37,0.60865,32.8125,35,35.99,0,0,0.07,0,0,20,0.5,5.5,50,0,0.1,0.1,0.1,0.1,0.1,0.1,0.5,0,14815,0.047721903,0.018562268,6047,0.09326939,0.07623615,4743,0.033101413,0,0,0,0,0,5,1.51659755
79159.51,0.392644441,0.5,6137,37,0.36285,33,35.0625,36.87,0,0,0.07,0,0,20,0.5,5.5,50,0,0.1,0.1,0.1,0.1,0.1,0.1,0.5,0,14489,0.047691352,0.018358755,6158,0.093374472,0.075349139,4521,0.03339969,0,0,0,0,0,5,1.51659755
79219.58,0.369910984,0.5,6137,37,0.18925,33.375,35,37.41,0,0,0.07,0,0,20,0.5,5.5,50,0,0.1,0.1,0.1,0.1,0.1,0.1,0.5,0,15298,0.046672768,0.017910838,6219,0.09342338,0.075253256,4547,0.032988784,0,0,0,0,0,5,1.51659755
79279.64,0.387606313,0.5,6137,37,0.106,33.375,35.0625,37.53,0,0,0.25,0,0,20,0.5,5.5,50,0,0.1,0.1,0.1,0.1,0.1,0.1,0.5,0,14832,0.047464941,0.018203883,6310,0.09318542,0.076069731,4729,0.032987947,0,0,0,0,0,5,1.51659755
79339.69,0.398661976,0.5,6137,37,0.12985,33.5,35.0625,37.17,0,0,0.07,0,0,20,0.5,5.5,50,0,0.1,0.1,0.1,0.1,0.1,0.1,0.5,0,15098,0.047357266,0.018346801,6297,0.094330634,0.07638558,4516,0.033658105,0,0,0,0,0,5,1.51659755
79399.77,0.457673542,0.5,6137,37,0.12935,33.25,35.0625,37.43,0,0,0.07,0,0,20,0.5,5.5,50,0,0.1,0.1,0.1,0.1,0.1,0.1,0.5,0,15221,0.047303068,0.018461336,6172,0.096565133,0.078904731,4562,0.03331872,0,0,0,0,0,5,1.51659755
79459.82,0.474006656,0.5,6137,37,0.12915,33.125,35.125,37.21,0,0,0.07,0,0,20,0.5,5.5,50,0,0.1,0.1,0.1,0.1,0.1,0.1,0.5,0,15027,0.047913755,0.01836694,6241,0.097580516,0.079153982,4544,0.033670775,0,0,0,0,0,5,1.545963347
79519.85,0.424500074,0.5,6137,37,0.13925,33.25,35.0625,37.41,0,0,0.07,0,0,20,0.5,5.5,50,0,0.1,0.1,0.1,0.1,0.1,0.1,0.5,0,14825,0.047892074,0.018617201,6437,0.096784216,0.078608047,4827,0.033146882,0,0,0,0,0,5,1.137737624
79579.91,0.427716937,0.5,6137,37,0.1613,33.3125,35.0625,37.13,0,0,0.25,0,0,20,0.5,5.5,50,0,0.1,0.1,0.1,0.1,0.1,0.1,0.5,0,15689,0.04684811,0.018293072,6289,0.098107807,0.079821911,4935,0.033029382,0,0,0,0,0,5,1.103499046
79639.95,0.43722486,0.5,6137,37,0.07455,33.3125,35.0625,37.33,0,0,0.07,0,0,20,0.5,5.5,50,0,0.1,0.1,0.1,0.1,0.1,0.1,0.5,0,15714,0.047155403,0.018200331,6399,0.098921707,0.080168776,4937,0.03382621,0,0,0,0,0,5,1.1142821
79699.99,0.442228948,0.5,6137,37,0.11555,33.25,35.0625,37.25,0,0,0,0,0,20,0.5,5.5,50,0,0.1,0.1,0.1,0.1,0.1,0.1,0.5,0,15740,0.047013977,0.018233799,6508,0.098647818,0.081130916,4735,0.034213305,0,0,0,0,0,5,1.092708336
79760.06,0.441529034,0.5,6137,37,0.16315,33.125,35.0625,37.17,0,0,0,0,0,20,0.5,5.5,50,0,0.1,0.1,0.1,0.1,0.1,0.1,0.5,0,16534,0.046691666,0.017962985,6436,0.100683654,0.081572405,4842,0.033870302,0,0,0,0,0,5,1.033321072
79820.13,0.45468546,0.5,6137,37,0.12805,33.1875,35.0625,37.05,0,0,0,0,0,20,0.5,5.5,50,0,0.1,0.1,0.1,0.1,0.1,0.1,0.5,0,16111,0.0470486,0.01843461,6687,0.100044863,0.081351877,4841,0.034910143,0,0,0,0,0,5,1.069741327
79880.18,0.461047413,0.5,6137,37,0.11445,33.125,35,37.01,0,0,0,0,0,20,0.5,5.5,50,0,0.1,0.1,0.1,0.1,0.1,0.1,0.5,0,16057,0.04739366,0.018434328,6534,0.101928375,0.082797674,4932,0.034671533,0,0,0,0,0,5,1.057939268
79940.23,0.526584922,0.5,6137,37,0.13405,33.0625,35.0625,37.03,0,0,0,0,0,20,0.5,5.5,50,0,0.1,0.1,0.1,0.1,0.1,0.1,0.5,0,15360,0.048697917,0.018619792,6554,0.103143119,0.083307904,4804,0.034554538,0,0,0,0,0,5,1.403777489
80000.31,0.494264638,0.5,6137,37,0.16785,33.125,35,37.19,0,0,0,0,0,20,0.5,5.5,50,0,0.1,0.1,0.1,0.1,0.1,0.1,0.5,0,16090,0.047917961,0.01845867,6874,0.100669188,0.081757347,4859,0.034575015,0,0,0,0,0,5,1.143564006
80060.38,0.518876996,0.5,6137,37,0.11485,33,35.0625,37.01,0,0,0,0,0,20,0.5,5.5,50,0,0.1,0.1,0.1,0.1,0.1,0.1,0.5,0,15994,0.048268101,0.01850694,6769,0.102969419,0.083321022,4811,0.034712118,0,0,0,0,0,5,1.232173131
80120.46,0.507618202,0.5,6137,37,0.15575,33.1875,35.0625,37.01,0,0,0,0,0,20,0.5,5.5,50,0,0.1,0.1,0.1,0.1,0.1,0.1,0.5,0,15853,0.049075885,0.018671545,6896,0.102523202,0.083381671,5216,0.035467791,0,0,0,0,0,5,1.104752697
80180.54,0.520733946,0.5,6137,37,0.10625,33.125,35.0625,37.17,0,0,0,0,0,20,0.5,5.5,50,0,0.1,0.1,0.1,0.1,0.1,0.1,0.5,0,16831,0.047353098,0.018240152,7266,0.099917424,0.081337737,4882,0.034412126,0,0,0,0,0,5,1.126044032
80240.62,0.496069071,0.5,6137,37,0.16685,33.0625,35.125,37.01,0,0,0,0,0,20,0.5,5.5,50,0,0.1,0.1,0.1,0.1,0.1,0.1,0.5,0,17099,0.047371191,0.018129715,7190,0.101947149,0.083031989,5090,0.034577603,0,0,0,0,0,5,0.924169599
80300.7,0.496018031,0.5,6137,37,0.16505,33.0625,35.0625,36.85,0,0,0,0,0,20,0.5,5.5,50,0,0.1,0.1,0.1,0.1,0.1,0.1,0.5,0,17693,0.046572091,0.01791669,7183,0.10371711,0.084087429,5031,0.034983105,0,0,0,0,0,5,0.877652435
80360.74,0.509582022,0.5,6137,37,0.14295,33,35.0625,36.95,0,0,0,0,0,20,0.5,5.5,50,0,0.1,0.1,0.1,0.1,0.1,0.1,0.5,0,17283,0.047676908,0.018515304,6898,0.107132502,0.086981734,5387,0.034713198,0,0,0,0,0,5,0.914705451
80420.81,0.517672462,0.5,6137,37,0.13765,33,35.0625,37.03,0,0,0,0,0,20,0.5,5.5,50,0,0.1,0.1,0.1,0.1,0.1,0.1,0.5,0,17191,0.047932057,0.018323541,7122,0.105728728,0.086071328,5131,0.035665562,0,0,0,0,0,5,0.916225893
80480.87,0.533219757,0.5,6137,37,0.12205,32.9375,35.125,37.09,0,0,0,0,0,20,0.5,5.5,50,0,0.1,0.1,0.1,0.1,0.1,0.1,0.5,0,17561,0.047605489,0.018165253,7227,0.105991421,0.085789401,5267,0.035314221,0,0,0,0,0,5,0.959187336
80540.91,0.542579806,0.5,6137,37,0.12025,32.9375,35.0625,37.05,0,0,0,0,0,20,0.5,5.5,50,0,0.1,0.1,0.1,0.1,0.1,0.1,0.5,0,17521,0.047885395,0.01854917,7284,0.107221307,0.086902801,5560,0.035791367,0,0,0,0,0,5,0.963432589
80600.98,0.559578453,0.5,6137,37,0.461275,32.875,35.0625,35.97,0,0.02,0.15,0,0,20,0.5,5.5,50,0,0.1,0.1,0.1,0.1,0.1,0.1,0.5,0,18685,0.046668451,0.018035858,7364,0.107142857,0.086637697,5414,0.035833025,0,0,0,0,0,0.44,0.963432589
80661.02,0.482892256,0.5,6137,37,0.472425,32.75,34.9375,36.01,0,0.017806543,0.141226173,0,0,20,0.5,5.5,50,0,0.1,0.1,0.1,0.1,0.1,0.1,0.5,0,17329,0.046742455,0.018004501,7033,0.103369828,0.083890232,4867,0.034929114,0,0,0,0,0,0.44,0.963432589
80721.09,0.452315987,0.5,6137,37,0.540671177,32.6875,35,36.01,0,0,0.07,0,0,20,0.5,5.5,50,0,0.1,0.1,0.1,0.1,0.1,0.1,0.5,0,16478,0.046911033,0.018145406,6957,0.098461981,0.079488285,4998,0.034413766,0,0,0,0,0,5,0.963432589
80781.15,0.449205006,0.5,6137,37,0.3005,32.875,35,36.71,0,0,0.25,0,0,20,0.5,5.5,50,0,0.1,0.1,0.1,0.1,0.1,0.1,0.5,0,16241,0.047287729,0.018410196,6696,0.100955795,0.081839904,4691,0.034960563,0,0,0,0,0,5,0.963432589
80841.24,0.45207835,0.5,6137,37,0.18295,32.9375,34.9375,37.25,0,0,0.07,0,0,20,0.5,5.5,50,0,0.1,0.1,0.1,0.1,0.1,0.1,0.5,0,15753,0.048054339,0.018663112,6781,0.100427666,0.081698864,4993,0.034247947,0,0,0,0,0,5,0.963432589
80901.32,0.475422288,0.5,6137,37,0.10595,33.0625,34.9375,37.29,0,0,0.07,0,0,20,0.5,5.5,50,0,0.1,0.1,0.1,0.1,0.1,0.1,0.5,0,15683,0.048523879,0.01849136,6743,0.102180039,0.082900786,4882,0.034821794,0,0,0,0,0,5,0.963432589
80961.39,0.497684456,0.5,6137,37,0.08775,33.1875,35,37.33,0,0,0.07,0,0,20,0.5,5.5,50,0,0.1,0.1,0.1,0.1,0.1,0.1,0.5,0,17024,0.047109962,0.018385808,6890,0.10203193,0.082728592,5090,0.034577603,0,0,0,0,0,5,0.963432589
81021.46,0.465556609,0.5,6137,37,0.08875,33.25,35,37.17,0,0,0.07,0,0,20,0.5,5.5,50,0,0.1,0.1,0.1,0.1,0.1,0.1,0.5,0,16591,0.048038093,0.018383461,6759,0.10415742,0.084775854,5045,0.03468781,0,0,0,0,0,5,0.963432589
81081.53,0.494150953,0.5,6137,37,0.1826,33.1875,35.0625,37.01,0,0,0.25,0,0,20,0.5,5.5,50,0,0.1,0.1,0.1,0.1,0.1,0.1,0.5,0,16905,0.047204969,0.01833777,7113,0.101926051,0.082665542,5195,0.034841193,0,0,0,0,0,5,1.094082998
81141.58,0.561648405,0.5,6137,37,0.10825,33.125,35,37.17,0,0,0.07,0,0,20,0.5,5.5,50,0,0.1,0.1,0.1,0.1,0.1,0.1,0.5,0,17053,0.047674896,0.018295901,7013,0.103522031,0.083986882,5161,0.034683201,0,0,0,0,0,5,1.42348384
81201.64,0.566715636,0.5,6137,37,0.15025,33,35,37.19,0,0.02,0.15,0,0,20,0.5,5.5,50,0,0.1,0.1,0.1,0.1,0.1,0.1,0.5,0,17304,0.047850208,0.018608414,6881,0.105798576,0.08646999,5374,0.03461109,0,0,0,0,0,0.44,1.42348384
81261.68,0.510043536,0.5,6137,37,0.45695,32.9375,35.0625,36.21,0,0.02,0.15,0,0,20,0.5,5.5,50,0,0.1,0.1,0.1,0.1,0.1,0.1,0.5,0,16447,0.047607466,0.018240409,6593,0.10253299,0.082966783,4881,0.034419176,0,0,0,0,0,0.44,1.42348384
81321.73,0.424232572,0.5,6137,37,0.551025,33,35,36.07,0,0,0.07,0,0,20,0.5,5.5,50,0,0.1,0.1,0.1,0.1,0.1,0.1,0.5,0,14848,0.04842403,0.018521013,6387,0.097541882,0.079379991,4672,0.033390411,0,0,0,0,0,0.44,1.42348384
81381.77,0.409098021,0.5,6137,37,0.1962,33.3125,35.0625,37.21,0,0,0.25,0,0,20,0.5,5.5,50,0,0.1,0.1,0.1,0.1,0.1,0.1,0.5,0,15407,0.047965211,0.018368274,6524,0.097026364,0.078786021,4658,0.033705453,0,0,0,0,0,5,1.42348384
81441.82,0.420805238,0.5,6137,37,0.12945,33.3125,35.0625,37.21,0,0,0.07,0,0,20,0.5,5.5,50,0,0.1,0.1,0.1,0.1,0.1,0.1,0.5,0,15670,0.047606892,0.018379068,6592,0.097087379,0.078580097,4680,0.033760684,0,0,0,0,0,5,1.42348384
81501.86,0.43870554,0.5,6137,37,0.13865,33.375,35,37.27,0,0,0.07,0,0,20,0.5,5.5,50,0,0.1,0.1,0.1,0.1,0.1,0.1,0.5,0,15295,0.047989539,0.01856816,6440,0.099378882,0.080124224,4818,0.03362391,0,0,0,0,0,5,1.42348384
81561.9,0.432651784,0.5,6137,37,0.09605,33.4375,35.0625,37.25,0,0,0.07,0,0,20,0.5,5.5,50,0,0.1,0.1,0.1,0.1,0.1,0.1,0.5,0,16094,0.046974028,0.018454082,6513,0.099339782,0.081068632,4915,0.034384537,0,0,0,0,0,5,1.42348384
81621.95,0.489689889,0.5,6137,37,0.14465,33.1875,35,37.27,0,0,0.07,0,0,20,0.5,5.5,50,0,0.1,0.1,0.1,0.1,0.1,0.1,0.5,0,15419,0.048317011,0.018613399,6585,0.10007593,0.081548975,4869,0.033887862,0,0,0,0,0,5,1.42348384
81682.02,0.53781643,0.5,6137,37,0.1534,33.125,35.125,37.17,0,0,0.25,0,0,20,0.5,5.5,50,0,0.1,0.1,0.1,0.1,0.1,0.1,0.5,0,15924,0.04816629,0.018274303,6416,0.103023691,0.083385287,4973,0.033782425,0,0,0,0,0,5,1.42348384
81742.06,0.517145666,0.5,6137,37,0.10315,33.125,35.0625,37.17,0,0,0.07,0,0,20,0.5,5.5,50,0,0.1,0.1,0.1,0.1,0.1,0.1,0.5,0,16795,0.046918726,0.01827925,6759,0.100458648,0.081372984,4846,0.034667767,0,0,0,0,0,5,1.234731528
81802.09,0.547757718,0.5,6137,37,0.14005,33,35.0625,37.05,0,0,0.07,0,0,20,0.5,5.5,50,0,0.1,0.1,0.1,0.1,0.1,0.1,0.5,0,16932,0.047129695,0.018072289,6838,0.100467973,0.081895291,5069,0.035115407,0,0,0,0,0,5,1.345520397
81862.16,0.555924869,0.5,6137,37,0.12525,33,35.0625,37.09,0,0.02,0.15,0,0,20,0.5,5.5,50,0,0.1,0.1,0.1,0.1,0.1,0.1,0.5,0,16136,0.048215171,0.018715915,6544,0.105134474,0.08542176,5001,0.034193161,0,0,0,0,0,0.44,1.345520397
81922.23,0.481314926,0.5,6137,37,0.458725,32.9375,35.0625,36.13,0,0.017234781,0.138939123,0,0,20,0.5,5.5,50,0,0.1,0.1,0.1,0.1,0.1,0.1,0.5,0,15603,0.047939499,0.018457989,6445,0.099767261,0.081768813,5070,0.033925049,0,0,0,0,0,0.44,1.345520397
81982.29,0.451082476,0.5,6137,37,0.28,33.0625,35.0625,36.81,0,0,0.25,0,0,20,0.5,5.5,50,0,0.1,0.1,0.1,0.1,0.1,0.1,0.5,0,15765,0.047066286,0.018141453,6231,0.098860536,0.080243942,4775,0.033717277,0,0,0,0,0,5,1.345520397
82042.35,0.45967732,0.5,6137,37,0.20865,33.125,35.125,37.11,0,0,0.07,0,0,20,0.5,5.5,50,0,0.1,0.1,0.1,0.1,0.1,0.1,0.5,0,15042,0.048397819,0.018813988,6212,0.099806825,0.080328397,4836,0.033705542,0,0,0,0,0,5,1.345520397
82102.38,0.455997443,0.5,6137,37,0.15965,33.1875,35.0625,37.27,0,0,0.07,0,0,20,0.5,5.5,50,0,0.1,0.1,0.1,0.1,0.1,0.1,0.5,0,15937,0.0470603,0.018133902,6531,0.096463023,0.078548461,4774,0.033514872,0,0,0,0,0,5,1.345520397
82162.43,0.438279274,0.5,6137,37,0.09615,33.25,35.0625,37.35,0,0,0.07,0,0,20,0.5,5.5,50,0,0.1,0.1,0.1,0.1,0.1,0.1,0.5,0,15545,0.047603731,0.01826954,6453,0.098868743,0.080272741,4905,0.033639144,0,0,0,0,0,5,1.345520397
82222.5,0.460268122,0.5,6137,37,0.14075,33.125,35.125,37.27,0,0,0.07,0,0,20,0.5,5.5,50,0,0.1,0.1,0.1,0.1,0.1,0.1,0.5,0,16160,0.046967822,0.018131188,6622,0.098157656,0.079885231,4775,0.033926702,0,0,0,0,0,5,1.345520397
82282.58,0.440816827,0.5,6137,37,0.1819,33.375,35.125,37.05,0,0,0.25,0,0,20,0.5,5.5,50,0,0.1,0.1,0.1,0.1,0.1,0.1,0.5,0,16714,0.046487974,0.017949025,6660,0.099249249,0.08018018,4826,0.034189805,0,0,0,0,0,5,1.345520397
82342.64,0.43258726,0.5,6137,37,0.14935,33.3125,35.125,37.05,0,0,0.07,0,0,20,0.5,5.5,50,0,0.1,0.1,0.1,0.1,0.1,0.1,0.5,0,16146,0.047194352,0.018084975,6516,0.101289134,0.082105586,4974,0.034177724,0,0,0,0,0,5,1.221708268
82402.7,0.474104893,0.5,6137,37,0.05585,33.3125,35.125,37.11,0,0,0.07,0,0,20,0.5,5.5,50,0,0.1,0.1,0.1,0.1,0.1,0.1,0.5,0,15609,0.048561727,0.018643091,6677,0.101243073,0.081923019,4848,0.034240924,0,0,0,0,0,5,1.435556437
82462.77,0.531937158,0.5,6137,37,0.13865,33,35.125,37.09,0,0,0.07,0,0,20,0.5,5.5,50,0,0.1,0.1,0.1,0.1,0.1,0.1,0.5,0,16698,0.047071506,0.018325548,6615,0.102947846,0.083144369,5016,0.034290271,0,0,0,0,0,5,1.709068922
82522.84,0.515663046,0.5,6137,37,0.13625,33,35.125,37.05,0,0,0.07,0,0,20,0.5,5.5,50,0,0.1,0.1,0.1,0.1,0.1,0.1,0.5,0,15910,0.048522942,0.018918919,6660,0.103603604,0.083933934,5048,0.034270998,0,0,0,0,0,5,1.53040002
82582.91,0.487530644,0.5,6137,37,0.16295,33.125,35.0625,36.93,0,0,0,0,0,20,0.5,5.5,50,0,0.1,0.1,0.1,0.1,0.1,0.1,0.5,0,17357,0.04649421,0.017917843,6814,0.102876431,0.083064279,5025,0.034626866,0,0,0,0,0,5,1.285578841
82642.95,0.501785899,0.5,6137,37,0.13085,33.125,35.0625,36.97,0,0,0,0,0,20,0.5,5.5,50,0,0.1,0.1,0.1,0.1,0.1,0.1,0.5,0,16166,0.048496845,0.018743041,6805,0.104481999,0.084349743,5209,0.034171626,0,0,0,0,0,5,1.307761057
82703.02,0.547006862,0.5,6137,37,0.14995,33,35.0625,36.97,0,0,0,0,0,20,0.5,5.5,50,0,0.1,0.1,0.1,0.1,0.1,0.1,0.5,0,17171,0.047289034,0.018228408,6616,0.107013301,0.086457074,5081,0.034638851,0,0,0,0,0,5,1.501236446
82763.06,0.55344812,0.5,6137,37,0.12955,33.0625,35.0625,37.13,0,0.02,0.15,0,0,20,0.5,5.5,50,0,0.1,0.1,0.1,0.1,0.1,0.1,0.5,0,16594,0.048390985,0.018741714,6955,0.104529116,0.084831057,5153,0.034737046,0,0,0,0,0,0.44,1.501236446
82823.12,0.457534417,0.5,6137,37,0.486225,32.9375,35.0625,35.97,0,0.013798152,0.125192606,0,0,20,0.5,5.5,50,0,0.1,0.1,0.1,0.1,0.1,0.1,0.5,0,16212,0.047495682,0.018504811,6700,0.101044776,0.081940299,5075,0.033891626,0,0,0,0,0,0.44,1.501236446
82883.16,0.490963961,0.5,6137,37,0.59725,32.75,35.125,35.69,0,0.02,0.25,0,0,20,0.5,5.5,50,0,0.1,0.1,0.1,0.1,0.1,0.1,0.5,0,16292,0.046525902,0.018168426,6375,0.098980392,0.079843137,4799,0.034382163,0,0,0,0,0,0.44,1.501236446
82943.2,0.4706558,0.5,6137,37,0.5008,32.75,35.0625,36.13,0,0.02,0.15,0,0,20,0.5,5.5,50,0,0.1,0.1,0.1,0.1,0.1,0.1,0.5,0,15189,0.046941866,0.018368556,5887,0.097502973,0.078647868,4637,0.032564158,0,0,0,0,0,0.44,1.501236446
83003.25,0.423115074,0.5,6137,37,0.565525,32.875,35.0625,36.17,0,0,0.07,0,0,20,0.5,5.5,50,0,0.1,0.1,0.1,0.1,0.1,0.1,0.5,0,14446,0.046587291,0.018136508,6020,0.090033223,0.072757475,4554,0.032938076,0,0,0,0,0,5,1.501236446
83063.36,0.423491533,0.5,6137,37,0.22565,33.125,35.0625,37.17,0,0,0.07,0,0,20,0.5,5.5,50,0,0.1,0.1,0.1,0.1,0.1,0.1,0.5,0,13872,0.048226644,0.018670704,5860,0.091808874,0.074573379,4366,0.032524049,0,0,0,0,0,5,1.501236446
83123.4,0.418994848,0.5,6137,37,0.11475,33.25,35.125,37.43,0,0,0.07,0,0,20,0.5,5.5,50,0,0.1,0.1,0.1,0.1,0.1,0.1,0.5,0,14501,0.046824357,0.018481484,5987,0.091531652,0.074160681,4418,0.032367587,0,0,0,0,0,5,1.501236446
83183.46,0.438043094,0.5,6137,37,0.1547,33.4375,35.125,37.37,0,0,0.25,0,0,20,0.5,5.5,50,0,0.1,0.1,0.1,0.1,0.1,0.1,0.5,0,14099,0.047804809,0.018724732,5785,0.095073466,0.076750216,4709,0.033340412,0,0,0,0,0,5,1.501236446
83243.52,0.42684843,0.5,6137,37,0.13855,33.3125,35.125,37.49,0,0,0.07,0,0,20,0.5,5.5,50,0,0.1,0.1,0.1,0.1,0.1,0.1,0.5,0,14863,0.047096818,0.018367759,5901,0.094221318,0.07676665,4438,0.032897702,0,0,0,0,0,5,1.501236446
83303.57,0.387654928,0.5,6137,37,0.14035,33.25,35.125,37.21,0,0,0.07,0,0,20,0.5,5.5,50,0,0.1,0.1,0.1,0.1,0.1,0.1,0.5,0,15289,0.04617699,0.017921381,5847,0.096117667,0.077475629,4825,0.033782383,0,0,0,0,0,5,1.501236446
83363.61,0.391403538,0.5,6137,37,0.08655,33.125,35.125,37.27,0,0,0.07,0,0,20,0.5,5.5,50,0,0.1,0.1,0.1,0.1,0.1,0.1,0.5,0,15252,0.046420142,0.017833727,5950,0.096470588,0.078823529,4558,0.03334796,0,0,0,0,0,5,1.455045157
83423.68,0.44104303,0.5,6137,37,0.18205,33.1875,35.125,37.25,0,0,0.07,0,0,20,0.5,5.5,50,0,0.1,0.1,0.1,0.1,0.1,0.1,0.5,0,14520,0.047933884,0.018732782,6223,0.094648883,0.076651133,4732,0.033601014,0,0,0,0,0,5,1.740502945
83483.72,0.453653677,0.5,6137,37,0.1242,33.0625,35.0625,37.27,0,0,0.25,0,0,20,0.5,5.5,50,0,0.1,0.1,0.1,0.1,0.1,0.1,0.5,0,15540,0.046460746,0.018082368,6066,0.096933729,0.078470162,4637,0.033211128,0,0,0,0,0,5,1.738052713
83543.77,0.457736062,0.5,6137,37,0.12015,33,35.0625,37.05,0,0,0.07,0,0,20,0.5,5.5,50,0,0.1,0.1,0.1,0.1,0.1,0.1,0.5,0,15421,0.047078659,0.018481292,6328,0.095606827,0.077749684,4695,0.032587859,0,0,0,0,0,5,1.678026035
83603.81,0.417233835,0.5,6137,37,0.15295,33.0625,35.0625,37.01,0,0,0,0,0,20,0.5,5.5,50,0,0.1,0.1,0.1,0.1,0.1,0.1,0.5,0,15895,0.046366782,0.018118905,6138,0.099217986,0.079830564,4900,0.032857143,0,0,0,0,0,5,1.316186988
83663.88,0.418167669,0.5,6137,37,0.20555,33.1875,35.0625,36.71,0,0,0,0,0,20,0.5,5.5,50,0,0.1,0.1,0.1,0.1,0.1,0.1,0.5,0,16431,0.045767147,0.018014728,6234,0.098652551,0.079884504,4724,0.034292972,0,0,0,0,0,5,1.2570846
83723.96,0.423624891,0.5,6137,37,0.17345,33.125,35.0625,36.97,0,0,0,0,0,20,0.5,5.5,50,0,0.1,0.1,0.1,0.1,0.1,0.1,0.5,0,15899,0.046732499,0.018240141,6463,0.097632678,0.07952963,4835,0.033919338,0,0,0,0,0,5,1.233128068
83784.02,0.422422069,0.5,6137,37,0.08475,33.125,35,37.09,0,0,0,0,0,20,0.5,5.5,50,0,0.1,0.1,0.1,0.1,0.1,0.1,0.5,0,15757,0.047090182,0.018341055,6560,0.098170732,0.079573171,5024,0.03343949,0,0,0,0,0,5,1.162941484
83844.09,0.448803792,0.5,6137,37,0.11115,33,35.0625,37.09,0,0,0,0,0,20,0.5,5.5,50,0,0.1,0.1,0.1,0.1,0.1,0.1,0.5,0,15312,0.048001567,0.018482236,6502,0.100276838,0.080898185,5016,0.033293461,0,0,0,0,0,5,1.286536881
83904.16,0.446726842,0.5,6137,37,0.15495,33,35.125,37.01,0,0,0,0,0,20,0.5,5.5,50,0,0.1,0.1,0.1,0.1,0.1,0.1,0.5,0,15469,0.048096192,0.018553236,6809,0.097371126,0.0793068,5056,0.033425633,0,0,0,0,0,5,1.208294578
83964.2,0.463101778,0.5,6137,37,0.14875,32.875,35.125,37.01,0,0,0,0,0,20,0.5,5.5,50,0,0.1,0.1,0.1,0.1,0.1,0.1,0.5,0,15934,0.047508472,0.018137316,6626,0.100965892,0.082100815,4765,0.034207765,0,0,0,0,0,5,1.255878461
84024.27,0.45632667,0.5,6137,37,0.14955,32.9375,35.125,36.95,0,0,0,0,0,20,0.5,5.5,50,0,0.1,0.1,0.1,0.1,0.1,0.1,0.5,0,15781,0.047588873,0.018249794,6690,0.101195815,0.082212257,4907,0.035051967,0,0,0,0,0,5,1.148870781
84084.32,0.470221984,0.5,6137,37,0.16985,32.9375,35.125,37.01,0,0,0,0,0,20,0.5,5.5,50,0,0.1,0.1,0.1,0.1,0.1,0.1,0.5,0,15469,0.048613356,0.018747172,6761,0.101168466,0.082384263,4986,0.03449659,0,0,0,0,0,5,1.181415109
84144.37,0.491532156,0.5,6137,37,0.14125,32.9375,35.1875,36.89,0,0,0,0,0,20,0.5,5.5,50,0,0.1,0.1,0.1,0.1,0.1,0.1,0.5,0,15196,0.049091866,0.018886549,6646,0.103821848,0.08426121,5030,0.03499006,0,0,0,0,0,5,1.255311771
84204.44,0.481325171,0.5,6137,37,0.09675,32.875,35.1875,36.87,0,0,0,0,0,20,0.5,5.5,50,0,0.1,0.1,0.1,0.1,0.1,0.1,0.5,0,16006,0.04829439,0.018742971,6936,0.101355248,0.082468281,5076,0.035066982,0,0,0,0,0,5,1.129593316
84264.5,0.494896367,0.5,6137,37,0.15885,32.875,35.1875,36.87,0,0,0,0,0,20,0.5,5.5,50,0,0.1,0.1,0.1,0.1,0.1,0.1,0.5,0,16411,0.047590031,0.018585095,6713,0.104871146,0.085207806,5050,0.035049505,0,0,0,0,0,5,1.156529572
84324.58,0.521642154,0.5,6137,37,0.12945,32.875,35.25,36.89,0,0,0,0,0,20,0.5,5.5,50,0,0.1,0.1,0.1,0.1,0.1,0.1,0.5,0,16986,0.047038738,0.018073708,6777,0.105208794,0.085583592,5191,0.034868041,0,0,0,0,0,5,1.256603424
84384.62,0.50904112,0.5,6137,37,0.11585,32.9375,35.25,36.89,0,0,0,0,0,20,0.5,5.5,50,0,0.1,0.1,0.1,0.1,0.1,0.1,0.5,0,17353,0.046793062,0.018152481,6772,0.106172475,0.086532782,5449,0.034685263,0,0,0,0,0,5,1.120414176
84444.7,0.567547839,0.5,6137,37,0.13255,32.875,35.25,36.89,0,0,0,0,0,20,0.5,5.5,50,0,0.1,0.1,0.1,0.1,0.1,0.1,0.5,0,17232,0.047179666,0.018396007,6893,0.105904541,0.085739156,5103,0.035077405,0,0,0,0,0,5,1.390782203
84504.77,0.578248617,0.5,6137,37,0.14435,32.875,35.25,36.87,0,0.02,0.15,0,0,20,0.5,5.5,50,0,0.1,0.1,0.1,0.1,0.1,0.1,0.5,0,17087,0.04769708,0.018376544,6901,0.10708593,0.086943921,5439,0.035484464,0,0,0,0,0,0.44,1.390782203
84564.84,0.535921402,0.5,6137,37,0.45635,32.5625,35.25,36.09,0,0.02,0.15,0,0,20,0.5,5.5,50,0,0.1,0.1,0.1,0.1,0.1,0.1,0.5,0,15400,0.048701299,0.018766234,6609,0.102436072,0.082917234,5072,0.033911672,0,0,0,0,0,0.44,1.390782203
84624.87,0.540370318,0.5,6137,37,0.54665,32.4375,35.25,35.93,0,0.02,0.15,0,0,20,0.5,5.5,50,0,0.1,0.1,0.1,0.1,0.1,0.1,0.5,0,14950,0.048294314,0.018528428,6386,0.097557156,0.079392421,4682,0.033532678,0,0,0,0,0,0.44,1.390782203
84684.93,0.484032685,0.5,6137,37,0.6471,32.5625,35.25,35.63,0,0.02,0.25,0,0,20,0.5,5.5,50,0,0.1,0.1,0.1,0.1,0.1,0.1,0.5,0,14705,0.047738864,0.018565114,5954,0.095566006,0.078098757,4646,0.033146793,0,0,0,0,0,0.44,1.390782203
84744.99,0.452981117,0.5,6137,37,0.56875,32.6875,35.25,36.23,0,0,0.07,0,0,20,0.5,5.5,50,0,0.1,0.1,0.1,0.1,0.1,0.1,0.5,0,13921,0.047194885,0.018533151,5742,0.091779868,0.074190178,4412,0.033318223,0,0,0,0,0,5,1.390782203
84805.06,0.454218268,0.5,6137,37,0.24645,33.0625,35.3125,37.35,0,0,0.07,0,0,20,0.5,5.5,50,0,0.1,0.1,0.1,0.1,0.1,0.1,0.5,0,13958,0.047284711,0.018269093,5851,0.090753717,0.073662622,4410,0.033333333,0,0,0,0,0,5,1.390782203
84865.1,0.362822385,0.5,6137,37,0.10875,33.375,35.25,37.61,0,0,0.07,0,0,20,0.5,5.5,50,0,0.1,0.1,0.1,0.1,0.1,0.1,0.5,0,14356,0.046949011,0.018110894,5762,0.092676154,0.074626866,4310,0.032482599,0,0,0,0,0,5,1.390782203
84925.17,0.466977785,0.5,6137,37,0.09575,33.3125,35.25,37.59,0,0,0.07,0,0,20,0.5,5.5,50,0,0.1,0.1,0.1,0.1,0.1,0.1,0.5,0,15056,0.046227418,0.018132306,5788,0.093123704,0.075501037,4449,0.033715442,0,0,0,0,0,5,1.390782203
84985.21,0.387455487,0.5,6137,37,0.1463,33.375,35.25,37.37,0,0,0.25,0,0,20,0.5,5.5,50,0,0.1,0.1,0.1,0.1,0.1,0.1,0.5,0,14064,0.048279295,0.018700228,6025,0.091784232,0.074854772,4488,0.033868093,0,0,0,0,0,5,1.390782203
85045.25,0.389299916,0.5,6137,37,0.14075,33.25,35.25,37.33,0,0,0.07,0,0,20,0.5,5.5,50,0,0.1,0.1,0.1,0.1,0.1,0.1,0.5,0,14554,0.04679126,0.018001924,5953,0.094574164,0.077271964,4638,0.032341527,0,0,0,0,0,5,1.390782203
85105.32,0.403170725,0.5,6137,37,0.13405,33.375,35.25,37.43,0,0,0.07,0,0,20,0.5,5.5,50,0,0.1,0.1,0.1,0.1,0.1,0.1,0.5,0,14881,0.04697265,0.018479941,6006,0.094405594,0.076257076,4632,0.032815199,0,0,0,0,0,5,1.426273294
85165.36,0.406621512,0.5,6137,37,0.11555,33.4375,35.25,37.29,0,0,0.07,0,0,20,0.5,5.5,50,0,0.1,0.1,0.1,0.1,0.1,0.1,0.5,0,14499,0.04793434,0.018553004,5997,0.095714524,0.07803902,4488,0.03342246,0,0,0,0,0,5,1.380527729
85225.5,0.418703623,0.5,6137,37,0.13125,33.3125,35.1875,37.19,0,0,0.07,0,0,20,0.5,5.5,50,0,0.1,0.1,0.1,0.1,0.1,0.1,0.5,0,14454,0.048221945,0.01867995,6177,0.094868059,0.07673628,4772,0.033528919,0,0,0,0,0,5,1.399342897
85285.57,0.426203641,0.5,6137,37,0.223,33.3125,35.1875,36.87,0,0,0.25,0,0,20,0.5,5.5,50,0,0.1,0.1,0.1,0.1,0.1,0.1,0.5,0,15349,0.047038895,0.018372532,6114,0.096826955,0.078999019,4659,0.032839665,0,0,0,0,0,5,1.382637566
85345.63,0.427007395,0.5,6137,37,0.16665,33.1875,35.25,37.29,0,0,0,0,0,20,0.5,5.5,50,0,0.1,0.1,0.1,0.1,0.1,0.1,0.5,0,14655,0.048038212,0.018764927,6188,0.097285068,0.078377505,4815,0.03364486,0,0,0,0,0,5,1.319157894
85405.68,0.437895414,0.5,6137,37,0.11325,33.25,35.25,37.03,0,0,0,0,0,20,0.5,5.5,50,0,0.1,0.1,0.1,0.1,0.1,0.1,0.5,0,15456,0.04684265,0.018374741,6443,0.095142015,0.077448394,4761,0.033396345,0,0,0,0,0,5,1.328736309
85465.76,0.432541774,0.5,6137,37,0.11375,33.1875,35.25,37.09,0,0,0,0,0,20,0.5,5.5,50,0,0.1,0.1,0.1,0.1,0.1,0.1,0.5,0,15084,0.047666401,0.018430125,6373,0.096814687,0.07876981,4788,0.033625731,0,0,0,0,0,5,1.225395918
85525.8,0.441520108,0.5,6137,37,0.11775,33.1875,35.25,37.13,0,0,0,0,0,20,0.5,5.5,50,0,0.1,0.1,0.1,0.1,0.1,0.1,0.5,0,15696,0.04714577,0.018348624,6294,0.098983159,0.080235145,4694,0.034086067,0,0,0,0,0,5,1.225760086
85585.87,0.416746079,0.5,6137,37,0.15565,33.0625,35.25,37.19,0,0,0,0,0,20,0.5,5.5,50,0,0.1,0.1,0.1,0.1,0.1,0.1,0.5,0,16005,0.046672915,0.018056857,6378,0.099560991,0.080432738,5052,0.034045922,0,0,0,0,0,5,0.991232726
85645.92,0.427784041,0.5,6137,37,0.11525,33,35.25,37.01,0,0,0,0,0,20,0.5,5.5,50,0,0.1,0.1,0.1,0.1,0.1,0.1,0.5,0,16544,0.046300774,0.018073017,6450,0.099379845,0.081705426,4849,0.033615178,0,0,0,0,0,5,1.020095223
85705.96,0.438695547,0.5,6137,37,0.13435,32.875,35.1875,37.33,0,0,0,0,0,20,0.5,5.5,50,0,0.1,0.1,0.1,0.1,0.1,0.1,0.5,0,15498,0.047619048,0.018518519,6543,0.099495644,0.080544093,4912,0.033998371,0,0,0,0,0,5,1.044651964
85766,0.453461866,0.5,6137,37,0.13545,32.875,35.25,37.01,0,0,0,0,0,20,0.5,5.5,50,0,0.1,0.1,0.1,0.1,0.1,0.1,0.5,0,15454,0.048078167,0.01870066,6705,0.099776286,0.080835198,4988,0.033680834,0,0,0,0,0,5,1.091735927
85826.08,0.463191407,0.5,6137,37,0.18635,32.875,35.25,37.03,0,0,0,0,0,20,0.5,5.5,50,0,0.1,0.1,0.1,0.1,0.1,0.1,0.5,0,16869,0.046060822,0.017843381,6697,0.100642079,0.081230402,5146,0.034395647,0,0,0,0,0,5,1.100836718
85886.15,0.483475208,0.5,6137,37,0.16605,32.8125,35.25,37.03,0,0,0,0,0,20,0.5,5.5,50,0,0.1,0.1,0.1,0.1,0.1,0.1,0.5,0,16193,0.047551411,0.018403014,6570,0.102435312,0.082952816,4899,0.034700959,0,0,0,0,0,5,1.174373874
85946.23,0.481421254,0.5,6137,37,0.14625,32.75,35.1875,37.11,0,0,0,0,0,20,0.5,5.5,50,0,0.1,0.1,0.1,0.1,0.1,0.1,0.5,0,15620,0.048463508,0.018822023,6795,0.101398087,0.082413539,5171,0.03403597,0,0,0,0,0,5,1.102883093
86006.3,0.494279305,0.5,6137,37,0.09735,32.875,35.1875,36.89,0,0,0,0,0,20,0.5,5.5,50,0,0.1,0.1,0.1,0.1,0.1,0.1,0.5,0,15599,0.048656965,0.018783255,6907,0.101491241,0.082235413,5081,0.034245227,0,0,0,0,0,5,1.126813169
86066.34,0.545243075,0.5,6137,37,0.14355,32.8125,35.1875,37.03,0,0,0,0,0,20,0.5,5.5,50,0,0.1,0.1,0.1,0.1,0.1,0.1,0.5,0,15908,0.048529042,0.018858436,7085,0.100917431,0.081721948,4823,0.034833091,0,0,0,0,0,5,1.364865366
86126.39,0.562775283,0.5,6137,37,0.14265,32.6875,35.25,36.79,0,0.02,0.15,0,0,20,0.5,5.5,50,0,0.1,0.1,0.1,0.1,0.1,0.1,0.5,0,15695,0.048741637,0.018859509,6882,0.103603604,0.084277826,5030,0.035387674,0,0,0,0,0,0.44,1.364865366
86186.45,0.533750209,0.5,6137,37,0.526825,32.8125,35.1875,35.71,0,0.02,0.25,0,0,20,0.5,5.5,50,0,0.1,0.1,0.1,0.1,0.1,0.1,0.5,0,15841,0.048166151,0.018685689,6745,0.102594514,0.083320979,5028,0.03540175,0,0,0,0,0,0.44,1.364865366
86246.48,0.543751946,0.5,6137,37,0.490275,32.625,35.1875,36.09,0,0.02,0.15,0,0,20,0.5,5.5,50,0,0.1,0.1,0.1,0.1,0.1,0.1,0.5,0,15896,0.04724459,0.01843231,6276,0.101019758,0.081899299,4926,0.033901746,0,0,0,0,0,0.44,1.364865366
86306.54,0.48534434,0.5,6137,37,0.495775,32.5625,35.1875,35.71,0,0.02,0.15,0,0,20,0.5,5.5,50,0,0.1,0.1,0.1,0.1,0.1,0.1,0.5,0,15117,0.047165443,0.018389892,6009,0.096688301,0.078382426,4568,0.032837128,0,0,0,0,0,0.44,1.364865366
86366.61,0.368055944,0.5,6137,37,0.522275,32.875,35.1875,35.99,0,0,0.07,0,0,20,0.5,5.5,50,0,0.1,0.1,0.1,0.1,0.1,0.1,0.5,0,14654,0.046744916,0.018288522,5753,0.093168782,0.075786546,4432,0.032716606,0,0,0,0,0,5,1.364865366
86426.68,0.383846809,0.5,6137,37,0.30655,33.1875,35.25,37.09,0,0,0.07,0,0,20,0.5,5.5,50,0,0.1,0.1,0.1,0.1,0.1,0.1,0.5,0,14112,0.047831633,0.018282313,5899,0.092727581,0.075606035,4702,0.032539345,0,0,0,0,0,5,1.364865366
86486.77,0.417651626,0.5,6137,37,0.116,33.125,35.1875,37.55,0,0,0.25,0,0,20,0.5,5.5,50,0,0.1,0.1,0.1,0.1,0.1,0.1,0.5,0,14594,0.047142661,0.018432232,5740,0.093728223,0.076829268,4613,0.0325168,0,0,0,0,0,5,1.364865366
86546.8,0.396846489,0.5,6137,37,0.10775,33.3125,35.25,37.33,0,0,0.07,0,0,20,0.5,5.5,50,0,0.1,0.1,0.1,0.1,0.1,0.1,0.5,0,15003,0.046324069,0.018063054,5941,0.093250295,0.075576502,4477,0.033057851,0,0,0,0,0,5,1.364865366
86606.87,0.396380634,0.5,6137,37,0.12215,33.375,35.25,37.29,0,0,0.07,0,0,20,0.5,5.5,50,0,0.1,0.1,0.1,0.1,0.1,0.1,0.5,0,14802,0.047426024,0.018375895,5944,0.094380888,0.077220727,4519,0.032971896,0,0,0,0,0,5,1.364865366
86666.93,0.409885491,0.5,6137,37,0.14965,33.25,35.25,37.21,0,0,0.07,0,0,20,0.5,5.5,50,0,0.1,0.1,0.1,0.1,0.1,0.1,0.5,0,14669,0.047310655,0.018337992,6172,0.09316267,0.075826312,4565,0.033077766,0,0,0,0,0,5,1.364865366
86726.97,0.428275421,0.5,6137,37,0.10465,33.1875,35.25,37.35,0,0,0.07,0,0,20,0.5,5.5,50,0,0.1,0.1,0.1,0.1,0.1,0.1,0.5,0,14961,0.047189359,0.018447965,6017,0.095728768,0.078278212,4621,0.03267691,0,0,0,0,0,5,1.428288097
86787.02,0.438686718,0.5,6137,37,0.0837,33.3125,35.25,37.45,0,0,0.25,0,0,20,0.5,5.5,50,0,0.1,0.1,0.1,0.1,0.1,0.1,0.5,0,14497,0.048078913,0.018348624,6120,0.095751634,0.077941176,4715,0.033934252,0,0,0,0,0,5,1.428930796
86847.06,0.43612976,0.5,6137,37,0.12995,33.125,35.1875,37.21,0,0,0.07,0,0,20,0.5,5.5,50,0,0.1,0.1,0.1,0.1,0.1,0.1,0.5,0,15730,0.04647171,0.018245391,6281,0.09552619,0.077376214,4750,0.032631579,0,0,0,0,0,5,1.339947102
86907.13,0.421837628,0.5,6137,37,0.11185,33.125,35.25,37.05,0,0,0.07,0,0,20,0.5,5.5,50,0,0.1,0.1,0.1,0.1,0.1,0.1,0.5,0,15552,0.046617798,0.018197016,6328,0.095922882,0.077749684,4697,0.033851395,0,0,0,0,0,5,1.172991724
86967.17,0.429369536,0.5,6137,37,0.15645,33,35.1875,37.05,0,0,0,0,0,20,0.5,5.5,50,0,0.1,0.1,0.1,0.1,0.1,0.1,0.5,0,14850,0.047811448,0.018451178,6459,0.09645456,0.078185478,4723,0.033665043,0,0,0,0,0,5,1.167434536
87027.21,0.41252388,0.5,6137,37,0.16435,33,35.1875,37.05,0,0,0,0,0,20,0.5,5.5,50,0,0.1,0.1,0.1,0.1,0.1,0.1,0.5,0,15740,0.046442186,0.018297332,6241,0.099022593,0.081076751,4883,0.034405079,0,0,0,0,0,5,0.988991276
87087.26,0.42614403,0.5,6137,37,0.10635,33,35.1875,36.95,0,0,0,0,0,20,0.5,5.5,50,0,0.1,0.1,0.1,0.1,0.1,0.1,0.5,0,15855,0.046799117,0.018101545,6356,0.098961611,0.080081812,4961,0.03386414,0,0,0,0,0,5,1.036991594
87147.33,0.439260161,0.5,6137,37,0.12565,33.0625,35.1875,37.05,0,0,0,0,0,20,0.5,5.5,50,0,0.1,0.1,0.1,0.1,0.1,0.1,0.5,0,15861,0.046844461,0.018220793,6416,0.100218204,0.081203242,4686,0.034144259,0,0,0,0,0,5,1.076085427
87207.4,0.440711216,0,6137,37,0.15295,32.9375,35.1875,36.89,0,0,0,0,0,20,0.5,5.5,50,0,0.1,0.1,0.1,0.1,0.1,0.1,0.5,0,15799,0.047091588,0.018355592,6494,0.099630428,0.080997844,4981,0.035133507,0,0,0,0,0,5,1.076085427
87267.52,0.479389783,0,6137,37,0.17025,33.125,35.125,36.89,0,0,0,0,0,20,0.5,5.5,50,0,0.1,0.1,0.1,0.1,0.1,0.1,0.5,0,15874,0.047625047,0.018331863,6593,0.099954497,0.082056727,5050,0.033663366,0,0,0,0,0,5,1.076085427
87327.6,0.514719613,0.5,6137,37,0.24325,33.0625,35.125,36.37,0,0,0,0,0,20,0.5,5.5,50,1000,0.1,0.1,0.1,0.1,0.1,0.1,0.5,0,15676,0.047397295,0.018435825,6414,0.099937636,0.080916745,4798,0.034389329,0,0,0,0,0,5,1.235606057
87387.65,0.487478225,0.5,6137,37,0.24605,33,35.125,36.87,0,0,0,0,0,20,0.5,5.5,50,1000,0.1,0.1,0.1,0.1,0.1,0.1,0.5,0,15516,0.047950503,0.018625935,6369,0.101114775,0.082116502,4736,0.034206081,0,0,0,0,0,5,1.010695693
87447.7,0.474090889,0.5,6137,37,0.18075,33.125,35.125,36.79,0,0,0,0,0,20,0.5,5.5,50,1000,0.1,0.1,0.1,0.1,0.1,0.1,0.5,0,15355,0.048127646,0.018821231,6459,0.102028178,0.082520514,4798,0.034180909,0,0,0,0,0,5,0.876621197
87507.75,0.471243442,0.5,6137,37,0.16165,33.25,35.0625,37.01,0,0,0,0,0,20,0.5,5.5,50,1000,0.1,0.1,0.1,0.1,0.1,0.1,0.5,0,16025,0.047425897,0.018346334,6466,0.102381689,0.082740489,4836,0.034325889,0,0,0,0,0,5,0.814717448
87567.82,0.472983192,0.5,6137,37,0.20905,33.1875,35.0625,37.03,0,0,0,0,0,20,0.5,5.5,50,1000,0.1,0.1,0.1,0.1,0.1,0.1,0.5,0,16176,0.047168645,0.018236894,6593,0.102229637,0.083118459,4881,0.035238681,0,0,0,0,0,5,0.785036663
87627.88,0.458998262,0.5,6137,37,0.08005,33.25,35.125,37.03,0,0,0,0,0,20,0.5,5.5,50,1000,0.1,0.1,0.1,0.1,0.1,0.1,0.5,0,16101,0.047636793,0.018259735,6908,0.100028952,0.081354951,4901,0.034482759,0,0,0,0,0,5,0.655744543
87687.92,0.587481602,0.5,6137,37,0.11025,33,35.125,36.97,0,0,0,0,0,20,0.5,5.5,50,1000,0.1,0.1,0.1,0.1,0.1,0.1,0.5,0,15953,0.048266784,0.018429136,6636,0.103827607,0.084388186,4817,0.035084077,0,0,0,0,0,5,1.363352835
87747.98,0.524197403,0.5,6137,37,0.14695,33.125,35.0625,37.01,0,0,0,0,0,20,0.5,5.5,50,1000,0.1,0.1,0.1,0.1,0.1,0.1,0.5,0,16850,0.047240356,0.018456973,6656,0.104567308,0.084885817,5064,0.034162717,0,0,0,0,0,5,0.953255411
87808.06,0.533581904,0.5,6137,37,0.14485,33.1875,35.0625,36.81,0,0,0,0,0,20,0.5,5.5,50,1000,0.1,0.1,0.1,0.1,0.1,0.1,0.5,0,16005,0.04873477,0.018681662,6702,0.105490898,0.085198448,4776,0.03559464,0,0,0,0,0,5,0.958825378
87868.11,0.547099215,0.5,6137,37,0.16925,33.1875,35.0625,36.79,0,0,0,0,0,20,0.5,5.5,50,1000,0.1,0.1,0.1,0.1,0.1,0.1,0.5,0,16551,0.048093771,0.018669567,6824,0.106096131,0.08601993,5140,0.035019455,0,0,0,0,0,5,0.985936864
87928.19,0.541860524,0.5,6137,37,0.13125,33.3125,35.0625,36.95,0,0.02,0.15,0,0,20,0.5,5.5,50,1000,0.1,0.1,0.1,0.1,0.1,0.1,0.5,0,15920,0.049183417,0.019032663,6887,0.106142007,0.086539858,4915,0.035198372,0,0,0,0,0,0.44,0.985936864
87988.26,0.540780095,0.5,6137,37,0.260025,33.25,35,37.03,0,0.02,0.25,0,0,20,0.5,5.5,50,1000,0.1,0.1,0.1,0.1,0.1,0.1,0.5,0,17109,0.047869542,0.018586709,6959,0.105762322,0.085931887,5244,0.035278413,0,0,0,0,0,0.44,0.985936864
88048.31,0.498743807,0.5,6137,37,0.36425,33.1875,35,36.57,0,0.02,0.15,0,0,20,0.5,5.5,50,1000,0.1,0.1,0.1,0.1,0.1,0.1,0.5,0,15841,0.049113061,0.019064453,6871,0.103623927,0.084412749,5067,0.034537201,0,0,0,0,0,0.44,0.985936864
88108.36,0.483382129,0.5,6137,37,0.47815,33,35,36.09,0,0.02,0.15,0,0,20,0.5,5.5,50,1000,0.1,0.1,0.1,0.1,0.1,0.1,0.5,0,16383,0.047427211,0.018616859,6407,0.101139379,0.082097706,4860,0.033744856,0,0,0,0,0,0.44,0.985936864
88168.43,0.426498173,0.5,6137,37,0.56565,32.9375,35,35.91,0,0,0.07,0,0,20,0.5,5.5,50,1000,0.1,0.1,0.1,0.1,0.1,0.1,0.5,0,14922,0.048518965,0.018831256,6221,0.096447516,0.077800997,4720,0.033050847,0,0,0,0,0,5,0.985936864
88228.5,0.434702338,0.5,6137,37,0.31745,33.125,35,36.93,0,0,0.07,0,0,20,0.5,5.5,50,1000,0.1,0.1,0.1,0.1,0.1,0.1,0.5,0,14700,0.048639456,0.018639456,6124,0.096832136,0.079033312,4608,0.033203125,0,0,0,0,0,5,0.985936864
88288.57,0.418229273,0.5,6137,37,0.13635,33.375,35,37.43,0,0,0.25,0,0,20,0.5,5.5,50,1000,0.1,0.1,0.1,0.1,0.1,0.1,0.5,0,15348,0.0475632,0.018438885,6186,0.0966699,0.078726156,4733,0.033382633,0,0,0,0,0,5,0.985936864
88348.6,0.393828818,0.5,6137,37,0.14435,33.4375,35.0625,37.45,0,0,0.07,0,0,20,0.5,5.5,50,1000,0.1,0.1,0.1,0.1,0.1,0.1,0.5,0,14638,0.049118732,0.018855035,6395,0.096325254,0.078342455,4605,0.033441911,0,0,0,0,0,5,0.985936864
88408.63,0.411530617,0.5,6137,37,0.13675,33.5,35,37.43,0,0,0.07,0,0,20,0.5,5.5,50,1000,0.1,0.1,0.1,0.1,0.1,0.1,0.5,0,16388,0.046436417,0.018306078,6326,0.098166298,0.079987354,4626,0.033506269,0,0,0,0,0,5,0.985936864
88468.68,0.45429503,0.5,6137,37,0.09945,33.4375,35.0625,37.27,0,0,0.07,0,0,20,0.5,5.5,50,1000,0.1,0.1,0.1,0.1,0.1,0.1,0.5,0,15544,0.047992795,0.018270715,6564,0.09765387,0.079067642,4807,0.033492823,0,0,0,0,0,5,0.985936864
88528.74,0.445406947,0.5,6137,37,0.09655,33.25,35.0625,37.09,0,0,0.07,0,0,20,0.5,5.5,50,1000,0.1,0.1,0.1,0.1,0.1,0.1,0.5,0,15026,0.049314521,0.019033675,6342,0.101072217,0.081204667,5026,0.03402308,0,0,0,0,0,5,0.877364579
88588.78,0.434318048,0.5,6137,37,0.20265,33.1875,35,37.17,0,0,0.25,0,0,20,0.5,5.5,50,1000,0.1,0.1,0.1,0.1,0.1,0.1,0.5,0,16208,0.047384008,0.018509378,6600,0.098787879,0.08030303,4907,0.034440595,0,0,0,0,0,5,0.757862577
88648.83,0.450736123,0.5,6137,37,0.11275,33.125,35.0625,37.05,0,0,0.07,0,0,20,0.5,5.5,50,1000,0.1,0.1,0.1,0.1,0.1,0.1,0.5,0,15994,0.048330624,0.018757034,6698,0.099581965,0.080023888,4810,0.034095634,0,0,0,0,0,5,0.831284387
88708.87,0.468264975,0.5,6137,37,0.11465,33.25,35,37.13,0,0,0.07,0,0,20,0.5,5.5,50,1000,0.1,0.1,0.1,0.1,0.1,0.1,0.5,0,15513,0.049377941,0.018822923,6758,0.099881622,0.081828943,4849,0.034852547,0,0,0,0,0,5,0.904176908
88768.94,0.461044245,0.5,6137,37,0.16195,33.1875,35,37.01,0,0,0,0,0,20,0.5,5.5,50,1000,0.1,0.1,0.1,0.1,0.1,0.1,0.5,0,15626,0.049148854,0.0187508,6853,0.100393988,0.081132351,4942,0.034601376,0,0,0,0,0,5,0.812347143
88828.98,0.453228934,0.5,6137,37,0.15985,33.1875,35,36.93,0,0,0,0,0,20,0.5,5.5,50,1000,0.1,0.1,0.1,0.1,0.1,0.1,0.5,0,16452,0.048626307,0.018781911,6703,0.102043861,0.082947934,5253,0.034837236,0,0,0,0,0,5,0.720439852
88889.02,0.479645741,0.5,6137,37,0.15655,33.3125,35.0625,37.11,0,0,0,0,0,20,0.5,5.5,50,1000,0.1,0.1,0.1,0.1,0.1,0.1,0.5,0,16055,0.049143569,0.018872625,6659,0.103919507,0.084246884,4963,0.034857949,0,0,0,0,0,5,0.854369127
88949.08,0.500954149,0.5,6137,37,0.12235,33.1875,35.0625,37.19,0,0,0,0,0,20,0.5,5.5,50,1000,0.1,0.1,0.1,0.1,0.1,0.1,0.5,0,16826,0.048318079,0.018602163,6746,0.104209902,0.084346279,5064,0.034557662,0,0,0,0,0,5,0.942051028
89009.15,0.499825984,0.5,6137,37,0.08835,33.1875,35.0625,37.03,0,0,0,0,0,20,0.5,5.5,50,1000,0.1,0.1,0.1,0.1,0.1,0.1,0.5,0,16032,0.049837824,0.019149202,6965,0.102943288,0.08356066,5205,0.03439001,0,0,0,0,0,5,0.888184761
89069.19,0.497925685,0.5,6137,37,0.18365,33.1875,35,36.89,0,0,0,0,0,20,0.5,5.5,50,1000,0.1,0.1,0.1,0.1,0.1,0.1,0.5,0,16431,0.049479642,0.018988497,6924,0.105574812,0.084777585,5020,0.035458167,0,0,0,0,0,5,0.832348019
89129.25,0.507945912,0.5,6137,37,0.16925,33.1875,35,36.85,0,0,0,0,0,20,0.5,5.5,50,1000,0.1,0.1,0.1,0.1,0.1,0.1,0.5,0,17502,0.048108788,0.018683579,6870,0.106113537,0.08588064,5201,0.034801,0,0,0,0,0,5,0.85050301
89189.33,0.526844189,0.5,6137,37,0.10855,33.125,35.0625,36.89,0,0,0,0,0,20,0.5,5.5,50,1000,0.1,0.1,0.1,0.1,0.1,0.1,0.5,0,16507,0.049918217,0.019022233,7032,0.105375427,0.085466439,5255,0.034823977,0,0,0,0,0,5,0.917567498
89249.4,0.535728351,0.5,6137,37,0.18415,33.0625,35,36.77,0,0,0,0,0,20,0.5,5.5,50,1000,0.1,0.1,0.1,0.1,0.1,0.1,0.5,0,16565,0.050286749,0.019197102,7138,0.106332306,0.086018493,5249,0.035054296,0,0,0,0,0,5,0.92185625
89309.47,0.53253597,0.5,6137,37,0.14005,33.25,35.0625,36.97,0,0,0,0,0,20,0.5,5.5,50,1000,0.1,0.1,0.1,0.1,0.1,0.1,0.5,0,17013,0.049550344,0.018985482,7057,0.107411081,0.087147513,5470,0.035466179,0,0,0,0,0,5,0.857833099
89369.52,0.540564948,0.5,6137,37,0.19275,33.125,35.0625,37.17,0,0,0,0,0,20,0.5,5.5,50,1000,0.1,0.1,0.1,0.1,0.1,0.1,0.5,0,17415,0.049210451,0.019006604,7163,0.10707804,0.086835125,5470,0.035648995,0,0,0,0,0,5,0.859834489
89429.62,0.553312565,0.5,6137,37,0.08705,33.1875,35,37.11,0,0.02,0.15,0,0,20,0.5,5.5,50,1000,0.1,0.1,0.1,0.1,0.1,0.1,0.5,0,17834,0.04872715,0.018616126,7211,0.1080294,0.087643877,5226,0.035399923,0,0,0,0,0,0.44,0.859834489
89489.65,0.505932183,0.5,6137,37,0.46585,33,35.125,36.15,0,0.02,0.25,0,0,20,0.5,5.5,50,1000,0.1,0.1,0.1,0.1,0.1,0.1,0.5,0,16329,0.049911201,0.018862147,6784,0.106279481,0.085495283,5025,0.035223881,0,0,0,0,0,0.44,0.859834489
89549.69,0.471055742,0.5,6137,37,0.5403,32.8125,35.0625,35.67,0,0.02,0.15,0,0,20,0.5,5.5,50,1000,0.1,0.1,0.1,0.1,0.1,0.1,0.5,0,15755,0.049127261,0.019041574,6735,0.099777283,0.081069042,4882,0.033797624,0,0,0,0,0,0.44,0.859834489
89609.76,0.44191741,0.5,6137,37,0.580525,32.875,35.125,36.01,0,0,0.07,0,0,20,0.5,5.5,50,1000,0.1,0.1,0.1,0.1,0.1,0.1,0.5,0,15472,0.048668563,0.018937435,6295,0.096902303,0.078316124,4783,0.033033661,0,0,0,0,0,5,0.859834489
89669.8,0.454451361,0.5,6137,37,0.24735,33.1875,35,37.03,0,0,0.07,0,0,20,0.5,5.5,50,1000,0.1,0.1,0.1,0.1,0.1,0.1,0.5,0,14875,0.049882353,0.01902521,6355,0.09693155,0.078992919,5001,0.033593281,0,0,0,0,0,5,0.859834489
89729.87,0.447375979,0.5,6137,37,0.11765,33.125,35.0625,37.29,0,0,0.07,0,0,20,0.5,5.5,50,1000,0.1,0.1,0.1,0.1,0.1,0.1,0.5,0,15181,0.049074501,0.018971082,6141,0.099820876,0.080931444,4909,0.033611734,0,0,0,0,0,5,0.859834489
89789.93,0.430529888,0.5,6137,37,0.12855,33.3125,35,37.25,0,0,0.25,0,0,20,0.5,5.5,50,1000,0.1,0.1,0.1,0.1,0.1,0.1,0.5,0,15160,0.049604222,0.019129288,6588,0.096842744,0.078627808,4807,0.034116913,0,0,0,0,0,5,0.859834489
89849.96,0.454108374,0.5,6137,37,0.10355,33.3125,35.0625,37.25,0,0,0.07,0,0,20,0.5,5.5,50,1000,0.1,0.1,0.1,0.1,0.1,0.1,0.5,0,15274,0.049495875,0.018986513,6484,0.099167181,0.080351635,4768,0.033766779,0,0,0,0,0,5,0.859834489
89910.03,0.453872467,0.5,6137,37,0.11005,33.3125,35.0625,37.21,0,0,0.07,0,0,20,0.5,5.5,50,1000,0.1,0.1,0.1,0.1,0.1,0.1,0.5,0,15462,0.049670159,0.019014358,6754,0.09771987,0.079508439,4796,0.033569641,0,0,0,0,0,5,0.859834489
89970.07,0.453650564,0.5,6137,37,0.15195,33.3125,35,37.27,0,0,0.07,0,0,20,0.5,5.5,50,1000,0.1,0.1,0.1,0.1,0.1,0.1,0.5,0,16336,0.048175808,0.018547992,6526,0.100520993,0.08182654,5066,0.033754441,0,0,0,0,0,5,0.81537567
90030.15,0.46475624,0.5,6137,37,0.15005,33.25,35.0625,37.21,0,0,0.07,0,0,20,0.5,5.5,50,1000,0.1,0.1,0.1,0.1,0.1,0.1,0.5,0,16397,0.048728426,0.018539977,6720,0.10014881,0.08139881,4934,0.034049453,0,0,0,0,0,5,0.847164393
90090.18,0.463066357,0.5,6137,37,0.14875,33.1875,35,37.29,0,0,0.25,0,0,20,0.5,5.5,50,1000,0.1,0.1,0.1,0.1,0.1,0.1,0.5,0,16362,0.048954895,0.018579636,6700,0.10119403,0.081791045,5196,0.033872209,0,0,0,0,0,5,0.793878105
90150.24,0.489004416,0.5,6137,37,0.15895,33.25,35,37.25,0,0,0.07,0,0,20,0.5,5.5,50,1000,0.1,0.1,0.1,0.1,0.1,0.1,0.5,0,16167,0.049854642,0.019236717,6830,0.10102489,0.082430454,5133,0.034287941,0,0,0,0,0,5,0.91768767
90210.28,0.481326772,0.5,6137,37,0.19005,33.1875,34.9375,37.25,0,0,0,0,0,20,0.5,5.5,50,1000,0.1,0.1,0.1,0.1,0.1,0.1,0.5,0,15867,0.050167013,0.019222285,6927,0.101631298,0.082142342,5006,0.033959249,0,0,0,0,0,5,0.824327919
90270.34,0.563562684,0.5,6137,37,0.11135,33.125,34.9375,37.27,0,0,0,0,0,20,0.5,5.5,50,1000,0.1,0.1,0.1,0.1,0.1,0.1,0.5,0,17687,0.047775202,0.018262,6829,0.102796896,0.083906868,4985,0.034503511,0,0,0,0,0,5,1.256308029
90330.39,0.537155924,0.5,6137,37,0.10355,33.0625,35,37.25,0,0,0,0,0,20,0.5,5.5,50,1000,0.1,0.1,0.1,0.1,0.1,0.1,0.5,0,16466,0.049921049,0.019130329,6983,0.103107547,0.083488472,5077,0.034666141,0,0,0,0,0,5,1.049522166
90390.44,0.541981973,0.5,6137,37,0.17915,33.1875,35.0625,36.87,0,0,0,0,0,20,0.5,5.5,50,1000,0.1,0.1,0.1,0.1,0.1,0.1,0.5,0,16371,0.050516157,0.019363509,6940,0.104899135,0.085158501,5071,0.034509959,0,0,0,0,0,5,1.023879042
90450.5,0.538299356,0.5,6137,37,0.15735,33.1875,35,36.95,0,0,0,0,0,20,0.5,5.5,50,1000,0.1,0.1,0.1,0.1,0.1,0.1,0.5,0,16534,0.05026007,0.019233095,6907,0.10583466,0.085565368,5257,0.034810729,0,0,0,0,0,5,0.952231352
90510.56,0.558095211,0.5,6137,37,0.12635,33.0625,35,36.87,0,0,0,0,0,20,0.5,5.5,50,1000,0.1,0.1,0.1,0.1,0.1,0.1,0.5,0,16638,0.050486837,0.019233081,7132,0.10501963,0.085249579,5290,0.034593573,0,0,0,0,0,5,1.012964031
90570.6,0.550937381,0.5,6137,37,0.13545,33.0625,35,37.05,0,0.02,0.15,0,0,20,0.5,5.5,50,1000,0.1,0.1,0.1,0.1,0.1,0.1,0.5,0,16290,0.051074279,0.019337017,7278,0.104699093,0.085325639,5599,0.035542061,0,0,0,0,0,0.44,1.012964031
90630.67,0.501257979,0.5,6137,37,0.51225,32.875,34.9375,35.97,0,0.02,0.15,0,0,20,0.5,5.5,50,1000,0.1,0.1,0.1,0.1,0.1,0.1,0.5,0,16380,0.04981685,0.018925519,6882,0.101278698,0.081952921,4940,0.034412955,0,0,0,0,0,0.44,1.012964031
90690.71,0.458165215,0.5,6137,37,0.577675,32.9375,34.9375,35.85,0,0.02,0.25,0,0,20,0.5,5.5,50,1000,0.1,0.1,0.1,0.1,0.1,0.1,0.5,0,15883,0.049172071,0.018825159,6601,0.097560976,0.079078927,4759,0.033830637,0,0,0,0,0,0.44,1.012964031
90750.75,0.406414333,0.5,6137,37,0.611675,32.875,35,35.85,0,0,0.07,0,0,20,0.5,5.5,50,1000,0.1,0.1,0.1,0.1,0.1,0.1,0.5,0,14609,0.049695393,0.019097816,6116,0.09646828,0.077828646,4655,0.032867884,0,0,0,0,0,5,1.012964031
90810.82,0.407150605,0.5,6137,37,0.24965,33.25,34.9375,37.03,0,0,0.07,0,0,20,0.5,5.5,50,1000,0.1,0.1,0.1,0.1,0.1,0.1,0.5,0,14456,0.050221361,0.019299945,6395,0.093666927,0.075684128,4528,0.034010601,0,0,0,0,0,5,1.012964031
90870.89,0.437500828,0.5,6137,37,0.13495,33.25,34.9375,37.37,0,0,0.07,0,0,20,0.5,5.5,50,1000,0.1,0.1,0.1,0.1,0.1,0.1,0.5,0,15259,0.048954715,0.018677502,6165,0.096025953,0.078669911,4772,0.033109807,0,0,0,0,0,5,1.012964031
90930.94,0.452117261,0.5,6137,37,0.10285,33.3125,34.9375,37.59,0,0,0.07,0,0,20,0.5,5.5,50,1000,0.1,0.1,0.1,0.1,0.1,0.1,0.5,0,15342,0.048885413,0.018837179,6058,0.098382304,0.079234071,4877,0.033217142,0,0,0,0,0,5,1.012964031
90991,0.409197607,0.5,6137,37,0.16525,33.3125,34.9375,37.27,0,0,0.25,0,0,20,0.5,5.5,50,1000,0.1,0.1,0.1,0.1,0.1,0.1,0.5,0,15113,0.049295309,0.018659432,6245,0.098318655,0.079423539,4700,0.033191489,0,0,0,0,0,5,1.012964031
91051.05,0.44731164,0.5,6137,37,0.09315,33.3125,34.9375,37.43,0,0,0.07,0,0,20,0.5,5.5,50,1000,0.1,0.1,0.1,0.1,0.1,0.1,0.5,0,15283,0.049335863,0.018975332,6438,0.097079838,0.078906493,4720,0.033686441,0,0,0,0,0,5,1.012964031
91111.1,0.43896113,0.5,6137,37,0.15825,33.3125,34.9375,37.17,0,0,0.07,0,0,20,0.5,5.5,50,1000,0.1,0.1,0.1,0.1,0.1,0.1,0.5,0,15764,0.048908906,0.018523217,6414,0.098690365,0.0801372,4942,0.03358964,0,0,0,0,0,5,0.905781829
91171.13,0.465632134,0.5,6137,37,0.13485,33.3125,34.9375,37.41,0,0,0.07,0,0,20,0.5,5.5,50,1000,0.1,0.1,0.1,0.1,0.1,0.1,0.5,0,16121,0.048632219,0.018547237,6340,0.100630915,0.08170347,4854,0.033374536,0,0,0,0,0,5,1.037447869
91231.2,0.473201903,0.5,6137,37,0.15325,33.25,35,37.35,0,0,0.07,0,0,20,0.5,5.5,50,1000,0.1,0.1,0.1,0.1,0.1,0.1,0.5,0,14675,0.051516184,0.019352641,6587,0.099286473,0.080309701,5000,0.0334,0,0,0,0,0,5,1.033954207
91291.24,0.45296974,0.5,6137,37,0.11575,33.25,35,37.21,0,0,0.25,0,0,20,0.5,5.5,50,1000,0.1,0.1,0.1,0.1,0.1,0.1,0.5,0,15405,0.050048685,0.019279455,6457,0.102214651,0.082546074,4862,0.033730975,0,0,0,0,0,5,0.851166009
91351.28,0.468657043,0.5,6137,37,0.15095,33.1875,35,37.11,0,0,0,0,0,20,0.5,5.5,50,1000,0.1,0.1,0.1,0.1,0.1,0.1,0.5,0,16320,0.048958333,0.018933824,6791,0.099543513,0.080842291,5124,0.033957845,0,0,0,0,0,5,0.910745482
91411.34,0.505712642,0.5,6137,37,0.13115,33.0625,35,37.11,0,0,0,0,0,20,0.5,5.5,50,1000,0.1,0.1,0.1,0.1,0.1,0.1,0.5,0,16451,0.049054769,0.018965412,6761,0.101612188,0.081940541,4937,0.034231315,0,0,0,0,0,5,1.093500282
91471.42,0.525549253,0.5,6137,37,0.11865,33.0625,35.0625,37.27,0,0,0,0,0,20,0.5,5.5,50,1000,0.1,0.1,0.1,0.1,0.1,0.1,0.5,0,16092,0.049838429,0.018953517,6766,0.103162873,0.082914573,4867,0.034518184,0,0,0,0,0,5,1.15425118
91531.45,0.508125782,0.5,6137,37,0.14035,33.0625,35,37.17,0,0,0,0,0,20,0.5,5.5,50,1000,0.1,0.1,0.1,0.1,0.1,0.1,0.5,0,17022,0.04893667,0.018857949,6916,0.101937536,0.082562175,5052,0.034639747,0,0,0,0,0,5,0.995393945
91591.5,0.515939324,0.5,6137,37,0.15675,33.1875,35,37.05,0,0,0,0,0,20,0.5,5.5,50,1000,0.1,0.1,0.1,0.1,0.1,0.1,0.5,0,16045,0.050669991,0.019258336,6671,0.105231599,0.085144656,5193,0.034854612,0,0,0,0,0,5,0.9914047
91651.54,0.498643762,0.5,6137,37,0.15145,33.0625,35,37.21,0,0,0,0,0,20,0.5,5.5,50,1000,0.1,0.1,0.1,0.1,0.1,0.1,0.5,0,16329,0.050401127,0.019229592,6944,0.104406682,0.084677419,5139,0.034637089,0,0,0,0,0,5,0.839542766
91711.59,0.51593924,0.5,6137,37,0.13105,33.0625,35,36.97,0,0,0,0,0,20,0.5,5.5,50,1000,0.1,0.1,0.1,0.1,0.1,0.1,0.5,0,17234,0.049321109,0.018974121,7026,0.103615144,0.084400797,5045,0.03468781,0,0,0,0,0,5,0.899856837
91771.65,0.510910113,0.5,6137,37,0.12365,33.25,34.9375,36.93,0,0,0,0,0,20,0.5,5.5,50,1000,0.1,0.1,0.1,0.1,0.1,0.1,0.5,0,16810,0.050208209,0.019214753,7049,0.105405022,0.085260321,5075,0.035073892,0,0,0,0,0,5,0.825477986
91831.79,0.50983157,0.5,6137,37,0.14505,33.125,35,37.01,0,0,0,0,0,20,0.5,5.5,50,1000,0.1,0.1,0.1,0.1,0.1,0.1,0.5,0,17311,0.049563861,0.018658656,6685,0.110246821,0.088855647,5515,0.034995467,0,0,0,0,0,5,0.777864327
91891.84,0.521520154,0.5,6137,37,0.16825,33.0625,34.9375,36.89,0,0,0,0,0,20,0.5,5.5,50,1000,0.1,0.1,0.1,0.1,0.1,0.1,0.5,0,16463,0.051387961,0.019133815,7453,0.103314102,0.083993023,5095,0.035917566,0,0,0,0,0,5,0.806973618
91951.91,0.522658454,0.5,6137,37,0.18095,33.0625,35,36.97,0,0,0,0,0,20,0.5,5.5,50,1000,0.1,0.1,0.1,0.1,0.1,0.1,0.5,0,17484,0.049816976,0.018931595,7064,0.107587769,0.087344281,5477,0.035238269,0,0,0,0,0,5,0.773165774
92011.98,0.524404788,0.5,6137,37,0.13855,33.0625,34.9375,36.77,0,0,0,0,0,20,0.5,5.5,50,1000,0.1,0.1,0.1,0.1,0.1,0.1,0.5,0,18358,0.048916004,0.018520536,7237,0.107503109,0.087190825,5266,0.035510824,0,0,0,0,0,5,0.744514538
92072.03,0.533816599,0.5,6137,37,0.12675,33.1875,35,36.97,0,0,0,0,0,20,0.5,5.5,50,1000,0.1,0.1,0.1,0.1,0.1,0.1,0.5,0,17458,0.050177569,0.01907435,7247,0.108872637,0.088174417,5366,0.035035408,0,0,0,0,0,5,0.760654163
92132.1,0.614087244,0.5,6137,37,0.16445,33,35,36.77,0,0,0,0,0,20,0.5,5.5,50,1000,0.1,0.1,0.1,0.1,0.1,0.1,0.5,0,16826,0.052062285,0.019374777,7347,0.109160201,0.088199265,5441,0.03565521,0,0,0,0,0,5,1.142875483
92192.17,0.609151846,0.5,6137,37,0.14235,33,35,37.05,0,0.02,0.25,0,0,20,0.5,5.5,50,1000,0.1,0.1,0.1,0.1,0.1,0.1,0.5,0,16688,0.052253116,0.019714765,7120,0.111938202,0.090730337,5338,0.036155864,0,0,0,0,0,0.44,1.142875483
92252.22,0.538634918,0.5,6137,37,0.49125,32.875,35,36.01,0,0.02,0.15,0,0,20,0.5,5.5,50,1000,0.1,0.1,0.1,0.1,0.1,0.1,0.5,0,16410,0.051249238,0.019439366,6961,0.106881195,0.086625485,5191,0.035253323,0,0,0,0,0,0.44,1.142875483
92312.27,0.481785626,0.5,6137,37,0.59285,32.8125,35,35.83,0,0.02,0.15,0,0,20,0.5,5.5,50,1000,0.1,0.1,0.1,0.1,0.1,0.1,0.5,0,16652,0.049003123,0.018796541,6533,0.102862391,0.083422624,4950,0.033939394,0,0,0,0,0,0.44,1.142875483
92372.31,0.483136412,0.5,6137,37,0.56605,32.8125,35,35.83,0,0.02,0.15,0,0,20,0.5,5.5,50,1000,0.1,0.1,0.1,0.1,0.1,0.1,0.5,0,15050,0.050033223,0.019136213,6279,0.099538143,0.080108297,4729,0.033410869,0,0,0,0,0,0.44,1.142875483
92432.38,0.41732046,0.5,6137,37,0.61185,32.8125,34.9375,36.13,0,0,0.07,0,0,20,0.5,5.5,50,1000,0.1,0.1,0.1,0.1,0.1,0.1,0.5,0,15033,0.048892437,0.01862569,5943,0.095574626,0.078243311,4642,0.032313658,0,0,0,0,0,5,1.142875483
92492.45,0.414559863,0.5,6137,37,0.30755,33.1875,35,37.13,0,0,0.25,0,0,20,0.5,5.5,50,1000,0.1,0.1,0.1,0.1,0.1,0.1,0.5,0,14188,0.050324218,0.019171131,5932,0.09659474,0.077714093,4521,0.03339969,0,0,0,0,0,5,1.142875483
92552.51,0.422864986,0.5,6137,37,0.15605,33.25,35,37.59,0,0,0.07,0,0,20,0.5,5.5,50,1000,0.1,0.1,0.1,0.1,0.1,0.1,0.5,0,14287,0.050185483,0.018968293,6199,0.094047427,0.076625262,4551,0.033838717,0,0,0,0,0,5,1.142875483
92612.57,0.401351643,0.5,6137,37,0.04935,33.4375,34.9375,37.69,0,0,0.07,0,0,20,0.5,5.5,50,1000,0.1,0.1,0.1,0.1,0.1,0.1,0.5,0,15727,0.048324537,0.018439626,5996,0.097565043,0.07921948,4740,0.033333333,0,0,0,0,0,5,1.142875483
92672.62,0.383500042,0.5,6137,37,0.13725,33.5625,34.9375,37.49,0,0,0.07,0,0,20,0.5,5.5,50,1000,0.1,0.1,0.1,0.1,0.1,0.1,0.5,0,14960,0.04959893,0.018850267,6252,0.096928983,0.078694818,4667,0.032783373,0,0,0,0,0,5,1.142875483
92732.69,0.385491483,0.5,6137,37,0.15675,33.5625,34.9375,37.35,0,0,0.07,0,0,20,0.5,5.5,50,1000,0.1,0.1,0.1,0.1,0.1,0.1,0.5,0,15330,0.049054142,0.018917156,6244,0.09785394,0.078955798,4913,0.032770202,0,0,0,0,0,5,1.142875483
92792.76,0.380672993,0.5,6137,37,0.07375,33.5,35,37.41,0,0,0.25,0,0,20,0.5,5.5,50,1000,0.1,0.1,0.1,0.1,0.1,0.1,0.5,0,14383,0.051032469,0.019189321,6468,0.09724799,0.078231293,4949,0.03354213,0,0,0,0,0,5,1.047996572
92852.81,0.393545762,0.5,6137,37,0.14855,33.4375,34.9375,37.21,0,0,0.07,0,0,20,0.5,5.5,50,1000,0.1,0.1,0.1,0.1,0.1,0.1,0.5,0,15859,0.048678984,0.018727536,6354,0.099779666,0.081051306,4532,0.033980583,0,0,0,0,0,5,1.095366648
92912.87,0.410483418,0.5,6137,37,0.17815,33.3125,34.9375,37.11,0,0,0.07,0,0,20,0.5,5.5,50,1000,0.1,0.1,0.1,0.1,0.1,0.1,0.5,0,15828,0.049216578,0.018511499,6375,0.099921569,0.080941176,4962,0.033655784,0,0,0,0,0,5,1.167012852
92972.92,0.422454232,0.5,6137,37,0.15775,33.25,35,37.21,0,0,0.07,0,0,20,0.5,5.5,50,1000,0.1,0.1,0.1,0.1,0.1,0.1,0.5,0,15841,0.049302443,0.018748816,6407,0.100046824,0.081629468,4873,0.034475682,0,0,0,0,0,5,1.194898949
93032.96,0.443159817,0.5,6137,37,0.12465,33.3125,35,37.29,0,0,0,0,0,20,0.5,5.5,50,1000,0.1,0.1,0.1,0.1,0.1,0.1,0.5,0,16507,0.048343127,0.018719331,6249,0.104176668,0.083853417,4942,0.03358964,0,0,0,0,0,5,1.278702054
93093,0.481886021,0.5,6137,37,0.11655,33.1875,35,37.35,0,0,0,0,0,20,0.5,5.5,50,1000,0.1,0.1,0.1,0.1,0.1,0.1,0.5,0,15397,0.050334481,0.018964733,6435,0.102564103,0.083605284,4814,0.034275031,0,0,0,0,0,5,1.466098405
93153.07,0.479117431,0.5,6137,37,0.11225,33.0625,35,37.19,0,0,0,0,0,20,0.5,5.5,50,1000,0.1,0.1,0.1,0.1,0.1,0.1,0.5,0,15968,0.049912325,0.019100701,6874,0.100378237,0.081029968,4830,0.034782609,0,0,0,0,0,5,1.375507814
93213.11,0.471468848,0.5,6137,37,0.17135,33.125,35,37.21,0,0,0,0,0,20,0.5,5.5,50,1000,0.1,0.1,0.1,0.1,0.1,0.1,0.5,0,15925,0.050612245,0.019026688,6607,0.1047374,0.084304526,4959,0.034281105,0,0,0,0,0,5,1.258454336
93273.16,0.47999068,0.5,6137,37,0.14715,33.0625,35,37.05,0,0,0,0,0,20,0.5,5.5,50,1000,0.1,0.1,0.1,0.1,0.1,0.1,0.5,0,16398,0.049884132,0.019148677,6838,0.102515355,0.083065224,4907,0.034848176,0,0,0,0,0,5,1.24927259
93333.24,0.52553202,0.5,6137,37,0.13385,33,34.9375,37.09,0,0,0,0,0,20,0.5,5.5,50,1000,0.1,0.1,0.1,0.1,0.1,0.1,0.5,0,17146,0.048874373,0.018663245,6690,0.105231689,0.085201794,5005,0.035764236,0,0,0,0,0,5,1.458742262
93393.3,0.543528059,0.5,6137,37,0.17765,32.9375,34.9375,37.03,0,0,0,0,0,20,0.5,5.5,50,1000,0.1,0.1,0.1,0.1,0.1,0.1,0.5,0,16668,0.04937605,0.018778498,6817,0.105178231,0.084641338,5136,0.034073209,0,0,0,0,0,5,1.486815781
93453.38,0.544395054,0.5,6137,37,0.13845,32.875,34.9375,37.35,0,0.02,0.15,0,0,20,0.5,5.5,50,1000,0.1,0.1,0.1,0.1,0.1,0.1,0.5,0,15854,0.051532736,0.019427274,6612,0.107683001,0.087870538,5106,0.034273404,0,0,0,0,0,0.44,1.486815781
93513.44,0.50137539,0.5,6137,37,0.475175,32.75,34.9375,36.15,0,0.02,0.15,0,0,20,0.5,5.5,50,1000,0.1,0.1,0.1,0.1,0.1,0.1,0.5,0,15914,0.0497675,0.018977001,6412,0.103399875,0.083437305,4776,0.034547739,0,0,0,0,0,0.44,1.486815781
93573.49,0.430597202,0.5,6137,37,0.551675,32.6875,34.9375,35.91,0,0,0.07,0,0,20,0.5,5.5,50,1000,0.1,0.1,0.1,0.1,0.1,0.1,0.5,0,14579,0.050963715,0.019137115,6316,0.098321723,0.079322356,4592,0.032883275,0,0,0,0,0,0.44,1.486815781
93633.56,0.442589456,0.5,6137,37,0.33125,32.8125,34.9375,37.03,0,0,0.07,0,0,20,0.5,5.5,50,1000,0.1,0.1,0.1,0.1,0.1,0.1,0.5,0,15287,0.049257539,0.018643292,6228,0.099068722,0.08012203,4919,0.03334011,0,0,0,0,0,5,1.486815781
93693.63,0.410182834,0.5,6137,37,0.16255,33.25,34.9375,37.29,0,0,0.25,0,0,20,0.5,5.5,50,1000,0.1,0.1,0.1,0.1,0.1,0.1,0.5,0,15468,0.049327644,0.018748384,6331,0.098720581,0.079608277,4730,0.034249471,0,0,0,0,0,5,1.486815781
93753.67,0.401535165,0.5,6137,37,0.14145,33.25,34.9375,37.33,0,0,0.07,0,0,20,0.5,5.5,50,1000,0.1,0.1,0.1,0.1,0.1,0.1,0.5,0,16318,0.04822895,0.018629734,6212,0.101094656,0.081616227,4586,0.034016572,0,0,0,0,0,5,1.486815781
93813.79,0.417707908,0.5,6137,37,0.08675,33.375,35,37.49,0,0,0.07,0,0,20,0.5,5.5,50,1000,0.1,0.1,0.1,0.1,0.1,0.1,0.5,0,14954,0.050555035,0.019192189,6374,0.10025102,0.081738312,4758,0.033837747,0,0,0,0,0,5,1.486815781
93873.86,0.413226913,0.5,6137,37,0.11625,33.3125,35,37.33,0,0,0.07,0,0,20,0.5,5.5,50,1000,0.1,0.1,0.1,0.1,0.1,0.1,0.5,0,15665,0.049664858,0.018895627,6316,0.101488284,0.082172261,4827,0.034597058,0,0,0,0,0,5,1.486815781
93933.92,0.408980833,0.5,6137,37,0.15815,33.3125,35,37.13,0,0,0.07,0,0,20,0.5,5.5,50,1000,0.1,0.1,0.1,0.1,0.1,0.1,0.5,0,16488,0.048641436,0.018619602,6322,0.103764631,0.083676052,4573,0.033894599,0,0,0,0,0,5,1.486815781
93993.97,0.429960817,0.5,6137,37,0.15955,33.25,35,37.11,0,0,0.25,0,0,20,0.5,5.5,50,1000,0.1,0.1,0.1,0.1,0.1,0.1,0.5,0,14992,0.051093917,0.019210245,6502,0.102891418,0.083205168,5044,0.034099921,0,0,0,0,0,5,1.562552366
94054.01,0.422900534,0.5,6137,37,0.15885,33.3125,35,37.09,0,0,0.07,0,0,20,0.5,5.5,50,1000,0.1,0.1,0.1,0.1,0.1,0.1,0.5,0,15302,0.051235133,0.019474578,6932,0.099538373,0.080929025,4809,0.034102724,0,0,0,0,0,5,1.434753524
94114.08,0.436193726,0.5,6137,37,0.18375,33.25,35,36.97,0,0,0.07,0,0,20,0.5,5.5,50,1000,0.1,0.1,0.1,0.1,0.1,0.1,0.5,0,16140,0.050061958,0.018773234,6505,0.104996157,0.084550346,5019,0.034269775,0,0,0,0,0,5,1.455864233
94174.14,0.447277852,0.5,6137,37,0.14395,33.1875,34.9375,37.11,0,0,0,0,0,20,0.5,5.5,50,1000,0.1,0.1,0.1,0.1,0.1,0.1,0.5,0,15984,0.050175175,0.019081582,6918,0.101474415,0.082393755,4970,0.03501006,0,0,0,0,0,5,1.458351596
94234.18,0.458276325,0.5,6137,37,0.14385,33.125,35,37.09,0,0,0,0,0,20,0.5,5.5,50,1000,0.1,0.1,0.1,0.1,0.1,0.1,0.5,0,15872,0.05046623,0.01921623,6642,0.105088829,0.085365854,5072,0.034700315,0,0,0,0,0,5,1.458311026
94294.23,0.490660426,0.5,6137,37,0.17175,33.0625,34.9375,36.97,0,0,0,0,0,20,0.5,5.5,50,1000,0.1,0.1,0.1,0.1,0.1,0.1,0.5,0,15819,0.051330678,0.019280612,6790,0.105743741,0.08556701,5088,0.034198113,0,0,0,0,0,5,1.590235358
94354.26,0.466219451,0.5,6137,37,0.17585,32.9375,34.9375,36.95,0,0,0,0,0,20,0.5,5.5,50,1000,0.1,0.1,0.1,0.1,0.1,0.1,0.5,0,16654,0.050078059,0.019094512,6709,0.106722313,0.086301982,5054,0.035417491,0,0,0,0,0,5,1.357436058
94414.3,0.466100912,0.5,6137,37,0.17585,33.125,34.9375,36.95,0,0,0,0,0,20,0.5,5.5,50,1000,0.1,0.1,0.1,0.1,0.1,0.1,0.5,0,16238,0.050683582,0.019029437,6735,0.108834447,0.087750557,4977,0.035161744,0,0,0,0,0,5,1.288801392
94474.35,0.481297705,0.5,6137,37,0.14635,33.0625,35,37.05,0,0,0,0,0,20,0.5,5.5,50,1000,0.1,0.1,0.1,0.1,0.1,0.1,0.5,0,16559,0.050848481,0.019264448,6948,0.106937248,0.086643638,5333,0.035064692,0,0,0,0,0,5,1.320612868
94534.41,0.489450101,0.5,6137,37,0.12155,33,34.9375,37.13,0,0,0,0,0,20,0.5,5.5,50,1000,0.1,0.1,0.1,0.1,0.1,0.1,0.5,0,17707,0.049076636,0.018862597,7123,0.106696617,0.086059245,5069,0.03570724,0,0,0,0,0,5,1.30497175
94594.49,0.502276178,0.5,6137,37,0.15125,33.0625,34.9375,37.01,0,0,0,0,0,20,0.5,5.5,50,1000,0.1,0.1,0.1,0.1,0.1,0.1,0.5,0,16487,0.051616425,0.019409232,6892,0.11027278,0.088943703,5049,0.03644286,0,0,0,0,0,5,1.317325979
94654.55,0.517461907,0.5,6137,37,0.19185,33,34.9375,36.85,0,0,0,0,0,20,0.5,5.5,50,1000,0.1,0.1,0.1,0.1,0.1,0.1,0.5,0,17338,0.050640212,0.019091014,7151,0.108935813,0.087959726,5358,0.035087719,0,0,0,0,0,5,1.34081705
94714.6,0.537652288,0.5,6137,37,0.14685,33.0625,34.9375,37.03,0,0,0,0,0,20,0.5,5.5,50,1000,0.1,0.1,0.1,0.1,0.1,0.1,0.5,0,17037,0.051358807,0.01919352,7062,0.1105919,0.089209856,5226,0.035208573,0,0,0,0,0,5,1.388604599
94774.64,0.52171762,0.5,6137,37,0.14915,33,34.9375,37.01,0,0,0,0,0,20,0.5,5.5,50,1000,0.1,0.1,0.1,0.1,0.1,0.1,0.5,0,17332,0.050830833,0.019039926,7099,0.11071982,0.089730948,5247,0.035258243,0,0,0,0,0,5,1.228917682
94834.72,0.550448653,0.5,6137,37,0.18595,33.0625,34.9375,36.87,0,0,0,0,0,20,0.5,5.5,50,1000,0.1,0.1,0.1,0.1,0.1,0.1,0.5,0,17360,0.050921659,0.01906682,7218,0.111111111,0.089914104,5165,0.035818006,0,0,0,0,0,5,1.328293382
94894.77,0.550503793,0.5,6137,37,0.12885,33.125,35,37.09,0,0.02,0.25,0,0,20,0.5,5.5,50,1000,0.1,0.1,0.1,0.1,0.1,0.1,0.5,0,16907,0.051753711,0.019636837,7628,0.108023073,0.087572103,5311,0.036151384,0,0,0,0,0,0.44,1.328293382
94954.82,0.515392943,0.5,6137,37,0.41345,32.875,35,36.29,0,0.02,0.15,0,0,20,0.5,5.5,50,1000,0.1,0.1,0.1,0.1,0.1,0.1,0.5,0,16508,0.05233826,0.019445118,6961,0.111190921,0.089642293,5425,0.035023041,0,0,0,0,0,0.44,1.328293382
95014.86,0.474674252,0.5,6137,37,0.518075,32.75,34.9375,35.97,0,0.02,0.15,0,0,20,0.5,5.5,50,1000,0.1,0.1,0.1,0.1,0.1,0.1,0.5,0,16425,0.050593607,0.019178082,6718,0.105983924,0.086484073,5090,0.034774067,0,0,0,0,0,0.44,1.328293382
95074.93,0.42794699,0.5,6137,37,0.591475,32.6875,34.9375,35.81,0,0,0.07,0,0,20,0.5,5.5,50,1000,0.1,0.1,0.1,0.1,0.1,0.1,0.5,0,15228,0.051024429,0.019372209,6454,0.101797335,0.082274558,4679,0.033767899,0,0,0,0,0,5,1.328293382
95134.99,0.432013597,0.5,6137,37,0.27065,33,34.9375,36.95,0,0,0.07,0,0,20,0.5,5.5,50,1000,0.1,0.1,0.1,0.1,0.1,0.1,0.5,0,15228,0.050893092,0.019240872,6311,0.103153225,0.083504991,4756,0.034482759,0,0,0,0,0,5,1.328293382
95195.05,0.45577575,0.5,6137,37,0.13605,33.1875,34.9375,37.45,0,0,0.25,0,0,20,0.5,5.5,50,1000,0.1,0.1,0.1,0.1,0.1,0.1,0.5,0,15298,0.050987057,0.019283566,6521,0.101364821,0.082502684,4787,0.034050554,0,0,0,0,0,5,1.328293382
95255.11,0.417125961,0.5,6137,37,0.09985,33.3125,34.9375,37.53,0,0,0.07,0,0,20,0.5,5.5,50,1000,0.1,0.1,0.1,0.1,0.1,0.1,0.5,0,16203,0.049805592,0.018885392,6387,0.104274307,0.084703304,4866,0.034525277,0,0,0,0,0,5,1.328293382
95315.15,0.435398827,0.5,6137,37,0.08635,33.25,34.9375,37.53,0,0,0.07,0,0,20,0.5,5.5,50,1000,0.1,0.1,0.1,0.1,0.1,0.1,0.5,0,15262,0.051565981,0.019198008,6600,0.103939394,0.083939394,4866,0.03431977,0,0,0,0,0,5,1.328293382
95375.21,0.44258966,0.5,6137,37,0.13555,33.3125,34.875,37.29,0,0,0.07,0,0,20,0.5,5.5,50,1000,0.1,0.1,0.1,0.1,0.1,0.1,0.5,0,15717,0.051282051,0.019469364,6484,0.105644664,0.085749537,5039,0.035324469,0,0,0,0,0,5,1.328293382
95435.26,0.452215601,0.5,6137,37,0.19395,33.25,34.875,37.03,0,0,0.07,0,0,20,0.5,5.5,50,1000,0.1,0.1,0.1,0.1,0.1,0.1,0.5,0,16530,0.04984876,0.018935269,6598,0.106244316,0.086238254,4862,0.034965035,0,0,0,0,0,5,1.326426698
95495.33,0.461879789,0.5,6137,37,0.18795,33.1875,34.9375,37.03,0,0,0.25,0,0,20,0.5,5.5,50,1000,0.1,0.1,0.1,0.1,0.1,0.1,0.5,0,16265,0.050845374,0.01905933,6563,0.108029864,0.087764742,4941,0.034608379,0,0,0,0,0,5,1.323542163
95555.39,0.478547701,0.5,6137,37,0.16905,33.25,34.9375,37.09,0,0,0.07,0,0,20,0.5,5.5,50,1000,0.1,0.1,0.1,0.1,0.1,0.1,0.5,0,16853,0.050139441,0.018869044,6693,0.107425669,0.087404751,5062,0.034768866,0,0,0,0,0,5,1.363718759
95615.46,0.491434601,0.5,6137,37,0.11155,33.25,34.9375,37.29,0,0,0.07,0,0,20,0.5,5.5,50,1000,0.1,0.1,0.1,0.1,0.1,0.1,0.5,0,15247,0.053190792,0.019807175,7051,0.105375124,0.085661608,4910,0.03503055,0,0,0,0,0,5,1.375251748
95675.52,0.512851681,0.5,6137,37,0.11465,33.125,34.875,37.25,0,0,0,0,0,20,0.5,5.5,50,1000,0.1,0.1,0.1,0.1,0.1,0.1,0.5,0,16808,0.050809139,0.01921704,6648,0.110709988,0.089801444,5223,0.035803178,0,0,0,0,0,5,1.434462596
95735.59,0.504666422,0.5,6137,37,0.16485,33.0625,34.9375,37.03,0,0,0,0,0,20,0.5,5.5,50,1000,0.1,0.1,0.1,0.1,0.1,0.1,0.5,0,16105,0.0522819,0.019683328,6810,0.110425844,0.08928047,5132,0.034489478,0,0,0,0,0,5,1.314472406
95795.64,0.476029326,0.5,6137,37,0.12655,33.25,34.9375,37.17,0,0,0,0,0,20,0.5,5.5,50,1000,0.1,0.1,0.1,0.1,0.1,0.1,0.5,0,16774,0.051269822,0.019136759,7029,0.108977095,0.088775075,5205,0.035926993,0,0,0,0,0,5,1.073494184
95855.71,0.48708166,0.5,6137,37,0.15085,33.0625,34.9375,37.05,0,0,0,0,0,20,0.5,5.5,50,1000,0.1,0.1,0.1,0.1,0.1,0.1,0.5,0,17554,0.050244958,0.018913068,7018,0.111712739,0.090054146,5126,0.036090519,0,0,0,0,0,5,1.088676459
95915.79,0.525606324,0.5,6137,37,0.17085,33.125,34.875,36.97,0,0,0,0,0,20,0.5,5.5,50,1000,0.1,0.1,0.1,0.1,0.1,0.1,0.5,0,17012,0.051316718,0.019515636,7144,0.110722284,0.090005599,5068,0.035714286,0,0,0,0,0,5,1.262604768
95975.87,0.518044537,0.5,6137,37,0.15995,33.125,34.875,37.01,0,0,0,0,0,20,0.5,5.5,50,1000,0.1,0.1,0.1,0.1,0.1,0.1,0.5,0,17161,0.051628693,0.019229649,7084,0.111942405,0.090626765,5215,0.035474593,0,0,0,0,0,5,1.156000679
96035.96,0.537006937,0.5,6137,37,0.19375,33.0625,34.875,36.87,0,0,0,0,0,20,0.5,5.5,50,1000,0.1,0.1,0.1,0.1,0.1,0.1,0.5,0,17078,0.051703947,0.01949877,7206,0.112545101,0.091729115,5211,0.035885627,0,0,0,0,0,5,1.206050031
96096.03,0.569188052,0.5,6137,37,0.12425,33,34.9375,37.13,0,0,0,0,0,20,0.5,5.5,50,1000,0.1,0.1,0.1,0.1,0.1,0.1,0.5,0,17510,0.051570531,0.019531696,7056,0.114795918,0.092828798,5242,0.036054941,0,0,0,0,0,5,1.32034712
96156.1,0.574615115,0.5,6137,37,0.19485,33.0625,34.875,36.85,0,0.02,0.15,0,0,20,0.5,5.5,50,1000,0.1,0.1,0.1,0.1,0.1,0.1,0.5,0,17726,0.051675505,0.01951935,7081,0.116508968,0.094336958,5340,0.035580524,0,0,0,0,0,0.44,1.32034712
96216.17,0.513103942,0.5,6137,37,0.508975,32.9375,34.9375,35.93,0,0.02,0.15,0,0,20,0.5,5.5,50,1000,0.1,0.1,0.1,0.1,0.1,0.1,0.5,0,15975,0.053020344,0.01971831,6785,0.112011791,0.09064112,4967,0.03603785,0,0,0,0,0,0.44,1.32034712
96276.24,0.44982686,0.5,6137,37,0.5892,32.8125,34.875,35.75,0,0.002116275,0.078465099,0,0,20,0.5,5.5,50,1000,0.1,0.1,0.1,0.1,0.1,0.1,0.5,0,15640,0.051790281,0.019501279,6706,0.105278855,0.085445869,4789,0.034453957,0,0,0,0,0,0.44,1.32034712
96336.31,0.42891694,0.5,6137,37,0.347935156,32.9375,34.875,36.63,0,0,0.07,0,0,20,0.5,5.5,50,1000,0.1,0.1,0.1,0.1,0.1,0.1,0.5,0,16162,0.050055686,0.019180794,6630,0.103770739,0.084162896,4738,0.034191642,0,0,0,0,0,5,1.32034712
96396.36,0.443623874,0.5,6137,37,0.13025,33.1875,34.9375,37.43,0,0,0.25,0,0,20,0.5,5.5,50,1000,0.1,0.1,0.1,0.1,0.1,0.1,0.5,0,15415,0.051378527,0.01933182,6615,0.105064248,0.084958428,4964,0.034649476,0,0,0,0,0,5,1.32034712
96456.42,0.443213443,0.5,6137,37,0.11885,33.3125,34.9375,37.43,0,0,0.07,0,0,20,0.5,5.5,50,1000,0.1,0.1,0.1,0.1,0.1,0.1,0.5,0,16327,0.050468549,0.018925706,6624,0.105978261,0.085748792,4879,0.034638246,0,0,0,0,0,5,1.32034712
96516.48,0.439176163,0.5,6137,37,0.14955,33.3125,34.9375,37.27,0,0,0.07,0,0,20,0.5,5.5,50,1000,0.1,0.1,0.1,0.1,0.1,0.1,0.5,0,15922,0.051312649,0.019093079,6843,0.104924741,0.085050416,5138,0.03464383,0,0,0,0,0,5,1.32034712
96576.55,0.456992579,0.5,6137,37,0.12405,33.3125,34.875,37.33,0,0,0.07,0,0,20,0.5,5.5,50,1000,0.1,0.1,0.1,0.1,0.1,0.1,0.5,0,15812,0.051796104,0.019478877,6785,0.107737657,0.086366986,5069,0.035115407,0,0,0,0,0,5,1.32034712
96636.6,0.443522918,0.5,6137,37,0.13245,33.3125,34.875,37.27,0,0,0.07,0,0,20,0.5,5.5,50,1000,0.1,0.1,0.1,0.1,0.1,0.1,0.5,0,15912,0.051721971,0.019607843,6687,0.108867953,0.088679527,5257,0.035000951,0,0,0,0,0,5,1.32034712
96696.64,0.453807125,0.5,6137,37,0.07635,33.25,34.9375,37.45,0,0,0.25,0,0,20,0.5,5.5,50,1000,0.1,0.1,0.1,0.1,0.1,0.1,0.5,0,16915,0.050546852,0.019213716,6898,0.10800232,0.087706582,5246,0.0346931,0,0,0,0,0,5,1.32309816
96756.69,0.508125939,0.5,6137,37,0.16305,33,34.9375,37.09,0,0,0.07,0,0,20,0.5,5.5,50,1000,0.1,0.1,0.1,0.1,0.1,0.1,0.5,0,16675,0.051034483,0.019370315,6920,0.109682081,0.088439306,5043,0.035296451,0,0,0,0,0,5,1.596114417
96816.73,0.499165597,0.5,6137,37,0.13085,33.1875,34.9375,37.19,0,0,0.07,0,0,20,0.5,5.5,50,1000,0.1,0.1,0.1,0.1,0.1,0.1,0.5,0,16332,0.051800147,0.019409748,7045,0.110007097,0.088431512,4925,0.035939086,0,0,0,0,0,5,1.462934406
96876.77,0.501422224,0.5,6137,37,0.13195,33.25,34.9375,37.17,0,0,0.07,0,0,20,0.5,5.5,50,1000,0.1,0.1,0.1,0.1,0.1,0.1,0.5,0,17236,0.051055929,0.01926201,6909,0.112462006,0.091040672,5282,0.035592579,0,0,0,0,0,5,1.403319514
96936.84,0.501200965,0.5,6137,37,0.15745,33.25,34.9375,37.05,0,0,0,0,0,20,0.5,5.5,50,1000,0.1,0.1,0.1,0.1,0.1,0.1,0.5,0,17022,0.05152156,0.019562919,6853,0.11425653,0.092368306,5139,0.035999222,0,0,0,0,0,5,1.331829457
96996.9,0.50219596,0.5,6137,37,0.14355,33.0625,34.875,37.09,0,0,0,0,0,20,0.5,5.5,50,1000,0.1,0.1,0.1,0.1,0.1,0.1,0.5,0,17164,0.051794454,0.019342811,7078,0.113026279,0.091410003,5421,0.035233352,0,0,0,0,0,5,1.271187746
97056.97,0.519862645,0.5,6137,37,0.14205,33.125,34.9375,37.09,0,0,0,0,0,20,0.5,5.5,50,1000,0.1,0.1,0.1,0.1,0.1,0.1,0.5,0,18403,0.050154866,0.019127316,7154,0.11308359,0.091417389,5246,0.036027449,0,0,0,0,0,5,1.311351052
97117.05,0.53385948,0.5,6137,37,0.17585,33.0625,34.875,36.95,0,0,0,0,0,20,0.5,5.5,50,1000,0.1,0.1,0.1,0.1,0.1,0.1,0.5,0,17348,0.051994466,0.019598801,7028,0.116391577,0.093910074,5284,0.035579107,0,0,0,0,0,5,1.325487575
97177.1,0.558518102,0.5,6137,37,0.11045,33.0625,34.875,37.19,0,0,0,0,0,20,0.5,5.5,50,1000,0.1,0.1,0.1,0.1,0.1,0.1,0.5,0,16712,0.053554332,0.01974629,7286,0.114877848,0.092094428,5284,0.036146858,0,0,0,0,0,5,1.394676313
97237.19,0.561184825,0.5,6137,37,0.2561,32.9375,34.875,37.03,0,0.02,0.15,0,0,20,0.5,5.5,50,1000,0.1,0.1,0.1,0.1,0.1,0.1,0.5,0,18298,0.051535687,0.019346377,7520,0.113430851,0.091489362,5387,0.036012623,0,0,0,0,0,0.44,1.394676313
97297.25,0.543025307,0.5,6137,37,0.430925,32.875,34.8125,36.29,0,0.02,0.25,0,0,20,0.5,5.5,50,1000,0.1,0.1,0.1,0.1,0.1,0.1,0.5,0,16539,0.052784328,0.019650523,6830,0.115959004,0.093118594,5145,0.035179786,0,0,0,0,0,0.44,1.394676313
97357.29,0.46387207,0.5,6137,37,0.548125,32.8125,34.8125,35.89,0,0.02,0.15,0,0,20,0.5,5.5,50,1000,0.1,0.1,0.1,0.1,0.1,0.1,0.5,0,15720,0.052290076,0.019592875,6661,0.109593154,0.088575289,4941,0.035013155,0,0,0,0,0,0.44,1.394676313
97417.33,0.434374383,0.5,6137,37,0.58505,32.8125,34.875,35.69,0,0,0.07,0,0,20,0.5,5.5,50,1000,0.1,0.1,0.1,0.1,0.1,0.1,0.5,0,15514,0.051372953,0.019143999,6365,0.105263158,0.084996072,4929,0.034083993,0,0,0,0,0,5,1.394676313
97477.38,0.451066631,0.5,6137,37,0.26865,33,34.875,36.97,0,0,0.07,0,0,20,0.5,5.5,50,1000,0.1,0.1,0.1,0.1,0.1,0.1,0.5,0,15748,0.050927102,0.019113538,6135,0.107579462,0.087041565,4880,0.034016393,0,0,0,0,0,5,1.394676313
97537.44,0.451614612,0.5,6137,37,0.17665,33.125,34.875,37.29,0,0,0.07,0,0,20,0.5,5.5,50,1000,0.1,0.1,0.1,0.1,0.1,0.1,0.5,0,15589,0.051061646,0.019180191,6415,0.105533905,0.085113016,5015,0.034297109,0,0,0,0,0,5,1.394676313
97597.5,0.432944645,0.5,6137,37,0.12725,33.375,34.875,37.43,0,0,0.25,0,0,20,0.5,5.5,50,1000,0.1,0.1,0.1,0.1,0.1,0.1,0.5,0,16172,0.050024734,0.018983428,6625,0.104,0.084981132,4690,0.034328358,0,0,0,0,0,5,1.394676313
97657.55,0.449743554,0.5,6137,37,0.18175,33.375,34.8125,37.17,0,0,0.07,0,0,20,0.5,5.5,50,1000,0.1,0.1,0.1,0.1,0.1,0.1,0.5,0,16300,0.050613497,0.019202454,6626,0.106248113,0.086024751,4811,0.034712118,0,0,0,0,0,5,1.394676313
97717.59,0.449938867,0.5,6137,37,0.11825,33.25,34.875,37.37,0,0,0.07,0,0,20,0.5,5.5,50,1000,0.1,0.1,0.1,0.1,0.1,0.1,0.5,0,15512,0.051830841,0.019339866,6686,0.106790308,0.086150165,4884,0.034602785,0,0,0,0,0,5,1.394676313
97777.66,0.467430283,0.5,6137,37,0.14895,33.3125,34.9375,37.21,0,0,0.07,0,0,20,0.5,5.5,50,1000,0.1,0.1,0.1,0.1,0.1,0.1,0.5,0,16156,0.051188413,0.019373607,6513,0.110241056,0.089052664,4901,0.035298919,0,0,0,0,0,5,1.439357957
97837.7,0.461578278,0.5,6137,37,0.12435,33.1875,34.9375,37.27,0,0,0.07,0,0,20,0.5,5.5,50,1000,0.1,0.1,0.1,0.1,0.1,0.1,0.5,0,15458,0.052852892,0.019666192,6815,0.107703595,0.087160675,4949,0.034956557,0,0,0,0,0,5,1.329594395
97897.76,0.471291269,0.5,6137,37,0.17575,33.25,34.9375,37.05,0,0,0.25,0,0,20,0.5,5.5,50,1000,0.1,0.1,0.1,0.1,0.1,0.1,0.5,0,16302,0.051466078,0.019445467,6993,0.108251108,0.087802088,5083,0.035215424,0,0,0,0,0,5,1.325588634
97957.81,0.531690032,0.5,6137,37,0.12945,33.125,34.875,37.21,0,0,0.07,0,0,20,0.5,5.5,50,1000,0.1,0.1,0.1,0.1,0.1,0.1,0.5,0,15210,0.053977646,0.019921105,6961,0.109610688,0.088349375,4985,0.035105316,0,0,0,0,0,5,1.621062296
98017.88,0.539731257,0.5,6137,37,0.08435,33,34.875,37.37,0,0,0,0,0,20,0.5,5.5,50,1000,0.1,0.1,0.1,0.1,0.1,0.1,0.5,0,16191,0.052313013,0.019640541,6812,0.111714621,0.090575455,4983,0.035320088,0,0,0,0,0,5,1.585041196
98078,0.558623515,0.5,6137,37,0.13805,33.125,34.875,37.13,0,0,0,0,0,20,0.5,5.5,50,1000,0.1,0.1,0.1,0.1,0.1,0.1,0.5,0,16289,0.05248941,0.019583768,6892,0.112594312,0.091990714,4943,0.035605907,0,0,0,0,0,5,1.609002349
98138.07,0.553797364,0.5,6137,37,0.2856,33,34.875,36.95,0,0.02,0.15,0,0,20,0.5,5.5,50,1000,0.1,0.1,0.1,0.1,0.1,0.1,0.5,0,15836,0.053485729,0.020207123,6908,0.114215402,0.091922409,4939,0.035837214,0,0,0,0,0,0.44,1.609002349
98198.13,0.491925426,0.5,6137,37,0.442595295,32.9375,34.875,36.25,0,0.018398631,0.25,0,0,20,0.5,5.5,50,1000,0.1,0.1,0.1,0.1,0.1,0.1,0.5,0,15149,0.053864942,0.020067331,6554,0.111992676,0.090326518,4878,0.035055351,0,0,0,0,0,0.44,1.609002349
98258.17,0.43812698,0.5,6137,37,0.48325,32.9375,34.8125,35.97,0,0,0.07,0,0,20,0.5,5.5,50,1000,0.1,0.1,0.1,0.1,0.1,0.1,0.5,0,15293,0.051657621,0.01942065,6251,0.108142697,0.08718605,4964,0.034045125,0,0,0,0,0,5,1.609002349
98318.24,0.447617323,0.5,6137,37,0.30285,33,34.875,36.73,0,0,0.07,0,0,20,0.5,5.5,50,1000,0.1,0.1,0.1,0.1,0.1,0.1,0.5,0,14725,0.052835314,0.019898132,6202,0.108835859,0.088358594,5081,0.034638851,0,0,0,0,0,5,1.609002349
98378.3,0.434941726,0.5,6137,37,0.17715,33.1875,34.875,37.21,0,0,0.07,0,0,20,0.5,5.5,50,1000,0.1,0.1,0.1,0.1,0.1,0.1,0.5,0,15898,0.050698201,0.019373506,6739,0.104614928,0.084137112,4830,0.034782609,0,0,0,0,0,5,1.609002349
98438.38,0.442634026,0.5,6137,37,0.14515,33.125,34.8125,37.29,0,0,0.07,0,0,20,0.5,5.5,50,1000,0.1,0.1,0.1,0.1,0.1,0.1,0.5,0,15602,0.051660044,0.01961287,6491,0.108457865,0.087967956,4785,0.035318704,0,0,0,0,0,5,1.609002349
98498.43,0.459633964,0.5,6137,37,0.10255,33.25,34.875,37.41,0,0,0.25,0,0,20,0.5,5.5,50,1000,0.1,0.1,0.1,0.1,0.1,0.1,0.5,0,15705,0.051512257,0.019293219,6430,0.109642302,0.088802488,5054,0.034823902,0,0,0,0,0,5,1.609002349
98558.47,0.428400284,0.5,6137,37,0.16535,33.25,34.875,37.13,0,0,0.07,0,0,20,0.5,5.5,50,1000,0.1,0.1,0.1,0.1,0.1,0.1,0.5,0,15898,0.052019122,0.01962511,6497,0.11128213,0.089733723,4889,0.035385559,0,0,0,0,0,5,1.609002349
98618.52,0.459922658,0.5,6137,37,0.16555,33.25,34.875,37.11,0,0,0.07,0,0,20,0.5,5.5,50,1000,0.1,0.1,0.1,0.1,0.1,0.1,0.5,0,15535,0.052848407,0.019568716,6683,0.109980548,0.089480772,4975,0.034974874,0,0,0,0,0,5,1.741553251
98678.56,0.465327461,0.5,6137,37,0.13985,33.125,34.875,37.19,0,0,0.07,0,0,20,0.5,5.5,50,1000,0.1,0.1,0.1,0.1,0.1,0.1,0.5,0,16111,0.051827944,0.019551859,6550,0.112671756,0.090992366,5000,0.0354,0,0,0,0,0,5,1.689524691
98738.63,0.499271721,0.5,6137,37,0.15295,33.1875,34.9375,37.11,0,0,0.07,0,0,20,0.5,5.5,50,1000,0.1,0.1,0.1,0.1,0.1,0.1,0.5,0,16409,0.052105552,0.019501493,6759,0.111702915,0.090545939,5032,0.034578696,0,0,0,0,0,5,1.816275765
98798.67,0.480427655,0.5,6137,37,0.11045,33.125,34.875,37.25,0,0,0.25,0,0,20,0.5,5.5,50,1000,0.1,0.1,0.1,0.1,0.1,0.1,0.5,0,16548,0.051728306,0.019337684,6552,0.116147741,0.093864469,4994,0.035642771,0,0,0,0,0,5,1.610040505
98858.73,0.491753176,0.5,6137,37,0.14245,33.125,34.875,37.11,0,0,0,0,0,20,0.5,5.5,50,1000,0.1,0.1,0.1,0.1,0.1,0.1,0.5,0,16348,0.052177636,0.019757769,6781,0.115322224,0.093054122,4947,0.03577926,0,0,0,0,0,5,1.599439264
98918.79,0.518988339,0.5,6137,37,0.09555,33.0625,34.875,37.27,0,0,0,0,0,20,0.5,5.5,50,1000,0.1,0.1,0.1,0.1,0.1,0.1,0.5,0,16208,0.052751728,0.019866732,6849,0.115053292,0.093152285,5269,0.035490605,0,0,0,0,0,5,1.681180798
98978.84,0.489822834,0.5,6137,37,0.12455,33.125,34.875,37.13,0,0,0,0,0,20,0.5,5.5,50,1000,0.1,0.1,0.1,0.1,0.1,0.1,0.5,0,16683,0.052268777,0.019600791,7024,0.115034169,0.092539863,5268,0.035497342,0,0,0,0,0,5,1.423608803
99038.91,0.511210994,0.5,6137,37,0.1279,33.125,34.8125,37.05,0,0,0,0,0,20,0.5,5.5,50,1000,0.1,0.1,0.1,0.1,0.1,0.1,0.5,0,16319,0.053434647,0.019792879,7233,0.114337066,0.092354486,4902,0.036515708,0,0,0,0,0,5,1.480644297
99098.99,0.514710579,0.5,6137,37,0.12395,33.0625,34.8125,37.13,0,0,0,0,0,20,0.5,5.5,50,1000,0.1,0.1,0.1,0.1,0.1,0.1,0.5,0,16616,0.052961001,0.019499278,7153,0.115615826,0.093247588,5318,0.036291839,0,0,0,0,0,5,1.427079135
99159.04,0.519299059,0.5,6137,37,0.1326,33,34.875,36.81,0,0,0,0,0,20,0.5,5.5,50,1000,0.1,0.1,0.1,0.1,0.1,0.1,0.5,0,17070,0.052431166,0.019507909,6997,0.119622695,0.096326997,5157,0.036649215,0,0,0,0,0,5,1.382350719
99219.08,0.537403536,0.5,6137,37,0.1626,33,34.875,36.87,0,0,0,0,0,20,0.5,5.5,50,1000,0.1,0.1,0.1,0.1,0.1,0.1,0.5,0,16323,0.054279238,0.020339398,7042,0.119426299,0.096563476,5303,0.036205921,0,0,0,0,0,5,1.416041195
99279.14,0.534369478,0.5,6137,37,0.1414,33.1875,34.875,36.97,0,0,0,0,0,20,0.5,5.5,50,1000,0.1,0.1,0.1,0.1,0.1,0.1,0.5,0,17823,0.051955339,0.01958144,7207,0.118634661,0.096017761,5400,0.036481481,0,0,0,0,0,5,1.328253822
99339.19,0.533972048,0.5,6137,37,0.1299,33,34.875,36.81,0,0,0,0,0,20,0.5,5.5,50,1000,0.1,0.1,0.1,0.1,0.1,0.1,0.5,0,18692,0.050770383,0.019045581,7375,0.117966102,0.095322034,5076,0.036840032,0,0,0,0,0,5,1.25960909
99399.23,0.548889636,0.5,6137,37,0.1505,33.25,34.8125,36.97,0,0,0,0,0,20,0.5,5.5,50,1000,0.1,0.1,0.1,0.1,0.1,0.1,0.5,0,17640,0.052777778,0.01978458,7437,0.119402985,0.096409843,5168,0.037345201,0,0,0,0,0,5,1.279290342
99459.31,0.548147365,0.5,6137,37,0.288825,33.0625,34.8125,36.87,0,0.02,0.15,0,0,20,0.5,5.5,50,1000,0.1,0.1,0.1,0.1,0.1,0.1,0.5,0,17110,0.05447107,0.020222092,7379,0.119934951,0.097303158,5407,0.037358979,0,0,0,0,0,0.44,1.279290342
99519.36,0.494654775,0.5,6137,37,0.503596364,32.875,34.875,35.91,0,0.01818217,0.142728678,0,0,20,0.5,5.5,50,1000,0.1,0.1,0.1,0.1,0.1,0.1,0.5,0,16603,0.05324339,0.019695236,7089,0.115672168,0.093384116,5078,0.036234738,0,0,0,0,0,0.44,1.279290342
99579.41,0.463758375,0.5,6137,37,0.533193106,32.8125,34.875,35.91,0,0.014664002,0.128656009,0,0,20,0.5,5.5,50,1000,0.1,0.1,0.1,0.1,0.1,0.1,0.5,0,16252,0.051870539,0.019689884,6762,0.111949127,0.090209997,5003,0.035178893,0,0,0,0,0,0.44,1.279290342
99639.47,0.435141003,0.5,6137,37,0.45905,32.75,34.875,36.17,0,0,0.07,0,0,20,0.5,5.5,50,1000,0.1,0.1,0.1,0.1,0.1,0.1,0.5,0,15611,0.051566203,0.019409391,6385,0.109162099,0.088645262,4837,0.034939012,0,0,0,0,0,5,1.279290342
99699.54,0.415086785,0.5,6137,37,0.20845,33.125,34.9375,37.17,0,0,0.25,0,0,20,0.5,5.5,50,1000,0.1,0.1,0.1,0.1,0.1,0.1,0.5,0,15513,0.051569651,0.019467543,6429,0.109348266,0.088505211,4827,0.036047234,0,0,0,0,0,5,1.279290342
99759.59,0.483897685,0.5,6137,37,0.16975,33.1875,34.875,37.29,0,0,0.07,0,0,20,0.5,5.5,50,1000,0.1,0.1,0.1,0.1,0.1,0.1,0.5,0,15216,0.052379075,0.019716088,6389,0.111598059,0.090154954,4855,0.035221421,0,0,0,0,0,5,1.279290342
99819.66,0.456130815,0.5,6137,37,0.12535,33.375,34.875,37.41,0,0,0.07,0,0,20,0.5,5.5,50,1000,0.1,0.1,0.1,0.1,0.1,0.1,0.5,0,15917,0.051705723,0.01935038,6291,0.113336512,0.091241456,5011,0.034524047,0,0,0,0,0,5,1.279290342
99879.72,0.465060099,0.5,6137,37,0.15365,33.25,34.875,37.25,0,0,0.07,0,0,20,0.5,5.5,50,1000,0.1,0.1,0.1,0.1,0.1,0.1,0.5,0,16425,0.051324201,0.019299848,6583,0.111043597,0.089928604,4985,0.035105316,0,0,0,0,0,5,1.279290342
99939.8,0.482563238,0.5,6137,37,0.16705,33.3125,34.8125,37.17,0,0,0.07,0,0,20,0.5,5.5,50,1000,0.1,0.1,0.1,0.1,0.1,0.1,0.5,0,15310,0.053363815,0.019986937,6726,0.111210229,0.089652096,4785,0.035318704,0,0,0,0,0,5,1.279290342
99999.87,0.478950302,0.5,6137,37,0.13305,33.3125,34.875,37.27,0,0,0.25,0,0,20,0.5,5.5,50,1000,0.1,0.1,0.1,0.1,0.1,0.1,0.5,0,16062,0.0526709,0.019549247,6528,0.114276961,0.092218137,5065,0.035538006,0,0,0,0,0,5,1.192780413
100059.92,0.485126241,0.5,6137,37,0.10935,33.1875,34.875,37.33,0,0,0.07,0,0,20,0.5,5.5,50,1000,0.1,0.1,0.1,0.1,0.1,0.1,0.5,0,16015,0.052825476,0.019918826,6844,0.112215079,0.090736411,5052,0.035431512,0,0,0,0,0,5,1.171578326
100119.96,0.465406278,0.5,6137,37,0.13625,33.1875,34.875,37.19,0,0,0.07,0,0,20,0.5,5.5,50,1000,0.1,0.1,0.1,0.1,0.1,0.1,0.5,0,16379,0.052445204,0.019476158,6885,0.112999274,0.092084241,5161,0.035845766,0,0,0,0,0,5,0.988504186
100180.01,0.492168182,0.5,6137,37,0.14615,33.125,34.8125,37.13,0,0,0.07,0,0,20,0.5,5.5,50,1000,0.1,0.1,0.1,0.1,0.1,0.1,0.5,0,16322,0.053302291,0.019727975,6758,0.117046463,0.093518793,5071,0.035890357,0,0,0,0,0,5,1.106808227
100240.1,0.494276956,0.5,6137,37,0.176,33.125,34.875,37.09,0,0,0,0,0,20,0.5,5.5,50,1000,0.1,0.1,0.1,0.1,0.1,0.1,0.5,0,16515,0.052618831,0.019739631,7011,0.115390101,0.092854086,5075,0.036453202,0,0,0,0,0,5,1.06429434
100300.17,0.483872978,0.5,6137,37,0.1689,33.125,34.875,37.11,0,0,0,0,0,20,0.5,5.5,50,1000,0.1,0.1,0.1,0.1,0.1,0.1,0.5,0,15955,0.054026951,0.020181761,7232,0.114352876,0.09278208,5225,0.035980861,0,0,0,0,0,5,0.947258919
100360.24,0.476913467,0.5,6137,37,0.1391,33.125,34.9375,37.27,0,0,0,0,0,20,0.5,5.5,50,1000,0.1,0.1,0.1,0.1,0.1,0.1,0.5,0,16383,0.053775255,0.019898675,6929,0.119353442,0.095829124,5004,0.036770584,0,0,0,0,0,5,0.856433872
100420.28,0.516560271,0.5,6137,37,0.0934,33.125,34.875,37.17,0,0,0,0,0,20,0.5,5.5,50,1000,0.1,0.1,0.1,0.1,0.1,0.1,0.5,0,16997,0.052891687,0.01970936,6941,0.119867454,0.096383806,5003,0.036578053,0,0,0,0,0,5,1.053182908
100480.35,0.511453721,0.5,6137,37,0.0756,33.125,34.9375,36.87,0,0,0,0,0,20,0.5,5.5,50,1000,0.1,0.1,0.1,0.1,0.1,0.1,0.5,0,16216,0.054699063,0.020165269,7126,0.118860511,0.095846197,5302,0.036024142,0,0,0,0,0,5,0.970719152
100540.39,0.531504738,0.5,6137,37,0.1447,33.0625,34.875,37.03,0,0,0,0,0,20,0.5,5.5,50,1000,0.1,0.1,0.1,0.1,0.1,0.1,0.5,0,16584,0.054269175,0.020320791,7144,0.120100784,0.097144457,5176,0.036901082,0,0,0,0,0,5,1.037548222
100600.47,0.619414095,0.5,6137,37,0.1329,32.9375,34.9375,36.95,0,0,0,0,0,20,0.5,5.5,50,1000,0.1,0.1,0.1,0.1,0.1,0.1,0.5,0,17360,0.052822581,0.019873272,7346,0.118840185,0.095698339,5242,0.037199542,0,0,0,0,0,5,1.444856541
100660.51,0.565579958,0.5,6137,37,0.1178,33,34.9375,37.01,0,0,0,0,0,20,0.5,5.5,50,1000,0.1,0.1,0.1,0.1,0.1,0.1,0.5,0,16762,0.054826393,0.020224317,7134,0.122792262,0.099383235,5367,0.036892119,0,0,0,0,0,0.44,1.444856541
100720.58,0.569786487,0.5,6137,37,0.2694,33,34.875,36.95,0,0.02,0.15,0,0,20,0.5,5.5,50,1000,0.1,0.1,0.1,0.1,0.1,0.1,0.5,0,16790,0.054734961,0.020428827,7501,0.120383949,0.096920411,5345,0.037418148,0,0,0,0,0,0.44,1.444856541
100780.63,0.499045558,0.5,6137,37,0.6234,32.8125,34.875,35.39,0,0.02,0.15,0,0,20,0.5,5.5,50,1000,0.1,0.1,0.1,0.1,0.1,0.1,0.5,0,17330,0.052048471,0.019561454,6957,0.117291936,0.094580998,5023,0.036034242,0,0,0,0,0,0.44,1.444856541
100840.69,0.459171643,0.5,6137,37,0.55905,32.6875,34.875,35.71,0,0,0.07,0,0,20,0.5,5.5,50,1000,0.1,0.1,0.1,0.1,0.1,0.1,0.5,0,15666,0.05304481,0.019788076,6513,0.11469369,0.092276984,4814,0.035936851,0,0,0,0,0,5,1.444856541
100900.76,0.471591618,0.5,6137,37,0.30305,33,34.875,36.77,0,0,0.25,0,0,20,0.5,5.5,50,1000,0.1,0.1,0.1,0.1,0.1,0.1,0.5,0,15891,0.05235668,0.019444969,6499,0.113555932,0.091706416,4793,0.035885667,0,0,0,0,0,5,1.444856541
100960.81,0.467861739,0.5,6137,37,0.19525,33.25,34.875,37.17,0,0,0.07,0,0,20,0.5,5.5,50,1000,0.1,0.1,0.1,0.1,0.1,0.1,0.5,0,14784,0.054856602,0.020224567,6709,0.11208824,0.090326427,4898,0.035320539,0,0,0,0,0,5,1.444856541
101020.87,0.518662566,0.5,6137,37,0.13415,33.1875,34.875,37.37,0,0,0.07,0,0,20,0.5,5.5,50,1000,0.1,0.1,0.1,0.1,0.1,0.1,0.5,0,16214,0.052485506,0.019427655,6574,0.115150593,0.092789778,5072,0.035488959,0,0,0,0,0,5,1.444856541
101080.94,0.49218124,0.5,6137,37,0.11915,33.1875,34.875,37.37,0,0,0.07,0,0,20,0.5,5.5,50,1000,0.1,0.1,0.1,0.1,0.1,0.1,0.5,0,15382,0.054089195,0.020283448,6674,0.114923584,0.092897812,4876,0.03609516,0,0,0,0,0,5,1.444856541
101141,0.490959853,0.5,6137,37,0.13105,33.25,34.875,37.29,0,0,0.07,0,0,20,0.5,5.5,50,1000,0.1,0.1,0.1,0.1,0.1,0.1,0.5,0,15928,0.053490708,0.019839277,6727,0.116545265,0.093949755,5040,0.036111111,0,0,0,0,0,5,1.444856541
101201.04,0.483103756,0.5,6137,37,0.13415,33.125,34.875,37.25,0,0,0.25,0,0,20,0.5,5.5,50,1000,0.1,0.1,0.1,0.1,0.1,0.1,0.5,0,16810,0.05240928,0.019393218,6672,0.118105516,0.095173861,5074,0.035869137,0,0,0,0,0,5,1.324220972
101261.08,0.491200996,0.5,6137,37,0.14845,33.375,34.875,37.17,0,0,0.07,0,0,20,0.5,5.5,50,1000,0.1,0.1,0.1,0.1,0.1,0.1,0.5,0,17048,0.052029564,0.019298451,7109,0.11464341,0.092980729,5008,0.036541534,0,0,0,0,0,5,1.307875803
101321.15,0.499128765,0.5,6137,37,0.10915,33.25,34.9375,37.29,0,0,0.07,0,0,20,0.5,5.5,50,1000,0.1,0.1,0.1,0.1,0.1,0.1,0.5,0,16764,0.052851348,0.019804343,6965,0.117444365,0.094328787,5351,0.035694263,0,0,0,0,0,5,1.290514122
101381.19,0.49699354,0.5,6137,37,0.14345,33.125,34.875,37.13,0,0,0.07,0,0,20,0.5,5.5,50,1000,0.1,0.1,0.1,0.1,0.1,0.1,0.5,0,17894,0.05163742,0.019112552,6953,0.119372933,0.096073637,5087,0.03676037,0,0,0,0,0,5,1.213127172
101441.26,0.504469507,0.5,6137,37,0.1468,33.1875,34.875,37.27,0,0,0,0,0,20,0.5,5.5,50,1000,0.1,0.1,0.1,0.1,0.1,0.1,0.5,0,16682,0.053650641,0.02002158,7018,0.120547164,0.096751211,5323,0.036633477,0,0,0,0,0,5,1.197261918
101501.3,0.577302157,0.5,6137,37,0.0934,33.125,34.875,37.01,0,0,0,0,0,20,0.5,5.5,50,1000,0.1,0.1,0.1,0.1,0.1,0.1,0.5,0,15169,0.057221966,0.021095656,7096,0.119503946,0.096674183,5533,0.035785288,0,0,0,0,0,5,1.541974029
101561.35,0.556673335,0.5,6137,37,0.3607,33.125,34.875,36.57,0,0.02,0.15,0,0,20,0.5,5.5,50,1000,0.1,0.1,0.1,0.1,0.1,0.1,0.5,0,16957,0.053901044,0.020227635,6951,0.123579341,0.100273342,5145,0.03654033,0,0,0,0,0,0.44,1.541974029
101621.42,0.493457122,0.5,6137,37,0.481812908,32.9375,34.875,36.09,0,0.018884908,0.145539632,0,0,20,0.5,5.5,50,1000,0.1,0.1,0.1,0.1,0.1,0.1,0.5,0,15997,0.053635057,0.020191286,6775,0.118081181,0.094612546,5043,0.036089629,0,0,0,0,0,0.44,1.541974029
101681.48,0.443628731,0.5,6137,37,0.45925,32.875,34.875,36.09,0,0,0.07,0,0,20,0.5,5.5,50,1000,0.1,0.1,0.1,0.1,0.1,0.1,0.5,0,15705,0.052594715,0.019802611,6424,0.11379203,0.09137609,4857,0.035412806,0,0,0,0,0,5,1.541974029
101741.53,0.467454477,0.5,6137,37,0.27085,33,34.875,36.87,0,0,0.07,0,0,20,0.5,5.5,50,1000,0.1,0.1,0.1,0.1,0.1,0.1,0.5,0,15106,0.054150669,0.020124454,6387,0.114607797,0.092218569,4835,0.03557394,0,0,0,0,0,5,1.541974029
101801.6,0.473059413,0.5,6137,37,0.16515,33.125,34.875,37.27,0,0,0.25,0,0,20,0.5,5.5,50,1000,0.1,0.1,0.1,0.1,0.1,0.1,0.5,0,15778,0.052795031,0.019647611,6691,0.112090868,0.090569422,4750,0.035789474,0,0,0,0,0,5,1.541974029
101861.65,0.459968537,0.5,6137,37,0.11345,33.1875,34.875,37.43,0,0,0.07,0,0,20,0.5,5.5,50,1000,0.1,0.1,0.1,0.1,0.1,0.1,0.5,0,15675,0.052886762,0.01984051,6678,0.113806529,0.091045223,4786,0.035938153,0,0,0,0,0,5,1.541974029
101921.69,0.463604399,0.5,6137,37,0.14855,33.3125,34.875,37.25,0,0,0.07,0,0,20,0.5,5.5,50,1000,0.1,0.1,0.1,0.1,0.1,0.1,0.5,0,16533,0.051835722,0.019294744,6701,0.114012834,0.09207581,4899,0.035721576,0,0,0,0,0,5,1.541974029
101981.74,0.48214058,0.5,6137,37,0.11215,33.3125,34.8125,37.35,0,0,0.07,0,0,20,0.5,5.5,50,1000,0.1,0.1,0.1,0.1,0.1,0.1,0.5,0,15434,0.054166127,0.020279902,6639,0.115981322,0.093990059,4933,0.03547537,0,0,0,0,0,5,1.541974029
102041.81,0.494622102,0.5,6137,37,0.14525,33.25,34.875,37.19,0,0,0.07,0,0,20,0.5,5.5,50,1000,0.1,0.1,0.1,0.1,0.1,0.1,0.5,0,15881,0.05383792,0.019772055,6814,0.115791018,0.09319049,5342,0.035754399,0,0,0,0,0,5,1.541550253
102101.87,0.53350262,0.5,6137,37,0.15835,33.25,34.875,37.11,0,0,0.25,0,0,20,0.5,5.5,50,1000,0.1,0.1,0.1,0.1,0.1,0.1,0.5,0,16993,0.052197964,0.019537457,6746,0.117699377,0.095019271,4981,0.036137322,0,0,0,0,0,5,1.691482563
102161.91,0.494560512,0.5,6137,37,0.13115,33.3125,34.8125,37.19,0,0,0.07,0,0,20,0.5,5.5,50,1000,0.1,0.1,0.1,0.1,0.1,0.1,0.5,0,16798,0.052506251,0.019883319,6930,0.117460317,0.094949495,4915,0.036622584,0,0,0,0,0,5,1.37952503
102221.97,0.46789759,0.5,6137,37,0.18165,33.125,34.875,36.97,0,0,0.07,0,0,20,0.5,5.5,50,1000,0.1,0.1,0.1,0.1,0.1,0.1,0.5,0,16531,0.053293812,0.019720525,6968,0.118972445,0.095579793,5351,0.036815548,0,0,0,0,0,5,1.144288578
102282.02,0.490338995,0.5,6137,37,0.1397,33.1875,34.875,36.81,0,0,0,0,0,20,0.5,5.5,50,1000,0.1,0.1,0.1,0.1,0.1,0.1,0.5,0,16772,0.053541617,0.019794896,6801,0.122481988,0.098661961,5158,0.036642109,0,0,0,0,0,5,1.227616744
102342.06,0.494419872,0.5,6137,37,0.137,33.1875,34.9375,37.25,0,0,0,0,0,20,0.5,5.5,50,1000,0.1,0.1,0.1,0.1,0.1,0.1,0.5,0,16391,0.054420109,0.020071991,7047,0.120476799,0.097346389,5180,0.037258687,0,0,0,0,0,5,1.191100273
102402.17,0.595904719,0.5,6137,37,0.1558,32.9375,34.875,37.03,0,0,0,0,0,20,0.5,5.5,50,1000,0.1,0.1,0.1,0.1,0.1,0.1,0.5,0,17226,0.053001277,0.019795658,7132,0.12030286,0.096887269,5329,0.036592231,0,0,0,0,0,5,1.69163232
102462.23,0.573493955,0.5,6137,37,0.344075,32.9375,34.9375,36.63,0,0.02,0.15,0,0,20,0.5,5.5,50,1000,0.1,0.1,0.1,0.1,0.1,0.1,0.5,0,16370,0.054978619,0.02009774,6896,0.124854988,0.100493039,5438,0.03714601,0,0,0,0,0,0.44,1.69163232
102522.3,0.501460599,0.5,6137,37,0.596975,32.875,34.9375,35.55,0,0.02,0.15,0,0,20,0.5,5.5,50,1000,0.1,0.1,0.1,0.1,0.1,0.1,0.5,0,16030,0.054210855,0.020024953,6738,0.120213713,0.097061443,5275,0.036018957,0,0,0,0,0,0.44,1.69163232
102582.36,0.473442618,0.5,6137,37,0.655575,32.875,34.9375,35.47,0,0.02,0.15,0,0,20,0.5,5.5,50,1000,0.1,0.1,0.1,0.1,0.1,0.1,0.5,0,15053,0.054142031,0.020394606,6723,0.113193515,0.091477019,4899,0.035925699,0,0,0,0,0,0.44,1.69163232
102642.42,0.424583909,0.5,6137,37,0.34495,32.9375,34.875,36.69,0,0,0.07,0,0,20,0.5,5.5,50,1000,0.1,0.1,0.1,0.1,0.1,0.1,0.5,0,14974,0.052624549,0.019700815,6261,0.110206037,0.088963424,4850,0.035051546,0,0,0,0,0,5,1.69163232
102702.48,0.451748838,0.5,6137,37,0.25815,33,34.875,37.03,0,0,0.25,0,0,20,0.5,5.5,50,1000,0.1,0.1,0.1,0.1,0.1,0.1,0.5,0,15421,0.051423384,0.019583685,6368,0.108825377,0.087625628,4670,0.034689507,0,0,0,0,0,5,1.69163232
102762.51,0.448895391,0.5,6137,37,0.14645,33.125,34.8125,37.43,0,0,0.07,0,0,20,0.5,5.5,50,1000,0.1,0.1,0.1,0.1,0.1,0.1,0.5,0,14836,0.05297924,0.019816662,6479,0.109276123,0.08797654,4851,0.034632035,0,0,0,0,0,5,1.69163232
102822.58,0.462872444,0.5,6137,37,0.08815,33.1875,34.8125,37.59,0,0,0.07,0,0,20,0.5,5.5,50,1000,0.1,0.1,0.1,0.1,0.1,0.1,0.5,0,15562,0.052371161,0.019470505,6431,0.11071373,0.08925517,4626,0.034587116,0,0,0,0,0,5,1.69163232
102882.64,0.464359285,0.5,6137,37,0.11435,33.1875,34.875,37.43,0,0,0.07,0,0,20,0.5,5.5,50,1000,0.1,0.1,0.1,0.1,0.1,0.1,0.5,0,15486,0.052434457,0.019888932,6577,0.110080584,0.089402463,4781,0.035139092,0,0,0,0,0,5,1.69163232
102942.7,0.475195258,0.5,6137,37,0.08435,33.25,34.875,37.49,0,0,0.07,0,0,20,0.5,5.5,50,1000,0.1,0.1,0.1,0.1,0.1,0.1,0.5,0,14967,0.05371818,0.019843656,6770,0.109453471,0.089364845,4668,0.034918595,0,0,0,0,0,5,1.69163232
103002.75,0.473596886,0.5,6137,37,0.19925,33.25,34.875,37.01,0,0,0.25,0,0,20,0.5,5.5,50,1000,0.1,0.1,0.1,0.1,0.1,0.1,0.5,0,15500,0.052967742,0.019741935,6516,0.113873542,0.091774095,4812,0.035328346,0,0,0,0,0,5,1.59694286
103062.79,0.479894634,0.5,6137,37,0.1302,33.1875,34.8125,37.27,0,0,0.07,0,0,20,0.5,5.5,50,1000,0.1,0.1,0.1,0.1,0.1,0.1,0.5,0,15724,0.052785551,0.019651488,6496,0.114839901,0.093288177,4875,0.035692308,0,0,0,0,0,5,1.556725893
103122.84,0.479407931,0.5,6137,37,0.1424,33.1875,34.875,37.27,0,0,0.07,0,0,20,0.5,5.5,50,1000,0.1,0.1,0.1,0.1,0.1,0.1,0.5,0,15724,0.053039939,0.019715085,6605,0.114912945,0.093111279,4905,0.03567788,0,0,0,0,0,5,1.475845496
103182.88,0.482865836,0.5,6137,37,0.1087,33.125,34.9375,37.05,0,0,0.07,0,0,20,0.5,5.5,50,1000,0.1,0.1,0.1,0.1,0.1,0.1,0.5,0,16289,0.052305237,0.019522377,6640,0.116114458,0.093524096,4819,0.037144636,0,0,0,0,0,5,1.423614152
103242.96,0.483663264,0.5,6137,37,0.1312,33.25,34.875,37.03,0,0,0,0,0,20,0.5,5.5,50,1000,0.1,0.1,0.1,0.1,0.1,0.1,0.5,0,15342,0.054686482,0.020205971,6672,0.117655875,0.094724221,4962,0.0356711,0,0,0,0,0,5,1.357383704
103303.02,0.511420806,0.5,6137,37,0.165,33.1875,34.9375,37.05,0,0,0,0,0,20,0.5,5.5,50,1000,0.1,0.1,0.1,0.1,0.1,0.1,0.5,0,16055,0.053815011,0.020056057,6823,0.116664224,0.093946944,4878,0.037105371,0,0,0,0,0,5,1.456925972
103363.09,0.496779651,0.5,6137,37,0.1384,33.1875,34.9375,37.11,0,0,0,0,0,20,0.5,5.5,50,1000,0.1,0.1,0.1,0.1,0.1,0.1,0.5,0,15955,0.053713569,0.020119085,6780,0.118141593,0.095722714,5263,0.035531066,0,0,0,0,0,5,1.296941144
103423.17,0.495965638,0.5,6137,37,0.1404,33.125,34.9375,36.95,0,0,0,0,0,20,0.5,5.5,50,1000,0.1,0.1,0.1,0.1,0.1,0.1,0.5,0,16190,0.053675108,0.019950587,6895,0.11791153,0.094996374,5019,0.036859932,0,0,0,0,0,5,1.227174314
103483.24,0.497566186,0.5,6137,37,0.1748,33.0625,34.875,37.11,0,0,0,0,0,20,0.5,5.5,50,1000,0.1,0.1,0.1,0.1,0.1,0.1,0.5,0,16652,0.053326928,0.019877492,6739,0.121086215,0.097788989,5383,0.036596693,0,0,0,0,0,5,1.175481415
103543.31,0.52368394,0.5,6137,37,0.1277,33.0625,34.9375,36.71,0,0,0,0,0,20,0.5,5.5,50,1000,0.1,0.1,0.1,0.1,0.1,0.1,0.5,0,16652,0.053927456,0.019937545,6907,0.120023165,0.097292602,5160,0.036627907,0,0,0,0,0,5,1.27018659
103603.38,0.546915071,0.5,6137,37,0.193,32.9375,34.875,37.03,0,0,0,0,0,20,0.5,5.5,50,1000,0.1,0.1,0.1,0.1,0.1,0.1,0.5,0,16942,0.053535592,0.020186519,6977,0.12082557,0.097606421,5486,0.036820999,0,0,0,0,0,5,1.336892843
103663.45,0.534080302,0.5,6137,37,0.0885,33,34.875,37.11,0,0,0,0,0,20,0.5,5.5,50,1000,0.1,0.1,0.1,0.1,0.1,0.1,0.5,0,16921,0.053720229,0.020093375,6946,0.121940685,0.098473942,5096,0.036499215,0,0,0,0,0,5,1.198806235
103723.48,0.505525611,0.5,6137,37,0.1279,33.0625,34.8125,37.09,0,0,0,0,0,20,0.5,5.5,50,1000,0.1,0.1,0.1,0.1,0.1,0.1,0.5,0,17675,0.052503536,0.019745403,7077,0.122509538,0.098911968,5073,0.037453184,0,0,0,0,0,5,0.974023412
103783.55,0.527592806,0.5,6137,37,0.1661,33,34.8125,37.01,0,0,0,0,0,20,0.5,5.5,50,1000,0.1,0.1,0.1,0.1,0.1,0.1,0.5,0,16725,0.054648729,0.02038864,7427,0.120236973,0.096539653,5379,0.037739357,0,0,0,0,0,5,1.053500492
103843.64,0.518887332,0.5,6137,37,0.1623,33,34.8125,36.87,0,0,0,0,0,20,0.5,5.5,50,1000,0.1,0.1,0.1,0.1,0.1,0.1,0.5,0,17259,0.053769048,0.020105452,7110,0.124894515,0.100281294,5437,0.037336767,0,0,0,0,0,5,0.950911429
103903.69,0.513087484,0.5,6137,37,0.109,33.0625,34.75,36.93,0,0,0,0,0,20,0.5,5.5,50,1000,0.1,0.1,0.1,0.1,0.1,0.1,0.5,0,17903,0.053231302,0.019996649,7193,0.124704574,0.101070485,5353,0.037549038,0,0,0,0,0,5,0.869644635
103963.74,0.569967143,0.5,6137,37,0.1487,33.0625,34.8125,36.95,0,0,0,0,0,20,0.5,5.5,50,1000,0.1,0.1,0.1,0.1,0.1,0.1,0.5,0,16138,0.056822407,0.020820424,7289,0.124708465,0.101111264,5592,0.037017167,0,0,0,0,0,5,1.141559451
104023.78,0.580281292,0.5,6137,37,0.356425,32.875,34.8125,36.55,0,0.02,0.15,0,0,20,0.5,5.5,50,1000,0.1,0.1,0.1,0.1,0.1,0.1,0.5,0,17684,0.053947071,0.020131192,7483,0.123880796,0.100093545,5480,0.036861314,0,0,0,0,0,0.44,1.141559451
104083.82,0.531586681,0.5,6137,37,0.492325,32.8125,34.8125,36.01,0,0.02,0.15,0,0,20,0.5,5.5,50,1000,0.1,0.1,0.1,0.1,0.1,0.1,0.5,0,17212,0.053567279,0.019927957,6930,0.123520924,0.0995671,4962,0.037081822,0,0,0,0,0,0.44,1.141559451
104143.86,0.476992238,0.5,6137,37,0.608225,32.625,34.8125,35.63,0,0.02,0.15,0,0,20,0.5,5.5,50,1000,0.1,0.1,0.1,0.1,0.1,0.1,0.5,0,15342,0.05455612,0.02014079,6684,0.116995811,0.09470377,5131,0.035275775,0,0,0,0,0,0.44,1.141559451
104203.92,0.392222406,0.5,6137,37,0.45295,32.75,34.8125,36.21,0,0,0.25,0,0,20,0.5,5.5,50,1000,0.1,0.1,0.1,0.1,0.1,0.1,0.5,0,15403,0.052587158,0.019736415,6293,0.11441284,0.092960432,4815,0.03509865,0,0,0,0,0,5,1.141559451
104263.97,0.38892169,0.5,6137,37,0.3058,32.875,34.875,37.11,0,0,0.07,0,0,20,0.5,5.5,50,1000,0.1,0.1,0.1,0.1,0.1,0.1,0.5,0,14840,0.053975741,0.020148248,6590,0.11047041,0.08952959,4693,0.034945664,0,0,0,0,0,5,1.141559451
104324.05,0.415958901,0.5,6137,37,0.183,33,34.8125,37.43,0,0,0.07,0,0,20,0.5,5.5,50,1000,0.1,0.1,0.1,0.1,0.1,0.1,0.5,0,15779,0.051967805,0.019646365,6344,0.114596469,0.092528373,4805,0.035796046,0,0,0,0,0,5,1.141559451
104384.09,0.414756851,0.5,6137,37,0.0827,33.125,34.875,37.45,0,0,0.07,0,0,20,0.5,5.5,50,1000,0.1,0.1,0.1,0.1,0.1,0.1,0.5,0,14885,0.054215653,0.020020155,6366,0.1156142,0.0933082,5031,0.035181872,0,0,0,0,0,5,1.141559451
104444.17,0.429641495,0.5,6137,37,0.1298,33.125,34.875,37.49,0,0,0.07,0,0,20,0.5,5.5,50,1000,0.1,0.1,0.1,0.1,0.1,0.1,0.5,0,15381,0.053507574,0.019699629,6559,0.114956548,0.09284952,4783,0.035542547,0,0,0,0,0,5,1.141559451
104504.24,0.426435228,0.5,6137,37,0.16175,33.125,34.875,37.19,0,0,0.25,0,0,20,0.5,5.5,50,1000,0.1,0.1,0.1,0.1,0.1,0.1,0.5,0,15935,0.053153436,0.019705052,6470,0.117156105,0.095054096,4972,0.035800483,0,0,0,0,0,5,1.141559451
104564.3,0.432974281,0.5,6137,37,0.0794,33,34.875,37.43,0,0,0.07,0,0,20,0.5,5.5,50,1000,0.1,0.1,0.1,0.1,0.1,0.1,0.5,0,16722,0.051967468,0.019495276,6608,0.117433414,0.094733656,4910,0.035845214,0,0,0,0,0,5,1.130135001
104624.36,0.430067413,0.5,6137,37,0.1301,33,34.875,37.13,0,0,0.07,0,0,20,0.5,5.5,50,1000,0.1,0.1,0.1,0.1,0.1,0.1,0.5,0,15671,0.053793632,0.019973199,6784,0.116597877,0.094044811,5073,0.035481963,0,0,0,0,0,5,1.053419182
104684.43,0.46336581,0.5,6137,37,0.0967,32.9375,34.9375,37.03,0,0,0.07,0,0,20,0.5,5.5,50,1000,0.1,0.1,0.1,0.1,0.1,0.1,0.5,0,16247,0.053240598,0.019757494,6892,0.117092281,0.094892629,4895,0.037180797,0,0,0,0,0,5,1.22447279
104744.5,0.467959116,0.5,6137,37,0.1366,32.875,34.8125,37.01,0,0,0.07,0,0,20,0.5,5.5,50,1000,0.1,0.1,0.1,0.1,0.1,0.1,0.5,0,15641,0.054983697,0.020331181,6864,0.119172494,0.096445221,4890,0.036605317,0,0,0,0,0,5,1.192841469
104804.54,0.478881665,0.5,6137,37,0.1321,32.875,34.875,36.87,0,0,0,0,0,20,0.5,5.5,50,1000,0.1,0.1,0.1,0.1,0.1,0.1,0.5,0,16620,0.052888087,0.019735259,6973,0.118600316,0.095941489,4771,0.036889541,0,0,0,0,0,5,1.202417157
104864.6,0.492855251,0.5,6137,37,0.1641,32.875,34.875,36.93,0,0,0,0,0,20,0.5,5.5,50,1000,0.1,0.1,0.1,0.1,0.1,0.1,0.5,0,15253,0.055923425,0.020717236,7230,0.117565698,0.095297372,5239,0.036266463,0,0,0,0,0,5,1.228582305
104924.64,0.488403039,0.5,6137,37,0.1476,32.875,34.8125,37.19,0,0,0,0,0,20,0.5,5.5,50,1000,0.1,0.1,0.1,0.1,0.1,0.1,0.5,0,16555,0.054303836,0.01987315,6888,0.12325784,0.099012776,5266,0.036650209,0,0,0,0,0,5,1.139929514
104984.71,0.501877261,0.5,6137,37,0.1128,32.875,34.8125,37.13,0,0,0,0,0,20,0.5,5.5,50,1000,0.1,0.1,0.1,0.1,0.1,0.1,0.5,0,17318,0.053008431,0.019805982,7120,0.121067416,0.097893258,5253,0.037312012,0,0,0,0,0,5,1.164576917
105044.78,0.490549028,0.5,6137,37,0.1554,32.8125,34.8125,37.01,0,0,0,0,0,20,0.5,5.5,50,1000,0.1,0.1,0.1,0.1,0.1,0.1,0.5,0,17219,0.053603577,0.020036007,6809,0.12689088,0.102511382,5273,0.036980846,0,0,0,0,0,5,1.03785699
105104.85,0.517627271,0.5,6137,37,0.1162,32.75,34.8125,36.89,0,0,0,0,0,20,0.5,5.5,50,1000,0.1,0.1,0.1,0.1,0.1,0.1,0.5,0,17840,0.052914798,0.019674888,7393,0.1209252,0.097659949,5222,0.037150517,0,0,0,0,0,5,1.147154737
105164.91,0.509145539,0.5,6137,37,0.1294,32.8125,34.8125,36.95,0,0,0,0,0,20,0.5,5.5,50,1000,0.1,0.1,0.1,0.1,0.1,0.1,0.5,0,16861,0.054682403,0.020283494,7357,0.123419872,0.099904853,5151,0.037468453,0,0,0,0,0,5,1.040232434
105224.97,0.514575644,0.5,6137,37,0.1423,32.8125,34.8125,37.03,0,0,0,0,0,20,0.5,5.5,50,1000,0.1,0.1,0.1,0.1,0.1,0.1,0.5,0,17126,0.054770524,0.020261591,7266,0.124965593,0.101156069,5315,0.038381938,0,0,0,0,0,5,1.020046799
105285.04,0.506869247,0.5,6137,37,0.1408,32.8125,34.875,36.87,0,0,0,0,0,20,0.5,5.5,50,1000,0.1,0.1,0.1,0.1,0.1,0.1,0.5,0,17857,0.05370443,0.01999216,7409,0.124983129,0.100823323,5217,0.037377803,0,0,0,0,0,5,0.923775978
105345.09,0.541472038,0.5,6137,37,0.1258,32.75,34.875,36.89,0,0,0,0,0,20,0.5,5.5,50,1000,0.1,0.1,0.1,0.1,0.1,0.1,0.5,0,18567,0.052889535,0.019550816,7180,0.128690808,0.103760446,5355,0.038095238,0,0,0,0,0,5,1.075702235
105405.16,0.553301015,0.5,6137,37,0.3834,32.75,34.875,36.41,0,0.02,0.25,0,0,20,0.5,5.5,50,1000,0.1,0.1,0.1,0.1,0.1,0.1,0.5,0,17221,0.05539748,0.020498229,7624,0.125786988,0.101259182,5424,0.037426254,0,0,0,0,0,0.44,1.075702235
105465.21,0.490943427,0.5,6137,37,0.425712974,32.625,34.875,36.29,0,0.018222749,0.142890995,0,0,20,0.5,5.5,50,1000,0.1,0.1,0.1,0.1,0.1,0.1,0.5,0,16184,0.055734058,0.020452299,6962,0.125969549,0.100976731,5374,0.036844064,0,0,0,0,0,0.44,1.075702235
105525.25,0.451577778,0.5,6137,37,0.568028851,32.375,34.875,35.85,0,0,0.07,0,0,20,0.5,5.5,50,1000,0.1,0.1,0.1,0.1,0.1,0.1,0.5,0,16024,0.053794309,0.020094858,6877,0.118510979,0.095535844,4841,0.036356125,0,0,0,0,0,5,1.075702235
105585.29,0.472159223,0.5,6137,37,0.341,32.6875,34.8125,36.77,0,0,0.07,0,0,20,0.5,5.5,50,1000,0.1,0.1,0.1,0.1,0.1,0.1,0.5,0,14856,0.056071621,0.020732364,6773,0.119444855,0.09655987,4893,0.036174126,0,0,0,0,0,5,1.075702235
105645.36,0.515664154,0.5,6137,37,0.1677,32.75,34.8125,37.21,0,0,0.07,0,0,20,0.5,5.5,50,1000,0.1,0.1,0.1,0.1,0.1,0.1,0.5,0,16599,0.053015242,0.019579493,6670,0.12143928,0.097451274,5139,0.036777583,0,0,0,0,0,5,1.075702235
105705.4,0.523540346,0.5,6137,37,0.16405,32.9375,34.8125,37.17,0,0,0.25,0,0,20,0.5,5.5,50,1000,0.1,0.1,0.1,0.1,0.1,0.1,0.5,0,16222,0.054124029,0.020034521,6881,0.120476675,0.097078913,4827,0.037290242,0,0,0,0,0,5,1.075702235
105765.46,0.487993936,0.5,6137,37,0.1085,32.9375,34.8125,37.17,0,0,0.07,0,0,20,0.5,5.5,50,1000,0.1,0.1,0.1,0.1,0.1,0.1,0.5,0,16375,0.054045802,0.020152672,6751,0.123241001,0.099688935,5274,0.036594615,0,0,0,0,0,5,1.075702235
105825.51,0.482713408,0.5,6137,37,0.1263,33.1875,34.8125,37.19,0,0,0.07,0,0,20,0.5,5.5,50,1000,0.1,0.1,0.1,0.1,0.1,0.1,0.5,0,16767,0.054034711,0.020099004,7009,0.121986018,0.098159509,5087,0.037350108,0,0,0,0,0,5,1.075702235
105885.55,0.533431095,0.5,6137,37,0.1397,33,34.8125,37.05,0,0,0.07,0,0,20,0.5,5.5,50,1000,0.1,0.1,0.1,0.1,0.1,0.1,0.5,0,16969,0.053391479,0.019682951,6916,0.124204743,0.100057837,5165,0.037754114,0,0,0,0,0,5,1.321637481
105945.62,0.532421723,0.5,6137,37,0.1475,33.0625,34.8125,37.11,0,0,0.07,0,0,20,0.5,5.5,50,1000,0.1,0.1,0.1,0.1,0.1,0.1,0.5,0,17019,0.05405723,0.020212703,7085,0.124488356,0.099647142,5165,0.037366893,0,0,0,0,0,5,1.249873549
106005.65,0.541700777,0.5,6137,37,0.18905,33,34.75,36.95,0,0,0.25,0,0,20,0.5,5.5,50,1000,0.1,0.1,0.1,0.1,0.1,0.1,0.5,0,16273,0.055797948,0.020340441,7152,0.124440716,0.100671141,5116,0.03752932,0,0,0,0,0,5,1.239213542
106065.7,0.526244262,0.5,6137,37,0.1633,33.0625,34.75,37.25,0,0,0.07,0,0,20,0.5,5.5,50,1000,0.1,0.1,0.1,0.1,0.1,0.1,0.5,0,17559,0.053590751,0.019875847,7052,0.127481566,0.10266591,5321,0.037962789,0,0,0,0,0,5,1.090407981
106125.77,0.561267946,0.5,6137,37,0.1279,33.0625,34.875,36.97,0,0,0,0,0,20,0.5,5.5,50,1000,0.1,0.1,0.1,0.1,0.1,0.1,0.5,0,17245,0.054740504,0.020469701,7181,0.127280323,0.102910458,5176,0.037867079,0,0,0,0,0,5,1.229186378
106185.83,0.562527944,0.5,6137,37,0.3851,33.125,34.875,36.49,0,0.02,0.15,0,0,20,0.5,5.5,50,1000,0.1,0.1,0.1,0.1,0.1,0.1,0.5,0,17498,0.054691965,0.020345182,7060,0.130169972,0.104957507,5480,0.037591241,0,0,0,0,0,0.44,1.229186378
106245.9,0.494481097,0.5,6137,37,0.424286127,32.875,34.875,36.39,0,0.019600297,0.14840119,0,0,20,0.5,5.5,50,1000,0.1,0.1,0.1,0.1,0.1,0.1,0.5,0,16597,0.054407423,0.020304874,6912,0.123263889,0.099681713,5103,0.037037037,0,0,0,0,0,0.44,1.229186378
106305.97,0.45434132,0.5,6137,37,0.50425,32.8125,34.875,35.91,0,0,0.25,0,0,20,0.5,5.5,50,1000,0.1,0.1,0.1,0.1,0.1,0.1,0.5,0,14952,0.05571161,0.020398609,6575,0.119695817,0.096121673,4844,0.03654005,0,0,0,0,0,5,1.229186378
106366.01,0.44989805,0.5,6137,37,0.2927,33,34.875,36.57,0,0,0.07,0,0,20,0.5,5.5,50,1000,0.1,0.1,0.1,0.1,0.1,0.1,0.5,0,15532,0.054532578,0.020409477,6761,0.117142435,0.094512646,4890,0.036196319,0,0,0,0,0,5,1.229186378
106426.08,0.428915143,0.5,6137,37,0.1352,33.25,34.875,37.05,0,0,0.07,0,0,20,0.5,5.5,50,1000,0.1,0.1,0.1,0.1,0.1,0.1,0.5,0,15735,0.054401017,0.020146171,6903,0.116905693,0.094451688,4928,0.036728896,0,0,0,0,0,5,1.229186378
106486.14,0.443432897,0.5,6137,37,0.1371,33.125,34.8125,37.17,0,0,0.07,0,0,20,0.5,5.5,50,1000,0.1,0.1,0.1,0.1,0.1,0.1,0.5,0,16141,0.053714144,0.020011152,6806,0.119012636,0.095944755,5032,0.036764706,0,0,0,0,0,5,1.229186378
106546.2,0.470145748,0.5,6137,37,0.1016,33.25,34.875,37.29,0,0,0.07,0,0,20,0.5,5.5,50,1000,0.1,0.1,0.1,0.1,0.1,0.1,0.5,0,15856,0.054427346,0.020244702,6721,0.121708079,0.097604523,4979,0.036955212,0,0,0,0,0,5,1.229186378
106606.27,0.472569348,0.5,6137,37,0.18835,33.125,34.875,37.05,0,0,0.25,0,0,20,0.5,5.5,50,1000,0.1,0.1,0.1,0.1,0.1,0.1,0.5,0,15961,0.054883779,0.020550091,6739,0.122718504,0.099272889,5028,0.036595068,0,0,0,0,0,5,1.229186378
106666.36,0.48590509,0.5,6137,37,0.1558,33.125,34.875,37.17,0,0,0.07,0,0,20,0.5,5.5,50,1000,0.1,0.1,0.1,0.1,0.1,0.1,0.5,0,16036,0.055001247,0.020453979,6956,0.121765382,0.098476136,5004,0.036770584,0,0,0,0,0,5,1.251213498
106726.43,0.472736969,0.5,6137,37,0.1277,33.125,34.875,37.17,0,0,0.07,0,0,20,0.5,5.5,50,1000,0.1,0.1,0.1,0.1,0.1,0.1,0.5,0,16447,0.054599623,0.020307655,6904,0.123406721,0.099362688,5256,0.036910198,0,0,0,0,0,5,1.106230298
106786.47,0.500880068,0.5,6137,37,0.1202,33.0625,34.8125,37.35,0,0,0.07,0,0,20,0.5,5.5,50,1000,0.1,0.1,0.1,0.1,0.1,0.1,0.5,0,17589,0.052873955,0.019728239,7133,0.121828123,0.097995233,5017,0.037073949,0,0,0,0,0,5,1.224401422
106846.54,0.505098078,0.5,6137,37,0.1242,33.125,34.8125,37.11,0,0,0.07,0,0,20,0.5,5.5,50,1000,0.1,0.1,0.1,0.1,0.1,0.1,0.5,0,16909,0.053935774,0.020107635,7052,0.124078276,0.100113443,5055,0.036993076,0,0,0,0,0,5,1.188339162
106906.6,0.512059115,0.5,6137,37,0.1035,33.0625,34.8125,37.19,0,0,0,0,0,20,0.5,5.5,50,1000,0.1,0.1,0.1,0.1,0.1,0.1,0.5,0,16314,0.0560255,0.020718401,7456,0.121110515,0.097505365,5107,0.037008028,0,0,0,0,0,5,1.169984558
106966.65,0.549283502,0.5,6137,37,0.1561,33.1875,34.8125,37.17,0,0,0,0,0,20,0.5,5.5,50,1000,0.1,0.1,0.1,0.1,0.1,0.1,0.5,0,16133,0.056840017,0.020888861,7085,0.126746648,0.102893437,5367,0.037264766,0,0,0,0,0,5,1.322009216
107026.68,0.526986438,0.5,6137,37,0.1646,33.0625,34.8125,37.03,0,0,0,0,0,20,0.5,5.5,50,1000,0.1,0.1,0.1,0.1,0.1,0.1,0.5,0,17122,0.054724915,0.020149515,7093,0.128577471,0.103905259,5207,0.037257538,0,0,0,0,0,5,1.131589082
107086.76,0.504987429,0.5,6137,37,0.1811,33.1875,34.8125,36.97,0,0,0,0,0,20,0.5,5.5,50,1000,0.1,0.1,0.1,0.1,0.1,0.1,0.5,0,17964,0.053607214,0.019761746,7336,0.125817884,0.101281352,5366,0.037458069,0,0,0,0,0,5,0.947085792
107146.84,0.579730107,0.5,6137,37,0.1169,32.8125,34.8125,37.13,0,0,0,0,0,20,0.5,5.5,50,1000,0.1,0.1,0.1,0.1,0.1,0.1,0.5,0,18314,0.053074151,0.019930108,7215,0.128759529,0.104088704,5406,0.037550869,0,0,0,0,0,5,1.313818886
107206.91,0.560974696,0.5,6137,37,0.383825,33,34.8125,36.47,0,0.02,0.25,0,0,20,0.5,5.5,50,1000,0.1,0.1,0.1,0.1,0.1,0.1,0.5,0,17253,0.05581638,0.020402249,7586,0.12536251,0.101239125,5116,0.038506646,0,0,0,0,0,0.44,1.313818886
107266.95,0.514192264,0.5,6137,37,0.570725,33,34.8125,35.69,0,0.02,0.15,0,0,20,0.5,5.5,50,1000,0.1,0.1,0.1,0.1,0.1,0.1,0.5,0,16368,0.055718475,0.02040567,6875,0.127127273,0.101818182,5328,0.037162162,0,0,0,0,0,0.44,1.313818886
107327,0.48002324,0.5,6137,37,0.6666,32.9375,34.875,35.39,0,0.02,0.15,0,0,20,0.5,5.5,50,1000,0.1,0.1,0.1,0.1,0.1,0.1,0.5,0,15901,0.054524873,0.02018741,6703,0.120990601,0.097120692,4918,0.036193575,0,0,0,0,0,0.44,1.313818886
107387.04,0.435851508,0.5,6137,37,0.59615,32.875,34.875,35.99,0,0,0.07,0,0,20,0.5,5.5,50,1000,0.1,0.1,0.1,0.1,0.1,0.1,0.5,0,14966,0.05405586,0.020245891,6454,0.114812519,0.093430431,4657,0.035645265,0,0,0,0,0,5,1.313818886
107447.11,0.455201307,0.5,6137,37,0.2515,33.125,34.875,37.01,0,0,0.07,0,0,20,0.5,5.5,50,1000,0.1,0.1,0.1,0.1,0.1,0.1,0.5,0,15411,0.053468302,0.020245279,6319,0.116632379,0.094160468,4776,0.03538526,0,0,0,0,0,5,1.313818886
107507.15,0.481880453,0.5,6137,37,0.16195,33.25,34.875,37.35,0,0,0.25,0,0,20,0.5,5.5,50,1000,0.1,0.1,0.1,0.1,0.1,0.1,0.5,0,14815,0.054876814,0.020182248,6477,0.115639957,0.093253049,4752,0.035774411,0,0,0,0,0,5,1.313818886
107567.19,0.471241507,0.5,6137,37,0.1196,33.1875,34.875,37.41,0,0,0.07,0,0,20,0.5,5.5,50,1000,0.1,0.1,0.1,0.1,0.1,0.1,0.5,0,14812,0.05515798,0.020253848,6568,0.115864799,0.093788063,4877,0.035472627,0,0,0,0,0,5,1.313818886
107627.24,0.469719067,0.5,6137,37,0.0863,33.1875,34.875,37.53,0,0,0.07,0,0,20,0.5,5.5,50,1000,0.1,0.1,0.1,0.1,0.1,0.1,0.5,0,14984,0.055459156,0.020421783,6463,0.118984991,0.09654959,4863,0.035574748,0,0,0,0,0,5,1.313818886
107687.28,0.481528693,0.5,6137,37,0.089,33.125,34.875,37.37,0,0,0.07,0,0,20,0.5,5.5,50,1000,0.1,0.1,0.1,0.1,0.1,0.1,0.5,0,15114,0.055114463,0.020444621,6585,0.118602885,0.095671982,4921,0.036577931,0,0,0,0,0,5,1.313818886
107747.34,0.497484717,0.5,6137,37,0.1147,33.125,34.8125,37.27,0,0,0.07,0,0,20,0.5,5.5,50,1000,0.1,0.1,0.1,0.1,0.1,0.1,0.5,0,16722,0.052565483,0.019734482,6756,0.117673179,0.095026643,4748,0.036225779,0,0,0,0,0,5,1.345924995
107807.41,0.491544397,0.5,6137,37,0.18885,33.1875,34.875,37.03,0,0,0.25,0,0,20,0.5,5.5,50,1000,0.1,0.1,0.1,0.1,0.1,0.1,0.5,0,15830,0.054453569,0.020151611,6686,0.120400838,0.096918935,4955,0.036326942,0,0,0,0,0,5,1.242591031
107867.46,0.499100608,0.5,6137,37,0.0771,33.1875,34.875,37.41,0,0,0.07,0,0,20,0.5,5.5,50,1000,0.1,0.1,0.1,0.1,0.1,0.1,0.5,0,15851,0.054759952,0.020440351,6619,0.122677142,0.099108627,4755,0.036803365,0,0,0,0,0,5,1.226227769
107927.53,0.513775671,0.5,6137,37,0.1072,33.25,34.8125,37.19,0,0,0.07,0,0,20,0.5,5.5,50,1000,0.1,0.1,0.1,0.1,0.1,0.1,0.5,0,16413,0.0539816,0.020045086,6717,0.122227185,0.098407027,4970,0.036619718,0,0,0,0,0,5,1.251853491
107987.57,0.519299228,0.5,6137,37,0.1645,33.125,34.875,37.11,0,0,0,0,0,20,0.5,5.5,50,1000,0.1,0.1,0.1,0.1,0.1,0.1,0.5,0,15373,0.056527678,0.020685618,6949,0.121168513,0.097855807,4998,0.036214486,0,0,0,0,0,5,1.221341411
108047.65,0.5279254,0.5,6137,37,0.1076,33.0625,34.8125,37.29,0,0,0,0,0,20,0.5,5.5,50,1000,0.1,0.1,0.1,0.1,0.1,0.1,0.5,0,16055,0.055309872,0.020242915,6949,0.121888041,0.098431429,5026,0.036808595,0,0,0,0,0,5,1.209698509
108107.69,0.533151527,0.5,6137,37,0.119,33.0625,34.875,37.13,0,0,0,0,0,20,0.5,5.5,50,1000,0.1,0.1,0.1,0.1,0.1,0.1,0.5,0,15566,0.0562765,0.020878838,7001,0.121839737,0.098557349,5161,0.036814571,0,0,0,0,0,5,1.178765646
108167.74,0.538900173,0.5,6137,37,0.1389,33.125,34.875,37.11,0,0,0,0,0,20,0.5,5.5,50,1000,0.1,0.1,0.1,0.1,0.1,0.1,0.5,0,16340,0.05495716,0.020501836,6886,0.125617194,0.101219866,5028,0.03699284,0,0,0,0,0,5,1.152001381
108227.81,0.541712906,0.5,6137,37,0.1344,33,34.875,36.97,0,0,0,0,0,20,0.5,5.5,50,1000,0.1,0.1,0.1,0.1,0.1,0.1,0.5,0,16765,0.05457799,0.02016105,6964,0.125933372,0.101234922,5148,0.037490287,0,0,0,0,0,5,1.110018776
108287.84,0.568550602,0.5,6137,37,0.1523,32.9375,34.875,37.11,0,0.02,0.15,0,0,20,0.5,5.5,50,1000,0.1,0.1,0.1,0.1,0.1,0.1,0.5,0,16617,0.055485346,0.020400794,6937,0.126711835,0.102205564,5436,0.037711553,0,0,0,0,0,0.44,1.110018776
108347.92,0.502800948,0.5,6137,37,0.47465,32.875,34.9375,36.07,0,0.02,0.15,0,0,20,0.5,5.5,50,1000,0.1,0.1,0.1,0.1,0.1,0.1,0.5,0,15861,0.055355904,0.020616607,6787,0.121261235,0.097686754,5096,0.03689168,0,0,0,0,0,0.44,1.110018776
108407.97,0.446230102,0.5,6137,37,0.362579987,32.8125,34.8125,36.49,0,0.001509386,0.25,0,0,20,0.5,5.5,50,1000,0.1,0.1,0.1,0.1,0.1,0.1,0.5,0,15527,0.053970503,0.019965222,6319,0.117740149,0.095109986,4886,0.035407286,0,0,0,0,0,0.44,1.110018776
108468.02,0.434441342,0.5,6137,37,0.370229987,32.875,34.875,36.53,0,0,0.07,0,0,20,0.5,5.5,50,1000,0.1,0.1,0.1,0.1,0.1,0.1,0.5,0,15506,0.053205211,0.019798788,6510,0.114285714,0.091705069,4763,0.035061936,0,0,0,0,0,5,1.110018776
108528.06,0.448906494,0.5,6137,37,0.1709,33.125,34.875,37.13,0,0,0.07,0,0,20,0.5,5.5,50,1000,0.1,0.1,0.1,0.1,0.1,0.1,0.5,0,14195,0.056569215,0.020852413,6464,0.115563119,0.093131188,4975,0.035175879,0,0,0,0,0,5,1.110018776
108588.1,0.462989277,0.5,6137,37,0.141,33.125,34.875,37.35,0,0,0.07,0,0,20,0.5,5.5,50,1000,0.1,0.1,0.1,0.1,0.1,0.1,0.5,0,15118,0.05457071,0.020505358,6518,0.115219392,0.092973305,4913,0.035212701,0,0,0,0,0,5,1.110018776
108648.17,0.472264967,0.5,6137,37,0.1243,33.1875,34.875,37.19,0,0,0.07,0,0,20,0.5,5.5,50,1000,0.1,0.1,0.1,0.1,0.1,0.1,0.5,0,15218,0.05473781,0.020502037,6391,0.119386637,0.095916132,4766,0.035879144,0,0,0,0,0,5,1.110018776
108708.24,0.475694619,0.5,6137,37,0.14865,33.0625,34.8125,37.21,0,0,0.25,0,0,20,0.5,5.5,50,1000,0.1,0.1,0.1,0.1,0.1,0.1,0.5,0,15162,0.055401662,0.02057776,6456,0.119114002,0.096189591,4830,0.035817805,0,0,0,0,0,5,1.110018776
108768.3,0.489979713,0.5,6137,37,0.1031,33.125,34.875,37.29,0,0,0.07,0,0,20,0.5,5.5,50,1000,0.1,0.1,0.1,0.1,0.1,0.1,0.5,0,15309,0.055261611,0.020249526,6548,0.119120342,0.095907147,4964,0.03626108,0,0,0,0,0,5,1.110018776
108828.35,0.491648973,0.5,6137,37,0.168,33.1875,34.8125,37.17,0,0,0.07,0,0,20,0.5,5.5,50,1000,0.1,0.1,0.1,0.1,0.1,0.1,0.5,0,15625,0.054784,0.020224,6548,0.121105681,0.097434331,5028,0.036197295,0,0,0,0,0,5,1.064720846
108888.47,0.515913267,0.5,6137,37,0.0905,33.125,34.8125,37.13,0,0,0.07,0,0,20,0.5,5.5,50,1000,0.1,0.1,0.1,0.1,0.1,0.1,0.5,0,16401,0.053350405,0.019937809,6677,0.120563127,0.097049573,4870,0.03613963,0,0,0,0,0,5,1.156005824
108948.53,0.509121975,0.5,6137,37,0.1342,33.125,34.875,37.05,0,0,0.07,0,0,20,0.5,5.5,50,1000,0.1,0.1,0.1,0.1,0.1,0.1,0.5,0,15836,0.05506441,0.020396565,6481,0.124980713,0.09998457,4864,0.037212171,0,0,0,0,0,5,1.058452413
109008.6,0.531892952,0.5,6137,37,0.15865,33.125,34.875,37.05,0,0,0.25,0,0,20,0.5,5.5,50,1000,0.1,0.1,0.1,0.1,0.1,0.1,0.5,0,15862,0.05560459,0.02048922,6848,0.120473131,0.097400701,5099,0.03588939,0,0,0,0,0,5,1.136793668
109068.64,0.522273509,0.5,6137,37,0.0837,33,34.8125,37.03,0,0,0,0,0,20,0.5,5.5,50,1000,0.1,0.1,0.1,0.1,0.1,0.1,0.5,0,16050,0.055638629,0.020311526,6670,0.123838081,0.1,5036,0.037132645,0,0,0,0,0,5,1.025201475
109128.68,0.532211715,0.5,6137,37,0.1192,33,34.875,37.03,0,0,0,0,0,20,0.5,5.5,50,1000,0.1,0.1,0.1,0.1,0.1,0.1,0.5,0,15809,0.056297046,0.020621165,6856,0.124562427,0.100204201,4863,0.037836726,0,0,0,0,0,5,1.030491273
109188.73,0.545603927,0.5,6137,37,0.1097,32.9375,34.875,37.03,0,0,0,0,0,20,0.5,5.5,50,1000,0.1,0.1,0.1,0.1,0.1,0.1,0.5,0,16567,0.05480775,0.020402004,6680,0.12754491,0.102245509,5364,0.036726324,0,0,0,0,0,5,1.053522511
109248.77,0.545837448,0.5,6137,37,0.1211,33,34.9375,37.01,0,0.02,0.15,0,0,20,0.5,5.5,50,1000,0.1,0.1,0.1,0.1,0.1,0.1,0.5,0,16038,0.056241427,0.020576132,6802,0.126580418,0.102175831,5149,0.036706157,0,0,0,0,0,0.44,1.053522511
109308.82,0.507443164,0.5,6137,37,0.4253,32.75,34.875,36.37,0,0.02,0.25,0,0,20,0.5,5.5,50,1000,0.1,0.1,0.1,0.1,0.1,0.1,0.5,0,15817,0.05500411,0.020357843,6541,0.121999694,0.099067421,5130,0.036062378,0,0,0,0,0,0.44,1.053522511
109368.86,0.453553395,0.5,6137,37,0.57665,32.625,34.875,35.81,0,0.019906286,0.149625144,0,0,20,0.5,5.5,50,1000,0.1,0.1,0.1,0.1,0.1,0.1,0.5,0,15401,0.053503019,0.019933771,6203,0.117040142,0.094470418,4678,0.035912783,0,0,0,0,0,0.44,1.053522511
109428.9,0.409499576,0.5,6137,37,0.538870029,32.75,34.875,36.29,0,0,0.07,0,0,20,0.5,5.5,50,1000,0.1,0.1,0.1,0.1,0.1,0.1,0.5,0,14630,0.05393028,0.020164046,6187,0.112493939,0.090189106,4540,0.035242291,0,0,0,0,0,5,1.053522511
109488.95,0.441523781,0.5,6137,37,0.246,32.9375,34.875,36.93,0,0,0.07,0,0,20,0.5,5.5,50,1000,0.1,0.1,0.1,0.1,0.1,0.1,0.5,0,14679,0.05381838,0.02030111,6353,0.109869353,0.089249174,4562,0.035729943,0,0,0,0,0,5,1.053522511
109549.01,0.447380313,0.5,6137,37,0.1611,33.125,34.875,37.27,0,0,0.07,0,0,20,0.5,5.5,50,1000,0.1,0.1,0.1,0.1,0.1,0.1,0.5,0,14844,0.053691727,0.020142819,6251,0.112302032,0.090385538,4636,0.03580673,0,0,0,0,0,5,1.053522511
109609.05,0.452067127,0.5,6137,37,0.15235,33.125,34.875,37.29,0,0,0.25,0,0,20,0.5,5.5,50,1000,0.1,0.1,0.1,0.1,0.1,0.1,0.5,0,14493,0.055130063,0.020147657,6271,0.113857439,0.092010844,4591,0.035722065,0,0,0,0,0,5,1.053522511
109669.11,0.453913986,0.5,6137,37,0.0632,33.1875,34.8125,37.43,0,0,0.07,0,0,20,0.5,5.5,50,1000,0.1,0.1,0.1,0.1,0.1,0.1,0.5,0,15342,0.053448051,0.019945248,6374,0.113115783,0.091151553,4650,0.035268817,0,0,0,0,0,5,1.053522511
109729.18,0.479805529,0.5,6137,37,0.0994,33.125,34.875,37.35,0,0,0.07,0,0,20,0.5,5.5,50,1000,0.1,0.1,0.1,0.1,0.1,0.1,0.5,0,15916,0.05271425,0.019477256,6223,0.116021212,0.093845412,4675,0.035294118,0,0,0,0,0,5,1.053522511
109789.26,0.473468764,0.5,6137,37,0.1401,33.125,34.875,37.19,0,0,0.07,0,0,20,0.5,5.5,50,1000,0.1,0.1,0.1,0.1,0.1,0.1,0.5,0,14824,0.054978413,0.020304911,6298,0.116862496,0.094633217,4719,0.035176944,0,0,0,0,0,5,0.96096159
109849.31,0.484450069,0.5,6137,37,0.1155,33.0625,34.8125,37.17,0,0,0.07,0,0,20,0.5,5.5,50,1000,0.1,0.1,0.1,0.1,0.1,0.1,0.5,0,15001,0.055129658,0.020265316,6321,0.118493909,0.09492169,4748,0.035804549,0,0,0,0,0,5,0.981698789
109909.38,0.492543905,0.5,6137,37,0.21705,33,34.8125,36.85,0,0,0.25,0,0,20,0.5,5.5,50,1000,0.1,0.1,0.1,0.1,0.1,0.1,0.5,0,14830,0.055428186,0.020498989,6629,0.116005431,0.093226731,4610,0.035791757,0,0,0,0,0,5,0.982321557
109969.44,0.481706212,0.5,6137,37,0.1345,32.9375,34.875,37.13,0,0,0.07,0,0,20,0.5,5.5,50,1000,0.1,0.1,0.1,0.1,0.1,0.1,0.5,0,15826,0.053898648,0.02003033,6388,0.119599249,0.096274264,4749,0.03579701,0,0,0,0,0,5,0.866457896
110029.49,0.466174541,0.5,6137,37,0.1279,33.0625,34.875,37.27,0,0,0,0,0,20,0.5,5.5,50,1000,0.1,0.1,0.1,0.1,0.1,0.1,0.5,0,15577,0.054888618,0.020222122,6599,0.117896651,0.095014396,5092,0.035545954,0,0,0,0,0,5,0.724812119
110089.53,0.493834184,0.5,6137,37,0.162,33,34.8125,37.09,0,0,0,0,0,20,0.5,5.5,50,1000,0.1,0.1,0.1,0.1,0.1,0.1,0.5,0,15831,0.054576464,0.020403007,6590,0.119575114,0.095751138,4985,0.036509529,0,0,0,0,0,5,0.86149057
110149.61,0.507412186,0.5,6137,37,0.1207,33,34.875,37.13,0,0,0,0,0,20,0.5,5.5,50,1000,0.1,0.1,0.1,0.1,0.1,0.1,0.5,0,16467,0.053561669,0.01979717,6698,0.119737235,0.096297402,4830,0.036438923,0,0,0,0,0,5,0.899787629
110209.66,0.511868179,0.5,6137,37,0.1168,32.9375,34.875,36.93,0,0,0,0,0,20,0.5,5.5,50,1000,0.1,0.1,0.1,0.1,0.1,0.1,0.5,0,15259,0.056032505,0.020512484,6544,0.1224022,0.098716381,5114,0.03676183,0,0,0,0,0,5,0.88102864
110269.7,0.521937512,0.5,6137,37,0.1135,32.875,34.875,37.09,0,0,0,0,0,20,0.5,5.5,50,1000,0.1,0.1,0.1,0.1,0.1,0.1,0.5,0,15660,0.055747126,0.020434227,6587,0.124183999,0.100197358,4897,0.036757198,0,0,0,0,0,5,0.89541944
110329.75,0.533319866,0.5,6137,37,0.1762,32.875,34.9375,37.01,0,0,0,0,0,20,0.5,5.5,50,1000,0.1,0.1,0.1,0.1,0.1,0.1,0.5,0,16778,0.054118488,0.02020503,6624,0.123943237,0.100241546,5137,0.036791902,0,0,0,0,0,5,0.915368954
110389.79,0.539285885,0.5,6137,37,0.0696,32.875,34.9375,37.25,0,0,0,0,0,20,0.5,5.5,50,1000,0.1,0.1,0.1,0.1,0.1,0.1,0.5,0,16807,0.054025109,0.020229666,6760,0.123224852,0.099556213,5194,0.03638814,0,0,0,0,0,5,0.902973893
110449.84,0.528127833,0.5,6137,37,0.1437,32.8125,34.875,36.93,0,0,0,0,0,20,0.5,5.5,50,1000,0.1,0.1,0.1,0.1,0.1,0.1,0.5,0,16319,0.055334273,0.02046694,6828,0.123901582,0.100175747,5037,0.037323804,0,0,0,0,0,5,0.795102797
110509.91,0.546232011,0.5,6137,37,0.1151,32.875,34.875,37.01,0,0,0,0,0,20,0.5,5.5,50,1000,0.1,0.1,0.1,0.1,0.1,0.1,0.5,0,16567,0.055230277,0.020281282,7008,0.122716895,0.09902968,4954,0.037343561,0,0,0,0,0,5,0.85646401
110569.96,0.536499261,0.5,6137,37,0.1418,32.75,34.875,36.71,0,0,0,0,0,20,0.5,5.5,50,1000,0.1,0.1,0.1,0.1,0.1,0.1,0.5,0,16387,0.055836944,0.02038201,6901,0.126068686,0.101579481,5040,0.037896825,0,0,0,0,0,5,0.75970492
110630.01,0.549537426,0.5,6137,37,0.1595,32.875,34.875,36.87,0,0,0,0,0,20,0.5,5.5,50,1000,0.1,0.1,0.1,0.1,0.1,0.1,0.5,0,16719,0.055505712,0.020515581,6871,0.12734682,0.102459613,5288,0.036875946,0,0,0,0,0,5,0.793754766
110690.09,0.55928533,0.5,6137,37,0.133,32.875,34.8125,36.97,0,0.02,0.15,0,0,20,0.5,5.5,50,1000,0.1,0.1,0.1,0.1,0.1,0.1,0.5,0,16830,0.05597148,0.020261438,7044,0.12677456,0.102072686,5228,0.036916603,0,0,0,0,0,0.44,0.793754766
110750.15,0.533133193,0.5,6137,37,0.426175,32.75,34.875,36.29,0,0.02,0.15,0,0,20,0.5,5.5,50,1000,0.1,0.1,0.1,0.1,0.1,0.1,0.5,0,16609,0.05484978,0.020290204,6934,0.123017018,0.099221229,5120,0.037304688,0,0,0,0,0,0.44,0.793754766
110810.18,0.495700575,0.5,6137,37,0.518825,32.625,34.8125,36.05,0,0.02,0.25,0,0,20,0.5,5.5,50,1000,0.1,0.1,0.1,0.1,0.1,0.1,0.5,0,14844,0.056588521,0.02061439,6574,0.118953453,0.095223608,4976,0.036173633,0,0,0,0,0,0.44,0.793754766
110870.24,0.441322735,0.5,6137,37,0.550275,32.625,34.8125,35.93,0,0,0.07,0,0,20,0.5,5.5,50,1000,0.1,0.1,0.1,0.1,0.1,0.1,0.5,0,14899,0.054298946,0.020336935,6276,0.114404079,0.091778203,4814,0.035729123,0,0,0,0,0,5,0.793754766
110930.29,0.426148791,0.5,6137,37,0.3129,33,34.8125,36.89,0,0,0.07,0,0,20,0.5,5.5,50,1000,0.1,0.1,0.1,0.1,0.1,0.1,0.5,0,14733,0.054774995,0.020498201,6406,0.112862941,0.090852326,4610,0.035574837,0,0,0,0,0,5,0.793754766
110990.33,0.447776917,0.5,6137,37,0.1645,32.9375,34.8125,37.21,0,0,0.07,0,0,20,0.5,5.5,50,1000,0.1,0.1,0.1,0.1,0.1,0.1,0.5,0,14738,0.054756412,0.020491247,6378,0.113828786,0.091878332,4644,0.035099053,0,0,0,0,0,5,0.793754766
111050.38,0.462090219,0.5,6137,37,0.1378,33.0625,34.8125,37.19,0,0,0.07,0,0,20,0.5,5.5,50,1000,0.1,0.1,0.1,0.1,0.1,0.1,0.5,0,14881,0.054969424,0.020227135,6335,0.115232833,0.092975533,4692,0.036018755,0,0,0,0,0,5,0.793754766
111110.43,0.460889645,0.5,6137,37,0.16415,33.125,34.75,37.19,0,0,0.25,0,0,20,0.5,5.5,50,1000,0.1,0.1,0.1,0.1,0.1,0.1,0.5,0,15324,0.054228661,0.020229705,6384,0.116384712,0.093671679,4580,0.036462882,0,0,0,0,0,5,0.793754766
111170.54,0.467008104,0.5,6137,37,0.1401,33.0625,34.8125,37.13,0,0,0.07,0,0,20,0.5,5.5,50,1000,0.1,0.1,0.1,0.1,0.1,0.1,0.5,0,15037,0.055529693,0.020349804,6298,0.118926643,0.096062242,4793,0.035677029,0,0,0,0,0,5,0.793754766
111230.59,0.482228941,0.5,6137,37,0.0952,33,34.8125,37.27,0,0,0.07,0,0,20,0.5,5.5,50,1000,0.1,0.1,0.1,0.1,0.1,0.1,0.5,0,14669,0.056513736,0.020928489,6545,0.117035905,0.094117647,5011,0.036320096,0,0,0,0,0,5,0.850284146
111290.66,0.48682414,0.5,6137,37,0.077,33.125,34.8125,37.41,0,0,0.07,0,0,20,0.5,5.5,50,1000,0.1,0.1,0.1,0.1,0.1,0.1,0.5,0,14486,0.0572967,0.021192876,6480,0.119135802,0.095987654,4981,0.036338085,0,0,0,0,0,5,0.836221837
111350.73,0.476620253,0.5,6137,37,0.2005,33.125,34.875,36.93,0,0,0.07,0,0,20,0.5,5.5,50,1000,0.1,0.1,0.1,0.1,0.1,0.1,0.5,0,15130,0.055981494,0.020489095,6795,0.116997792,0.094628403,4933,0.035880803,0,0,0,0,0,5,0.730862072
111410.77,0.499380254,0.5,6137,37,0.20785,33.125,34.875,36.87,0,0,0.25,0,0,20,0.5,5.5,50,1000,0.1,0.1,0.1,0.1,0.1,0.1,0.5,0,16671,0.053925979,0.019734869,6659,0.119387295,0.096711218,5047,0.036655439,0,0,0,0,0,5,0.834262308
111470.83,0.514497279,0.5,6137,37,0.1303,33.0625,34.875,37.03,0,0,0,0,0,20,0.5,5.5,50,1000,0.1,0.1,0.1,0.1,0.1,0.1,0.5,0,16714,0.053488094,0.020102908,6627,0.121321865,0.0979327,5103,0.035665295,0,0,0,0,0,5,0.882016477
111530.91,0.509783727,0.5,6137,37,0.0707,33.0625,34.875,37.05,0,0,0,0,0,20,0.5,5.5,50,1000,0.1,0.1,0.1,0.1,0.1,0.1,0.5,0,16055,0.055247586,0.020367487,6602,0.12344744,0.099363829,5255,0.035775452,0,0,0,0,0,5,0.810304567
111590.98,0.52300824,0.5,6137,37,0.1271,32.9375,34.8125,36.89,0,0,0,0,0,20,0.5,5.5,50,1000,0.1,0.1,0.1,0.1,0.1,0.1,0.5,0,15428,0.056715064,0.020741509,6679,0.123521485,0.099865249,5056,0.037183544,0,0,0,0,0,5,0.846621287
111651.05,0.523945553,0.5,6137,37,0.2083,33,34.875,36.93,0,0,0,0,0,20,0.5,5.5,50,1000,0.1,0.1,0.1,0.1,0.1,0.1,0.5,0,15596,0.057130033,0.020710439,6913,0.122233473,0.098076089,4884,0.037264537,0,0,0,0,0,5,0.809661881
111711.13,0.528530575,0.5,6137,37,0.1474,33,34.8125,36.93,0,0,0,0,0,20,0.5,5.5,50,1000,0.1,0.1,0.1,0.1,0.1,0.1,0.5,0,15923,0.056396408,0.020913145,6880,0.12369186,0.099563953,4999,0.037007401,0,0,0,0,0,5,0.795317434
111771.19,0.542522291,0.5,6137,37,0.1129,32.9375,34.8125,37.03,0,0,0,0,0,20,0.5,5.5,50,1000,0.1,0.1,0.1,0.1,0.1,0.1,0.5,0,16228,0.056384028,0.020520089,7015,0.123449751,0.099073414,5038,0.036919412,0,0,0,0,0,5,0.83393712
111831.26,0.538273223,0.5,6137,37,0.127,32.9375,34.8125,37.17,0,0,0,0,0,20,0.5,5.5,50,1000,0.1,0.1,0.1,0.1,0.1,0.1,0.5,0,16705,0.055432505,0.020293325,7136,0.122897982,0.098934978,5284,0.037093111,0,0,0,0,0,5,0.768651582
111891.3,0.557821446,0.5,6137,37,0.1252,32.9375,34.8125,37.19,0,0,0,0,0,20,0.5,5.5,50,1000,0.1,0.1,0.1,0.1,0.1,0.1,0.5,0,16606,0.056064073,0.020715404,7022,0.125462831,0.101110795,5095,0.037095191,0,0,0,0,0,5,0.83723693
111951.34,0.545649029,0.5,6137,37,0.1587,32.9375,34.8125,36.95,0,0.02,0.15,0,0,20,0.5,5.5,50,1000,0.1,0.1,0.1,0.1,0.1,0.1,0.5,0,15673,0.058125439,0.02124673,7263,0.124466474,0.100509431,5157,0.037037037,0,0,0,0,0,0.44,0.83723693
112011.39,0.508065872,0.5,6137,37,0.613025,32.8125,34.8125,35.51,0,0.02,0.25,0,0,20,0.5,5.5,50,1000,0.1,0.1,0.1,0.1,0.1,0.1,0.5,0,16546,0.054514686,0.02036746,6775,0.121476015,0.098450185,4994,0.036643973,0,0,0,0,0,0.44,0.83723693
112071.43,0.475812242,0.5,6137,37,0.519275,32.6875,34.75,36.01,0,0.02,0.15,0,0,20,0.5,5.5,50,1000,0.1,0.1,0.1,0.1,0.1,0.1,0.5,0,15457,0.054667788,0.020443812,6401,0.117637869,0.094828933,4740,0.035443038,0,0,0,0,0,0.44,0.83723693
112131.49,0.436352274,0.5,6137,37,0.578,32.625,34.8125,35.91,0,0,0.07,0,0,20,0.5,5.5,50,1000,0.1,0.1,0.1,0.1,0.1,0.1,0.5,0,14660,0.053751705,0.02005457,6195,0.112187248,0.09023406,4663,0.034956037,0,0,0,0,0,5,0.83723693
112191.56,0.394881717,0.5,6137,37,0.1914,33.0625,34.8125,36.97,0,0,0.07,0,0,20,0.5,5.5,50,1000,0.1,0.1,0.1,0.1,0.1,0.1,0.5,0,14868,0.053605058,0.019908528,6061,0.113512622,0.091734037,4685,0.034791889,0,0,0,0,0,5,0.83723693
112251.63,0.448158876,0.5,6137,37,0.1438,33.125,34.8125,37.27,0,0,0.07,0,0,20,0.5,5.5,50,1000,0.1,0.1,0.1,0.1,0.1,0.1,0.5,0,14778,0.05393152,0.019962106,6060,0.114686469,0.092409241,4688,0.035196246,0,0,0,0,0,5,0.83723693
112311.7,0.420235194,0.5,6137,37,0.12245,33.1875,34.8125,37.43,0,0,0.25,0,0,20,0.5,5.5,50,1000,0.1,0.1,0.1,0.1,0.1,0.1,0.5,0,14730,0.054650373,0.020230821,6334,0.112882854,0.091095674,4649,0.034846203,0,0,0,0,0,5,0.83723693
112371.76,0.422956405,0.5,6137,37,0.0842,33.3125,34.875,37.43,0,0,0.07,0,0,20,0.5,5.5,50,1000,0.1,0.1,0.1,0.1,0.1,0.1,0.5,0,14929,0.054591734,0.020162101,6272,0.114477041,0.092793367,4591,0.035068613,0,0,0,0,0,5,0.83723693
112431.82,0.418587423,0.5,6137,37,0.1499,33.25,34.875,37.25,0,0,0.07,0,0,20,0.5,5.5,50,1000,0.1,0.1,0.1,0.1,0.1,0.1,0.5,0,15230,0.053906763,0.019763624,6466,0.114135478,0.092638416,4661,0.035400129,0,0,0,0,0,5,0.83723693
112491.88,0.438950061,0.5,6137,37,0.1183,33.1875,34.8125,37.25,0,0,0.07,0,0,20,0.5,5.5,50,1000,0.1,0.1,0.1,0.1,0.1,0.1,0.5,0,15183,0.05460054,0.020088257,6547,0.113639835,0.091645028,4802,0.036234902,0,0,0,0,0,5,0.937874743
112551.95,0.444532029,0.5,6137,37,0.127,33.3125,34.875,37.29,0,0,0.07,0,0,20,0.5,5.5,50,1000,0.1,0.1,0.1,0.1,0.1,0.1,0.5,0,15374,0.054832835,0.020163913,6400,0.11671875,0.094375,4864,0.036184211,0,0,0,0,0,5,0.928890378
112612.02,0.457427766,0.5,6137,37,0.12255,33.125,34.8125,37.27,0,0,0.25,0,0,20,0.5,5.5,50,1000,0.1,0.1,0.1,0.1,0.1,0.1,0.5,0,16007,0.053726495,0.020241144,6501,0.117058914,0.094754653,4684,0.035866781,0,0,0,0,0,5,0.968236483
112672.08,0.415845504,0.5,6137,37,0.145,33.125,34.8125,37.25,0,0,0.07,0,0,20,0.5,5.5,50,1000,0.1,0.1,0.1,0.1,0.1,0.1,0.5,0,15940,0.054015056,0.019887077,6506,0.119120812,0.096218875,4659,0.036273879,0,0,0,0,0,5,0.633909132
112732.12,0.44527903,0.5,6137,37,0.0757,33.125,34.8125,37.17,0,0,0,0,0,20,0.5,5.5,50,1000,0.1,0.1,0.1,0.1,0.1,0.1,0.5,0,15067,0.05601646,0.020707506,6635,0.119065561,0.096156745,4787,0.035930645,0,0,0,0,0,5,0.80737561
112792.19,0.457203341,0.5,6137,37,0.0814,33.0625,34.8125,37.17,0,0,0,0,0,20,0.5,5.5,50,1000,0.1,0.1,0.1,0.1,0.1,0.1,0.5,0,15621,0.054990077,0.020485244,6617,0.120749584,0.096720568,5038,0.036323938,0,0,0,0,0,5,0.846288189
112852.23,0.441015359,0.5,6137,37,0.1829,33.1875,34.8125,37.09,0,0,0,0,0,20,0.5,5.5,50,1000,0.1,0.1,0.1,0.1,0.1,0.1,0.5,0,16282,0.054293084,0.019899275,6710,0.121013413,0.097466468,5184,0.03587963,0,0,0,0,0,5,0.695828173
112912.3,0.436890693,0.5,6137,37,0.1381,33.125,34.8125,37.09,0,0,0,0,0,20,0.5,5.5,50,1000,0.1,0.1,0.1,0.1,0.1,0.1,0.5,0,15898,0.055541578,0.020631526,6842,0.120578778,0.097193803,5003,0.036977813,0,0,0,0,0,5,0.632846755
112972.38,0.456540302,0.5,6137,37,0.1422,33.125,34.8125,37.13,0,0,0,0,0,20,0.5,5.5,50,1000,0.1,0.1,0.1,0.1,0.1,0.1,0.5,0,16946,0.054113065,0.019886699,6652,0.124323512,0.100420926,5050,0.036435644,0,0,0,0,0,5,0.733186261
113032.42,0.46351389,0.5,6137,37,0.1086,33.125,34.8125,37.05,0,0,0,0,0,20,0.5,5.5,50,1000,0.1,0.1,0.1,0.1,0.1,0.1,0.5,0,16465,0.054722138,0.020346189,6803,0.123474938,0.099367926,4980,0.037550201,0,0,0,0,0,5,0.74200506
113092.51,0.478150532,0.5,6137,37,0.1344,33.0625,34.8125,37.01,0,0,0,0,0,20,0.5,5.5,50,1000,0.1,0.1,0.1,0.1,0.1,0.1,0.5,0,16440,0.055109489,0.020559611,6956,0.122915469,0.098907418,5281,0.036924825,0,0,0,0,0,5,0.798172559
113152.65,0.536479097,0.5,6137,37,0.1623,33,34.875,36.85,0,0,0,0,0,20,0.5,5.5,50,1000,0.1,0.1,0.1,0.1,0.1,0.1,0.5,0,16224,0.055843195,0.020710059,6835,0.125676664,0.101243599,4889,0.037430967,0,0,0,0,0,5,1.103569921
113212.73,0.538205564,0.5,6137,37,0.1084,32.9375,34.8125,37.09,0,0,0,0,0,20,0.5,5.5,50,1000,0.1,0.1,0.1,0.1,0.1,0.1,0.5,0,16614,0.055736126,0.020765619,6874,0.126418388,0.10197847,5138,0.037368626,0,0,0,0,0,5,1.058030358
113272.81,0.557677068,0.5,6137,37,0.1422,32.875,34.875,36.85,0,0,0,0,0,20,0.5,5.5,50,1000,0.1,0.1,0.1,0.1,0.1,0.1,0.5,0,15893,0.057132071,0.0208897,6818,0.129070109,0.103696099,5180,0.037837838,0,0,0,0,0,5,1.111747302
113332.9,0.551746479,0.5,6137,37,0.083,32.875,34.875,37.05,0,0.02,0.15,0,0,20,0.5,5.5,50,1000,0.1,0.1,0.1,0.1,0.1,0.1,0.5,0,16267,0.056925063,0.020962685,7027,0.127223566,0.102604241,5186,0.037601234,0,0,0,0,0,0.44,1.111747302
113392.96,0.480668325,0.5,6137,37,0.48215,32.75,34.875,35.93,0,0.016730435,0.136921739,0,0,20,0.5,5.5,50,1000,0.1,0.1,0.1,0.1,0.1,0.1,0.5,0,15663,0.056247207,0.020558003,6727,0.122937416,0.098706704,5051,0.035834488,0,0,0,0,0,0.44,1.111747302
113453.03,0.46584789,0.5,6137,37,0.529726521,32.6875,34.875,35.93,0,0.017751198,0.141004792,0,0,20,0.5,5.5,50,1000,0.1,0.1,0.1,0.1,0.1,0.1,0.5,0,15049,0.055485414,0.020466476,6527,0.118737552,0.095143251,4783,0.035960694,0,0,0,0,0,0.44,1.111747302
113513.08,0.430253587,0.5,6137,37,0.490194863,32.8125,34.875,36.07,0,0,0.25,0,0,20,0.5,5.5,50,1000,0.1,0.1,0.1,0.1,0.1,0.1,0.5,0,14835,0.053926525,0.020357263,6201,0.114013869,0.091920658,4546,0.034975803,0,0,0,0,0,5,1.111747302
113573.12,0.424112506,0.5,6137,37,0.2271,32.9375,34.875,36.93,0,0,0.07,0,0,20,0.5,5.5,50,1000,0.1,0.1,0.1,0.1,0.1,0.1,0.5,0,14065,0.056238891,0.020831852,6097,0.115630638,0.093652616,4826,0.035018649,0,0,0,0,0,5,1.111747302
113633.19,0.425445009,0.5,6137,37,0.1496,33.125,34.8125,37.49,0,0,0.07,0,0,20,0.5,5.5,50,1000,0.1,0.1,0.1,0.1,0.1,0.1,0.5,0,14639,0.054990095,0.02015165,6528,0.112132353,0.091605392,5202,0.036139946,0,0,0,0,0,5,1.111747302
113693.22,0.436391892,0.5,6137,37,0.1149,33.125,34.8125,37.29,0,0,0.07,0,0,20,0.5,5.5,50,1000,0.1,0.1,0.1,0.1,0.1,0.1,0.5,0,15391,0.053667728,0.020141641,6367,0.114025444,0.092194126,4610,0.035574837,0,0,0,0,0,5,1.111747302
113753.29,0.459002422,0.5,6137,37,0.1556,33.125,34.75,37.33,0,0,0.07,0,0,20,0.5,5.5,50,1000,0.1,0.1,0.1,0.1,0.1,0.1,0.5,0,15330,0.054664057,0.02035225,6199,0.118406195,0.095499274,4613,0.036635595,0,0,0,0,0,5,1.111747302
113813.36,0.462499736,0.5,6137,37,0.0992,33.1875,34.8125,37.51,0,0,0.25,0,0,20,0.5,5.5,50,1000,0.1,0.1,0.1,0.1,0.1,0.1,0.5,0,15136,0.054637949,0.020414905,6309,0.118560786,0.094943731,4723,0.035570612,0,0,0,0,0,5,1.111747302
113873.41,0.474214996,0.5,6137,37,0.1455,33.125,34.875,37.21,0,0,0.07,0,0,20,0.5,5.5,50,1000,0.1,0.1,0.1,0.1,0.1,0.1,0.5,0,15120,0.05515873,0.02010582,6393,0.118880025,0.095729704,4909,0.035852516,0,0,0,0,0,5,1.131204371
113933.48,0.472966283,0.5,6137,37,0.151,33.0625,34.8125,37.17,0,0,0.07,0,0,20,0.5,5.5,50,1000,0.1,0.1,0.1,0.1,0.1,0.1,0.5,0,16300,0.053006135,0.019815951,6640,0.116415663,0.093975904,5093,0.035538975,0,0,0,0,0,5,1.06673407
113993.55,0.46685409,0.5,6137,37,0.1441,33.125,34.8125,37.29,0,0,0.07,0,0,20,0.5,5.5,50,1000,0.1,0.1,0.1,0.1,0.1,0.1,0.5,0,15733,0.054280811,0.020021611,6710,0.116393443,0.094336811,4677,0.035279025,0,0,0,0,0,5,0.974375362
114053.62,0.488987661,0.5,6137,37,0.1148,33.0625,34.8125,37.05,0,0,0.07,0,0,20,0.5,5.5,50,1000,0.1,0.1,0.1,0.1,0.1,0.1,0.5,0,15267,0.05561014,0.020567237,6593,0.119824056,0.096162597,4737,0.036943213,0,0,0,0,0,5,1.064618057
114113.66,0.503318745,0.5,6137,37,0.054,33.0625,34.875,37.19,0,0,0,0,0,20,0.5,5.5,50,1000,0.1,0.1,0.1,0.1,0.1,0.1,0.5,0,15189,0.055961551,0.020672855,6555,0.12173913,0.097940503,4852,0.036273702,0,0,0,0,0,5,1.09804636
114173.7,0.494109771,0.5,6137,37,0.1422,33,34.8125,37.09,0,0,0,0,0,20,0.5,5.5,50,1000,0.1,0.1,0.1,0.1,0.1,0.1,0.5,0,15045,0.056829511,0.020937188,6628,0.122208811,0.098370549,4879,0.036687846,0,0,0,0,0,5,0.987746172
114233.76,0.491613866,0.5,6137,37,0.151,33.0625,34.9375,36.93,0,0,0,0,0,20,0.5,5.5,50,1000,0.1,0.1,0.1,0.1,0.1,0.1,0.5,0,16258,0.054803789,0.0202977,6938,0.11934275,0.09671375,4938,0.036654516,0,0,0,0,0,5,0.923166508
114293.83,0.520164183,0.5,6137,37,0.0912,32.9375,34.9375,37.01,0,0,0,0,0,20,0.5,5.5,50,1000,0.1,0.1,0.1,0.1,0.1,0.1,0.5,0,16110,0.054996896,0.020484171,6603,0.124640315,0.100257459,4962,0.03688029,0,0,0,0,0,5,1.046360929
114353.87,0.524231284,0.5,6137,37,0.1438,33,34.875,37.13,0,0,0,0,0,20,0.5,5.5,50,1000,0.1,0.1,0.1,0.1,0.1,0.1,0.5,0,16114,0.055727938,0.020417029,6673,0.124681553,0.100704331,5087,0.036367211,0,0,0,0,0,5,1.017408292
114413.92,0.517985789,0.5,6137,37,0.099,33,34.875,37.05,0,0,0,0,0,20,0.5,5.5,50,1000,0.1,0.1,0.1,0.1,0.1,0.1,0.5,0,16431,0.05568742,0.02038829,6679,0.126515946,0.101961371,4991,0.037467441,0,0,0,0,0,5,0.930582399
114474,0.533199673,0.5,6137,37,0.1402,32.9375,34.875,36.89,0,0,0,0,0,20,0.5,5.5,50,1000,0.1,0.1,0.1,0.1,0.1,0.1,0.5,0,16492,0.055360175,0.020373514,6794,0.126582278,0.102001766,5091,0.036927912,0,0,0,0,0,5,0.970897778
114534.05,0.544044957,0.5,6137,37,0.1231,32.9375,34.8125,37.11,0,0,0,0,0,20,0.5,5.5,50,1000,0.1,0.1,0.1,0.1,0.1,0.1,0.5,0,16721,0.055379463,0.020572932,6892,0.126233314,0.101857226,5105,0.037022527,0,0,0,0,0,5,0.982760623
114594.09,0.563106115,0.5,6137,37,0.1846,32.9375,34.8125,36.95,0,0.02,0.15,0,0,20,0.5,5.5,50,1000,0.1,0.1,0.1,0.1,0.1,0.1,0.5,0,16601,0.055719535,0.020360219,6913,0.125994503,0.101981773,5232,0.036888379,0,0,0,0,0,0.44,0.982760623
114654.16,0.485600296,0.5,6137,37,0.528375,32.75,34.8125,36.13,0,0.018515098,0.144060391,0,0,20,0.5,5.5,50,1000,0.1,0.1,0.1,0.1,0.1,0.1,0.5,0,15266,0.056792873,0.020830604,6564,0.121876904,0.098110908,4987,0.035893323,0,0,0,0,0,0.44,0.982760623
114714.22,0.451208792,0.5,6137,37,0.535603819,32.8125,34.8125,36.07,0,0,0.25,0,0,20,0.5,5.5,50,1000,0.1,0.1,0.1,0.1,0.1,0.1,0.5,0,14611,0.05571145,0.020464034,6216,0.117760618,0.094916345,4858,0.034993825,0,0,0,0,0,5,0.982760623
114774.26,0.446767424,0.5,6137,37,0.2079,32.875,34.8125,36.93,0,0,0.07,0,0,20,0.5,5.5,50,1000,0.1,0.1,0.1,0.1,0.1,0.1,0.5,0,15078,0.05471548,0.020294469,6343,0.11745231,0.09443481,4804,0.036427977,0,0,0,0,0,5,0.982760623
114834.33,0.444555503,0.5,6137,37,0.1416,33.0625,34.8125,37.35,0,0,0.07,0,0,20,0.5,5.5,50,1000,0.1,0.1,0.1,0.1,0.1,0.1,0.5,0,15081,0.055036138,0.020224123,6250,0.11968,0.096,4694,0.036642522,0,0,0,0,0,5,0.982760623
114894.4,0.463054142,0.5,6137,37,0.1037,33.125,34.8125,37.33,0,0,0.07,0,0,20,0.5,5.5,50,1000,0.1,0.1,0.1,0.1,0.1,0.1,0.5,0,15187,0.055112926,0.020214657,6341,0.119381801,0.09588393,4854,0.03605274,0,0,0,0,0,5,0.982760623
114954.48,0.481118898,0.5,6137,37,0.0864,33.125,34.75,37.37,0,0,0.07,0,0,20,0.5,5.5,50,1000,0.1,0.1,0.1,0.1,0.1,0.1,0.5,0,15177,0.055808131,0.020425644,6544,0.117665037,0.094896088,4708,0.036958369,0,0,0,0,0,5,0.982760623
115014.55,0.483480228,0.5,6137,37,0.1236,33.1875,34.875,37.17,0,0,0.25,0,0,20,0.5,5.5,50,1000,0.1,0.1,0.1,0.1,0.1,0.1,0.5,0,15760,0.055076142,0.02036802,6329,0.122294201,0.098593775,5132,0.036048324,0,0,0,0,0,5,0.982760623
115074.61,0.491031622,0.5,6137,37,0.1367,33.0625,34.875,37.21,0,0,0.07,0,0,20,0.5,5.5,50,1000,0.1,0.1,0.1,0.1,0.1,0.1,0.5,0,15641,0.055303369,0.020586919,6579,0.120079039,0.096367229,4905,0.036085627,0,0,0,0,0,5,0.980116917
115134.64,0.499256923,0.5,6137,37,0.1746,33,34.875,36.95,0,0,0.07,0,0,20,0.5,5.5,50,1000,0.1,0.1,0.1,0.1,0.1,0.1,0.5,0,15427,0.056653918,0.020678032,6556,0.122483221,0.098688225,4985,0.036509529,0,0,0,0,0,5,0.980948006
115194.74,0.510605719,0.5,6137,37,0.1504,33,34.875,36.97,0,0,0.07,0,0,20,0.5,5.5,50,1000,0.1,0.1,0.1,0.1,0.1,0.1,0.5,0,16139,0.055021996,0.020137555,6642,0.121499548,0.098012647,4989,0.036279816,0,0,0,0,0,5,0.999331204
115254.81,0.520421735,0.5,6137,37,0.0758,33.0625,34.875,37.25,0,0,0.07,0,0,20,0.5,5.5,50,1000,0.1,0.1,0.1,0.1,0.1,0.1,0.5,0,15647,0.056304723,0.020451205,6845,0.120087655,0.097297297,4876,0.036915505,0,0,0,0,0,5,1.00649006
115314.84,0.515070748,0.5,6137,37,0.1154,33,34.875,37.13,0,0,0,0,0,20,0.5,5.5,50,1000,0.1,0.1,0.1,0.1,0.1,0.1,0.5,0,16591,0.054849015,0.020372491,6643,0.124040343,0.099804305,5103,0.036449148,0,0,0,0,0,5,0.92515982
115374.89,0.517441068,0.5,6137,37,0.1365,32.9375,34.8125,37.13,0,0,0,0,0,20,0.5,5.5,50,1000,0.1,0.1,0.1,0.1,0.1,0.1,0.5,0,15288,0.057823129,0.02099686,6677,0.125655234,0.100644002,5278,0.036377416,0,0,0,0,0,5,0.892675951
115434.93,0.526045509,0.5,6137,37,0.1306,32.9375,34.875,36.93,0,0,0,0,0,20,0.5,5.5,50,1000,0.1,0.1,0.1,0.1,0.1,0.1,0.5,0,16802,0.05505297,0.020473753,7107,0.121007457,0.097509498,4944,0.03802589,0,0,0,0,0,5,0.897518417
115494.98,0.53786197,0.5,6137,37,0.1697,32.9375,34.8125,36.89,0,0,0,0,0,20,0.5,5.5,50,1000,0.1,0.1,0.1,0.1,0.1,0.1,0.5,0,16107,0.056869684,0.020736326,6828,0.125805507,0.101493849,5179,0.037652056,0,0,0,0,0,5,0.919285212
115555.05,0.522044197,0.5,6137,37,0.1538,32.9375,34.875,37.01,0,0,0,0,0,20,0.5,5.5,50,1000,0.1,0.1,0.1,0.1,0.1,0.1,0.5,0,15876,0.057886117,0.021101033,7126,0.12349144,0.099635139,4939,0.037254505,0,0,0,0,0,5,0.783771812
115615.1,0.533508816,0.5,6137,37,0.0875,32.9375,34.875,37.13,0,0,0,0,0,20,0.5,5.5,50,1000,0.1,0.1,0.1,0.1,0.1,0.1,0.5,0,17054,0.055764044,0.020288495,6806,0.128856891,0.104172789,5163,0.03680031,0,0,0,0,0,5,0.809753246
115675.17,0.545626222,0.5,6137,37,0.189,32.9375,34.8125,36.95,0,0,0,0,0,20,0.5,5.5,50,1000,0.1,0.1,0.1,0.1,0.1,0.1,0.5,0,16552,0.057274045,0.020964234,6897,0.128896622,0.103958243,5130,0.037426901,0,0,0,0,0,5,0.836641298
115735.21,0.541355691,0.5,6137,37,0.1693,32.9375,34.875,37.03,0,0.02,0.15,0,0,20,0.5,5.5,50,1000,0.1,0.1,0.1,0.1,0.1,0.1,0.5,0,16562,0.057118705,0.020891197,6954,0.128846707,0.104256543,5097,0.037473023,0,0,0,0,0,0.44,0.836641298
115795.24,0.480454946,0.5,6137,37,0.46265,32.75,34.875,35.89,0,0.015667626,0.132670505,0,0,20,0.5,5.5,50,1000,0.1,0.1,0.1,0.1,0.1,0.1,0.5,0,16105,0.055821174,0.020614716,6741,0.122237057,0.098205014,5032,0.036168521,0,0,0,0,0,0.44,0.836641298
115855.3,0.464878326,0.5,6137,37,0.538056602,32.6875,34.875,36.05,0,0.013995689,0.125982756,0,0,20,0.5,5.5,50,1000,0.1,0.1,0.1,0.1,0.1,0.1,0.5,0,15029,0.056623861,0.020759864,6407,0.120024973,0.096144842,4653,0.036535568,0,0,0,0,0,0.44,0.836641298
115915.35,0.458399911,0.5,6137,37,0.43070781,32.875,34.8125,36.65,0,0,0.25,0,0,20,0.5,5.5,50,1000,0.1,0.1,0.1,0.1,0.1,0.1,0.5,0,15069,0.05527905,0.020638397,6319,0.11726539,0.094318721,4519,0.035848639,0,0,0,0,0,5,0.836641298
115975.38,0.476886953,0.5,6137,37,0.153,33,34.875,37.37,0,0,0.07,0,0,20,0.5,5.5,50,1000,0.1,0.1,0.1,0.1,0.1,0.1,0.5,0,15337,0.055160722,0.020342961,6269,0.11883873,0.095549529,4732,0.036559594,0,0,0,0,0,5,0.836641298
116035.45,0.471694613,0.5,6137,37,0.093,33.125,34.875,37.45,0,0,0.07,0,0,20,0.5,5.5,50,1000,0.1,0.1,0.1,0.1,0.1,0.1,0.5,0,15239,0.055712317,0.020473784,6536,0.115820073,0.09378825,4641,0.035983624,0,0,0,0,0,5,0.836641298
116095.52,0.482206665,0.5,6137,37,0.0918,33.25,34.8125,37.33,0,0,0.07,0,0,20,0.5,5.5,50,1000,0.1,0.1,0.1,0.1,0.1,0.1,0.5,0,15807,0.054659328,0.020117669,6483,0.118926423,0.095943236,4799,0.036049177,0,0,0,0,0,5,0.836641298
116155.59,0.487652073,0.5,6137,37,0.1113,33.1875,34.8125,37.05,0,0,0.07,0,0,20,0.5,5.5,50,1000,0.1,0.1,0.1,0.1,0.1,0.1,0.5,0,15368,0.055700156,0.020692348,6455,0.120371805,0.096669249,4832,0.036009934,0,0,0,0,0,5,0.836641298
116215.66,0.490706836,0.5,6137,37,0.1462,33.0625,34.875,37.21,0,0,0.25,0,0,20,0.5,5.5,50,1000,0.1,0.1,0.1,0.1,0.1,0.1,0.5,0,15178,0.056858611,0.021017262,6612,0.119630974,0.096339988,4945,0.036400404,0,0,0,0,0,5,0.836641298
116275.69,0.515705983,0.5,6137,37,0.1611,33.0625,34.8125,37.29,0,0,0.07,0,0,20,0.5,5.5,50,1000,0.1,0.1,0.1,0.1,0.1,0.1,0.5,0,15183,0.05690575,0.020681025,6772,0.118724158,0.095835794,4923,0.036563071,0,0,0,0,0,5,0.943879023
116335.76,0.514148222,0.5,6137,37,0.1531,33,34.875,37.27,0,0,0.07,0,0,20,0.5,5.5,50,1000,0.1,0.1,0.1,0.1,0.1,0.1,0.5,0,15324,0.057034717,0.020817019,6723,0.120630671,0.09772423,5095,0.036310108,0,0,0,0,0,5,0.887609443
116395.84,0.515239042,0.5,6137,37,0.1006,33,34.8125,37.09,0,0,0.07,0,0,20,0.5,5.5,50,1000,0.1,0.1,0.1,0.1,0.1,0.1,0.5,0,15264,0.057586478,0.021160901,6672,0.123351319,0.099220624,4935,0.036676798,0,0,0,0,0,5,0.849587046
116455.95,0.515007672,0.5,6137,37,0.1343,32.9375,34.8125,37.17,0,0,0.07,0,0,20,0.5,5.5,50,1000,0.1,0.1,0.1,0.1,0.1,0.1,0.5,0,16153,0.055902928,0.020429642,6661,0.12490617,0.099984987,5034,0.036154152,0,0,0,0,0,5,0.805760228
116515.99,0.52078914,0.5,6137,37,0.1351,33,34.8125,36.87,0,0,0,0,0,20,0.5,5.5,50,1000,0.1,0.1,0.1,0.1,0.1,0.1,0.5,0,16235,0.056236526,0.020819218,6916,0.122035859,0.098611914,5189,0.036423203,0,0,0,0,0,5,0.798962539
116576.06,0.526545332,0.5,6137,37,0.1571,32.9375,34.8125,37.01,0,0,0,0,0,20,0.5,5.5,50,1000,0.1,0.1,0.1,0.1,0.1,0.1,0.5,0,16887,0.055486469,0.020489134,6907,0.123787462,0.100332996,5062,0.036546819,0,0,0,0,0,5,0.791990988
116636.12,0.53172314,0.5,6137,37,0.1132,32.9375,34.8125,36.97,0,0,0,0,0,20,0.5,5.5,50,1000,0.1,0.1,0.1,0.1,0.1,0.1,0.5,0,16852,0.055779729,0.020472347,7032,0.123577929,0.099971559,5063,0.036737112,0,0,0,0,0,5,0.781747974
116696.16,0.548402111,0.5,6137,37,0.1302,33,34.875,37.01,0,0,0,0,0,20,0.5,5.5,50,1000,0.1,0.1,0.1,0.1,0.1,0.1,0.5,0,15726,0.058247488,0.021365891,6938,0.125828769,0.101470164,5104,0.037225705,0,0,0,0,0,5,0.835318142
116756.2,0.554539005,0.5,6137,37,0.139,32.875,34.875,36.79,0,0.02,0.15,0,0,20,0.5,5.5,50,1000,0.1,0.1,0.1,0.1,0.1,0.1,0.5,0,16698,0.056354054,0.020780932,7066,0.125955279,0.100905746,4985,0.037512538,0,0,0,0,0,0.44,0.835318142
116816.26,0.508086737,0.5,6137,37,0.47405,32.75,34.875,36.01,0,0.02,0.25,0,0,20,0.5,5.5,50,1000,0.1,0.1,0.1,0.1,0.1,0.1,0.5,0,15673,0.056466535,0.02060869,6668,0.122825435,0.098530294,4985,0.036910732,0,0,0,0,0,0.44,0.835318142
116876.32,0.447818581,0.5,6137,37,0.57725,32.625,34.8125,35.83,0,0.001785479,0.077141917,0,0,20,0.5,5.5,50,1000,0.1,0.1,0.1,0.1,0.1,0.1,0.5,0,15252,0.055205875,0.020456334,6280,0.118152866,0.095541401,5025,0.034825871,0,0,0,0,0,0.44,0.835318142
116936.38,0.430482221,0.5,6137,37,0.356844949,32.875,34.875,36.47,0,0,0.07,0,0,20,0.5,5.5,50,1000,0.1,0.1,0.1,0.1,0.1,0.1,0.5,0,14788,0.055653232,0.020692453,6293,0.11631972,0.094072779,4783,0.035960694,0,0,0,0,0,5,0.835318142
116996.44,0.472169837,0.5,6137,37,0.1683,32.9375,34.875,37.37,0,0,0.07,0,0,20,0.5,5.5,50,1000,0.1,0.1,0.1,0.1,0.1,0.1,0.5,0,14924,0.055682123,0.020570893,6231,0.117798106,0.094687851,4849,0.036296144,0,0,0,0,0,5,0.835318142
117056.52,0.468627996,0.5,6137,37,0.1089,33.0625,34.875,37.43,0,0,0.07,0,0,20,0.5,5.5,50,1000,0.1,0.1,0.1,0.1,0.1,0.1,0.5,0,15801,0.053857351,0.019808873,6368,0.117619347,0.094535176,4664,0.035806175,0,0,0,0,0,5,0.835318142
117116.58,0.467545311,0.5,6137,37,0.1855,33.0625,34.9375,37.13,0,0,0.25,0,0,20,0.5,5.5,50,1000,0.1,0.1,0.1,0.1,0.1,0.1,0.5,0,15052,0.055872974,0.02059527,6406,0.11707774,0.095067125,4644,0.035745047,0,0,0,0,0,5,0.835318142
117176.64,0.485497702,0.5,6137,37,0.1324,33.125,34.875,37.19,0,0,0.07,0,0,20,0.5,5.5,50,1000,0.1,0.1,0.1,0.1,0.1,0.1,0.5,0,15438,0.055382822,0.020274647,6540,0.117737003,0.094342508,4844,0.036127168,0,0,0,0,0,5,0.835318142
117236.71,0.463520395,0.5,6137,37,0.1131,33.0625,34.9375,37.17,0,0,0.07,0,0,20,0.5,5.5,50,1000,0.1,0.1,0.1,0.1,0.1,0.1,0.5,0,15084,0.056881464,0.020816759,6296,0.121505718,0.097839898,4837,0.035765971,0,0,0,0,0,5,0.835318142
117296.82,0.481041221,0.5,6137,37,0.1568,32.875,34.875,37.19,0,0,0.07,0,0,20,0.5,5.5,50,1000,0.1,0.1,0.1,0.1,0.1,0.1,0.5,0,16122,0.055142042,0.020406897,6568,0.119671133,0.096680877,4693,0.037076497,0,0,0,0,0,5,0.904859969
117356.85,0.489798086,0.5,6137,37,0.1508,33.0625,34.9375,37.19,0,0,0.07,0,0,20,0.5,5.5,50,1000,0.1,0.1,0.1,0.1,0.1,0.1,0.5,0,16539,0.05435637,0.019952839,6469,0.122893801,0.098778791,4921,0.036374721,0,0,0,0,0,5,0.913737787
117416.91,0.488423219,0.5,6137,37,0.166,33.125,34.875,37.19,0,0,0.25,0,0,20,0.5,5.5,50,1000,0.1,0.1,0.1,0.1,0.1,0.1,0.5,0,15272,0.057687271,0.021215296,6586,0.123291831,0.098542363,4884,0.037264537,0,0,0,0,0,5,0.859618035
117476.96,0.488562716,0.5,6137,37,0.1094,33,34.8125,36.89,0,0,0.07,0,0,20,0.5,5.5,50,1000,0.1,0.1,0.1,0.1,0.1,0.1,0.5,0,16653,0.054644809,0.020176545,6672,0.123051559,0.099220624,4750,0.037473684,0,0,0,0,0,5,0.817493829
117537.03,0.508433013,0.5,6137,37,0.1349,32.9375,34.8125,37.17,0,0,0,0,0,20,0.5,5.5,50,1000,0.1,0.1,0.1,0.1,0.1,0.1,0.5,0,15695,0.05702453,0.020643517,6635,0.124491334,0.10037679,5096,0.036695447,0,0,0,0,0,5,0.89621601
117597.09,0.516791232,0.5,6137,37,0.1395,33,34.875,37.11,0,0,0,0,0,20,0.5,5.5,50,1000,0.1,0.1,0.1,0.1,0.1,0.1,0.5,0,16003,0.056864338,0.020558645,6781,0.124465418,0.099690311,4940,0.037449393,0,0,0,0,0,5,0.90032175
117657.15,0.509461921,0.5,6137,37,0.1721,32.9375,34.8125,36.97,0,0,0,0,0,20,0.5,5.5,50,1000,0.1,0.1,0.1,0.1,0.1,0.1,0.5,0,16435,0.055978096,0.020626711,6800,0.125441176,0.100882353,5076,0.037628054,0,0,0,0,0,5,0.812454041
117717.2,0.52455463,0.5,6137,37,0.1674,32.9375,34.8125,37.03,0,0,0,0,0,20,0.5,5.5,50,1000,0.1,0.1,0.1,0.1,0.1,0.1,0.5,0,16310,0.056958921,0.020846107,6800,0.127205882,0.101764706,5056,0.037579114,0,0,0,0,0,5,0.859414739
117777.27,0.52978412,0.5,6137,37,0.1259,33,34.8125,37.05,0,0,0,0,0,20,0.5,5.5,50,1000,0.1,0.1,0.1,0.1,0.1,0.1,0.5,0,15763,0.058301085,0.02118886,6760,0.129733728,0.103698225,5221,0.037540701,0,0,0,0,0,5,0.846204076
117837.34,0.53219049,0.5,6137,37,0.135,32.9375,34.75,37.17,0,0,0,0,0,20,0.5,5.5,50,1000,0.1,0.1,0.1,0.1,0.1,0.1,0.5,0,15833,0.058232805,0.021032022,6927,0.12747221,0.102064386,4956,0.038337369,0,0,0,0,0,5,0.81748953
117897.4,0.556406023,0.5,6137,37,0.0887,32.9375,34.8125,37.11,0,0,0,0,0,20,0.5,5.5,50,1000,0.1,0.1,0.1,0.1,0.1,0.1,0.5,0,16288,0.057772593,0.020997053,7076,0.126766535,0.102459016,5191,0.036987093,0,0,0,0,0,5,0.910105443
117957.47,0.552464077,0.5,6137,37,0.1413,32.9375,34.8125,36.81,0,0.02,0.15,0,0,20,0.5,5.5,50,1000,0.1,0.1,0.1,0.1,0.1,0.1,0.5,0,16101,0.058629899,0.021489348,7066,0.128361166,0.103453156,5098,0.037465673,0,0,0,0,0,0.44,0.910105443
118017.54,0.50527608,0.5,6137,37,0.528175,32.75,34.8125,36.09,0,0.02,0.25,0,0,20,0.5,5.5,50,1000,0.1,0.1,0.1,0.1,0.1,0.1,0.5,0,14914,0.059139064,0.021322248,6557,0.12642977,0.101418332,5175,0.036714976,0,0,0,0,0,0.44,0.910105443
118077.58,0.462142694,0.5,6137,37,0.552075,32.625,34.875,35.83,0,0.02,0.15,0,0,20,0.5,5.5,50,1000,0.1,0.1,0.1,0.1,0.1,0.1,0.5,0,14873,0.056948833,0.020843139,6401,0.119668802,0.095922512,4806,0.035788598,0,0,0,0,0,0.44,0.910105443
118137.62,0.435885213,0.5,6137,37,0.48305,32.625,34.8125,36.33,0,0,0.07,0,0,20,0.5,5.5,50,1000,0.1,0.1,0.1,0.1,0.1,0.1,0.5,0,15209,0.054441449,0.019856664,6154,0.116347091,0.093435164,4697,0.035767511,0,0,0,0,0,5,0.910105443
118197.69,0.441759876,0.5,6137,37,0.1323,32.9375,34.875,37.11,0,0,0.07,0,0,20,0.5,5.5,50,1000,0.1,0.1,0.1,0.1,0.1,0.1,0.5,0,15153,0.054906619,0.020260015,6409,0.113746294,0.091433921,4618,0.036162841,0,0,0,0,0,5,0.910105443
118257.73,0.450447391,0.5,6137,37,0.0953,33.125,34.8125,37.33,0,0,0.07,0,0,20,0.5,5.5,50,1000,0.1,0.1,0.1,0.1,0.1,0.1,0.5,0,14457,0.056512416,0.020889534,6254,0.116245603,0.094339623,4753,0.036398064,0,0,0,0,0,5,0.910105443
118317.8,0.454557049,0.5,6137,37,0.1283,33.125,34.875,37.35,0,0,0.25,0,0,20,0.5,5.5,50,1000,0.1,0.1,0.1,0.1,0.1,0.1,0.5,0,14872,0.055675094,0.020642819,6381,0.116125999,0.093872434,4655,0.035445757,0,0,0,0,0,5,0.910105443
118377.84,0.467487437,0.5,6137,37,0.0763,33.1875,34.8125,37.37,0,0,0.07,0,0,20,0.5,5.5,50,1000,0.1,0.1,0.1,0.1,0.1,0.1,0.5,0,14594,0.056941209,0.020899,6373,0.117370155,0.094617919,4824,0.036276949,0,0,0,0,0,5,0.910105443
118437.89,0.469025391,0.5,6137,37,0.107,33.125,34.875,37.29,0,0,0.07,0,0,20,0.5,5.5,50,1000,0.1,0.1,0.1,0.1,0.1,0.1,0.5,0,15376,0.055606139,0.020616545,6461,0.1173193,0.09441263,4729,0.035948403,0,0,0,0,0,5,0.910105443
118497.96,0.475969066,0.5,6137,37,0.1195,33,34.875,37.27,0,0,0.07,0,0,20,0.5,5.5,50,1000,0.1,0.1,0.1,0.1,0.1,0.1,0.5,0,15026,0.056568614,0.020630906,6462,0.118693903,0.095636026,4801,0.03540929,0,0,0,0,0,5,0.908688048
118558.02,0.477591852,0.5,6137,37,0.1185,33,34.8125,37.17,0,0,0.07,0,0,20,0.5,5.5,50,1000,0.1,0.1,0.1,0.1,0.1,0.1,0.5,0,15533,0.055945407,0.020536921,6558,0.118938701,0.095608417,4808,0.035981697,0,0,0,0,0,5,0.873464555
118618.09,0.489192499,0.5,6137,37,0.1343,33.0625,34.8125,37.09,0,0,0.25,0,0,20,0.5,5.5,50,1000,0.1,0.1,0.1,0.1,0.1,0.1,0.5,0,15382,0.056559615,0.020608503,6470,0.122102009,0.097990726,4729,0.036582787,0,0,0,0,0,5,0.901790033
118678.15,0.502826758,0.5,6137,37,0.1548,32.875,34.875,37.25,0,0,0.07,0,0,20,0.5,5.5,50,1000,0.1,0.1,0.1,0.1,0.1,0.1,0.5,0,15486,0.056631796,0.0207284,6693,0.120125504,0.096668161,4784,0.036789298,0,0,0,0,0,5,0.939169402
118738.22,0.50435014,0.5,6137,37,0.1856,33,34.875,37.27,0,0,0,0,0,20,0.5,5.5,50,1000,0.1,0.1,0.1,0.1,0.1,0.1,0.5,0,15691,0.056529221,0.020903703,6488,0.124383477,0.100030826,4840,0.036983471,0,0,0,0,0,5,0.9012861
118798.26,0.507154446,0.5,6137,37,0.1408,33,34.875,37.03,0,0,0,0,0,20,0.5,5.5,50,1000,0.1,0.1,0.1,0.1,0.1,0.1,0.5,0,16543,0.055249955,0.020068911,6569,0.125285432,0.100471914,4952,0.036550889,0,0,0,0,0,5,0.872856296
118858.31,0.517044872,0.5,6137,37,0.1925,33,34.8125,37.01,0,0,0,0,0,20,0.5,5.5,50,1000,0.1,0.1,0.1,0.1,0.1,0.1,0.5,0,16051,0.056320478,0.020808672,6885,0.12258533,0.098329702,4881,0.037492317,0,0,0,0,0,5,0.887155722
118918.38,0.51151899,0.5,6137,37,0.1704,33,34.875,37.11,0,0,0,0,0,20,0.5,5.5,50,1000,0.1,0.1,0.1,0.1,0.1,0.1,0.5,0,16292,0.056530813,0.020500859,6565,0.126884996,0.102208682,5169,0.036370671,0,0,0,0,0,5,0.810563078
118978.46,0.521070848,0.5,6137,37,0.1859,33,34.8125,37.09,0,0,0,0,0,20,0.5,5.5,50,1000,0.1,0.1,0.1,0.1,0.1,0.1,0.5,0,17061,0.055448098,0.020221558,6797,0.125055171,0.100632632,5095,0.037880275,0,0,0,0,0,5,0.825538842
119038.49,0.531008529,0.5,6137,37,0.1235,32.9375,34.875,37.19,0,0,0,0,0,20,0.5,5.5,50,1000,0.1,0.1,0.1,0.1,0.1,0.1,0.5,0,15830,0.057864814,0.020909665,6848,0.126168224,0.101635514,5280,0.037310606,0,0,0,0,0,5,0.840938097
119098.56,0.527429435,0.5,6137,37,0.1423,32.9375,34.8125,37.05,0,0,0,0,0,20,0.5,5.5,50,1000,0.1,0.1,0.1,0.1,0.1,0.1,0.5,0,15600,0.058589744,0.021346154,7263,0.122401212,0.098444169,4941,0.037239425,0,0,0,0,0,5,0.778602197
119158.64,0.567804475,0.5,6137,37,0.1008,33,34.875,37.11,0,0,0,0,0,20,0.5,5.5,50,1000,0.1,0.1,0.1,0.1,0.1,0.1,0.5,0,15927,0.058328624,0.021347398,6977,0.127132005,0.10219292,5046,0.03686088,0,0,0,0,0,5,0.960958212
119218.68,0.55257105,0.5,6137,37,0.1581,32.9375,34.875,37.01,0,0.02,0.25,0,0,20,0.5,5.5,50,1000,0.1,0.1,0.1,0.1,0.1,0.1,0.5,0,17226,0.056194125,0.020434227,7116,0.126756605,0.102304666,5211,0.037228939,0,0,0,0,0,0.44,0.960958212
119278.72,0.496406789,0.5,6137,37,0.47405,32.8125,34.875,36.07,0,0.01885271,0.145410842,0,0,20,0.5,5.5,50,1000,0.1,0.1,0.1,0.1,0.1,0.1,0.5,0,15597,0.057895749,0.0210938,6660,0.124324324,0.099399399,5015,0.036490528,0,0,0,0,0,0.44,0.960958212
119338.77,0.457204908,0.5,6137,37,0.565368211,32.75,34.8125,35.89,0,0,0.07,0,0,20,0.5,5.5,50,1000,0.1,0.1,0.1,0.1,0.1,0.1,0.5,0,15641,0.055111566,0.02045905,6373,0.118782363,0.096030127,4745,0.03540569,0,0,0,0,0,5,0.960958212
119398.83,0.46852365,0.5,6137,37,0.2476,32.8125,34.8125,36.89,0,0,0.07,0,0,20,0.5,5.5,50,1000,0.1,0.1,0.1,0.1,0.1,0.1,0.5,0,15267,0.05567564,0.020501736,6455,0.118202943,0.094965143,4696,0.036626917,0,0,0,0,0,5,0.960958212
119458.98,0.478187072,0.5,6137,37,0.1295,33.0625,34.8125,37.33,0,0,0.07,0,0,20,0.5,5.5,50,1000,0.1,0.1,0.1,0.1,0.1,0.1,0.5,0,15238,0.056109726,0.02073763,6379,0.11945446,0.09656686,4749,0.035586439,0,0,0,0,0,5,0.960958212
119519.05,0.476874541,0.5,6137,37,0.0881,33.125,34.8125,37.37,0,0,0.25,0,0,20,0.5,5.5,50,1000,0.1,0.1,0.1,0.1,0.1,0.1,0.5,0,15342,0.056511537,0.020401512,6429,0.120858609,0.097215741,4692,0.036231884,0,0,0,0,0,5,0.960958212
119579.11,0.486720899,0.5,6137,37,0.1264,33.0625,34.875,37.35,0,0,0.07,0,0,20,0.5,5.5,50,1000,0.1,0.1,0.1,0.1,0.1,0.1,0.5,0,14949,0.057930296,0.020870961,6565,0.119725819,0.096420411,4876,0.03609516,0,0,0,0,0,5,0.960958212
119639.18,0.478135362,0.5,6137,37,0.0806,33,34.875,37.33,0,0,0.07,0,0,20,0.5,5.5,50,1000,0.1,0.1,0.1,0.1,0.1,0.1,0.5,0,15814,0.056089541,0.02029847,6826,0.117638441,0.094931146,4923,0.036156815,0,0,0,0,0,5,0.960958212
119699.22,0.497892064,0.5,6137,37,0.1487,33.0625,34.8125,37.01,0,0,0.07,0,0,20,0.5,5.5,50,1000,0.1,0.1,0.1,0.1,0.1,0.1,0.5,0,15669,0.05648095,0.020550131,6710,0.120566319,0.097019374,4904,0.0362969,0,0,0,0,0,5,1.034378615
119759.28,0.502054075,0.5,6137,37,0.1866,33,34.875,37.01,0,0,0.07,0,0,20,0.5,5.5,50,1000,0.1,0.1,0.1,0.1,0.1,0.1,0.5,0,15323,0.057495269,0.021014162,6721,0.122303229,0.097753311,4987,0.036494887,0,0,0,0,0,5,1.00763324
119819.34,0.513144305,0.5,6137,37,0.1206,33,34.9375,37.03,0,0,0.25,0,0,20,0.5,5.5,50,1000,0.1,0.1,0.1,0.1,0.1,0.1,0.5,0,16511,0.055659863,0.020531767,6670,0.124437781,0.09970015,4979,0.037156055,0,0,0,0,0,5,1.022799386
119879.4,0.516189535,0.5,6137,37,0.1255,32.9375,34.9375,37.11,0,0,0.07,0,0,20,0.5,5.5,50,1000,0.1,0.1,0.1,0.1,0.1,0.1,0.5,0,16120,0.05707196,0.020967742,6753,0.124537243,0.100399822,4880,0.036680328,0,0,0,0,0,5,0.989410149
119939.43,0.516694018,0.5,6137,37,0.1931,33,34.875,37.11,0,0,0,0,0,20,0.5,5.5,50,1000,0.1,0.1,0.1,0.1,0.1,0.1,0.5,0,16160,0.057363861,0.020915842,6777,0.126309577,0.100929615,4847,0.037755313,0,0,0,0,0,5,0.942870173
119999.46,0.544782731,0.5,6137,37,0.1486,32.9375,34.875,36.89,0,0,0,0,0,20,0.5,5.5,50,1000,0.1,0.1,0.1,0.1,0.1,0.1,0.5,0,17037,0.055643599,0.020543523,6851,0.125675084,0.10129908,4987,0.036695408,0,0,0,0,0,5,1.054535262
120059.52,0.53376295,0.5,6137,37,0.1662,32.9375,34.875,36.73,0,0,0,0,0,20,0.5,5.5,50,1000,0.1,0.1,0.1,0.1,0.1,0.1,0.5,0,15799,0.058548009,0.021330464,6780,0.129056047,0.10339233,5006,0.037754694,0,0,0,0,0,5,0.940502808
120119.56,0.538008248,0.5,6137,37,0.1556,32.9375,34.875,37.01,0,0,0,0,0,20,0.5,5.5,50,1000,0.1,0.1,0.1,0.1,0.1,0.1,0.5,0,16282,0.057978135,0.021127626,6795,0.129359823,0.10419426,4954,0.038352846,0,0,0,0,0,5,0.91724386
120179.63,0.551260476,0.5,6137,37,0.1329,32.875,34.875,37.09,0,0,0,0,0,20,0.5,5.5,50,1000,0.1,0.1,0.1,0.1,0.1,0.1,0.5,0,16242,0.05867504,0.021425933,6939,0.128404669,0.103473123,5196,0.038298691,0,0,0,0,0,5,0.944382285
120239.7,0.5516589,0.5,6137,37,0.1629,32.875,34.8125,36.97,0,0.02,0.15,0,0,20,0.5,5.5,50,1000,0.1,0.1,0.1,0.1,0.1,0.1,0.5,0,16596,0.058086286,0.021089419,6872,0.131111758,0.106082654,5116,0.038115715,0,0,0,0,0,0.44,0.944382285
120299.76,0.500340167,0.5,6137,37,0.49635,32.8125,34.875,35.99,0,0.019257175,0.1470287,0,0,20,0.5,5.5,50,1000,0.1,0.1,0.1,0.1,0.1,0.1,0.5,0,16137,0.056701989,0.020697775,6809,0.12292554,0.098986635,4925,0.036954315,0,0,0,0,0,0.44,0.944382285
120359.82,0.471579447,0.5,6137,37,0.546590799,32.625,34.875,35.93,0,0.019282242,0.147128967,0,0,20,0.5,5.5,50,1000,0.1,0.1,0.1,0.1,0.1,0.1,0.5,0,15097,0.05696496,0.020931311,6247,0.12197855,0.097486794,4870,0.035728953,0,0,0,0,0,0.44,0.944382285
120419.88,0.431872099,0.5,6137,37,0.477231491,32.75,34.875,36.39,0,0,0.25,0,0,20,0.5,5.5,50,1000,0.1,0.1,0.1,0.1,0.1,0.1,0.5,0,14818,0.056282899,0.020448104,6272,0.116230867,0.093431122,4683,0.036515054,0,0,0,0,0,5,0.944382285
120479.95,0.455658041,0.5,6137,37,0.1853,33,34.875,37.25,0,0,0.07,0,0,20,0.5,5.5,50,1000,0.1,0.1,0.1,0.1,0.1,0.1,0.5,0,14421,0.056792178,0.020802996,6242,0.116308875,0.093880167,4640,0.036422414,0,0,0,0,0,5,0.944382285
120540.02,0.458532264,0.5,6137,37,0.0932,33.0625,34.875,37.55,0,0,0.07,0,0,20,0.5,5.5,50,1000,0.1,0.1,0.1,0.1,0.1,0.1,0.5,0,14965,0.05633144,0.020447711,6134,0.119008803,0.095859146,4678,0.03548525,0,0,0,0,0,5,0.944382285
120600.06,0.460442243,0.5,6137,37,0.0758,33.1875,34.875,37.55,0,0,0.07,0,0,20,0.5,5.5,50,1000,0.1,0.1,0.1,0.1,0.1,0.1,0.5,0,14312,0.057923421,0.021101174,6299,0.119225274,0.095729481,4650,0.035913978,0,0,0,0,0,5,0.944382285
120660.1,0.456127342,0.5,6137,37,0.1191,33.125,34.9375,37.33,0,0,0.07,0,0,20,0.5,5.5,50,1000,0.1,0.1,0.1,0.1,0.1,0.1,0.5,0,14986,0.056919792,0.020485787,6278,0.119942657,0.096049697,5059,0.035382487,0,0,0,0,0,5,0.944382285
120720.15,0.466266683,0.5,6137,37,0.1598,33.125,34.875,37.13,0,0,0.25,0,0,20,0.5,5.5,50,1000,0.1,0.1,0.1,0.1,0.1,0.1,0.5,0,15927,0.054812582,0.020154455,6449,0.119863545,0.095828811,4808,0.035357737,0,0,0,0,0,5,0.944382285
120780.19,0.474761976,0.5,6137,37,0.1794,33.1875,34.875,37.03,0,0,0.07,0,0,20,0.5,5.5,50,1000,0.1,0.1,0.1,0.1,0.1,0.1,0.5,0,15103,0.057472025,0.020790571,6512,0.119932432,0.096437346,4862,0.035993418,0,0,0,0,0,5,0.951330646
120840.23,0.490565452,0.5,6137,37,0.1711,33.0625,34.875,37.05,0,0,0.07,0,0,20,0.5,5.5,50,1000,0.1,0.1,0.1,0.1,0.1,0.1,0.5,0,14806,0.058287181,0.021342699,6649,0.119266055,0.096104677,4973,0.035793284,0,0,0,0,0,5,1.001999515
120900.28,0.491436788,0.5,6137,37,0.136,33.125,34.875,37.17,0,0,0.07,0,0,20,0.5,5.5,50,1000,0.1,0.1,0.1,0.1,0.1,0.1,0.5,0,15313,0.057402207,0.020831973,6558,0.12168344,0.098505642,4865,0.036176773,0,0,0,0,0,5,0.957223373
120960.33,0.504644993,0.5,6137,37,0.1824,33.0625,34.875,36.97,0,0,0.07,0,0,20,0.5,5.5,50,1000,0.1,0.1,0.1,0.1,0.1,0.1,0.5,0,15683,0.0570044,0.020978129,6803,0.119653094,0.096428046,4871,0.036337508,0,0,0,0,0,5,0.988927837
121020.37,0.492954098,0.5,6137,37,0.1503,33,34.8125,37.09,0,0,0,0,0,20,0.5,5.5,50,1000,0.1,0.1,0.1,0.1,0.1,0.1,0.5,0,16672,0.055542226,0.020273512,6737,0.121864331,0.097966454,5062,0.03674437,0,0,0,0,0,5,0.869164038
121080.41,0.50092654,0.5,6137,37,0.147,33.0625,34.875,37.09,0,0,0,0,0,20,0.5,5.5,50,1000,0.1,0.1,0.1,0.1,0.1,0.1,0.5,0,15808,0.057439271,0.021065283,6791,0.122220586,0.098512737,4992,0.037660256,0,0,0,0,0,5,0.873836039
121140.48,0.515912902,0.5,6137,37,0.1204,33,34.875,37.17,0,0,0,0,0,20,0.5,5.5,50,1000,0.1,0.1,0.1,0.1,0.1,0.1,0.5,0,16174,0.05725238,0.020897737,6761,0.123798255,0.099689395,4916,0.037428804,0,0,0,0,0,5,0.918579715
121200.51,0.519950133,0.5,6137,37,0.13,32.9375,34.875,37.11,0,0,0,0,0,20,0.5,5.5,50,1000,0.1,0.1,0.1,0.1,0.1,0.1,0.5,0,16475,0.056691958,0.020940819,6873,0.124836316,0.100101848,4904,0.037520392,0,0,0,0,0,5,0.896035584
121260.59,0.538761855,0.5,6137,37,0.1491,33,34.875,37.03,0,0,0,0,0,20,0.5,5.5,50,1000,0.1,0.1,0.1,0.1,0.1,0.1,0.5,0,16440,0.057055961,0.020924574,6904,0.125,0.100811124,4919,0.037202683,0,0,0,0,0,5,0.957856019
121320.64,0.54418954,0.5,6137,37,0.172,32.875,34.875,36.93,0,0,0,0,0,20,0.5,5.5,50,1000,0.1,0.1,0.1,0.1,0.1,0.1,0.5,0,16068,0.058190192,0.02116007,7044,0.124645088,0.100227144,5191,0.036794452,0,0,0,0,0,5,0.940035096
121380.71,0.531515473,0.5,6137,37,0.1517,32.875,34.875,37.01,0,0,0,0,0,20,0.5,5.5,50,1000,0.1,0.1,0.1,0.1,0.1,0.1,0.5,0,15899,0.058934524,0.021259199,7060,0.125779037,0.101274788,5165,0.037366893,0,0,0,0,0,5,0.822337452
121440.74,0.543815062,0.5,6137,37,0.1157,33,34.875,37.13,0,0,0,0,0,20,0.5,5.5,50,1000,0.1,0.1,0.1,0.1,0.1,0.1,0.5,0,16348,0.058172253,0.021164668,6976,0.12815367,0.102924312,5042,0.037881793,0,0,0,0,0,5,0.849851342
121500.82,0.556864497,0.5,6137,37,0.1536,32.8125,34.8125,36.97,0,0.02,0.15,0,0,20,0.5,5.5,50,1000,0.1,0.1,0.1,0.1,0.1,0.1,0.5,0,16745,0.057987459,0.0210212,6941,0.130240599,0.104884022,5171,0.037516921,0,0,0,0,0,0.44,0.849851342
121560.85,0.536299201,0.5,6137,37,0.39815,32.8125,34.875,36.37,0,0.02,0.15,0,0,20,0.5,5.5,50,1000,0.1,0.1,0.1,0.1,0.1,0.1,0.5,0,16253,0.057773949,0.020857688,6778,0.128356447,0.102685158,5027,0.037398051,0,0,0,0,0,0.44,0.849851342
121620.89,0.450571431,0.5,6137,37,0.55655,32.75,34.875,35.77,0,0.02,0.25,0,0,20,0.5,5.5,50,1000,0.1,0.1,0.1,0.1,0.1,0.1,0.5,0,15123,0.057792766,0.021159823,6582,0.121087815,0.097386813,4900,0.036326531,0,0,0,0,0,0.44,0.849851342
121681,0.422999997,0.5,6137,37,0.57365,32.75,34.875,35.89,0,0,0.07,0,0,20,0.5,5.5,50,1000,0.1,0.1,0.1,0.1,0.1,0.1,0.5,0,15028,0.055895661,0.020694703,6331,0.115147686,0.092560417,4538,0.036139268,0,0,0,0,0,5,0.849851342
121741.04,0.426842611,0.5,6137,37,0.2613,33,34.875,36.97,0,0,0.07,0,0,20,0.5,5.5,50,1000,0.1,0.1,0.1,0.1,0.1,0.1,0.5,0,15381,0.05480788,0.020349782,6292,0.115225683,0.092816275,4627,0.035444132,0,0,0,0,0,5,0.849851342
121801.11,0.419421266,0.5,6137,37,0.1773,33.125,34.875,37.27,0,0,0.07,0,0,20,0.5,5.5,50,1000,0.1,0.1,0.1,0.1,0.1,0.1,0.5,0,14994,0.056022409,0.020608243,6323,0.116558596,0.092993832,4636,0.035375324,0,0,0,0,0,5,0.849851342
121861.19,0.427112193,0.5,6137,37,0.1214,33.3125,34.8125,37.43,0,0,0.07,0,0,20,0.5,5.5,50,1000,0.1,0.1,0.1,0.1,0.1,0.1,0.5,0,14797,0.056430358,0.020612286,6344,0.117118537,0.094577554,4727,0.035752063,0,0,0,0,0,5,0.849851342
121921.25,0.459892361,0.5,6137,37,0.079,33.3125,34.875,37.53,0,0,0.25,0,0,20,0.5,5.5,50,1000,0.1,0.1,0.1,0.1,0.1,0.1,0.5,0,15345,0.055979146,0.020723363,6310,0.11933439,0.095721078,4740,0.035654008,0,0,0,0,0,5,0.849851342
121981.3,0.462402252,0.5,6137,37,0.1421,33.125,34.875,37.25,0,0,0.07,0,0,20,0.5,5.5,50,1000,0.1,0.1,0.1,0.1,0.1,0.1,0.5,0,15343,0.056247149,0.020595711,6328,0.120733249,0.097187105,4917,0.035590807,0,0,0,0,0,5,0.849851342
122041.34,0.477281216,0.5,6137,37,0.1098,33.125,34.8125,37.33,0,0,0.07,0,0,20,0.5,5.5,50,1000,0.1,0.1,0.1,0.1,0.1,0.1,0.5,0,15674,0.055761133,0.020288376,6313,0.121812134,0.098210043,4883,0.035633832,0,0,0,0,0,5,0.902370817
122101.41,0.481180604,0.5,6137,37,0.1582,33,34.8125,37.11,0,0,0.07,0,0,20,0.5,5.5,50,1000,0.1,0.1,0.1,0.1,0.1,0.1,0.5,0,15660,0.056257982,0.020625798,6453,0.122268712,0.097938943,4732,0.036348267,0,0,0,0,0,5,0.881662693
122161.47,0.484793786,0.5,6137,37,0.1708,32.9375,34.875,37.05,0,0,0.07,0,0,20,0.5,5.5,50,1000,0.1,0.1,0.1,0.1,0.1,0.1,0.5,0,15542,0.05700682,0.020589371,6714,0.119451892,0.096067918,4712,0.036502547,0,0,0,0,0,5,0.860022385
122221.54,0.494857285,0.5,6137,37,0.1316,32.9375,34.875,37.19,0,0,0.25,0,0,20,0.5,5.5,50,1000,0.1,0.1,0.1,0.1,0.1,0.1,0.5,0,15985,0.056427901,0.020706913,6688,0.121411483,0.097188995,4995,0.036236236,0,0,0,0,0,5,0.878658638
122281.58,0.50603682,0.5,6137,37,0.1668,33,34.875,37.03,0,0,0,0,0,20,0.5,5.5,50,1000,0.1,0.1,0.1,0.1,0.1,0.1,0.5,0,15945,0.056632173,0.020758859,6565,0.123838538,0.100076161,4940,0.036437247,0,0,0,0,0,5,0.901745783
122341.65,0.510819188,0.5,6137,37,0.0861,33.0625,34.875,37.33,0,0,0,0,0,20,0.5,5.5,50,1000,0.1,0.1,0.1,0.1,0.1,0.1,0.5,0,15197,0.058629993,0.02112259,6845,0.121694668,0.09817385,4857,0.036854025,0,0,0,0,0,5,0.88487726
122401.73,0.514039517,0.5,6137,37,0.1855,33.0625,34.875,36.93,0,0,0,0,0,20,0.5,5.5,50,1000,0.1,0.1,0.1,0.1,0.1,0.1,0.5,0,16352,0.056445695,0.020670254,6745,0.123795404,0.099481097,4839,0.036577805,0,0,0,0,0,5,0.859486761
122461.81,0.514989528,0.5,6137,37,0.1136,33,34.8125,37.19,0,0,0,0,0,20,0.5,5.5,50,1000,0.1,0.1,0.1,0.1,0.1,0.1,0.5,0,16225,0.057318952,0.020708783,6699,0.126735334,0.101209136,4977,0.036970062,0,0,0,0,0,5,0.822051695
122521.86,0.532784459,0.5,6137,37,0.1253,33,34.875,37.13,0,0,0,0,0,20,0.5,5.5,50,1000,0.1,0.1,0.1,0.1,0.1,0.1,0.5,0,16037,0.057866184,0.021013905,6815,0.126338958,0.101393984,4917,0.03701444,0,0,0,0,0,5,0.882860261
122581.94,0.532695057,0.5,6137,37,0.1685,33,34.875,36.95,0,0,0,0,0,20,0.5,5.5,50,1000,0.1,0.1,0.1,0.1,0.1,0.1,0.5,0,15544,0.059058157,0.021487391,6777,0.128375387,0.102405194,5083,0.036789298,0,0,0,0,0,5,0.838213798
122642.01,0.542310844,0.5,6137,37,0.1744,32.875,34.875,36.93,0,0,0,0,0,20,0.5,5.5,50,1000,0.1,0.1,0.1,0.1,0.1,0.1,0.5,0,16125,0.058418605,0.021085271,6955,0.126383896,0.101797268,4958,0.03812021,0,0,0,0,0,5,0.849973757
122702.05,0.553576196,0.5,6137,37,0.1405,32.9375,34.8125,37.05,0,0.02,0.15,0,0,20,0.5,5.5,50,1000,0.1,0.1,0.1,0.1,0.1,0.1,0.5,0,15607,0.059909015,0.021464727,6894,0.128517551,0.103423267,5248,0.037728659,0,0,0,0,0,0.44,0.849973757
122762.09,0.492097732,0.5,6137,37,0.49395,32.8125,34.875,35.99,0,0.0184019,0.143607601,0,0,20,0.5,5.5,50,1000,0.1,0.1,0.1,0.1,0.1,0.1,0.5,0,16472,0.056338028,0.020580379,6862,0.12139318,0.097347712,4860,0.036419753,0,0,0,0,0,0.44,0.849973757
122822.14,0.469855391,0.5,6137,37,0.546494822,32.75,34.875,35.89,0,0.018989736,0.25,0,0,20,0.5,5.5,50,1000,0.1,0.1,0.1,0.1,0.1,0.1,0.5,0,15126,0.056855745,0.020957292,6156,0.122319688,0.098602989,4874,0.035699631,0,0,0,0,0,0.44,0.849973757
122882.19,0.417842402,0.5,6137,37,0.560850522,32.75,34.8125,36.01,0,0,0.07,0,0,20,0.5,5.5,50,1000,0.1,0.1,0.1,0.1,0.1,0.1,0.5,0,14524,0.055563206,0.020655467,6083,0.114252836,0.092388624,4553,0.036020206,0,0,0,0,0,5,0.849973757
122942.27,0.428581029,0.5,6137,37,0.2685,32.9375,34.875,36.97,0,0,0.07,0,0,20,0.5,5.5,50,1000,0.1,0.1,0.1,0.1,0.1,0.1,0.5,0,14513,0.055398608,0.020602219,6138,0.113391984,0.091397849,4541,0.03523453,0,0,0,0,0,5,0.849973757
123002.34,0.43385301,0.5,6137,37,0.1344,33.125,34.875,37.45,0,0,0.07,0,0,20,0.5,5.5,50,1000,0.1,0.1,0.1,0.1,0.1,0.1,0.5,0,15140,0.054623514,0.020343461,6188,0.113445378,0.09114415,4676,0.035072712,0,0,0,0,0,5,0.849973757
123062.38,0.448436219,0.5,6137,37,0.1209,33.25,34.875,37.45,0,0,0.07,0,0,20,0.5,5.5,50,1000,0.1,0.1,0.1,0.1,0.1,0.1,0.5,0,14809,0.055641839,0.020595584,6033,0.11669153,0.094646113,4613,0.035334923,0,0,0,0,0,5,0.849973757
123122.44,0.451562565,0.5,6137,37,0.1153,33.25,34.875,37.41,0,0,0.25,0,0,20,0.5,5.5,50,1000,0.1,0.1,0.1,0.1,0.1,0.1,0.5,0,14849,0.055693986,0.020540104,6170,0.11636953,0.093679092,4457,0.03567422,0,0,0,0,0,5,0.849973757
123182.49,0.456661692,0.5,6137,37,0.1412,33.0625,34.875,37.25,0,0,0.07,0,0,20,0.5,5.5,50,1000,0.1,0.1,0.1,0.1,0.1,0.1,0.5,0,14579,0.057068386,0.020989094,6079,0.119427537,0.096232933,4739,0.035661532,0,0,0,0,0,5,0.849973757
123242.54,0.457006063,0.5,6137,37,0.1537,33.0625,34.875,37.17,0,0,0.07,0,0,20,0.5,5.5,50,1000,0.1,0.1,0.1,0.1,0.1,0.1,0.5,0,14603,0.057043073,0.021023077,6278,0.118190507,0.09461612,4780,0.036192469,0,0,0,0,0,5,0.809736529
123302.61,0.469909638,0.5,6137,37,0.1271,33.0625,34.875,37.25,0,0,0.07,0,0,20,0.5,5.5,50,1000,0.1,0.1,0.1,0.1,0.1,0.1,0.5,0,15042,0.056309001,0.020675442,6352,0.118073048,0.0947733,4769,0.035646886,0,0,0,0,0,5,0.852780984
123362.68,0.470962175,0.5,6137,37,0.1735,33.0625,34.8125,37.05,0,0,0.07,0,0,20,0.5,5.5,50,1000,0.1,0.1,0.1,0.1,0.1,0.1,0.5,0,14758,0.05766364,0.021141076,6477,0.118264629,0.094951366,4639,0.036645829,0,0,0,0,0,5,0.816854032
123422.74,0.438311312,0.5,6137,37,0.1372,33.125,34.875,37.17,0,0,0.25,0,0,20,0.5,5.5,50,1000,0.1,0.1,0.1,0.1,0.1,0.1,0.5,0,15544,0.055905816,0.020586722,6462,0.119622408,0.09640978,4649,0.035921704,0,0,0,0,0,5,0.560466226
123482.8,0.443701023,0.5,6137,37,0.2175,33.0625,34.8125,36.85,0,0,0,0,0,20,0.5,5.5,50,1000,0.1,0.1,0.1,0.1,0.1,0.1,0.5,0,15155,0.057076872,0.020851204,6497,0.120978913,0.097121748,4702,0.036367503,0,0,0,0,0,5,0.569107559
123542.86,0.484626289,0.5,6137,37,0.2075,33,34.8125,36.89,0,0,0,0,0,20,0.5,5.5,50,1000,0.1,0.1,0.1,0.1,0.1,0.1,0.5,0,15635,0.056667733,0.020658778,6473,0.121427468,0.097636336,4862,0.036199095,0,0,0,0,0,5,0.805333461
123602.91,0.487500506,0.5,6137,37,0.1309,33.125,34.8125,37.17,0,0,0,0,0,20,0.5,5.5,50,1000,0.1,0.1,0.1,0.1,0.1,0.1,0.5,0,16383,0.05511811,0.020448025,6721,0.119625056,0.095967862,4763,0.036111694,0,0,0,0,0,5,0.782806602
123662.98,0.500986574,0.5,6137,37,0.119,33,34.8125,37.19,0,0,0,0,0,20,0.5,5.5,50,1000,0.1,0.1,0.1,0.1,0.1,0.1,0.5,0,15437,0.057329792,0.020923755,6633,0.121815167,0.098296397,4674,0.036799315,0,0,0,0,0,5,0.825530195
123723.02,0.487143316,0.5,6137,37,0.1395,32.9375,34.8125,37.09,0,0,0,0,0,20,0.5,5.5,50,1000,0.1,0.1,0.1,0.1,0.1,0.1,0.5,0,15487,0.057790405,0.021179053,6605,0.124148372,0.099167298,4798,0.036890371,0,0,0,0,0,5,0.700190866
123783.1,0.508591296,0.5,6137,37,0.1536,32.9375,34.8125,37.03,0,0,0,0,0,20,0.5,5.5,50,1000,0.1,0.1,0.1,0.1,0.1,0.1,0.5,0,15502,0.057992517,0.02115856,6615,0.124716553,0.100377929,4916,0.036818552,0,0,0,0,0,5,0.794440453
123843.15,0.523775406,0.5,6137,37,0.1123,32.9375,34.8125,37.17,0,0,0,0,0,20,0.5,5.5,50,1000,0.1,0.1,0.1,0.1,0.1,0.1,0.5,0,15589,0.058310347,0.021232921,6747,0.124499778,0.100192678,4873,0.036733019,0,0,0,0,0,5,0.842973145
123903.23,0.531726276,0.5,6137,37,0.1452,32.9375,34.875,37.03,0,0,0,0,0,20,0.5,5.5,50,1000,0.1,0.1,0.1,0.1,0.1,0.1,0.5,0,16292,0.057205991,0.020807758,6989,0.122192016,0.098440406,4965,0.037260826,0,0,0,0,0,5,0.846022069
123963.3,0.498818796,0.5,6137,37,0.1781,32.9375,34.875,36.89,0,0,0,0,0,20,0.5,5.5,50,1000,0.1,0.1,0.1,0.1,0.1,0.1,0.5,0,15511,0.059054864,0.021404165,6874,0.125400058,0.100814664,4942,0.03723189,0,0,0,0,0,5,0.612063139
124023.38,0.520616323,0.5,6137,37,0.1672,33,34.875,36.93,0,0,0,0,0,20,0.5,5.5,50,1000,0.1,0.1,0.1,0.1,0.1,0.1,0.5,0,16098,0.05801963,0.020934278,7053,0.124486034,0.100241032,5068,0.037490134,0,0,0,0,0,5,0.709771333
124083.45,0.522895685,0.5,6137,37,0.1242,32.875,34.8125,37.09,0,0,0,0,0,20,0.5,5.5,50,1000,0.1,0.1,0.1,0.1,0.1,0.1,0.5,0,15776,0.059647566,0.021615112,6789,0.129326852,0.104286346,5085,0.036774828,0,0,0,0,0,5,0.687388694
124143.52,0.54582816,0.5,6137,37,0.1318,32.875,34.8125,37.05,0,0,0,0,0,20,0.5,5.5,50,1000,0.1,0.1,0.1,0.1,0.1,0.1,0.5,0,16675,0.057931034,0.021049475,6858,0.12992126,0.104111986,5048,0.038034865,0,0,0,0,0,5,0.781785899
124203.56,0.549319577,0.5,6137,37,0.230775,32.875,34.8125,37.11,0,0.02,0.15,0,0,20,0.5,5.5,50,1000,0.1,0.1,0.1,0.1,0.1,0.1,0.5,0,16509,0.058816403,0.021018838,7248,0.125965784,0.101407285,5356,0.037901419,0,0,0,0,0,0.44,0.781785899
124263.61,0.514245505,0.5,6137,37,0.404775,32.8125,34.8125,36.33,0,0.02,0.15,0,0,20,0.5,5.5,50,1000,0.1,0.1,0.1,0.1,0.1,0.1,0.5,0,15027,0.060956944,0.022093565,6937,0.125702753,0.101052328,5040,0.0375,0,0,0,0,0,0.44,0.781785899
124323.67,0.471242447,0.5,6137,37,0.511575,32.625,34.8125,35.97,0,0.02,0.25,0,0,20,0.5,5.5,50,1000,0.1,0.1,0.1,0.1,0.1,0.1,0.5,0,15556,0.057148367,0.020956544,6402,0.124023743,0.099500156,4797,0.036064207,0,0,0,0,0,0.44,0.781785899
124383.71,0.44350916,0.5,6137,37,0.5009,32.75,34.875,35.93,0,0,0.07,0,0,20,0.5,5.5,50,1000,0.1,0.1,0.1,0.1,0.1,0.1,0.5,0,14403,0.057626883,0.021037284,6172,0.118438108,0.094620868,4631,0.03584539,0,0,0,0,0,5,0.781785899
124443.75,0.439282907,0.5,6137,37,0.2778,32.875,34.875,36.85,0,0,0.07,0,0,20,0.5,5.5,50,1000,0.1,0.1,0.1,0.1,0.1,0.1,0.5,0,15052,0.056005846,0.020528833,6237,0.117203784,0.094596761,4574,0.036073459,0,0,0,0,0,5,0.781785899
124503.82,0.471218715,0.5,6137,37,0.1061,33.0625,34.875,37.49,0,0,0.07,0,0,20,0.5,5.5,50,1000,0.1,0.1,0.1,0.1,0.1,0.1,0.5,0,14957,0.056495286,0.020659223,6316,0.116687777,0.094046865,4733,0.035072892,0,0,0,0,0,5,0.781785899
124563.86,0.47542314,0.5,6137,37,0.1438,33.0625,34.875,37.29,0,0,0.07,0,0,20,0.5,5.5,50,1000,0.1,0.1,0.1,0.1,0.1,0.1,0.5,0,15978,0.054575041,0.020403054,6096,0.12171916,0.097604987,4602,0.036505867,0,0,0,0,0,5,0.781785899
124623.9,0.462836114,0.5,6137,37,0.1439,33.0625,34.875,37.25,0,0,0.25,0,0,20,0.5,5.5,50,1000,0.1,0.1,0.1,0.1,0.1,0.1,0.5,0,14687,0.057806223,0.020970927,6374,0.118920615,0.095858174,4726,0.035336437,0,0,0,0,0,5,0.781785899
124683.95,0.478511847,0.5,6137,37,0.1552,33,34.8125,37.17,0,0,0.07,0,0,20,0.5,5.5,50,1000,0.1,0.1,0.1,0.1,0.1,0.1,0.5,0,15560,0.056491003,0.020437018,6358,0.121107266,0.097043095,4726,0.0370292,0,0,0,0,0,5,0.781785899
124744.02,0.492323818,0.5,6137,37,0.1674,33.0625,34.875,37.09,0,0,0.07,0,0,20,0.5,5.5,50,1000,0.1,0.1,0.1,0.1,0.1,0.1,0.5,0,15699,0.056309319,0.020765654,6436,0.121193288,0.097110006,4721,0.036856598,0,0,0,0,0,5,0.828063697
124804.09,0.491775302,0.5,6137,37,0.1367,33,34.875,37.19,0,0,0.07,0,0,20,0.5,5.5,50,1000,0.1,0.1,0.1,0.1,0.1,0.1,0.5,0,14762,0.058799621,0.021270831,6473,0.122663371,0.098408775,4740,0.03649789,0,0,0,0,0,5,0.783316234
124864.15,0.49014912,0.5,6137,37,0.1354,33,34.875,37.17,0,0,0.07,0,0,20,0.5,5.5,50,1000,0.1,0.1,0.1,0.1,0.1,0.1,0.5,0,14968,0.058992517,0.021378942,6614,0.120955549,0.097520411,4844,0.036127168,0,0,0,0,0,5,0.734213713
124924.2,0.494581912,0.5,6137,37,0.1462,33,34.9375,37.11,0,0,0.25,0,0,20,0.5,5.5,50,1000,0.1,0.1,0.1,0.1,0.1,0.1,0.5,0,16019,0.056620263,0.020787814,6641,0.121969583,0.098328565,4798,0.037307211,0,0,0,0,0,5,0.724512364
124984.26,0.516848125,0.5,6137,37,0.0969,32.9375,34.875,37.27,0,0,0,0,0,20,0.5,5.5,50,1000,0.1,0.1,0.1,0.1,0.1,0.1,0.5,0,15899,0.057299201,0.020693125,6562,0.124047546,0.099817129,5031,0.036772014,0,0,0,0,0,5,0.820395601
125044.32,0.522775515,0.5,6137,37,0.1786,32.9375,34.875,36.93,0,0,0,0,0,20,0.5,5.5,50,1000,0.1,0.1,0.1,0.1,0.1,0.1,0.5,0,15156,0.059250462,0.021443653,6559,0.126086294,0.101387407,5273,0.036601555,0,0,0,0,0,5,0.813585056
125104.36,0.514762762,0.5,6137,37,0.1918,32.8125,34.875,36.87,0,0,0,0,0,20,0.5,5.5,50,1000,0.1,0.1,0.1,0.1,0.1,0.1,0.5,0,15289,0.059650729,0.021584145,6614,0.127305715,0.102056244,5240,0.03740458,0,0,0,0,0,5,0.726567774
125164.4,0.536964599,0.5,6137,37,0.1256,32.8125,34.875,37.13,0,0,0,0,0,20,0.5,5.5,50,1000,0.1,0.1,0.1,0.1,0.1,0.1,0.5,0,16191,0.057871657,0.021122846,6781,0.125497714,0.101754903,4987,0.036695408,0,0,0,0,0,5,0.816917479
125224.47,0.54558457,0.5,6137,37,0.147,32.875,34.875,37.03,0,0,0,0,0,20,0.5,5.5,50,1000,0.1,0.1,0.1,0.1,0.1,0.1,0.5,0,15949,0.058498965,0.021129851,6815,0.126925899,0.101540719,5079,0.03701516,0,0,0,0,0,5,0.823848573
125284.51,0.543167175,0.5,6137,37,0.27075,32.875,34.875,36.95,0,0.02,0.15,0,0,20,0.5,5.5,50,1000,0.1,0.1,0.1,0.1,0.1,0.1,0.5,0,16570,0.057573929,0.02076041,6925,0.126353791,0.101516245,4966,0.037454692,0,0,0,0,0,0.44,0.823848573
125344.56,0.512037177,0.5,6137,37,0.477475,32.6875,34.8125,36.07,0,0.02,0.15,0,0,20,0.5,5.5,50,1000,0.1,0.1,0.1,0.1,0.1,0.1,0.5,0,15525,0.058035427,0.021127214,6689,0.121692331,0.097921961,4720,0.036440678,0,0,0,0,0,0.44,0.823848573
125404.62,0.461641855,0.5,6137,37,0.56285,32.5,34.875,35.83,0,0.02,0.15,0,0,20,0.5,5.5,50,1000,0.1,0.1,0.1,0.1,0.1,0.1,0.5,0,15075,0.056583748,0.020563847,6191,0.119851397,0.096107252,4601,0.035427081,0,0,0,0,0,0.44,0.823848573
125464.66,0.429753224,0.5,6137,37,0.4613,32.625,34.875,36.17,0,0,0.07,0,0,20,0.5,5.5,50,1000,0.1,0.1,0.1,0.1,0.1,0.1,0.5,0,14132,0.057104444,0.020945372,6004,0.113757495,0.091439041,4585,0.035114504,0,0,0,0,0,5,0.823848573
125524.73,0.445969333,0.5,6137,37,0.218,32.8125,34.875,37.13,0,0,0.25,0,0,20,0.5,5.5,50,1000,0.1,0.1,0.1,0.1,0.1,0.1,0.5,0,13854,0.05745633,0.02078822,6027,0.113821138,0.091587855,4439,0.035818878,0,0,0,0,0,5,0.823848573
125584.77,0.455546819,0.5,6137,37,0.1799,32.9375,34.875,37.25,0,0,0.07,0,0,20,0.5,5.5,50,1000,0.1,0.1,0.1,0.1,0.1,0.1,0.5,0,14207,0.057295699,0.020975575,6062,0.114153745,0.091883867,4638,0.035575679,0,0,0,0,0,5,0.823848573
125644.82,0.448421217,0.5,6137,37,0.0899,33.125,34.875,37.55,0,0,0.07,0,0,20,0.5,5.5,50,1000,0.1,0.1,0.1,0.1,0.1,0.1,0.5,0,14663,0.056127668,0.020391462,5989,0.115879112,0.093504759,4774,0.034981148,0,0,0,0,0,5,0.823848573
125704.89,0.419891999,0.5,6137,37,0.1326,33.125,34.875,37.33,0,0,0.07,0,0,20,0.5,5.5,50,1000,0.1,0.1,0.1,0.1,0.1,0.1,0.5,0,14898,0.056114915,0.020673916,6138,0.115509938,0.093189964,4481,0.034813658,0,0,0,0,0,5,0.823848573
125764.95,0.441585138,0.5,6137,37,0.1168,33.25,34.875,37.35,0,0,0.07,0,0,20,0.5,5.5,50,1000,0.1,0.1,0.1,0.1,0.1,0.1,0.5,0,13995,0.058449446,0.021150411,6219,0.116095835,0.093744975,4796,0.035237698,0,0,0,0,0,5,0.823848573
125825.02,0.457863381,0.5,6137,37,0.1722,33.125,34.9375,37.09,0,0,0.25,0,0,20,0.5,5.5,50,1000,0.1,0.1,0.1,0.1,0.1,0.1,0.5,0,15418,0.055454663,0.020430665,6275,0.117609562,0.094183267,4599,0.036312242,0,0,0,0,0,5,0.891256156
125885.08,0.454085838,0.5,6137,37,0.0955,33,34.875,37.35,0,0,0.07,0,0,20,0.5,5.5,50,1000,0.1,0.1,0.1,0.1,0.1,0.1,0.5,0,14784,0.056953463,0.020698052,6301,0.117124266,0.094429456,4668,0.035347044,0,0,0,0,0,5,0.821839567
125945.2,0.455344143,0.5,6137,37,0.1298,32.875,34.8125,37.19,0,0,0.07,0,0,20,0.5,5.5,50,1000,0.1,0.1,0.1,0.1,0.1,0.1,0.5,0,14848,0.057381466,0.02108028,6501,0.116751269,0.093370251,4780,0.036401674,0,0,0,0,0,5,0.78904931
126005.24,0.476024748,0.5,6137,37,0.1656,32.875,34.875,37.03,0,0,0.07,0,0,20,0.5,5.5,50,1000,0.1,0.1,0.1,0.1,0.1,0.1,0.5,0,14753,0.057818749,0.021080458,6206,0.12085079,0.097164035,4912,0.035830619,0,0,0,0,0,5,0.882845905
126065.32,0.482594289,0.5,6137,37,0.08035,32.875,34.875,36.95,0,0,0,0,0,20,0.5,5.5,50,1000,0.1,0.1,0.1,0.1,0.1,0.1,0.5,0,14724,0.058815539,0.021121978,6410,0.119812793,0.096411856,4783,0.036169768,0,0,0,0,0,5,0.879823033
126125.35,0.485800813,0.5,6137,37,0.09965,32.875,34.875,36.95,0,0,0,0,0,20,0.5,5.5,50,1000,0.1,0.1,0.1,0.1,0.1,0.1,0.5,0,14887,0.058910459,0.021092228,6359,0.122189023,0.098443151,4795,0.036913452,0,0,0,0,0,5,0.855698994
126185.4,0.482532884,0.5,6137,37,0.12635,32.875,34.875,36.89,0,0,0,0,0,20,0.5,5.5,50,1000,0.1,0.1,0.1,0.1,0.1,0.1,0.5,0,15438,0.05771473,0.02105195,6579,0.120535036,0.096975224,4776,0.036641541,0,0,0,0,0,5,0.79266519
126245.44,0.496988828,0.5,6137,37,0.15785,32.875,34.875,36.89,0,0,0,0,0,20,0.5,5.5,50,1000,0.1,0.1,0.1,0.1,0.1,0.1,0.5,0,15989,0.056789042,0.020826818,6530,0.123583461,0.098621746,4780,0.036401674,0,0,0,0,0,5,0.841587358
126305.5,0.524178779,0.5,6137,37,0.12925,32.8125,34.875,36.89,0,0,0,0,0,20,0.5,5.5,50,1000,0.1,0.1,0.1,0.1,0.1,0.1,0.5,0,15252,0.058943089,0.021439811,6436,0.124766936,0.10083903,5036,0.036139793,0,0,0,0,0,5,0.959303773
126365.57,0.505695911,0.5,6137,37,0.17395,32.8125,34.875,36.89,0,0,0,0,0,20,0.5,5.5,50,1000,0.1,0.1,0.1,0.1,0.1,0.1,0.5,0,15470,0.058306399,0.021266968,6563,0.124181015,0.09980192,5020,0.03625498,0,0,0,0,0,5,0.803646729
126425.63,0.523069816,0.5,6137,37,0.16305,32.8125,34.875,36.97,0,0,0,0,0,20,0.5,5.5,50,1000,0.1,0.1,0.1,0.1,0.1,0.1,0.5,0,15419,0.05908295,0.021337311,6702,0.123992838,0.099820949,4845,0.036945304,0,0,0,0,0,5,0.864802661
126485.68,0.523176487,0.5,6137,37,0.12325,32.8125,34.875,37.11,0,0,0,0,0,20,0.5,5.5,50,1000,0.1,0.1,0.1,0.1,0.1,0.1,0.5,0,15429,0.059498347,0.021388295,6814,0.124156149,0.099647784,5137,0.03640257,0,0,0,0,0,5,0.822174267
126545.75,0.527433532,0.5,6137,37,0.11905,32.875,34.875,37.03,0,0,0,0,0,20,0.5,5.5,50,1000,0.1,0.1,0.1,0.1,0.1,0.1,0.5,0,16410,0.05746496,0.020962828,6754,0.126147468,0.10142138,4844,0.037159372,0,0,0,0,0,5,0.805377533
126605.78,0.555758486,0.5,6137,37,0.18705,32.75,34.875,36.95,0,0,0,0,0,20,0.5,5.5,50,1000,0.1,0.1,0.1,0.1,0.1,0.1,0.5,0,15130,0.06054197,0.021877065,7127,0.122632244,0.09877929,4955,0.037336024,0,0,0,0,0,5,0.922041568
126665.84,0.550323491,0.5,6137,37,0.26315,32.75,34.875,36.97,0,0.02,0.15,0,0,20,0.5,5.5,50,1000,0.1,0.1,0.1,0.1,0.1,0.1,0.5,0,15438,0.060629615,0.021699702,6848,0.126898364,0.102219626,5089,0.037138927,0,0,0,0,0,0.44,0.922041568
126725.9,0.477509637,0.5,6137,37,0.447048766,32.6875,34.875,36.13,0,0.016174906,0.25,0,0,20,0.5,5.5,50,1000,0.1,0.1,0.1,0.1,0.1,0.1,0.5,0,14840,0.059770889,0.021361186,6424,0.125622665,0.100404732,4851,0.037105751,0,0,0,0,0,0.44,0.922041568
126785.95,0.441592565,0.5,6137,37,0.5277,32.5625,34.8125,35.77,0,0,0.07,0,0,20,0.5,5.5,50,1000,0.1,0.1,0.1,0.1,0.1,0.1,0.5,0,14676,0.057917689,0.021054783,6258,0.119207415,0.095557686,4791,0.035691922,0,0,0,0,0,5,0.922041568
126845.99,0.439273185,0.5,6137,37,0.2805,32.8125,34.8125,36.79,0,0,0.07,0,0,20,0.5,5.5,50,1000,0.1,0.1,0.1,0.1,0.1,0.1,0.5,0,14701,0.058091286,0.021223046,6383,0.118126273,0.094626351,4810,0.035966736,0,0,0,0,0,5,0.922041568
126906.07,0.451859784,0.5,6137,37,0.1483,33,34.8125,37.29,0,0,0.07,0,0,20,0.5,5.5,50,1000,0.1,0.1,0.1,0.1,0.1,0.1,0.5,0,15187,0.056693224,0.020609732,6169,0.121089318,0.097260496,4717,0.035827857,0,0,0,0,0,5,0.922041568
126966.11,0.465362232,0.5,6137,37,0.1472,33.125,34.875,37.25,0,0,0.07,0,0,20,0.5,5.5,50,1000,0.1,0.1,0.1,0.1,0.1,0.1,0.5,0,14677,0.058390679,0.020917081,6399,0.119862479,0.096108767,4778,0.036416911,0,0,0,0,0,5,0.922041568
127026.15,0.470025694,0.5,6137,37,0.137,33.125,34.875,37.25,0,0,0.25,0,0,20,0.5,5.5,50,1000,0.1,0.1,0.1,0.1,0.1,0.1,0.5,0,14791,0.05895477,0.021229126,6615,0.118518519,0.094935752,4874,0.035904801,0,0,0,0,0,5,0.922041568
127086.2,0.47761524,0.5,6137,37,0.1053,33.1875,34.875,37.33,0,0,0.07,0,0,20,0.5,5.5,50,1000,0.1,0.1,0.1,0.1,0.1,0.1,0.5,0,15725,0.056788553,0.020858506,6497,0.120978913,0.097429583,4593,0.037012846,0,0,0,0,0,5,0.922041568
127146.27,0.487333497,0.5,6137,37,0.129,33.1875,34.875,37.21,0,0,0.07,0,0,20,0.5,5.5,50,1000,0.1,0.1,0.1,0.1,0.1,0.1,0.5,0,15358,0.058015367,0.021096497,6457,0.123586805,0.098652625,4985,0.036108325,0,0,0,0,0,5,0.936369134
127206.33,0.479067887,0.5,6137,37,0.1654,33.0625,34.875,37.05,0,0,0.07,0,0,20,0.5,5.5,50,1000,0.1,0.1,0.1,0.1,0.1,0.1,0.5,0,15474,0.058355952,0.021002973,6633,0.122568973,0.098145635,4773,0.036245548,0,0,0,0,0,5,0.838231562
127266.37,0.499808367,0.5,6137,37,0.1656,33.0625,34.875,37.03,0,0,0.07,0,0,20,0.5,5.5,50,1000,0.1,0.1,0.1,0.1,0.1,0.1,0.5,0,15764,0.057726465,0.020933773,6733,0.122085252,0.098618744,4908,0.036674817,0,0,0,0,0,5,0.923467318
127326.44,0.497968398,0.5,6137,37,0.1623,33.0625,34.875,37.03,0,0,0.25,0,0,20,0.5,5.5,50,1000,0.1,0.1,0.1,0.1,0.1,0.1,0.5,0,15670,0.058264199,0.020995533,6708,0.124031008,0.099731664,4735,0.036958817,0,0,0,0,0,5,0.866229522
127386.48,0.511462436,0.5,6137,37,0.13535,33,34.875,37.11,0,0,0,0,0,20,0.5,5.5,50,1000,0.1,0.1,0.1,0.1,0.1,0.1,0.5,0,15823,0.058585603,0.021234911,6796,0.124632137,0.100794585,4857,0.037265802,0,0,0,0,0,5,0.903130627
127446.56,0.520704667,0.5,6137,37,0.14505,33,34.875,36.95,0,0,0,0,0,20,0.5,5.5,50,1000,0.1,0.1,0.1,0.1,0.1,0.1,0.5,0,15843,0.058827242,0.021144985,6770,0.125553914,0.100886263,4878,0.037515375,0,0,0,0,0,5,0.911700732
127506.63,0.526769415,0.5,6137,37,0.11555,33,34.875,36.95,0,0,0,0,0,20,0.5,5.5,50,1000,0.1,0.1,0.1,0.1,0.1,0.1,0.5,0,16477,0.057595436,0.020877587,6892,0.125362739,0.101567034,4971,0.037618185,0,0,0,0,0,5,0.900855357
127566.71,0.52412435,0.5,6137,37,0.11425,32.875,34.875,37.05,0,0,0,0,0,20,0.5,5.5,50,1000,0.1,0.1,0.1,0.1,0.1,0.1,0.5,0,15558,0.06022625,0.021532331,6902,0.127789047,0.102289192,5254,0.037114579,0,0,0,0,0,5,0.84071076
127626.78,0.532845434,0.5,6137,37,0.16215,33,34.9375,36.89,0,0,0,0,0,20,0.5,5.5,50,1000,0.1,0.1,0.1,0.1,0.1,0.1,0.5,0,16341,0.05880913,0.021173735,6883,0.12843237,0.103443266,5147,0.037691859,0,0,0,0,0,5,0.848182491
127686.84,0.55935176,0.5,6137,37,0.14945,32.9375,34.9375,37.05,0,0,0,0,0,20,0.5,5.5,50,1000,0.1,0.1,0.1,0.1,0.1,0.1,0.5,0,15227,0.06153543,0.021869048,6840,0.12997076,0.104093567,5332,0.036946737,0,0,0,0,0,5,0.951414822
127746.9,0.551246629,0.5,6137,37,0.368425,32.9375,34.9375,36.47,0,0.02,0.15,0,0,20,0.5,5.5,50,1000,0.1,0.1,0.1,0.1,0.1,0.1,0.5,0,16400,0.05945122,0.021341463,6694,0.13385121,0.107708396,4966,0.037857431,0,0,0,0,0,0.44,0.951414822
127806.96,0.502374016,0.5,6137,37,0.498125,32.75,34.9375,35.97,0,0.02,0.15,0,0,20,0.5,5.5,50,1000,0.1,0.1,0.1,0.1,0.1,0.1,0.5,0,15541,0.059069558,0.021427193,6654,0.125187857,0.099939886,4805,0.038085328,0,0,0,0,0,0.44,0.951414822
127867.02,0.462155887,0.5,6137,37,0.54925,32.75,34.875,35.91,0,0.02,0.15,0,0,20,0.5,5.5,50,1000,0.1,0.1,0.1,0.1,0.1,0.1,0.5,0,15413,0.056900019,0.020956336,6586,0.117370179,0.094139083,4733,0.036129305,0,0,0,0,0,0.44,0.951414822
127927.08,0.425534661,0.5,6137,37,0.5164,32.6875,34.9375,35.97,0,0,0.25,0,0,20,0.5,5.5,50,1000,0.1,0.1,0.1,0.1,0.1,0.1,0.5,0,14836,0.05634942,0.020625506,6051,0.11584862,0.092381425,4682,0.03524135,0,0,0,0,0,5,0.951414822
127987.12,0.412572044,0.5,6137,37,0.2067,32.9375,34.9375,37.21,0,0,0.07,0,0,20,0.5,5.5,50,1000,0.1,0.1,0.1,0.1,0.1,0.1,0.5,0,14708,0.056023933,0.020533043,6113,0.114510061,0.091444463,4463,0.035850325,0,0,0,0,0,5,0.951414822
128047.19,0.444034271,0.5,6137,37,0.0743,33.1875,34.9375,37.67,0,0,0.07,0,0,20,0.5,5.5,50,1000,0.1,0.1,0.1,0.1,0.1,0.1,0.5,0,14369,0.057067298,0.020599903,6081,0.115934879,0.093570136,4571,0.035222052,0,0,0,0,0,5,0.951414822
128107.29,0.439572397,0.5,6137,37,0.0946,33.125,34.9375,37.53,0,0,0.07,0,0,20,0.5,5.5,50,1000,0.1,0.1,0.1,0.1,0.1,0.1,0.5,0,14333,0.057699016,0.021070257,6161,0.116052589,0.093653628,4624,0.035250865,0,0,0,0,0,5,0.951414822
128167.34,0.454446439,0.5,6137,37,0.1294,33.25,34.9375,37.35,0,0,0.07,0,0,20,0.5,5.5,50,1000,0.1,0.1,0.1,0.1,0.1,0.1,0.5,0,14115,0.058660999,0.021466525,6056,0.119550859,0.095937913,4665,0.035798499,0,0,0,0,0,5,0.951414822
128227.38,0.457624186,0.5,6137,37,0.204,33.1875,34.9375,37.03,0,0,0.25,0,0,20,0.5,5.5,50,1000,0.1,0.1,0.1,0.1,0.1,0.1,0.5,0,14990,0.05670447,0.020747165,6195,0.118805488,0.095883777,4702,0.036154828,0,0,0,0,0,5,0.951414822
128287.44,0.471705823,0.5,6137,37,0.1503,33.125,34.9375,37.21,0,0,0.07,0,0,20,0.5,5.5,50,1000,0.1,0.1,0.1,0.1,0.1,0.1,0.5,0,14922,0.05756601,0.021109771,6373,0.117997803,0.094774831,4606,0.03582284,0,0,0,0,0,5,0.994765806
128347.47,0.460956267,0.5,6137,37,0.131,33.125,34.9375,37.25,0,0,0.07,0,0,20,0.5,5.5,50,1000,0.1,0.1,0.1,0.1,0.1,0.1,0.5,0,14772,0.057879773,0.02112104,6450,0.118449612,0.094728682,4658,0.03649635,0,0,0,0,0,5,0.87587043
128407.54,0.473821833,0.5,6137,37,0.0941,33.125,34.875,37.37,0,0,0.07,0,0,20,0.5,5.5,50,1000,0.1,0.1,0.1,0.1,0.1,0.1,0.5,0,14777,0.058333897,0.021452257,6374,0.120018826,0.096956385,4821,0.035884671,0,0,0,0,0,5,0.914661503
128467.61,0.476307295,0.5,6137,37,0.146,33,34.875,37.13,0,0,0.07,0,0,20,0.5,5.5,50,1000,0.1,0.1,0.1,0.1,0.1,0.1,0.5,0,14921,0.058709202,0.021312244,6375,0.121568627,0.09772549,4644,0.035745047,0,0,0,0,0,5,0.884623985
128527.66,0.493578576,0.5,6137,37,0.17585,33.0625,34.8125,37.09,0,0,0,0,0,20,0.5,5.5,50,1000,0.1,0.1,0.1,0.1,0.1,0.1,0.5,0,15312,0.058254963,0.021290491,6380,0.122413793,0.099059561,4755,0.035962145,0,0,0,0,0,5,0.947249319
128587.72,0.490058813,0.5,6137,37,0.09895,33,34.875,37.19,0,0,0,0,0,20,0.5,5.5,50,1000,0.1,0.1,0.1,0.1,0.1,0.1,0.5,0,15686,0.057503506,0.020910366,6547,0.121582404,0.097601955,4550,0.037362637,0,0,0,0,0,5,0.87841688
128647.79,0.48893718,0.5,6137,37,0.15205,33,34.875,37.03,0,0,0,0,0,20,0.5,5.5,50,1000,0.1,0.1,0.1,0.1,0.1,0.1,0.5,0,15416,0.058770109,0.020952257,6602,0.122841563,0.098455014,4807,0.036821302,0,0,0,0,0,5,0.82762185
128707.84,0.515954891,0.5,6137,37,0.13375,33,34.875,37.09,0,0,0,0,0,20,0.5,5.5,50,1000,0.1,0.1,0.1,0.1,0.1,0.1,0.5,0,15556,0.05869118,0.021085112,6455,0.126103796,0.101006971,5162,0.035838822,0,0,0,0,0,5,0.947596736
128767.88,0.516254652,0.5,6137,37,0.15845,33,34.8125,37.01,0,0,0,0,0,20,0.5,5.5,50,1000,0.1,0.1,0.1,0.1,0.1,0.1,0.5,0,15867,0.058234071,0.020860906,6521,0.126667689,0.101364821,5058,0.036180308,0,0,0,0,0,5,0.901959344
128827.92,0.508377337,0.5,6137,37,0.17375,32.9375,34.875,36.89,0,0,0,0,0,20,0.5,5.5,50,1000,0.1,0.1,0.1,0.1,0.1,0.1,0.5,0,15612,0.059249295,0.0213938,6488,0.127466091,0.102188656,5022,0.036439665,0,0,0,0,0,5,0.810732793
128887.99,0.523009622,0.5,6137,37,0.11575,33,34.875,37.09,0,0,0,0,0,20,0.5,5.5,50,1000,0.1,0.1,0.1,0.1,0.1,0.1,0.5,0,15537,0.059664028,0.021497072,6815,0.124724872,0.100220103,4824,0.036898839,0,0,0,0,0,5,0.855323856
128948.05,0.518934113,0.5,6137,37,0.15425,32.9375,34.875,36.79,0,0,0,0,0,20,0.5,5.5,50,1000,0.1,0.1,0.1,0.1,0.1,0.1,0.5,0,16488,0.058163513,0.021045609,6964,0.12435382,0.100086157,4998,0.037615046,0,0,0,0,0,5,0.789088851
129008.1,0.534650785,0.5,6137,37,0.11855,33,34.875,37.17,0,0,0,0,0,20,0.5,5.5,50,1000,0.1,0.1,0.1,0.1,0.1,0.1,0.5,0,16080,0.059017413,0.021393035,6800,0.126764706,0.102205882,4976,0.036977492,0,0,0,0,0,5,0.839145021
129068.16,0.526169144,0.5,6137,37,0.16145,32.9375,34.875,36.95,0,0,0,0,0,20,0.5,5.5,50,1000,0.1,0.1,0.1,0.1,0.1,0.1,0.5,0,16059,0.059717292,0.02142101,6639,0.130591957,0.105136316,5013,0.037502494,0,0,0,0,0,5,0.749214563
129128.2,0.550332234,0.5,6137,37,0.12495,32.875,34.875,36.89,0,0,0,0,0,20,0.5,5.5,50,1000,0.1,0.1,0.1,0.1,0.1,0.1,0.5,0,16388,0.059128631,0.02129607,6905,0.128023172,0.103258508,5319,0.037037037,0,0,0,0,0,5,0.846452126
129188.25,0.553637442,0.5,6137,37,0.25245,33,34.875,37.01,0,0.02,0.15,0,0,20,0.5,5.5,50,1000,0.1,0.1,0.1,0.1,0.1,0.1,0.5,0,17189,0.058234918,0.020827273,6803,0.132294576,0.105835661,4979,0.038361117,0,0,0,0,0,0.44,0.846452126
129248.28,0.512326456,0.5,6137,37,0.45035,32.875,34.875,36.13,0,0.02,0.15,0,0,20,0.5,5.5,50,1000,0.1,0.1,0.1,0.1,0.1,0.1,0.5,0,15789,0.05966179,0.02166065,6797,0.126673532,0.101074003,5178,0.037079954,0,0,0,0,0,0.44,0.846452126
129308.35,0.482280959,0.5,6137,37,0.57035,32.75,34.875,35.71,0,0.02,0.15,0,0,20,0.5,5.5,50,1000,0.1,0.1,0.1,0.1,0.1,0.1,0.5,0,15180,0.058893281,0.021343874,6243,0.125420471,0.100432484,4754,0.036180059,0,0,0,0,0,0.44,0.846452126
129368.42,0.436563964,0.5,6137,37,0.4045,32.75,34.8125,36.33,0,0,0.07,0,0,20,0.5,5.5,50,1000,0.1,0.1,0.1,0.1,0.1,0.1,0.5,0,14087,0.059345496,0.021367218,6128,0.11863577,0.09497389,4568,0.036339755,0,0,0,0,0,5,0.846452126
129428.49,0.438636119,0.5,6137,37,0.2669,33,34.875,36.89,0,0,0.25,0,0,20,0.5,5.5,50,1000,0.1,0.1,0.1,0.1,0.1,0.1,0.5,0,14331,0.058823529,0.02093364,6075,0.118024691,0.095308642,4835,0.03516029,0,0,0,0,0,5,0.846452126
129488.55,0.454223119,0.5,6137,37,0.18905,33.125,34.875,37.27,0,0,0.07,0,0,20,0.5,5.5,50,1000,0.1,0.1,0.1,0.1,0.1,0.1,0.5,0,14870,0.057094822,0.021049092,6201,0.118206741,0.094500887,4535,0.03660419,0,0,0,0,0,5,0.846452126
129548.62,0.462535005,0.5,6137,37,0.06705,33.125,34.8125,37.55,0,0,0.07,0,0,20,0.5,5.5,50,1000,0.1,0.1,0.1,0.1,0.1,0.1,0.5,0,15324,0.056447403,0.020817019,6165,0.119545823,0.095701541,4822,0.036084612,0,0,0,0,0,5,0.846452126
129608.68,0.460695447,0.5,6137,37,0.08265,33.125,34.875,37.37,0,0,0.07,0,0,20,0.5,5.5,50,1000,0.1,0.1,0.1,0.1,0.1,0.1,0.5,0,15827,0.055790737,0.020597713,6397,0.117398781,0.094419259,4655,0.035445757,0,0,0,0,0,5,0.846452126
129668.76,0.471269663,0.5,6137,37,0.12595,33.125,34.8125,37.21,0,0,0.07,0,0,20,0.5,5.5,50,1000,0.1,0.1,0.1,0.1,0.1,0.1,0.5,0,15063,0.05802297,0.021044945,6352,0.119489924,0.096190176,4734,0.035487959,0,0,0,0,0,5,0.846452126
129728.81,0.470953928,0.5,6137,37,0.1427,33.0625,34.875,37.19,0,0,0.25,0,0,20,0.5,5.5,50,1000,0.1,0.1,0.1,0.1,0.1,0.1,0.5,0,15480,0.057428941,0.020994832,6512,0.119164619,0.095976658,4702,0.036580179,0,0,0,0,0,5,0.802118946
129788.85,0.466012062,0.5,6137,37,0.11335,33,34.8125,37.19,0,0,0.07,0,0,20,0.5,5.5,50,1000,0.1,0.1,0.1,0.1,0.1,0.1,0.5,0,14929,0.059146627,0.021300824,6301,0.12204412,0.098555785,4854,0.036464771,0,0,0,0,0,5,0.730366738
129848.92,0.470407822,0.5,6137,37,0.10465,32.9375,34.8125,37.11,0,0,0.07,0,0,20,0.5,5.5,50,1000,0.1,0.1,0.1,0.1,0.1,0.1,0.5,0,15639,0.057548437,0.021037151,6419,0.122916342,0.098613491,4678,0.03676785,0,0,0,0,0,5,0.722013918
129908.95,0.488862112,0.5,6137,37,0.12015,32.875,34.8125,37.01,0,0,0.07,0,0,20,0.5,5.5,50,1000,0.1,0.1,0.1,0.1,0.1,0.1,0.5,0,15486,0.058181583,0.021115847,6465,0.123433875,0.098839907,4820,0.037136929,0,0,0,0,0,5,0.801354563
129969,0.496275787,0.5,6137,37,0.11975,33,34.875,37.13,0,0,0,0,0,20,0.5,5.5,50,1000,0.1,0.1,0.1,0.1,0.1,0.1,0.5,0,15929,0.057567958,0.020842489,6679,0.122024255,0.097170235,4882,0.036870135,0,0,0,0,0,5,0.806440805
130029.07,0.516409441,0.5,6137,37,0.18035,32.9375,34.9375,37.05,0,0,0,0,0,20,0.5,5.5,50,1000,0.1,0.1,0.1,0.1,0.1,0.1,0.5,0,14912,0.060689378,0.021794528,6517,0.125057542,0.101120147,4809,0.036598045,0,0,0,0,0,5,0.885423206
130089.11,0.504288764,0.5,6137,37,0.11905,33,34.9375,37.03,0,0,0,0,0,20,0.5,5.5,50,1000,0.1,0.1,0.1,0.1,0.1,0.1,0.5,0,15546,0.059500836,0.021291651,6672,0.12529976,0.100419664,5034,0.036948749,0,0,0,0,0,5,0.769899363
130149.19,0.515349866,0.5,6137,37,0.08865,32.8125,34.9375,37.09,0,0,0,0,0,20,0.5,5.5,50,1000,0.1,0.1,0.1,0.1,0.1,0.1,0.5,0,15803,0.058849586,0.021325065,6852,0.123321658,0.099824869,4863,0.037836726,0,0,0,0,0,5,0.796495319
130209.26,0.529301156,0.5,6137,37,0.12685,32.9375,34.9375,37.01,0,0,0,0,0,20,0.5,5.5,50,1000,0.1,0.1,0.1,0.1,0.1,0.1,0.5,0,16539,0.057923696,0.02073886,6608,0.127875303,0.102905569,4937,0.03666194,0,0,0,0,0,5,0.836805174
130269.37,0.541873958,0.5,6137,37,0.17515,32.875,34.875,37.13,0,0,0,0,0,20,0.5,5.5,50,1000,0.1,0.1,0.1,0.1,0.1,0.1,0.5,0,16246,0.058968361,0.02129755,6726,0.128605412,0.103181683,4960,0.037903226,0,0,0,0,0,5,0.865392503
130329.44,0.523002988,0.5,6137,37,0.15365,33,34.875,37.11,0,0,0,0,0,20,0.5,5.5,50,1000,0.1,0.1,0.1,0.1,0.1,0.1,0.5,0,16638,0.058480587,0.021156389,7104,0.12401464,0.099943694,5070,0.037475345,0,0,0,0,0,5,0.715784136
130389.51,0.527515073,0.5,6137,37,0.08795,32.9375,34.875,37.03,0,0,0,0,0,20,0.5,5.5,50,1000,0.1,0.1,0.1,0.1,0.1,0.1,0.5,0,16137,0.059986367,0.021503377,7000,0.127285714,0.101857143,5114,0.036957372,0,0,0,0,0,5,0.705765713
130449.58,0.521171281,0.5,6137,37,0.13645,32.875,34.875,36.95,0,0,0,0,0,20,0.5,5.5,50,1000,0.1,0.1,0.1,0.1,0.1,0.1,0.5,0,15776,0.061168864,0.021551724,7061,0.127602323,0.102393429,5232,0.037461774,0,0,0,0,0,5,0.634181336
130509.66,0.541500935,0.5,6137,37,0.13435,33.0625,34.8125,37.05,0,0,0,0,0,20,0.5,5.5,50,1000,0.1,0.1,0.1,0.1,0.1,0.1,0.5,0,16542,0.059908113,0.021520977,6908,0.131731326,0.10581934,4996,0.037229784,0,0,0,0,0,5,0.717270425
130569.69,0.548175362,0.5,6137,37,0.37965,32.9375,34.875,36.41,0,0.02,0.15,0,0,20,0.5,5.5,50,1000,0.1,0.1,0.1,0.1,0.1,0.1,0.5,0,16624,0.06069538,0.021474976,7279,0.127352658,0.102349224,5306,0.038070109,0,0,0,0,0,0.44,0.717270425
130629.75,0.492963039,0.5,6137,37,0.536416801,32.875,34.875,35.77,0,0.017973989,0.25,0,0,20,0.5,5.5,50,1000,0.1,0.1,0.1,0.1,0.1,0.1,0.5,0,17084,0.056953875,0.020487005,6809,0.124834778,0.100014686,4825,0.038134715,0,0,0,0,0,0.44,0.717270425
130689.82,0.464355221,0.5,6137,37,0.583712972,32.6875,34.875,35.69,0,0.014730293,0.128921172,0,0,20,0.5,5.5,50,1000,0.1,0.1,0.1,0.1,0.1,0.1,0.5,0,15233,0.058491433,0.021203965,6374,0.122529024,0.098211484,4708,0.035683942,0,0,0,0,0,0.44,0.717270425
130749.86,0.452581081,0.5,6137,37,0.530347207,32.6875,34.875,36.31,0,0,0.07,0,0,20,0.5,5.5,50,1000,0.1,0.1,0.1,0.1,0.1,0.1,0.5,0,14131,0.059302243,0.021512986,6130,0.119902121,0.095595432,4552,0.03602812,0,0,0,0,0,5,0.717270425
130809.9,0.455537121,0.5,6137,37,0.21125,33,34.8125,37.13,0,0,0.07,0,0,20,0.5,5.5,50,1000,0.1,0.1,0.1,0.1,0.1,0.1,0.5,0,15364,0.056951315,0.020502473,6244,0.117552851,0.094170404,4663,0.035170491,0,0,0,0,0,5,0.717270425
130869.95,0.453068448,0.5,6137,37,0.11075,33,34.875,37.25,0,0,0.07,0,0,20,0.5,5.5,50,1000,0.1,0.1,0.1,0.1,0.1,0.1,0.5,0,14640,0.058401639,0.021243169,6246,0.119596542,0.095421069,4598,0.035450196,0,0,0,0,0,5,0.717270425
130929.99,0.467467956,0.5,6137,37,0.1744,33,34.875,37.17,0,0,0.25,0,0,20,0.5,5.5,50,1000,0.1,0.1,0.1,0.1,0.1,0.1,0.5,0,14590,0.059013023,0.02145305,6425,0.117354086,0.094319066,4703,0.03635977,0,0,0,0,0,5,0.717270425
130990.04,0.470827007,0.5,6137,37,0.14535,33.0625,34.875,37.19,0,0,0.07,0,0,20,0.5,5.5,50,1000,0.1,0.1,0.1,0.1,0.1,0.1,0.5,0,15404,0.05745261,0.02057907,6403,0.119006716,0.095267843,4813,0.036567629,0,0,0,0,0,5,0.717270425
131050.07,0.485234188,0.5,6137,37,0.14375,33.125,34.875,37.21,0,0,0.07,0,0,20,0.5,5.5,50,1000,0.1,0.1,0.1,0.1,0.1,0.1,0.5,0,14825,0.058954469,0.021450253,6452,0.120582765,0.096559206,4842,0.036968195,0,0,0,0,0,5,0.717270425
131110.15,0.505590797,0.5,6137,37,0.13475,32.9375,34.875,37.13,0,0,0.07,0,0,20,0.5,5.5,50,1000,0.1,0.1,0.1,0.1,0.1,0.1,0.5,0,14864,0.059607104,0.021326695,6437,0.12195122,0.097871679,4681,0.035889767,0,0,0,0,0,5,0.804694913
131170.22,0.501807436,0.5,6137,37,0.09725,33,34.875,37.29,0,0,0.07,0,0,20,0.5,5.5,50,1000,0.1,0.1,0.1,0.1,0.1,0.1,0.5,0,15837,0.057649807,0.020900423,6753,0.119650526,0.096105435,4807,0.037029332,0,0,0,0,0,5,0.741926602
131230.27,0.471938339,0.5,6137,37,0.1781,33.125,34.8125,37.01,0,0,0.25,0,0,20,0.5,5.5,50,1000,0.1,0.1,0.1,0.1,0.1,0.1,0.5,0,15530,0.05878944,0.021249195,6512,0.123310811,0.099047912,4871,0.036542804,0,0,0,0,0,5,0.520725932
131290.33,0.474767806,0.5,6137,37,0.17265,33.0625,34.875,37.09,0,0,0.07,0,0,20,0.5,5.5,50,1000,0.1,0.1,0.1,0.1,0.1,0.1,0.5,0,15695,0.059063396,0.021280663,6683,0.123148287,0.09905731,4697,0.036619119,0,0,0,0,0,5,0.512622183
131350.4,0.501109054,0.5,6137,37,0.15315,33.125,34.8125,37.21,0,0,0,0,0,20,0.5,5.5,50,1000,0.1,0.1,0.1,0.1,0.1,0.1,0.5,0,16377,0.057702876,0.021005068,6552,0.125763126,0.101190476,4811,0.036374974,0,0,0,0,0,5,0.64898476
131410.47,0.501235244,0.5,6137,37,0.12455,33.0625,34.875,37.17,0,0,0,0,0,20,0.5,5.5,50,1000,0.1,0.1,0.1,0.1,0.1,0.1,0.5,0,15564,0.060395785,0.021652531,6668,0.125524895,0.100629874,5022,0.036638789,0,0,0,0,0,5,0.617290893
131470.53,0.511015713,0.5,6137,37,0.14415,33.125,34.8125,37.19,0,0,0,0,0,20,0.5,5.5,50,1000,0.1,0.1,0.1,0.1,0.1,0.1,0.5,0,16978,0.057014961,0.020673813,6860,0.123469388,0.098979592,4991,0.03706672,0,0,0,0,0,5,0.644400748
131530.61,0.515775272,0.5,6137,37,0.11435,33.0625,34.8125,37.09,0,0,0,0,0,20,0.5,5.5,50,1000,0.1,0.1,0.1,0.1,0.1,0.1,0.5,0,15074,0.062027332,0.022223696,6866,0.125691815,0.100786484,5015,0.03668993,0,0,0,0,0,5,0.639993146
131590.68,0.529865287,0.5,6137,37,0.11605,33,34.875,37.13,0,0,0,0,0,20,0.5,5.5,50,1000,0.1,0.1,0.1,0.1,0.1,0.1,0.5,0,15272,0.06155055,0.021870089,6837,0.126956267,0.102091561,5261,0.036875119,0,0,0,0,0,5,0.688848431
131650.74,0.533002925,0.5,6137,37,0.14655,33.0625,34.875,36.93,0,0,0,0,0,20,0.5,5.5,50,1000,0.1,0.1,0.1,0.1,0.1,0.1,0.5,0,16612,0.059174091,0.021008909,6994,0.126680011,0.101658564,4997,0.037822694,0,0,0,0,0,5,0.672118346
131710.79,0.523870968,0.5,6137,37,0.14535,33.0625,34.875,36.93,0,0,0,0,0,20,0.5,5.5,50,1000,0.1,0.1,0.1,0.1,0.1,0.1,0.5,0,15577,0.062014509,0.022148039,6970,0.128120516,0.103012912,5248,0.03753811,0,0,0,0,0,5,0.586667923
131770.86,0.542846226,0.5,6137,37,0.13795,32.9375,34.9375,36.85,0,0,0,0,0,20,0.5,5.5,50,1000,0.1,0.1,0.1,0.1,0.1,0.1,0.5,0,16584,0.059937289,0.021345876,7254,0.125034464,0.100358423,5363,0.037106097,0,0,0,0,0,5,0.664076557
131830.94,0.530380054,0.5,6137,37,0.14945,33,34.9375,36.89,0,0,0,0,0,20,0.5,5.5,50,1000,0.1,0.1,0.1,0.1,0.1,0.1,0.5,0,16836,0.059871703,0.021501544,7159,0.127811147,0.103366392,5153,0.038036095,0,0,0,0,0,5,0.561175968
131891.01,0.554117726,0.5,6137,37,0.14235,33,34.875,36.93,0,0,0,0,0,20,0.5,5.5,50,1000,0.1,0.1,0.1,0.1,0.1,0.1,0.5,0,17113,0.05983755,0.021211944,7216,0.128880266,0.102965632,5322,0.037204059,0,0,0,0,0,5,0.664467173
131951.05,0.562694275,0.5,6137,37,0.42015,33.0625,34.875,36.23,0,0.02,0.15,0,0,20,0.5,5.5,50,1000,0.1,0.1,0.1,0.1,0.1,0.1,0.5,0,16913,0.060308638,0.021285402,6948,0.132843984,0.106793322,5206,0.037456781,0,0,0,0,0,0.44,0.664467173
132011.11,0.513935793,0.5,6137,37,0.485975,32.8125,34.8125,36.05,0,0.02,0.15,0,0,20,0.5,5.5,50,1000,0.1,0.1,0.1,0.1,0.1,0.1,0.5,0,16516,0.058973117,0.021252119,6993,0.123838124,0.0998141,4786,0.037818638,0,0,0,0,0,0.44,0.664467173
132071.18,0.464826117,0.5,6137,37,0.55115,32.625,34.875,35.89,0,0.02,0.15,0,0,20,0.5,5.5,50,1000,0.1,0.1,0.1,0.1,0.1,0.1,0.5,0,15843,0.058132929,0.021018746,6557,0.121549489,0.096843068,4880,0.036270492,0,0,0,0,0,0.44,0.664467173
132131.24,0.436754001,0.5,6137,37,0.5158,32.75,34.875,35.97,0,0,0.25,0,0,20,0.5,5.5,50,1000,0.1,0.1,0.1,0.1,0.1,0.1,0.5,0,14484,0.058961613,0.020919635,6101,0.118505163,0.095722013,4684,0.035439795,0,0,0,0,0,5,0.664467173
132191.3,0.442176863,0.5,6137,37,0.29275,32.9375,34.8125,36.95,0,0,0.07,0,0,20,0.5,5.5,50,1000,0.1,0.1,0.1,0.1,0.1,0.1,0.5,0,14683,0.057821971,0.021044746,6279,0.116260551,0.093326963,4681,0.035889767,0,0,0,0,0,5,0.664467173
132251.37,0.457038328,0.5,6137,37,0.13785,33,34.875,37.51,0,0,0.07,0,0,20,0.5,5.5,50,1000,0.1,0.1,0.1,0.1,0.1,0.1,0.5,0,15968,0.055423347,0.020353206,6295,0.116123908,0.093725179,4686,0.036064874,0,0,0,0,0,5,0.664467173
132311.47,0.47097662,0.5,6137,37,0.12495,33,34.875,37.59,0,0,0.07,0,0,20,0.5,5.5,50,1000,0.1,0.1,0.1,0.1,0.1,0.1,0.5,0,15098,0.057491058,0.020797457,6598,0.113973931,0.091846014,4580,0.036244541,0,0,0,0,0,5,0.664467173
132371.52,0.482210917,0.5,6137,37,0.08225,33.0625,34.875,37.27,0,0,0.07,0,0,20,0.5,5.5,50,1000,0.1,0.1,0.1,0.1,0.1,0.1,0.5,0,14698,0.058851544,0.021363451,6462,0.11822965,0.094243268,4682,0.035668518,0,0,0,0,0,5,0.664467173
132431.59,0.49322209,0.5,6137,37,0.2027,33.0625,34.875,37.01,0,0,0.25,0,0,20,0.5,5.5,50,1000,0.1,0.1,0.1,0.1,0.1,0.1,0.5,0,14957,0.059102761,0.021394665,6272,0.121173469,0.097417092,4731,0.036567322,0,0,0,0,0,5,0.664467173
132491.62,0.492250569,0.5,6137,37,0.13895,33.0625,34.875,37.21,0,0,0.07,0,0,20,0.5,5.5,50,1000,0.1,0.1,0.1,0.1,0.1,0.1,0.5,0,15029,0.058819615,0.02122563,6354,0.121340888,0.097261568,4632,0.03626943,0,0,0,0,0,5,0.625328753
132551.66,0.511675394,0.5,6137,37,0.09845,33.125,34.875,37.25,0,0,0.07,0,0,20,0.5,5.5,50,1000,0.1,0.1,0.1,0.1,0.1,0.1,0.5,0,15180,0.059354414,0.021343874,6664,0.118697479,0.095138055,4722,0.036213469,0,0,0,0,0,5,0.710169981
132611.69,0.5009435,0.5,6137,37,0.13805,33.0625,34.875,37.05,0,0,0.07,0,0,20,0.5,5.5,50,1000,0.1,0.1,0.1,0.1,0.1,0.1,0.5,0,15735,0.058277725,0.021290118,6431,0.123464469,0.098584979,4735,0.036325238,0,0,0,0,0,5,0.61107016
132671.74,0.521083356,0.5,6137,37,0.12555,33,34.875,37.05,0,0,0.07,0,0,20,0.5,5.5,50,1000,0.1,0.1,0.1,0.1,0.1,0.1,0.5,0,14996,0.060282742,0.021405708,6337,0.126084898,0.100994161,4868,0.037181594,0,0,0,0,0,5,0.698766753
132731.78,0.497980975,0.5,6137,37,0.14455,33,34.8125,37.09,0,0,0,0,0,20,0.5,5.5,50,1000,0.1,0.1,0.1,0.1,0.1,0.1,0.5,0,16212,0.057858377,0.021095485,6535,0.124254017,0.100076511,5053,0.036018207,0,0,0,0,0,5,0.527783973
132791.82,0.465169945,0.5,6137,37,0.14655,33,34.875,37.01,0,0,0,0,0,20,0.5,5.5,50,1000,0.1,0.1,0.1,0.1,0.1,0.1,0.5,0,15293,0.060354411,0.0215785,6620,0.124773414,0.100302115,4928,0.036525974,0,0,0,0,0,5,0.29691759
132851.85,0.461249244,0.5,6137,37,0.15915,32.9375,34.9375,37.13,0,0,0,0,0,20,0.5,5.5,50,1000,0.1,0.1,0.1,0.1,0.1,0.1,0.5,0,16393,0.057829561,0.020923565,6635,0.126752072,0.101281085,5146,0.036338904,0,0,0,0,0,5,0.256678945
132911.92,0.458040722,0.5,6137,37,0.15675,32.875,34.875,37.05,0,0,0,0,0,20,0.5,5.5,50,1000,0.1,0.1,0.1,0.1,0.1,0.1,0.5,0,16476,0.05869143,0.021000243,6794,0.125404769,0.100235502,5110,0.037181996,0,0,0,0,0,5,0.222903605
132972,0.478450033,0.5,6137,37,0.18235,32.875,34.875,37.09,0,0,0,0,0,20,0.5,5.5,50,1000,0.1,0.1,0.1,0.1,0.1,0.1,0.5,0,15616,0.06045082,0.021708504,7024,0.124003417,0.099658314,4936,0.037074554,0,0,0,0,0,5,0.34253949
133032.06,0.480767097,0.5,6137,37,0.12055,32.875,34.8125,37.11,0,0,0,0,0,20,0.5,5.5,50,1000,0.1,0.1,0.1,0.1,0.1,0.1,0.5,0,17557,0.056786467,0.020618557,6997,0.125768186,0.100614549,4895,0.037180797,0,0,0,0,0,5,0.339906011
133092.13,0.537098458,0.5,6137,37,0.11075,32.875,34.875,37.09,0,0,0,0,0,20,0.5,5.5,50,1000,0.1,0.1,0.1,0.1,0.1,0.1,0.5,0,17360,0.057546083,0.020794931,6971,0.127528332,0.101707072,5099,0.037066091,0,0,0,0,0,5,0.65530615
133152.21,0.537995439,0.5,6137,37,0.14305,32.875,34.875,36.97,0,0,0,0,0,20,0.5,5.5,50,1000,0.1,0.1,0.1,0.1,0.1,0.1,0.5,0,16952,0.05916706,0.021354412,6735,0.13199703,0.105864885,4886,0.037863283,0,0,0,0,0,5,0.627546814
133212.28,0.545605652,0.5,6137,37,0.09945,33,34.875,37.01,0,0,0,0,0,20,0.5,5.5,50,1000,0.1,0.1,0.1,0.1,0.1,0.1,0.5,0,16419,0.060600524,0.021682197,6936,0.12961361,0.104527105,4941,0.037644202,0,0,0,0,0,5,0.638308623
133272.35,0.556931148,0.5,6137,37,0.40815,32.9375,34.875,36.29,0,0.02,0.15,0,0,20,0.5,5.5,50,1000,0.1,0.1,0.1,0.1,0.1,0.1,0.5,0,17685,0.058184902,0.020921685,7338,0.126192423,0.101662578,5130,0.037816764,0,0,0,0,0,0.44,0.638308623
133332.41,0.510925519,0.5,6137,37,0.586075,32.75,34.8125,35.59,0,0.02,0.25,0,0,20,0.5,5.5,50,1000,0.1,0.1,0.1,0.1,0.1,0.1,0.5,0,16038,0.059421374,0.021324355,6632,0.127714113,0.102231604,4868,0.036359901,0,0,0,0,0,0.44,0.638308623
133392.45,0.463270013,0.5,6137,37,0.56615,32.75,34.875,35.83,0,0.02,0.15,0,0,20,0.5,5.5,50,1000,0.1,0.1,0.1,0.1,0.1,0.1,0.5,0,15494,0.058861495,0.021234026,6411,0.122913742,0.097956637,4865,0.036793422,0,0,0,0,0,0.44,0.638308623
133452.49,0.423098098,0.5,6137,37,0.5794,32.6875,34.875,36.01,0,0,0.07,0,0,20,0.5,5.5,50,1000,0.1,0.1,0.1,0.1,0.1,0.1,0.5,0,14510,0.058649207,0.021364576,6197,0.116346619,0.093109569,4631,0.035629454,0,0,0,0,0,5,0.638308623
133512.54,0.433768264,0.5,6137,37,0.22285,32.875,34.875,36.85,0,0,0.07,0,0,20,0.5,5.5,50,1000,0.1,0.1,0.1,0.1,0.1,0.1,0.5,0,14716,0.057760261,0.021065507,6027,0.118798739,0.095072175,4549,0.035832051,0,0,0,0,0,5,0.638308623
133572.61,0.450570433,0.5,6137,37,0.19625,33.0625,34.875,37.19,0,0,0.07,0,0,20,0.5,5.5,50,1000,0.1,0.1,0.1,0.1,0.1,0.1,0.5,0,15058,0.057444548,0.020719883,6111,0.118965799,0.095074456,4566,0.036136662,0,0,0,0,0,5,0.638308623
133632.68,0.455278985,0.5,6137,37,0.1802,33.1875,34.9375,37.19,0,0,0.25,0,0,20,0.5,5.5,50,1000,0.1,0.1,0.1,0.1,0.1,0.1,0.5,0,14481,0.059042884,0.021476417,6163,0.119584618,0.095732598,4619,0.035938515,0,0,0,0,0,5,0.638308623