exp_time,od_measured,Van,OC6,IPTG,FP1_emit1,FP2_emit1,growth_rate
0.19,0.003726462,0,0,0,0.049301975,0.043422322,2
60.23,0.000126656,0,0,0,0.049040512,0.044236358,2
120.27,-0.004195217,0,0,0,0.048915088,0.042553191,2
180.32,0.003368249,0,0,0,0.049065127,0.043211867,2
240.36,-0.001468332,0,0,0,0.049157657,0.042539478,2
300.4,0.001383159,0,0,0,0.048976516,0.043576501,2
360.45,0.001992811,0,0,0,0.049163838,0.043927649,2.995529147
420.49,-0.00301435,0,0,0,0.048985217,0.04389929,2.995529147
480.56,-0.00225542,0,0,0,0.048694779,0.043548387,2.995529147
540.6,0.007241695,0,0,0,0.048964218,0.044307891,2.995529147
600.65,0.004400416,0,0,0,0.048560701,0.043295638,1.351283982
660.71,0.007994114,0,0,0,0.048453737,0.043211867,3.074739099
720.76,0.007733496,0,0,0,0.048994975,0.043632838,2.821568652
780.83,0.00073493,0,0,0,0.048783547,0.043870968,-4.38013433
840.88,-0.00186358,0,0,0,0.048587571,0.043562439,-4.38013433
900.95,-0.002045055,0,0,0,0.049396682,0.043295638,-4.38013433
961,-0.001995971,0,0,0,0.048826409,0.043421905,-4.38013433
1021.03,0.000879068,0,0,0,0.048902821,0.043170103,-4.38013433
1081.1,-0.002227651,0,0,0,0.048820281,0.043632838,-4.38013433
1141.17,0.005589945,0,0,0,0.048783547,0.043464263,-4.38013433
1201.24,-0.001358824,0,0,0,0.048826409,0.043548387,-4.38013433
1261.29,-0.001629875,0,0,0,0.048688669,0.043717617,-4.38013433
1321.34,0.027637499,0,0,0,0.048712771,0.043114543,-4.38013433
1381.41,0.014900179,0,0,0,0.048789713,0.043267678,-6.014528421
1441.5,0.019365718,0,0,0,0.048903453,0.043000323,-4.927408604
1501.58,0.01865698,0,0,0,0.049136954,0.043337646,-4.792890193
1561.66,0.03145283,0,0,0,0.049091368,0.042986425,-2.986439899
1621.75,0.017910669,0,0,0,0.04914098,0.042986425,-4.526395035
1681.82,0.023675278,0,0,0,0.048506993,0.043407839,-3.462970938
1741.89,0.017925508,0,0,0,0.048577901,0.043379735,-4.124442247
1801.96,0.01776265,0,0,0,0.048716012,0.042976267,-3.945600576
1862.05,0.018534092,0,0,0,0.048820487,0.043379735,-3.620778793
1922.12,0.022210332,0,0,0,0.049045633,0.043323634,-2.896902588
1982.15,0.020011605,0,0,0,0.049143145,0.044882144,-3.064793206
2042.21,0.027646368,0,0,0,0.049132582,0.043366527,-1.942007534
2102.25,0.017764594,0,0,0,0.048740554,0.044616877,-3.171768074
2162.32,0.019609791,0,0,0,0.048716012,0.043393782,-2.716714896
2222.38,0.023420703,0,0,0,0.048584015,0.044069994,-2.048104907
2282.44,0.019146308,0,0,0,0.048808173,0.04389929,-2.550231103
2342.52,0.021871656,0,0,0,0.049217567,0.043590572,-2.023474658
2402.6,0.037884203,0,0,0,0.048863636,0.043717617,-0.274272909
2462.68,0.023524413,0,0,0,0.048620733,0.042944785,-1.690045662
2522.75,0.027607302,0,0,0,0.049238131,0.043253712,-1.125418692
2582.82,0.031997559,0,0,0,0.048958991,0.043520309,-0.626409817
2642.88,0.023725066,0,0,0,0.048795864,0.043576501,-1.492471877
2703.05,0.036896737,0,0,0,0.048792757,0.043966624,-1.492471877
2763.1,0.018717987,0,0,0,0.048067515,0.04336895,-3.453762731
2823.14,0.026045442,0,0,0,0.048161765,0.043273754,-2.290001123
2883.21,0.026077542,0,0,0,0.047903462,0.043533123,-2.171805928
2943.28,0.021747704,0,0,0,0.048050993,0.043574361,-2.607914488
3003.31,0.026942978,0,0,0,0.047967777,0.044250545,-1.834875243
3063.35,3.05E-02,0,0,0,0.048039216,0.044823232,-1.370537601
3123.4,0.027266081,0,0,0,0.04868179,0.043244949,-1.638842349
3183.48,0.026264258,0,0,0,0.048115871,0.042915746,-1.669203667
3243.53,0.027967487,0,0,0,0.047962804,0.043176804,-1.397242514
3303.61,0.028494868,0,0,0,0.048391059,0.043258604,-1.271336298
3363.69,0.027966001,0,0,0,0.048167668,0.043204037,-1.263972957
3423.74,0.020382688,0,0,0,0.048183931,0.043574361,-2.149685061
3483.82,0.023182923,0,0,0,0.04853536,0.043149606,-1.656010844
3543.85,0.020586506,0,0,0,0.048061636,0.043217666,-1.929550592
3603.88,0.024608339,0,0,0,0.048475946,0.04442344,-1.297724488
3663.94,0.025655189,0,0,0,0.048119199,0.042956412,-1.107856705
3723.99,0.028951019,0,0,0,0.04832577,0.04406673,-0.689885268
3784.05,0.027474306,0,0,0,0.048003919,0.043051599,-0.812453439
3844.12,0.027981752,0,0,0,0.048553212,0.044205873,-0.71692678
3904.16,0.026893969,0,0,0,0.047747307,0.042573321,-0.800032056
3964.2,0.023156743,0,0,0,0.048089833,0.043081761,-1.208878524
4024.28,0.024174856,0,0,0,0.048021561,0.043340715,-1.019353452
4084.35,0.028743181,0,0,0,0.048038137,0.042780749,-0.449123362
4144.4,0.029901329,0,0,0,0.048002931,0.04328594,-0.308160065
4204.47,0.024133379,0,0,0,0.048741559,0.043108874,-0.935673106
4264.53,0.030091817,0,0,0,0.047940167,0.043643264,-0.226917305
4324.61,0.030640953,0,0,0,0.048298573,0.044347826,-0.161318968
4384.66,0.019799479,0,0,0,0.047379153,0.043678868,-1.463298553
4444.71,0.023262073,0,0,0,0.048113323,0.04313602,-0.9066276
4504.76,0.032330495,0,0,0,0.048391029,0.043820933,0.126263622
4564.84,0.029997038,0,0,0,0.047905633,0.043004051,-0.104786291
4624.89,0.030773649,0,0,0,0.048083964,0.042956412,-0.022866635
4684.96,0.027703538,0,0,0,0.048398924,0.042231327,-0.337019203
4745.05,0.030325941,0,0,0,0.047834598,0.043505675,-0.048838182
4805.08,0.03095521,0,0,0,0.048014661,0.043081761,0.015217221
4865.16,0.03170368,0,0,0,0.048527075,0.043190416,0.086130686
4925.24,0.031372783,0,0,0,0.047902736,0.04280768,0.050348105
4985.29,0.032266705,0,0,0,0.048054641,0.042821159,0.132116163
5045.35,0.031310315,0,0,0,0.048114594,0.043231303,0.035245481
5105.41,0.030137461,0,0,0,0.048095703,0.042479547,-0.081052717
5165.48,0.024497908,0,0,0,0.047709471,0.042852674,-0.698543797
5225.56,0.033021213,0,0,0,0.047885951,0.042839275,0.232070719
5285.6,0.025087702,0,0,0,0.047769924,0.042627092,-0.603850024
5345.67,0.025811638,0,0,0,0.047996102,0.043068218,-0.488314394
5405.71,0.031921757,0,0,0,0.048703275,0.043217666,0.173488397
5465.77,0.032064826,0,0,0,0.048060503,0.043983663,0.178229526
5525.82,0.028445422,0,0,0,0.048042922,0.043942247,-0.18999928
5585.86,0.033139098,0,0,0,0.048483372,0.043000628,0.277680354
5645.93,0.028629927,0,0,0,0.047989309,0.043192488,-0.174987282
5705.99,0.032558227,0,0,0,0.047879451,0.0437382,0.219494609
5766.02,0.028172433,0,0,0,0.048394942,0.043122443,-0.225538568
5826.08,0.035555478,0,0,0,0.047697757,0.04368932,0.483989198
5886.15,0.030961993,0,0,0,0.047896205,0.04382716,0.044788303
5946.19,0.034117297,0,0,0,0.047862623,0.042740415,0.333681168
6006.24,0.025972573,0,0,0,0.047367817,0.042764177,-0.501293107
6066.31,0.030871279,0,0,0,0.047896912,0.043519098,0.042127077
6126.34,0.038613041,0,0,0,0.047881254,0.043234837,0.711312086
6186.4,0.029629615,0,0,0,0.048011639,0.043614685,-0.118700569
6246.45,0.03073063,0,0,0,0.047798132,0.043178974,-0.003309098
6306.49,0.031334031,0,0,0,0.047138837,0.043087415,0.055191001
6366.56,0.031559716,0,0,0,0.047850376,0.042919799,0.07396173
6426.63,0.031619157,0,0,0,0.047774948,0.043532728,0.075908667
6486.66,0.02795638,0,0,0,0.048057136,0.043287327,-0.297240033
6546.73,0.039896259,0,0,0,0.047733558,0.042606516,0.784533363
6606.77,0.030116673,0,0,0,0.048028067,0.043260188,-0.098304104
6666.84,0.027544244,0,0,0,0.048023284,0.043722673,-0.361244995
6726.92,0.03679448,0,0,0,0.047699758,0.043100775,0.525479978
6786.96,0.032054133,0,0,0,0.048057136,0.044048735,0.085440882
6847.01,0.030834786,0,0,0,0.048596768,0.044743429,-0.03517918
6907.07,0.035512223,0,0,0,0.048562455,0.04399376,0.390280217
6967.14,0.030646802,0,0,0,0.048073439,0.043668122,-0.071279658
7027.2,0.028421081,0,0,0,0.04811412,0.043654506,-0.293907121
7087.28,0.039395437,0,0,0,0.04800965,0.042665836,0.700344751
7147.39,0.036011066,0,0,0,0.048459215,0.043071161,0.395856306
7207.44,0.031643272,0,0,0,0.047693417,0.042433697,-0.011838624
7267.47,0.035246197,0,0,0,0.047940255,0.043396815,0.312249563
7327.5,0.039711695,0,0,0,0.047808285,0.043451078,0.654501312
7387.57,0.032079987,0,0,0,0.048273346,0.043315675,-0.018463801
7447.63,0.03963191,0,0,0,0.047933686,0.042684813,0.616666047
7507.7,0.042493897,0,0,0,0.047636189,0.04280397,0.795010316
7567.74,0.042490744,0,0,0,0.047889023,0.042963885,0.755037203
7627.78,0.041069649,0,0,0,0.047963365,0.043925234,0.615234736
7687.84,0.041623327,0,0,0,0.048130277,0.042777433,0.624647098
7747.89,0.040029508,0,0,0,0.047939445,0.04440333,0.47628313
7807.96,0.049173402,0,0,0,0.048294089,0.043004051,1.069676932
7868.04,0.041232566,0,0,0,0.048012452,0.043290043,0.487819613
7928.11,0.045033093,0,0,0,0.048218784,0.044499382,0.727936343
7988.19,0.037812856,0,0,0,0.047698945,0.043167702,0.167294152
8048.27,0.043141669,0,0,0,0.047624717,0.044190358,0.554449967
8108.32,0.046848143,0,0,0,0.047870426,0.043156597,0.773993611
8168.36,0.045055576,0,0,0,0.047862841,0.043599258,0.618250078
8228.39,0.03821514,0,0,0,0.047772218,0.042901235,0.093342643
8288.43,0.042763458,0,0,0,0.047812575,0.043076923,0.426032013
8348.51,0.04484864,0,0,0,0.048363811,0.043130006,0.547558389
8408.56,0.047591812,0,0,0,0.047653171,0.042821935,0.698282832
8468.64,0.048409608,0,0,0,0.04812137,0.04291448,0.714481422
8528.67,0.045679996,0,0,0,0.047840611,0.043130006,0.504643866
8588.75,0.05101114,0,0,0,0.047784016,0.042861548,0.810562329
8648.82,0.046916465,0,0,0,0.047658763,0.042703533,0.519008173
8708.89,0.048421657,0,0,0,0.047709697,0.042905302,0.587793223
8768.96,0.046952971,0,0,0,0.047856549,0.042892157,0.466001481
8829,0.049023445,0,0,0,0.047879943,0.043106084,0.572157928
8889.04,0.046392099,0,0,0,0.04759079,0.042865891,0.378041552
8949.08,0.047538116,0,0,0,0.047900651,0.042826552,0.432347491
9009.16,0.049961944,0,0,0,0.047832234,0.043372022,0.559919424
9069.23,0.053379982,0,0,0,0.047534796,0.042961609,0.73044607
9129.28,0.054736328,0,0,0,0.047579693,0.042481663,0.76919924
9189.32,0.061088972,0,0,0,0.047563124,0.043478261,1.060150465
9249.35,0.049706291,0,0,0,0.048061105,0.042727273,0.388543378
9309.38,0.057416108,0,0,0,0.048099484,0.043808944,0.801696354
9369.42,0.050336481,0,0,0,0.047557539,0.042935445,0.366827158
9429.45,0.049247409,0,0,0,0.047624633,0.043465046,0.282865821
9489.5,0.061298307,0,0,0,0.047869235,0.043780193,0.925408922
9549.57,0.051406459,0,0,0,0.047741935,0.043715847,0.351173245
9609.65,0.05386916,0,0,0,0.047641399,0.043320206,0.473997578
9669.72,0.052376275,0,0,0,0.047419805,0.043452022,0.365984434
9729.79,0.061269202,0,0,0,0.047630248,0.042437102,0.818155941
9789.86,0.05713806,0,0,0,0.047663551,0.04418395,0.567827546
9849.9,0.058652008,0,0,0,0.047408785,0.043282236,0.617890284
9909.98,0.063679534,0,0,0,0.047547082,0.043046358,0.833720027
9970.05,0.063589519,0,0,0,0.04806797,0.042565947,0.787790314
10030.1,0.0646883,0,0,0,0.047574735,0.043361244,0.799795888
10090.14,0.069206626,0,0,0,0.047486681,0.043374926,0.962354866
10150.22,0.066119256,0,0,0,0.047320079,0.043867502,0.77732734
10210.29,0.06342442,0,0,0,0.04785806,0.042942943,0.613627815
10270.35,0.069879551,0,0,0,0.047756041,0.042932243,0.873718707
10330.4,0.072626645,0,0,0,0.047526116,0.042912104,0.945709175
10390.46,0.074049686,0,0,0,0.04740639,0.044457617,0.95663704
10450.5,0.068768958,0,0,0,0.047260274,0.043802145,0.68685361
10510.57,0.075479389,0,0,0,0.047481516,0.042755344,0.931832453
10570.62,0.074379752,0,0,0,0.047558874,0.044052863,0.841213234
10630.67,0.080384129,0,0,0,0.047346752,0.043001186,1.032051585
10690.74,0.076800873,0,0,0,0.047339998,0.044339344,0.843646738
10750.79,0.077666892,0,0,0,0.047586443,0.04287812,0.835103607
10810.83,0.082939285,0,0,0,0.047543582,0.042798111,0.990387732
10870.87,0.081532113,0,0,0,0.047359455,0.044143614,0.889532718
10930.9,0.081472042,0,0,0,0.047885714,0.043236927,0.84284493
10990.94,0.084643019,0,0,0,0.047202996,0.042335766,0.915250841
11050.99,0.088623647,0,0,0,0.046821258,0.04295381,1.007356573
11111.06,0.087452286,0,0,0,0.047441123,0.043744532,0.917072602
11171.12,0.090517496,0,0,0,0.047370215,0.042652644,0.974568421
11231.16,0.091818819,0,0,0,0.047753763,0.042923434,0.968662352
11291.24,0.094995129,0,0,0,0.047103471,0.043081312,1.022254242
11351.29,0.092523815,0,0,0,0.047252011,0.043653073,0.892062902
11411.32,0.094455479,0,0,0,0.047629822,0.044322132,0.909447365
11471.38,0.092477923,0,0,0,0.047587056,0.04302926,0.800499031
11531.44,0.097006604,0,0,0,0.046911133,0.044202067,0.903901406
11591.48,0.101580036,0,0,0,0.047492527,0.042674253,0.996910233
11651.52,0.10498515,0,0,0,0.046947322,0.043240127,1.045980384
11711.56,0.104807353,0,0,0,0.046746406,0.042722871,0.98859641
11771.6,0.103901146,0,0,0,0.046900804,0.04267948,0.913114584
11831.67,0.106886007,0,0,0,0.046689211,0.042958748,0.952427807
11891.74,0.10841866,0,0,0,0.046875,0.043589744,0.947518338
11951.78,0.109444693,0,0,0,0.046813619,0.044055352,0.928399763
12011.85,0.116492514,0,0,0,0.046697288,0.04241573,1.069202814
12071.92,0.114355953,0,0,0,0.046602363,0.043074324,0.960209578
12131.96,0.116043216,0,0,0,0.047014115,0.043052838,0.956139177
12192,0.12145937,0,0,0,0.046551356,0.043720412,1.045183605
12252.05,0.122695706,0,0,0,0.047229494,0.043247768,1.02330708
12312.12,0.12738292,0,0,0,0.046484292,0.043043599,1.084612665
12372.18,0.125286247,0,0,0,0.046958031,0.043382757,0.980592324
12432.22,0.129876758,0,0,0,0.046427814,0.042853193,1.039517383
12492.28,0.131456711,0,0,0,0.046435023,0.042853193,1.023816362
12552.35,0.133317726,0,0,0,0.047030776,0.043274531,1.014798332
12612.42,0.135080646,0,0,0,0.046435023,0.043147897,1.003468747
12672.48,0.139734832,0,0,0,0.04638472,0.043598234,1.054919089
12732.51,0.143221695,0,0,0,0.046448937,0.042709467,1.076114648
12792.57,0.146537823,0,0,0,0.046398819,0.042969812,1.090978409
12852.6,0.14335533,0,0,0,0.045944006,0.0429034,0.970557899
12912.68,0.143916022,0,0,0,0.046389632,0.043161586,0.933740718
12972.77,0.155257027,0,0,0,0.046081993,0.044013122,1.114609785
13032.84,0.153274252,0,0,0,0.046485143,0.042495966,1.020319789
13092.9,0.165096347,0,0,0,0.047138762,0.042650215,1.192205036
13152.93,0.155450206,0,0,0,0.045881758,0.042716901,0.951983487
13212.97,0.167486072,0,0,0,0.045952526,0.043364681,1.128108532
13273.09,0.157575971,0,0,0,0.046719269,0.043036621,0.888725606
13333.14,0.16663472,0,0,0,0.046843819,0.042581328,1.011978557
13393.21,0.170850795,0,0,0,0.045851972,0.042575286,1.036339195
13453.28,0.179692904,0,0,0,0.045904315,0.043007916,1.135898252
13513.32,0.170661624,0,0,0,0.046324892,0.043247546,0.924403791
13573.37,0.180180809,0,0,0,0.045544948,0.042935597,1.041017762
13633.42,0.181101179,0,0,0,0.045595131,0.043311123,1.004251984
13693.48,0.18228413,0,0,0,0.045356159,0.042719458,0.973571616
13753.52,0.194502022,0,0,0,0.045725055,0.042827657,1.119520845
13813.56,0.197766916,0,0,0,0.046198654,0.043128085,1.113484567
13873.61,0.195285762,0,0,0,0.046712803,0.043094758,1.0199347
13933.65,0.201469518,0,0,0,0.046457724,0.043188549,1.062460456
13993.7,0.201830808,0,0,0,0.045853466,0.043120638,1.014712426
14053.74,0.214936224,0,0,0,0.045534665,0.043392016,1.152711582
14113.8,0.21670363,0,0,0,0.045822102,0.043978011,1.119643923
14173.87,0.214392635,0,0,0,0.045507359,0.043855302,1.031496981
14233.94,0.218408736,0,0,0,0.045463302,0.04328469,1.035599625
14294.02,0.221869651,0,0,0,0.045724125,0.042558366,1.030985068
14354.1,0.228175925,0,0,0,0.045571551,0.042920572,1.063516461
14414.17,0.229223766,0,0,0,0.045498361,0.042860583,1.024085846
14474.23,0.246180026,0,0,0,0.044806145,0.043262059,1.186974789
14534.27,0.245634632,0,0,0,0.045621496,0.043076923,1.120972401
14594.34,0.253930966,0,0,0,0.045445938,0.042492242,1.164575513
14654.38,0.245133447,0,0,0,0.045356371,0.043117745,1.000567642
14714.45,0.259831588,0,0,0,0.045148626,0.042830099,1.125232081
14774.54,0.266995926,0,0,0,0.044083732,0.042654028,1.150569622
14834.62,0.273989256,0,0,0,0.04508692,0.042548134,1.170607626
14894.68,0.268132619,0,0,0,0.044404332,0.04312115,1.047255678
14954.73,0.28250841,0,0,0,0.045370541,0.04246925,1.151572744
15014.79,0.275865953,0,0,0,0.044398785,0.043129861,1.022614355
15074.86,0.282997814,0,0,0,0.045179619,0.043317972,1.048055945
15134.89,0.289441342,0,0,0,0.045027801,0.042659405,1.063193603
15194.95,0.301750759,0,0,0,0.04447019,0.043371339,1.13498007
15255.03,0.285206795,0,0,0,0.044906407,0.042950108,0.909070482
15315.09,0.306086447,0,0,0,0.04531364,0.043325269,1.075576124
15375.16,0.309982272,0,0,0,0.044626189,0.043507665,1.05973994
15435.23,0.318192287,0,0,0,0.044164582,0.043099598,1.08517525
15495.29,0.314162808,0,0,0,0.044691751,0.042869453,0.992682898
15555.33,0.332864052,0,0,0,0.045195222,0.043449782,1.116517173
15615.36,0.324167624,0,0,0,0.043935379,0.043314083,0.981271068
15675.42,0.330912446,0,0,0,0.045105999,0.043015425,0.993986781
15735.49,0.355047976,0,0,0,0.043373893,0.042599912,1.155484735
15795.52,0.345362797,0,0,0,0.043836986,0.042332613,1.014738072
15855.59,0.363967659,0,0,0,0.043979324,0.043599656,1.121409863
15915.67,0.364322193,0,0,0,0.043782405,0.042467779,1.068260189
15975.71,0.358806873,0,0,0,0.043374289,0.043219405,0.969084172
16035.79,0.38487487,0,0,0,0.043260694,0.043292683,1.131031914
16095.85,0.367241097,0,0,0,0.044123746,0.043495611,0.933781227
16155.91,0.385723005,0,0,0,0.043572985,0.042651181,1.034394974
16215.98,0.389157584,0,0,0,0.042468072,0.042796006,1.009269784
16276.04,0.397775189,0,0,0,0.042545181,0.043271222,1.024514194
16336.08,0.396732031,0,0,0,0.043644778,0.043748746,0.965410705
16396.13,0.388565882,0,0,0,0.043820582,0.043196955,0.854745175
16456.17,0.414570801,0,0,0,0.042828008,0.042638777,1.006351022
16516.22,0.41117489,0,0,0,0.043471438,0.042873923,0.931358099
16576.26,0.425032053,0,0,0,0.043694298,0.043065103,0.984228005
16636.3,0.432663744,0,0,0,0.043945696,0.042708128,0.988405414
16696.37,0.440561542,0,0,0,0.042886164,0.042741777,0.993253019
16756.43,0.467587513,0,0,0,0.042721048,0.042541015,1.122199507
16816.51,0.468302113,0,0,0,0.043836261,0.042962675,1.070670841
16876.56,0.451640425,0,0,0,0.043491744,0.042956293,0.908455442
16936.63,0.458656169,0,0,0,0.042600073,0.043402441,0.909276167
16996.68,0.471639753,0,0,0,0.042109771,0.042376018,0.947556212
17056.75,0.488299915,0,0,0,0.042596945,0.043536632,1.00432141
17116.82,0.478340977,0,0,0,0.0425934,0.043461971,0.892287408
17176.9,0.506420009,0,0,0,0.042585607,0.043397281,1.018800726
17236.95,0.513796101,0,0,0,0.042428988,0.04331307,1.011241034
17296.99,0.519299273,0,0,0,0.042610872,0.042425314,0.992640545
17357.04,0.509470711,0,0,0,0.043328949,0.043346415,0.88568456
17417.08,0.532042794,0,0,0,0.042753829,0.043265876,0.971455018
17477.12,0.533051103,0,0,0,0.041320114,0.042556887,0.928562383
17537.17,0.535626128,0,0,0,0.041602671,0.04235463,0.896591552
17597.24,0.563500347,0,0,0,0.041747249,0.04264099,1.003956638
17657.31,0.560384664,0,0,0,0.041987595,0.042849768,1.003956638
17717.37,0.517251171,0,0,0,0.042359098,0.042226148,1.003956638
17777.42,0.505005118,0,0,0,0.043122677,0.042665307,1.003956638
17837.48,0.489664964,0,0,0,0.043064336,0.042649557,1.003956638
17897.53,0.478286905,0,0,0,0.042881647,0.042956293,1.003956638
17957.59,0.471233199,0,0,0,0.042608696,0.043312102,1.003956638
18017.62,0.470106084,0,0,0,0.043816254,0.042393547,1.003956638
18077.67,0.458744119,0,0,0,0.043512165,0.043188737,1.003956638
18137.71,0.452679545,0,0,0,0.043113863,0.042327056,1.003956638
18197.76,0.476940129,0,0,0,0.04212559,0.042313378,1.003956638
18257.83,0.488113446,0,0,0,0.042096959,0.042385321,1.003956638
18317.9,0.492681444,0,0,0,0.043397072,0.043331458,1.003956638
18377.95,0.49856878,0,0,0,0.043313932,0.042783799,1.003956638
18438.01,0.492856192,0,0,0,0.043549835,0.042314647,0.919186435
18498.06,0.52535798,0,0,0,0.042073422,0.04248366,1.064814512
18558.12,0.519555119,0,0,0,0.042415378,0.043478261,0.97825281
18618.16,0.540235817,0,0,0,0.042805755,0.042811274,1.046438684
18678.2,0.542262552,0,0,0,0.042894094,0.042859683,1.046438684
18738.26,0.536322281,0,0,0,0.041399378,0.042390549,1.046438684
18798.33,0.521413267,0,0,0,0.041851441,0.042793564,1.046438684
18858.37,0.528142616,0,0,0,0.043406799,0.043132402,1.046438684
18918.41,0.535908499,0,0,0,0.042340865,0.042653172,1.046438684
18978.45,0.524878242,0,0,0,0.042222847,0.042854549,1.046438684
19038.52,0.508769094,0,0,0,0.041758545,0.042408377,1.046438684
19098.58,0.514997731,0,0,0,0.042078509,0.042704626,1.046438684
19158.65,0.5165306,0,0,0,0.042599435,0.04226336,1.046438684
19218.71,0.49732369,0,0,0,0.042752413,0.042316658,1.046438684
19278.75,0.49474749,0,0,0,0.043071161,0.04244513,1.046438684
19338.78,0.477142231,0,0,0,0.042664892,0.042862267,1.046438684
19398.82,0.491282533,0,0,0,0.043194111,0.042716952,1.046438684
19458.86,0.458837776,0,0,0,0.042647612,0.043444829,1.046438684
19518.89,0.47960949,0,0,0,0.042283298,0.04281052,1.046438684
19578.93,0.489123797,0,0,0,0.04314759,0.042441755,1.046438684
19639,0.500692973,0,0,0,0.042350412,0.0427026,1.046438684
19699.09,0.508853672,0,0,0,0.043063627,0.042677195,1.046438684
19759.15,0.525690481,0,0,0,0.042793936,0.042698706,1.046438684
19819.22,0.519984051,0,0,0,0.042030414,0.042557012,0.961373366
19879.27,0.546040608,0,0,0,0.04215956,0.042334714,1.059990321
19939.34,0.553403807,0,0,0,0.043202595,0.043043552,1.059990321
19999.38,0.540881653,0,0,0,0.041966674,0.042480116,1.059990321
20059.46,0.533121657,0,0,0,0.042201451,0.042427404,1.059990321
20119.52,0.517500783,0,0,0,0.041981765,0.043318649,1.059990321
20179.6,0.520685393,0,0,0,0.042410714,0.042604205,1.059990321
20239.66,0.502883209,0,0,0,0.042937605,0.042746359,1.059990321
20299.69,0.46602591,0,0,0,0.043005257,0.042169794,1.059990321
20359.75,0.470799226,0,0,0,0.043117499,0.042549168,1.059990321
20419.83,0.471324224,0,0,0,0.041838329,0.042423084,1.059990321
20479.89,0.474646311,0,0,0,0.043296414,0.043520123,1.059990321
20539.95,0.471251455,0,0,0,0.042985393,0.042396834,1.059990321
20600.01,0.459298258,0,0,0,0.043542608,0.042258932,1.059990321
20660.09,0.466873912,0,0,0,0.042602576,0.042786823,1.059990321
20720.15,0.469773756,0,0,0,0.042966714,0.042277992,1.059990321
20780.23,0.465679006,0,0,0,0.041991219,0.042759407,1.059990321
20840.28,0.489231621,0,0,0,0.042556303,0.042467509,1.059990321
20900.32,0.502425371,0,0,0,0.042273842,0.043238095,1.059990321
20960.37,0.517458578,0,0,0,0.042254525,0.042568943,1.095437904
21020.41,0.518564427,0,0,0,0.042238722,0.042955952,1.047070402
21080.48,0.538901064,0,0,0,0.041981,0.042092065,1.110120045
21140.54,0.534450982,0,0,0,0.042448455,0.042507205,1.029738101
21200.57,0.552163587,0,0,0,0.042554688,0.042333505,1.076064207
21260.62,0.559768114,0,0,0,0.042670683,0.043630339,1.076064207
21320.69,0.545656214,0,0,0,0.04360119,0.042883212,1.076064207
21380.73,0.521057058,0,0,0,0.042294807,0.042692648,1.076064207
21440.81,0.517093815,0,0,0,0.041732663,0.042987641,1.076064207
21500.86,0.532283922,0,0,0,0.042528569,0.042795739,1.076064207
21560.94,0.517616301,0,0,0,0.043260235,0.042628149,1.076064207
21621.02,0.50895605,0,0,0,0.041765115,0.042324247,1.076064207
21681.1,0.513013765,0,0,0,0.0428487,0.042949309,1.076064207
21741.16,0.500945129,0,0,0,0.043090528,0.042700213,1.076064207
21801.19,0.497949994,0,0,0,0.043100217,0.042471042,1.076064207
21861.24,0.472356015,0,0,0,0.042085025,0.042532717,1.076064207
21921.3,0.480277273,0,0,0,0.042657496,0.042614179,1.076064207
21981.36,0.455554586,0,0,0,0.043515625,0.042774781,1.076064207
22041.41,0.487012066,0,0,0,0.043077388,0.042881647,1.076064207
22101.45,0.495864902,0,0,0,0.042613006,0.042577457,1.076064207
22161.49,0.494221147,0,0,0,0.042145319,0.042363222,1.076064207
22221.53,0.490426308,0,0,0,0.042740741,0.042641238,1.076064207
22281.59,0.503581396,0,0,0,0.043783498,0.042510121,1.076064207
22341.64,0.513946928,0,0,0,0.043002117,0.043097282,1.083384941
22401.7,0.522076057,0,0,0,0.042623659,0.042857143,1.076295514
22461.76,0.547529458,0,0,0,0.042457862,0.042751931,1.165289689
22521.84,0.560298418,0,0,0,0.042266441,0.042086331,1.165289689
22581.89,0.537650526,0,0,0,0.041489002,0.043018728,1.165289689
22641.93,0.540152799,0,0,0,0.041561627,0.043022614,1.165289689
22701.98,0.543937757,0,0,0,0.040771823,0.04303844,1.165289689
22762.04,0.526208136,0,0,0,0.043311527,0.042455333,1.165289689
22822.11,0.52335059,0,0,0,0.043044385,0.042979943,1.165289689
22882.17,0.51085276,0,0,0,0.041549921,0.042660209,1.165289689
22942.21,0.504383014,0,0,0,0.0433213,0.042572301,1.165289689
23002.25,0.523725615,0,0,0,0.042163088,0.042925571,1.165289689
23062.31,0.502305509,0,0,0,0.042765129,0.04307869,1.165289689
23122.34,0.506224543,0,0,0,0.042127965,0.042454579,1.165289689
23182.39,0.486379292,0,0,0,0.041704761,0.042155009,1.165289689
23242.43,0.469418164,0,0,0,0.043410973,0.042918455,1.165289689
23302.47,0.463432322,0,0,0,0.042640187,0.042909371,1.165289689
23362.53,0.451681175,0,0,0,0.042072145,0.042585265,1.165289689
23422.59,0.488195052,0,0,0,0.043074581,0.042497179,1.165289689
23482.63,0.48467426,0,0,0,0.042556325,0.042612064,1.165289689
23542.7,0.499705218,0,0,0,0.04236417,0.043405365,1.165289689
23602.77,0.490936765,0,0,0,0.042795475,0.043335761,1.165289689
23662.8,0.532178984,0,0,0,0.043530562,0.042453679,1.165289689
23722.88,0.517942002,0,0,0,0.043295565,0.042286329,1.025675413
23782.93,0.527301475,0,0,0,0.041882288,0.042909471,1.028119157
23843,0.551677864,0,0,0,0.041881222,0.042572798,1.112288761
23903.06,0.572662354,0,0,0,0.042590761,0.042670952,1.112288761
23963.12,0.538426238,0,0,0,0.041930162,0.042194093,1.112288761
24023.16,0.537163501,0,0,0,0.042732579,0.042220625,1.112288761
24083.21,0.536382881,0,0,0,0.042448521,0.042686293,1.112288761
24143.27,0.516622826,0,0,0,0.041465767,0.042409123,1.112288761
24203.33,0.511768899,0,0,0,0.042677515,0.042245893,1.112288761
24263.38,0.500561691,0,0,0,0.043371835,0.042839218,1.112288761
24323.44,0.498234799,0,0,0,0.043914973,0.043823264,1.112288761
24383.51,0.497752691,0,0,0,0.043137548,0.042589438,1.112288761
24443.59,0.480755136,0,0,0,0.042378473,0.042309891,1.112288761
24503.66,0.472201784,0,0,0,0.042607803,0.043024533,1.112288761
24563.72,0.485601412,0,0,0,0.042339751,0.043469591,1.112288761
24623.78,0.462823972,0,0,0,0.043545161,0.042055186,1.112288761
24683.84,0.441716523,0,0,0,0.042181661,0.043336529,1.112288761
24743.88,0.460816107,0,0,0,0.043434027,0.042509363,1.112288761
24803.92,0.479262352,0,0,0,0.043598017,0.042896936,1.112288761
24863.95,0.483658542,0,0,0,0.041933191,0.0425023,1.112288761
24924.02,0.491496186,0,0,0,0.04222949,0.042341679,1.112288761
24984.08,0.503444493,0,0,0,0.044070947,0.042667159,1.112288761
25044.14,0.511195377,0,0,0,0.04278511,0.042906075,1.102509513
25104.22,0.537584586,0,0,0,0.042469944,0.042727435,1.198386809
25164.28,0.53860588,0,0,0,0.042399475,0.042782738,1.14416141
25224.33,0.543595937,0,0,0,0.042388526,0.042700213,1.114619673
25284.39,0.551603839,0,0,0,0.042376461,0.042956522,1.114619673
25344.44,0.547553623,0,0,0,0.041359925,0.042549466,1.114619673
25404.51,0.537169217,0,0,0,0.042625989,0.042625899,1.114619673
25464.55,0.539356016,0,0,0,0.042852971,0.042495966,1.114619673
25524.6,0.522940871,0,0,0,0.042548596,0.042909091,1.114619673
25584.64,0.514426478,0,0,0,0.042702264,0.043234443,1.114619673
25644.67,0.499434345,0,0,0,0.041974432,0.042325159,1.114619673
25704.72,0.508147378,0,0,0,0.04230436,0.042573143,1.114619673
25764.75,0.472397766,0,0,0,0.041701593,0.042796282,1.114619673
25824.82,0.499974215,0,0,0,0.043020457,0.043217499,1.114619673
25884.87,0.491188249,0,0,0,0.042631116,0.043238095,1.114619673
25944.93,0.468654224,0,0,0,0.041927045,0.043143875,1.114619673
26004.99,0.472326422,0,0,0,0.042567417,0.042444822,1.114619673
26065.04,0.468220492,0,0,0,0.043458196,0.043057663,1.114619673
26125.09,0.458648768,0,0,0,0.042772538,0.042848758,1.114619673
26185.13,0.468375402,0,0,0,0.042714865,0.042867701,1.114619673
26245.19,0.472118374,0,0,0,0.043612267,0.043035108,1.114619673
26305.27,0.491146513,0,0,0,0.042085025,0.042794089,1.114619673
26365.35,0.481216535,0,0,0,0.043115332,0.044020404,1.114619673
26425.38,0.508324766,0,0,0,0.04212766,0.0436068,1.114619673
26485.45,0.506642917,0,0,0,0.043157895,0.043008818,1.048946395
26545.51,0.510354466,0,0,0,0.042166953,0.042949052,1.018396275
26605.58,0.520003981,0,0,0,0.042274257,0.043353637,1.023669313
26665.63,0.546709664,0,0,0,0.041989177,0.042743881,1.122730098
26725.68,0.533899151,0,0,0,0.041703638,0.043152949,0.995460839
26785.74,0.56637197,0,0,0,0.041855204,0.043331647,1.122820062
26845.81,0.56397921,0,0,0,0.042037689,0.042702252,1.122820062
26905.88,0.561629559,0,0,0,0.042875798,0.043403376,1.122820062
26965.92,0.545591328,0,0,0,0.041091299,0.042688305,1.122820062
27025.98,0.541307045,0,0,0,0.043394407,0.04266621,1.122820062
27086.09,0.532747183,0,0,0,0.040639358,0.042708865,1.122820062
27146.16,0.519068902,0,0,0,0.041908714,0.042867182,1.122820062
27206.23,0.515040929,0,0,0,0.041842179,0.04235168,1.122820062
27266.27,0.506842573,0,0,0,0.042517866,0.042391304,1.122820062
27326.33,0.50054083,0,0,0,0.04206501,0.042575651,1.122820062
27386.41,0.498245943,5.5,0,0,0.042033656,0.043097015,1.122820062
27446.46,0.489827317,5.5,0,0,0.042714865,0.042561205,1.122820062
27506.52,0.470447647,5.5,0,0,0.04381908,0.042606516,1.122820062
27566.58,0.426398726,5.5,0,0,0.043126894,0.042536432,1.122820062
27626.64,0.422588684,5.5,0,0,0.042202513,0.043291732,1.122820062
27686.71,0.444926548,5.5,0,0,0.042200341,0.042689009,1.122820062
27746.76,0.451084936,5.5,0,0,0.042703305,0.043299373,1.122820062
27806.83,0.482748803,5.5,0,0,0.042910025,0.042474065,1.122820062
27866.88,0.466553275,5.5,0,0,0.042414475,0.042671614,1.122820062
27926.94,0.481686173,5.5,0,0,0.04348816,0.042701279,1.16244084
27987,0.473804793,5.5,0,0,0.043197692,0.042883895,1.0548266
28047.06,0.495416161,5.5,0,0,0.043396369,0.04252479,1.135893456
28107.11,0.498177848,5.5,0,0,0.041935255,0.042916825,1.095775783
28167.18,0.504358505,5.5,0,0,0.042655076,0.042613636,1.077977588
28227.22,0.500709207,5.5,0,0,0.042460882,0.042591918,1.002293224
28287.27,0.523876794,5.5,0,0,0.042097902,0.042849491,1.087871635
28347.31,0.544412434,5.5,0,0,0.042664189,0.043454244,1.148829793
28407.35,0.555734352,5.5,0,0,0.042187066,0.042441249,1.148829793
28467.4,0.530437572,5.5,0,0,0.041886269,0.042722921,1.148829793
28527.45,0.468635087,5.5,0,0,0.043715009,0.043000568,1.148829793
28587.5,0.437254288,5.5,0,0,0.043314356,0.043063133,1.148829793
28647.56,0.439161085,5.5,0,0,0.044075145,0.04254902,1.148829793
28707.64,0.464561491,5.5,0,0,0.042293907,0.042848981,1.148829793
28767.68,0.475805218,5.5,0,0,0.043295983,0.042947127,1.148829793
28827.75,0.472466294,5.5,0,0,0.043435786,0.042800826,1.148829793
28887.79,0.48174903,5.5,0,0,0.042362641,0.042878731,1.148829793
28947.83,0.48194263,5.5,0,0,0.042404078,0.042222628,1.092593668
29007.92,0.484515766,5.5,0,0,0.041843874,0.042636381,1.053938652
29067.98,0.502045097,5.5,0,0,0.042700808,0.042646255,1.107861657
29128.01,0.525970598,5.5,0,0,0.04326782,0.042763158,1.192134663
29188.06,0.538031557,5.5,0,0,0.042849075,0.042523033,1.20054363
29248.14,0.522917879,5.5,0,0,0.043767068,0.042821159,1.055038104
29308.18,0.568438649,5.5,0,0,0.042041248,0.042730496,1.252693072
29368.22,0.546061274,5.5,0,0,0.041958959,0.042854674,1.252693072
29428.26,0.52717907,5.5,0,0,0.043165468,0.043197706,1.252693072
29488.32,0.480274714,5.5,0,0,0.043319186,0.042996863,1.252693072
29548.37,0.431111375,5.5,0,0,0.04365351,0.043098538,1.252693072
29608.44,0.460388379,5.5,0,0,0.044352923,0.04324007,1.252693072
29668.47,0.447894884,5.5,0,0,0.044380538,0.043121951,1.252693072
29728.55,0.459146376,5.5,0,0,0.044162592,0.042832989,1.252693072
29788.62,0.47068468,5.5,0,0,0.043213946,0.042731921,1.252693072
29848.68,0.466277176,5.5,0,0,0.043218754,0.0427303,1.252693072
29908.76,0.495398974,5.5,0,0,0.043961671,0.043725156,1.371807993
29968.79,0.493166536,5.5,0,0,0.044269479,0.043493954,1.289668011
30028.86,0.523744781,5.5,0,0,0.0436935,0.042523282,1.405657371
30088.9,0.49817851,5.5,0,0,0.043712363,0.042910781,1.185236387
30148.96,0.534251168,5.5,0,0,0.043782587,0.042773124,1.335697404
30209.04,0.55153424,5.5,0,0,0.044254054,0.042864797,1.364426061
30269.07,0.54662042,5.5,0,0,0.044238316,0.043153969,1.364426061
30329.13,0.512068123,5.5,0,0,0.044579534,0.042546007,1.364426061
30389.18,0.469683914,5.5,0,0,0.044336384,0.043014775,1.364426061
30449.21,0.46682901,5.5,0,0,0.04472003,0.042436816,1.364426061
30509.26,0.443932042,5.5,0,0,0.044748858,0.043951693,1.364426061
30569.35,0.450236372,5.5,0,0,0.043632932,0.043307087,1.364426061
30629.41,0.451452593,5.5,0,0,0.044141252,0.043469551,1.364426061
30689.47,0.471551224,5.5,0,0,0.043280977,0.042854446,1.364426061
30749.51,0.462257988,5.5,0,0,0.044171253,0.043080442,1.364426061
30809.54,0.474486061,5.5,0,0,0.045002616,0.042843779,1.364426061
30869.63,0.489028177,5.5,0,0,0.045916048,0.04300278,1.386768363
30929.7,0.494424082,5.5,0,0,0.045718159,0.043074173,1.350350461
30989.77,0.492070196,5.5,0,0,0.045860542,0.042916143,1.26851624
31049.85,0.508422617,5.5,0,0,0.044935906,0.043089858,1.303165361
31109.91,0.528838101,5.5,0,0,0.044931581,0.043288469,1.35611503
31170,0.535343342,5.5,0,0,0.044596796,0.043307788,1.324987172
31230.06,0.535487398,5.5,0,0,0.045135267,0.043423874,1.259544973
31290.14,0.563709821,5.5,0,0,0.045237931,0.043447915,1.350654506
31350.23,0.550558284,5.5,0,0,0.047177449,0.043337865,1.350654506
31410.3,0.53148611,5.5,0,0,0.046123232,0.043583535,1.350654506
31470.34,0.483408292,5.5,0,0,0.046496007,0.043412322,1.350654506
31530.38,0.441461181,5.5,0,0,0.047028545,0.043326209,1.350654506
31590.45,0.447081469,5.5,0,0,0.046752044,0.043379857,1.350654506
31650.49,0.449574147,5.5,0,0,0.046697899,0.043123543,1.350654506
31710.56,0.463081594,5.5,0,0,0.04613901,0.04307754,1.350654506
31770.6,0.474992405,5.5,0,0,0.04727955,0.043701799,1.350654506
31830.64,0.492059317,5.5,0,0,0.046872668,0.043051771,1.350654506
31890.69,0.4954981,5.5,0,0,0.045847269,0.043710021,1.304014518
31950.75,0.510631741,5.5,0,0,0.047502048,0.043617825,1.329069237
32010.79,0.503106489,5.5,0,0,0.047899285,0.043470451,1.218075342
32070.84,0.524357621,5.5,0,0,0.047797357,0.043549863,1.281287813
32130.91,0.527747612,5.5,0,0,0.047212742,0.043848523,1.236556101
32190.98,0.540631835,5.5,0,0,0.048126801,0.043334494,1.24708937
32251.04,0.539008099,5.5,0,0,0.046160999,0.044044223,1.175711133
32311.11,0.56087859,5.5,0,0,0.046083551,0.043446244,1.23624718
32371.19,0.552723605,5.5,0,0,0.04768727,0.043898305,1.23624718
32431.26,0.534761434,5.5,0,0,0.049244125,0.043579211,1.23624718
32491.3,0.472912161,5.5,0,0,0.049423776,0.04447685,1.23624718
32551.34,0.430945067,5.5,0,0,0.047351114,0.043880362,1.23624718
32611.4,0.443672535,5.5,0,0,0.047848308,0.043395144,1.23624718
32671.44,0.440084346,5.5,0,0,0.048395581,0.043602437,1.23624718
32731.51,0.458162621,5.5,0,0,0.04909423,0.044595616,1.23624718
32791.55,0.474469983,5.5,0,0,0.048932847,0.043894959,1.23624718
32851.6,0.482527431,5.5,0,0,0.050103425,0.044588415,1.23624718
32911.64,0.510811459,5.5,0,0,0.046937417,0.043930182,1.345323179
32971.68,0.498326133,5.5,0,0,0.049319102,0.043650081,1.203819594
33031.74,0.516183492,5.5,0,0,0.04949634,0.043742189,1.249251291
33091.8,0.52220436,5.5,0,0,0.049051529,0.043810848,1.221578819
33151.83,0.527038645,5.5,0,0,0.050488125,0.044810485,1.18814449
33211.88,0.526009861,5.5,0,0,0.048966121,0.043773329,1.122875518
33271.91,0.546158699,5.5,0,0,0.048618931,0.044256757,1.179500638
33331.99,0.572727257,5.5,0,0,0.048769371,0.043969627,1.179500638
33392.05,0.527474909,5.5,0,0,0.048300302,0.044099042,1.179500638
33452.12,0.515216604,5.5,0,0,0.048390295,0.044333148,1.179500638
33512.2,0.473494025,5.5,0,0,0.049862895,0.044231478,1.179500638
33572.26,0.43554154,5.5,0,0,0.050592766,0.044106317,1.179500638
33632.36,0.442141289,5.5,0,0,0.050337079,0.044177449,1.179500638
33692.42,0.453058475,5.5,0,0,0.051148545,0.043882484,1.179500638
33752.49,0.471175649,5.5,0,0,0.052710963,0.044549763,1.179500638
33812.52,0.478619394,5.5,0,0,0.050433412,0.044300172,1.179500638
33872.59,0.501315604,5.5,0,0,0.050779574,0.044792833,1.179500638
33932.66,0.489978152,5.5,0,0,0.051629254,0.045077329,1.051900463
33992.69,0.513894703,5.5,0,0,0.050216861,0.043858053,1.142278191
34052.76,0.514194586,5.5,0,0,0.049860576,0.044260525,1.086914416
34112.83,0.526736816,5.5,0,0,0.049748029,0.044397463,1.104866471
34172.88,0.53410979,5.5,0,0,0.053497942,0.04514195,1.091324328
34232.94,0.557801315,5.5,0,0,0.051263101,0.044436963,1.166962361
34293,0.552913558,5.5,0,0,0.05316758,0.044574983,1.166962361
34353.05,0.508342735,5.5,0,0,0.05362142,0.044448318,1.166962361
34413.09,0.464468077,5.5,0,0,0.052975273,0.045301385,1.166962361
34473.15,0.447895999,5.5,0,0,0.052318579,0.044090056,1.166962361
34533.18,0.436750353,5.5,0,0,0.052879144,0.044784372,1.166962361
34593.24,0.457199679,5.5,0,0,0.053834865,0.044210526,1.166962361
34653.28,0.463806362,5.5,0,0,0.05182839,0.044518028,1.166962361
34713.35,0.475162982,5.5,0,0,0.054664382,0.044739336,1.166962361
34773.42,0.46473219,5.5,0,0,0.054428463,0.044436005,1.166962361
34833.49,0.498368597,5.5,0,0,0.054796577,0.044875452,1.318250202
34893.54,0.498687705,5.5,0,0,0.054894717,0.04452593,1.254257993
34953.58,0.498444123,5.5,0,0,0.055204696,0.045348629,1.190079397
35013.65,0.510694635,5.5,0,0,0.054491483,0.045129334,1.203416438
35073.73,0.530059714,5.5,0,0,0.053265306,0.044495251,1.254899132
35133.77,0.551093037,5.5,0,0,0.053486022,0.044836717,1.30889611
35193.83,0.548812864,5.5,0,0,0.05492919,0.044455544,1.30889611
35253.87,0.523867772,5.5,0,0,0.055165999,0.045764537,1.30889611
35313.93,0.490748405,5.5,0,0,0.054590034,0.044676635,1.30889611
35373.97,0.438603092,5.5,0,0,0.055473774,0.045419847,1.30889611
35434.02,0.448372312,5.5,0,0,0.053954229,0.045233935,1.30889611
35494.06,0.452286052,5.5,0,0,0.055102948,0.044689604,1.30889611
35554.11,0.478337514,5.5,0,0,0.05529403,0.044789436,1.30889611
35614.18,0.478429727,5.5,0,0,0.056313737,0.04520522,1.30889611
35674.22,0.493227932,5.5,0,0,0.0538027,0.046035325,1.30889611
35734.26,0.50711186,5.5,0,0,0.054143876,0.044807225,1.326731924
35794.31,0.502887257,5.5,0,0,0.055788204,0.04561802,1.235298512
35854.43,0.501899382,5.5,0,0,0.055393586,0.045159023,1.167634571
35914.47,0.542072823,5.5,0,0,0.057731657,0.045673077,1.3402549
35974.54,0.552388306,5.5,0,0,0.057749011,0.045191612,1.3402549
36034.58,0.516220713,5.5,0,0,0.056194752,0.045192654,1.3402549
36094.64,0.47478427,5.5,0,0,0.058250915,0.045111326,1.3402549
36154.69,0.429636978,5.5,0,0,0.05554313,0.04638472,1.3402549
36214.76,0.454546117,5.5,0,0,0.056445461,0.045591484,1.3402549
36274.8,0.45009133,5.5,0,0,0.055941499,0.045171909,1.3402549
36334.86,0.45368168,5.5,0,0,0.057073651,0.045437406,1.3402549
36394.91,0.471669918,5.5,0,0,0.056753942,0.046182153,1.3402549
36454.97,0.478866841,5.5,0,0,0.058028977,0.04521477,1.3402549
36515.02,0.48015665,5.5,0,0,0.056941549,0.045354792,1.281311677
36575.09,0.49581242,5.5,0,0,0.057770664,0.045331407,1.313501884
36635.12,0.499271038,5.5,0,0,0.058177827,0.045126973,1.268681113
36695.18,0.518833714,5.5,0,0,0.056865178,0.046222222,1.320550031
36755.23,0.5088799,5.5,0,0,0.061492629,0.045539826,1.196408335
36815.3,0.530291742,5.5,0,0,0.059521258,0.046309192,1.260233743
36875.37,0.533916974,5.5,0,0,0.057731263,0.046767786,1.217661163
36935.45,0.539410438,5.5,0,0,0.060313205,0.045845776,1.18748735
36995.52,0.54606199,5.5,0,0,0.058137222,0.046239921,1.164880206
37055.56,0.548551131,5.5,0,0,0.060245135,0.046480522,1.164880206
37115.6,0.551148019,5.5,0,0,0.060783041,0.046015903,1.164880206
37175.64,0.492871486,5.5,0,0,0.061039545,0.045802856,1.164880206
37235.69,0.475619272,5.5,0,0,0.057857646,0.046096654,1.164880206
37295.73,0.428967559,5.5,0,0,0.059273423,0.046053889,1.164880206
37355.79,0.44218815,5.5,0,0,0.058046318,0.04505515,1.164880206
37415.82,0.442661063,5.5,0,0,0.058854519,0.046537812,1.164880206
37475.86,0.45348574,5.5,0,0,0.05911734,0.045751634,1.164880206
37535.91,0.465426868,5.5,0,0,0.060392397,0.046646684,1.164880206
37595.95,0.491256044,5.5,0,0,0.059264652,0.046207022,1.164880206
37656,0.477954096,5.5,0,0,0.059349075,0.046597633,1.024283879
37716.05,0.481993591,5.5,0,0,0.060424725,0.045989905,0.998318058
37776.12,0.512564684,5.5,0,0,0.059087458,0.045720362,1.132890446
37836.18,0.503880893,5.5,0,0,0.05860781,0.04621471,1.024984926
37896.24,0.512002586,5.5,0,0,0.062390158,0.045879354,1.021704958
37956.31,0.537617093,5.5,0,0,0.061902724,0.046418858,1.117070433
38016.38,0.533675978,5.5,0,0,0.06027936,0.046056023,1.039143777
38076.43,0.544135355,5.5,0,0,0.061795436,0.046622939,1.045414064
38136.55,0.542757095,5.5,0,0,0.06080326,0.045768566,1.045414064
38196.6,0.516395316,5.5,0,0,0.061721444,0.046901746,1.045414064
38256.64,0.498252799,5.5,0,0,0.061209759,0.046987286,1.045414064
38316.68,0.446996158,5.5,0,0,0.060318162,0.046303211,1.045414064
38376.72,0.447584226,5.5,0,0,0.061336749,0.046468744,1.045414064
38436.77,0.458310918,5.5,0,0,0.05976604,0.046464646,1.045414064
38496.84,0.488545468,5.5,0,0,0.063336925,0.046243799,1.045414064
38556.9,0.474549628,5.5,0,0,0.06199105,0.046498805,1.045414064
38616.97,0.494247009,5.5,0,0,0.061513298,0.046737537,1.045414064
38677.03,0.522494946,5.5,0,0,0.06222762,0.046916652,1.159883062
38737.09,0.498316748,5.5,0,0,0.061330561,0.047125182,0.959750721
38797.13,0.512807623,5.5,0,0,0.06129054,0.046404895,0.997757754
38857.2,0.537080462,5.5,0,0,0.063613774,0.047494781,1.086611313
38917.27,0.536966027,5.5,0,0,0.063907658,0.046207498,1.031641474
38977.31,0.557958597,5.5,0,0,0.061949231,0.047594142,1.095109198
39037.38,0.536761031,5.5,0,0,0.063233421,0.047111703,0.924158417
39097.44,0.569462814,5.5,0,0,0.066930551,0.046808511,1.055371986
39157.48,0.592315755,5.5,0,0,0.063278689,0.04662617,1.055371986
39217.53,0.535583661,5.5,0,0,0.065374116,0.046904639,1.055371986
39277.59,0.516637905,5.5,0,0,0.064867632,0.046648238,1.055371986
39337.64,0.491450513,5.5,0,0,0.063570392,0.047021389,1.055371986
39397.7,0.440346366,5.5,0,0,0.062791397,0.047010154,1.055371986
39457.77,0.446737306,5.5,0,0,0.063529412,0.046898928,1.055371986
39517.81,0.452202291,5.5,0,0,0.065376446,0.046699175,1.055371986
39577.88,0.475873786,5.5,0,0,0.064838288,0.04700774,1.055371986
39637.94,0.470375374,5.5,0,0,0.064831665,0.046600877,1.055371986
39697.99,0.491805294,5.5,0,0,0.063394089,0.04639444,1.055371986
39758.05,0.489641737,5.5,0,0,0.06371131,0.046663049,0.989376626
39818.09,0.48479585,5.5,0,0,0.062423417,0.04739508,0.910069499
39878.16,0.497086115,5.5,0,0,0.064253648,0.047863561,0.939672241
39938.22,0.52113114,5.5,0,0,0.064873641,0.047474567,1.034403942
39998.26,0.543729789,5.5,0,0,0.064562906,0.047467796,1.110035824
40058.3,0.536656279,5.5,0,0,0.065200857,0.047318612,1.01525024
40118.37,0.555666435,5.5,0,0,0.065147691,0.046679816,1.068918816
40178.42,0.554321064,5.5,0,0,0.065593807,0.046751055,1.068918816
40238.46,0.509973236,5.5,0,0,0.067497404,0.047602681,1.068918816
40298.51,0.481211207,5.5,0,0,0.061921611,0.047214353,1.068918816
40358.55,0.440125654,5.5,0,0,0.066720128,0.047272048,1.068918816
40418.65,0.441954657,5.5,0,0,0.063068264,0.047015217,1.068918816
40478.7,0.455268683,5.5,0,0,0.064298428,0.046036755,1.068918816
40538.77,0.467186838,5.5,0,0,0.066775118,0.046433019,1.068918816
40598.82,0.46384736,5.5,0,0,0.062414454,0.04712813,1.068918816
40658.85,0.485459046,5.5,0,0,0.06420068,0.046958378,1.068918816
40718.9,0.495902678,5.5,0,0,0.063583419,0.046725533,1.079327167
40778.94,0.492751549,5.5,0,0,0.067878698,0.047522189,1.006236993
40839,0.489000395,5.5,0,0,0.066111621,0.046970491,0.932999766
40899.04,0.507432853,5.5,0,0,0.06818347,0.047297297,0.997353067
40959.09,0.507218324,5.5,0,0,0.066291041,0.047296152,0.946216827
41019.16,0.532324407,5.5,0,0,0.066171004,0.047500445,1.043840667
41079.2,0.5524163,5.5,0,0,0.065294816,0.047409414,1.102795146
41139.24,0.531981239,5.5,0,0,0.066944482,0.047300685,0.934574274
41199.29,0.563439178,5.5,0,0,0.06674589,0.047619048,1.060199065
41259.35,0.575091209,5.5,0,0,0.069246717,0.047683235,1.060199065
41319.4,0.537938363,5.5,0,0,0.065956877,0.047553411,1.060199065
41379.43,0.50837826,5.5,0,0,0.067355641,0.046784621,1.060199065
41439.49,0.454135477,5.5,0,0,0.064529915,0.047500954,1.060199065
41499.55,0.426593345,5.5,0,0,0.066042048,0.046895766,1.060199065
41559.59,0.438254741,5.5,0,0,0.067489517,0.047627838,1.060199065
41619.66,0.449626058,5.5,0,0,0.065895522,0.048104131,1.060199065
41679.72,0.447598491,5.5,0,0,0.067352738,0.046926757,1.060199065
41739.77,0.472647429,5.5,0,0,0.067202887,0.046886447,1.060199065
41799.83,0.462628757,5.5,0,0,0.066818415,0.046784682,1.060199065
41859.89,0.472378246,5.5,0,0,0.065846548,0.047007042,1.069754477
41919.94,0.476891104,5.5,0,0,0.066303425,0.046886314,1.044791169
41979.98,0.49325141,5.5,0,0,0.068153656,0.047239915,1.093744106
42040.03,0.506191784,5.5,0,0,0.068075117,0.047810155,1.116746742
42100.07,0.506191394,5.5,0,0,0.067933259,0.047960791,1.060907093
42160.12,0.522270924,5.5,0,0,0.069151964,0.047805922,1.101676595
42220.16,0.539419116,5.5,0,0,0.068233667,0.04795954,1.143511919
42280.23,0.5471615,5.5,0,0,0.070189052,0.047564564,1.12908979
42340.28,0.554703629,5.5,0,0,0.070944742,0.048009368,1.12908979
42400.33,0.534059005,5.5,0,0,0.067971094,0.048323823,1.12908979
42460.4,0.47268458,5.5,0,0,0.067407775,0.047390841,1.12908979
42520.44,0.446032715,5.5,0,0,0.06805293,0.047530978,1.12908979
42580.48,0.449324021,5.5,0,0,0.067733897,0.047592898,1.12908979
42640.53,0.450760423,5.5,0,0,0.069925164,0.047333957,1.12908979
42700.59,0.466298884,5.5,0,0,0.070314912,0.047730971,1.12908979
42760.62,0.476463961,5.5,0,0,0.067452898,0.047468354,1.12908979
42820.66,0.485247087,5.5,0,0,0.06881341,0.047419296,1.12908979
42880.74,0.489529412,5.5,0,0,0.068587401,0.047461752,1.098994282
42940.81,0.513756474,5.5,0,0,0.070654977,0.04771713,1.18895903
43000.86,0.496320899,5.5,0,0,0.06976248,0.048381422,1.025931049
43060.9,0.527602069,5.5,0,0,0.069592697,0.047944037,1.157993452
43120.97,0.514924093,5.5,0,0,0.068467252,0.048118985,1.027125245
43181.03,0.551400841,5.5,0,0,0.068301688,0.048032703,1.181096559
43241.09,0.558738006,5.5,0,0,0.070886076,0.048043326,1.181096559
43301.14,0.51158401,5.5,0,0,0.070374901,0.048168862,1.181096559
43361.18,0.47742797,5.5,0,0,0.068881395,0.047696184,1.181096559
43421.25,0.440328507,5.5,0,0,0.069202043,0.047215263,1.181096559
43481.31,0.458482926,5.5,0,0,0.068830484,0.047636909,1.181096559
43541.35,0.475716452,5.5,0,0,0.070066621,0.04773821,1.181096559
43601.4,0.476617481,5.5,0,0,0.067005996,0.048136084,1.181096559
43661.47,0.473719926,5.5,0,0,0.07318617,0.04777475,1.181096559
43721.51,0.480174206,5.5,0,0,0.071002342,0.047670251,1.181096559
43781.58,0.48691292,5.5,0,0,0.068134607,0.048433048,1.163850727
43841.62,0.499117606,5.5,0,0,0.068352512,0.04818006,1.179927548
43901.66,0.506540191,5.5,0,0,0.068417135,0.048789368,1.165216933
43961.72,0.51989766,5.5,0,0,0.069276491,0.048851095,1.185041024
44021.79,0.522325,5.5,0,0,0.069713821,0.048316763,1.139763016
44081.87,0.534392591,5.5,0,0,0.069348404,0.048240343,1.151297142
44141.91,0.535203584,5.5,0,0,0.070412185,0.048070526,1.098281628
44201.96,0.542387599,5.5,0,0,0.070680803,0.048147544,1.083368551
44262,0.546832002,5.5,0,0,0.073059361,0.048358966,1.083368551
44322.07,0.509386676,5.5,0,0,0.071769663,0.04761112,1.083368551
44382.12,0.477383211,5.5,0,0,0.069359648,0.048020528,1.083368551
44442.18,0.449163707,5.5,0,0,0.070311916,0.048194946,1.083368551
44502.24,0.457397694,5.5,0,0,0.069526953,0.047740991,1.083368551
44562.31,0.451850966,5.5,0,0,0.069578578,0.047885797,1.083368551
44622.38,0.457671867,5.5,0,0,0.069613419,0.048013245,1.083368551
44682.42,0.477037171,5.5,0,0,0.072407045,0.048534963,1.083368551
44742.46,0.504439188,5.5,0,0,0.069386332,0.048575603,1.083368551
44802.51,0.502842701,5.5,0,0,0.070982839,0.048076923,1.019690442
44862.58,0.491440454,5.5,0,0,0.069493362,0.048645851,0.899896061
44922.61,0.519634849,5.5,0,0,0.070713992,0.047857636,1.022257968
44982.67,0.532649415,5.5,0,0,0.071767049,0.048353553,1.045356366
45042.74,0.533265281,5.5,0,0,0.07040945,0.048056421,0.996555237
45102.86,0.549375621,5.5,0,0,0.071906016,0.048917675,1.036017637
45162.93,0.550574786,5.5,0,0,0.072193047,0.049344375,1.036017637
45222.96,0.524226079,5.5,0,0,0.071779949,0.048850062,1.036017637
45283,0.471906208,5.5,0,0,0.071418096,0.048273368,1.036017637
45343.05,0.425194494,5.5,0,0,0.069227367,0.048493045,1.036017637
45403.09,0.435455864,5.5,0,0,0.073184447,0.047957031,1.036017637
45463.12,0.46932175,5.5,0,0,0.072186508,0.048091043,1.036017637
45523.18,0.455496398,5.5,0,0,0.068654597,0.048789503,1.036017637
45583.24,0.45931139,5.5,0,0,0.069931085,0.048413717,1.036017637
45643.31,0.460976627,5.5,0,0,0.071819122,0.048601148,1.036017637
45703.37,0.463586598,5.5,0,0,0.070937724,0.049077491,1.001154336
45763.43,0.477101235,5.5,0,0,0.072395569,0.04819906,1.037303116
45823.48,0.488860684,5.5,0,0,0.068790061,0.048392857,1.058484504
45883.52,0.506133185,5.5,0,0,0.070579444,0.048269743,1.109727174
45943.58,0.507737048,5.5,0,0,0.068811497,0.048476454,1.063732351
46003.65,0.536891016,5.5,0,0,0.072756277,0.04778157,1.178040029
46063.7,0.528899743,5.5,0,0,0.070132227,0.048392613,1.074149334
46123.76,0.530246563,5.5,0,0,0.072973341,0.048579593,1.028071526
46183.82,0.538626658,5.5,0,0,0.075983718,0.04932588,1.023709636
46243.85,0.570378984,5.5,0,0,0.070363003,0.048880533,1.144359203
46303.89,0.568438542,5.5,0,0,0.072539193,0.048829098,1.144359203
46363.94,0.527678931,5.5,0,0,0.075750088,0.049121078,1.144359203
46423.98,0.491744293,5.5,0,0,0.075252826,0.048767123,1.144359203
46484.04,0.4474836,5.5,0,0,0.072121437,0.048862365,1.144359203
46544.08,0.461178844,5.5,0,0,0.072332864,0.047813722,1.144359203
46604.14,0.480148814,5.5,0,0,0.074387732,0.04853853,1.144359203
46664.21,0.473181164,5.5,0,0,0.071832296,0.048793566,1.144359203
46724.26,0.475843778,5.5,0,0,0.072705176,0.048369565,1.144359203
46784.3,0.481361238,5.5,0,0,0.073685743,0.048507463,1.144359203
46844.36,0.493549798,5.5,0,0,0.072444568,0.049269752,1.162158521
46904.4,0.505782021,5.5,0,0,0.072463768,0.048535275,1.177496669
46964.45,0.511441339,5.5,0,0,0.074853056,0.048550352,1.152003157
47024.48,0.536724156,5.5,0,0,0.074056114,0.048772284,1.239157178
47084.53,0.545200352,5.5,0,0,0.075640304,0.048962656,1.224206493
47144.57,0.546754643,5.5,0,0,0.073728418,0.049104066,1.224206493
47204.61,0.500196226,5.5,0,0,0.074369568,0.048780488,1.224206493
47264.67,0.478215172,5.5,0,0,0.072594752,0.048333944,1.224206493
47324.72,0.414866382,5.5,0,0,0.072405533,0.048946958,1.224206493
47384.8,0.440554219,5.5,0,0,0.069901496,0.048111257,1.224206493
47444.86,0.434201997,5.5,0,0,0.071686475,0.048645555,1.224206493
47504.94,0.446633068,5.5,0,0,0.07213164,0.048748599,1.224206493
47565.01,0.445611329,5.5,0,0,0.070840555,0.048803291,1.224206493
47625.06,0.452117249,5.5,0,0,0.071634893,0.048560136,1.224206493
47685.11,0.47868377,5.5,0,0,0.073691255,0.048572948,1.334292102
47745.18,0.466934471,5.5,0,0,0.072435035,0.048637777,1.193023711
47805.23,0.483799691,5.5,0,0,0.072267135,0.048802449,1.239818614
47865.3,0.503575382,5.5,0,0,0.074934268,0.048637092,1.298015059
47925.35,0.512504728,5.5,0,0,0.073384905,0.048053738,1.285843864
47985.38,0.503776478,5.5,0,0,0.075680765,0.048892675,1.170019884
48045.43,0.51646803,5.5,0,0,0.071933499,0.048704663,1.186161037
48105.48,0.522041624,5.5,0,0,0.071538957,0.049194378,1.159054788
48165.52,0.54128579,5.5,0,0,0.073077682,0.049275362,1.209702281
48225.57,0.545685006,5.5,0,0,0.07471688,0.049304243,1.209702281
48285.61,0.525971745,5.5,0,0,0.074654441,0.048592493,1.209702281
48345.68,0.499864818,5.5,0,0,0.078211859,0.048840049,1.209702281
48405.72,0.455018695,5.5,0,0,0.073505772,0.048696597,1.209702281
48465.76,0.480418937,5.5,0,0,0.073574674,0.048356236,1.209702281
48525.81,0.490608552,5.5,0,0,0.073207493,0.048797613,1.209702281
48585.87,0.471613725,5.5,0,0,0.073946443,0.049109552,1.209702281
48645.92,0.488971951,5.5,0,0,0.073578829,0.048916841,1.209702281
48705.98,0.493642022,5.5,0,0,0.073481317,0.049050633,1.209702281
48766.03,0.505033966,5.5,0,0,0.074200042,0.048438819,1.21766242
48826.09,0.508942359,5.5,0,0,0.075900394,0.049315068,1.179906538
48886.18,0.523643312,5.5,0,0,0.075362717,0.049310345,1.206339161
48946.26,0.549036101,5.5,0,0,0.073180226,0.048748135,1.288082544
49006.31,0.550556153,5.5,0,0,0.075204068,0.048828125,1.288082544
49066.37,0.543099889,5.5,0,0,0.073673092,0.049066214,1.288082544
49126.41,0.482097344,5.5,0,0,0.079094727,0.048119282,1.288082544
49186.46,0.452460123,5.5,0,0,0.074036065,0.048858773,1.288082544
49246.5,0.455805144,5.5,0,0,0.074497089,0.04870956,1.288082544
49306.56,0.468728667,5.5,0,0,0.073731065,0.048824593,1.288082544
49366.63,0.502655701,5.5,0,0,0.072219547,0.048980303,1.288082544
49426.69,0.476524748,5.5,0,0,0.074976637,0.049183303,1.288082544
49486.76,0.489746952,5.5,0,0,0.074488156,0.048978154,1.288082544
49546.83,0.502708976,5.5,0,0,0.073897659,0.049278423,1.302046193
49606.87,0.536148787,5.5,0,0,0.07416897,0.049185947,1.430144735
49666.92,0.540626752,5.5,0,0,0.072627502,0.04947312,1.383589722
49726.96,0.528431607,5.5,0,0,0.072453645,0.048736756,1.245963044
49787.07,0.553449828,5.5,0,0,0.077842647,0.049836179,1.322438039
49847.12,0.555703329,5.5,0,0,0.077227723,0.049211658,1.322438039
49907.16,0.519674361,5.5,0,0,0.0752571,0.049811862,1.322438039
49967.23,0.480699815,5.5,0,0,0.075905651,0.048602457,1.322438039
50027.28,0.447356466,5.5,0,0,0.074467306,0.048540146,1.322438039
50087.31,0.460627261,5.5,0,0,0.073525159,0.048740714,1.322438039
50147.36,0.479644171,5.5,0,0,0.072545341,0.049459316,1.322438039
50207.4,0.480515921,5.5,0,0,0.075809888,0.049506695,1.322438039
50267.43,0.506421252,5.5,0,0,0.072151136,0.049429658,1.322438039
50327.52,0.485172707,5.5,0,0,0.076737381,0.049341528,1.322438039
50387.6,0.506720155,5.5,0,0,0.074770863,0.049050086,1.38667803
50447.64,0.52659403,5.5,0,0,0.074756888,0.04914345,1.432757194
50507.67,0.512053294,5.5,0,0,0.074988103,0.048684855,1.27711573
50567.74,0.534957187,5.5,0,0,0.074679803,0.049576784,1.344533977
50627.81,0.545684602,5.5,0,0,0.077155409,0.049636003,1.33687059
50687.86,0.545417217,5.5,0,0,0.076272315,0.04944483,1.33687059
50747.91,0.505203672,5.5,0,0,0.077782584,0.048877375,1.33687059
50807.94,0.490989465,5.5,0,0,0.07617842,0.049499339,1.33687059
50867.99,0.459775652,5.5,0,0,0.072733762,0.049068768,1.33687059
50928.05,0.448593476,5.5,0,0,0.074273095,0.048095156,1.33687059
50988.12,0.448799017,5.5,0,0,0.078158205,0.048986183,1.33687059
51048.18,0.485395723,5.5,0,0,0.073645338,0.048616169,1.33687059
51108.25,0.478821836,5.5,0,0,0.077536886,0.049280954,1.33687059
51168.31,0.491210378,5.5,0,0,0.073602313,0.048763617,1.33687059
51228.38,0.497729624,5.5,0,0,0.074569922,0.048963234,1.309580568
51288.42,0.517269254,5.5,0,0,0.075383129,0.049249779,1.359621141
51348.47,0.493994001,5.5,0,0,0.078545455,0.049155405,1.153519583
51408.52,0.525837739,5.5,0,0,0.075362708,0.049011323,1.283251534
51468.58,0.521589024,5.5,0,0,0.075844401,0.049668311,1.194750812
51528.67,0.530903366,5.5,0,0,0.07739101,0.048984853,1.188113424
51588.74,0.570201065,5.5,0,0,0.074579699,0.049320584,1.342934829
51648.81,0.560477434,5.5,0,0,0.078430043,0.049348077,1.342934829
51708.87,0.529603821,5.5,0,0,0.078013694,0.049360446,1.342934829
51768.93,0.497869605,5.5,0,0,0.07605042,0.049206632,1.342934829
51828.98,0.451238793,5.5,0,0,0.074660469,0.049074241,1.342934829
51889.05,0.457199829,5.5,0,0,0.073691705,0.04893617,1.342934829
51949.16,0.48272664,5.5,0,0,0.071800068,0.048638132,1.342934829
52009.2,0.472072796,5.5,0,0,0.077768699,0.049120235,1.342934829
52069.24,0.48194137,5.5,0,0,0.077453931,0.048576214,1.342934829
52129.27,0.506124852,5.5,0,0,0.072651825,0.048868935,1.342934829
52189.34,0.508721389,5.5,0,0,0.077959507,0.048854962,1.291139434
52249.39,0.532896012,5.5,0,0,0.077854059,0.049573839,1.365859887
52309.43,0.513433795,5.5,0,0,0.075920451,0.049579537,1.185951251
52369.48,0.542634357,5.5,0,0,0.07634099,0.04935289,1.292597566
52429.54,0.541164027,5.5,0,0,0.077439024,0.049310975,1.292597566
52489.62,0.522539658,5.5,0,0,0.079874306,0.049729364,1.292597566
52549.68,0.487379369,5.5,0,0,0.076239715,0.05,1.292597566
52609.74,0.449536423,5.5,0,0,0.075152336,0.049342732,1.292597566
52669.78,0.44634468,5.5,0,0,0.074329843,0.048830301,1.292597566
52729.85,0.448539327,5.5,0,0,0.07518351,0.049177297,1.292597566
52789.89,0.458160799,5.5,0,0,0.074614938,0.04937799,1.292597566
52849.94,0.470746169,5.5,0,0,0.074444524,0.04951224,1.292597566
52909.98,0.476349339,5.5,0,0,0.073567033,0.049192231,1.292597566
52970.05,0.494105367,5.5,0,0,0.073440164,0.048780488,1.337759582
53030.09,0.485975947,5.5,0,0,0.074106779,0.049765909,1.22110263
53090.13,0.498229825,5.5,0,0,0.079531991,0.049229679,1.234754505
53150.18,0.514358142,5.5,0,0,0.076385042,0.048937978,1.268591774
53210.23,0.498892804,5.5,0,0,0.077440134,0.049150283,1.113576545
53270.29,0.516619966,5.5,0,0,0.075495543,0.050452331,1.162646551
53330.36,0.534242201,5.5,0,0,0.081001154,0.050408483,1.205139528
53390.43,0.545137886,5.5,0,0,0.076493028,0.049833333,1.205450959
53450.5,0.557329841,5.5,0,0,0.074709008,0.049511401,1.205450959
53510.54,0.522666731,5.5,0,0,0.078006274,0.049262793,1.205450959
53570.59,0.463426642,5.5,0,0,0.076055731,0.050045496,1.205450959
53630.65,0.433603704,5.5,0,0,0.076827661,0.048829554,1.205450959
53690.71,0.449932222,5.5,0,0,0.076756757,0.049612123,1.205450959
53750.75,0.434245026,5.5,0,0,0.077962905,0.048654626,1.205450959
53810.78,0.443231993,5.5,0,0,0.078781678,0.049727768,1.205450959
53870.82,0.458440806,5.5,0,0,0.074227689,0.049037414,1.205450959
53930.89,0.480954158,5.5,0,0,0.07248932,0.049563765,1.205450959
53990.94,0.46901834,5.5,0,0,0.076269355,0.050150629,1.069788145
54050.98,0.470797828,5.5,0,0,0.077913575,0.049267399,1.027659411
54111.02,0.486233441,5.5,0,0,0.074403147,0.049594229,1.073056669
54171.11,0.514093245,5.5,0,0,0.075920719,0.049267873,1.186551298
54231.18,0.50691278,5.5,0,0,0.080665434,0.04957265,1.085026627
54291.27,0.526198748,5.5,0,0,0.077701532,0.049016224,1.14279539
54351.32,0.538686368,5.5,0,0,0.076547993,0.04907563,1.156019226
54411.37,0.537644008,5.5,0,0,0.078845623,0.050008804,1.09240763
54471.43,0.54699318,5.5,0,0,0.079207921,0.049738661,1.089506311
54531.47,0.56383892,5.5,0,0,0.082531936,0.049308381,1.089506311
54591.53,0.510548789,5.5,0,0,0.079312813,0.04940145,1.089506311
54651.56,0.476883511,5.5,0,0,0.075643395,0.049126638,1.089506311
54711.61,0.426174342,5.5,0,0,0.073714202,0.048835042,1.089506311
54771.65,0.425456772,5.5,0,0,0.076863951,0.049274255,1.089506311
54831.7,0.445235011,5.5,0,0,0.075576175,0.049102235,1.089506311
54891.75,0.442535162,5.5,0,0,0.075262501,0.048679441,1.089506311
54951.8,0.461811002,5.5,0,0,0.075319241,0.049465483,1.089506311
55011.85,0.470807815,5.5,0,0,0.078459669,0.048910245,1.089506311
55071.92,0.46772903,5.5,0,0,0.077348871,0.049637873,1.01534847
55131.99,0.485172963,5.5,0,0,0.077919227,0.049537289,1.074430005
55192.06,0.49452373,5.5,0,0,0.074096426,0.048739211,1.077977563
55252.11,0.496455865,5.5,0,0,0.078130574,0.04955595,1.035777031
55312.17,0.525104937,5.5,0,0,0.075886004,0.049005098,1.152298784
55372.23,0.504661519,5.5,0,0,0.078975303,0.049070507,0.975553314
55432.3,0.526066067,5.5,0,0,0.077536281,0.048915784,1.051392238
55492.37,0.547101507,5.5,0,0,0.075578406,0.050323257,1.116445266
55552.41,0.557149529,5.5,0,0,0.080681184,0.049414407,1.116445266
55612.45,0.523838395,5.5,0,0,0.076943682,0.049628221,1.116445266
55672.5,0.498526864,5.5,0,0,0.080391575,0.048694779,1.116445266
55732.56,0.472736382,5.5,0,0,0.076473106,0.04921861,1.116445266
55792.6,0.448751302,5.5,0,0,0.075412762,0.049708738,1.116445266
55852.65,0.437916362,5.5,0,0,0.077939132,0.049226707,1.116445266
55912.69,0.438465098,5.5,0,0,0.076958106,0.049630996,1.116445266
55972.76,0.45704885,5.5,0,0,0.076491849,0.050555343,1.116445266
56032.82,0.466352583,5.5,0,0,0.076392419,0.048984681,1.116445266
56092.88,0.454480425,5.5,0,0,0.076507456,0.048990342,1.116445266
56152.95,0.475775708,5.5,0,0,0.07783122,0.049707602,1.197998096
56213.01,0.498677348,5.5,0,0,0.078694957,0.049598084,1.279136432
56273.08,0.498705801,5.5,0,0,0.078934174,0.049895688,1.215350777
56333.14,0.496988876,5.5,0,0,0.076325474,0.048784692,1.144237137
56393.19,0.498123066,5.5,0,0,0.077974998,0.049571184,1.093863846
56453.25,0.530785868,5.5,0,0,0.083352106,0.050340588,1.229705192
56513.34,0.530230012,5.5,0,0,0.082055382,0.050008505,1.165076588
56573.4,0.540336682,5.5,0,0,0.081337709,0.049740412,1.163467356
56633.46,0.559882025,5.5,0,0,0.081935123,0.049206863,1.163467356
56693.51,0.501830509,5.5,0,0,0.075991842,0.049974416,1.163467356
56753.55,0.477665125,5.5,0,0,0.079568595,0.049868766,1.163467356
56813.6,0.430573871,5.5,0,0,0.076029092,0.048589627,1.163467356
56873.66,0.443829405,5.5,0,0,0.076659562,0.049329859,1.163467356
56933.73,0.433990616,5.5,0,0,0.077538884,0.049134562,1.163467356
56993.77,0.462599074,5.5,0,0,0.074618348,0.049433962,1.163467356
57053.82,0.479929248,5.5,0,0,0.074980711,0.048890493,1.163467356
57113.87,0.474031167,5.5,0,0,0.078136572,0.048886569,1.163467356
57173.91,0.478520546,5.5,0,0,0.076382979,0.049964438,1.133572219
57233.94,0.481365791,5.5,0,0,0.078404402,0.049560065,1.094678546
57294.01,0.502008885,5.5,0,0,0.079988237,0.050178571,1.165915691
57354.07,0.502440556,5.5,0,0,0.079127949,0.04934663,1.11019846
57414.13,0.511721457,5.5,0,0,0.078868737,0.050577529,1.109597871
57474.16,0.53177241,5.5,0,0,0.076094713,0.050468262,1.169423425
57534.21,0.509304515,5.5,0,0,0.08180336,0.050386295,0.98144376
57594.27,0.516822335,5.5,0,0,0.077370564,0.049778942,0.976330779
57654.34,0.560241114,5.5,0,0,0.081363574,0.049991805,1.169518491
57714.4,0.556872002,5.5,0,0,0.078049092,0.050016134,1.169518491
57774.43,0.506252923,5.5,0,0,0.078624245,0.049316406,1.169518491
57834.49,0.470430038,5.5,0,0,0.080068524,0.049644096,1.169518491
57894.56,0.425538783,5.5,0,0,0.07954001,0.048718415,1.169518491
57954.63,0.443753684,5.5,0,0,0.077980583,0.049367314,1.169518491
58014.67,0.444769372,5.5,0,0,0.078376919,0.049990532,1.169518491
58074.72,0.442812897,5.5,0,0,0.077002737,0.049606889,1.169518491
58134.78,0.454720922,5.5,0,0,0.080494634,0.048970004,1.169518491
58194.82,0.453934349,5.5,0,0,0.077244259,0.049098375,1.169518491
58254.86,0.48938607,5.5,0,0,0.078539342,0.050327035,1.336639885
58314.91,0.491787639,5.5,0,0,0.074032269,0.049632995,1.284493814
58374.95,0.494343081,5.5,0,0,0.079539697,0.049395509,1.235817453
58435.01,0.499125343,5.5,0,0,0.078197897,0.050409908,1.202909021
58495.06,0.500403581,5.5,0,0,0.079399593,0.050883022,1.150436622
58555.13,0.507908067,5.5,0,0,0.078110129,0.049957228,1.137571367
58615.18,0.517469706,5.5,0,0,0.083631061,0.050319903,1.136644366
58675.21,0.522447658,5.5,0,0,0.07612788,0.04999144,1.108533605
58735.29,0.535302139,5.5,0,0,0.080364988,0.051144911,1.126026514
58795.36,0.558673516,5.5,0,0,0.077495232,0.050508475,1.197926947
58855.48,0.553327597,5.5,0,0,0.077570504,0.050764834,1.197926947
58915.56,0.545632906,5.5,0,0,0.080497249,0.049912014,1.197926947
58975.62,0.492727567,5.5,0,0,0.082419632,0.050008712,1.197926947
59035.68,0.448235202,5.5,0,0,0.078859682,0.050090744,1.197926947
59095.72,0.47077092,5.5,0,0,0.076608565,0.049529125,1.197926947
59155.76,0.475354495,5.5,0,0,0.077612372,0.04960354,1.197926947
59215.82,0.492604396,5.5,0,0,0.077590499,0.049203292,1.197926947
59275.9,0.479141841,5.5,0,0,0.076502732,0.049448595,1.197926947
59335.94,0.491666578,5.5,0,0,0.078638915,0.050110039,1.197926947
59396,0.486532267,5.5,0,0,0.079329135,0.05094976,1.106537875
59456.04,0.514726949,5.5,0,0,0.080927322,0.05025301,1.220211
59516.1,0.512848801,5.5,0,0,0.078011318,0.050521109,1.148233961
59576.14,0.534729778,5.5,0,0,0.079682908,0.050162643,1.216163655
59636.21,0.517172463,5.5,0,0,0.078685259,0.050185248,1.055200087
59696.26,0.545593682,5.5,0,0,0.082675791,0.050571237,1.162934452
59756.33,0.540530017,5.5,0,0,0.082100142,0.050470626,1.162934452
59816.39,0.532114638,5.5,0,0,0.079310573,0.050788698,1.162934452
59876.45,0.493879909,5.5,0,0,0.083683929,0.049965059,1.162934452
59936.5,0.443104069,5.5,0,0,0.077513764,0.04962963,1.162934452
59996.54,0.464234373,5.5,0,0,0.076802508,0.049515608,1.162934452
60056.59,0.483838653,5.5,0,0,0.080192945,0.049186257,1.162934452
60116.65,0.471497404,5.5,0,0,0.079550431,0.049753064,1.162934452
60176.7,0.487457536,5.5,0,0,0.0794406,0.049475524,1.162934452
60236.74,0.480950155,5.5,0,0,0.078952909,0.049938456,1.162934452
60296.81,0.492637893,5.5,0,0,0.081956426,0.04940145,1.176820043
60356.85,0.511785855,5.5,0,0,0.079286011,0.050658908,1.232374676
60416.89,0.501428806,5.5,0,0,0.078219735,0.050286111,1.109421988
60476.94,0.535347682,5.5,0,0,0.078879052,0.050245305,1.250315209
60537.01,0.528303593,5.5,0,0,0.080649545,0.049833333,1.148063539
60597.07,0.543551658,5.5,0,0,0.079849664,0.049481621,1.176021294
60657.12,0.570266062,5.5,0,0,0.081660154,0.050611413,1.176021294
60717.18,0.506728811,5.5,0,0,0.081039217,0.050164902,1.176021294
60777.24,0.490189613,5.5,0,0,0.079377543,0.050274537,1.176021294
60837.28,0.468308019,5.5,0,0,0.078844765,0.050712567,1.176021294
60897.33,0.443824721,5.5,0,0,0.081700379,0.049708667,1.176021294
60957.37,0.450969823,5.5,0,0,0.076478149,0.049635036,1.176021294
61017.42,0.464077882,5.5,0,0,0.075991649,0.049349724,1.176021294
61077.48,0.460931184,5.5,0,0,0.078851744,0.050329429,1.176021294
61137.57,0.477045227,5.5,0,0,0.078349197,0.049450549,1.176021294
61197.61,0.496416033,5.5,0,0,0.079908349,0.05029898,1.176021294
61257.67,0.503456142,5.5,0,0,0.079749419,0.050141243,1.159466981
61317.72,0.495017245,5.5,0,0,0.078243105,0.050895051,1.050781627
61377.76,0.503036642,5.5,0,0,0.078218689,0.050499915,1.04645379
61437.82,0.501588605,5.5,0,0,0.081451444,0.050024683,0.985482873
61497.86,0.533797409,5.5,0,0,0.080477002,0.05085034,1.122917064
61557.94,0.558016191,5.5,0,0,0.081079244,0.050281178,1.199885994
61617.98,0.544200261,5.5,0,0,0.079900777,0.050476817,1.199885994
61678.05,0.507397183,5.5,0,0,0.079934413,0.050319903,1.199885994
61738.1,0.487385644,5.5,0,0,0.07805966,0.049292082,1.199885994
61798.15,0.456386372,5.5,0,0,0.079526227,0.050156196,1.199885994
61858.2,0.463946803,5.5,0,0,0.079741538,0.049659031,1.199885994
61918.24,0.471176689,5.5,0,0,0.07838968,0.049946676,1.199885994
61978.28,0.486813094,5.5,0,0,0.078902954,0.04989605,1.199885994
62038.33,0.491407329,5.5,0,0,0.078376914,0.050423195,1.199885994
62098.39,0.496173812,5.5,0,0,0.079864472,0.050580876,1.199885994
62158.46,0.519654083,5.5,0,0,0.08134475,0.04997424,1.278602911
62218.5,0.549583747,5.5,0,0,0.082686971,0.050323866,1.382666176
62278.54,0.524626514,5.5,0,0,0.08211427,0.050218341,1.174109186
62338.6,0.545496394,5.5,0,0,0.07896436,0.050618109,1.232432486
62398.67,0.531882752,5.5,0,0,0.078523405,0.050456432,1.094991501
62458.74,0.585507806,5.5,0,0,0.081455692,0.050444162,1.328411249
62518.82,0.578568998,5.5,0,0,0.080471553,0.05010306,1.328411249
62578.89,0.540776325,5.5,0,0,0.084642356,0.050838841,1.328411249
62638.94,0.515242449,5.5,0,0,0.08190597,0.04916921,1.328411249
62698.98,0.46283875,5.5,0,0,0.078471827,0.049592632,1.328411249
62759.02,0.438088939,5.5,0,0,0.076503923,0.049463983,1.328411249
62819.06,0.448669535,5.5,0,0,0.077798301,0.049554566,1.328411249
62879.13,0.432825348,5.5,0,0,0.078110004,0.049291889,1.328411249
62939.17,0.462736364,5.5,0,0,0.080637743,0.050148588,1.328411249
62999.21,0.456951327,5.5,0,0,0.080367823,0.050074184,1.328411249
63059.26,0.474291625,5.5,0,0,0.079489982,0.049559083,1.328411249
63119.3,0.477675425,5.5,0,0,0.076327657,0.049752999,1.283317986
63179.35,0.481008593,5.5,0,0,0.077881194,0.049818997,1.240013067
63239.39,0.49855773,5.5,0,0,0.077314753,0.049879185,1.285515179
63299.44,0.498612863,5.5,0,0,0.078387534,0.049819619,1.221571159
63359.51,0.519438544,5.5,0,0,0.078825659,0.050175029,1.283248212
63419.59,0.520869316,5.5,0,0,0.082355451,0.050033135,1.227337817
63479.67,0.540859308,5.5,0,0,0.080598227,0.049885509,1.278950948
63539.72,0.545517612,5.5,0,0,0.083117429,0.049983824,1.278950948
63599.78,0.524444444,5.5,0,0,0.081504486,0.049991751,1.278950948
63659.82,0.482361853,5.5,0,0,0.077695777,0.050195799,1.278950948
63719.87,0.439662654,5.5,0,0,0.081894194,0.049794085,1.278950948
63779.94,0.443559281,5.5,0,0,0.080625383,0.049660986,1.278950948
63840.01,0.452577453,5.5,0,0,0.079038561,0.05,1.278950948
63900.09,0.469268739,5.5,0,0,0.077477732,0.04998142,1.278950948
63960.15,0.472567787,5.5,0,0,0.080483339,0.049876194,1.278950948
64020.18,0.475285868,5.5,0,0,0.080366813,0.049964183,1.278950948
64080.23,0.488802014,5.5,0,0,0.080723581,0.049271927,1.299126635
64140.28,0.505563885,5.5,0,0,0.081303725,0.049717127,1.335320949
64200.31,0.504463663,5.5,0,0,0.080002761,0.049932295,1.262019105
64260.36,0.536035164,5.5,0,0,0.08257468,0.050583658,1.381030008
64320.42,0.53139922,5.5,0,0,0.081563939,0.049832215,1.28591991
64380.47,0.534965796,5.5,0,0,0.083887866,0.049536593,1.241691655
64440.52,0.538354293,5.5,0,0,0.082316246,0.050146532,1.198549276
64500.56,0.550930741,5.5,0,0,0.082949309,0.050406763,1.207898485
64560.64,0.562747576,5.5,0,0,0.083400483,0.050731707,1.207898485
64620.69,0.510295377,5.5,0,0,0.07941879,0.049957519,1.207898485
64680.74,0.482558248,5.5,0,0,0.078808131,0.050944794,1.207898485
64740.79,0.471742746,5.5,0,0,0.077563108,0.0499002,1.207898485
64800.82,0.423059816,5.5,0,0,0.076894585,0.049887892,1.207898485
64860.89,0.432635175,5.5,0,0,0.079763663,0.048938467,1.207898485
64920.95,0.432369279,5.5,0,0,0.078719397,0.049177396,1.207898485
64981.02,0.448008521,5.5,0,0,0.077815899,0.049742405,1.207898485
65041.05,0.446734227,5.5,0,0,0.078482104,0.049910873,1.207898485
65101.09,0.454408512,5.5,0,0,0.076277651,0.050102823,1.207898485
65161.16,0.460840213,5.5,0,0,0.081701807,0.050072569,1.189667886
65221.19,0.485902025,5.5,0,0,0.079545455,0.049882523,1.289051395
65281.27,0.474717345,5.5,0,0,0.077266576,0.049437436,1.154736489
65341.3,0.484715424,5.5,0,0,0.079657808,0.050371156,1.159526871
65401.37,0.482384776,5.5,0,0,0.078380939,0.050396476,1.087090891
65461.42,0.518631047,5.5,0,0,0.081546868,0.050447658,1.2500883
65521.48,0.506347147,5.5,0,0,0.083694396,0.049748744,1.115673158
65581.54,0.503804415,5.5,0,0,0.07882062,0.050126582,1.044786398
65641.62,0.536651504,5.5,0,0,0.082677973,0.050779954,1.182029443
65701.74,0.548976691,5.5,0,0,0.083812261,0.050789876,1.191049175
65761.81,0.545583628,5.5,0,0,0.07956486,0.050191816,1.191049175
65821.88,0.504196628,5.5,0,0,0.081235542,0.049881637,1.191049175
65881.92,0.467034951,5.5,0,0,0.081845018,0.04981452,1.191049175
65941.96,0.466468519,5.5,0,0,0.079187004,0.050054605,1.191049175
66002.01,0.443427696,5.5,0,0,0.077157581,0.049804141,1.191049175
66062.07,0.446392418,5.5,0,0,0.080972597,0.049461581,1.191049175
66122.13,0.474413945,5.5,0,0,0.075779778,0.049829106,1.191049175
66182.18,0.444817119,5.5,0,0,0.078742429,0.049429658,1.191049175
66242.25,0.471306456,5.5,0,0,0.079961888,0.049601417,1.191049175
66302.28,0.486368306,5.5,0,0,0.075844572,0.049948507,1.191049175
66362.36,0.470131949,5.5,0,0,0.078740695,0.049786142,1.029638409
66422.41,0.484957272,5.5,0,0,0.077920324,0.050237969,1.071298655
66482.44,0.516866565,5.5,0,0,0.079806697,0.050688033,1.208905598
66542.51,0.496752239,5.5,0,0,0.080437625,0.050444109,1.029380247
66602.58,0.511733092,5.5,0,0,0.082502458,0.050485774,1.067046622
66662.65,0.524483169,5.5,0,0,0.079218913,0.050500082,1.087524753
66722.72,0.526782947,5.5,0,0,0.084690554,0.050403558,1.046274296
66782.76,0.531736921,5.5,0,0,0.079631878,0.050714998,1.022041356
66842.81,0.556168957,5.5,0,0,0.084367926,0.050248911,1.1057091
66902.86,0.566230062,5.5,0,0,0.083283523,0.05015125,1.1057091
66962.92,0.543210063,5.5,0,0,0.07995893,0.050593786,1.1057091
67022.98,0.50656956,5.5,0,0,0.08252047,0.050356053,1.1057091
67083.06,0.450675424,5.5,0,0,0.082072617,0.049802229,1.1057091
67143.1,0.429681468,5.5,0,0,0.080350225,0.05066251,1.1057091
67203.17,0.428108067,5.5,0,0,0.077858155,0.049499339,1.1057091
67263.22,0.427106909,5.5,0,0,0.079707384,0.050866616,1.1057091
67323.26,0.448304085,5.5,0,0,0.078422718,0.049743965,1.1057091
67383.31,0.452304908,5.5,0,0,0.081949402,0.050614606,1.1057091
67443.35,0.465214652,5.5,0,0,0.078521278,0.050672563,1.1057091
67503.42,0.472451971,5.5,0,0,0.078272416,0.049879185,1.096735172
67563.48,0.467419903,5.5,0,0,0.082279901,0.049651568,1.009774147
67623.53,0.484109731,5.5,0,0,0.082568128,0.049555051,1.064536221
67683.57,0.491239165,5.5,0,0,0.078877461,0.049824561,1.055167939
67743.61,0.514552053,5.5,0,0,0.079137663,0.05036471,1.141506388
67803.66,0.512559236,5.5,0,0,0.081508179,0.05003499,1.072789762
67863.72,0.513846697,5.5,0,0,0.082198377,0.050069061,1.026676312
67923.79,0.521156144,5.5,0,0,0.080919081,0.050927487,1.017716692
67983.87,0.552474855,5.5,0,0,0.082983904,0.050344375,1.141905528
68043.9,0.538780432,5.5,0,0,0.083327724,0.051367578,1.009510865
68103.98,0.555337423,5.5,0,0,0.080797815,0.050705171,1.049838638
68164.03,0.565364137,5.5,0,0,0.083185725,0.049952275,1.049838638
68224.08,0.519294605,5.5,0,0,0.083063349,0.050645995,1.049838638
68284.13,0.486556341,5.5,0,0,0.081864614,0.04959407,1.049838638
68344.18,0.453742011,5.5,0,0,0.082635099,0.05,1.049838638
68404.22,0.461288454,5.5,0,0,0.080139115,0.049488973,1.049838638
68464.28,0.459354676,5.5,0,0,0.078371247,0.049460432,1.049838638
68524.32,0.475119202,5.5,0,0,0.079040727,0.05046762,1.049838638
68584.37,0.466551455,5.5,0,0,0.08270339,0.050499546,1.049838638
68644.42,0.484957174,5.5,0,0,0.080903842,0.049957082,1.049838638
68704.48,0.500218118,5.5,0,0,0.08137882,0.050526316,1.090297667
68764.53,0.494643352,5.5,0,0,0.080634045,0.050120982,1.00216107
68824.58,0.527671506,5.5,0,0,0.083493761,0.050435972,1.145963836
68884.65,0.519809795,5.5,0,0,0.079347252,0.050369606,1.043632714
68944.71,0.521303944,5.5,0,0,0.082200205,0.050456511,1.000061955
69004.75,0.555434885,5.5,0,0,0.080005178,0.050770012,1.140313235
69064.83,0.53402092,5.5,0,0,0.08369349,0.050032916,0.965348467
69124.87,0.563955869,5.5,0,0,0.080592838,0.050877475,1.080704007
69184.92,0.554470251,5.5,0,0,0.079499721,0.050827621,1.080704007
69244.98,0.502851131,5.5,0,0,0.082343302,0.051084675,1.080704007
69305.02,0.472815314,5.5,0,0,0.082395909,0.049766719,1.080704007
69365.09,0.46411501,5.5,0,0,0.083854529,0.050210739,1.080704007
69425.13,0.412278652,5.5,0,0,0.07959059,0.049438202,1.080704007
69485.18,0.425655662,5.5,0,0,0.079437476,0.049541284,1.080704007
69545.22,0.429108753,5.5,0,0,0.081760025,0.049479642,1.080704007
69605.28,0.44037252,5.5,0,0,0.08168906,0.04962693,1.080704007
69665.32,0.445265538,5.5,0,0,0.079769797,0.050055617,1.080704007
69725.38,0.461383014,5.5,0,0,0.08096475,0.05038006,1.080704007
69785.45,0.471412695,5.5,0,0,0.080865851,0.050216763,1.091184976
69845.49,0.462467922,5.5,0,0,0.081554382,0.050560765,0.979155557
69905.56,0.486041623,5.5,0,0,0.082368269,0.050035236,1.079348982
69965.63,0.474393661,5.5,0,0,0.080618328,0.049827586,0.952611192
70025.68,0.492906364,5.5,0,0,0.08498709,0.050441576,1.019825854
70085.75,0.518708154,5.5,0,0,0.081110506,0.050327869,1.12190109
70145.82,0.537869812,5.5,0,0,0.085280206,0.050313428,1.17463147
70205.87,0.519592211,5.5,0,0,0.079865163,0.050697293,1.01218314
70265.97,0.514929369,5.5,0,0,0.085443704,0.05110318,0.934530332
70326.05,0.548148743,5.5,0,0,0.084148329,0.051089918,1.075354622
70386.1,0.569650407,5.5,0,0,0.086850024,0.05031746,1.075354622
70446.14,0.508848984,5.5,0,0,0.084581372,0.050660793,1.075354622
70506.19,0.463427245,5.5,0,0,0.084262516,0.051338067,1.075354622
70566.26,0.443139786,5.5,0,0,0.082378614,0.050110947,1.075354622
70626.32,0.443452268,5.5,0,0,0.081301432,0.050444565,1.075354622
70686.39,0.446191498,5.5,0,0,0.079494854,0.050383352,1.075354622
70746.46,0.454046697,5.5,0,0,0.080254126,0.050462879,1.075354622
70806.53,0.460475181,5.5,0,0,0.078757276,0.050090416,1.075354622
70866.59,0.45624971,5.5,0,0,0.079300699,0.050495942,1.075354622
70926.63,0.482445978,5.5,0,0,0.078985457,0.050376071,1.189072936
70986.7,0.472833571,5.5,0,0,0.080627178,0.050069541,1.069242838
71046.75,0.498037044,5.5,0,0,0.078959622,0.05011655,1.171573671
71106.79,0.498473021,5.5,0,0,0.082177531,0.050183394,1.115620008
71166.84,0.508895054,5.5,0,0,0.086879694,0.050215446,1.121916048
71226.91,0.514164134,5.5,0,0,0.083574879,0.050692747,1.09672243
71286.94,0.536046883,5.5,0,0,0.081882106,0.050385109,1.166923559
71346.99,0.541219141,5.5,0,0,0.084255087,0.050274941,1.137385298
71407.03,0.553815287,5.5,0,0,0.086710057,0.050981686,1.137385298
71467.09,0.520873071,5.5,0,0,0.081451613,0.051071989,1.137385298
71527.15,0.472393382,5.5,0,0,0.080688772,0.050540876,1.137385298
71587.21,0.431597059,5.5,0,0,0.080744398,0.050073638,1.137385298
71647.25,0.433036471,5.5,0,0,0.079751385,0.050120661,1.137385298
71707.32,0.419981835,5.5,0,0,0.079863177,0.050027488,1.137385298
71767.37,0.445504108,5.5,0,0,0.079572098,0.049409237,1.137385298
71827.43,0.455812686,5.5,0,0,0.079073084,0.050125764,1.137385298
71887.46,0.470912634,5.5,0,0,0.081364066,0.049918904,1.137385298
71947.53,0.477031325,5.5,0,0,0.078279745,0.049742405,1.119244757
72007.58,0.47423617,5.5,0,0,0.084218344,0.050052319,1.045652376
72067.62,0.465951874,5.5,0,0,0.081585082,0.050342466,0.940500483
72127.66,0.494464076,5.5,0,0,0.080390429,0.05036834,1.071651902
72187.73,0.501256922,5.5,0,0,0.084237579,0.050042123,1.059002165
72247.79,0.506986465,5.5,0,0,0.083838595,0.050635027,1.040148616
72307.84,0.529837764,5.5,0,0,0.081251243,0.050736498,1.120400821
72367.91,0.535893348,5.5,0,0,0.082952099,0.050978457,1.098473714
72427.98,0.530585782,5.5,0,0,0.086309316,0.050724638,1.01368947
72488.08,0.541081478,5.5,0,0,0.084708544,0.051207894,1.021769685
72548.15,0.556239588,5.5,0,0,0.081611963,0.051132686,1.021769685
72608.21,0.546256619,5.5,0,0,0.081063843,0.050465458,1.021769685
72668.24,0.506319794,5.5,0,0,0.081825064,0.051084675,1.021769685
72728.3,0.45728984,5.5,0,0,0.079833121,0.050709939,1.021769685
72788.33,0.423749137,5.5,0,0,0.07905666,0.049881668,1.021769685
72848.38,0.437777166,5.5,0,0,0.081599379,0.049577465,1.021769685
72908.44,0.42298628,5.5,0,0,0.078877791,0.050271248,1.021769685
72968.48,0.430087781,5.5,0,0,0.081891933,0.050128535,1.021769685
73028.52,0.449933584,5.5,0,0,0.078439747,0.049555051,1.021769685
73088.59,0.457429177,5.5,0,0,0.077752593,0.050246827,1.021769685
73148.66,0.472398578,5.5,0,0,0.081214994,0.050272665,1.067284224
73208.7,0.481359102,5.5,0,0,0.08057967,0.049966353,1.070291484
73268.74,0.503865102,5.5,0,0,0.080969391,0.049382716,1.153861948
73328.79,0.50350696,5.5,0,0,0.080523196,0.050599201,1.09403572
73388.84,0.511526606,5.5,0,0,0.080356544,0.050510384,1.086740128
73448.91,0.525820196,5.5,0,0,0.081739962,0.050714772,1.115082288
73508.98,0.526485149,5.5,0,0,0.080770754,0.050870374,1.063119581
73569.06,0.544834488,5.5,0,0,0.07921359,0.050958715,1.1127404
73629.14,0.536668471,5.5,0,0,0.084973229,0.050071759,1.011798805
73689.18,0.550831944,5.5,0,0,0.080971145,0.050750653,1.039356549
73749.24,0.568338822,5.5,0,0,0.085181417,0.05116051,1.039356549
73809.28,0.527151583,5.5,0,0,0.082819619,0.050984936,1.039356549
73869.32,0.490979897,5.5,0,0,0.083692219,0.049890073,1.039356549
73929.37,0.452473731,5.5,0,0,0.079523572,0.050499445,1.039356549
73989.42,0.456797183,5.5,0,0,0.080221998,0.049946676,1.039356549
74049.48,0.465035843,5.5,0,0,0.081663653,0.049813863,1.039356549
74109.52,0.473336328,5.5,0,0,0.079671089,0.050362255,1.039356549
74169.57,0.475888193,5.5,0,0,0.081874247,0.050138793,1.039356549
74229.62,0.491106675,5.5,0,0,0.083285633,0.050457923,1.039356549
74289.69,0.511243563,5.5,0,0,0.08153625,0.049871904,1.107942973
74349.73,0.528151962,5.5,0,0,0.081598275,0.050787471,1.150159626
74409.77,0.515981953,5.5,0,0,0.08406681,0.05036208,1.022714864
74469.83,0.534483087,5.5,0,0,0.084516704,0.050511613,1.077264011
74529.88,0.558312759,5.5,0,0,0.082093953,0.050397018,1.154258468
74589.94,0.549923141,5.5,0,0,0.082645161,0.050557387,1.154258468
74650,0.512147154,5.5,0,0,0.081279957,0.051383399,1.154258468
74710.06,0.469692138,5.5,0,0,0.084696174,0.050479124,1.154258468
74770.16,0.449699799,5.5,0,0,0.081187829,0.049760935,1.154258468
74830.21,0.470603036,5.5,0,0,0.082578269,0.050290487,1.154258468
74890.26,0.473858404,5.5,0,0,0.078475336,0.049698016,1.154258468
74950.36,0.474649591,5.5,0,0,0.085190238,0.050328228,1.154258468
75010.41,0.505628794,5.5,0,0,0.080100721,0.050094033,1.154258468
75070.47,0.510782406,5.5,0,0,0.085646606,0.050905953,1.154258468
75130.53,0.507602598,5.5,0,0,0.080007941,0.050153009,1.077811066
75190.59,0.525185285,5.5,0,0,0.081192326,0.051220351,1.126077323
75250.66,0.532884524,5.5,0,0,0.081980303,0.050107491,1.113434329
75310.7,0.549987679,5.5,0,0,0.083907027,0.050008014,1.152535995
75370.74,0.553805988,5.5,0,0,0.086032741,0.050413223,1.152535995
75430.79,0.48976809,5.5,0,0,0.085389134,0.050954329,1.152535995
75490.83,0.472771547,5.5,0,0,0.081966028,0.049885422,1.152535995
75550.89,0.43334949,5.5,0,0,0.07831455,0.050223414,1.152535995
75610.97,0.439617744,5.5,0,0,0.082204433,0.050110947,1.152535995
75671,0.459764228,5.5,0,0,0.079256289,0.049611582,1.152535995
75731.04,0.448833042,5.5,0,0,0.082762256,0.050754957,1.152535995
75791.1,0.455324668,5.5,0,0,0.082233883,0.050909091,1.152535995
75851.15,0.473814709,5.5,0,0,0.081016334,0.050378721,1.152535995
75911.19,0.480786656,5.5,0,0,0.082704011,0.050052319,1.138731075
75971.24,0.496776087,5.5,0,0,0.082587848,0.050968755,1.17994182
76031.29,0.517285876,5.5,0,0,0.080645161,0.049891177,1.242313561
76091.34,0.527628586,5.5,0,0,0.082239598,0.050075113,1.239588663
76151.41,0.519367083,5.5,0,0,0.080794614,0.04968132,1.130264198
76211.48,0.531295439,5.5,0,0,0.07891547,0.050553191,1.141872969
76271.53,0.528504957,5.5,0,0,0.084443519,0.05097706,1.068981128
76331.6,0.556169902,5.5,0,0,0.079789927,0.050893158,1.168596994
76391.69,0.575615204,5.5,0,0,0.081336053,0.050475152,1.168596994
76451.75,0.510222402,5.5,0,0,0.084609929,0.050581689,1.168596994
76511.78,0.512967913,5.5,139,0,0.082954702,0.050899743,1.168596994
76571.82,0.524222583,5.5,139,0,0.083568528,0.0506393,1.168596994
76631.88,0.526883855,5.5,139,0,0.081116026,0.051044878,1.168596994
76691.93,0.51537491,5.5,139,0,0.083412809,0.050393437,1.168596994
76751.99,0.477088879,5.5,139,0,0.078299305,0.050026896,1.168596994
76812.04,0.437257413,5.5,139,0,0.079288514,0.050067659,1.168596994
76872.08,0.438108995,5.5,139,0,0.077477213,0.050073368,1.168596994
76932.13,0.45583168,5.5,139,0,0.08211722,0.050357143,1.168596994
76992.25,0.451019549,5.5,139,0,0.078593968,0.050370103,1.168596994
77052.32,0.468136642,5.5,139,0,0.082056046,0.049467413,1.168596994
77112.36,0.469975295,5.5,139,0,0.081378191,0.050380573,1.168596994
77172.41,0.490859281,5.5,139,0,0.082933413,0.049901274,1.24059923
77232.47,0.504930393,5.5,139,0,0.080995082,0.050260276,1.263358549
77292.52,0.510832736,5.5,139,0,0.078141928,0.050995025,1.235055501
77352.58,0.517354533,5.5,139,0,0.078808987,0.0500516,1.211361265
77412.62,0.510362745,5.5,139,0,0.082493521,0.049982584,1.109973244
77472.66,0.529529927,5.5,139,0,0.079369375,0.049747899,1.165078418
77532.74,0.529101807,5.5,139,0,0.079381029,0.050082919,1.104398046
77592.79,0.530332183,5.5,139,0,0.080861244,0.051078894,1.056146259
77652.83,0.542066681,5.5,139,0,0.081749706,0.050145473,1.068995297
77712.88,0.580808049,5.5,139,0,0.078196164,0.050121261,1.068995297
77772.92,0.542737295,5.5,139,0,0.07759642,0.05,1.068995297
77832.97,0.499382217,5.5,139,0,0.078783542,0.049019608,1.068995297
77893.01,0.458874241,5.5,139,0,0.078929359,0.049918018,1.068995297
77953.06,0.461614417,5.5,139,0,0.076187696,0.049501293,1.068995297
78013.12,0.46223021,5.5,139,0,0.07721156,0.048958519,1.068995297
78073.19,0.485336387,5.5,139,0,0.078234628,0.04958979,1.068995297
78133.24,0.502354767,5.5,139,0,0.074318687,0.049117287,1.068995297
78193.29,0.487112469,5.5,139,0,0.074498368,0.04916873,1.068995297
78253.34,0.493812194,5.5,139,0,0.077028986,0.049045367,1.056526231
78313.38,0.517150144,5.5,139,0,0.076758758,0.048876694,1.142233848
78373.45,0.521130903,5.5,139,0,0.076118376,0.050035486,1.108126203
78433.51,0.536950041,5.5,139,0,0.075390124,0.048940464,1.142431275
78493.56,0.55521101,5.5,139,0,0.074433233,0.049983339,1.185639258
78553.63,0.556330529,5.5,139,0,0.073792017,0.048760863,1.185639258
78613.68,0.524527824,5.5,139,0,0.074562603,0.049765095,1.185639258
78673.72,0.489174469,5.5,139,0,0.074014599,0.049335518,1.185639258
78733.78,0.45552007,5.5,139,0,0.073239437,0.04787332,1.185639258
78793.84,0.473536907,5.5,139,0,0.071529168,0.047954083,1.185639258
78853.91,0.469789194,5.5,139,0,0.069511161,0.048103933,1.185639258
78913.97,0.474838361,5.5,139,0,0.071298522,0.047982552,1.185639258
78974.04,0.4882117,5.5,139,0,0.072038263,0.047846013,1.185639258
79034.08,0.486985393,5.5,139,0,0.072421361,0.048342059,1.185639258
79094.13,0.503108821,5.5,139,0,0.071382911,0.047895756,1.224074382
79154.18,0.507940502,5.5,139,0,0.072846715,0.048828125,1.191544145
79214.23,0.54186917,5.5,139,0,0.071493978,0.048514142,1.325947748
79274.34,0.535682196,5.5,139,0,0.071801751,0.048671778,1.225199795
79334.4,0.534244617,5.5,139,0,0.070708447,0.048499237,1.155878061
79394.46,0.551637046,5.5,139,0,0.070431128,0.048242706,1.194193614
79454.52,0.555612888,5.5,139,0,0.069765908,0.048474281,1.194193614
79514.59,0.532577026,5.5,139,0,0.068772356,0.047981985,1.194193614
79574.65,0.509313407,5.5,139,0,0.069968725,0.047859852,1.194193614
79634.7,0.479853488,5.5,139,0,0.070308316,0.047979332,1.194193614
79694.75,0.450146524,5.5,139,0,0.068502715,0.047646717,1.194193614
79754.78,0.448698042,5.5,139,0,0.07047916,0.04711741,1.194193614
79814.83,0.465511095,5.5,139,0,0.066711439,0.046935395,1.194193614
79874.86,0.464644043,5.5,139,0,0.067186563,0.047873355,1.194193614
79934.91,0.490306896,5.5,139,0,0.065840657,0.047132616,1.194193614
79994.98,0.48916814,5.5,139,0,0.066744645,0.047020818,1.194193614
80055.05,0.480223507,5.5,139,0,0.064518369,0.047689738,1.079120019
80115.11,0.49962661,5.5,139,0,0.067523155,0.047282609,1.143992229
80175.18,0.501370938,5.5,139,0,0.065903793,0.047889908,1.097248167
80235.24,0.509617792,5.5,139,0,0.06659582,0.047150611,1.091330141
80295.28,0.516837865,5.5,139,0,0.067053514,0.047385907,1.078968234
80355.33,0.548976353,5.5,139,0,0.063810451,0.047554806,1.205998274
80415.41,0.560092581,5.5,139,0,0.068363166,0.047561813,1.205998274
80475.46,0.498160282,5.5,139,0,0.065893404,0.047941446,1.205998274
80535.5,0.470130503,5.5,139,0,0.065320219,0.046947486,1.205998274
80595.55,0.470624148,5.5,139,0,0.064923005,0.046986328,1.205998274
80655.62,0.431366993,5.5,139,0,0.063551694,0.046941131,1.205998274
80715.66,0.425299184,5.5,139,0,0.06413738,0.046881208,1.205998274
80775.74,0.421473972,5.5,139,0,0.060725143,0.047143428,1.205998274
80835.78,0.436941113,5.5,139,0,0.062833707,0.04674166,1.205998274
80895.85,0.452305268,5.5,139,0,0.062966418,0.047553547,1.205998274
80955.9,0.452599061,5.5,139,0,0.063179819,0.046896283,1.205998274
81015.97,0.470250623,5.5,139,0,0.061503249,0.047156996,1.260475766
81076.04,0.461908835,5.5,139,0,0.061082898,0.046938776,1.14375723
81136.08,0.478810894,5.5,139,0,0.063511266,0.046646684,1.194383912
81196.14,0.48791625,5.5,139,0,0.061782122,0.04717682,1.191178859
81256.19,0.480007294,5.5,139,0,0.062278481,0.046407186,1.082592495
81316.26,0.518587785,5.5,139,0,0.063510995,0.047244094,1.260386928
81376.33,0.508807451,5.5,139,0,0.061026936,0.046645138,1.140248595
81436.38,0.514586599,5.5,139,0,0.06240115,0.047027027,1.117118772
81496.47,0.545122102,5.5,139,0,0.0622923,0.046153846,1.234200686
81556.5,0.536268448,5.5,139,0,0.059318167,0.047006348,1.12336584
81616.55,0.565153779,5.5,139,0,0.061638169,0.046680866,1.224586542
81676.62,0.554855353,5.5,139,0,0.060394578,0.046321526,1.224586542
81736.67,0.525333733,5.5,139,0,0.06379336,0.047033285,1.224586542
81796.74,0.497927957,5.5,139,0,0.059953603,0.046267281,1.224586542
81856.78,0.465424638,5.5,139,0,0.060535243,0.046546267,1.224586542
81916.82,0.439484647,5.5,139,0,0.061664371,0.046264695,1.224586542
81976.87,0.463218877,5.5,139,0,0.061025682,0.045681382,1.224586542
82036.93,0.479611792,5.5,139,0,0.059891808,0.045728039,1.224586542
82096.97,0.452026081,5.5,139,0,0.058014051,0.046623177,1.224586542
82157.02,0.469184409,5.5,139,0,0.061411839,0.045720763,1.224586542
82217.06,0.485074868,5.5,139,0,0.05638587,0.04613936,1.224586542
82277.1,0.476180903,5.5,139,0,0.0586811,0.046400295,1.107840963
82337.16,0.503197274,5.5,139,0,0.060278091,0.046353872,1.21800229
82397.22,0.518519389,5.5,139,0,0.057018425,0.046126761,1.247087575
82457.26,0.528023622,5.5,139,0,0.057806223,0.046404895,1.239223996
82517.33,0.517775352,5.5,139,0,0.058092426,0.046001797,1.118464125
82577.37,0.530649569,5.5,139,0,0.058906228,0.046257512,1.136222101
82637.44,0.561038263,5.5,139,0,0.061547655,0.046720886,1.246472744
82697.49,0.561591136,5.5,139,0,0.058985667,0.045569195,1.246472744
82757.55,0.518967115,5.5,139,0,0.059647303,0.046462139,1.246472744
82817.62,0.478424213,5.5,139,0,0.059320732,0.045763041,1.246472744
82877.65,0.437262152,5.5,139,0,0.055183231,0.045855718,1.246472744
82937.7,0.44443065,5.5,139,0,0.055970425,0.045923331,1.246472744
82997.78,0.451337796,5.5,139,0,0.056394383,0.04598338,1.246472744
83057.81,0.455529778,5.5,139,0,0.05672379,0.045340502,1.246472744
83117.86,0.485468641,5.5,139,0,0.059375,0.045277417,1.246472744
83177.93,0.477801331,5.5,139,0,0.056239267,0.045396302,1.246472744
83237.97,0.49293444,5.5,139,0,0.056320136,0.045818588,1.277692591
83298.02,0.495442902,5.5,139,0,0.05772973,0.045495414,1.229035755
83358.09,0.521219916,5.5,139,0,0.057856673,0.045912654,1.319743792
83418.16,0.528570986,5.5,139,0,0.057104633,0.045101089,1.295771772
83478.22,0.52811848,5.5,139,0,0.055866676,0.045148248,1.228413806
83538.26,0.530189687,5.5,139,0,0.056657803,0.045860319,1.178735684
83598.34,0.553647344,5.5,139,0,0.056111412,0.045670121,1.249678134
83658.41,0.572705082,5.5,139,0,0.058109652,0.045531483,1.249678134
83718.47,0.511190536,5.5,139,0,0.055952298,0.045249653,1.249678134
83778.58,0.471888891,5.5,139,0,0.054679211,0.045378464,1.249678134
83838.62,0.421791529,5.5,139,0,0.055718702,0.045655093,1.249678134
83898.68,0.434012254,5.5,139,0,0.057300408,0.045187013,1.249678134
83958.72,0.439474621,5.5,139,0,0.055316904,0.045671313,1.249678134
84018.79,0.446894353,5.5,139,0,0.056770956,0.0461509,1.249678134
84078.85,0.478390778,5.5,139,0,0.055172919,0.045209302,1.249678134
84138.9,0.474200064,5.5,139,0,0.057169132,0.044935543,1.249678134
84198.94,0.493085787,5.5,139,0,0.05572711,0.045086492,1.304355809
84259,0.494772136,5.5,139,0,0.055843114,0.045593801,1.249380491
84319.06,0.504031596,5.5,139,0,0.054514957,0.045744681,1.242536357
84379.11,0.522500035,5.5,139,0,0.05478882,0.045025418,1.288367821
84439.18,0.526115401,5.5,139,0,0.053452855,0.045049955,1.244636027
84499.25,0.529526619,5.5,139,0,0.058166907,0.045767004,1.201792784
84559.31,0.524066923,5.5,139,0,0.057060604,0.045333806,1.110611012
84619.35,0.553888926,5.5,139,0,0.056162465,0.046,1.221114804
84679.4,0.566108802,5.5,139,0,0.058147346,0.045406172,1.221114804
84739.44,0.523952624,5.5,139,0,0.055710102,0.045827764,1.221114804
84799.5,0.484531197,5.5,139,0,0.056622851,0.045088567,1.221114804
84859.53,0.441012904,5.5,139,0,0.055546726,0.044748174,1.221114804
84919.57,0.446344812,5.5,139,0,0.055430591,0.04494382,1.221114804
84979.62,0.45409243,5.5,139,0,0.055183044,0.045347003,1.221114804
85039.66,0.460757793,5.5,139,0,0.055442761,0.04509018,1.221114804
85099.7,0.467553915,5.5,139,0,0.054067896,0.045320015,1.221114804
85159.75,0.470317095,5.5,139,0,0.055018138,0.045252226,1.221114804
85219.78,0.487093893,5.5,139,0,0.054597485,0.046168768,1.265208356
85279.85,0.49375595,5.5,139,0,0.053317369,0.045429766,1.242701329
85339.9,0.515668435,5.5,139,0,0.052820548,0.044328098,1.310834136
85399.96,0.515191581,5.5,139,0,0.055272297,0.044959364,1.242516958
85460.02,0.52126238,5.5,139,0,0.052592138,0.04526675,1.215535177
85520.09,0.541274256,5.5,139,0,0.052663684,0.045470323,1.267776131
85580.16,0.541933452,5.5,139,0,0.053649276,0.044967139,1.267776131
85640.2,0.510371914,5.5,139,0,0.054063705,0.045006509,1.267776131
85700.24,0.481997885,5.5,139,0,0.053096699,0.044945988,1.267776131
85760.29,0.442827752,5.5,139,0,0.052887908,0.044779038,1.267776131
85820.36,0.441700104,5.5,139,0,0.052270524,0.044436146,1.267776131
85880.44,0.443915674,5.5,139,0,0.052608441,0.045025418,1.267776131
85940.49,0.491075286,5.5,139,0,0.051249825,0.044593877,1.267776131
86000.55,0.472938472,5.5,139,0,0.052627694,0.045310645,1.267776131
86060.61,0.496711707,5.5,139,0,0.053643502,0.045332823,1.267776131
86120.65,0.492912442,5.5,139,0,0.055473084,0.045131086,1.181352616
86180.71,0.514546276,5.5,139,0,0.052100133,0.044939906,1.251146804
86240.77,0.533777847,5.5,139,0,0.052894071,0.044784372,1.298672184
86300.86,0.529489735,5.5,139,0,0.053488709,0.045118343,1.209540703
86360.93,0.559759138,5.5,139,0,0.053805868,0.044103072,1.315842073
86421,0.55791563,5.5,139,0,0.053073019,0.044688645,1.315842073
86481.07,0.503988681,5.5,139,0,0.052114541,0.045290509,1.315842073
86541.13,0.493465226,5.5,139,0,0.05358615,0.044897959,1.315842073
86601.17,0.456942297,5.5,139,0,0.053546376,0.044660194,1.315842073
86661.22,0.451273738,5.5,139,0,0.054286633,0.044886807,1.315842073
86721.25,0.48631283,5.5,139,0,0.051750603,0.045603233,1.315842073
86781.32,0.474621587,5.5,139,0,0.051715421,0.044535164,1.315842073
86841.38,0.481447176,5.5,139,0,0.055008732,0.044608994,1.315842073
86901.41,0.515560623,5.5,139,0,0.053135436,0.044345503,1.315842073
86961.49,0.509119421,5.5,139,0,0.051992945,0.045099109,1.2123331
87021.56,0.511842186,5.5,139,0,0.053175775,0.044737744,1.16771766
87081.63,0.522496127,5.5,139,0,0.051138283,0.044459882,1.171135452
87141.69,0.531499484,5.5,139,0,0.052605634,0.044573976,1.163832647
87201.73,0.526856733,5.5,139,0,0.053375082,0.044334975,1.079320306
87261.8,0.551552478,5.5,139,0,0.052221681,0.045645331,1.162779283
87321.85,0.556791895,5.5,139,0,0.050861899,0.045248078,1.162779283
87381.91,0.519123156,5.5,139,0,0.053109095,0.044330625,1.162779283
87441.97,0.488491892,5.5,139,0,0.051781368,0.044784372,1.162779283
87502.02,0.444955379,5.5,139,0,0.04981203,0.043991621,1.162779283
87562.06,0.43571275,5.5,139,0,0.051442528,0.044226499,1.162779283
87622.1,0.468064734,5.5,139,0,0.053813873,0.044543,1.162779283
87682.15,0.45065985,5.5,139,0,0.051205937,0.044427124,1.162779283
87742.21,0.454943687,5.5,139,0,0.051190563,0.044457056,1.162779283
87802.28,0.478558952,5.5,139,0,0.050448511,0.044700113,1.162779283
87862.34,0.476824323,5.5,139,0,0.050522648,0.044852796,1.093746489
87922.41,0.483387909,5.5,139,0,0.051751943,0.044718439,1.080073149
87982.46,0.499083432,5.5,139,0,0.053860523,0.045038447,1.121930965
88042.5,0.505149048,5.5,139,0,0.053795022,0.044573292,1.102075167
88102.56,0.525684857,5.5,139,0,0.051180825,0.044507576,1.166516522
88162.63,0.536981312,5.5,139,0,0.053224843,0.044611617,1.17197487
88222.71,0.540710072,5.5,139,0,0.051492432,0.044762595,1.134135922
88282.75,0.564614491,5.5,139,0,0.051423005,0.044657386,1.134135922
88342.8,0.508563496,5.5,139,0,0.050736382,0.044549076,1.134135922
88402.86,0.467078064,5.5,139,0,0.051246334,0.044649586,1.134135922
88462.92,0.438717733,5.5,139,0,0.050387597,0.044031125,1.134135922
88522.97,0.466440234,5.5,139,0,0.050478612,0.044659022,1.134135922
88583.01,0.46540417,5.5,139,0,0.052528574,0.04445311,1.134135922
88643.06,0.458171852,5.5,139,0,0.05118639,0.043964096,1.134135922
88703.1,0.460345222,5.5,139,0,0.051190741,0.044157347,1.134135922
88763.14,0.477235314,5.5,139,0,0.049258728,0.044482627,1.134135922
88823.21,0.497412089,5.5,139,0,0.052060574,0.044017015,1.20165656
88883.27,0.51257081,5.5,139,0,0.050704225,0.045412246,1.231633824
88943.32,0.526491879,5.5,139,0,0.051323457,0.044262295,1.250443256
89003.37,0.517541072,5.5,139,0,0.051685075,0.044368601,1.136480034
89063.4,0.545844743,5.5,139,0,0.053218003,0.044792833,1.239393116
89123.48,0.548144432,5.5,139,0,0.051897805,0.0452732,1.239393116
89183.52,0.524278946,5.5,139,0,0.052552445,0.045454545,1.239393116
89243.56,0.465754706,5.5,139,0,0.054818603,0.045329129,1.239393116
89303.62,0.441923532,5.5,139,0,0.052770859,0.044836957,1.239393116
89363.7,0.447466414,5.5,139,0,0.054221787,0.044380952,1.239393116
89423.77,0.448726729,5.5,139,0,0.051601822,0.045301013,1.239393116
89483.84,0.465523169,5.5,139,0,0.050852334,0.044500096,1.239393116
89543.88,0.455446163,5.5,139,0,0.051913963,0.044761532,1.239393116
89603.94,0.463433506,5.5,139,0,0.05330619,0.045097681,1.239393116
89663.99,0.49114019,5.5,139,0,0.053332319,0.044819985,1.35162354
89724.05,0.499370545,5.5,139,0,0.051906554,0.044687558,1.333898726
89784.12,0.49445923,5.5,139,0,0.052826355,0.045134501,1.237552708
89844.17,0.505743115,5.5,139,0,0.053529584,0.04449446,1.243367554
89904.24,0.500921877,5.5,139,0,0.053123884,0.045037089,1.152463053
89964.3,0.529880351,5.5,139,0,0.053696158,0.044665461,1.263443127
90024.36,0.555682851,5.5,139,0,0.051470588,0.044806867,1.342910442
90084.42,0.535912356,5.5,139,0,0.052696668,0.044110276,1.167083657
90144.49,0.546452748,5.5,139,0,0.051153922,0.044490429,1.167161102
90204.57,0.547900464,5.5,139,0,0.051991367,0.045103324,1.167161102
90264.61,0.52390362,5.5,139,0,0.053592205,0.044817411,1.167161102
90324.65,0.484470517,5.5,139,0,0.052616087,0.045489151,1.167161102
90384.7,0.437650196,5.5,139,0,0.051734317,0.045118343,1.167161102
90444.74,0.446513943,5.5,139,0,0.054140895,0.044873056,1.167161102
90504.81,0.469546041,5.5,139,0,0.051319434,0.044685039,1.167161102
90564.85,0.456767539,5.5,139,0,0.050875196,0.044957231,1.167161102
90624.9,0.487172774,5.5,139,0,0.051050196,0.044526902,1.167161102
90684.97,0.478059798,5.5,139,0,0.051092319,0.045193554,1.167161102
90745.02,0.485227686,5.5,139,0,0.051720422,0.045072003,1.153450279
90805.09,0.501351069,5.5,139,0,0.052304131,0.044682422,1.193842834
90865.16,0.499584664,5.5,139,0,0.053327521,0.045876473,1.12356216
90925.23,0.508906562,5.5,139,0,0.052020725,0.045275959,1.122846093
90985.28,0.523328307,5.5,139,0,0.052007361,0.044612217,1.150537516
91045.36,0.542632768,5.5,139,0,0.052065609,0.044869565,1.201681993
91105.41,0.522222332,5.5,139,0,0.050859646,0.045810428,1.026579787
91165.46,0.567292536,5.5,139,0,0.05251581,0.045097011,1.223595857
91225.5,0.564852827,5.5,139,0,0.051465332,0.045329892,1.223595857
91285.54,0.558659333,5.5,139,0,0.053094852,0.044883635,1.223595857
91345.59,0.51610621,5.5,139,0,0.052703875,0.045859636,1.223595857
91405.63,0.474006912,5.5,139,0,0.050867618,0.044412607,1.223595857
91465.68,0.454737415,5.5,139,0,0.051160377,0.045117188,1.223595857
91525.74,0.444970725,5.5,139,0,0.051643897,0.044907319,1.223595857
91585.81,0.46166729,5.5,139,0,0.052829009,0.044659132,1.223595857
91645.87,0.455205741,5.5,139,0,0.052285694,0.044665928,1.223595857
91705.94,0.481384238,5.5,139,0,0.052958336,0.045184083,1.223595857
91766,0.486632661,5.5,139,0,0.052650796,0.045185891,1.223595857
91826.07,0.508674983,5.5,139,0,0.051783909,0.044892766,1.295315234
91886.11,0.49842805,5.5,139,0,0.052934743,0.044676481,1.169499392
91946.17,0.520517933,5.5,139,0,0.052199903,0.045347787,1.241119706
92006.24,0.525621193,5.5,139,0,0.05555143,0.04454498,1.208333062
92066.28,0.541154005,5.5,139,0,0.05328325,0.045775958,1.235285761
92126.32,0.547028515,5.5,139,0,0.054903364,0.045353032,1.235285761
92186.36,0.501841472,5.5,139,0,0.051991528,0.04494382,1.235285761
92246.42,0.46249621,5.5,139,0,0.054384615,0.044811754,1.235285761
92306.48,0.436910847,5.5,139,0,0.053016453,0.045302344,1.235285761
92366.52,0.439942585,5.5,139,0,0.051917052,0.045000978,1.235285761
92426.58,0.456881631,5.5,139,0,0.051228625,0.045167464,1.235285761
92486.66,0.448714642,5.5,139,0,0.054284794,0.045058983,1.235285761
92546.72,0.454780398,5.5,139,0,0.05261986,0.044496069,1.235285761
92606.79,0.469514336,5.5,139,0,0.054567844,0.045012397,1.235285761
92666.85,0.460987304,5.5,139,0,0.052759682,0.044926994,1.118536483
92726.92,0.488451862,5.5,139,0,0.051910649,0.044960116,1.236220924
92786.95,0.476317917,5.5,139,0,0.05200584,0.045060018,1.098943676
92847,0.531078645,5.5,139,0,0.052408233,0.045603198,1.370470271
92907.06,0.523514423,5.5,139,0,0.053418032,0.045818182,1.258910147
92967.14,0.534820488,5.5,139,0,0.051488498,0.045569164,1.26006436
93027.17,0.555655482,5.5,139,0,0.051640381,0.04502071,1.311713075
93087.23,0.546912956,5.5,139,0,0.052733163,0.045291801,1.311713075
93147.28,0.514011632,5.5,139,0,0.052189989,0.045145898,1.311713075
93207.34,0.45709464,5.5,139,0,0.052299104,0.045120859,1.311713075
93267.38,0.430673738,5.5,139,0,0.053072407,0.045681229,1.311713075
93327.45,0.42915336,5.5,139,0,0.053727443,0.04452902,1.311713075
93387.51,0.448670664,5.5,139,0,0.053157978,0.044946065,1.311713075
93447.56,0.4618454,5.5,139,0,0.052444307,0.044164038,1.311713075
93507.63,0.467941656,5.5,139,0,0.052466299,0.04515631,1.311713075
93567.7,0.471834936,5.5,139,0,0.051255766,0.044316707,1.311713075
93627.76,0.474715886,5.5,139,0,0.052369077,0.044914135,1.264389252
93687.82,0.488116768,5.5,139,0,0.051034285,0.044773457,1.284684287
93747.86,0.481903807,5.5,139,0,0.050341701,0.04534095,1.182019675
93807.92,0.510773256,5.5,139,0,0.051694027,0.044731259,1.297462423
93867.97,0.506858294,5.5,139,0,0.054181211,0.045255474,1.2095064
93928.01,0.518846834,5.5,139,0,0.051341256,0.044911264,1.21916285
93988.06,0.516520309,5.5,139,0,0.051554105,0.045256745,1.144722367
94048.13,0.522065532,5.5,139,0,0.051873592,0.044638276,1.119521782
94108.18,0.528510544,5.5,139,0,0.050324154,0.044887781,1.100354597
94168.23,0.547271066,5.5,139,0,0.052163198,0.044714096,1.149981293
94228.26,0.564965426,5.5,139,0,0.053537285,0.045698025,1.149981293
94288.31,0.530864382,5.5,139,0,0.052314302,0.044728966,1.149981293
94348.36,0.482293625,5.5,139,0,0.05062861,0.044861188,1.149981293
94408.42,0.449727179,5.5,139,0,0.051232978,0.044531528,1.149981293
94468.5,0.461839129,5.5,139,0,0.05067447,0.044384924,1.149981293
94528.56,0.471300209,5.5,139,0,0.053794661,0.045393858,1.149981293
94588.61,0.474219544,5.5,139,0,0.050125139,0.045110002,1.149981293
94648.66,0.492197202,5.5,139,0,0.053275574,0.04494382,1.149981293
94708.73,0.489714582,5.5,139,0,0.051484725,0.045268256,1.149981293
94768.79,0.502737767,5.5,139,0,0.053325345,0.045312787,1.171220108
94828.88,0.53919037,5.5,139,0,0.05331021,0.045010846,1.32265911
94888.94,0.506911873,5.5,139,0,0.051211643,0.044763222,1.07133156
94949.02,0.529287349,5.5,139,0,0.052107441,0.044814123,1.147347909
95009.09,0.52991786,5.5,139,0,0.050875674,0.045850767,1.093552126
95069.16,0.538017403,5.5,139,0,0.05325613,0.044698206,1.084381201
95129.23,0.569510494,5.5,139,0,0.051642876,0.045178106,1.200821043
95189.3,0.56394432,5.5,139,0,0.051093452,0.045028143,1.200821043
95249.35,0.529145744,5.5,139,0,0.050712628,0.045073936,1.200821043
95309.41,0.506943203,5.5,139,0,0.052078007,0.044745057,1.200821043
95369.48,0.470227687,5.5,139,0,0.052880882,0.045392291,1.200821043
95429.54,0.448990001,5.5,139,0,0.051574833,0.04444872,1.200821043
95489.58,0.446775985,5.5,139,0,0.052034952,0.045297505,1.200821043
95549.62,0.457096513,5.5,139,0,0.051639218,0.045409868,1.200821043
95609.67,0.469009884,5.5,139,0,0.050778051,0.044969084,1.200821043
95669.72,0.479415462,5.5,139,0,0.049898807,0.044040545,1.200821043
95729.78,0.485189013,5.5,139,0,0.051587302,0.044840627,1.200821043
95789.85,0.484661832,5.5,139,0,0.052675522,0.044845553,1.137518578
95849.9,0.494779586,5.5,139,0,0.050973451,0.044713907,1.142625615
95909.93,0.488517482,5.5,139,0,0.052137951,0.045403377,1.047282957
95969.98,0.536857435,5.5,139,0,0.05417836,0.044956344,1.27799076
96030.05,0.517740128,5.5,139,0,0.052334531,0.045002616,1.105313801
96090.1,0.541926256,5.5,139,0,0.049469732,0.045038579,1.187017607
96150.17,0.560149432,5.5,139,0,0.050809717,0.045758536,1.187017607
96210.23,0.490043957,5.5,139,0,0.050071923,0.045074518,1.187017607
96270.29,0.469181885,5.5,139,0,0.050466225,0.045008037,1.187017607
96330.34,0.437579102,5.5,139,0,0.05269519,0.044530494,1.187017607
96390.41,0.472948685,5.5,139,0,0.050384475,0.044555406,1.187017607
96450.47,0.467646266,5.5,139,0,0.050071633,0.044816311,1.187017607
96510.52,0.471746181,5.5,139,0,0.052208214,0.044504995,1.187017607
96570.56,0.47712069,5.5,139,0,0.051125635,0.044720727,1.187017607
96630.59,0.497060634,5.5,139,0,0.05028172,0.044652908,1.187017607
96690.66,0.506943747,5.5,139,0,0.050785634,0.044714751,1.186730804
96750.71,0.51492879,5.5,139,0,0.05108765,0.044744859,1.174279985
96810.76,0.529797529,5.5,139,0,0.053281399,0.044592697,1.20096487
96870.82,0.521565051,5.5,139,0,0.051792276,0.045064739,1.093933902
96930.9,0.52912139,5.5,139,0,0.054967644,0.045991873,1.082388818
96990.95,0.537282316,5.5,139,0,0.052506134,0.044638276,1.074186804
97051,0.562053766,5.5,139,0,0.051194089,0.044859487,1.155698954
97111.07,0.569911135,5.5,139,0,0.050575156,0.045536742,1.155698954
97171.16,0.517908239,5.5,139,0,0.051973454,0.045125732,1.155698954
97231.21,0.506021981,5.5,139,0,0.052772609,0.044902466,1.155698954
97291.25,0.458713293,5.5,139,0,0.053610065,0.045203316,1.155698954
97351.3,0.43022068,5.5,139,0,0.051826413,0.045182587,1.155698954
97411.34,0.427999664,5.5,139,0,0.050114063,0.044941556,1.155698954
97471.4,0.454046401,5.5,139,0,0.049184955,0.045308741,1.155698954
97531.44,0.447915014,5.5,139,0,0.050896429,0.044826896,1.155698954
97591.49,0.469384968,5.5,139,0,0.052822892,0.045428407,1.155698954
97651.55,0.457105344,5.5,139,0,0.05275669,0.045003674,1.155698954
97711.6,0.477028147,5.5,139,0,0.049317452,0.045166107,1.225898872
97771.66,0.495171412,5.5,139,0,0.051721654,0.045471557,1.276589403
97831.74,0.504307948,5.5,139,0,0.05214879,0.045009074,1.267609231
97891.8,0.504443341,5.5,139,0,0.051768112,0.045133225,1.205034082
97951.85,0.497794,5.5,139,0,0.052184892,0.044975906,1.104974813
98011.93,0.511271822,5.5,139,0,0.052297269,0.044835316,1.12987123
98071.97,0.533691962,5.5,139,0,0.052988645,0.045138269,1.202129964
98132.04,0.551008252,5.5,139,0,0.052036974,0.044885177,1.237816354
98192.09,0.53464442,5.5,139,0,0.05272495,0.046073298,1.085481854
98252.16,0.567310681,5.5,139,0,0.053043539,0.045236916,1.209123363
98312.2,0.581730093,5.5,139,0,0.051333899,0.044876088,1.209123363
98372.25,0.527334944,5.5,139,0,0.050580046,0.045249685,1.209123363
98432.31,0.478089387,5.5,139,0,0.053509112,0.045341018,1.209123363
98492.36,0.460708666,5.5,139,0,0.050694244,0.045035269,1.209123363
98552.4,0.409252134,5.5,139,0,0.053125772,0.044426971,1.209123363
98612.44,0.432346037,5.5,139,0,0.052644079,0.045193098,1.209123363
98672.49,0.417501104,5.5,139,0,0.052528112,0.045283765,1.209123363
98732.53,0.438955547,5.5,139,0,0.051972015,0.045311269,1.209123363
98792.6,0.44354486,5.5,139,0,0.052031036,0.044604317,1.209123363
98852.66,0.44134902,5.5,139,0,0.052993751,0.044431396,1.209123363
98912.71,0.473868091,5.5,139,0,0.05100622,0.045789369,1.361946204
98972.78,0.462780199,5.5,139,0,0.054243009,0.045403165,1.222818541
99032.85,0.488810679,5.5,139,0,0.050488827,0.045039909,1.32584675
99092.9,0.478958709,5.5,139,0,0.053447604,0.04513373,1.19847182
99152.94,0.494540281,5.5,139,0,0.052699132,0.044906291,1.234590876
99213.02,0.497796113,5.5,139,0,0.053279623,0.044497784,1.192547259
99273.07,0.511830554,5.5,139,0,0.052838299,0.044784077,1.216329016
99333.15,0.519761738,5.5,139,0,0.051432614,0.044864865,1.201643231
99393.27,0.516581491,5.5,139,0,0.050453477,0.044641364,1.123148693
99453.3,0.544008743,5.5,139,0,0.050925926,0.044240401,1.22218806
99513.38,0.544054639,5.5,139,0,0.049876607,0.045059151,1.22218806
99573.43,0.522315974,5.5,139,0,0.051456036,0.044750723,1.22218806
99633.51,0.496293763,5.5,139,0,0.051870251,0.04505814,1.22218806
99693.56,0.462124284,5.5,139,0,0.051174125,0.0446938,1.22218806
99753.61,0.442657173,5.5,139,0,0.049612403,0.044961546,1.22218806
99813.68,0.4083661,5.5,139,0,0.051224076,0.044934804,1.22218806
99873.73,0.44210433,5.5,139,0,0.052491748,0.045181927,1.22218806
99933.78,0.436858203,5.5,139,0,0.051824309,0.044978083,1.22218806
99993.83,0.456349449,5.5,139,0,0.051615385,0.044314228,1.22218806
100053.86,0.476808545,5.5,139,0,0.051421748,0.044809146,1.22218806
100113.91,0.473779196,5.5,139,0,0.050021225,0.045109858,1.141957697
100173.99,0.493117224,5.5,139,0,0.050550551,0.044636429,1.204876431
100234.04,0.479149233,5.5,139,0,0.052122834,0.044754997,1.05842814
100294.08,0.493402266,5.5,139,0,0.050043604,0.044696701,1.093444824
100354.13,0.504389061,5.5,139,0,0.050783397,0.044909091,1.104841942
100414.2,0.517133969,5.5,139,0,0.051233793,0.044961791,1.124462
100474.28,0.510392869,5.5,139,0,0.050814244,0.045260157,1.028875277
100534.34,0.516936818,5.5,139,0,0.051087403,0.045130218,1.015651209
100594.4,0.558138258,5.5,139,0,0.052304213,0.044846706,1.194926791
100654.46,0.540249743,5.5,139,0,0.050832836,0.045416031,1.194926791
100714.55,0.526198172,5.5,139,0,0.048945308,0.04526675,1.194926791
100774.58,0.523719853,5.5,139,0,0.050574236,0.045328911,1.194926791
100834.64,0.482761312,5.5,139,0,0.050532681,0.045401174,1.194926791
100894.7,0.431042681,5.5,139,0,0.051168135,0.044603524,1.194926791
100954.77,0.436110453,5.5,139,0,0.051855938,0.044444444,1.194926791
101014.86,0.455675737,5.5,139,0,0.051095444,0.044494298,1.194926791
101074.96,0.480944506,5.5,139,0,0.051418171,0.044436005,1.194926791
101135.06,0.450163816,5.5,139,0,0.051500528,0.044316339,1.194926791
101195.14,0.477098916,5.5,139,0,0.05181154,0.044760022,1.194926791
101255.21,0.482830489,5.5,139,0,0.05228415,0.045496239,1.171005841
101315.33,0.486111516,5.5,139,0,0.053638645,0.045377518,1.132772795
101375.4,0.507760727,5.5,139,0,0.050238582,0.045090909,1.206850978
101435.47,0.506459152,5.5,139,0,0.050645959,0.044548449,1.138808465
101495.52,0.499374472,5.5,139,0,0.053416242,0.045059429,1.039605801
101555.57,0.524875931,5.5,139,0,0.049815255,0.044848703,1.137042472
101615.64,0.530289445,5.5,139,0,0.050979303,0.045093795,1.11097355
101675.7,0.539110529,5.5,139,0,0.050466918,0.04516129,1.104917773
101735.78,0.543058075,5.5,139,0,0.051423388,0.044867437,1.071558843
101795.85,0.559813228,5.5,139,0,0.049970606,0.044608419,1.071558843
101855.9,0.505312984,5.5,139,0,0.051801802,0.044979635,1.071558843
101915.94,0.474601856,5.5,139,0,0.052852806,0.044809146,1.071558843
101976.01,0.436760823,5.5,139,0,0.050496812,0.044639451,1.071558843
102036.04,0.447855596,5.5,139,0,0.04921587,0.045343636,1.071558843
102096.11,0.453286152,5.5,139,0,0.051551895,0.04486692,1.071558843
102156.16,0.453129691,5.5,139,0,0.051625828,0.045152187,1.071558843
102216.2,0.477342914,5.5,139,0,0.050726257,0.04484894,1.071558843
102276.25,0.471389064,5.5,139,0,0.053507632,0.045261941,1.071558843
102336.29,0.483922747,5.5,139,0,0.051508462,0.044720727,1.09670537
102396.34,0.489863765,5.5,139,0,0.051342233,0.045316138,1.078476223
102456.37,0.493867411,5.5,139,0,0.050352113,0.045253048,1.048971697
102516.42,0.519078752,5.5,139,0,0.05009965,0.044220744,1.145888693
102576.5,0.513996007,5.5,139,0,0.049809989,0.044444444,1.059073919
102636.59,0.531757961,5.5,139,0,0.051537462,0.045115518,1.108039011
102696.66,0.545818631,5.5,139,0,0.051927616,0.045015491,1.130932009
102756.71,0.564785976,5.5,139,0,0.048277596,0.044824087,1.130932009
102816.78,0.52723097,5.5,139,0,0.050611195,0.044324324,1.130932009
102876.83,0.461106787,5.5,139,0,0.050758765,0.044436416,1.130932009
102936.87,0.409906877,5.5,139,0,0.050404904,0.044234112,1.130932009
102996.95,0.44392198,5.5,139,0,0.049878714,0.045691383,1.130932009
103057.02,0.426087663,5.5,139,0,0.050199744,0.044990177,1.130932009
103117.07,0.447117257,5.5,139,0,0.048763251,0.044855889,1.130932009
103177.14,0.463897736,5.5,139,0,0.050761421,0.04510285,1.130932009
103237.21,0.48039224,5.5,139,0,0.049054712,0.044133672,1.130932009
103297.26,0.486688788,5.5,139,0,0.050055127,0.044773358,1.113451238
103357.32,0.488979009,5.5,139,0,0.051268811,0.045038311,1.071862727
103417.42,0.496570876,5.5,139,0,0.050964584,0.044808743,1.064489575
103477.49,0.51828303,5.5,139,0,0.050678541,0.044140291,1.139650874
103537.56,0.504197115,5.5,139,0,0.052285165,0.044575273,1.000005757
103597.59,0.514602407,5.5,139,0,0.051236498,0.044329004,1.011287325
103657.64,0.546158081,5.5,139,0,0.053699009,0.044889631,1.139264604
103717.74,0.527184697,5.5,139,0,0.049960085,0.045233969,0.976228861
103777.78,0.552343826,5.5,139,0,0.049067395,0.044590391,1.067276732
103837.86,0.552442352,5.5,139,0,0.049594288,0.044708348,1.067276732
103897.9,0.529703815,5.5,139,0,0.048807725,0.044672345,1.067276732
103957.92,0.491229962,5.5,139,0,0.051370365,0.044952238,1.067276732
104017.97,0.460488233,5.5,139,0,0.052461599,0.04445695,1.067276732
104078.02,0.446361293,5.5,139,0,0.0508829,0.044246176,1.067276732
104138.08,0.444159257,5.5,139,0,0.050218179,0.044588415,1.067276732
104198.16,0.453467422,5.5,139,0,0.04976355,0.044427568,1.067276732
104258.22,0.476749636,5.5,139,0,0.050867052,0.045167286,1.067276732
104318.28,0.491397208,5.5,139,0,0.050345508,0.044832827,1.067276732
104378.32,0.487780382,5.5,139,0,0.05125448,0.044872983,1.067276732
104438.36,0.483706786,5.5,139,0,0.051052332,0.045243205,0.988753823
104498.42,0.52700392,5.5,139,0,0.051052743,0.045008037,1.196503364
104558.47,0.512091668,5.5,139,0,0.051425297,0.044557943,1.050565177
104618.52,0.517366657,5.5,139,0,0.051018309,0.045289855,1.028781447
104678.57,0.518569138,5.5,139,0,0.051237486,0.044524237,0.984306985
104738.65,0.543549075,5.5,139,0,0.050479147,0.045021645,1.076231542
104798.74,0.570322549,5.5,139,0,0.051112943,0.045084099,1.076231542
104858.8,0.527515453,5.5,139,0,0.052175827,0.044307245,1.076231542
104918.86,0.484362107,5.5,139,0,0.052182601,0.044751381,1.076231542
104978.92,0.449912845,5.5,139,0,0.049658281,0.044310928,1.076231542
105038.98,0.434539807,5.5,139,0,0.04941964,0.044315632,1.076231542
105099.03,0.474286795,5.5,139,0,0.050588586,0.045001915,1.076231542
105159.1,0.457165053,5.5,139,0,0.048134054,0.044984002,1.076231542
105219.16,0.481472574,5.5,139,0,0.049641478,0.044585987,1.076231542
105279.2,0.482540974,5.5,139,0,0.051654263,0.044435782,1.076231542
105339.24,0.487597404,5.5,139,0,0.05195861,0.044997256,1.053692675
105399.31,0.509358288,5.5,139,0,0.052405692,0.044991966,1.131992842
105459.36,0.513860325,5.5,139,0,0.050498015,0.044606362,1.101792642
105519.4,0.526462141,5.5,139,0,0.050148307,0.044963103,1.119386809
105579.44,0.530667383,5.5,139,0,0.050918489,0.044965278,1.087285488
105639.58,0.537355863,5.5,139,0,0.049801445,0.044725588,1.070496616
105699.63,0.564104579,5.5,139,0,0.050416187,0.045408336,1.162709071
105759.69,0.553647365,5.5,139,0,0.051360996,0.044671782,1.162709071
105819.76,0.527941229,5.5,139,0,0.049170732,0.044474168,1.162709071
105879.83,0.494616745,5.5,139,0,0.04996146,0.045343368,1.162709071
105939.9,0.456752793,5.5,139,0,0.050645113,0.04513426,1.162709071
105999.96,0.476599668,5.5,139,0,0.052949828,0.045609625,1.162709071
106060.01,0.465802964,5.5,139,0,0.049803782,0.044432255,1.162709071
106120.08,0.507136975,5.5,139,0,0.050707291,0.044784173,1.162709071
106180.12,0.495707005,5.5,139,0,0.050042711,0.043973099,1.162709071
106240.17,0.491636233,5.5,139,0,0.048036059,0.044467787,1.162709071
106300.21,0.514649021,5.5,139,0,0.04820578,0.045111462,1.241811844
106360.26,0.522901782,5.5,139,0,0.050606294,0.045510672,1.227446734
106420.32,0.566831584,5.5,139,0,0.049724482,0.044938017,1.408080141
106480.36,0.546983233,5.5,139,0,0.051969405,0.044732297,1.408080141
106540.41,0.498547199,5.5,139,0,0.050163047,0.045139539,1.408080141
106600.45,0.458916582,5.5,139,0,0.051508406,0.044665012,1.408080141
106660.5,0.467593685,5.5,139,0,0.051217077,0.044025157,1.408080141
106720.54,0.468732558,5.5,139,0,0.050219756,0.04516625,1.408080141
106780.58,0.493351581,5.5,139,0,0.050128351,0.045563549,1.408080141
106840.65,0.505115698,5.5,139,0,0.050929962,0.044776119,1.408080141
106900.7,0.498884134,5.5,139,0,0.050377478,0.04466987,1.408080141
106960.76,0.51714531,5.5,139,0,0.050418994,0.045342272,1.44552621
107020.82,0.520332793,5.5,139,0,0.049829584,0.044932601,1.391683986
107080.86,0.532896761,5.5,139,0,0.049392551,0.044773358,1.393677141
107140.93,0.568663129,5.5,139,0,0.049261404,0.045017245,1.518874806
107201,0.540329411,5.5,139,0,0.048215404,0.045157967,1.518874806
107261.04,0.508678686,5.5,139,0,0.052106014,0.045488441,1.518874806
107321.08,0.475083053,5.5,139,0,0.048316351,0.044807966,1.518874806
107381.13,0.44486745,5.5,139,0,0.050865635,0.044505711,1.518874806
107441.2,0.451684243,5.5,139,0,0.050316838,0.044827586,1.518874806
107501.26,0.47033776,5.5,139,0,0.048770204,0.044189853,1.518874806
107561.3,0.473455206,5.5,139,0,0.050371471,0.044674768,1.518874806
107621.34,0.493464514,5.5,139,0,0.051697649,0.044519333,1.518874806
107681.39,0.496472634,5.5,139,0,0.0485424,0.044566335,1.518874806
107741.44,0.490798491,5.5,139,0,0.05048245,0.045315591,1.40844689
107801.49,0.511853985,5.5,139,0,0.049298624,0.044789597,1.464041825
107861.55,0.520362175,5.5,139,0,0.051865399,0.044701987,1.440296717
107921.63,0.522742248,5.5,139,0,0.050040519,0.045288912,1.38197223
107981.68,0.545481474,5.5,139,0,0.049926969,0.045011519,1.440614622
108041.74,0.552126435,5.5,139,0,0.05199856,0.045060364,1.440614622
108101.8,0.515222022,5.5,139,0,0.049779586,0.045041773,1.440614622
108161.86,0.469854761,5.5,139,0,0.048773671,0.044841345,1.440614622
108221.89,0.418791775,5.5,139,0,0.051800379,0.044867977,1.440614622
108281.94,0.443608118,5.5,139,0,0.050846142,0.045516436,1.440614622
108341.98,0.452342854,5.5,139,0,0.049970432,0.044588344,1.440614622
108402.02,0.440504025,5.5,139,0,0.049749821,0.045075457,1.440614622
108462.05,0.447458757,5.5,139,0,0.050319079,0.044960945,1.440614622
108522.09,0.468980279,5.5,139,0,0.050347845,0.044738378,1.440614622
108582.13,0.477003843,5.5,139,0,0.051769283,0.044894204,1.419475375
108642.2,0.481257073,5.5,139,0,0.051061973,0.045262754,1.375132713
108702.27,0.486874716,5.5,139,0,0.049844237,0.04495614,1.341191827
108762.34,0.50512381,5.5,139,0,0.050664217,0.044689705,1.384522441
108822.4,0.498362076,5.5,139,0,0.049060064,0.044745763,1.274866235
108882.47,0.503737318,5.5,139,0,0.051388195,0.04501664,1.243307116
108942.54,0.530577692,5.5,139,0,0.052332867,0.044844698,1.336876141
109002.58,0.540041925,5.5,139,0,0.049144737,0.045180723,1.323073468
109062.65,0.550109101,5.5,139,0,0.050672182,0.044504841,1.323073468
109122.69,0.497034692,5.5,139,0,0.05120092,0.044867193,1.323073468
109182.76,0.462065668,5.5,139,0,0.049942429,0.044594341,1.323073468
109242.85,0.471449882,5.5,139,0,0.051855938,0.044623263,1.323073468
109302.91,0.416907897,5.5,139,0,0.050067456,0.044989775,1.323073468
109362.95,0.441910676,5.5,139,0,0.050851375,0.044046932,1.323073468
109423.01,0.446981157,5.5,139,0,0.050809183,0.044112006,1.323073468
109483.08,0.458262932,5.5,139,0,0.050041202,0.045582442,1.323073468
109543.16,0.45758336,5.5,139,0,0.050789139,0.04457098,1.323073468
109603.21,0.46088616,5.5,139,0,0.051667052,0.044594595,1.323073468
109663.25,0.484729503,5.5,139,0,0.050170376,0.045276989,1.408239608
109723.32,0.496442894,5.5,139,0,0.050256787,0.044914135,1.409459978
109783.37,0.483884305,5.5,139,0,0.049143093,0.04446051,1.262119116
109843.43,0.494661529,5.5,139,0,0.049538777,0.044440312,1.265096894
109903.5,0.503567475,5.5,139,0,0.048958615,0.044323756,1.25537395
109963.53,0.513274899,5.5,139,0,0.051254089,0.044341373,1.249886806
110023.61,0.53225133,5.5,139,0,0.049418409,0.044533674,1.29630517
110083.71,0.531384177,5.5,139,0,0.04918901,0.044920161,1.226598279
110143.77,0.550393378,5.5,139,0,0.047619048,0.044710438,1.270712358
110203.84,0.539898505,5.5,139,0,0.04995612,0.044799444,1.14942048
110263.89,0.582776913,5.5,139,0,0.048503876,0.044577727,1.321219328
110323.96,0.580352441,5.5,139,0,0.048475322,0.044776119,1.321219328
110384,0.528163204,5.5,139,0,0.050372744,0.045085507,1.321219328
110444.07,0.496363877,5.5,139,0,0.050283801,0.044845553,1.321219328
110504.14,0.482099037,5.5,139,0,0.049770792,0.044849867,1.321219328
110564.2,0.450925862,5.5,139,0,0.049281007,0.044799684,1.321219328
110624.26,0.430795206,5.5,139,0,0.048839959,0.044740973,1.321219328
110684.32,0.462306126,5.5,139,0,0.049962321,0.043947858,1.321219328
110744.36,0.456143724,5.5,139,0,0.049236865,0.044233524,1.321219328
110804.43,0.464322083,5.5,139,0,0.049730468,0.045309867,1.321219328
110864.48,0.458389834,5.5,139,0,0.050677757,0.044560944,1.321219328
110924.52,0.454501309,5.5,139,1000,0.050153915,0.044962687,1.229600775
110984.56,0.464902787,5.5,139,1000,0.04826093,0.044801838,1.23600333
111044.63,0.469158644,5.5,139,1000,0.049818446,0.043798178,1.201541109
111104.67,0.465700937,5.5,139,1000,0.048868527,0.044482759,1.119272123
111164.72,0.489615624,5.5,139,1000,0.047746746,0.044281729,1.213539458
111224.76,0.500379855,5.5,139,1000,0.049620999,0.044551891,1.218103115
111284.84,0.503944607,5.5,139,1000,0.049121379,0.044085106,1.178494468
111344.91,0.511240991,5.5,139,1000,0.047487469,0.044973545,1.162693935
111404.99,0.507433689,5.5,139,1000,0.049289163,0.044523598,1.0821341
111465.06,0.529462131,5.5,139,1000,0.049421806,0.044541927,1.155514211
111525.11,0.536914738,5.5,139,1000,0.048790085,0.044390638,1.139671488
111585.18,0.552537778,5.5,139,1000,0.047627977,0.043956044,1.168735416
111645.23,0.534425794,5.5,139,1000,0.046908442,0.044516129,1.010311883
111705.3,0.549766115,5.5,139,1000,0.048478302,0.044387263,1.044696451
111765.35,0.56730912,5.5,139,1000,0.050256958,0.044177974,1.044696451
111825.4,0.565154703,5.5,139,1000,0.048590164,0.044727891,1.044696451
111885.45,0.487212297,5.5,139,1000,0.051337618,0.044517016,1.044696451
111945.49,0.475495772,5.5,139,1000,0.046917062,0.044291845,1.044696451
112005.54,0.44623039,5.5,139,1000,0.049395459,0.044890162,1.044696451
112065.58,0.466164471,5.5,139,1000,0.049023091,0.045065907,1.044696451
112125.6,0.44989874,5.5,139,1000,0.050666068,0.045043447,1.044696451
112185.67,0.456990993,5.5,139,1000,0.048843367,0.045065177,1.044696451
112245.73,0.47590626,5.5,139,1000,0.04781759,0.045278851,1.044696451
112305.83,0.509464308,5.5,139,1000,0.049143093,0.044974446,1.044696451
112365.88,0.489456656,5.5,139,1000,0.049402823,0.045174538,0.872269967
112425.98,0.500068579,5.5,139,1000,0.048086934,0.045601497,0.893004483
112486.04,0.525555057,5.5,139,1000,0.048026782,0.045409182,0.997483384
112546.08,0.522083971,5.5,139,1000,0.048279795,0.045817369,0.927729665
112606.12,0.553812417,5.5,139,1000,0.048415604,0.046623243,1.058335958
112666.16,0.563734502,5.5,139,1000,0.049318286,0.046648181,1.058335958
112726.21,0.501901148,5.5,139,1000,0.048814598,0.046507547,1.058335958
112786.25,0.475967098,5.5,139,1000,0.049500105,0.04737422,1.058335958
112846.3,0.431787502,5.5,139,1000,0.047778149,0.046769346,1.058335958
112906.34,0.43701748,5.5,139,1000,0.048150163,0.046771827,1.058335958
112966.4,0.454956152,5.5,139,1000,0.049706117,0.047673532,1.058335958
113026.45,0.457927365,5.5,139,1000,0.049556636,0.048130322,1.058335958
113086.5,0.46804957,5.5,139,1000,0.052313415,0.048039757,1.058335958
113146.54,0.488234245,5.5,139,1000,0.04899252,0.048611111,1.058335958
113206.57,0.505462867,5.5,139,1000,0.049096304,0.048474281,1.109456991
113266.63,0.492992147,5.5,139,1000,0.049493063,0.049491292,0.979040141
113326.7,0.490577562,5.5,139,1000,0.050403365,0.049488055,0.915358588
113386.77,0.519696819,5.5,139,1000,0.050552923,0.050050899,1.042577276
113446.83,0.508735041,5.5,139,1000,0.049422003,0.050584336,0.926493608
113506.88,0.540863628,5.5,139,1000,0.047972484,0.05115733,1.063888446
113566.95,0.555709808,5.5,139,1000,0.050481568,0.050784283,1.063888446
113626.99,0.498776661,5.5,139,1000,0.052795933,0.052077944,1.063888446
113687.04,0.495842732,5.5,139,1000,0.050898837,0.051254672,1.063888446
113747.1,0.452548334,5.5,139,1000,0.053332283,0.051466619,1.063888446
113807.16,0.455780923,5.5,139,1000,0.051497713,0.051774077,1.063888446
113867.22,0.466250489,5.5,139,1000,0.050100062,0.052444444,1.063888446
113927.27,0.476897552,5.5,139,1000,0.050725659,0.052649809,1.063888446
113987.34,0.495210995,5.5,139,1000,0.051368876,0.053761564,1.063888446
114047.37,0.524309892,5.5,139,1000,0.04987378,0.053092784,1.063888446
114107.44,0.526210651,5.5,139,1000,0.052148957,0.053467001,1.021550131
114167.49,0.497489546,5.5,139,1000,0.052018252,0.054302423,0.80209143
114227.56,0.525580507,5.5,139,1000,0.049647621,0.055410265,0.926773363
114287.61,0.52470037,5.5,139,1000,0.050574418,0.055793991,0.875406688
114347.69,0.537666619,5.5,139,1000,0.052631579,0.055413606,0.904870326
114407.75,0.574489297,5.5,139,1000,0.050416428,0.055564202,1.058355111
114467.82,0.588562831,5.5,139,1000,0.049367923,0.057341993,1.058355111
114527.85,0.541426762,5.5,139,1000,0.051769288,0.057600545,1.058355111
114587.9,0.487980434,5.5,139,1000,0.05257425,0.056981065,1.058355111
114647.96,0.439017809,5.5,139,1000,0.052237711,0.057032115,1.058355111
114708.03,0.449296153,5.5,139,1000,0.053167075,0.0568878,1.058355111
114768.07,0.458898853,5.5,139,1000,0.051051262,0.0572231,1.058355111
114828.12,0.466488107,5.5,139,1000,0.052449864,0.057446425,1.058355111
114888.16,0.469934484,5.5,139,1000,0.050136494,0.058143608,1.058355111
114948.21,0.498654737,5.5,139,1000,0.052970548,0.058711794,1.058355111
115008.26,0.508764706,5.5,139,1000,0.050351288,0.059002023,1.065652442
115068.31,0.510600873,5.5,139,1000,0.052350647,0.060337481,1.023177537
115128.35,0.516701583,5.5,139,1000,0.05227473,0.06144497,1.007650514
115188.39,0.51566912,5.5,139,1000,0.050625675,0.060999039,0.951267452
115248.46,0.543167649,5.5,139,1000,0.052826629,0.06049936,1.059562173
115308.53,0.548355118,5.5,139,1000,0.050997641,0.061385184,1.059562173
115368.59,0.511509227,5.5,139,1000,0.052712744,0.062678063,1.059562173
115428.64,0.477108228,5.5,139,1000,0.052077445,0.061001789,1.059562173
115488.7,0.428994093,5.5,139,1000,0.05171798,0.060993426,1.059562173
115548.74,0.451027975,5.5,139,1000,0.05292376,0.06101632,1.059562173
115608.79,0.45405529,5.5,139,1000,0.051032636,0.060338983,1.059562173
115668.84,0.460930307,5.5,139,1000,0.051396961,0.061857497,1.059562173
115728.9,0.482826314,5.5,139,1000,0.052749153,0.063058137,1.059562173
115788.96,0.482019606,5.5,139,1000,0.053198505,0.063033258,1.059562173
115849.04,0.509217898,5.5,139,1000,0.050529324,0.063147344,1.17125774
115909.08,0.487737294,5.5,139,1000,0.054415239,0.064194246,0.983397591
115969.13,0.521908421,5.5,139,1000,0.052888982,0.064941654,1.137373327
116029.2,0.525390284,5.5,139,1000,0.05001538,0.065173116,1.100452415
116089.27,0.531934612,5.5,139,1000,0.052080624,0.066182678,1.082567356
116149.33,0.536578661,5.5,139,1000,0.051898002,0.06620667,1.054516784
116209.4,0.553485095,5.5,139,1000,0.04999701,0.067159383,1.094855901
116269.44,0.556024299,5.5,139,1000,0.053436147,0.066376496,1.094855901
116329.48,0.50426439,5.5,139,1000,0.054785574,0.066835017,1.094855901
116389.53,0.462872789,5.5,139,1000,0.054707089,0.065553817,1.094855901
116449.59,0.433039606,5.5,139,1000,0.053797468,0.06428192,1.094855901
116509.66,0.456518173,5.5,139,1000,0.053570074,0.065004452,1.094855901
116569.69,0.447115114,5.5,139,1000,0.052357535,0.066472409,1.094855901
116629.75,0.476343203,5.5,139,1000,0.050521949,0.06707984,1.094855901
116689.81,0.452672462,5.5,139,1000,0.052547886,0.067014795,1.094855901
116749.86,0.497253346,5.5,139,1000,0.05210295,0.067873303,1.094855901
116809.92,0.502593118,5.5,139,1000,0.052172719,0.0671331,1.072156964
116869.98,0.502351562,5.5,139,1000,0.053890053,0.068331365,1.01710691
116930.05,0.501888894,5.5,139,1000,0.053652322,0.070694543,0.963487278
116990.12,0.512068552,5.5,139,1000,0.052442577,0.068435528,0.97555213
117050.18,0.533120427,5.5,139,1000,0.054281076,0.070265781,1.047641026
117110.25,0.525012956,5.5,139,1000,0.05363593,0.070926622,0.949285771
117170.32,0.545319865,5.5,139,1000,0.052895066,0.071711831,1.015670253
117230.38,0.521466417,5.5,139,1000,0.053723155,0.06997303,0.830703775
117290.44,0.566364513,5.5,139,1000,0.053318395,0.071282776,1.036947622
117350.51,0.59102059,5.5,139,1000,0.053617189,0.071528534,1.036947622
117410.56,0.522632779,5.5,139,1000,0.051799105,0.071833955,1.036947622
117470.6,0.481426061,5.5,139,1000,0.053606511,0.069681956,1.036947622
117530.65,0.486234882,5.5,139,1000,0.051490333,0.069655057,1.036947622
117590.69,0.441247042,5.5,139,1000,0.054179685,0.06918239,1.036947622
117650.76,0.437648238,5.5,139,1000,0.050778879,0.069230769,1.036947622
117710.81,0.448439153,5.5,139,1000,0.051613791,0.070611369,1.036947622
117770.86,0.467079491,5.5,139,1000,0.05050372,0.070412643,1.036947622
117830.93,0.472297526,5.5,139,1000,0.053865191,0.071182944,1.036947622
117891,0.481587319,5.5,139,1000,0.052551303,0.071186441,1.036947622
117951.07,0.485176226,5.5,139,1000,0.051437512,0.073777778,1.007374088
118011.13,0.50868702,5.5,139,1000,0.053257284,0.072273106,1.098967655
118071.17,0.510931596,5.5,139,1000,0.052746237,0.071406003,1.05722762
118131.21,0.512991903,5.5,139,1000,0.050801812,0.074256612,1.01643927
118191.28,0.520467401,5.5,139,1000,0.052238806,0.07486631,1.009018892
118251.33,0.531422996,5.5,139,1000,0.055188109,0.075272367,1.0210611
118311.36,0.55001509,5.5,139,1000,0.053094441,0.074021909,1.073170264
118371.43,0.570061863,5.5,139,1000,0.053142598,0.076758359,1.073170264
118431.49,0.507605881,5.5,139,1000,0.053533916,0.075535323,1.073170264
118491.55,0.473921933,5.5,139,1000,0.053825176,0.073976454,1.073170264
118551.58,0.435097508,5.5,139,1000,0.052095211,0.072429907,1.073170264
118611.62,0.420617974,5.5,139,1000,0.052852288,0.07161664,1.073170264
118671.68,0.431796528,5.5,139,1000,0.053780261,0.072652624,1.073170264
118731.74,0.46596366,5.5,139,1000,0.053157819,0.072380952,1.073170264
118791.81,0.459731256,5.5,139,1000,0.053429027,0.074475777,1.073170264
118851.86,0.462458057,5.5,139,1000,0.0527121,0.072188574,1.073170264
118911.93,0.482299329,5.5,139,1000,0.052459016,0.076036866,1.145538965
118971.97,0.5037347,5.5,139,1000,0.052321346,0.076495132,1.21871643
119032.04,0.510448843,5.5,139,1000,0.056492598,0.076448406,1.197502656
119092.1,0.490201629,5.5,139,1000,0.053456159,0.076201448,1.016206638
119152.16,0.517925206,5.5,139,1000,0.053178964,0.078284547,1.130438449
119212.21,0.5336596,5.5,139,1000,0.05467312,0.0781893,1.163698551
119272.25,0.520331415,5.5,139,1000,0.051952837,0.078145266,1.029636908
119332.31,0.548103655,5.5,139,1000,0.055037758,0.07792005,1.13415049
119392.38,0.556037222,5.5,139,1000,0.053024551,0.079248886,1.13415049
119452.42,0.507671023,5.5,139,1000,0.055083585,0.076995749,1.13415049
119512.47,0.47530572,5.5,139,1000,0.052687388,0.077760225,1.13415049
119572.53,0.443482206,5.5,139,1000,0.056225529,0.077592733,1.13415049
119632.59,0.439647984,5.5,139,1000,0.05396524,0.077035148,1.13415049
119692.66,0.446339589,5.5,139,1000,0.056582986,0.078724189,1.13415049
119752.71,0.453204528,5.5,139,1000,0.054567973,0.079079265,1.13415049
119812.78,0.471217652,5.5,139,1000,0.054563924,0.075810474,1.13415049
119872.83,0.499707087,5.5,139,1000,0.05641064,0.078103448,1.13415049
119932.9,0.472534093,5.5,139,1000,0.054115854,0.079309744,0.909706359
119992.94,0.483167823,5.5,139,1000,0.054983296,0.079238225,0.930983506
120052.99,0.504749538,5.5,139,1000,0.055422872,0.081395349,1.015529198
120113.03,0.508730091,5.5,139,1000,0.055230356,0.079396325,0.988318517
120173.08,0.51920449,5.5,139,1000,0.054347103,0.080626546,1.000043221
120233.12,0.539414506,5.5,139,1000,0.054122539,0.080593166,1.064600532
120293.18,0.547339167,5.5,139,1000,0.054113821,0.080938697,1.055123573
120353.23,0.55504714,5.5,139,1000,0.053262986,0.079914919,1.055123573
120413.3,0.510881257,5.5,139,1000,0.054037926,0.081389409,1.055123573
120473.33,0.46211945,5.5,139,1000,0.054621551,0.07866123,1.055123573
120533.39,0.429696878,5.5,139,1000,0.05189661,0.078534031,1.055123573
120593.45,0.46821513,5.5,139,1000,0.054178013,0.078871201,1.055123573
120653.52,0.453505444,5.5,139,1000,0.054520898,0.077284158,1.055123573
120713.56,0.445454819,5.5,139,1000,0.053662223,0.078684077,1.055123573
120773.6,0.472680938,5.5,139,1000,0.055306428,0.079236357,1.055123573
120833.67,0.486229014,5.5,139,1000,0.055618535,0.08037225,1.055123573
120893.73,0.481798544,5.5,139,1000,0.054448423,0.07951417,0.974906397
120953.77,0.500734135,5.5,139,1000,0.053772652,0.080764793,1.041808744
121013.82,0.529249059,5.5,139,1000,0.05497821,0.081582804,1.155869827
121073.87,0.532261166,5.5,139,1000,0.05708842,0.083707025,1.11510179
121133.92,0.525555432,5.5,139,1000,0.058368851,0.084282842,1.021310862
121193.99,0.539649263,5.5,139,1000,0.055713248,0.083253589,1.049636556
121254.06,0.555281318,5.5,139,1000,0.055031944,0.082772338,1.082821074
121314.11,0.544907599,5.5,139,1000,0.055858579,0.083969466,1.082821074
121374.17,0.528092505,5.5,139,1000,0.055356432,0.084282842,1.082821074
121434.2,0.47233917,5.5,139,1000,0.056090896,0.080371969,1.082821074
121494.26,0.441344236,5.5,139,1000,0.054854713,0.079937304,1.082821074
121554.33,0.444785323,5.5,139,1000,0.055476122,0.08023931,1.082821074
121614.38,0.454681581,5.5,139,1000,0.0574695,0.081090652,1.082821074
121674.43,0.461033904,5.5,139,1000,0.055804365,0.083273894,1.082821074
121734.5,0.477491155,5.5,139,1000,0.055081245,0.080150795,1.082821074
121794.53,0.464364934,5.5,139,1000,0.055679598,0.082785365,1.082821074
121854.58,0.508015813,5.5,139,1000,0.054972581,0.084881541,1.298205526
121914.62,0.505341484,5.5,139,1000,0.056279167,0.08469666,1.217460747
121974.66,0.524593288,5.5,139,1000,0.055118631,0.081956996,1.268754307
122034.71,0.524725416,5.5,139,1000,0.053747256,0.08105674,1.2060721
122094.77,0.534163942,5.5,139,1000,0.057334639,0.083011285,1.199251565
122154.84,0.530518422,5.5,139,1000,0.057215643,0.08611201,1.118744641
122214.88,0.540048978,5.5,139,1000,0.058169981,0.08560618,1.116222862
122274.92,0.553436645,5.5,139,1000,0.055137528,0.086723431,1.116222862
122334.99,0.513297645,5.5,139,1000,0.054848188,0.085416322,1.116222862
122395.04,0.460610941,5.5,139,1000,0.055392363,0.081050228,1.116222862
122455.11,0.434106508,5.5,139,1000,0.054689169,0.082974138,1.116222862
122515.18,0.443948779,5.5,139,1000,0.054931779,0.082114537,1.116222862
122575.23,0.470347856,5.5,139,1000,0.054958184,0.081442601,1.116222862
122635.29,0.468414791,5.5,139,1000,0.056435716,0.080917281,1.116222862
122695.33,0.474411489,5.5,139,1000,0.054132204,0.083660577,1.116222862
122755.4,0.491881699,5.5,139,1000,0.055501325,0.085749002,1.116222862
122815.45,0.490918699,5.5,139,1000,0.058100807,0.085027726,1.054532602
122875.51,0.509121951,5.5,139,1000,0.056791488,0.086681484,1.111033108
122935.55,0.502467675,5.5,139,1000,0.057713885,0.086278414,1.016012646
122995.59,0.529586864,5.5,139,1000,0.055434854,0.087783712,1.122909691
123055.64,0.53993101,5.5,139,1000,0.053964895,0.086075949,1.12479672
123115.68,0.553361711,5.5,139,1000,0.054369292,0.086013113,1.142268394
123175.75,0.540746035,5.5,139,1000,0.054052396,0.087601499,1.142268394
123235.82,0.490706358,5.5,139,1000,0.05777746,0.084242137,1.142268394
123295.89,0.483902953,5.5,139,1000,0.057456944,0.085195531,1.142268394
123355.95,0.434390102,5.5,139,1000,0.055040679,0.084471145,1.142268394
123416.01,0.453929285,5.5,139,1000,0.054962156,0.082501314,1.142268394
123476.06,0.456037518,5.5,139,1000,0.055255774,0.08310007,1.142268394
123536.13,0.451617569,5.5,139,1000,0.057112955,0.08421601,1.142268394
123596.2,0.462112889,5.5,139,1000,0.056495555,0.085128562,1.142268394
123656.24,0.473473285,5.5,139,1000,0.054652485,0.086367634,1.142268394
123716.29,0.467791005,5.5,139,1000,0.054407759,0.085343228,1.048933378
123776.33,0.494670325,5.5,139,1000,0.054126404,0.085333772,1.164096425
123836.38,0.523097497,5.5,139,1000,0.055448569,0.088265481,1.27352061
123896.44,0.512935363,5.5,139,1000,0.057800987,0.086333279,1.150990498
123956.5,0.516648091,5.5,139,1000,0.057004369,0.087629715,1.115077362
124016.57,0.536471069,5.5,139,1000,0.055617353,0.087163989,1.172275495
124076.62,0.535700077,5.5,139,1000,0.057672503,0.088178606,1.109347153
124136.69,0.536505571,5.5,139,1000,0.055864138,0.089533011,1.058387294
124196.76,0.543499213,5.5,139,1000,0.055108784,0.086638831,1.044321865
124256.82,0.562670891,5.5,139,1000,0.055649771,0.089540658,1.044321865
124316.86,0.512230369,5.5,139,1000,0.058861625,0.090878492,1.044321865
124376.91,0.474976604,5.5,139,1000,0.055868959,0.088951147,1.044321865
124436.98,0.444042475,5.5,139,1000,0.05438788,0.087166637,1.044321865
124497.02,0.45488392,5.5,139,1000,0.054778311,0.084879244,1.044321865
124557.09,0.45431461,5.5,139,1000,0.055426602,0.084135834,1.044321865
124617.13,0.463190489,5.5,139,1000,0.055219837,0.086319779,1.044321865
124677.17,0.463511759,5.5,139,1000,0.056753284,0.085567693,1.044321865
124737.24,0.477438804,5.5,139,1000,0.055692224,0.086444669,1.044321865
124797.3,0.503268361,5.5,139,1000,0.05636886,0.087610767,1.150168438
124857.37,0.50071618,5.5,139,1000,0.055148757,0.087820092,1.077407668
124917.43,0.505609888,5.5,139,1000,0.059165576,0.087112918,1.052715186
124977.47,0.523541629,5.5,139,1000,0.057433361,0.088838637,1.104632867
125037.54,0.520850102,5.5,139,1000,0.054344451,0.088798243,1.033938451
125097.61,0.534294188,5.5,139,1000,0.05509401,0.089266241,1.058694462
125157.69,0.563433769,5.5,139,1000,0.05844643,0.088525087,1.165069312
125217.77,0.56163142,5.5,139,1000,0.05559683,0.093023256,1.165069312
125277.82,0.507579149,5.5,139,1000,0.055978801,0.091062111,1.165069312
125337.86,0.468074856,5.5,139,1000,0.055764833,0.086465559,1.165069312
125397.91,0.430843095,5.5,139,1000,0.056742274,0.084676735,1.165069312
125457.94,0.446928053,5.5,139,1000,0.058435653,0.084944049,1.165069312
125518,0.461570624,5.5,139,1000,0.056763888,0.087939255,1.165069312
125578.04,0.48750156,5.5,139,1000,0.056610458,0.084759445,1.165069312
125638.07,0.498650567,5.5,139,1000,0.059382065,0.087079587,1.165069312
125698.14,0.472123273,5.5,139,1000,0.056446617,0.087841191,1.165069312
125758.21,0.4970344,5.5,139,1000,0.054714184,0.090924599,1.261073194
125818.28,0.501411179,5.5,139,1000,0.054067522,0.088240039,1.22432126
125878.31,0.520120155,5.5,139,1000,0.055362877,0.091586254,1.273005312
125938.36,0.538009232,5.5,139,1000,0.058098838,0.091938708,1.310802647
125998.43,0.533856632,5.5,139,1000,0.05561607,0.090074402,1.222017326
126058.5,0.536616965,5.5,139,1000,0.056874836,0.089001225,1.17638815
126118.55,0.54151859,5.5,139,1000,0.056317273,0.090147708,1.144847269
126178.62,0.557193652,5.5,139,1000,0.053908356,0.093471338,1.144847269
126238.67,0.541127827,5.5,139,1000,0.054976125,0.09147541,1.144847269
126298.73,0.485763119,5.5,139,1000,0.057741477,0.091018998,1.144847269
126358.79,0.458586744,5.5,139,1000,0.056284114,0.087443162,1.144847269
126418.82,0.458831467,5.5,139,1000,0.05595039,0.085295571,1.144847269
126478.86,0.454167422,5.5,139,1000,0.054484828,0.089628456,1.144847269
126538.91,0.480312682,5.5,139,1000,0.055201842,0.087930458,1.144847269
126598.97,0.484631136,5.5,139,1000,0.056508507,0.090232075,1.144847269
126659.04,0.483045841,5.5,139,1000,0.059860476,0.089681614,1.144847269
126719.08,0.505543096,5.5,139,1000,0.057693666,0.090250329,1.224170103
126779.13,0.504243272,5.5,139,1000,0.053633005,0.09181471,1.15523823
126839.17,0.520727884,5.5,139,1000,0.056354837,0.088906129,1.193982646
126899.23,0.517694549,5.5,139,1000,0.057074595,0.091008259,1.11675687
126959.29,0.536331723,5.5,139,1000,0.055604479,0.089435866,1.167021409
127019.35,0.539759179,5.5,139,1000,0.055392677,0.090936926,1.127780997
127079.42,0.559295252,5.5,139,1000,0.057348609,0.091847579,1.178055257
127139.48,0.571039751,5.5,139,1000,0.056045379,0.094147183,1.178055257
127199.53,0.523676835,5.5,139,1000,0.057878242,0.09103977,1.178055257
127259.58,0.487856226,5.5,139,1000,0.056091267,0.091063253,1.178055257
127319.64,0.459247349,5.5,139,1000,0.056036607,0.08783899,1.178055257
127379.69,0.476314571,5.5,139,1000,0.056790302,0.089035164,1.178055257
127439.73,0.486851875,5.5,139,1000,0.053844146,0.0893071,1.178055257
127499.8,0.487582616,5.5,139,1000,0.055174731,0.090862158,1.178055257
127559.87,0.479604854,5.5,139,1000,0.055196091,0.093277749,1.178055257
127619.92,0.495487201,5.5,139,1000,0.054493124,0.091150589,1.178055257
127679.97,0.529455418,5.5,139,1000,0.058224785,0.093895099,1.318074823
127740.02,0.537043552,5.5,139,1000,0.055472556,0.093429676,1.294861765
127800.09,0.520096781,5.5,139,1000,0.0545148,0.092455859,1.133925834
127860.15,0.536112265,5.5,139,1000,0.056438181,0.089658233,1.168215571
127920.22,0.534337187,5.5,139,1000,0.056433266,0.094230769,1.099855253
127980.28,0.550961969,5.5,139,1000,0.057745188,0.094392964,1.136778621
128040.33,0.554568244,5.5,139,1000,0.055014053,0.096686843,1.136778621
128100.38,0.508066053,5.5,139,1000,0.058335063,0.091456649,1.136778621
128160.42,0.458729227,5.5,139,1000,0.05657365,0.089919155,1.136778621
128220.46,0.435233957,5.5,139,1000,0.056353195,0.086247478,1.136778621
128280.49,0.451675063,5.5,139,1000,0.057102859,0.088486326,1.136778621
128340.54,0.459467814,5.5,139,1000,0.057416268,0.089029392,1.136778621
128400.6,0.456621924,5.5,139,1000,0.058171745,0.088225484,1.136778621
128460.66,0.472077709,5.5,139,1000,0.058163265,0.090370886,1.136778621
128520.71,0.475092946,5.5,139,1000,0.057270257,0.090599455,1.136778621
128580.75,0.512663283,5.5,139,1000,0.054867718,0.091677943,1.308266095
128640.8,0.48224915,5.5,139,1000,0.057197988,0.091072596,1.059377673
128700.85,0.516049199,5.5,139,1000,0.05757017,0.093662088,1.209632442
128760.92,0.502332178,5.5,139,1000,0.057763184,0.091296121,1.068329327
128820.98,0.517833904,5.5,139,1000,0.057284855,0.092964824,1.106091661
128881.06,0.552694598,5.5,139,1000,0.057930669,0.092761229,1.246240204
128941.12,0.544089475,5.5,139,1000,0.055657268,0.092649311,1.246240204
129001.16,0.487425324,5.5,139,1000,0.058176536,0.090254966,1.246240204
129061.21,0.447114596,5.5,139,1000,0.056884562,0.088603479,1.246240204
129121.25,0.459110371,5.5,139,1000,0.057948427,0.091979522,1.246240204
129181.3,0.4906022,5.5,139,1000,0.05602649,0.092002711,1.246240204
129241.34,0.496513568,5.5,139,1000,0.058756336,0.092711864,1.246240204
129301.38,0.493893654,5.5,139,1000,0.056613722,0.095733611,1.246240204
129361.46,0.502644329,5.5,139,1000,0.057572474,0.092541211,1.246240204
129421.51,0.502189993,5.5,139,1000,0.058190541,0.092380952,1.181215295
129481.56,0.533140378,5.5,139,1000,0.055335234,0.09452254,1.301573254
129541.62,0.532027065,5.5,139,1000,0.057706259,0.095415519,1.230223391
129601.69,0.542440096,5.5,139,1000,0.059500171,0.097226808,1.226862108
129661.76,0.549835945,5.5,139,1000,0.059334591,0.09435992,1.226862108
129721.83,0.50157566,5.5,139,1000,0.059936682,0.092845787,1.226862108
129781.89,0.464587692,5.5,139,1000,0.055826052,0.091258566,1.226862108
129841.93,0.448097247,5.5,139,1000,0.057289754,0.090568729,1.226862108
129901.99,0.436987325,5.5,139,1000,0.057493965,0.088426084,1.226862108
129962.02,0.453608961,5.5,139,1000,0.054900121,0.090161064,1.226862108
130022.06,0.458314557,5.5,139,1000,0.056447689,0.090333618,1.226862108
130082.1,0.469038568,5.5,139,1000,0.056154321,0.089844404,1.226862108
130142.14,0.458404387,5.5,139,1000,0.055566581,0.090265195,1.226862108
130202.19,0.470958143,5.5,139,1000,0.058277864,0.089968153,1.246571465
130262.22,0.476449014,5.5,139,1000,0.058940917,0.092297586,1.219017373
130322.28,0.497528021,5.5,139,1000,0.059296697,0.091694671,1.28793999
130382.33,0.500379931,5.5,139,1000,0.057826588,0.094646113,1.240690371
130442.4,0.515975941,5.5,139,1000,0.057486454,0.095143707,1.27073325
130502.43,0.515640742,5.5,139,1000,0.057789278,0.093154111,1.205247033
130562.47,0.514980582,5.5,139,1000,0.057692308,0.09555163,1.14114141
130622.52,0.543836532,5.5,139,1000,0.057113847,0.093891745,1.247642879
130682.57,0.545617934,5.5,139,1000,0.059199574,0.096213532,1.247642879
130742.63,0.519152264,5.5,139,1000,0.057308063,0.094075008,1.247642879
130802.69,0.480004365,5.5,139,1000,0.057659267,0.093707483,1.247642879
130862.76,0.461784644,5.5,139,1000,0.05878912,0.089055619,1.247642879
130922.82,0.438860229,5.5,139,1000,0.059384279,0.090405574,1.247642879
130982.87,0.418327869,5.5,139,1000,0.055479264,0.092002186,1.247642879
131042.93,0.419716531,5.5,139,1000,0.056209058,0.090844946,1.247642879
131102.99,0.432967882,5.5,139,1000,0.056769798,0.09083045,1.247642879
131163.04,0.446423284,5.5,139,1000,0.056312941,0.092647833,1.247642879
131223.1,0.467308351,5.5,139,1000,0.057389111,0.092033898,1.247642879
131283.14,0.459182296,5.5,139,1000,0.059240321,0.090615409,1.132634645
131343.21,0.475605681,5.5,139,1000,0.055850541,0.095804196,1.181428371
131403.27,0.480335919,5.5,139,1000,0.058890469,0.092245557,1.152046696
131463.32,0.499716532,5.5,139,1000,0.056052786,0.095293725,1.213110294
131523.37,0.499970723,5.5,139,1000,0.055061283,0.093246048,1.153980403
131583.44,0.512168731,5.5,139,1000,0.057165334,0.094609815,1.168595125
131643.51,0.514765502,5.5,139,1000,0.059021344,0.094180225,1.125337383
131703.58,0.525449061,5.5,139,1000,0.0591877,0.093650069,1.130695881
131763.63,0.530430538,5.5,139,1000,0.055151009,0.096047866,1.102468372
131823.66,0.545613679,5.5,139,1000,0.056975573,0.093982723,1.132011447
131883.71,0.560298859,5.5,139,1000,0.05603396,0.099743836,1.132011447
131943.75,0.501907617,5.5,139,1000,0.058899986,0.095315024,1.132011447
132003.82,0.485222716,5.5,139,1000,0.059185572,0.094697611,1.132011447
132063.86,0.435538679,5.5,139,1000,0.0583035,0.092209857,1.132011447
132123.93,0.463065248,5.5,139,1000,0.057346381,0.092945326,1.132011447
132183.99,0.461055226,5.5,139,1000,0.055671773,0.092227979,1.132011447
132244.03,0.453766599,5.5,139,1000,0.056424846,0.091409508,1.132011447
132304.08,0.48897991,5.5,139,1000,0.057677696,0.093670456,1.132011447
132364.14,0.506655171,5.5,139,1000,0.058777485,0.094403237,1.132011447
132424.2,0.506418939,5.5,139,1000,0.057898694,0.095495191,1.074011778
132484.24,0.487867525,5.5,139,1000,0.059766974,0.092872911,0.908350092
132544.32,0.500728069,5.5,139,1000,0.058160718,0.094962176,0.940990407
132604.36,0.523304853,5.5,139,1000,0.058969584,0.093725794,1.026243914
132664.42,0.529506777,5.5,139,1000,0.057564623,0.096974522,1.01027705
132724.49,0.540807597,5.5,139,1000,0.060858113,0.095660147,1.023116022
132784.56,0.536611451,5.5,139,1000,0.058365007,0.098593775,0.948592339
132844.62,0.565377978,5.5,139,1000,0.057971014,0.100825659,1.057823372
132904.68,0.570913143,5.5,139,1000,0.057351345,0.095353824,1.057823372
132964.72,0.524807264,5.5,139,1000,0.058103775,0.096199338,1.057823372
133024.77,0.479099514,5.5,139,1000,0.059883679,0.094705195,1.057823372
133084.81,0.4329173,5.5,139,1000,0.059133403,0.091827994,1.057823372
133144.86,0.439113209,5.5,139,1000,0.05917465,0.091814346,1.057823372
133204.92,0.461211083,5.5,139,1000,0.058193603,0.092806244,1.057823372
133264.95,0.468284104,5.5,139,1000,0.057033962,0.096022429,1.057823372
133325.02,0.486421965,5.5,139,1000,0.056603774,0.093030901,1.057823372
133385.08,0.475124309,5.5,139,1000,0.058782218,0.094361526,1.057823372
133445.14,0.502563504,5.5,139,1000,0.057373257,0.097384721,1.173368814
133505.21,0.503158023,5.5,139,1000,0.057502006,0.093931316,1.118247193
133565.28,0.501437898,5.5,139,1000,0.060651522,0.095299009,1.05206129
133625.35,0.519334078,5.5,139,1000,0.05951087,0.096532334,1.10466104
133685.38,0.53209838,5.5,139,1000,0.059559021,0.098042336,1.122271059
133745.46,0.550020643,5.5,139,1000,0.061195154,0.102347884,1.165539749
133805.52,0.565618661,5.5,139,1000,0.057489581,0.099920949,1.165539749
133865.59,0.498804532,5.5,139,1000,0.057155629,0.097560976,1.165539749
133925.62,0.449305707,5.5,139,1000,0.060406167,0.092954508,1.165539749
133985.66,0.465912837,5.5,139,1000,0.056863528,0.094754653,1.165539749
134045.7,0.461311989,5.5,139,1000,0.057104647,0.09560197,1.165539749
134105.75,0.475686385,5.5,139,1000,0.059191125,0.094924192,1.165539749
134165.79,0.484084084,5.5,139,1000,0.05772272,0.095854498,1.165539749
134225.87,0.494644959,5.5,139,1000,0.059502294,0.095848694,1.165539749
134285.93,0.525509842,5.5,139,1000,0.057405503,0.098556904,1.288848769
134345.99,0.509757338,5.5,139,1000,0.058334943,0.099512195,1.133103988
134406.07,0.533579952,5.5,139,1000,0.06095881,0.096540006,1.213471141
134466.11,0.535322972,5.5,139,1000,0.060709881,0.097511977,1.162581569
134526.19,0.554916116,5.5,139,1000,0.059409162,0.097925564,1.21229262
134586.26,0.550946696,5.5,139,1000,0.060023539,0.098018613,1.21229262
134646.3,0.554986333,5.5,139,1000,0.060105235,0.097591689,1.21229262
134706.34,0.488227044,5.5,139,1000,0.059732811,0.096029697,1.21229262
134766.41,0.453343604,5.5,139,1000,0.056643404,0.093086003,1.21229262
134826.48,0.469522471,5.5,139,1000,0.057848958,0.094298246,1.21229262
134886.52,0.465596402,5.5,139,1000,0.056291609,0.09559322,1.21229262
134946.58,0.49314101,5.5,139,1000,0.061079337,0.096371106,1.21229262
135006.65,0.484604083,5.5,139,1000,0.059007289,0.093447565,1.21229262
135066.71,0.476529117,5.5,139,1000,0.060045371,0.094601051,1.21229262
135126.76,0.506250575,5.5,139,1000,0.059820194,0.099915469,1.333186769
135186.79,0.518527202,5.5,139,1000,0.05885511,0.097923819,1.338409633
135246.82,0.523351279,5.5,139,1000,0.059812701,0.099837398,1.299270386
135306.89,0.530399725,5.5,139,1000,0.060320066,0.100407498,1.274440926
135366.96,0.541779642,5.5,139,1000,0.059647957,0.096018032,1.274404185
135427.03,0.567455179,5.5,139,1000,0.056782334,0.09672619,1.274404185
135487.09,0.509781208,5.5,139,1000,0.059634279,0.09765625,1.274404185
135547.13,0.492937789,5.5,139,1000,0.057740304,0.096548274,1.274404185
135607.17,0.447954164,5.5,139,1000,0.058164279,0.095288326,1.274404185
135667.24,0.458363737,5.5,139,1000,0.060209028,0.091525985,1.274404185
135727.31,0.447215866,5.5,139,1000,0.058574453,0.096334337,1.274404185
135787.36,0.477016347,5.5,139,1000,0.060096674,0.094471194,1.274404185
135847.43,0.48054759,5.5,139,1000,0.06017852,0.096581197,1.274404185
135907.49,0.500207369,5.5,139,1000,0.057220348,0.094234148,1.274404185
135967.56,0.4934015,5.5,139,1000,0.058323781,0.096822244,1.169585461
136027.63,0.502136362,5.5,139,1000,0.057337533,0.098976682,1.163751613
136087.68,0.51813098,5.5,139,1000,0.058911159,0.095806502,1.199633076
136147.75,0.511879516,5.5,139,1000,0.060108539,0.097553275,1.10323505
136207.8,0.532098762,5.5,139,1000,0.059966722,0.0989115,1.164292813
136267.87,0.51915115,5.5,139,1000,0.058372227,0.096634902,1.032176046
136327.94,0.542052077,5.5,139,1000,0.060499402,0.097149679,1.110068263
136388.01,0.565410776,5.5,139,1000,0.059521531,0.101838755,1.110068263
136448.04,0.513993281,5.5,139,1000,0.059392726,0.097928437,1.110068263
136508.08,0.474432745,5.5,139,1000,0.06157525,0.09398253,1.110068263
136568.12,0.459180326,5.5,139,1000,0.059345896,0.097121667,1.110068263
136628.18,0.456643264,5.5,139,1000,0.060125442,0.096213425,1.110068263
136688.23,0.478219127,5.5,139,1000,0.057163296,0.095699278,1.110068263
136748.27,0.483046188,5.5,139,1000,0.061324552,0.098634294,1.110068263
136808.32,0.502335969,5.5,139,1000,0.057264794,0.097117589,1.110068263
136868.36,0.494450375,5.5,139,1000,0.058047843,0.095208559,1.110068263
136928.42,0.520399177,5.5,139,1000,0.057135697,0.099820876,1.20801297
136988.46,0.511833071,5.5,139,1000,0.059448688,0.099951714,1.097819439
137048.52,0.520788273,5.5,139,1000,0.058963477,0.097671606,1.094963573
137108.58,0.56074788,5.5,139,1000,0.059461553,0.101275791,1.261998853
137168.62,0.55747645,5.5,139,1000,0.060839253,0.099328859,1.261998853
137228.66,0.509846644,5.5,139,1000,0.057082055,0.098048473,1.261998853
137288.71,0.475219972,5.5,139,1000,0.05834695,0.094914156,1.261998853
137348.76,0.437619458,5.5,139,1000,0.059919511,0.095094741,1.261998853
137408.82,0.42202689,5.5,139,1000,0.059146074,0.095684471,1.261998853
137468.86,0.430530399,5.5,139,1000,0.060919453,0.094930248,1.261998853
137528.91,0.455682849,5.5,139,1000,0.057213763,0.096864111,1.261998853
137588.95,0.452356947,5.5,139,1000,0.059415121,0.096338789,1.261998853
137649,0.475961135,5.5,139,1000,0.059161643,0.096569038,1.261998853
137709.04,0.488729218,5.5,139,1000,0.058703351,0.099610368,1.278316076
137769.11,0.499806661,5.5,139,1000,0.059111292,0.098600933,1.281638538
137829.16,0.495416679,5.5,139,1000,0.059932334,0.098371443,1.191090128
137889.19,0.520511189,5.5,139,1000,0.059086362,0.097108737,1.279772224
137949.26,0.517326419,5.5,139,1000,0.062358194,0.100492611,1.197371601
138009.34,0.521489248,5.5,139,1000,0.062410535,0.100642055,1.161546847
138069.41,0.547255671,5.5,139,1000,0.059620062,0.103141964,1.248151834
138129.46,0.538930172,5.5,139,1000,0.059908748,0.101697604,1.139753978
138189.54,0.556578057,5.5,139,1000,0.062214216,0.099085594,1.179430521
138249.58,0.543213803,5.5,139,1000,0.059891459,0.103491863,1.179430521
138309.62,0.51186988,5.5,139,1000,0.060156816,0.099550318,1.179430521
138369.67,0.485441922,5.5,139,1000,0.059092772,0.101254942,1.179430521
138429.71,0.430961814,5.5,139,1000,0.057677748,0.095508518,1.179430521
138489.76,0.439103641,5.5,139,1000,0.059928378,0.094519859,1.179430521
138549.8,0.454613035,5.5,139,1000,0.061750872,0.09861898,1.179430521
138609.87,0.449677837,5.5,139,1000,0.058762314,0.096844579,1.179430521
138669.93,0.467540722,5.5,139,1000,0.057970041,0.09982699,1.179430521
138729.96,0.480724874,5.5,139,1000,0.058799947,0.098939929,1.179430521
138790,0.471640055,5.5,139,1000,0.060015317,0.097718816,1.063221939
138850.07,0.487439628,5.5,139,1000,0.058127301,0.098761408,1.108911867
138910.14,0.522948283,5.5,139,1000,0.061862337,0.102328744,1.264414667
138970.19,0.497442866,5.5,139,1000,0.059305785,0.097924673,1.05118834
139030.26,0.538289393,5.5,139,1000,0.061279789,0.099640793,1.235375758
139090.33,0.535487148,5.5,139,1000,0.06270131,0.100663717,1.157948677
139150.4,0.54299687,5.5,139,1000,0.063856123,0.09883894,1.141831242
139210.47,0.557459734,5.5,139,1000,0.060688466,0.10255611,1.141831242
139270.51,0.544288877,5.5,139,1000,0.058267816,0.101475118,1.141831242
139330.55,0.48738349,5.5,139,1000,0.057445003,0.098110107,1.141831242
139390.58,0.463176441,5.5,139,1000,0.058659023,0.095482376,1.141831242
139450.62,0.426201156,5.5,139,1000,0.061232419,0.093389297,1.141831242
139510.69,0.438677297,5.5,139,1000,0.06023914,0.093956235,1.141831242
139570.74,0.435683703,5.5,139,1000,0.060081313,0.095463304,1.141831242
139630.78,0.453554835,5.5,139,1000,0.05715629,0.098081023,1.141831242
139690.83,0.452223731,5.5,139,1000,0.057542554,0.096724667,1.141831242
139750.89,0.458412778,5.5,139,1000,0.060847546,0.097097267,1.141831242
139810.95,0.473673024,5.5,139,1000,0.060363636,0.096635173,1.182981348
139871.01,0.484441214,5.5,139,1000,0.057825393,0.098494983,1.191268764
139931.07,0.497045485,5.5,139,1000,0.060086738,0.097856325,1.20876168
139991.11,0.489542325,5.5,139,1000,0.058064516,0.099576961,1.102691744
140051.16,0.497416121,5.5,139,1000,0.062518048,0.101983932,1.09542521
140111.23,0.534005384,5.5,139,1000,0.058635053,0.101439896,1.253590887
140171.28,0.515607976,5.5,139,1000,0.059665403,0.098685205,1.085733801
140231.32,0.540906982,5.5,139,1000,0.05952304,0.100061671,1.175148871
140291.36,0.545480686,5.5,139,1000,0.060917774,0.10218193,1.175148871
140351.42,0.510177775,5.5,139,1000,0.058208391,0.098550725,1.175148871
140411.48,0.469238331,5.5,139,1000,0.060956347,0.09829773,1.175148871
140471.52,0.450270902,5.5,139,1000,0.0595272,0.096982028,1.175148871
140531.58,0.455629069,5.5,139,1000,0.059556689,0.09788179,1.175148871
140591.62,0.480623093,5.5,139,1000,0.057336136,0.098377282,1.175148871
140651.67,0.480054932,5.5,139,1000,0.060800685,0.097961213,1.175148871
140711.74,0.48326187,5.5,139,1000,0.062472177,0.099966341,1.175148871
140771.78,0.48678522,5.5,139,1000,0.059948109,0.098212848,1.175148871
140831.83,0.503665361,5.5,139,1000,0.059510308,0.097693986,1.218658674
140891.89,0.518477212,5.5,139,1000,0.062446043,0.097939729,1.244677726
140951.95,0.534045914,5.5,139,1000,0.061659583,0.098486007,1.271201058
141012.02,0.542523631,5.5,139,1000,0.059681958,0.100340663,1.254890486
141072.06,0.540140346,5.5,139,1000,0.062409489,0.101647059,1.254890486
141132.1,0.517553153,5.5,139,1000,0.060071385,0.099764336,1.254890486
141192.15,0.472407414,5.5,139,1000,0.057878449,0.101352538,1.254890486
141252.19,0.45733352,5.5,139,1000,0.058856502,0.096037609,1.254890486
141312.22,0.451369787,5.5,139,1000,0.059286575,0.098722817,1.254890486
141372.26,0.469532833,5.5,139,1000,0.061635688,0.099549081,1.254890486
141432.3,0.48065575,5.5,139,1000,0.061993815,0.096491228,1.254890486
141492.36,0.484889483,5.5,139,1000,0.058843331,0.098753281,1.254890486
141552.44,0.487349456,5.5,139,1000,0.060865262,0.101553166,1.254890486
141612.47,0.487631838,5.5,139,1000,0.057913809,0.098245614,1.19388373
141672.52,0.499171817,5.5,139,1000,0.061223067,0.097844627,1.20435855
141732.55,0.517024406,5.5,139,1000,0.06097561,0.100062933,1.249559786
141792.6,0.543463307,5.5,139,1000,0.060587842,0.102869253,1.336698132
141852.67,0.547786177,5.5,139,1000,0.05931603,0.103032227,1.336698132
141912.73,0.495911427,5.5,139,1000,0.058481822,0.096498178,1.336698132
141972.78,0.456820788,5.5,139,1000,0.058323544,0.095904264,1.336698132
142032.83,0.466445476,5.5,139,1000,0.058173077,0.098090278,1.336698132
142092.87,0.468143089,5.5,139,1000,0.058519438,0.098608487,1.336698132
142152.92,0.479919094,5.5,139,1000,0.061759666,0.09792685,1.336698132
142212.99,0.477568137,5.5,139,1000,0.059319084,0.097818903,1.336698132
142273.04,0.479532439,5.5,139,1000,0.059303591,0.097541379,1.336698132
142333.09,0.49696132,5.5,139,1000,0.061806543,0.098659004,1.376965183
142393.13,0.524135344,5.5,139,1000,0.059062071,0.099649793,1.467830155
142453.18,0.510738015,5.5,139,1000,0.057934509,0.100174354,1.316759126
142513.24,0.520283087,5.5,139,1000,0.058801142,0.104256734,1.306470055
142573.33,0.535223226,5.5,139,1000,0.060419968,0.101369432,1.32607908
142633.4,0.550256032,5.5,139,1000,0.061779748,0.103223757,1.342874462
142693.45,0.559365218,5.5,139,1000,0.059362751,0.101563686,1.342874462
142753.51,0.536284782,5.5,139,1000,0.060487936,0.100497822,1.342874462
142813.58,0.498694217,5.5,139,1000,0.063204238,0.101395032,1.342874462
142873.61,0.458975806,5.5,139,1000,0.061037715,0.09669731,1.342874462
142933.65,0.465988628,5.5,139,1000,0.058543977,0.098318016,1.342874462
142993.71,0.47157929,5.5,139,1000,0.060288242,0.098400138,1.342874462
143053.76,0.470304983,5.5,139,1000,0.061762509,0.097018613,1.342874462
143113.83,0.484308793,5.5,139,1000,0.059334102,0.100662027,1.342874462
143173.9,0.494048581,5.5,139,1000,0.059691571,0.101723555,1.342874462
143233.95,0.511287223,5.5,139,1000,0.060558261,0.1021298,1.37862371
143294.01,0.515523421,5.5,139,1000,0.06168945,0.100303951,1.334446197
143354.07,0.511857097,5.5,139,1000,0.059616888,0.099782067,1.246312118
143414.13,0.54419524,5.5,139,1000,0.062632696,0.099632691,1.36778431
143474.18,0.541932238,5.5,139,1000,0.061318858,0.099969889,1.36778431
143534.25,0.493714652,5.5,139,1000,0.061069235,0.101307731,1.36778431
143594.3,0.462460645,5.5,139,1000,0.061006065,0.097584698,1.36778431
143654.36,0.439523644,5.5,139,1000,0.060818888,0.098993891,1.36778431
143714.43,0.433936857,5.5,139,1000,0.057777778,0.097932726,1.36778431
143774.47,0.462891603,5.5,139,1000,0.060179444,0.096577431,1.36778431
143834.52,0.460397061,5.5,139,1000,0.060114022,0.096461949,1.36778431
143894.56,0.478282391,5.5,139,1000,0.061637805,0.100625652,1.36778431
143954.62,0.480751381,5.5,139,1000,0.056886798,0.100565359,1.36778431
144014.69,0.482071598,5.5,139,1000,0.061540689,0.100383525,1.307622268
144074.75,0.483043491,5.5,139,1000,0.062365899,0.102126235,1.248283292
144134.79,0.529174915,5.5,139,1000,0.061391921,0.098547556,1.459506137
144194.82,0.506181785,5.5,139,1000,0.058774302,0.101694915,1.253261332
144254.86,0.520311374,5.5,139,1000,0.061577713,0.101347118,1.27319296
144314.94,0.534247798,5.5,139,1000,0.061310924,0.100648348,1.288830346
144375.01,0.53139588,5.5,139,1000,0.059904306,0.105017691,1.208331353
144435.08,0.553273257,5.5,139,1000,0.060054537,0.103518057,1.268948989
144495.15,0.572316841,5.5,139,1000,0.063416649,0.103234583,1.268948989
144555.22,0.504533327,5.5,139,1000,0.059682995,0.104806409,1.268948989
144615.27,0.467956023,5.5,139,1000,0.061745455,0.100289954,1.268948989
144675.33,0.441274576,5.5,139,1000,0.05898048,0.09681742,1.268948989
144735.4,0.464480404,5.5,139,1000,0.060164934,0.099859846,1.268948989
144795.46,0.472386054,5.5,139,1000,0.058989343,0.099550639,1.268948989
144855.51,0.468042634,5.5,139,1000,0.062983174,0.100203459,1.268948989
144915.55,0.47610596,5.5,139,1000,0.059072013,0.100460375,1.268948989
144975.6,0.484786171,5.5,139,1000,0.059161061,0.098568902,1.268948989
145035.64,0.515695723,5.5,139,1000,0.060228665,0.102526003,1.390928536
145095.68,0.496502329,5.5,139,1000,0.059105536,0.101026299,1.207595911
145155.75,0.533012477,5.5,139,1000,0.059538592,0.102478018,1.360086092
145215.79,0.521945462,5.5,139,1000,0.059333462,0.099742307,1.229136595
145275.86,0.528959411,5.5,139,1000,0.058908226,0.100135115,1.20772556
145335.91,0.536649751,5.5,139,1000,0.063032249,0.103022825,1.190641128
145395.99,0.542731429,5.5,139,1000,0.061415045,0.105861906,1.164915899
145456.04,0.567668532,5.5,139,1000,0.060073122,0.105222136,1.164915899
145516.11,0.516239549,5.5,139,1000,0.060284398,0.102170125,1.164915899
145576.17,0.493202704,5.5,139,1000,0.061031879,0.099870508,1.164915899
145636.22,0.45549263,5.5,139,1000,0.060248714,0.09888814,1.164915899
145696.28,0.471984327,5.5,139,1000,0.058164498,0.098703888,1.164915899
145756.31,0.474687963,5.5,139,1000,0.059526262,0.098199673,1.164915899
145816.36,0.46255911,5.5,139,1000,0.060614564,0.099676375,1.164915899
145876.43,0.476603542,5.5,139,1000,0.060857344,0.101121769,1.164915899
145936.5,0.511755531,5.5,139,1000,0.061557615,0.101610306,1.164915899
145996.55,0.518341887,5.5,139,1000,0.058906843,0.101823949,1.145034119
146056.59,0.522151574,5.5,139,1000,0.060356928,0.103608661,1.109751053
146116.64,0.533473069,5.5,139,1000,0.060102885,0.101576713,1.118615516
146176.7,0.546762728,5.5,139,1000,0.060718469,0.107679871,1.136503789
146236.75,0.557582847,5.5,139,1000,0.062154882,0.101687518,1.136503789
146296.8,0.500797205,5.5,139,1000,0.062517741,0.103492885,1.136503789
146356.86,0.459693579,5.5,139,1000,0.059759596,0.10212839,1.136503789
146416.93,0.453711301,5.5,139,1000,0.061083672,0.099346624,1.136503789
146476.97,0.455256653,5.5,139,1000,0.057316913,0.100942588,1.136503789
146537.01,0.459397322,5.5,139,1000,0.060843545,0.100032852,1.136503789
146597.05,0.467060767,5.5,139,1000,0.058923885,0.102210404,1.136503789
146657.12,0.475432671,5.5,139,1000,0.061476567,0.105784263,1.136503789
146717.16,0.501345086,5.5,139,1000,0.058264805,0.104225352,1.136503789
146777.2,0.496150887,5.5,139,1000,0.060791098,0.103542673,1.048434884
146837.25,0.51442334,5.5,139,1000,0.061828876,0.105884281,1.104512513
146897.31,0.511712578,5.5,139,1000,0.062456627,0.105847762,1.03343654
146957.38,0.507988018,5.5,139,1000,0.061246323,0.103750384,0.959849004
147017.42,0.538474721,5.5,139,1000,0.061562062,0.105820943,1.086704633
147077.47,0.547288681,5.5,139,1000,0.059342422,0.107753797,1.081076993
147137.51,0.54369215,5.5,139,1000,0.061257216,0.107789142,1.081076993
147197.57,0.506301121,5.5,139,1000,0.059529184,0.105581928,1.081076993
147257.64,0.452656377,5.5,139,1000,0.06036175,0.099128189,1.081076993
147317.67,0.441574074,5.5,139,1000,0.061032183,0.100992513,1.081076993
147377.72,0.447072065,5.5,139,1000,0.058743076,0.101913043,1.081076993
147437.77,0.447100614,5.5,139,1000,0.060934472,0.1,1.081076993
147497.82,0.46176368,5.5,139,1000,0.060124395,0.103907183,1.081076993
147557.86,0.479125285,5.5,139,1000,0.062278481,0.101404311,1.081076993
147617.92,0.499852959,5.5,139,1000,0.062003515,0.101781987,1.081076993
147677.99,0.500715119,5.5,139,1000,0.059665084,0.103160597,1.032193168
147738.03,0.50754105,5.5,139,1000,0.061462357,0.106277805,1.021204349
147798.08,0.511847185,5.5,139,1000,0.060836004,0.106881406,0.995489688
147858.15,0.53863217,5.5,139,1000,0.063740271,0.104841245,1.098735586
147918.22,0.527737769,5.5,139,1000,0.060701036,0.106030073,0.982498616
147978.25,0.52715114,5.5,139,1000,0.061012382,0.105951099,0.930037053
148038.32,0.538952624,5.5,139,1000,0.06195956,0.110125178,0.949956316
148098.4,0.577360262,5.5,139,1000,0.059795581,0.105247728,1.108974815
148158.47,0.568375063,5.5,139,1000,0.061987123,0.109548826,1.108974815
148218.51,0.519790516,5.5,139,1000,0.064564672,0.105660377,1.108974815
148278.57,0.472805232,5.5,139,1000,0.061308181,0.102181585,1.108974815
148338.61,0.447572711,5.5,139,1000,0.061916061,0.100541638,1.108974815
148398.64,0.464022088,5.5,139,1000,0.06129635,0.102524205,1.108974815
148458.68,0.468820097,5.5,139,1000,0.062265401,0.102490259,1.108974815
148518.75,0.472649004,5.5,139,1000,0.061128306,0.104469854,1.108974815
148578.81,0.48313566,5.5,139,1000,0.062364504,0.104030774,1.108974815
148638.86,0.482433656,5.5,139,1000,0.061090809,0.102898079,1.108974815
148698.9,0.495519005,5.5,139,1000,0.06248237,0.105376701,1.133812969
148758.97,0.497570688,5.5,139,1000,0.060738255,0.101133926,1.089518096
148819.03,0.501415882,5.5,139,1000,0.062679258,0.103888025,1.058136871
148879.07,0.526978462,5.5,139,1000,0.061045752,0.104294479,1.15440148
148939.12,0.527189043,5.5,139,1000,0.058304311,0.105166052,1.097879969
148999.18,0.545917617,5.5,139,1000,0.060052711,0.102679872,1.147712613
149059.25,0.525597566,5.5,139,1000,0.059696914,0.10577068,0.976530253
149119.33,0.54192707,5.5,139,1000,0.060670636,0.109968354,1.019490539
149179.4,0.578147763,5.5,139,1000,0.06113756,0.107797123,1.019490539
149239.45,0.555705777,5.5,139,1000,0.063362567,0.10671389,1.019490539
149299.5,0.494320119,5.5,139,1000,0.05933896,0.101427037,1.019490539
149359.54,0.472967391,5.5,139,1000,0.062162546,0.103104765,1.019490539
149419.61,0.443701522,5.5,139,1000,0.060991567,0.101919721,1.019490539
149479.68,0.444073174,5.5,139,1000,0.06132247,0.101129363,1.019490539
149539.72,0.434429227,5.5,139,1000,0.05819612,0.104334149,1.019490539
149599.76,0.472581822,5.5,139,1000,0.062915639,0.103078755,1.019490539
149659.81,0.46825676,5.5,139,1000,0.060903459,0.101021566,1.019490539
149719.85,0.471271566,5.5,139,1000,0.064249172,0.105299145,1.019490539
149779.9,0.486856147,5.5,139,1000,0.063020042,0.105770858,1.066118589
149839.97,0.500430848,5.5,139,1000,0.062967223,0.102113771,1.095314848
149900.02,0.504293403,5.5,139,1000,0.062766478,0.105742639,1.063615578
149960.07,0.505367526,5.5,139,1000,0.060596048,0.106214689,1.016817871
150020.12,0.533758745,5.5,139,1000,0.060707611,0.10455312,1.129951009
150080.17,0.534503671,5.5,139,1000,0.060893962,0.107796717,1.077637409
150140.21,0.541854687,5.5,139,1000,0.060150376,0.106760477,1.064733321
150200.28,0.53934483,5.5,139,1000,0.061344644,0.110826803,0.99756845
150260.33,0.564710762,5.5,139,1000,0.06165679,0.109473361,1.085565673
150320.4,0.576992687,5.5,139,1000,0.063557082,0.10958283,1.085565673
150380.46,0.514478722,5.5,139,1000,0.062567422,0.106034617,1.085565673
150440.51,0.485497453,5.5,139,1000,0.060710352,0.103848706,1.085565673
150500.56,0.459841821,5.5,139,1000,0.061369229,0.104015567,1.085565673
150560.61,0.441946182,5.5,139,1000,0.059577677,0.103454231,1.085565673
150620.64,0.456667173,5.5,139,1000,0.061834769,0.101862535,1.085565673
150680.7,0.458958558,5.5,139,1000,0.062650427,0.104578476,1.085565673
150740.74,0.475907083,5.5,139,1000,0.061878532,0.102318794,1.085565673
150800.8,0.494187133,5.5,139,1000,0.059653498,0.103671357,1.085565673
150860.85,0.501541483,5.5,139,1000,0.06124949,0.103207367,1.075603582
150920.92,0.516044741,5.5,139,1000,0.061621988,0.105179028,1.107344848
150980.98,0.523472775,5.5,139,1000,0.060971591,0.105830165,1.094852267
151041.01,0.523327427,5.5,139,1000,0.060315635,0.108227848,1.039276558
151101.07,0.548109607,5.5,139,1000,0.065697128,0.104283604,1.126116595
151161.15,0.547359293,5.5,139,1000,0.064700153,0.109721343,1.126116595
151221.21,0.49080005,5.5,139,1000,0.059346991,0.104074542,1.126116595
151281.25,0.475747028,5.5,139,1000,0.061673704,0.105900151,1.126116595
151341.31,0.447928204,5.5,139,1000,0.060921672,0.101536406,1.126116595
151401.35,0.47397513,5.5,139,1000,0.06081797,0.103875969,1.126116595
151461.42,0.459373171,5.5,139,1000,0.060572304,0.104477612,1.126116595
151521.46,0.46929411,5.5,139,1000,0.060482501,0.105468089,1.126116595
151581.5,0.493940422,5.5,139,1000,0.063893341,0.107506793,1.126116595
151641.57,0.491449603,5.5,139,1000,0.059997374,0.105723239,1.126116595
151701.62,0.49324734,5.5,139,1000,0.060814384,0.107055165,1.080764828
151761.69,0.506383607,5.5,139,1000,0.063477526,0.10566808,1.105577827
151821.74,0.50291685,5.5,139,1000,0.061408711,0.105110159,1.029689983
151881.8,0.538185576,5.5,139,1000,0.060410407,0.109595714,1.181541252
151941.86,0.534177001,5.5,139,1000,0.060769622,0.104386617,1.100035619
152001.93,0.542135198,5.5,139,1000,0.060984897,0.109867591,1.089398337
152062,0.551891471,5.5,139,1000,0.06299317,0.109703337,1.089398337
152122.06,0.523088214,5.5,139,1000,0.062981298,0.109229748,1.089398337
152182.1,0.47416106,5.5,139,1000,0.061677401,0.107724281,1.089398337
152242.13,0.436265573,5.5,139,1000,0.059546703,0.101648819,1.089398337
152302.18,0.442115754,5.5,139,1000,0.06147983,0.102519848,1.089398337
152362.24,0.433900654,5.5,139,1000,0.059957613,0.103607454,1.089398337
152422.3,0.445198641,5.5,139,1000,0.064271063,0.104410751,1.089398337
152482.37,0.471288014,5.5,139,1000,0.063492063,0.10221715,1.089398337
152542.43,0.47983029,5.5,139,1000,0.06049391,0.105592161,1.089398337
152602.47,0.492217901,5.5,139,1000,0.061167685,0.105878424,1.111395507
152662.54,0.489200499,5.5,139,1000,0.060847782,0.104961832,1.037378482
152722.59,0.498816452,5.5,139,1000,0.061111111,0.104691436,1.043906876
152782.66,0.502713511,5.5,139,1000,0.060014046,0.106482226,1.015058286
152842.71,0.515481454,5.5,139,1000,0.061172638,0.105631612,1.039548006
152902.78,0.526059031,5.5,139,1000,0.06518604,0.106501548,1.048506929
152962.84,0.536250386,5.5,139,1000,0.061821984,0.110735554,1.05364485
153022.89,0.559673795,5.5,139,1000,0.062274833,0.111864407,1.129221353
153082.93,0.552577418,5.5,139,1000,0.062483745,0.112895455,1.129221353
153142.96,0.523199692,5.5,139,1000,0.061309679,0.107336746,1.129221353
153203,0.469408192,5.5,139,1000,0.061069736,0.104617372,1.129221353
153263.04,0.458932544,5.5,139,1000,0.060880468,0.104653116,1.129221353
153323.11,0.463837391,5.5,139,1000,0.062571839,0.102265372,1.129221353
153383.17,0.480841549,5.5,139,1000,0.061521253,0.103459584,1.129221353
153443.21,0.483083003,5.5,139,1000,0.059111397,0.104139715,1.129221353
153503.24,0.494905301,5.5,139,1000,0.061468259,0.105526019,1.129221353
153563.31,0.510009717,5.5,139,1000,0.060015438,0.107073329,1.129221353
153623.38,0.528694794,5.5,139,1000,0.06293945,0.111657065,1.180704899
153683.44,0.526382625,5.5,139,1000,0.062300107,0.104717548,1.108520819
153743.51,0.531372396,5.5,139,1000,0.062765957,0.107480254,1.081398922
153803.56,0.546778076,5.5,139,1000,0.065527666,0.108249807,1.113068745
153863.63,0.554623101,5.5,139,1000,0.06277211,0.111446741,1.113068745
153923.67,0.512968185,5.5,139,1000,0.062659406,0.107464607,1.113068745
153983.72,0.460077166,5.5,139,1000,0.064369019,0.103143418,1.113068745
154043.76,0.443311272,5.5,139,1000,0.062616197,0.101606964,1.113068745
154103.8,0.465121452,5.5,139,1000,0.060800446,0.102941176,1.113068745
154163.87,0.459276793,5.5,139,1000,0.061175642,0.10488677,1.113068745
154223.93,0.463652089,5.5,139,1000,0.062254025,0.104383788,1.113068745
154283.98,0.474135302,5.5,139,1000,0.062921026,0.102692246,1.113068745
154344.02,0.514089253,5.5,139,1000,0.062993236,0.105314961,1.113068745
154404.07,0.49823656,5.5,139,1000,0.060344828,0.108496077,0.963449575
154464.11,0.505926674,5.5,139,1000,0.062474368,0.104755886,0.961227383
154524.18,0.526832771,5.5,139,1000,0.062791335,0.106031746,1.034640303
154584.24,0.511172139,5.5,139,1000,0.064596362,0.109257442,0.892377961
154644.31,0.542870337,5.5,139,1000,0.062959989,0.109122863,1.028251367
154704.36,0.536284062,5.5,139,1000,0.059342519,0.109177215,0.940219255
154764.42,0.532974353,5.5,139,1000,0.061017586,0.10959762,0.874636248
154824.49,0.552046752,5.5,139,1000,0.061927189,0.106499261,0.936382736
154884.57,0.581940645,5.5,139,1000,0.061220681,0.109774665,0.936382736
154944.64,0.530655067,5.5,139,1000,0.062881276,0.1088839,0.936382736
155004.7,0.515361404,5.5,139,1000,0.065071276,0.103943218,0.936382736
155064.78,0.454076648,5.5,139,1000,0.06105148,0.103558241,0.936382736
155124.92,0.428276678,5.5,139,1000,0.064653473,0.101318529,0.936382736
155185.04,0.428503651,5.5,139,1000,0.060606061,0.102936036,0.936382736
155245.14,0.445183411,5.5,139,1000,0.061802637,0.104758523,0.936382736
155305.23,0.451056089,5.5,139,1000,0.061551614,0.100568643,0.936382736
155365.35,0.46458635,5.5,139,1000,0.062383746,0.104442184,0.936382736
155425.45,0.470722138,5.5,139,1000,0.061104175,0.103351494,0.936382736
155485.56,0.473182381,5.5,139,1000,0.06195371,0.10517557,0.905202352
155545.62,0.491512838,5.5,139,1000,0.060363106,0.104997558,0.973963721
155605.67,0.491267585,5.5,139,1000,0.061899533,0.10645321,0.923768234
155665.73,0.496737948,5.5,139,1000,0.06136485,0.107943309,0.910800803
155725.8,0.502391908,5.5,139,1000,0.060551171,0.108134437,0.899214431
155785.84,0.516249598,5.5,139,1000,0.063909514,0.111610861,0.93588328
155845.89,0.517561596,5.5,139,1000,0.060907238,0.110229848,0.896703655
155905.95,0.5259739,5.5,139,1000,0.063121372,0.108556233,0.900237613
155966,0.547832875,5.5,139,1000,0.064151718,0.109784828,0.977381758
156026.04,0.556220536,5.5,139,1000,0.061283618,0.110007758,0.977381758
156086.07,0.510605869,5.5,139,1000,0.060455328,0.10745234,0.977381758
156146.14,0.456714089,5.5,139,1000,0.062063062,0.104365278,0.977381758
156206.2,0.419078051,5.5,139,1000,0.059055654,0.102748118,0.977381758
156266.25,0.45359908,5.5,139,1000,0.06309434,0.102405498,0.977381758
156326.33,0.45011294,5.5,139,1000,0.060778128,0.103261788,0.977381758
156386.4,0.445965488,5.5,139,1000,0.062045111,0.102334824,0.977381758
156446.47,0.46401364,5.5,139,1000,0.059167708,0.102510121,0.977381758
156506.52,0.465613689,5.5,139,1000,0.06129367,0.106764605,0.977381758
156566.56,0.470028904,5.5,139,1000,0.06017968,0.104962455,0.956826348
156626.6,0.480600526,5.5,139,1000,0.0625481,0.10496,0.975711714
156686.65,0.483260142,5.5,139,1000,0.062731133,0.107532129,0.943482189
156746.69,0.512654165,5.5,139,1000,0.061673126,0.109359442,1.073447192
156806.74,0.504286415,5.5,139,1000,0.06340097,0.107171001,0.970403577
156866.81,0.522358661,5.5,139,1000,0.061381742,0.107148371,1.027513554
156926.86,0.520098211,5.5,139,1000,0.05926373,0.108835027,0.963127536
156986.9,0.550822912,5.5,139,1000,0.06274795,0.108018154,1.087158267
157046.97,0.542459313,5.5,139,1000,0.062102218,0.108795587,1.087158267
157107.02,0.494376233,5.5,139,1000,0.061995329,0.108068697,1.087158267
157167.08,0.461791172,5.5,139,1000,0.065608056,0.10338593,1.087158267
157227.14,0.414846709,5.5,139,1000,0.063402579,0.1022747,1.087158267
157287.24,0.438903808,5.5,139,1000,0.061460225,0.105424401,1.087158267
157347.3,0.450202032,5.5,139,1000,0.061661044,0.103984621,1.087158267
157407.36,0.457168906,5.5,139,1000,0.061631074,0.104331385,1.087158267
157467.42,0.472848058,5.5,139,1000,0.062622451,0.10552677,1.087158267
157527.5,0.47314023,5.5,139,1000,0.061491161,0.103811434,1.087158267
157587.55,0.481758265,5.5,139,1000,0.062318943,0.104670421,1.086952305
157647.62,0.490782095,5.5,139,1000,0.062504424,0.102422907,1.08827799
157707.68,0.501607901,5.5,139,1000,0.060444681,0.106438896,1.099319621
157767.74,0.501534088,5.5,139,1000,0.063532582,0.106827834,1.043912149
157827.79,0.495176578,5.5,139,1000,0.065750591,0.106645316,0.953445079
157887.85,0.52077945,5.5,139,1000,0.063418353,0.105231051,1.05700945
157947.93,0.526448422,5.5,139,1000,0.059998736,0.109710777,1.036639173
158007.97,0.534519891,5.5,139,1000,0.060417843,0.106392625,1.030453957
158068.03,0.536361929,5.5,139,1000,0.060854636,0.10753176,0.989251952
158128.1,0.544581516,5.5,139,1000,0.063071895,0.108682544,0.985414751
158188.14,0.561961608,5.5,139,1000,0.064243954,0.111314985,0.985414751
158248.2,0.517647343,5.5,139,1000,0.06278693,0.103861518,0.985414751
158308.24,0.463001226,5.5,139,1000,0.062429458,0.104280284,0.985414751
158368.3,0.443825647,5.5,139,1000,0.058283222,0.106284494,0.985414751
158428.37,0.442728091,5.5,139,1000,0.060612358,0.10344237,0.985414751
158488.42,0.451847917,5.5,139,1000,0.059218844,0.105026775,0.985414751
158548.46,0.460596786,5.5,139,1000,0.060999306,0.105423729,0.985414751
158608.52,0.460232415,5.5,139,1000,0.060455964,0.105894275,0.985414751
158668.57,0.491902802,5.5,139,1000,0.063432295,0.109003105,0.985414751
158728.61,0.483891907,5.5,139,1000,0.063512545,0.106942149,0.886885245
158788.65,0.494737109,5.5,139,1000,0.060830959,0.103304509,0.909035916
158848.69,0.499784605,5.5,139,1000,0.062654916,0.106925297,0.894036184
158908.74,0.50625468,5.5,139,1000,0.061725103,0.108108108,0.887922317
158968.8,0.512155289,5.5,139,1000,0.06400278,0.109476067,0.878290244
159028.84,0.53356586,5.5,139,1000,0.062222222,0.10661597,0.957239633
159088.88,0.537737256,5.5,139,1000,0.062565308,0.106022305,0.932740324
159148.94,0.557247586,5.5,139,1000,0.060325253,0.107126849,0.993022023
159208.99,0.571939217,5.5,139,1000,0.062877716,0.111615529,0.993022023
159269.05,0.517364161,5.5,139,1000,0.061196648,0.10904083,0.993022023
159329.15,0.492155242,5.5,139,1000,0.06142722,0.10698217,0.993022023
159389.23,0.464409203,5.5,139,1000,0.060903045,0.103325416,0.993022023
159449.32,0.411030892,5.5,139,1000,0.061804978,0.101993177,0.993022023
159509.37,0.425126045,5.5,139,1000,0.059966885,0.102703684,0.993022023
159569.44,0.417830023,5.5,139,1000,0.062273551,0.100411946,0.993022023
159629.48,0.420978471,5.5,139,1000,0.063194178,0.101911915,0.993022023
159689.51,0.462894741,5.5,139,1000,0.061996779,0.102806957,0.993022023
159749.56,0.455487632,5.5,139,1000,0.060729028,0.1021414,0.993022023
159809.61,0.466265293,5.5,139,1000,0.059348565,0.104927636,1.013529543
159869.68,0.48042085,5.5,139,1000,0.061573224,0.103147141,1.052576225
159929.74,0.484618101,5.5,139,1000,0.061227298,0.105263158,1.026043425
159989.81,0.488582716,5.5,139,1000,0.060877289,0.104089816,0.999184118
160049.88,0.496352221,5.5,139,1000,0.065287219,0.105857673,0.996555956
160109.93,0.500460788,5.5,139,1000,0.062290139,0.105212969,0.971458519
160170,0.50759932,5.5,139,1000,0.061659494,0.104381245,0.965375027
160230.06,0.533175573,5.5,139,1000,0.05881265,0.107114436,1.064581417
160290.12,0.512464358,5.5,139,1000,0.060708802,0.105040109,0.892493509
160350.17,0.546091508,5.5,139,1000,0.060690529,0.11064244,1.038535018
160410.21,0.534205361,5.5,139,1000,0.063881049,0.109822967,0.920589602
160470.25,0.556531051,5.5,139,1000,0.0612541,0.111935586,0.99738801
160530.3,0.565266313,5.5,139,1000,0.058289783,0.109643735,0.99738801
160590.33,0.530741873,5.5,139,1000,0.061576987,0.10547516,0.99738801
160650.37,0.496956244,5.5,139,1000,0.060874783,0.104944179,0.99738801
160710.43,0.448995789,5.5,139,1000,0.063347742,0.102272727,0.99738801
160770.5,0.481673869,5.5,139,1000,0.060999172,0.106368211,0.99738801
160830.59,0.497395908,5.5,139,1000,0.058709677,0.106263792,0.99738801
160890.64,0.483259487,5.5,139,1000,0.060443562,0.105585944,0.99738801
160950.68,0.496406829,5.5,139,1000,0.064168789,0.107101473,0.99738801
161010.72,0.485627105,5.5,139,1000,0.063211925,0.105471848,0.99738801
161070.76,0.510121702,5.5,139,1000,0.064587814,0.106851941,1.095143425
161130.79,0.521489308,5.5,139,1000,0.062905844,0.108605246,1.106504588
161190.82,0.524262902,5.5,139,1000,0.060367454,0.105740181,1.067092878
161250.89,0.541067332,5.5,139,1000,0.062681255,0.107071941,1.108389585
161310.94,0.540955768,5.5,139,1000,0.061048902,0.107895136,1.108389585
161370.98,0.503818044,5.5,139,1000,0.063042261,0.10891251,1.108389585
161431.02,0.46610337,5.5,139,1000,0.060643564,0.102868447,1.108389585
161491.14,0.423099547,5.5,139,1000,0.062780941,0.10187253,1.108389585
161551.21,0.426275334,5.5,139,1000,0.061862383,0.102044293,1.108389585
161611.26,0.442855686,5.5,139,1000,0.059511733,0.105927745,1.108389585
161671.31,0.460951405,5.5,139,1000,0.062718277,0.10777915,1.108389585
161731.38,0.447701587,5.5,139,1000,0.061410846,0.106593782,1.108389585
161791.41,0.472497166,5.5,139,1000,0.063280116,0.103655642,1.108389585
161851.48,0.490557757,5.5,139,1000,0.063519313,0.107567746,1.165503931
161911.53,0.49662447,5.5,139,1000,0.061126648,0.10787172,1.144102104
161971.58,0.497697821,5.5,139,1000,0.062928434,0.109192567,1.093373882
162031.65,0.506351209,5.5,139,1000,0.061958606,0.110152945,1.090417418
162091.72,0.509460545,5.5,139,1000,0.063931034,0.110645161,1.054262231
162151.79,0.530958888,5.5,139,1000,0.060163006,0.11057846,1.125545668
162211.84,0.532205422,5.5,139,1000,0.060883182,0.112084063,1.076303241
162271.88,0.559580943,5.5,139,1000,0.063978495,0.112486292,1.172964001
162331.95,0.557469431,5.5,139,1000,0.061134831,0.110741301,1.172964001
162392.01,0.498616824,5.5,139,1000,0.062600861,0.112577251,1.172964001
162452.08,0.480838149,5.5,139,1000,0.063116371,0.105073059,1.172964001
162512.15,0.439044681,5.5,139,1000,0.0623813,0.10245098,1.172964001
162572.22,0.449816234,5.5,139,1000,0.061672126,0.105749487,1.172964001
162632.26,0.478958743,5.5,139,1000,0.06047665,0.107075553,1.172964001
162692.31,0.455274022,5.5,139,1000,0.060764366,0.105886222,1.172964001
162752.36,0.460405916,5.5,139,1000,0.062925536,0.108880572,1.172964001
162812.42,0.465991017,5.5,139,1000,0.05969956,0.110059172,1.172964001
162872.47,0.498990491,5.5,139,1000,0.061442685,0.106544165,1.319577851
162932.51,0.484824633,5.5,139,1000,0.064499892,0.108726982,1.167199574
162992.56,0.501464389,5.5,139,1000,0.062045725,0.109459032,1.210075649
163052.59,0.510716973,5.5,139,1000,0.062309021,0.108311569,1.204420782
163112.64,0.530786466,5.5,139,1000,0.063011676,0.108570563,1.259832451
163172.72,0.541031608,5.5,139,1000,0.062610983,0.108777194,1.254194522
163232.77,0.535421422,5.5,139,1000,0.063369601,0.110534351,1.160214115
163292.82,0.545148827,5.5,139,1000,0.062955557,0.10776295,1.15621749
163352.86,0.549010254,5.5,139,1000,0.064043976,0.114018978,1.15621749
163412.92,0.503175807,5.5,139,1000,0.063135907,0.110097515,1.15621749
163472.98,0.482497431,5.5,139,1000,0.06189793,0.105329351,1.15621749
163533.06,0.447120772,5.5,139,1000,0.065001921,0.107246377,1.15621749
163593.13,0.461451118,5.5,139,1000,0.06316552,0.107113248,1.15621749
163653.19,0.463041258,5.5,139,1000,0.061450592,0.107804233,1.15621749
163713.25,0.467810341,5.5,139,1000,0.063562348,0.108770211,1.15621749
163773.29,0.462278833,5.5,139,1000,0.064490154,0.11131601,1.15621749
163833.36,0.482112846,5.5,139,1000,0.061897752,0.110458476,1.15621749
163893.42,0.474288643,5.5,139,1000,0.062461559,0.11123723,1.049320258
163953.46,0.495264495,5.5,139,1000,0.063865082,0.112264763,1.126681846
164013.51,0.515586314,5.5,139,1000,0.061903194,0.110747664,1.190986071
164073.57,0.536259347,5.5,139,1000,0.061397363,0.111686275,1.249376288
164133.62,0.514620399,5.5,139,1000,0.063777214,0.116775244,1.063342392
164193.66,0.539135945,5.5,139,1000,0.061254613,0.1146875,1.149789922
164253.73,0.555973108,5.5,139,1000,0.06118105,0.115147783,1.184556936
164313.76,0.546502808,5.5,139,1000,0.064084045,0.114436886,1.184556936
164373.8,0.499380561,5.5,139,1000,0.063731798,0.110903718,1.184556936
164433.86,0.47862268,5.5,139,1000,0.060650396,0.11037302,1.184556936
164493.89,0.434688234,5.5,139,1000,0.066377371,0.108178503,1.184556936
164553.93,0.442645004,5.5,139,1000,0.060411837,0.10477432,1.184556936
164613.98,0.447889666,5.5,139,1000,0.060374833,0.105512841,1.184556936
164674.06,0.449711165,5.5,139,1000,0.063209194,0.106490541,1.184556936
164734.12,0.471522073,5.5,139,1000,0.063194096,0.109268778,1.184556936
164794.18,0.489874686,5.5,139,1000,0.061330984,0.11154105,1.184556936
164854.23,0.480772127,5.5,139,1000,0.063791875,0.11090969,1.069060468
164914.29,0.500069092,5.5,139,1000,0.059997441,0.108277265,1.133666038
164974.34,0.513049418,5.5,139,1000,0.063486545,0.109675386,1.153860433
165034.38,0.508958854,5.5,139,1000,0.061385882,0.113225964,1.072152427
165094.42,0.513906396,5.5,139,1000,0.064173366,0.110627719,1.047566695
165154.47,0.522214243,5.5,139,1000,0.061688521,0.111488049,1.043298734
165214.5,0.524561243,5.5,139,1000,0.062021981,0.109003356,1.004586556
165274.57,0.558648575,5.5,139,1000,0.063501563,0.111702937,1.143232502
165334.61,0.547125311,5.5,139,1000,0.061554872,0.111898658,1.143232502
165394.67,0.49104885,5.5,139,1000,0.060843029,0.111881348,1.143232502
165454.73,0.486141109,5.5,139,1000,0.064525505,0.109820997,1.143232502
165514.79,0.466419294,5.5,139,1000,0.061100075,0.104717883,1.143232502
165574.86,0.445259376,5.5,139,1000,0.0625,0.107526882,1.143232502
165634.93,0.456718527,5.5,139,1000,0.06370282,0.107173139,1.143232502
165695.01,0.450057494,5.5,139,1000,0.061269753,0.105565589,1.143232502
165755.05,0.46779811,5.5,139,1000,0.064720048,0.106528094,1.143232502
165815.09,0.498669275,5.5,139,1000,0.061885443,0.108606892,1.143232502
165875.16,0.491846184,5.5,139,1000,0.063154197,0.109141638,1.143232502
165935.22,0.519981955,5.5,139,1000,0.060586105,0.109836066,1.252955102
165995.29,0.502761769,5.5,139,1000,0.063073552,0.108997922,1.089274333
166055.35,0.514784977,5.5,139,1000,0.059833375,0.109790875,1.105709187
166115.4,0.521980884,5.5,139,1000,0.059594537,0.110307982,1.092068746
166175.47,0.51608062,5.5,139,1000,0.060827707,0.114921977,1.003361392
166235.55,0.541942389,5.5,139,1000,0.065576053,0.111145273,1.099883445
166295.59,0.551813737,5.5,139,1000,0.06302794,0.110578364,1.099883445
166355.64,0.524136081,5.5,139,1000,0.064057912,0.112191235,1.099883445
166415.69,0.497868473,5.5,139,1000,0.061097013,0.109663933,1.099883445
166475.73,0.463904932,5.5,139,1000,0.063949249,0.111130196,1.099883445
166535.8,0.420559042,5.5,139,1000,0.062667461,0.103850642,1.099883445
166595.85,0.448389052,5.5,139,1000,0.059660832,0.105342997,1.099883445
166655.9,0.432822489,5.5,139,1000,0.063586835,0.105078517,1.099883445
166715.95,0.447165171,5.5,139,1000,0.061559026,0.105794702,1.099883445
166776.02,0.468276266,5.5,139,1000,0.060726831,0.109825591,1.099883445
166836.1,0.483918709,5.5,139,1000,0.062343271,0.108032327,1.099883445
166896.13,0.495526766,5.5,139,1000,0.062366628,0.109084825,1.116002573
166956.18,0.488906185,5.5,139,1000,0.064672239,0.106034617,1.019850192
167016.21,0.518557483,5.5,139,1000,0.061423918,0.109099648,1.145498481
167076.28,0.532429556,5.5,139,1000,0.063434903,0.10925955,1.1674227
167136.32,0.516481104,5.5,139,1000,0.062330623,0.11404087,1.017815874
167196.38,0.525572883,5.5,139,1000,0.065310938,0.111593978,1.019275591
167256.5,0.532244293,5.5,139,1000,0.062430831,0.109360936,1.006152934
167316.57,0.561684098,5.5,139,1000,0.063665722,0.111667425,1.117356314
167376.65,0.572089021,5.5,139,1000,0.061897356,0.11107833,1.117356314
167436.69,0.511732119,5.5,139,1000,0.06265012,0.108323133,1.117356314
167496.73,0.488035689,5.5,139,1000,0.061362104,0.108757774,1.117356314
167556.78,0.457113408,5.5,139,1000,0.063170266,0.10673207,1.117356314
167616.83,0.449453781,5.5,139,1000,0.061309031,0.106950067,1.117356314
167676.91,0.463650419,5.5,139,1000,0.062731944,0.10854583,1.117356314
167736.95,0.470276054,5.5,139,1000,0.060380646,0.111473161,1.117356314
167797,0.483662203,5.5,139,1000,0.061441248,0.109451066,1.117356314
167857.06,0.49988622,5.5,139,1000,0.062573626,0.107378235,1.117356314
167917.12,0.49369181,5.5,139,1000,0.064389618,0.108357166,1.024081326
167977.19,0.510609412,5.5,139,1000,0.063554978,0.112794336,1.073957708
168037.24,0.525324432,5.5,139,1000,0.059670276,0.110475282,1.105493123
168097.3,0.533159484,5.5,139,1000,0.062915669,0.112223812,1.094632148
168157.35,0.546486788,5.5,139,1000,0.064316341,0.114003881,1.11396914
168217.4,0.525960873,5.5,139,1000,0.06265168,0.111622202,0.943420761
168277.44,0.560816739,5.5,139,1000,0.0625,0.111111111,1.088751799
168337.5,0.559386841,5.5,139,1000,0.062044697,0.113156307,1.088751799
168397.56,0.523740822,5.5,139,1000,0.06165753,0.110137672,1.088751799
168457.62,0.498309575,5.5,139,1000,0.064199668,0.108713832,1.088751799
168517.67,0.470643505,5.5,139,1000,0.059752342,0.108103507,1.088751799
168577.7,0.446318576,5.5,139,1000,0.064239015,0.106657249,1.088751799
168637.74,0.433911591,5.5,139,1000,0.063398885,0.104818679,1.088751799
168697.78,0.456335913,5.5,139,1000,0.062862109,0.104974214,1.088751799
168757.82,0.448941992,5.5,139,1000,0.063095582,0.105116432,1.088751799
168817.87,0.483738447,5.5,139,1000,0.061211956,0.107392607,1.088751799
168877.92,0.468866861,5.5,139,1000,0.063101004,0.106754161,1.088751799
168937.99,0.475964218,5.5,139,1000,0.062602852,0.106205813,1.079385696
168998.06,0.499510856,5.5,139,1000,0.064069997,0.108155186,1.170276365
169058.11,0.513695358,5.5,139,1000,0.063209741,0.108210129,1.195765761
169118.16,0.500957538,5.5,139,1000,0.062330981,0.109586881,1.060650294
169178.2,0.517889913,5.5,139,1000,0.0610629,0.111499365,1.10734184
169238.23,0.546286867,5.5,139,1000,0.065101612,0.112196659,1.212119366
169298.28,0.546794737,5.5,139,1000,0.062662845,0.10962406,1.212119366
169358.34,0.49238027,5.5,139,1000,0.064843974,0.113109244,1.212119366
169418.41,0.478776168,5.5,139,1000,0.063135443,0.111130405,1.212119366
169478.46,0.433503919,5.5,139,1000,0.063694755,0.106666667,1.212119366
169538.52,0.430799627,5.5,139,1000,0.063314992,0.105688263,1.212119366
169598.58,0.45148642,5.5,139,1000,0.05984833,0.107336719,1.212119366
169658.63,0.439339601,5.5,139,1000,0.06377551,0.103775127,1.212119366
169718.67,0.453115327,5.5,139,1000,0.061280952,0.106222295,1.212119366
169778.73,0.480717449,5.5,139,1000,0.063839091,0.105714748,1.212119366
169838.8,0.485139725,5.5,139,1000,0.062119956,0.107317073,1.178985202
169898.89,0.47757771,5.5,139,1000,0.061770067,0.111036339,1.072905791
169958.93,0.492437605,5.5,139,1000,0.064083351,0.110463233,1.111183115
170018.96,0.510755037,5.5,139,1000,0.065233078,0.112706629,1.165190961
170079.02,0.509238116,5.5,139,1000,0.063725828,0.110097515,1.098008281
170139.06,0.521462015,5.5,139,1000,0.065783853,0.112185074,1.114270011
170199.09,0.500497264,5.5,139,1000,0.06300559,0.112564222,0.935453608
170259.17,0.532128124,5.5,139,1000,0.063237221,0.118229855,1.072527412
170319.22,0.530302187,5.5,139,1000,0.065434634,0.112193637,1.008589184
170379.26,0.526132926,5.5,139,1000,0.062896674,0.114360073,0.934480376
170439.3,0.5524173,5.5,139,1000,0.062068966,0.115968707,1.034005895
170499.38,0.553877995,5.5,139,1000,0.062492181,0.115984556,1.034005895
170559.44,0.547150989,5.5,139,1000,0.063664596,0.115251572,1.034005895
170619.48,0.495549169,5.5,139,1000,0.060453557,0.1101363,1.034005895
170679.52,0.453002363,5.5,139,1000,0.065506729,0.110463179,1.034005895
170739.55,0.460070976,5.5,139,1000,0.063755271,0.110283159,1.034005895
170799.62,0.478981241,5.5,139,1000,0.062597809,0.10813382,1.034005895
170859.69,0.494418875,5.5,139,1000,0.064355043,0.109645638,1.034005895
170919.75,0.479059003,5.5,139,1000,0.062403853,0.109309216,1.034005895
170979.81,0.507260358,5.5,139,1000,0.063351774,0.111802233,1.034005895
171039.88,0.530572671,5.5,139,1000,0.062931492,0.110475012,1.117103205
171099.95,0.524244111,5.5,139,1000,0.065649821,0.111266511,1.025249553
171160,0.54204689,5.5,139,1000,0.065410959,0.113562218,1.0741723
171220.05,0.522324491,5.5,139,1000,0.063756841,0.111543062,0.909273223
171280.1,0.555438594,5.5,139,1000,0.061920468,0.113051332,1.048216674
171340.15,0.576809641,5.5,139,1000,0.065915756,0.11637264,1.048216674
171400.21,0.55992347,5.5,139,1000,0.062515676,0.111621021,1.048216674
171460.28,0.50441585,5.5,139,1000,0.06502759,0.112646633,1.048216674
171520.32,0.46052199,5.5,139,1000,0.062721893,0.110641892,1.048216674
171580.36,0.453739597,5.5,139,1000,0.06577839,0.106480722,1.048216674
171640.4,0.447220573,5.5,139,1000,0.062179442,0.109322034,1.048216674
171700.47,0.470551741,5.5,139,1000,0.061384677,0.109289617,1.048216674
171760.53,0.485646255,5.5,139,1000,0.064355023,0.110798278,1.048216674
171820.59,0.478343004,5.5,139,1000,0.063557257,0.112970711,1.048216674
171880.66,0.491096655,5.5,139,1000,0.06318364,0.110986367,1.048216674
171940.71,0.522194482,5.5,139,1000,0.060175329,0.109079736,1.180003226
172000.76,0.511350472,5.5,139,1000,0.063282617,0.113852604,1.058048426
172060.85,0.526451507,5.5,139,1000,0.062145436,0.11080375,1.092458042
172120.91,0.527489395,5.5,139,1000,0.065646423,0.114887506,1.043743753
172180.98,0.551706245,5.5,139,1000,0.061986838,0.113326177,1.126217503
172241.02,0.549293148,5.5,139,1000,0.059809457,0.113088058,1.126217503
172301.08,0.508926485,5.5,139,1000,0.062820513,0.113044893,1.126217503
172361.12,0.48578852,5.5,139,1000,0.064585886,0.108249881,1.126217503
172421.17,0.43583804,5.5,139,1000,0.065452869,0.106775158,1.126217503
172481.23,0.451464762,5.5,139,1000,0.062218468,0.107694837,1.126217503
172541.3,0.460958735,5.5,139,1000,0.061185856,0.107970419,1.126217503
172601.35,0.47362511,5.5,139,1000,0.061268556,0.108125607,1.126217503
172661.42,0.475367764,5.5,139,1000,0.061975643,0.110100682,1.126217503
172721.45,0.504500764,5.5,139,1000,0.062508438,0.111658456,1.126217503
172781.49,0.484899369,5.5,139,1000,0.062583848,0.114280948,0.951022717
172841.54,0.503060162,5.5,139,1000,0.064386038,0.114536016,1.013776735
172901.61,0.523399808,5.5,139,1000,0.063767343,0.113415218,1.08199546
172961.64,0.533451777,5.5,139,1000,0.062037273,0.113266583,1.084964853
173021.67,0.527483636,5.5,139,1000,0.064269064,0.113071494,0.996964104
173081.75,0.531893388,5.5,139,1000,0.0636517,0.115720524,0.972091584
173141.82,0.555283392,5.5,139,1000,0.065562644,0.113749061,1.052593591
173201.86,0.559868058,5.5,139,1000,0.065012831,0.111686816,1.052593591
173261.9,0.524274568,5.5,139,1000,0.062855254,0.10814005,1.052593591
173321.96,0.482104125,5.5,139,1000,0.064405569,0.10632005,1.052593591
173382.02,0.429770042,5.5,139,1000,0.064474776,0.108408974,1.052593591
173442.06,0.439347652,5.5,139,1000,0.062380243,0.106783076,1.052593591
173502.11,0.458317338,5.5,139,1000,0.064211451,0.110222531,1.052593591
173562.16,0.46042848,5.5,139,1000,0.06503707,0.111691932,1.052593591
173622.22,0.48893849,5.5,139,1000,0.061194528,0.11154367,1.052593591
173682.27,0.485736936,5.5,139,1000,0.063799487,0.110387496,1.052593591
173742.33,0.484475803,5.5,139,1000,0.066631807,0.109519261,0.992164795
173802.41,0.50842846,5.5,139,1000,0.064911032,0.111254434,1.087327645
173862.44,0.49817102,5.5,139,1000,0.062662143,0.110502426,0.971818002
173922.49,0.512633055,5.5,139,1000,0.063606381,0.110885205,1.009077697
173982.56,0.522768025,5.5,139,1000,0.06298697,0.110974106,1.017356382
174042.64,0.535816201,5.5,139,1000,0.063022216,0.110043537,1.040448684
174102.67,0.544868076,5.5,139,1000,0.062468386,0.113984823,1.038683779
174162.71,0.541201754,5.5,139,1000,0.062877487,0.111029412,1.038683779
174222.75,0.504550926,5.5,139,1000,0.06338827,0.111830393,1.038683779
174282.82,0.455366539,5.5,139,1000,0.06509448,0.108220086,1.038683779
174342.88,0.415413094,5.5,139,1000,0.061904762,0.105154284,1.038683779
174402.93,0.429510518,5.5,139,1000,0.062381161,0.104347826,1.038683779
174462.96,0.434472394,5.5,139,1000,0.066618624,0.106648199,1.038683779
174523,0.443524137,5.5,139,1000,0.062731163,0.107430925,1.038683779
174583.07,0.460252595,5.5,139,1000,0.064162406,0.108425414,1.038683779
174643.13,0.473363182,5.5,139,1000,0.060973134,0.105684417,1.038683779
174703.21,0.44837634,5.5,139,1000,0.063199426,0.106151599,0.824059598
174763.27,0.479280198,5.5,139,1000,0.061250333,0.105760151,0.982814022
174823.33,0.481261215,5.5,139,1000,0.064603537,0.108129692,0.946047715
174883.4,0.504605164,5.5,139,1000,0.065987989,0.10938501,1.04084357
174943.46,0.519405988,5.5,139,1000,0.061542457,0.113452989,1.075530068
175003.51,0.523718866,5.5,139,1000,0.063328424,0.112241602,1.046561152
175063.55,0.511246583,5.5,139,1000,0.06294075,0.110551974,0.921924093
175123.62,0.531071945,5.5,139,1000,0.06346256,0.11080375,0.989964322
175183.7,0.533768858,5.5,139,1000,0.064934184,0.111400951,0.955662284
175243.74,0.56953389,5.5,139,1000,0.063428238,0.111707018,1.102445352
175303.79,0.550374101,5.5,139,1000,0.06396064,0.114904896,1.102445352
175363.83,0.538866021,5.5,139,1000,0.063889432,0.112880562,1.102445352
175423.88,0.504257674,5.5,139,1000,0.062579056,0.112823062,1.102445352
175483.93,0.490929917,5.5,139,1000,0.063115827,0.108406362,1.102445352
175543.99,0.44879077,5.5,139,1000,0.06227209,0.108192729,1.102445352
175604.06,0.456944517,5.5,139,1000,0.060136433,0.109350514,1.102445352
175664.1,0.460452959,5.5,139,1000,0.062828694,0.112099644,1.102445352
175724.14,0.482114832,5.5,139,1000,0.062335867,0.11021097,1.102445352
175784.18,0.460737882,5.5,139,1000,0.062768463,0.107391234,1.102445352
175844.23,0.495375885,5.5,139,1000,0.061552656,0.107239031,1.102445352
175904.29,0.492403387,5.5,139,1000,0.064486379,0.111424308,1.029267386
175964.36,0.496247155,5.5,139,1000,0.061800677,0.110234953,1.001131497
176024.4,0.518790678,5.5,139,1000,0.06257814,0.112063389,1.084354077
176084.44,0.527984135,5.5,139,1000,0.063960973,0.10775217,1.082833629
176144.51,0.51557035,5.5,139,1000,0.061138052,0.113001405,0.957314529
176204.58,0.542156128,5.5,139,1000,0.063296,0.114707282,1.060289572
176264.65,0.540880738,5.5,139,1000,0.064412344,0.112545565,1.060289572
176324.71,0.538686188,5.5,139,1000,0.064533477,0.112490303,1.060289572
176384.77,0.481103224,5.5,139,1000,0.065314835,0.110090264,1.060289572
176444.83,0.479314274,5.5,139,1000,0.063861386,0.106342695,1.060289572
176504.89,0.434944928,5.5,139,1000,0.061265368,0.106635071,1.060289572
176564.93,0.447735579,5.5,139,1000,0.063525791,0.104142787,1.060289572
176624.96,0.451836275,5.5,139,1000,0.064941882,0.106633499,1.060289572
176685.01,0.45871401,5.5,139,1000,0.061194331,0.106445793,1.060289572
176745.04,0.487093297,5.5,139,1000,0.065528552,0.10877193,1.060289572
176805.08,0.463339057,5.5,139,1000,0.064887418,0.109802621,1.060289572
176865.14,0.499587845,5.5,139,1000,0.063717561,0.108608206,1.233248164
176925.18,0.502412469,5.5,139,1000,0.061372778,0.11023751,1.188499715
176985.23,0.513892884,5.5,139,1000,0.06162302,0.113016495,1.196854967
177045.27,0.504351003,5.5,139,1000,0.065202183,0.111059044,1.080785058
177105.32,0.526933644,5.5,139,1000,0.063626723,0.116356383,1.158152309
177165.35,0.520840798,5.5,139,1000,0.063953101,0.110907983,1.065354085
177225.42,0.536476963,5.5,139,1000,0.063988974,0.112650327,1.100823973
177285.47,0.545054176,5.5,139,1000,0.062609457,0.113219001,1.093367492
177345.54,0.563871383,5.5,139,1000,0.064617603,0.114064399,1.093367492
177405.6,0.531865471,5.5,139,1000,0.062009223,0.110890787,1.093367492
177465.66,0.4888151,5.5,139,1000,0.063144242,0.110282193,1.093367492
177525.71,0.469468611,5.5,139,1000,0.062105969,0.108969123,1.093367492
177585.78,0.440124805,5.5,139,1000,0.062277833,0.106737711,1.093367492
177645.84,0.460844445,5.5,139,1000,0.060369415,0.106762788,1.093367492
177705.88,0.44221078,5.5,139,1000,0.062655572,0.106379426,1.093367492
177765.94,0.4462808,5.5,139,1000,0.064729867,0.107356858,1.093367492
177825.99,0.463437084,5.5,139,1000,0.061511542,0.10506389,1.093367492
177886.03,0.478152799,5.5,139,1000,0.062834408,0.110096314,1.093367492
177946.1,0.48977037,5.5,139,1000,0.06302578,0.109962252,1.110718027
178006.14,0.475872327,5.5,139,1000,0.06240416,0.111513754,0.968820974
178066.18,0.491950818,5.5,139,1000,0.062833232,0.109811977,1.020067378
178126.25,0.499024985,5.5,139,1000,0.062533262,0.108809085,1.011896259
178186.32,0.514289465,5.5,139,1000,0.065461172,0.110492969,1.051691758
178246.38,0.535986258,5.5,139,1000,0.062428041,0.11520962,1.123073928
178306.46,0.523574071,5.5,139,1000,0.062753167,0.110642782,0.996630201
178366.54,0.549023245,5.5,139,1000,0.064607668,0.116185897,1.0891855
178426.62,0.549191842,5.5,139,1000,0.062391681,0.113749811,1.0891855
178486.68,0.510183007,5.5,139,1000,0.063846506,0.114160948,1.0891855
178546.74,0.485704453,5.5,139,1000,0.065108396,0.111342518,1.0891855
178606.79,0.47933217,5.5,139,1000,0.065967671,0.11178996,1.0891855
178666.85,0.440149218,5.5,139,1000,0.066103534,0.105917454,1.0891855
178726.89,0.444579157,5.5,139,1000,0.063851624,0.109415195,1.0891855
178786.96,0.462123984,5.5,139,1000,0.065625469,0.111053985,1.0891855
178847,0.443595838,5.5,139,1000,0.064368981,0.108889623,1.0891855
178907.06,0.493601478,5.5,139,1000,0.062877788,0.110778443,1.0891855
178967.11,0.481010922,5.5,139,1000,0.06056734,0.109653385,1.0891855
179027.15,0.497151075,5.5,139,1000,0.060571062,0.111256759,1.133738152
179087.22,0.509133814,5.5,139,1000,0.065648523,0.108541474,1.148502017
179147.29,0.5285461,5.5,139,1000,0.061408596,0.110140406,1.203334372
179207.34,0.519726387,5.5,139,1000,0.065999574,0.114058777,1.092685049
179267.41,0.521036357,5.5,139,1000,0.066245614,0.110515341,1.045602779
179327.46,0.534445969,5.5,139,1000,0.063003805,0.115451252,1.069555089
179387.52,0.557369074,5.5,139,1000,0.065766609,0.114103149,1.142068314
179447.56,0.563479811,5.5,139,1000,0.062605647,0.116587094,1.142068314
179507.61,0.546838398,5.5,139,1000,0.061866437,0.113438312,1.142068314
179567.65,0.503052759,5.5,139,1000,0.0658084,0.112987013,1.142068314
179627.71,0.476118912,5.5,139,1000,0.063807458,0.11120332,1.142068314
179687.78,0.443407103,5.5,139,1000,0.063201633,0.105878479,1.142068314
179747.85,0.436188814,5.5,139,1000,0.064552155,0.109137489,1.142068314
179807.89,0.454958969,5.5,139,1000,0.066295351,0.110533611,1.142068314
179867.93,0.454209103,5.5,139,1000,0.063282984,0.111111111,1.142068314
179927.97,0.454588646,5.5,139,1000,0.063044843,0.108824498,1.142068314
179988.06,0.473867011,5.5,139,1000,0.06326559,0.111912752,1.142068314
180048.12,0.491040249,5.5,139,1000,0.066155678,0.108805031,1.191763046
180108.22,0.492019486,5.5,139,1000,0.064250528,0.109660164,1.138151566
180168.31,0.517040449,5.5,139,1000,0.063861758,0.108933807,1.230052351
180228.38,0.528998229,5.5,139,1000,0.066764706,0.112838596,1.237141657
180288.46,0.518002956,5.5,139,1000,0.0625,0.111885945,1.112272169
180348.53,0.531823068,5.5,139,1000,0.06532042,0.115041428,1.135648279
180408.59,0.543561071,5.5,139,1000,0.064918431,0.111984283,1.144359503
180468.64,0.551201543,5.5,139,1000,0.063763203,0.112209738,1.144359503
180528.69,0.53713043,5.5,139,1000,0.065309759,0.114159571,1.144359503
180588.75,0.48142666,5.5,139,1000,0.062245918,0.109200891,1.144359503
180648.81,0.456900705,5.5,139,1000,0.064490446,0.108588351,1.144359503
180708.87,0.488450131,5.5,139,1000,0.06585814,0.11191885,1.144359503
180768.92,0.482329597,5.5,139,1000,0.064238924,0.112104653,1.144359503
180828.98,0.500393015,5.5,139,1000,0.067329248,0.111851731,1.144359503
180889.04,0.491924826,5.5,139,1000,0.060655226,0.113272311,1.144359503
180949.07,0.503579845,5.5,139,1000,0.062677874,0.112626344,1.144359503
181009.12,0.502473512,5.5,139,1000,0.062250547,0.112104108,1.080543466
181069.18,0.523802385,5.5,139,1000,0.064849624,0.116116442,1.151230969
181129.24,0.551596159,5.5,139,1000,0.062985607,0.114438,1.248774513
181189.29,0.536726831,5.5,139,1000,0.064844374,0.111759425,1.104355053
181249.35,0.574549374,5.5,139,1000,0.06245757,0.110595065,1.253427599
181309.41,0.568034925,5.5,139,1000,0.063960874,0.111544012,1.253427599
181369.47,0.505999413,5.5,139,1000,0.061387735,0.113564168,1.253427599
181429.5,0.483142278,5.5,139,1000,0.063018919,0.10880829,1.253427599
181489.57,0.456933771,5.5,139,1000,0.064099837,0.107027202,1.253427599
181549.64,0.486007939,5.5,139,1000,0.064958499,0.111375616,1.253427599
181609.7,0.495527991,5.5,139,1000,0.063329437,0.113171905,1.253427599
181669.74,0.482317615,5.5,139,1000,0.064996807,0.110317975,1.253427599
181729.8,0.508263767,5.5,139,1000,0.063175056,0.111218258,1.253427599
181789.88,0.50630151,5.5,139,1000,0.063183475,0.108859205,1.253427599
181849.94,0.521488193,5.5,139,1000,0.062568748,0.111128453,1.279419036
181909.99,0.530640316,5.5,139,1000,0.064267352,0.110090338,1.26764145
181970.07,0.52556966,5.5,139,1000,0.060850801,0.110237411,1.175454334
182030.11,0.552824349,5.5,139,1000,0.062810233,0.114040562,1.268354351
182090.15,0.561067146,5.5,139,1000,0.064260966,0.111376174,1.268354351
182150.2,0.513743665,5.5,139,1000,0.06722323,0.114347179,1.268354351
182210.26,0.503708935,5.5,139,1000,0.06246218,0.114157613,1.268354351
182270.32,0.440738312,5.5,139,1000,0.061980875,0.105473299,1.268354351
182330.36,0.453048496,5.5,139,1000,0.06097312,0.107069672,1.268354351
182390.39,0.461926019,5.5,139,1000,0.065628561,0.108531132,1.268354351
182450.46,0.471363317,5.5,139,1000,0.06439863,0.109066121,1.268354351
182510.53,0.480485799,5.5,139,1000,0.062890029,0.109760216,1.268354351
182570.6,0.488494866,5.5,139,1000,0.062138534,0.108406362,1.268354351
182630.65,0.504525591,5.5,139,1000,0.06415836,0.110028085,1.268354351
182690.72,0.497237436,5.5,139,1000,0.063097387,0.109863673,1.16128389
182750.76,0.509728056,5.5,139,1000,0.061496478,0.111844223,1.177648828
182810.83,0.519956012,5.5,139,1000,0.063240326,0.112248161,1.178366953
182870.87,0.534313601,5.5,139,1000,0.062408921,0.112765283,1.201164759
182930.93,0.557396784,5.5,139,1000,0.061791523,0.112416886,1.267989757
182990.97,0.548190184,5.5,139,1000,0.065244918,0.109530792,1.267989757
183051,0.525435231,5.5,139,1000,0.062974601,0.110639635,1.267989757
183111.04,0.521961414,5.5,139,1000,0.061588642,0.108702433,1.267989757
183171.09,0.531490398,5.5,139,1000,0.063220676,0.110780785,1.267989757
183231.13,0.53238339,5.5,139,1000,0.065729985,0.112610442,1.267989757
183291.18,0.529454557,5.5,139,1000,0.065636277,0.114249843,1.267989757
183351.22,0.569602757,5.5,139,1000,0.062480494,0.11167741,1.267989757
183411.29,0.577217875,5.5,139,1000,0.061050277,0.113609291,1.267989757